<?xml version="1.0" encoding="UTF-8"?>
<billStatus>
  <bill>
    <createDate>2015-01-28T04:46:18Z</createDate>
    <introducedDate>2015-01-27</introducedDate>
    <cosponsors />
    <calendarNumbers />
    <policyArea>
      <name>Congress</name>
    </policyArea>
    <billType>HRES</billType>
    <summaries>
      <billSummaries>
        <item>
          <text><![CDATA[<p>Provides amounts for expenses of the House Committee on Ethics for the 114th Congress. </p>]]></text>
          <lastSummaryUpdateDate>2015-01-29T20:11:21Z</lastSummaryUpdateDate>
          <actionDesc>Introduced in House</actionDesc>
          <versionCode>00</versionCode>
          <updateDate>2015-01-27T05:00:00Z</updateDate>
          <name>Introduced in House</name>
          <actionDate>2015-01-27</actionDate>
        </item>
      </billSummaries>
    </summaries>
    <notes />
    <congress>114</congress>
    <recordedVotes />
    <sponsors>
      <item>
        <party>R</party>
        <middleName>W.</middleName>
        <lastName>Dent</lastName>
        <fullName>Rep. Dent, Charles W. [R-PA-15]</fullName>
        <bioguideId>D000604</bioguideId>
        <state>PA</state>
        <byRequestType />
        <district>15</district>
        <identifiers>
          <bioguideId>D000604</bioguideId>
          <gpoId>8133</gpoId>
          <lisID>1799</lisID>
        </identifiers>
        <firstName>Charles</firstName>
      </item>
    </sponsors>
    <titles>
      <item>
        <title>Providing amounts for the expenses of the Committee on Ethics in the One Hundred Fourteenth Congress.</title>
        <parentTitleType />
        <chamberName />
        <titleType>Official Title as Introduced</titleType>
        <chamberCode />
      </item>
      <item>
        <title>Providing amounts for the expenses of the Committee on Ethics in the One Hundred Fourteenth Congress.</title>
        <parentTitleType />
        <chamberName />
        <titleType>Display Title</titleType>
        <chamberCode />
      </item>
    </titles>
    <billNumber>55</billNumber>
    <relatedBills />
    <subjects>
      <billSubjects>
        <legislativeSubjects>
          <item>
            <name>Congressional committees</name>
          </item>
          <item>
            <name>House Committee on Ethics</name>
          </item>
        </legislativeSubjects>
        <policyArea>
          <name>Congress</name>
        </policyArea>
      </billSubjects>
    </subjects>
    <amendments />
    <originChamber>House</originChamber>
    <updateDate>2017-01-11T14:29:48Z</updateDate>
    <latestAction>
      <actionDate>2015-01-27</actionDate>
      <links />
      <text>Referred to the House Committee on House Administration.</text>
    </latestAction>
    <committees>
      <billCommittees>
        <item>
          <subcommittees />
          <name>House Administration Committee</name>
          <systemCode>hsha00</systemCode>
          <type>Standing</type>
          <activities>
            <item>
              <date>2015-01-27T17:02:45Z</date>
              <name>Referred to</name>
            </item>
          </activities>
          <chamber>House</chamber>
        </item>
      </billCommittees>
    </committees>
    <committeeReports />
    <constitutionalAuthorityStatementText />
    <actions>
      <actionByCounts>
        <houseOfRepresentatives>3</houseOfRepresentatives>
      </actionByCounts>
      <item>
        <committee>
          <systemCode>hsha00</systemCode>
          <name>House Administration Committee</name>
        </committee>
        <actionCode>H11100</actionCode>
        <type>IntroReferral</type>
        <text>Referred to the House Committee on House Administration.</text>
        <actionDate>2015-01-27</actionDate>
        <sourceSystem>
          <name>House floor actions</name>
          <code>2</code>
        </sourceSystem>
        <links />
      </item>
      <item>
        <committee />
        <actionCode>Intro-H</actionCode>
        <type>IntroReferral</type>
        <text>Introduced in House</text>
        <actionDate>2015-01-27</actionDate>
        <sourceSystem>
          <name>Library of Congress</name>
          <code>9</code>
        </sourceSystem>
        <links />
      </item>
      <item>
        <committee />
        <actionCode>1000</actionCode>
        <type>IntroReferral</type>
        <text>Introduced in House</text>
        <actionDate>2015-01-27</actionDate>
        <sourceSystem>
          <name>Library of Congress</name>
          <code>9</code>
        </sourceSystem>
        <links />
      </item>
      <actionTypeCounts>
        <billReferrals>1</billReferrals>
        <introducedInHouse>1</introducedInHouse>
        <introducedInTheHouse>1</introducedInTheHouse>
      </actionTypeCounts>
    </actions>
    <laws />
    <cboCostEstimates />
    <title>Providing amounts for the expenses of the Committee on Ethics in the One Hundred Fourteenth Congress.</title>
  </bill>
  <dublinCore xmlns:dc="http://purl.org/dc/elements/1.1/">
    <dc:format>text/xml</dc:format>
    <dc:language>EN</dc:language>
    <dc:rights>Pursuant to Title 17 Section 105 of the United States Code, this file is not subject to copyright protection and is in the public domain.</dc:rights>
    <dc:contributor>Congressional Research Service, Library of Congress</dc:contributor>
    <dc:description>This file contains bill summaries and statuses for federal legislation. A bill summary describes the most significant provisions of a piece of legislation and details the effects the legislative text may have on current law and federal programs. Bill summaries are authored by the Congressional Research Service (CRS) of the Library of Congress. As stated in Public Law 91-510 (2 USC 166 (d)(6)), one of the duties of CRS is "to prepare summaries and digests of bills and resolutions of a public general nature introduced in the Senate or House of Representatives". For more information, refer to the User Guide that accompanies this file.</dc:description>
  </dublinCore>
</billStatus>

