<?xml version="1.0" encoding="UTF-8"?>
<billStatus>
  <bill>
    <congress>114</congress>
    <calendarNumbers />
    <cboCostEstimates />
    <actions>
      <actionByCounts>
        <houseOfRepresentatives>4</houseOfRepresentatives>
      </actionByCounts>
      <item>
        <actionDate>2015-02-27</actionDate>
        <committee>
          <systemCode>hsif03</systemCode>
          <name>Energy and Power Subcommittee</name>
        </committee>
        <links />
        <sourceSystem>
          <code>1</code>
          <name>House committee actions</name>
        </sourceSystem>
        <text>Referred to the Subcommittee on Energy and Power.</text>
        <type>Committee</type>
      </item>
      <item>
        <sourceSystem>
          <code>2</code>
          <name>House floor actions</name>
        </sourceSystem>
        <type>IntroReferral</type>
        <text>Referred to the House Committee on Energy and Commerce.</text>
        <committee>
          <systemCode>hsif00</systemCode>
          <name>Energy and Commerce Committee</name>
        </committee>
        <links />
        <actionDate>2015-02-25</actionDate>
        <actionCode>H11100</actionCode>
      </item>
      <item>
        <sourceSystem>
          <code>9</code>
          <name>Library of Congress</name>
        </sourceSystem>
        <type>IntroReferral</type>
        <text>Introduced in House</text>
        <committee />
        <links />
        <actionDate>2015-02-25</actionDate>
        <actionCode>Intro-H</actionCode>
      </item>
      <item>
        <sourceSystem>
          <code>9</code>
          <name>Library of Congress</name>
        </sourceSystem>
        <type>IntroReferral</type>
        <text>Introduced in House</text>
        <committee />
        <links />
        <actionDate>2015-02-25</actionDate>
        <actionCode>1000</actionCode>
      </item>
      <actionTypeCounts>
        <placeholderTextForH>1</placeholderTextForH>
        <billReferrals>1</billReferrals>
        <introducedInTheHouse>1</introducedInTheHouse>
        <introducedInHouse>1</introducedInHouse>
      </actionTypeCounts>
    </actions>
    <relatedBills>
      <item>
        <number>136</number>
        <type>HRES</type>
        <latestTitle>Recognizing Linemen, the profession of Linemen, and the contributions of these brave men and women to protect public safety, and expressing support of designation of April 18, 2015, as National Lineman Appreciation Day.</latestTitle>
        <latestAction>
          <actionDate>2015-03-06</actionDate>
          <text>Referred to the Subcommittee on Energy and Power.</text>
        </latestAction>
        <relationshipDetails>
          <item>
            <identifiedBy>CRS</identifiedBy>
            <type>Identical bill</type>
          </item>
        </relationshipDetails>
        <congress>114</congress>
      </item>
      <item>
        <number>117</number>
        <type>SRES</type>
        <latestTitle>A resolution recognizing linemen, the profession of linemen, the contributions of these brave men and women who protect public safety, and expressing support for the designation of March 31, 2015, as National Lineman Appreciation Day.</latestTitle>
        <latestAction>
          <actionDate>2015-03-26</actionDate>
          <text>Referred to the Committee on Energy and Natural Resources. (text of measure as introduced: CR S2052)</text>
        </latestAction>
        <relationshipDetails>
          <item>
            <identifiedBy>CRS</identifiedBy>
            <type>Identical bill</type>
          </item>
        </relationshipDetails>
        <congress>114</congress>
      </item>
      <item>
        <number>685</number>
        <type>HRES</type>
        <latestTitle>Recognizing Linemen, the profession of Linemen, and the contributions of these brave men and women to protect public safety, and expressing support of designation of April 18, 2016, as National Lineman Appreciation Day.</latestTitle>
        <latestAction>
          <actionDate>2016-04-22</actionDate>
          <text>Referred to the Subcommittee on Energy and Power.</text>
        </latestAction>
        <relationshipDetails>
          <item>
            <identifiedBy>CRS</identifiedBy>
            <type>Identical bill</type>
          </item>
        </relationshipDetails>
        <congress>114</congress>
      </item>
      <item>
        <number>433</number>
        <type>SRES</type>
        <latestTitle>A resolution recognizing linemen, the profession of linemen, and the contributions of these brave men and women who protect public safety, and expressing support for the designation of April 18, 2016, as "National Lineman Appreciation Day".</latestTitle>
        <latestAction>
          <actionDate>2016-04-20</actionDate>
          <text>Submitted in the Senate, considered, and agreed to without amendment and with a preamble by Unanimous Consent. (consideration: CR S2350)</text>
        </latestAction>
        <relationshipDetails>
          <item>
            <identifiedBy>CRS</identifiedBy>
            <type>Identical bill</type>
          </item>
        </relationshipDetails>
        <congress>114</congress>
      </item>
      <item>
        <number>674</number>
        <type>HRES</type>
        <latestTitle>Recognizing linemen, the profession of linemen, the contributions of these brave men and women who protect public safety, and expressing support for the designation of April 18, 2016, as National Lineman Appreciation Day.</latestTitle>
        <latestAction>
          <actionDate>2016-04-15</actionDate>
          <text>Referred to the Subcommittee on Energy and Power.</text>
        </latestAction>
        <relationshipDetails>
          <item>
            <identifiedBy>CRS</identifiedBy>
            <type>Identical bill</type>
          </item>
        </relationshipDetails>
        <congress>114</congress>
      </item>
    </relatedBills>
    <latestAction>
      <text>Referred to the Subcommittee on Energy and Power.</text>
      <links />
      <actionDate>2015-02-27</actionDate>
    </latestAction>
    <originChamber>House</originChamber>
    <title>Recognizing linemen, the profession of linemen, the contributions of these brave men and women who protect public safety, and expressing support for the designation of March 31, 2015, as National Lineman Appreciation Day.</title>
    <titles>
      <item>
        <chamberName />
        <title>Recognizing linemen, the profession of linemen, the contributions of these brave men and women who protect public safety, and expressing support for the designation of March 31, 2015, as National Lineman Appreciation Day.</title>
        <titleType>Official Title as Introduced</titleType>
        <parentTitleType />
        <chamberCode />
      </item>
      <item>
        <chamberName />
        <title>Recognizing linemen, the profession of linemen, the contributions of these brave men and women who protect public safety, and expressing support for the designation of March 31, 2015, as National Lineman Appreciation Day.</title>
        <titleType>Display Title</titleType>
        <parentTitleType />
        <chamberCode />
      </item>
    </titles>
    <committeeReports />
    <updateDate>2017-01-11T14:30:07Z</updateDate>
    <billType>HRES</billType>
    <recordedVotes />
    <subjects>
      <billSubjects>
        <legislativeSubjects>
          <item>
            <name>Commemorative events and holidays</name>
          </item>
          <item>
            <name>Congressional tributes</name>
          </item>
          <item>
            <name>Electric power generation and transmission</name>
          </item>
          <item>
            <name>Worker safety and health</name>
          </item>
        </legislativeSubjects>
        <policyArea>
          <name>Energy</name>
        </policyArea>
      </billSubjects>
    </subjects>
    <policyArea>
      <name>Energy</name>
    </policyArea>
    <laws />
    <amendments />
    <committees>
      <billCommittees>
        <item>
          <type>Standing</type>
          <chamber>House</chamber>
          <activities>
            <item>
              <date>2015-02-25T15:03:35Z</date>
              <name>Referred to</name>
            </item>
          </activities>
          <subcommittees>
            <item>
              <activities>
                <item>
                  <date>2015-02-27T15:01:22Z</date>
                  <name>Referred to</name>
                </item>
              </activities>
              <systemCode>hsif03</systemCode>
              <name>Energy and Power Subcommittee</name>
            </item>
          </subcommittees>
          <systemCode>hsif00</systemCode>
          <name>Energy and Commerce Committee</name>
        </item>
      </billCommittees>
    </committees>
    <sponsors>
      <item>
        <identifiers>
          <lisID>2059</lisID>
          <gpoId>8145</gpoId>
          <bioguideId>M001182</bioguideId>
        </identifiers>
        <state>SC</state>
        <bioguideId>M001182</bioguideId>
        <lastName>Mulvaney</lastName>
        <middleName />
        <party>R</party>
        <district>5</district>
        <fullName>Rep. Mulvaney, Mick [R-SC-5]</fullName>
        <byRequestType />
        <firstName>Mick</firstName>
      </item>
    </sponsors>
    <introducedDate>2015-02-25</introducedDate>
    <summaries>
      <billSummaries>
        <item>
          <actionDate>2015-02-25</actionDate>
          <lastSummaryUpdateDate>2015-04-27T20:16:52Z</lastSummaryUpdateDate>
          <name>Introduced in House</name>
          <text><![CDATA[<p>Recognizes the efforts of linemen in keeping the electrical power on and protecting public safety.</p> <p> Expresses support for the designation of National Lineman Appreciation Day.</p>]]></text>
          <actionDesc>Introduced in House</actionDesc>
          <updateDate>2015-02-25T05:00:00Z</updateDate>
          <versionCode>00</versionCode>
        </item>
      </billSummaries>
    </summaries>
    <notes />
    <createDate>2015-02-26T06:14:48Z</createDate>
    <billNumber>127</billNumber>
    <cosponsors />
    <constitutionalAuthorityStatementText />
  </bill>
  <dublinCore xmlns:dc="http://purl.org/dc/elements/1.1/">
    <dc:format>text/xml</dc:format>
    <dc:language>EN</dc:language>
    <dc:rights>Pursuant to Title 17 Section 105 of the United States Code, this file is not subject to copyright protection and is in the public domain.</dc:rights>
    <dc:contributor>Congressional Research Service, Library of Congress</dc:contributor>
    <dc:description>This file contains bill summaries and statuses for federal legislation. A bill summary describes the most significant provisions of a piece of legislation and details the effects the legislative text may have on current law and federal programs. Bill summaries are authored by the Congressional Research Service (CRS) of the Library of Congress. As stated in Public Law 91-510 (2 USC 166 (d)(6)), one of the duties of CRS is "to prepare summaries and digests of bills and resolutions of a public general nature introduced in the Senate or House of Representatives". For more information, refer to the User Guide that accompanies this file.</dc:description>
  </dublinCore>
</billStatus>

