<?xml version="1.0" encoding="UTF-8"?>
<billStatus>
  <bill>
    <actions>
      <actionTypeCounts>
        <generalDebate>2</generalDebate>
        <considerationByHouse>2</considerationByHouse>
        <motionForPreviousQuestion>1</motionForPreviousQuestion>
        <introducedInHouse>1</introducedInHouse>
        <motionToReconsiderResults>1</motionToReconsiderResults>
        <passedAgreedToInHouse>1</passedAgreedToInHouse>
        <provisionsOfARule>1</provisionsOfARule>
        <passageOfAMeasure>1</passageOfAMeasure>
        <committeeReportOfAnOriginalMeasure>1</committeeReportOfAnOriginalMeasure>
        <houseCalendarAssignment>1</houseCalendarAssignment>
        <reportedToHouse>1</reportedToHouse>
      </actionTypeCounts>
      <item>
        <actionCode>H38310</actionCode>
        <committee />
        <type>Floor</type>
        <links />
        <text>Motion to reconsider laid on the table Agreed to without objection.</text>
        <sourceSystem>
          <code>2</code>
          <name>House floor actions</name>
        </sourceSystem>
        <actionTime>18:02:16</actionTime>
        <actionDate>2015-07-09</actionDate>
      </item>
      <item>
        <actionCode>H37100</actionCode>
        <committee />
        <type>Floor</type>
        <links>
          <link>
            <url>https://www.congress.gov/congressional-record/volume-161/house-section/page/H4976-4977</url>
            <name>H4976-4977</name>
          </link>
          <link>
            <url>http://clerk.house.gov/evs/2015/roll430.xml</url>
            <name>Roll no. 430</name>
          </link>
        </links>
        <text>On agreeing to the resolution Agreed to by recorded vote: 244 - 183 (Roll no. 430). (text: CR H4976-4977)</text>
        <sourceSystem>
          <code>2</code>
          <name>House floor actions</name>
        </sourceSystem>
        <actionTime>18:02:15</actionTime>
        <actionDate>2015-07-09</actionDate>
      </item>
      <item>
        <actionCode>8000</actionCode>
        <committee />
        <type>Floor</type>
        <links>
          <link>
            <url>https://www.congress.gov/congressional-record/volume-161/house-section/page/H4976-4977</url>
            <name>H4976-4977</name>
          </link>
          <link>
            <url>http://clerk.house.gov/evs/2015/roll430.xml</url>
            <name>Roll no. 430</name>
          </link>
        </links>
        <text>Passed/agreed to in House: On agreeing to the resolution Agreed to by recorded vote: 244 - 183 (Roll no. 430).(text: CR H4976-4977)</text>
        <sourceSystem>
          <code>9</code>
          <name>Library of Congress</name>
        </sourceSystem>
        <actionTime>18:02:15</actionTime>
        <actionDate>2015-07-09</actionDate>
      </item>
      <item>
        <actionCode>H35000</actionCode>
        <committee />
        <type>Floor</type>
        <links>
          <link>
            <url>https://www.congress.gov/congressional-record/volume-161/house-section/page/H5008</url>
            <name>H5008</name>
          </link>
          <link>
            <url>http://clerk.house.gov/evs/2015/roll429.xml</url>
            <name>Roll no. 429</name>
          </link>
        </links>
        <text>On ordering the previous question Agreed to by the Yeas and Nays: 242 - 185 (Roll no. 429). (consideration: CR H5008)</text>
        <sourceSystem>
          <code>2</code>
          <name>House floor actions</name>
        </sourceSystem>
        <actionTime>17:54:18</actionTime>
        <actionDate>2015-07-09</actionDate>
      </item>
      <item>
        <actionCode>H30000</actionCode>
        <committee />
        <type>Floor</type>
        <links>
          <link>
            <url>https://www.congress.gov/congressional-record/volume-161/house-section/page/H5007-5008</url>
            <name>H5007-5008</name>
          </link>
        </links>
        <text>Considered as unfinished business. (consideration: CR H5007-5008)</text>
        <sourceSystem>
          <code>2</code>
          <name>House floor actions</name>
        </sourceSystem>
        <actionTime>17:48:28</actionTime>
        <actionDate>2015-07-09</actionDate>
      </item>
      <item>
        <actionCode>H8D000</actionCode>
        <committee />
        <type>Floor</type>
        <links>
          <link>
            <url>https://www.congress.gov/bill/114th-congress/house-resolution/350</url>
            <name>H. Res. 350</name>
          </link>
        </links>
        <text>POSTPONED PROCEEDINGS - At the conclusion of debate on H. Res. 350, the Chair put the question on ordering the previous question and by voice vote announced that the ayes had prevailed. Mr. McGovern demanded the yeas and nays, and the Chair postponed further proceedings on ordering the previous question until later in the legislative day.</text>
        <sourceSystem>
          <code>2</code>
          <name>House floor actions</name>
        </sourceSystem>
        <actionTime>15:22:06</actionTime>
        <actionDate>2015-07-09</actionDate>
      </item>
      <item>
        <actionCode>H8D000</actionCode>
        <committee />
        <type>Floor</type>
        <links>
          <link>
            <url>https://www.congress.gov/bill/114th-congress/house-resolution/350</url>
            <name>H. Res. 350</name>
          </link>
        </links>
        <text>DEBATE - The House proceeded with one hour of debate on H. Res. 350.</text>
        <sourceSystem>
          <code>2</code>
          <name>House floor actions</name>
        </sourceSystem>
        <actionTime>14:09:04</actionTime>
        <actionDate>2015-07-09</actionDate>
      </item>
      <item>
        <actionCode>H30000</actionCode>
        <committee />
        <type>Floor</type>
        <links>
          <link>
            <url>https://www.congress.gov/congressional-record/volume-161/house-section/page/H4976-4985</url>
            <name>H4976-4985</name>
          </link>
        </links>
        <text>Considered as privileged matter. (consideration: CR H4976-4985)</text>
        <sourceSystem>
          <code>2</code>
          <name>House floor actions</name>
        </sourceSystem>
        <actionTime>14:07:17</actionTime>
        <actionDate>2015-07-09</actionDate>
      </item>
      <item>
        <actionCode>H12420</actionCode>
        <committee />
        <type>Calendars</type>
        <links />
        <text>Placed on the House Calendar, Calendar No. 47.</text>
        <sourceSystem>
          <code>2</code>
          <name>House floor actions</name>
        </sourceSystem>
        <actionDate>2015-07-08</actionDate>
      </item>
      <item>
        <actionCode>H12700</actionCode>
        <committee />
        <type>Floor</type>
        <links>
          <link>
            <url>https://www.congress.gov/bill/114th-congress/house-bill/6</url>
            <name>H.R. 6</name>
          </link>
        </links>
        <text>Rule provides for consideration of H.R. 6 with 1 hour of general debate. Previous question shall be considered as ordered without intervening motions except motion to recommit with or without instructions. Measure will be considered read. Specified amendments are in order.</text>
        <sourceSystem>
          <code>2</code>
          <name>House floor actions</name>
        </sourceSystem>
        <actionTime>20:18:38</actionTime>
        <actionDate>2015-07-08</actionDate>
      </item>
      <item>
        <actionCode>H12100</actionCode>
        <committee>
          <systemCode>hsru00</systemCode>
          <name>Rules Committee</name>
        </committee>
        <type>Committee</type>
        <links>
          <link>
            <url>https://www.congress.gov/congressional-report/114th-congress/house-report/193</url>
            <name>H. Rept. 114-193</name>
          </link>
        </links>
        <text>The House Committee on Rules reported an original measure, H. Rept. 114-193, by Mr. Burgess.</text>
        <sourceSystem>
          <code>2</code>
          <name>House floor actions</name>
        </sourceSystem>
        <actionDate>2015-07-08</actionDate>
      </item>
      <item>
        <actionCode>5000</actionCode>
        <committee>
          <systemCode>hsru00</systemCode>
          <name>Rules Committee</name>
        </committee>
        <type>Committee</type>
        <links>
          <link>
            <url>https://www.congress.gov/congressional-report/114th-congress/house-report/193</url>
            <name>H. Rept. 114-193</name>
          </link>
        </links>
        <text>The House Committee on Rules reported an original measure, H. Rept. 114-193, by Mr. Burgess.</text>
        <sourceSystem>
          <code>9</code>
          <name>Library of Congress</name>
        </sourceSystem>
        <actionDate>2015-07-08</actionDate>
      </item>
      <item>
        <actionCode>1000</actionCode>
        <committee />
        <type>IntroReferral</type>
        <links />
        <text>Introduced in House</text>
        <sourceSystem>
          <code>9</code>
          <name>Library of Congress</name>
        </sourceSystem>
        <actionDate>2015-07-08</actionDate>
      </item>
      <actionByCounts>
        <houseOfRepresentatives>13</houseOfRepresentatives>
      </actionByCounts>
    </actions>
    <billType>HRES</billType>
    <billNumber>350</billNumber>
    <cboCostEstimates />
    <originChamber>House</originChamber>
    <createDate>2015-07-09T09:22:51Z</createDate>
    <constitutionalAuthorityStatementText />
    <title>Providing for consideration of the bill (H.R. 6) to accelerate the discovery, development, and delivery of 21st century cures, and for other purposes.</title>
    <subjects>
      <billSubjects>
        <policyArea>
          <name>Congress</name>
        </policyArea>
        <legislativeSubjects>
          <item>
            <name>House of Representatives</name>
          </item>
          <item>
            <name>Legislative rules and procedure</name>
          </item>
        </legislativeSubjects>
      </billSubjects>
    </subjects>
    <relatedBills>
      <item>
        <latestTitle>21st Century Cures Act</latestTitle>
        <number>6</number>
        <congress>114</congress>
        <type>HR</type>
        <latestAction>
          <text>Received in the Senate and Read twice and referred to the Committee on Health, Education, Labor, and Pensions.</text>
          <actionDate>2015-07-13</actionDate>
        </latestAction>
        <relationshipDetails>
          <item>
            <identifiedBy>House</identifiedBy>
            <type>Procedurally-related</type>
          </item>
        </relationshipDetails>
      </item>
    </relatedBills>
    <summaries>
      <billSummaries>
        <item>
          <actionDate>2015-07-08</actionDate>
          <lastSummaryUpdateDate>2015-07-09T08:04:55Z</lastSummaryUpdateDate>
          <text><![CDATA[Sets forth the rule for consideration of the bill (H.R. 6) to accelerate the discovery, development, and delivery of 21st century cures.]]></text>
          <updateDate>2015-07-08T04:00:00Z</updateDate>
          <name>Introduced in House</name>
          <actionDesc>Introduced in House</actionDesc>
          <versionCode>00</versionCode>
        </item>
      </billSummaries>
    </summaries>
    <congress>114</congress>
    <laws />
    <updateDate>2017-01-21T12:34:04Z</updateDate>
    <notes />
    <introducedDate>2015-07-08</introducedDate>
    <calendarNumbers>
      <item>
        <calendar>H00047</calendar>
        <number />
      </item>
    </calendarNumbers>
    <committees>
      <billCommittees>
        <item>
          <name>Rules Committee</name>
          <systemCode>hsru00</systemCode>
          <chamber>House</chamber>
          <type>Standing</type>
          <subcommittees />
          <activities>
            <item>
              <date>2015-07-09T00:18:37Z</date>
              <name>Reported original measure</name>
            </item>
          </activities>
        </item>
      </billCommittees>
    </committees>
    <latestAction>
      <actionDate>2015-07-09</actionDate>
      <text>Motion to reconsider laid on the table Agreed to without objection.</text>
      <links />
      <actionTime>18:02:16</actionTime>
    </latestAction>
    <cosponsors />
    <committeeReports>
      <committeeReport>
        <citation>H. Rept. 114-193</citation>
      </committeeReport>
    </committeeReports>
    <amendments />
    <sponsors>
      <item>
        <state>TX</state>
        <middleName>C.</middleName>
        <party>R</party>
        <identifiers>
          <lisID>1751</lisID>
          <bioguideId>B001248</bioguideId>
          <gpoId>8182</gpoId>
        </identifiers>
        <bioguideId>B001248</bioguideId>
        <byRequestType />
        <firstName>Michael</firstName>
        <lastName>Burgess</lastName>
        <fullName>Rep. Burgess, Michael C. [R-TX-26]</fullName>
        <district>26</district>
      </item>
    </sponsors>
    <recordedVotes>
      <recordedVote>
        <chamber>House</chamber>
        <url>http://clerk.house.gov/evs/2015/roll430.xml</url>
        <sessionNumber>1</sessionNumber>
        <fullActionName>Passage of a Measure</fullActionName>
        <date>2015-07-09T22:02:15Z</date>
        <rollNumber>430</rollNumber>
        <congress>114</congress>
      </recordedVote>
      <recordedVote>
        <chamber>House</chamber>
        <url>http://clerk.house.gov/evs/2015/roll429.xml</url>
        <sessionNumber>1</sessionNumber>
        <fullActionName>Motion for Previous Question</fullActionName>
        <date>2015-07-09T21:54:18Z</date>
        <rollNumber>429</rollNumber>
        <congress>114</congress>
      </recordedVote>
    </recordedVotes>
    <policyArea>
      <name>Congress</name>
    </policyArea>
    <titles>
      <item>
        <parentTitleType />
        <titleType>Official Title as Introduced</titleType>
        <chamberCode />
        <chamberName />
        <title>Providing for consideration of the bill (H.R. 6) to accelerate the discovery, development, and delivery of 21st century cures, and for other purposes.</title>
      </item>
      <item>
        <parentTitleType />
        <titleType>Display Title</titleType>
        <chamberCode />
        <chamberName />
        <title>Providing for consideration of the bill (H.R. 6) to accelerate the discovery, development, and delivery of 21st century cures, and for other purposes.</title>
      </item>
    </titles>
  </bill>
  <dublinCore xmlns:dc="http://purl.org/dc/elements/1.1/">
    <dc:format>text/xml</dc:format>
    <dc:language>EN</dc:language>
    <dc:rights>Pursuant to Title 17 Section 105 of the United States Code, this file is not subject to copyright protection and is in the public domain.</dc:rights>
    <dc:contributor>Congressional Research Service, Library of Congress</dc:contributor>
    <dc:description>This file contains bill summaries and statuses for federal legislation. A bill summary describes the most significant provisions of a piece of legislation and details the effects the legislative text may have on current law and federal programs. Bill summaries are authored by the Congressional Research Service (CRS) of the Library of Congress. As stated in Public Law 91-510 (2 USC 166 (d)(6)), one of the duties of CRS is "to prepare summaries and digests of bills and resolutions of a public general nature introduced in the Senate or House of Representatives". For more information, refer to the User Guide that accompanies this file.</dc:description>
  </dublinCore>
</billStatus>

