<?xml version="1.0" encoding="UTF-8"?>
<billStatus>
  <bill>
    <introducedDate>2015-03-18</introducedDate>
    <committeeReports />
    <laws />
    <createDate>2015-03-19T05:50:07Z</createDate>
    <actions>
      <actionByCounts>
        <houseOfRepresentatives>3</houseOfRepresentatives>
      </actionByCounts>
      <actionTypeCounts>
        <introducedInTheHouse>1</introducedInTheHouse>
        <introducedInHouse>1</introducedInHouse>
        <billReferrals>1</billReferrals>
      </actionTypeCounts>
      <item>
        <type>IntroReferral</type>
        <text>Referred to the House Committee on Foreign Affairs.</text>
        <actionCode>H11100</actionCode>
        <sourceSystem>
          <name>House floor actions</name>
          <code>2</code>
        </sourceSystem>
        <links />
        <committee>
          <systemCode>hsfa00</systemCode>
          <name>Foreign Affairs Committee</name>
        </committee>
        <actionDate>2015-03-18</actionDate>
      </item>
      <item>
        <type>IntroReferral</type>
        <text>Introduced in House</text>
        <actionCode>Intro-H</actionCode>
        <sourceSystem>
          <name>Library of Congress</name>
          <code>9</code>
        </sourceSystem>
        <links />
        <committee />
        <actionDate>2015-03-18</actionDate>
      </item>
      <item>
        <type>IntroReferral</type>
        <text>Introduced in House</text>
        <actionCode>1000</actionCode>
        <sourceSystem>
          <name>Library of Congress</name>
          <code>9</code>
        </sourceSystem>
        <links />
        <committee />
        <actionDate>2015-03-18</actionDate>
      </item>
    </actions>
    <recordedVotes />
    <relatedBills />
    <cosponsors>
      <item>
        <fullName>Rep. Maloney, Carolyn B. [D-NY-12]</fullName>
        <party>D</party>
        <isOriginalCosponsor>True</isOriginalCosponsor>
        <district>12</district>
        <identifiers>
          <bioguideId>M000087</bioguideId>
          <lisID>729</lisID>
          <gpoId>8075</gpoId>
        </identifiers>
        <sponsorshipWithdrawnDate />
        <bioguideId>M000087</bioguideId>
        <sponsorshipDate>2015-03-18</sponsorshipDate>
        <firstName>CAROLYN</firstName>
        <middleName>B.</middleName>
        <state>NY</state>
        <lastName>MALONEY</lastName>
      </item>
      <item>
        <fullName>Rep. Connolly, Gerald E. [D-VA-11]</fullName>
        <party>D</party>
        <isOriginalCosponsor>True</isOriginalCosponsor>
        <district>11</district>
        <identifiers>
          <lisID>1959</lisID>
          <gpoId>8202</gpoId>
          <bioguideId>C001078</bioguideId>
        </identifiers>
        <sponsorshipWithdrawnDate />
        <bioguideId>C001078</bioguideId>
        <sponsorshipDate>2015-03-18</sponsorshipDate>
        <firstName>Gerald</firstName>
        <middleName>E.</middleName>
        <state>VA</state>
        <lastName>Connolly</lastName>
      </item>
      <item>
        <fullName>Rep. Carson, Andre [D-IN-7]</fullName>
        <party>D</party>
        <isOriginalCosponsor>True</isOriginalCosponsor>
        <district>7</district>
        <identifiers>
          <lisID>1889</lisID>
          <gpoId>7946</gpoId>
          <bioguideId>C001072</bioguideId>
        </identifiers>
        <sponsorshipWithdrawnDate />
        <bioguideId>C001072</bioguideId>
        <sponsorshipDate>2015-03-18</sponsorshipDate>
        <firstName>Andre</firstName>
        <middleName />
        <state>IN</state>
        <lastName>Carson</lastName>
      </item>
      <item>
        <fullName>Rep. Edwards, Donna F. [D-MD-4]</fullName>
        <party>D</party>
        <isOriginalCosponsor>True</isOriginalCosponsor>
        <district>4</district>
        <identifiers>
          <bioguideId>E000290</bioguideId>
          <lisID>1894</lisID>
          <gpoId>7979</gpoId>
        </identifiers>
        <sponsorshipWithdrawnDate />
        <bioguideId>E000290</bioguideId>
        <sponsorshipDate>2015-03-18</sponsorshipDate>
        <firstName>Donna</firstName>
        <middleName>F.</middleName>
        <state>MD</state>
        <lastName>Edwards</lastName>
      </item>
      <item>
        <fullName>Rep. Conyers, John, Jr. [D-MI-13]</fullName>
        <party>D</party>
        <isOriginalCosponsor>True</isOriginalCosponsor>
        <district>13</district>
        <identifiers>
          <lisID>229</lisID>
          <gpoId>7999</gpoId>
          <bioguideId>C000714</bioguideId>
        </identifiers>
        <sponsorshipWithdrawnDate />
        <bioguideId>C000714</bioguideId>
        <sponsorshipDate>2015-03-18</sponsorshipDate>
        <firstName>JOHN</firstName>
        <middleName />
        <state>MI</state>
        <lastName>CONYERS</lastName>
      </item>
      <item>
        <fullName>Rep. Peters, Scott H. [D-CA-52]</fullName>
        <party>D</party>
        <isOriginalCosponsor>True</isOriginalCosponsor>
        <district>52</district>
        <identifiers>
          <gpoId />
          <bioguideId>P000608</bioguideId>
          <lisID>2113</lisID>
        </identifiers>
        <sponsorshipWithdrawnDate />
        <bioguideId>P000608</bioguideId>
        <sponsorshipDate>2015-03-18</sponsorshipDate>
        <firstName>Scott</firstName>
        <middleName>H.</middleName>
        <state>CA</state>
        <lastName>Peters</lastName>
      </item>
      <item>
        <fullName>Rep. Jackson Lee, Sheila [D-TX-18]</fullName>
        <party>D</party>
        <isOriginalCosponsor>True</isOriginalCosponsor>
        <district>18</district>
        <identifiers>
          <gpoId>8174</gpoId>
          <bioguideId>J000032</bioguideId>
          <lisID>588</lisID>
        </identifiers>
        <sponsorshipWithdrawnDate />
        <bioguideId>J000032</bioguideId>
        <sponsorshipDate>2015-03-18</sponsorshipDate>
        <firstName>SHEILA</firstName>
        <middleName />
        <state>TX</state>
        <lastName>JACKSON LEE</lastName>
      </item>
      <item>
        <fullName>Rep. Lieu, Ted [D-CA-33]</fullName>
        <party>D</party>
        <isOriginalCosponsor>True</isOriginalCosponsor>
        <district>33</district>
        <identifiers>
          <lisID>2230</lisID>
          <gpoId />
          <bioguideId>L000582</bioguideId>
        </identifiers>
        <sponsorshipWithdrawnDate />
        <bioguideId>L000582</bioguideId>
        <sponsorshipDate>2015-03-18</sponsorshipDate>
        <firstName>Ted</firstName>
        <middleName />
        <state>CA</state>
        <lastName>Lieu</lastName>
      </item>
      <item>
        <fullName>Rep. Watson Coleman, Bonnie [D-NJ-12]</fullName>
        <party>D</party>
        <isOriginalCosponsor>True</isOriginalCosponsor>
        <district>12</district>
        <identifiers>
          <lisID>2259</lisID>
          <gpoId />
          <bioguideId>W000822</bioguideId>
        </identifiers>
        <sponsorshipWithdrawnDate />
        <bioguideId>W000822</bioguideId>
        <sponsorshipDate>2015-03-18</sponsorshipDate>
        <firstName>Bonnie</firstName>
        <middleName />
        <state>NJ</state>
        <lastName>Watson Coleman</lastName>
      </item>
      <item>
        <fullName>Rep. Mica, John L. [R-FL-7]</fullName>
        <party>R</party>
        <isOriginalCosponsor>True</isOriginalCosponsor>
        <district>7</district>
        <identifiers>
          <gpoId>7879</gpoId>
          <bioguideId>M000689</bioguideId>
          <lisID>800</lisID>
        </identifiers>
        <sponsorshipWithdrawnDate />
        <bioguideId>M000689</bioguideId>
        <sponsorshipDate>2015-03-18</sponsorshipDate>
        <firstName>JOHN</firstName>
        <middleName>L.</middleName>
        <state>FL</state>
        <lastName>MICA</lastName>
      </item>
      <item>
        <fullName>Rep. Smith, Adam [D-WA-9]</fullName>
        <party>D</party>
        <isOriginalCosponsor>True</isOriginalCosponsor>
        <district>9</district>
        <identifiers>
          <lisID>1528</lisID>
          <gpoId>8213</gpoId>
          <bioguideId>S000510</bioguideId>
        </identifiers>
        <sponsorshipWithdrawnDate />
        <bioguideId>S000510</bioguideId>
        <sponsorshipDate>2015-03-18</sponsorshipDate>
        <firstName>ADAM</firstName>
        <middleName />
        <state>WA</state>
        <lastName>SMITH</lastName>
      </item>
      <item>
        <fullName>Rep. Lowenthal, Alan S. [D-CA-47]</fullName>
        <party>D</party>
        <isOriginalCosponsor>True</isOriginalCosponsor>
        <district>47</district>
        <identifiers>
          <bioguideId>L000579</bioguideId>
          <lisID>2111</lisID>
          <gpoId />
        </identifiers>
        <sponsorshipWithdrawnDate />
        <bioguideId>L000579</bioguideId>
        <sponsorshipDate>2015-03-18</sponsorshipDate>
        <firstName>Alan</firstName>
        <middleName>S.</middleName>
        <state>CA</state>
        <lastName>Lowenthal</lastName>
      </item>
      <item>
        <fullName>Rep. Chu, Judy [D-CA-27]</fullName>
        <party>D</party>
        <isOriginalCosponsor>True</isOriginalCosponsor>
        <district>27</district>
        <identifiers>
          <lisID>1970</lisID>
          <gpoId>7837</gpoId>
          <bioguideId>C001080</bioguideId>
        </identifiers>
        <sponsorshipWithdrawnDate />
        <bioguideId>C001080</bioguideId>
        <sponsorshipDate>2015-03-18</sponsorshipDate>
        <firstName>Judy</firstName>
        <middleName />
        <state>CA</state>
        <lastName>Chu</lastName>
      </item>
      <item>
        <fullName>Rep. Swalwell, Eric [D-CA-15]</fullName>
        <party>D</party>
        <isOriginalCosponsor>False</isOriginalCosponsor>
        <district>15</district>
        <identifiers>
          <lisID>2104</lisID>
          <gpoId />
          <bioguideId>S001193</bioguideId>
        </identifiers>
        <sponsorshipWithdrawnDate />
        <bioguideId>S001193</bioguideId>
        <sponsorshipDate>2015-03-25</sponsorshipDate>
        <firstName>Eric</firstName>
        <middleName />
        <state>CA</state>
        <lastName>Swalwell</lastName>
      </item>
      <item>
        <fullName>Rep. Lofgren, Zoe [D-CA-19]</fullName>
        <party>D</party>
        <isOriginalCosponsor>False</isOriginalCosponsor>
        <district>19</district>
        <identifiers>
          <lisID>701</lisID>
          <gpoId>7821</gpoId>
          <bioguideId>L000397</bioguideId>
        </identifiers>
        <sponsorshipWithdrawnDate />
        <bioguideId>L000397</bioguideId>
        <sponsorshipDate>2015-04-13</sponsorshipDate>
        <firstName>ZOE</firstName>
        <middleName />
        <state>CA</state>
        <lastName>LOFGREN</lastName>
      </item>
      <item>
        <fullName>Rep. Cardenas, Tony [D-CA-29]</fullName>
        <party>D</party>
        <isOriginalCosponsor>False</isOriginalCosponsor>
        <district>29</district>
        <identifiers>
          <lisID>2107</lisID>
          <gpoId />
          <bioguideId>C001097</bioguideId>
        </identifiers>
        <sponsorshipWithdrawnDate />
        <bioguideId>C001097</bioguideId>
        <sponsorshipDate>2016-03-16</sponsorshipDate>
        <firstName>Tony</firstName>
        <middleName />
        <state>CA</state>
        <lastName>Cardenas</lastName>
      </item>
      <item>
        <fullName>Rep. Sanchez, Loretta [D-CA-46]</fullName>
        <party>D</party>
        <isOriginalCosponsor>False</isOriginalCosponsor>
        <district>46</district>
        <identifiers>
          <bioguideId>S000030</bioguideId>
          <lisID>1522</lisID>
          <gpoId>7852</gpoId>
        </identifiers>
        <sponsorshipWithdrawnDate />
        <bioguideId>S000030</bioguideId>
        <sponsorshipDate>2016-03-22</sponsorshipDate>
        <firstName>LORETTA</firstName>
        <middleName />
        <state>CA</state>
        <lastName>SANCHEZ</lastName>
      </item>
    </cosponsors>
    <billNumber>156</billNumber>
    <amendments />
    <subjects>
      <billSubjects>
        <legislativeSubjects>
          <item>
            <name>Commemorative events and holidays</name>
          </item>
          <item>
            <name>Congressional tributes</name>
          </item>
          <item>
            <name>Historical and cultural resources</name>
          </item>
          <item>
            <name>Human rights</name>
          </item>
          <item>
            <name>Iran</name>
          </item>
          <item>
            <name>Middle East</name>
          </item>
          <item>
            <name>Racial and ethnic relations</name>
          </item>
          <item>
            <name>Religion</name>
          </item>
        </legislativeSubjects>
        <policyArea>
          <name>Arts, Culture, Religion</name>
        </policyArea>
      </billSubjects>
    </subjects>
    <sponsors>
      <item>
        <party>D</party>
        <state>CA</state>
        <middleName>M.</middleName>
        <bioguideId>H001034</bioguideId>
        <lastName>HONDA</lastName>
        <firstName>MICHAEL</firstName>
        <identifiers>
          <lisID>1634</lisID>
          <gpoId>7820</gpoId>
          <bioguideId>H001034</bioguideId>
        </identifiers>
        <fullName>Rep. Honda, Michael M. [D-CA-17]</fullName>
        <district>17</district>
        <byRequestType />
      </item>
    </sponsors>
    <summaries>
      <billSummaries>
        <item>
          <text><![CDATA[<p>Recognizes the cultural and historical significance of Nowruz.</p> <p> Expresses appreciation for the contributions of Iranian-Americans to U.S. society in observance of Nowruz.</p> <p> Recognizes the aspirations of all people, including the people of Iran, for human rights and religious tolerance as embodied in the spirit of Nowruz. </p> <p>Wishes Iranian-Americans, the people of Iran, and all those who observe this holiday a prosperous new year.</p>]]></text>
          <lastSummaryUpdateDate>2015-03-20T14:46:52Z</lastSummaryUpdateDate>
          <actionDesc>Introduced in House</actionDesc>
          <versionCode>00</versionCode>
          <updateDate>2015-03-18T04:00:00Z</updateDate>
          <name>Introduced in House</name>
          <actionDate>2015-03-18</actionDate>
        </item>
      </billSummaries>
    </summaries>
    <constitutionalAuthorityStatementText />
    <billType>HRES</billType>
    <title>Recognizing the cultural and historical significance of Nowruz.</title>
    <policyArea>
      <name>Arts, Culture, Religion</name>
    </policyArea>
    <congress>114</congress>
    <latestAction>
      <text>Referred to the House Committee on Foreign Affairs.</text>
      <actionDate>2015-03-18</actionDate>
      <links />
    </latestAction>
    <cboCostEstimates />
    <originChamber>House</originChamber>
    <notes />
    <committees>
      <billCommittees>
        <item>
          <chamber>House</chamber>
          <name>Foreign Affairs Committee</name>
          <systemCode>hsfa00</systemCode>
          <type>Standing</type>
          <subcommittees />
          <activities>
            <item>
              <date>2015-03-18T14:04:00Z</date>
              <name>Referred to</name>
            </item>
          </activities>
        </item>
      </billCommittees>
    </committees>
    <calendarNumbers />
    <updateDate>2017-01-11T14:30:15Z</updateDate>
    <titles>
      <item>
        <title>Recognizing the cultural and historical significance of Nowruz.</title>
        <titleType>Official Title as Introduced</titleType>
        <parentTitleType />
        <chamberCode />
        <chamberName />
      </item>
      <item>
        <title>Recognizing the cultural and historical significance of Nowruz.</title>
        <titleType>Display Title</titleType>
        <parentTitleType />
        <chamberCode />
        <chamberName />
      </item>
    </titles>
  </bill>
  <dublinCore xmlns:dc="http://purl.org/dc/elements/1.1/">
    <dc:format>text/xml</dc:format>
    <dc:language>EN</dc:language>
    <dc:rights>Pursuant to Title 17 Section 105 of the United States Code, this file is not subject to copyright protection and is in the public domain.</dc:rights>
    <dc:contributor>Congressional Research Service, Library of Congress</dc:contributor>
    <dc:description>This file contains bill summaries and statuses for federal legislation. A bill summary describes the most significant provisions of a piece of legislation and details the effects the legislative text may have on current law and federal programs. Bill summaries are authored by the Congressional Research Service (CRS) of the Library of Congress. As stated in Public Law 91-510 (2 USC 166 (d)(6)), one of the duties of CRS is "to prepare summaries and digests of bills and resolutions of a public general nature introduced in the Senate or House of Representatives". For more information, refer to the User Guide that accompanies this file.</dc:description>
  </dublinCore>
</billStatus>

