<?xml version="1.0" encoding="UTF-8"?>
<billStatus>
  <bill>
    <congress>114</congress>
    <billNumber>201</billNumber>
    <cosponsors />
    <subjects>
      <billSubjects>
        <policyArea>
          <name>International Affairs</name>
        </policyArea>
        <legislativeSubjects>
          <item>
            <name>Food assistance and relief</name>
          </item>
          <item>
            <name>Foreign aid and international relief</name>
          </item>
          <item>
            <name>Poverty and welfare assistance</name>
          </item>
        </legislativeSubjects>
      </billSubjects>
    </subjects>
    <relatedBills />
    <constitutionalAuthorityStatementText />
    <updateDate>2017-01-11T14:30:25Z</updateDate>
    <actions>
      <actionByCounts>
        <houseOfRepresentatives>3</houseOfRepresentatives>
      </actionByCounts>
      <item>
        <text>Referred to the House Committee on Foreign Affairs.</text>
        <actionCode>H11100</actionCode>
        <sourceSystem>
          <code>2</code>
          <name>House floor actions</name>
        </sourceSystem>
        <committee>
          <name>Foreign Affairs Committee</name>
          <systemCode>hsfa00</systemCode>
        </committee>
        <type>IntroReferral</type>
        <actionDate>2015-04-15</actionDate>
        <links />
      </item>
      <item>
        <text>Introduced in House</text>
        <actionCode>Intro-H</actionCode>
        <sourceSystem>
          <code>9</code>
          <name>Library of Congress</name>
        </sourceSystem>
        <committee />
        <type>IntroReferral</type>
        <actionDate>2015-04-15</actionDate>
        <links />
      </item>
      <item>
        <text>Introduced in House</text>
        <actionCode>1000</actionCode>
        <sourceSystem>
          <code>9</code>
          <name>Library of Congress</name>
        </sourceSystem>
        <committee />
        <type>IntroReferral</type>
        <actionDate>2015-04-15</actionDate>
        <links />
      </item>
      <actionTypeCounts>
        <introducedInTheHouse>1</introducedInTheHouse>
        <billReferrals>1</billReferrals>
        <introducedInHouse>1</introducedInHouse>
      </actionTypeCounts>
    </actions>
    <summaries>
      <billSummaries>
        <item>
          <actionDate>2015-04-15</actionDate>
          <name>Introduced in House</name>
          <actionDesc>Introduced in House</actionDesc>
          <updateDate>2015-04-15T04:00:00Z</updateDate>
          <text><![CDATA[<p>Expresses the sense of the House of Representatives that: (1) the elimination of poverty and hunger should remain key U.S. foreign and domestic policy goals, (2) a Global Marshall Plan holds the potential to transform development assistance in a manner that would significantly reduce poverty, and (3) the President should implement a Global Marshall Plan to increase U.S. assistance towards the elimination of poverty.</p>]]></text>
          <lastSummaryUpdateDate>2015-04-16T18:34:21Z</lastSummaryUpdateDate>
          <versionCode>00</versionCode>
        </item>
      </billSummaries>
    </summaries>
    <billType>HRES</billType>
    <committeeReports />
    <originChamber>House</originChamber>
    <notes />
    <policyArea>
      <name>International Affairs</name>
    </policyArea>
    <title>Expressing the sense of the House of Representatives that a Global Marshall Plan holds the potential to demonstrate the commitment of the United States to peace and prosperity through poverty reduction in the United States and abroad.</title>
    <createDate>2015-04-16T09:11:12Z</createDate>
    <sponsors>
      <item>
        <lastName>Ellison</lastName>
        <identifiers>
          <bioguideId>E000288</bioguideId>
          <lisID>1857</lisID>
          <gpoId>8005</gpoId>
        </identifiers>
        <byRequestType />
        <middleName />
        <state>MN</state>
        <firstName>Keith</firstName>
        <party>D</party>
        <fullName>Rep. Ellison, Keith [D-MN-5]</fullName>
        <district>5</district>
        <bioguideId>E000288</bioguideId>
      </item>
    </sponsors>
    <committees>
      <billCommittees>
        <item>
          <activities>
            <item>
              <name>Referred to</name>
              <date>2015-04-15T14:03:40Z</date>
            </item>
          </activities>
          <chamber>House</chamber>
          <systemCode>hsfa00</systemCode>
          <name>Foreign Affairs Committee</name>
          <subcommittees />
          <type>Standing</type>
        </item>
      </billCommittees>
    </committees>
    <titles>
      <item>
        <chamberCode />
        <titleType>Official Title as Introduced</titleType>
        <chamberName />
        <title>Expressing the sense of the House of Representatives that a Global Marshall Plan holds the potential to demonstrate the commitment of the United States to peace and prosperity through poverty reduction in the United States and abroad.</title>
        <parentTitleType />
      </item>
      <item>
        <chamberCode />
        <titleType>Display Title</titleType>
        <chamberName />
        <title>Expressing the sense of the House of Representatives that a Global Marshall Plan holds the potential to demonstrate the commitment of the United States to peace and prosperity through poverty reduction in the United States and abroad.</title>
        <parentTitleType />
      </item>
    </titles>
    <recordedVotes />
    <cboCostEstimates />
    <laws />
    <latestAction>
      <links />
      <text>Referred to the House Committee on Foreign Affairs.</text>
      <actionDate>2015-04-15</actionDate>
    </latestAction>
    <calendarNumbers />
    <introducedDate>2015-04-15</introducedDate>
    <amendments />
  </bill>
  <dublinCore xmlns:dc="http://purl.org/dc/elements/1.1/">
    <dc:format>text/xml</dc:format>
    <dc:language>EN</dc:language>
    <dc:rights>Pursuant to Title 17 Section 105 of the United States Code, this file is not subject to copyright protection and is in the public domain.</dc:rights>
    <dc:contributor>Congressional Research Service, Library of Congress</dc:contributor>
    <dc:description>This file contains bill summaries and statuses for federal legislation. A bill summary describes the most significant provisions of a piece of legislation and details the effects the legislative text may have on current law and federal programs. Bill summaries are authored by the Congressional Research Service (CRS) of the Library of Congress. As stated in Public Law 91-510 (2 USC 166 (d)(6)), one of the duties of CRS is "to prepare summaries and digests of bills and resolutions of a public general nature introduced in the Senate or House of Representatives". For more information, refer to the User Guide that accompanies this file.</dc:description>
  </dublinCore>
</billStatus>

