<?xml version="1.0" encoding="UTF-8"?>
<billStatus>
  <bill>
    <subjects>
      <billSubjects>
        <legislativeSubjects>
          <item>
            <name>Due process and equal protection</name>
          </item>
          <item>
            <name>Employment discrimination and employee rights</name>
          </item>
          <item>
            <name>Housing discrimination</name>
          </item>
          <item>
            <name>Sex, gender, sexual orientation discrimination</name>
          </item>
        </legislativeSubjects>
        <policyArea>
          <name>Civil Rights and Liberties, Minority Issues</name>
        </policyArea>
      </billSubjects>
    </subjects>
    <actions>
      <item>
        <actionDate>2015-05-15</actionDate>
        <committee>
          <name>Constitution and Civil Justice Subcommittee</name>
          <systemCode>hsju10</systemCode>
        </committee>
        <links />
        <sourceSystem>
          <name>House committee actions</name>
          <code>1</code>
        </sourceSystem>
        <text>Referred to the Subcommittee on the Constitution and Civil Justice.</text>
        <type>Committee</type>
      </item>
      <item>
        <type>IntroReferral</type>
        <committee>
          <name>Judiciary Committee</name>
          <systemCode>hsju00</systemCode>
        </committee>
        <links />
        <actionDate>2015-04-16</actionDate>
        <text>Referred to the House Committee on the Judiciary.</text>
        <actionCode>H11100</actionCode>
        <sourceSystem>
          <name>House floor actions</name>
          <code>2</code>
        </sourceSystem>
      </item>
      <item>
        <type>IntroReferral</type>
        <committee />
        <links>
          <link>
            <name>E517</name>
            <url>https://www.congress.gov/congressional-record/volume-161/extensions-of-remarks-section/page/E517</url>
          </link>
        </links>
        <actionDate>2015-04-16</actionDate>
        <text>Sponsor introductory remarks on measure. (CR E517)</text>
        <actionCode>B00100</actionCode>
        <sourceSystem>
          <name>Library of Congress</name>
          <code>9</code>
        </sourceSystem>
      </item>
      <item>
        <type>IntroReferral</type>
        <committee />
        <links />
        <actionDate>2015-04-16</actionDate>
        <text>Introduced in House</text>
        <actionCode>Intro-H</actionCode>
        <sourceSystem>
          <name>Library of Congress</name>
          <code>9</code>
        </sourceSystem>
      </item>
      <item>
        <type>IntroReferral</type>
        <committee />
        <links />
        <actionDate>2015-04-16</actionDate>
        <text>Introduced in House</text>
        <actionCode>1000</actionCode>
        <sourceSystem>
          <name>Library of Congress</name>
          <code>9</code>
        </sourceSystem>
      </item>
      <actionByCounts>
        <houseOfRepresentatives>4</houseOfRepresentatives>
      </actionByCounts>
      <actionTypeCounts>
        <placeholderTextForH>1</placeholderTextForH>
        <placeholderTextForB>1</placeholderTextForB>
        <billReferrals>1</billReferrals>
        <introducedInTheHouse>1</introducedInTheHouse>
        <introducedInHouse>1</introducedInHouse>
      </actionTypeCounts>
    </actions>
    <policyArea>
      <name>Civil Rights and Liberties, Minority Issues</name>
    </policyArea>
    <notes />
    <createDate>2015-04-17T09:01:54Z</createDate>
    <title>Equality for All Resolution of 2015</title>
    <relatedBills />
    <cosponsors>
      <item>
        <sponsorshipDate>2015-04-16</sponsorshipDate>
        <party>D</party>
        <lastName>Adams</lastName>
        <sponsorshipWithdrawnDate />
        <bioguideId>A000370</bioguideId>
        <isOriginalCosponsor>True</isOriginalCosponsor>
        <district>12</district>
        <state>NC</state>
        <middleName>S.</middleName>
        <identifiers>
          <lisID>2201</lisID>
          <gpoId />
          <bioguideId>A000370</bioguideId>
        </identifiers>
        <fullName>Rep. Adams, Alma S. [D-NC-12]</fullName>
        <firstName>Alma</firstName>
      </item>
      <item>
        <sponsorshipDate>2015-04-16</sponsorshipDate>
        <party>D</party>
        <lastName>Green</lastName>
        <sponsorshipWithdrawnDate />
        <bioguideId>G000553</bioguideId>
        <isOriginalCosponsor>True</isOriginalCosponsor>
        <district>9</district>
        <state>TX</state>
        <middleName />
        <identifiers>
          <lisID>1803</lisID>
          <gpoId>8165</gpoId>
          <bioguideId>G000553</bioguideId>
        </identifiers>
        <fullName>Rep. Green, Al [D-TX-9]</fullName>
        <firstName>Al</firstName>
      </item>
      <item>
        <sponsorshipDate>2015-04-16</sponsorshipDate>
        <party>D</party>
        <lastName>Bass</lastName>
        <sponsorshipWithdrawnDate />
        <bioguideId>B001270</bioguideId>
        <isOriginalCosponsor>True</isOriginalCosponsor>
        <district>37</district>
        <state>CA</state>
        <middleName />
        <identifiers>
          <bioguideId>B001270</bioguideId>
          <lisID>1996</lisID>
          <gpoId>7838</gpoId>
        </identifiers>
        <fullName>Rep. Bass, Karen [D-CA-37]</fullName>
        <firstName>Karen</firstName>
      </item>
      <item>
        <sponsorshipDate>2015-04-16</sponsorshipDate>
        <party>D</party>
        <lastName>BECERRA</lastName>
        <sponsorshipWithdrawnDate />
        <bioguideId>B000287</bioguideId>
        <isOriginalCosponsor>True</isOriginalCosponsor>
        <district>34</district>
        <state>CA</state>
        <middleName />
        <identifiers>
          <gpoId>7836</gpoId>
          <bioguideId>B000287</bioguideId>
          <lisID>70</lisID>
        </identifiers>
        <fullName>Rep. Becerra, Xavier [D-CA-34]</fullName>
        <firstName>XAVIER</firstName>
      </item>
      <item>
        <sponsorshipDate>2015-04-16</sponsorshipDate>
        <party>D</party>
        <lastName>Beatty</lastName>
        <sponsorshipWithdrawnDate />
        <bioguideId>B001281</bioguideId>
        <isOriginalCosponsor>True</isOriginalCosponsor>
        <district>3</district>
        <state>OH</state>
        <middleName />
        <identifiers>
          <bioguideId>B001281</bioguideId>
          <lisID>2153</lisID>
          <gpoId />
        </identifiers>
        <fullName>Rep. Beatty, Joyce [D-OH-3]</fullName>
        <firstName>Joyce</firstName>
      </item>
      <item>
        <sponsorshipDate>2015-04-16</sponsorshipDate>
        <party>D</party>
        <lastName>Bera</lastName>
        <sponsorshipWithdrawnDate />
        <bioguideId>B001287</bioguideId>
        <isOriginalCosponsor>True</isOriginalCosponsor>
        <district>7</district>
        <state>CA</state>
        <middleName />
        <identifiers>
          <lisID>2102</lisID>
          <gpoId />
          <bioguideId>B001287</bioguideId>
        </identifiers>
        <fullName>Rep. Bera, Ami [D-CA-7]</fullName>
        <firstName>Ami</firstName>
      </item>
      <item>
        <sponsorshipDate>2015-04-16</sponsorshipDate>
        <party>D</party>
        <lastName>Beyer</lastName>
        <sponsorshipWithdrawnDate />
        <bioguideId>B001292</bioguideId>
        <isOriginalCosponsor>True</isOriginalCosponsor>
        <district>8</district>
        <state>VA</state>
        <middleName>S.</middleName>
        <identifiers>
          <bioguideId>B001292</bioguideId>
          <gpoId />
          <lisID>2272</lisID>
        </identifiers>
        <fullName>Rep. Beyer, Donald S., Jr. [D-VA-8]</fullName>
        <firstName>Donald</firstName>
      </item>
      <item>
        <sponsorshipDate>2015-04-16</sponsorshipDate>
        <party>D</party>
        <lastName>BLUMENAUER</lastName>
        <sponsorshipWithdrawnDate />
        <bioguideId>B000574</bioguideId>
        <isOriginalCosponsor>True</isOriginalCosponsor>
        <district>3</district>
        <state>OR</state>
        <middleName />
        <identifiers>
          <lisID>99</lisID>
          <gpoId>8116</gpoId>
          <bioguideId>B000574</bioguideId>
        </identifiers>
        <fullName>Rep. Blumenauer, Earl [D-OR-3]</fullName>
        <firstName>EARL</firstName>
      </item>
      <item>
        <sponsorshipDate>2015-04-16</sponsorshipDate>
        <party>D</party>
        <lastName>Brownley</lastName>
        <sponsorshipWithdrawnDate />
        <bioguideId>B001285</bioguideId>
        <isOriginalCosponsor>True</isOriginalCosponsor>
        <district>26</district>
        <state>CA</state>
        <middleName />
        <identifiers>
          <bioguideId>B001285</bioguideId>
          <lisID>2106</lisID>
          <gpoId />
        </identifiers>
        <fullName>Rep. Brownley, Julia [D-CA-26]</fullName>
        <firstName>Julia</firstName>
      </item>
      <item>
        <sponsorshipDate>2015-04-16</sponsorshipDate>
        <party>D</party>
        <lastName>Bustos</lastName>
        <sponsorshipWithdrawnDate />
        <bioguideId>B001286</bioguideId>
        <isOriginalCosponsor>True</isOriginalCosponsor>
        <district>17</district>
        <state>IL</state>
        <middleName />
        <identifiers>
          <lisID>2127</lisID>
          <gpoId />
          <bioguideId>B001286</bioguideId>
        </identifiers>
        <fullName>Rep. Bustos, Cheri [D-IL-17]</fullName>
        <firstName>Cheri</firstName>
      </item>
      <item>
        <sponsorshipDate>2015-04-16</sponsorshipDate>
        <party>D</party>
        <lastName>CAPPS</lastName>
        <sponsorshipWithdrawnDate />
        <bioguideId>C001036</bioguideId>
        <isOriginalCosponsor>True</isOriginalCosponsor>
        <district>24</district>
        <state>CA</state>
        <middleName />
        <identifiers>
          <lisID>1471</lisID>
          <gpoId>7828</gpoId>
          <bioguideId>C001036</bioguideId>
        </identifiers>
        <fullName>Rep. Capps, Lois [D-CA-24]</fullName>
        <firstName>LOIS</firstName>
      </item>
      <item>
        <sponsorshipDate>2015-04-16</sponsorshipDate>
        <party>D</party>
        <lastName>CAPUANO</lastName>
        <sponsorshipWithdrawnDate />
        <bioguideId>C001037</bioguideId>
        <isOriginalCosponsor>True</isOriginalCosponsor>
        <district>7</district>
        <state>MA</state>
        <middleName>E.</middleName>
        <identifiers>
          <lisID>1564</lisID>
          <gpoId>7973</gpoId>
          <bioguideId>C001037</bioguideId>
        </identifiers>
        <fullName>Rep. Capuano, Michael E. [D-MA-7]</fullName>
        <firstName>MICHAEL</firstName>
      </item>
      <item>
        <sponsorshipDate>2015-04-16</sponsorshipDate>
        <party>D</party>
        <lastName>Cardenas</lastName>
        <sponsorshipWithdrawnDate />
        <bioguideId>C001097</bioguideId>
        <isOriginalCosponsor>True</isOriginalCosponsor>
        <district>29</district>
        <state>CA</state>
        <middleName />
        <identifiers>
          <lisID>2107</lisID>
          <gpoId />
          <bioguideId>C001097</bioguideId>
        </identifiers>
        <fullName>Rep. Cardenas, Tony [D-CA-29]</fullName>
        <firstName>Tony</firstName>
      </item>
      <item>
        <sponsorshipDate>2015-04-16</sponsorshipDate>
        <party>D</party>
        <lastName>Cartwright</lastName>
        <sponsorshipWithdrawnDate />
        <bioguideId>C001090</bioguideId>
        <isOriginalCosponsor>True</isOriginalCosponsor>
        <district>17</district>
        <state>PA</state>
        <middleName />
        <identifiers>
          <lisID>2159</lisID>
          <gpoId />
          <bioguideId>C001090</bioguideId>
        </identifiers>
        <fullName>Rep. Cartwright, Matt [D-PA-17]</fullName>
        <firstName>Matt</firstName>
      </item>
      <item>
        <sponsorshipDate>2015-04-16</sponsorshipDate>
        <party>D</party>
        <lastName>Castor</lastName>
        <sponsorshipWithdrawnDate />
        <bioguideId>C001066</bioguideId>
        <isOriginalCosponsor>True</isOriginalCosponsor>
        <district>14</district>
        <state>FL</state>
        <middleName />
        <identifiers>
          <lisID>1839</lisID>
          <gpoId>7883</gpoId>
          <bioguideId>C001066</bioguideId>
        </identifiers>
        <fullName>Rep. Castor, Kathy [D-FL-14]</fullName>
        <firstName>Kathy</firstName>
      </item>
      <item>
        <sponsorshipDate>2015-04-16</sponsorshipDate>
        <party>D</party>
        <lastName>Castro</lastName>
        <sponsorshipWithdrawnDate />
        <bioguideId>C001091</bioguideId>
        <isOriginalCosponsor>True</isOriginalCosponsor>
        <district>20</district>
        <state>TX</state>
        <middleName />
        <identifiers>
          <lisID>2163</lisID>
          <gpoId />
          <bioguideId>C001091</bioguideId>
        </identifiers>
        <fullName>Rep. Castro, Joaquin [D-TX-20]</fullName>
        <firstName>Joaquin</firstName>
      </item>
      <item>
        <sponsorshipDate>2015-04-16</sponsorshipDate>
        <party>D</party>
        <lastName>Chu</lastName>
        <sponsorshipWithdrawnDate />
        <bioguideId>C001080</bioguideId>
        <isOriginalCosponsor>True</isOriginalCosponsor>
        <district>27</district>
        <state>CA</state>
        <middleName />
        <identifiers>
          <gpoId>7837</gpoId>
          <bioguideId>C001080</bioguideId>
          <lisID>1970</lisID>
        </identifiers>
        <fullName>Rep. Chu, Judy [D-CA-27]</fullName>
        <firstName>Judy</firstName>
      </item>
      <item>
        <sponsorshipDate>2015-04-16</sponsorshipDate>
        <party>D</party>
        <lastName>Cicilline</lastName>
        <sponsorshipWithdrawnDate />
        <bioguideId>C001084</bioguideId>
        <isOriginalCosponsor>True</isOriginalCosponsor>
        <district>1</district>
        <state>RI</state>
        <middleName>N.</middleName>
        <identifiers>
          <lisID>2055</lisID>
          <gpoId>8139</gpoId>
          <bioguideId>C001084</bioguideId>
        </identifiers>
        <fullName>Rep. Cicilline, David N. [D-RI-1]</fullName>
        <firstName>David</firstName>
      </item>
      <item>
        <sponsorshipDate>2015-04-16</sponsorshipDate>
        <party>D</party>
        <lastName>Clark</lastName>
        <sponsorshipWithdrawnDate />
        <bioguideId>C001101</bioguideId>
        <isOriginalCosponsor>True</isOriginalCosponsor>
        <district>5</district>
        <state>MA</state>
        <middleName>M.</middleName>
        <identifiers>
          <bioguideId>C001101</bioguideId>
          <lisID>2196</lisID>
          <gpoId />
        </identifiers>
        <fullName>Rep. Clark, Katherine M. [D-MA-5]</fullName>
        <firstName>Katherine</firstName>
      </item>
      <item>
        <sponsorshipDate>2015-04-16</sponsorshipDate>
        <party>D</party>
        <lastName>Clarke</lastName>
        <sponsorshipWithdrawnDate />
        <bioguideId>C001067</bioguideId>
        <isOriginalCosponsor>True</isOriginalCosponsor>
        <district>9</district>
        <state>NY</state>
        <middleName>D.</middleName>
        <identifiers>
          <bioguideId>C001067</bioguideId>
          <gpoId>8072</gpoId>
          <lisID>1864</lisID>
        </identifiers>
        <fullName>Rep. Clarke, Yvette D. [D-NY-9]</fullName>
        <firstName>Yvette</firstName>
      </item>
      <item>
        <sponsorshipDate>2015-04-16</sponsorshipDate>
        <party>D</party>
        <lastName>CLYBURN</lastName>
        <sponsorshipWithdrawnDate />
        <bioguideId>C000537</bioguideId>
        <isOriginalCosponsor>True</isOriginalCosponsor>
        <district>6</district>
        <state>SC</state>
        <middleName>E.</middleName>
        <identifiers>
          <bioguideId>C000537</bioguideId>
          <lisID>208</lisID>
          <gpoId>8146</gpoId>
        </identifiers>
        <fullName>Rep. Clyburn, James E. [D-SC-6]</fullName>
        <firstName>JAMES</firstName>
      </item>
      <item>
        <sponsorshipDate>2015-04-16</sponsorshipDate>
        <party>D</party>
        <lastName>Cohen</lastName>
        <sponsorshipWithdrawnDate />
        <bioguideId>C001068</bioguideId>
        <isOriginalCosponsor>True</isOriginalCosponsor>
        <district>9</district>
        <state>TN</state>
        <middleName />
        <identifiers>
          <lisID>1878</lisID>
          <gpoId>8156</gpoId>
          <bioguideId>C001068</bioguideId>
        </identifiers>
        <fullName>Rep. Cohen, Steve [D-TN-9]</fullName>
        <firstName>Steve</firstName>
      </item>
      <item>
        <sponsorshipDate>2015-04-16</sponsorshipDate>
        <party>D</party>
        <lastName>Connolly</lastName>
        <sponsorshipWithdrawnDate />
        <bioguideId>C001078</bioguideId>
        <isOriginalCosponsor>True</isOriginalCosponsor>
        <district>11</district>
        <state>VA</state>
        <middleName>E.</middleName>
        <identifiers>
          <gpoId>8202</gpoId>
          <bioguideId>C001078</bioguideId>
          <lisID>1959</lisID>
        </identifiers>
        <fullName>Rep. Connolly, Gerald E. [D-VA-11]</fullName>
        <firstName>Gerald</firstName>
      </item>
      <item>
        <sponsorshipDate>2015-04-16</sponsorshipDate>
        <party>D</party>
        <lastName>CONYERS</lastName>
        <sponsorshipWithdrawnDate />
        <bioguideId>C000714</bioguideId>
        <isOriginalCosponsor>True</isOriginalCosponsor>
        <district>13</district>
        <state>MI</state>
        <middleName />
        <identifiers>
          <lisID>229</lisID>
          <gpoId>7999</gpoId>
          <bioguideId>C000714</bioguideId>
        </identifiers>
        <fullName>Rep. Conyers, John, Jr. [D-MI-13]</fullName>
        <firstName>JOHN</firstName>
      </item>
      <item>
        <sponsorshipDate>2015-04-16</sponsorshipDate>
        <party>D</party>
        <lastName>Courtney</lastName>
        <sponsorshipWithdrawnDate />
        <bioguideId>C001069</bioguideId>
        <isOriginalCosponsor>True</isOriginalCosponsor>
        <district>2</district>
        <state>CT</state>
        <middleName />
        <identifiers>
          <lisID>1836</lisID>
          <gpoId>7867</gpoId>
          <bioguideId>C001069</bioguideId>
        </identifiers>
        <fullName>Rep. Courtney, Joe [D-CT-2]</fullName>
        <firstName>Joe</firstName>
      </item>
      <item>
        <sponsorshipDate>2015-04-16</sponsorshipDate>
        <party>D</party>
        <lastName>CROWLEY</lastName>
        <sponsorshipWithdrawnDate />
        <bioguideId>C001038</bioguideId>
        <isOriginalCosponsor>True</isOriginalCosponsor>
        <district>14</district>
        <state>NY</state>
        <middleName />
        <identifiers>
          <gpoId>8068</gpoId>
          <bioguideId>C001038</bioguideId>
          <lisID>1604</lisID>
        </identifiers>
        <fullName>Rep. Crowley, Joseph [D-NY-14]</fullName>
        <firstName>JOSEPH</firstName>
      </item>
      <item>
        <sponsorshipDate>2015-04-16</sponsorshipDate>
        <party>D</party>
        <lastName>CUMMINGS</lastName>
        <sponsorshipWithdrawnDate />
        <bioguideId>C000984</bioguideId>
        <isOriginalCosponsor>True</isOriginalCosponsor>
        <district>7</district>
        <state>MD</state>
        <middleName>E.</middleName>
        <identifiers>
          <gpoId>7982</gpoId>
          <bioguideId>C000984</bioguideId>
          <lisID>256</lisID>
        </identifiers>
        <fullName>Rep. Cummings, Elijah E. [D-MD-7]</fullName>
        <firstName>ELIJAH</firstName>
      </item>
      <item>
        <sponsorshipDate>2015-04-16</sponsorshipDate>
        <party>D</party>
        <lastName>DAVIS</lastName>
        <sponsorshipWithdrawnDate />
        <bioguideId>D000598</bioguideId>
        <isOriginalCosponsor>True</isOriginalCosponsor>
        <district>53</district>
        <state>CA</state>
        <middleName>A.</middleName>
        <identifiers>
          <bioguideId>D000598</bioguideId>
          <lisID>1641</lisID>
          <gpoId>7858</gpoId>
        </identifiers>
        <fullName>Rep. Davis, Susan A. [D-CA-53]</fullName>
        <firstName>SUSAN</firstName>
      </item>
      <item>
        <sponsorshipDate>2015-04-16</sponsorshipDate>
        <party>D</party>
        <lastName>DEGETTE</lastName>
        <sponsorshipWithdrawnDate />
        <bioguideId>D000197</bioguideId>
        <isOriginalCosponsor>True</isOriginalCosponsor>
        <district>1</district>
        <state>CO</state>
        <middleName />
        <identifiers>
          <lisID>1479</lisID>
          <gpoId>7859</gpoId>
          <bioguideId>D000197</bioguideId>
        </identifiers>
        <fullName>Rep. DeGette, Diana [D-CO-1]</fullName>
        <firstName>DIANA</firstName>
      </item>
      <item>
        <sponsorshipDate>2015-04-16</sponsorshipDate>
        <party>D</party>
        <lastName>Delaney</lastName>
        <sponsorshipWithdrawnDate />
        <bioguideId>D000620</bioguideId>
        <isOriginalCosponsor>True</isOriginalCosponsor>
        <district>6</district>
        <state>MD</state>
        <middleName>K.</middleName>
        <identifiers>
          <lisID>2133</lisID>
          <gpoId />
          <bioguideId>D000620</bioguideId>
        </identifiers>
        <fullName>Rep. Delaney, John K. [D-MD-6]</fullName>
        <firstName>John</firstName>
      </item>
      <item>
        <sponsorshipDate>2015-04-16</sponsorshipDate>
        <party>D</party>
        <lastName>DELAURO</lastName>
        <sponsorshipWithdrawnDate />
        <bioguideId>D000216</bioguideId>
        <isOriginalCosponsor>True</isOriginalCosponsor>
        <district>3</district>
        <state>CT</state>
        <middleName />
        <identifiers>
          <lisID>281</lisID>
          <gpoId>7868</gpoId>
          <bioguideId>D000216</bioguideId>
        </identifiers>
        <fullName>Rep. DeLauro, Rosa L. [D-CT-3]</fullName>
        <firstName>ROSA</firstName>
      </item>
      <item>
        <sponsorshipDate>2015-04-16</sponsorshipDate>
        <party>D</party>
        <lastName>DelBene</lastName>
        <sponsorshipWithdrawnDate />
        <bioguideId>D000617</bioguideId>
        <isOriginalCosponsor>True</isOriginalCosponsor>
        <district>1</district>
        <state>WA</state>
        <middleName>K.</middleName>
        <identifiers>
          <gpoId>8374</gpoId>
          <bioguideId>D000617</bioguideId>
          <lisID>2096</lisID>
        </identifiers>
        <fullName>Rep. DelBene, Suzan K. [D-WA-1]</fullName>
        <firstName>Suzan</firstName>
      </item>
      <item>
        <sponsorshipDate>2015-04-16</sponsorshipDate>
        <party>D</party>
        <lastName>DeSaulnier</lastName>
        <sponsorshipWithdrawnDate />
        <bioguideId>D000623</bioguideId>
        <isOriginalCosponsor>True</isOriginalCosponsor>
        <district>11</district>
        <state>CA</state>
        <middleName />
        <identifiers>
          <gpoId />
          <bioguideId>D000623</bioguideId>
          <lisID>2227</lisID>
        </identifiers>
        <fullName>Rep. DeSaulnier, Mark [D-CA-11]</fullName>
        <firstName>Mark</firstName>
      </item>
      <item>
        <sponsorshipDate>2015-04-16</sponsorshipDate>
        <party>D</party>
        <lastName>Deutch</lastName>
        <sponsorshipWithdrawnDate />
        <bioguideId>D000610</bioguideId>
        <isOriginalCosponsor>True</isOriginalCosponsor>
        <district>21</district>
        <state>FL</state>
        <middleName>E.</middleName>
        <identifiers>
          <bioguideId>D000610</bioguideId>
          <lisID>1976</lisID>
          <gpoId>7891</gpoId>
        </identifiers>
        <fullName>Rep. Deutch, Theodore E. [D-FL-21]</fullName>
        <firstName>Theodore</firstName>
      </item>
      <item>
        <sponsorshipDate>2015-04-16</sponsorshipDate>
        <party>D</party>
        <lastName>Duckworth</lastName>
        <sponsorshipWithdrawnDate />
        <bioguideId>D000622</bioguideId>
        <isOriginalCosponsor>True</isOriginalCosponsor>
        <district>8</district>
        <state>IL</state>
        <middleName />
        <identifiers>
          <lisID>2123</lisID>
          <gpoId />
          <bioguideId>D000622</bioguideId>
        </identifiers>
        <fullName>Rep. Duckworth, Tammy [D-IL-8]</fullName>
        <firstName>Tammy</firstName>
      </item>
      <item>
        <sponsorshipDate>2015-04-16</sponsorshipDate>
        <party>D</party>
        <lastName>Edwards</lastName>
        <sponsorshipWithdrawnDate />
        <bioguideId>E000290</bioguideId>
        <isOriginalCosponsor>True</isOriginalCosponsor>
        <district>4</district>
        <state>MD</state>
        <middleName>F.</middleName>
        <identifiers>
          <bioguideId>E000290</bioguideId>
          <gpoId>7979</gpoId>
          <lisID>1894</lisID>
        </identifiers>
        <fullName>Rep. Edwards, Donna F. [D-MD-4]</fullName>
        <firstName>Donna</firstName>
      </item>
      <item>
        <sponsorshipDate>2015-04-16</sponsorshipDate>
        <party>D</party>
        <lastName>Ellison</lastName>
        <sponsorshipWithdrawnDate />
        <bioguideId>E000288</bioguideId>
        <isOriginalCosponsor>True</isOriginalCosponsor>
        <district>5</district>
        <state>MN</state>
        <middleName />
        <identifiers>
          <bioguideId>E000288</bioguideId>
          <lisID>1857</lisID>
          <gpoId>8005</gpoId>
        </identifiers>
        <fullName>Rep. Ellison, Keith [D-MN-5]</fullName>
        <firstName>Keith</firstName>
      </item>
      <item>
        <sponsorshipDate>2015-04-16</sponsorshipDate>
        <party>D</party>
        <lastName>ENGEL</lastName>
        <sponsorshipWithdrawnDate />
        <bioguideId>E000179</bioguideId>
        <isOriginalCosponsor>True</isOriginalCosponsor>
        <district>16</district>
        <state>NY</state>
        <middleName>L.</middleName>
        <identifiers>
          <bioguideId>E000179</bioguideId>
          <lisID>344</lisID>
          <gpoId>8078</gpoId>
        </identifiers>
        <fullName>Rep. Engel, Eliot L. [D-NY-16]</fullName>
        <firstName>ELIOT</firstName>
      </item>
      <item>
        <sponsorshipDate>2015-04-16</sponsorshipDate>
        <party>D</party>
        <lastName>Esty</lastName>
        <sponsorshipWithdrawnDate />
        <bioguideId>E000293</bioguideId>
        <isOriginalCosponsor>True</isOriginalCosponsor>
        <district>5</district>
        <state>CT</state>
        <middleName>H.</middleName>
        <identifiers>
          <bioguideId>E000293</bioguideId>
          <lisID>2114</lisID>
          <gpoId />
        </identifiers>
        <fullName>Rep. Esty, Elizabeth H. [D-CT-5]</fullName>
        <firstName>Elizabeth</firstName>
      </item>
      <item>
        <sponsorshipDate>2015-04-16</sponsorshipDate>
        <party>D</party>
        <lastName>FARR</lastName>
        <sponsorshipWithdrawnDate />
        <bioguideId>F000030</bioguideId>
        <isOriginalCosponsor>True</isOriginalCosponsor>
        <district>20</district>
        <state>CA</state>
        <middleName />
        <identifiers>
          <bioguideId>F000030</bioguideId>
          <lisID>368</lisID>
          <gpoId>7822</gpoId>
        </identifiers>
        <fullName>Rep. Farr, Sam [D-CA-20]</fullName>
        <firstName>SAM</firstName>
      </item>
      <item>
        <sponsorshipDate>2015-04-16</sponsorshipDate>
        <party>D</party>
        <lastName>Foster</lastName>
        <sponsorshipWithdrawnDate />
        <bioguideId>F000454</bioguideId>
        <isOriginalCosponsor>True</isOriginalCosponsor>
        <district>11</district>
        <state>IL</state>
        <middleName />
        <identifiers>
          <bioguideId>F000454</bioguideId>
          <lisID>1888</lisID>
          <gpoId>7355</gpoId>
        </identifiers>
        <fullName>Rep. Foster, Bill [D-IL-11]</fullName>
        <firstName>Bill</firstName>
      </item>
      <item>
        <sponsorshipDate>2015-04-16</sponsorshipDate>
        <party>D</party>
        <lastName>Frankel</lastName>
        <sponsorshipWithdrawnDate />
        <bioguideId>F000462</bioguideId>
        <isOriginalCosponsor>True</isOriginalCosponsor>
        <district>22</district>
        <state>FL</state>
        <middleName />
        <identifiers>
          <lisID>2119</lisID>
          <gpoId />
          <bioguideId>F000462</bioguideId>
        </identifiers>
        <fullName>Rep. Frankel, Lois [D-FL-22]</fullName>
        <firstName>Lois</firstName>
      </item>
      <item>
        <sponsorshipDate>2015-04-16</sponsorshipDate>
        <party>D</party>
        <lastName>Fudge</lastName>
        <sponsorshipWithdrawnDate />
        <bioguideId>F000455</bioguideId>
        <isOriginalCosponsor>True</isOriginalCosponsor>
        <district>11</district>
        <state>OH</state>
        <middleName>L.</middleName>
        <identifiers>
          <bioguideId>F000455</bioguideId>
          <lisID>1895</lisID>
          <gpoId>8101</gpoId>
        </identifiers>
        <fullName>Rep. Fudge, Marcia L. [D-OH-11]</fullName>
        <firstName>Marcia</firstName>
      </item>
      <item>
        <sponsorshipDate>2015-04-16</sponsorshipDate>
        <party>D</party>
        <lastName>Gabbard</lastName>
        <sponsorshipWithdrawnDate />
        <bioguideId>G000571</bioguideId>
        <isOriginalCosponsor>True</isOriginalCosponsor>
        <district>2</district>
        <state>HI</state>
        <middleName />
        <identifiers>
          <lisID>2122</lisID>
          <gpoId />
          <bioguideId>G000571</bioguideId>
        </identifiers>
        <fullName>Rep. Gabbard, Tulsi [D-HI-2]</fullName>
        <firstName>Tulsi</firstName>
      </item>
      <item>
        <sponsorshipDate>2015-04-16</sponsorshipDate>
        <party>D</party>
        <lastName>Gallego</lastName>
        <sponsorshipWithdrawnDate />
        <bioguideId>G000574</bioguideId>
        <isOriginalCosponsor>True</isOriginalCosponsor>
        <district>7</district>
        <state>AZ</state>
        <middleName />
        <identifiers>
          <bioguideId>G000574</bioguideId>
          <lisID>2226</lisID>
          <gpoId />
        </identifiers>
        <fullName>Rep. Gallego, Ruben [D-AZ-7]</fullName>
        <firstName>Ruben</firstName>
      </item>
      <item>
        <sponsorshipDate>2015-04-16</sponsorshipDate>
        <party>D</party>
        <lastName>Grayson</lastName>
        <sponsorshipWithdrawnDate />
        <bioguideId>G000556</bioguideId>
        <isOriginalCosponsor>True</isOriginalCosponsor>
        <district>9</district>
        <state>FL</state>
        <middleName />
        <identifiers>
          <bioguideId>G000556</bioguideId>
          <gpoId>7302</gpoId>
          <lisID>1914</lisID>
        </identifiers>
        <fullName>Rep. Grayson, Alan [D-FL-9]</fullName>
        <firstName>Alan</firstName>
      </item>
      <item>
        <sponsorshipDate>2015-04-16</sponsorshipDate>
        <party>D</party>
        <lastName>Grijalva</lastName>
        <sponsorshipWithdrawnDate />
        <bioguideId>G000551</bioguideId>
        <isOriginalCosponsor>True</isOriginalCosponsor>
        <district>3</district>
        <state>AZ</state>
        <middleName>M.</middleName>
        <identifiers>
          <bioguideId>G000551</bioguideId>
          <lisID>1708</lisID>
          <gpoId>7804</gpoId>
        </identifiers>
        <fullName>Rep. Grijalva, Raul M. [D-AZ-3]</fullName>
        <firstName>Raul</firstName>
      </item>
      <item>
        <sponsorshipDate>2015-04-16</sponsorshipDate>
        <party>D</party>
        <lastName>GUTIERREZ</lastName>
        <sponsorshipWithdrawnDate />
        <bioguideId>G000535</bioguideId>
        <isOriginalCosponsor>True</isOriginalCosponsor>
        <district>4</district>
        <state>IL</state>
        <middleName>V.</middleName>
        <identifiers>
          <bioguideId>G000535</bioguideId>
          <lisID>478</lisID>
          <gpoId>7924</gpoId>
        </identifiers>
        <fullName>Rep. Gutierrez, Luis V. [D-IL-4]</fullName>
        <firstName>LUIS</firstName>
      </item>
      <item>
        <sponsorshipDate>2015-04-16</sponsorshipDate>
        <party>D</party>
        <lastName>Hahn</lastName>
        <sponsorshipWithdrawnDate />
        <bioguideId>H001063</bioguideId>
        <isOriginalCosponsor>True</isOriginalCosponsor>
        <district>44</district>
        <state>CA</state>
        <middleName />
        <identifiers>
          <gpoId>8360</gpoId>
          <bioguideId>H001063</bioguideId>
          <lisID>2089</lisID>
        </identifiers>
        <fullName>Rep. Hahn, Janice [D-CA-44]</fullName>
        <firstName>Janice</firstName>
      </item>
      <item>
        <sponsorshipDate>2015-04-16</sponsorshipDate>
        <party>D</party>
        <lastName>HASTINGS</lastName>
        <sponsorshipWithdrawnDate />
        <bioguideId>H000324</bioguideId>
        <isOriginalCosponsor>True</isOriginalCosponsor>
        <district>20</district>
        <state>FL</state>
        <middleName>L.</middleName>
        <identifiers>
          <gpoId>7895</gpoId>
          <bioguideId>H000324</bioguideId>
          <lisID>511</lisID>
        </identifiers>
        <fullName>Rep. Hastings, Alcee L. [D-FL-20]</fullName>
        <firstName>ALCEE</firstName>
      </item>
      <item>
        <sponsorshipDate>2015-04-16</sponsorshipDate>
        <party>D</party>
        <lastName>Heck</lastName>
        <sponsorshipWithdrawnDate />
        <bioguideId>H001064</bioguideId>
        <isOriginalCosponsor>True</isOriginalCosponsor>
        <district>10</district>
        <state>WA</state>
        <middleName />
        <identifiers>
          <lisID>2170</lisID>
          <gpoId />
          <bioguideId>H001064</bioguideId>
        </identifiers>
        <fullName>Rep. Heck, Denny [D-WA-10]</fullName>
        <firstName>Denny</firstName>
      </item>
      <item>
        <sponsorshipDate>2015-04-16</sponsorshipDate>
        <party>D</party>
        <lastName>Higgins</lastName>
        <sponsorshipWithdrawnDate />
        <bioguideId>H001038</bioguideId>
        <isOriginalCosponsor>True</isOriginalCosponsor>
        <district>26</district>
        <state>NY</state>
        <middleName />
        <identifiers>
          <lisID>1794</lisID>
          <gpoId>8088</gpoId>
          <bioguideId>H001038</bioguideId>
        </identifiers>
        <fullName>Rep. Higgins, Brian [D-NY-26]</fullName>
        <firstName>Brian</firstName>
      </item>
      <item>
        <sponsorshipDate>2015-04-16</sponsorshipDate>
        <party>D</party>
        <lastName>Himes</lastName>
        <sponsorshipWithdrawnDate />
        <bioguideId>H001047</bioguideId>
        <isOriginalCosponsor>True</isOriginalCosponsor>
        <district>4</district>
        <state>CT</state>
        <middleName>A.</middleName>
        <identifiers>
          <lisID>1913</lisID>
          <gpoId>7869</gpoId>
          <bioguideId>H001047</bioguideId>
        </identifiers>
        <fullName>Rep. Himes, James A. [D-CT-4]</fullName>
        <firstName>James</firstName>
      </item>
      <item>
        <sponsorshipDate>2015-04-16</sponsorshipDate>
        <party>D</party>
        <lastName>HONDA</lastName>
        <sponsorshipWithdrawnDate />
        <bioguideId>H001034</bioguideId>
        <isOriginalCosponsor>True</isOriginalCosponsor>
        <district>17</district>
        <state>CA</state>
        <middleName>M.</middleName>
        <identifiers>
          <bioguideId>H001034</bioguideId>
          <lisID>1634</lisID>
          <gpoId>7820</gpoId>
        </identifiers>
        <fullName>Rep. Honda, Michael M. [D-CA-17]</fullName>
        <firstName>MICHAEL</firstName>
      </item>
      <item>
        <sponsorshipDate>2015-04-16</sponsorshipDate>
        <party>D</party>
        <lastName>HOYER</lastName>
        <sponsorshipWithdrawnDate />
        <bioguideId>H000874</bioguideId>
        <isOriginalCosponsor>True</isOriginalCosponsor>
        <district>5</district>
        <state>MD</state>
        <middleName>H.</middleName>
        <identifiers>
          <lisID>566</lisID>
          <gpoId>7980</gpoId>
          <bioguideId>H000874</bioguideId>
        </identifiers>
        <fullName>Rep. Hoyer, Steny H. [D-MD-5]</fullName>
        <firstName>STENY</firstName>
      </item>
      <item>
        <sponsorshipDate>2015-04-16</sponsorshipDate>
        <party>D</party>
        <lastName>ISRAEL</lastName>
        <sponsorshipWithdrawnDate />
        <bioguideId>I000057</bioguideId>
        <isOriginalCosponsor>True</isOriginalCosponsor>
        <district>3</district>
        <state>NY</state>
        <middleName />
        <identifiers>
          <lisID>1663</lisID>
          <gpoId>8063</gpoId>
          <bioguideId>I000057</bioguideId>
        </identifiers>
        <fullName>Rep. Israel, Steve [D-NY-3]</fullName>
        <firstName>STEVE</firstName>
      </item>
      <item>
        <sponsorshipDate>2015-04-16</sponsorshipDate>
        <party>D</party>
        <lastName>JACKSON LEE</lastName>
        <sponsorshipWithdrawnDate />
        <bioguideId>J000032</bioguideId>
        <isOriginalCosponsor>True</isOriginalCosponsor>
        <district>18</district>
        <state>TX</state>
        <middleName />
        <identifiers>
          <gpoId>8174</gpoId>
          <bioguideId>J000032</bioguideId>
          <lisID>588</lisID>
        </identifiers>
        <fullName>Rep. Jackson Lee, Sheila [D-TX-18]</fullName>
        <firstName>SHEILA</firstName>
      </item>
      <item>
        <sponsorshipDate>2015-04-16</sponsorshipDate>
        <party>D</party>
        <lastName>Johnson</lastName>
        <sponsorshipWithdrawnDate />
        <bioguideId>J000288</bioguideId>
        <isOriginalCosponsor>True</isOriginalCosponsor>
        <district>4</district>
        <state>GA</state>
        <middleName>C. "Hank"</middleName>
        <identifiers>
          <gpoId>7901</gpoId>
          <bioguideId>J000288</bioguideId>
          <lisID>1843</lisID>
        </identifiers>
        <fullName>Rep. Johnson, Henry C. "Hank," Jr. [D-GA-4]</fullName>
        <firstName>Henry</firstName>
      </item>
      <item>
        <sponsorshipDate>2015-04-16</sponsorshipDate>
        <party>D</party>
        <lastName>Keating</lastName>
        <sponsorshipWithdrawnDate />
        <bioguideId>K000375</bioguideId>
        <isOriginalCosponsor>True</isOriginalCosponsor>
        <district>9</district>
        <state>MA</state>
        <middleName>R.</middleName>
        <identifiers>
          <gpoId>7975</gpoId>
          <bioguideId>K000375</bioguideId>
          <lisID>2025</lisID>
        </identifiers>
        <fullName>Rep. Keating, William R. [D-MA-9]</fullName>
        <firstName>William</firstName>
      </item>
      <item>
        <sponsorshipDate>2015-04-16</sponsorshipDate>
        <party>D</party>
        <lastName>Kennedy</lastName>
        <sponsorshipWithdrawnDate />
        <bioguideId>K000379</bioguideId>
        <isOriginalCosponsor>True</isOriginalCosponsor>
        <district>4</district>
        <state>MA</state>
        <middleName>P.</middleName>
        <identifiers>
          <lisID>2172</lisID>
          <gpoId />
          <bioguideId>K000379</bioguideId>
        </identifiers>
        <fullName>Rep. Kennedy, Joseph P., III [D-MA-4]</fullName>
        <firstName>Joseph</firstName>
      </item>
      <item>
        <sponsorshipDate>2015-04-16</sponsorshipDate>
        <party>D</party>
        <lastName>Kildee</lastName>
        <sponsorshipWithdrawnDate />
        <bioguideId>K000380</bioguideId>
        <isOriginalCosponsor>True</isOriginalCosponsor>
        <district>5</district>
        <state>MI</state>
        <middleName>T.</middleName>
        <identifiers>
          <gpoId />
          <bioguideId>K000380</bioguideId>
          <lisID>2134</lisID>
        </identifiers>
        <fullName>Rep. Kildee, Daniel T. [D-MI-5]</fullName>
        <firstName>Daniel</firstName>
      </item>
      <item>
        <sponsorshipDate>2015-04-16</sponsorshipDate>
        <party>D</party>
        <lastName>Kilmer</lastName>
        <sponsorshipWithdrawnDate />
        <bioguideId>K000381</bioguideId>
        <isOriginalCosponsor>True</isOriginalCosponsor>
        <district>6</district>
        <state>WA</state>
        <middleName />
        <identifiers>
          <bioguideId>K000381</bioguideId>
          <gpoId />
          <lisID>2169</lisID>
        </identifiers>
        <fullName>Rep. Kilmer, Derek [D-WA-6]</fullName>
        <firstName>Derek</firstName>
      </item>
      <item>
        <sponsorshipDate>2015-04-16</sponsorshipDate>
        <party>D</party>
        <lastName>Kirkpatrick</lastName>
        <sponsorshipWithdrawnDate />
        <bioguideId>K000368</bioguideId>
        <isOriginalCosponsor>True</isOriginalCosponsor>
        <district>1</district>
        <state>AZ</state>
        <middleName />
        <identifiers>
          <bioguideId>K000368</bioguideId>
          <lisID>1907</lisID>
          <gpoId>7220</gpoId>
        </identifiers>
        <fullName>Rep. Kirkpatrick, Ann [D-AZ-1]</fullName>
        <firstName>Ann</firstName>
      </item>
      <item>
        <sponsorshipDate>2015-04-16</sponsorshipDate>
        <party>D</party>
        <lastName>Kuster</lastName>
        <sponsorshipWithdrawnDate />
        <bioguideId>K000382</bioguideId>
        <isOriginalCosponsor>True</isOriginalCosponsor>
        <district>2</district>
        <state>NH</state>
        <middleName>M.</middleName>
        <identifiers>
          <bioguideId>K000382</bioguideId>
          <lisID>2145</lisID>
          <gpoId />
        </identifiers>
        <fullName>Rep. Kuster, Ann M. [D-NH-2]</fullName>
        <firstName>Ann</firstName>
      </item>
      <item>
        <sponsorshipDate>2015-04-16</sponsorshipDate>
        <party>D</party>
        <lastName>LANGEVIN</lastName>
        <sponsorshipWithdrawnDate />
        <bioguideId>L000559</bioguideId>
        <isOriginalCosponsor>True</isOriginalCosponsor>
        <district>2</district>
        <state>RI</state>
        <middleName>R.</middleName>
        <identifiers>
          <bioguideId>L000559</bioguideId>
          <gpoId>8140</gpoId>
          <lisID>1668</lisID>
        </identifiers>
        <fullName>Rep. Langevin, James R. [D-RI-2]</fullName>
        <firstName>JAMES</firstName>
      </item>
      <item>
        <sponsorshipDate>2015-04-16</sponsorshipDate>
        <party>D</party>
        <lastName>LARSEN</lastName>
        <sponsorshipWithdrawnDate />
        <bioguideId>L000560</bioguideId>
        <isOriginalCosponsor>True</isOriginalCosponsor>
        <district>2</district>
        <state>WA</state>
        <middleName />
        <identifiers>
          <bioguideId>L000560</bioguideId>
          <lisID>1675</lisID>
          <gpoId>8206</gpoId>
        </identifiers>
        <fullName>Rep. Larsen, Rick [D-WA-2]</fullName>
        <firstName>RICK</firstName>
      </item>
      <item>
        <sponsorshipDate>2015-04-16</sponsorshipDate>
        <party>D</party>
        <lastName>LARSON</lastName>
        <sponsorshipWithdrawnDate />
        <bioguideId>L000557</bioguideId>
        <isOriginalCosponsor>True</isOriginalCosponsor>
        <district>1</district>
        <state>CT</state>
        <middleName>B.</middleName>
        <identifiers>
          <gpoId>7866</gpoId>
          <bioguideId>L000557</bioguideId>
          <lisID>1583</lisID>
        </identifiers>
        <fullName>Rep. Larson, John B. [D-CT-1]</fullName>
        <firstName>JOHN</firstName>
      </item>
      <item>
        <sponsorshipDate>2015-04-16</sponsorshipDate>
        <party>D</party>
        <lastName>Lawrence</lastName>
        <sponsorshipWithdrawnDate />
        <bioguideId>L000581</bioguideId>
        <isOriginalCosponsor>True</isOriginalCosponsor>
        <district>14</district>
        <state>MI</state>
        <middleName>L.</middleName>
        <identifiers>
          <lisID>2252</lisID>
          <gpoId />
          <bioguideId>L000581</bioguideId>
        </identifiers>
        <fullName>Rep. Lawrence, Brenda L. [D-MI-14]</fullName>
        <firstName>Brenda</firstName>
      </item>
      <item>
        <sponsorshipDate>2015-04-16</sponsorshipDate>
        <party>D</party>
        <lastName>LEE</lastName>
        <sponsorshipWithdrawnDate />
        <bioguideId>L000551</bioguideId>
        <isOriginalCosponsor>True</isOriginalCosponsor>
        <district>13</district>
        <state>CA</state>
        <middleName />
        <identifiers>
          <lisID>1501</lisID>
          <gpoId>7814</gpoId>
          <bioguideId>L000551</bioguideId>
        </identifiers>
        <fullName>Rep. Lee, Barbara [D-CA-13]</fullName>
        <firstName>BARBARA</firstName>
      </item>
      <item>
        <sponsorshipDate>2015-04-16</sponsorshipDate>
        <party>D</party>
        <lastName>LEWIS</lastName>
        <sponsorshipWithdrawnDate />
        <bioguideId>L000287</bioguideId>
        <isOriginalCosponsor>True</isOriginalCosponsor>
        <district>5</district>
        <state>GA</state>
        <middleName />
        <identifiers>
          <lisID>688</lisID>
          <gpoId>7902</gpoId>
          <bioguideId>L000287</bioguideId>
        </identifiers>
        <fullName>Rep. Lewis, John [D-GA-5]</fullName>
        <firstName>JOHN</firstName>
      </item>
      <item>
        <sponsorshipDate>2015-04-16</sponsorshipDate>
        <party>D</party>
        <lastName>Lieu</lastName>
        <sponsorshipWithdrawnDate />
        <bioguideId>L000582</bioguideId>
        <isOriginalCosponsor>True</isOriginalCosponsor>
        <district>33</district>
        <state>CA</state>
        <middleName />
        <identifiers>
          <bioguideId>L000582</bioguideId>
          <lisID>2230</lisID>
          <gpoId />
        </identifiers>
        <fullName>Rep. Lieu, Ted [D-CA-33]</fullName>
        <firstName>Ted</firstName>
      </item>
      <item>
        <sponsorshipDate>2015-04-16</sponsorshipDate>
        <party>D</party>
        <lastName>LOFGREN</lastName>
        <sponsorshipWithdrawnDate />
        <bioguideId>L000397</bioguideId>
        <isOriginalCosponsor>True</isOriginalCosponsor>
        <district>19</district>
        <state>CA</state>
        <middleName />
        <identifiers>
          <lisID>701</lisID>
          <gpoId>7821</gpoId>
          <bioguideId>L000397</bioguideId>
        </identifiers>
        <fullName>Rep. Lofgren, Zoe [D-CA-19]</fullName>
        <firstName>ZOE</firstName>
      </item>
      <item>
        <sponsorshipDate>2015-04-16</sponsorshipDate>
        <party>D</party>
        <lastName>Lowenthal</lastName>
        <sponsorshipWithdrawnDate />
        <bioguideId>L000579</bioguideId>
        <isOriginalCosponsor>True</isOriginalCosponsor>
        <district>47</district>
        <state>CA</state>
        <middleName>S.</middleName>
        <identifiers>
          <bioguideId>L000579</bioguideId>
          <lisID>2111</lisID>
          <gpoId />
        </identifiers>
        <fullName>Rep. Lowenthal, Alan S. [D-CA-47]</fullName>
        <firstName>Alan</firstName>
      </item>
      <item>
        <sponsorshipDate>2015-04-16</sponsorshipDate>
        <party>D</party>
        <lastName>Lujan</lastName>
        <sponsorshipWithdrawnDate />
        <bioguideId>L000570</bioguideId>
        <isOriginalCosponsor>True</isOriginalCosponsor>
        <district>3</district>
        <state>NM</state>
        <middleName>Ray</middleName>
        <identifiers>
          <lisID>1939</lisID>
          <gpoId>8058</gpoId>
          <bioguideId>L000570</bioguideId>
        </identifiers>
        <fullName>Rep. Lujan, Ben Ray [D-NM-3]</fullName>
        <firstName>Ben</firstName>
      </item>
      <item>
        <sponsorshipDate>2015-04-16</sponsorshipDate>
        <party>D</party>
        <lastName>Lujan Grisham</lastName>
        <sponsorshipWithdrawnDate />
        <bioguideId>L000580</bioguideId>
        <isOriginalCosponsor>True</isOriginalCosponsor>
        <district>1</district>
        <state>NM</state>
        <middleName />
        <identifiers>
          <gpoId />
          <bioguideId>L000580</bioguideId>
          <lisID>2146</lisID>
        </identifiers>
        <fullName>Rep. Lujan Grisham, Michelle [D-NM-1]</fullName>
        <firstName>Michelle</firstName>
      </item>
      <item>
        <sponsorshipDate>2015-04-16</sponsorshipDate>
        <party>D</party>
        <lastName>MALONEY</lastName>
        <sponsorshipWithdrawnDate />
        <bioguideId>M000087</bioguideId>
        <isOriginalCosponsor>True</isOriginalCosponsor>
        <district>12</district>
        <state>NY</state>
        <middleName>B.</middleName>
        <identifiers>
          <lisID>729</lisID>
          <gpoId>8075</gpoId>
          <bioguideId>M000087</bioguideId>
        </identifiers>
        <fullName>Rep. Maloney, Carolyn B. [D-NY-12]</fullName>
        <firstName>CAROLYN</firstName>
      </item>
      <item>
        <sponsorshipDate>2015-04-16</sponsorshipDate>
        <party>D</party>
        <lastName>Maloney</lastName>
        <sponsorshipWithdrawnDate />
        <bioguideId>M001185</bioguideId>
        <isOriginalCosponsor>True</isOriginalCosponsor>
        <district>18</district>
        <state>NY</state>
        <middleName>Patrick</middleName>
        <identifiers>
          <bioguideId>M001185</bioguideId>
          <lisID>2150</lisID>
          <gpoId />
        </identifiers>
        <fullName>Rep. Maloney, Sean Patrick [D-NY-18]</fullName>
        <firstName>Sean</firstName>
      </item>
      <item>
        <sponsorshipDate>2015-04-16</sponsorshipDate>
        <party>D</party>
        <lastName>Matsui</lastName>
        <sponsorshipWithdrawnDate />
        <bioguideId>M001163</bioguideId>
        <isOriginalCosponsor>True</isOriginalCosponsor>
        <district>6</district>
        <state>CA</state>
        <middleName>O.</middleName>
        <identifiers>
          <bioguideId>M001163</bioguideId>
          <lisID>1814</lisID>
          <gpoId>7810</gpoId>
        </identifiers>
        <fullName>Rep. Matsui, Doris O. [D-CA-6]</fullName>
        <firstName>Doris</firstName>
      </item>
      <item>
        <sponsorshipDate>2015-04-16</sponsorshipDate>
        <party>D</party>
        <lastName>MCCOLLUM</lastName>
        <sponsorshipWithdrawnDate />
        <bioguideId>M001143</bioguideId>
        <isOriginalCosponsor>True</isOriginalCosponsor>
        <district>4</district>
        <state>MN</state>
        <middleName />
        <identifiers>
          <gpoId>8004</gpoId>
          <bioguideId>M001143</bioguideId>
          <lisID>1653</lisID>
        </identifiers>
        <fullName>Rep. McCollum, Betty [D-MN-4]</fullName>
        <firstName>BETTY</firstName>
      </item>
      <item>
        <sponsorshipDate>2015-04-16</sponsorshipDate>
        <party>D</party>
        <lastName>MCDERMOTT</lastName>
        <sponsorshipWithdrawnDate />
        <bioguideId>M000404</bioguideId>
        <isOriginalCosponsor>True</isOriginalCosponsor>
        <district>7</district>
        <state>WA</state>
        <middleName />
        <identifiers>
          <lisID>766</lisID>
          <gpoId>8211</gpoId>
          <bioguideId>M000404</bioguideId>
        </identifiers>
        <fullName>Rep. McDermott, Jim [D-WA-7]</fullName>
        <firstName>JIM</firstName>
      </item>
      <item>
        <sponsorshipDate>2015-04-16</sponsorshipDate>
        <party>D</party>
        <lastName>MCGOVERN</lastName>
        <sponsorshipWithdrawnDate />
        <bioguideId>M000312</bioguideId>
        <isOriginalCosponsor>True</isOriginalCosponsor>
        <district>2</district>
        <state>MA</state>
        <middleName>P.</middleName>
        <identifiers>
          <lisID>1504</lisID>
          <gpoId>7968</gpoId>
          <bioguideId>M000312</bioguideId>
        </identifiers>
        <fullName>Rep. McGovern, James P. [D-MA-2]</fullName>
        <firstName>JAMES</firstName>
      </item>
      <item>
        <sponsorshipDate>2015-04-16</sponsorshipDate>
        <party>D</party>
        <lastName>MEEKS</lastName>
        <sponsorshipWithdrawnDate />
        <bioguideId>M001137</bioguideId>
        <isOriginalCosponsor>True</isOriginalCosponsor>
        <district>5</district>
        <state>NY</state>
        <middleName>W.</middleName>
        <identifiers>
          <gpoId>8067</gpoId>
          <bioguideId>M001137</bioguideId>
          <lisID>1506</lisID>
        </identifiers>
        <fullName>Rep. Meeks, Gregory W. [D-NY-5]</fullName>
        <firstName>GREGORY</firstName>
      </item>
      <item>
        <sponsorshipDate>2015-04-16</sponsorshipDate>
        <party>D</party>
        <lastName>Moore</lastName>
        <sponsorshipWithdrawnDate />
        <bioguideId>M001160</bioguideId>
        <isOriginalCosponsor>True</isOriginalCosponsor>
        <district>4</district>
        <state>WI</state>
        <middleName />
        <identifiers>
          <lisID>1811</lisID>
          <gpoId>8217</gpoId>
          <bioguideId>M001160</bioguideId>
        </identifiers>
        <fullName>Rep. Moore, Gwen [D-WI-4]</fullName>
        <firstName>Gwen</firstName>
      </item>
      <item>
        <sponsorshipDate>2015-04-16</sponsorshipDate>
        <party>D</party>
        <lastName>Moulton</lastName>
        <sponsorshipWithdrawnDate />
        <bioguideId>M001196</bioguideId>
        <isOriginalCosponsor>True</isOriginalCosponsor>
        <district>6</district>
        <state>MA</state>
        <middleName />
        <identifiers>
          <bioguideId>M001196</bioguideId>
          <lisID>2246</lisID>
          <gpoId />
        </identifiers>
        <fullName>Rep. Moulton, Seth [D-MA-6]</fullName>
        <firstName>Seth</firstName>
      </item>
      <item>
        <sponsorshipDate>2015-04-16</sponsorshipDate>
        <party>D</party>
        <lastName>Murphy</lastName>
        <sponsorshipWithdrawnDate />
        <bioguideId>M001191</bioguideId>
        <isOriginalCosponsor>True</isOriginalCosponsor>
        <district>18</district>
        <state>FL</state>
        <middleName />
        <identifiers>
          <bioguideId>M001191</bioguideId>
          <lisID>2117</lisID>
          <gpoId />
        </identifiers>
        <fullName>Rep. Murphy, Patrick [D-FL-18]</fullName>
        <firstName>Patrick</firstName>
      </item>
      <item>
        <sponsorshipDate>2015-04-16</sponsorshipDate>
        <party>D</party>
        <lastName>NADLER</lastName>
        <sponsorshipWithdrawnDate />
        <bioguideId>N000002</bioguideId>
        <isOriginalCosponsor>True</isOriginalCosponsor>
        <district>10</district>
        <state>NY</state>
        <middleName />
        <identifiers>
          <bioguideId>N000002</bioguideId>
          <gpoId>8069</gpoId>
          <lisID>850</lisID>
        </identifiers>
        <fullName>Rep. Nadler, Jerrold [D-NY-10]</fullName>
        <firstName>JERROLD</firstName>
      </item>
      <item>
        <sponsorshipDate>2015-04-16</sponsorshipDate>
        <party>D</party>
        <lastName>NAPOLITANO</lastName>
        <sponsorshipWithdrawnDate />
        <bioguideId>N000179</bioguideId>
        <isOriginalCosponsor>True</isOriginalCosponsor>
        <district>32</district>
        <state>CA</state>
        <middleName>F.</middleName>
        <identifiers>
          <lisID>1602</lisID>
          <gpoId>7843</gpoId>
          <bioguideId>N000179</bioguideId>
        </identifiers>
        <fullName>Rep. Napolitano, Grace F. [D-CA-32]</fullName>
        <firstName>GRACE</firstName>
      </item>
      <item>
        <sponsorshipDate>2015-04-16</sponsorshipDate>
        <party>D</party>
        <lastName>NEAL</lastName>
        <sponsorshipWithdrawnDate />
        <bioguideId>N000015</bioguideId>
        <isOriginalCosponsor>True</isOriginalCosponsor>
        <district>1</district>
        <state>MA</state>
        <middleName>E.</middleName>
        <identifiers>
          <gpoId>7967</gpoId>
          <bioguideId>N000015</bioguideId>
          <lisID>854</lisID>
        </identifiers>
        <fullName>Rep. Neal, Richard E. [D-MA-1]</fullName>
        <firstName>RICHARD</firstName>
      </item>
      <item>
        <sponsorshipDate>2015-04-16</sponsorshipDate>
        <party>D</party>
        <lastName>Norcross</lastName>
        <sponsorshipWithdrawnDate />
        <bioguideId>N000188</bioguideId>
        <isOriginalCosponsor>True</isOriginalCosponsor>
        <district>1</district>
        <state>NJ</state>
        <middleName />
        <identifiers>
          <lisID>2202</lisID>
          <gpoId />
          <bioguideId>N000188</bioguideId>
        </identifiers>
        <fullName>Rep. Norcross, Donald [D-NJ-1]</fullName>
        <firstName>Donald</firstName>
      </item>
      <item>
        <sponsorshipDate>2015-04-16</sponsorshipDate>
        <party>D</party>
        <lastName>NORTON</lastName>
        <sponsorshipWithdrawnDate />
        <bioguideId>N000147</bioguideId>
        <isOriginalCosponsor>True</isOriginalCosponsor>
        <district>0</district>
        <state>DC</state>
        <middleName>HOLMES</middleName>
        <identifiers>
          <bioguideId>N000147</bioguideId>
          <lisID>868</lisID>
          <gpoId>7871</gpoId>
        </identifiers>
        <fullName>Rep. Norton, Eleanor Holmes [D-DC-At Large]</fullName>
        <firstName>ELEANOR</firstName>
      </item>
      <item>
        <sponsorshipDate>2015-04-16</sponsorshipDate>
        <party>D</party>
        <lastName>O'Rourke</lastName>
        <sponsorshipWithdrawnDate />
        <bioguideId>O000170</bioguideId>
        <isOriginalCosponsor>True</isOriginalCosponsor>
        <district>16</district>
        <state>TX</state>
        <middleName />
        <identifiers>
          <lisID>2162</lisID>
          <gpoId />
          <bioguideId>O000170</bioguideId>
        </identifiers>
        <fullName>Rep. O'Rourke, Beto [D-TX-16]</fullName>
        <firstName>Beto</firstName>
      </item>
      <item>
        <sponsorshipDate>2015-04-16</sponsorshipDate>
        <party>D</party>
        <lastName>PALLONE</lastName>
        <sponsorshipWithdrawnDate />
        <bioguideId>P000034</bioguideId>
        <isOriginalCosponsor>True</isOriginalCosponsor>
        <district>6</district>
        <state>NJ</state>
        <middleName />
        <identifiers>
          <lisID>887</lisID>
          <gpoId>8048</gpoId>
          <bioguideId>P000034</bioguideId>
        </identifiers>
        <fullName>Rep. Pallone, Frank, Jr. [D-NJ-6]</fullName>
        <firstName>FRANK</firstName>
      </item>
      <item>
        <sponsorshipDate>2015-04-16</sponsorshipDate>
        <party>D</party>
        <lastName>PELOSI</lastName>
        <sponsorshipWithdrawnDate />
        <bioguideId>P000197</bioguideId>
        <isOriginalCosponsor>True</isOriginalCosponsor>
        <district>12</district>
        <state>CA</state>
        <middleName />
        <identifiers>
          <gpoId>7813</gpoId>
          <bioguideId>P000197</bioguideId>
          <lisID>905</lisID>
        </identifiers>
        <fullName>Rep. Pelosi, Nancy [D-CA-12]</fullName>
        <firstName>NANCY</firstName>
      </item>
      <item>
        <sponsorshipDate>2015-04-16</sponsorshipDate>
        <party>D</party>
        <lastName>Peters</lastName>
        <sponsorshipWithdrawnDate />
        <bioguideId>P000608</bioguideId>
        <isOriginalCosponsor>True</isOriginalCosponsor>
        <district>52</district>
        <state>CA</state>
        <middleName>H.</middleName>
        <identifiers>
          <gpoId />
          <bioguideId>P000608</bioguideId>
          <lisID>2113</lisID>
        </identifiers>
        <fullName>Rep. Peters, Scott H. [D-CA-52]</fullName>
        <firstName>Scott</firstName>
      </item>
      <item>
        <sponsorshipDate>2015-04-16</sponsorshipDate>
        <party>D</party>
        <lastName>Pingree</lastName>
        <sponsorshipWithdrawnDate />
        <bioguideId>P000597</bioguideId>
        <isOriginalCosponsor>True</isOriginalCosponsor>
        <district>1</district>
        <state>ME</state>
        <middleName />
        <identifiers>
          <lisID>1927</lisID>
          <gpoId>7984</gpoId>
          <bioguideId>P000597</bioguideId>
        </identifiers>
        <fullName>Rep. Pingree, Chellie [D-ME-1]</fullName>
        <firstName>Chellie</firstName>
      </item>
      <item>
        <sponsorshipDate>2015-04-16</sponsorshipDate>
        <party>D</party>
        <lastName>Pocan</lastName>
        <sponsorshipWithdrawnDate />
        <bioguideId>P000607</bioguideId>
        <isOriginalCosponsor>True</isOriginalCosponsor>
        <district>2</district>
        <state>WI</state>
        <middleName />
        <identifiers>
          <lisID>2171</lisID>
          <gpoId />
          <bioguideId>P000607</bioguideId>
        </identifiers>
        <fullName>Rep. Pocan, Mark [D-WI-2]</fullName>
        <firstName>Mark</firstName>
      </item>
      <item>
        <sponsorshipDate>2015-04-16</sponsorshipDate>
        <party>D</party>
        <lastName>Polis</lastName>
        <sponsorshipWithdrawnDate />
        <bioguideId>P000598</bioguideId>
        <isOriginalCosponsor>True</isOriginalCosponsor>
        <district>2</district>
        <state>CO</state>
        <middleName />
        <identifiers>
          <lisID>1910</lisID>
          <gpoId>7860</gpoId>
          <bioguideId>P000598</bioguideId>
        </identifiers>
        <fullName>Rep. Polis, Jared [D-CO-2]</fullName>
        <firstName>Jared</firstName>
      </item>
      <item>
        <sponsorshipDate>2015-04-16</sponsorshipDate>
        <party>D</party>
        <lastName>Quigley</lastName>
        <sponsorshipWithdrawnDate />
        <bioguideId>Q000023</bioguideId>
        <isOriginalCosponsor>True</isOriginalCosponsor>
        <district>5</district>
        <state>IL</state>
        <middleName />
        <identifiers>
          <bioguideId>Q000023</bioguideId>
          <lisID>1967</lisID>
          <gpoId>7925</gpoId>
        </identifiers>
        <fullName>Rep. Quigley, Mike [D-IL-5]</fullName>
        <firstName>Mike</firstName>
      </item>
      <item>
        <sponsorshipDate>2015-04-16</sponsorshipDate>
        <party>D</party>
        <lastName>RANGEL</lastName>
        <sponsorshipWithdrawnDate />
        <bioguideId>R000053</bioguideId>
        <isOriginalCosponsor>True</isOriginalCosponsor>
        <district>13</district>
        <state>NY</state>
        <middleName>B.</middleName>
        <identifiers>
          <lisID>944</lisID>
          <gpoId>8076</gpoId>
          <bioguideId>R000053</bioguideId>
        </identifiers>
        <fullName>Rep. Rangel, Charles B. [D-NY-13]</fullName>
        <firstName>CHARLES</firstName>
      </item>
      <item>
        <sponsorshipDate>2015-04-16</sponsorshipDate>
        <party>D</party>
        <lastName>Rice</lastName>
        <sponsorshipWithdrawnDate />
        <bioguideId>R000602</bioguideId>
        <isOriginalCosponsor>True</isOriginalCosponsor>
        <district>4</district>
        <state>NY</state>
        <middleName>M.</middleName>
        <identifiers>
          <gpoId />
          <bioguideId>R000602</bioguideId>
          <lisID>2262</lisID>
        </identifiers>
        <fullName>Rep. Rice, Kathleen M. [D-NY-4]</fullName>
        <firstName>Kathleen</firstName>
      </item>
      <item>
        <sponsorshipDate>2015-04-16</sponsorshipDate>
        <party>D</party>
        <lastName>ROYBAL-ALLARD</lastName>
        <sponsorshipWithdrawnDate />
        <bioguideId>R000486</bioguideId>
        <isOriginalCosponsor>True</isOriginalCosponsor>
        <district>40</district>
        <state>CA</state>
        <middleName />
        <identifiers>
          <gpoId>7839</gpoId>
          <bioguideId>R000486</bioguideId>
          <lisID>997</lisID>
        </identifiers>
        <fullName>Rep. Roybal-Allard, Lucille [D-CA-40]</fullName>
        <firstName>LUCILLE</firstName>
      </item>
      <item>
        <sponsorshipDate>2015-04-16</sponsorshipDate>
        <party>D</party>
        <lastName>Ruiz</lastName>
        <sponsorshipWithdrawnDate />
        <bioguideId>R000599</bioguideId>
        <isOriginalCosponsor>True</isOriginalCosponsor>
        <district>36</district>
        <state>CA</state>
        <middleName />
        <identifiers>
          <bioguideId>R000599</bioguideId>
          <lisID>2109</lisID>
          <gpoId />
        </identifiers>
        <fullName>Rep. Ruiz, Raul [D-CA-36]</fullName>
        <firstName>Raul</firstName>
      </item>
      <item>
        <sponsorshipDate>2015-04-16</sponsorshipDate>
        <party>D</party>
        <lastName>RUSH</lastName>
        <sponsorshipWithdrawnDate />
        <bioguideId>R000515</bioguideId>
        <isOriginalCosponsor>True</isOriginalCosponsor>
        <district>1</district>
        <state>IL</state>
        <middleName>L.</middleName>
        <identifiers>
          <lisID>1003</lisID>
          <gpoId>7921</gpoId>
          <bioguideId>R000515</bioguideId>
        </identifiers>
        <fullName>Rep. Rush, Bobby L. [D-IL-1]</fullName>
        <firstName>BOBBY</firstName>
      </item>
      <item>
        <sponsorshipDate>2015-04-16</sponsorshipDate>
        <party>D</party>
        <lastName>RYAN</lastName>
        <sponsorshipWithdrawnDate />
        <bioguideId>R000577</bioguideId>
        <isOriginalCosponsor>True</isOriginalCosponsor>
        <district>13</district>
        <state>OH</state>
        <middleName />
        <identifiers>
          <lisID>1756</lisID>
          <gpoId>8107</gpoId>
          <bioguideId>R000577</bioguideId>
        </identifiers>
        <fullName>Rep. Ryan, Tim [D-OH-13]</fullName>
        <firstName>TIM</firstName>
      </item>
      <item>
        <sponsorshipDate>2015-04-16</sponsorshipDate>
        <party>D</party>
        <lastName>SANCHEZ</lastName>
        <sponsorshipWithdrawnDate />
        <bioguideId>S001156</bioguideId>
        <isOriginalCosponsor>True</isOriginalCosponsor>
        <district>38</district>
        <state>CA</state>
        <middleName>T.</middleName>
        <identifiers>
          <lisID>1757</lisID>
          <gpoId>7844</gpoId>
          <bioguideId>S001156</bioguideId>
        </identifiers>
        <fullName>Rep. Sanchez, Linda T. [D-CA-38]</fullName>
        <firstName>LINDA</firstName>
      </item>
      <item>
        <sponsorshipDate>2015-04-16</sponsorshipDate>
        <party>D</party>
        <lastName>SCHAKOWSKY</lastName>
        <sponsorshipWithdrawnDate />
        <bioguideId>S001145</bioguideId>
        <isOriginalCosponsor>True</isOriginalCosponsor>
        <district>9</district>
        <state>IL</state>
        <middleName>D.</middleName>
        <identifiers>
          <bioguideId>S001145</bioguideId>
          <lisID>1588</lisID>
          <gpoId>7929</gpoId>
        </identifiers>
        <fullName>Rep. Schakowsky, Janice D. [D-IL-9]</fullName>
        <firstName>JANICE</firstName>
      </item>
      <item>
        <sponsorshipDate>2015-04-16</sponsorshipDate>
        <party>D</party>
        <lastName>SCHIFF</lastName>
        <sponsorshipWithdrawnDate />
        <bioguideId>S001150</bioguideId>
        <isOriginalCosponsor>True</isOriginalCosponsor>
        <district>28</district>
        <state>CA</state>
        <middleName>B.</middleName>
        <identifiers>
          <gpoId>7834</gpoId>
          <bioguideId>S001150</bioguideId>
          <lisID>1635</lisID>
        </identifiers>
        <fullName>Rep. Schiff, Adam B. [D-CA-28]</fullName>
        <firstName>ADAM</firstName>
      </item>
      <item>
        <sponsorshipDate>2015-04-16</sponsorshipDate>
        <party>D</party>
        <lastName>Scott</lastName>
        <sponsorshipWithdrawnDate />
        <bioguideId>S000185</bioguideId>
        <isOriginalCosponsor>True</isOriginalCosponsor>
        <district>3</district>
        <state>VA</state>
        <middleName>C. "Bobby"</middleName>
        <identifiers>
          <lisID>1037</lisID>
          <gpoId>8194</gpoId>
          <bioguideId>S000185</bioguideId>
        </identifiers>
        <fullName>Rep. Scott, Robert C. "Bobby" [D-VA-3]</fullName>
        <firstName>Robert</firstName>
      </item>
      <item>
        <sponsorshipDate>2015-04-16</sponsorshipDate>
        <party>D</party>
        <lastName>SHERMAN</lastName>
        <sponsorshipWithdrawnDate />
        <bioguideId>S000344</bioguideId>
        <isOriginalCosponsor>True</isOriginalCosponsor>
        <district>30</district>
        <state>CA</state>
        <middleName />
        <identifiers>
          <lisID>1526</lisID>
          <gpoId>7832</gpoId>
          <bioguideId>S000344</bioguideId>
        </identifiers>
        <fullName>Rep. Sherman, Brad [D-CA-30]</fullName>
        <firstName>BRAD</firstName>
      </item>
      <item>
        <sponsorshipDate>2015-04-16</sponsorshipDate>
        <party>D</party>
        <lastName>Sinema</lastName>
        <sponsorshipWithdrawnDate />
        <bioguideId>S001191</bioguideId>
        <isOriginalCosponsor>True</isOriginalCosponsor>
        <district>9</district>
        <state>AZ</state>
        <middleName />
        <identifiers>
          <bioguideId>S001191</bioguideId>
          <gpoId />
          <lisID>2099</lisID>
        </identifiers>
        <fullName>Rep. Sinema, Kyrsten [D-AZ-9]</fullName>
        <firstName>Kyrsten</firstName>
      </item>
      <item>
        <sponsorshipDate>2015-04-16</sponsorshipDate>
        <party>D</party>
        <lastName>SLAUGHTER</lastName>
        <sponsorshipWithdrawnDate />
        <bioguideId>S000480</bioguideId>
        <isOriginalCosponsor>True</isOriginalCosponsor>
        <district>25</district>
        <state>NY</state>
        <middleName>M.</middleName>
        <identifiers>
          <gpoId>8089</gpoId>
          <bioguideId>S000480</bioguideId>
          <lisID>1069</lisID>
        </identifiers>
        <fullName>Rep. Slaughter, Louise McIntosh [D-NY-25]</fullName>
        <firstName>LOUISE</firstName>
      </item>
      <item>
        <sponsorshipDate>2015-04-16</sponsorshipDate>
        <party>D</party>
        <lastName>SMITH</lastName>
        <sponsorshipWithdrawnDate />
        <bioguideId>S000510</bioguideId>
        <isOriginalCosponsor>True</isOriginalCosponsor>
        <district>9</district>
        <state>WA</state>
        <middleName />
        <identifiers>
          <lisID>1528</lisID>
          <gpoId>8213</gpoId>
          <bioguideId>S000510</bioguideId>
        </identifiers>
        <fullName>Rep. Smith, Adam [D-WA-9]</fullName>
        <firstName>ADAM</firstName>
      </item>
      <item>
        <sponsorshipDate>2015-04-16</sponsorshipDate>
        <party>D</party>
        <lastName>Speier</lastName>
        <sponsorshipWithdrawnDate />
        <bioguideId>S001175</bioguideId>
        <isOriginalCosponsor>True</isOriginalCosponsor>
        <district>14</district>
        <state>CA</state>
        <middleName />
        <identifiers>
          <bioguideId>S001175</bioguideId>
          <lisID>1890</lisID>
          <gpoId>7817</gpoId>
        </identifiers>
        <fullName>Rep. Speier, Jackie [D-CA-14]</fullName>
        <firstName>Jackie</firstName>
      </item>
      <item>
        <sponsorshipDate>2015-04-16</sponsorshipDate>
        <party>D</party>
        <lastName>Takai</lastName>
        <sponsorshipWithdrawnDate />
        <bioguideId>T000473</bioguideId>
        <isOriginalCosponsor>True</isOriginalCosponsor>
        <district>1</district>
        <state>HI</state>
        <middleName />
        <identifiers>
          <lisID>2240</lisID>
          <gpoId />
          <bioguideId>T000473</bioguideId>
        </identifiers>
        <fullName>Rep. Takai, Mark [D-HI-1]</fullName>
        <firstName>Mark</firstName>
      </item>
      <item>
        <sponsorshipDate>2015-04-16</sponsorshipDate>
        <party>D</party>
        <lastName>Takano</lastName>
        <sponsorshipWithdrawnDate />
        <bioguideId>T000472</bioguideId>
        <isOriginalCosponsor>True</isOriginalCosponsor>
        <district>41</district>
        <state>CA</state>
        <middleName />
        <identifiers>
          <lisID>2110</lisID>
          <gpoId />
          <bioguideId>T000472</bioguideId>
        </identifiers>
        <fullName>Rep. Takano, Mark [D-CA-41]</fullName>
        <firstName>Mark</firstName>
      </item>
      <item>
        <sponsorshipDate>2015-04-16</sponsorshipDate>
        <party>D</party>
        <lastName>THOMPSON</lastName>
        <sponsorshipWithdrawnDate />
        <bioguideId>T000460</bioguideId>
        <isOriginalCosponsor>True</isOriginalCosponsor>
        <district>5</district>
        <state>CA</state>
        <middleName />
        <identifiers>
          <lisID>1593</lisID>
          <gpoId>7806</gpoId>
          <bioguideId>T000460</bioguideId>
        </identifiers>
        <fullName>Rep. Thompson, Mike [D-CA-5]</fullName>
        <firstName>MIKE</firstName>
      </item>
      <item>
        <sponsorshipDate>2015-04-16</sponsorshipDate>
        <party>D</party>
        <lastName>Titus</lastName>
        <sponsorshipWithdrawnDate />
        <bioguideId>T000468</bioguideId>
        <isOriginalCosponsor>True</isOriginalCosponsor>
        <district>1</district>
        <state>NV</state>
        <middleName />
        <identifiers>
          <lisID>1940</lisID>
          <gpoId>7493</gpoId>
          <bioguideId>T000468</bioguideId>
        </identifiers>
        <fullName>Rep. Titus, Dina [D-NV-1]</fullName>
        <firstName>Dina</firstName>
      </item>
      <item>
        <sponsorshipDate>2015-04-16</sponsorshipDate>
        <party>D</party>
        <lastName>Tonko</lastName>
        <sponsorshipWithdrawnDate />
        <bioguideId>T000469</bioguideId>
        <isOriginalCosponsor>True</isOriginalCosponsor>
        <district>20</district>
        <state>NY</state>
        <middleName />
        <identifiers>
          <lisID>1942</lisID>
          <gpoId>8082</gpoId>
          <bioguideId>T000469</bioguideId>
        </identifiers>
        <fullName>Rep. Tonko, Paul [D-NY-20]</fullName>
        <firstName>Paul</firstName>
      </item>
      <item>
        <sponsorshipDate>2015-04-16</sponsorshipDate>
        <party>D</party>
        <lastName>Tsongas</lastName>
        <sponsorshipWithdrawnDate />
        <bioguideId>T000465</bioguideId>
        <isOriginalCosponsor>True</isOriginalCosponsor>
        <district>3</district>
        <state>MA</state>
        <middleName />
        <identifiers>
          <gpoId>7970</gpoId>
          <bioguideId>T000465</bioguideId>
          <lisID>1884</lisID>
        </identifiers>
        <fullName>Rep. Tsongas, Niki [D-MA-3]</fullName>
        <firstName>Niki</firstName>
      </item>
      <item>
        <sponsorshipDate>2015-04-16</sponsorshipDate>
        <party>D</party>
        <lastName>Van Hollen</lastName>
        <sponsorshipWithdrawnDate />
        <bioguideId>V000128</bioguideId>
        <isOriginalCosponsor>True</isOriginalCosponsor>
        <district>8</district>
        <state>MD</state>
        <middleName />
        <identifiers>
          <lisID>1729</lisID>
          <gpoId>7983</gpoId>
          <bioguideId>V000128</bioguideId>
        </identifiers>
        <fullName>Rep. Van Hollen, Chris [D-MD-8]</fullName>
        <firstName>Chris</firstName>
      </item>
      <item>
        <sponsorshipDate>2015-04-16</sponsorshipDate>
        <party>D</party>
        <lastName>VELAZQUEZ</lastName>
        <sponsorshipWithdrawnDate />
        <bioguideId>V000081</bioguideId>
        <isOriginalCosponsor>True</isOriginalCosponsor>
        <district>7</district>
        <state>NY</state>
        <middleName>M.</middleName>
        <identifiers>
          <lisID>1184</lisID>
          <gpoId>8073</gpoId>
          <bioguideId>V000081</bioguideId>
        </identifiers>
        <fullName>Rep. Velazquez, Nydia M. [D-NY-7]</fullName>
        <firstName>NYDIA</firstName>
      </item>
      <item>
        <sponsorshipDate>2015-04-16</sponsorshipDate>
        <party>D</party>
        <lastName>VISCLOSKY</lastName>
        <sponsorshipWithdrawnDate />
        <bioguideId>V000108</bioguideId>
        <isOriginalCosponsor>True</isOriginalCosponsor>
        <district>1</district>
        <state>IN</state>
        <middleName>J.</middleName>
        <identifiers>
          <bioguideId>V000108</bioguideId>
          <lisID>1188</lisID>
          <gpoId>7940</gpoId>
        </identifiers>
        <fullName>Rep. Visclosky, Peter J. [D-IN-1]</fullName>
        <firstName>PETER</firstName>
      </item>
      <item>
        <sponsorshipDate>2015-04-16</sponsorshipDate>
        <party>D</party>
        <lastName>Wasserman Schultz</lastName>
        <sponsorshipWithdrawnDate />
        <bioguideId>W000797</bioguideId>
        <isOriginalCosponsor>True</isOriginalCosponsor>
        <district>23</district>
        <state>FL</state>
        <middleName />
        <identifiers>
          <gpoId>7892</gpoId>
          <bioguideId>W000797</bioguideId>
          <lisID>1777</lisID>
        </identifiers>
        <fullName>Rep. Wasserman Schultz, Debbie [D-FL-23]</fullName>
        <firstName>Debbie</firstName>
      </item>
      <item>
        <sponsorshipDate>2015-04-16</sponsorshipDate>
        <party>D</party>
        <lastName>Watson Coleman</lastName>
        <sponsorshipWithdrawnDate />
        <bioguideId>W000822</bioguideId>
        <isOriginalCosponsor>True</isOriginalCosponsor>
        <district>12</district>
        <state>NJ</state>
        <middleName />
        <identifiers>
          <lisID>2259</lisID>
          <gpoId />
          <bioguideId>W000822</bioguideId>
        </identifiers>
        <fullName>Rep. Watson Coleman, Bonnie [D-NJ-12]</fullName>
        <firstName>Bonnie</firstName>
      </item>
      <item>
        <sponsorshipDate>2015-04-16</sponsorshipDate>
        <party>D</party>
        <lastName>Welch</lastName>
        <sponsorshipWithdrawnDate />
        <bioguideId>W000800</bioguideId>
        <isOriginalCosponsor>True</isOriginalCosponsor>
        <district>0</district>
        <state>VT</state>
        <middleName />
        <identifiers>
          <gpoId>8204</gpoId>
          <bioguideId>W000800</bioguideId>
          <lisID>1879</lisID>
        </identifiers>
        <fullName>Rep. Welch, Peter [D-VT-At Large]</fullName>
        <firstName>Peter</firstName>
      </item>
      <item>
        <sponsorshipDate>2015-04-16</sponsorshipDate>
        <party>D</party>
        <lastName>Wilson</lastName>
        <sponsorshipWithdrawnDate />
        <bioguideId>W000808</bioguideId>
        <isOriginalCosponsor>True</isOriginalCosponsor>
        <district>24</district>
        <state>FL</state>
        <middleName>S.</middleName>
        <identifiers>
          <lisID>2004</lisID>
          <gpoId>7889</gpoId>
          <bioguideId>W000808</bioguideId>
        </identifiers>
        <fullName>Rep. Wilson, Frederica S. [D-FL-24]</fullName>
        <firstName>Frederica</firstName>
      </item>
      <item>
        <sponsorshipDate>2015-04-16</sponsorshipDate>
        <party>D</party>
        <lastName>Yarmuth</lastName>
        <sponsorshipWithdrawnDate />
        <bioguideId>Y000062</bioguideId>
        <isOriginalCosponsor>True</isOriginalCosponsor>
        <district>3</district>
        <state>KY</state>
        <middleName>A.</middleName>
        <identifiers>
          <lisID>1853</lisID>
          <gpoId>7955</gpoId>
          <bioguideId>Y000062</bioguideId>
        </identifiers>
        <fullName>Rep. Yarmuth, John A. [D-KY-3]</fullName>
        <firstName>John</firstName>
      </item>
      <item>
        <sponsorshipDate>2015-04-16</sponsorshipDate>
        <party>D</party>
        <lastName>Perlmutter</lastName>
        <sponsorshipWithdrawnDate />
        <bioguideId>P000593</bioguideId>
        <isOriginalCosponsor>True</isOriginalCosponsor>
        <district>7</district>
        <state>CO</state>
        <middleName />
        <identifiers>
          <lisID>1835</lisID>
          <gpoId>7865</gpoId>
          <bioguideId>P000593</bioguideId>
        </identifiers>
        <fullName>Rep. Perlmutter, Ed [D-CO-7]</fullName>
        <firstName>Ed</firstName>
      </item>
      <item>
        <sponsorshipDate>2015-04-16</sponsorshipDate>
        <party>D</party>
        <lastName>McNerney</lastName>
        <sponsorshipWithdrawnDate />
        <bioguideId>M001166</bioguideId>
        <isOriginalCosponsor>True</isOriginalCosponsor>
        <district>9</district>
        <state>CA</state>
        <middleName />
        <identifiers>
          <lisID>1832</lisID>
          <gpoId>7816</gpoId>
          <bioguideId>M001166</bioguideId>
        </identifiers>
        <fullName>Rep. McNerney, Jerry [D-CA-9]</fullName>
        <firstName>Jerry</firstName>
      </item>
      <item>
        <sponsorshipDate>2015-04-21</sponsorshipDate>
        <party>D</party>
        <lastName>Aguilar</lastName>
        <sponsorshipWithdrawnDate />
        <bioguideId>A000371</bioguideId>
        <isOriginalCosponsor>False</isOriginalCosponsor>
        <district>31</district>
        <state>CA</state>
        <middleName />
        <identifiers>
          <gpoId />
          <bioguideId>A000371</bioguideId>
          <lisID>2229</lisID>
        </identifiers>
        <fullName>Rep. Aguilar, Pete [D-CA-31]</fullName>
        <firstName>Pete</firstName>
      </item>
      <item>
        <sponsorshipDate>2015-04-21</sponsorshipDate>
        <party>D</party>
        <lastName>Garamendi</lastName>
        <sponsorshipWithdrawnDate />
        <bioguideId>G000559</bioguideId>
        <isOriginalCosponsor>False</isOriginalCosponsor>
        <district>3</district>
        <state>CA</state>
        <middleName />
        <identifiers>
          <bioguideId>G000559</bioguideId>
          <lisID>1973</lisID>
          <gpoId>7815</gpoId>
        </identifiers>
        <fullName>Rep. Garamendi, John [D-CA-3]</fullName>
        <firstName>John</firstName>
      </item>
      <item>
        <sponsorshipDate>2015-04-21</sponsorshipDate>
        <party>D</party>
        <lastName>Schrader</lastName>
        <sponsorshipWithdrawnDate />
        <bioguideId>S001180</bioguideId>
        <isOriginalCosponsor>False</isOriginalCosponsor>
        <district>5</district>
        <state>OR</state>
        <middleName />
        <identifiers>
          <lisID>1950</lisID>
          <gpoId>8118</gpoId>
          <bioguideId>S001180</bioguideId>
        </identifiers>
        <fullName>Rep. Schrader, Kurt [D-OR-5]</fullName>
        <firstName>Kurt</firstName>
      </item>
      <item>
        <sponsorshipDate>2015-04-21</sponsorshipDate>
        <party>D</party>
        <lastName>COOPER</lastName>
        <sponsorshipWithdrawnDate />
        <bioguideId>C000754</bioguideId>
        <isOriginalCosponsor>False</isOriginalCosponsor>
        <district>5</district>
        <state>TN</state>
        <middleName>H.</middleName>
        <identifiers>
          <gpoId>8152</gpoId>
          <bioguideId>C000754</bioguideId>
          <lisID>231</lisID>
        </identifiers>
        <fullName>Rep. Cooper, Jim [D-TN-5]</fullName>
        <firstName>JAMES</firstName>
      </item>
      <item>
        <sponsorshipDate>2015-04-29</sponsorshipDate>
        <party>D</party>
        <lastName>Boyle</lastName>
        <sponsorshipWithdrawnDate />
        <bioguideId>B001296</bioguideId>
        <isOriginalCosponsor>False</isOriginalCosponsor>
        <district>13</district>
        <state>PA</state>
        <middleName>F.</middleName>
        <identifiers>
          <bioguideId>B001296</bioguideId>
          <lisID>2267</lisID>
          <gpoId />
        </identifiers>
        <fullName>Rep. Boyle, Brendan F. [D-PA-13]</fullName>
        <firstName>Brendan</firstName>
      </item>
      <item>
        <sponsorshipDate>2015-04-29</sponsorshipDate>
        <party>D</party>
        <lastName>Kelly</lastName>
        <sponsorshipWithdrawnDate />
        <bioguideId>K000385</bioguideId>
        <isOriginalCosponsor>False</isOriginalCosponsor>
        <district>2</district>
        <state>IL</state>
        <middleName>L.</middleName>
        <identifiers>
          <lisID>2190</lisID>
          <gpoId />
          <bioguideId>K000385</bioguideId>
        </identifiers>
        <fullName>Rep. Kelly, Robin L. [D-IL-2]</fullName>
        <firstName>Robin</firstName>
      </item>
      <item>
        <sponsorshipDate>2015-04-29</sponsorshipDate>
        <party>D</party>
        <lastName>LEVIN</lastName>
        <sponsorshipWithdrawnDate />
        <bioguideId>L000263</bioguideId>
        <isOriginalCosponsor>False</isOriginalCosponsor>
        <district>9</district>
        <state>MI</state>
        <middleName>M.</middleName>
        <identifiers>
          <lisID>683</lisID>
          <gpoId>7997</gpoId>
          <bioguideId>L000263</bioguideId>
        </identifiers>
        <fullName>Rep. Levin, Sander M. [D-MI-9]</fullName>
        <firstName>SANDER</firstName>
      </item>
      <item>
        <sponsorshipDate>2015-04-29</sponsorshipDate>
        <party>D</party>
        <lastName>PASCRELL</lastName>
        <sponsorshipWithdrawnDate />
        <bioguideId>P000096</bioguideId>
        <isOriginalCosponsor>False</isOriginalCosponsor>
        <district>9</district>
        <state>NJ</state>
        <middleName>J.</middleName>
        <identifiers>
          <bioguideId>P000096</bioguideId>
          <gpoId>8050</gpoId>
          <lisID>1510</lisID>
        </identifiers>
        <fullName>Rep. Pascrell, Bill, Jr. [D-NJ-9]</fullName>
        <firstName>WILLIAM</firstName>
      </item>
      <item>
        <sponsorshipDate>2015-04-29</sponsorshipDate>
        <party>D</party>
        <lastName>Payne</lastName>
        <sponsorshipWithdrawnDate />
        <bioguideId>P000604</bioguideId>
        <isOriginalCosponsor>False</isOriginalCosponsor>
        <district>10</district>
        <state>NJ</state>
        <middleName>M.</middleName>
        <identifiers>
          <lisID>2097</lisID>
          <gpoId>8373</gpoId>
          <bioguideId>P000604</bioguideId>
        </identifiers>
        <fullName>Rep. Payne, Donald M., Jr. [D-NJ-10]</fullName>
        <firstName>Donald</firstName>
      </item>
      <item>
        <sponsorshipDate>2015-04-29</sponsorshipDate>
        <party>D</party>
        <lastName>Ruppersberger</lastName>
        <sponsorshipWithdrawnDate />
        <bioguideId>R000576</bioguideId>
        <isOriginalCosponsor>False</isOriginalCosponsor>
        <district>2</district>
        <state>MD</state>
        <middleName>Dutch</middleName>
        <identifiers>
          <bioguideId>R000576</bioguideId>
          <lisID>1728</lisID>
          <gpoId>7977</gpoId>
        </identifiers>
        <fullName>Rep. Ruppersberger, C. A. Dutch [D-MD-2]</fullName>
        <firstName>C. A.</firstName>
      </item>
      <item>
        <sponsorshipDate>2015-04-29</sponsorshipDate>
        <party>D</party>
        <lastName>Swalwell</lastName>
        <sponsorshipWithdrawnDate />
        <bioguideId>S001193</bioguideId>
        <isOriginalCosponsor>False</isOriginalCosponsor>
        <district>15</district>
        <state>CA</state>
        <middleName />
        <identifiers>
          <bioguideId>S001193</bioguideId>
          <lisID>2104</lisID>
          <gpoId />
        </identifiers>
        <fullName>Rep. Swalwell, Eric [D-CA-15]</fullName>
        <firstName>Eric</firstName>
      </item>
      <item>
        <sponsorshipDate>2015-04-29</sponsorshipDate>
        <party>D</party>
        <lastName>Vargas</lastName>
        <sponsorshipWithdrawnDate />
        <bioguideId>V000130</bioguideId>
        <isOriginalCosponsor>False</isOriginalCosponsor>
        <district>51</district>
        <state>CA</state>
        <middleName />
        <identifiers>
          <bioguideId>V000130</bioguideId>
          <gpoId />
          <lisID>2112</lisID>
        </identifiers>
        <fullName>Rep. Vargas, Juan [D-CA-51]</fullName>
        <firstName>Juan</firstName>
      </item>
      <item>
        <sponsorshipDate>2015-05-05</sponsorshipDate>
        <party>D</party>
        <lastName>Lynch</lastName>
        <sponsorshipWithdrawnDate />
        <bioguideId>L000562</bioguideId>
        <isOriginalCosponsor>False</isOriginalCosponsor>
        <district>8</district>
        <state>MA</state>
        <middleName>F.</middleName>
        <identifiers>
          <lisID>1686</lisID>
          <gpoId>7974</gpoId>
          <bioguideId>L000562</bioguideId>
        </identifiers>
        <fullName>Rep. Lynch, Stephen F. [D-MA-8]</fullName>
        <firstName>Stephen</firstName>
      </item>
      <item>
        <sponsorshipDate>2015-05-13</sponsorshipDate>
        <party>D</party>
        <lastName>ESHOO</lastName>
        <sponsorshipWithdrawnDate />
        <bioguideId>E000215</bioguideId>
        <isOriginalCosponsor>False</isOriginalCosponsor>
        <district>18</district>
        <state>CA</state>
        <middleName>G.</middleName>
        <identifiers>
          <lisID>355</lisID>
          <gpoId>7819</gpoId>
          <bioguideId>E000215</bioguideId>
        </identifiers>
        <fullName>Rep. Eshoo, Anna G. [D-CA-18]</fullName>
        <firstName>ANNA</firstName>
      </item>
      <item>
        <sponsorshipDate>2015-05-20</sponsorshipDate>
        <party>D</party>
        <lastName>Jeffries</lastName>
        <sponsorshipWithdrawnDate />
        <bioguideId>J000294</bioguideId>
        <isOriginalCosponsor>False</isOriginalCosponsor>
        <district>8</district>
        <state>NY</state>
        <middleName>S.</middleName>
        <identifiers>
          <bioguideId>J000294</bioguideId>
          <lisID>2149</lisID>
          <gpoId />
        </identifiers>
        <fullName>Rep. Jeffries, Hakeem S. [D-NY-8]</fullName>
        <firstName>Hakeem</firstName>
      </item>
      <item>
        <sponsorshipDate>2015-07-14</sponsorshipDate>
        <party>D</party>
        <lastName>Veasey</lastName>
        <sponsorshipWithdrawnDate />
        <bioguideId>V000131</bioguideId>
        <isOriginalCosponsor>False</isOriginalCosponsor>
        <district>33</district>
        <state>TX</state>
        <middleName>A.</middleName>
        <identifiers>
          <lisID>2166</lisID>
          <gpoId />
          <bioguideId>V000131</bioguideId>
        </identifiers>
        <fullName>Rep. Veasey, Marc A. [D-TX-33]</fullName>
        <firstName>Marc</firstName>
      </item>
      <item>
        <sponsorshipDate>2016-11-14</sponsorshipDate>
        <party>D</party>
        <lastName>Graham</lastName>
        <sponsorshipWithdrawnDate />
        <bioguideId>G000575</bioguideId>
        <isOriginalCosponsor>False</isOriginalCosponsor>
        <district>2</district>
        <state>FL</state>
        <middleName />
        <identifiers>
          <lisID>2234</lisID>
          <gpoId />
          <bioguideId>G000575</bioguideId>
        </identifiers>
        <fullName>Rep. Graham, Gwen [D-FL-2]</fullName>
        <firstName>Gwen</firstName>
      </item>
    </cosponsors>
    <constitutionalAuthorityStatementText />
    <cboCostEstimates />
    <updateDate>2017-01-11T14:30:27Z</updateDate>
    <laws />
    <summaries>
      <billSummaries>
        <item>
          <actionDate>2015-04-16</actionDate>
          <name>Introduced in House</name>
          <actionDesc>Introduced in House</actionDesc>
          <updateDate>2015-04-16T04:00:00Z</updateDate>
          <text><![CDATA[<p><strong>Equality for All Resolution of 2015</strong></p> <p style="TEXT-ALIGN: left" class="lbexIndentParagraph">Expresses the sense of the House of&nbsp;Representatives that&nbsp;lesbian, gay, bisexual, and transgender individuals&nbsp;are valuable, contributing members of society&nbsp;who deserve equal treatment under the law.</p> <p style="TEXT-ALIGN: left" class="lbexIndentParagraph">Declares that: (1) discrimination based on sexual orientation and gender identity is a serious problem; (2) existing federal protections are inadequate to ensure nondiscrimination; and (3) Congress should pass legislation that prohibits such discrimination in areas including credit, employment, education, federally funded programs, housing, jury service, and public accommodations.</p> <p style="TEXT-ALIGN: left" class="lbexIndentParagraph">Encourages states to prohibit such discrimination and to reject laws that undermine nondiscrimination protections. </p>]]></text>
          <lastSummaryUpdateDate>2015-05-01T21:35:37Z</lastSummaryUpdateDate>
          <versionCode>00</versionCode>
        </item>
      </billSummaries>
    </summaries>
    <latestAction>
      <links />
      <actionDate>2015-05-15</actionDate>
      <text>Referred to the Subcommittee on the Constitution and Civil Justice.</text>
    </latestAction>
    <originChamber>House</originChamber>
    <introducedDate>2015-04-16</introducedDate>
    <billNumber>208</billNumber>
    <amendments />
    <billType>HRES</billType>
    <committees>
      <billCommittees>
        <item>
          <activities>
            <item>
              <name>Referred to</name>
              <date>2015-04-16T13:05:10Z</date>
            </item>
          </activities>
          <chamber>House</chamber>
          <systemCode>hsju00</systemCode>
          <name>Judiciary Committee</name>
          <subcommittees>
            <item>
              <activities>
                <item>
                  <name>Referred to</name>
                  <date>2015-05-15T17:35:51Z</date>
                </item>
              </activities>
              <name>Constitution and Civil Justice Subcommittee</name>
              <systemCode>hsju10</systemCode>
            </item>
          </subcommittees>
          <type>Standing</type>
        </item>
      </billCommittees>
    </committees>
    <calendarNumbers />
    <congress>114</congress>
    <committeeReports />
    <recordedVotes />
    <sponsors>
      <item>
        <lastName>Carson</lastName>
        <state>IN</state>
        <byRequestType />
        <firstName>Andre</firstName>
        <bioguideId>C001072</bioguideId>
        <fullName>Rep. Carson, Andre [D-IN-7]</fullName>
        <identifiers>
          <lisID>1889</lisID>
          <gpoId>7946</gpoId>
          <bioguideId>C001072</bioguideId>
        </identifiers>
        <middleName />
        <district>7</district>
        <party>D</party>
      </item>
    </sponsors>
    <titles>
      <item>
        <title>Equality for All Resolution of 2015</title>
        <parentTitleType />
        <chamberName />
        <titleType>Short Titles as Introduced</titleType>
        <chamberCode />
      </item>
      <item>
        <title>Expressing the sense of the Congress that lesbian, gay, bisexual, and transgender individuals should be protected from discrimination under the law.</title>
        <parentTitleType />
        <chamberName />
        <titleType>Official Title as Introduced</titleType>
        <chamberCode />
      </item>
      <item>
        <title>Equality for All Resolution of 2015</title>
        <parentTitleType />
        <chamberName />
        <titleType>Display Title</titleType>
        <chamberCode />
      </item>
    </titles>
  </bill>
  <dublinCore xmlns:dc="http://purl.org/dc/elements/1.1/">
    <dc:format>text/xml</dc:format>
    <dc:language>EN</dc:language>
    <dc:rights>Pursuant to Title 17 Section 105 of the United States Code, this file is not subject to copyright protection and is in the public domain.</dc:rights>
    <dc:contributor>Congressional Research Service, Library of Congress</dc:contributor>
    <dc:description>This file contains bill summaries and statuses for federal legislation. A bill summary describes the most significant provisions of a piece of legislation and details the effects the legislative text may have on current law and federal programs. Bill summaries are authored by the Congressional Research Service (CRS) of the Library of Congress. As stated in Public Law 91-510 (2 USC 166 (d)(6)), one of the duties of CRS is "to prepare summaries and digests of bills and resolutions of a public general nature introduced in the Senate or House of Representatives". For more information, refer to the User Guide that accompanies this file.</dc:description>
  </dublinCore>
</billStatus>

