<?xml version="1.0" encoding="UTF-8"?>
<billStatus>
  <bill>
    <introducedDate>2015-02-02</introducedDate>
    <committeeReports />
    <laws />
    <createDate>2015-02-03T07:01:19Z</createDate>
    <actions>
      <actionByCounts>
        <houseOfRepresentatives>3</houseOfRepresentatives>
      </actionByCounts>
      <actionTypeCounts>
        <introducedInTheHouse>1</introducedInTheHouse>
        <introducedInHouse>1</introducedInHouse>
        <billReferrals>1</billReferrals>
      </actionTypeCounts>
      <item>
        <type>IntroReferral</type>
        <text>Referred to the House Committee on House Administration.</text>
        <actionCode>H11100</actionCode>
        <sourceSystem>
          <name>House floor actions</name>
          <code>2</code>
        </sourceSystem>
        <links />
        <committee>
          <systemCode>hsha00</systemCode>
          <name>House Administration Committee</name>
        </committee>
        <actionDate>2015-02-02</actionDate>
      </item>
      <item>
        <type>IntroReferral</type>
        <text>Introduced in House</text>
        <actionCode>Intro-H</actionCode>
        <sourceSystem>
          <name>Library of Congress</name>
          <code>9</code>
        </sourceSystem>
        <links />
        <committee />
        <actionDate>2015-02-02</actionDate>
      </item>
      <item>
        <type>IntroReferral</type>
        <text>Introduced in House</text>
        <actionCode>1000</actionCode>
        <sourceSystem>
          <name>Library of Congress</name>
          <code>9</code>
        </sourceSystem>
        <links />
        <committee />
        <actionDate>2015-02-02</actionDate>
      </item>
    </actions>
    <recordedVotes />
    <relatedBills />
    <cosponsors>
      <item>
        <bioguideId>D000191</bioguideId>
        <firstName>PETER</firstName>
        <party>D</party>
        <lastName>DEFAZIO</lastName>
        <sponsorshipDate>2015-02-02</sponsorshipDate>
        <middleName>A.</middleName>
        <state>OR</state>
        <district>4</district>
        <isOriginalCosponsor>True</isOriginalCosponsor>
        <sponsorshipWithdrawnDate />
        <identifiers>
          <bioguideId>D000191</bioguideId>
          <lisID>279</lisID>
          <gpoId>8117</gpoId>
        </identifiers>
        <fullName>Rep. DeFazio, Peter A. [D-OR-4]</fullName>
      </item>
    </cosponsors>
    <billNumber>75</billNumber>
    <amendments />
    <subjects>
      <billSubjects>
        <policyArea>
          <name>Congress</name>
        </policyArea>
        <legislativeSubjects>
          <item>
            <name>Congressional committees</name>
          </item>
          <item>
            <name>House Committee on Transportation and Infrastructure</name>
          </item>
        </legislativeSubjects>
      </billSubjects>
    </subjects>
    <sponsors>
      <item>
        <party>R</party>
        <state>PA</state>
        <middleName />
        <bioguideId>S001154</bioguideId>
        <lastName>Shuster</lastName>
        <firstName>Bill</firstName>
        <identifiers>
          <lisID>1681</lisID>
          <gpoId>8127</gpoId>
          <bioguideId>S001154</bioguideId>
        </identifiers>
        <fullName>Rep. Shuster, Bill [R-PA-9]</fullName>
        <district>9</district>
        <byRequestType />
      </item>
    </sponsors>
    <summaries>
      <billSummaries>
        <item>
          <actionDate>2015-02-02</actionDate>
          <name>Introduced in House</name>
          <actionDesc>Introduced in House</actionDesc>
          <updateDate>2015-02-02T05:00:00Z</updateDate>
          <text><![CDATA[<p>Provides amounts for the expenses of the House Committee on Transportation and Infrastructure for the 114th Congress.</p>]]></text>
          <lastSummaryUpdateDate>2015-02-04T16:28:24Z</lastSummaryUpdateDate>
          <versionCode>00</versionCode>
        </item>
      </billSummaries>
    </summaries>
    <constitutionalAuthorityStatementText />
    <billType>HRES</billType>
    <title>Providing amounts for the expenses of the Committee on Transportation and Infrastructure in the One Hundred Fourteenth Congress.</title>
    <policyArea>
      <name>Congress</name>
    </policyArea>
    <congress>114</congress>
    <latestAction>
      <text>Referred to the House Committee on House Administration.</text>
      <actionDate>2015-02-02</actionDate>
      <links />
    </latestAction>
    <cboCostEstimates />
    <originChamber>House</originChamber>
    <notes />
    <committees>
      <billCommittees>
        <item>
          <chamber>House</chamber>
          <systemCode>hsha00</systemCode>
          <type>Standing</type>
          <name>House Administration Committee</name>
          <activities>
            <item>
              <name>Referred to</name>
              <date>2015-02-02T17:00:25Z</date>
            </item>
          </activities>
          <subcommittees />
        </item>
      </billCommittees>
    </committees>
    <calendarNumbers />
    <updateDate>2017-01-11T14:29:54Z</updateDate>
    <titles>
      <item>
        <chamberCode />
        <chamberName />
        <parentTitleType />
        <titleType>Official Title as Introduced</titleType>
        <title>Providing amounts for the expenses of the Committee on Transportation and Infrastructure in the One Hundred Fourteenth Congress.</title>
      </item>
      <item>
        <chamberCode />
        <chamberName />
        <parentTitleType />
        <titleType>Display Title</titleType>
        <title>Providing amounts for the expenses of the Committee on Transportation and Infrastructure in the One Hundred Fourteenth Congress.</title>
      </item>
    </titles>
  </bill>
  <dublinCore xmlns:dc="http://purl.org/dc/elements/1.1/">
    <dc:format>text/xml</dc:format>
    <dc:language>EN</dc:language>
    <dc:rights>Pursuant to Title 17 Section 105 of the United States Code, this file is not subject to copyright protection and is in the public domain.</dc:rights>
    <dc:contributor>Congressional Research Service, Library of Congress</dc:contributor>
    <dc:description>This file contains bill summaries and statuses for federal legislation. A bill summary describes the most significant provisions of a piece of legislation and details the effects the legislative text may have on current law and federal programs. Bill summaries are authored by the Congressional Research Service (CRS) of the Library of Congress. As stated in Public Law 91-510 (2 USC 166 (d)(6)), one of the duties of CRS is "to prepare summaries and digests of bills and resolutions of a public general nature introduced in the Senate or House of Representatives". For more information, refer to the User Guide that accompanies this file.</dc:description>
  </dublinCore>
</billStatus>

