<?xml version="1.0" encoding="UTF-8"?>
<billStatus>
  <bill>
    <policyArea>
      <name>Armed Forces and National Security</name>
    </policyArea>
    <updateDate>2017-01-11T14:31:17Z</updateDate>
    <billType>HRES</billType>
    <laws />
    <sponsors>
      <item>
        <fullName>Rep. Fleischmann, Charles J. "Chuck" [R-TN-3]</fullName>
        <identifiers>
          <lisID>2061</lisID>
          <gpoId>8150</gpoId>
          <bioguideId>F000459</bioguideId>
        </identifiers>
        <byRequestType />
        <firstName>Charles</firstName>
        <bioguideId>F000459</bioguideId>
        <lastName>Fleischmann</lastName>
        <state>TN</state>
        <district>3</district>
        <party>R</party>
        <middleName>J. "Chuck"</middleName>
      </item>
    </sponsors>
    <congress>114</congress>
    <latestAction>
      <actionDate>2015-08-13</actionDate>
      <text>Referred to the Subcommittee on Military Personnel.</text>
      <links />
    </latestAction>
    <recordedVotes />
    <calendarNumbers />
    <cboCostEstimates />
    <title>Expressing the sense of the House of Representatives regarding the appropriate award of the Purple Heart to the Marines and Sailors killed or wounded in the recent attack at the Navy Operational Support Center and Marine Corps Reserve Center and the Armed Forces Career Center in Chattanooga, Tennessee.</title>
    <actions>
      <item>
        <actionDate>2015-08-13</actionDate>
        <committee>
          <systemCode>hsas02</systemCode>
          <name>Military Personnel Subcommittee</name>
        </committee>
        <links />
        <sourceSystem>
          <code>1</code>
          <name>House committee actions</name>
        </sourceSystem>
        <text>Referred to the Subcommittee on Military Personnel.</text>
        <type>Committee</type>
      </item>
      <item>
        <links />
        <type>IntroReferral</type>
        <actionCode>H11100</actionCode>
        <committee>
          <systemCode>hsas00</systemCode>
          <name>Armed Services Committee</name>
        </committee>
        <text>Referred to the House Committee on Armed Services.</text>
        <sourceSystem>
          <code>2</code>
          <name>House floor actions</name>
        </sourceSystem>
        <actionDate>2015-07-27</actionDate>
      </item>
      <item>
        <links />
        <type>IntroReferral</type>
        <actionCode>Intro-H</actionCode>
        <committee />
        <text>Introduced in House</text>
        <sourceSystem>
          <code>9</code>
          <name>Library of Congress</name>
        </sourceSystem>
        <actionDate>2015-07-27</actionDate>
      </item>
      <item>
        <links />
        <type>IntroReferral</type>
        <actionCode>1000</actionCode>
        <committee />
        <text>Introduced in House</text>
        <sourceSystem>
          <code>9</code>
          <name>Library of Congress</name>
        </sourceSystem>
        <actionDate>2015-07-27</actionDate>
      </item>
      <actionByCounts>
        <houseOfRepresentatives>4</houseOfRepresentatives>
      </actionByCounts>
      <actionTypeCounts>
        <billReferrals>1</billReferrals>
        <introducedInHouse>1</introducedInHouse>
        <placeholderTextForH>1</placeholderTextForH>
        <introducedInTheHouse>1</introducedInTheHouse>
      </actionTypeCounts>
    </actions>
    <amendments />
    <introducedDate>2015-07-27</introducedDate>
    <billNumber>383</billNumber>
    <relatedBills />
    <titles>
      <item>
        <titleType>Official Title as Introduced</titleType>
        <chamberName />
        <title>Expressing the sense of the House of Representatives regarding the appropriate award of the Purple Heart to the Marines and Sailors killed or wounded in the recent attack at the Navy Operational Support Center and Marine Corps Reserve Center and the Armed Forces Career Center in Chattanooga, Tennessee.</title>
        <chamberCode />
        <parentTitleType />
      </item>
      <item>
        <titleType>Display Title</titleType>
        <chamberName />
        <title>Expressing the sense of the House of Representatives regarding the appropriate award of the Purple Heart to the Marines and Sailors killed or wounded in the recent attack at the Navy Operational Support Center and Marine Corps Reserve Center and the Armed Forces Career Center in Chattanooga, Tennessee.</title>
        <chamberCode />
        <parentTitleType />
      </item>
    </titles>
    <cosponsors>
      <item>
        <middleName />
        <identifiers>
          <bioguideId>B001273</bioguideId>
          <lisID>2063</lisID>
          <gpoId>8153</gpoId>
        </identifiers>
        <isOriginalCosponsor>True</isOriginalCosponsor>
        <sponsorshipWithdrawnDate />
        <party>R</party>
        <fullName>Rep. Black, Diane [R-TN-6]</fullName>
        <state>TN</state>
        <sponsorshipDate>2015-07-27</sponsorshipDate>
        <firstName>Diane</firstName>
        <lastName>Black</lastName>
        <district>6</district>
        <bioguideId>B001273</bioguideId>
      </item>
      <item>
        <middleName />
        <identifiers>
          <lisID>1748</lisID>
          <gpoId>8154</gpoId>
          <bioguideId>B001243</bioguideId>
        </identifiers>
        <isOriginalCosponsor>True</isOriginalCosponsor>
        <sponsorshipWithdrawnDate />
        <party>R</party>
        <fullName>Rep. Blackburn, Marsha [R-TN-7]</fullName>
        <state>TN</state>
        <sponsorshipDate>2015-07-27</sponsorshipDate>
        <firstName>Marsha</firstName>
        <lastName>Blackburn</lastName>
        <district>7</district>
        <bioguideId>B001243</bioguideId>
      </item>
      <item>
        <middleName>H.</middleName>
        <identifiers>
          <gpoId>8152</gpoId>
          <bioguideId>C000754</bioguideId>
          <lisID>231</lisID>
        </identifiers>
        <isOriginalCosponsor>True</isOriginalCosponsor>
        <sponsorshipWithdrawnDate />
        <party>D</party>
        <fullName>Rep. Cooper, Jim [D-TN-5]</fullName>
        <state>TN</state>
        <sponsorshipDate>2015-07-27</sponsorshipDate>
        <firstName>JAMES</firstName>
        <lastName>COOPER</lastName>
        <district>5</district>
        <bioguideId>C000754</bioguideId>
      </item>
      <item>
        <middleName />
        <identifiers>
          <lisID>1878</lisID>
          <gpoId>8156</gpoId>
          <bioguideId>C001068</bioguideId>
        </identifiers>
        <isOriginalCosponsor>True</isOriginalCosponsor>
        <sponsorshipWithdrawnDate />
        <party>D</party>
        <fullName>Rep. Cohen, Steve [D-TN-9]</fullName>
        <state>TN</state>
        <sponsorshipDate>2015-07-27</sponsorshipDate>
        <firstName>Steve</firstName>
        <lastName>Cohen</lastName>
        <district>9</district>
        <bioguideId>C001068</bioguideId>
      </item>
      <item>
        <middleName />
        <identifiers>
          <lisID>2062</lisID>
          <gpoId>8151</gpoId>
          <bioguideId>D000616</bioguideId>
        </identifiers>
        <isOriginalCosponsor>True</isOriginalCosponsor>
        <sponsorshipWithdrawnDate />
        <party>R</party>
        <fullName>Rep. DesJarlais, Scott [R-TN-4]</fullName>
        <state>TN</state>
        <sponsorshipDate>2015-07-27</sponsorshipDate>
        <firstName>Scott</firstName>
        <lastName>DesJarlais</lastName>
        <district>4</district>
        <bioguideId>D000616</bioguideId>
      </item>
      <item>
        <middleName>J.</middleName>
        <identifiers>
          <gpoId>8149</gpoId>
          <bioguideId>D000533</bioguideId>
          <lisID>322</lisID>
        </identifiers>
        <isOriginalCosponsor>True</isOriginalCosponsor>
        <sponsorshipWithdrawnDate />
        <party>R</party>
        <fullName>Rep. Duncan, John J., Jr. [R-TN-2]</fullName>
        <state>TN</state>
        <sponsorshipDate>2015-07-27</sponsorshipDate>
        <firstName>JOHN</firstName>
        <lastName>DUNCAN</lastName>
        <district>2</district>
        <bioguideId>D000533</bioguideId>
      </item>
      <item>
        <middleName>Lee</middleName>
        <identifiers>
          <bioguideId>F000458</bioguideId>
          <lisID>2064</lisID>
          <gpoId>8741</gpoId>
        </identifiers>
        <isOriginalCosponsor>True</isOriginalCosponsor>
        <sponsorshipWithdrawnDate />
        <party>R</party>
        <fullName>Rep. Fincher, Stephen Lee [R-TN-8]</fullName>
        <state>TN</state>
        <sponsorshipDate>2015-07-27</sponsorshipDate>
        <firstName>Stephen</firstName>
        <lastName>Fincher</lastName>
        <district>8</district>
        <bioguideId>F000458</bioguideId>
      </item>
      <item>
        <middleName>P.</middleName>
        <identifiers>
          <bioguideId>R000582</bioguideId>
          <lisID>1954</lisID>
          <gpoId>8148</gpoId>
        </identifiers>
        <isOriginalCosponsor>True</isOriginalCosponsor>
        <sponsorshipWithdrawnDate />
        <party>R</party>
        <fullName>Rep. Roe, David P. [R-TN-1]</fullName>
        <state>TN</state>
        <sponsorshipDate>2015-07-27</sponsorshipDate>
        <firstName>David</firstName>
        <lastName>Roe</lastName>
        <district>1</district>
        <bioguideId>R000582</bioguideId>
      </item>
      <item>
        <middleName />
        <identifiers>
          <gpoId>8053</gpoId>
          <bioguideId>F000372</bioguideId>
          <lisID>414</lisID>
        </identifiers>
        <isOriginalCosponsor>True</isOriginalCosponsor>
        <sponsorshipWithdrawnDate />
        <party>R</party>
        <fullName>Rep. Frelinghuysen, Rodney P. [R-NJ-11]</fullName>
        <state>NJ</state>
        <sponsorshipDate>2015-07-27</sponsorshipDate>
        <firstName>RODNEY</firstName>
        <lastName>FRELINGHUYSEN</lastName>
        <district>11</district>
        <bioguideId>F000372</bioguideId>
      </item>
      <item>
        <middleName />
        <identifiers>
          <gpoId>7903</gpoId>
          <bioguideId>P000591</bioguideId>
          <lisID>1778</lisID>
        </identifiers>
        <isOriginalCosponsor>True</isOriginalCosponsor>
        <sponsorshipWithdrawnDate />
        <party>R</party>
        <fullName>Rep. Price, Tom [R-GA-6]</fullName>
        <state>GA</state>
        <sponsorshipDate>2015-07-27</sponsorshipDate>
        <firstName>Tom</firstName>
        <lastName>Price</lastName>
        <district>6</district>
        <bioguideId>P000591</bioguideId>
      </item>
      <item>
        <middleName />
        <identifiers>
          <gpoId>8183</gpoId>
          <bioguideId>F000460</bioguideId>
          <lisID>2067</lisID>
        </identifiers>
        <isOriginalCosponsor>True</isOriginalCosponsor>
        <sponsorshipWithdrawnDate />
        <party>R</party>
        <fullName>Rep. Farenthold, Blake [R-TX-27]</fullName>
        <state>TX</state>
        <sponsorshipDate>2015-07-27</sponsorshipDate>
        <firstName>Blake</firstName>
        <lastName>Farenthold</lastName>
        <district>27</district>
        <bioguideId>F000460</bioguideId>
      </item>
      <item>
        <middleName>A.</middleName>
        <identifiers>
          <gpoId>8044</gpoId>
          <bioguideId>L000554</bioguideId>
          <lisID>699</lisID>
        </identifiers>
        <isOriginalCosponsor>True</isOriginalCosponsor>
        <sponsorshipWithdrawnDate />
        <party>R</party>
        <fullName>Rep. LoBiondo, Frank A. [R-NJ-2]</fullName>
        <state>NJ</state>
        <sponsorshipDate>2015-07-27</sponsorshipDate>
        <firstName>FRANK</firstName>
        <lastName>LOBIONDO</lastName>
        <district>2</district>
        <bioguideId>L000554</bioguideId>
      </item>
      <item>
        <middleName>A.</middleName>
        <identifiers>
          <lisID>1779</lisID>
          <gpoId>7900</gpoId>
          <bioguideId>W000796</bioguideId>
        </identifiers>
        <isOriginalCosponsor>True</isOriginalCosponsor>
        <sponsorshipWithdrawnDate />
        <party>R</party>
        <fullName>Rep. Westmoreland, Lynn A. [R-GA-3]</fullName>
        <state>GA</state>
        <sponsorshipDate>2015-07-27</sponsorshipDate>
        <firstName>Lynn</firstName>
        <lastName>Westmoreland</lastName>
        <district>3</district>
        <bioguideId>W000796</bioguideId>
      </item>
      <item>
        <middleName />
        <identifiers>
          <bioguideId>G000560</bioguideId>
          <lisID>1979</lisID>
          <gpoId>7906</gpoId>
        </identifiers>
        <isOriginalCosponsor>True</isOriginalCosponsor>
        <sponsorshipWithdrawnDate />
        <party>R</party>
        <fullName>Rep. Graves, Tom [R-GA-14]</fullName>
        <state>GA</state>
        <sponsorshipDate>2015-07-27</sponsorshipDate>
        <firstName>Tom</firstName>
        <lastName>Graves</lastName>
        <district>14</district>
        <bioguideId>G000560</bioguideId>
      </item>
      <item>
        <middleName />
        <identifiers>
          <bioguideId>G000546</bioguideId>
          <lisID>1656</lisID>
          <gpoId>8014</gpoId>
        </identifiers>
        <isOriginalCosponsor>True</isOriginalCosponsor>
        <sponsorshipWithdrawnDate />
        <party>R</party>
        <fullName>Rep. Graves, Sam [R-MO-6]</fullName>
        <state>MO</state>
        <sponsorshipDate>2015-07-27</sponsorshipDate>
        <firstName>SAM</firstName>
        <lastName>GRAVES</lastName>
        <district>6</district>
        <bioguideId>G000546</bioguideId>
      </item>
      <item>
        <middleName />
        <identifiers>
          <lisID>2256</lisID>
          <gpoId />
          <bioguideId>R000603</bioguideId>
        </identifiers>
        <isOriginalCosponsor>True</isOriginalCosponsor>
        <sponsorshipWithdrawnDate />
        <party>R</party>
        <fullName>Rep. Rouzer, David [R-NC-7]</fullName>
        <state>NC</state>
        <sponsorshipDate>2015-07-27</sponsorshipDate>
        <firstName>David</firstName>
        <lastName>Rouzer</lastName>
        <district>7</district>
        <bioguideId>R000603</bioguideId>
      </item>
      <item>
        <middleName />
        <identifiers>
          <lisID>1222</lisID>
          <gpoId>7953</gpoId>
          <bioguideId>W000413</bioguideId>
        </identifiers>
        <isOriginalCosponsor>True</isOriginalCosponsor>
        <sponsorshipWithdrawnDate />
        <party>R</party>
        <fullName>Rep. Whitfield, Ed [R-KY-1]</fullName>
        <state>KY</state>
        <sponsorshipDate>2015-07-27</sponsorshipDate>
        <firstName>EDWARD</firstName>
        <lastName>WHITFIELD</lastName>
        <district>1</district>
        <bioguideId>W000413</bioguideId>
      </item>
      <item>
        <middleName />
        <identifiers>
          <bioguideId>J000032</bioguideId>
          <lisID>588</lisID>
          <gpoId>8174</gpoId>
        </identifiers>
        <isOriginalCosponsor>True</isOriginalCosponsor>
        <sponsorshipWithdrawnDate />
        <party>D</party>
        <fullName>Rep. Jackson Lee, Sheila [D-TX-18]</fullName>
        <state>TX</state>
        <sponsorshipDate>2015-07-27</sponsorshipDate>
        <firstName>SHEILA</firstName>
        <lastName>JACKSON LEE</lastName>
        <district>18</district>
        <bioguideId>J000032</bioguideId>
      </item>
      <item>
        <middleName />
        <identifiers>
          <lisID>2242</lisID>
          <gpoId />
          <bioguideId>Y000066</bioguideId>
        </identifiers>
        <isOriginalCosponsor>True</isOriginalCosponsor>
        <sponsorshipWithdrawnDate />
        <party>R</party>
        <fullName>Rep. Young, David [R-IA-3]</fullName>
        <state>IA</state>
        <sponsorshipDate>2015-07-27</sponsorshipDate>
        <firstName>David</firstName>
        <lastName>Young</lastName>
        <district>3</district>
        <bioguideId>Y000066</bioguideId>
      </item>
      <item>
        <middleName />
        <identifiers>
          <lisID>2052</lisID>
          <gpoId>8125</gpoId>
          <bioguideId>M001181</bioguideId>
        </identifiers>
        <isOriginalCosponsor>True</isOriginalCosponsor>
        <sponsorshipWithdrawnDate />
        <party>R</party>
        <fullName>Rep. Meehan, Patrick [R-PA-7]</fullName>
        <state>PA</state>
        <sponsorshipDate>2015-07-27</sponsorshipDate>
        <firstName>Patrick</firstName>
        <lastName>Meehan</lastName>
        <district>7</district>
        <bioguideId>M001181</bioguideId>
      </item>
      <item>
        <middleName>E.</middleName>
        <identifiers>
          <lisID>1959</lisID>
          <gpoId>8202</gpoId>
          <bioguideId>C001078</bioguideId>
        </identifiers>
        <isOriginalCosponsor>True</isOriginalCosponsor>
        <sponsorshipWithdrawnDate />
        <party>D</party>
        <fullName>Rep. Connolly, Gerald E. [D-VA-11]</fullName>
        <state>VA</state>
        <sponsorshipDate>2015-07-27</sponsorshipDate>
        <firstName>Gerald</firstName>
        <lastName>Connolly</lastName>
        <district>11</district>
        <bioguideId>C001078</bioguideId>
      </item>
      <item>
        <middleName />
        <identifiers>
          <lisID>2269</lisID>
          <gpoId />
          <bioguideId>H001073</bioguideId>
        </identifiers>
        <isOriginalCosponsor>True</isOriginalCosponsor>
        <sponsorshipWithdrawnDate />
        <party>R</party>
        <fullName>Rep. Hurd, Will [R-TX-23]</fullName>
        <state>TX</state>
        <sponsorshipDate>2015-07-27</sponsorshipDate>
        <firstName>Will</firstName>
        <lastName>Hurd</lastName>
        <district>23</district>
        <bioguideId>H001073</bioguideId>
      </item>
      <item>
        <middleName />
        <identifiers>
          <lisID>2238</lisID>
          <gpoId />
          <bioguideId>L000583</bioguideId>
        </identifiers>
        <isOriginalCosponsor>True</isOriginalCosponsor>
        <sponsorshipWithdrawnDate />
        <party>R</party>
        <fullName>Rep. Loudermilk, Barry [R-GA-11]</fullName>
        <state>GA</state>
        <sponsorshipDate>2015-07-27</sponsorshipDate>
        <firstName>Barry</firstName>
        <lastName>Loudermilk</lastName>
        <district>11</district>
        <bioguideId>L000583</bioguideId>
      </item>
      <item>
        <middleName />
        <identifiers>
          <lisID>2197</lisID>
          <gpoId />
          <bioguideId>B001289</bioguideId>
        </identifiers>
        <isOriginalCosponsor>True</isOriginalCosponsor>
        <sponsorshipWithdrawnDate />
        <party>R</party>
        <fullName>Rep. Byrne, Bradley [R-AL-1]</fullName>
        <state>AL</state>
        <sponsorshipDate>2015-07-27</sponsorshipDate>
        <firstName>Bradley</firstName>
        <lastName>Byrne</lastName>
        <district>1</district>
        <bioguideId>B001289</bioguideId>
      </item>
      <item>
        <middleName />
        <identifiers>
          <lisID>2255</lisID>
          <gpoId />
          <bioguideId>W000819</bioguideId>
        </identifiers>
        <isOriginalCosponsor>True</isOriginalCosponsor>
        <sponsorshipWithdrawnDate />
        <party>R</party>
        <fullName>Rep. Walker, Mark [R-NC-6]</fullName>
        <state>NC</state>
        <sponsorshipDate>2015-07-27</sponsorshipDate>
        <firstName>Mark</firstName>
        <lastName>Walker</lastName>
        <district>6</district>
        <bioguideId>W000819</bioguideId>
      </item>
      <item>
        <middleName />
        <identifiers>
          <bioguideId>P000592</bioguideId>
          <lisID>1802</lisID>
          <gpoId>8158</gpoId>
        </identifiers>
        <isOriginalCosponsor>True</isOriginalCosponsor>
        <sponsorshipWithdrawnDate />
        <party>R</party>
        <fullName>Rep. Poe, Ted [R-TX-2]</fullName>
        <state>TX</state>
        <sponsorshipDate>2015-07-27</sponsorshipDate>
        <firstName>Ted</firstName>
        <lastName>Poe</lastName>
        <district>2</district>
        <bioguideId>P000592</bioguideId>
      </item>
      <item>
        <middleName />
        <identifiers>
          <gpoId>8142</gpoId>
          <bioguideId>W000795</bioguideId>
          <lisID>1688</lisID>
        </identifiers>
        <isOriginalCosponsor>True</isOriginalCosponsor>
        <sponsorshipWithdrawnDate />
        <party>R</party>
        <fullName>Rep. Wilson, Joe [R-SC-2]</fullName>
        <state>SC</state>
        <sponsorshipDate>2015-07-27</sponsorshipDate>
        <firstName>Joe</firstName>
        <lastName>Wilson</lastName>
        <district>2</district>
        <bioguideId>W000795</bioguideId>
      </item>
      <item>
        <middleName>E.</middleName>
        <identifiers>
          <lisID>2090</lisID>
          <gpoId>8366</gpoId>
          <bioguideId>A000369</bioguideId>
        </identifiers>
        <isOriginalCosponsor>True</isOriginalCosponsor>
        <sponsorshipWithdrawnDate />
        <party>R</party>
        <fullName>Rep. Amodei, Mark E. [R-NV-2]</fullName>
        <state>NV</state>
        <sponsorshipDate>2015-07-27</sponsorshipDate>
        <firstName>Mark</firstName>
        <lastName>Amodei</lastName>
        <district>2</district>
        <bioguideId>A000369</bioguideId>
      </item>
      <item>
        <middleName>J.</middleName>
        <identifiers>
          <lisID>1916</lisID>
          <gpoId>7888</gpoId>
          <bioguideId>R000583</bioguideId>
        </identifiers>
        <isOriginalCosponsor>True</isOriginalCosponsor>
        <sponsorshipWithdrawnDate />
        <party>R</party>
        <fullName>Rep. Rooney, Thomas J. [R-FL-17]</fullName>
        <state>FL</state>
        <sponsorshipDate>2015-07-27</sponsorshipDate>
        <firstName>Thomas</firstName>
        <lastName>Rooney</lastName>
        <district>17</district>
        <bioguideId>R000583</bioguideId>
      </item>
      <item>
        <middleName>Morgan</middleName>
        <identifiers>
          <gpoId>8200</gpoId>
          <bioguideId>G000568</bioguideId>
          <lisID>2070</lisID>
        </identifiers>
        <isOriginalCosponsor>True</isOriginalCosponsor>
        <sponsorshipWithdrawnDate />
        <party>R</party>
        <fullName>Rep. Griffith, H. Morgan [R-VA-9]</fullName>
        <state>VA</state>
        <sponsorshipDate>2015-07-27</sponsorshipDate>
        <firstName>H.</firstName>
        <lastName>Griffith</lastName>
        <district>9</district>
        <bioguideId>G000568</bioguideId>
      </item>
      <item>
        <middleName>M.</middleName>
        <identifiers>
          <bioguideId>S000364</bioguideId>
          <gpoId>7939</gpoId>
          <lisID>1527</lisID>
        </identifiers>
        <isOriginalCosponsor>True</isOriginalCosponsor>
        <sponsorshipWithdrawnDate />
        <party>R</party>
        <fullName>Rep. Shimkus, John [R-IL-15]</fullName>
        <state>IL</state>
        <sponsorshipDate>2015-07-27</sponsorshipDate>
        <firstName>JOHN</firstName>
        <lastName>SHIMKUS</lastName>
        <district>15</district>
        <bioguideId>S000364</bioguideId>
      </item>
      <item>
        <middleName />
        <identifiers>
          <bioguideId>C001107</bioguideId>
          <lisID>2235</lisID>
          <gpoId />
        </identifiers>
        <isOriginalCosponsor>True</isOriginalCosponsor>
        <sponsorshipWithdrawnDate />
        <party>R</party>
        <fullName>Rep. Curbelo, Carlos [R-FL-26]</fullName>
        <state>FL</state>
        <sponsorshipDate>2015-07-27</sponsorshipDate>
        <firstName>Carlos</firstName>
        <lastName>Curbelo</lastName>
        <district>26</district>
        <bioguideId>C001107</bioguideId>
      </item>
      <item>
        <middleName />
        <identifiers>
          <bioguideId>P000611</bioguideId>
          <lisID>2247</lisID>
          <gpoId />
        </identifiers>
        <isOriginalCosponsor>True</isOriginalCosponsor>
        <sponsorshipWithdrawnDate />
        <party>R</party>
        <fullName>Rep. Poliquin, Bruce [R-ME-2]</fullName>
        <state>ME</state>
        <sponsorshipDate>2015-07-27</sponsorshipDate>
        <firstName>Bruce</firstName>
        <lastName>Poliquin</lastName>
        <district>2</district>
        <bioguideId>P000611</bioguideId>
      </item>
      <item>
        <middleName>B.</middleName>
        <identifiers>
          <lisID>612</lisID>
          <gpoId>8026</gpoId>
          <bioguideId>J000255</bioguideId>
        </identifiers>
        <isOriginalCosponsor>True</isOriginalCosponsor>
        <sponsorshipWithdrawnDate />
        <party>R</party>
        <fullName>Rep. Jones, Walter B., Jr. [R-NC-3]</fullName>
        <state>NC</state>
        <sponsorshipDate>2015-07-27</sponsorshipDate>
        <firstName>WALTER</firstName>
        <lastName>JONES</lastName>
        <district>3</district>
        <bioguideId>J000255</bioguideId>
      </item>
      <item>
        <middleName />
        <identifiers>
          <lisID>2100</lisID>
          <gpoId />
          <bioguideId>L000578</bioguideId>
        </identifiers>
        <isOriginalCosponsor>True</isOriginalCosponsor>
        <sponsorshipWithdrawnDate />
        <party>R</party>
        <fullName>Rep. LaMalfa, Doug [R-CA-1]</fullName>
        <state>CA</state>
        <sponsorshipDate>2015-07-27</sponsorshipDate>
        <firstName>Doug</firstName>
        <lastName>LaMalfa</lastName>
        <district>1</district>
        <bioguideId>L000578</bioguideId>
      </item>
      <item>
        <middleName>W.</middleName>
        <identifiers>
          <bioguideId>D000604</bioguideId>
          <gpoId>8133</gpoId>
          <lisID>1799</lisID>
        </identifiers>
        <isOriginalCosponsor>True</isOriginalCosponsor>
        <sponsorshipWithdrawnDate />
        <party>R</party>
        <fullName>Rep. Dent, Charles W. [R-PA-15]</fullName>
        <state>PA</state>
        <sponsorshipDate>2015-07-27</sponsorshipDate>
        <firstName>Charles</firstName>
        <lastName>Dent</lastName>
        <district>15</district>
        <bioguideId>D000604</bioguideId>
      </item>
      <item>
        <middleName />
        <identifiers>
          <gpoId>7806</gpoId>
          <bioguideId>T000460</bioguideId>
          <lisID>1593</lisID>
        </identifiers>
        <isOriginalCosponsor>True</isOriginalCosponsor>
        <sponsorshipWithdrawnDate />
        <party>D</party>
        <fullName>Rep. Thompson, Mike [D-CA-5]</fullName>
        <state>CA</state>
        <sponsorshipDate>2015-07-27</sponsorshipDate>
        <firstName>MIKE</firstName>
        <lastName>THOMPSON</lastName>
        <district>5</district>
        <bioguideId>T000460</bioguideId>
      </item>
      <item>
        <middleName />
        <identifiers>
          <gpoId />
          <bioguideId>H001070</bioguideId>
          <lisID>2260</lisID>
        </identifiers>
        <isOriginalCosponsor>True</isOriginalCosponsor>
        <sponsorshipWithdrawnDate />
        <party>R</party>
        <fullName>Rep. Hardy, Cresent [R-NV-4]</fullName>
        <state>NV</state>
        <sponsorshipDate>2015-07-27</sponsorshipDate>
        <firstName>Cresent</firstName>
        <lastName>Hardy</lastName>
        <district>4</district>
        <bioguideId>H001070</bioguideId>
      </item>
      <item>
        <middleName>B.</middleName>
        <identifiers>
          <bioguideId>A000055</bioguideId>
          <gpoId>7789</gpoId>
          <lisID>1460</lisID>
        </identifiers>
        <isOriginalCosponsor>True</isOriginalCosponsor>
        <sponsorshipWithdrawnDate />
        <party>R</party>
        <fullName>Rep. Aderholt, Robert B. [R-AL-4]</fullName>
        <state>AL</state>
        <sponsorshipDate>2015-07-27</sponsorshipDate>
        <firstName>ROBERT</firstName>
        <lastName>ADERHOLT</lastName>
        <district>4</district>
        <bioguideId>A000055</bioguideId>
      </item>
      <item>
        <middleName />
        <identifiers>
          <lisID>1525</lisID>
          <gpoId>8188</gpoId>
          <bioguideId>S000250</bioguideId>
        </identifiers>
        <isOriginalCosponsor>True</isOriginalCosponsor>
        <sponsorshipWithdrawnDate />
        <party>R</party>
        <fullName>Rep. Sessions, Pete [R-TX-32]</fullName>
        <state>TX</state>
        <sponsorshipDate>2015-07-27</sponsorshipDate>
        <firstName>PETE</firstName>
        <lastName>SESSIONS</lastName>
        <district>32</district>
        <bioguideId>S000250</bioguideId>
      </item>
      <item>
        <middleName>D.</middleName>
        <identifiers>
          <bioguideId>H001048</bioguideId>
          <lisID>1909</lisID>
          <gpoId>7857</gpoId>
        </identifiers>
        <isOriginalCosponsor>True</isOriginalCosponsor>
        <sponsorshipWithdrawnDate />
        <party>R</party>
        <fullName>Rep. Hunter, Duncan D. [R-CA-50]</fullName>
        <state>CA</state>
        <sponsorshipDate>2015-07-27</sponsorshipDate>
        <firstName>Duncan</firstName>
        <lastName>Hunter</lastName>
        <district>50</district>
        <bioguideId>H001048</bioguideId>
      </item>
      <item>
        <middleName />
        <identifiers>
          <lisID>1955</lisID>
          <gpoId>8178</gpoId>
          <bioguideId>O000168</bioguideId>
        </identifiers>
        <isOriginalCosponsor>True</isOriginalCosponsor>
        <sponsorshipWithdrawnDate />
        <party>R</party>
        <fullName>Rep. Olson, Pete [R-TX-22]</fullName>
        <state>TX</state>
        <sponsorshipDate>2015-07-27</sponsorshipDate>
        <firstName>Pete</firstName>
        <lastName>Olson</lastName>
        <district>22</district>
        <bioguideId>O000168</bioguideId>
      </item>
      <item>
        <middleName />
        <identifiers>
          <gpoId />
          <bioguideId>D000619</bioguideId>
          <lisID>2126</lisID>
        </identifiers>
        <isOriginalCosponsor>True</isOriginalCosponsor>
        <sponsorshipWithdrawnDate />
        <party>R</party>
        <fullName>Rep. Davis, Rodney [R-IL-13]</fullName>
        <state>IL</state>
        <sponsorshipDate>2015-07-27</sponsorshipDate>
        <firstName>Rodney</firstName>
        <lastName>Davis</lastName>
        <district>13</district>
        <bioguideId>D000619</bioguideId>
      </item>
      <item>
        <middleName />
        <identifiers>
          <gpoId />
          <bioguideId>C001092</bioguideId>
          <lisID>2151</lisID>
        </identifiers>
        <isOriginalCosponsor>True</isOriginalCosponsor>
        <sponsorshipWithdrawnDate />
        <party>R</party>
        <fullName>Rep. Collins, Chris [R-NY-27]</fullName>
        <state>NY</state>
        <sponsorshipDate>2015-07-27</sponsorshipDate>
        <firstName>Chris</firstName>
        <lastName>Collins</lastName>
        <district>27</district>
        <bioguideId>C001092</bioguideId>
      </item>
      <item>
        <middleName>M.</middleName>
        <identifiers>
          <bioguideId>B001257</bioguideId>
          <lisID>1838</lisID>
          <gpoId>7881</gpoId>
        </identifiers>
        <isOriginalCosponsor>True</isOriginalCosponsor>
        <sponsorshipWithdrawnDate />
        <party>R</party>
        <fullName>Rep. Bilirakis, Gus M. [R-FL-12]</fullName>
        <state>FL</state>
        <sponsorshipDate>2015-07-27</sponsorshipDate>
        <firstName>Gus</firstName>
        <lastName>Bilirakis</lastName>
        <district>12</district>
        <bioguideId>B001257</bioguideId>
      </item>
      <item>
        <middleName>R.</middleName>
        <identifiers>
          <bioguideId>P000596</bioguideId>
          <lisID>1953</lisID>
          <gpoId>8138</gpoId>
        </identifiers>
        <isOriginalCosponsor>True</isOriginalCosponsor>
        <sponsorshipWithdrawnDate />
        <party>D</party>
        <fullName>Rep. Pierluisi, Pedro R. [D-PR-At Large]</fullName>
        <state>PR</state>
        <sponsorshipDate>2015-07-27</sponsorshipDate>
        <firstName>Pedro</firstName>
        <lastName>Pierluisi</lastName>
        <district>0</district>
        <bioguideId>P000596</bioguideId>
      </item>
      <item>
        <middleName />
        <identifiers>
          <lisID>1933</lisID>
          <gpoId>8021</gpoId>
          <bioguideId>H001045</bioguideId>
        </identifiers>
        <isOriginalCosponsor>True</isOriginalCosponsor>
        <sponsorshipWithdrawnDate />
        <party>R</party>
        <fullName>Rep. Harper, Gregg [R-MS-3]</fullName>
        <state>MS</state>
        <sponsorshipDate>2015-07-27</sponsorshipDate>
        <firstName>Gregg</firstName>
        <lastName>Harper</lastName>
        <district>3</district>
        <bioguideId>H001045</bioguideId>
      </item>
      <item>
        <middleName>K.</middleName>
        <identifiers>
          <lisID>2161</lisID>
          <gpoId />
          <bioguideId>W000814</bioguideId>
        </identifiers>
        <isOriginalCosponsor>True</isOriginalCosponsor>
        <sponsorshipWithdrawnDate />
        <party>R</party>
        <fullName>Rep. Weber, Randy K., Sr. [R-TX-14]</fullName>
        <state>TX</state>
        <sponsorshipDate>2015-07-27</sponsorshipDate>
        <firstName>Randy</firstName>
        <lastName>Weber</lastName>
        <district>14</district>
        <bioguideId>W000814</bioguideId>
      </item>
      <item>
        <middleName />
        <identifiers>
          <lisID>2057</lisID>
          <gpoId>8143</gpoId>
          <bioguideId>D000615</bioguideId>
        </identifiers>
        <isOriginalCosponsor>True</isOriginalCosponsor>
        <sponsorshipWithdrawnDate />
        <party>R</party>
        <fullName>Rep. Duncan, Jeff [R-SC-3]</fullName>
        <state>SC</state>
        <sponsorshipDate>2015-07-27</sponsorshipDate>
        <firstName>Jeff</firstName>
        <lastName>Duncan</lastName>
        <district>3</district>
        <bioguideId>D000615</bioguideId>
      </item>
      <item>
        <middleName />
        <identifiers>
          <lisID>2230</lisID>
          <gpoId />
          <bioguideId>L000582</bioguideId>
        </identifiers>
        <isOriginalCosponsor>True</isOriginalCosponsor>
        <sponsorshipWithdrawnDate />
        <party>D</party>
        <fullName>Rep. Lieu, Ted [D-CA-33]</fullName>
        <state>CA</state>
        <sponsorshipDate>2015-07-27</sponsorshipDate>
        <firstName>Ted</firstName>
        <lastName>Lieu</lastName>
        <district>33</district>
        <bioguideId>L000582</bioguideId>
      </item>
      <item>
        <middleName>M.</middleName>
        <identifiers>
          <lisID>2293</lisID>
          <gpoId />
          <bioguideId>D000625</bioguideId>
        </identifiers>
        <isOriginalCosponsor>True</isOriginalCosponsor>
        <sponsorshipWithdrawnDate />
        <party>R</party>
        <fullName>Rep. Donovan, Daniel M., Jr. [R-NY-11]</fullName>
        <state>NY</state>
        <sponsorshipDate>2015-07-27</sponsorshipDate>
        <firstName>Daniel</firstName>
        <lastName>Donovan</lastName>
        <district>11</district>
        <bioguideId>D000625</bioguideId>
      </item>
      <item>
        <middleName />
        <identifiers>
          <lisID>2142</lisID>
          <gpoId />
          <bioguideId>M001187</bioguideId>
        </identifiers>
        <isOriginalCosponsor>True</isOriginalCosponsor>
        <sponsorshipWithdrawnDate />
        <party>R</party>
        <fullName>Rep. Meadows, Mark [R-NC-11]</fullName>
        <state>NC</state>
        <sponsorshipDate>2015-07-27</sponsorshipDate>
        <firstName>Mark</firstName>
        <lastName>Meadows</lastName>
        <district>11</district>
        <bioguideId>M001187</bioguideId>
      </item>
      <item>
        <middleName />
        <identifiers>
          <lisID>1756</lisID>
          <gpoId>8107</gpoId>
          <bioguideId>R000577</bioguideId>
        </identifiers>
        <isOriginalCosponsor>True</isOriginalCosponsor>
        <sponsorshipWithdrawnDate />
        <party>D</party>
        <fullName>Rep. Ryan, Tim [D-OH-13]</fullName>
        <state>OH</state>
        <sponsorshipDate>2015-07-27</sponsorshipDate>
        <firstName>TIM</firstName>
        <lastName>RYAN</lastName>
        <district>13</district>
        <bioguideId>R000577</bioguideId>
      </item>
      <item>
        <middleName />
        <identifiers>
          <gpoId />
          <bioguideId>G000571</bioguideId>
          <lisID>2122</lisID>
        </identifiers>
        <isOriginalCosponsor>True</isOriginalCosponsor>
        <sponsorshipWithdrawnDate />
        <party>D</party>
        <fullName>Rep. Gabbard, Tulsi [D-HI-2]</fullName>
        <state>HI</state>
        <sponsorshipDate>2015-07-27</sponsorshipDate>
        <firstName>Tulsi</firstName>
        <lastName>Gabbard</lastName>
        <district>2</district>
        <bioguideId>G000571</bioguideId>
      </item>
      <item>
        <middleName />
        <identifiers>
          <bioguideId>G000552</bioguideId>
          <lisID>1801</lisID>
          <gpoId>8157</gpoId>
        </identifiers>
        <isOriginalCosponsor>True</isOriginalCosponsor>
        <sponsorshipWithdrawnDate />
        <party>R</party>
        <fullName>Rep. Gohmert, Louie [R-TX-1]</fullName>
        <state>TX</state>
        <sponsorshipDate>2015-07-27</sponsorshipDate>
        <firstName>Louie</firstName>
        <lastName>Gohmert</lastName>
        <district>1</district>
        <bioguideId>G000552</bioguideId>
      </item>
      <item>
        <middleName>S.</middleName>
        <identifiers>
          <gpoId>8589</gpoId>
          <bioguideId>M001150</bioguideId>
          <lisID>1731</lisID>
        </identifiers>
        <isOriginalCosponsor>True</isOriginalCosponsor>
        <sponsorshipWithdrawnDate />
        <party>R</party>
        <fullName>Rep. Miller, Candice S. [R-MI-10]</fullName>
        <state>MI</state>
        <sponsorshipDate>2015-07-27</sponsorshipDate>
        <firstName>Candice</firstName>
        <lastName>Miller</lastName>
        <district>10</district>
        <bioguideId>M001150</bioguideId>
      </item>
      <item>
        <middleName />
        <identifiers>
          <lisID>1987</lisID>
          <gpoId>7790</gpoId>
          <bioguideId>B001274</bioguideId>
        </identifiers>
        <isOriginalCosponsor>True</isOriginalCosponsor>
        <sponsorshipWithdrawnDate />
        <party>R</party>
        <fullName>Rep. Brooks, Mo [R-AL-5]</fullName>
        <state>AL</state>
        <sponsorshipDate>2015-07-27</sponsorshipDate>
        <firstName>Mo</firstName>
        <lastName>Brooks</lastName>
        <district>5</district>
        <bioguideId>B001274</bioguideId>
      </item>
      <item>
        <middleName />
        <identifiers>
          <lisID>1855</lisID>
          <gpoId>7992</gpoId>
          <bioguideId>W000798</bioguideId>
        </identifiers>
        <isOriginalCosponsor>True</isOriginalCosponsor>
        <sponsorshipWithdrawnDate />
        <party>R</party>
        <fullName>Rep. Walberg, Tim [R-MI-7]</fullName>
        <state>MI</state>
        <sponsorshipDate>2015-07-27</sponsorshipDate>
        <firstName>Tim</firstName>
        <lastName>Walberg</lastName>
        <district>7</district>
        <bioguideId>W000798</bioguideId>
      </item>
      <item>
        <middleName />
        <identifiers>
          <bioguideId>B001269</bioguideId>
          <lisID>2054</lisID>
          <gpoId>8129</gpoId>
        </identifiers>
        <isOriginalCosponsor>True</isOriginalCosponsor>
        <sponsorshipWithdrawnDate />
        <party>R</party>
        <fullName>Rep. Barletta, Lou [R-PA-11]</fullName>
        <state>PA</state>
        <sponsorshipDate>2015-07-27</sponsorshipDate>
        <firstName>Lou</firstName>
        <lastName>Barletta</lastName>
        <district>11</district>
        <bioguideId>B001269</bioguideId>
      </item>
      <item>
        <middleName />
        <identifiers>
          <gpoId />
          <bioguideId>A000373</bioguideId>
          <lisID>2257</lisID>
        </identifiers>
        <isOriginalCosponsor>True</isOriginalCosponsor>
        <sponsorshipWithdrawnDate />
        <party>D</party>
        <fullName>Rep. Ashford, Brad [D-NE-2]</fullName>
        <state>NE</state>
        <sponsorshipDate>2015-07-27</sponsorshipDate>
        <firstName>Brad</firstName>
        <lastName>Ashford</lastName>
        <district>2</district>
        <bioguideId>A000373</bioguideId>
      </item>
      <item>
        <middleName>B.</middleName>
        <identifiers>
          <lisID>2237</lisID>
          <gpoId />
          <bioguideId>H001071</bioguideId>
        </identifiers>
        <isOriginalCosponsor>True</isOriginalCosponsor>
        <sponsorshipWithdrawnDate />
        <party>R</party>
        <fullName>Rep. Hice, Jody B. [R-GA-10]</fullName>
        <state>GA</state>
        <sponsorshipDate>2015-07-27</sponsorshipDate>
        <firstName>Jody</firstName>
        <lastName>Hice</lastName>
        <district>10</district>
        <bioguideId>H001071</bioguideId>
      </item>
      <item>
        <middleName />
        <identifiers>
          <bioguideId>G000563</bioguideId>
          <lisID>2049</lisID>
          <gpoId>8108</gpoId>
        </identifiers>
        <isOriginalCosponsor>True</isOriginalCosponsor>
        <sponsorshipWithdrawnDate />
        <party>R</party>
        <fullName>Rep. Gibbs, Bob [R-OH-7]</fullName>
        <state>OH</state>
        <sponsorshipDate>2015-07-27</sponsorshipDate>
        <firstName>Bob</firstName>
        <lastName>Gibbs</lastName>
        <district>7</district>
        <bioguideId>G000563</bioguideId>
      </item>
      <item>
        <middleName />
        <identifiers>
          <bioguideId>K000386</bioguideId>
          <lisID>2264</lisID>
          <gpoId />
        </identifiers>
        <isOriginalCosponsor>True</isOriginalCosponsor>
        <sponsorshipWithdrawnDate />
        <party>R</party>
        <fullName>Rep. Katko, John [R-NY-24]</fullName>
        <state>NY</state>
        <sponsorshipDate>2015-07-27</sponsorshipDate>
        <firstName>John</firstName>
        <lastName>Katko</lastName>
        <district>24</district>
        <bioguideId>K000386</bioguideId>
      </item>
      <item>
        <middleName />
        <identifiers>
          <lisID>603</lisID>
          <gpoId>8159</gpoId>
          <bioguideId>J000174</bioguideId>
        </identifiers>
        <isOriginalCosponsor>True</isOriginalCosponsor>
        <sponsorshipWithdrawnDate />
        <party>R</party>
        <fullName>Rep. Johnson, Sam [R-TX-3]</fullName>
        <state>TX</state>
        <sponsorshipDate>2015-07-27</sponsorshipDate>
        <firstName>SAM</firstName>
        <lastName>JOHNSON</lastName>
        <district>3</district>
        <bioguideId>J000174</bioguideId>
      </item>
      <item>
        <middleName />
        <identifiers>
          <gpoId>7987</gpoId>
          <bioguideId>H001058</bioguideId>
          <lisID>2028</lisID>
        </identifiers>
        <isOriginalCosponsor>True</isOriginalCosponsor>
        <sponsorshipWithdrawnDate />
        <party>R</party>
        <fullName>Rep. Huizenga, Bill [R-MI-2]</fullName>
        <state>MI</state>
        <sponsorshipDate>2015-07-27</sponsorshipDate>
        <firstName>Bill</firstName>
        <lastName>Huizenga</lastName>
        <district>2</district>
        <bioguideId>H001058</bioguideId>
      </item>
      <item>
        <middleName />
        <identifiers>
          <gpoId>7905</gpoId>
          <bioguideId>S001189</bioguideId>
          <lisID>2009</lisID>
        </identifiers>
        <isOriginalCosponsor>True</isOriginalCosponsor>
        <sponsorshipWithdrawnDate />
        <party>R</party>
        <fullName>Rep. Scott, Austin [R-GA-8]</fullName>
        <state>GA</state>
        <sponsorshipDate>2015-07-27</sponsorshipDate>
        <firstName>Austin</firstName>
        <lastName>Scott</lastName>
        <district>8</district>
        <bioguideId>S001189</bioguideId>
      </item>
      <item>
        <middleName />
        <identifiers>
          <gpoId>7918</gpoId>
          <bioguideId>K000362</bioguideId>
          <lisID>1724</lisID>
        </identifiers>
        <isOriginalCosponsor>True</isOriginalCosponsor>
        <sponsorshipWithdrawnDate />
        <party>R</party>
        <fullName>Rep. King, Steve [R-IA-4]</fullName>
        <state>IA</state>
        <sponsorshipDate>2015-07-27</sponsorshipDate>
        <firstName>Steve</firstName>
        <lastName>King</lastName>
        <district>4</district>
        <bioguideId>K000362</bioguideId>
      </item>
      <item>
        <middleName>T.</middleName>
        <identifiers>
          <lisID>1804</lisID>
          <gpoId>8166</gpoId>
          <bioguideId>M001157</bioguideId>
        </identifiers>
        <isOriginalCosponsor>True</isOriginalCosponsor>
        <sponsorshipWithdrawnDate />
        <party>R</party>
        <fullName>Rep. McCaul, Michael T. [R-TX-10]</fullName>
        <state>TX</state>
        <sponsorshipDate>2015-07-27</sponsorshipDate>
        <firstName>Michael</firstName>
        <lastName>McCaul</lastName>
        <district>10</district>
        <bioguideId>M001157</bioguideId>
      </item>
      <item>
        <middleName />
        <identifiers>
          <lisID>2275</lisID>
          <gpoId />
          <bioguideId>N000189</bioguideId>
        </identifiers>
        <isOriginalCosponsor>True</isOriginalCosponsor>
        <sponsorshipWithdrawnDate />
        <party>R</party>
        <fullName>Rep. Newhouse, Dan [R-WA-4]</fullName>
        <state>WA</state>
        <sponsorshipDate>2015-07-27</sponsorshipDate>
        <firstName>Dan</firstName>
        <lastName>Newhouse</lastName>
        <district>4</district>
        <bioguideId>N000189</bioguideId>
      </item>
      <item>
        <middleName>E.</middleName>
        <identifiers>
          <gpoId>8095</gpoId>
          <bioguideId>L000566</bioguideId>
          <lisID>1885</lisID>
        </identifiers>
        <isOriginalCosponsor>True</isOriginalCosponsor>
        <sponsorshipWithdrawnDate />
        <party>R</party>
        <fullName>Rep. Latta, Robert E. [R-OH-5]</fullName>
        <state>OH</state>
        <sponsorshipDate>2015-07-27</sponsorshipDate>
        <firstName>Robert</firstName>
        <lastName>Latta</lastName>
        <district>5</district>
        <bioguideId>L000566</bioguideId>
      </item>
      <item>
        <middleName />
        <identifiers>
          <gpoId>8057</gpoId>
          <bioguideId>P000588</bioguideId>
          <lisID>1738</lisID>
        </identifiers>
        <isOriginalCosponsor>True</isOriginalCosponsor>
        <sponsorshipWithdrawnDate />
        <party>R</party>
        <fullName>Rep. Pearce, Stevan [R-NM-2]</fullName>
        <state>NM</state>
        <sponsorshipDate>2015-07-27</sponsorshipDate>
        <firstName>Stevan</firstName>
        <lastName>Pearce</lastName>
        <district>2</district>
        <bioguideId>P000588</bioguideId>
      </item>
      <item>
        <middleName>P.</middleName>
        <identifiers>
          <lisID>1504</lisID>
          <gpoId>7968</gpoId>
          <bioguideId>M000312</bioguideId>
        </identifiers>
        <isOriginalCosponsor>True</isOriginalCosponsor>
        <sponsorshipWithdrawnDate />
        <party>D</party>
        <fullName>Rep. McGovern, James P. [D-MA-2]</fullName>
        <state>MA</state>
        <sponsorshipDate>2015-07-27</sponsorshipDate>
        <firstName>JAMES</firstName>
        <lastName>MCGOVERN</lastName>
        <district>2</district>
        <bioguideId>M000312</bioguideId>
      </item>
      <item>
        <middleName />
        <identifiers>
          <bioguideId>H001067</bioguideId>
          <lisID>2140</lisID>
          <gpoId />
        </identifiers>
        <isOriginalCosponsor>False</isOriginalCosponsor>
        <sponsorshipWithdrawnDate />
        <party>R</party>
        <fullName>Rep. Hudson, Richard [R-NC-8]</fullName>
        <state>NC</state>
        <sponsorshipDate>2015-07-28</sponsorshipDate>
        <firstName>Richard</firstName>
        <lastName>Hudson</lastName>
        <district>8</district>
        <bioguideId>H001067</bioguideId>
      </item>
      <item>
        <middleName />
        <identifiers>
          <lisID>1177</lisID>
          <gpoId>7991</gpoId>
          <bioguideId>U000031</bioguideId>
        </identifiers>
        <isOriginalCosponsor>False</isOriginalCosponsor>
        <sponsorshipWithdrawnDate />
        <party>R</party>
        <fullName>Rep. Upton, Fred [R-MI-6]</fullName>
        <state>MI</state>
        <sponsorshipDate>2015-07-28</sponsorshipDate>
        <firstName>FRED</firstName>
        <lastName>UPTON</lastName>
        <district>6</district>
        <bioguideId>U000031</bioguideId>
      </item>
      <item>
        <middleName />
        <identifiers>
          <gpoId />
          <bioguideId>B001282</bioguideId>
          <lisID>2131</lisID>
        </identifiers>
        <isOriginalCosponsor>False</isOriginalCosponsor>
        <sponsorshipWithdrawnDate />
        <party>R</party>
        <fullName>Rep. Barr, Andy [R-KY-6]</fullName>
        <state>KY</state>
        <sponsorshipDate>2015-07-28</sponsorshipDate>
        <firstName>Andy</firstName>
        <lastName>Barr</lastName>
        <district>6</district>
        <bioguideId>B001282</bioguideId>
      </item>
      <item>
        <middleName />
        <identifiers>
          <lisID>2270</lisID>
          <gpoId />
          <bioguideId>B001291</bioguideId>
        </identifiers>
        <isOriginalCosponsor>False</isOriginalCosponsor>
        <sponsorshipWithdrawnDate />
        <party>R</party>
        <fullName>Rep. Babin, Brian [R-TX-36]</fullName>
        <state>TX</state>
        <sponsorshipDate>2015-07-28</sponsorshipDate>
        <firstName>Brian</firstName>
        <lastName>Babin</lastName>
        <district>36</district>
        <bioguideId>B001291</bioguideId>
      </item>
      <item>
        <middleName />
        <identifiers>
          <lisID>2104</lisID>
          <gpoId />
          <bioguideId>S001193</bioguideId>
        </identifiers>
        <isOriginalCosponsor>False</isOriginalCosponsor>
        <sponsorshipWithdrawnDate />
        <party>D</party>
        <fullName>Rep. Swalwell, Eric [D-CA-15]</fullName>
        <state>CA</state>
        <sponsorshipDate>2015-07-28</sponsorshipDate>
        <firstName>Eric</firstName>
        <lastName>Swalwell</lastName>
        <district>15</district>
        <bioguideId>S001193</bioguideId>
      </item>
      <item>
        <middleName>G.</middleName>
        <identifiers>
          <gpoId />
          <bioguideId>V000129</bioguideId>
          <lisID>2105</lisID>
        </identifiers>
        <isOriginalCosponsor>False</isOriginalCosponsor>
        <sponsorshipWithdrawnDate />
        <party>R</party>
        <fullName>Rep. Valadao, David G. [R-CA-21]</fullName>
        <state>CA</state>
        <sponsorshipDate>2015-07-28</sponsorshipDate>
        <firstName>David</firstName>
        <lastName>Valadao</lastName>
        <district>21</district>
        <bioguideId>V000129</bioguideId>
      </item>
      <item>
        <middleName>A.</middleName>
        <identifiers>
          <lisID>2003</lisID>
          <gpoId>7884</gpoId>
          <bioguideId>R000593</bioguideId>
        </identifiers>
        <isOriginalCosponsor>False</isOriginalCosponsor>
        <sponsorshipWithdrawnDate />
        <party>R</party>
        <fullName>Rep. Ross, Dennis A. [R-FL-15]</fullName>
        <state>FL</state>
        <sponsorshipDate>2015-07-28</sponsorshipDate>
        <firstName>Dennis</firstName>
        <lastName>Ross</lastName>
        <district>15</district>
        <bioguideId>R000593</bioguideId>
      </item>
      <item>
        <middleName>BERNICE</middleName>
        <identifiers>
          <gpoId>8186</gpoId>
          <bioguideId>J000126</bioguideId>
          <lisID>599</lisID>
        </identifiers>
        <isOriginalCosponsor>False</isOriginalCosponsor>
        <sponsorshipWithdrawnDate />
        <party>D</party>
        <fullName>Rep. Johnson, Eddie Bernice [D-TX-30]</fullName>
        <state>TX</state>
        <sponsorshipDate>2015-07-28</sponsorshipDate>
        <firstName>EDDIE</firstName>
        <lastName>JOHNSON</lastName>
        <district>30</district>
        <bioguideId>J000126</bioguideId>
      </item>
      <item>
        <middleName>A.</middleName>
        <identifiers>
          <lisID>2166</lisID>
          <gpoId />
          <bioguideId>V000131</bioguideId>
        </identifiers>
        <isOriginalCosponsor>False</isOriginalCosponsor>
        <sponsorshipWithdrawnDate />
        <party>D</party>
        <fullName>Rep. Veasey, Marc A. [D-TX-33]</fullName>
        <state>TX</state>
        <sponsorshipDate>2015-07-28</sponsorshipDate>
        <firstName>Marc</firstName>
        <lastName>Veasey</lastName>
        <district>33</district>
        <bioguideId>V000131</bioguideId>
      </item>
      <item>
        <middleName />
        <identifiers>
          <lisID>2027</lisID>
          <gpoId>7986</gpoId>
          <bioguideId>B001271</bioguideId>
        </identifiers>
        <isOriginalCosponsor>False</isOriginalCosponsor>
        <sponsorshipWithdrawnDate />
        <party>R</party>
        <fullName>Rep. Benishek, Dan [R-MI-1]</fullName>
        <state>MI</state>
        <sponsorshipDate>2015-09-10</sponsorshipDate>
        <firstName>Dan</firstName>
        <lastName>Benishek</lastName>
        <district>1</district>
        <bioguideId>B001271</bioguideId>
      </item>
      <item>
        <middleName>P.</middleName>
        <identifiers>
          <bioguideId>D000614</bioguideId>
          <gpoId>8220</gpoId>
          <lisID>2072</lisID>
        </identifiers>
        <isOriginalCosponsor>False</isOriginalCosponsor>
        <sponsorshipWithdrawnDate />
        <party>R</party>
        <fullName>Rep. Duffy, Sean P. [R-WI-7]</fullName>
        <state>WI</state>
        <sponsorshipDate>2015-09-10</sponsorshipDate>
        <firstName>Sean</firstName>
        <lastName>Duffy</lastName>
        <district>7</district>
        <bioguideId>D000614</bioguideId>
      </item>
      <item>
        <middleName>M.</middleName>
        <identifiers>
          <bioguideId>Z000017</bioguideId>
          <gpoId />
          <lisID>2261</lisID>
        </identifiers>
        <isOriginalCosponsor>False</isOriginalCosponsor>
        <sponsorshipWithdrawnDate />
        <party>R</party>
        <fullName>Rep. Zeldin, Lee M. [R-NY-1]</fullName>
        <state>NY</state>
        <sponsorshipDate>2015-09-10</sponsorshipDate>
        <firstName>Lee</firstName>
        <lastName>Zeldin</lastName>
        <district>1</district>
        <bioguideId>Z000017</bioguideId>
      </item>
      <item>
        <middleName />
        <identifiers>
          <lisID>1793</lisID>
          <gpoId>8038</gpoId>
          <bioguideId>F000449</bioguideId>
        </identifiers>
        <isOriginalCosponsor>False</isOriginalCosponsor>
        <sponsorshipWithdrawnDate />
        <party>R</party>
        <fullName>Rep. Fortenberry, Jeff [R-NE-1]</fullName>
        <state>NE</state>
        <sponsorshipDate>2015-09-10</sponsorshipDate>
        <firstName>Jeff</firstName>
        <lastName>Fortenberry</lastName>
        <district>1</district>
        <bioguideId>F000449</bioguideId>
      </item>
      <item>
        <middleName>T.</middleName>
        <identifiers>
          <bioguideId>K000210</bioguideId>
          <lisID>635</lisID>
          <gpoId>8064</gpoId>
        </identifiers>
        <isOriginalCosponsor>False</isOriginalCosponsor>
        <sponsorshipWithdrawnDate />
        <party>R</party>
        <fullName>Rep. King, Peter T. [R-NY-2]</fullName>
        <state>NY</state>
        <sponsorshipDate>2015-09-17</sponsorshipDate>
        <firstName>PETER</firstName>
        <lastName>KING</lastName>
        <district>2</district>
        <bioguideId>K000210</bioguideId>
      </item>
      <item>
        <middleName />
        <identifiers>
          <bioguideId>K000009</bioguideId>
          <lisID>616</lisID>
          <gpoId>8099</gpoId>
        </identifiers>
        <isOriginalCosponsor>False</isOriginalCosponsor>
        <sponsorshipWithdrawnDate />
        <party>D</party>
        <fullName>Rep. Kaptur, Marcy [D-OH-9]</fullName>
        <state>OH</state>
        <sponsorshipDate>2015-12-08</sponsorshipDate>
        <firstName>MARCY</firstName>
        <lastName>KAPTUR</lastName>
        <district>9</district>
        <bioguideId>K000009</bioguideId>
      </item>
      <item>
        <middleName />
        <identifiers>
          <lisID>1653</lisID>
          <gpoId>8004</gpoId>
          <bioguideId>M001143</bioguideId>
        </identifiers>
        <isOriginalCosponsor>False</isOriginalCosponsor>
        <sponsorshipWithdrawnDate />
        <party>D</party>
        <fullName>Rep. McCollum, Betty [D-MN-4]</fullName>
        <state>MN</state>
        <sponsorshipDate>2015-12-10</sponsorshipDate>
        <firstName>BETTY</firstName>
        <lastName>MCCOLLUM</lastName>
        <district>4</district>
        <bioguideId>M001143</bioguideId>
      </item>
    </cosponsors>
    <constitutionalAuthorityStatementText />
    <committeeReports />
    <originChamber>House</originChamber>
    <summaries>
      <billSummaries>
        <item>
          <actionDate>2015-07-27</actionDate>
          <name>Introduced in House</name>
          <actionDesc>Introduced in House</actionDesc>
          <updateDate>2015-07-27T04:00:00Z</updateDate>
          <text><![CDATA[<p>Expresses the sense of the House of Representatives that: (1) the July 16, 2015, attack upon members of the Armed Forces at the Navy Operational Support Center and Marine Corps Reserve Center and the Armed Forces Career Center in Chattanooga, Tennessee, meets the criteria for the award of the Purple Heart, and (2) the Secretary of the Navy should award the Purple Heart to the members of the Marine Corps and Navy who were killed or wounded in the attack.</p>]]></text>
          <lastSummaryUpdateDate>2015-09-04T15:31:22Z</lastSummaryUpdateDate>
          <versionCode>00</versionCode>
        </item>
      </billSummaries>
    </summaries>
    <subjects>
      <billSubjects>
        <legislativeSubjects>
          <item>
            <name>Military facilities and property</name>
          </item>
          <item>
            <name>Military personnel and dependents</name>
          </item>
          <item>
            <name>National Guard and reserves</name>
          </item>
          <item>
            <name>Tennessee</name>
          </item>
          <item>
            <name>Violent crime</name>
          </item>
        </legislativeSubjects>
        <policyArea>
          <name>Armed Forces and National Security</name>
        </policyArea>
      </billSubjects>
    </subjects>
    <createDate>2015-07-28T14:38:25Z</createDate>
    <notes />
    <committees>
      <billCommittees>
        <item>
          <chamber>House</chamber>
          <subcommittees>
            <item>
              <systemCode>hsas02</systemCode>
              <name>Military Personnel Subcommittee</name>
              <activities>
                <item>
                  <name>Referred to</name>
                  <date>2015-08-13T20:30:31Z</date>
                </item>
              </activities>
            </item>
          </subcommittees>
          <type>Standing</type>
          <name>Armed Services Committee</name>
          <activities>
            <item>
              <name>Referred to</name>
              <date>2015-07-27T16:02:35Z</date>
            </item>
          </activities>
          <systemCode>hsas00</systemCode>
        </item>
      </billCommittees>
    </committees>
  </bill>
  <dublinCore xmlns:dc="http://purl.org/dc/elements/1.1/">
    <dc:format>text/xml</dc:format>
    <dc:language>EN</dc:language>
    <dc:rights>Pursuant to Title 17 Section 105 of the United States Code, this file is not subject to copyright protection and is in the public domain.</dc:rights>
    <dc:contributor>Congressional Research Service, Library of Congress</dc:contributor>
    <dc:description>This file contains bill summaries and statuses for federal legislation. A bill summary describes the most significant provisions of a piece of legislation and details the effects the legislative text may have on current law and federal programs. Bill summaries are authored by the Congressional Research Service (CRS) of the Library of Congress. As stated in Public Law 91-510 (2 USC 166 (d)(6)), one of the duties of CRS is "to prepare summaries and digests of bills and resolutions of a public general nature introduced in the Senate or House of Representatives". For more information, refer to the User Guide that accompanies this file.</dc:description>
  </dublinCore>
</billStatus>

