<?xml version="1.0" encoding="UTF-8"?>
<billStatus>
  <bill>
    <congress>114</congress>
    <billNumber>536</billNumber>
    <cosponsors>
      <item>
        <identifiers>
          <bioguideId>R000435</bioguideId>
          <lisID>985</lisID>
          <gpoId>7890</gpoId>
        </identifiers>
        <state>FL</state>
        <sponsorshipDate>2015-11-19</sponsorshipDate>
        <district>27</district>
        <middleName />
        <party>R</party>
        <sponsorshipWithdrawnDate />
        <bioguideId>R000435</bioguideId>
        <lastName>ROS-LEHTINEN</lastName>
        <isOriginalCosponsor>True</isOriginalCosponsor>
        <fullName>Rep. Ros-Lehtinen, Ileana [R-FL-27]</fullName>
        <firstName>ILEANA</firstName>
      </item>
      <item>
        <identifiers>
          <bioguideId>E000179</bioguideId>
          <gpoId>8078</gpoId>
          <lisID>344</lisID>
        </identifiers>
        <state>NY</state>
        <sponsorshipDate>2015-11-19</sponsorshipDate>
        <district>16</district>
        <middleName>L.</middleName>
        <party>D</party>
        <sponsorshipWithdrawnDate />
        <bioguideId>E000179</bioguideId>
        <lastName>ENGEL</lastName>
        <isOriginalCosponsor>True</isOriginalCosponsor>
        <fullName>Rep. Engel, Eliot L. [D-NY-16]</fullName>
        <firstName>ELIOT</firstName>
      </item>
      <item>
        <identifiers>
          <bioguideId>D000615</bioguideId>
          <lisID>2057</lisID>
          <gpoId>8143</gpoId>
        </identifiers>
        <state>SC</state>
        <sponsorshipDate>2015-11-19</sponsorshipDate>
        <district>3</district>
        <middleName />
        <party>R</party>
        <sponsorshipWithdrawnDate />
        <bioguideId>D000615</bioguideId>
        <lastName>Duncan</lastName>
        <isOriginalCosponsor>True</isOriginalCosponsor>
        <fullName>Rep. Duncan, Jeff [R-SC-3]</fullName>
        <firstName>Jeff</firstName>
      </item>
      <item>
        <identifiers>
          <gpoId>8139</gpoId>
          <bioguideId>C001084</bioguideId>
          <lisID>2055</lisID>
        </identifiers>
        <state>RI</state>
        <sponsorshipDate>2015-11-30</sponsorshipDate>
        <district>1</district>
        <middleName>N.</middleName>
        <party>D</party>
        <sponsorshipWithdrawnDate />
        <bioguideId>C001084</bioguideId>
        <lastName>Cicilline</lastName>
        <isOriginalCosponsor>False</isOriginalCosponsor>
        <fullName>Rep. Cicilline, David N. [D-RI-1]</fullName>
        <firstName>David</firstName>
      </item>
      <item>
        <identifiers>
          <gpoId>7893</gpoId>
          <bioguideId>D000600</bioguideId>
          <lisID>1717</lisID>
        </identifiers>
        <state>FL</state>
        <sponsorshipDate>2015-11-30</sponsorshipDate>
        <district>25</district>
        <middleName />
        <party>R</party>
        <sponsorshipWithdrawnDate />
        <bioguideId>D000600</bioguideId>
        <lastName>Diaz-Balart</lastName>
        <isOriginalCosponsor>False</isOriginalCosponsor>
        <fullName>Rep. Diaz-Balart, Mario [R-FL-25]</fullName>
        <firstName>Mario</firstName>
      </item>
      <item>
        <identifiers>
          <lisID>1802</lisID>
          <gpoId>8158</gpoId>
          <bioguideId>P000592</bioguideId>
        </identifiers>
        <state>TX</state>
        <sponsorshipDate>2015-12-03</sponsorshipDate>
        <district>2</district>
        <middleName />
        <party>R</party>
        <sponsorshipWithdrawnDate />
        <bioguideId>P000592</bioguideId>
        <lastName>Poe</lastName>
        <isOriginalCosponsor>False</isOriginalCosponsor>
        <fullName>Rep. Poe, Ted [R-TX-2]</fullName>
        <firstName>Ted</firstName>
      </item>
      <item>
        <identifiers>
          <lisID>1777</lisID>
          <gpoId>7892</gpoId>
          <bioguideId>W000797</bioguideId>
        </identifiers>
        <state>FL</state>
        <sponsorshipDate>2015-12-03</sponsorshipDate>
        <district>23</district>
        <middleName />
        <party>D</party>
        <sponsorshipWithdrawnDate />
        <bioguideId>W000797</bioguideId>
        <lastName>Wasserman Schultz</lastName>
        <isOriginalCosponsor>False</isOriginalCosponsor>
        <fullName>Rep. Wasserman Schultz, Debbie [D-FL-23]</fullName>
        <firstName>Debbie</firstName>
      </item>
      <item>
        <identifiers>
          <bioguideId>C001107</bioguideId>
          <lisID>2235</lisID>
          <gpoId />
        </identifiers>
        <state>FL</state>
        <sponsorshipDate>2015-12-03</sponsorshipDate>
        <district>26</district>
        <middleName />
        <party>R</party>
        <sponsorshipWithdrawnDate />
        <bioguideId>C001107</bioguideId>
        <lastName>Curbelo</lastName>
        <isOriginalCosponsor>False</isOriginalCosponsor>
        <fullName>Rep. Curbelo, Carlos [R-FL-26]</fullName>
        <firstName>Carlos</firstName>
      </item>
      <item>
        <identifiers>
          <bioguideId>W000814</bioguideId>
          <gpoId />
          <lisID>2161</lisID>
        </identifiers>
        <state>TX</state>
        <sponsorshipDate>2015-12-07</sponsorshipDate>
        <district>14</district>
        <middleName>K.</middleName>
        <party>R</party>
        <sponsorshipWithdrawnDate />
        <bioguideId>W000814</bioguideId>
        <lastName>Weber</lastName>
        <isOriginalCosponsor>False</isOriginalCosponsor>
        <fullName>Rep. Weber, Randy K., Sr. [R-TX-14]</fullName>
        <firstName>Randy</firstName>
      </item>
      <item>
        <identifiers>
          <lisID>1526</lisID>
          <gpoId>7832</gpoId>
          <bioguideId>S000344</bioguideId>
        </identifiers>
        <state>CA</state>
        <sponsorshipDate>2015-12-07</sponsorshipDate>
        <district>30</district>
        <middleName />
        <party>D</party>
        <sponsorshipWithdrawnDate />
        <bioguideId>S000344</bioguideId>
        <lastName>SHERMAN</lastName>
        <isOriginalCosponsor>False</isOriginalCosponsor>
        <fullName>Rep. Sherman, Brad [D-CA-30]</fullName>
        <firstName>BRAD</firstName>
      </item>
      <item>
        <identifiers>
          <gpoId>7876</gpoId>
          <bioguideId>C001045</bioguideId>
          <lisID>1643</lisID>
        </identifiers>
        <state>FL</state>
        <sponsorshipDate>2015-12-07</sponsorshipDate>
        <district>4</district>
        <middleName />
        <party>R</party>
        <sponsorshipWithdrawnDate />
        <bioguideId>C001045</bioguideId>
        <lastName>CRENSHAW</lastName>
        <isOriginalCosponsor>False</isOriginalCosponsor>
        <fullName>Rep. Crenshaw, Ander [R-FL-4]</fullName>
        <firstName>ANDER</firstName>
      </item>
      <item>
        <identifiers>
          <bioguideId>K000375</bioguideId>
          <lisID>2025</lisID>
          <gpoId>7975</gpoId>
        </identifiers>
        <state>MA</state>
        <sponsorshipDate>2015-12-07</sponsorshipDate>
        <district>9</district>
        <middleName>R.</middleName>
        <party>D</party>
        <sponsorshipWithdrawnDate />
        <bioguideId>K000375</bioguideId>
        <lastName>Keating</lastName>
        <isOriginalCosponsor>False</isOriginalCosponsor>
        <fullName>Rep. Keating, William R. [D-MA-9]</fullName>
        <firstName>William</firstName>
      </item>
      <item>
        <identifiers>
          <gpoId>7889</gpoId>
          <bioguideId>W000808</bioguideId>
          <lisID>2004</lisID>
        </identifiers>
        <state>FL</state>
        <sponsorshipDate>2015-12-07</sponsorshipDate>
        <district>24</district>
        <middleName>S.</middleName>
        <party>D</party>
        <sponsorshipWithdrawnDate />
        <bioguideId>W000808</bioguideId>
        <lastName>Wilson</lastName>
        <isOriginalCosponsor>False</isOriginalCosponsor>
        <fullName>Rep. Wilson, Frederica S. [D-FL-24]</fullName>
        <firstName>Frederica</firstName>
      </item>
      <item>
        <identifiers>
          <lisID>2293</lisID>
          <gpoId />
          <bioguideId>D000625</bioguideId>
        </identifiers>
        <state>NY</state>
        <sponsorshipDate>2015-12-07</sponsorshipDate>
        <district>11</district>
        <middleName>M.</middleName>
        <party>R</party>
        <sponsorshipWithdrawnDate />
        <bioguideId>D000625</bioguideId>
        <lastName>Donovan</lastName>
        <isOriginalCosponsor>False</isOriginalCosponsor>
        <fullName>Rep. Donovan, Daniel M., Jr. [R-NY-11]</fullName>
        <firstName>Daniel</firstName>
      </item>
      <item>
        <identifiers>
          <gpoId>7891</gpoId>
          <bioguideId>D000610</bioguideId>
          <lisID>1976</lisID>
        </identifiers>
        <state>FL</state>
        <sponsorshipDate>2015-12-07</sponsorshipDate>
        <district>21</district>
        <middleName>E.</middleName>
        <party>D</party>
        <sponsorshipWithdrawnDate />
        <bioguideId>D000610</bioguideId>
        <lastName>Deutch</lastName>
        <isOriginalCosponsor>False</isOriginalCosponsor>
        <fullName>Rep. Deutch, Theodore E. [D-FL-21]</fullName>
        <firstName>Theodore</firstName>
      </item>
      <item>
        <identifiers>
          <gpoId />
          <bioguideId>F000462</bioguideId>
          <lisID>2119</lisID>
        </identifiers>
        <state>FL</state>
        <sponsorshipDate>2015-12-07</sponsorshipDate>
        <district>22</district>
        <middleName />
        <party>D</party>
        <sponsorshipWithdrawnDate />
        <bioguideId>F000462</bioguideId>
        <lastName>Frankel</lastName>
        <isOriginalCosponsor>False</isOriginalCosponsor>
        <fullName>Rep. Frankel, Lois [D-FL-22]</fullName>
        <firstName>Lois</firstName>
      </item>
      <item>
        <identifiers>
          <lisID>186</lisID>
          <gpoId>8091</gpoId>
          <bioguideId>C000266</bioguideId>
        </identifiers>
        <state>OH</state>
        <sponsorshipDate>2015-12-07</sponsorshipDate>
        <district>1</district>
        <middleName />
        <party>R</party>
        <sponsorshipWithdrawnDate />
        <bioguideId>C000266</bioguideId>
        <lastName>CHABOT</lastName>
        <isOriginalCosponsor>False</isOriginalCosponsor>
        <fullName>Rep. Chabot, Steve [R-OH-1]</fullName>
        <firstName>STEVE</firstName>
      </item>
      <item>
        <identifiers>
          <lisID>1838</lisID>
          <gpoId>7881</gpoId>
          <bioguideId>B001257</bioguideId>
        </identifiers>
        <state>FL</state>
        <sponsorshipDate>2015-12-08</sponsorshipDate>
        <district>12</district>
        <middleName>M.</middleName>
        <party>R</party>
        <sponsorshipWithdrawnDate />
        <bioguideId>B001257</bioguideId>
        <lastName>Bilirakis</lastName>
        <isOriginalCosponsor>False</isOriginalCosponsor>
        <fullName>Rep. Bilirakis, Gus M. [R-FL-12]</fullName>
        <firstName>Gus</firstName>
      </item>
      <item>
        <identifiers>
          <lisID>1794</lisID>
          <gpoId>8088</gpoId>
          <bioguideId>H001038</bioguideId>
        </identifiers>
        <state>NY</state>
        <sponsorshipDate>2015-12-08</sponsorshipDate>
        <district>26</district>
        <middleName />
        <party>D</party>
        <sponsorshipWithdrawnDate />
        <bioguideId>H001038</bioguideId>
        <lastName>Higgins</lastName>
        <isOriginalCosponsor>False</isOriginalCosponsor>
        <fullName>Rep. Higgins, Brian [D-NY-26]</fullName>
        <firstName>Brian</firstName>
      </item>
      <item>
        <identifiers>
          <gpoId />
          <bioguideId>Y000065</bioguideId>
          <lisID>2115</lisID>
        </identifiers>
        <state>FL</state>
        <sponsorshipDate>2015-12-08</sponsorshipDate>
        <district>3</district>
        <middleName>S.</middleName>
        <party>R</party>
        <sponsorshipWithdrawnDate />
        <bioguideId>Y000065</bioguideId>
        <lastName>Yoho</lastName>
        <isOriginalCosponsor>False</isOriginalCosponsor>
        <fullName>Rep. Yoho, Ted S. [R-FL-3]</fullName>
        <firstName>Ted</firstName>
      </item>
      <item>
        <identifiers>
          <bioguideId>C001102</bioguideId>
          <lisID>2200</lisID>
          <gpoId />
        </identifiers>
        <state>FL</state>
        <sponsorshipDate>2015-12-08</sponsorshipDate>
        <district>19</district>
        <middleName />
        <party>R</party>
        <sponsorshipWithdrawnDate />
        <bioguideId>C001102</bioguideId>
        <lastName>Clawson</lastName>
        <isOriginalCosponsor>False</isOriginalCosponsor>
        <fullName>Rep. Clawson, Curt [R-FL-19]</fullName>
        <firstName>Curt</firstName>
      </item>
      <item>
        <identifiers>
          <bioguideId>C001091</bioguideId>
          <lisID>2163</lisID>
          <gpoId />
        </identifiers>
        <state>TX</state>
        <sponsorshipDate>2015-12-08</sponsorshipDate>
        <district>20</district>
        <middleName />
        <party>D</party>
        <sponsorshipWithdrawnDate />
        <bioguideId>C001091</bioguideId>
        <lastName>Castro</lastName>
        <isOriginalCosponsor>False</isOriginalCosponsor>
        <fullName>Rep. Castro, Joaquin [D-TX-20]</fullName>
        <firstName>Joaquin</firstName>
      </item>
      <item>
        <identifiers>
          <lisID>1914</lisID>
          <gpoId>7302</gpoId>
          <bioguideId>G000556</bioguideId>
        </identifiers>
        <state>FL</state>
        <sponsorshipDate>2015-12-09</sponsorshipDate>
        <district>9</district>
        <middleName />
        <party>D</party>
        <sponsorshipWithdrawnDate />
        <bioguideId>G000556</bioguideId>
        <lastName>Grayson</lastName>
        <isOriginalCosponsor>False</isOriginalCosponsor>
        <fullName>Rep. Grayson, Alan [D-FL-9]</fullName>
        <firstName>Alan</firstName>
      </item>
      <item>
        <identifiers>
          <lisID>1071</lisID>
          <gpoId>8046</gpoId>
          <bioguideId>S000522</bioguideId>
        </identifiers>
        <state>NJ</state>
        <sponsorshipDate>2015-12-09</sponsorshipDate>
        <district>4</district>
        <middleName>H.</middleName>
        <party>R</party>
        <sponsorshipWithdrawnDate />
        <bioguideId>S000522</bioguideId>
        <lastName>SMITH</lastName>
        <isOriginalCosponsor>False</isOriginalCosponsor>
        <fullName>Rep. Smith, Christopher H. [R-NJ-4]</fullName>
        <firstName>CHRISTOPHER</firstName>
      </item>
      <item>
        <identifiers>
          <bioguideId>P000096</bioguideId>
          <lisID>1510</lisID>
          <gpoId>8050</gpoId>
        </identifiers>
        <state>NJ</state>
        <sponsorshipDate>2015-12-09</sponsorshipDate>
        <district>9</district>
        <middleName>J.</middleName>
        <party>D</party>
        <sponsorshipWithdrawnDate />
        <bioguideId>P000096</bioguideId>
        <lastName>PASCRELL</lastName>
        <isOriginalCosponsor>False</isOriginalCosponsor>
        <fullName>Rep. Pascrell, Bill, Jr. [D-NJ-9]</fullName>
        <firstName>WILLIAM</firstName>
      </item>
      <item>
        <identifiers>
          <bioguideId>T000474</bioguideId>
          <lisID>2231</lisID>
          <gpoId />
        </identifiers>
        <state>CA</state>
        <sponsorshipDate>2015-12-11</sponsorshipDate>
        <district>35</district>
        <middleName>J.</middleName>
        <party>D</party>
        <sponsorshipWithdrawnDate />
        <bioguideId>T000474</bioguideId>
        <lastName>Torres</lastName>
        <isOriginalCosponsor>False</isOriginalCosponsor>
        <fullName>Rep. Torres, Norma J. [D-CA-35]</fullName>
        <firstName>Norma</firstName>
      </item>
    </cosponsors>
    <subjects>
      <billSubjects>
        <policyArea>
          <name>International Affairs</name>
        </policyArea>
        <legislativeSubjects>
          <item>
            <name>Caribbean area</name>
          </item>
          <item>
            <name>Foreign aid and international relief</name>
          </item>
          <item>
            <name>Human rights</name>
          </item>
          <item>
            <name>International organizations and cooperation</name>
          </item>
          <item>
            <name>Latin America</name>
          </item>
          <item>
            <name>News media and reporting</name>
          </item>
        </legislativeSubjects>
      </billSubjects>
    </subjects>
    <relatedBills />
    <constitutionalAuthorityStatementText />
    <updateDate>2017-01-11T14:32:02Z</updateDate>
    <actions>
      <actionByCounts>
        <houseOfRepresentatives>13</houseOfRepresentatives>
      </actionByCounts>
      <item>
        <actionDate>2015-12-15</actionDate>
        <type>Floor</type>
        <actionCode>H8D000</actionCode>
        <committee />
        <text>Motion to reconsider laid on the table. Agreed to without objection.</text>
        <actionTime>19:03:34</actionTime>
        <sourceSystem>
          <name>House floor actions</name>
          <code>2</code>
        </sourceSystem>
        <links />
      </item>
      <item>
        <actionDate>2015-12-15</actionDate>
        <type>Floor</type>
        <actionCode>H37300</actionCode>
        <committee />
        <text>On motion to suspend the rules and agree to the resolution, as amended Agreed to by the Yeas and Nays (2/3 required): 399 - 2 (Roll No. 694). (text: CR H9318)</text>
        <actionTime>19:03:33</actionTime>
        <sourceSystem>
          <name>House floor actions</name>
          <code>2</code>
        </sourceSystem>
        <links>
          <link>
            <name>H9318</name>
            <url>https://www.congress.gov/congressional-record/volume-161/house-section/page/H9318</url>
          </link>
          <link>
            <name>Roll No. 694</name>
            <url>http://clerk.house.gov/evs/2015/roll694.xml</url>
          </link>
        </links>
      </item>
      <item>
        <actionDate>2015-12-15</actionDate>
        <type>Floor</type>
        <actionCode>8000</actionCode>
        <committee />
        <text>Passed/agreed to in House: On motion to suspend the rules and agree to the resolution, as amended Agreed to by the Yeas and Nays (2/3 required): 399 - 2 (Roll No. 694).(text: CR H9318)</text>
        <actionTime>19:03:33</actionTime>
        <sourceSystem>
          <name>Library of Congress</name>
          <code>9</code>
        </sourceSystem>
        <links>
          <link>
            <name>H9318</name>
            <url>https://www.congress.gov/congressional-record/volume-161/house-section/page/H9318</url>
          </link>
          <link>
            <name>Roll No. 694</name>
            <url>http://clerk.house.gov/evs/2015/roll694.xml</url>
          </link>
        </links>
      </item>
      <item>
        <actionDate>2015-12-15</actionDate>
        <type>Floor</type>
        <actionCode>H30000</actionCode>
        <committee />
        <text>Considered as unfinished business. (consideration: CR H9321-9322)</text>
        <actionTime>18:31:58</actionTime>
        <sourceSystem>
          <name>House floor actions</name>
          <code>2</code>
        </sourceSystem>
        <links>
          <link>
            <name>H9321-9322</name>
            <url>https://www.congress.gov/congressional-record/volume-161/house-section/page/H9321-9322</url>
          </link>
        </links>
      </item>
      <item>
        <actionDate>2015-12-15</actionDate>
        <type>Floor</type>
        <actionCode>H37220</actionCode>
        <committee />
        <text>At the conclusion of debate, the Yeas and Nays were demanded and ordered. Pursuant to the provisions of clause 8, rule XX, the Chair announced that further proceedings on the motion would be postponed.</text>
        <actionTime>16:45:45</actionTime>
        <sourceSystem>
          <name>House floor actions</name>
          <code>2</code>
        </sourceSystem>
        <links />
      </item>
      <item>
        <actionDate>2015-12-15</actionDate>
        <type>Floor</type>
        <actionCode>H8D000</actionCode>
        <committee />
        <text>DEBATE - The House proceeded with forty minutes of debate on H. Res. 536.</text>
        <actionTime>16:26:54</actionTime>
        <sourceSystem>
          <name>House floor actions</name>
          <code>2</code>
        </sourceSystem>
        <links>
          <link>
            <name>H. Res. 536</name>
            <url>https://www.congress.gov/bill/114th-congress/house-resolution/536</url>
          </link>
        </links>
      </item>
      <item>
        <actionDate>2015-12-15</actionDate>
        <type>Floor</type>
        <actionCode>H30000</actionCode>
        <committee />
        <text>Considered under suspension of the rules. (consideration: CR H9318-9321)</text>
        <actionTime>16:26:53</actionTime>
        <sourceSystem>
          <name>House floor actions</name>
          <code>2</code>
        </sourceSystem>
        <links>
          <link>
            <name>H9318-9321</name>
            <url>https://www.congress.gov/congressional-record/volume-161/house-section/page/H9318-9321</url>
          </link>
        </links>
      </item>
      <item>
        <actionDate>2015-12-15</actionDate>
        <type>Floor</type>
        <actionCode>H30300</actionCode>
        <committee />
        <text>Mr. Royce moved to suspend the rules and agree to the resolution, as amended.</text>
        <actionTime>16:26:43</actionTime>
        <sourceSystem>
          <name>House floor actions</name>
          <code>2</code>
        </sourceSystem>
        <links />
      </item>
      <item>
        <actionDate>2015-12-09</actionDate>
        <committee>
          <name>Foreign Affairs Committee</name>
          <systemCode>hsfa00</systemCode>
        </committee>
        <links />
        <sourceSystem>
          <name>House committee actions</name>
          <code>1</code>
        </sourceSystem>
        <text>Ordered to be Reported in the Nature of a Substitute (Amended) by Unanimous Consent.</text>
        <type>Committee</type>
      </item>
      <item>
        <actionDate>2015-12-09</actionDate>
        <committee>
          <name>Foreign Affairs Committee</name>
          <systemCode>hsfa00</systemCode>
        </committee>
        <links />
        <sourceSystem>
          <name>House committee actions</name>
          <code>1</code>
        </sourceSystem>
        <text>Committee Consideration and Mark-up Session Held.</text>
        <type>Committee</type>
      </item>
      <item>
        <actionDate>2015-11-19</actionDate>
        <type>IntroReferral</type>
        <actionCode>H11100</actionCode>
        <committee>
          <name>Foreign Affairs Committee</name>
          <systemCode>hsfa00</systemCode>
        </committee>
        <text>Referred to the House Committee on Foreign Affairs.</text>
        <sourceSystem>
          <name>House floor actions</name>
          <code>2</code>
        </sourceSystem>
        <links />
      </item>
      <item>
        <actionDate>2015-11-19</actionDate>
        <type>IntroReferral</type>
        <actionCode>Intro-H</actionCode>
        <committee />
        <text>Introduced in House</text>
        <sourceSystem>
          <name>Library of Congress</name>
          <code>9</code>
        </sourceSystem>
        <links />
      </item>
      <item>
        <actionDate>2015-11-19</actionDate>
        <type>IntroReferral</type>
        <actionCode>1000</actionCode>
        <committee />
        <text>Introduced in House</text>
        <sourceSystem>
          <name>Library of Congress</name>
          <code>9</code>
        </sourceSystem>
        <links />
      </item>
      <actionTypeCounts>
        <billReferrals>1</billReferrals>
        <motionMadeToSuspendTheRules>1</motionMadeToSuspendTheRules>
        <placeholderTextForH>2</placeholderTextForH>
        <introducedInHouse>1</introducedInHouse>
        <finalPassageUnderSuspensionOfTheRulesResults>1</finalPassageUnderSuspensionOfTheRulesResults>
        <passedAgreedToInHouse>1</passedAgreedToInHouse>
        <considerationByHouse>2</considerationByHouse>
        <introducedInTheHouse>1</introducedInTheHouse>
        <generalDebate>2</generalDebate>
        <actionStageOverride>1</actionStageOverride>
      </actionTypeCounts>
    </actions>
    <summaries>
      <billSummaries>
        <item>
          <text><![CDATA[<p>Supports a free press in Latin America and the Caribbean and condemns violations of press freedom and violence against journalists.</p> <p> Urges countries in the region to implement recommendations to its Member States from the Organization of American States Office of the Special Rapporteur for Freedom of Expression. </p> <p> Urges the U.S. Agency for International Development and the Department of State to assist the media in closed societies to promote a free press.</p>]]></text>
          <actionDesc>Introduced in House</actionDesc>
          <name>Introduced in House</name>
          <versionCode>00</versionCode>
          <actionDate>2015-11-19</actionDate>
          <lastSummaryUpdateDate>2015-12-03T19:42:46Z</lastSummaryUpdateDate>
          <updateDate>2015-11-19T05:00:00Z</updateDate>
        </item>
        <item>
          <text><![CDATA[<p>Supports a free press in Latin America and the Caribbean and condemns violations of press freedom and violence against journalists.</p> <p> Urges countries in the region to implement recommendations to its Member States from the Organization of American States Office of the Special Rapporteur for Freedom of Expression. </p> <p> Urges countries in Latin America and the Caribbean to be vocal in condemning violations of press freedom, violence against journalists, and the culture of impunity that leads to self-censorship.</p> <p> Urges Western Hemisphere countries to uphold the principles outlined in the Inter-American Democratic Charter. </p> <p> Urges the U.S. Agency for International Development and the Department of State to assist the media in closed societies to promote a free press.</p>]]></text>
          <actionDesc>Passed House amended</actionDesc>
          <name>Passed House amended</name>
          <versionCode>36</versionCode>
          <actionDate>2015-12-15</actionDate>
          <lastSummaryUpdateDate>2015-12-17T22:24:35Z</lastSummaryUpdateDate>
          <updateDate>2015-12-15T14:36:52Z</updateDate>
        </item>
      </billSummaries>
    </summaries>
    <billType>HRES</billType>
    <committeeReports />
    <originChamber>House</originChamber>
    <notes />
    <policyArea>
      <name>International Affairs</name>
    </policyArea>
    <title>Supporting freedom of the press in Latin America and the Caribbean and condemning violations of press freedom and violence against journalists, bloggers, and individuals exercising their right to freedom of speech.</title>
    <createDate>2015-11-20T10:16:01Z</createDate>
    <sponsors>
      <item>
        <lastName>Sires</lastName>
        <identifiers>
          <bioguideId>S001165</bioguideId>
          <lisID>1818</lisID>
          <gpoId>8055</gpoId>
        </identifiers>
        <byRequestType />
        <middleName />
        <state>NJ</state>
        <firstName>Albio</firstName>
        <party>D</party>
        <fullName>Rep. Sires, Albio [D-NJ-8]</fullName>
        <district>8</district>
        <bioguideId>S001165</bioguideId>
      </item>
    </sponsors>
    <committees>
      <billCommittees>
        <item>
          <name>Foreign Affairs Committee</name>
          <activities>
            <item>
              <name>Markup by</name>
              <date>2015-12-09T19:07:24Z</date>
            </item>
            <item>
              <name>Referred to</name>
              <date>2015-11-19T14:33:20Z</date>
            </item>
          </activities>
          <subcommittees />
          <chamber>House</chamber>
          <type>Standing</type>
          <systemCode>hsfa00</systemCode>
        </item>
      </billCommittees>
    </committees>
    <titles>
      <item>
        <chamberName />
        <title>Supporting freedom of the press in Latin America and the Caribbean and condemning violations of press freedom and violence against journalists, bloggers, and individuals exercising their right to freedom of speech.</title>
        <titleType>Official Title as Introduced</titleType>
        <parentTitleType />
        <chamberCode />
      </item>
      <item>
        <chamberName />
        <title>Supporting freedom of the press in Latin America and the Caribbean and condemning violations of press freedom and violence against journalists, bloggers, and individuals exercising their right to freedom of speech.</title>
        <titleType>Display Title</titleType>
        <parentTitleType />
        <chamberCode />
      </item>
    </titles>
    <recordedVotes>
      <recordedVote>
        <congress>114</congress>
        <chamber>House</chamber>
        <rollNumber>694</rollNumber>
        <fullActionName>Final Passage Under Suspension of the Rules Results</fullActionName>
        <url>http://clerk.house.gov/evs/2015/roll694.xml</url>
        <date>2015-12-16T00:03:33Z</date>
        <sessionNumber>1</sessionNumber>
      </recordedVote>
    </recordedVotes>
    <cboCostEstimates />
    <laws />
    <latestAction>
      <links />
      <text>Motion to reconsider laid on the table. Agreed to without objection.</text>
      <actionDate>2015-12-15</actionDate>
      <actionTime>19:03:34</actionTime>
    </latestAction>
    <calendarNumbers />
    <introducedDate>2015-11-19</introducedDate>
    <amendments />
  </bill>
  <dublinCore xmlns:dc="http://purl.org/dc/elements/1.1/">
    <dc:format>text/xml</dc:format>
    <dc:language>EN</dc:language>
    <dc:rights>Pursuant to Title 17 Section 105 of the United States Code, this file is not subject to copyright protection and is in the public domain.</dc:rights>
    <dc:contributor>Congressional Research Service, Library of Congress</dc:contributor>
    <dc:description>This file contains bill summaries and statuses for federal legislation. A bill summary describes the most significant provisions of a piece of legislation and details the effects the legislative text may have on current law and federal programs. Bill summaries are authored by the Congressional Research Service (CRS) of the Library of Congress. As stated in Public Law 91-510 (2 USC 166 (d)(6)), one of the duties of CRS is "to prepare summaries and digests of bills and resolutions of a public general nature introduced in the Senate or House of Representatives". For more information, refer to the User Guide that accompanies this file.</dc:description>
  </dublinCore>
</billStatus>

