<?xml version="1.0" encoding="UTF-8"?>
<billStatus>
  <bill>
    <congress>114</congress>
    <billNumber>250</billNumber>
    <cosponsors>
      <item>
        <lastName>Stefanik</lastName>
        <state>NY</state>
        <bioguideId>S001196</bioguideId>
        <firstName>Elise</firstName>
        <identifiers>
          <lisID>2263</lisID>
          <gpoId />
          <bioguideId>S001196</bioguideId>
        </identifiers>
        <sponsorshipDate>2015-05-01</sponsorshipDate>
        <party>R</party>
        <isOriginalCosponsor>True</isOriginalCosponsor>
        <sponsorshipWithdrawnDate />
        <district>21</district>
        <fullName>Rep. Stefanik, Elise M. [R-NY-21]</fullName>
        <middleName>M.</middleName>
      </item>
      <item>
        <lastName>Poliquin</lastName>
        <state>ME</state>
        <bioguideId>P000611</bioguideId>
        <firstName>Bruce</firstName>
        <identifiers>
          <bioguideId>P000611</bioguideId>
          <lisID>2247</lisID>
          <gpoId />
        </identifiers>
        <sponsorshipDate>2015-05-01</sponsorshipDate>
        <party>R</party>
        <isOriginalCosponsor>True</isOriginalCosponsor>
        <sponsorshipWithdrawnDate />
        <district>2</district>
        <fullName>Rep. Poliquin, Bruce [R-ME-2]</fullName>
        <middleName />
      </item>
      <item>
        <lastName>Allen</lastName>
        <state>GA</state>
        <bioguideId>A000372</bioguideId>
        <firstName>Rick</firstName>
        <identifiers>
          <lisID>2239</lisID>
          <gpoId />
          <bioguideId>A000372</bioguideId>
        </identifiers>
        <sponsorshipDate>2015-05-01</sponsorshipDate>
        <party>R</party>
        <isOriginalCosponsor>True</isOriginalCosponsor>
        <sponsorshipWithdrawnDate />
        <district>12</district>
        <fullName>Rep. Allen, Rick W. [R-GA-12]</fullName>
        <middleName>W.</middleName>
      </item>
      <item>
        <lastName>Bishop</lastName>
        <state>MI</state>
        <bioguideId>B001293</bioguideId>
        <firstName>Mike</firstName>
        <identifiers>
          <lisID>2249</lisID>
          <gpoId />
          <bioguideId>B001293</bioguideId>
        </identifiers>
        <sponsorshipDate>2015-05-01</sponsorshipDate>
        <party>R</party>
        <isOriginalCosponsor>True</isOriginalCosponsor>
        <sponsorshipWithdrawnDate />
        <district>8</district>
        <fullName>Rep. Bishop, Mike [R-MI-8]</fullName>
        <middleName />
      </item>
      <item>
        <lastName>Babin</lastName>
        <state>TX</state>
        <bioguideId>B001291</bioguideId>
        <firstName>Brian</firstName>
        <identifiers>
          <gpoId />
          <bioguideId>B001291</bioguideId>
          <lisID>2270</lisID>
        </identifiers>
        <sponsorshipDate>2015-05-01</sponsorshipDate>
        <party>R</party>
        <isOriginalCosponsor>True</isOriginalCosponsor>
        <sponsorshipWithdrawnDate />
        <district>36</district>
        <fullName>Rep. Babin, Brian [R-TX-36]</fullName>
        <middleName />
      </item>
      <item>
        <lastName>Knight</lastName>
        <state>CA</state>
        <bioguideId>K000387</bioguideId>
        <firstName>Stephen</firstName>
        <identifiers>
          <lisID>2228</lisID>
          <gpoId />
          <bioguideId>K000387</bioguideId>
        </identifiers>
        <sponsorshipDate>2015-05-01</sponsorshipDate>
        <party>R</party>
        <isOriginalCosponsor>True</isOriginalCosponsor>
        <sponsorshipWithdrawnDate />
        <district>25</district>
        <fullName>Rep. Knight, Stephen [R-CA-25]</fullName>
        <middleName />
      </item>
      <item>
        <lastName>Curbelo</lastName>
        <state>FL</state>
        <bioguideId>C001107</bioguideId>
        <firstName>Carlos</firstName>
        <identifiers>
          <bioguideId>C001107</bioguideId>
          <lisID>2235</lisID>
          <gpoId />
        </identifiers>
        <sponsorshipDate>2015-05-01</sponsorshipDate>
        <party>R</party>
        <isOriginalCosponsor>True</isOriginalCosponsor>
        <sponsorshipWithdrawnDate />
        <district>26</district>
        <fullName>Rep. Curbelo, Carlos [R-FL-26]</fullName>
        <middleName />
      </item>
      <item>
        <lastName>Graves</lastName>
        <state>LA</state>
        <bioguideId>G000577</bioguideId>
        <firstName>Garret</firstName>
        <identifiers>
          <bioguideId>G000577</bioguideId>
          <gpoId />
          <lisID>2245</lisID>
        </identifiers>
        <sponsorshipDate>2015-05-01</sponsorshipDate>
        <party>R</party>
        <isOriginalCosponsor>True</isOriginalCosponsor>
        <sponsorshipWithdrawnDate />
        <district>6</district>
        <fullName>Rep. Graves, Garret [R-LA-6]</fullName>
        <middleName />
      </item>
      <item>
        <lastName>Moolenaar</lastName>
        <state>MI</state>
        <bioguideId>M001194</bioguideId>
        <firstName>John</firstName>
        <identifiers>
          <bioguideId>M001194</bioguideId>
          <gpoId />
          <lisID>2248</lisID>
        </identifiers>
        <sponsorshipDate>2015-05-01</sponsorshipDate>
        <party>R</party>
        <isOriginalCosponsor>True</isOriginalCosponsor>
        <sponsorshipWithdrawnDate />
        <district>4</district>
        <fullName>Rep. Moolenaar, John R. [R-MI-4]</fullName>
        <middleName>R.</middleName>
      </item>
      <item>
        <lastName>Walker</lastName>
        <state>NC</state>
        <bioguideId>W000819</bioguideId>
        <firstName>Mark</firstName>
        <identifiers>
          <lisID>2255</lisID>
          <gpoId />
          <bioguideId>W000819</bioguideId>
        </identifiers>
        <sponsorshipDate>2015-05-01</sponsorshipDate>
        <party>R</party>
        <isOriginalCosponsor>True</isOriginalCosponsor>
        <sponsorshipWithdrawnDate />
        <district>6</district>
        <fullName>Rep. Walker, Mark [R-NC-6]</fullName>
        <middleName />
      </item>
      <item>
        <lastName>McSally</lastName>
        <state>AZ</state>
        <bioguideId>M001197</bioguideId>
        <firstName>Martha</firstName>
        <identifiers>
          <lisID>2225</lisID>
          <gpoId />
          <bioguideId>M001197</bioguideId>
        </identifiers>
        <sponsorshipDate>2015-06-02</sponsorshipDate>
        <party>R</party>
        <isOriginalCosponsor>False</isOriginalCosponsor>
        <sponsorshipWithdrawnDate />
        <district>2</district>
        <fullName>Rep. McSally, Martha [R-AZ-2]</fullName>
        <middleName />
      </item>
    </cosponsors>
    <subjects>
      <billSubjects>
        <legislativeSubjects>
          <item>
            <name>Civil actions and liability</name>
          </item>
          <item>
            <name>Criminal investigation, prosecution, interrogation</name>
          </item>
          <item>
            <name>Federal officials</name>
          </item>
          <item>
            <name>Government employee pay, benefits, personnel management</name>
          </item>
          <item>
            <name>Government ethics and transparency, public corruption</name>
          </item>
          <item>
            <name>Judges</name>
          </item>
          <item>
            <name>Members of Congress</name>
          </item>
          <item>
            <name>Presidents and presidential powers, Vice Presidents</name>
          </item>
          <item>
            <name>Supreme Court</name>
          </item>
        </legislativeSubjects>
        <policyArea>
          <name>Government Operations and Politics</name>
        </policyArea>
      </billSubjects>
    </subjects>
    <relatedBills />
    <constitutionalAuthorityStatementText />
    <updateDate>2017-01-11T14:30:39Z</updateDate>
    <actions>
      <actionByCounts>
        <houseOfRepresentatives>6</houseOfRepresentatives>
      </actionByCounts>
      <actionTypeCounts>
        <billReferralsAggregate>1</billReferralsAggregate>
        <introducedInTheHouse>1</introducedInTheHouse>
        <billReferrals>3</billReferrals>
        <introducedInHouse>1</introducedInHouse>
      </actionTypeCounts>
      <item>
        <type>IntroReferral</type>
        <text>Referred to House Judiciary</text>
        <actionCode>H11100</actionCode>
        <sourceSystem>
          <name>House floor actions</name>
          <code>2</code>
        </sourceSystem>
        <links />
        <committee>
          <systemCode>hsju00</systemCode>
          <name>Judiciary Committee</name>
        </committee>
        <actionDate>2015-05-01</actionDate>
      </item>
      <item>
        <type>IntroReferral</type>
        <text>Referred to House Administration</text>
        <actionCode>H11100</actionCode>
        <sourceSystem>
          <name>House floor actions</name>
          <code>2</code>
        </sourceSystem>
        <links />
        <committee>
          <systemCode>hsha00</systemCode>
          <name>House Administration Committee</name>
        </committee>
        <actionDate>2015-05-01</actionDate>
      </item>
      <item>
        <type>IntroReferral</type>
        <text>Referred to the Committee on Oversight and Government Reform, and in addition to the Committees on House Administration, and the Judiciary, for a period to be subsequently determined by the Speaker, in each case for consideration of such provisions as fall within the jurisdiction of the committee concerned.</text>
        <actionCode>H11100-A</actionCode>
        <sourceSystem>
          <name>Library of Congress</name>
          <code>9</code>
        </sourceSystem>
        <links />
        <committee />
        <actionDate>2015-05-01</actionDate>
      </item>
      <item>
        <type>IntroReferral</type>
        <text>Referred to House Oversight and Government Reform</text>
        <actionCode>H11100</actionCode>
        <sourceSystem>
          <name>House floor actions</name>
          <code>2</code>
        </sourceSystem>
        <links />
        <committee>
          <systemCode>hsgo00</systemCode>
          <name>Oversight and Government Reform Committee</name>
        </committee>
        <actionDate>2015-05-01</actionDate>
      </item>
      <item>
        <type>IntroReferral</type>
        <text>Introduced in House</text>
        <actionCode>Intro-H</actionCode>
        <sourceSystem>
          <name>Library of Congress</name>
          <code>9</code>
        </sourceSystem>
        <links />
        <committee />
        <actionDate>2015-05-01</actionDate>
      </item>
      <item>
        <type>IntroReferral</type>
        <text>Introduced in House</text>
        <actionCode>1000</actionCode>
        <sourceSystem>
          <name>Library of Congress</name>
          <code>9</code>
        </sourceSystem>
        <links />
        <committee />
        <actionDate>2015-05-01</actionDate>
      </item>
    </actions>
    <summaries>
      <billSummaries>
        <item>
          <lastSummaryUpdateDate>2015-07-08T19:53:57Z</lastSummaryUpdateDate>
          <updateDate>2015-05-01T04:00:00Z</updateDate>
          <name>Introduced in House</name>
          <actionDate>2015-05-01</actionDate>
          <text><![CDATA[<p>Expresses the sense of the House of Representatives that Congress should pass no law that would exempt from its obligations, excuse from its criminal or civil penalties, or provide any other special consideration to Members of Congress, Supreme Court justices, the President, the Vice President, executive branch appointees, or any federal employee.</p>]]></text>
          <actionDesc>Introduced in House</actionDesc>
          <versionCode>00</versionCode>
        </item>
      </billSummaries>
    </summaries>
    <billType>HRES</billType>
    <committeeReports />
    <originChamber>House</originChamber>
    <notes />
    <policyArea>
      <name>Government Operations and Politics</name>
    </policyArea>
    <title>Expressing the sense of the House of Representatives that Congress should pass no law that would exempt from its obligations or provide any other special consideration to elected or appointed Federal officials or any other Federal employee.</title>
    <createDate>2015-05-02T08:57:28Z</createDate>
    <sponsors>
      <item>
        <lastName>Young</lastName>
        <identifiers>
          <lisID>2242</lisID>
          <gpoId />
          <bioguideId>Y000066</bioguideId>
        </identifiers>
        <byRequestType />
        <middleName />
        <state>IA</state>
        <firstName>David</firstName>
        <party>R</party>
        <fullName>Rep. Young, David [R-IA-3]</fullName>
        <district>3</district>
        <bioguideId>Y000066</bioguideId>
      </item>
    </sponsors>
    <committees>
      <billCommittees>
        <item>
          <chamber>House</chamber>
          <systemCode>hsju00</systemCode>
          <type>Standing</type>
          <name>Judiciary Committee</name>
          <activities>
            <item>
              <name>Referred to</name>
              <date>2015-05-01T13:05:25Z</date>
            </item>
          </activities>
          <subcommittees />
        </item>
        <item>
          <chamber>House</chamber>
          <systemCode>hsha00</systemCode>
          <type>Standing</type>
          <name>House Administration Committee</name>
          <activities>
            <item>
              <name>Referred to</name>
              <date>2015-05-01T13:05:20Z</date>
            </item>
          </activities>
          <subcommittees />
        </item>
        <item>
          <chamber>House</chamber>
          <systemCode>hsgo00</systemCode>
          <type>Standing</type>
          <name>Oversight and Government Reform Committee</name>
          <activities>
            <item>
              <name>Referred to</name>
              <date>2015-05-01T13:05:15Z</date>
            </item>
          </activities>
          <subcommittees />
        </item>
      </billCommittees>
    </committees>
    <titles>
      <item>
        <chamberCode />
        <titleType>Official Title as Introduced</titleType>
        <chamberName />
        <title>Expressing the sense of the House of Representatives that Congress should pass no law that would exempt from its obligations or provide any other special consideration to elected or appointed Federal officials or any other Federal employee.</title>
        <parentTitleType />
      </item>
      <item>
        <chamberCode />
        <titleType>Display Title</titleType>
        <chamberName />
        <title>Expressing the sense of the House of Representatives that Congress should pass no law that would exempt from its obligations or provide any other special consideration to elected or appointed Federal officials or any other Federal employee.</title>
        <parentTitleType />
      </item>
    </titles>
    <recordedVotes />
    <cboCostEstimates />
    <laws />
    <latestAction>
      <links />
      <text>Referred to House Judiciary</text>
      <actionDate>2015-05-01</actionDate>
    </latestAction>
    <calendarNumbers />
    <introducedDate>2015-05-01</introducedDate>
    <amendments />
  </bill>
  <dublinCore xmlns:dc="http://purl.org/dc/elements/1.1/">
    <dc:format>text/xml</dc:format>
    <dc:language>EN</dc:language>
    <dc:rights>Pursuant to Title 17 Section 105 of the United States Code, this file is not subject to copyright protection and is in the public domain.</dc:rights>
    <dc:contributor>Congressional Research Service, Library of Congress</dc:contributor>
    <dc:description>This file contains bill summaries and statuses for federal legislation. A bill summary describes the most significant provisions of a piece of legislation and details the effects the legislative text may have on current law and federal programs. Bill summaries are authored by the Congressional Research Service (CRS) of the Library of Congress. As stated in Public Law 91-510 (2 USC 166 (d)(6)), one of the duties of CRS is "to prepare summaries and digests of bills and resolutions of a public general nature introduced in the Senate or House of Representatives". For more information, refer to the User Guide that accompanies this file.</dc:description>
  </dublinCore>
</billStatus>

