<?xml version="1.0" encoding="UTF-8"?>
<billStatus>
  <bill>
    <cosponsors>
      <item>
        <fullName>Rep. Meehan, Patrick [R-PA-7]</fullName>
        <party>R</party>
        <isOriginalCosponsor>True</isOriginalCosponsor>
        <district>7</district>
        <identifiers>
          <lisID>2052</lisID>
          <gpoId>8125</gpoId>
          <bioguideId>M001181</bioguideId>
        </identifiers>
        <sponsorshipWithdrawnDate />
        <bioguideId>M001181</bioguideId>
        <sponsorshipDate>2015-04-13</sponsorshipDate>
        <firstName>Patrick</firstName>
        <middleName />
        <state>PA</state>
        <lastName>Meehan</lastName>
      </item>
      <item>
        <fullName>Rep. Chu, Judy [D-CA-27]</fullName>
        <party>D</party>
        <isOriginalCosponsor>True</isOriginalCosponsor>
        <district>27</district>
        <identifiers>
          <gpoId>7837</gpoId>
          <bioguideId>C001080</bioguideId>
          <lisID>1970</lisID>
        </identifiers>
        <sponsorshipWithdrawnDate />
        <bioguideId>C001080</bioguideId>
        <sponsorshipDate>2015-04-13</sponsorshipDate>
        <firstName>Judy</firstName>
        <middleName />
        <state>CA</state>
        <lastName>Chu</lastName>
      </item>
      <item>
        <fullName>Rep. Valadao, David G. [R-CA-21]</fullName>
        <party>R</party>
        <isOriginalCosponsor>True</isOriginalCosponsor>
        <district>21</district>
        <identifiers>
          <lisID>2105</lisID>
          <gpoId />
          <bioguideId>V000129</bioguideId>
        </identifiers>
        <sponsorshipWithdrawnDate />
        <bioguideId>V000129</bioguideId>
        <sponsorshipDate>2015-04-13</sponsorshipDate>
        <firstName>David</firstName>
        <middleName>G.</middleName>
        <state>CA</state>
        <lastName>Valadao</lastName>
      </item>
      <item>
        <fullName>Rep. Lee, Barbara [D-CA-13]</fullName>
        <party>D</party>
        <isOriginalCosponsor>True</isOriginalCosponsor>
        <district>13</district>
        <identifiers>
          <lisID>1501</lisID>
          <gpoId>7814</gpoId>
          <bioguideId>L000551</bioguideId>
        </identifiers>
        <sponsorshipWithdrawnDate />
        <bioguideId>L000551</bioguideId>
        <sponsorshipDate>2015-04-13</sponsorshipDate>
        <firstName>BARBARA</firstName>
        <middleName />
        <state>CA</state>
        <lastName>LEE</lastName>
      </item>
      <item>
        <fullName>Rep. Honda, Michael M. [D-CA-17]</fullName>
        <party>D</party>
        <isOriginalCosponsor>True</isOriginalCosponsor>
        <district>17</district>
        <identifiers>
          <bioguideId>H001034</bioguideId>
          <lisID>1634</lisID>
          <gpoId>7820</gpoId>
        </identifiers>
        <sponsorshipWithdrawnDate />
        <bioguideId>H001034</bioguideId>
        <sponsorshipDate>2015-04-13</sponsorshipDate>
        <firstName>MICHAEL</firstName>
        <middleName>M.</middleName>
        <state>CA</state>
        <lastName>HONDA</lastName>
      </item>
      <item>
        <fullName>Rep. Jackson Lee, Sheila [D-TX-18]</fullName>
        <party>D</party>
        <isOriginalCosponsor>True</isOriginalCosponsor>
        <district>18</district>
        <identifiers>
          <gpoId>8174</gpoId>
          <bioguideId>J000032</bioguideId>
          <lisID>588</lisID>
        </identifiers>
        <sponsorshipWithdrawnDate />
        <bioguideId>J000032</bioguideId>
        <sponsorshipDate>2015-04-13</sponsorshipDate>
        <firstName>SHEILA</firstName>
        <middleName />
        <state>TX</state>
        <lastName>JACKSON LEE</lastName>
      </item>
      <item>
        <fullName>Rep. Grijalva, Raul M. [D-AZ-3]</fullName>
        <party>D</party>
        <isOriginalCosponsor>True</isOriginalCosponsor>
        <district>3</district>
        <identifiers>
          <bioguideId>G000551</bioguideId>
          <lisID>1708</lisID>
          <gpoId>7804</gpoId>
        </identifiers>
        <sponsorshipWithdrawnDate />
        <bioguideId>G000551</bioguideId>
        <sponsorshipDate>2015-04-13</sponsorshipDate>
        <firstName>Raul</firstName>
        <middleName>M.</middleName>
        <state>AZ</state>
        <lastName>Grijalva</lastName>
      </item>
      <item>
        <fullName>Rep. LaMalfa, Doug [R-CA-1]</fullName>
        <party>R</party>
        <isOriginalCosponsor>True</isOriginalCosponsor>
        <district>1</district>
        <identifiers>
          <lisID>2100</lisID>
          <gpoId />
          <bioguideId>L000578</bioguideId>
        </identifiers>
        <sponsorshipWithdrawnDate />
        <bioguideId>L000578</bioguideId>
        <sponsorshipDate>2015-04-13</sponsorshipDate>
        <firstName>Doug</firstName>
        <middleName />
        <state>CA</state>
        <lastName>LaMalfa</lastName>
      </item>
      <item>
        <fullName>Rep. Johnson, Henry C. "Hank," Jr. [D-GA-4]</fullName>
        <party>D</party>
        <isOriginalCosponsor>True</isOriginalCosponsor>
        <district>4</district>
        <identifiers>
          <gpoId>7901</gpoId>
          <bioguideId>J000288</bioguideId>
          <lisID>1843</lisID>
        </identifiers>
        <sponsorshipWithdrawnDate />
        <bioguideId>J000288</bioguideId>
        <sponsorshipDate>2015-04-13</sponsorshipDate>
        <firstName>Henry</firstName>
        <middleName>C. "Hank"</middleName>
        <state>GA</state>
        <lastName>Johnson</lastName>
      </item>
      <item>
        <fullName>Rep. Crowley, Joseph [D-NY-14]</fullName>
        <party>D</party>
        <isOriginalCosponsor>True</isOriginalCosponsor>
        <district>14</district>
        <identifiers>
          <gpoId>8068</gpoId>
          <bioguideId>C001038</bioguideId>
          <lisID>1604</lisID>
        </identifiers>
        <sponsorshipWithdrawnDate />
        <bioguideId>C001038</bioguideId>
        <sponsorshipDate>2015-04-13</sponsorshipDate>
        <firstName>JOSEPH</firstName>
        <middleName />
        <state>NY</state>
        <lastName>CROWLEY</lastName>
      </item>
      <item>
        <fullName>Rep. McDermott, Jim [D-WA-7]</fullName>
        <party>D</party>
        <isOriginalCosponsor>True</isOriginalCosponsor>
        <district>7</district>
        <identifiers>
          <lisID>766</lisID>
          <gpoId>8211</gpoId>
          <bioguideId>M000404</bioguideId>
        </identifiers>
        <sponsorshipWithdrawnDate />
        <bioguideId>M000404</bioguideId>
        <sponsorshipDate>2015-04-13</sponsorshipDate>
        <firstName>JIM</firstName>
        <middleName />
        <state>WA</state>
        <lastName>MCDERMOTT</lastName>
      </item>
      <item>
        <fullName>Rep. Speier, Jackie [D-CA-14]</fullName>
        <party>D</party>
        <isOriginalCosponsor>True</isOriginalCosponsor>
        <district>14</district>
        <identifiers>
          <bioguideId>S001175</bioguideId>
          <lisID>1890</lisID>
          <gpoId>7817</gpoId>
        </identifiers>
        <sponsorshipWithdrawnDate />
        <bioguideId>S001175</bioguideId>
        <sponsorshipDate>2015-04-13</sponsorshipDate>
        <firstName>Jackie</firstName>
        <middleName />
        <state>CA</state>
        <lastName>Speier</lastName>
      </item>
      <item>
        <fullName>Rep. Lawrence, Brenda L. [D-MI-14]</fullName>
        <party>D</party>
        <isOriginalCosponsor>True</isOriginalCosponsor>
        <district>14</district>
        <identifiers>
          <lisID>2252</lisID>
          <gpoId />
          <bioguideId>L000581</bioguideId>
        </identifiers>
        <sponsorshipWithdrawnDate />
        <bioguideId>L000581</bioguideId>
        <sponsorshipDate>2015-04-13</sponsorshipDate>
        <firstName>Brenda</firstName>
        <middleName>L.</middleName>
        <state>MI</state>
        <lastName>Lawrence</lastName>
      </item>
      <item>
        <fullName>Rep. Bera, Ami [D-CA-7]</fullName>
        <party>D</party>
        <isOriginalCosponsor>True</isOriginalCosponsor>
        <district>7</district>
        <identifiers>
          <lisID>2102</lisID>
          <gpoId />
          <bioguideId>B001287</bioguideId>
        </identifiers>
        <sponsorshipWithdrawnDate />
        <bioguideId>B001287</bioguideId>
        <sponsorshipDate>2015-04-13</sponsorshipDate>
        <firstName>Ami</firstName>
        <middleName />
        <state>CA</state>
        <lastName>Bera</lastName>
      </item>
      <item>
        <fullName>Rep. Swalwell, Eric [D-CA-15]</fullName>
        <party>D</party>
        <isOriginalCosponsor>True</isOriginalCosponsor>
        <district>15</district>
        <identifiers>
          <bioguideId>S001193</bioguideId>
          <lisID>2104</lisID>
          <gpoId />
        </identifiers>
        <sponsorshipWithdrawnDate />
        <bioguideId>S001193</bioguideId>
        <sponsorshipDate>2015-04-13</sponsorshipDate>
        <firstName>Eric</firstName>
        <middleName />
        <state>CA</state>
        <lastName>Swalwell</lastName>
      </item>
      <item>
        <fullName>Rep. Van Hollen, Chris [D-MD-8]</fullName>
        <party>D</party>
        <isOriginalCosponsor>False</isOriginalCosponsor>
        <district>8</district>
        <identifiers>
          <bioguideId>V000128</bioguideId>
          <gpoId>7983</gpoId>
          <lisID>1729</lisID>
        </identifiers>
        <sponsorshipWithdrawnDate />
        <bioguideId>V000128</bioguideId>
        <sponsorshipDate>2016-04-12</sponsorshipDate>
        <firstName>Chris</firstName>
        <middleName />
        <state>MD</state>
        <lastName>Van Hollen</lastName>
      </item>
      <item>
        <fullName>Rep. McClintock, Tom [R-CA-4]</fullName>
        <party>R</party>
        <isOriginalCosponsor>False</isOriginalCosponsor>
        <district>4</district>
        <identifiers>
          <lisID>1908</lisID>
          <gpoId>7809</gpoId>
          <bioguideId>M001177</bioguideId>
        </identifiers>
        <sponsorshipWithdrawnDate />
        <bioguideId>M001177</bioguideId>
        <sponsorshipDate>2016-04-12</sponsorshipDate>
        <firstName>Tom</firstName>
        <middleName />
        <state>CA</state>
        <lastName>McClintock</lastName>
      </item>
      <item>
        <fullName>Rep. Sherman, Brad [D-CA-30]</fullName>
        <party>D</party>
        <isOriginalCosponsor>False</isOriginalCosponsor>
        <district>30</district>
        <identifiers>
          <lisID>1526</lisID>
          <gpoId>7832</gpoId>
          <bioguideId>S000344</bioguideId>
        </identifiers>
        <sponsorshipWithdrawnDate />
        <bioguideId>S000344</bioguideId>
        <sponsorshipDate>2016-04-12</sponsorshipDate>
        <firstName>BRAD</firstName>
        <middleName />
        <state>CA</state>
        <lastName>SHERMAN</lastName>
      </item>
      <item>
        <fullName>Rep. Bass, Karen [D-CA-37]</fullName>
        <party>D</party>
        <isOriginalCosponsor>False</isOriginalCosponsor>
        <district>37</district>
        <identifiers>
          <bioguideId>B001270</bioguideId>
          <lisID>1996</lisID>
          <gpoId>7838</gpoId>
        </identifiers>
        <sponsorshipWithdrawnDate />
        <bioguideId>B001270</bioguideId>
        <sponsorshipDate>2016-04-12</sponsorshipDate>
        <firstName>Karen</firstName>
        <middleName />
        <state>CA</state>
        <lastName>Bass</lastName>
      </item>
      <item>
        <fullName>Rep. Lofgren, Zoe [D-CA-19]</fullName>
        <party>D</party>
        <isOriginalCosponsor>False</isOriginalCosponsor>
        <district>19</district>
        <identifiers>
          <lisID>701</lisID>
          <gpoId>7821</gpoId>
          <bioguideId>L000397</bioguideId>
        </identifiers>
        <sponsorshipWithdrawnDate />
        <bioguideId>L000397</bioguideId>
        <sponsorshipDate>2016-04-12</sponsorshipDate>
        <firstName>ZOE</firstName>
        <middleName />
        <state>CA</state>
        <lastName>LOFGREN</lastName>
      </item>
      <item>
        <fullName>Rep. Matsui, Doris O. [D-CA-6]</fullName>
        <party>D</party>
        <isOriginalCosponsor>False</isOriginalCosponsor>
        <district>6</district>
        <identifiers>
          <lisID>1814</lisID>
          <gpoId>7810</gpoId>
          <bioguideId>M001163</bioguideId>
        </identifiers>
        <sponsorshipWithdrawnDate />
        <bioguideId>M001163</bioguideId>
        <sponsorshipDate>2016-04-14</sponsorshipDate>
        <firstName>Doris</firstName>
        <middleName>O.</middleName>
        <state>CA</state>
        <lastName>Matsui</lastName>
      </item>
      <item>
        <fullName>Rep. Cardenas, Tony [D-CA-29]</fullName>
        <party>D</party>
        <isOriginalCosponsor>False</isOriginalCosponsor>
        <district>29</district>
        <identifiers>
          <lisID>2107</lisID>
          <gpoId />
          <bioguideId>C001097</bioguideId>
        </identifiers>
        <sponsorshipWithdrawnDate />
        <bioguideId>C001097</bioguideId>
        <sponsorshipDate>2016-04-14</sponsorshipDate>
        <firstName>Tony</firstName>
        <middleName />
        <state>CA</state>
        <lastName>Cardenas</lastName>
      </item>
      <item>
        <fullName>Rep. Ellison, Keith [D-MN-5]</fullName>
        <party>D</party>
        <isOriginalCosponsor>False</isOriginalCosponsor>
        <district>5</district>
        <identifiers>
          <bioguideId>E000288</bioguideId>
          <lisID>1857</lisID>
          <gpoId>8005</gpoId>
        </identifiers>
        <sponsorshipWithdrawnDate />
        <bioguideId>E000288</bioguideId>
        <sponsorshipDate>2016-04-14</sponsorshipDate>
        <firstName>Keith</firstName>
        <middleName />
        <state>MN</state>
        <lastName>Ellison</lastName>
      </item>
      <item>
        <fullName>Rep. McNerney, Jerry [D-CA-9]</fullName>
        <party>D</party>
        <isOriginalCosponsor>False</isOriginalCosponsor>
        <district>9</district>
        <identifiers>
          <bioguideId>M001166</bioguideId>
          <lisID>1832</lisID>
          <gpoId>7816</gpoId>
        </identifiers>
        <sponsorshipWithdrawnDate />
        <bioguideId>M001166</bioguideId>
        <sponsorshipDate>2016-04-14</sponsorshipDate>
        <firstName>Jerry</firstName>
        <middleName />
        <state>CA</state>
        <lastName>McNerney</lastName>
      </item>
    </cosponsors>
    <titles>
      <item>
        <chamberName />
        <title>Honoring the Sikh American community's celebration of Vaisakhi.</title>
        <titleType>Official Title as Introduced</titleType>
        <parentTitleType />
        <chamberCode />
      </item>
      <item>
        <chamberName />
        <title>Honoring the Sikh American community's celebration of Vaisakhi.</title>
        <titleType>Display Title</titleType>
        <parentTitleType />
        <chamberCode />
      </item>
    </titles>
    <laws />
    <amendments />
    <createDate>2015-04-14T09:14:58Z</createDate>
    <updateDate>2017-01-11T14:30:23Z</updateDate>
    <relatedBills />
    <subjects>
      <billSubjects>
        <policyArea>
          <name>Arts, Culture, Religion</name>
        </policyArea>
        <legislativeSubjects>
          <item>
            <name>Commemorative events and holidays</name>
          </item>
          <item>
            <name>Religion</name>
          </item>
        </legislativeSubjects>
      </billSubjects>
    </subjects>
    <billType>HRES</billType>
    <introducedDate>2015-04-13</introducedDate>
    <sponsors>
      <item>
        <byRequestType />
        <firstName>John</firstName>
        <state>CA</state>
        <district>3</district>
        <bioguideId>G000559</bioguideId>
        <lastName>Garamendi</lastName>
        <fullName>Rep. Garamendi, John [D-CA-3]</fullName>
        <party>D</party>
        <identifiers>
          <bioguideId>G000559</bioguideId>
          <lisID>1973</lisID>
          <gpoId>7815</gpoId>
        </identifiers>
        <middleName />
      </item>
    </sponsors>
    <recordedVotes />
    <originChamber>House</originChamber>
    <calendarNumbers />
    <congress>114</congress>
    <title>Honoring the Sikh American community's celebration of Vaisakhi.</title>
    <cboCostEstimates />
    <actions>
      <item>
        <committee>
          <name>Oversight and Government Reform Committee</name>
          <systemCode>hsgo00</systemCode>
        </committee>
        <actionDate>2015-04-13</actionDate>
        <text>Referred to the House Committee on Oversight and Government Reform.</text>
        <links />
        <actionCode>H11100</actionCode>
        <type>IntroReferral</type>
        <sourceSystem>
          <name>House floor actions</name>
          <code>2</code>
        </sourceSystem>
      </item>
      <item>
        <committee />
        <actionDate>2015-04-13</actionDate>
        <text>Introduced in House</text>
        <links />
        <actionCode>Intro-H</actionCode>
        <type>IntroReferral</type>
        <sourceSystem>
          <name>Library of Congress</name>
          <code>9</code>
        </sourceSystem>
      </item>
      <item>
        <committee />
        <actionDate>2015-04-13</actionDate>
        <text>Introduced in House</text>
        <links />
        <actionCode>1000</actionCode>
        <type>IntroReferral</type>
        <sourceSystem>
          <name>Library of Congress</name>
          <code>9</code>
        </sourceSystem>
      </item>
      <actionTypeCounts>
        <billReferrals>1</billReferrals>
        <introducedInTheHouse>1</introducedInTheHouse>
        <introducedInHouse>1</introducedInHouse>
      </actionTypeCounts>
      <actionByCounts>
        <houseOfRepresentatives>3</houseOfRepresentatives>
      </actionByCounts>
    </actions>
    <latestAction>
      <actionDate>2015-04-13</actionDate>
      <text>Referred to the House Committee on Oversight and Government Reform.</text>
      <links />
    </latestAction>
    <committeeReports />
    <notes />
    <committees>
      <billCommittees>
        <item>
          <chamber>House</chamber>
          <systemCode>hsgo00</systemCode>
          <type>Standing</type>
          <name>Oversight and Government Reform Committee</name>
          <activities>
            <item>
              <name>Referred to</name>
              <date>2015-04-13T18:03:00Z</date>
            </item>
          </activities>
          <subcommittees />
        </item>
      </billCommittees>
    </committees>
    <billNumber>192</billNumber>
    <constitutionalAuthorityStatementText />
    <policyArea>
      <name>Arts, Culture, Religion</name>
    </policyArea>
    <summaries>
      <billSummaries>
        <item>
          <text><![CDATA[<p>Wishes the Sikh American community a joyous Vaisakhi. </p>]]></text>
          <name>Introduced in House</name>
          <actionDesc>Introduced in House</actionDesc>
          <actionDate>2015-04-13</actionDate>
          <lastSummaryUpdateDate>2015-05-13T19:18:51Z</lastSummaryUpdateDate>
          <updateDate>2015-04-13T04:00:00Z</updateDate>
          <versionCode>00</versionCode>
        </item>
      </billSummaries>
    </summaries>
  </bill>
  <dublinCore xmlns:dc="http://purl.org/dc/elements/1.1/">
    <dc:format>text/xml</dc:format>
    <dc:language>EN</dc:language>
    <dc:rights>Pursuant to Title 17 Section 105 of the United States Code, this file is not subject to copyright protection and is in the public domain.</dc:rights>
    <dc:contributor>Congressional Research Service, Library of Congress</dc:contributor>
    <dc:description>This file contains bill summaries and statuses for federal legislation. A bill summary describes the most significant provisions of a piece of legislation and details the effects the legislative text may have on current law and federal programs. Bill summaries are authored by the Congressional Research Service (CRS) of the Library of Congress. As stated in Public Law 91-510 (2 USC 166 (d)(6)), one of the duties of CRS is "to prepare summaries and digests of bills and resolutions of a public general nature introduced in the Senate or House of Representatives". For more information, refer to the User Guide that accompanies this file.</dc:description>
  </dublinCore>
</billStatus>

