<?xml version="1.0" encoding="UTF-8"?>
<billStatus>
  <bill>
    <introducedDate>2015-04-16</introducedDate>
    <committeeReports />
    <laws />
    <createDate>2015-04-17T09:01:54Z</createDate>
    <actions>
      <item>
        <committee>
          <name>Foreign Affairs Committee</name>
          <systemCode>hsfa00</systemCode>
        </committee>
        <actionDate>2015-04-16</actionDate>
        <text>Referred to the House Committee on Foreign Affairs.</text>
        <links />
        <actionCode>H11100</actionCode>
        <type>IntroReferral</type>
        <sourceSystem>
          <name>House floor actions</name>
          <code>2</code>
        </sourceSystem>
      </item>
      <item>
        <committee />
        <actionDate>2015-04-16</actionDate>
        <text>Introduced in House</text>
        <links />
        <actionCode>Intro-H</actionCode>
        <type>IntroReferral</type>
        <sourceSystem>
          <name>Library of Congress</name>
          <code>9</code>
        </sourceSystem>
      </item>
      <item>
        <committee />
        <actionDate>2015-04-16</actionDate>
        <text>Introduced in House</text>
        <links />
        <actionCode>1000</actionCode>
        <type>IntroReferral</type>
        <sourceSystem>
          <name>Library of Congress</name>
          <code>9</code>
        </sourceSystem>
      </item>
      <actionTypeCounts>
        <billReferrals>1</billReferrals>
        <introducedInTheHouse>1</introducedInTheHouse>
        <introducedInHouse>1</introducedInHouse>
      </actionTypeCounts>
      <actionByCounts>
        <houseOfRepresentatives>3</houseOfRepresentatives>
      </actionByCounts>
    </actions>
    <recordedVotes />
    <relatedBills />
    <cosponsors>
      <item>
        <identifiers>
          <gpoId />
          <bioguideId>V000131</bioguideId>
          <lisID>2166</lisID>
        </identifiers>
        <state>TX</state>
        <sponsorshipDate>2015-04-16</sponsorshipDate>
        <district>33</district>
        <middleName>A.</middleName>
        <party>D</party>
        <sponsorshipWithdrawnDate />
        <bioguideId>V000131</bioguideId>
        <lastName>Veasey</lastName>
        <isOriginalCosponsor>True</isOriginalCosponsor>
        <fullName>Rep. Veasey, Marc A. [D-TX-33]</fullName>
        <firstName>Marc</firstName>
      </item>
      <item>
        <identifiers>
          <lisID>1994</lisID>
          <gpoId>7802</gpoId>
          <bioguideId>S001183</bioguideId>
        </identifiers>
        <state>AZ</state>
        <sponsorshipDate>2015-04-28</sponsorshipDate>
        <district>6</district>
        <middleName />
        <party>R</party>
        <sponsorshipWithdrawnDate />
        <bioguideId>S001183</bioguideId>
        <lastName>Schweikert</lastName>
        <isOriginalCosponsor>False</isOriginalCosponsor>
        <fullName>Rep. Schweikert, David [R-AZ-6]</fullName>
        <firstName>David</firstName>
      </item>
      <item>
        <identifiers>
          <gpoId />
          <bioguideId>S000018</bioguideId>
          <lisID>1009</lisID>
        </identifiers>
        <state>AZ</state>
        <sponsorshipDate>2015-05-01</sponsorshipDate>
        <district>5</district>
        <middleName />
        <party>R</party>
        <sponsorshipWithdrawnDate />
        <bioguideId>S000018</bioguideId>
        <lastName>SALMON</lastName>
        <isOriginalCosponsor>False</isOriginalCosponsor>
        <fullName>Rep. Salmon, Matt [R-AZ-5]</fullName>
        <firstName>MATT</firstName>
      </item>
      <item>
        <identifiers>
          <lisID>1749</lisID>
          <gpoId>8161</gpoId>
          <bioguideId>H001036</bioguideId>
        </identifiers>
        <state>TX</state>
        <sponsorshipDate>2015-05-12</sponsorshipDate>
        <district>5</district>
        <middleName />
        <party>R</party>
        <sponsorshipWithdrawnDate />
        <bioguideId>H001036</bioguideId>
        <lastName>Hensarling</lastName>
        <isOriginalCosponsor>False</isOriginalCosponsor>
        <fullName>Rep. Hensarling, Jeb [R-TX-5]</fullName>
        <firstName>Jeb</firstName>
      </item>
      <item>
        <identifiers>
          <gpoId>7873</gpoId>
          <bioguideId>M001144</bioguideId>
          <lisID>1685</lisID>
        </identifiers>
        <state>FL</state>
        <sponsorshipDate>2015-05-13</sponsorshipDate>
        <district>1</district>
        <middleName />
        <party>R</party>
        <sponsorshipWithdrawnDate />
        <bioguideId>M001144</bioguideId>
        <lastName>Miller</lastName>
        <isOriginalCosponsor>False</isOriginalCosponsor>
        <fullName>Rep. Miller, Jeff [R-FL-1]</fullName>
        <firstName>Jeff</firstName>
      </item>
      <item>
        <identifiers>
          <gpoId />
          <bioguideId>B001291</bioguideId>
          <lisID>2270</lisID>
        </identifiers>
        <state>TX</state>
        <sponsorshipDate>2015-05-15</sponsorshipDate>
        <district>36</district>
        <middleName />
        <party>R</party>
        <sponsorshipWithdrawnDate />
        <bioguideId>B001291</bioguideId>
        <lastName>Babin</lastName>
        <isOriginalCosponsor>False</isOriginalCosponsor>
        <fullName>Rep. Babin, Brian [R-TX-36]</fullName>
        <firstName>Brian</firstName>
      </item>
      <item>
        <identifiers>
          <lisID>2225</lisID>
          <gpoId />
          <bioguideId>M001197</bioguideId>
        </identifiers>
        <state>AZ</state>
        <sponsorshipDate>2015-05-15</sponsorshipDate>
        <district>2</district>
        <middleName />
        <party>R</party>
        <sponsorshipWithdrawnDate />
        <bioguideId>M001197</bioguideId>
        <lastName>McSally</lastName>
        <isOriginalCosponsor>False</isOriginalCosponsor>
        <fullName>Rep. McSally, Martha [R-AZ-2]</fullName>
        <firstName>Martha</firstName>
      </item>
      <item>
        <identifiers>
          <lisID>1954</lisID>
          <gpoId>8148</gpoId>
          <bioguideId>R000582</bioguideId>
        </identifiers>
        <state>TN</state>
        <sponsorshipDate>2015-05-18</sponsorshipDate>
        <district>1</district>
        <middleName>P.</middleName>
        <party>R</party>
        <sponsorshipWithdrawnDate />
        <bioguideId>R000582</bioguideId>
        <lastName>Roe</lastName>
        <isOriginalCosponsor>False</isOriginalCosponsor>
        <fullName>Rep. Roe, David P. [R-TN-1]</fullName>
        <firstName>David</firstName>
      </item>
      <item>
        <identifiers>
          <lisID>1778</lisID>
          <gpoId>7903</gpoId>
          <bioguideId>P000591</bioguideId>
        </identifiers>
        <state>GA</state>
        <sponsorshipDate>2015-05-18</sponsorshipDate>
        <district>6</district>
        <middleName />
        <party>R</party>
        <sponsorshipWithdrawnDate />
        <bioguideId>P000591</bioguideId>
        <lastName>Price</lastName>
        <isOriginalCosponsor>False</isOriginalCosponsor>
        <fullName>Rep. Price, Tom [R-GA-6]</fullName>
        <firstName>Tom</firstName>
      </item>
      <item>
        <identifiers>
          <lisID>2103</lisID>
          <gpoId />
          <bioguideId>C001094</bioguideId>
        </identifiers>
        <state>CA</state>
        <sponsorshipDate>2015-05-18</sponsorshipDate>
        <district>8</district>
        <middleName />
        <party>R</party>
        <sponsorshipWithdrawnDate />
        <bioguideId>C001094</bioguideId>
        <lastName>Cook</lastName>
        <isOriginalCosponsor>False</isOriginalCosponsor>
        <fullName>Rep. Cook, Paul [R-CA-8]</fullName>
        <firstName>Paul</firstName>
      </item>
      <item>
        <identifiers>
          <gpoId>7863</gpoId>
          <bioguideId>L000564</bioguideId>
          <lisID>1834</lisID>
        </identifiers>
        <state>CO</state>
        <sponsorshipDate>2015-05-18</sponsorshipDate>
        <district>5</district>
        <middleName />
        <party>R</party>
        <sponsorshipWithdrawnDate />
        <bioguideId>L000564</bioguideId>
        <lastName>Lamborn</lastName>
        <isOriginalCosponsor>False</isOriginalCosponsor>
        <fullName>Rep. Lamborn, Doug [R-CO-5]</fullName>
        <firstName>Doug</firstName>
      </item>
      <item>
        <identifiers>
          <gpoId />
          <bioguideId>W000821</bioguideId>
          <lisID>2224</lisID>
        </identifiers>
        <state>AR</state>
        <sponsorshipDate>2015-05-20</sponsorshipDate>
        <district>4</district>
        <middleName />
        <party>R</party>
        <sponsorshipWithdrawnDate />
        <bioguideId>W000821</bioguideId>
        <lastName>Westerman</lastName>
        <isOriginalCosponsor>False</isOriginalCosponsor>
        <fullName>Rep. Westerman, Bruce [R-AR-4]</fullName>
        <firstName>Bruce</firstName>
      </item>
      <item>
        <identifiers>
          <lisID>132</lisID>
          <gpoId>7875</gpoId>
          <bioguideId>B000911</bioguideId>
        </identifiers>
        <state>FL</state>
        <sponsorshipDate>2015-05-20</sponsorshipDate>
        <district>5</district>
        <middleName />
        <party>D</party>
        <sponsorshipWithdrawnDate />
        <bioguideId>B000911</bioguideId>
        <lastName>BROWN</lastName>
        <isOriginalCosponsor>False</isOriginalCosponsor>
        <fullName>Rep. Brown, Corrine [D-FL-5]</fullName>
        <firstName>CORRINE</firstName>
      </item>
      <item>
        <identifiers>
          <lisID>2157</lisID>
          <gpoId />
          <bioguideId>P000605</bioguideId>
        </identifiers>
        <state>PA</state>
        <sponsorshipDate>2015-05-20</sponsorshipDate>
        <district>4</district>
        <middleName />
        <party>R</party>
        <sponsorshipWithdrawnDate />
        <bioguideId>P000605</bioguideId>
        <lastName>Perry</lastName>
        <isOriginalCosponsor>False</isOriginalCosponsor>
        <fullName>Rep. Perry, Scott [R-PA-4]</fullName>
        <firstName>Scott</firstName>
      </item>
      <item>
        <identifiers>
          <bioguideId>S001189</bioguideId>
          <lisID>2009</lisID>
          <gpoId>7905</gpoId>
        </identifiers>
        <state>GA</state>
        <sponsorshipDate>2015-05-20</sponsorshipDate>
        <district>8</district>
        <middleName />
        <party>R</party>
        <sponsorshipWithdrawnDate />
        <bioguideId>S001189</bioguideId>
        <lastName>Scott</lastName>
        <isOriginalCosponsor>False</isOriginalCosponsor>
        <fullName>Rep. Scott, Austin [R-GA-8]</fullName>
        <firstName>Austin</firstName>
      </item>
      <item>
        <identifiers>
          <lisID>2129</lisID>
          <gpoId />
          <bioguideId>B001284</bioguideId>
        </identifiers>
        <state>IN</state>
        <sponsorshipDate>2015-06-03</sponsorshipDate>
        <district>5</district>
        <middleName>W.</middleName>
        <party>R</party>
        <sponsorshipWithdrawnDate />
        <bioguideId>B001284</bioguideId>
        <lastName>Brooks</lastName>
        <isOriginalCosponsor>False</isOriginalCosponsor>
        <fullName>Rep. Brooks, Susan W. [R-IN-5]</fullName>
        <firstName>Susan</firstName>
      </item>
      <item>
        <identifiers>
          <lisID>2130</lisID>
          <gpoId />
          <bioguideId>M001189</bioguideId>
        </identifiers>
        <state>IN</state>
        <sponsorshipDate>2015-06-03</sponsorshipDate>
        <district>6</district>
        <middleName />
        <party>R</party>
        <sponsorshipWithdrawnDate />
        <bioguideId>M001189</bioguideId>
        <lastName>Messer</lastName>
        <isOriginalCosponsor>False</isOriginalCosponsor>
        <fullName>Rep. Messer, Luke [R-IN-6]</fullName>
        <firstName>Luke</firstName>
      </item>
      <item>
        <identifiers>
          <bioguideId>A000372</bioguideId>
          <gpoId />
          <lisID>2239</lisID>
        </identifiers>
        <state>GA</state>
        <sponsorshipDate>2015-06-04</sponsorshipDate>
        <district>12</district>
        <middleName>W.</middleName>
        <party>R</party>
        <sponsorshipWithdrawnDate />
        <bioguideId>A000372</bioguideId>
        <lastName>Allen</lastName>
        <isOriginalCosponsor>False</isOriginalCosponsor>
        <fullName>Rep. Allen, Rick W. [R-GA-12]</fullName>
        <firstName>Rick</firstName>
      </item>
      <item>
        <identifiers>
          <gpoId>8128</gpoId>
          <bioguideId>M001179</bioguideId>
          <lisID>2053</lisID>
        </identifiers>
        <state>PA</state>
        <sponsorshipDate>2015-06-04</sponsorshipDate>
        <district>10</district>
        <middleName />
        <party>R</party>
        <sponsorshipWithdrawnDate />
        <bioguideId>M001179</bioguideId>
        <lastName>Marino</lastName>
        <isOriginalCosponsor>False</isOriginalCosponsor>
        <fullName>Rep. Marino, Tom [R-PA-10]</fullName>
        <firstName>Tom</firstName>
      </item>
      <item>
        <identifiers>
          <lisID>2168</lisID>
          <gpoId />
          <bioguideId>S001192</bioguideId>
        </identifiers>
        <state>UT</state>
        <sponsorshipDate>2015-06-04</sponsorshipDate>
        <district>2</district>
        <middleName />
        <party>R</party>
        <sponsorshipWithdrawnDate />
        <bioguideId>S001192</bioguideId>
        <lastName>Stewart</lastName>
        <isOriginalCosponsor>False</isOriginalCosponsor>
        <fullName>Rep. Stewart, Chris [R-UT-2]</fullName>
        <firstName>Chris</firstName>
      </item>
      <item>
        <identifiers>
          <lisID>2116</lisID>
          <gpoId />
          <bioguideId>D000621</bioguideId>
        </identifiers>
        <state>FL</state>
        <sponsorshipDate>2015-06-09</sponsorshipDate>
        <district>6</district>
        <middleName />
        <party>R</party>
        <sponsorshipWithdrawnDate />
        <bioguideId>D000621</bioguideId>
        <lastName>DeSantis</lastName>
        <isOriginalCosponsor>False</isOriginalCosponsor>
        <fullName>Rep. DeSantis, Ron [R-FL-6]</fullName>
        <firstName>Ron</firstName>
      </item>
      <item>
        <identifiers>
          <lisID>1733</lisID>
          <gpoId>8002</gpoId>
          <bioguideId>K000363</bioguideId>
        </identifiers>
        <state>MN</state>
        <sponsorshipDate>2015-06-15</sponsorshipDate>
        <district>2</district>
        <middleName />
        <party>R</party>
        <sponsorshipWithdrawnDate />
        <bioguideId>K000363</bioguideId>
        <lastName>Kline</lastName>
        <isOriginalCosponsor>False</isOriginalCosponsor>
        <fullName>Rep. Kline, John [R-MN-2]</fullName>
        <firstName>John</firstName>
      </item>
      <item>
        <identifiers>
          <lisID>2159</lisID>
          <gpoId />
          <bioguideId>C001090</bioguideId>
        </identifiers>
        <state>PA</state>
        <sponsorshipDate>2015-06-15</sponsorshipDate>
        <district>17</district>
        <middleName />
        <party>D</party>
        <sponsorshipWithdrawnDate />
        <bioguideId>C001090</bioguideId>
        <lastName>Cartwright</lastName>
        <isOriginalCosponsor>False</isOriginalCosponsor>
        <fullName>Rep. Cartwright, Matt [D-PA-17]</fullName>
        <firstName>Matt</firstName>
      </item>
      <item>
        <identifiers>
          <lisID>1801</lisID>
          <gpoId>8157</gpoId>
          <bioguideId>G000552</bioguideId>
        </identifiers>
        <state>TX</state>
        <sponsorshipDate>2015-06-23</sponsorshipDate>
        <district>1</district>
        <middleName />
        <party>R</party>
        <sponsorshipWithdrawnDate />
        <bioguideId>G000552</bioguideId>
        <lastName>Gohmert</lastName>
        <isOriginalCosponsor>False</isOriginalCosponsor>
        <fullName>Rep. Gohmert, Louie [R-TX-1]</fullName>
        <firstName>Louie</firstName>
      </item>
      <item>
        <identifiers>
          <bioguideId>P000606</bioguideId>
          <lisID>2141</lisID>
          <gpoId />
        </identifiers>
        <state>NC</state>
        <sponsorshipDate>2015-06-23</sponsorshipDate>
        <district>9</district>
        <middleName />
        <party>R</party>
        <sponsorshipWithdrawnDate />
        <bioguideId>P000606</bioguideId>
        <lastName>Pittenger</lastName>
        <isOriginalCosponsor>False</isOriginalCosponsor>
        <fullName>Rep. Pittenger, Robert [R-NC-9]</fullName>
        <firstName>Robert</firstName>
      </item>
      <item>
        <identifiers>
          <bioguideId>S001187</bioguideId>
          <gpoId>8105</gpoId>
          <lisID>2047</lisID>
        </identifiers>
        <state>OH</state>
        <sponsorshipDate>2015-06-24</sponsorshipDate>
        <district>15</district>
        <middleName />
        <party>R</party>
        <sponsorshipWithdrawnDate />
        <bioguideId>S001187</bioguideId>
        <lastName>Stivers</lastName>
        <isOriginalCosponsor>False</isOriginalCosponsor>
        <fullName>Rep. Stivers, Steve [R-OH-15]</fullName>
        <firstName>Steve</firstName>
      </item>
      <item>
        <identifiers>
          <lisID>2161</lisID>
          <gpoId />
          <bioguideId>W000814</bioguideId>
        </identifiers>
        <state>TX</state>
        <sponsorshipDate>2015-06-24</sponsorshipDate>
        <district>14</district>
        <middleName>K.</middleName>
        <party>R</party>
        <sponsorshipWithdrawnDate />
        <bioguideId>W000814</bioguideId>
        <lastName>Weber</lastName>
        <isOriginalCosponsor>False</isOriginalCosponsor>
        <fullName>Rep. Weber, Randy K., Sr. [R-TX-14]</fullName>
        <firstName>Randy</firstName>
      </item>
      <item>
        <identifiers>
          <gpoId />
          <bioguideId>Z000017</bioguideId>
          <lisID>2261</lisID>
        </identifiers>
        <state>NY</state>
        <sponsorshipDate>2015-06-25</sponsorshipDate>
        <district>1</district>
        <middleName>M.</middleName>
        <party>R</party>
        <sponsorshipWithdrawnDate />
        <bioguideId>Z000017</bioguideId>
        <lastName>Zeldin</lastName>
        <isOriginalCosponsor>False</isOriginalCosponsor>
        <fullName>Rep. Zeldin, Lee M. [R-NY-1]</fullName>
        <firstName>Lee</firstName>
      </item>
      <item>
        <identifiers>
          <lisID>1526</lisID>
          <gpoId>7832</gpoId>
          <bioguideId>S000344</bioguideId>
        </identifiers>
        <state>CA</state>
        <sponsorshipDate>2015-07-07</sponsorshipDate>
        <district>30</district>
        <middleName />
        <party>D</party>
        <sponsorshipWithdrawnDate />
        <bioguideId>S000344</bioguideId>
        <lastName>SHERMAN</lastName>
        <isOriginalCosponsor>False</isOriginalCosponsor>
        <fullName>Rep. Sherman, Brad [D-CA-30]</fullName>
        <firstName>BRAD</firstName>
      </item>
      <item>
        <identifiers>
          <gpoId>7795</gpoId>
          <bioguideId>W000809</bioguideId>
          <lisID>1991</lisID>
        </identifiers>
        <state>AR</state>
        <sponsorshipDate>2015-07-07</sponsorshipDate>
        <district>3</district>
        <middleName />
        <party>R</party>
        <sponsorshipWithdrawnDate />
        <bioguideId>W000809</bioguideId>
        <lastName>Womack</lastName>
        <isOriginalCosponsor>False</isOriginalCosponsor>
        <fullName>Rep. Womack, Steve [R-AR-3]</fullName>
        <firstName>Steve</firstName>
      </item>
      <item>
        <identifiers>
          <lisID>1955</lisID>
          <gpoId>8178</gpoId>
          <bioguideId>O000168</bioguideId>
        </identifiers>
        <state>TX</state>
        <sponsorshipDate>2015-07-15</sponsorshipDate>
        <district>22</district>
        <middleName />
        <party>R</party>
        <sponsorshipWithdrawnDate />
        <bioguideId>O000168</bioguideId>
        <lastName>Olson</lastName>
        <isOriginalCosponsor>False</isOriginalCosponsor>
        <fullName>Rep. Olson, Pete [R-TX-22]</fullName>
        <firstName>Pete</firstName>
      </item>
      <item>
        <identifiers>
          <lisID>1924</lisID>
          <gpoId>7962</gpoId>
          <bioguideId>F000456</bioguideId>
        </identifiers>
        <state>LA</state>
        <sponsorshipDate>2016-01-12</sponsorshipDate>
        <district>4</district>
        <middleName />
        <party>R</party>
        <sponsorshipWithdrawnDate />
        <bioguideId>F000456</bioguideId>
        <lastName>Fleming</lastName>
        <isOriginalCosponsor>False</isOriginalCosponsor>
        <fullName>Rep. Fleming, John [R-LA-4]</fullName>
        <firstName>John</firstName>
      </item>
    </cosponsors>
    <billNumber>209</billNumber>
    <amendments />
    <subjects>
      <billSubjects>
        <legislativeSubjects>
          <item>
            <name>Alliances</name>
          </item>
          <item>
            <name>International law and treaties</name>
          </item>
          <item>
            <name>Military operations and strategy</name>
          </item>
          <item>
            <name>Sovereignty, recognition, national governance and status</name>
          </item>
        </legislativeSubjects>
        <policyArea>
          <name>International Affairs</name>
        </policyArea>
      </billSubjects>
    </subjects>
    <sponsors>
      <item>
        <party>R</party>
        <state>IN</state>
        <middleName />
        <bioguideId>W000813</bioguideId>
        <lastName>Walorski</lastName>
        <firstName>Jackie</firstName>
        <identifiers>
          <lisID>2128</lisID>
          <gpoId />
          <bioguideId>W000813</bioguideId>
        </identifiers>
        <fullName>Rep. Walorski, Jackie [R-IN-2]</fullName>
        <district>2</district>
        <byRequestType />
      </item>
    </sponsors>
    <summaries>
      <billSummaries>
        <item>
          <actionDate>2015-04-16</actionDate>
          <lastSummaryUpdateDate>2015-04-17T21:38:44Z</lastSummaryUpdateDate>
          <name>Introduced in House</name>
          <text><![CDATA[<p>Views lawfare (the abuse of law to achieve political and military means) as a threat to U.S. military activities abroad and to those of U.S. democratic allies, and believes it is vital to take a stand against its use in order to protect the Nation's best interests.</p>]]></text>
          <actionDesc>Introduced in House</actionDesc>
          <updateDate>2015-04-16T04:00:00Z</updateDate>
          <versionCode>00</versionCode>
        </item>
      </billSummaries>
    </summaries>
    <constitutionalAuthorityStatementText />
    <billType>HRES</billType>
    <title>Deploring the actions of the Palestinian Authority to join the International Criminal Court and undertake legal action through the Court against Israel.</title>
    <policyArea>
      <name>International Affairs</name>
    </policyArea>
    <congress>114</congress>
    <latestAction>
      <text>Referred to the House Committee on Foreign Affairs.</text>
      <actionDate>2015-04-16</actionDate>
      <links />
    </latestAction>
    <cboCostEstimates />
    <originChamber>House</originChamber>
    <notes />
    <committees>
      <billCommittees>
        <item>
          <systemCode>hsfa00</systemCode>
          <name>Foreign Affairs Committee</name>
          <subcommittees />
          <chamber>House</chamber>
          <activities>
            <item>
              <name>Referred to</name>
              <date>2015-04-16T13:06:05Z</date>
            </item>
          </activities>
          <type>Standing</type>
        </item>
      </billCommittees>
    </committees>
    <calendarNumbers />
    <updateDate>2017-01-11T14:30:28Z</updateDate>
    <titles>
      <item>
        <title>Deploring the actions of the Palestinian Authority to join the International Criminal Court and undertake legal action through the Court against Israel.</title>
        <parentTitleType />
        <chamberName />
        <titleType>Official Title as Introduced</titleType>
        <chamberCode />
      </item>
      <item>
        <title>Deploring the actions of the Palestinian Authority to join the International Criminal Court and undertake legal action through the Court against Israel.</title>
        <parentTitleType />
        <chamberName />
        <titleType>Display Title</titleType>
        <chamberCode />
      </item>
    </titles>
  </bill>
  <dublinCore xmlns:dc="http://purl.org/dc/elements/1.1/">
    <dc:format>text/xml</dc:format>
    <dc:language>EN</dc:language>
    <dc:rights>Pursuant to Title 17 Section 105 of the United States Code, this file is not subject to copyright protection and is in the public domain.</dc:rights>
    <dc:contributor>Congressional Research Service, Library of Congress</dc:contributor>
    <dc:description>This file contains bill summaries and statuses for federal legislation. A bill summary describes the most significant provisions of a piece of legislation and details the effects the legislative text may have on current law and federal programs. Bill summaries are authored by the Congressional Research Service (CRS) of the Library of Congress. As stated in Public Law 91-510 (2 USC 166 (d)(6)), one of the duties of CRS is "to prepare summaries and digests of bills and resolutions of a public general nature introduced in the Senate or House of Representatives". For more information, refer to the User Guide that accompanies this file.</dc:description>
  </dublinCore>
</billStatus>

