<?xml version="1.0" encoding="UTF-8"?>
<billStatus>
  <bill>
    <cosponsors />
    <titles>
      <item>
        <parentTitleType />
        <chamberCode />
        <chamberName />
        <titleType>Official Title as Introduced</titleType>
        <title>Expressing support for the designation of the fourth week in April as Every Kid Healthy Week.</title>
      </item>
      <item>
        <parentTitleType />
        <chamberCode />
        <chamberName />
        <titleType>Display Title</titleType>
        <title>Expressing support for the designation of the fourth week in April as Every Kid Healthy Week.</title>
      </item>
    </titles>
    <laws />
    <amendments />
    <createDate>2015-04-14T09:14:58Z</createDate>
    <updateDate>2017-01-11T14:30:23Z</updateDate>
    <relatedBills />
    <subjects>
      <billSubjects>
        <legislativeSubjects>
          <item>
            <name>Child health</name>
          </item>
          <item>
            <name>Commemorative events and holidays</name>
          </item>
          <item>
            <name>Physical fitness and lifestyle</name>
          </item>
        </legislativeSubjects>
        <policyArea>
          <name>Health</name>
        </policyArea>
      </billSubjects>
    </subjects>
    <billType>HRES</billType>
    <introducedDate>2015-04-13</introducedDate>
    <sponsors>
      <item>
        <byRequestType />
        <firstName>DANNY</firstName>
        <state>IL</state>
        <district>7</district>
        <bioguideId>D000096</bioguideId>
        <lastName>DAVIS</lastName>
        <fullName>Rep. Davis, Danny K. [D-IL-7]</fullName>
        <party>D</party>
        <identifiers>
          <lisID>1477</lisID>
          <gpoId>7927</gpoId>
          <bioguideId>D000096</bioguideId>
        </identifiers>
        <middleName>K.</middleName>
      </item>
    </sponsors>
    <recordedVotes />
    <originChamber>House</originChamber>
    <calendarNumbers />
    <congress>114</congress>
    <title>Expressing support for the designation of the fourth week in April as Every Kid Healthy Week.</title>
    <cboCostEstimates />
    <actions>
      <item>
        <actionDate>2015-04-17</actionDate>
        <committee>
          <systemCode>hsif14</systemCode>
          <name>Health Subcommittee</name>
        </committee>
        <links />
        <sourceSystem>
          <code>1</code>
          <name>House committee actions</name>
        </sourceSystem>
        <text>Referred to the Subcommittee on Health.</text>
        <type>Committee</type>
      </item>
      <item>
        <sourceSystem>
          <code>2</code>
          <name>House floor actions</name>
        </sourceSystem>
        <type>IntroReferral</type>
        <actionDate>2015-04-13</actionDate>
        <committee>
          <systemCode>hsif00</systemCode>
          <name>Energy and Commerce Committee</name>
        </committee>
        <text>Referred to the House Committee on Energy and Commerce.</text>
        <actionCode>H11100</actionCode>
        <links />
      </item>
      <item>
        <sourceSystem>
          <code>9</code>
          <name>Library of Congress</name>
        </sourceSystem>
        <type>IntroReferral</type>
        <actionDate>2015-04-13</actionDate>
        <committee />
        <text>Introduced in House</text>
        <actionCode>Intro-H</actionCode>
        <links />
      </item>
      <item>
        <sourceSystem>
          <code>9</code>
          <name>Library of Congress</name>
        </sourceSystem>
        <type>IntroReferral</type>
        <actionDate>2015-04-13</actionDate>
        <committee />
        <text>Introduced in House</text>
        <actionCode>1000</actionCode>
        <links />
      </item>
      <actionByCounts>
        <houseOfRepresentatives>4</houseOfRepresentatives>
      </actionByCounts>
      <actionTypeCounts>
        <introducedInTheHouse>1</introducedInTheHouse>
        <introducedInHouse>1</introducedInHouse>
        <billReferrals>1</billReferrals>
        <placeholderTextForH>1</placeholderTextForH>
      </actionTypeCounts>
    </actions>
    <latestAction>
      <actionDate>2015-04-17</actionDate>
      <text>Referred to the Subcommittee on Health.</text>
      <links />
    </latestAction>
    <committeeReports />
    <notes />
    <committees>
      <billCommittees>
        <item>
          <name>Energy and Commerce Committee</name>
          <activities>
            <item>
              <name>Referred to</name>
              <date>2015-04-13T18:02:35Z</date>
            </item>
          </activities>
          <subcommittees>
            <item>
              <name>Health Subcommittee</name>
              <activities>
                <item>
                  <name>Referred to</name>
                  <date>2015-04-17T15:02:50Z</date>
                </item>
              </activities>
              <systemCode>hsif14</systemCode>
            </item>
          </subcommittees>
          <chamber>House</chamber>
          <type>Standing</type>
          <systemCode>hsif00</systemCode>
        </item>
      </billCommittees>
    </committees>
    <billNumber>190</billNumber>
    <constitutionalAuthorityStatementText />
    <policyArea>
      <name>Health</name>
    </policyArea>
    <summaries>
      <billSummaries>
        <item>
          <actionDate>2015-04-13</actionDate>
          <name>Introduced in House</name>
          <actionDesc>Introduced in House</actionDesc>
          <updateDate>2015-04-13T04:00:00Z</updateDate>
          <text><![CDATA[<p>Expresses support for the designation of Every Kid Healthy Week.</p> <p>Recognizes the importance of promoting healthy lifestyles and healthy learning environments for all children.</p>]]></text>
          <lastSummaryUpdateDate>2015-04-20T21:20:59Z</lastSummaryUpdateDate>
          <versionCode>00</versionCode>
        </item>
      </billSummaries>
    </summaries>
  </bill>
  <dublinCore xmlns:dc="http://purl.org/dc/elements/1.1/">
    <dc:format>text/xml</dc:format>
    <dc:language>EN</dc:language>
    <dc:rights>Pursuant to Title 17 Section 105 of the United States Code, this file is not subject to copyright protection and is in the public domain.</dc:rights>
    <dc:contributor>Congressional Research Service, Library of Congress</dc:contributor>
    <dc:description>This file contains bill summaries and statuses for federal legislation. A bill summary describes the most significant provisions of a piece of legislation and details the effects the legislative text may have on current law and federal programs. Bill summaries are authored by the Congressional Research Service (CRS) of the Library of Congress. As stated in Public Law 91-510 (2 USC 166 (d)(6)), one of the duties of CRS is "to prepare summaries and digests of bills and resolutions of a public general nature introduced in the Senate or House of Representatives". For more information, refer to the User Guide that accompanies this file.</dc:description>
  </dublinCore>
</billStatus>

