<?xml version="1.0" encoding="UTF-8"?>
<billStatus>
  <bill>
    <cosponsors>
      <item>
        <bioguideId>W000808</bioguideId>
        <firstName>Frederica</firstName>
        <party>D</party>
        <lastName>Wilson</lastName>
        <sponsorshipDate>2015-01-09</sponsorshipDate>
        <middleName>S.</middleName>
        <state>FL</state>
        <district>24</district>
        <isOriginalCosponsor>True</isOriginalCosponsor>
        <sponsorshipWithdrawnDate />
        <identifiers>
          <bioguideId>W000808</bioguideId>
          <lisID>2004</lisID>
          <gpoId>7889</gpoId>
        </identifiers>
        <fullName>Rep. Wilson, Frederica S. [D-FL-24]</fullName>
      </item>
      <item>
        <bioguideId>L000480</bioguideId>
        <firstName>NITA</firstName>
        <party>D</party>
        <lastName>LOWEY</lastName>
        <sponsorshipDate>2015-01-22</sponsorshipDate>
        <middleName>M.</middleName>
        <state>NY</state>
        <district>17</district>
        <isOriginalCosponsor>False</isOriginalCosponsor>
        <sponsorshipWithdrawnDate />
        <identifiers>
          <lisID>709</lisID>
          <gpoId>8079</gpoId>
          <bioguideId>L000480</bioguideId>
        </identifiers>
        <fullName>Rep. Lowey, Nita M. [D-NY-17]</fullName>
      </item>
    </cosponsors>
    <titles>
      <item>
        <titleType>Official Title as Introduced</titleType>
        <chamberName />
        <title>Recognizing the anniversary of the tragic earthquake in Haiti on January 12, 2010, honoring those who lost their lives, and expressing continued solidarity with the Haitian people.</title>
        <chamberCode />
        <parentTitleType />
      </item>
      <item>
        <titleType>Display Title</titleType>
        <chamberName />
        <title>Recognizing the anniversary of the tragic earthquake in Haiti on January 12, 2010, honoring those who lost their lives, and expressing continued solidarity with the Haitian people.</title>
        <chamberCode />
        <parentTitleType />
      </item>
    </titles>
    <laws />
    <amendments />
    <createDate>2015-01-10T04:46:21Z</createDate>
    <updateDate>2017-01-11T14:29:40Z</updateDate>
    <relatedBills />
    <subjects>
      <billSubjects>
        <legislativeSubjects>
          <item>
            <name>Caribbean area</name>
          </item>
          <item>
            <name>Commemorative events and holidays</name>
          </item>
          <item>
            <name>Congressional tributes</name>
          </item>
          <item>
            <name>Disaster relief and insurance</name>
          </item>
          <item>
            <name>Food assistance and relief</name>
          </item>
          <item>
            <name>Foreign aid and international relief</name>
          </item>
          <item>
            <name>Haiti</name>
          </item>
          <item>
            <name>Health promotion and preventive care</name>
          </item>
          <item>
            <name>Housing supply and affordability</name>
          </item>
          <item>
            <name>Infectious and parasitic diseases</name>
          </item>
          <item>
            <name>International organizations and cooperation</name>
          </item>
          <item>
            <name>Latin America</name>
          </item>
          <item>
            <name>Natural disasters</name>
          </item>
          <item>
            <name>Public contracts and procurement</name>
          </item>
          <item>
            <name>Reconstruction and stabilization</name>
          </item>
          <item>
            <name>Refugees, asylum, displaced persons</name>
          </item>
          <item>
            <name>Solid waste and recycling</name>
          </item>
          <item>
            <name>United Nations</name>
          </item>
          <item>
            <name>Water quality</name>
          </item>
          <item>
            <name>World health</name>
          </item>
        </legislativeSubjects>
        <policyArea>
          <name>International Affairs</name>
        </policyArea>
      </billSubjects>
    </subjects>
    <billType>HRES</billType>
    <introducedDate>2015-01-09</introducedDate>
    <sponsors>
      <item>
        <byRequestType />
        <firstName>BARBARA</firstName>
        <state>CA</state>
        <district>13</district>
        <bioguideId>L000551</bioguideId>
        <lastName>LEE</lastName>
        <fullName>Rep. Lee, Barbara [D-CA-13]</fullName>
        <party>D</party>
        <identifiers>
          <gpoId>7814</gpoId>
          <bioguideId>L000551</bioguideId>
          <lisID>1501</lisID>
        </identifiers>
        <middleName />
      </item>
    </sponsors>
    <recordedVotes />
    <originChamber>House</originChamber>
    <calendarNumbers />
    <congress>114</congress>
    <title>Recognizing the anniversary of the tragic earthquake in Haiti on January 12, 2010, honoring those who lost their lives, and expressing continued solidarity with the Haitian people.</title>
    <cboCostEstimates />
    <actions>
      <item>
        <actionDate>2015-02-11</actionDate>
        <committee>
          <systemCode>hsfa07</systemCode>
          <name>Western Hemisphere Subcommittee</name>
        </committee>
        <links />
        <sourceSystem>
          <code>1</code>
          <name>House committee actions</name>
        </sourceSystem>
        <text>Referred to the Subcommittee on the Western Hemisphere.</text>
        <type>Committee</type>
      </item>
      <item>
        <sourceSystem>
          <code>9</code>
          <name>Library of Congress</name>
        </sourceSystem>
        <type>IntroReferral</type>
        <actionDate>2015-01-13</actionDate>
        <committee />
        <text>Sponsor introductory remarks on measure. (CR H236)</text>
        <actionCode>B00100</actionCode>
        <links>
          <link>
            <name>H236</name>
            <url>https://www.congress.gov/congressional-record/volume-161/house-section/page/H236</url>
          </link>
        </links>
      </item>
      <item>
        <sourceSystem>
          <code>2</code>
          <name>House floor actions</name>
        </sourceSystem>
        <type>IntroReferral</type>
        <actionDate>2015-01-09</actionDate>
        <committee>
          <systemCode>hsfa00</systemCode>
          <name>Foreign Affairs Committee</name>
        </committee>
        <text>Referred to the House Committee on Foreign Affairs.</text>
        <actionCode>H11100</actionCode>
        <links />
      </item>
      <item>
        <sourceSystem>
          <code>9</code>
          <name>Library of Congress</name>
        </sourceSystem>
        <type>IntroReferral</type>
        <actionDate>2015-01-09</actionDate>
        <committee />
        <text>Introduced in House</text>
        <actionCode>Intro-H</actionCode>
        <links />
      </item>
      <item>
        <sourceSystem>
          <code>9</code>
          <name>Library of Congress</name>
        </sourceSystem>
        <type>IntroReferral</type>
        <actionDate>2015-01-09</actionDate>
        <committee />
        <text>Introduced in House</text>
        <actionCode>1000</actionCode>
        <links />
      </item>
      <actionByCounts>
        <houseOfRepresentatives>4</houseOfRepresentatives>
      </actionByCounts>
      <actionTypeCounts>
        <introducedInTheHouse>1</introducedInTheHouse>
        <placeholderTextForB>1</placeholderTextForB>
        <introducedInHouse>1</introducedInHouse>
        <billReferrals>1</billReferrals>
        <placeholderTextForH>1</placeholderTextForH>
      </actionTypeCounts>
    </actions>
    <latestAction>
      <actionDate>2015-02-11</actionDate>
      <text>Referred to the Subcommittee on the Western Hemisphere.</text>
      <links />
    </latestAction>
    <committeeReports />
    <notes />
    <committees>
      <billCommittees>
        <item>
          <chamber>House</chamber>
          <systemCode>hsfa00</systemCode>
          <type>Standing</type>
          <name>Foreign Affairs Committee</name>
          <activities>
            <item>
              <name>Referred to</name>
              <date>2015-01-09T14:02:35Z</date>
            </item>
          </activities>
          <subcommittees>
            <item>
              <systemCode>hsfa07</systemCode>
              <activities>
                <item>
                  <name>Referred to</name>
                  <date>2015-02-11T22:28:28Z</date>
                </item>
              </activities>
              <name>Western Hemisphere Subcommittee</name>
            </item>
          </subcommittees>
        </item>
      </billCommittees>
    </committees>
    <billNumber>25</billNumber>
    <constitutionalAuthorityStatementText />
    <policyArea>
      <name>International Affairs</name>
    </policyArea>
    <summaries>
      <billSummaries>
        <item>
          <actionDate>2015-01-09</actionDate>
          <lastSummaryUpdateDate>2015-01-14T21:43:16Z</lastSummaryUpdateDate>
          <name>Introduced in House</name>
          <text><![CDATA[<p>Honors: (1) those who lost their lives due to the tragic earthquake of January 12, 2010; and (2) the sacrifice of the men and women of the government of Haiti, the U.S. government, the United Nations (U.N.), and the international community for their response to the calamity.</p> <p>Expresses solidarity with the people of Haiti as they work to rebuild their neighborhoods, livelihoods, and country.</p> <p>Reaffirms the commitment of the House of Representatives to support long-term Haitian reconstruction.</p> <p>Supports the Administration's efforts to: (1) increase food security in Haiti through sustainable agriculture programs; (2) shore up housing initiatives; (3) prevent the spread of cholera, treat persons who contract the disease, and provide technical assistance to the Haitian Ministry of Public Health; and (4) improve water, sanitation, and health systems.</p> <p>Urges the President and the international community to: (1) focus assistance on Haiti's public sector capacity to provide basic services, (2) develop and improve communications and participatory mechanisms to more substantially involve Haitian civil society at all stages of the cholera and post-earthquake responses, and (3) give priority to programs that protect vulnerable populations. </p> <p>Urges the President to: (1) make necessary resources available to U.S. and U.N. agencies, nongovernmental organizations, private volunteer organizations, and regional institutions; (2) support U.N. efforts to eliminate cholera from the island of Hispaniola; (3) lead humanitarian and development efforts with the government of Haiti, the Haitian Diaspora, and international actors; (4) improve the monitoring of U.S. government-funded aid programs; and (5) work with Haitian authorities and private landowners to prevent evictions of internally displaced person communities.</p>]]></text>
          <actionDesc>Introduced in House</actionDesc>
          <updateDate>2015-01-09T05:00:00Z</updateDate>
          <versionCode>00</versionCode>
        </item>
      </billSummaries>
    </summaries>
  </bill>
  <dublinCore xmlns:dc="http://purl.org/dc/elements/1.1/">
    <dc:format>text/xml</dc:format>
    <dc:language>EN</dc:language>
    <dc:rights>Pursuant to Title 17 Section 105 of the United States Code, this file is not subject to copyright protection and is in the public domain.</dc:rights>
    <dc:contributor>Congressional Research Service, Library of Congress</dc:contributor>
    <dc:description>This file contains bill summaries and statuses for federal legislation. A bill summary describes the most significant provisions of a piece of legislation and details the effects the legislative text may have on current law and federal programs. Bill summaries are authored by the Congressional Research Service (CRS) of the Library of Congress. As stated in Public Law 91-510 (2 USC 166 (d)(6)), one of the duties of CRS is "to prepare summaries and digests of bills and resolutions of a public general nature introduced in the Senate or House of Representatives". For more information, refer to the User Guide that accompanies this file.</dc:description>
  </dublinCore>
</billStatus>

