<?xml version="1.0" encoding="UTF-8"?>
<billStatus>
  <bill>
    <actions>
      <item>
        <links />
        <type>IntroReferral</type>
        <actionCode>H11100</actionCode>
        <committee>
          <systemCode>hswm00</systemCode>
          <name>Ways and Means Committee</name>
        </committee>
        <text>Referred to the House Committee on Ways and Means.</text>
        <sourceSystem>
          <code>2</code>
          <name>House floor actions</name>
        </sourceSystem>
        <actionDate>2015-10-20</actionDate>
      </item>
      <item>
        <links />
        <type>IntroReferral</type>
        <actionCode>Intro-H</actionCode>
        <committee />
        <text>Introduced in House</text>
        <sourceSystem>
          <code>9</code>
          <name>Library of Congress</name>
        </sourceSystem>
        <actionDate>2015-10-20</actionDate>
      </item>
      <item>
        <links />
        <type>IntroReferral</type>
        <actionCode>1000</actionCode>
        <committee />
        <text>Introduced in House</text>
        <sourceSystem>
          <code>9</code>
          <name>Library of Congress</name>
        </sourceSystem>
        <actionDate>2015-10-20</actionDate>
      </item>
      <actionByCounts>
        <houseOfRepresentatives>3</houseOfRepresentatives>
      </actionByCounts>
      <actionTypeCounts>
        <billReferrals>1</billReferrals>
        <introducedInHouse>1</introducedInHouse>
        <introducedInTheHouse>1</introducedInTheHouse>
      </actionTypeCounts>
    </actions>
    <amendments />
    <updateDate>2017-01-11T14:31:46Z</updateDate>
    <titles>
      <item>
        <title>Expressing the sense of the House that Congress should recognize the benefits of charitable giving and express support for the designation of #GivingTuesday.</title>
        <chamberCode />
        <parentTitleType />
        <chamberName />
        <titleType>Official Title as Introduced</titleType>
      </item>
      <item>
        <title>Expressing the sense of the House that Congress should recognize the benefits of charitable giving and express support for the designation of #GivingTuesday.</title>
        <chamberCode />
        <parentTitleType />
        <chamberName />
        <titleType>Display Title</titleType>
      </item>
    </titles>
    <notes />
    <originChamber>House</originChamber>
    <committeeReports />
    <introducedDate>2015-10-20</introducedDate>
    <sponsors>
      <item>
        <middleName />
        <firstName>Tulsi</firstName>
        <bioguideId>G000571</bioguideId>
        <district>2</district>
        <byRequestType />
        <state>HI</state>
        <identifiers>
          <gpoId />
          <bioguideId>G000571</bioguideId>
          <lisID>2122</lisID>
        </identifiers>
        <party>D</party>
        <lastName>Gabbard</lastName>
        <fullName>Rep. Gabbard, Tulsi [D-HI-2]</fullName>
      </item>
    </sponsors>
    <summaries>
      <billSummaries>
        <item>
          <actionDate>2015-10-20</actionDate>
          <name>Introduced in House</name>
          <actionDesc>Introduced in House</actionDesc>
          <updateDate>2015-10-20T04:00:00Z</updateDate>
          <text><![CDATA[<p>Recognizes that the United States needs a strong and vibrant charitable and philanthropic sector to enable communities to meet local needs.</p> <p>Expresses support for: (1) the designation of #GivingTuesday as a way to encourage charitable giving; and (2) strong incentives for all Americans to give generously to charitable organizations by protecting the existing charitable deduction and reinstating incentives that encourage philanthropy, volunteering, and innovation.</p> <ul> </ul>]]></text>
          <lastSummaryUpdateDate>2015-11-06T14:58:46Z</lastSummaryUpdateDate>
          <versionCode>00</versionCode>
        </item>
      </billSummaries>
    </summaries>
    <calendarNumbers />
    <latestAction>
      <actionDate>2015-10-20</actionDate>
      <links />
      <text>Referred to the House Committee on Ways and Means.</text>
    </latestAction>
    <congress>114</congress>
    <cosponsors>
      <item>
        <identifiers>
          <lisID>2269</lisID>
          <gpoId />
          <bioguideId>H001073</bioguideId>
        </identifiers>
        <state>TX</state>
        <sponsorshipDate>2015-10-20</sponsorshipDate>
        <district>23</district>
        <middleName />
        <party>R</party>
        <sponsorshipWithdrawnDate />
        <bioguideId>H001073</bioguideId>
        <lastName>Hurd</lastName>
        <isOriginalCosponsor>True</isOriginalCosponsor>
        <fullName>Rep. Hurd, Will [R-TX-23]</fullName>
        <firstName>Will</firstName>
      </item>
    </cosponsors>
    <relatedBills>
      <item>
        <congress>114</congress>
        <number>935</number>
        <latestTitle>Expressing the sense of the House that Congress should recognize the benefits of charitable giving and express support for the designation of #GivingTuesday.</latestTitle>
        <latestAction>
          <actionDate>2016-11-29</actionDate>
          <text>Referred to the House Committee on Ways and Means.</text>
        </latestAction>
        <type>HRES</type>
        <relationshipDetails>
          <item>
            <identifiedBy>CRS</identifiedBy>
            <type>Identical bill</type>
          </item>
        </relationshipDetails>
      </item>
    </relatedBills>
    <subjects>
      <billSubjects>
        <policyArea>
          <name>Social Welfare</name>
        </policyArea>
        <legislativeSubjects>
          <item>
            <name>Charitable contributions</name>
          </item>
          <item>
            <name>Income tax deductions</name>
          </item>
          <item>
            <name>Social work, volunteer service, charitable organizations</name>
          </item>
        </legislativeSubjects>
      </billSubjects>
    </subjects>
    <laws />
    <constitutionalAuthorityStatementText />
    <title>Expressing the sense of the House that Congress should recognize the benefits of charitable giving and express support for the designation of #GivingTuesday.</title>
    <recordedVotes />
    <cboCostEstimates />
    <committees>
      <billCommittees>
        <item>
          <name>Ways and Means Committee</name>
          <activities>
            <item>
              <name>Referred to</name>
              <date>2015-10-20T16:01:10Z</date>
            </item>
          </activities>
          <subcommittees />
          <chamber>House</chamber>
          <type>Standing</type>
          <systemCode>hswm00</systemCode>
        </item>
      </billCommittees>
    </committees>
    <createDate>2015-10-21T09:20:34Z</createDate>
    <billType>HRES</billType>
    <billNumber>482</billNumber>
    <policyArea>
      <name>Social Welfare</name>
    </policyArea>
  </bill>
  <dublinCore xmlns:dc="http://purl.org/dc/elements/1.1/">
    <dc:format>text/xml</dc:format>
    <dc:language>EN</dc:language>
    <dc:rights>Pursuant to Title 17 Section 105 of the United States Code, this file is not subject to copyright protection and is in the public domain.</dc:rights>
    <dc:contributor>Congressional Research Service, Library of Congress</dc:contributor>
    <dc:description>This file contains bill summaries and statuses for federal legislation. A bill summary describes the most significant provisions of a piece of legislation and details the effects the legislative text may have on current law and federal programs. Bill summaries are authored by the Congressional Research Service (CRS) of the Library of Congress. As stated in Public Law 91-510 (2 USC 166 (d)(6)), one of the duties of CRS is "to prepare summaries and digests of bills and resolutions of a public general nature introduced in the Senate or House of Representatives". For more information, refer to the User Guide that accompanies this file.</dc:description>
  </dublinCore>
</billStatus>

