<?xml version="1.0" encoding="UTF-8"?>
<billStatus>
  <bill>
    <committees>
      <billCommittees>
        <item>
          <subcommittees />
          <name>Oversight and Government Reform Committee</name>
          <systemCode>hsgo00</systemCode>
          <type>Standing</type>
          <activities>
            <item>
              <date>2015-05-12T16:01:30Z</date>
              <name>Referred to</name>
            </item>
          </activities>
          <chamber>House</chamber>
        </item>
      </billCommittees>
    </committees>
    <calendarNumbers />
    <sponsors>
      <item>
        <identifiers>
          <bioguideId>N000147</bioguideId>
          <gpoId>7871</gpoId>
          <lisID>868</lisID>
        </identifiers>
        <district>0</district>
        <fullName>Rep. Norton, Eleanor Holmes [D-DC-At Large]</fullName>
        <lastName>NORTON</lastName>
        <middleName>HOLMES</middleName>
        <bioguideId>N000147</bioguideId>
        <party>D</party>
        <firstName>ELEANOR</firstName>
        <state>DC</state>
        <byRequestType />
      </item>
    </sponsors>
    <billType>HRES</billType>
    <summaries>
      <billSummaries>
        <item>
          <lastSummaryUpdateDate>2015-05-20T14:45:16Z</lastSummaryUpdateDate>
          <actionDate>2015-05-12</actionDate>
          <text><![CDATA[<p>Expresses the sense of the House of Representatives that: (1) federal employees should be applauded for their tireless work and extensive efforts on behalf of the people of the United States and recognized for the benefits they bring to the public welfare, the progress of democracy, and the United States as a whole; and (2) federal employees' salaries and benefits should not be uniquely targeted for deficit reduction.</p>]]></text>
          <updateDate>2015-05-12T04:00:00Z</updateDate>
          <name>Introduced in House</name>
          <versionCode>00</versionCode>
          <actionDesc>Introduced in House</actionDesc>
        </item>
      </billSummaries>
    </summaries>
    <titles>
      <item>
        <title>Expressing the sense of the House of Representatives supporting the Federal workforce.</title>
        <parentTitleType />
        <chamberName />
        <titleType>Official Title as Introduced</titleType>
        <chamberCode />
      </item>
      <item>
        <title>Expressing the sense of the House of Representatives supporting the Federal workforce.</title>
        <parentTitleType />
        <chamberName />
        <titleType>Display Title</titleType>
        <chamberCode />
      </item>
    </titles>
    <billNumber>258</billNumber>
    <constitutionalAuthorityStatementText />
    <cboCostEstimates />
    <title>Expressing the sense of the House of Representatives supporting the Federal workforce.</title>
    <amendments />
    <actions>
      <actionByCounts>
        <houseOfRepresentatives>3</houseOfRepresentatives>
      </actionByCounts>
      <item>
        <committee>
          <systemCode>hsgo00</systemCode>
          <name>Oversight and Government Reform Committee</name>
        </committee>
        <actionCode>H11100</actionCode>
        <type>IntroReferral</type>
        <text>Referred to the House Committee on Oversight and Government Reform.</text>
        <actionDate>2015-05-12</actionDate>
        <sourceSystem>
          <name>House floor actions</name>
          <code>2</code>
        </sourceSystem>
        <links />
      </item>
      <item>
        <committee />
        <actionCode>Intro-H</actionCode>
        <type>IntroReferral</type>
        <text>Introduced in House</text>
        <actionDate>2015-05-12</actionDate>
        <sourceSystem>
          <name>Library of Congress</name>
          <code>9</code>
        </sourceSystem>
        <links />
      </item>
      <item>
        <committee />
        <actionCode>1000</actionCode>
        <type>IntroReferral</type>
        <text>Introduced in House</text>
        <actionDate>2015-05-12</actionDate>
        <sourceSystem>
          <name>Library of Congress</name>
          <code>9</code>
        </sourceSystem>
        <links />
      </item>
      <actionTypeCounts>
        <billReferrals>1</billReferrals>
        <introducedInHouse>1</introducedInHouse>
        <introducedInTheHouse>1</introducedInTheHouse>
      </actionTypeCounts>
    </actions>
    <notes />
    <updateDate>2017-01-11T14:30:41Z</updateDate>
    <createDate>2015-05-13T08:46:00Z</createDate>
    <recordedVotes />
    <introducedDate>2015-05-12</introducedDate>
    <congress>114</congress>
    <committeeReports />
    <laws />
    <cosponsors />
    <originChamber>House</originChamber>
    <latestAction>
      <links />
      <text>Referred to the House Committee on Oversight and Government Reform.</text>
      <actionDate>2015-05-12</actionDate>
    </latestAction>
    <policyArea>
      <name>Government Operations and Politics</name>
    </policyArea>
    <relatedBills>
      <item>
        <type>HRES</type>
        <congress>114</congress>
        <number>722</number>
        <latestAction>
          <text>Referred to the House Committee on Oversight and Government Reform.</text>
          <actionDate>2016-05-10</actionDate>
        </latestAction>
        <relationshipDetails>
          <item>
            <type>Related bill</type>
            <identifiedBy>CRS</identifiedBy>
          </item>
        </relationshipDetails>
        <latestTitle>Expressing the sense of the House of Representatives supporting the Federal workforce.</latestTitle>
      </item>
    </relatedBills>
    <subjects>
      <billSubjects>
        <legislativeSubjects>
          <item>
            <name>Budget deficits and national debt</name>
          </item>
          <item>
            <name>Congressional tributes</name>
          </item>
          <item>
            <name>Government employee pay, benefits, personnel management</name>
          </item>
        </legislativeSubjects>
        <policyArea>
          <name>Government Operations and Politics</name>
        </policyArea>
      </billSubjects>
    </subjects>
  </bill>
  <dublinCore xmlns:dc="http://purl.org/dc/elements/1.1/">
    <dc:format>text/xml</dc:format>
    <dc:language>EN</dc:language>
    <dc:rights>Pursuant to Title 17 Section 105 of the United States Code, this file is not subject to copyright protection and is in the public domain.</dc:rights>
    <dc:contributor>Congressional Research Service, Library of Congress</dc:contributor>
    <dc:description>This file contains bill summaries and statuses for federal legislation. A bill summary describes the most significant provisions of a piece of legislation and details the effects the legislative text may have on current law and federal programs. Bill summaries are authored by the Congressional Research Service (CRS) of the Library of Congress. As stated in Public Law 91-510 (2 USC 166 (d)(6)), one of the duties of CRS is "to prepare summaries and digests of bills and resolutions of a public general nature introduced in the Senate or House of Representatives". For more information, refer to the User Guide that accompanies this file.</dc:description>
  </dublinCore>
</billStatus>

