<?xml version="1.0" encoding="UTF-8"?>
<billStatus>
  <bill>
    <congress>114</congress>
    <calendarNumbers />
    <cboCostEstimates />
    <actions>
      <actionByCounts>
        <houseOfRepresentatives>3</houseOfRepresentatives>
      </actionByCounts>
      <item>
        <sourceSystem>
          <code>2</code>
          <name>House floor actions</name>
        </sourceSystem>
        <type>IntroReferral</type>
        <text>Referred to the House Committee on House Administration.</text>
        <committee>
          <systemCode>hsha00</systemCode>
          <name>House Administration Committee</name>
        </committee>
        <links />
        <actionDate>2015-07-08</actionDate>
        <actionCode>H11100</actionCode>
      </item>
      <item>
        <sourceSystem>
          <code>9</code>
          <name>Library of Congress</name>
        </sourceSystem>
        <type>IntroReferral</type>
        <text>Introduced in House</text>
        <committee />
        <links />
        <actionDate>2015-07-08</actionDate>
        <actionCode>Intro-H</actionCode>
      </item>
      <item>
        <sourceSystem>
          <code>9</code>
          <name>Library of Congress</name>
        </sourceSystem>
        <type>IntroReferral</type>
        <text>Introduced in House</text>
        <committee />
        <links />
        <actionDate>2015-07-08</actionDate>
        <actionCode>1000</actionCode>
      </item>
      <actionTypeCounts>
        <billReferrals>1</billReferrals>
        <introducedInTheHouse>1</introducedInTheHouse>
        <introducedInHouse>1</introducedInHouse>
      </actionTypeCounts>
    </actions>
    <relatedBills />
    <latestAction>
      <text>Referred to the House Committee on House Administration.</text>
      <links />
      <actionDate>2015-07-08</actionDate>
    </latestAction>
    <originChamber>House</originChamber>
    <title>Honoring the accomplishments and legacy of Juan Felipe Herrera.</title>
    <titles>
      <item>
        <parentTitleType />
        <chamberCode />
        <chamberName />
        <titleType>Official Title as Introduced</titleType>
        <title>Honoring the accomplishments and legacy of Juan Felipe Herrera.</title>
      </item>
      <item>
        <parentTitleType />
        <chamberCode />
        <chamberName />
        <titleType>Display Title</titleType>
        <title>Honoring the accomplishments and legacy of Juan Felipe Herrera.</title>
      </item>
    </titles>
    <committeeReports />
    <updateDate>2017-01-11T14:31:10Z</updateDate>
    <billType>HRES</billType>
    <recordedVotes />
    <subjects>
      <billSubjects>
        <policyArea>
          <name>Arts, Culture, Religion</name>
        </policyArea>
        <legislativeSubjects>
          <item>
            <name>Art, artists, authorship</name>
          </item>
          <item>
            <name>Congressional tributes</name>
          </item>
          <item>
            <name>Literature</name>
          </item>
        </legislativeSubjects>
      </billSubjects>
    </subjects>
    <policyArea>
      <name>Arts, Culture, Religion</name>
    </policyArea>
    <laws />
    <amendments />
    <committees>
      <billCommittees>
        <item>
          <activities>
            <item>
              <name>Referred to</name>
              <date>2015-07-08T14:00:17Z</date>
            </item>
          </activities>
          <chamber>House</chamber>
          <systemCode>hsha00</systemCode>
          <name>House Administration Committee</name>
          <subcommittees />
          <type>Standing</type>
        </item>
      </billCommittees>
    </committees>
    <sponsors>
      <item>
        <identifiers>
          <gpoId />
          <bioguideId>T000472</bioguideId>
          <lisID>2110</lisID>
        </identifiers>
        <state>CA</state>
        <bioguideId>T000472</bioguideId>
        <lastName>Takano</lastName>
        <middleName />
        <party>D</party>
        <district>41</district>
        <fullName>Rep. Takano, Mark [D-CA-41]</fullName>
        <byRequestType />
        <firstName>Mark</firstName>
      </item>
    </sponsors>
    <introducedDate>2015-07-08</introducedDate>
    <summaries>
      <billSummaries>
        <item>
          <text><![CDATA[<p>Recognizes the accomplishments of Juan Felipe Herrera (the 21st Poet Laureate of the United States).</p> <p>Pledges to promote the legacy of Juan Felipe Herrera.</p> <p>Encourages the people of the United States to explore the impact that the creative arts and poetry have in their daily lives. </p>]]></text>
          <name>Introduced in House</name>
          <actionDesc>Introduced in House</actionDesc>
          <actionDate>2015-07-08</actionDate>
          <lastSummaryUpdateDate>2015-08-27T16:48:07Z</lastSummaryUpdateDate>
          <updateDate>2015-07-08T04:00:00Z</updateDate>
          <versionCode>00</versionCode>
        </item>
      </billSummaries>
    </summaries>
    <notes />
    <createDate>2015-07-09T09:22:51Z</createDate>
    <billNumber>353</billNumber>
    <cosponsors>
      <item>
        <middleName>F.</middleName>
        <identifiers>
          <gpoId>7843</gpoId>
          <bioguideId>N000179</bioguideId>
          <lisID>1602</lisID>
        </identifiers>
        <isOriginalCosponsor>True</isOriginalCosponsor>
        <sponsorshipWithdrawnDate />
        <party>D</party>
        <fullName>Rep. Napolitano, Grace F. [D-CA-32]</fullName>
        <state>CA</state>
        <sponsorshipDate>2015-07-08</sponsorshipDate>
        <firstName>GRACE</firstName>
        <lastName>NAPOLITANO</lastName>
        <district>32</district>
        <bioguideId>N000179</bioguideId>
      </item>
      <item>
        <middleName />
        <identifiers>
          <gpoId>7832</gpoId>
          <bioguideId>S000344</bioguideId>
          <lisID>1526</lisID>
        </identifiers>
        <isOriginalCosponsor>True</isOriginalCosponsor>
        <sponsorshipWithdrawnDate />
        <party>D</party>
        <fullName>Rep. Sherman, Brad [D-CA-30]</fullName>
        <state>CA</state>
        <sponsorshipDate>2015-07-08</sponsorshipDate>
        <firstName>BRAD</firstName>
        <lastName>SHERMAN</lastName>
        <district>30</district>
        <bioguideId>S000344</bioguideId>
      </item>
      <item>
        <middleName />
        <identifiers>
          <lisID>2104</lisID>
          <gpoId />
          <bioguideId>S001193</bioguideId>
        </identifiers>
        <isOriginalCosponsor>True</isOriginalCosponsor>
        <sponsorshipWithdrawnDate />
        <party>D</party>
        <fullName>Rep. Swalwell, Eric [D-CA-15]</fullName>
        <state>CA</state>
        <sponsorshipDate>2015-07-08</sponsorshipDate>
        <firstName>Eric</firstName>
        <lastName>Swalwell</lastName>
        <district>15</district>
        <bioguideId>S001193</bioguideId>
      </item>
      <item>
        <middleName />
        <identifiers>
          <gpoId />
          <bioguideId>D000623</bioguideId>
          <lisID>2227</lisID>
        </identifiers>
        <isOriginalCosponsor>True</isOriginalCosponsor>
        <sponsorshipWithdrawnDate />
        <party>D</party>
        <fullName>Rep. DeSaulnier, Mark [D-CA-11]</fullName>
        <state>CA</state>
        <sponsorshipDate>2015-07-08</sponsorshipDate>
        <firstName>Mark</firstName>
        <lastName>DeSaulnier</lastName>
        <district>11</district>
        <bioguideId>D000623</bioguideId>
      </item>
      <item>
        <middleName />
        <identifiers>
          <bioguideId>T000460</bioguideId>
          <lisID>1593</lisID>
          <gpoId>7806</gpoId>
        </identifiers>
        <isOriginalCosponsor>True</isOriginalCosponsor>
        <sponsorshipWithdrawnDate />
        <party>D</party>
        <fullName>Rep. Thompson, Mike [D-CA-5]</fullName>
        <state>CA</state>
        <sponsorshipDate>2015-07-08</sponsorshipDate>
        <firstName>MIKE</firstName>
        <lastName>THOMPSON</lastName>
        <district>5</district>
        <bioguideId>T000460</bioguideId>
      </item>
      <item>
        <middleName>B.</middleName>
        <identifiers>
          <lisID>1635</lisID>
          <gpoId>7834</gpoId>
          <bioguideId>S001150</bioguideId>
        </identifiers>
        <isOriginalCosponsor>True</isOriginalCosponsor>
        <sponsorshipWithdrawnDate />
        <party>D</party>
        <fullName>Rep. Schiff, Adam B. [D-CA-28]</fullName>
        <state>CA</state>
        <sponsorshipDate>2015-07-08</sponsorshipDate>
        <firstName>ADAM</firstName>
        <lastName>SCHIFF</lastName>
        <district>28</district>
        <bioguideId>S001150</bioguideId>
      </item>
      <item>
        <middleName />
        <identifiers>
          <lisID>2107</lisID>
          <gpoId />
          <bioguideId>C001097</bioguideId>
        </identifiers>
        <isOriginalCosponsor>True</isOriginalCosponsor>
        <sponsorshipWithdrawnDate />
        <party>D</party>
        <fullName>Rep. Cardenas, Tony [D-CA-29]</fullName>
        <state>CA</state>
        <sponsorshipDate>2015-07-08</sponsorshipDate>
        <firstName>Tony</firstName>
        <lastName>Cardenas</lastName>
        <district>29</district>
        <bioguideId>C001097</bioguideId>
      </item>
      <item>
        <middleName />
        <identifiers>
          <gpoId>7821</gpoId>
          <bioguideId>L000397</bioguideId>
          <lisID>701</lisID>
        </identifiers>
        <isOriginalCosponsor>True</isOriginalCosponsor>
        <sponsorshipWithdrawnDate />
        <party>D</party>
        <fullName>Rep. Lofgren, Zoe [D-CA-19]</fullName>
        <state>CA</state>
        <sponsorshipDate>2015-07-08</sponsorshipDate>
        <firstName>ZOE</firstName>
        <lastName>LOFGREN</lastName>
        <district>19</district>
        <bioguideId>L000397</bioguideId>
      </item>
      <item>
        <middleName>M.</middleName>
        <identifiers>
          <lisID>1634</lisID>
          <gpoId>7820</gpoId>
          <bioguideId>H001034</bioguideId>
        </identifiers>
        <isOriginalCosponsor>True</isOriginalCosponsor>
        <sponsorshipWithdrawnDate />
        <party>D</party>
        <fullName>Rep. Honda, Michael M. [D-CA-17]</fullName>
        <state>CA</state>
        <sponsorshipDate>2015-07-08</sponsorshipDate>
        <firstName>MICHAEL</firstName>
        <lastName>HONDA</lastName>
        <district>17</district>
        <bioguideId>H001034</bioguideId>
      </item>
      <item>
        <middleName>J.</middleName>
        <identifiers>
          <lisID>2231</lisID>
          <gpoId />
          <bioguideId>T000474</bioguideId>
        </identifiers>
        <isOriginalCosponsor>True</isOriginalCosponsor>
        <sponsorshipWithdrawnDate />
        <party>D</party>
        <fullName>Rep. Torres, Norma J. [D-CA-35]</fullName>
        <state>CA</state>
        <sponsorshipDate>2015-07-08</sponsorshipDate>
        <firstName>Norma</firstName>
        <lastName>Torres</lastName>
        <district>35</district>
        <bioguideId>T000474</bioguideId>
      </item>
      <item>
        <middleName />
        <identifiers>
          <lisID>2229</lisID>
          <gpoId />
          <bioguideId>A000371</bioguideId>
        </identifiers>
        <isOriginalCosponsor>True</isOriginalCosponsor>
        <sponsorshipWithdrawnDate />
        <party>D</party>
        <fullName>Rep. Aguilar, Pete [D-CA-31]</fullName>
        <state>CA</state>
        <sponsorshipDate>2015-07-08</sponsorshipDate>
        <firstName>Pete</firstName>
        <lastName>Aguilar</lastName>
        <district>31</district>
        <bioguideId>A000371</bioguideId>
      </item>
      <item>
        <middleName>R.</middleName>
        <identifiers>
          <gpoId>8140</gpoId>
          <bioguideId>L000559</bioguideId>
          <lisID>1668</lisID>
        </identifiers>
        <isOriginalCosponsor>True</isOriginalCosponsor>
        <sponsorshipWithdrawnDate />
        <party>D</party>
        <fullName>Rep. Langevin, James R. [D-RI-2]</fullName>
        <state>RI</state>
        <sponsorshipDate>2015-07-08</sponsorshipDate>
        <firstName>JAMES</firstName>
        <lastName>LANGEVIN</lastName>
        <district>2</district>
        <bioguideId>L000559</bioguideId>
      </item>
      <item>
        <middleName>S.</middleName>
        <identifiers>
          <lisID>2111</lisID>
          <gpoId />
          <bioguideId>L000579</bioguideId>
        </identifiers>
        <isOriginalCosponsor>True</isOriginalCosponsor>
        <sponsorshipWithdrawnDate />
        <party>D</party>
        <fullName>Rep. Lowenthal, Alan S. [D-CA-47]</fullName>
        <state>CA</state>
        <sponsorshipDate>2015-07-08</sponsorshipDate>
        <firstName>Alan</firstName>
        <lastName>Lowenthal</lastName>
        <district>47</district>
        <bioguideId>L000579</bioguideId>
      </item>
      <item>
        <middleName />
        <identifiers>
          <gpoId>7822</gpoId>
          <bioguideId>F000030</bioguideId>
          <lisID>368</lisID>
        </identifiers>
        <isOriginalCosponsor>True</isOriginalCosponsor>
        <sponsorshipWithdrawnDate />
        <party>D</party>
        <fullName>Rep. Farr, Sam [D-CA-20]</fullName>
        <state>CA</state>
        <sponsorshipDate>2015-07-08</sponsorshipDate>
        <firstName>SAM</firstName>
        <lastName>FARR</lastName>
        <district>20</district>
        <bioguideId>F000030</bioguideId>
      </item>
      <item>
        <middleName />
        <identifiers>
          <bioguideId>R000599</bioguideId>
          <lisID>2109</lisID>
          <gpoId />
        </identifiers>
        <isOriginalCosponsor>True</isOriginalCosponsor>
        <sponsorshipWithdrawnDate />
        <party>D</party>
        <fullName>Rep. Ruiz, Raul [D-CA-36]</fullName>
        <state>CA</state>
        <sponsorshipDate>2015-07-08</sponsorshipDate>
        <firstName>Raul</firstName>
        <lastName>Ruiz</lastName>
        <district>36</district>
        <bioguideId>R000599</bioguideId>
      </item>
      <item>
        <middleName>P.</middleName>
        <identifiers>
          <bioguideId>M000312</bioguideId>
          <lisID>1504</lisID>
          <gpoId>7968</gpoId>
        </identifiers>
        <isOriginalCosponsor>True</isOriginalCosponsor>
        <sponsorshipWithdrawnDate />
        <party>D</party>
        <fullName>Rep. McGovern, James P. [D-MA-2]</fullName>
        <state>MA</state>
        <sponsorshipDate>2015-07-08</sponsorshipDate>
        <firstName>JAMES</firstName>
        <lastName>MCGOVERN</lastName>
        <district>2</district>
        <bioguideId>M000312</bioguideId>
      </item>
    </cosponsors>
    <constitutionalAuthorityStatementText />
  </bill>
  <dublinCore xmlns:dc="http://purl.org/dc/elements/1.1/">
    <dc:format>text/xml</dc:format>
    <dc:language>EN</dc:language>
    <dc:rights>Pursuant to Title 17 Section 105 of the United States Code, this file is not subject to copyright protection and is in the public domain.</dc:rights>
    <dc:contributor>Congressional Research Service, Library of Congress</dc:contributor>
    <dc:description>This file contains bill summaries and statuses for federal legislation. A bill summary describes the most significant provisions of a piece of legislation and details the effects the legislative text may have on current law and federal programs. Bill summaries are authored by the Congressional Research Service (CRS) of the Library of Congress. As stated in Public Law 91-510 (2 USC 166 (d)(6)), one of the duties of CRS is "to prepare summaries and digests of bills and resolutions of a public general nature introduced in the Senate or House of Representatives". For more information, refer to the User Guide that accompanies this file.</dc:description>
  </dublinCore>
</billStatus>

