<?xml version="1.0" encoding="UTF-8"?>
<billStatus>
  <bill>
    <introducedDate>2015-06-11</introducedDate>
    <committeeReports />
    <laws />
    <createDate>2015-06-12T13:31:57Z</createDate>
    <actions>
      <item>
        <links />
        <type>IntroReferral</type>
        <actionCode>H11100</actionCode>
        <committee>
          <systemCode>hsgo00</systemCode>
          <name>Oversight and Government Reform Committee</name>
        </committee>
        <text>Referred to the House Committee on Oversight and Government Reform.</text>
        <sourceSystem>
          <code>2</code>
          <name>House floor actions</name>
        </sourceSystem>
        <actionDate>2015-06-11</actionDate>
      </item>
      <item>
        <links />
        <type>IntroReferral</type>
        <actionCode>Intro-H</actionCode>
        <committee />
        <text>Introduced in House</text>
        <sourceSystem>
          <code>9</code>
          <name>Library of Congress</name>
        </sourceSystem>
        <actionDate>2015-06-11</actionDate>
      </item>
      <item>
        <links />
        <type>IntroReferral</type>
        <actionCode>1000</actionCode>
        <committee />
        <text>Introduced in House</text>
        <sourceSystem>
          <code>9</code>
          <name>Library of Congress</name>
        </sourceSystem>
        <actionDate>2015-06-11</actionDate>
      </item>
      <actionByCounts>
        <houseOfRepresentatives>3</houseOfRepresentatives>
      </actionByCounts>
      <actionTypeCounts>
        <billReferrals>1</billReferrals>
        <introducedInHouse>1</introducedInHouse>
        <introducedInTheHouse>1</introducedInTheHouse>
      </actionTypeCounts>
    </actions>
    <recordedVotes />
    <relatedBills>
      <item>
        <latestTitle>Observing the historical significance of Juneteenth Independence Day.</latestTitle>
        <latestAction>
          <actionDate>2015-06-15</actionDate>
          <text>Referred to the House Committee on Oversight and Government Reform.</text>
        </latestAction>
        <congress>114</congress>
        <relationshipDetails>
          <item>
            <type>Related bill</type>
            <identifiedBy>CRS</identifiedBy>
          </item>
        </relationshipDetails>
        <type>HRES</type>
        <number>316</number>
      </item>
      <item>
        <latestTitle>A resolution designating June 19, 2016, as "Juneteenth Independence Day" in recognition of June 19, 1865, the date on which slavery legally came to an end in the United States.</latestTitle>
        <latestAction>
          <actionDate>2016-06-16</actionDate>
          <text>Submitted in the Senate, considered, and agreed to without amendment and with a preamble by Unanimous Consent. (consideration: CR S4323; text as passed Senate: CR S4305-4306)</text>
        </latestAction>
        <congress>114</congress>
        <relationshipDetails>
          <item>
            <type>Related bill</type>
            <identifiedBy>CRS</identifiedBy>
          </item>
        </relationshipDetails>
        <type>SRES</type>
        <number>500</number>
      </item>
      <item>
        <latestTitle>Recognizing June 19, 2016, as this year's observance of the historical significance of Juneteenth Independence Day.</latestTitle>
        <latestAction>
          <actionDate>2016-06-15</actionDate>
          <text>Referred to the House Committee on Oversight and Government Reform.</text>
        </latestAction>
        <congress>114</congress>
        <relationshipDetails>
          <item>
            <type>Related bill</type>
            <identifiedBy>CRS</identifiedBy>
          </item>
        </relationshipDetails>
        <type>HRES</type>
        <number>787</number>
      </item>
    </relatedBills>
    <cosponsors>
      <item>
        <sponsorshipDate>2015-06-11</sponsorshipDate>
        <party>R</party>
        <lastName>Weber</lastName>
        <sponsorshipWithdrawnDate />
        <bioguideId>W000814</bioguideId>
        <isOriginalCosponsor>True</isOriginalCosponsor>
        <district>14</district>
        <state>TX</state>
        <middleName>K.</middleName>
        <identifiers>
          <lisID>2161</lisID>
          <gpoId />
          <bioguideId>W000814</bioguideId>
        </identifiers>
        <fullName>Rep. Weber, Randy K., Sr. [R-TX-14]</fullName>
        <firstName>Randy</firstName>
      </item>
      <item>
        <sponsorshipDate>2015-06-11</sponsorshipDate>
        <party>D</party>
        <lastName>DAVIS</lastName>
        <sponsorshipWithdrawnDate />
        <bioguideId>D000096</bioguideId>
        <isOriginalCosponsor>True</isOriginalCosponsor>
        <district>7</district>
        <state>IL</state>
        <middleName>K.</middleName>
        <identifiers>
          <lisID>1477</lisID>
          <gpoId>7927</gpoId>
          <bioguideId>D000096</bioguideId>
        </identifiers>
        <fullName>Rep. Davis, Danny K. [D-IL-7]</fullName>
        <firstName>DANNY</firstName>
      </item>
      <item>
        <sponsorshipDate>2015-06-11</sponsorshipDate>
        <party>R</party>
        <lastName>Clawson</lastName>
        <sponsorshipWithdrawnDate />
        <bioguideId>C001102</bioguideId>
        <isOriginalCosponsor>True</isOriginalCosponsor>
        <district>19</district>
        <state>FL</state>
        <middleName />
        <identifiers>
          <lisID>2200</lisID>
          <gpoId />
          <bioguideId>C001102</bioguideId>
        </identifiers>
        <fullName>Rep. Clawson, Curt [R-FL-19]</fullName>
        <firstName>Curt</firstName>
      </item>
      <item>
        <sponsorshipDate>2015-06-11</sponsorshipDate>
        <party>D</party>
        <lastName>Kildee</lastName>
        <sponsorshipWithdrawnDate />
        <bioguideId>K000380</bioguideId>
        <isOriginalCosponsor>True</isOriginalCosponsor>
        <district>5</district>
        <state>MI</state>
        <middleName>T.</middleName>
        <identifiers>
          <lisID>2134</lisID>
          <gpoId />
          <bioguideId>K000380</bioguideId>
        </identifiers>
        <fullName>Rep. Kildee, Daniel T. [D-MI-5]</fullName>
        <firstName>Daniel</firstName>
      </item>
      <item>
        <sponsorshipDate>2015-06-11</sponsorshipDate>
        <party>D</party>
        <lastName>RUSH</lastName>
        <sponsorshipWithdrawnDate />
        <bioguideId>R000515</bioguideId>
        <isOriginalCosponsor>True</isOriginalCosponsor>
        <district>1</district>
        <state>IL</state>
        <middleName>L.</middleName>
        <identifiers>
          <bioguideId>R000515</bioguideId>
          <lisID>1003</lisID>
          <gpoId>7921</gpoId>
        </identifiers>
        <fullName>Rep. Rush, Bobby L. [D-IL-1]</fullName>
        <firstName>BOBBY</firstName>
      </item>
      <item>
        <sponsorshipDate>2015-06-11</sponsorshipDate>
        <party>D</party>
        <lastName>Scott</lastName>
        <sponsorshipWithdrawnDate />
        <bioguideId>S001157</bioguideId>
        <isOriginalCosponsor>True</isOriginalCosponsor>
        <district>13</district>
        <state>GA</state>
        <middleName />
        <identifiers>
          <bioguideId>S001157</bioguideId>
          <lisID>1722</lisID>
          <gpoId>7910</gpoId>
        </identifiers>
        <fullName>Rep. Scott, David [D-GA-13]</fullName>
        <firstName>David</firstName>
      </item>
      <item>
        <sponsorshipDate>2015-06-11</sponsorshipDate>
        <party>D</party>
        <lastName>Butterfield</lastName>
        <sponsorshipWithdrawnDate />
        <bioguideId>B001251</bioguideId>
        <isOriginalCosponsor>True</isOriginalCosponsor>
        <district>1</district>
        <state>NC</state>
        <middleName />
        <identifiers>
          <lisID>1761</lisID>
          <gpoId>8024</gpoId>
          <bioguideId>B001251</bioguideId>
        </identifiers>
        <fullName>Rep. Butterfield, G. K. [D-NC-1]</fullName>
        <firstName>G. K.</firstName>
      </item>
      <item>
        <sponsorshipDate>2015-06-11</sponsorshipDate>
        <party>D</party>
        <lastName>BISHOP</lastName>
        <sponsorshipWithdrawnDate />
        <bioguideId>B000490</bioguideId>
        <isOriginalCosponsor>True</isOriginalCosponsor>
        <district>2</district>
        <state>GA</state>
        <middleName>D.</middleName>
        <identifiers>
          <gpoId>7899</gpoId>
          <bioguideId>B000490</bioguideId>
          <lisID>91</lisID>
        </identifiers>
        <fullName>Rep. Bishop, Sanford D., Jr. [D-GA-2]</fullName>
        <firstName>SANFORD</firstName>
      </item>
      <item>
        <sponsorshipDate>2015-06-11</sponsorshipDate>
        <party>D</party>
        <lastName>Fudge</lastName>
        <sponsorshipWithdrawnDate />
        <bioguideId>F000455</bioguideId>
        <isOriginalCosponsor>True</isOriginalCosponsor>
        <district>11</district>
        <state>OH</state>
        <middleName>L.</middleName>
        <identifiers>
          <lisID>1895</lisID>
          <gpoId>8101</gpoId>
          <bioguideId>F000455</bioguideId>
        </identifiers>
        <fullName>Rep. Fudge, Marcia L. [D-OH-11]</fullName>
        <firstName>Marcia</firstName>
      </item>
      <item>
        <sponsorshipDate>2015-06-11</sponsorshipDate>
        <party>D</party>
        <lastName>Clarke</lastName>
        <sponsorshipWithdrawnDate />
        <bioguideId>C001067</bioguideId>
        <isOriginalCosponsor>True</isOriginalCosponsor>
        <district>9</district>
        <state>NY</state>
        <middleName>D.</middleName>
        <identifiers>
          <lisID>1864</lisID>
          <gpoId>8072</gpoId>
          <bioguideId>C001067</bioguideId>
        </identifiers>
        <fullName>Rep. Clarke, Yvette D. [D-NY-9]</fullName>
        <firstName>Yvette</firstName>
      </item>
      <item>
        <sponsorshipDate>2015-06-11</sponsorshipDate>
        <party>D</party>
        <lastName>Beatty</lastName>
        <sponsorshipWithdrawnDate />
        <bioguideId>B001281</bioguideId>
        <isOriginalCosponsor>True</isOriginalCosponsor>
        <district>3</district>
        <state>OH</state>
        <middleName />
        <identifiers>
          <gpoId />
          <bioguideId>B001281</bioguideId>
          <lisID>2153</lisID>
        </identifiers>
        <fullName>Rep. Beatty, Joyce [D-OH-3]</fullName>
        <firstName>Joyce</firstName>
      </item>
      <item>
        <sponsorshipDate>2015-06-11</sponsorshipDate>
        <party>D</party>
        <lastName>PALLONE</lastName>
        <sponsorshipWithdrawnDate />
        <bioguideId>P000034</bioguideId>
        <isOriginalCosponsor>True</isOriginalCosponsor>
        <district>6</district>
        <state>NJ</state>
        <middleName />
        <identifiers>
          <bioguideId>P000034</bioguideId>
          <lisID>887</lisID>
          <gpoId>8048</gpoId>
        </identifiers>
        <fullName>Rep. Pallone, Frank, Jr. [D-NJ-6]</fullName>
        <firstName>FRANK</firstName>
      </item>
      <item>
        <sponsorshipDate>2015-06-11</sponsorshipDate>
        <party>D</party>
        <lastName>LEWIS</lastName>
        <sponsorshipWithdrawnDate />
        <bioguideId>L000287</bioguideId>
        <isOriginalCosponsor>True</isOriginalCosponsor>
        <district>5</district>
        <state>GA</state>
        <middleName />
        <identifiers>
          <lisID>688</lisID>
          <gpoId>7902</gpoId>
          <bioguideId>L000287</bioguideId>
        </identifiers>
        <fullName>Rep. Lewis, John [D-GA-5]</fullName>
        <firstName>JOHN</firstName>
      </item>
      <item>
        <sponsorshipDate>2015-06-11</sponsorshipDate>
        <party>D</party>
        <lastName>Richmond</lastName>
        <sponsorshipWithdrawnDate />
        <bioguideId>R000588</bioguideId>
        <isOriginalCosponsor>True</isOriginalCosponsor>
        <district>2</district>
        <state>LA</state>
        <middleName>L.</middleName>
        <identifiers>
          <lisID>2023</lisID>
          <gpoId>7960</gpoId>
          <bioguideId>R000588</bioguideId>
        </identifiers>
        <fullName>Rep. Richmond, Cedric L. [D-LA-2]</fullName>
        <firstName>Cedric</firstName>
      </item>
      <item>
        <sponsorshipDate>2015-06-11</sponsorshipDate>
        <party>D</party>
        <lastName>THOMPSON</lastName>
        <sponsorshipWithdrawnDate />
        <bioguideId>T000193</bioguideId>
        <isOriginalCosponsor>True</isOriginalCosponsor>
        <district>2</district>
        <state>MS</state>
        <middleName />
        <identifiers>
          <lisID>1151</lisID>
          <gpoId>8020</gpoId>
          <bioguideId>T000193</bioguideId>
        </identifiers>
        <fullName>Rep. Thompson, Bennie G. [D-MS-2]</fullName>
        <firstName>BENNIE</firstName>
      </item>
      <item>
        <sponsorshipDate>2015-06-11</sponsorshipDate>
        <party>D</party>
        <lastName>Veasey</lastName>
        <sponsorshipWithdrawnDate />
        <bioguideId>V000131</bioguideId>
        <isOriginalCosponsor>True</isOriginalCosponsor>
        <district>33</district>
        <state>TX</state>
        <middleName>A.</middleName>
        <identifiers>
          <bioguideId>V000131</bioguideId>
          <lisID>2166</lisID>
          <gpoId />
        </identifiers>
        <fullName>Rep. Veasey, Marc A. [D-TX-33]</fullName>
        <firstName>Marc</firstName>
      </item>
      <item>
        <sponsorshipDate>2015-06-11</sponsorshipDate>
        <party>D</party>
        <lastName>Jeffries</lastName>
        <sponsorshipWithdrawnDate />
        <bioguideId>J000294</bioguideId>
        <isOriginalCosponsor>True</isOriginalCosponsor>
        <district>8</district>
        <state>NY</state>
        <middleName>S.</middleName>
        <identifiers>
          <lisID>2149</lisID>
          <gpoId />
          <bioguideId>J000294</bioguideId>
        </identifiers>
        <fullName>Rep. Jeffries, Hakeem S. [D-NY-8]</fullName>
        <firstName>Hakeem</firstName>
      </item>
      <item>
        <sponsorshipDate>2015-06-11</sponsorshipDate>
        <party>D</party>
        <lastName>HOYER</lastName>
        <sponsorshipWithdrawnDate />
        <bioguideId>H000874</bioguideId>
        <isOriginalCosponsor>True</isOriginalCosponsor>
        <district>5</district>
        <state>MD</state>
        <middleName>H.</middleName>
        <identifiers>
          <lisID>566</lisID>
          <gpoId>7980</gpoId>
          <bioguideId>H000874</bioguideId>
        </identifiers>
        <fullName>Rep. Hoyer, Steny H. [D-MD-5]</fullName>
        <firstName>STENY</firstName>
      </item>
      <item>
        <sponsorshipDate>2015-06-11</sponsorshipDate>
        <party>D</party>
        <lastName>MEEKS</lastName>
        <sponsorshipWithdrawnDate />
        <bioguideId>M001137</bioguideId>
        <isOriginalCosponsor>True</isOriginalCosponsor>
        <district>5</district>
        <state>NY</state>
        <middleName>W.</middleName>
        <identifiers>
          <bioguideId>M001137</bioguideId>
          <lisID>1506</lisID>
          <gpoId>8067</gpoId>
        </identifiers>
        <fullName>Rep. Meeks, Gregory W. [D-NY-5]</fullName>
        <firstName>GREGORY</firstName>
      </item>
      <item>
        <sponsorshipDate>2015-06-11</sponsorshipDate>
        <party>D</party>
        <lastName>MCGOVERN</lastName>
        <sponsorshipWithdrawnDate />
        <bioguideId>M000312</bioguideId>
        <isOriginalCosponsor>True</isOriginalCosponsor>
        <district>2</district>
        <state>MA</state>
        <middleName>P.</middleName>
        <identifiers>
          <lisID>1504</lisID>
          <gpoId>7968</gpoId>
          <bioguideId>M000312</bioguideId>
        </identifiers>
        <fullName>Rep. McGovern, James P. [D-MA-2]</fullName>
        <firstName>JAMES</firstName>
      </item>
      <item>
        <sponsorshipDate>2015-06-11</sponsorshipDate>
        <party>D</party>
        <lastName>CONYERS</lastName>
        <sponsorshipWithdrawnDate />
        <bioguideId>C000714</bioguideId>
        <isOriginalCosponsor>True</isOriginalCosponsor>
        <district>13</district>
        <state>MI</state>
        <middleName />
        <identifiers>
          <bioguideId>C000714</bioguideId>
          <gpoId>7999</gpoId>
          <lisID>229</lisID>
        </identifiers>
        <fullName>Rep. Conyers, John, Jr. [D-MI-13]</fullName>
        <firstName>JOHN</firstName>
      </item>
      <item>
        <sponsorshipDate>2015-06-11</sponsorshipDate>
        <party>D</party>
        <lastName>Cohen</lastName>
        <sponsorshipWithdrawnDate />
        <bioguideId>C001068</bioguideId>
        <isOriginalCosponsor>True</isOriginalCosponsor>
        <district>9</district>
        <state>TN</state>
        <middleName />
        <identifiers>
          <bioguideId>C001068</bioguideId>
          <gpoId>8156</gpoId>
          <lisID>1878</lisID>
        </identifiers>
        <fullName>Rep. Cohen, Steve [D-TN-9]</fullName>
        <firstName>Steve</firstName>
      </item>
      <item>
        <sponsorshipDate>2015-06-11</sponsorshipDate>
        <party>D</party>
        <lastName>Welch</lastName>
        <sponsorshipWithdrawnDate />
        <bioguideId>W000800</bioguideId>
        <isOriginalCosponsor>True</isOriginalCosponsor>
        <district>0</district>
        <state>VT</state>
        <middleName />
        <identifiers>
          <lisID>1879</lisID>
          <gpoId>8204</gpoId>
          <bioguideId>W000800</bioguideId>
        </identifiers>
        <fullName>Rep. Welch, Peter [D-VT-At Large]</fullName>
        <firstName>Peter</firstName>
      </item>
      <item>
        <sponsorshipDate>2015-06-11</sponsorshipDate>
        <party>D</party>
        <lastName>GUTIERREZ</lastName>
        <sponsorshipWithdrawnDate />
        <bioguideId>G000535</bioguideId>
        <isOriginalCosponsor>True</isOriginalCosponsor>
        <district>4</district>
        <state>IL</state>
        <middleName>V.</middleName>
        <identifiers>
          <lisID>478</lisID>
          <gpoId>7924</gpoId>
          <bioguideId>G000535</bioguideId>
        </identifiers>
        <fullName>Rep. Gutierrez, Luis V. [D-IL-4]</fullName>
        <firstName>LUIS</firstName>
      </item>
      <item>
        <sponsorshipDate>2015-06-11</sponsorshipDate>
        <party>R</party>
        <lastName>JONES</lastName>
        <sponsorshipWithdrawnDate />
        <bioguideId>J000255</bioguideId>
        <isOriginalCosponsor>True</isOriginalCosponsor>
        <district>3</district>
        <state>NC</state>
        <middleName>B.</middleName>
        <identifiers>
          <lisID>612</lisID>
          <gpoId>8026</gpoId>
          <bioguideId>J000255</bioguideId>
        </identifiers>
        <fullName>Rep. Jones, Walter B., Jr. [R-NC-3]</fullName>
        <firstName>WALTER</firstName>
      </item>
      <item>
        <sponsorshipDate>2015-06-11</sponsorshipDate>
        <party>R</party>
        <lastName>Boustany</lastName>
        <sponsorshipWithdrawnDate />
        <bioguideId>B001255</bioguideId>
        <isOriginalCosponsor>True</isOriginalCosponsor>
        <district>3</district>
        <state>LA</state>
        <middleName>W.</middleName>
        <identifiers>
          <lisID>1787</lisID>
          <gpoId>7965</gpoId>
          <bioguideId>B001255</bioguideId>
        </identifiers>
        <fullName>Rep. Boustany, Charles W., Jr. [R-LA-3]</fullName>
        <firstName>Charles</firstName>
      </item>
      <item>
        <sponsorshipDate>2015-06-11</sponsorshipDate>
        <party>R</party>
        <lastName>Rigell</lastName>
        <sponsorshipWithdrawnDate />
        <bioguideId>R000589</bioguideId>
        <isOriginalCosponsor>True</isOriginalCosponsor>
        <district>2</district>
        <state>VA</state>
        <middleName>Scott</middleName>
        <identifiers>
          <bioguideId>R000589</bioguideId>
          <lisID>2068</lisID>
          <gpoId>8193</gpoId>
        </identifiers>
        <fullName>Rep. Rigell, E. Scott [R-VA-2]</fullName>
        <firstName>E.</firstName>
      </item>
      <item>
        <sponsorshipDate>2015-06-11</sponsorshipDate>
        <party>D</party>
        <lastName>BLUMENAUER</lastName>
        <sponsorshipWithdrawnDate />
        <bioguideId>B000574</bioguideId>
        <isOriginalCosponsor>True</isOriginalCosponsor>
        <district>3</district>
        <state>OR</state>
        <middleName />
        <identifiers>
          <lisID>99</lisID>
          <gpoId>8116</gpoId>
          <bioguideId>B000574</bioguideId>
        </identifiers>
        <fullName>Rep. Blumenauer, Earl [D-OR-3]</fullName>
        <firstName>EARL</firstName>
      </item>
      <item>
        <sponsorshipDate>2015-06-11</sponsorshipDate>
        <party>D</party>
        <lastName>CLYBURN</lastName>
        <sponsorshipWithdrawnDate />
        <bioguideId>C000537</bioguideId>
        <isOriginalCosponsor>True</isOriginalCosponsor>
        <district>6</district>
        <state>SC</state>
        <middleName>E.</middleName>
        <identifiers>
          <bioguideId>C000537</bioguideId>
          <lisID>208</lisID>
          <gpoId>8146</gpoId>
        </identifiers>
        <fullName>Rep. Clyburn, James E. [D-SC-6]</fullName>
        <firstName>JAMES</firstName>
      </item>
      <item>
        <sponsorshipDate>2015-06-11</sponsorshipDate>
        <party>R</party>
        <lastName>Rogers</lastName>
        <sponsorshipWithdrawnDate />
        <bioguideId>R000575</bioguideId>
        <isOriginalCosponsor>True</isOriginalCosponsor>
        <district>3</district>
        <state>AL</state>
        <middleName />
        <identifiers>
          <gpoId>7788</gpoId>
          <bioguideId>R000575</bioguideId>
          <lisID>1704</lisID>
        </identifiers>
        <fullName>Rep. Rogers, Mike D. [R-AL-3]</fullName>
        <firstName>Mike</firstName>
      </item>
      <item>
        <sponsorshipDate>2015-06-11</sponsorshipDate>
        <party>D</party>
        <lastName>NEAL</lastName>
        <sponsorshipWithdrawnDate />
        <bioguideId>N000015</bioguideId>
        <isOriginalCosponsor>True</isOriginalCosponsor>
        <district>1</district>
        <state>MA</state>
        <middleName>E.</middleName>
        <identifiers>
          <lisID>854</lisID>
          <gpoId>7967</gpoId>
          <bioguideId>N000015</bioguideId>
        </identifiers>
        <fullName>Rep. Neal, Richard E. [D-MA-1]</fullName>
        <firstName>RICHARD</firstName>
      </item>
      <item>
        <sponsorshipDate>2015-06-11</sponsorshipDate>
        <party>D</party>
        <lastName>DOGGETT</lastName>
        <sponsorshipWithdrawnDate />
        <bioguideId>D000399</bioguideId>
        <isOriginalCosponsor>True</isOriginalCosponsor>
        <district>35</district>
        <state>TX</state>
        <middleName />
        <identifiers>
          <lisID>303</lisID>
          <gpoId>8181</gpoId>
          <bioguideId>D000399</bioguideId>
        </identifiers>
        <fullName>Rep. Doggett, Lloyd [D-TX-35]</fullName>
        <firstName>LLOYD</firstName>
      </item>
      <item>
        <sponsorshipDate>2015-06-11</sponsorshipDate>
        <party>D</party>
        <lastName>LOWEY</lastName>
        <sponsorshipWithdrawnDate />
        <bioguideId>L000480</bioguideId>
        <isOriginalCosponsor>True</isOriginalCosponsor>
        <district>17</district>
        <state>NY</state>
        <middleName>M.</middleName>
        <identifiers>
          <gpoId>8079</gpoId>
          <bioguideId>L000480</bioguideId>
          <lisID>709</lisID>
        </identifiers>
        <fullName>Rep. Lowey, Nita M. [D-NY-17]</fullName>
        <firstName>NITA</firstName>
      </item>
      <item>
        <sponsorshipDate>2015-06-11</sponsorshipDate>
        <party>D</party>
        <lastName>Hahn</lastName>
        <sponsorshipWithdrawnDate />
        <bioguideId>H001063</bioguideId>
        <isOriginalCosponsor>True</isOriginalCosponsor>
        <district>44</district>
        <state>CA</state>
        <middleName />
        <identifiers>
          <lisID>2089</lisID>
          <gpoId>8360</gpoId>
          <bioguideId>H001063</bioguideId>
        </identifiers>
        <fullName>Rep. Hahn, Janice [D-CA-44]</fullName>
        <firstName>Janice</firstName>
      </item>
      <item>
        <sponsorshipDate>2015-06-11</sponsorshipDate>
        <party>D</party>
        <lastName>Ellison</lastName>
        <sponsorshipWithdrawnDate />
        <bioguideId>E000288</bioguideId>
        <isOriginalCosponsor>True</isOriginalCosponsor>
        <district>5</district>
        <state>MN</state>
        <middleName />
        <identifiers>
          <lisID>1857</lisID>
          <gpoId>8005</gpoId>
          <bioguideId>E000288</bioguideId>
        </identifiers>
        <fullName>Rep. Ellison, Keith [D-MN-5]</fullName>
        <firstName>Keith</firstName>
      </item>
      <item>
        <sponsorshipDate>2015-06-11</sponsorshipDate>
        <party>D</party>
        <lastName>Lawrence</lastName>
        <sponsorshipWithdrawnDate />
        <bioguideId>L000581</bioguideId>
        <isOriginalCosponsor>True</isOriginalCosponsor>
        <district>14</district>
        <state>MI</state>
        <middleName>L.</middleName>
        <identifiers>
          <gpoId />
          <bioguideId>L000581</bioguideId>
          <lisID>2252</lisID>
        </identifiers>
        <fullName>Rep. Lawrence, Brenda L. [D-MI-14]</fullName>
        <firstName>Brenda</firstName>
      </item>
      <item>
        <sponsorshipDate>2015-06-11</sponsorshipDate>
        <party>D</party>
        <lastName>Adams</lastName>
        <sponsorshipWithdrawnDate />
        <bioguideId>A000370</bioguideId>
        <isOriginalCosponsor>True</isOriginalCosponsor>
        <district>12</district>
        <state>NC</state>
        <middleName>S.</middleName>
        <identifiers>
          <gpoId />
          <bioguideId>A000370</bioguideId>
          <lisID>2201</lisID>
        </identifiers>
        <fullName>Rep. Adams, Alma S. [D-NC-12]</fullName>
        <firstName>Alma</firstName>
      </item>
      <item>
        <sponsorshipDate>2015-06-11</sponsorshipDate>
        <party>D</party>
        <lastName>Lieu</lastName>
        <sponsorshipWithdrawnDate />
        <bioguideId>L000582</bioguideId>
        <isOriginalCosponsor>True</isOriginalCosponsor>
        <district>33</district>
        <state>CA</state>
        <middleName />
        <identifiers>
          <lisID>2230</lisID>
          <gpoId />
          <bioguideId>L000582</bioguideId>
        </identifiers>
        <fullName>Rep. Lieu, Ted [D-CA-33]</fullName>
        <firstName>Ted</firstName>
      </item>
      <item>
        <sponsorshipDate>2015-06-11</sponsorshipDate>
        <party>D</party>
        <lastName>Bustos</lastName>
        <sponsorshipWithdrawnDate />
        <bioguideId>B001286</bioguideId>
        <isOriginalCosponsor>True</isOriginalCosponsor>
        <district>17</district>
        <state>IL</state>
        <middleName />
        <identifiers>
          <lisID>2127</lisID>
          <gpoId />
          <bioguideId>B001286</bioguideId>
        </identifiers>
        <fullName>Rep. Bustos, Cheri [D-IL-17]</fullName>
        <firstName>Cheri</firstName>
      </item>
      <item>
        <sponsorshipDate>2015-06-11</sponsorshipDate>
        <party>D</party>
        <lastName>Brownley</lastName>
        <sponsorshipWithdrawnDate />
        <bioguideId>B001285</bioguideId>
        <isOriginalCosponsor>True</isOriginalCosponsor>
        <district>26</district>
        <state>CA</state>
        <middleName />
        <identifiers>
          <lisID>2106</lisID>
          <gpoId />
          <bioguideId>B001285</bioguideId>
        </identifiers>
        <fullName>Rep. Brownley, Julia [D-CA-26]</fullName>
        <firstName>Julia</firstName>
      </item>
      <item>
        <sponsorshipDate>2015-06-11</sponsorshipDate>
        <party>D</party>
        <lastName>ISRAEL</lastName>
        <sponsorshipWithdrawnDate />
        <bioguideId>I000057</bioguideId>
        <isOriginalCosponsor>True</isOriginalCosponsor>
        <district>3</district>
        <state>NY</state>
        <middleName />
        <identifiers>
          <lisID>1663</lisID>
          <gpoId>8063</gpoId>
          <bioguideId>I000057</bioguideId>
        </identifiers>
        <fullName>Rep. Israel, Steve [D-NY-3]</fullName>
        <firstName>STEVE</firstName>
      </item>
      <item>
        <sponsorshipDate>2015-06-11</sponsorshipDate>
        <party>D</party>
        <lastName>LEVIN</lastName>
        <sponsorshipWithdrawnDate />
        <bioguideId>L000263</bioguideId>
        <isOriginalCosponsor>True</isOriginalCosponsor>
        <district>9</district>
        <state>MI</state>
        <middleName>M.</middleName>
        <identifiers>
          <bioguideId>L000263</bioguideId>
          <lisID>683</lisID>
          <gpoId>7997</gpoId>
        </identifiers>
        <fullName>Rep. Levin, Sander M. [D-MI-9]</fullName>
        <firstName>SANDER</firstName>
      </item>
      <item>
        <sponsorshipDate>2015-06-11</sponsorshipDate>
        <party>D</party>
        <lastName>KAPTUR</lastName>
        <sponsorshipWithdrawnDate />
        <bioguideId>K000009</bioguideId>
        <isOriginalCosponsor>True</isOriginalCosponsor>
        <district>9</district>
        <state>OH</state>
        <middleName />
        <identifiers>
          <lisID>616</lisID>
          <gpoId>8099</gpoId>
          <bioguideId>K000009</bioguideId>
        </identifiers>
        <fullName>Rep. Kaptur, Marcy [D-OH-9]</fullName>
        <firstName>MARCY</firstName>
      </item>
      <item>
        <sponsorshipDate>2015-06-11</sponsorshipDate>
        <party>D</party>
        <lastName>SCHAKOWSKY</lastName>
        <sponsorshipWithdrawnDate />
        <bioguideId>S001145</bioguideId>
        <isOriginalCosponsor>True</isOriginalCosponsor>
        <district>9</district>
        <state>IL</state>
        <middleName>D.</middleName>
        <identifiers>
          <gpoId>7929</gpoId>
          <bioguideId>S001145</bioguideId>
          <lisID>1588</lisID>
        </identifiers>
        <fullName>Rep. Schakowsky, Janice D. [D-IL-9]</fullName>
        <firstName>JANICE</firstName>
      </item>
      <item>
        <sponsorshipDate>2015-06-11</sponsorshipDate>
        <party>D</party>
        <lastName>Edwards</lastName>
        <sponsorshipWithdrawnDate />
        <bioguideId>E000290</bioguideId>
        <isOriginalCosponsor>True</isOriginalCosponsor>
        <district>4</district>
        <state>MD</state>
        <middleName>F.</middleName>
        <identifiers>
          <bioguideId>E000290</bioguideId>
          <gpoId>7979</gpoId>
          <lisID>1894</lisID>
        </identifiers>
        <fullName>Rep. Edwards, Donna F. [D-MD-4]</fullName>
        <firstName>Donna</firstName>
      </item>
      <item>
        <sponsorshipDate>2015-06-11</sponsorshipDate>
        <party>D</party>
        <lastName>LOFGREN</lastName>
        <sponsorshipWithdrawnDate />
        <bioguideId>L000397</bioguideId>
        <isOriginalCosponsor>True</isOriginalCosponsor>
        <district>19</district>
        <state>CA</state>
        <middleName />
        <identifiers>
          <bioguideId>L000397</bioguideId>
          <gpoId>7821</gpoId>
          <lisID>701</lisID>
        </identifiers>
        <fullName>Rep. Lofgren, Zoe [D-CA-19]</fullName>
        <firstName>ZOE</firstName>
      </item>
      <item>
        <sponsorshipDate>2015-06-11</sponsorshipDate>
        <party>D</party>
        <lastName>NADLER</lastName>
        <sponsorshipWithdrawnDate />
        <bioguideId>N000002</bioguideId>
        <isOriginalCosponsor>True</isOriginalCosponsor>
        <district>10</district>
        <state>NY</state>
        <middleName />
        <identifiers>
          <bioguideId>N000002</bioguideId>
          <lisID>850</lisID>
          <gpoId>8069</gpoId>
        </identifiers>
        <fullName>Rep. Nadler, Jerrold [D-NY-10]</fullName>
        <firstName>JERROLD</firstName>
      </item>
      <item>
        <sponsorshipDate>2015-06-11</sponsorshipDate>
        <party>D</party>
        <lastName>Moore</lastName>
        <sponsorshipWithdrawnDate />
        <bioguideId>M001160</bioguideId>
        <isOriginalCosponsor>True</isOriginalCosponsor>
        <district>4</district>
        <state>WI</state>
        <middleName />
        <identifiers>
          <bioguideId>M001160</bioguideId>
          <lisID>1811</lisID>
          <gpoId>8217</gpoId>
        </identifiers>
        <fullName>Rep. Moore, Gwen [D-WI-4]</fullName>
        <firstName>Gwen</firstName>
      </item>
      <item>
        <sponsorshipDate>2015-06-11</sponsorshipDate>
        <party>D</party>
        <lastName>Sewell</lastName>
        <sponsorshipWithdrawnDate />
        <bioguideId>S001185</bioguideId>
        <isOriginalCosponsor>True</isOriginalCosponsor>
        <district>7</district>
        <state>AL</state>
        <middleName>A.</middleName>
        <identifiers>
          <bioguideId>S001185</bioguideId>
          <lisID>1988</lisID>
          <gpoId>7792</gpoId>
        </identifiers>
        <fullName>Rep. Sewell, Terri A. [D-AL-7]</fullName>
        <firstName>Terri</firstName>
      </item>
      <item>
        <sponsorshipDate>2015-06-11</sponsorshipDate>
        <party>D</party>
        <lastName>DeSaulnier</lastName>
        <sponsorshipWithdrawnDate />
        <bioguideId>D000623</bioguideId>
        <isOriginalCosponsor>True</isOriginalCosponsor>
        <district>11</district>
        <state>CA</state>
        <middleName />
        <identifiers>
          <gpoId />
          <bioguideId>D000623</bioguideId>
          <lisID>2227</lisID>
        </identifiers>
        <fullName>Rep. DeSaulnier, Mark [D-CA-11]</fullName>
        <firstName>Mark</firstName>
      </item>
      <item>
        <sponsorshipDate>2015-06-11</sponsorshipDate>
        <party>D</party>
        <lastName>WATERS</lastName>
        <sponsorshipWithdrawnDate />
        <bioguideId>W000187</bioguideId>
        <isOriginalCosponsor>True</isOriginalCosponsor>
        <district>43</district>
        <state>CA</state>
        <middleName />
        <identifiers>
          <bioguideId>W000187</bioguideId>
          <lisID>1205</lisID>
          <gpoId>7840</gpoId>
        </identifiers>
        <fullName>Rep. Waters, Maxine [D-CA-43]</fullName>
        <firstName>MAXINE</firstName>
      </item>
      <item>
        <sponsorshipDate>2015-06-11</sponsorshipDate>
        <party>D</party>
        <lastName>HINOJOSA</lastName>
        <sponsorshipWithdrawnDate />
        <bioguideId>H000636</bioguideId>
        <isOriginalCosponsor>True</isOriginalCosponsor>
        <district>15</district>
        <state>TX</state>
        <middleName />
        <identifiers>
          <bioguideId>H000636</bioguideId>
          <lisID>1490</lisID>
          <gpoId>8171</gpoId>
        </identifiers>
        <fullName>Rep. Hinojosa, Ruben [D-TX-15]</fullName>
        <firstName>RUBEN</firstName>
      </item>
      <item>
        <sponsorshipDate>2015-06-11</sponsorshipDate>
        <party>D</party>
        <lastName>HASTINGS</lastName>
        <sponsorshipWithdrawnDate />
        <bioguideId>H000324</bioguideId>
        <isOriginalCosponsor>True</isOriginalCosponsor>
        <district>20</district>
        <state>FL</state>
        <middleName>L.</middleName>
        <identifiers>
          <gpoId>7895</gpoId>
          <bioguideId>H000324</bioguideId>
          <lisID>511</lisID>
        </identifiers>
        <fullName>Rep. Hastings, Alcee L. [D-FL-20]</fullName>
        <firstName>ALCEE</firstName>
      </item>
      <item>
        <sponsorshipDate>2015-06-11</sponsorshipDate>
        <party>D</party>
        <lastName>Walz</lastName>
        <sponsorshipWithdrawnDate />
        <bioguideId>W000799</bioguideId>
        <isOriginalCosponsor>True</isOriginalCosponsor>
        <district>1</district>
        <state>MN</state>
        <middleName>J.</middleName>
        <identifiers>
          <bioguideId>W000799</bioguideId>
          <lisID>1856</lisID>
          <gpoId>8001</gpoId>
        </identifiers>
        <fullName>Rep. Walz, Timothy J. [D-MN-1]</fullName>
        <firstName>Timothy</firstName>
      </item>
      <item>
        <sponsorshipDate>2015-06-11</sponsorshipDate>
        <party>D</party>
        <lastName>Kennedy</lastName>
        <sponsorshipWithdrawnDate />
        <bioguideId>K000379</bioguideId>
        <isOriginalCosponsor>True</isOriginalCosponsor>
        <district>4</district>
        <state>MA</state>
        <middleName>P.</middleName>
        <identifiers>
          <lisID>2172</lisID>
          <gpoId />
          <bioguideId>K000379</bioguideId>
        </identifiers>
        <fullName>Rep. Kennedy, Joseph P., III [D-MA-4]</fullName>
        <firstName>Joseph</firstName>
      </item>
      <item>
        <sponsorshipDate>2015-06-11</sponsorshipDate>
        <party>D</party>
        <lastName>CUMMINGS</lastName>
        <sponsorshipWithdrawnDate />
        <bioguideId>C000984</bioguideId>
        <isOriginalCosponsor>True</isOriginalCosponsor>
        <district>7</district>
        <state>MD</state>
        <middleName>E.</middleName>
        <identifiers>
          <gpoId>7982</gpoId>
          <bioguideId>C000984</bioguideId>
          <lisID>256</lisID>
        </identifiers>
        <fullName>Rep. Cummings, Elijah E. [D-MD-7]</fullName>
        <firstName>ELIJAH</firstName>
      </item>
      <item>
        <sponsorshipDate>2015-06-11</sponsorshipDate>
        <party>D</party>
        <lastName>Cuellar</lastName>
        <sponsorshipWithdrawnDate />
        <bioguideId>C001063</bioguideId>
        <isOriginalCosponsor>True</isOriginalCosponsor>
        <district>28</district>
        <state>TX</state>
        <middleName />
        <identifiers>
          <lisID>1807</lisID>
          <gpoId>8184</gpoId>
          <bioguideId>C001063</bioguideId>
        </identifiers>
        <fullName>Rep. Cuellar, Henry [D-TX-28]</fullName>
        <firstName>Henry</firstName>
      </item>
      <item>
        <sponsorshipDate>2015-06-11</sponsorshipDate>
        <party>D</party>
        <lastName>Duckworth</lastName>
        <sponsorshipWithdrawnDate />
        <bioguideId>D000622</bioguideId>
        <isOriginalCosponsor>True</isOriginalCosponsor>
        <district>8</district>
        <state>IL</state>
        <middleName />
        <identifiers>
          <gpoId />
          <bioguideId>D000622</bioguideId>
          <lisID>2123</lisID>
        </identifiers>
        <fullName>Rep. Duckworth, Tammy [D-IL-8]</fullName>
        <firstName>Tammy</firstName>
      </item>
      <item>
        <sponsorshipDate>2015-06-11</sponsorshipDate>
        <party>D</party>
        <lastName>BROWN</lastName>
        <sponsorshipWithdrawnDate />
        <bioguideId>B000911</bioguideId>
        <isOriginalCosponsor>True</isOriginalCosponsor>
        <district>5</district>
        <state>FL</state>
        <middleName />
        <identifiers>
          <bioguideId>B000911</bioguideId>
          <lisID>132</lisID>
          <gpoId>7875</gpoId>
        </identifiers>
        <fullName>Rep. Brown, Corrine [D-FL-5]</fullName>
        <firstName>CORRINE</firstName>
      </item>
      <item>
        <sponsorshipDate>2015-06-11</sponsorshipDate>
        <party>D</party>
        <lastName>Cleaver</lastName>
        <sponsorshipWithdrawnDate />
        <bioguideId>C001061</bioguideId>
        <isOriginalCosponsor>True</isOriginalCosponsor>
        <district>5</district>
        <state>MO</state>
        <middleName />
        <identifiers>
          <lisID>1790</lisID>
          <gpoId>8013</gpoId>
          <bioguideId>C001061</bioguideId>
        </identifiers>
        <fullName>Rep. Cleaver, Emanuel [D-MO-5]</fullName>
        <firstName>Emanuel</firstName>
      </item>
      <item>
        <sponsorshipDate>2015-06-11</sponsorshipDate>
        <party>D</party>
        <lastName>Kelly</lastName>
        <sponsorshipWithdrawnDate />
        <bioguideId>K000385</bioguideId>
        <isOriginalCosponsor>True</isOriginalCosponsor>
        <district>2</district>
        <state>IL</state>
        <middleName>L.</middleName>
        <identifiers>
          <bioguideId>K000385</bioguideId>
          <gpoId />
          <lisID>2190</lisID>
        </identifiers>
        <fullName>Rep. Kelly, Robin L. [D-IL-2]</fullName>
        <firstName>Robin</firstName>
      </item>
      <item>
        <sponsorshipDate>2015-06-11</sponsorshipDate>
        <party>D</party>
        <lastName>PRICE</lastName>
        <sponsorshipWithdrawnDate />
        <bioguideId>P000523</bioguideId>
        <isOriginalCosponsor>True</isOriginalCosponsor>
        <district>4</district>
        <state>NC</state>
        <middleName>E.</middleName>
        <identifiers>
          <gpoId>8027</gpoId>
          <bioguideId>P000523</bioguideId>
          <lisID>930</lisID>
        </identifiers>
        <fullName>Rep. Price, David E. [D-NC-4]</fullName>
        <firstName>DAVID</firstName>
      </item>
      <item>
        <sponsorshipDate>2015-06-11</sponsorshipDate>
        <party>D</party>
        <lastName>Scott</lastName>
        <sponsorshipWithdrawnDate />
        <bioguideId>S000185</bioguideId>
        <isOriginalCosponsor>True</isOriginalCosponsor>
        <district>3</district>
        <state>VA</state>
        <middleName>C. "Bobby"</middleName>
        <identifiers>
          <lisID>1037</lisID>
          <gpoId>8194</gpoId>
          <bioguideId>S000185</bioguideId>
        </identifiers>
        <fullName>Rep. Scott, Robert C. "Bobby" [D-VA-3]</fullName>
        <firstName>Robert</firstName>
      </item>
      <item>
        <sponsorshipDate>2015-06-11</sponsorshipDate>
        <party>D</party>
        <lastName>Wilson</lastName>
        <sponsorshipWithdrawnDate />
        <bioguideId>W000808</bioguideId>
        <isOriginalCosponsor>True</isOriginalCosponsor>
        <district>24</district>
        <state>FL</state>
        <middleName>S.</middleName>
        <identifiers>
          <bioguideId>W000808</bioguideId>
          <lisID>2004</lisID>
          <gpoId>7889</gpoId>
        </identifiers>
        <fullName>Rep. Wilson, Frederica S. [D-FL-24]</fullName>
        <firstName>Frederica</firstName>
      </item>
      <item>
        <sponsorshipDate>2015-06-11</sponsorshipDate>
        <party>D</party>
        <lastName>Johnson</lastName>
        <sponsorshipWithdrawnDate />
        <bioguideId>J000288</bioguideId>
        <isOriginalCosponsor>True</isOriginalCosponsor>
        <district>4</district>
        <state>GA</state>
        <middleName>C. "Hank"</middleName>
        <identifiers>
          <bioguideId>J000288</bioguideId>
          <gpoId>7901</gpoId>
          <lisID>1843</lisID>
        </identifiers>
        <fullName>Rep. Johnson, Henry C. "Hank," Jr. [D-GA-4]</fullName>
        <firstName>Henry</firstName>
      </item>
      <item>
        <sponsorshipDate>2015-06-11</sponsorshipDate>
        <party>D</party>
        <lastName>Dingell</lastName>
        <sponsorshipWithdrawnDate />
        <bioguideId>D000624</bioguideId>
        <isOriginalCosponsor>True</isOriginalCosponsor>
        <district>12</district>
        <state>MI</state>
        <middleName />
        <identifiers>
          <lisID>2251</lisID>
          <gpoId />
          <bioguideId>D000624</bioguideId>
        </identifiers>
        <fullName>Rep. Dingell, Debbie [D-MI-12]</fullName>
        <firstName>Debbie</firstName>
      </item>
      <item>
        <sponsorshipDate>2015-06-11</sponsorshipDate>
        <party>D</party>
        <lastName>Pocan</lastName>
        <sponsorshipWithdrawnDate />
        <bioguideId>P000607</bioguideId>
        <isOriginalCosponsor>True</isOriginalCosponsor>
        <district>2</district>
        <state>WI</state>
        <middleName />
        <identifiers>
          <gpoId />
          <bioguideId>P000607</bioguideId>
          <lisID>2171</lisID>
        </identifiers>
        <fullName>Rep. Pocan, Mark [D-WI-2]</fullName>
        <firstName>Mark</firstName>
      </item>
      <item>
        <sponsorshipDate>2015-06-11</sponsorshipDate>
        <party>D</party>
        <lastName>Deutch</lastName>
        <sponsorshipWithdrawnDate />
        <bioguideId>D000610</bioguideId>
        <isOriginalCosponsor>True</isOriginalCosponsor>
        <district>21</district>
        <state>FL</state>
        <middleName>E.</middleName>
        <identifiers>
          <gpoId>7891</gpoId>
          <bioguideId>D000610</bioguideId>
          <lisID>1976</lisID>
        </identifiers>
        <fullName>Rep. Deutch, Theodore E. [D-FL-21]</fullName>
        <firstName>Theodore</firstName>
      </item>
      <item>
        <sponsorshipDate>2015-06-11</sponsorshipDate>
        <party>D</party>
        <lastName>Vargas</lastName>
        <sponsorshipWithdrawnDate />
        <bioguideId>V000130</bioguideId>
        <isOriginalCosponsor>True</isOriginalCosponsor>
        <district>51</district>
        <state>CA</state>
        <middleName />
        <identifiers>
          <gpoId />
          <bioguideId>V000130</bioguideId>
          <lisID>2112</lisID>
        </identifiers>
        <fullName>Rep. Vargas, Juan [D-CA-51]</fullName>
        <firstName>Juan</firstName>
      </item>
      <item>
        <sponsorshipDate>2015-06-11</sponsorshipDate>
        <party>D</party>
        <lastName>Vela</lastName>
        <sponsorshipWithdrawnDate />
        <bioguideId>V000132</bioguideId>
        <isOriginalCosponsor>True</isOriginalCosponsor>
        <district>34</district>
        <state>TX</state>
        <middleName />
        <identifiers>
          <bioguideId>V000132</bioguideId>
          <gpoId />
          <lisID>2167</lisID>
        </identifiers>
        <fullName>Rep. Vela, Filemon [D-TX-34]</fullName>
        <firstName>Filemon</firstName>
      </item>
      <item>
        <sponsorshipDate>2015-06-11</sponsorshipDate>
        <party>D</party>
        <lastName>GREEN</lastName>
        <sponsorshipWithdrawnDate />
        <bioguideId>G000410</bioguideId>
        <isOriginalCosponsor>True</isOriginalCosponsor>
        <district>29</district>
        <state>TX</state>
        <middleName />
        <identifiers>
          <bioguideId>G000410</bioguideId>
          <lisID>462</lisID>
          <gpoId>8185</gpoId>
        </identifiers>
        <fullName>Rep. Green, Gene [D-TX-29]</fullName>
        <firstName>GENE</firstName>
      </item>
      <item>
        <sponsorshipDate>2015-06-11</sponsorshipDate>
        <party>D</party>
        <lastName>O'Rourke</lastName>
        <sponsorshipWithdrawnDate />
        <bioguideId>O000170</bioguideId>
        <isOriginalCosponsor>True</isOriginalCosponsor>
        <district>16</district>
        <state>TX</state>
        <middleName />
        <identifiers>
          <gpoId />
          <bioguideId>O000170</bioguideId>
          <lisID>2162</lisID>
        </identifiers>
        <fullName>Rep. O'Rourke, Beto [D-TX-16]</fullName>
        <firstName>Beto</firstName>
      </item>
      <item>
        <sponsorshipDate>2015-06-11</sponsorshipDate>
        <party>D</party>
        <lastName>HONDA</lastName>
        <sponsorshipWithdrawnDate />
        <bioguideId>H001034</bioguideId>
        <isOriginalCosponsor>True</isOriginalCosponsor>
        <district>17</district>
        <state>CA</state>
        <middleName>M.</middleName>
        <identifiers>
          <lisID>1634</lisID>
          <gpoId>7820</gpoId>
          <bioguideId>H001034</bioguideId>
        </identifiers>
        <fullName>Rep. Honda, Michael M. [D-CA-17]</fullName>
        <firstName>MICHAEL</firstName>
      </item>
      <item>
        <sponsorshipDate>2015-06-11</sponsorshipDate>
        <party>D</party>
        <lastName>PELOSI</lastName>
        <sponsorshipWithdrawnDate />
        <bioguideId>P000197</bioguideId>
        <isOriginalCosponsor>True</isOriginalCosponsor>
        <district>12</district>
        <state>CA</state>
        <middleName />
        <identifiers>
          <lisID>905</lisID>
          <gpoId>7813</gpoId>
          <bioguideId>P000197</bioguideId>
        </identifiers>
        <fullName>Rep. Pelosi, Nancy [D-CA-12]</fullName>
        <firstName>NANCY</firstName>
      </item>
      <item>
        <sponsorshipDate>2015-06-11</sponsorshipDate>
        <party>D</party>
        <lastName>Gallego</lastName>
        <sponsorshipWithdrawnDate />
        <bioguideId>G000574</bioguideId>
        <isOriginalCosponsor>True</isOriginalCosponsor>
        <district>7</district>
        <state>AZ</state>
        <middleName />
        <identifiers>
          <lisID>2226</lisID>
          <gpoId />
          <bioguideId>G000574</bioguideId>
        </identifiers>
        <fullName>Rep. Gallego, Ruben [D-AZ-7]</fullName>
        <firstName>Ruben</firstName>
      </item>
      <item>
        <sponsorshipDate>2015-06-11</sponsorshipDate>
        <party>D</party>
        <lastName>DELAURO</lastName>
        <sponsorshipWithdrawnDate />
        <bioguideId>D000216</bioguideId>
        <isOriginalCosponsor>True</isOriginalCosponsor>
        <district>3</district>
        <state>CT</state>
        <middleName />
        <identifiers>
          <bioguideId>D000216</bioguideId>
          <lisID>281</lisID>
          <gpoId>7868</gpoId>
        </identifiers>
        <fullName>Rep. DeLauro, Rosa L. [D-CT-3]</fullName>
        <firstName>ROSA</firstName>
      </item>
      <item>
        <sponsorshipDate>2015-06-11</sponsorshipDate>
        <party>D</party>
        <lastName>Green</lastName>
        <sponsorshipWithdrawnDate />
        <bioguideId>G000553</bioguideId>
        <isOriginalCosponsor>True</isOriginalCosponsor>
        <district>9</district>
        <state>TX</state>
        <middleName />
        <identifiers>
          <lisID>1803</lisID>
          <gpoId>8165</gpoId>
          <bioguideId>G000553</bioguideId>
        </identifiers>
        <fullName>Rep. Green, Al [D-TX-9]</fullName>
        <firstName>Al</firstName>
      </item>
      <item>
        <sponsorshipDate>2015-09-28</sponsorshipDate>
        <party>D</party>
        <lastName>Connolly</lastName>
        <sponsorshipWithdrawnDate />
        <bioguideId>C001078</bioguideId>
        <isOriginalCosponsor>False</isOriginalCosponsor>
        <district>11</district>
        <state>VA</state>
        <middleName>E.</middleName>
        <identifiers>
          <lisID>1959</lisID>
          <gpoId>8202</gpoId>
          <bioguideId>C001078</bioguideId>
        </identifiers>
        <fullName>Rep. Connolly, Gerald E. [D-VA-11]</fullName>
        <firstName>Gerald</firstName>
      </item>
    </cosponsors>
    <billNumber>309</billNumber>
    <amendments />
    <subjects>
      <billSubjects>
        <legislativeSubjects>
          <item>
            <name>Commemorative events and holidays</name>
          </item>
          <item>
            <name>Racial and ethnic relations</name>
          </item>
          <item>
            <name>U.S. history</name>
          </item>
        </legislativeSubjects>
        <policyArea>
          <name>Civil Rights and Liberties, Minority Issues</name>
        </policyArea>
      </billSubjects>
    </subjects>
    <sponsors>
      <item>
        <party>D</party>
        <state>TX</state>
        <middleName />
        <bioguideId>J000032</bioguideId>
        <lastName>JACKSON LEE</lastName>
        <firstName>SHEILA</firstName>
        <identifiers>
          <lisID>588</lisID>
          <gpoId>8174</gpoId>
          <bioguideId>J000032</bioguideId>
        </identifiers>
        <fullName>Rep. Jackson Lee, Sheila [D-TX-18]</fullName>
        <district>18</district>
        <byRequestType />
      </item>
    </sponsors>
    <summaries>
      <billSummaries>
        <item>
          <lastSummaryUpdateDate>2015-06-27T14:14:24Z</lastSummaryUpdateDate>
          <actionDate>2015-06-11</actionDate>
          <text><![CDATA[<p>Recognizes the historical significance to the nation, and supports the continued celebration, of Juneteenth Independence Day.</p> <p>Declares the sense of the House of Representatives that: (1) history should be regarded as a means for understanding the past and solving the challenges of the future, and (2) the celebration of the end of slavery is an important and enriching part of the history and heritage of the United States.</p>]]></text>
          <updateDate>2015-06-11T04:00:00Z</updateDate>
          <name>Introduced in House</name>
          <versionCode>00</versionCode>
          <actionDesc>Introduced in House</actionDesc>
        </item>
      </billSummaries>
    </summaries>
    <constitutionalAuthorityStatementText />
    <billType>HRES</billType>
    <title>Recognizing June 19, 2015, as this year's observance of the historical significance of Juneteenth Independence Day.</title>
    <policyArea>
      <name>Civil Rights and Liberties, Minority Issues</name>
    </policyArea>
    <congress>114</congress>
    <latestAction>
      <text>Referred to the House Committee on Oversight and Government Reform.</text>
      <actionDate>2015-06-11</actionDate>
      <links />
    </latestAction>
    <cboCostEstimates />
    <originChamber>House</originChamber>
    <notes />
    <committees>
      <billCommittees>
        <item>
          <systemCode>hsgo00</systemCode>
          <name>Oversight and Government Reform Committee</name>
          <subcommittees />
          <chamber>House</chamber>
          <activities>
            <item>
              <name>Referred to</name>
              <date>2015-06-11T14:00:05Z</date>
            </item>
          </activities>
          <type>Standing</type>
        </item>
      </billCommittees>
    </committees>
    <calendarNumbers />
    <updateDate>2017-01-11T14:30:57Z</updateDate>
    <titles>
      <item>
        <chamberCode />
        <titleType>Official Title as Introduced</titleType>
        <chamberName />
        <title>Recognizing June 19, 2015, as this year's observance of the historical significance of Juneteenth Independence Day.</title>
        <parentTitleType />
      </item>
      <item>
        <chamberCode />
        <titleType>Display Title</titleType>
        <chamberName />
        <title>Recognizing June 19, 2015, as this year's observance of the historical significance of Juneteenth Independence Day.</title>
        <parentTitleType />
      </item>
    </titles>
  </bill>
  <dublinCore xmlns:dc="http://purl.org/dc/elements/1.1/">
    <dc:format>text/xml</dc:format>
    <dc:language>EN</dc:language>
    <dc:rights>Pursuant to Title 17 Section 105 of the United States Code, this file is not subject to copyright protection and is in the public domain.</dc:rights>
    <dc:contributor>Congressional Research Service, Library of Congress</dc:contributor>
    <dc:description>This file contains bill summaries and statuses for federal legislation. A bill summary describes the most significant provisions of a piece of legislation and details the effects the legislative text may have on current law and federal programs. Bill summaries are authored by the Congressional Research Service (CRS) of the Library of Congress. As stated in Public Law 91-510 (2 USC 166 (d)(6)), one of the duties of CRS is "to prepare summaries and digests of bills and resolutions of a public general nature introduced in the Senate or House of Representatives". For more information, refer to the User Guide that accompanies this file.</dc:description>
  </dublinCore>
</billStatus>

