<?xml version="1.0" encoding="UTF-8"?>
<billStatus>
  <bill>
    <introducedDate>2015-05-08</introducedDate>
    <committeeReports />
    <laws />
    <createDate>2015-05-09T08:46:12Z</createDate>
    <actions>
      <actionByCounts>
        <houseOfRepresentatives>3</houseOfRepresentatives>
      </actionByCounts>
      <actionTypeCounts>
        <introducedInTheHouse>1</introducedInTheHouse>
        <introducedInHouse>1</introducedInHouse>
        <billReferrals>1</billReferrals>
      </actionTypeCounts>
      <item>
        <type>IntroReferral</type>
        <text>Referred to the House Committee on Education and the Workforce.</text>
        <actionCode>H11100</actionCode>
        <sourceSystem>
          <name>House floor actions</name>
          <code>2</code>
        </sourceSystem>
        <links />
        <committee>
          <systemCode>hsed00</systemCode>
          <name>Education and the Workforce Committee</name>
        </committee>
        <actionDate>2015-05-08</actionDate>
      </item>
      <item>
        <type>IntroReferral</type>
        <text>Introduced in House</text>
        <actionCode>Intro-H</actionCode>
        <sourceSystem>
          <name>Library of Congress</name>
          <code>9</code>
        </sourceSystem>
        <links />
        <committee />
        <actionDate>2015-05-08</actionDate>
      </item>
      <item>
        <type>IntroReferral</type>
        <text>Introduced in House</text>
        <actionCode>1000</actionCode>
        <sourceSystem>
          <name>Library of Congress</name>
          <code>9</code>
        </sourceSystem>
        <links />
        <committee />
        <actionDate>2015-05-08</actionDate>
      </item>
    </actions>
    <recordedVotes />
    <relatedBills>
      <item>
        <congress>114</congress>
        <number>175</number>
        <latestTitle>A resolution recognizing the roles and contributions of the teachers of the United States to building and enhancing the civic, cultural, and economic well-being of the United States.</latestTitle>
        <latestAction>
          <actionDate>2015-05-07</actionDate>
          <text>Submitted in the Senate, considered, and agreed to without amendment and with a preamble by Unanimous Consent. (consideration: CR S2734; text as passed Senate: CR S2732)</text>
        </latestAction>
        <type>SRES</type>
        <relationshipDetails>
          <item>
            <identifiedBy>CRS</identifiedBy>
            <type>Related bill</type>
          </item>
        </relationshipDetails>
      </item>
      <item>
        <congress>114</congress>
        <number>704</number>
        <latestTitle>Recognizing the roles and contributions of teachers to building and enhancing the Nation's civic, cultural, and economic well-being.</latestTitle>
        <latestAction>
          <actionDate>2016-04-26</actionDate>
          <text>Referred to the House Committee on Education and the Workforce.</text>
        </latestAction>
        <type>HRES</type>
        <relationshipDetails>
          <item>
            <identifiedBy>CRS</identifiedBy>
            <type>Related bill</type>
          </item>
        </relationshipDetails>
      </item>
      <item>
        <congress>114</congress>
        <number>448</number>
        <latestTitle>A resolution recognizing the roles and contributions of the teachers of the United States in building and enhancing the civic, cultural, and economic well-being of the United States.</latestTitle>
        <latestAction>
          <actionDate>2016-04-28</actionDate>
          <text>Submitted in the Senate, considered, and agreed to without amendment and with a preamble by Unanimous Consent. (consideration: CR S2576-2577; text as passed Senate: CR S2564)</text>
        </latestAction>
        <type>SRES</type>
        <relationshipDetails>
          <item>
            <identifiedBy>CRS</identifiedBy>
            <type>Related bill</type>
          </item>
        </relationshipDetails>
      </item>
    </relatedBills>
    <cosponsors>
      <item>
        <sponsorshipDate>2015-05-08</sponsorshipDate>
        <party>D</party>
        <lastName>Loebsack</lastName>
        <sponsorshipWithdrawnDate />
        <bioguideId>L000565</bioguideId>
        <isOriginalCosponsor>True</isOriginalCosponsor>
        <district>2</district>
        <state>IA</state>
        <middleName />
        <identifiers>
          <bioguideId>L000565</bioguideId>
          <lisID>1846</lisID>
          <gpoId>7915</gpoId>
        </identifiers>
        <fullName>Rep. Loebsack, David [D-IA-2]</fullName>
        <firstName>David</firstName>
      </item>
      <item>
        <sponsorshipDate>2015-05-08</sponsorshipDate>
        <party>R</party>
        <lastName>Guinta</lastName>
        <sponsorshipWithdrawnDate />
        <bioguideId>G000570</bioguideId>
        <isOriginalCosponsor>True</isOriginalCosponsor>
        <district>1</district>
        <state>NH</state>
        <middleName>C.</middleName>
        <identifiers>
          <bioguideId>G000570</bioguideId>
          <gpoId>8041</gpoId>
          <lisID>2038</lisID>
        </identifiers>
        <fullName>Rep. Guinta, Frank C. [R-NH-1]</fullName>
        <firstName>Frank</firstName>
      </item>
      <item>
        <sponsorshipDate>2015-05-08</sponsorshipDate>
        <party>D</party>
        <lastName>ENGEL</lastName>
        <sponsorshipWithdrawnDate />
        <bioguideId>E000179</bioguideId>
        <isOriginalCosponsor>True</isOriginalCosponsor>
        <district>16</district>
        <state>NY</state>
        <middleName>L.</middleName>
        <identifiers>
          <bioguideId>E000179</bioguideId>
          <lisID>344</lisID>
          <gpoId>8078</gpoId>
        </identifiers>
        <fullName>Rep. Engel, Eliot L. [D-NY-16]</fullName>
        <firstName>ELIOT</firstName>
      </item>
      <item>
        <sponsorshipDate>2015-05-08</sponsorshipDate>
        <party>D</party>
        <lastName>RANGEL</lastName>
        <sponsorshipWithdrawnDate />
        <bioguideId>R000053</bioguideId>
        <isOriginalCosponsor>True</isOriginalCosponsor>
        <district>13</district>
        <state>NY</state>
        <middleName>B.</middleName>
        <identifiers>
          <lisID>944</lisID>
          <gpoId>8076</gpoId>
          <bioguideId>R000053</bioguideId>
        </identifiers>
        <fullName>Rep. Rangel, Charles B. [D-NY-13]</fullName>
        <firstName>CHARLES</firstName>
      </item>
      <item>
        <sponsorshipDate>2015-05-08</sponsorshipDate>
        <party>D</party>
        <lastName>Bordallo</lastName>
        <sponsorshipWithdrawnDate />
        <bioguideId>B001245</bioguideId>
        <isOriginalCosponsor>True</isOriginalCosponsor>
        <district>0</district>
        <state>GU</state>
        <middleName>Z.</middleName>
        <identifiers>
          <gpoId>7911</gpoId>
          <bioguideId>B001245</bioguideId>
          <lisID>1723</lisID>
        </identifiers>
        <fullName>Rep. Bordallo, Madeleine Z. [D-GU-At Large]</fullName>
        <firstName>Madeleine</firstName>
      </item>
      <item>
        <sponsorshipDate>2015-05-08</sponsorshipDate>
        <party>D</party>
        <lastName>MCCOLLUM</lastName>
        <sponsorshipWithdrawnDate />
        <bioguideId>M001143</bioguideId>
        <isOriginalCosponsor>True</isOriginalCosponsor>
        <district>4</district>
        <state>MN</state>
        <middleName />
        <identifiers>
          <gpoId>8004</gpoId>
          <bioguideId>M001143</bioguideId>
          <lisID>1653</lisID>
        </identifiers>
        <fullName>Rep. McCollum, Betty [D-MN-4]</fullName>
        <firstName>BETTY</firstName>
      </item>
      <item>
        <sponsorshipDate>2015-05-08</sponsorshipDate>
        <party>D</party>
        <lastName>Pocan</lastName>
        <sponsorshipWithdrawnDate />
        <bioguideId>P000607</bioguideId>
        <isOriginalCosponsor>True</isOriginalCosponsor>
        <district>2</district>
        <state>WI</state>
        <middleName />
        <identifiers>
          <lisID>2171</lisID>
          <gpoId />
          <bioguideId>P000607</bioguideId>
        </identifiers>
        <fullName>Rep. Pocan, Mark [D-WI-2]</fullName>
        <firstName>Mark</firstName>
      </item>
      <item>
        <sponsorshipDate>2015-05-08</sponsorshipDate>
        <party>D</party>
        <lastName>Van Hollen</lastName>
        <sponsorshipWithdrawnDate />
        <bioguideId>V000128</bioguideId>
        <isOriginalCosponsor>True</isOriginalCosponsor>
        <district>8</district>
        <state>MD</state>
        <middleName />
        <identifiers>
          <lisID>1729</lisID>
          <gpoId>7983</gpoId>
          <bioguideId>V000128</bioguideId>
        </identifiers>
        <fullName>Rep. Van Hollen, Chris [D-MD-8]</fullName>
        <firstName>Chris</firstName>
      </item>
      <item>
        <sponsorshipDate>2015-05-08</sponsorshipDate>
        <party>D</party>
        <lastName>MEEKS</lastName>
        <sponsorshipWithdrawnDate />
        <bioguideId>M001137</bioguideId>
        <isOriginalCosponsor>True</isOriginalCosponsor>
        <district>5</district>
        <state>NY</state>
        <middleName>W.</middleName>
        <identifiers>
          <lisID>1506</lisID>
          <gpoId>8067</gpoId>
          <bioguideId>M001137</bioguideId>
        </identifiers>
        <fullName>Rep. Meeks, Gregory W. [D-NY-5]</fullName>
        <firstName>GREGORY</firstName>
      </item>
      <item>
        <sponsorshipDate>2015-05-08</sponsorshipDate>
        <party>D</party>
        <lastName>PALLONE</lastName>
        <sponsorshipWithdrawnDate />
        <bioguideId>P000034</bioguideId>
        <isOriginalCosponsor>True</isOriginalCosponsor>
        <district>6</district>
        <state>NJ</state>
        <middleName />
        <identifiers>
          <gpoId>8048</gpoId>
          <bioguideId>P000034</bioguideId>
          <lisID>887</lisID>
        </identifiers>
        <fullName>Rep. Pallone, Frank, Jr. [D-NJ-6]</fullName>
        <firstName>FRANK</firstName>
      </item>
      <item>
        <sponsorshipDate>2015-05-08</sponsorshipDate>
        <party>R</party>
        <lastName>Costello</lastName>
        <sponsorshipWithdrawnDate />
        <bioguideId>C001106</bioguideId>
        <isOriginalCosponsor>True</isOriginalCosponsor>
        <district>6</district>
        <state>PA</state>
        <middleName>A.</middleName>
        <identifiers>
          <lisID>2266</lisID>
          <gpoId />
          <bioguideId>C001106</bioguideId>
        </identifiers>
        <fullName>Rep. Costello, Ryan A. [R-PA-6]</fullName>
        <firstName>Ryan</firstName>
      </item>
      <item>
        <sponsorshipDate>2015-05-08</sponsorshipDate>
        <party>R</party>
        <lastName>Barletta</lastName>
        <sponsorshipWithdrawnDate />
        <bioguideId>B001269</bioguideId>
        <isOriginalCosponsor>True</isOriginalCosponsor>
        <district>11</district>
        <state>PA</state>
        <middleName />
        <identifiers>
          <lisID>2054</lisID>
          <gpoId>8129</gpoId>
          <bioguideId>B001269</bioguideId>
        </identifiers>
        <fullName>Rep. Barletta, Lou [R-PA-11]</fullName>
        <firstName>Lou</firstName>
      </item>
      <item>
        <sponsorshipDate>2015-05-08</sponsorshipDate>
        <party>D</party>
        <lastName>Perlmutter</lastName>
        <sponsorshipWithdrawnDate />
        <bioguideId>P000593</bioguideId>
        <isOriginalCosponsor>True</isOriginalCosponsor>
        <district>7</district>
        <state>CO</state>
        <middleName />
        <identifiers>
          <lisID>1835</lisID>
          <gpoId>7865</gpoId>
          <bioguideId>P000593</bioguideId>
        </identifiers>
        <fullName>Rep. Perlmutter, Ed [D-CO-7]</fullName>
        <firstName>Ed</firstName>
      </item>
      <item>
        <sponsorshipDate>2015-05-08</sponsorshipDate>
        <party>D</party>
        <lastName>Tsongas</lastName>
        <sponsorshipWithdrawnDate />
        <bioguideId>T000465</bioguideId>
        <isOriginalCosponsor>True</isOriginalCosponsor>
        <district>3</district>
        <state>MA</state>
        <middleName />
        <identifiers>
          <bioguideId>T000465</bioguideId>
          <gpoId>7970</gpoId>
          <lisID>1884</lisID>
        </identifiers>
        <fullName>Rep. Tsongas, Niki [D-MA-3]</fullName>
        <firstName>Niki</firstName>
      </item>
      <item>
        <sponsorshipDate>2015-05-08</sponsorshipDate>
        <party>D</party>
        <lastName>HONDA</lastName>
        <sponsorshipWithdrawnDate />
        <bioguideId>H001034</bioguideId>
        <isOriginalCosponsor>True</isOriginalCosponsor>
        <district>17</district>
        <state>CA</state>
        <middleName>M.</middleName>
        <identifiers>
          <gpoId>7820</gpoId>
          <bioguideId>H001034</bioguideId>
          <lisID>1634</lisID>
        </identifiers>
        <fullName>Rep. Honda, Michael M. [D-CA-17]</fullName>
        <firstName>MICHAEL</firstName>
      </item>
      <item>
        <sponsorshipDate>2015-05-08</sponsorshipDate>
        <party>D</party>
        <lastName>Heck</lastName>
        <sponsorshipWithdrawnDate />
        <bioguideId>H001064</bioguideId>
        <isOriginalCosponsor>True</isOriginalCosponsor>
        <district>10</district>
        <state>WA</state>
        <middleName />
        <identifiers>
          <lisID>2170</lisID>
          <gpoId />
          <bioguideId>H001064</bioguideId>
        </identifiers>
        <fullName>Rep. Heck, Denny [D-WA-10]</fullName>
        <firstName>Denny</firstName>
      </item>
      <item>
        <sponsorshipDate>2015-05-12</sponsorshipDate>
        <party>D</party>
        <lastName>Ashford</lastName>
        <sponsorshipWithdrawnDate />
        <bioguideId>A000373</bioguideId>
        <isOriginalCosponsor>False</isOriginalCosponsor>
        <district>2</district>
        <state>NE</state>
        <middleName />
        <identifiers>
          <lisID>2257</lisID>
          <gpoId />
          <bioguideId>A000373</bioguideId>
        </identifiers>
        <fullName>Rep. Ashford, Brad [D-NE-2]</fullName>
        <firstName>Brad</firstName>
      </item>
      <item>
        <sponsorshipDate>2015-05-12</sponsorshipDate>
        <party>D</party>
        <lastName>MCGOVERN</lastName>
        <sponsorshipWithdrawnDate />
        <bioguideId>M000312</bioguideId>
        <isOriginalCosponsor>False</isOriginalCosponsor>
        <district>2</district>
        <state>MA</state>
        <middleName>P.</middleName>
        <identifiers>
          <lisID>1504</lisID>
          <gpoId>7968</gpoId>
          <bioguideId>M000312</bioguideId>
        </identifiers>
        <fullName>Rep. McGovern, James P. [D-MA-2]</fullName>
        <firstName>JAMES</firstName>
      </item>
      <item>
        <sponsorshipDate>2015-05-12</sponsorshipDate>
        <party>D</party>
        <lastName>Huffman</lastName>
        <sponsorshipWithdrawnDate />
        <bioguideId>H001068</bioguideId>
        <isOriginalCosponsor>False</isOriginalCosponsor>
        <district>2</district>
        <state>CA</state>
        <middleName />
        <identifiers>
          <lisID>2101</lisID>
          <gpoId />
          <bioguideId>H001068</bioguideId>
        </identifiers>
        <fullName>Rep. Huffman, Jared [D-CA-2]</fullName>
        <firstName>Jared</firstName>
      </item>
      <item>
        <sponsorshipDate>2015-05-13</sponsorshipDate>
        <party>R</party>
        <lastName>WHITFIELD</lastName>
        <sponsorshipWithdrawnDate />
        <bioguideId>W000413</bioguideId>
        <isOriginalCosponsor>False</isOriginalCosponsor>
        <district>1</district>
        <state>KY</state>
        <middleName />
        <identifiers>
          <lisID>1222</lisID>
          <gpoId>7953</gpoId>
          <bioguideId>W000413</bioguideId>
        </identifiers>
        <fullName>Rep. Whitfield, Ed [R-KY-1]</fullName>
        <firstName>EDWARD</firstName>
      </item>
    </cosponsors>
    <billNumber>253</billNumber>
    <amendments />
    <subjects>
      <billSubjects>
        <legislativeSubjects>
          <item>
            <name>Commemorative events and holidays</name>
          </item>
          <item>
            <name>Congressional tributes</name>
          </item>
          <item>
            <name>Elementary and secondary education</name>
          </item>
          <item>
            <name>Teaching, teachers, curricula</name>
          </item>
        </legislativeSubjects>
        <policyArea>
          <name>Education</name>
        </policyArea>
      </billSubjects>
    </subjects>
    <sponsors>
      <item>
        <party>R</party>
        <state>MO</state>
        <middleName />
        <bioguideId>G000546</bioguideId>
        <lastName>GRAVES</lastName>
        <firstName>SAM</firstName>
        <identifiers>
          <lisID>1656</lisID>
          <gpoId>8014</gpoId>
          <bioguideId>G000546</bioguideId>
        </identifiers>
        <fullName>Rep. Graves, Sam [R-MO-6]</fullName>
        <district>6</district>
        <byRequestType />
      </item>
    </sponsors>
    <summaries>
      <billSummaries>
        <item>
          <lastSummaryUpdateDate>2015-05-23T15:14:45Z</lastSummaryUpdateDate>
          <updateDate>2015-05-08T04:00:00Z</updateDate>
          <name>Introduced in House</name>
          <actionDate>2015-05-08</actionDate>
          <text><![CDATA[<p>Thanks and promotes the teaching profession by encouraging students, parents, school administrators, and public officials to participate in National Teacher Appreciation Week.</p>]]></text>
          <actionDesc>Introduced in House</actionDesc>
          <versionCode>00</versionCode>
        </item>
      </billSummaries>
    </summaries>
    <constitutionalAuthorityStatementText />
    <billType>HRES</billType>
    <title>Recognizing the roles and contributions of America's teachers to building and enhancing the Nation's civic, cultural, and economic well-being.</title>
    <policyArea>
      <name>Education</name>
    </policyArea>
    <congress>114</congress>
    <latestAction>
      <text>Referred to the House Committee on Education and the Workforce.</text>
      <actionDate>2015-05-08</actionDate>
      <links />
    </latestAction>
    <cboCostEstimates />
    <originChamber>House</originChamber>
    <notes />
    <committees>
      <billCommittees>
        <item>
          <type>Standing</type>
          <chamber>House</chamber>
          <activities>
            <item>
              <date>2015-05-08T15:00:15Z</date>
              <name>Referred to</name>
            </item>
          </activities>
          <subcommittees />
          <systemCode>hsed00</systemCode>
          <name>Education and the Workforce Committee</name>
        </item>
      </billCommittees>
    </committees>
    <calendarNumbers />
    <updateDate>2017-01-11T14:30:39Z</updateDate>
    <titles>
      <item>
        <chamberName />
        <title>Recognizing the roles and contributions of America's teachers to building and enhancing the Nation's civic, cultural, and economic well-being.</title>
        <chamberCode />
        <titleType>Official Title as Introduced</titleType>
        <parentTitleType />
      </item>
      <item>
        <chamberName />
        <title>Recognizing the roles and contributions of America's teachers to building and enhancing the Nation's civic, cultural, and economic well-being.</title>
        <chamberCode />
        <titleType>Display Title</titleType>
        <parentTitleType />
      </item>
    </titles>
  </bill>
  <dublinCore xmlns:dc="http://purl.org/dc/elements/1.1/">
    <dc:format>text/xml</dc:format>
    <dc:language>EN</dc:language>
    <dc:rights>Pursuant to Title 17 Section 105 of the United States Code, this file is not subject to copyright protection and is in the public domain.</dc:rights>
    <dc:contributor>Congressional Research Service, Library of Congress</dc:contributor>
    <dc:description>This file contains bill summaries and statuses for federal legislation. A bill summary describes the most significant provisions of a piece of legislation and details the effects the legislative text may have on current law and federal programs. Bill summaries are authored by the Congressional Research Service (CRS) of the Library of Congress. As stated in Public Law 91-510 (2 USC 166 (d)(6)), one of the duties of CRS is "to prepare summaries and digests of bills and resolutions of a public general nature introduced in the Senate or House of Representatives". For more information, refer to the User Guide that accompanies this file.</dc:description>
  </dublinCore>
</billStatus>

