<?xml version="1.0" encoding="UTF-8"?>
<billStatus>
  <bill>
    <committeeReports />
    <sponsors>
      <item>
        <middleName />
        <party>R</party>
        <fullName>Rep. McCarthy, Kevin [R-CA-23]</fullName>
        <state>CA</state>
        <byRequestType />
        <lastName>McCarthy</lastName>
        <district>23</district>
        <identifiers>
          <bioguideId>M001165</bioguideId>
          <gpoId>7827</gpoId>
          <lisID>1833</lisID>
        </identifiers>
        <firstName>Kevin</firstName>
        <bioguideId>M001165</bioguideId>
      </item>
    </sponsors>
    <recordedVotes />
    <updateDate>2017-01-14T22:03:18Z</updateDate>
    <actions>
      <actionTypeCounts>
        <passedAgreedToInHouse>1</passedAgreedToInHouse>
        <introducedInTheHouse>1</introducedInTheHouse>
        <motionToReconsiderResults>1</motionToReconsiderResults>
        <considerationByHouse>1</considerationByHouse>
        <passageOfAMeasure>1</passageOfAMeasure>
        <introducedInHouse>1</introducedInHouse>
      </actionTypeCounts>
      <item>
        <sourceSystem>
          <code>2</code>
          <name>House floor actions</name>
        </sourceSystem>
        <committee />
        <actionTime>18:59:59</actionTime>
        <text>Motion to reconsider laid on the table Agreed to without objection.</text>
        <actionCode>H38310</actionCode>
        <actionDate>2016-01-05</actionDate>
        <links />
        <type>Floor</type>
      </item>
      <item>
        <sourceSystem>
          <code>2</code>
          <name>House floor actions</name>
        </sourceSystem>
        <committee />
        <actionTime>18:59:56</actionTime>
        <text>On agreeing to the resolution Agreed to without objection. (text: CR H4)</text>
        <actionCode>H37100</actionCode>
        <actionDate>2016-01-05</actionDate>
        <links>
          <link>
            <name>H4</name>
            <url>https://www.congress.gov/congressional-record/volume-162/house-section/page/H4</url>
          </link>
        </links>
        <type>Floor</type>
      </item>
      <item>
        <sourceSystem>
          <code>9</code>
          <name>Library of Congress</name>
        </sourceSystem>
        <committee />
        <actionTime>18:59:56</actionTime>
        <text>Passed/agreed to in House: On agreeing to the resolution Agreed to without objection.(text: CR H4)</text>
        <actionCode>8000</actionCode>
        <actionDate>2016-01-05</actionDate>
        <links>
          <link>
            <name>H4</name>
            <url>https://www.congress.gov/congressional-record/volume-162/house-section/page/H4</url>
          </link>
        </links>
        <type>Floor</type>
      </item>
      <item>
        <sourceSystem>
          <code>2</code>
          <name>House floor actions</name>
        </sourceSystem>
        <committee />
        <actionTime>18:59:35</actionTime>
        <text>Considered as privileged matter. (consideration: CR H4)</text>
        <actionCode>H30000</actionCode>
        <actionDate>2016-01-05</actionDate>
        <links>
          <link>
            <name>H4</name>
            <url>https://www.congress.gov/congressional-record/volume-162/house-section/page/H4</url>
          </link>
        </links>
        <type>Floor</type>
      </item>
      <item>
        <sourceSystem>
          <code>9</code>
          <name>Library of Congress</name>
        </sourceSystem>
        <committee />
        <actionDate>2016-01-05</actionDate>
        <actionCode>Intro-H</actionCode>
        <text>Introduced in House</text>
        <links />
        <type>IntroReferral</type>
      </item>
      <item>
        <sourceSystem>
          <code>9</code>
          <name>Library of Congress</name>
        </sourceSystem>
        <committee />
        <actionDate>2016-01-05</actionDate>
        <actionCode>1000</actionCode>
        <text>Introduced in House</text>
        <links />
        <type>IntroReferral</type>
      </item>
      <actionByCounts>
        <houseOfRepresentatives>6</houseOfRepresentatives>
      </actionByCounts>
    </actions>
    <createDate>2016-01-06T09:47:48Z</createDate>
    <introducedDate>2016-01-05</introducedDate>
    <constitutionalAuthorityStatementText />
    <title>To inform the Senate that a quorum of the House has assembled.</title>
    <latestAction>
      <actionDate>2016-01-05</actionDate>
      <actionTime>18:59:59</actionTime>
      <links />
      <text>Motion to reconsider laid on the table Agreed to without objection.</text>
    </latestAction>
    <cosponsors />
    <originChamber>House</originChamber>
    <subjects>
      <billSubjects>
        <legislativeSubjects>
          <item>
            <name>Congressional operations and organization</name>
          </item>
          <item>
            <name>House of Representatives</name>
          </item>
        </legislativeSubjects>
        <policyArea>
          <name>Congress</name>
        </policyArea>
      </billSubjects>
    </subjects>
    <billType>HRES</billType>
    <policyArea>
      <name>Congress</name>
    </policyArea>
    <laws />
    <cboCostEstimates />
    <calendarNumbers />
    <amendments />
    <summaries>
      <billSummaries>
        <item>
          <text><![CDATA[<p>Directs the Clerk of the House of Representatives to inform the Senate that a quorum of the House is present and that the House is ready to proceed with business. </p>]]></text>
          <updateDate>2016-01-05T05:00:00Z</updateDate>
          <actionDate>2016-01-05</actionDate>
          <versionCode>00</versionCode>
          <actionDesc>Introduced in House</actionDesc>
          <lastSummaryUpdateDate>2016-01-13T17:34:40Z</lastSummaryUpdateDate>
          <name>Introduced in House</name>
        </item>
        <item>
          <text><![CDATA[<p>(This measure has not been amended since it was introduced. The summary of that version is repeated here.)</p> <p>Directs the Clerk of the House of Representatives to inform the Senate that a quorum of the House is present and that the House is ready to proceed with business. </p>]]></text>
          <updateDate>2016-01-05T15:24:10Z</updateDate>
          <actionDate>2016-01-05</actionDate>
          <versionCode>81</versionCode>
          <actionDesc>Passed House without amendment</actionDesc>
          <lastSummaryUpdateDate>2016-01-13T20:22:12Z</lastSummaryUpdateDate>
          <name>Passed House without amendment</name>
        </item>
      </billSummaries>
    </summaries>
    <titles>
      <item>
        <titleType>Official Title as Introduced</titleType>
        <title>To inform the Senate that a quorum of the House has assembled.</title>
        <chamberCode />
        <chamberName />
        <parentTitleType />
      </item>
      <item>
        <titleType>Display Title</titleType>
        <title>To inform the Senate that a quorum of the House has assembled.</title>
        <chamberCode />
        <chamberName />
        <parentTitleType />
      </item>
    </titles>
    <committees>
      <billCommittees />
    </committees>
    <billNumber>577</billNumber>
    <relatedBills />
    <notes />
    <congress>114</congress>
  </bill>
  <dublinCore xmlns:dc="http://purl.org/dc/elements/1.1/">
    <dc:format>text/xml</dc:format>
    <dc:language>EN</dc:language>
    <dc:rights>Pursuant to Title 17 Section 105 of the United States Code, this file is not subject to copyright protection and is in the public domain.</dc:rights>
    <dc:contributor>Congressional Research Service, Library of Congress</dc:contributor>
    <dc:description>This file contains bill summaries and statuses for federal legislation. A bill summary describes the most significant provisions of a piece of legislation and details the effects the legislative text may have on current law and federal programs. Bill summaries are authored by the Congressional Research Service (CRS) of the Library of Congress. As stated in Public Law 91-510 (2 USC 166 (d)(6)), one of the duties of CRS is "to prepare summaries and digests of bills and resolutions of a public general nature introduced in the Senate or House of Representatives". For more information, refer to the User Guide that accompanies this file.</dc:description>
  </dublinCore>
</billStatus>

