<?xml version="1.0" encoding="UTF-8"?>
<billStatus>
  <bill>
    <cosponsors />
    <laws />
    <congress>114</congress>
    <billNumber>457</billNumber>
    <billType>HRES</billType>
    <cboCostEstimates />
    <policyArea>
      <name>Congress</name>
    </policyArea>
    <amendments />
    <notes />
    <constitutionalAuthorityStatementText />
    <recordedVotes />
    <summaries>
      <billSummaries>
        <item>
          <text><![CDATA[<p>Amends Rule XIV (Order and Priority of Business) of the Rules of the House of Representatives to require the House to be in session at least: (1) 40 hours each week other than a week that is designated as a district work period, and (2) 8 hours per day for the remaining days of any week in which a legal holiday occurs (other than such designated week).</p>]]></text>
          <actionDesc>Introduced in House</actionDesc>
          <name>Introduced in House</name>
          <versionCode>00</versionCode>
          <actionDate>2015-10-01</actionDate>
          <lastSummaryUpdateDate>2015-10-05T19:11:57Z</lastSummaryUpdateDate>
          <updateDate>2015-10-01T04:00:00Z</updateDate>
        </item>
      </billSummaries>
    </summaries>
    <updateDate>2017-01-11T14:31:38Z</updateDate>
    <originChamber>House</originChamber>
    <actions>
      <actionByCounts>
        <houseOfRepresentatives>3</houseOfRepresentatives>
      </actionByCounts>
      <item>
        <actionDate>2015-10-01</actionDate>
        <type>IntroReferral</type>
        <actionCode>H11100</actionCode>
        <committee>
          <name>Rules Committee</name>
          <systemCode>hsru00</systemCode>
        </committee>
        <text>Referred to the House Committee on Rules.</text>
        <sourceSystem>
          <name>House floor actions</name>
          <code>2</code>
        </sourceSystem>
        <links />
      </item>
      <item>
        <actionDate>2015-10-01</actionDate>
        <type>IntroReferral</type>
        <actionCode>Intro-H</actionCode>
        <committee />
        <text>Introduced in House</text>
        <sourceSystem>
          <name>Library of Congress</name>
          <code>9</code>
        </sourceSystem>
        <links />
      </item>
      <item>
        <actionDate>2015-10-01</actionDate>
        <type>IntroReferral</type>
        <actionCode>1000</actionCode>
        <committee />
        <text>Introduced in House</text>
        <sourceSystem>
          <name>Library of Congress</name>
          <code>9</code>
        </sourceSystem>
        <links />
      </item>
      <actionTypeCounts>
        <billReferrals>1</billReferrals>
        <introducedInTheHouse>1</introducedInTheHouse>
        <introducedInHouse>1</introducedInHouse>
      </actionTypeCounts>
    </actions>
    <committeeReports />
    <subjects>
      <billSubjects>
        <legislativeSubjects>
          <item>
            <name>Congressional operations and organization</name>
          </item>
          <item>
            <name>House of Representatives</name>
          </item>
          <item>
            <name>Legislative rules and procedure</name>
          </item>
        </legislativeSubjects>
        <policyArea>
          <name>Congress</name>
        </policyArea>
      </billSubjects>
    </subjects>
    <titles>
      <item>
        <title>Amending the Rules of the House of Representatives to require that the House be in session at least 40 hours each week other than a week that is designated as a district work period.</title>
        <titleType>Official Title as Introduced</titleType>
        <parentTitleType />
        <chamberCode />
        <chamberName />
      </item>
      <item>
        <title>Amending the Rules of the House of Representatives to require that the House be in session at least 40 hours each week other than a week that is designated as a district work period.</title>
        <titleType>Display Title</titleType>
        <parentTitleType />
        <chamberCode />
        <chamberName />
      </item>
    </titles>
    <relatedBills />
    <calendarNumbers />
    <title>Amending the Rules of the House of Representatives to require that the House be in session at least 40 hours each week other than a week that is designated as a district work period.</title>
    <introducedDate>2015-10-01</introducedDate>
    <latestAction>
      <actionDate>2015-10-01</actionDate>
      <text>Referred to the House Committee on Rules.</text>
      <links />
    </latestAction>
    <createDate>2015-10-02T12:56:10Z</createDate>
    <committees>
      <billCommittees>
        <item>
          <chamber>House</chamber>
          <name>Rules Committee</name>
          <systemCode>hsru00</systemCode>
          <type>Standing</type>
          <subcommittees />
          <activities>
            <item>
              <date>2015-10-01T13:03:00Z</date>
              <name>Referred to</name>
            </item>
          </activities>
        </item>
      </billCommittees>
    </committees>
    <sponsors>
      <item>
        <fullName>Rep. Jolly, David W. [R-FL-13]</fullName>
        <firstName>David</firstName>
        <bioguideId>J000296</bioguideId>
        <party>R</party>
        <middleName>W.</middleName>
        <byRequestType />
        <district>13</district>
        <state>FL</state>
        <lastName>Jolly</lastName>
        <identifiers>
          <lisID>2199</lisID>
          <gpoId />
          <bioguideId>J000296</bioguideId>
        </identifiers>
      </item>
    </sponsors>
  </bill>
  <dublinCore xmlns:dc="http://purl.org/dc/elements/1.1/">
    <dc:format>text/xml</dc:format>
    <dc:language>EN</dc:language>
    <dc:rights>Pursuant to Title 17 Section 105 of the United States Code, this file is not subject to copyright protection and is in the public domain.</dc:rights>
    <dc:contributor>Congressional Research Service, Library of Congress</dc:contributor>
    <dc:description>This file contains bill summaries and statuses for federal legislation. A bill summary describes the most significant provisions of a piece of legislation and details the effects the legislative text may have on current law and federal programs. Bill summaries are authored by the Congressional Research Service (CRS) of the Library of Congress. As stated in Public Law 91-510 (2 USC 166 (d)(6)), one of the duties of CRS is "to prepare summaries and digests of bills and resolutions of a public general nature introduced in the Senate or House of Representatives". For more information, refer to the User Guide that accompanies this file.</dc:description>
  </dublinCore>
</billStatus>

