<?xml version="1.0" encoding="UTF-8"?>
<billStatus>
  <bill>
    <congress>114</congress>
    <billNumber>145</billNumber>
    <cosponsors>
      <item>
        <firstName>JANICE</firstName>
        <middleName>D.</middleName>
        <bioguideId>S001145</bioguideId>
        <sponsorshipWithdrawnDate />
        <fullName>Rep. Schakowsky, Janice D. [D-IL-9]</fullName>
        <identifiers>
          <lisID>1588</lisID>
          <gpoId>7929</gpoId>
          <bioguideId>S001145</bioguideId>
        </identifiers>
        <lastName>SCHAKOWSKY</lastName>
        <party>D</party>
        <isOriginalCosponsor>True</isOriginalCosponsor>
        <state>IL</state>
        <sponsorshipDate>2015-03-04</sponsorshipDate>
        <district>9</district>
      </item>
      <item>
        <firstName>CORRINE</firstName>
        <middleName />
        <bioguideId>B000911</bioguideId>
        <sponsorshipWithdrawnDate />
        <fullName>Rep. Brown, Corrine [D-FL-5]</fullName>
        <identifiers>
          <lisID>132</lisID>
          <gpoId>7875</gpoId>
          <bioguideId>B000911</bioguideId>
        </identifiers>
        <lastName>BROWN</lastName>
        <party>D</party>
        <isOriginalCosponsor>False</isOriginalCosponsor>
        <state>FL</state>
        <sponsorshipDate>2015-05-12</sponsorshipDate>
        <district>5</district>
      </item>
      <item>
        <firstName>MICHAEL</firstName>
        <middleName>E.</middleName>
        <bioguideId>C001037</bioguideId>
        <sponsorshipWithdrawnDate />
        <fullName>Rep. Capuano, Michael E. [D-MA-7]</fullName>
        <identifiers>
          <bioguideId>C001037</bioguideId>
          <gpoId>7973</gpoId>
          <lisID>1564</lisID>
        </identifiers>
        <lastName>CAPUANO</lastName>
        <party>D</party>
        <isOriginalCosponsor>False</isOriginalCosponsor>
        <state>MA</state>
        <sponsorshipDate>2015-05-12</sponsorshipDate>
        <district>7</district>
      </item>
      <item>
        <firstName>DIANA</firstName>
        <middleName />
        <bioguideId>D000197</bioguideId>
        <sponsorshipWithdrawnDate />
        <fullName>Rep. DeGette, Diana [D-CO-1]</fullName>
        <identifiers>
          <lisID>1479</lisID>
          <gpoId>7859</gpoId>
          <bioguideId>D000197</bioguideId>
        </identifiers>
        <lastName>DEGETTE</lastName>
        <party>D</party>
        <isOriginalCosponsor>False</isOriginalCosponsor>
        <state>CO</state>
        <sponsorshipDate>2015-05-12</sponsorshipDate>
        <district>1</district>
      </item>
      <item>
        <firstName>LLOYD</firstName>
        <middleName />
        <bioguideId>D000399</bioguideId>
        <sponsorshipWithdrawnDate />
        <fullName>Rep. Doggett, Lloyd [D-TX-35]</fullName>
        <identifiers>
          <lisID>303</lisID>
          <gpoId>8181</gpoId>
          <bioguideId>D000399</bioguideId>
        </identifiers>
        <lastName>DOGGETT</lastName>
        <party>D</party>
        <isOriginalCosponsor>False</isOriginalCosponsor>
        <state>TX</state>
        <sponsorshipDate>2015-05-12</sponsorshipDate>
        <district>35</district>
      </item>
      <item>
        <firstName>Keith</firstName>
        <middleName />
        <bioguideId>E000288</bioguideId>
        <sponsorshipWithdrawnDate />
        <fullName>Rep. Ellison, Keith [D-MN-5]</fullName>
        <identifiers>
          <gpoId>8005</gpoId>
          <bioguideId>E000288</bioguideId>
          <lisID>1857</lisID>
        </identifiers>
        <lastName>Ellison</lastName>
        <party>D</party>
        <isOriginalCosponsor>False</isOriginalCosponsor>
        <state>MN</state>
        <sponsorshipDate>2015-05-12</sponsorshipDate>
        <district>5</district>
      </item>
      <item>
        <firstName>Raul</firstName>
        <middleName>M.</middleName>
        <bioguideId>G000551</bioguideId>
        <sponsorshipWithdrawnDate />
        <fullName>Rep. Grijalva, Raul M. [D-AZ-3]</fullName>
        <identifiers>
          <lisID>1708</lisID>
          <gpoId>7804</gpoId>
          <bioguideId>G000551</bioguideId>
        </identifiers>
        <lastName>Grijalva</lastName>
        <party>D</party>
        <isOriginalCosponsor>False</isOriginalCosponsor>
        <state>AZ</state>
        <sponsorshipDate>2015-05-12</sponsorshipDate>
        <district>3</district>
      </item>
      <item>
        <firstName>Jared</firstName>
        <middleName />
        <bioguideId>H001068</bioguideId>
        <sponsorshipWithdrawnDate />
        <fullName>Rep. Huffman, Jared [D-CA-2]</fullName>
        <identifiers>
          <bioguideId>H001068</bioguideId>
          <lisID>2101</lisID>
          <gpoId />
        </identifiers>
        <lastName>Huffman</lastName>
        <party>D</party>
        <isOriginalCosponsor>False</isOriginalCosponsor>
        <state>CA</state>
        <sponsorshipDate>2015-05-12</sponsorshipDate>
        <district>2</district>
      </item>
      <item>
        <firstName>William</firstName>
        <middleName>R.</middleName>
        <bioguideId>K000375</bioguideId>
        <sponsorshipWithdrawnDate />
        <fullName>Rep. Keating, William R. [D-MA-9]</fullName>
        <identifiers>
          <lisID>2025</lisID>
          <gpoId>7975</gpoId>
          <bioguideId>K000375</bioguideId>
        </identifiers>
        <lastName>Keating</lastName>
        <party>D</party>
        <isOriginalCosponsor>False</isOriginalCosponsor>
        <state>MA</state>
        <sponsorshipDate>2015-05-12</sponsorshipDate>
        <district>9</district>
      </item>
      <item>
        <firstName>ZOE</firstName>
        <middleName />
        <bioguideId>L000397</bioguideId>
        <sponsorshipWithdrawnDate />
        <fullName>Rep. Lofgren, Zoe [D-CA-19]</fullName>
        <identifiers>
          <lisID>701</lisID>
          <gpoId>7821</gpoId>
          <bioguideId>L000397</bioguideId>
        </identifiers>
        <lastName>LOFGREN</lastName>
        <party>D</party>
        <isOriginalCosponsor>False</isOriginalCosponsor>
        <state>CA</state>
        <sponsorshipDate>2015-05-12</sponsorshipDate>
        <district>19</district>
      </item>
      <item>
        <firstName>NITA</firstName>
        <middleName>M.</middleName>
        <bioguideId>L000480</bioguideId>
        <sponsorshipWithdrawnDate />
        <fullName>Rep. Lowey, Nita M. [D-NY-17]</fullName>
        <identifiers>
          <bioguideId>L000480</bioguideId>
          <gpoId>8079</gpoId>
          <lisID>709</lisID>
        </identifiers>
        <lastName>LOWEY</lastName>
        <party>D</party>
        <isOriginalCosponsor>False</isOriginalCosponsor>
        <state>NY</state>
        <sponsorshipDate>2015-05-12</sponsorshipDate>
        <district>17</district>
      </item>
      <item>
        <firstName>Jerry</firstName>
        <middleName />
        <bioguideId>M001166</bioguideId>
        <sponsorshipWithdrawnDate />
        <fullName>Rep. McNerney, Jerry [D-CA-9]</fullName>
        <identifiers>
          <bioguideId>M001166</bioguideId>
          <lisID>1832</lisID>
          <gpoId>7816</gpoId>
        </identifiers>
        <lastName>McNerney</lastName>
        <party>D</party>
        <isOriginalCosponsor>False</isOriginalCosponsor>
        <state>CA</state>
        <sponsorshipDate>2015-05-12</sponsorshipDate>
        <district>9</district>
      </item>
      <item>
        <firstName>ELEANOR</firstName>
        <middleName>HOLMES</middleName>
        <bioguideId>N000147</bioguideId>
        <sponsorshipWithdrawnDate />
        <fullName>Rep. Norton, Eleanor Holmes [D-DC-At Large]</fullName>
        <identifiers>
          <bioguideId>N000147</bioguideId>
          <gpoId>7871</gpoId>
          <lisID>868</lisID>
        </identifiers>
        <lastName>NORTON</lastName>
        <party>D</party>
        <isOriginalCosponsor>False</isOriginalCosponsor>
        <state>DC</state>
        <sponsorshipDate>2015-05-12</sponsorshipDate>
        <district>0</district>
      </item>
      <item>
        <firstName>Donald</firstName>
        <middleName>M.</middleName>
        <bioguideId>P000604</bioguideId>
        <sponsorshipWithdrawnDate />
        <fullName>Rep. Payne, Donald M., Jr. [D-NJ-10]</fullName>
        <identifiers>
          <bioguideId>P000604</bioguideId>
          <lisID>2097</lisID>
          <gpoId>8373</gpoId>
        </identifiers>
        <lastName>Payne</lastName>
        <party>D</party>
        <isOriginalCosponsor>False</isOriginalCosponsor>
        <state>NJ</state>
        <sponsorshipDate>2015-05-12</sponsorshipDate>
        <district>10</district>
      </item>
      <item>
        <firstName>Scott</firstName>
        <middleName>H.</middleName>
        <bioguideId>P000608</bioguideId>
        <sponsorshipWithdrawnDate />
        <fullName>Rep. Peters, Scott H. [D-CA-52]</fullName>
        <identifiers>
          <gpoId />
          <bioguideId>P000608</bioguideId>
          <lisID>2113</lisID>
        </identifiers>
        <lastName>Peters</lastName>
        <party>D</party>
        <isOriginalCosponsor>False</isOriginalCosponsor>
        <state>CA</state>
        <sponsorshipDate>2015-05-12</sponsorshipDate>
        <district>52</district>
      </item>
      <item>
        <firstName>Mark</firstName>
        <middleName />
        <bioguideId>T000472</bioguideId>
        <sponsorshipWithdrawnDate />
        <fullName>Rep. Takano, Mark [D-CA-41]</fullName>
        <identifiers>
          <lisID>2110</lisID>
          <gpoId />
          <bioguideId>T000472</bioguideId>
        </identifiers>
        <lastName>Takano</lastName>
        <party>D</party>
        <isOriginalCosponsor>False</isOriginalCosponsor>
        <state>CA</state>
        <sponsorshipDate>2015-05-12</sponsorshipDate>
        <district>41</district>
      </item>
      <item>
        <firstName>Chris</firstName>
        <middleName />
        <bioguideId>V000128</bioguideId>
        <sponsorshipWithdrawnDate />
        <fullName>Rep. Van Hollen, Chris [D-MD-8]</fullName>
        <identifiers>
          <bioguideId>V000128</bioguideId>
          <gpoId>7983</gpoId>
          <lisID>1729</lisID>
        </identifiers>
        <lastName>Van Hollen</lastName>
        <party>D</party>
        <isOriginalCosponsor>False</isOriginalCosponsor>
        <state>MD</state>
        <sponsorshipDate>2015-05-12</sponsorshipDate>
        <district>8</district>
      </item>
      <item>
        <firstName>Andre</firstName>
        <middleName />
        <bioguideId>C001072</bioguideId>
        <sponsorshipWithdrawnDate />
        <fullName>Rep. Carson, Andre [D-IN-7]</fullName>
        <identifiers>
          <lisID>1889</lisID>
          <gpoId>7946</gpoId>
          <bioguideId>C001072</bioguideId>
        </identifiers>
        <lastName>Carson</lastName>
        <party>D</party>
        <isOriginalCosponsor>False</isOriginalCosponsor>
        <state>IN</state>
        <sponsorshipDate>2015-06-09</sponsorshipDate>
        <district>7</district>
      </item>
      <item>
        <firstName>Donna</firstName>
        <middleName>F.</middleName>
        <bioguideId>E000290</bioguideId>
        <sponsorshipWithdrawnDate />
        <fullName>Rep. Edwards, Donna F. [D-MD-4]</fullName>
        <identifiers>
          <bioguideId>E000290</bioguideId>
          <lisID>1894</lisID>
          <gpoId>7979</gpoId>
        </identifiers>
        <lastName>Edwards</lastName>
        <party>D</party>
        <isOriginalCosponsor>False</isOriginalCosponsor>
        <state>MD</state>
        <sponsorshipDate>2015-06-09</sponsorshipDate>
        <district>4</district>
      </item>
      <item>
        <firstName>Ted</firstName>
        <middleName />
        <bioguideId>L000582</bioguideId>
        <sponsorshipWithdrawnDate />
        <fullName>Rep. Lieu, Ted [D-CA-33]</fullName>
        <identifiers>
          <lisID>2230</lisID>
          <gpoId />
          <bioguideId>L000582</bioguideId>
        </identifiers>
        <lastName>Lieu</lastName>
        <party>D</party>
        <isOriginalCosponsor>False</isOriginalCosponsor>
        <state>CA</state>
        <sponsorshipDate>2015-07-14</sponsorshipDate>
        <district>33</district>
      </item>
      <item>
        <firstName>SAM</firstName>
        <middleName />
        <bioguideId>F000030</bioguideId>
        <sponsorshipWithdrawnDate />
        <fullName>Rep. Farr, Sam [D-CA-20]</fullName>
        <identifiers>
          <lisID>368</lisID>
          <gpoId>7822</gpoId>
          <bioguideId>F000030</bioguideId>
        </identifiers>
        <lastName>FARR</lastName>
        <party>D</party>
        <isOriginalCosponsor>False</isOriginalCosponsor>
        <state>CA</state>
        <sponsorshipDate>2015-09-08</sponsorshipDate>
        <district>20</district>
      </item>
      <item>
        <firstName>ADAM</firstName>
        <middleName />
        <bioguideId>S000510</bioguideId>
        <sponsorshipWithdrawnDate />
        <fullName>Rep. Smith, Adam [D-WA-9]</fullName>
        <identifiers>
          <lisID>1528</lisID>
          <gpoId>8213</gpoId>
          <bioguideId>S000510</bioguideId>
        </identifiers>
        <lastName>SMITH</lastName>
        <party>D</party>
        <isOriginalCosponsor>False</isOriginalCosponsor>
        <state>WA</state>
        <sponsorshipDate>2015-09-08</sponsorshipDate>
        <district>9</district>
      </item>
      <item>
        <firstName>MAXINE</firstName>
        <middleName />
        <bioguideId>W000187</bioguideId>
        <sponsorshipWithdrawnDate />
        <fullName>Rep. Waters, Maxine [D-CA-43]</fullName>
        <identifiers>
          <bioguideId>W000187</bioguideId>
          <lisID>1205</lisID>
          <gpoId>7840</gpoId>
        </identifiers>
        <lastName>WATERS</lastName>
        <party>D</party>
        <isOriginalCosponsor>False</isOriginalCosponsor>
        <state>CA</state>
        <sponsorshipDate>2015-09-08</sponsorshipDate>
        <district>43</district>
      </item>
      <item>
        <firstName>SHEILA</firstName>
        <middleName />
        <bioguideId>J000032</bioguideId>
        <sponsorshipWithdrawnDate />
        <fullName>Rep. Jackson Lee, Sheila [D-TX-18]</fullName>
        <identifiers>
          <gpoId>8174</gpoId>
          <bioguideId>J000032</bioguideId>
          <lisID>588</lisID>
        </identifiers>
        <lastName>JACKSON LEE</lastName>
        <party>D</party>
        <isOriginalCosponsor>False</isOriginalCosponsor>
        <state>TX</state>
        <sponsorshipDate>2015-09-08</sponsorshipDate>
        <district>18</district>
      </item>
      <item>
        <firstName>JAMES</firstName>
        <middleName>P.</middleName>
        <bioguideId>M000312</bioguideId>
        <sponsorshipWithdrawnDate />
        <fullName>Rep. McGovern, James P. [D-MA-2]</fullName>
        <identifiers>
          <lisID>1504</lisID>
          <gpoId>7968</gpoId>
          <bioguideId>M000312</bioguideId>
        </identifiers>
        <lastName>MCGOVERN</lastName>
        <party>D</party>
        <isOriginalCosponsor>False</isOriginalCosponsor>
        <state>MA</state>
        <sponsorshipDate>2015-09-08</sponsorshipDate>
        <district>2</district>
      </item>
      <item>
        <firstName>FRANK</firstName>
        <middleName />
        <bioguideId>P000034</bioguideId>
        <sponsorshipWithdrawnDate />
        <fullName>Rep. Pallone, Frank, Jr. [D-NJ-6]</fullName>
        <identifiers>
          <gpoId>8048</gpoId>
          <bioguideId>P000034</bioguideId>
          <lisID>887</lisID>
        </identifiers>
        <lastName>PALLONE</lastName>
        <party>D</party>
        <isOriginalCosponsor>False</isOriginalCosponsor>
        <state>NJ</state>
        <sponsorshipDate>2015-09-08</sponsorshipDate>
        <district>6</district>
      </item>
      <item>
        <firstName>Judy</firstName>
        <middleName />
        <bioguideId>C001080</bioguideId>
        <sponsorshipWithdrawnDate />
        <fullName>Rep. Chu, Judy [D-CA-27]</fullName>
        <identifiers>
          <lisID>1970</lisID>
          <gpoId>7837</gpoId>
          <bioguideId>C001080</bioguideId>
        </identifiers>
        <lastName>Chu</lastName>
        <party>D</party>
        <isOriginalCosponsor>False</isOriginalCosponsor>
        <state>CA</state>
        <sponsorshipDate>2015-09-08</sponsorshipDate>
        <district>27</district>
      </item>
      <item>
        <firstName>ELIOT</firstName>
        <middleName>L.</middleName>
        <bioguideId>E000179</bioguideId>
        <sponsorshipWithdrawnDate />
        <fullName>Rep. Engel, Eliot L. [D-NY-16]</fullName>
        <identifiers>
          <lisID>344</lisID>
          <gpoId>8078</gpoId>
          <bioguideId>E000179</bioguideId>
        </identifiers>
        <lastName>ENGEL</lastName>
        <party>D</party>
        <isOriginalCosponsor>False</isOriginalCosponsor>
        <state>NY</state>
        <sponsorshipDate>2015-09-09</sponsorshipDate>
        <district>16</district>
      </item>
      <item>
        <firstName>Alan</firstName>
        <middleName>S.</middleName>
        <bioguideId>L000579</bioguideId>
        <sponsorshipWithdrawnDate />
        <fullName>Rep. Lowenthal, Alan S. [D-CA-47]</fullName>
        <identifiers>
          <bioguideId>L000579</bioguideId>
          <lisID>2111</lisID>
          <gpoId />
        </identifiers>
        <lastName>Lowenthal</lastName>
        <party>D</party>
        <isOriginalCosponsor>False</isOriginalCosponsor>
        <state>CA</state>
        <sponsorshipDate>2015-09-11</sponsorshipDate>
        <district>47</district>
      </item>
      <item>
        <firstName>Mark</firstName>
        <middleName />
        <bioguideId>P000607</bioguideId>
        <sponsorshipWithdrawnDate />
        <fullName>Rep. Pocan, Mark [D-WI-2]</fullName>
        <identifiers>
          <bioguideId>P000607</bioguideId>
          <lisID>2171</lisID>
          <gpoId />
        </identifiers>
        <lastName>Pocan</lastName>
        <party>D</party>
        <isOriginalCosponsor>False</isOriginalCosponsor>
        <state>WI</state>
        <sponsorshipDate>2015-09-25</sponsorshipDate>
        <district>2</district>
      </item>
      <item>
        <firstName>Debbie</firstName>
        <middleName />
        <bioguideId>W000797</bioguideId>
        <sponsorshipWithdrawnDate />
        <fullName>Rep. Wasserman Schultz, Debbie [D-FL-23]</fullName>
        <identifiers>
          <lisID>1777</lisID>
          <gpoId>7892</gpoId>
          <bioguideId>W000797</bioguideId>
        </identifiers>
        <lastName>Wasserman Schultz</lastName>
        <party>D</party>
        <isOriginalCosponsor>False</isOriginalCosponsor>
        <state>FL</state>
        <sponsorshipDate>2015-10-22</sponsorshipDate>
        <district>23</district>
      </item>
      <item>
        <firstName>BOBBY</firstName>
        <middleName>L.</middleName>
        <bioguideId>R000515</bioguideId>
        <sponsorshipWithdrawnDate />
        <fullName>Rep. Rush, Bobby L. [D-IL-1]</fullName>
        <identifiers>
          <bioguideId>R000515</bioguideId>
          <gpoId>7921</gpoId>
          <lisID>1003</lisID>
        </identifiers>
        <lastName>RUSH</lastName>
        <party>D</party>
        <isOriginalCosponsor>False</isOriginalCosponsor>
        <state>IL</state>
        <sponsorshipDate>2015-10-22</sponsorshipDate>
        <district>1</district>
      </item>
      <item>
        <firstName>BARBARA</firstName>
        <middleName />
        <bioguideId>L000551</bioguideId>
        <sponsorshipWithdrawnDate />
        <fullName>Rep. Lee, Barbara [D-CA-13]</fullName>
        <identifiers>
          <gpoId>7814</gpoId>
          <bioguideId>L000551</bioguideId>
          <lisID>1501</lisID>
        </identifiers>
        <lastName>LEE</lastName>
        <party>D</party>
        <isOriginalCosponsor>False</isOriginalCosponsor>
        <state>CA</state>
        <sponsorshipDate>2015-10-22</sponsorshipDate>
        <district>13</district>
      </item>
      <item>
        <firstName>EDDIE</firstName>
        <middleName>BERNICE</middleName>
        <bioguideId>J000126</bioguideId>
        <sponsorshipWithdrawnDate />
        <fullName>Rep. Johnson, Eddie Bernice [D-TX-30]</fullName>
        <identifiers>
          <lisID>599</lisID>
          <gpoId>8186</gpoId>
          <bioguideId>J000126</bioguideId>
        </identifiers>
        <lastName>JOHNSON</lastName>
        <party>D</party>
        <isOriginalCosponsor>False</isOriginalCosponsor>
        <state>TX</state>
        <sponsorshipDate>2015-10-22</sponsorshipDate>
        <district>30</district>
      </item>
      <item>
        <firstName>SANDER</firstName>
        <middleName>M.</middleName>
        <bioguideId>L000263</bioguideId>
        <sponsorshipWithdrawnDate />
        <fullName>Rep. Levin, Sander M. [D-MI-9]</fullName>
        <identifiers>
          <lisID>683</lisID>
          <gpoId>7997</gpoId>
          <bioguideId>L000263</bioguideId>
        </identifiers>
        <lastName>LEVIN</lastName>
        <party>D</party>
        <isOriginalCosponsor>False</isOriginalCosponsor>
        <state>MI</state>
        <sponsorshipDate>2015-10-22</sponsorshipDate>
        <district>9</district>
      </item>
      <item>
        <firstName>Theodore</firstName>
        <middleName>E.</middleName>
        <bioguideId>D000610</bioguideId>
        <sponsorshipWithdrawnDate />
        <fullName>Rep. Deutch, Theodore E. [D-FL-21]</fullName>
        <identifiers>
          <bioguideId>D000610</bioguideId>
          <lisID>1976</lisID>
          <gpoId>7891</gpoId>
        </identifiers>
        <lastName>Deutch</lastName>
        <party>D</party>
        <isOriginalCosponsor>False</isOriginalCosponsor>
        <state>FL</state>
        <sponsorshipDate>2015-10-22</sponsorshipDate>
        <district>21</district>
      </item>
      <item>
        <firstName>Gwen</firstName>
        <middleName />
        <bioguideId>M001160</bioguideId>
        <sponsorshipWithdrawnDate />
        <fullName>Rep. Moore, Gwen [D-WI-4]</fullName>
        <identifiers>
          <lisID>1811</lisID>
          <gpoId>8217</gpoId>
          <bioguideId>M001160</bioguideId>
        </identifiers>
        <lastName>Moore</lastName>
        <party>D</party>
        <isOriginalCosponsor>False</isOriginalCosponsor>
        <state>WI</state>
        <sponsorshipDate>2015-11-02</sponsorshipDate>
        <district>4</district>
      </item>
      <item>
        <firstName>MICHAEL</firstName>
        <middleName>M.</middleName>
        <bioguideId>H001034</bioguideId>
        <sponsorshipWithdrawnDate />
        <fullName>Rep. Honda, Michael M. [D-CA-17]</fullName>
        <identifiers>
          <lisID>1634</lisID>
          <gpoId>7820</gpoId>
          <bioguideId>H001034</bioguideId>
        </identifiers>
        <lastName>HONDA</lastName>
        <party>D</party>
        <isOriginalCosponsor>False</isOriginalCosponsor>
        <state>CA</state>
        <sponsorshipDate>2015-11-02</sponsorshipDate>
        <district>17</district>
      </item>
      <item>
        <firstName>BETTY</firstName>
        <middleName />
        <bioguideId>M001143</bioguideId>
        <sponsorshipWithdrawnDate />
        <fullName>Rep. McCollum, Betty [D-MN-4]</fullName>
        <identifiers>
          <gpoId>8004</gpoId>
          <bioguideId>M001143</bioguideId>
          <lisID>1653</lisID>
        </identifiers>
        <lastName>MCCOLLUM</lastName>
        <party>D</party>
        <isOriginalCosponsor>False</isOriginalCosponsor>
        <state>MN</state>
        <sponsorshipDate>2015-12-10</sponsorshipDate>
        <district>4</district>
      </item>
      <item>
        <firstName>Peter</firstName>
        <middleName />
        <bioguideId>W000800</bioguideId>
        <sponsorshipWithdrawnDate />
        <fullName>Rep. Welch, Peter [D-VT-At Large]</fullName>
        <identifiers>
          <lisID>1879</lisID>
          <gpoId>8204</gpoId>
          <bioguideId>W000800</bioguideId>
        </identifiers>
        <lastName>Welch</lastName>
        <party>D</party>
        <isOriginalCosponsor>False</isOriginalCosponsor>
        <state>VT</state>
        <sponsorshipDate>2015-12-17</sponsorshipDate>
        <district>0</district>
      </item>
    </cosponsors>
    <subjects>
      <billSubjects>
        <policyArea>
          <name>International Affairs</name>
        </policyArea>
        <legislativeSubjects>
          <item>
            <name>Congressional oversight</name>
          </item>
          <item>
            <name>Human rights</name>
          </item>
          <item>
            <name>International law and treaties</name>
          </item>
          <item>
            <name>Senate</name>
          </item>
          <item>
            <name>Sex, gender, sexual orientation discrimination</name>
          </item>
          <item>
            <name>Women's rights</name>
          </item>
        </legislativeSubjects>
      </billSubjects>
    </subjects>
    <relatedBills />
    <constitutionalAuthorityStatementText />
    <updateDate>2017-01-11T14:30:12Z</updateDate>
    <actions>
      <item>
        <actionDate>2015-03-20</actionDate>
        <committee>
          <name>Africa, Global Health, Global Human Rights and International Organizations Subcommittee</name>
          <systemCode>hsfa16</systemCode>
        </committee>
        <links />
        <sourceSystem>
          <name>House committee actions</name>
          <code>1</code>
        </sourceSystem>
        <text>Referred to the Subcommittee on Africa, Global Health, Global Human Rights and International Organizations.</text>
        <type>Committee</type>
      </item>
      <item>
        <type>IntroReferral</type>
        <committee>
          <name>Foreign Affairs Committee</name>
          <systemCode>hsfa00</systemCode>
        </committee>
        <links />
        <actionDate>2015-03-04</actionDate>
        <text>Referred to the House Committee on Foreign Affairs.</text>
        <actionCode>H11100</actionCode>
        <sourceSystem>
          <name>House floor actions</name>
          <code>2</code>
        </sourceSystem>
      </item>
      <item>
        <type>IntroReferral</type>
        <committee />
        <links>
          <link>
            <name>E304</name>
            <url>https://www.congress.gov/congressional-record/volume-161/extensions-of-remarks-section/page/E304</url>
          </link>
        </links>
        <actionDate>2015-03-04</actionDate>
        <text>Sponsor introductory remarks on measure. (CR E304)</text>
        <actionCode>B00100</actionCode>
        <sourceSystem>
          <name>Library of Congress</name>
          <code>9</code>
        </sourceSystem>
      </item>
      <item>
        <type>IntroReferral</type>
        <committee />
        <links />
        <actionDate>2015-03-04</actionDate>
        <text>Introduced in House</text>
        <actionCode>Intro-H</actionCode>
        <sourceSystem>
          <name>Library of Congress</name>
          <code>9</code>
        </sourceSystem>
      </item>
      <item>
        <type>IntroReferral</type>
        <committee />
        <links />
        <actionDate>2015-03-04</actionDate>
        <text>Introduced in House</text>
        <actionCode>1000</actionCode>
        <sourceSystem>
          <name>Library of Congress</name>
          <code>9</code>
        </sourceSystem>
      </item>
      <actionByCounts>
        <houseOfRepresentatives>4</houseOfRepresentatives>
      </actionByCounts>
      <actionTypeCounts>
        <placeholderTextForH>1</placeholderTextForH>
        <placeholderTextForB>1</placeholderTextForB>
        <billReferrals>1</billReferrals>
        <introducedInTheHouse>1</introducedInTheHouse>
        <introducedInHouse>1</introducedInHouse>
      </actionTypeCounts>
    </actions>
    <summaries>
      <billSummaries>
        <item>
          <actionDate>2015-03-04</actionDate>
          <name>Introduced in House</name>
          <actionDesc>Introduced in House</actionDesc>
          <updateDate>2015-03-04T05:00:00Z</updateDate>
          <text><![CDATA[<p>Expresses the sense of the House of Representatives that: (1) the full realization of the rights of women is vital to the development and well-being of people of all nations; and (2) the Senate should, therefore, give its advice and consent to the ratification of the Convention on the Elimination of All Forms of Discrimination Against Women. </p>]]></text>
          <lastSummaryUpdateDate>2015-03-24T22:12:17Z</lastSummaryUpdateDate>
          <versionCode>00</versionCode>
        </item>
      </billSummaries>
    </summaries>
    <billType>HRES</billType>
    <committeeReports />
    <originChamber>House</originChamber>
    <notes />
    <policyArea>
      <name>International Affairs</name>
    </policyArea>
    <title>Expressing the sense of the House of Representatives that the Senate should ratify the Convention on the Elimination of All Forms of Discrimination Against Women (CEDAW).</title>
    <createDate>2015-03-05T05:59:24Z</createDate>
    <sponsors>
      <item>
        <lastName>MALONEY</lastName>
        <identifiers>
          <bioguideId>M000087</bioguideId>
          <lisID>729</lisID>
          <gpoId>8075</gpoId>
        </identifiers>
        <byRequestType />
        <middleName>B.</middleName>
        <state>NY</state>
        <firstName>CAROLYN</firstName>
        <party>D</party>
        <fullName>Rep. Maloney, Carolyn B. [D-NY-12]</fullName>
        <district>12</district>
        <bioguideId>M000087</bioguideId>
      </item>
    </sponsors>
    <committees>
      <billCommittees>
        <item>
          <chamber>House</chamber>
          <systemCode>hsfa00</systemCode>
          <type>Standing</type>
          <name>Foreign Affairs Committee</name>
          <activities>
            <item>
              <name>Referred to</name>
              <date>2015-03-04T15:13:35Z</date>
            </item>
          </activities>
          <subcommittees>
            <item>
              <systemCode>hsfa16</systemCode>
              <activities>
                <item>
                  <name>Referred to</name>
                  <date>2015-03-20T15:11:38Z</date>
                </item>
              </activities>
              <name>Africa, Global Health, Global Human Rights and International Organizations Subcommittee</name>
            </item>
          </subcommittees>
        </item>
      </billCommittees>
    </committees>
    <titles>
      <item>
        <chamberCode />
        <chamberName />
        <parentTitleType />
        <titleType>Official Title as Introduced</titleType>
        <title>Expressing the sense of the House of Representatives that the Senate should ratify the Convention on the Elimination of All Forms of Discrimination Against Women (CEDAW).</title>
      </item>
      <item>
        <chamberCode />
        <chamberName />
        <parentTitleType />
        <titleType>Display Title</titleType>
        <title>Expressing the sense of the House of Representatives that the Senate should ratify the Convention on the Elimination of All Forms of Discrimination Against Women (CEDAW).</title>
      </item>
    </titles>
    <recordedVotes />
    <cboCostEstimates />
    <laws />
    <latestAction>
      <links />
      <text>Referred to the Subcommittee on Africa, Global Health, Global Human Rights and International Organizations.</text>
      <actionDate>2015-03-20</actionDate>
    </latestAction>
    <calendarNumbers />
    <introducedDate>2015-03-04</introducedDate>
    <amendments />
  </bill>
  <dublinCore xmlns:dc="http://purl.org/dc/elements/1.1/">
    <dc:format>text/xml</dc:format>
    <dc:language>EN</dc:language>
    <dc:rights>Pursuant to Title 17 Section 105 of the United States Code, this file is not subject to copyright protection and is in the public domain.</dc:rights>
    <dc:contributor>Congressional Research Service, Library of Congress</dc:contributor>
    <dc:description>This file contains bill summaries and statuses for federal legislation. A bill summary describes the most significant provisions of a piece of legislation and details the effects the legislative text may have on current law and federal programs. Bill summaries are authored by the Congressional Research Service (CRS) of the Library of Congress. As stated in Public Law 91-510 (2 USC 166 (d)(6)), one of the duties of CRS is "to prepare summaries and digests of bills and resolutions of a public general nature introduced in the Senate or House of Representatives". For more information, refer to the User Guide that accompanies this file.</dc:description>
  </dublinCore>
</billStatus>

