<?xml version="1.0" encoding="UTF-8"?>
<billStatus>
  <bill>
    <cosponsors>
      <item>
        <sponsorshipDate>2015-10-07</sponsorshipDate>
        <party>R</party>
        <fullName>Rep. Jones, Walter B., Jr. [R-NC-3]</fullName>
        <sponsorshipWithdrawnDate />
        <identifiers>
          <lisID>612</lisID>
          <gpoId>8026</gpoId>
          <bioguideId>J000255</bioguideId>
        </identifiers>
        <firstName>WALTER</firstName>
        <state>NC</state>
        <district>3</district>
        <isOriginalCosponsor>False</isOriginalCosponsor>
        <bioguideId>J000255</bioguideId>
        <lastName>JONES</lastName>
        <middleName>B.</middleName>
      </item>
      <item>
        <sponsorshipDate>2016-03-02</sponsorshipDate>
        <party>R</party>
        <fullName>Rep. Emmer, Tom [R-MN-6]</fullName>
        <sponsorshipWithdrawnDate />
        <identifiers>
          <gpoId />
          <bioguideId>E000294</bioguideId>
          <lisID>2253</lisID>
        </identifiers>
        <firstName>Tom</firstName>
        <state>MN</state>
        <district>6</district>
        <isOriginalCosponsor>False</isOriginalCosponsor>
        <bioguideId>E000294</bioguideId>
        <lastName>Emmer</lastName>
        <middleName />
      </item>
      <item>
        <sponsorshipDate>2016-05-26</sponsorshipDate>
        <party>D</party>
        <fullName>Rep. McGovern, James P. [D-MA-2]</fullName>
        <sponsorshipWithdrawnDate />
        <identifiers>
          <bioguideId>M000312</bioguideId>
          <lisID>1504</lisID>
          <gpoId>7968</gpoId>
        </identifiers>
        <firstName>JAMES</firstName>
        <state>MA</state>
        <district>2</district>
        <isOriginalCosponsor>False</isOriginalCosponsor>
        <bioguideId>M000312</bioguideId>
        <lastName>MCGOVERN</lastName>
        <middleName>P.</middleName>
      </item>
    </cosponsors>
    <laws />
    <congress>114</congress>
    <billNumber>377</billNumber>
    <billType>HRES</billType>
    <cboCostEstimates />
    <policyArea>
      <name>Armed Forces and National Security</name>
    </policyArea>
    <amendments />
    <notes />
    <constitutionalAuthorityStatementText />
    <recordedVotes />
    <summaries>
      <billSummaries>
        <item>
          <actionDate>2015-07-23</actionDate>
          <text><![CDATA[<p>Recognizes National Atomic Veterans Day and acknowledges the important role played by the Atomic Veterans in the nation's defense. </p>]]></text>
          <name>Introduced in House</name>
          <versionCode>00</versionCode>
          <actionDesc>Introduced in House</actionDesc>
          <updateDate>2015-07-23T04:00:00Z</updateDate>
          <lastSummaryUpdateDate>2015-08-27T16:57:49Z</lastSummaryUpdateDate>
        </item>
      </billSummaries>
    </summaries>
    <updateDate>2017-01-11T14:31:15Z</updateDate>
    <originChamber>House</originChamber>
    <actions>
      <item>
        <actionDate>2015-08-05</actionDate>
        <committee>
          <name>Disability Assistance and Memorial Affairs Subcommittee</name>
          <systemCode>hsvr09</systemCode>
        </committee>
        <links />
        <sourceSystem>
          <name>House committee actions</name>
          <code>1</code>
        </sourceSystem>
        <text>Referred to the Subcommittee on Disability Assistance and Memorial Affairs.</text>
        <type>Committee</type>
      </item>
      <item>
        <committee>
          <name>Veterans' Affairs Committee</name>
          <systemCode>hsvr00</systemCode>
        </committee>
        <actionDate>2015-07-23</actionDate>
        <text>Referred to the House Committee on Veterans' Affairs.</text>
        <links />
        <actionCode>H11100</actionCode>
        <type>IntroReferral</type>
        <sourceSystem>
          <name>House floor actions</name>
          <code>2</code>
        </sourceSystem>
      </item>
      <item>
        <committee />
        <actionDate>2015-07-23</actionDate>
        <text>Introduced in House</text>
        <links />
        <actionCode>Intro-H</actionCode>
        <type>IntroReferral</type>
        <sourceSystem>
          <name>Library of Congress</name>
          <code>9</code>
        </sourceSystem>
      </item>
      <item>
        <committee />
        <actionDate>2015-07-23</actionDate>
        <text>Introduced in House</text>
        <links />
        <actionCode>1000</actionCode>
        <type>IntroReferral</type>
        <sourceSystem>
          <name>Library of Congress</name>
          <code>9</code>
        </sourceSystem>
      </item>
      <actionTypeCounts>
        <billReferrals>1</billReferrals>
        <introducedInTheHouse>1</introducedInTheHouse>
        <placeholderTextForH>1</placeholderTextForH>
        <introducedInHouse>1</introducedInHouse>
      </actionTypeCounts>
      <actionByCounts>
        <houseOfRepresentatives>4</houseOfRepresentatives>
      </actionByCounts>
    </actions>
    <committeeReports />
    <subjects>
      <billSubjects>
        <legislativeSubjects>
          <item>
            <name>Commemorative events and holidays</name>
          </item>
          <item>
            <name>Nuclear weapons</name>
          </item>
          <item>
            <name>Radiation</name>
          </item>
          <item>
            <name>Veterans' medical care</name>
          </item>
        </legislativeSubjects>
        <policyArea>
          <name>Armed Forces and National Security</name>
        </policyArea>
      </billSubjects>
    </subjects>
    <titles>
      <item>
        <titleType>Official Title as Introduced</titleType>
        <chamberName />
        <title>Recognizing "National Atomic Veterans Day" on July 16.</title>
        <chamberCode />
        <parentTitleType />
      </item>
      <item>
        <titleType>Display Title</titleType>
        <chamberName />
        <title>Recognizing "National Atomic Veterans Day" on July 16.</title>
        <chamberCode />
        <parentTitleType />
      </item>
    </titles>
    <relatedBills />
    <calendarNumbers />
    <title>Recognizing "National Atomic Veterans Day" on July 16.</title>
    <introducedDate>2015-07-23</introducedDate>
    <latestAction>
      <actionDate>2015-08-05</actionDate>
      <text>Referred to the Subcommittee on Disability Assistance and Memorial Affairs.</text>
      <links />
    </latestAction>
    <createDate>2015-07-28T14:38:25Z</createDate>
    <committees>
      <billCommittees>
        <item>
          <chamber>House</chamber>
          <type>Standing</type>
          <name>Veterans' Affairs Committee</name>
          <activities>
            <item>
              <name>Referred to</name>
              <date>2015-07-23T14:02:00Z</date>
            </item>
          </activities>
          <subcommittees>
            <item>
              <name>Disability Assistance and Memorial Affairs Subcommittee</name>
              <systemCode>hsvr09</systemCode>
              <activities>
                <item>
                  <name>Referred to</name>
                  <date>2015-08-05T19:54:15Z</date>
                </item>
              </activities>
            </item>
          </subcommittees>
          <systemCode>hsvr00</systemCode>
        </item>
      </billCommittees>
    </committees>
    <sponsors>
      <item>
        <fullName>Rep. Brat, Dave [R-VA-7]</fullName>
        <firstName>Dave</firstName>
        <bioguideId>B001290</bioguideId>
        <party>R</party>
        <middleName />
        <byRequestType />
        <district>7</district>
        <state>VA</state>
        <lastName>Brat</lastName>
        <identifiers>
          <lisID>2203</lisID>
          <gpoId />
          <bioguideId>B001290</bioguideId>
        </identifiers>
      </item>
    </sponsors>
  </bill>
  <dublinCore xmlns:dc="http://purl.org/dc/elements/1.1/">
    <dc:format>text/xml</dc:format>
    <dc:language>EN</dc:language>
    <dc:rights>Pursuant to Title 17 Section 105 of the United States Code, this file is not subject to copyright protection and is in the public domain.</dc:rights>
    <dc:contributor>Congressional Research Service, Library of Congress</dc:contributor>
    <dc:description>This file contains bill summaries and statuses for federal legislation. A bill summary describes the most significant provisions of a piece of legislation and details the effects the legislative text may have on current law and federal programs. Bill summaries are authored by the Congressional Research Service (CRS) of the Library of Congress. As stated in Public Law 91-510 (2 USC 166 (d)(6)), one of the duties of CRS is "to prepare summaries and digests of bills and resolutions of a public general nature introduced in the Senate or House of Representatives". For more information, refer to the User Guide that accompanies this file.</dc:description>
  </dublinCore>
</billStatus>

