<?xml version="1.0" encoding="UTF-8"?>
<billStatus>
  <bill>
    <committeeReports />
    <updateDate>2018-08-28T20:22:01Z</updateDate>
    <laws />
    <billType>SJRES</billType>
    <subjects>
      <billSubjects>
        <legislativeSubjects>
          <item>
            <name>Administrative law and regulatory procedures</name>
          </item>
          <item>
            <name>Bank accounts, deposits, capital</name>
          </item>
          <item>
            <name>Congressional oversight</name>
          </item>
          <item>
            <name>Consumer Financial Protection Bureau</name>
          </item>
          <item>
            <name>Consumer credit</name>
          </item>
        </legislativeSubjects>
        <policyArea>
          <name>Finance and Financial Sector</name>
        </policyArea>
      </billSubjects>
    </subjects>
    <policyArea>
      <name>Finance and Financial Sector</name>
    </policyArea>
    <recordedVotes />
    <originChamber>Senate</originChamber>
    <latestAction>
      <text>Placed on Senate Legislative Calendar under General Orders. Calendar No. 28.</text>
      <links />
      <actionDate>2017-03-30</actionDate>
    </latestAction>
    <billNumber>19</billNumber>
    <introducedDate>2017-02-01</introducedDate>
    <cosponsors>
      <item>
        <party>R</party>
        <state>AR</state>
        <bioguideId>C001095</bioguideId>
        <sponsorshipWithdrawnDate />
        <lastName>Cotton</lastName>
        <fullName>Sen. Cotton, Tom [R-AR]</fullName>
        <firstName>Tom</firstName>
        <sponsorshipDate>2017-02-01</sponsorshipDate>
        <middleName />
        <isOriginalCosponsor>True</isOriginalCosponsor>
        <identifiers>
          <lisID>2098</lisID>
          <gpoId />
          <bioguideId>C001095</bioguideId>
        </identifiers>
      </item>
      <item>
        <party>R</party>
        <state>GA</state>
        <bioguideId>I000055</bioguideId>
        <sponsorshipWithdrawnDate />
        <lastName>Isakson</lastName>
        <fullName>Sen. Isakson, Johnny [R-GA]</fullName>
        <firstName>Johnny</firstName>
        <sponsorshipDate>2017-02-01</sponsorshipDate>
        <middleName />
        <isOriginalCosponsor>True</isOriginalCosponsor>
        <identifiers>
          <bioguideId>I000055</bioguideId>
          <gpoId>8323</gpoId>
          <lisID>1608</lisID>
        </identifiers>
      </item>
      <item>
        <party>R</party>
        <state>WI</state>
        <bioguideId>J000293</bioguideId>
        <sponsorshipWithdrawnDate />
        <lastName>Johnson</lastName>
        <fullName>Sen. Johnson, Ron [R-WI]</fullName>
        <firstName>Ron</firstName>
        <sponsorshipDate>2017-02-01</sponsorshipDate>
        <middleName />
        <isOriginalCosponsor>True</isOriginalCosponsor>
        <identifiers>
          <lisID>2086</lisID>
          <bioguideId>J000293</bioguideId>
          <gpoId>8355</gpoId>
        </identifiers>
      </item>
      <item>
        <party>R</party>
        <state>OK</state>
        <bioguideId>L000575</bioguideId>
        <sponsorshipWithdrawnDate />
        <lastName>Lankford</lastName>
        <fullName>Sen. Lankford, James [R-OK]</fullName>
        <firstName>James</firstName>
        <sponsorshipDate>2017-02-01</sponsorshipDate>
        <middleName />
        <isOriginalCosponsor>True</isOriginalCosponsor>
        <identifiers>
          <lisID>2050</lisID>
          <bioguideId>L000575</bioguideId>
          <gpoId>8113</gpoId>
        </identifiers>
      </item>
      <item>
        <party>R</party>
        <state>UT</state>
        <bioguideId>L000577</bioguideId>
        <sponsorshipWithdrawnDate />
        <lastName>Lee</lastName>
        <fullName>Sen. Lee, Mike [R-UT]</fullName>
        <firstName>Mike</firstName>
        <sponsorshipDate>2017-02-01</sponsorshipDate>
        <middleName />
        <isOriginalCosponsor>True</isOriginalCosponsor>
        <identifiers>
          <lisID>2080</lisID>
          <gpoId>8303</gpoId>
          <bioguideId>L000577</bioguideId>
        </identifiers>
      </item>
      <item>
        <party>R</party>
        <state>SD</state>
        <bioguideId>R000605</bioguideId>
        <sponsorshipWithdrawnDate />
        <lastName>Rounds</lastName>
        <fullName>Sen. Rounds, Mike  [R-SD]</fullName>
        <firstName>Mike</firstName>
        <sponsorshipDate>2017-02-01</sponsorshipDate>
        <middleName />
        <isOriginalCosponsor>True</isOriginalCosponsor>
        <identifiers>
          <bioguideId>R000605</bioguideId>
          <gpoId />
          <lisID>2288</lisID>
        </identifiers>
      </item>
      <item>
        <party>R</party>
        <state>WY</state>
        <bioguideId>E000285</bioguideId>
        <sponsorshipWithdrawnDate />
        <lastName>ENZI</lastName>
        <fullName>Sen. Enzi, Michael B. [R-WY]</fullName>
        <firstName>MICHAEL</firstName>
        <sponsorshipDate>2017-02-02</sponsorshipDate>
        <middleName>B.</middleName>
        <isOriginalCosponsor>False</isOriginalCosponsor>
        <identifiers>
          <lisID>1542</lisID>
          <bioguideId>E000285</bioguideId>
          <gpoId>8328</gpoId>
        </identifiers>
      </item>
      <item>
        <party>R</party>
        <state>LA</state>
        <bioguideId>K000393</bioguideId>
        <sponsorshipWithdrawnDate />
        <lastName>Kennedy</lastName>
        <fullName>Sen. Kennedy, John [R-LA]</fullName>
        <firstName>John</firstName>
        <sponsorshipDate>2017-02-06</sponsorshipDate>
        <middleName>Neely</middleName>
        <isOriginalCosponsor>False</isOriginalCosponsor>
        <identifiers>
          <bioguideId>K000393</bioguideId>
          <gpoId />
          <lisID>2303</lisID>
        </identifiers>
      </item>
      <item>
        <party>R</party>
        <state>AZ</state>
        <bioguideId>F000444</bioguideId>
        <sponsorshipWithdrawnDate />
        <lastName>FLAKE</lastName>
        <fullName>Sen. Flake, Jeff [R-AZ]</fullName>
        <firstName>JEFF</firstName>
        <sponsorshipDate>2017-02-09</sponsorshipDate>
        <middleName />
        <isOriginalCosponsor>False</isOriginalCosponsor>
        <identifiers>
          <bioguideId>F000444</bioguideId>
          <lisID>1633</lisID>
          <gpoId>7803</gpoId>
        </identifiers>
      </item>
      <item>
        <party>R</party>
        <state>AZ</state>
        <bioguideId>M000303</bioguideId>
        <sponsorshipWithdrawnDate />
        <lastName>MCCAIN</lastName>
        <fullName>Sen. McCain, John [R-AZ]</fullName>
        <firstName>JOHN</firstName>
        <sponsorshipDate>2017-02-27</sponsorshipDate>
        <middleName>SIDNEY</middleName>
        <isOriginalCosponsor>False</isOriginalCosponsor>
        <identifiers>
          <lisID>754</lisID>
          <gpoId>8253</gpoId>
          <bioguideId>M000303</bioguideId>
        </identifiers>
      </item>
      <item>
        <party>R</party>
        <state>TX</state>
        <bioguideId>C001098</bioguideId>
        <sponsorshipWithdrawnDate />
        <lastName>Cruz</lastName>
        <fullName>Sen. Cruz, Ted [R-TX]</fullName>
        <firstName>Ted</firstName>
        <sponsorshipDate>2017-03-28</sponsorshipDate>
        <middleName />
        <isOriginalCosponsor>False</isOriginalCosponsor>
        <identifiers>
          <lisID>2175</lisID>
          <gpoId />
          <bioguideId>C001098</bioguideId>
        </identifiers>
      </item>
    </cosponsors>
    <committees>
      <billCommittees>
        <item>
          <systemCode>ssbk00</systemCode>
          <type>Standing</type>
          <activities>
            <item>
              <date>2017-03-30T16:13:11Z</date>
              <name>Discharged from</name>
            </item>
            <item>
              <date>2017-02-01T21:37:30Z</date>
              <name>Referred to</name>
            </item>
          </activities>
          <name>Banking, Housing, and Urban Affairs Committee</name>
          <subcommittees />
          <chamber>Senate</chamber>
        </item>
      </billCommittees>
    </committees>
    <notes />
    <relatedBills>
      <item>
        <congress>115</congress>
        <number>73</number>
        <type>HJRES</type>
        <latestTitle>Providing for congressional disapproval under chapter 8 of title 5, United States Code, of the rule submitted by the Bureau of Consumer Financial Protection relating to prepaid accounts under the Electronic Fund Transfer Act and the Truth in Lending Act.</latestTitle>
        <relationshipDetails>
          <item>
            <type>Identical bill</type>
            <identifiedBy>CRS</identifiedBy>
          </item>
        </relationshipDetails>
        <latestAction>
          <text>Referred to the House Committee on Financial Services.</text>
          <actionDate>2017-02-14</actionDate>
        </latestAction>
      </item>
      <item>
        <congress>115</congress>
        <number>62</number>
        <type>HJRES</type>
        <latestTitle>Providing for congressional disapproval under chapter 8 of title 5, United States Code, of the rule submitted by the Bureau of Consumer Financial Protection relating to prepaid accounts under the Electronic Fund Transfer Act and the Truth in Lending Act.</latestTitle>
        <relationshipDetails>
          <item>
            <type>Identical bill</type>
            <identifiedBy>CRS</identifiedBy>
          </item>
        </relationshipDetails>
        <latestAction>
          <text>Referred to the House Committee on Financial Services.</text>
          <actionDate>2017-02-03</actionDate>
        </latestAction>
      </item>
    </relatedBills>
    <title>A joint resolution providing for congressional disapproval under chapter 8 of title 5, United States Code, of the rule submitted by the Bureau of Consumer Financial Protection relating to prepaid accounts under the Electronic Fund Transfer Act and the Truth in Lending Act.</title>
    <sponsors>
      <item>
        <fullName>Sen. Perdue, David [R-GA]</fullName>
        <firstName>David</firstName>
        <lastName>Perdue</lastName>
        <state>GA</state>
        <bioguideId>P000612</bioguideId>
        <party>R</party>
        <identifiers>
          <lisID>2286</lisID>
          <gpoId />
          <bioguideId>P000612</bioguideId>
        </identifiers>
        <byRequestType />
        <middleName>Alfred</middleName>
      </item>
    </sponsors>
    <congress>115</congress>
    <version>1.0.0</version>
    <amendments />
    <titles>
      <item>
        <chamberCode />
        <titleType>Official Title as Introduced</titleType>
        <parentTitleType />
        <chamberName />
        <title>A joint resolution providing for congressional disapproval under chapter 8 of title 5, United States Code, of the rule submitted by the Bureau of Consumer Financial Protection relating to prepaid accounts under the Electronic Fund Transfer Act and the Truth in Lending Act.</title>
      </item>
      <item>
        <chamberCode />
        <titleType>Display Title</titleType>
        <parentTitleType />
        <chamberName />
        <title>A joint resolution providing for congressional disapproval under chapter 8 of title 5, United States Code, of the rule submitted by the Bureau of Consumer Financial Protection relating to prepaid accounts under the Electronic Fund Transfer Act and the Truth in Lending Act.</title>
      </item>
    </titles>
    <createDate>2017-02-02T05:28:47Z</createDate>
    <cboCostEstimates />
    <calendarNumbers>
      <item>
        <number>0028</number>
        <calendar>Senate Calendar of Business</calendar>
      </item>
    </calendarNumbers>
    <actions>
      <item>
        <actionDate>2017-03-30</actionDate>
        <committee />
        <links />
        <sourceSystem>
          <code>0</code>
          <name>Senate</name>
        </sourceSystem>
        <text>Placed on Senate Legislative Calendar under General Orders. Calendar No. 28.</text>
        <type>Calendars</type>
      </item>
      <item>
        <actionDate>2017-03-30</actionDate>
        <committee>
          <systemCode>ssbk00</systemCode>
          <name>Banking, Housing, and Urban Affairs Committee</name>
        </committee>
        <links>
          <link>
            <url>https://www.congress.gov/congressional-record/volume-163/senate-section/page/S2149</url>
            <name>S2149</name>
          </link>
        </links>
        <sourceSystem>
          <code>0</code>
          <name>Senate</name>
        </sourceSystem>
        <text>Senate Committee on Banking, Housing, and Urban Affairs discharged by petition pursuant to 5 U.S.C. 802(c). (consideration: CR S2149; text: CR S2149)</text>
        <type>Discharge</type>
      </item>
      <item>
        <actionDate>2017-03-30</actionDate>
        <actionCode>14500</actionCode>
        <text>Senate Committee on Banking, Housing, and Urban Affairs discharged by petition pursuant to 5 U.S.C. 802(c).(consideration: CR S2149; text: CR S2149)</text>
        <committee>
          <systemCode>ssbk00</systemCode>
          <name>Banking, Housing, and Urban Affairs Committee</name>
        </committee>
        <links>
          <link>
            <url>https://www.congress.gov/congressional-record/volume-163/senate-section/page/S2149</url>
            <name>S2149</name>
          </link>
        </links>
        <type>Committee</type>
        <sourceSystem>
          <code>9</code>
          <name>Library of Congress</name>
        </sourceSystem>
      </item>
      <item>
        <actionDate>2017-02-01</actionDate>
        <committee>
          <systemCode>ssbk00</systemCode>
          <name>Banking, Housing, and Urban Affairs Committee</name>
        </committee>
        <links />
        <sourceSystem>
          <code>0</code>
          <name>Senate</name>
        </sourceSystem>
        <text>Read twice and referred to the Committee on Banking, Housing, and Urban Affairs.</text>
        <type>IntroReferral</type>
      </item>
      <item>
        <actionDate>2017-02-01</actionDate>
        <actionCode>10000</actionCode>
        <text>Introduced in Senate</text>
        <committee />
        <links />
        <type>IntroReferral</type>
        <sourceSystem>
          <code>9</code>
          <name>Library of Congress</name>
        </sourceSystem>
      </item>
      <actionTypeCounts>
        <senateCommitteeDischarged>1</senateCommitteeDischarged>
        <committeeDischarged>1</committeeDischarged>
        <placedOnCalendarGeneralOrders>1</placedOnCalendarGeneralOrders>
        <referredToCommittee>1</referredToCommittee>
        <introducedInSenate>1</introducedInSenate>
      </actionTypeCounts>
      <actionByCounts>
        <senate>5</senate>
      </actionByCounts>
    </actions>
    <summaries>
      <billSummaries>
        <item>
          <updateDate>2017-02-01T05:00:00Z</updateDate>
          <lastSummaryUpdateDate>2017-03-06T19:18:35Z</lastSummaryUpdateDate>
          <text><![CDATA[<p>This joint resolution nullifies the rule finalized by the Consumer Financial Protection Bureau on November 22, 2016, relating to prepaid accounts under the Electronic Fund Transfer Act and the Truth in Lending Act. The rule establishes various consumer protections with respect to prepaid accounts.</p>]]></text>
          <actionDate>2017-02-01</actionDate>
          <actionDesc>Introduced in Senate</actionDesc>
          <name>Introduced in Senate</name>
          <versionCode>00</versionCode>
        </item>
      </billSummaries>
    </summaries>
  </bill>
  <dublinCore xmlns:dc="http://purl.org/dc/elements/1.1/">
    <dc:format>text/xml</dc:format>
    <dc:language>EN</dc:language>
    <dc:rights>Pursuant to Title 17 Section 105 of the United States Code, this file is not subject to copyright protection and is in the public domain.</dc:rights>
    <dc:contributor>Congressional Research Service, Library of Congress</dc:contributor>
    <dc:description>This file contains bill summaries and statuses for federal legislation. A bill summary describes the most significant provisions of a piece of legislation and details the effects the legislative text may have on current law and federal programs. Bill summaries are authored by the Congressional Research Service (CRS) of the Library of Congress. As stated in Public Law 91-510 (2 USC 166 (d)(6)), one of the duties of CRS is "to prepare summaries and digests of bills and resolutions of a public general nature introduced in the Senate or House of Representatives". For more information, refer to the User Guide that accompanies this file.</dc:description>
  </dublinCore>
</billStatus>

