<?xml version="1.0" encoding="UTF-8"?>
<billStatus>
  <bill>
    <policyArea>
      <name>Labor and Employment</name>
    </policyArea>
    <billType>SJRES</billType>
    <latestAction>
      <links />
      <actionDate>2017-02-16</actionDate>
      <text>Read twice and referred to the Committee on Finance.</text>
    </latestAction>
    <createDate>2017-02-17T09:06:54Z</createDate>
    <notes />
    <actions>
      <item>
        <actionDate>2017-02-16</actionDate>
        <committee>
          <systemCode>ssfi00</systemCode>
          <name>Finance Committee</name>
        </committee>
        <links />
        <sourceSystem>
          <code>0</code>
          <name>Senate</name>
        </sourceSystem>
        <text>Read twice and referred to the Committee on Finance.</text>
        <type>IntroReferral</type>
      </item>
      <item>
        <actionDate>2017-02-16</actionDate>
        <links />
        <sourceSystem>
          <code>9</code>
          <name>Library of Congress</name>
        </sourceSystem>
        <committee />
        <text>Introduced in Senate</text>
        <type>IntroReferral</type>
        <actionCode>10000</actionCode>
      </item>
      <actionByCounts>
        <senate>2</senate>
      </actionByCounts>
      <actionTypeCounts>
        <introducedInSenate>1</introducedInSenate>
        <referredToCommittee>1</referredToCommittee>
      </actionTypeCounts>
    </actions>
    <calendarNumbers />
    <congress>115</congress>
    <subjects>
      <billSubjects>
        <legislativeSubjects>
          <item>
            <name>Administrative law and regulatory procedures</name>
          </item>
          <item>
            <name>Congressional oversight</name>
          </item>
          <item>
            <name>Department of Labor</name>
          </item>
          <item>
            <name>Drug, alcohol, tobacco use</name>
          </item>
          <item>
            <name>State and local government operations</name>
          </item>
          <item>
            <name>Unemployment</name>
          </item>
        </legislativeSubjects>
        <policyArea>
          <name>Labor and Employment</name>
        </policyArea>
      </billSubjects>
    </subjects>
    <billNumber>23</billNumber>
    <title>A joint resolution disapproving the rule submitted by the Department of Labor relating to drug testing of unemployment compensation applicants.</title>
    <committees>
      <billCommittees>
        <item>
          <subcommittees />
          <type>Standing</type>
          <systemCode>ssfi00</systemCode>
          <name>Finance Committee</name>
          <activities>
            <item>
              <date>2017-02-16T23:09:26Z</date>
              <name>Referred to</name>
            </item>
          </activities>
          <chamber>Senate</chamber>
        </item>
      </billCommittees>
    </committees>
    <introducedDate>2017-02-16</introducedDate>
    <version>1.0.0</version>
    <committeeReports />
    <updateDate>2018-08-28T20:22:02Z</updateDate>
    <laws />
    <originChamber>Senate</originChamber>
    <cboCostEstimates />
    <sponsors>
      <item>
        <middleName />
        <bioguideId>C001098</bioguideId>
        <identifiers>
          <lisID>2175</lisID>
          <gpoId />
          <bioguideId>C001098</bioguideId>
        </identifiers>
        <fullName>Sen. Cruz, Ted [R-TX]</fullName>
        <byRequestType />
        <party>R</party>
        <firstName>Ted</firstName>
        <state>TX</state>
        <lastName>Cruz</lastName>
      </item>
    </sponsors>
    <relatedBills>
      <item>
        <latestAction>
          <actionDate>2017-03-31</actionDate>
          <text>Became Public Law No: 115-17.</text>
        </latestAction>
        <relationshipDetails>
          <item>
            <identifiedBy>CRS</identifiedBy>
            <type>Identical bill</type>
          </item>
        </relationshipDetails>
        <congress>115</congress>
        <latestTitle>Disapproving the rule submitted by the Department of Labor relating to drug testing of unemployment compensation applicants.</latestTitle>
        <type>HJRES</type>
        <number>42</number>
      </item>
    </relatedBills>
    <cosponsors>
      <item>
        <middleName />
        <bioguideId>C001056</bioguideId>
        <identifiers>
          <lisID>1692</lisID>
          <gpoId>8295</gpoId>
          <bioguideId>C001056</bioguideId>
        </identifiers>
        <state>TX</state>
        <fullName>Sen. Cornyn, John [R-TX]</fullName>
        <isOriginalCosponsor>False</isOriginalCosponsor>
        <party>R</party>
        <sponsorshipWithdrawnDate />
        <firstName>John</firstName>
        <lastName>Cornyn</lastName>
        <sponsorshipDate>2017-02-27</sponsorshipDate>
      </item>
    </cosponsors>
    <titles>
      <item>
        <chamberName />
        <parentTitleType />
        <titleType>Official Title as Introduced</titleType>
        <title>A joint resolution disapproving the rule submitted by the Department of Labor relating to drug testing of unemployment compensation applicants.</title>
        <chamberCode />
      </item>
      <item>
        <chamberName />
        <parentTitleType />
        <titleType>Display Title</titleType>
        <title>A joint resolution disapproving the rule submitted by the Department of Labor relating to drug testing of unemployment compensation applicants.</title>
        <chamberCode />
      </item>
    </titles>
    <recordedVotes />
    <summaries>
      <billSummaries>
        <item>
          <name>Introduced in Senate</name>
          <actionDesc>Introduced in Senate</actionDesc>
          <actionDate>2017-02-16</actionDate>
          <lastSummaryUpdateDate>2017-03-16T19:18:54Z</lastSummaryUpdateDate>
          <versionCode>00</versionCode>
          <updateDate>2017-02-16T05:00:00Z</updateDate>
          <text><![CDATA[<p>This joint resolution nullifies the rule finalized by the Department of Labor on August 1, 2016, relating to establishing, for<br> state unemployment compensation program purposes, occupations that regularly conduct drug testing.</p>]]></text>
        </item>
      </billSummaries>
    </summaries>
    <amendments />
  </bill>
  <dublinCore xmlns:dc="http://purl.org/dc/elements/1.1/">
    <dc:format>text/xml</dc:format>
    <dc:language>EN</dc:language>
    <dc:rights>Pursuant to Title 17 Section 105 of the United States Code, this file is not subject to copyright protection and is in the public domain.</dc:rights>
    <dc:contributor>Congressional Research Service, Library of Congress</dc:contributor>
    <dc:description>This file contains bill summaries and statuses for federal legislation. A bill summary describes the most significant provisions of a piece of legislation and details the effects the legislative text may have on current law and federal programs. Bill summaries are authored by the Congressional Research Service (CRS) of the Library of Congress. As stated in Public Law 91-510 (2 USC 166 (d)(6)), one of the duties of CRS is "to prepare summaries and digests of bills and resolutions of a public general nature introduced in the Senate or House of Representatives". For more information, refer to the User Guide that accompanies this file.</dc:description>
  </dublinCore>
</billStatus>

