<?xml version="1.0" encoding="UTF-8"?>
<billStatus>
  <bill>
    <policyArea>
      <name>Government Operations and Politics</name>
    </policyArea>
    <billType>SJRES</billType>
    <latestAction>
      <links />
      <actionDate>2018-07-20</actionDate>
      <text>Became Public Law No: 115-199.</text>
    </latestAction>
    <createDate>2018-04-25T04:26:03Z</createDate>
    <notes />
    <actions>
      <actionByCounts>
        <senate>7</senate>
        <houseOfRepresentatives>9</houseOfRepresentatives>
      </actionByCounts>
      <item>
        <type>President</type>
        <links />
        <sourceSystem>
          <name>House floor actions</name>
          <code>2</code>
        </sourceSystem>
        <committee />
        <text>Became Public Law No: 115-199.</text>
        <actionCode>E40000</actionCode>
        <actionDate>2018-07-20</actionDate>
      </item>
      <item>
        <type>BecameLaw</type>
        <links />
        <sourceSystem>
          <name>Library of Congress</name>
          <code>9</code>
        </sourceSystem>
        <committee />
        <text>Became Public Law No: 115-199.</text>
        <actionCode>36000</actionCode>
        <actionDate>2018-07-20</actionDate>
      </item>
      <item>
        <type>President</type>
        <links />
        <sourceSystem>
          <name>House floor actions</name>
          <code>2</code>
        </sourceSystem>
        <committee />
        <text>Signed by President.</text>
        <actionCode>E30000</actionCode>
        <actionDate>2018-07-20</actionDate>
      </item>
      <item>
        <type>BecameLaw</type>
        <links />
        <sourceSystem>
          <name>Library of Congress</name>
          <code>9</code>
        </sourceSystem>
        <committee />
        <text>Signed by President.</text>
        <actionCode>36000</actionCode>
        <actionDate>2018-07-20</actionDate>
      </item>
      <item>
        <type>Floor</type>
        <links />
        <sourceSystem>
          <name>House floor actions</name>
          <code>2</code>
        </sourceSystem>
        <committee />
        <text>Presented to President.</text>
        <actionCode>E20000</actionCode>
        <actionDate>2018-07-10</actionDate>
      </item>
      <item>
        <type>President</type>
        <links />
        <sourceSystem>
          <name>Library of Congress</name>
          <code>9</code>
        </sourceSystem>
        <committee />
        <text>Presented to President.</text>
        <actionCode>28000</actionCode>
        <actionDate>2018-07-10</actionDate>
      </item>
      <item>
        <type>Floor</type>
        <links />
        <sourceSystem>
          <name>House floor actions</name>
          <code>2</code>
        </sourceSystem>
        <committee />
        <text>Motion to reconsider laid on the table Agreed to without objection.</text>
        <actionTime>12:41:36</actionTime>
        <actionCode>H38310</actionCode>
        <actionDate>2018-06-28</actionDate>
      </item>
      <item>
        <type>Floor</type>
        <links>
          <link>
            <name>H5853</name>
            <url>https://www.congress.gov/congressional-record/volume-164/house-section/page/H5853</url>
          </link>
        </links>
        <sourceSystem>
          <name>House floor actions</name>
          <code>2</code>
        </sourceSystem>
        <committee />
        <text>On passage Passed without objection. (text: CR H5853)</text>
        <actionTime>12:41:32</actionTime>
        <actionCode>H37100</actionCode>
        <actionDate>2018-06-28</actionDate>
      </item>
      <item>
        <type>Floor</type>
        <links />
        <sourceSystem>
          <name>Library of Congress</name>
          <code>9</code>
        </sourceSystem>
        <committee />
        <text>Passed/agreed to in House: On passage Passed without objection.</text>
        <actionTime>12:41:32</actionTime>
        <actionCode>8000</actionCode>
        <actionDate>2018-06-28</actionDate>
      </item>
      <item>
        <type>Floor</type>
        <links>
          <link>
            <name>H5853</name>
            <url>https://www.congress.gov/congressional-record/volume-164/house-section/page/H5853</url>
          </link>
        </links>
        <sourceSystem>
          <name>House floor actions</name>
          <code>2</code>
        </sourceSystem>
        <committee />
        <text>Considered by unanimous consent. (consideration: CR H5853)</text>
        <actionTime>12:40:49</actionTime>
        <actionCode>H30000</actionCode>
        <actionDate>2018-06-28</actionDate>
      </item>
      <item>
        <type>Floor</type>
        <links />
        <sourceSystem>
          <name>House floor actions</name>
          <code>2</code>
        </sourceSystem>
        <committee />
        <text>Mr. Harper asked unanimous consent to discharge from committee and consider.</text>
        <actionTime>12:40:49</actionTime>
        <actionCode>H30200</actionCode>
        <actionDate>2018-06-28</actionDate>
      </item>
      <item>
        <type>Discharge</type>
        <links />
        <sourceSystem>
          <name>House floor actions</name>
          <code>2</code>
        </sourceSystem>
        <committee>
          <name>House Administration Committee</name>
          <systemCode>hsha00</systemCode>
        </committee>
        <text>Committee on House Administration discharged.</text>
        <actionCode>H12300</actionCode>
        <actionDate>2018-06-28</actionDate>
      </item>
      <item>
        <type>Committee</type>
        <links />
        <sourceSystem>
          <name>Library of Congress</name>
          <code>9</code>
        </sourceSystem>
        <committee>
          <name>House Administration Committee</name>
          <systemCode>hsha00</systemCode>
        </committee>
        <text>Committee on House Administration discharged.</text>
        <actionCode>5500</actionCode>
        <actionDate>2018-06-28</actionDate>
      </item>
      <item>
        <type>IntroReferral</type>
        <links />
        <sourceSystem>
          <name>House floor actions</name>
          <code>2</code>
        </sourceSystem>
        <committee>
          <name>House Administration Committee</name>
          <systemCode>hsha00</systemCode>
        </committee>
        <text>Referred to the House Committee on House Administration.</text>
        <actionCode>H11100</actionCode>
        <actionDate>2018-05-21</actionDate>
      </item>
      <item>
        <type>Floor</type>
        <links />
        <sourceSystem>
          <name>House floor actions</name>
          <code>2</code>
        </sourceSystem>
        <committee />
        <text>Received in the House.</text>
        <actionTime>14:03:02</actionTime>
        <actionCode>H14000</actionCode>
        <actionDate>2018-05-21</actionDate>
      </item>
      <item>
        <actionDate>2018-05-21</actionDate>
        <committee />
        <links />
        <sourceSystem>
          <name>Senate</name>
          <code>0</code>
        </sourceSystem>
        <text>Message on Senate action sent to the House.</text>
        <type>Floor</type>
      </item>
      <item>
        <actionDate>2018-05-17</actionDate>
        <committee />
        <links>
          <link>
            <name>S3778</name>
            <url>https://www.congress.gov/congressional-record/volume-164/senate-section/page/S3778</url>
          </link>
        </links>
        <sourceSystem>
          <name>Senate</name>
          <code>0</code>
        </sourceSystem>
        <text>Passed Senate without amendment by Unanimous Consent. (text: CR S3778)</text>
        <type>Floor</type>
      </item>
      <item>
        <type>Floor</type>
        <links>
          <link>
            <name>S3778</name>
            <url>https://www.congress.gov/congressional-record/volume-164/senate-section/page/S3778</url>
          </link>
        </links>
        <sourceSystem>
          <name>Library of Congress</name>
          <code>9</code>
        </sourceSystem>
        <committee />
        <text>Passed/agreed to in Senate: Passed Senate without amendment by Unanimous Consent.(text: CR S3778)</text>
        <actionCode>17000</actionCode>
        <actionDate>2018-05-17</actionDate>
      </item>
      <item>
        <actionDate>2018-05-17</actionDate>
        <committee>
          <name>Rules and Administration Committee</name>
          <systemCode>ssra00</systemCode>
        </committee>
        <links>
          <link>
            <name>S3778</name>
            <url>https://www.congress.gov/congressional-record/volume-164/senate-section/page/S3778</url>
          </link>
        </links>
        <sourceSystem>
          <name>Senate</name>
          <code>0</code>
        </sourceSystem>
        <text>Senate Committee on Rules and Administration discharged by Unanimous Consent. (consideration: CR S3778)</text>
        <type>Discharge</type>
      </item>
      <item>
        <type>Committee</type>
        <links>
          <link>
            <name>S3778</name>
            <url>https://www.congress.gov/congressional-record/volume-164/senate-section/page/S3778</url>
          </link>
        </links>
        <sourceSystem>
          <name>Library of Congress</name>
          <code>9</code>
        </sourceSystem>
        <committee>
          <name>Rules and Administration Committee</name>
          <systemCode>ssra00</systemCode>
        </committee>
        <text>Senate Committee on Rules and Administration discharged by Unanimous Consent.(consideration: CR S3778)</text>
        <actionCode>14500</actionCode>
        <actionDate>2018-05-17</actionDate>
      </item>
      <item>
        <actionDate>2018-04-24</actionDate>
        <committee>
          <name>Rules and Administration Committee</name>
          <systemCode>ssra00</systemCode>
        </committee>
        <links />
        <sourceSystem>
          <name>Senate</name>
          <code>0</code>
        </sourceSystem>
        <text>Read twice and referred to the Committee on Rules and Administration.</text>
        <type>IntroReferral</type>
      </item>
      <item>
        <type>IntroReferral</type>
        <links />
        <sourceSystem>
          <name>Library of Congress</name>
          <code>9</code>
        </sourceSystem>
        <committee />
        <text>Introduced in Senate</text>
        <actionCode>10000</actionCode>
        <actionDate>2018-04-24</actionDate>
      </item>
      <actionTypeCounts>
        <sentToHouse>1</sentToHouse>
        <passedAgreedToInSenate>1</passedAgreedToInSenate>
        <placeholderTextForE>3</placeholderTextForE>
        <referredToCommittee>1</referredToCommittee>
        <billReferrals>1</billReferrals>
        <considerationByHouse>1</considerationByHouse>
        <committeeDischarged>2</committeeDischarged>
        <receivedInTheHouse>1</receivedInTheHouse>
        <introducedInSenate>1</introducedInSenate>
        <passedAgreedToInHouse>1</passedAgreedToInHouse>
        <unanimousConsentRequestToConsider>1</unanimousConsentRequestToConsider>
        <presentedToPresident>1</presentedToPresident>
        <senateCommitteeDischarged>1</senateCommitteeDischarged>
        <passageOfAMeasure>1</passageOfAMeasure>
        <motionToReconsiderResults>1</motionToReconsiderResults>
        <passedSenate>1</passedSenate>
        <houseCommitteeDischarged>1</houseCommitteeDischarged>
        <becamePublicLaw>2</becamePublicLaw>
      </actionTypeCounts>
    </actions>
    <calendarNumbers />
    <congress>115</congress>
    <subjects>
      <billSubjects>
        <policyArea>
          <name>Government Operations and Politics</name>
        </policyArea>
        <legislativeSubjects>
          <item>
            <name>Federal officials</name>
          </item>
          <item>
            <name>Museums, exhibitions, cultural centers</name>
          </item>
          <item>
            <name>Smithsonian Institution</name>
          </item>
        </legislativeSubjects>
      </billSubjects>
    </subjects>
    <billNumber>60</billNumber>
    <title>A joint resolution providing for the reappointment of Barbara M. Barrett as a citizen regent of the Board of Regents of the Smithsonian Institution.</title>
    <committees>
      <billCommittees>
        <item>
          <activities>
            <item>
              <name>Discharged from</name>
              <date>2018-06-28T16:39:24Z</date>
            </item>
            <item>
              <name>Referred to</name>
              <date>2018-05-21T19:37:56Z</date>
            </item>
          </activities>
          <chamber>House</chamber>
          <systemCode>hsha00</systemCode>
          <name>House Administration Committee</name>
          <type>Standing</type>
          <subcommittees />
        </item>
        <item>
          <activities>
            <item>
              <name>Discharged from</name>
              <date>2018-05-17T21:08:44Z</date>
            </item>
            <item>
              <name>Referred to</name>
              <date>2018-04-24T18:41:45Z</date>
            </item>
          </activities>
          <chamber>Senate</chamber>
          <systemCode>ssra00</systemCode>
          <name>Rules and Administration Committee</name>
          <type>Standing</type>
          <subcommittees />
        </item>
      </billCommittees>
    </committees>
    <introducedDate>2018-04-24</introducedDate>
    <version>1.0.0</version>
    <committeeReports />
    <updateDate>2018-08-31T16:30:08Z</updateDate>
    <laws>
      <item>
        <type>Public Law</type>
        <number>115-199</number>
      </item>
    </laws>
    <originChamber>Senate</originChamber>
    <cboCostEstimates />
    <sponsors>
      <item>
        <middleName />
        <bioguideId>B001236</bioguideId>
        <identifiers>
          <bioguideId>B001236</bioguideId>
          <lisID>1687</lisID>
          <gpoId>8247</gpoId>
        </identifiers>
        <fullName>Sen. Boozman, John [R-AR]</fullName>
        <byRequestType />
        <party>R</party>
        <firstName>John</firstName>
        <state>AR</state>
        <lastName>Boozman</lastName>
      </item>
    </sponsors>
    <relatedBills>
      <item>
        <latestTitle>Providing for the reappointment of Barbara M. Barrett as a citizen regent of the Board of Regents of the Smithsonian Institution.</latestTitle>
        <relationshipDetails>
          <item>
            <type>Identical bill</type>
            <identifiedBy>CRS</identifiedBy>
          </item>
        </relationshipDetails>
        <number>133</number>
        <latestAction>
          <actionDate>2018-04-17</actionDate>
          <text>Referred to the House Committee on House Administration.</text>
        </latestAction>
        <congress>115</congress>
        <type>HJRES</type>
      </item>
    </relatedBills>
    <cosponsors>
      <item>
        <bioguideId>P000612</bioguideId>
        <party>R</party>
        <firstName>David</firstName>
        <fullName>Sen. Perdue, David [R-GA]</fullName>
        <lastName>Perdue</lastName>
        <state>GA</state>
        <isOriginalCosponsor>True</isOriginalCosponsor>
        <middleName>Alfred</middleName>
        <identifiers>
          <bioguideId>P000612</bioguideId>
          <lisID>2286</lisID>
          <gpoId />
        </identifiers>
        <sponsorshipDate>2018-04-24</sponsorshipDate>
        <sponsorshipWithdrawnDate />
      </item>
      <item>
        <bioguideId>L000174</bioguideId>
        <party>D</party>
        <firstName>PATRICK</firstName>
        <fullName>Sen. Leahy, Patrick J. [D-VT]</fullName>
        <lastName>LEAHY</lastName>
        <state>VT</state>
        <isOriginalCosponsor>True</isOriginalCosponsor>
        <middleName>JOSEPH</middleName>
        <identifiers>
          <bioguideId>L000174</bioguideId>
          <lisID>1383</lisID>
          <gpoId>8244</gpoId>
        </identifiers>
        <sponsorshipDate>2018-04-24</sponsorshipDate>
        <sponsorshipWithdrawnDate />
      </item>
    </cosponsors>
    <titles>
      <item>
        <titleType>Official Title as Introduced</titleType>
        <title>A joint resolution providing for the reappointment of Barbara M. Barrett as a citizen regent of the Board of Regents of the Smithsonian Institution.</title>
        <parentTitleType />
        <chamberCode />
        <chamberName />
      </item>
      <item>
        <titleType>Display Title</titleType>
        <title>A joint resolution providing for the reappointment of Barbara M. Barrett as a citizen regent of the Board of Regents of the Smithsonian Institution.</title>
        <parentTitleType />
        <chamberCode />
        <chamberName />
      </item>
    </titles>
    <recordedVotes />
    <summaries>
      <billSummaries>
        <item>
          <versionCode>00</versionCode>
          <actionDate>2018-04-24</actionDate>
          <actionDesc>Introduced in Senate</actionDesc>
          <name>Introduced in Senate</name>
          <lastSummaryUpdateDate>2018-08-03T19:18:13Z</lastSummaryUpdateDate>
          <text><![CDATA[<p>This joint resolution reappoints Barbara M. Barrett as a citizen regent of the Board of Regents of the Smithsonian Institution. </p>]]></text>
          <updateDate>2018-04-24T04:00:00Z</updateDate>
        </item>
        <item>
          <versionCode>82</versionCode>
          <actionDate>2018-05-17</actionDate>
          <actionDesc>Passed Senate without amendment</actionDesc>
          <name>Passed Senate without amendment</name>
          <lastSummaryUpdateDate>2018-08-03T20:02:01Z</lastSummaryUpdateDate>
          <text><![CDATA[<p>This joint resolution reappoints Barbara M. Barrett as a citizen regent of the Board of Regents of the Smithsonian Institution. </p>]]></text>
          <updateDate>2018-05-17T12:36:24Z</updateDate>
        </item>
        <item>
          <versionCode>81</versionCode>
          <actionDate>2018-06-28</actionDate>
          <actionDesc>Passed House without amendment</actionDesc>
          <name>Passed House without amendment</name>
          <lastSummaryUpdateDate>2018-08-31T16:26:49Z</lastSummaryUpdateDate>
          <text><![CDATA[<p>This joint resolution reappoints Barbara M. Barrett as a citizen regent of the Board of Regents of the Smithsonian Institution. </p>]]></text>
          <updateDate>2018-06-28T13:07:26Z</updateDate>
        </item>
      </billSummaries>
    </summaries>
    <amendments />
  </bill>
  <dublinCore xmlns:dc="http://purl.org/dc/elements/1.1/">
    <dc:format>text/xml</dc:format>
    <dc:language>EN</dc:language>
    <dc:rights>Pursuant to Title 17 Section 105 of the United States Code, this file is not subject to copyright protection and is in the public domain.</dc:rights>
    <dc:contributor>Congressional Research Service, Library of Congress</dc:contributor>
    <dc:description>This file contains bill summaries and statuses for federal legislation. A bill summary describes the most significant provisions of a piece of legislation and details the effects the legislative text may have on current law and federal programs. Bill summaries are authored by the Congressional Research Service (CRS) of the Library of Congress. As stated in Public Law 91-510 (2 USC 166 (d)(6)), one of the duties of CRS is "to prepare summaries and digests of bills and resolutions of a public general nature introduced in the Senate or House of Representatives". For more information, refer to the User Guide that accompanies this file.</dc:description>
  </dublinCore>
</billStatus>

