<?xml version="1.0" encoding="UTF-8"?>
<billStatus>
  <bill>
    <summaries>
      <billSummaries>
        <item>
          <actionDate>2017-01-03</actionDate>
          <lastSummaryUpdateDate>2017-01-09T20:49:53Z</lastSummaryUpdateDate>
          <name>Introduced in Senate</name>
          <text><![CDATA[<p>This joint resolution approves the location within Washington, D.C. and the surrounding area of the National Desert Storm and Desert Shield Memorial authorized to be established under the Carl Levin and Howard P. `Buck' McKeon National Defense Authorization Act for Fiscal Year 2015.</p>]]></text>
          <actionDesc>Introduced in Senate</actionDesc>
          <updateDate>2017-01-03T05:00:00Z</updateDate>
          <versionCode>00</versionCode>
        </item>
      </billSummaries>
    </summaries>
    <calendarNumbers />
    <sponsors>
      <item>
        <identifiers>
          <bioguideId>B001236</bioguideId>
          <lisID>1687</lisID>
          <gpoId>8247</gpoId>
        </identifiers>
        <fullName>Sen. Boozman, John [R-AR]</fullName>
        <lastName>Boozman</lastName>
        <middleName />
        <bioguideId>B001236</bioguideId>
        <party>R</party>
        <firstName>John</firstName>
        <state>AR</state>
        <byRequestType />
      </item>
    </sponsors>
    <billType>SJRES</billType>
    <committees>
      <billCommittees>
        <item>
          <chamber>Senate</chamber>
          <name>Energy and Natural Resources Committee</name>
          <systemCode>sseg00</systemCode>
          <type>Standing</type>
          <subcommittees />
          <activities>
            <item>
              <date>2017-01-03T19:17:29Z</date>
              <name>Referred to</name>
            </item>
          </activities>
        </item>
      </billCommittees>
    </committees>
    <titles>
      <item>
        <title>A joint resolution approving the location of a memorial to commemorate and honor the members of the Armed Forces who served on active duty in support of Operation Desert Storm or Operation Desert Shield.</title>
        <parentTitleType />
        <chamberName />
        <titleType>Official Title as Introduced</titleType>
        <chamberCode />
      </item>
      <item>
        <title>A joint resolution approving the location of a memorial to commemorate and honor the members of the Armed Forces who served on active duty in support of Operation Desert Storm or Operation Desert Shield.</title>
        <parentTitleType />
        <chamberName />
        <titleType>Display Title</titleType>
        <chamberCode />
      </item>
    </titles>
    <billNumber>1</billNumber>
    <cboCostEstimates />
    <title>A joint resolution approving the location of a memorial to commemorate and honor the members of the Armed Forces who served on active duty in support of Operation Desert Storm or Operation Desert Shield.</title>
    <amendments />
    <actions>
      <item>
        <actionDate>2017-01-03</actionDate>
        <committee>
          <name>Energy and Natural Resources Committee</name>
          <systemCode>sseg00</systemCode>
        </committee>
        <links />
        <sourceSystem>
          <name>Senate</name>
          <code>0</code>
        </sourceSystem>
        <text>Read twice and referred to the Committee on Energy and Natural Resources.</text>
        <type>IntroReferral</type>
      </item>
      <item>
        <committee />
        <actionDate>2017-01-03</actionDate>
        <text>Introduced in Senate</text>
        <links />
        <actionCode>10000</actionCode>
        <type>IntroReferral</type>
        <sourceSystem>
          <name>Library of Congress</name>
          <code>9</code>
        </sourceSystem>
      </item>
      <actionTypeCounts>
        <referredToCommittee>1</referredToCommittee>
        <introducedInSenate>1</introducedInSenate>
      </actionTypeCounts>
      <actionByCounts>
        <senate>2</senate>
      </actionByCounts>
    </actions>
    <notes />
    <updateDate>2017-01-12T14:28:17Z</updateDate>
    <createDate>2017-01-04T04:47:42Z</createDate>
    <recordedVotes />
    <introducedDate>2017-01-03</introducedDate>
    <congress>115</congress>
    <committeeReports />
    <laws />
    <cosponsors>
      <item>
        <lastName>Donnelly</lastName>
        <isOriginalCosponsor>True</isOriginalCosponsor>
        <state>IN</state>
        <sponsorshipWithdrawnDate />
        <bioguideId>D000607</bioguideId>
        <firstName>Joe</firstName>
        <fullName>Sen. Donnelly, Joe [D-IN]</fullName>
        <identifiers>
          <bioguideId>D000607</bioguideId>
          <lisID>1850</lisID>
          <gpoId>7941</gpoId>
        </identifiers>
        <middleName />
        <sponsorshipDate>2017-01-03</sponsorshipDate>
        <party>D</party>
      </item>
      <item>
        <lastName>Tillis</lastName>
        <isOriginalCosponsor>False</isOriginalCosponsor>
        <state>NC</state>
        <sponsorshipWithdrawnDate />
        <bioguideId>T000476</bioguideId>
        <firstName>Thomas</firstName>
        <fullName>Sen. Tillis, Thom [R-NC]</fullName>
        <identifiers>
          <bioguideId>T000476</bioguideId>
          <lisID>2291</lisID>
          <gpoId />
        </identifiers>
        <middleName>Roland</middleName>
        <sponsorshipDate>2017-01-05</sponsorshipDate>
        <party>R</party>
      </item>
      <item>
        <lastName>INHOFE</lastName>
        <isOriginalCosponsor>False</isOriginalCosponsor>
        <state>OK</state>
        <sponsorshipWithdrawnDate />
        <bioguideId>I000024</bioguideId>
        <firstName>JIM</firstName>
        <fullName>Sen. Inhofe, James M. [R-OK]</fullName>
        <identifiers>
          <bioguideId>I000024</bioguideId>
          <lisID>583</lisID>
          <gpoId>8322</gpoId>
        </identifiers>
        <middleName />
        <sponsorshipDate>2017-01-05</sponsorshipDate>
        <party>R</party>
      </item>
      <item>
        <lastName>MORAN</lastName>
        <isOriginalCosponsor>False</isOriginalCosponsor>
        <state>KS</state>
        <sponsorshipWithdrawnDate />
        <bioguideId>M000934</bioguideId>
        <firstName>JERRY</firstName>
        <fullName>Sen. Moran, Jerry [R-KS]</fullName>
        <identifiers>
          <lisID>1507</lisID>
          <gpoId>8307</gpoId>
          <bioguideId>M000934</bioguideId>
        </identifiers>
        <middleName />
        <sponsorshipDate>2017-01-05</sponsorshipDate>
        <party>R</party>
      </item>
      <item>
        <lastName>CAPITO</lastName>
        <isOriginalCosponsor>False</isOriginalCosponsor>
        <state>WV</state>
        <sponsorshipWithdrawnDate />
        <bioguideId>C001047</bioguideId>
        <firstName>SHELLEY</firstName>
        <fullName>Sen. Capito, Shelley Moore [R-WV]</fullName>
        <identifiers>
          <lisID>1676</lisID>
          <gpoId>8223</gpoId>
          <bioguideId>C001047</bioguideId>
        </identifiers>
        <middleName>MOORE</middleName>
        <sponsorshipDate>2017-01-05</sponsorshipDate>
        <party>R</party>
      </item>
      <item>
        <lastName>HATCH</lastName>
        <isOriginalCosponsor>False</isOriginalCosponsor>
        <state>UT</state>
        <sponsorshipWithdrawnDate />
        <bioguideId>H000338</bioguideId>
        <firstName>ORRIN</firstName>
        <fullName>Sen. Hatch, Orrin G. [R-UT]</fullName>
        <identifiers>
          <bioguideId>H000338</bioguideId>
          <gpoId>8314</gpoId>
          <lisID>1351</lisID>
        </identifiers>
        <middleName>GRANT</middleName>
        <sponsorshipDate>2017-01-09</sponsorshipDate>
        <party>R</party>
      </item>
      <item>
        <lastName>Rounds</lastName>
        <isOriginalCosponsor>False</isOriginalCosponsor>
        <state>SD</state>
        <sponsorshipWithdrawnDate />
        <bioguideId>R000605</bioguideId>
        <firstName>Mike</firstName>
        <fullName>Sen. Rounds, Mike  [R-SD]</fullName>
        <identifiers>
          <gpoId />
          <bioguideId>R000605</bioguideId>
          <lisID>2288</lisID>
        </identifiers>
        <middleName />
        <sponsorshipDate>2017-01-11</sponsorshipDate>
        <party>R</party>
      </item>
    </cosponsors>
    <originChamber>Senate</originChamber>
    <latestAction>
      <links />
      <text>Read twice and referred to the Committee on Energy and Natural Resources.</text>
      <actionDate>2017-01-03</actionDate>
    </latestAction>
    <policyArea>
      <name>Armed Forces and National Security</name>
    </policyArea>
    <relatedBills>
      <item>
        <latestTitle>Approving the location of a memorial to commemorate and honor the members of the Armed Forces who served on active duty in support of Operation Desert Storm or Operation Desert Shield.</latestTitle>
        <type>HJRES</type>
        <number>3</number>
        <congress>115</congress>
        <latestAction>
          <actionDate>2017-01-05</actionDate>
          <text>Received in the Senate and Read twice and referred to the Committee on Energy and Natural Resources.</text>
        </latestAction>
        <relationshipDetails>
          <item>
            <type>Related bill</type>
            <identifiedBy>CRS</identifiedBy>
          </item>
        </relationshipDetails>
      </item>
    </relatedBills>
    <subjects>
      <billSubjects>
        <legislativeSubjects>
          <item>
            <name>Conflicts and wars</name>
          </item>
          <item>
            <name>District of Columbia</name>
          </item>
          <item>
            <name>Iraq</name>
          </item>
          <item>
            <name>Kuwait</name>
          </item>
          <item>
            <name>Middle East</name>
          </item>
          <item>
            <name>Military operations and strategy</name>
          </item>
          <item>
            <name>Military personnel and dependents</name>
          </item>
          <item>
            <name>Monuments and memorials</name>
          </item>
        </legislativeSubjects>
        <policyArea>
          <name>Armed Forces and National Security</name>
        </policyArea>
      </billSubjects>
    </subjects>
  </bill>
  <dublinCore xmlns:dc="http://purl.org/dc/elements/1.1/">
    <dc:format>text/xml</dc:format>
    <dc:language>EN</dc:language>
    <dc:rights>Pursuant to Title 17 Section 105 of the United States Code, this file is not subject to copyright protection and is in the public domain.</dc:rights>
    <dc:contributor>Congressional Research Service, Library of Congress</dc:contributor>
    <dc:description>This file contains bill summaries and statuses for federal legislation. A bill summary describes the most significant provisions of a piece of legislation and details the effects the legislative text may have on current law and federal programs. Bill summaries are authored by the Congressional Research Service (CRS) of the Library of Congress. As stated in Public Law 91-510 (2 USC 166 (d)(6)), one of the duties of CRS is "to prepare summaries and digests of bills and resolutions of a public general nature introduced in the Senate or House of Representatives". For more information, refer to the User Guide that accompanies this file.</dc:description>
  </dublinCore>
</billStatus>

