<?xml version="1.0" encoding="UTF-8"?>
<billStatus>
  <bill>
    <sponsors>
      <item>
        <lastName>REID</lastName>
        <fullName>Sen. Reid, Harry [D-NV]</fullName>
        <middleName>M.</middleName>
        <firstName>HARRY</firstName>
        <identifiers>
          <gpoId>8271</gpoId>
          <lisID>952</lisID>
          <bioguideId>R000146</bioguideId>
        </identifiers>
        <byRequestType />
        <bioguideId>R000146</bioguideId>
      </item>
    </sponsors>
    <latestAction>
      <links />
      <actionDate>2013-03-25</actionDate>
      <text>Motion to reconsider laid on the table Agreed to without objection.</text>
      <actionTime>11:02:21</actionTime>
    </latestAction>
    <laws />
    <createDate>2013-03-23T07:31:16Z</createDate>
    <updateDate>2016-10-25T16:18:01Z</updateDate>
    <committees>
      <billCommittees />
    </committees>
    <recordedVotes />
    <introducedDate>2013-03-22</introducedDate>
    <relatedBills />
    <billNumber>11</billNumber>
    <amendments />
    <billType>SCONRES</billType>
    <actions>
      <item>
        <actionCode>H38310</actionCode>
        <actionDate>2013-03-25</actionDate>
        <type>Floor</type>
        <actionTime>11:02:21</actionTime>
        <text>Motion to reconsider laid on the table Agreed to without objection.</text>
        <links />
        <committee />
        <sourceSystem>
          <name>House floor actions</name>
          <code>2</code>
        </sourceSystem>
      </item>
      <item>
        <actionCode>H37100</actionCode>
        <actionDate>2013-03-25</actionDate>
        <type>Floor</type>
        <actionTime>11:02:15</actionTime>
        <text>On agreeing to the resolution Agreed to without objection. (text: CR H1832)</text>
        <links>
          <link>
            <name>H1832</name>
            <url>/congressional-record/2013/house-section/page/H1832</url>
          </link>
        </links>
        <committee />
        <sourceSystem>
          <name>House floor actions</name>
          <code>2</code>
        </sourceSystem>
      </item>
      <item>
        <actionCode>8000</actionCode>
        <actionDate>2013-03-25</actionDate>
        <type>Floor</type>
        <actionTime>11:02:15</actionTime>
        <text>Passed/agreed to in House: On agreeing to the resolution Agreed to without objection.(text: CR H1832)</text>
        <links>
          <link>
            <name>H1832</name>
            <url>/congressional-record/2013/house-section/page/H1832</url>
          </link>
        </links>
        <committee />
        <sourceSystem>
          <name>Library of Congress</name>
          <code>9</code>
        </sourceSystem>
      </item>
      <item>
        <actionCode>H30000</actionCode>
        <actionDate>2013-03-25</actionDate>
        <type>Floor</type>
        <actionTime>11:01:11</actionTime>
        <text>Considered as privileged matter. (consideration: CR H1832)</text>
        <links>
          <link>
            <name>H1832</name>
            <url>/congressional-record/2013/house-section/page/H1832</url>
          </link>
        </links>
        <committee />
        <sourceSystem>
          <name>House floor actions</name>
          <code>2</code>
        </sourceSystem>
      </item>
      <item>
        <actionCode>H14000</actionCode>
        <actionDate>2013-03-25</actionDate>
        <type>Floor</type>
        <actionTime>11:00:59</actionTime>
        <text>Received in the House.</text>
        <links />
        <committee />
        <sourceSystem>
          <name>House floor actions</name>
          <code>2</code>
        </sourceSystem>
      </item>
      <item>
        <actionDate>2013-03-25</actionDate>
        <committee />
        <links />
        <sourceSystem>
          <name>Senate</name>
          <code>0</code>
        </sourceSystem>
        <text>Message on Senate action sent to the House.</text>
        <type>Floor</type>
      </item>
      <item>
        <actionDate>2013-03-23</actionDate>
        <committee />
        <links>
          <link>
            <name>S2339</name>
            <url>/congressional-record/2013/senate-section/page/S2339</url>
          </link>
        </links>
        <sourceSystem>
          <name>Senate</name>
          <code>0</code>
        </sourceSystem>
        <text>Submitted in the Senate, considered, and agreed to without amendment by Unanimous Consent. (consideration: CR S2435; text as passed Senate: CR S2339)</text>
        <type>Floor</type>
      </item>
      <item>
        <actionCode>17000</actionCode>
        <type>Floor</type>
        <text>Passed/agreed to in Senate: Submitted in the Senate, considered, and agreed to without amendment by Unanimous Consent.(consideration: CR S2435; text as passed Senate: CR S2339)</text>
        <actionDate>2013-03-23</actionDate>
        <links>
          <link>
            <name>S2339</name>
            <url>/congressional-record/2013/senate-section/page/S2339</url>
          </link>
        </links>
        <committee />
        <sourceSystem>
          <name>Library of Congress</name>
          <code>9</code>
        </sourceSystem>
      </item>
      <item>
        <actionCode>10000</actionCode>
        <type>IntroReferral</type>
        <text>Introduced in Senate</text>
        <actionDate>2013-03-22</actionDate>
        <links />
        <committee />
        <sourceSystem>
          <name>Library of Congress</name>
          <code>9</code>
        </sourceSystem>
      </item>
      <actionByCounts>
        <houseOfRepresentatives>5</houseOfRepresentatives>
        <senate>4</senate>
      </actionByCounts>
      <actionTypeCounts>
        <introducedInSenate>1</introducedInSenate>
        <receivedInTheHouse>1</receivedInTheHouse>
        <passedOrAgreedToInSenateDayOf>1</passedOrAgreedToInSenateDayOf>
        <passedAgreedToInHouse>1</passedAgreedToInHouse>
        <passageOfAMeasure>1</passageOfAMeasure>
        <motionToReconsiderResults>1</motionToReconsiderResults>
        <considerationByHouse>1</considerationByHouse>
        <passedAgreedToInSenate>1</passedAgreedToInSenate>
        <sentToHouse>1</sentToHouse>
      </actionTypeCounts>
    </actions>
    <policyArea>
      <name>Congress</name>
    </policyArea>
    <cosponsors>
      <item>
        <middleName />
        <firstName>MITCH</firstName>
        <fullName>Sen. McConnell, Mitch [R-KY]</fullName>
        <sponsorshipWithdrawnDate />
        <sponsorshipDate>2013-03-22</sponsorshipDate>
        <bioguideId>M000355</bioguideId>
        <lastName>MCCONNELL</lastName>
        <isOriginalCosponsor>True</isOriginalCosponsor>
        <identifiers>
          <bioguideId>M000355</bioguideId>
          <lisID>1395</lisID>
          <gpoId>8254</gpoId>
        </identifiers>
      </item>
    </cosponsors>
    <cboCostEstimates />
    <summaries>
      <billSummaries>
        <item>
          <updateDate>2013-03-22T04:00:00Z</updateDate>
          <text><![CDATA[<p>Declares that when the Senate recesses or adjourns on any day from Friday, March 22, 2013 through Tuesday, March 26, 2013, it stand recessed or adjourned until 12:00 noon on Monday, April 8, 2013.</p> <p>Declares that when the House adjourns on Monday, March 25, 2013, it stand adjourned until 2:00 p.m. on Tuesday, April 9, 2013.</p>]]></text>
          <actionDate>2013-03-22</actionDate>
          <actionDesc>Introduced in Senate</actionDesc>
          <name>Introduced in Senate</name>
          <lastSummaryUpdateDate>2013-03-27T19:27:45Z</lastSummaryUpdateDate>
          <versionCode>00</versionCode>
        </item>
        <item>
          <updateDate>2013-03-23T20:03:21Z</updateDate>
          <text><![CDATA[<p><b>(This measure has not been amended since it was introduced. The summary of that version is repeated here.)</b></p> <p>Declares that when the Senate recesses or adjourns on any day from Friday, March 22, 2013 through Tuesday, March 26, 2013, it stand recessed or adjourned until 12:00 noon on Monday, April 8, 2013.</p> <p>Declares that when the House adjourns on Monday, March 25, 2013, it stand adjourned until 2:00 p.m. on Tuesday, April 9, 2013.</p>]]></text>
          <actionDate>2013-03-23</actionDate>
          <actionDesc>Passed Senate without amendment</actionDesc>
          <name>Passed Senate without amendment</name>
          <lastSummaryUpdateDate>2013-03-27T19:27:33Z</lastSummaryUpdateDate>
          <versionCode>82</versionCode>
        </item>
        <item>
          <updateDate>2013-03-25T12:42:45Z</updateDate>
          <text><![CDATA[<p><b>(This measure has not been amended since it was introduced. The summary of that version is repeated here.)</b></p> <p>Declares that when the Senate recesses or adjourns on any day from Friday, March 22, 2013 through Tuesday, March 26, 2013, it stand recessed or adjourned until 12:00 noon on Monday, April 8, 2013.</p> <p>Declares that when the House adjourns on Monday, March 25, 2013, it stand adjourned until 2:00 p.m. on Tuesday, April 9, 2013.</p>]]></text>
          <actionDate>2013-03-25</actionDate>
          <actionDesc>Passed House without amendment</actionDesc>
          <name>Passed House without amendment</name>
          <lastSummaryUpdateDate>2013-03-27T19:28:00Z</lastSummaryUpdateDate>
          <versionCode>81</versionCode>
        </item>
      </billSummaries>
    </summaries>
    <committeeReports />
    <title>A concurrent resolution providing for a conditional adjournment or recess of the Senate and an adjournment of the House of Representatives.</title>
    <calendarNumbers />
    <notes />
    <subjects>
      <billSubjects>
        <legislativeSubjects>
          <item>
            <name>Congressional operations and organization</name>
          </item>
          <item>
            <name>House of Representatives</name>
          </item>
          <item>
            <name>Senate</name>
          </item>
        </legislativeSubjects>
        <policyArea>
          <name>Congress</name>
        </policyArea>
      </billSubjects>
    </subjects>
    <congress>113</congress>
    <originChamber>Senate</originChamber>
    <titles>
      <item>
        <titleType>Official Title as Introduced</titleType>
        <title>A concurrent resolution providing for a conditional adjournment or recess of the Senate and an adjournment of the House of Representatives.</title>
        <chamberCode />
        <chamberName />
        <parentTitleType />
      </item>
      <item>
        <titleType>Display Title</titleType>
        <title>A concurrent resolution providing for a conditional adjournment or recess of the Senate and an adjournment of the House of Representatives.</title>
        <chamberCode />
        <chamberName />
        <parentTitleType />
      </item>
    </titles>
  </bill>
  <dublinCore xmlns:dc="http://purl.org/dc/elements/1.1/">
    <dc:format>text/xml</dc:format>
    <dc:language>EN</dc:language>
    <dc:rights>Pursuant to Title 17 Section 105 of the United States Code, this file is not subject to copyright protection and is in the public domain.</dc:rights>
    <dc:contributor>Congressional Research Service, Library of Congress</dc:contributor>
    <dc:description>This file contains bill summaries and statuses for federal legislation. A bill summary describes the most significant provisions of a piece of legislation and details the effects the legislative text may have on current law and federal programs. Bill summaries are authored by the Congressional Research Service (CRS) of the Library of Congress. As stated in Public Law 91-510 (2 USC 166 (d)(6)), one of the duties of CRS is "to prepare summaries and digests of bills and resolutions of a public general nature introduced in the Senate or House of Representatives". For more information, refer to the User Guide that accompanies this file.</dc:description>
  </dublinCore>
</billStatus>

