<?xml version="1.0" encoding="UTF-8"?>
<billStatus>
  <bill>
    <relatedBills />
    <policyArea>
      <name>International Affairs</name>
    </policyArea>
    <congress>113</congress>
    <cboCostEstimates />
    <laws />
    <billNumber>27</billNumber>
    <notes />
    <originChamber>Senate</originChamber>
    <latestAction>
      <actionDate>2013-11-21</actionDate>
      <text>Referred to the Committee on Foreign Relations. (text of measure as introduced: CR S8466)</text>
      <links />
    </latestAction>
    <updateDate>2016-10-25T16:18:03Z</updateDate>
    <calendarNumbers />
    <titles>
      <item>
        <chamberName />
        <titleType>Short Titles as Introduced</titleType>
        <title>Support of Israel Against Existential Threat Resolution of 2013</title>
        <chamberCode />
        <parentTitleType />
      </item>
      <item>
        <chamberName />
        <titleType>Official Title as Introduced</titleType>
        <title>A concurrent resolution expressing the sense of Congress that the United States should ensure that Israel is able to adequately address an existential Iranian nuclear threat and to support Israel's right to respond to the potential threat of a Syrian S-300 air defense system.</title>
        <chamberCode />
        <parentTitleType />
      </item>
      <item>
        <chamberName />
        <titleType>Display Title</titleType>
        <title>Support of Israel Against Existential Threat Resolution of 2013</title>
        <chamberCode />
        <parentTitleType />
      </item>
    </titles>
    <title>Support of Israel Against Existential Threat Resolution of 2013</title>
    <committeeReports />
    <sponsors>
      <item>
        <bioguideId>T000461</bioguideId>
        <fullName>Sen. Toomey, Pat [R-PA]</fullName>
        <identifiers>
          <lisID>1594</lisID>
          <bioguideId>T000461</bioguideId>
          <gpoId />
        </identifiers>
        <byRequestType />
        <middleName />
        <firstName>Pat</firstName>
        <lastName>Toomey</lastName>
      </item>
    </sponsors>
    <introducedDate>2013-11-21</introducedDate>
    <createDate>2013-11-22T07:01:10Z</createDate>
    <committees>
      <billCommittees>
        <item>
          <subcommittees />
          <activities>
            <item>
              <name>Referred to</name>
              <date>2013-11-21T18:03:01Z</date>
            </item>
          </activities>
          <type>Standing</type>
          <systemCode>ssfr00</systemCode>
          <chamber>Senate</chamber>
          <name>Foreign Relations Committee</name>
        </item>
      </billCommittees>
    </committees>
    <cosponsors />
    <billType>SCONRES</billType>
    <summaries>
      <billSummaries>
        <item>
          <versionCode>00</versionCode>
          <text><![CDATA[<p>Support of Israel Against Existential Threat Resolution of 2013 - Expresses the sense of Congress that: (1) the United States should ensure that Israel is able to adequately address an existential Iranian nuclear threat, (2) the Secretary of Defense (DOD) should seek related opportunities for defense cooperation and partnership on military capabilities where appropriate, and (3) the delivery of the S-300 air defense system to Syria would pose a grave risk to Israel and the United States supports Israel's right to respond to such threat.</p>]]></text>
          <updateDate>2013-11-21T05:00:00Z</updateDate>
          <lastSummaryUpdateDate>2014-01-25T16:23:46Z</lastSummaryUpdateDate>
          <actionDate>2013-11-21</actionDate>
          <actionDesc>Introduced in Senate</actionDesc>
          <name>Introduced in Senate</name>
        </item>
      </billSummaries>
    </summaries>
    <recordedVotes />
    <amendments />
    <actions>
      <actionTypeCounts>
        <referredToCommittee>1</referredToCommittee>
        <introducedInSenate>1</introducedInSenate>
      </actionTypeCounts>
      <item>
        <actionDate>2013-11-21</actionDate>
        <committee>
          <systemCode>ssfr00</systemCode>
          <name>Foreign Relations Committee</name>
        </committee>
        <links>
          <link>
            <name>S8466</name>
            <url>/congressional-record/2013/senate-section/page/S8466</url>
          </link>
        </links>
        <sourceSystem>
          <name>Senate</name>
          <code>0</code>
        </sourceSystem>
        <text>Referred to the Committee on Foreign Relations. (text of measure as introduced: CR S8466)</text>
        <type>IntroReferral</type>
      </item>
      <item>
        <sourceSystem>
          <name>Library of Congress</name>
          <code>9</code>
        </sourceSystem>
        <actionDate>2013-11-21</actionDate>
        <links />
        <text>Introduced in Senate</text>
        <type>IntroReferral</type>
        <actionCode>10000</actionCode>
        <committee />
      </item>
      <actionByCounts>
        <senate>2</senate>
      </actionByCounts>
    </actions>
    <subjects>
      <billSubjects>
        <legislativeSubjects>
          <item>
            <name>Alliances</name>
          </item>
          <item>
            <name>Iran</name>
          </item>
          <item>
            <name>Israel</name>
          </item>
          <item>
            <name>Middle East</name>
          </item>
          <item>
            <name>Military assistance, sales, and agreements</name>
          </item>
          <item>
            <name>Nuclear weapons</name>
          </item>
          <item>
            <name>Syria</name>
          </item>
        </legislativeSubjects>
        <policyArea>
          <name>International Affairs</name>
        </policyArea>
      </billSubjects>
    </subjects>
  </bill>
  <dublinCore xmlns:dc="http://purl.org/dc/elements/1.1/">
    <dc:format>text/xml</dc:format>
    <dc:language>EN</dc:language>
    <dc:rights>Pursuant to Title 17 Section 105 of the United States Code, this file is not subject to copyright protection and is in the public domain.</dc:rights>
    <dc:contributor>Congressional Research Service, Library of Congress</dc:contributor>
    <dc:description>This file contains bill summaries and statuses for federal legislation. A bill summary describes the most significant provisions of a piece of legislation and details the effects the legislative text may have on current law and federal programs. Bill summaries are authored by the Congressional Research Service (CRS) of the Library of Congress. As stated in Public Law 91-510 (2 USC 166 (d)(6)), one of the duties of CRS is "to prepare summaries and digests of bills and resolutions of a public general nature introduced in the Senate or House of Representatives". For more information, refer to the User Guide that accompanies this file.</dc:description>
  </dublinCore>
</billStatus>

