<?xml version="1.0" encoding="UTF-8"?>
<billStatus>
  <bill>
    <actions>
      <actionTypeCounts>
        <receivedInTheHouse>1</receivedInTheHouse>
        <considerationByHouse>1</considerationByHouse>
        <passageOfAMeasure>1</passageOfAMeasure>
        <passedAgreedToInSenate>1</passedAgreedToInSenate>
        <motionToReconsiderResults>1</motionToReconsiderResults>
        <passedAgreedToInHouse>1</passedAgreedToInHouse>
        <introducedInSenate>1</introducedInSenate>
        <sentToHouse>1</sentToHouse>
        <passedOrAgreedToInSenateDayOf>1</passedOrAgreedToInSenateDayOf>
      </actionTypeCounts>
      <actionByCounts>
        <senate>4</senate>
        <houseOfRepresentatives>5</houseOfRepresentatives>
      </actionByCounts>
      <item>
        <committee />
        <sourceSystem>
          <name>House floor actions</name>
          <code>2</code>
        </sourceSystem>
        <type>Floor</type>
        <text>Motion to reconsider laid on the table Agreed to without objection.</text>
        <links />
        <actionTime>22:53:49</actionTime>
        <actionCode>H38310</actionCode>
        <actionDate>2013-10-16</actionDate>
      </item>
      <item>
        <committee />
        <sourceSystem>
          <name>House floor actions</name>
          <code>2</code>
        </sourceSystem>
        <type>Floor</type>
        <text>On agreeing to the resolution Agreed to without objection. (text: CR H6642)</text>
        <links>
          <link>
            <name>H6642</name>
            <url>/congressional-record/2013/house-section/page/H6642</url>
          </link>
        </links>
        <actionTime>22:53:43</actionTime>
        <actionCode>H37100</actionCode>
        <actionDate>2013-10-16</actionDate>
      </item>
      <item>
        <committee />
        <sourceSystem>
          <name>Library of Congress</name>
          <code>9</code>
        </sourceSystem>
        <type>Floor</type>
        <text>Passed/agreed to in House: On agreeing to the resolution Agreed to without objection.(text: CR H6642)</text>
        <links>
          <link>
            <name>H6642</name>
            <url>/congressional-record/2013/house-section/page/H6642</url>
          </link>
        </links>
        <actionTime>22:53:43</actionTime>
        <actionCode>8000</actionCode>
        <actionDate>2013-10-16</actionDate>
      </item>
      <item>
        <committee />
        <sourceSystem>
          <name>House floor actions</name>
          <code>2</code>
        </sourceSystem>
        <type>Floor</type>
        <text>Considered as privileged matter. (consideration: CR H6642)</text>
        <links>
          <link>
            <name>H6642</name>
            <url>/congressional-record/2013/house-section/page/H6642</url>
          </link>
        </links>
        <actionTime>22:52:08</actionTime>
        <actionCode>H30000</actionCode>
        <actionDate>2013-10-16</actionDate>
      </item>
      <item>
        <committee />
        <sourceSystem>
          <name>House floor actions</name>
          <code>2</code>
        </sourceSystem>
        <type>Floor</type>
        <text>Received in the House.</text>
        <links />
        <actionTime>22:51:26</actionTime>
        <actionCode>H14000</actionCode>
        <actionDate>2013-10-16</actionDate>
      </item>
      <item>
        <actionDate>2013-10-16</actionDate>
        <committee />
        <links />
        <sourceSystem>
          <name>Senate</name>
          <code>0</code>
        </sourceSystem>
        <text>Message on Senate action sent to the House.</text>
        <type>Floor</type>
      </item>
      <item>
        <actionDate>2013-10-16</actionDate>
        <committee />
        <links>
          <link>
            <name>S7539</name>
            <url>/congressional-record/2013/senate-section/page/S7539</url>
          </link>
        </links>
        <sourceSystem>
          <name>Senate</name>
          <code>0</code>
        </sourceSystem>
        <text>Submitted in the Senate, considered, and agreed to without amendment by Unanimous Consent. (consideration: CR S7559; text as passed Senate: CR S7559; text of measure as introduced: CR S7539)</text>
        <type>Floor</type>
      </item>
      <item>
        <committee />
        <sourceSystem>
          <name>Library of Congress</name>
          <code>9</code>
        </sourceSystem>
        <type>Floor</type>
        <text>Passed/agreed to in Senate: Submitted in the Senate, considered, and agreed to without amendment by Unanimous Consent.(consideration: CR S7559; text as passed Senate: CR S7559; text of measure as introduced: CR S7539)</text>
        <actionDate>2013-10-16</actionDate>
        <links>
          <link>
            <name>S7539</name>
            <url>/congressional-record/2013/senate-section/page/S7539</url>
          </link>
        </links>
        <actionCode>17000</actionCode>
      </item>
      <item>
        <committee />
        <sourceSystem>
          <name>Library of Congress</name>
          <code>9</code>
        </sourceSystem>
        <type>IntroReferral</type>
        <text>Introduced in Senate</text>
        <actionDate>2013-10-16</actionDate>
        <links />
        <actionCode>10000</actionCode>
      </item>
    </actions>
    <title>A concurrent resolution providing for a conditional adjournment or recess of the Senate and an adjournment of the House of Representatives.</title>
    <cosponsors />
    <sponsors>
      <item>
        <middleName>M.</middleName>
        <firstName>HARRY</firstName>
        <byRequestType />
        <bioguideId>R000146</bioguideId>
        <fullName>Sen. Reid, Harry [D-NV]</fullName>
        <lastName>REID</lastName>
        <identifiers>
          <gpoId>8271</gpoId>
          <lisID>952</lisID>
          <bioguideId>R000146</bioguideId>
        </identifiers>
      </item>
    </sponsors>
    <subjects>
      <billSubjects>
        <policyArea>
          <name>Congress</name>
        </policyArea>
        <legislativeSubjects>
          <item>
            <name>Congressional operations and organization</name>
          </item>
          <item>
            <name>House of Representatives</name>
          </item>
          <item>
            <name>Senate</name>
          </item>
        </legislativeSubjects>
      </billSubjects>
    </subjects>
    <updateDate>2016-10-25T16:18:03Z</updateDate>
    <originChamber>Senate</originChamber>
    <titles>
      <item>
        <chamberName />
        <titleType>Official Title as Introduced</titleType>
        <title>A concurrent resolution providing for a conditional adjournment or recess of the Senate and an adjournment of the House of Representatives.</title>
        <chamberCode />
        <parentTitleType />
      </item>
      <item>
        <chamberName />
        <titleType>Display Title</titleType>
        <title>A concurrent resolution providing for a conditional adjournment or recess of the Senate and an adjournment of the House of Representatives.</title>
        <chamberCode />
        <parentTitleType />
      </item>
    </titles>
    <createDate>2013-10-17T07:01:46Z</createDate>
    <congress>113</congress>
    <introducedDate>2013-10-16</introducedDate>
    <latestAction>
      <actionTime>22:53:49</actionTime>
      <links />
      <actionDate>2013-10-16</actionDate>
      <text>Motion to reconsider laid on the table Agreed to without objection.</text>
    </latestAction>
    <laws />
    <relatedBills />
    <notes />
    <recordedVotes />
    <cboCostEstimates />
    <policyArea>
      <name>Congress</name>
    </policyArea>
    <billNumber>24</billNumber>
    <billType>SCONRES</billType>
    <committees>
      <billCommittees />
    </committees>
    <amendments />
    <summaries>
      <billSummaries>
        <item>
          <updateDate>2013-10-16T04:00:00Z</updateDate>
          <text><![CDATA[<p>Declares that when the Senate recesses or adjourns on any day from Wednesday, October 16, 2013, through Friday, October 25, 2013, it stand recessed or adjourned until 12:00 noon on Monday, October 28, 2013.</p> <p>Declares that when the House adjourns on any legislative day from Wednesday, October 16, 2013, through Monday, October 21, 2013, it stand adjourned until 2:00 p.m. on Tuesday, October 22, 2013.</p>]]></text>
          <actionDate>2013-10-16</actionDate>
          <actionDesc>Introduced in Senate</actionDesc>
          <name>Introduced in Senate</name>
          <lastSummaryUpdateDate>2013-10-28T20:06:28Z</lastSummaryUpdateDate>
          <versionCode>00</versionCode>
        </item>
        <item>
          <updateDate>2013-10-16T14:01:05Z</updateDate>
          <text><![CDATA[<p><b>(This measure has not been amended since it was introduced. The summary of that version is repeated here.)</b></p> <p>Declares that when the Senate recesses or adjourns on any day from Wednesday, October 16, 2013, through Friday, October 25, 2013, it stand recessed or adjourned until 12:00 noon on Monday, October 28, 2013.</p> <p>Declares that when the House adjourns on any legislative day from Wednesday, October 16, 2013, through Monday, October 21, 2013, it stand adjourned until 2:00 p.m. on Tuesday, October 22, 2013.</p>]]></text>
          <actionDate>2013-10-16</actionDate>
          <actionDesc>Passed Senate without amendment</actionDesc>
          <name>Passed Senate without amendment</name>
          <lastSummaryUpdateDate>2013-10-28T20:07:38Z</lastSummaryUpdateDate>
          <versionCode>82</versionCode>
        </item>
        <item>
          <updateDate>2013-10-16T14:02:26Z</updateDate>
          <text><![CDATA[<p><b>(This measure has not been amended since it was introduced. The summary of that version is repeated here.)</b></p> <p>Declares that when the Senate recesses or adjourns on any day from Wednesday, October 16, 2013, through Friday, October 25, 2013, it stand recessed or adjourned until 12:00 noon on Monday, October 28, 2013.</p> <p>Declares that when the House adjourns on any legislative day from Wednesday, October 16, 2013, through Monday, October 21, 2013, it stand adjourned until 2:00 p.m. on Tuesday, October 22, 2013.</p>]]></text>
          <actionDate>2013-10-16</actionDate>
          <actionDesc>Passed House without amendment</actionDesc>
          <name>Passed House without amendment</name>
          <lastSummaryUpdateDate>2013-10-28T20:07:24Z</lastSummaryUpdateDate>
          <versionCode>81</versionCode>
        </item>
      </billSummaries>
    </summaries>
    <calendarNumbers />
    <committeeReports />
  </bill>
  <dublinCore xmlns:dc="http://purl.org/dc/elements/1.1/">
    <dc:format>text/xml</dc:format>
    <dc:language>EN</dc:language>
    <dc:rights>Pursuant to Title 17 Section 105 of the United States Code, this file is not subject to copyright protection and is in the public domain.</dc:rights>
    <dc:contributor>Congressional Research Service, Library of Congress</dc:contributor>
    <dc:description>This file contains bill summaries and statuses for federal legislation. A bill summary describes the most significant provisions of a piece of legislation and details the effects the legislative text may have on current law and federal programs. Bill summaries are authored by the Congressional Research Service (CRS) of the Library of Congress. As stated in Public Law 91-510 (2 USC 166 (d)(6)), one of the duties of CRS is "to prepare summaries and digests of bills and resolutions of a public general nature introduced in the Senate or House of Representatives". For more information, refer to the User Guide that accompanies this file.</dc:description>
  </dublinCore>
</billStatus>

