<?xml version="1.0" encoding="UTF-8"?>
<billStatus>
  <bill>
    <updateDate>2016-10-25T16:18:05Z</updateDate>
    <sponsors>
      <item>
        <lastName>Pryor</lastName>
        <firstName>Mark</firstName>
        <identifiers>
          <bioguideId>P000590</bioguideId>
          <lisID>1701</lisID>
          <gpoId>8241</gpoId>
        </identifiers>
        <bioguideId>P000590</bioguideId>
        <middleName>Lunsford</middleName>
        <fullName>Sen. Pryor, Mark L. [D-AR]</fullName>
        <byRequestType />
      </item>
    </sponsors>
    <createDate>2014-07-11T05:05:23Z</createDate>
    <subjects>
      <billSubjects>
        <legislativeSubjects>
          <item>
            <name>Agricultural conservation and pollution</name>
          </item>
          <item>
            <name>Land use and conservation</name>
          </item>
        </legislativeSubjects>
        <policyArea>
          <name>Public Lands and Natural Resources</name>
        </policyArea>
      </billSubjects>
    </subjects>
    <introducedDate>2014-07-10</introducedDate>
    <committeeReports />
    <committees>
      <billCommittees>
        <item>
          <name>Agriculture, Nutrition, and Forestry Committee</name>
          <subcommittees />
          <chamber>Senate</chamber>
          <type>Standing</type>
          <systemCode>ssaf00</systemCode>
          <activities>
            <item>
              <name>Referred to</name>
              <date>2014-07-10T19:37:59Z</date>
            </item>
          </activities>
        </item>
      </billCommittees>
    </committees>
    <cboCostEstimates />
    <amendments />
    <title>A concurrent resolution expressing the sense of Congress regarding support for voluntary, incentive-based, private land conservation implemented through cooperation with local soil and water conservation districts.</title>
    <notes />
    <billNumber>39</billNumber>
    <originChamber>Senate</originChamber>
    <cosponsors>
      <item>
        <sponsorshipDate>2014-07-10</sponsorshipDate>
        <lastName>Boozman</lastName>
        <middleName />
        <firstName>John</firstName>
        <fullName>Sen. Boozman, John [R-AR]</fullName>
        <bioguideId>B001236</bioguideId>
        <identifiers>
          <lisID>1687</lisID>
          <bioguideId>B001236</bioguideId>
          <gpoId>8247</gpoId>
        </identifiers>
        <sponsorshipWithdrawnDate />
        <isOriginalCosponsor>True</isOriginalCosponsor>
      </item>
      <item>
        <sponsorshipDate>2014-07-10</sponsorshipDate>
        <lastName>Donnelly</lastName>
        <middleName />
        <firstName>Joe</firstName>
        <fullName>Sen. Donnelly, Joe [D-IN]</fullName>
        <bioguideId>D000607</bioguideId>
        <identifiers>
          <bioguideId>D000607</bioguideId>
          <lisID>1850</lisID>
          <gpoId>7941</gpoId>
        </identifiers>
        <sponsorshipWithdrawnDate />
        <isOriginalCosponsor>True</isOriginalCosponsor>
      </item>
      <item>
        <sponsorshipDate>2014-07-24</sponsorshipDate>
        <lastName>STABENOW</lastName>
        <middleName>ANN</middleName>
        <firstName>DEBORAH</firstName>
        <fullName>Sen. Stabenow, Debbie [D-MI]</fullName>
        <bioguideId>S000770</bioguideId>
        <identifiers>
          <bioguideId>S000770</bioguideId>
          <lisID>1531</lisID>
          <gpoId>8261</gpoId>
        </identifiers>
        <sponsorshipWithdrawnDate />
        <isOriginalCosponsor>False</isOriginalCosponsor>
      </item>
      <item>
        <sponsorshipDate>2014-07-24</sponsorshipDate>
        <lastName>Cochran</lastName>
        <middleName />
        <firstName>Thad</firstName>
        <fullName>Sen. Cochran, Thad [R-MS]</fullName>
        <bioguideId>C000567</bioguideId>
        <identifiers>
          <gpoId>8292</gpoId>
          <lisID>213</lisID>
          <bioguideId>C000567</bioguideId>
        </identifiers>
        <sponsorshipWithdrawnDate />
        <isOriginalCosponsor>False</isOriginalCosponsor>
      </item>
    </cosponsors>
    <calendarNumbers />
    <congress>113</congress>
    <summaries>
      <billSummaries>
        <item>
          <actionDesc>Introduced in Senate</actionDesc>
          <actionDate>2014-07-10</actionDate>
          <updateDate>2014-07-10T04:00:00Z</updateDate>
          <versionCode>00</versionCode>
          <lastSummaryUpdateDate>2014-07-23T16:06:18Z</lastSummaryUpdateDate>
          <name>Introduced in Senate</name>
          <text><![CDATA[<p>Expresses support for the conservation of the nation's natural resources and working lands.</p> <p>Expresses the sense of Congress that voluntary, incentive-based, private land conservation is necessary to sustain natural resources, meet the needs of a growing population, and ensure safe, abundant, and adequate resources for current and future generations. </p>]]></text>
        </item>
      </billSummaries>
    </summaries>
    <policyArea>
      <name>Public Lands and Natural Resources</name>
    </policyArea>
    <titles>
      <item>
        <title>A concurrent resolution expressing the sense of Congress regarding support for voluntary, incentive-based, private land conservation implemented through cooperation with local soil and water conservation districts.</title>
        <parentTitleType />
        <chamberName />
        <chamberCode />
        <titleType>Official Title as Introduced</titleType>
      </item>
      <item>
        <title>A concurrent resolution expressing the sense of Congress regarding support for voluntary, incentive-based, private land conservation implemented through cooperation with local soil and water conservation districts.</title>
        <parentTitleType />
        <chamberName />
        <chamberCode />
        <titleType>Display Title</titleType>
      </item>
    </titles>
    <latestAction>
      <text>Referred to the Committee on Agriculture, Nutrition, and Forestry. (text of measure as introduced: CR S4418)</text>
      <actionDate>2014-07-10</actionDate>
      <links />
    </latestAction>
    <actions>
      <item>
        <actionDate>2014-07-10</actionDate>
        <committee>
          <systemCode>ssaf00</systemCode>
          <name>Agriculture, Nutrition, and Forestry Committee</name>
        </committee>
        <links>
          <link>
            <url>/congressional-record/2014/senate-section/page/S4418</url>
            <name>S4418</name>
          </link>
        </links>
        <sourceSystem>
          <code>0</code>
          <name>Senate</name>
        </sourceSystem>
        <text>Referred to the Committee on Agriculture, Nutrition, and Forestry. (text of measure as introduced: CR S4418)</text>
        <type>IntroReferral</type>
      </item>
      <item>
        <type>IntroReferral</type>
        <sourceSystem>
          <code>9</code>
          <name>Library of Congress</name>
        </sourceSystem>
        <text>Introduced in Senate</text>
        <committee />
        <actionDate>2014-07-10</actionDate>
        <links />
        <actionCode>10000</actionCode>
      </item>
      <actionTypeCounts>
        <referredToCommittee>1</referredToCommittee>
        <introducedInSenate>1</introducedInSenate>
      </actionTypeCounts>
      <actionByCounts>
        <senate>2</senate>
      </actionByCounts>
    </actions>
    <laws />
    <recordedVotes />
    <billType>SCONRES</billType>
    <relatedBills>
      <item>
        <latestAction>
          <text>Referred to the House Committee on Natural Resources.</text>
          <actionDate>2014-03-25</actionDate>
        </latestAction>
        <congress>113</congress>
        <latestTitle>Expressing the sense of Congress regarding support for voluntary, incentive-based, private land conservation implemented through cooperation with local soil and water conservation districts.</latestTitle>
        <relationshipDetails>
          <item>
            <identifiedBy>CRS</identifiedBy>
            <type>Identical bill</type>
          </item>
        </relationshipDetails>
        <number>95</number>
        <type>HCONRES</type>
      </item>
    </relatedBills>
  </bill>
  <dublinCore xmlns:dc="http://purl.org/dc/elements/1.1/">
    <dc:format>text/xml</dc:format>
    <dc:language>EN</dc:language>
    <dc:rights>Pursuant to Title 17 Section 105 of the United States Code, this file is not subject to copyright protection and is in the public domain.</dc:rights>
    <dc:contributor>Congressional Research Service, Library of Congress</dc:contributor>
    <dc:description>This file contains bill summaries and statuses for federal legislation. A bill summary describes the most significant provisions of a piece of legislation and details the effects the legislative text may have on current law and federal programs. Bill summaries are authored by the Congressional Research Service (CRS) of the Library of Congress. As stated in Public Law 91-510 (2 USC 166 (d)(6)), one of the duties of CRS is "to prepare summaries and digests of bills and resolutions of a public general nature introduced in the Senate or House of Representatives". For more information, refer to the User Guide that accompanies this file.</dc:description>
  </dublinCore>
</billStatus>

