<?xml version="1.0" encoding="UTF-8"?>
<billStatus>
  <bill>
    <cosponsors />
    <latestAction>
      <actionTime>12:09:07</actionTime>
      <actionDate>2013-12-26</actionDate>
      <links />
      <text>Motion to reconsider laid on the table Agreed to without objection.</text>
    </latestAction>
    <amendments />
    <notes />
    <laws />
    <createDate>2013-12-21T07:01:20Z</createDate>
    <summaries>
      <billSummaries>
        <item>
          <versionCode>00</versionCode>
          <actionDesc>Introduced in Senate</actionDesc>
          <text><![CDATA[<p>Declares that when the Senate recesses or adjourns on any day from Friday, December 20, 2013, through Tuesday, December 31, 2013, it stand adjourned until 11:45 a.m. on Friday, January 3, 2014.</p> <p>Declares that when the House adjourns on any legislative day from Monday, December 23, 2013, through Tuesday, December 31, 2013, it stand adjourned until 11:00 a.m. on Friday, January 3, 2014.</p>]]></text>
          <lastSummaryUpdateDate>2014-01-06T22:25:30Z</lastSummaryUpdateDate>
          <name>Introduced in Senate</name>
          <actionDate>2013-12-20</actionDate>
          <updateDate>2013-12-20T05:00:00Z</updateDate>
        </item>
        <item>
          <versionCode>82</versionCode>
          <actionDesc>Passed Senate without amendment</actionDesc>
          <text><![CDATA[<p><b>(This measure has not been amended since it was introduced. The summary of that version is repeated here.)</b></p> <p>Declares that when the Senate recesses or adjourns on any day from Friday, December 20, 2013, through Tuesday, December 31, 2013, it stand adjourned until 11:45 a.m. on Friday, January 3, 2014.</p> <p>Declares that when the House adjourns on any legislative day from Monday, December 23, 2013, through Tuesday, December 31, 2013, it stand adjourned until 11:00 a.m. on Friday, January 3, 2014.</p>]]></text>
          <lastSummaryUpdateDate>2014-01-06T22:26:03Z</lastSummaryUpdateDate>
          <name>Passed Senate without amendment</name>
          <actionDate>2013-12-20</actionDate>
          <updateDate>2013-12-20T12:37:09Z</updateDate>
        </item>
        <item>
          <versionCode>81</versionCode>
          <actionDesc>Passed House without amendment</actionDesc>
          <text><![CDATA[<p><b>(This measure has not been amended since it was introduced. The summary of that version is repeated here.)</b></p> <p>Declares that when the Senate recesses or adjourns on any day from Friday, December 20, 2013, through Tuesday, December 31, 2013, it stand adjourned until 11:45 a.m. on Friday, January 3, 2014.</p> <p>Declares that when the House adjourns on any legislative day from Monday, December 23, 2013, through Tuesday, December 31, 2013, it stand adjourned until 11:00 a.m. on Friday, January 3, 2014.</p>]]></text>
          <lastSummaryUpdateDate>2014-01-06T22:25:51Z</lastSummaryUpdateDate>
          <name>Passed House without amendment</name>
          <actionDate>2013-12-26</actionDate>
          <updateDate>2013-12-26T13:06:20Z</updateDate>
        </item>
      </billSummaries>
    </summaries>
    <titles>
      <item>
        <parentTitleType />
        <title>A concurrent resolution providing for a conditional adjournment or recess of the Senate and an adjournment of the House of Representatives.</title>
        <chamberName />
        <chamberCode />
        <titleType>Official Title as Introduced</titleType>
      </item>
      <item>
        <parentTitleType />
        <title>A concurrent resolution providing for a conditional adjournment or recess of the Senate and an adjournment of the House of Representatives.</title>
        <chamberName />
        <chamberCode />
        <titleType>Display Title</titleType>
      </item>
    </titles>
    <calendarNumbers />
    <updateDate>2016-10-25T16:18:03Z</updateDate>
    <introducedDate>2013-12-20</introducedDate>
    <recordedVotes />
    <policyArea>
      <name>Congress</name>
    </policyArea>
    <subjects>
      <billSubjects>
        <policyArea>
          <name>Congress</name>
        </policyArea>
        <legislativeSubjects>
          <item>
            <name>Congressional operations and organization</name>
          </item>
          <item>
            <name>House of Representatives</name>
          </item>
          <item>
            <name>Senate</name>
          </item>
        </legislativeSubjects>
      </billSubjects>
    </subjects>
    <actions>
      <item>
        <actionDate>2013-12-26</actionDate>
        <committee />
        <actionCode>H38310</actionCode>
        <links />
        <type>Floor</type>
        <actionTime>12:09:07</actionTime>
        <sourceSystem>
          <name>House floor actions</name>
          <code>2</code>
        </sourceSystem>
        <text>Motion to reconsider laid on the table Agreed to without objection.</text>
      </item>
      <item>
        <actionDate>2013-12-26</actionDate>
        <committee />
        <actionCode>H37100</actionCode>
        <links>
          <link>
            <name>H8133</name>
            <url>/congressional-record/2013/house-section/page/H8133</url>
          </link>
        </links>
        <type>Floor</type>
        <actionTime>12:09:01</actionTime>
        <sourceSystem>
          <name>House floor actions</name>
          <code>2</code>
        </sourceSystem>
        <text>On agreeing to the resolution Agreed to without objection. (text: CR H8133)</text>
      </item>
      <item>
        <actionDate>2013-12-26</actionDate>
        <committee />
        <actionCode>8000</actionCode>
        <links>
          <link>
            <name>H8133</name>
            <url>/congressional-record/2013/house-section/page/H8133</url>
          </link>
        </links>
        <type>Floor</type>
        <actionTime>12:09:01</actionTime>
        <sourceSystem>
          <name>Library of Congress</name>
          <code>9</code>
        </sourceSystem>
        <text>Passed/agreed to in House: On agreeing to the resolution Agreed to without objection.(text: CR H8133)</text>
      </item>
      <item>
        <actionDate>2013-12-26</actionDate>
        <committee />
        <actionCode>H8D000</actionCode>
        <links />
        <type>Floor</type>
        <actionTime>12:08:17</actionTime>
        <sourceSystem>
          <name>House floor actions</name>
          <code>2</code>
        </sourceSystem>
        <text>Mr. Hoyer subsequently withdrew his reservation of objection.</text>
      </item>
      <item>
        <actionDate>2013-12-26</actionDate>
        <committee />
        <actionCode>H8D000</actionCode>
        <links>
          <link>
            <name>S. Con. Res. 30</name>
            <url>/bill/113th-congress/senate-concurrent-resolution/30</url>
          </link>
        </links>
        <type>Floor</type>
        <actionTime>12:04:16</actionTime>
        <sourceSystem>
          <name>House floor actions</name>
          <code>2</code>
        </sourceSystem>
        <text>Prior to the adoption of S. Con. Res. 30, the Chair recognized Mr. Hoyer for the purpose of reservation of objection.</text>
      </item>
      <item>
        <actionDate>2013-12-26</actionDate>
        <committee />
        <actionCode>H30000</actionCode>
        <links>
          <link>
            <name>H8133-8134</name>
            <url>/congressional-record/2013/house-section/page/H8133-8134</url>
          </link>
        </links>
        <type>Floor</type>
        <actionTime>12:02:38</actionTime>
        <sourceSystem>
          <name>House floor actions</name>
          <code>2</code>
        </sourceSystem>
        <text>Considered as privileged matter. (consideration: CR H8133-8134)</text>
      </item>
      <item>
        <actionDate>2013-12-23</actionDate>
        <committee />
        <actionCode>H15000</actionCode>
        <links />
        <type>Floor</type>
        <actionTime>11:04:39</actionTime>
        <sourceSystem>
          <name>House floor actions</name>
          <code>2</code>
        </sourceSystem>
        <text>Held at the desk.</text>
      </item>
      <item>
        <actionDate>2013-12-23</actionDate>
        <committee />
        <actionCode>H14000</actionCode>
        <links />
        <type>Floor</type>
        <actionTime>10:03:21</actionTime>
        <sourceSystem>
          <name>House floor actions</name>
          <code>2</code>
        </sourceSystem>
        <text>Received in the House.</text>
      </item>
      <item>
        <actionDate>2013-12-20</actionDate>
        <committee />
        <links />
        <sourceSystem>
          <name>Senate</name>
          <code>0</code>
        </sourceSystem>
        <text>Message on Senate action sent to the House.</text>
        <type>Floor</type>
      </item>
      <item>
        <actionDate>2013-12-20</actionDate>
        <committee />
        <links>
          <link>
            <name>S9109-9110</name>
            <url>/congressional-record/2013/senate-section/page/S9109-9110</url>
          </link>
        </links>
        <sourceSystem>
          <name>Senate</name>
          <code>0</code>
        </sourceSystem>
        <text>Submitted in the Senate, considered, and agreed to without amendment by Unanimous Consent. (consideration: CR S9115; text as passed Senate: CR S9115; text of measure as introduced: CR S9109-9110)</text>
        <type>Floor</type>
      </item>
      <item>
        <actionDate>2013-12-20</actionDate>
        <committee />
        <actionCode>17000</actionCode>
        <links>
          <link>
            <name>S9109-9110</name>
            <url>/congressional-record/2013/senate-section/page/S9109-9110</url>
          </link>
        </links>
        <type>Floor</type>
        <sourceSystem>
          <name>Library of Congress</name>
          <code>9</code>
        </sourceSystem>
        <text>Passed/agreed to in Senate: Submitted in the Senate, considered, and agreed to without amendment by Unanimous Consent.(consideration: CR S9115; text as passed Senate: CR S9115; text of measure as introduced: CR S9109-9110)</text>
      </item>
      <item>
        <actionDate>2013-12-20</actionDate>
        <committee />
        <actionCode>10000</actionCode>
        <links />
        <type>IntroReferral</type>
        <sourceSystem>
          <name>Library of Congress</name>
          <code>9</code>
        </sourceSystem>
        <text>Introduced in Senate</text>
      </item>
      <actionByCounts>
        <houseOfRepresentatives>8</houseOfRepresentatives>
        <senate>4</senate>
      </actionByCounts>
      <actionTypeCounts>
        <motionToReconsiderResults>1</motionToReconsiderResults>
        <passageOfAMeasure>1</passageOfAMeasure>
        <passedAgreedToInHouse>1</passedAgreedToInHouse>
        <considerationByHouse>1</considerationByHouse>
        <heldAtTheDesk>1</heldAtTheDesk>
        <introducedInSenate>1</introducedInSenate>
        <generalDebate>2</generalDebate>
        <passedOrAgreedToInSenateDayOf>1</passedOrAgreedToInSenateDayOf>
        <sentToHouse>1</sentToHouse>
        <receivedInTheHouse>1</receivedInTheHouse>
        <passedAgreedToInSenate>1</passedAgreedToInSenate>
      </actionTypeCounts>
    </actions>
    <originChamber>Senate</originChamber>
    <committees>
      <billCommittees />
    </committees>
    <cboCostEstimates />
    <billNumber>30</billNumber>
    <title>A concurrent resolution providing for a conditional adjournment or recess of the Senate and an adjournment of the House of Representatives.</title>
    <billType>SCONRES</billType>
    <committeeReports />
    <congress>113</congress>
    <sponsors>
      <item>
        <lastName>DURBIN</lastName>
        <fullName>Sen. Durbin, Richard [D-IL]</fullName>
        <byRequestType />
        <identifiers>
          <bioguideId>D000563</bioguideId>
          <lisID>326</lisID>
          <gpoId>8326</gpoId>
        </identifiers>
        <bioguideId>D000563</bioguideId>
        <firstName>RICHARD</firstName>
        <middleName>J.</middleName>
      </item>
    </sponsors>
    <relatedBills />
  </bill>
  <dublinCore xmlns:dc="http://purl.org/dc/elements/1.1/">
    <dc:format>text/xml</dc:format>
    <dc:language>EN</dc:language>
    <dc:rights>Pursuant to Title 17 Section 105 of the United States Code, this file is not subject to copyright protection and is in the public domain.</dc:rights>
    <dc:contributor>Congressional Research Service, Library of Congress</dc:contributor>
    <dc:description>This file contains bill summaries and statuses for federal legislation. A bill summary describes the most significant provisions of a piece of legislation and details the effects the legislative text may have on current law and federal programs. Bill summaries are authored by the Congressional Research Service (CRS) of the Library of Congress. As stated in Public Law 91-510 (2 USC 166 (d)(6)), one of the duties of CRS is "to prepare summaries and digests of bills and resolutions of a public general nature introduced in the Senate or House of Representatives". For more information, refer to the User Guide that accompanies this file.</dc:description>
  </dublinCore>
</billStatus>

