<?xml version="1.0" encoding="UTF-8"?>
<billStatus>
  <bill>
    <actions>
      <actionByCounts>
        <senate>4</senate>
        <houseOfRepresentatives>5</houseOfRepresentatives>
      </actionByCounts>
      <actionTypeCounts>
        <considerationByHouse>1</considerationByHouse>
        <passageOfAMeasure>1</passageOfAMeasure>
        <motionToReconsiderResults>1</motionToReconsiderResults>
        <passedOrAgreedToInSenateDayOf>1</passedOrAgreedToInSenateDayOf>
        <passedAgreedToInHouse>1</passedAgreedToInHouse>
        <introducedInSenate>1</introducedInSenate>
        <passedAgreedToInSenate>1</passedAgreedToInSenate>
        <sentToHouse>1</sentToHouse>
        <receivedInTheHouse>1</receivedInTheHouse>
      </actionTypeCounts>
      <item>
        <actionTime>20:09:44</actionTime>
        <type>Floor</type>
        <actionDate>2013-06-27</actionDate>
        <text>Motion to reconsider laid on the table Agreed to without objection.</text>
        <committee />
        <actionCode>H38310</actionCode>
        <sourceSystem>
          <code>2</code>
          <name>House floor actions</name>
        </sourceSystem>
        <links />
      </item>
      <item>
        <actionTime>20:09:25</actionTime>
        <type>Floor</type>
        <actionDate>2013-06-27</actionDate>
        <text>On agreeing to the resolution Agreed to without objection. (text: CR H4140)</text>
        <committee />
        <actionCode>H37100</actionCode>
        <sourceSystem>
          <code>2</code>
          <name>House floor actions</name>
        </sourceSystem>
        <links>
          <link>
            <name>H4140</name>
            <url>/congressional-record/2013/house-section/page/H4140</url>
          </link>
        </links>
      </item>
      <item>
        <actionTime>20:09:25</actionTime>
        <type>Floor</type>
        <actionDate>2013-06-27</actionDate>
        <text>Passed/agreed to in House: On agreeing to the resolution Agreed to without objection.(text: CR H4140)</text>
        <committee />
        <actionCode>8000</actionCode>
        <sourceSystem>
          <code>9</code>
          <name>Library of Congress</name>
        </sourceSystem>
        <links>
          <link>
            <name>H4140</name>
            <url>/congressional-record/2013/house-section/page/H4140</url>
          </link>
        </links>
      </item>
      <item>
        <actionTime>20:09:15</actionTime>
        <type>Floor</type>
        <actionDate>2013-06-27</actionDate>
        <text>Considered as privileged matter. (consideration: CR H4140)</text>
        <committee />
        <actionCode>H30000</actionCode>
        <sourceSystem>
          <code>2</code>
          <name>House floor actions</name>
        </sourceSystem>
        <links>
          <link>
            <name>H4140</name>
            <url>/congressional-record/2013/house-section/page/H4140</url>
          </link>
        </links>
      </item>
      <item>
        <actionDate>2013-06-27</actionDate>
        <committee />
        <links />
        <sourceSystem>
          <code>0</code>
          <name>Senate</name>
        </sourceSystem>
        <text>Message on Senate action sent to the House.</text>
        <type>Floor</type>
      </item>
      <item>
        <actionTime>19:37:31</actionTime>
        <type>Floor</type>
        <actionDate>2013-06-27</actionDate>
        <text>Received in the House.</text>
        <committee />
        <actionCode>H14000</actionCode>
        <sourceSystem>
          <code>2</code>
          <name>House floor actions</name>
        </sourceSystem>
        <links />
      </item>
      <item>
        <actionDate>2013-06-27</actionDate>
        <committee />
        <links>
          <link>
            <name>S5507</name>
            <url>/congressional-record/2013/senate-section/page/S5507</url>
          </link>
        </links>
        <sourceSystem>
          <code>0</code>
          <name>Senate</name>
        </sourceSystem>
        <text>Submitted in the Senate, considered, and agreed to without amendment by Unanimous Consent. (consideration: CR S5510; text as passed Senate: CR S5507)</text>
        <type>Floor</type>
      </item>
      <item>
        <sourceSystem>
          <code>9</code>
          <name>Library of Congress</name>
        </sourceSystem>
        <type>Floor</type>
        <actionDate>2013-06-27</actionDate>
        <text>Passed/agreed to in Senate: Submitted in the Senate, considered, and agreed to without amendment by Unanimous Consent.(consideration: CR S5510; text as passed Senate: CR S5507)</text>
        <committee />
        <actionCode>17000</actionCode>
        <links>
          <link>
            <name>S5507</name>
            <url>/congressional-record/2013/senate-section/page/S5507</url>
          </link>
        </links>
      </item>
      <item>
        <sourceSystem>
          <code>9</code>
          <name>Library of Congress</name>
        </sourceSystem>
        <type>IntroReferral</type>
        <actionDate>2013-06-27</actionDate>
        <text>Introduced in Senate</text>
        <committee />
        <actionCode>10000</actionCode>
        <links />
      </item>
    </actions>
    <title>A concurrent resolution providing for a conditional adjournment or recess of the Senate and an adjournment of the House of Representatives.</title>
    <cosponsors />
    <sponsors>
      <item>
        <middleName>M.</middleName>
        <firstName>HARRY</firstName>
        <byRequestType />
        <bioguideId>R000146</bioguideId>
        <fullName>Sen. Reid, Harry [D-NV]</fullName>
        <lastName>REID</lastName>
        <identifiers>
          <gpoId>8271</gpoId>
          <bioguideId>R000146</bioguideId>
          <lisID>952</lisID>
        </identifiers>
      </item>
    </sponsors>
    <subjects>
      <billSubjects>
        <policyArea>
          <name>Congress</name>
        </policyArea>
        <legislativeSubjects>
          <item>
            <name>Congressional operations and organization</name>
          </item>
          <item>
            <name>House of Representatives</name>
          </item>
          <item>
            <name>Senate</name>
          </item>
        </legislativeSubjects>
      </billSubjects>
    </subjects>
    <updateDate>2016-10-25T16:18:02Z</updateDate>
    <originChamber>Senate</originChamber>
    <titles>
      <item>
        <chamberCode />
        <parentTitleType />
        <titleType>Official Title as Introduced</titleType>
        <title>A concurrent resolution providing for a conditional adjournment or recess of the Senate and an adjournment of the House of Representatives.</title>
        <chamberName />
      </item>
      <item>
        <chamberCode />
        <parentTitleType />
        <titleType>Display Title</titleType>
        <title>A concurrent resolution providing for a conditional adjournment or recess of the Senate and an adjournment of the House of Representatives.</title>
        <chamberName />
      </item>
    </titles>
    <createDate>2013-06-28T07:01:13Z</createDate>
    <congress>113</congress>
    <introducedDate>2013-06-27</introducedDate>
    <latestAction>
      <actionTime>20:09:44</actionTime>
      <links />
      <actionDate>2013-06-27</actionDate>
      <text>Motion to reconsider laid on the table Agreed to without objection.</text>
    </latestAction>
    <laws />
    <relatedBills />
    <notes />
    <recordedVotes />
    <cboCostEstimates />
    <policyArea>
      <name>Congress</name>
    </policyArea>
    <billNumber>19</billNumber>
    <billType>SCONRES</billType>
    <committees>
      <billCommittees />
    </committees>
    <amendments />
    <summaries>
      <billSummaries>
        <item>
          <versionCode>00</versionCode>
          <actionDesc>Introduced in Senate</actionDesc>
          <text><![CDATA[<p>Declares that when the Senate recesses or adjourns on any day from Thursday, June 27, 2013, through Friday, July 5, 2013, it stand recessed or adjourned until 12:00 noon on Monday, July 8, 2013.</p> <p>Declares that when the House adjourns on any legislative day from Friday, June 28, 2013, through Friday, July 5, 2013, it stand adjourned until 2:00 p.m. on Monday, July 8, 2013. </p>]]></text>
          <lastSummaryUpdateDate>2013-07-01T21:20:38Z</lastSummaryUpdateDate>
          <name>Introduced in Senate</name>
          <actionDate>2013-06-27</actionDate>
          <updateDate>2013-06-27T04:00:00Z</updateDate>
        </item>
        <item>
          <versionCode>81</versionCode>
          <actionDesc>Passed House without amendment</actionDesc>
          <text><![CDATA[<p><b>(This measure has not been amended since it was introduced. The summary of that version is repeated here.)</b></p> <p>Declares that when the Senate recesses or adjourns on any day from Thursday, June 27, 2013, through Friday, July 5, 2013, it stand recessed or adjourned until 12:00 noon on Monday, July 8, 2013.</p> <p>Declares that when the House adjourns on any legislative day from Friday, June 28, 2013, through Friday, July 5, 2013, it stand adjourned until 2:00 p.m. on Monday, July 8, 2013. </p>]]></text>
          <lastSummaryUpdateDate>2013-07-01T21:20:13Z</lastSummaryUpdateDate>
          <name>Passed House without amendment</name>
          <actionDate>2013-06-27</actionDate>
          <updateDate>2013-06-27T12:41:22Z</updateDate>
        </item>
        <item>
          <versionCode>82</versionCode>
          <actionDesc>Passed Senate without amendment</actionDesc>
          <text><![CDATA[<p><b>(This measure has not been amended since it was introduced. The summary of that version is repeated here.)</b></p> <p>Declares that when the Senate recesses or adjourns on any day from Thursday, June 27, 2013, through Friday, July 5, 2013, it stand recessed or adjourned until 12:00 noon on Monday, July 8, 2013.</p> <p>Declares that when the House adjourns on any legislative day from Friday, June 28, 2013, through Friday, July 5, 2013, it stand adjourned until 2:00 p.m. on Monday, July 8, 2013. </p>]]></text>
          <lastSummaryUpdateDate>2013-07-01T21:20:20Z</lastSummaryUpdateDate>
          <name>Passed Senate without amendment</name>
          <actionDate>2013-06-27</actionDate>
          <updateDate>2013-06-27T13:03:58Z</updateDate>
        </item>
      </billSummaries>
    </summaries>
    <calendarNumbers />
    <committeeReports />
  </bill>
  <dublinCore xmlns:dc="http://purl.org/dc/elements/1.1/">
    <dc:format>text/xml</dc:format>
    <dc:language>EN</dc:language>
    <dc:rights>Pursuant to Title 17 Section 105 of the United States Code, this file is not subject to copyright protection and is in the public domain.</dc:rights>
    <dc:contributor>Congressional Research Service, Library of Congress</dc:contributor>
    <dc:description>This file contains bill summaries and statuses for federal legislation. A bill summary describes the most significant provisions of a piece of legislation and details the effects the legislative text may have on current law and federal programs. Bill summaries are authored by the Congressional Research Service (CRS) of the Library of Congress. As stated in Public Law 91-510 (2 USC 166 (d)(6)), one of the duties of CRS is "to prepare summaries and digests of bills and resolutions of a public general nature introduced in the Senate or House of Representatives". For more information, refer to the User Guide that accompanies this file.</dc:description>
  </dublinCore>
</billStatus>

