<?xml version="1.0" encoding="UTF-8"?>
<billStatus>
  <bill>
    <notes />
    <title>Proposing a balanced budget amendment to the Constitution of the United States.</title>
    <committees>
      <billCommittees>
        <item>
          <subcommittees>
            <item>
              <systemCode>hsju10</systemCode>
              <name>Constitution and Civil Justice Subcommittee</name>
              <activities>
                <item>
                  <date>2017-01-11T19:05:03Z</date>
                  <name>Referred to</name>
                </item>
              </activities>
            </item>
          </subcommittees>
          <type>Standing</type>
          <systemCode>hsju00</systemCode>
          <name>Judiciary Committee</name>
          <activities>
            <item>
              <date>2017-01-03T17:06:40Z</date>
              <name>Referred to</name>
            </item>
          </activities>
          <chamber>House</chamber>
        </item>
      </billCommittees>
    </committees>
    <committeeReports />
    <cboCostEstimates />
    <congress>115</congress>
    <laws />
    <updateDate>2018-08-28T19:56:32Z</updateDate>
    <relatedBills>
      <item>
        <latestTitle>Proposing an amendment to the Constitution of the United States to provide for balanced budgets for the Government.</latestTitle>
        <number>8</number>
        <latestAction>
          <text>Referred to the Subcommittee on the Constitution and Civil Justice.</text>
          <actionDate>2017-01-11</actionDate>
        </latestAction>
        <type>HJRES</type>
        <congress>115</congress>
        <relationshipDetails>
          <item>
            <identifiedBy>CRS</identifiedBy>
            <type>Related bill</type>
          </item>
        </relationshipDetails>
      </item>
      <item>
        <latestTitle>Proposing an amendment to the Constitution of the United States to provide for balanced budgets for the Government.</latestTitle>
        <number>109</number>
        <latestAction>
          <text>Referred to the Subcommittee on the Constitution and Civil Justice.</text>
          <actionDate>2017-07-19</actionDate>
        </latestAction>
        <type>HJRES</type>
        <congress>115</congress>
        <relationshipDetails>
          <item>
            <identifiedBy>CRS</identifiedBy>
            <type>Related bill</type>
          </item>
        </relationshipDetails>
      </item>
      <item>
        <latestTitle>Proposing a balanced budget amendment to the Constitution of the United States.</latestTitle>
        <number>1</number>
        <latestAction>
          <text>Referred to the Subcommittee on the Constitution and Civil Justice.</text>
          <actionDate>2017-01-11</actionDate>
        </latestAction>
        <type>HJRES</type>
        <congress>115</congress>
        <relationshipDetails>
          <item>
            <identifiedBy>CRS</identifiedBy>
            <type>Related bill</type>
          </item>
        </relationshipDetails>
      </item>
      <item>
        <latestTitle>Proposing a balanced budget amendment to the Constitution of the United States.</latestTitle>
        <number>14</number>
        <latestAction>
          <text>Referred to the Subcommittee on the Constitution and Civil Justice.</text>
          <actionDate>2017-01-11</actionDate>
        </latestAction>
        <type>HJRES</type>
        <congress>115</congress>
        <relationshipDetails>
          <item>
            <identifiedBy>CRS</identifiedBy>
            <type>Related bill</type>
          </item>
        </relationshipDetails>
      </item>
      <item>
        <latestTitle>Proposing a balanced budget amendment to the Constitution requiring that each agency and department's funding is justified.</latestTitle>
        <number>18</number>
        <latestAction>
          <text>Referred to the Subcommittee on the Constitution and Civil Justice.</text>
          <actionDate>2017-01-11</actionDate>
        </latestAction>
        <type>HJRES</type>
        <congress>115</congress>
        <relationshipDetails>
          <item>
            <identifiedBy>CRS</identifiedBy>
            <type>Related bill</type>
          </item>
        </relationshipDetails>
      </item>
      <item>
        <latestTitle>Proposing a balanced budget amendment to the Constitution of the United States.</latestTitle>
        <number>98</number>
        <latestAction>
          <text>Referred to the Subcommittee on the Constitution and Civil Justice.</text>
          <actionDate>2017-04-21</actionDate>
        </latestAction>
        <type>HJRES</type>
        <congress>115</congress>
        <relationshipDetails>
          <item>
            <identifiedBy>CRS</identifiedBy>
            <type>Related bill</type>
          </item>
        </relationshipDetails>
      </item>
    </relatedBills>
    <version>1.0.0</version>
    <actions>
      <item>
        <text>On motion to suspend the rules and pass the resolution Failed by the Yeas and Nays: (2/3 required): 233 - 184 (Roll no. 138). (text: CR H3162)</text>
        <links>
          <link>
            <url>https://www.congress.gov/congressional-record/volume-164/house-section/page/H3162</url>
            <name>H3162</name>
          </link>
          <link>
            <url>http://clerk.house.gov/evs/2018/roll138.xml</url>
            <name>Roll no. 138</name>
          </link>
        </links>
        <type>Floor</type>
        <sourceSystem>
          <code>2</code>
          <name>House floor actions</name>
        </sourceSystem>
        <committee />
        <actionTime>17:30:17</actionTime>
        <actionDate>2018-04-12</actionDate>
        <actionCode>H37300</actionCode>
      </item>
      <item>
        <text>Failed of passage/not agreed to in House: On motion to suspend the rules and pass the resolution Failed by the Yeas and Nays: (2/3 required): 233 - 184 (Roll no. 138).(text: CR H3162)</text>
        <links>
          <link>
            <url>https://www.congress.gov/congressional-record/volume-164/house-section/page/H3162</url>
            <name>H3162</name>
          </link>
          <link>
            <url>http://clerk.house.gov/evs/2018/roll138.xml</url>
            <name>Roll no. 138</name>
          </link>
        </links>
        <type>Floor</type>
        <sourceSystem>
          <code>9</code>
          <name>Library of Congress</name>
        </sourceSystem>
        <committee />
        <actionTime>17:30:17</actionTime>
        <actionDate>2018-04-12</actionDate>
        <actionCode>9000</actionCode>
      </item>
      <item>
        <text>Considered as unfinished business. (consideration: CR H3193)</text>
        <links>
          <link>
            <url>https://www.congress.gov/congressional-record/volume-164/house-section/page/H3193</url>
            <name>H3193</name>
          </link>
        </links>
        <type>Floor</type>
        <sourceSystem>
          <code>2</code>
          <name>House floor actions</name>
        </sourceSystem>
        <committee />
        <actionTime>17:01:30</actionTime>
        <actionDate>2018-04-12</actionDate>
        <actionCode>H30000</actionCode>
      </item>
      <item>
        <text>At the conclusion of debate, the Yeas and Nays were demanded and ordered. Pursuant to the provisions of clause 8, rule XX, the Chair announced that further proceedings on the motion would be postponed.</text>
        <links />
        <type>Floor</type>
        <sourceSystem>
          <code>2</code>
          <name>House floor actions</name>
        </sourceSystem>
        <committee />
        <actionTime>16:41:33</actionTime>
        <actionDate>2018-04-12</actionDate>
        <actionCode>H37220</actionCode>
      </item>
      <item>
        <text>DEBATE - Pursuant to the provisions of H.Res. 811, the House proceeded with 4 hours of debate on H.J. Res. 2.</text>
        <links>
          <link>
            <url>https://www.congress.gov/bill/115th-congress/house-joint-resolution/2</url>
            <name>H.J. Res. 2</name>
          </link>
          <link>
            <url>https://www.congress.gov/bill/115th-congress/house-resolution/811</url>
            <name>H.Res. 811</name>
          </link>
        </links>
        <type>Floor</type>
        <sourceSystem>
          <code>2</code>
          <name>House floor actions</name>
        </sourceSystem>
        <committee />
        <actionTime>12:29:02</actionTime>
        <actionDate>2018-04-12</actionDate>
        <actionCode>H8D000</actionCode>
      </item>
      <item>
        <text>Considered under suspension of the rules. (consideration: CR H3162-3192)</text>
        <links>
          <link>
            <url>https://www.congress.gov/congressional-record/volume-164/house-section/page/H3162-3192</url>
            <name>H3162-3192</name>
          </link>
        </links>
        <type>Floor</type>
        <sourceSystem>
          <code>2</code>
          <name>House floor actions</name>
        </sourceSystem>
        <committee />
        <actionTime>12:29:00</actionTime>
        <actionDate>2018-04-12</actionDate>
        <actionCode>H30000</actionCode>
      </item>
      <item>
        <text>Mr. Goodlatte moved to suspend the rules and pass the resolution.</text>
        <links />
        <type>Floor</type>
        <sourceSystem>
          <code>2</code>
          <name>House floor actions</name>
        </sourceSystem>
        <committee />
        <actionTime>12:28:50</actionTime>
        <actionDate>2018-04-12</actionDate>
        <actionCode>H30300</actionCode>
      </item>
      <item>
        <actionDate>2017-01-11</actionDate>
        <committee>
          <systemCode>hsju10</systemCode>
          <name>Constitution and Civil Justice Subcommittee</name>
        </committee>
        <links />
        <sourceSystem>
          <code>1</code>
          <name>House committee actions</name>
        </sourceSystem>
        <text>Referred to the Subcommittee on the Constitution and Civil Justice.</text>
        <type>Committee</type>
      </item>
      <item>
        <text>Referred to the House Committee on the Judiciary.</text>
        <links />
        <type>IntroReferral</type>
        <sourceSystem>
          <code>2</code>
          <name>House floor actions</name>
        </sourceSystem>
        <committee>
          <systemCode>hsju00</systemCode>
          <name>Judiciary Committee</name>
        </committee>
        <actionDate>2017-01-03</actionDate>
        <actionCode>H11100</actionCode>
      </item>
      <item>
        <text>Introduced in House</text>
        <links />
        <type>IntroReferral</type>
        <sourceSystem>
          <code>9</code>
          <name>Library of Congress</name>
        </sourceSystem>
        <committee />
        <actionDate>2017-01-03</actionDate>
        <actionCode>Intro-H</actionCode>
      </item>
      <item>
        <text>Introduced in House</text>
        <links />
        <type>IntroReferral</type>
        <sourceSystem>
          <code>9</code>
          <name>Library of Congress</name>
        </sourceSystem>
        <committee />
        <actionDate>2017-01-03</actionDate>
        <actionCode>1000</actionCode>
      </item>
      <actionTypeCounts>
        <failedOfPassageNotAgreedToInHouse>1</failedOfPassageNotAgreedToInHouse>
        <motionMadeToSuspendTheRules>1</motionMadeToSuspendTheRules>
        <introducedInTheHouse>1</introducedInTheHouse>
        <generalDebate>1</generalDebate>
        <considerationByHouse>2</considerationByHouse>
        <placeholderTextForH>2</placeholderTextForH>
        <finalPassageUnderSuspensionOfTheRulesResults>1</finalPassageUnderSuspensionOfTheRulesResults>
        <billReferrals>1</billReferrals>
        <introducedInHouse>1</introducedInHouse>
      </actionTypeCounts>
      <actionByCounts>
        <houseOfRepresentatives>11</houseOfRepresentatives>
      </actionByCounts>
    </actions>
    <sponsors>
      <item>
        <fullName>Rep. Goodlatte, Bob [R-VA-6]</fullName>
        <identifiers>
          <lisID>446</lisID>
          <bioguideId>G000289</bioguideId>
          <gpoId>8197</gpoId>
        </identifiers>
        <bioguideId>G000289</bioguideId>
        <lastName>GOODLATTE</lastName>
        <firstName>ROBERT</firstName>
        <party>R</party>
        <byRequestType />
        <middleName>W.</middleName>
        <state>VA</state>
        <district>6</district>
      </item>
    </sponsors>
    <billType>HJRES</billType>
    <constitutionalAuthorityStatementText><![CDATA[<pre>[Congressional Record Volume 163, Number 1 (Tuesday, January 3, 2017)]From the Congressional Record Online through the Government Publishing Office [<a href='http://www.gpo.gov'>www.gpo.gov</a>]By Mr. GOODLATTE:H.J. Res. 2.Congress has the power to enact this legislation pursuantto the following:The constitutional authority on which this joint resolutionis based is found in Article V of the Constitution, whichgrants Congress the authority, whenever two thirds of bothchambers deem it necessary, to propose amendments to theConstitution.[Page H53]</pre>]]></constitutionalAuthorityStatementText>
    <policyArea>
      <name>Economics and Public Finance</name>
    </policyArea>
    <recordedVotes>
      <recordedVote>
        <url>http://clerk.house.gov/evs/2018/roll138.xml</url>
        <fullActionName>Final Passage Under Suspension of the Rules Results</fullActionName>
        <rollNumber>138</rollNumber>
        <sessionNumber>2</sessionNumber>
        <congress>115</congress>
        <date>2018-04-12T21:30:17Z</date>
        <chamber>House</chamber>
      </recordedVote>
    </recordedVotes>
    <billNumber>2</billNumber>
    <titles>
      <item>
        <titleType>Official Title as Introduced</titleType>
        <title>Proposing a balanced budget amendment to the Constitution of the United States.</title>
        <parentTitleType />
        <chamberCode />
        <chamberName />
      </item>
      <item>
        <titleType>Display Title</titleType>
        <title>Proposing a balanced budget amendment to the Constitution of the United States.</title>
        <parentTitleType />
        <chamberCode />
        <chamberName />
      </item>
    </titles>
    <originChamber>House</originChamber>
    <subjects>
      <billSubjects>
        <policyArea>
          <name>Economics and Public Finance</name>
        </policyArea>
        <legislativeSubjects>
          <item>
            <name>Budget deficits and national debt</name>
          </item>
          <item>
            <name>Constitution and constitutional amendments</name>
          </item>
          <item>
            <name>Income tax rates</name>
          </item>
          <item>
            <name>Legislative rules and procedure</name>
          </item>
        </legislativeSubjects>
      </billSubjects>
    </subjects>
    <cosponsors>
      <item>
        <middleName />
        <identifiers>
          <bioguideId>N000189</bioguideId>
          <lisID>2275</lisID>
          <gpoId />
        </identifiers>
        <firstName>Dan</firstName>
        <state>WA</state>
        <bioguideId>N000189</bioguideId>
        <district>4</district>
        <fullName>Rep. Newhouse, Dan [R-WA-4]</fullName>
        <isOriginalCosponsor>True</isOriginalCosponsor>
        <party>R</party>
        <sponsorshipWithdrawnDate />
        <lastName>Newhouse</lastName>
        <sponsorshipDate>2017-01-03</sponsorshipDate>
      </item>
      <item>
        <middleName>A.</middleName>
        <identifiers>
          <lisID>279</lisID>
          <bioguideId>D000191</bioguideId>
          <gpoId>8117</gpoId>
        </identifiers>
        <firstName>PETER</firstName>
        <state>OR</state>
        <bioguideId>D000191</bioguideId>
        <district>4</district>
        <fullName>Rep. DeFazio, Peter A. [D-OR-4]</fullName>
        <isOriginalCosponsor>True</isOriginalCosponsor>
        <party>D</party>
        <sponsorshipWithdrawnDate />
        <lastName>DEFAZIO</lastName>
        <sponsorshipDate>2017-01-03</sponsorshipDate>
      </item>
      <item>
        <middleName />
        <identifiers>
          <lisID>1075</lisID>
          <bioguideId>S000583</bioguideId>
          <gpoId>8177</gpoId>
        </identifiers>
        <firstName>LAMAR</firstName>
        <state>TX</state>
        <bioguideId>S000583</bioguideId>
        <district>21</district>
        <fullName>Rep. Smith, Lamar [R-TX-21]</fullName>
        <isOriginalCosponsor>True</isOriginalCosponsor>
        <party>R</party>
        <sponsorshipWithdrawnDate />
        <lastName>SMITH</lastName>
        <sponsorshipDate>2017-01-03</sponsorshipDate>
      </item>
      <item>
        <middleName>ABNEY</middleName>
        <identifiers>
          <lisID>1670</lisID>
          <gpoId>8163</gpoId>
          <bioguideId>C001048</bioguideId>
        </identifiers>
        <firstName>JOHN</firstName>
        <state>TX</state>
        <bioguideId>C001048</bioguideId>
        <district>7</district>
        <fullName>Rep. Culberson, John Abney [R-TX-7]</fullName>
        <isOriginalCosponsor>True</isOriginalCosponsor>
        <party>R</party>
        <sponsorshipWithdrawnDate />
        <lastName>CULBERSON</lastName>
        <sponsorshipDate>2017-01-03</sponsorshipDate>
      </item>
      <item>
        <middleName />
        <identifiers>
          <bioguideId>F000460</bioguideId>
          <gpoId>8183</gpoId>
          <lisID>2067</lisID>
        </identifiers>
        <firstName>Blake</firstName>
        <state>TX</state>
        <bioguideId>F000460</bioguideId>
        <district>27</district>
        <fullName>Rep. Farenthold, Blake [R-TX-27]</fullName>
        <isOriginalCosponsor>True</isOriginalCosponsor>
        <party>R</party>
        <sponsorshipWithdrawnDate />
        <lastName>Farenthold</lastName>
        <sponsorshipDate>2017-01-03</sponsorshipDate>
      </item>
      <item>
        <middleName />
        <identifiers>
          <lisID>2249</lisID>
          <gpoId />
          <bioguideId>B001293</bioguideId>
        </identifiers>
        <firstName>Mike</firstName>
        <state>MI</state>
        <bioguideId>B001293</bioguideId>
        <district>8</district>
        <fullName>Rep. Bishop, Mike [R-MI-8]</fullName>
        <isOriginalCosponsor>False</isOriginalCosponsor>
        <party>R</party>
        <sponsorshipWithdrawnDate />
        <lastName>Bishop</lastName>
        <sponsorshipDate>2017-01-10</sponsorshipDate>
      </item>
      <item>
        <middleName />
        <identifiers>
          <lisID>1955</lisID>
          <bioguideId>O000168</bioguideId>
          <gpoId>8178</gpoId>
        </identifiers>
        <firstName>Pete</firstName>
        <state>TX</state>
        <bioguideId>O000168</bioguideId>
        <district>22</district>
        <fullName>Rep. Olson, Pete [R-TX-22]</fullName>
        <isOriginalCosponsor>False</isOriginalCosponsor>
        <party>R</party>
        <sponsorshipWithdrawnDate />
        <lastName>Olson</lastName>
        <sponsorshipDate>2017-01-10</sponsorshipDate>
      </item>
      <item>
        <middleName />
        <identifiers>
          <bioguideId>S000051</bioguideId>
          <lisID>1012</lisID>
          <gpoId />
        </identifiers>
        <firstName>Mark</firstName>
        <state>SC</state>
        <bioguideId>S000051</bioguideId>
        <district>1</district>
        <fullName>Rep. Sanford, Mark [R-SC-1]</fullName>
        <isOriginalCosponsor>False</isOriginalCosponsor>
        <party>R</party>
        <sponsorshipWithdrawnDate />
        <lastName>Sanford</lastName>
        <sponsorshipDate>2017-01-10</sponsorshipDate>
      </item>
      <item>
        <middleName />
        <identifiers>
          <gpoId />
          <lisID>2256</lisID>
          <bioguideId>R000603</bioguideId>
        </identifiers>
        <firstName>David</firstName>
        <state>NC</state>
        <bioguideId>R000603</bioguideId>
        <district>7</district>
        <fullName>Rep. Rouzer, David [R-NC-7]</fullName>
        <isOriginalCosponsor>False</isOriginalCosponsor>
        <party>R</party>
        <sponsorshipWithdrawnDate />
        <lastName>Rouzer</lastName>
        <sponsorshipDate>2017-01-10</sponsorshipDate>
      </item>
      <item>
        <middleName />
        <identifiers>
          <bioguideId>R000607</bioguideId>
          <lisID>2323</lisID>
          <gpoId />
        </identifiers>
        <firstName>Francis</firstName>
        <state>FL</state>
        <bioguideId>R000607</bioguideId>
        <district>19</district>
        <fullName>Rep. Rooney, Francis [R-FL-19]</fullName>
        <isOriginalCosponsor>False</isOriginalCosponsor>
        <party>R</party>
        <sponsorshipWithdrawnDate />
        <lastName>Rooney</lastName>
        <sponsorshipDate>2017-01-10</sponsorshipDate>
      </item>
      <item>
        <middleName />
        <identifiers>
          <lisID>2058</lisID>
          <bioguideId>G000566</bioguideId>
          <gpoId>8144</gpoId>
        </identifiers>
        <firstName>Trey</firstName>
        <state>SC</state>
        <bioguideId>G000566</bioguideId>
        <district>4</district>
        <fullName>Rep. Gowdy, Trey [R-SC-4]</fullName>
        <isOriginalCosponsor>False</isOriginalCosponsor>
        <party>R</party>
        <sponsorshipWithdrawnDate />
        <lastName>Gowdy</lastName>
        <sponsorshipDate>2017-01-10</sponsorshipDate>
      </item>
      <item>
        <middleName />
        <identifiers>
          <bioguideId>B001298</bioguideId>
          <lisID>2337</lisID>
          <gpoId />
        </identifiers>
        <firstName>Don</firstName>
        <state>NE</state>
        <bioguideId>B001298</bioguideId>
        <district>2</district>
        <fullName>Rep. Bacon, Don [R-NE-2]</fullName>
        <isOriginalCosponsor>False</isOriginalCosponsor>
        <party>R</party>
        <sponsorshipWithdrawnDate />
        <lastName>Bacon</lastName>
        <sponsorshipDate>2017-01-10</sponsorshipDate>
      </item>
      <item>
        <middleName>W.</middleName>
        <identifiers>
          <bioguideId>A000372</bioguideId>
          <gpoId />
          <lisID>2239</lisID>
        </identifiers>
        <firstName>Rick</firstName>
        <state>GA</state>
        <bioguideId>A000372</bioguideId>
        <district>12</district>
        <fullName>Rep. Allen, Rick W. [R-GA-12]</fullName>
        <isOriginalCosponsor>False</isOriginalCosponsor>
        <party>R</party>
        <sponsorshipWithdrawnDate />
        <lastName>Allen</lastName>
        <sponsorshipDate>2017-01-31</sponsorshipDate>
      </item>
      <item>
        <middleName />
        <identifiers>
          <lisID>2253</lisID>
          <gpoId />
          <bioguideId>E000294</bioguideId>
        </identifiers>
        <firstName>Tom</firstName>
        <state>MN</state>
        <bioguideId>E000294</bioguideId>
        <district>6</district>
        <fullName>Rep. Emmer, Tom [R-MN-6]</fullName>
        <isOriginalCosponsor>False</isOriginalCosponsor>
        <party>R</party>
        <sponsorshipWithdrawnDate />
        <lastName>Emmer</lastName>
        <sponsorshipDate>2017-01-31</sponsorshipDate>
      </item>
      <item>
        <middleName />
        <identifiers>
          <gpoId>7864</gpoId>
          <lisID>1912</lisID>
          <bioguideId>C001077</bioguideId>
        </identifiers>
        <firstName>Mike</firstName>
        <state>CO</state>
        <bioguideId>C001077</bioguideId>
        <district>6</district>
        <fullName>Rep. Coffman, Mike [R-CO-6]</fullName>
        <isOriginalCosponsor>False</isOriginalCosponsor>
        <party>R</party>
        <sponsorshipWithdrawnDate />
        <lastName>Coffman</lastName>
        <sponsorshipDate>2017-01-31</sponsorshipDate>
      </item>
      <item>
        <middleName>E.</middleName>
        <identifiers>
          <lisID>2090</lisID>
          <gpoId>8366</gpoId>
          <bioguideId>A000369</bioguideId>
        </identifiers>
        <firstName>Mark</firstName>
        <state>NV</state>
        <bioguideId>A000369</bioguideId>
        <district>2</district>
        <fullName>Rep. Amodei, Mark E. [R-NV-2]</fullName>
        <isOriginalCosponsor>False</isOriginalCosponsor>
        <party>R</party>
        <sponsorshipWithdrawnDate />
        <lastName>Amodei</lastName>
        <sponsorshipDate>2017-01-31</sponsorshipDate>
      </item>
      <item>
        <middleName />
        <identifiers>
          <lisID>2297</lisID>
          <gpoId />
          <bioguideId>C001108</bioguideId>
        </identifiers>
        <firstName>James</firstName>
        <state>KY</state>
        <bioguideId>C001108</bioguideId>
        <district>1</district>
        <fullName>Rep. Comer, James [R-KY-1]</fullName>
        <isOriginalCosponsor>False</isOriginalCosponsor>
        <party>R</party>
        <sponsorshipWithdrawnDate />
        <lastName>Comer</lastName>
        <sponsorshipDate>2017-01-31</sponsorshipDate>
      </item>
      <item>
        <middleName />
        <identifiers>
          <lisID>1744</lisID>
          <bioguideId>M001151</bioguideId>
          <gpoId>8723</gpoId>
        </identifiers>
        <firstName>Tim</firstName>
        <state>PA</state>
        <bioguideId>M001151</bioguideId>
        <district>18</district>
        <fullName>Rep. Murphy, Tim [R-PA-18]</fullName>
        <isOriginalCosponsor>False</isOriginalCosponsor>
        <party>R</party>
        <sponsorshipWithdrawnDate />
        <lastName>Murphy</lastName>
        <sponsorshipDate>2017-01-31</sponsorshipDate>
      </item>
      <item>
        <middleName />
        <identifiers>
          <gpoId />
          <lisID>2160</lisID>
          <bioguideId>R000597</bioguideId>
        </identifiers>
        <firstName>Tom</firstName>
        <state>SC</state>
        <bioguideId>R000597</bioguideId>
        <district>7</district>
        <fullName>Rep. Rice, Tom [R-SC-7]</fullName>
        <isOriginalCosponsor>False</isOriginalCosponsor>
        <party>R</party>
        <sponsorshipWithdrawnDate />
        <lastName>Rice</lastName>
        <sponsorshipDate>2017-01-31</sponsorshipDate>
      </item>
      <item>
        <middleName />
        <identifiers>
          <bioguideId>M001201</bioguideId>
          <lisID>2334</lisID>
          <gpoId />
        </identifiers>
        <firstName>Paul</firstName>
        <state>MI</state>
        <bioguideId>M001201</bioguideId>
        <district>10</district>
        <fullName>Rep. Mitchell, Paul [R-MI-10]</fullName>
        <isOriginalCosponsor>False</isOriginalCosponsor>
        <party>R</party>
        <sponsorshipWithdrawnDate />
        <lastName>Mitchell</lastName>
        <sponsorshipDate>2017-01-31</sponsorshipDate>
      </item>
      <item>
        <middleName />
        <identifiers>
          <lisID>1177</lisID>
          <bioguideId>U000031</bioguideId>
          <gpoId>7991</gpoId>
        </identifiers>
        <firstName>FRED</firstName>
        <state>MI</state>
        <bioguideId>U000031</bioguideId>
        <district>6</district>
        <fullName>Rep. Upton, Fred [R-MI-6]</fullName>
        <isOriginalCosponsor>False</isOriginalCosponsor>
        <party>R</party>
        <sponsorshipWithdrawnDate />
        <lastName>UPTON</lastName>
        <sponsorshipDate>2017-01-31</sponsorshipDate>
      </item>
      <item>
        <middleName>Michael</middleName>
        <identifiers>
          <lisID>1805</lisID>
          <gpoId>8167</gpoId>
          <bioguideId>C001062</bioguideId>
        </identifiers>
        <firstName>K.</firstName>
        <state>TX</state>
        <bioguideId>C001062</bioguideId>
        <district>11</district>
        <fullName>Rep. Conaway, K. Michael [R-TX-11]</fullName>
        <isOriginalCosponsor>False</isOriginalCosponsor>
        <party>R</party>
        <sponsorshipWithdrawnDate />
        <lastName>Conaway</lastName>
        <sponsorshipDate>2017-03-08</sponsorshipDate>
      </item>
      <item>
        <middleName />
        <identifiers>
          <bioguideId>S001199</bioguideId>
          <gpoId />
          <lisID>2346</lisID>
        </identifiers>
        <firstName>Lloyd</firstName>
        <state>PA</state>
        <bioguideId>S001199</bioguideId>
        <district>16</district>
        <fullName>Rep. Smucker, Lloyd [R-PA-16]</fullName>
        <isOriginalCosponsor>False</isOriginalCosponsor>
        <party>R</party>
        <sponsorshipWithdrawnDate />
        <lastName>Smucker</lastName>
        <sponsorshipDate>2017-03-08</sponsorshipDate>
      </item>
      <item>
        <middleName>Morgan</middleName>
        <identifiers>
          <lisID>2070</lisID>
          <gpoId>8200</gpoId>
          <bioguideId>G000568</bioguideId>
        </identifiers>
        <firstName>H.</firstName>
        <state>VA</state>
        <bioguideId>G000568</bioguideId>
        <district>9</district>
        <fullName>Rep. Griffith, H. Morgan [R-VA-9]</fullName>
        <isOriginalCosponsor>False</isOriginalCosponsor>
        <party>R</party>
        <sponsorshipWithdrawnDate />
        <lastName>Griffith</lastName>
        <sponsorshipDate>2017-03-08</sponsorshipDate>
      </item>
      <item>
        <middleName>P.</middleName>
        <identifiers>
          <lisID>1954</lisID>
          <bioguideId>R000582</bioguideId>
          <gpoId>8148</gpoId>
        </identifiers>
        <firstName>David</firstName>
        <state>TN</state>
        <bioguideId>R000582</bioguideId>
        <district>1</district>
        <fullName>Rep. Roe, David P. [R-TN-1]</fullName>
        <isOriginalCosponsor>False</isOriginalCosponsor>
        <party>R</party>
        <sponsorshipWithdrawnDate />
        <lastName>Roe</lastName>
        <sponsorshipDate>2017-03-08</sponsorshipDate>
      </item>
      <item>
        <middleName />
        <identifiers>
          <bioguideId>C001053</bioguideId>
          <gpoId>8112</gpoId>
          <lisID>1742</lisID>
        </identifiers>
        <firstName>Tom</firstName>
        <state>OK</state>
        <bioguideId>C001053</bioguideId>
        <district>4</district>
        <fullName>Rep. Cole, Tom [R-OK-4]</fullName>
        <isOriginalCosponsor>False</isOriginalCosponsor>
        <party>R</party>
        <sponsorshipWithdrawnDate />
        <lastName>Cole</lastName>
        <sponsorshipDate>2017-03-08</sponsorshipDate>
      </item>
      <item>
        <middleName />
        <identifiers>
          <lisID>165</lisID>
          <bioguideId>C000059</bioguideId>
          <gpoId>7849</gpoId>
        </identifiers>
        <firstName>KEN</firstName>
        <state>CA</state>
        <bioguideId>C000059</bioguideId>
        <district>42</district>
        <fullName>Rep. Calvert, Ken [R-CA-42]</fullName>
        <isOriginalCosponsor>False</isOriginalCosponsor>
        <party>R</party>
        <sponsorshipWithdrawnDate />
        <lastName>CALVERT</lastName>
        <sponsorshipDate>2017-03-23</sponsorshipDate>
      </item>
      <item>
        <middleName>French</middleName>
        <identifiers>
          <lisID>2223</lisID>
          <bioguideId>H001072</bioguideId>
          <gpoId />
        </identifiers>
        <firstName>J.</firstName>
        <state>AR</state>
        <bioguideId>H001072</bioguideId>
        <district>2</district>
        <fullName>Rep. Hill, J. French [R-AR-2]</fullName>
        <isOriginalCosponsor>False</isOriginalCosponsor>
        <party>R</party>
        <sponsorshipWithdrawnDate />
        <lastName>Hill</lastName>
        <sponsorshipDate>2017-03-23</sponsorshipDate>
      </item>
      <item>
        <middleName>R.</middleName>
        <identifiers>
          <lisID>1741</lisID>
          <bioguideId>T000463</bioguideId>
          <gpoId>8093</gpoId>
        </identifiers>
        <firstName>Michael</firstName>
        <state>OH</state>
        <bioguideId>T000463</bioguideId>
        <district>10</district>
        <fullName>Rep. Turner, Michael R. [R-OH-10]</fullName>
        <isOriginalCosponsor>False</isOriginalCosponsor>
        <party>R</party>
        <sponsorshipWithdrawnDate />
        <lastName>Turner</lastName>
        <sponsorshipDate>2017-03-23</sponsorshipDate>
      </item>
      <item>
        <middleName />
        <identifiers>
          <lisID>2355</lisID>
          <gpoId />
          <bioguideId>G000579</bioguideId>
        </identifiers>
        <firstName>Mike</firstName>
        <state>WI</state>
        <bioguideId>G000579</bioguideId>
        <district>8</district>
        <fullName>Rep. Gallagher, Mike [R-WI-8]</fullName>
        <isOriginalCosponsor>False</isOriginalCosponsor>
        <party>R</party>
        <sponsorshipWithdrawnDate />
        <lastName>Gallagher</lastName>
        <sponsorshipDate>2017-04-05</sponsorshipDate>
      </item>
      <item>
        <middleName />
        <identifiers>
          <lisID>2359</lisID>
          <gpoId />
          <bioguideId>G000584</bioguideId>
        </identifiers>
        <firstName>Greg</firstName>
        <state>MT</state>
        <bioguideId>G000584</bioguideId>
        <district>0</district>
        <fullName>Rep. Gianforte, Greg [R-MT-At Large]</fullName>
        <isOriginalCosponsor>False</isOriginalCosponsor>
        <party>R</party>
        <sponsorshipWithdrawnDate />
        <lastName>Gianforte</lastName>
        <sponsorshipDate>2017-06-21</sponsorshipDate>
      </item>
      <item>
        <middleName>M.</middleName>
        <identifiers>
          <lisID>1155</lisID>
          <gpoId>8755</gpoId>
          <bioguideId>T000238</bioguideId>
        </identifiers>
        <firstName>WILLIAM</firstName>
        <state>TX</state>
        <bioguideId>T000238</bioguideId>
        <district>13</district>
        <fullName>Rep. Thornberry, Mac [R-TX-13]</fullName>
        <isOriginalCosponsor>False</isOriginalCosponsor>
        <party>R</party>
        <sponsorshipWithdrawnDate />
        <lastName>THORNBERRY</lastName>
        <sponsorshipDate>2017-07-12</sponsorshipDate>
      </item>
      <item>
        <middleName>M.</middleName>
        <identifiers>
          <gpoId>7881</gpoId>
          <lisID>1838</lisID>
          <bioguideId>B001257</bioguideId>
        </identifiers>
        <firstName>Gus</firstName>
        <state>FL</state>
        <bioguideId>B001257</bioguideId>
        <district>12</district>
        <fullName>Rep. Bilirakis, Gus M. [R-FL-12]</fullName>
        <isOriginalCosponsor>False</isOriginalCosponsor>
        <party>R</party>
        <sponsorshipWithdrawnDate />
        <lastName>Bilirakis</lastName>
        <sponsorshipDate>2017-07-12</sponsorshipDate>
      </item>
      <item>
        <middleName />
        <identifiers>
          <bioguideId>F000461</bioguideId>
          <lisID>2065</lisID>
          <gpoId>8173</gpoId>
        </identifiers>
        <firstName>Bill</firstName>
        <state>TX</state>
        <bioguideId>F000461</bioguideId>
        <district>17</district>
        <fullName>Rep. Flores, Bill [R-TX-17]</fullName>
        <isOriginalCosponsor>False</isOriginalCosponsor>
        <party>R</party>
        <sponsorshipWithdrawnDate />
        <lastName>Flores</lastName>
        <sponsorshipDate>2017-07-26</sponsorshipDate>
      </item>
      <item>
        <middleName />
        <identifiers>
          <gpoId>7918</gpoId>
          <lisID>1724</lisID>
          <bioguideId>K000362</bioguideId>
        </identifiers>
        <firstName>Steve</firstName>
        <state>IA</state>
        <bioguideId>K000362</bioguideId>
        <district>4</district>
        <fullName>Rep. King, Steve [R-IA-4]</fullName>
        <isOriginalCosponsor>False</isOriginalCosponsor>
        <party>R</party>
        <sponsorshipWithdrawnDate />
        <lastName>King</lastName>
        <sponsorshipDate>2017-07-26</sponsorshipDate>
      </item>
      <item>
        <middleName />
        <identifiers>
          <gpoId>8091</gpoId>
          <lisID>186</lisID>
          <bioguideId>C000266</bioguideId>
        </identifiers>
        <firstName>STEVE</firstName>
        <state>OH</state>
        <bioguideId>C000266</bioguideId>
        <district>1</district>
        <fullName>Rep. Chabot, Steve [R-OH-1]</fullName>
        <isOriginalCosponsor>False</isOriginalCosponsor>
        <party>R</party>
        <sponsorshipWithdrawnDate />
        <lastName>CHABOT</lastName>
        <sponsorshipDate>2017-07-26</sponsorshipDate>
      </item>
      <item>
        <middleName />
        <identifiers>
          <lisID>2017</lisID>
          <gpoId>7943</gpoId>
          <bioguideId>R000592</bioguideId>
        </identifiers>
        <firstName>Todd</firstName>
        <state>IN</state>
        <bioguideId>R000592</bioguideId>
        <district>4</district>
        <fullName>Rep. Rokita, Todd [R-IN-4]</fullName>
        <isOriginalCosponsor>False</isOriginalCosponsor>
        <party>R</party>
        <sponsorshipWithdrawnDate />
        <lastName>Rokita</lastName>
        <sponsorshipDate>2017-09-27</sponsorshipDate>
      </item>
      <item>
        <middleName />
        <identifiers>
          <lisID>1922</lisID>
          <bioguideId>G000558</bioguideId>
          <gpoId>7954</gpoId>
        </identifiers>
        <firstName>Brett</firstName>
        <state>KY</state>
        <bioguideId>G000558</bioguideId>
        <district>2</district>
        <fullName>Rep. Guthrie, Brett [R-KY-2]</fullName>
        <isOriginalCosponsor>False</isOriginalCosponsor>
        <party>R</party>
        <sponsorshipWithdrawnDate />
        <lastName>Guthrie</lastName>
        <sponsorshipDate>2017-09-27</sponsorshipDate>
      </item>
      <item>
        <middleName>J.</middleName>
        <identifiers>
          <lisID>2322</lisID>
          <gpoId />
          <bioguideId>M001199</bioguideId>
        </identifiers>
        <firstName>Brian</firstName>
        <state>FL</state>
        <bioguideId>M001199</bioguideId>
        <district>18</district>
        <fullName>Rep. Mast, Brian J. [R-FL-18]</fullName>
        <isOriginalCosponsor>False</isOriginalCosponsor>
        <party>R</party>
        <sponsorshipWithdrawnDate />
        <lastName>Mast</lastName>
        <sponsorshipDate>2017-11-16</sponsorshipDate>
      </item>
      <item>
        <middleName>C.</middleName>
        <identifiers>
          <lisID>2350</lisID>
          <bioguideId>A000375</bioguideId>
          <gpoId />
        </identifiers>
        <firstName>Jodey</firstName>
        <state>TX</state>
        <bioguideId>A000375</bioguideId>
        <district>19</district>
        <fullName>Rep. Arrington, Jodey C. [R-TX-19]</fullName>
        <isOriginalCosponsor>False</isOriginalCosponsor>
        <party>R</party>
        <sponsorshipWithdrawnDate />
        <lastName>Arrington</lastName>
        <sponsorshipDate>2017-11-16</sponsorshipDate>
      </item>
      <item>
        <middleName />
        <identifiers>
          <bioguideId>P000611</bioguideId>
          <gpoId />
          <lisID>2247</lisID>
        </identifiers>
        <firstName>Bruce</firstName>
        <state>ME</state>
        <bioguideId>P000611</bioguideId>
        <district>2</district>
        <fullName>Rep. Poliquin, Bruce [R-ME-2]</fullName>
        <isOriginalCosponsor>False</isOriginalCosponsor>
        <party>R</party>
        <sponsorshipWithdrawnDate />
        <lastName>Poliquin</lastName>
        <sponsorshipDate>2018-01-08</sponsorshipDate>
      </item>
      <item>
        <middleName />
        <identifiers>
          <lisID>1525</lisID>
          <bioguideId>S000250</bioguideId>
          <gpoId>8188</gpoId>
        </identifiers>
        <firstName>PETE</firstName>
        <state>TX</state>
        <bioguideId>S000250</bioguideId>
        <district>32</district>
        <fullName>Rep. Sessions, Pete [R-TX-32]</fullName>
        <isOriginalCosponsor>False</isOriginalCosponsor>
        <party>R</party>
        <sponsorshipWithdrawnDate />
        <lastName>SESSIONS</lastName>
        <sponsorshipDate>2018-01-12</sponsorshipDate>
      </item>
      <item>
        <middleName>K.</middleName>
        <identifiers>
          <lisID>1590</lisID>
          <gpoId>7920</gpoId>
          <bioguideId>S001148</bioguideId>
        </identifiers>
        <firstName>MICHAEL</firstName>
        <state>ID</state>
        <bioguideId>S001148</bioguideId>
        <district>2</district>
        <fullName>Rep. Simpson, Michael K. [R-ID-2]</fullName>
        <isOriginalCosponsor>False</isOriginalCosponsor>
        <party>R</party>
        <sponsorshipWithdrawnDate />
        <lastName>SIMPSON</lastName>
        <sponsorshipDate>2018-02-02</sponsorshipDate>
      </item>
      <item>
        <middleName>E.</middleName>
        <identifiers>
          <lisID>1885</lisID>
          <gpoId>8095</gpoId>
          <bioguideId>L000566</bioguideId>
        </identifiers>
        <firstName>Robert</firstName>
        <state>OH</state>
        <bioguideId>L000566</bioguideId>
        <district>5</district>
        <fullName>Rep. Latta, Robert E. [R-OH-5]</fullName>
        <isOriginalCosponsor>False</isOriginalCosponsor>
        <party>R</party>
        <sponsorshipWithdrawnDate />
        <lastName>Latta</lastName>
        <sponsorshipDate>2018-02-27</sponsorshipDate>
      </item>
      <item>
        <middleName />
        <identifiers>
          <bioguideId>W000791</bioguideId>
          <lisID>1596</lisID>
          <gpoId>8115</gpoId>
        </identifiers>
        <firstName>GREG</firstName>
        <state>OR</state>
        <bioguideId>W000791</bioguideId>
        <district>2</district>
        <fullName>Rep. Walden, Greg [R-OR-2]</fullName>
        <isOriginalCosponsor>False</isOriginalCosponsor>
        <party>R</party>
        <sponsorshipWithdrawnDate />
        <lastName>WALDEN</lastName>
        <sponsorshipDate>2018-04-05</sponsorshipDate>
      </item>
      <item>
        <middleName />
        <identifiers>
          <lisID>2071</lisID>
          <gpoId>8207</gpoId>
          <bioguideId>H001056</bioguideId>
        </identifiers>
        <firstName>Jaime</firstName>
        <state>WA</state>
        <bioguideId>H001056</bioguideId>
        <district>3</district>
        <fullName>Rep. Herrera Beutler, Jaime [R-WA-3]</fullName>
        <isOriginalCosponsor>False</isOriginalCosponsor>
        <party>R</party>
        <sponsorshipWithdrawnDate />
        <lastName>Herrera Beutler</lastName>
        <sponsorshipDate>2018-04-05</sponsorshipDate>
      </item>
      <item>
        <middleName>H.</middleName>
        <identifiers>
          <lisID>2278</lisID>
          <bioguideId>J000297</bioguideId>
          <gpoId />
        </identifiers>
        <firstName>Evan</firstName>
        <state>WV</state>
        <bioguideId>J000297</bioguideId>
        <district>3</district>
        <fullName>Rep. Jenkins, Evan H. [R-WV-3]</fullName>
        <isOriginalCosponsor>False</isOriginalCosponsor>
        <party>R</party>
        <sponsorshipWithdrawnDate />
        <lastName>Jenkins</lastName>
        <sponsorshipDate>2018-04-05</sponsorshipDate>
      </item>
      <item>
        <middleName />
        <identifiers>
          <lisID>2191</lisID>
          <bioguideId>S001195</bioguideId>
          <gpoId />
        </identifiers>
        <firstName>Jason</firstName>
        <state>MO</state>
        <bioguideId>S001195</bioguideId>
        <district>8</district>
        <fullName>Rep. Smith, Jason [R-MO-8]</fullName>
        <isOriginalCosponsor>False</isOriginalCosponsor>
        <party>R</party>
        <sponsorshipWithdrawnDate />
        <lastName>Smith</lastName>
        <sponsorshipDate>2018-04-05</sponsorshipDate>
      </item>
      <item>
        <middleName />
        <identifiers>
          <gpoId>7885</gpoId>
          <lisID>1840</lisID>
          <bioguideId>B001260</bioguideId>
        </identifiers>
        <firstName>Vern</firstName>
        <state>FL</state>
        <bioguideId>B001260</bioguideId>
        <district>16</district>
        <fullName>Rep. Buchanan, Vern [R-FL-16]</fullName>
        <isOriginalCosponsor>False</isOriginalCosponsor>
        <party>R</party>
        <sponsorshipWithdrawnDate />
        <lastName>Buchanan</lastName>
        <sponsorshipDate>2018-04-05</sponsorshipDate>
      </item>
      <item>
        <middleName />
        <identifiers>
          <lisID>2344</lisID>
          <bioguideId>T000478</bioguideId>
          <gpoId />
        </identifiers>
        <firstName>Claudia</firstName>
        <state>NY</state>
        <bioguideId>T000478</bioguideId>
        <district>22</district>
        <fullName>Rep. Tenney, Claudia [R-NY-22]</fullName>
        <isOriginalCosponsor>False</isOriginalCosponsor>
        <party>R</party>
        <sponsorshipWithdrawnDate />
        <lastName>Tenney</lastName>
        <sponsorshipDate>2018-04-05</sponsorshipDate>
      </item>
      <item>
        <middleName />
        <identifiers>
          <lisID>2144</lisID>
          <bioguideId>C001096</bioguideId>
          <gpoId />
        </identifiers>
        <firstName>Kevin</firstName>
        <state>ND</state>
        <bioguideId>C001096</bioguideId>
        <district>0</district>
        <fullName>Rep. Cramer, Kevin [R-ND-At Large]</fullName>
        <isOriginalCosponsor>False</isOriginalCosponsor>
        <party>R</party>
        <sponsorshipWithdrawnDate />
        <lastName>Cramer</lastName>
        <sponsorshipDate>2018-04-05</sponsorshipDate>
      </item>
      <item>
        <middleName />
        <identifiers>
          <gpoId />
          <lisID>2326</lisID>
          <bioguideId>B001299</bioguideId>
        </identifiers>
        <firstName>Jim</firstName>
        <state>IN</state>
        <bioguideId>B001299</bioguideId>
        <district>3</district>
        <fullName>Rep. Banks, Jim [R-IN-3]</fullName>
        <isOriginalCosponsor>False</isOriginalCosponsor>
        <party>R</party>
        <sponsorshipWithdrawnDate />
        <lastName>Banks</lastName>
        <sponsorshipDate>2018-04-09</sponsorshipDate>
      </item>
      <item>
        <middleName>K.</middleName>
        <identifiers>
          <bioguideId>F000466</bioguideId>
          <lisID>2345</lisID>
          <gpoId />
        </identifiers>
        <firstName>Brian</firstName>
        <state>PA</state>
        <bioguideId>F000466</bioguideId>
        <district>8</district>
        <fullName>Rep. Fitzpatrick, Brian K. [R-PA-8]</fullName>
        <isOriginalCosponsor>False</isOriginalCosponsor>
        <party>R</party>
        <sponsorshipWithdrawnDate />
        <lastName>Fitzpatrick</lastName>
        <sponsorshipDate>2018-04-09</sponsorshipDate>
      </item>
      <item>
        <middleName>Lee</middleName>
        <identifiers>
          <bioguideId>A000374</bioguideId>
          <lisID>2244</lisID>
          <gpoId />
        </identifiers>
        <firstName>Ralph</firstName>
        <state>LA</state>
        <bioguideId>A000374</bioguideId>
        <district>5</district>
        <fullName>Rep. Abraham, Ralph Lee [R-LA-5]</fullName>
        <isOriginalCosponsor>False</isOriginalCosponsor>
        <party>R</party>
        <sponsorshipWithdrawnDate />
        <lastName>Abraham</lastName>
        <sponsorshipDate>2018-04-09</sponsorshipDate>
      </item>
      <item>
        <middleName />
        <identifiers>
          <lisID>1860</lisID>
          <bioguideId>S001172</bioguideId>
          <gpoId>8040</gpoId>
        </identifiers>
        <firstName>Adrian</firstName>
        <state>NE</state>
        <bioguideId>S001172</bioguideId>
        <district>3</district>
        <fullName>Rep. Smith, Adrian [R-NE-3]</fullName>
        <isOriginalCosponsor>False</isOriginalCosponsor>
        <party>R</party>
        <sponsorshipWithdrawnDate />
        <lastName>Smith</lastName>
        <sponsorshipDate>2018-04-09</sponsorshipDate>
      </item>
      <item>
        <middleName />
        <identifiers>
          <bioguideId>M001197</bioguideId>
          <lisID>2225</lisID>
          <gpoId />
        </identifiers>
        <firstName>Martha</firstName>
        <state>AZ</state>
        <bioguideId>M001197</bioguideId>
        <district>2</district>
        <fullName>Rep. McSally, Martha [R-AZ-2]</fullName>
        <isOriginalCosponsor>False</isOriginalCosponsor>
        <party>R</party>
        <sponsorshipWithdrawnDate />
        <lastName>McSally</lastName>
        <sponsorshipDate>2018-04-10</sponsorshipDate>
      </item>
      <item>
        <middleName />
        <identifiers>
          <lisID>2047</lisID>
          <gpoId>8105</gpoId>
          <bioguideId>S001187</bioguideId>
        </identifiers>
        <firstName>Steve</firstName>
        <state>OH</state>
        <bioguideId>S001187</bioguideId>
        <district>15</district>
        <fullName>Rep. Stivers, Steve [R-OH-15]</fullName>
        <isOriginalCosponsor>False</isOriginalCosponsor>
        <party>R</party>
        <sponsorshipWithdrawnDate />
        <lastName>Stivers</lastName>
        <sponsorshipDate>2018-04-10</sponsorshipDate>
      </item>
      <item>
        <middleName />
        <identifiers>
          <bioguideId>Y000066</bioguideId>
          <gpoId />
          <lisID>2242</lisID>
        </identifiers>
        <firstName>David</firstName>
        <state>IA</state>
        <bioguideId>Y000066</bioguideId>
        <district>3</district>
        <fullName>Rep. Young, David [R-IA-3]</fullName>
        <isOriginalCosponsor>False</isOriginalCosponsor>
        <party>R</party>
        <sponsorshipWithdrawnDate />
        <lastName>Young</lastName>
        <sponsorshipDate>2018-04-10</sponsorshipDate>
      </item>
      <item>
        <middleName />
        <identifiers>
          <lisID>2348</lisID>
          <bioguideId>K000392</bioguideId>
          <gpoId />
        </identifiers>
        <firstName>David</firstName>
        <state>TN</state>
        <bioguideId>K000392</bioguideId>
        <district>8</district>
        <fullName>Rep. Kustoff, David [R-TN-8]</fullName>
        <isOriginalCosponsor>False</isOriginalCosponsor>
        <party>R</party>
        <sponsorshipWithdrawnDate />
        <lastName>Kustoff</lastName>
        <sponsorshipDate>2018-04-10</sponsorshipDate>
      </item>
      <item>
        <middleName />
        <identifiers>
          <lisID>1748</lisID>
          <gpoId>8154</gpoId>
          <bioguideId>B001243</bioguideId>
        </identifiers>
        <firstName>Marsha</firstName>
        <state>TN</state>
        <bioguideId>B001243</bioguideId>
        <district>7</district>
        <fullName>Rep. Blackburn, Marsha [R-TN-7]</fullName>
        <isOriginalCosponsor>False</isOriginalCosponsor>
        <party>R</party>
        <sponsorshipWithdrawnDate />
        <lastName>Blackburn</lastName>
        <sponsorshipDate>2018-04-10</sponsorshipDate>
      </item>
      <item>
        <middleName />
        <identifiers>
          <lisID>2245</lisID>
          <gpoId />
          <bioguideId>G000577</bioguideId>
        </identifiers>
        <firstName>Garret</firstName>
        <state>LA</state>
        <bioguideId>G000577</bioguideId>
        <district>6</district>
        <fullName>Rep. Graves, Garret [R-LA-6]</fullName>
        <isOriginalCosponsor>False</isOriginalCosponsor>
        <party>R</party>
        <sponsorshipWithdrawnDate />
        <lastName>Graves</lastName>
        <sponsorshipDate>2018-04-10</sponsorshipDate>
      </item>
      <item>
        <middleName>M.</middleName>
        <identifiers>
          <bioguideId>P000601</bioguideId>
          <lisID>2035</lisID>
          <gpoId>8022</gpoId>
        </identifiers>
        <firstName>Steven</firstName>
        <state>MS</state>
        <bioguideId>P000601</bioguideId>
        <district>4</district>
        <fullName>Rep. Palazzo, Steven M. [R-MS-4]</fullName>
        <isOriginalCosponsor>False</isOriginalCosponsor>
        <party>R</party>
        <sponsorshipWithdrawnDate />
        <lastName>Palazzo</lastName>
        <sponsorshipDate>2018-04-11</sponsorshipDate>
      </item>
      <item>
        <middleName />
        <identifiers>
          <lisID>2329</lisID>
          <gpoId />
          <bioguideId>H001077</bioguideId>
        </identifiers>
        <firstName>Clay</firstName>
        <state>LA</state>
        <bioguideId>H001077</bioguideId>
        <district>3</district>
        <fullName>Rep. Higgins, Clay [R-LA-3]</fullName>
        <isOriginalCosponsor>False</isOriginalCosponsor>
        <party>R</party>
        <sponsorshipWithdrawnDate />
        <lastName>Higgins</lastName>
        <sponsorshipDate>2018-04-11</sponsorshipDate>
      </item>
      <item>
        <middleName />
        <identifiers>
          <bioguideId>H001067</bioguideId>
          <gpoId />
          <lisID>2140</lisID>
        </identifiers>
        <firstName>Richard</firstName>
        <state>NC</state>
        <bioguideId>H001067</bioguideId>
        <district>8</district>
        <fullName>Rep. Hudson, Richard [R-NC-8]</fullName>
        <isOriginalCosponsor>False</isOriginalCosponsor>
        <party>R</party>
        <sponsorshipWithdrawnDate />
        <lastName>Hudson</lastName>
        <sponsorshipDate>2018-04-11</sponsorshipDate>
      </item>
      <item>
        <middleName>A.</middleName>
        <identifiers>
          <lisID>2353</lisID>
          <gpoId />
          <bioguideId>G000580</bioguideId>
        </identifiers>
        <firstName>Thomas</firstName>
        <state>VA</state>
        <bioguideId>G000580</bioguideId>
        <district>5</district>
        <fullName>Rep. Garrett, Thomas A., Jr. [R-VA-5]</fullName>
        <isOriginalCosponsor>False</isOriginalCosponsor>
        <party>R</party>
        <sponsorshipWithdrawnDate />
        <lastName>Garrett</lastName>
        <sponsorshipDate>2018-04-11</sponsorshipDate>
      </item>
    </cosponsors>
    <introducedDate>2017-01-03</introducedDate>
    <calendarNumbers />
    <latestAction>
      <links />
      <actionDate>2018-04-12</actionDate>
      <text>On motion to suspend the rules and pass the resolution Failed by the Yeas and Nays: (2/3 required): 233 - 184 (Roll no. 138). (text: CR H3162)</text>
      <actionTime>17:30:17</actionTime>
    </latestAction>
    <amendments />
    <summaries>
      <billSummaries>
        <item>
          <actionDesc>Introduced in House</actionDesc>
          <actionDate>2017-01-03</actionDate>
          <lastSummaryUpdateDate>2017-01-05T20:50:08Z</lastSummaryUpdateDate>
          <name>Introduced in House</name>
          <text><![CDATA[<p><b>Constitutional Amendment </b></p> <p>This joint resolution proposes a constitutional amendment prohibiting total outlays for a fiscal year from exceeding total receipts for that fiscal year unless Congress authorizes the excess by a three-fifths roll call vote of each chamber. The prohibition excludes outlays for repayment of debt principal and receipts derived from borrowing. </p> <p>The amendment requires a three-fifths roll call vote of each chamber of Congress to increase the public debt limit. It requires a majority roll vote of each chamber to increase revenue. It also requires the President to submit a balanced budget to Congress annually. </p> <p>Congress is authorized to waive these requirements when a declaration of war is in effect or if the United States is engaged in a military conflict which causes an imminent and serious military threat to national security. </p>]]></text>
          <versionCode>00</versionCode>
          <updateDate>2017-01-03T05:00:00Z</updateDate>
        </item>
      </billSummaries>
    </summaries>
    <createDate>2017-01-04T07:01:08Z</createDate>
  </bill>
  <dublinCore xmlns:dc="http://purl.org/dc/elements/1.1/">
    <dc:format>text/xml</dc:format>
    <dc:language>EN</dc:language>
    <dc:rights>Pursuant to Title 17 Section 105 of the United States Code, this file is not subject to copyright protection and is in the public domain.</dc:rights>
    <dc:contributor>Congressional Research Service, Library of Congress</dc:contributor>
    <dc:description>This file contains bill summaries and statuses for federal legislation. A bill summary describes the most significant provisions of a piece of legislation and details the effects the legislative text may have on current law and federal programs. Bill summaries are authored by the Congressional Research Service (CRS) of the Library of Congress. As stated in Public Law 91-510 (2 USC 166 (d)(6)), one of the duties of CRS is "to prepare summaries and digests of bills and resolutions of a public general nature introduced in the Senate or House of Representatives". For more information, refer to the User Guide that accompanies this file.</dc:description>
  </dublinCore>
</billStatus>

