<?xml version="1.0" encoding="UTF-8"?>
<billStatus>
  <bill>
    <notes />
    <title>Proposing a balanced budget amendment to the Constitution of the United States.</title>
    <committees>
      <billCommittees>
        <item>
          <systemCode>hsju00</systemCode>
          <type>Standing</type>
          <activities>
            <item>
              <date>2017-06-29T14:08:45Z</date>
              <name>Referred to</name>
            </item>
          </activities>
          <name>Judiciary Committee</name>
          <subcommittees>
            <item>
              <systemCode>hsju10</systemCode>
              <name>Constitution and Civil Justice Subcommittee</name>
              <activities>
                <item>
                  <date>2017-06-29T14:17:43Z</date>
                  <name>Referred to</name>
                </item>
              </activities>
            </item>
          </subcommittees>
          <chamber>House</chamber>
        </item>
      </billCommittees>
    </committees>
    <committeeReports />
    <cboCostEstimates />
    <congress>115</congress>
    <laws />
    <updateDate>2018-08-28T19:56:52Z</updateDate>
    <relatedBills>
      <item>
        <congress>115</congress>
        <latestAction>
          <actionDate>2017-03-30</actionDate>
          <text>Read twice and referred to the Committee on the Judiciary.</text>
        </latestAction>
        <relationshipDetails>
          <item>
            <type>Related bill</type>
            <identifiedBy>CRS</identifiedBy>
          </item>
        </relationshipDetails>
        <type>SJRES</type>
        <latestTitle>A joint resolution proposing a balanced budget amendment to the Constitution of the United States.</latestTitle>
        <number>39</number>
      </item>
    </relatedBills>
    <version>1.0.0</version>
    <actions>
      <item>
        <actionDate>2017-06-29</actionDate>
        <committee>
          <systemCode>hsju10</systemCode>
          <name>Constitution and Civil Justice Subcommittee</name>
        </committee>
        <links />
        <sourceSystem>
          <code>1</code>
          <name>House committee actions</name>
        </sourceSystem>
        <text>Referred to the Subcommittee on the Constitution and Civil Justice.</text>
        <type>Committee</type>
      </item>
      <item>
        <text>Referred to the House Committee on the Judiciary.</text>
        <links />
        <type>IntroReferral</type>
        <sourceSystem>
          <code>2</code>
          <name>House floor actions</name>
        </sourceSystem>
        <committee>
          <systemCode>hsju00</systemCode>
          <name>Judiciary Committee</name>
        </committee>
        <actionDate>2017-06-29</actionDate>
        <actionCode>H11100</actionCode>
      </item>
      <item>
        <text>Sponsor introductory remarks on measure. (CR H5361-5362)</text>
        <links>
          <link>
            <url>https://www.congress.gov/congressional-record/volume-163/house-section/page/H5361-5362</url>
            <name>H5361-5362</name>
          </link>
        </links>
        <type>IntroReferral</type>
        <sourceSystem>
          <code>9</code>
          <name>Library of Congress</name>
        </sourceSystem>
        <committee />
        <actionDate>2017-06-29</actionDate>
        <actionCode>B00100</actionCode>
      </item>
      <item>
        <text>Introduced in House</text>
        <links />
        <type>IntroReferral</type>
        <sourceSystem>
          <code>9</code>
          <name>Library of Congress</name>
        </sourceSystem>
        <committee />
        <actionDate>2017-06-29</actionDate>
        <actionCode>Intro-H</actionCode>
      </item>
      <item>
        <text>Introduced in House</text>
        <links />
        <type>IntroReferral</type>
        <sourceSystem>
          <code>9</code>
          <name>Library of Congress</name>
        </sourceSystem>
        <committee />
        <actionDate>2017-06-29</actionDate>
        <actionCode>1000</actionCode>
      </item>
      <actionTypeCounts>
        <billReferrals>1</billReferrals>
        <placeholderTextForB>1</placeholderTextForB>
        <introducedInTheHouse>1</introducedInTheHouse>
        <placeholderTextForH>1</placeholderTextForH>
        <introducedInHouse>1</introducedInHouse>
      </actionTypeCounts>
      <actionByCounts>
        <houseOfRepresentatives>4</houseOfRepresentatives>
      </actionByCounts>
    </actions>
    <sponsors>
      <item>
        <fullName>Rep. Murphy, Stephanie N. [D-FL-7]</fullName>
        <identifiers>
          <bioguideId>M001202</bioguideId>
          <gpoId />
          <lisID>2318</lisID>
        </identifiers>
        <bioguideId>M001202</bioguideId>
        <lastName>Murphy</lastName>
        <firstName>Stephanie</firstName>
        <party>D</party>
        <byRequestType />
        <middleName>N.</middleName>
        <state>FL</state>
        <district>7</district>
      </item>
    </sponsors>
    <billType>HJRES</billType>
    <constitutionalAuthorityStatementText><![CDATA[<pre>[Congressional Record Volume 163, Number 112 (Thursday, June 29, 2017)]From the Congressional Record Online through the Government Publishing Office [<a href='http://www.gpo.gov'>www.gpo.gov</a>]By Mrs. MURPHY of Florida:H.J. Res. 107.Congress has the power to enact this legislation pursuantto the following:Article V of the Constitution, which provides as follows:``The Congress, whenever two thirds of both houses shalldeem it necessary, shall propose amendments to thisConstitution, or, on the application of the legislatures oftwo thirds of the several states, shall call a convention forproposing amendments, which, in either case, shall be validto all intents and purposes, as part of this Constitution,when ratified by the legislatures of three fourths of theseveral states, or by conventions in three fourths thereof,as the one or the other mode of ratification may be proposedby the Congress . . . . ``____________________[Page H5379]</pre>]]></constitutionalAuthorityStatementText>
    <policyArea>
      <name>Economics and Public Finance</name>
    </policyArea>
    <recordedVotes />
    <billNumber>107</billNumber>
    <titles>
      <item>
        <chamberName />
        <parentTitleType />
        <titleType>Official Title as Introduced</titleType>
        <title>Proposing a balanced budget amendment to the Constitution of the United States.</title>
        <chamberCode />
      </item>
      <item>
        <chamberName />
        <parentTitleType />
        <titleType>Display Title</titleType>
        <title>Proposing a balanced budget amendment to the Constitution of the United States.</title>
        <chamberCode />
      </item>
    </titles>
    <originChamber>House</originChamber>
    <subjects>
      <billSubjects>
        <legislativeSubjects>
          <item>
            <name>Budget deficits and national debt</name>
          </item>
          <item>
            <name>Budget process</name>
          </item>
          <item>
            <name>Constitution and constitutional amendments</name>
          </item>
          <item>
            <name>Economic performance and conditions</name>
          </item>
          <item>
            <name>Government trust funds</name>
          </item>
          <item>
            <name>Legislative rules and procedure</name>
          </item>
          <item>
            <name>Medicare</name>
          </item>
          <item>
            <name>Social security and elderly assistance</name>
          </item>
          <item>
            <name>Unemployment</name>
          </item>
        </legislativeSubjects>
        <policyArea>
          <name>Economics and Public Finance</name>
        </policyArea>
      </billSubjects>
    </subjects>
    <cosponsors>
      <item>
        <bioguideId>C000754</bioguideId>
        <party>D</party>
        <firstName>JAMES</firstName>
        <state>TN</state>
        <isOriginalCosponsor>True</isOriginalCosponsor>
        <middleName>H.</middleName>
        <identifiers>
          <bioguideId>C000754</bioguideId>
          <lisID>231</lisID>
          <gpoId>8152</gpoId>
        </identifiers>
        <fullName>Rep. Cooper, Jim [D-TN-5]</fullName>
        <district>5</district>
        <lastName>COOPER</lastName>
        <sponsorshipDate>2017-06-29</sponsorshipDate>
        <sponsorshipWithdrawnDate />
      </item>
      <item>
        <bioguideId>S001191</bioguideId>
        <party>D</party>
        <firstName>Kyrsten</firstName>
        <state>AZ</state>
        <isOriginalCosponsor>True</isOriginalCosponsor>
        <middleName />
        <identifiers>
          <lisID>2099</lisID>
          <gpoId />
          <bioguideId>S001191</bioguideId>
        </identifiers>
        <fullName>Rep. Sinema, Kyrsten [D-AZ-9]</fullName>
        <district>9</district>
        <lastName>Sinema</lastName>
        <sponsorshipDate>2017-06-29</sponsorshipDate>
        <sponsorshipWithdrawnDate />
      </item>
      <item>
        <bioguideId>C001110</bioguideId>
        <party>D</party>
        <firstName>J.</firstName>
        <state>CA</state>
        <isOriginalCosponsor>True</isOriginalCosponsor>
        <middleName>Luis</middleName>
        <identifiers>
          <bioguideId>C001110</bioguideId>
          <lisID>2312</lisID>
          <gpoId />
        </identifiers>
        <fullName>Rep. Correa, J. Luis [D-CA-46]</fullName>
        <district>46</district>
        <lastName>Correa</lastName>
        <sponsorshipDate>2017-06-29</sponsorshipDate>
        <sponsorshipWithdrawnDate />
      </item>
      <item>
        <bioguideId>S001180</bioguideId>
        <party>D</party>
        <firstName>Kurt</firstName>
        <state>OR</state>
        <isOriginalCosponsor>True</isOriginalCosponsor>
        <middleName />
        <identifiers>
          <lisID>1950</lisID>
          <bioguideId>S001180</bioguideId>
          <gpoId>8118</gpoId>
        </identifiers>
        <fullName>Rep. Schrader, Kurt [D-OR-5]</fullName>
        <district>5</district>
        <lastName>Schrader</lastName>
        <sponsorshipDate>2017-06-29</sponsorshipDate>
        <sponsorshipWithdrawnDate />
      </item>
      <item>
        <bioguideId>C001059</bioguideId>
        <party>D</party>
        <firstName>Jim</firstName>
        <state>CA</state>
        <isOriginalCosponsor>True</isOriginalCosponsor>
        <middleName />
        <identifiers>
          <bioguideId>C001059</bioguideId>
          <gpoId>7825</gpoId>
          <lisID>1774</lisID>
        </identifiers>
        <fullName>Rep. Costa, Jim [D-CA-16]</fullName>
        <district>16</district>
        <lastName>Costa</lastName>
        <sponsorshipDate>2017-06-29</sponsorshipDate>
        <sponsorshipWithdrawnDate />
      </item>
      <item>
        <bioguideId>C001063</bioguideId>
        <party>D</party>
        <firstName>Henry</firstName>
        <state>TX</state>
        <isOriginalCosponsor>False</isOriginalCosponsor>
        <middleName />
        <identifiers>
          <lisID>1807</lisID>
          <bioguideId>C001063</bioguideId>
          <gpoId>8184</gpoId>
        </identifiers>
        <fullName>Rep. Cuellar, Henry [D-TX-28]</fullName>
        <district>28</district>
        <lastName>Cuellar</lastName>
        <sponsorshipDate>2017-07-12</sponsorshipDate>
        <sponsorshipWithdrawnDate />
      </item>
      <item>
        <bioguideId>P000258</bioguideId>
        <party>D</party>
        <firstName>COLLIN</firstName>
        <state>MN</state>
        <isOriginalCosponsor>False</isOriginalCosponsor>
        <middleName>C.</middleName>
        <identifiers>
          <lisID>910</lisID>
          <gpoId>8007</gpoId>
          <bioguideId>P000258</bioguideId>
        </identifiers>
        <fullName>Rep. Peterson, Collin C. [D-MN-7]</fullName>
        <district>7</district>
        <lastName>PETERSON</lastName>
        <sponsorshipDate>2017-07-13</sponsorshipDate>
        <sponsorshipWithdrawnDate />
      </item>
      <item>
        <bioguideId>G000583</bioguideId>
        <party>D</party>
        <firstName>Josh</firstName>
        <state>NJ</state>
        <isOriginalCosponsor>False</isOriginalCosponsor>
        <middleName />
        <identifiers>
          <bioguideId>G000583</bioguideId>
          <gpoId />
          <lisID>2338</lisID>
        </identifiers>
        <fullName>Rep. Gottheimer, Josh [D-NJ-5]</fullName>
        <district>5</district>
        <lastName>Gottheimer</lastName>
        <sponsorshipDate>2017-07-18</sponsorshipDate>
        <sponsorshipWithdrawnDate />
      </item>
      <item>
        <bioguideId>B000490</bioguideId>
        <party>D</party>
        <firstName>SANFORD</firstName>
        <state>GA</state>
        <isOriginalCosponsor>False</isOriginalCosponsor>
        <middleName>D.</middleName>
        <identifiers>
          <bioguideId>B000490</bioguideId>
          <lisID>91</lisID>
          <gpoId>7899</gpoId>
        </identifiers>
        <fullName>Rep. Bishop, Sanford D., Jr. [D-GA-2]</fullName>
        <district>2</district>
        <lastName>BISHOP</lastName>
        <sponsorshipDate>2017-07-19</sponsorshipDate>
        <sponsorshipWithdrawnDate />
      </item>
      <item>
        <bioguideId>S001201</bioguideId>
        <party>D</party>
        <firstName>Thomas</firstName>
        <state>NY</state>
        <isOriginalCosponsor>False</isOriginalCosponsor>
        <middleName>R.</middleName>
        <identifiers>
          <bioguideId>S001201</bioguideId>
          <lisID>2341</lisID>
          <gpoId />
        </identifiers>
        <fullName>Rep. Suozzi, Thomas R. [D-NY-3]</fullName>
        <district>3</district>
        <lastName>Suozzi</lastName>
        <sponsorshipDate>2018-04-11</sponsorshipDate>
        <sponsorshipWithdrawnDate />
      </item>
      <item>
        <bioguideId>R000608</bioguideId>
        <party>D</party>
        <firstName>Jacky</firstName>
        <state>NV</state>
        <isOriginalCosponsor>False</isOriginalCosponsor>
        <middleName />
        <identifiers>
          <gpoId />
          <lisID>2339</lisID>
          <bioguideId>R000608</bioguideId>
        </identifiers>
        <fullName>Rep. Rosen, Jacky [D-NV-3]</fullName>
        <district>3</district>
        <lastName>Rosen</lastName>
        <sponsorshipDate>2018-04-11</sponsorshipDate>
        <sponsorshipWithdrawnDate />
      </item>
      <item>
        <bioguideId>C001111</bioguideId>
        <party>D</party>
        <firstName>Charlie</firstName>
        <state>FL</state>
        <isOriginalCosponsor>False</isOriginalCosponsor>
        <middleName />
        <identifiers>
          <lisID>2321</lisID>
          <gpoId />
          <bioguideId>C001111</bioguideId>
        </identifiers>
        <fullName>Rep. Crist, Charlie [D-FL-13]</fullName>
        <district>13</district>
        <lastName>Crist</lastName>
        <sponsorshipDate>2018-04-12</sponsorshipDate>
        <sponsorshipWithdrawnDate />
      </item>
      <item>
        <bioguideId>O000171</bioguideId>
        <party>D</party>
        <firstName>Tom</firstName>
        <state>AZ</state>
        <isOriginalCosponsor>False</isOriginalCosponsor>
        <middleName />
        <identifiers>
          <lisID>2306</lisID>
          <bioguideId>O000171</bioguideId>
          <gpoId />
        </identifiers>
        <fullName>Rep. O'Halleran, Tom [D-AZ-1]</fullName>
        <district>1</district>
        <lastName>O'Halleran</lastName>
        <sponsorshipDate>2018-07-12</sponsorshipDate>
        <sponsorshipWithdrawnDate />
      </item>
    </cosponsors>
    <introducedDate>2017-06-29</introducedDate>
    <calendarNumbers />
    <latestAction>
      <actionDate>2017-06-29</actionDate>
      <links />
      <text>Referred to the Subcommittee on the Constitution and Civil Justice.</text>
    </latestAction>
    <amendments />
    <summaries>
      <billSummaries>
        <item>
          <updateDate>2017-06-29T04:00:00Z</updateDate>
          <versionCode>00</versionCode>
          <name>Introduced in House</name>
          <text><![CDATA[<p><b>Constitutional Amendment </b></p> <p>This joint resolution proposes a constitutional amendment prohibiting total outlays for a fiscal year from exceeding total receipts for that fiscal year unless Congress authorizes the excess by a three-fifths roll call vote of each chamber. </p> <p>The prohibition excludes outlays for repayment of debt principal, receipts derived from borrowing, and receipts or outlays of the Social Security and Medicare trust funds. </p> <p>The amendment requires the President to annually submit to Congress a budget in which total outlays do not exceed total receipts. </p> <p>The balanced budget requirement does not apply if: </p> <ul> <li> a declaration of war is in effect or if the United States is engaged in military conflict which causes an imminent and serious military threat to national security, or </li> <li>during the fiscal year or preceding fiscal year, the U.S. economy grew by less than 0% in real gross domestic product during two or more consecutive quarters or the unemployment rate was more than 7% during two or more consecutive months. </li> </ul> <p>The amendment prohibits a court from enforcing the requirements by ordering cuts to Social Security or Medicare payments unless the funds available to the trust fund for a program are not sufficient to cover the outlays that would occur during the year if the fund were fully solvent. </p>]]></text>
          <actionDate>2017-06-29</actionDate>
          <actionDesc>Introduced in House</actionDesc>
          <lastSummaryUpdateDate>2017-07-17T13:17:34Z</lastSummaryUpdateDate>
        </item>
      </billSummaries>
    </summaries>
    <createDate>2017-06-30T03:11:33Z</createDate>
  </bill>
  <dublinCore xmlns:dc="http://purl.org/dc/elements/1.1/">
    <dc:format>text/xml</dc:format>
    <dc:language>EN</dc:language>
    <dc:rights>Pursuant to Title 17 Section 105 of the United States Code, this file is not subject to copyright protection and is in the public domain.</dc:rights>
    <dc:contributor>Congressional Research Service, Library of Congress</dc:contributor>
    <dc:description>This file contains bill summaries and statuses for federal legislation. A bill summary describes the most significant provisions of a piece of legislation and details the effects the legislative text may have on current law and federal programs. Bill summaries are authored by the Congressional Research Service (CRS) of the Library of Congress. As stated in Public Law 91-510 (2 USC 166 (d)(6)), one of the duties of CRS is "to prepare summaries and digests of bills and resolutions of a public general nature introduced in the Senate or House of Representatives". For more information, refer to the User Guide that accompanies this file.</dc:description>
  </dublinCore>
</billStatus>

