<?xml version="1.0" encoding="UTF-8"?>
<billStatus>
  <bill>
    <subjects>
      <billSubjects>
        <policyArea>
          <name>Congress</name>
        </policyArea>
        <legislativeSubjects>
          <item>
            <name>Congressional elections</name>
          </item>
          <item>
            <name>Constitution and constitutional amendments</name>
          </item>
          <item>
            <name>House of Representatives</name>
          </item>
          <item>
            <name>Members of Congress</name>
          </item>
          <item>
            <name>Senate</name>
          </item>
        </legislativeSubjects>
      </billSubjects>
    </subjects>
    <actions>
      <actionByCounts>
        <houseOfRepresentatives>4</houseOfRepresentatives>
      </actionByCounts>
      <actionTypeCounts>
        <introducedInTheHouse>1</introducedInTheHouse>
        <introducedInHouse>1</introducedInHouse>
        <billReferrals>1</billReferrals>
        <placeholderTextForH>1</placeholderTextForH>
      </actionTypeCounts>
      <item>
        <actionDate>2017-01-12</actionDate>
        <committee>
          <systemCode>hsju10</systemCode>
          <name>Constitution and Civil Justice Subcommittee</name>
        </committee>
        <links />
        <sourceSystem>
          <name>House committee actions</name>
          <code>1</code>
        </sourceSystem>
        <text>Referred to the Subcommittee on the Constitution and Civil Justice.</text>
        <type>Committee</type>
      </item>
      <item>
        <type>IntroReferral</type>
        <text>Referred to the House Committee on the Judiciary.</text>
        <actionCode>H11100</actionCode>
        <sourceSystem>
          <name>House floor actions</name>
          <code>2</code>
        </sourceSystem>
        <links />
        <committee>
          <systemCode>hsju00</systemCode>
          <name>Judiciary Committee</name>
        </committee>
        <actionDate>2017-01-05</actionDate>
      </item>
      <item>
        <type>IntroReferral</type>
        <text>Introduced in House</text>
        <actionCode>Intro-H</actionCode>
        <sourceSystem>
          <name>Library of Congress</name>
          <code>9</code>
        </sourceSystem>
        <links />
        <committee />
        <actionDate>2017-01-05</actionDate>
      </item>
      <item>
        <type>IntroReferral</type>
        <text>Introduced in House</text>
        <actionCode>1000</actionCode>
        <sourceSystem>
          <name>Library of Congress</name>
          <code>9</code>
        </sourceSystem>
        <links />
        <committee />
        <actionDate>2017-01-05</actionDate>
      </item>
    </actions>
    <policyArea>
      <name>Congress</name>
    </policyArea>
    <notes />
    <createDate>2017-01-06T04:57:25Z</createDate>
    <title>Proposing an amendment to the Constitution of the United States to limit the number of consecutive terms that a Member of Congress may serve.</title>
    <relatedBills>
      <item>
        <congress>115</congress>
        <type>HJRES</type>
        <latestAction>
          <text>Referred to the Subcommittee on the Constitution and Civil Justice.</text>
          <actionDate>2017-01-11</actionDate>
        </latestAction>
        <latestTitle>Proposing an amendment to the Constitution of the United States to limit the number of consecutive terms that a Member of Congress may serve.</latestTitle>
        <number>17</number>
        <relationshipDetails>
          <item>
            <type>Related bill</type>
            <identifiedBy>CRS</identifiedBy>
          </item>
        </relationshipDetails>
      </item>
      <item>
        <congress>115</congress>
        <type>HJRES</type>
        <latestAction>
          <text>Referred to the Subcommittee on the Constitution and Civil Justice.</text>
          <actionDate>2017-01-11</actionDate>
        </latestAction>
        <latestTitle>Proposing an amendment to the Constitution of the United States to limit the number of terms that a Member of Congress may serve.</latestTitle>
        <number>6</number>
        <relationshipDetails>
          <item>
            <type>Related bill</type>
            <identifiedBy>CRS</identifiedBy>
          </item>
        </relationshipDetails>
      </item>
    </relatedBills>
    <cosponsors />
    <constitutionalAuthorityStatementText />
    <cboCostEstimates />
    <updateDate>2017-01-14T09:58:10Z</updateDate>
    <laws />
    <summaries>
      <billSummaries />
    </summaries>
    <latestAction>
      <links />
      <actionDate>2017-01-12</actionDate>
      <text>Referred to the Subcommittee on the Constitution and Civil Justice.</text>
    </latestAction>
    <originChamber>House</originChamber>
    <introducedDate>2017-01-05</introducedDate>
    <billNumber>20</billNumber>
    <amendments />
    <billType>HJRES</billType>
    <committees>
      <billCommittees>
        <item>
          <type>Standing</type>
          <chamber>House</chamber>
          <activities>
            <item>
              <date>2017-01-05T15:00:20Z</date>
              <name>Referred to</name>
            </item>
          </activities>
          <subcommittees>
            <item>
              <activities>
                <item>
                  <date>2017-01-12T16:01:58Z</date>
                  <name>Referred to</name>
                </item>
              </activities>
              <systemCode>hsju10</systemCode>
              <name>Constitution and Civil Justice Subcommittee</name>
            </item>
          </subcommittees>
          <systemCode>hsju00</systemCode>
          <name>Judiciary Committee</name>
        </item>
      </billCommittees>
    </committees>
    <calendarNumbers />
    <congress>115</congress>
    <committeeReports />
    <recordedVotes />
    <sponsors>
      <item>
        <lastName>Duffy</lastName>
        <state>WI</state>
        <byRequestType />
        <firstName>Sean</firstName>
        <bioguideId>D000614</bioguideId>
        <fullName>Rep. Duffy, Sean P. [R-WI-7]</fullName>
        <identifiers>
          <lisID>2072</lisID>
          <gpoId>8220</gpoId>
          <bioguideId>D000614</bioguideId>
        </identifiers>
        <middleName>P.</middleName>
        <district>7</district>
        <party>R</party>
      </item>
    </sponsors>
    <titles>
      <item>
        <chamberCode />
        <titleType>Official Title as Introduced</titleType>
        <chamberName />
        <title>Proposing an amendment to the Constitution of the United States to limit the number of consecutive terms that a Member of Congress may serve.</title>
        <parentTitleType />
      </item>
      <item>
        <chamberCode />
        <titleType>Display Title</titleType>
        <chamberName />
        <title>Proposing an amendment to the Constitution of the United States to limit the number of consecutive terms that a Member of Congress may serve.</title>
        <parentTitleType />
      </item>
    </titles>
  </bill>
  <dublinCore xmlns:dc="http://purl.org/dc/elements/1.1/">
    <dc:format>text/xml</dc:format>
    <dc:language>EN</dc:language>
    <dc:rights>Pursuant to Title 17 Section 105 of the United States Code, this file is not subject to copyright protection and is in the public domain.</dc:rights>
    <dc:contributor>Congressional Research Service, Library of Congress</dc:contributor>
    <dc:description>This file contains bill summaries and statuses for federal legislation. A bill summary describes the most significant provisions of a piece of legislation and details the effects the legislative text may have on current law and federal programs. Bill summaries are authored by the Congressional Research Service (CRS) of the Library of Congress. As stated in Public Law 91-510 (2 USC 166 (d)(6)), one of the duties of CRS is "to prepare summaries and digests of bills and resolutions of a public general nature introduced in the Senate or House of Representatives". For more information, refer to the User Guide that accompanies this file.</dc:description>
  </dublinCore>
</billStatus>

