<?xml version="1.0" encoding="UTF-8"?>
<billStatus>
  <bill>
    <policyArea>
      <name>Environmental Protection</name>
    </policyArea>
    <updateDate>2017-01-14T09:56:13Z</updateDate>
    <billType>HJRES</billType>
    <laws />
    <sponsors>
      <item>
        <fullName>Rep. Jenkins, Evan H. [R-WV-3]</fullName>
        <identifiers>
          <gpoId />
          <bioguideId>J000297</bioguideId>
          <lisID>2278</lisID>
        </identifiers>
        <byRequestType />
        <firstName>Evan</firstName>
        <bioguideId>J000297</bioguideId>
        <lastName>Jenkins</lastName>
        <state>WV</state>
        <district>3</district>
        <party>R</party>
        <middleName>H.</middleName>
      </item>
    </sponsors>
    <congress>115</congress>
    <latestAction>
      <actionDate>2017-01-03</actionDate>
      <text>Referred to the House Committee on Natural Resources.</text>
      <links />
    </latestAction>
    <recordedVotes />
    <calendarNumbers />
    <cboCostEstimates />
    <title>Disapproving the rule submitted by the Department of the Interior known as the Stream Protection Rule.</title>
    <actions>
      <actionByCounts>
        <houseOfRepresentatives>3</houseOfRepresentatives>
      </actionByCounts>
      <item>
        <committee>
          <systemCode>hsii00</systemCode>
          <name>Natural Resources Committee</name>
        </committee>
        <actionCode>H11100</actionCode>
        <type>IntroReferral</type>
        <text>Referred to the House Committee on Natural Resources.</text>
        <actionDate>2017-01-03</actionDate>
        <sourceSystem>
          <name>House floor actions</name>
          <code>2</code>
        </sourceSystem>
        <links />
      </item>
      <item>
        <committee />
        <actionCode>Intro-H</actionCode>
        <type>IntroReferral</type>
        <text>Introduced in House</text>
        <actionDate>2017-01-03</actionDate>
        <sourceSystem>
          <name>Library of Congress</name>
          <code>9</code>
        </sourceSystem>
        <links />
      </item>
      <item>
        <committee />
        <actionCode>1000</actionCode>
        <type>IntroReferral</type>
        <text>Introduced in House</text>
        <actionDate>2017-01-03</actionDate>
        <sourceSystem>
          <name>Library of Congress</name>
          <code>9</code>
        </sourceSystem>
        <links />
      </item>
      <actionTypeCounts>
        <billReferrals>1</billReferrals>
        <introducedInHouse>1</introducedInHouse>
        <introducedInTheHouse>1</introducedInTheHouse>
      </actionTypeCounts>
    </actions>
    <amendments />
    <introducedDate>2017-01-03</introducedDate>
    <billNumber>11</billNumber>
    <relatedBills>
      <item>
        <congress>115</congress>
        <type>HJRES</type>
        <number>16</number>
        <latestAction>
          <text>Referred to the House Committee on Natural Resources.</text>
          <actionDate>2017-01-04</actionDate>
        </latestAction>
        <relationshipDetails>
          <item>
            <type>Identical bill</type>
            <identifiedBy>CRS</identifiedBy>
          </item>
        </relationshipDetails>
        <latestTitle>Disapproving a rule submitted by the Department of the Interior known as the "Stream Protection Rule".</latestTitle>
      </item>
    </relatedBills>
    <titles>
      <item>
        <chamberCode />
        <title>Disapproving the rule submitted by the Department of the Interior known as the Stream Protection Rule.</title>
        <parentTitleType />
        <titleType>Official Title as Introduced</titleType>
        <chamberName />
      </item>
      <item>
        <chamberCode />
        <title>Disapproving the rule submitted by the Department of the Interior known as the Stream Protection Rule.</title>
        <parentTitleType />
        <titleType>Display Title</titleType>
        <chamberName />
      </item>
    </titles>
    <cosponsors>
      <item>
        <middleName />
        <identifiers>
          <bioguideId>B001282</bioguideId>
          <lisID>2131</lisID>
          <gpoId />
        </identifiers>
        <isOriginalCosponsor>True</isOriginalCosponsor>
        <sponsorshipWithdrawnDate />
        <party>R</party>
        <fullName>Rep. Barr, Andy [R-KY-6]</fullName>
        <state>KY</state>
        <sponsorshipDate>2017-01-03</sponsorshipDate>
        <firstName>Andy</firstName>
        <lastName>Barr</lastName>
        <district>6</district>
        <bioguideId>B001282</bioguideId>
      </item>
      <item>
        <middleName />
        <identifiers>
          <lisID>977</lisID>
          <gpoId>7957</gpoId>
          <bioguideId>R000395</bioguideId>
        </identifiers>
        <isOriginalCosponsor>True</isOriginalCosponsor>
        <sponsorshipWithdrawnDate />
        <party>R</party>
        <fullName>Rep. Rogers, Harold [R-KY-5]</fullName>
        <state>KY</state>
        <sponsorshipDate>2017-01-03</sponsorshipDate>
        <firstName>HAROLD</firstName>
        <lastName>ROGERS</lastName>
        <district>5</district>
        <bioguideId>R000395</bioguideId>
      </item>
      <item>
        <middleName>Morgan</middleName>
        <identifiers>
          <lisID>2070</lisID>
          <gpoId>8200</gpoId>
          <bioguideId>G000568</bioguideId>
        </identifiers>
        <isOriginalCosponsor>True</isOriginalCosponsor>
        <sponsorshipWithdrawnDate />
        <party>R</party>
        <fullName>Rep. Griffith, H. Morgan [R-VA-9]</fullName>
        <state>VA</state>
        <sponsorshipDate>2017-01-03</sponsorshipDate>
        <firstName>H.</firstName>
        <lastName>Griffith</lastName>
        <district>9</district>
        <bioguideId>G000568</bioguideId>
      </item>
      <item>
        <middleName>R.</middleName>
        <identifiers>
          <lisID>1997</lisID>
          <gpoId>7861</gpoId>
          <bioguideId>T000470</bioguideId>
        </identifiers>
        <isOriginalCosponsor>True</isOriginalCosponsor>
        <sponsorshipWithdrawnDate />
        <party>R</party>
        <fullName>Rep. Tipton, Scott  R. [R-CO-3]</fullName>
        <state>CO</state>
        <sponsorshipDate>2017-01-03</sponsorshipDate>
        <firstName>Scott</firstName>
        <lastName>Tipton</lastName>
        <district>3</district>
        <bioguideId>T000470</bioguideId>
      </item>
      <item>
        <middleName>X.</middleName>
        <identifiers>
          <gpoId />
          <bioguideId>M001195</bioguideId>
          <lisID>2277</lisID>
        </identifiers>
        <isOriginalCosponsor>False</isOriginalCosponsor>
        <sponsorshipWithdrawnDate />
        <party>R</party>
        <fullName>Rep. Mooney, Alexander X. [R-WV-2]</fullName>
        <state>WV</state>
        <sponsorshipDate>2017-01-04</sponsorshipDate>
        <firstName>Alexander</firstName>
        <lastName>Mooney</lastName>
        <district>2</district>
        <bioguideId>M001195</bioguideId>
      </item>
      <item>
        <middleName />
        <identifiers>
          <gpoId>8708</gpoId>
          <bioguideId>K000376</bioguideId>
          <lisID>2051</lisID>
        </identifiers>
        <isOriginalCosponsor>False</isOriginalCosponsor>
        <sponsorshipWithdrawnDate />
        <party>R</party>
        <fullName>Rep. Kelly, Mike [R-PA-3]</fullName>
        <state>PA</state>
        <sponsorshipDate>2017-01-04</sponsorshipDate>
        <firstName>Mike</firstName>
        <lastName>Kelly</lastName>
        <district>3</district>
        <bioguideId>K000376</bioguideId>
      </item>
      <item>
        <middleName>P.</middleName>
        <identifiers>
          <bioguideId>J000295</bioguideId>
          <gpoId />
          <lisID>2154</lisID>
        </identifiers>
        <isOriginalCosponsor>False</isOriginalCosponsor>
        <sponsorshipWithdrawnDate />
        <party>R</party>
        <fullName>Rep. Joyce, David P. [R-OH-14]</fullName>
        <state>OH</state>
        <sponsorshipDate>2017-01-04</sponsorshipDate>
        <firstName>David</firstName>
        <lastName>Joyce</lastName>
        <district>14</district>
        <bioguideId>J000295</bioguideId>
      </item>
      <item>
        <middleName />
        <identifiers>
          <gpoId />
          <bioguideId>W000812</bioguideId>
          <lisID>2137</lisID>
        </identifiers>
        <isOriginalCosponsor>False</isOriginalCosponsor>
        <sponsorshipWithdrawnDate />
        <party>R</party>
        <fullName>Rep. Wagner, Ann [R-MO-2]</fullName>
        <state>MO</state>
        <sponsorshipDate>2017-01-04</sponsorshipDate>
        <firstName>Ann</firstName>
        <lastName>Wagner</lastName>
        <district>2</district>
        <bioguideId>W000812</bioguideId>
      </item>
      <item>
        <middleName />
        <identifiers>
          <gpoId>7947</gpoId>
          <bioguideId>B001275</bioguideId>
          <lisID>2018</lisID>
        </identifiers>
        <isOriginalCosponsor>False</isOriginalCosponsor>
        <sponsorshipWithdrawnDate />
        <party>R</party>
        <fullName>Rep. Bucshon, Larry [R-IN-8]</fullName>
        <state>IN</state>
        <sponsorshipDate>2017-01-04</sponsorshipDate>
        <firstName>Larry</firstName>
        <lastName>Bucshon</lastName>
        <district>8</district>
        <bioguideId>B001275</bioguideId>
      </item>
      <item>
        <middleName>J. "Chuck"</middleName>
        <identifiers>
          <lisID>2061</lisID>
          <gpoId>8150</gpoId>
          <bioguideId>F000459</bioguideId>
        </identifiers>
        <isOriginalCosponsor>False</isOriginalCosponsor>
        <sponsorshipWithdrawnDate />
        <party>R</party>
        <fullName>Rep. Fleischmann, Charles J. "Chuck" [R-TN-3]</fullName>
        <state>TN</state>
        <sponsorshipDate>2017-01-04</sponsorshipDate>
        <firstName>Charles</firstName>
        <lastName>Fleischmann</lastName>
        <district>3</district>
        <bioguideId>F000459</bioguideId>
      </item>
      <item>
        <middleName />
        <identifiers>
          <lisID>1952</lisID>
          <gpoId>8123</gpoId>
          <bioguideId>T000467</bioguideId>
        </identifiers>
        <isOriginalCosponsor>False</isOriginalCosponsor>
        <sponsorshipWithdrawnDate />
        <party>R</party>
        <fullName>Rep. Thompson, Glenn [R-PA-5]</fullName>
        <state>PA</state>
        <sponsorshipDate>2017-01-04</sponsorshipDate>
        <firstName>Glenn</firstName>
        <lastName>Thompson</lastName>
        <district>5</district>
        <bioguideId>T000467</bioguideId>
      </item>
      <item>
        <middleName />
        <identifiers>
          <lisID>1908</lisID>
          <gpoId>7809</gpoId>
          <bioguideId>M001177</bioguideId>
        </identifiers>
        <isOriginalCosponsor>False</isOriginalCosponsor>
        <sponsorshipWithdrawnDate />
        <party>R</party>
        <fullName>Rep. McClintock, Tom [R-CA-4]</fullName>
        <state>CA</state>
        <sponsorshipDate>2017-01-04</sponsorshipDate>
        <firstName>Tom</firstName>
        <lastName>McClintock</lastName>
        <district>4</district>
        <bioguideId>M001177</bioguideId>
      </item>
      <item>
        <middleName />
        <identifiers>
          <lisID>2197</lisID>
          <gpoId />
          <bioguideId>B001289</bioguideId>
        </identifiers>
        <isOriginalCosponsor>False</isOriginalCosponsor>
        <sponsorshipWithdrawnDate />
        <party>R</party>
        <fullName>Rep. Byrne, Bradley [R-AL-1]</fullName>
        <state>AL</state>
        <sponsorshipDate>2017-01-05</sponsorshipDate>
        <firstName>Bradley</firstName>
        <lastName>Byrne</lastName>
        <district>1</district>
        <bioguideId>B001289</bioguideId>
      </item>
      <item>
        <middleName />
        <identifiers>
          <lisID>2144</lisID>
          <gpoId />
          <bioguideId>C001096</bioguideId>
        </identifiers>
        <isOriginalCosponsor>False</isOriginalCosponsor>
        <sponsorshipWithdrawnDate />
        <party>R</party>
        <fullName>Rep. Cramer, Kevin [R-ND-At Large]</fullName>
        <state>ND</state>
        <sponsorshipDate>2017-01-05</sponsorshipDate>
        <firstName>Kevin</firstName>
        <lastName>Cramer</lastName>
        <district>0</district>
        <bioguideId>C001096</bioguideId>
      </item>
      <item>
        <middleName />
        <identifiers>
          <lisID>2026</lisID>
          <gpoId>7976</gpoId>
          <bioguideId>H001052</bioguideId>
        </identifiers>
        <isOriginalCosponsor>False</isOriginalCosponsor>
        <sponsorshipWithdrawnDate />
        <party>R</party>
        <fullName>Rep. Harris, Andy [R-MD-1]</fullName>
        <state>MD</state>
        <sponsorshipDate>2017-01-05</sponsorshipDate>
        <firstName>Andy</firstName>
        <lastName>Harris</lastName>
        <district>1</district>
        <bioguideId>H001052</bioguideId>
      </item>
      <item>
        <middleName />
        <identifiers>
          <bioguideId>D000619</bioguideId>
          <gpoId />
          <lisID>2126</lisID>
        </identifiers>
        <isOriginalCosponsor>False</isOriginalCosponsor>
        <sponsorshipWithdrawnDate />
        <party>R</party>
        <fullName>Rep. Davis, Rodney [R-IL-13]</fullName>
        <state>IL</state>
        <sponsorshipDate>2017-01-06</sponsorshipDate>
        <firstName>Rodney</firstName>
        <lastName>Davis</lastName>
        <district>13</district>
        <bioguideId>D000619</bioguideId>
      </item>
      <item>
        <middleName>M.</middleName>
        <identifiers>
          <bioguideId>S000364</bioguideId>
          <gpoId>7939</gpoId>
          <lisID>1527</lisID>
        </identifiers>
        <isOriginalCosponsor>False</isOriginalCosponsor>
        <sponsorshipWithdrawnDate />
        <party>R</party>
        <fullName>Rep. Shimkus, John [R-IL-15]</fullName>
        <state>IL</state>
        <sponsorshipDate>2017-01-06</sponsorshipDate>
        <firstName>JOHN</firstName>
        <lastName>SHIMKUS</lastName>
        <district>15</district>
        <bioguideId>S000364</bioguideId>
      </item>
      <item>
        <middleName>A.</middleName>
        <identifiers>
          <gpoId>7798</gpoId>
          <bioguideId>G000565</bioguideId>
          <lisID>1992</lisID>
        </identifiers>
        <isOriginalCosponsor>False</isOriginalCosponsor>
        <sponsorshipWithdrawnDate />
        <party>R</party>
        <fullName>Rep. Gosar, Paul A. [R-AZ-4]</fullName>
        <state>AZ</state>
        <sponsorshipDate>2017-01-06</sponsorshipDate>
        <firstName>Paul</firstName>
        <lastName>Gosar</lastName>
        <district>4</district>
        <bioguideId>G000565</bioguideId>
      </item>
      <item>
        <middleName />
        <identifiers>
          <bioguideId>L000585</bioguideId>
          <lisID>2295</lisID>
          <gpoId />
        </identifiers>
        <isOriginalCosponsor>False</isOriginalCosponsor>
        <sponsorshipWithdrawnDate />
        <party>R</party>
        <fullName>Rep. LaHood, Darin [R-IL-18]</fullName>
        <state>IL</state>
        <sponsorshipDate>2017-01-06</sponsorshipDate>
        <firstName>Darin</firstName>
        <lastName>LaHood</lastName>
        <district>18</district>
        <bioguideId>L000585</bioguideId>
      </item>
      <item>
        <middleName />
        <identifiers>
          <lisID>2224</lisID>
          <gpoId />
          <bioguideId>W000821</bioguideId>
        </identifiers>
        <isOriginalCosponsor>False</isOriginalCosponsor>
        <sponsorshipWithdrawnDate />
        <party>R</party>
        <fullName>Rep. Westerman, Bruce [R-AR-4]</fullName>
        <state>AR</state>
        <sponsorshipDate>2017-01-06</sponsorshipDate>
        <firstName>Bruce</firstName>
        <lastName>Westerman</lastName>
        <district>4</district>
        <bioguideId>W000821</bioguideId>
      </item>
      <item>
        <middleName />
        <identifiers>
          <bioguideId>S001187</bioguideId>
          <lisID>2047</lisID>
          <gpoId>8105</gpoId>
        </identifiers>
        <isOriginalCosponsor>False</isOriginalCosponsor>
        <sponsorshipWithdrawnDate />
        <party>R</party>
        <fullName>Rep. Stivers, Steve [R-OH-15]</fullName>
        <state>OH</state>
        <sponsorshipDate>2017-01-06</sponsorshipDate>
        <firstName>Steve</firstName>
        <lastName>Stivers</lastName>
        <district>15</district>
        <bioguideId>S001187</bioguideId>
      </item>
      <item>
        <middleName />
        <identifiers>
          <lisID>2103</lisID>
          <gpoId />
          <bioguideId>C001094</bioguideId>
        </identifiers>
        <isOriginalCosponsor>False</isOriginalCosponsor>
        <sponsorshipWithdrawnDate />
        <party>R</party>
        <fullName>Rep. Cook, Paul [R-CA-8]</fullName>
        <state>CA</state>
        <sponsorshipDate>2017-01-06</sponsorshipDate>
        <firstName>Paul</firstName>
        <lastName>Cook</lastName>
        <district>8</district>
        <bioguideId>C001094</bioguideId>
      </item>
      <item>
        <middleName />
        <identifiers>
          <bioguideId>B001295</bioguideId>
          <gpoId />
          <lisID>2243</lisID>
        </identifiers>
        <isOriginalCosponsor>False</isOriginalCosponsor>
        <sponsorshipWithdrawnDate />
        <party>R</party>
        <fullName>Rep. Bost, Mike [R-IL-12]</fullName>
        <state>IL</state>
        <sponsorshipDate>2017-01-10</sponsorshipDate>
        <firstName>Mike</firstName>
        <lastName>Bost</lastName>
        <district>12</district>
        <bioguideId>B001295</bioguideId>
      </item>
      <item>
        <middleName />
        <identifiers>
          <lisID>2014</lisID>
          <gpoId>7931</gpoId>
          <bioguideId>K000378</bioguideId>
        </identifiers>
        <isOriginalCosponsor>False</isOriginalCosponsor>
        <sponsorshipWithdrawnDate />
        <party>R</party>
        <fullName>Rep. Kinzinger, Adam [R-IL-16]</fullName>
        <state>IL</state>
        <sponsorshipDate>2017-01-12</sponsorshipDate>
        <firstName>Adam</firstName>
        <lastName>Kinzinger</lastName>
        <district>16</district>
        <bioguideId>K000378</bioguideId>
      </item>
      <item>
        <middleName />
        <identifiers>
          <lisID>1991</lisID>
          <gpoId>7795</gpoId>
          <bioguideId>W000809</bioguideId>
        </identifiers>
        <isOriginalCosponsor>False</isOriginalCosponsor>
        <sponsorshipWithdrawnDate />
        <party>R</party>
        <fullName>Rep. Womack, Steve [R-AR-3]</fullName>
        <state>AR</state>
        <sponsorshipDate>2017-01-12</sponsorshipDate>
        <firstName>Steve</firstName>
        <lastName>Womack</lastName>
        <district>3</district>
        <bioguideId>W000809</bioguideId>
      </item>
      <item>
        <middleName />
        <identifiers>
          <bioguideId>F000461</bioguideId>
          <lisID>2065</lisID>
          <gpoId>8173</gpoId>
        </identifiers>
        <isOriginalCosponsor>False</isOriginalCosponsor>
        <sponsorshipWithdrawnDate />
        <party>R</party>
        <fullName>Rep. Flores, Bill [R-TX-17]</fullName>
        <state>TX</state>
        <sponsorshipDate>2017-01-13</sponsorshipDate>
        <firstName>Bill</firstName>
        <lastName>Flores</lastName>
        <district>17</district>
        <bioguideId>F000461</bioguideId>
      </item>
    </cosponsors>
    <constitutionalAuthorityStatementText />
    <committeeReports />
    <originChamber>House</originChamber>
    <summaries>
      <billSummaries>
        <item>
          <actionDate>2017-01-03</actionDate>
          <name>Introduced in House</name>
          <actionDesc>Introduced in House</actionDesc>
          <updateDate>2017-01-03T05:00:00Z</updateDate>
          <text><![CDATA[<p>Nullifies the Stream Protection Rule submitted by the Department of the Interior's Office of Surface Mining Reclamation and Enforcement. The rule addresses the impacts of surface coal mining operations on surface water, groundwater, and the productivity of mining operation sites.</p>]]></text>
          <lastSummaryUpdateDate>2017-01-09T13:53:44Z</lastSummaryUpdateDate>
          <versionCode>00</versionCode>
        </item>
      </billSummaries>
    </summaries>
    <subjects>
      <billSubjects>
        <policyArea>
          <name>Environmental Protection</name>
        </policyArea>
        <legislativeSubjects>
          <item>
            <name>Administrative law and regulatory procedures</name>
          </item>
          <item>
            <name>Coal</name>
          </item>
          <item>
            <name>Congressional oversight</name>
          </item>
          <item>
            <name>Department of the Interior</name>
          </item>
          <item>
            <name>Environmental assessment, monitoring, research</name>
          </item>
          <item>
            <name>Hydrology and hydrography</name>
          </item>
          <item>
            <name>Licensing and registrations</name>
          </item>
          <item>
            <name>Mining</name>
          </item>
          <item>
            <name>Water quality</name>
          </item>
        </legislativeSubjects>
      </billSubjects>
    </subjects>
    <createDate>2017-01-04T07:01:08Z</createDate>
    <notes />
    <committees>
      <billCommittees>
        <item>
          <chamber>House</chamber>
          <systemCode>hsii00</systemCode>
          <type>Standing</type>
          <name>Natural Resources Committee</name>
          <activities>
            <item>
              <name>Referred to</name>
              <date>2017-01-03T17:04:10Z</date>
            </item>
          </activities>
          <subcommittees />
        </item>
      </billCommittees>
    </committees>
  </bill>
  <dublinCore xmlns:dc="http://purl.org/dc/elements/1.1/">
    <dc:format>text/xml</dc:format>
    <dc:language>EN</dc:language>
    <dc:rights>Pursuant to Title 17 Section 105 of the United States Code, this file is not subject to copyright protection and is in the public domain.</dc:rights>
    <dc:contributor>Congressional Research Service, Library of Congress</dc:contributor>
    <dc:description>This file contains bill summaries and statuses for federal legislation. A bill summary describes the most significant provisions of a piece of legislation and details the effects the legislative text may have on current law and federal programs. Bill summaries are authored by the Congressional Research Service (CRS) of the Library of Congress. As stated in Public Law 91-510 (2 USC 166 (d)(6)), one of the duties of CRS is "to prepare summaries and digests of bills and resolutions of a public general nature introduced in the Senate or House of Representatives". For more information, refer to the User Guide that accompanies this file.</dc:description>
  </dublinCore>
</billStatus>

