<?xml version="1.0" encoding="UTF-8"?>
<billStatus>
  <bill>
    <amendments />
    <latestAction>
      <actionDate>2017-03-10</actionDate>
      <text>Referred to the Subcommittee on Communications and Technology.</text>
      <links />
    </latestAction>
    <congress>115</congress>
    <subjects>
      <billSubjects>
        <legislativeSubjects>
          <item>
            <name>Administrative law and regulatory procedures</name>
          </item>
          <item>
            <name>Congressional oversight</name>
          </item>
          <item>
            <name>Consumer affairs</name>
          </item>
          <item>
            <name>Federal Communications Commission (FCC)</name>
          </item>
          <item>
            <name>Internet and video services</name>
          </item>
          <item>
            <name>Marketing and advertising</name>
          </item>
          <item>
            <name>Right of privacy</name>
          </item>
          <item>
            <name>Telephone and wireless communication</name>
          </item>
        </legislativeSubjects>
        <policyArea>
          <name>Science, Technology, Communications</name>
        </policyArea>
      </billSubjects>
    </subjects>
    <laws />
    <notes />
    <billType>HJRES</billType>
    <sponsors>
      <item>
        <lastName>Blackburn</lastName>
        <middleName />
        <bioguideId>B001243</bioguideId>
        <fullName>Rep. Blackburn, Marsha [R-TN-7]</fullName>
        <identifiers>
          <lisID>1748</lisID>
          <gpoId>8154</gpoId>
          <bioguideId>B001243</bioguideId>
        </identifiers>
        <byRequestType />
        <state>TN</state>
        <firstName>Marsha</firstName>
        <party>R</party>
        <district>7</district>
      </item>
    </sponsors>
    <recordedVotes />
    <committeeReports />
    <introducedDate>2017-03-08</introducedDate>
    <relatedBills>
      <item>
        <latestTitle>A joint resolution providing for congressional disapproval under chapter 8 of title 5, United States Code, of the rule submitted by the Federal Communications Commission relating to "Protecting the Privacy of Customers of Broadband and Other Telecommunications Services".</latestTitle>
        <relationshipDetails>
          <item>
            <type>Identical bill</type>
            <identifiedBy>CRS</identifiedBy>
          </item>
        </relationshipDetails>
        <number>34</number>
        <latestAction>
          <actionDate>2017-04-03</actionDate>
          <text>Became Public Law No: 115-22.</text>
        </latestAction>
        <congress>115</congress>
        <type>SJRES</type>
      </item>
    </relatedBills>
    <cosponsors>
      <item>
        <party>R</party>
        <state>TX</state>
        <sponsorshipDate>2017-03-08</sponsorshipDate>
        <district>17</district>
        <isOriginalCosponsor>True</isOriginalCosponsor>
        <fullName>Rep. Flores, Bill [R-TX-17]</fullName>
        <middleName />
        <bioguideId>F000461</bioguideId>
        <firstName>Bill</firstName>
        <sponsorshipWithdrawnDate />
        <lastName>Flores</lastName>
        <identifiers>
          <bioguideId>F000461</bioguideId>
          <lisID>2065</lisID>
          <gpoId>8173</gpoId>
        </identifiers>
      </item>
      <item>
        <party>R</party>
        <state>TX</state>
        <sponsorshipDate>2017-03-08</sponsorshipDate>
        <district>22</district>
        <isOriginalCosponsor>True</isOriginalCosponsor>
        <fullName>Rep. Olson, Pete [R-TX-22]</fullName>
        <middleName />
        <bioguideId>O000168</bioguideId>
        <firstName>Pete</firstName>
        <sponsorshipWithdrawnDate />
        <lastName>Olson</lastName>
        <identifiers>
          <lisID>1955</lisID>
          <bioguideId>O000168</bioguideId>
          <gpoId>8178</gpoId>
        </identifiers>
      </item>
      <item>
        <party>R</party>
        <state>NJ</state>
        <sponsorshipDate>2017-03-08</sponsorshipDate>
        <district>7</district>
        <isOriginalCosponsor>True</isOriginalCosponsor>
        <fullName>Rep. Lance, Leonard [R-NJ-7]</fullName>
        <middleName />
        <bioguideId>L000567</bioguideId>
        <firstName>Leonard</firstName>
        <sponsorshipWithdrawnDate />
        <lastName>Lance</lastName>
        <identifiers>
          <lisID>1936</lisID>
          <gpoId>8049</gpoId>
          <bioguideId>L000567</bioguideId>
        </identifiers>
      </item>
      <item>
        <party>R</party>
        <state>LA</state>
        <sponsorshipDate>2017-03-08</sponsorshipDate>
        <district>1</district>
        <isOriginalCosponsor>True</isOriginalCosponsor>
        <fullName>Rep. Scalise, Steve [R-LA-1]</fullName>
        <middleName />
        <bioguideId>S001176</bioguideId>
        <firstName>Steve</firstName>
        <sponsorshipWithdrawnDate />
        <lastName>Scalise</lastName>
        <identifiers>
          <bioguideId>S001176</bioguideId>
          <lisID>1892</lisID>
          <gpoId>7959</gpoId>
        </identifiers>
      </item>
      <item>
        <party>R</party>
        <state>OH</state>
        <sponsorshipDate>2017-03-08</sponsorshipDate>
        <district>5</district>
        <isOriginalCosponsor>True</isOriginalCosponsor>
        <fullName>Rep. Latta, Robert E. [R-OH-5]</fullName>
        <middleName>E.</middleName>
        <bioguideId>L000566</bioguideId>
        <firstName>Robert</firstName>
        <sponsorshipWithdrawnDate />
        <lastName>Latta</lastName>
        <identifiers>
          <lisID>1885</lisID>
          <gpoId>8095</gpoId>
          <bioguideId>L000566</bioguideId>
        </identifiers>
      </item>
      <item>
        <party>R</party>
        <state>KY</state>
        <sponsorshipDate>2017-03-08</sponsorshipDate>
        <district>2</district>
        <isOriginalCosponsor>True</isOriginalCosponsor>
        <fullName>Rep. Guthrie, Brett [R-KY-2]</fullName>
        <middleName />
        <bioguideId>G000558</bioguideId>
        <firstName>Brett</firstName>
        <sponsorshipWithdrawnDate />
        <lastName>Guthrie</lastName>
        <identifiers>
          <lisID>1922</lisID>
          <gpoId>7954</gpoId>
          <bioguideId>G000558</bioguideId>
        </identifiers>
      </item>
      <item>
        <party>R</party>
        <state>IL</state>
        <sponsorshipDate>2017-03-08</sponsorshipDate>
        <district>16</district>
        <isOriginalCosponsor>True</isOriginalCosponsor>
        <fullName>Rep. Kinzinger, Adam [R-IL-16]</fullName>
        <middleName />
        <bioguideId>K000378</bioguideId>
        <firstName>Adam</firstName>
        <sponsorshipWithdrawnDate />
        <lastName>Kinzinger</lastName>
        <identifiers>
          <lisID>2014</lisID>
          <gpoId>7931</gpoId>
          <bioguideId>K000378</bioguideId>
        </identifiers>
      </item>
      <item>
        <party>R</party>
        <state>OH</state>
        <sponsorshipDate>2017-03-08</sponsorshipDate>
        <district>6</district>
        <isOriginalCosponsor>True</isOriginalCosponsor>
        <fullName>Rep. Johnson, Bill [R-OH-6]</fullName>
        <middleName />
        <bioguideId>J000292</bioguideId>
        <firstName>Bill</firstName>
        <sponsorshipWithdrawnDate />
        <lastName>Johnson</lastName>
        <identifiers>
          <lisID>2046</lisID>
          <gpoId>8096</gpoId>
          <bioguideId>J000292</bioguideId>
        </identifiers>
      </item>
      <item>
        <party>R</party>
        <state>MO</state>
        <sponsorshipDate>2017-03-08</sponsorshipDate>
        <district>7</district>
        <isOriginalCosponsor>True</isOriginalCosponsor>
        <fullName>Rep. Long, Billy [R-MO-7]</fullName>
        <middleName />
        <bioguideId>L000576</bioguideId>
        <firstName>Billy</firstName>
        <sponsorshipWithdrawnDate />
        <lastName>Long</lastName>
        <identifiers>
          <lisID>2033</lisID>
          <bioguideId>L000576</bioguideId>
          <gpoId>8015</gpoId>
        </identifiers>
      </item>
      <item>
        <party>R</party>
        <state>IN</state>
        <sponsorshipDate>2017-03-08</sponsorshipDate>
        <district>5</district>
        <isOriginalCosponsor>True</isOriginalCosponsor>
        <fullName>Rep. Brooks, Susan W. [R-IN-5]</fullName>
        <middleName>W.</middleName>
        <bioguideId>B001284</bioguideId>
        <firstName>Susan</firstName>
        <sponsorshipWithdrawnDate />
        <lastName>Brooks</lastName>
        <identifiers>
          <bioguideId>B001284</bioguideId>
          <lisID>2129</lisID>
          <gpoId />
        </identifiers>
      </item>
      <item>
        <party>R</party>
        <state>CA</state>
        <sponsorshipDate>2017-03-08</sponsorshipDate>
        <district>45</district>
        <isOriginalCosponsor>True</isOriginalCosponsor>
        <fullName>Rep. Walters, Mimi [R-CA-45]</fullName>
        <middleName />
        <bioguideId>W000820</bioguideId>
        <firstName>Mimi</firstName>
        <sponsorshipWithdrawnDate />
        <lastName>Walters</lastName>
        <identifiers>
          <gpoId />
          <lisID>2232</lisID>
          <bioguideId>W000820</bioguideId>
        </identifiers>
      </item>
      <item>
        <party>R</party>
        <state>ND</state>
        <sponsorshipDate>2017-03-08</sponsorshipDate>
        <district>0</district>
        <isOriginalCosponsor>True</isOriginalCosponsor>
        <fullName>Rep. Cramer, Kevin [R-ND-At Large]</fullName>
        <middleName />
        <bioguideId>C001096</bioguideId>
        <firstName>Kevin</firstName>
        <sponsorshipWithdrawnDate />
        <lastName>Cramer</lastName>
        <identifiers>
          <lisID>2144</lisID>
          <bioguideId>C001096</bioguideId>
          <gpoId />
        </identifiers>
      </item>
      <item>
        <party>R</party>
        <state>NY</state>
        <sponsorshipDate>2017-03-08</sponsorshipDate>
        <district>27</district>
        <isOriginalCosponsor>True</isOriginalCosponsor>
        <fullName>Rep. Collins, Chris [R-NY-27]</fullName>
        <middleName />
        <bioguideId>C001092</bioguideId>
        <firstName>Chris</firstName>
        <sponsorshipWithdrawnDate />
        <lastName>Collins</lastName>
        <identifiers>
          <lisID>2151</lisID>
          <bioguideId>C001092</bioguideId>
          <gpoId />
        </identifiers>
      </item>
      <item>
        <party>R</party>
        <state>PA</state>
        <sponsorshipDate>2017-03-08</sponsorshipDate>
        <district>6</district>
        <isOriginalCosponsor>True</isOriginalCosponsor>
        <fullName>Rep. Costello, Ryan A. [R-PA-6]</fullName>
        <middleName>A.</middleName>
        <bioguideId>C001106</bioguideId>
        <firstName>Ryan</firstName>
        <sponsorshipWithdrawnDate />
        <lastName>Costello</lastName>
        <identifiers>
          <lisID>2266</lisID>
          <gpoId />
          <bioguideId>C001106</bioguideId>
        </identifiers>
      </item>
      <item>
        <party>R</party>
        <state>FL</state>
        <sponsorshipDate>2017-03-08</sponsorshipDate>
        <district>12</district>
        <isOriginalCosponsor>True</isOriginalCosponsor>
        <fullName>Rep. Bilirakis, Gus M. [R-FL-12]</fullName>
        <middleName>M.</middleName>
        <bioguideId>B001257</bioguideId>
        <firstName>Gus</firstName>
        <sponsorshipWithdrawnDate />
        <lastName>Bilirakis</lastName>
        <identifiers>
          <gpoId>7881</gpoId>
          <lisID>1838</lisID>
          <bioguideId>B001257</bioguideId>
        </identifiers>
      </item>
      <item>
        <party>R</party>
        <state>IL</state>
        <sponsorshipDate>2017-03-08</sponsorshipDate>
        <district>15</district>
        <isOriginalCosponsor>True</isOriginalCosponsor>
        <fullName>Rep. Shimkus, John [R-IL-15]</fullName>
        <middleName>M.</middleName>
        <bioguideId>S000364</bioguideId>
        <firstName>JOHN</firstName>
        <sponsorshipWithdrawnDate />
        <lastName>SHIMKUS</lastName>
        <identifiers>
          <lisID>1527</lisID>
          <bioguideId>S000364</bioguideId>
          <gpoId>7939</gpoId>
        </identifiers>
      </item>
    </cosponsors>
    <actions>
      <actionTypeCounts>
        <introducedInHouse>1</introducedInHouse>
        <introducedInTheHouse>1</introducedInTheHouse>
        <billReferrals>1</billReferrals>
        <placeholderTextForH>1</placeholderTextForH>
      </actionTypeCounts>
      <item>
        <actionDate>2017-03-10</actionDate>
        <committee>
          <systemCode>hsif16</systemCode>
          <name>Communications and Technology Subcommittee</name>
        </committee>
        <links />
        <sourceSystem>
          <name>House committee actions</name>
          <code>1</code>
        </sourceSystem>
        <text>Referred to the Subcommittee on Communications and Technology.</text>
        <type>Committee</type>
      </item>
      <item>
        <actionDate>2017-03-08</actionDate>
        <links />
        <text>Referred to the House Committee on Energy and Commerce.</text>
        <type>IntroReferral</type>
        <actionCode>H11100</actionCode>
        <sourceSystem>
          <name>House floor actions</name>
          <code>2</code>
        </sourceSystem>
        <committee>
          <systemCode>hsif00</systemCode>
          <name>Energy and Commerce Committee</name>
        </committee>
      </item>
      <item>
        <actionDate>2017-03-08</actionDate>
        <links />
        <text>Introduced in House</text>
        <type>IntroReferral</type>
        <actionCode>Intro-H</actionCode>
        <sourceSystem>
          <name>Library of Congress</name>
          <code>9</code>
        </sourceSystem>
        <committee />
      </item>
      <item>
        <actionDate>2017-03-08</actionDate>
        <links />
        <text>Introduced in House</text>
        <type>IntroReferral</type>
        <actionCode>1000</actionCode>
        <sourceSystem>
          <name>Library of Congress</name>
          <code>9</code>
        </sourceSystem>
        <committee />
      </item>
      <actionByCounts>
        <houseOfRepresentatives>4</houseOfRepresentatives>
      </actionByCounts>
    </actions>
    <committees>
      <billCommittees>
        <item>
          <activities>
            <item>
              <date>2017-03-08T15:02:25Z</date>
              <name>Referred to</name>
            </item>
          </activities>
          <type>Standing</type>
          <chamber>House</chamber>
          <systemCode>hsif00</systemCode>
          <name>Energy and Commerce Committee</name>
          <subcommittees>
            <item>
              <systemCode>hsif16</systemCode>
              <name>Communications and Technology Subcommittee</name>
              <activities>
                <item>
                  <date>2017-03-10T19:11:31Z</date>
                  <name>Referred to</name>
                </item>
              </activities>
            </item>
          </subcommittees>
        </item>
      </billCommittees>
    </committees>
    <updateDate>2018-08-28T19:56:48Z</updateDate>
    <version>1.0.0</version>
    <title>Providing for congressional disapproval under chapter 8 of title 5, United States Code, of the rule submitted by the Federal Communications Commission relating to "Protecting the Privacy of Customers of Broadband and Other Telecommunications Services".</title>
    <createDate>2017-03-09T05:25:08Z</createDate>
    <billNumber>86</billNumber>
    <constitutionalAuthorityStatementText><![CDATA[<pre>[Congressional Record Volume 163, Number 40 (Wednesday, March 8, 2017)]From the Congressional Record Online through the Government Publishing Office [<a href='http://www.gpo.gov'>www.gpo.gov</a>]By Mrs. BLACKBURN:H.J. Res. 86.Congress has the power to enact this legislation pursuantto the following:Article I, Section 8--``necessary and proper'' clause.____________________[Page H1949]</pre>]]></constitutionalAuthorityStatementText>
    <cboCostEstimates />
    <calendarNumbers />
    <policyArea>
      <name>Science, Technology, Communications</name>
    </policyArea>
    <summaries>
      <billSummaries>
        <item>
          <actionDesc>Introduced in House</actionDesc>
          <name>Introduced in House</name>
          <text><![CDATA[<p>This joint resolution nullifies the rule submitted by the Federal Communications Commission entitled "Protecting the Privacy of Customers of Broadband and Other Telecommunications Services." The rule published on December 2, 2016: (1) applies the customer privacy requirements of the Communications Act of 1934 to broadband Internet access service and other telecommunications services, (2) requires telecommunications carriers to inform customers about rights to opt in or opt out of the use or the sharing of their confidential information, (3) adopts data security and&nbsp;breach notification requirements, (4) prohibits broadband service offerings that are contingent on surrendering privacy rights, and (5)&nbsp;requires disclosures and affirmative consent&nbsp;when a broadband provider offers customers financial incentives in exchange for&nbsp;the provider's right to use a customer's&nbsp;confidential information.</p>]]></text>
          <versionCode>00</versionCode>
          <lastSummaryUpdateDate>2017-03-27T18:26:23Z</lastSummaryUpdateDate>
          <updateDate>2017-03-08T05:00:00Z</updateDate>
          <actionDate>2017-03-08</actionDate>
        </item>
      </billSummaries>
    </summaries>
    <originChamber>House</originChamber>
    <titles>
      <item>
        <titleType>Official Title as Introduced</titleType>
        <chamberName />
        <chamberCode />
        <parentTitleType />
        <title>Providing for congressional disapproval under chapter 8 of title 5, United States Code, of the rule submitted by the Federal Communications Commission relating to "Protecting the Privacy of Customers of Broadband and Other Telecommunications Services".</title>
      </item>
      <item>
        <titleType>Display Title</titleType>
        <chamberName />
        <chamberCode />
        <parentTitleType />
        <title>Providing for congressional disapproval under chapter 8 of title 5, United States Code, of the rule submitted by the Federal Communications Commission relating to "Protecting the Privacy of Customers of Broadband and Other Telecommunications Services".</title>
      </item>
    </titles>
  </bill>
  <dublinCore xmlns:dc="http://purl.org/dc/elements/1.1/">
    <dc:format>text/xml</dc:format>
    <dc:language>EN</dc:language>
    <dc:rights>Pursuant to Title 17 Section 105 of the United States Code, this file is not subject to copyright protection and is in the public domain.</dc:rights>
    <dc:contributor>Congressional Research Service, Library of Congress</dc:contributor>
    <dc:description>This file contains bill summaries and statuses for federal legislation. A bill summary describes the most significant provisions of a piece of legislation and details the effects the legislative text may have on current law and federal programs. Bill summaries are authored by the Congressional Research Service (CRS) of the Library of Congress. As stated in Public Law 91-510 (2 USC 166 (d)(6)), one of the duties of CRS is "to prepare summaries and digests of bills and resolutions of a public general nature introduced in the Senate or House of Representatives". For more information, refer to the User Guide that accompanies this file.</dc:description>
  </dublinCore>
</billStatus>

