<?xml version="1.0" encoding="UTF-8"?>
<billStatus>
  <bill>
    <policyArea>
      <name>Congress</name>
    </policyArea>
    <billNumber>50</billNumber>
    <laws />
    <constitutionalAuthorityStatementText><![CDATA[<pre>[Congressional Record Volume 163, Number 16 (Tuesday, January 31, 2017)]From the Congressional Record Online through the Government Publishing Office [<a href='http://www.gpo.gov'>www.gpo.gov</a>]By Mr. LABRADOR:H.J. Res. 50.Congress has the power to enact this legislation pursuantto the following:Article 5: The Congress, whenever two thirds of both Housesshall deem it necessary, shall propose Amendments to thisConstitution, or, on the Application of the Legislatures oftwo thirds of the several States, shall call a Convention forproposing Amendments, which, in either Case, shall be validto all Intents and Purposes, as part of this Constitution,when ratified by the Legislatures of three fourths of theseveral States, or by Conventions in three fourths thereof,as the one or the other Mode of Ratification may be proposedby the Congress;[Page H821]</pre>]]></constitutionalAuthorityStatementText>
    <originChamber>House</originChamber>
    <billType>HJRES</billType>
    <summaries>
      <billSummaries>
        <item>
          <actionDesc>Introduced in House</actionDesc>
          <actionDate>2017-01-31</actionDate>
          <lastSummaryUpdateDate>2017-03-13T19:18:58Z</lastSummaryUpdateDate>
          <name>Introduced in House</name>
          <text><![CDATA[<p><b>Constitutional Amendment</b></p> <p>This joint resolution proposes a constitutional amendment limiting Members of the Senate to two terms and Members of the House of Representatives to six terms.</p>]]></text>
          <versionCode>00</versionCode>
          <updateDate>2017-01-31T05:00:00Z</updateDate>
        </item>
      </billSummaries>
    </summaries>
    <relatedBills>
      <item>
        <latestTitle>Proposing an amendment to the Constitution of the United States to limit the number of terms a Representative or Senator may serve.</latestTitle>
        <relationshipDetails>
          <item>
            <type>Related bill</type>
            <identifiedBy>CRS</identifiedBy>
          </item>
        </relationshipDetails>
        <number>13</number>
        <latestAction>
          <actionDate>2017-01-11</actionDate>
          <text>Referred to the Subcommittee on the Constitution and Civil Justice.</text>
        </latestAction>
        <congress>115</congress>
        <type>HJRES</type>
      </item>
      <item>
        <latestTitle>Proposing an amendment to the Constitution of the United States to limit the number of consecutive terms that a Member of Congress may serve.</latestTitle>
        <relationshipDetails>
          <item>
            <type>Related bill</type>
            <identifiedBy>CRS</identifiedBy>
          </item>
        </relationshipDetails>
        <number>20</number>
        <latestAction>
          <actionDate>2017-01-12</actionDate>
          <text>Referred to the Subcommittee on the Constitution and Civil Justice.</text>
        </latestAction>
        <congress>115</congress>
        <type>HJRES</type>
      </item>
      <item>
        <latestTitle>Proposing an amendment to the Constitution of the United States to limit the number of terms an individual may serve as a Member of Congress.</latestTitle>
        <relationshipDetails>
          <item>
            <type>Related bill</type>
            <identifiedBy>CRS</identifiedBy>
          </item>
        </relationshipDetails>
        <number>134</number>
        <latestAction>
          <actionDate>2018-05-22</actionDate>
          <text>Referred to the Subcommittee on the Constitution and Civil Justice.</text>
        </latestAction>
        <congress>115</congress>
        <type>HJRES</type>
      </item>
      <item>
        <latestTitle>Proposing an amendment to the Constitution of the United States to limit the number of terms an individual may serve as a Member of Congress.</latestTitle>
        <relationshipDetails>
          <item>
            <type>Related bill</type>
            <identifiedBy>CRS</identifiedBy>
          </item>
        </relationshipDetails>
        <number>101</number>
        <latestAction>
          <actionDate>2017-06-07</actionDate>
          <text>Referred to the Subcommittee on the Constitution and Civil Justice.</text>
        </latestAction>
        <congress>115</congress>
        <type>HJRES</type>
      </item>
    </relatedBills>
    <createDate>2017-02-01T04:48:43Z</createDate>
    <sponsors>
      <item>
        <lastName>Labrador</lastName>
        <party>R</party>
        <middleName>R.</middleName>
        <fullName>Rep. Labrador, Raul R. [R-ID-1]</fullName>
        <identifiers>
          <bioguideId>L000573</bioguideId>
          <lisID>2011</lisID>
          <gpoId>7919</gpoId>
        </identifiers>
        <state>ID</state>
        <firstName>Raul</firstName>
        <byRequestType />
        <district>1</district>
        <bioguideId>L000573</bioguideId>
      </item>
    </sponsors>
    <notes />
    <updateDate>2018-08-28T19:56:41Z</updateDate>
    <committeeReports />
    <actions>
      <actionByCounts>
        <houseOfRepresentatives>4</houseOfRepresentatives>
      </actionByCounts>
      <item>
        <actionDate>2017-02-08</actionDate>
        <committee>
          <systemCode>hsju10</systemCode>
          <name>Constitution and Civil Justice Subcommittee</name>
        </committee>
        <links />
        <sourceSystem>
          <code>1</code>
          <name>House committee actions</name>
        </sourceSystem>
        <text>Referred to the Subcommittee on the Constitution and Civil Justice.</text>
        <type>Committee</type>
      </item>
      <item>
        <committee>
          <systemCode>hsju00</systemCode>
          <name>Judiciary Committee</name>
        </committee>
        <links />
        <type>IntroReferral</type>
        <text>Referred to the House Committee on the Judiciary.</text>
        <actionDate>2017-01-31</actionDate>
        <actionCode>H11100</actionCode>
        <sourceSystem>
          <code>2</code>
          <name>House floor actions</name>
        </sourceSystem>
      </item>
      <item>
        <committee />
        <links />
        <type>IntroReferral</type>
        <text>Introduced in House</text>
        <actionDate>2017-01-31</actionDate>
        <actionCode>Intro-H</actionCode>
        <sourceSystem>
          <code>9</code>
          <name>Library of Congress</name>
        </sourceSystem>
      </item>
      <item>
        <committee />
        <links />
        <type>IntroReferral</type>
        <text>Introduced in House</text>
        <actionDate>2017-01-31</actionDate>
        <actionCode>1000</actionCode>
        <sourceSystem>
          <code>9</code>
          <name>Library of Congress</name>
        </sourceSystem>
      </item>
      <actionTypeCounts>
        <placeholderTextForH>1</placeholderTextForH>
        <introducedInHouse>1</introducedInHouse>
        <billReferrals>1</billReferrals>
        <introducedInTheHouse>1</introducedInTheHouse>
      </actionTypeCounts>
    </actions>
    <title>Proposing an amendment to the Constitution of the United States to limit the number of terms a Representative or Senator may serve.</title>
    <cosponsors>
      <item>
        <bioguideId>B001274</bioguideId>
        <lastName>Brooks</lastName>
        <isOriginalCosponsor>True</isOriginalCosponsor>
        <identifiers>
          <bioguideId>B001274</bioguideId>
          <lisID>1987</lisID>
          <gpoId>7790</gpoId>
        </identifiers>
        <district>5</district>
        <middleName />
        <sponsorshipWithdrawnDate />
        <fullName>Rep. Brooks, Mo [R-AL-5]</fullName>
        <sponsorshipDate>2017-01-31</sponsorshipDate>
        <state>AL</state>
        <firstName>Mo</firstName>
        <party>R</party>
      </item>
      <item>
        <bioguideId>S001183</bioguideId>
        <lastName>Schweikert</lastName>
        <isOriginalCosponsor>True</isOriginalCosponsor>
        <identifiers>
          <lisID>1994</lisID>
          <bioguideId>S001183</bioguideId>
          <gpoId>7802</gpoId>
        </identifiers>
        <district>6</district>
        <middleName />
        <sponsorshipWithdrawnDate>2018-03-13</sponsorshipWithdrawnDate>
        <fullName>Rep. Schweikert, David [R-AZ-6]</fullName>
        <sponsorshipDate>2017-01-31</sponsorshipDate>
        <state>AZ</state>
        <firstName>David</firstName>
        <party>R</party>
      </item>
      <item>
        <bioguideId>D000616</bioguideId>
        <lastName>DesJarlais</lastName>
        <isOriginalCosponsor>True</isOriginalCosponsor>
        <identifiers>
          <gpoId>8151</gpoId>
          <lisID>2062</lisID>
          <bioguideId>D000616</bioguideId>
        </identifiers>
        <district>4</district>
        <middleName />
        <sponsorshipWithdrawnDate />
        <fullName>Rep. DesJarlais, Scott [R-TN-4]</fullName>
        <sponsorshipDate>2017-01-31</sponsorshipDate>
        <state>TN</state>
        <firstName>Scott</firstName>
        <party>R</party>
      </item>
      <item>
        <bioguideId>R000597</bioguideId>
        <lastName>Rice</lastName>
        <isOriginalCosponsor>True</isOriginalCosponsor>
        <identifiers>
          <gpoId />
          <lisID>2160</lisID>
          <bioguideId>R000597</bioguideId>
        </identifiers>
        <district>7</district>
        <middleName />
        <sponsorshipWithdrawnDate />
        <fullName>Rep. Rice, Tom [R-SC-7]</fullName>
        <sponsorshipDate>2017-01-31</sponsorshipDate>
        <state>SC</state>
        <firstName>Tom</firstName>
        <party>R</party>
      </item>
      <item>
        <bioguideId>D000615</bioguideId>
        <lastName>Duncan</lastName>
        <isOriginalCosponsor>True</isOriginalCosponsor>
        <identifiers>
          <bioguideId>D000615</bioguideId>
          <gpoId>8143</gpoId>
          <lisID>2057</lisID>
        </identifiers>
        <district>3</district>
        <middleName />
        <sponsorshipWithdrawnDate>2017-04-04</sponsorshipWithdrawnDate>
        <fullName>Rep. Duncan, Jeff [R-SC-3]</fullName>
        <sponsorshipDate>2017-01-31</sponsorshipDate>
        <state>SC</state>
        <firstName>Jeff</firstName>
        <party>R</party>
      </item>
      <item>
        <bioguideId>B001291</bioguideId>
        <lastName>Babin</lastName>
        <isOriginalCosponsor>True</isOriginalCosponsor>
        <identifiers>
          <bioguideId>B001291</bioguideId>
          <lisID>2270</lisID>
          <gpoId />
        </identifiers>
        <district>36</district>
        <middleName />
        <sponsorshipWithdrawnDate />
        <fullName>Rep. Babin, Brian [R-TX-36]</fullName>
        <sponsorshipDate>2017-01-31</sponsorshipDate>
        <state>TX</state>
        <firstName>Brian</firstName>
        <party>R</party>
      </item>
      <item>
        <bioguideId>B001289</bioguideId>
        <lastName>Byrne</lastName>
        <isOriginalCosponsor>True</isOriginalCosponsor>
        <identifiers>
          <lisID>2197</lisID>
          <bioguideId>B001289</bioguideId>
          <gpoId />
        </identifiers>
        <district>1</district>
        <middleName />
        <sponsorshipWithdrawnDate />
        <fullName>Rep. Byrne, Bradley [R-AL-1]</fullName>
        <sponsorshipDate>2017-01-31</sponsorshipDate>
        <state>AL</state>
        <firstName>Bradley</firstName>
        <party>R</party>
      </item>
      <item>
        <bioguideId>B001305</bioguideId>
        <lastName>Budd</lastName>
        <isOriginalCosponsor>True</isOriginalCosponsor>
        <identifiers>
          <lisID>2336</lisID>
          <bioguideId>B001305</bioguideId>
          <gpoId />
        </identifiers>
        <district>13</district>
        <middleName />
        <sponsorshipWithdrawnDate>2017-04-27</sponsorshipWithdrawnDate>
        <fullName>Rep. Budd, Ted [R-NC-13]</fullName>
        <sponsorshipDate>2017-01-31</sponsorshipDate>
        <state>NC</state>
        <firstName>Ted</firstName>
        <party>R</party>
      </item>
      <item>
        <bioguideId>D000626</bioguideId>
        <lastName>Davidson</lastName>
        <isOriginalCosponsor>True</isOriginalCosponsor>
        <identifiers>
          <gpoId />
          <lisID>2296</lisID>
          <bioguideId>D000626</bioguideId>
        </identifiers>
        <district>8</district>
        <middleName />
        <sponsorshipWithdrawnDate>2017-04-26</sponsorshipWithdrawnDate>
        <fullName>Rep. Davidson, Warren [R-OH-8]</fullName>
        <sponsorshipDate>2017-01-31</sponsorshipDate>
        <state>OH</state>
        <firstName>Warren</firstName>
        <party>R</party>
      </item>
      <item>
        <bioguideId>Z000017</bioguideId>
        <lastName>Zeldin</lastName>
        <isOriginalCosponsor>True</isOriginalCosponsor>
        <identifiers>
          <bioguideId>Z000017</bioguideId>
          <lisID>2261</lisID>
          <gpoId />
        </identifiers>
        <district>1</district>
        <middleName>M.</middleName>
        <sponsorshipWithdrawnDate />
        <fullName>Rep. Zeldin, Lee M. [R-NY-1]</fullName>
        <sponsorshipDate>2017-01-31</sponsorshipDate>
        <state>NY</state>
        <firstName>Lee</firstName>
        <party>R</party>
      </item>
      <item>
        <bioguideId>H001067</bioguideId>
        <lastName>Hudson</lastName>
        <isOriginalCosponsor>True</isOriginalCosponsor>
        <identifiers>
          <bioguideId>H001067</bioguideId>
          <lisID>2140</lisID>
          <gpoId />
        </identifiers>
        <district>8</district>
        <middleName />
        <sponsorshipWithdrawnDate />
        <fullName>Rep. Hudson, Richard [R-NC-8]</fullName>
        <sponsorshipDate>2017-01-31</sponsorshipDate>
        <state>NC</state>
        <firstName>Richard</firstName>
        <party>R</party>
      </item>
      <item>
        <bioguideId>H001071</bioguideId>
        <lastName>Hice</lastName>
        <isOriginalCosponsor>True</isOriginalCosponsor>
        <identifiers>
          <bioguideId>H001071</bioguideId>
          <lisID>2237</lisID>
          <gpoId />
        </identifiers>
        <district>10</district>
        <middleName>B.</middleName>
        <sponsorshipWithdrawnDate />
        <fullName>Rep. Hice, Jody B. [R-GA-10]</fullName>
        <sponsorshipDate>2017-01-31</sponsorshipDate>
        <state>GA</state>
        <firstName>Jody</firstName>
        <party>R</party>
      </item>
      <item>
        <bioguideId>A000375</bioguideId>
        <lastName>Arrington</lastName>
        <isOriginalCosponsor>False</isOriginalCosponsor>
        <identifiers>
          <lisID>2350</lisID>
          <bioguideId>A000375</bioguideId>
          <gpoId />
        </identifiers>
        <district>19</district>
        <middleName>C.</middleName>
        <sponsorshipWithdrawnDate />
        <fullName>Rep. Arrington, Jodey C. [R-TX-19]</fullName>
        <sponsorshipDate>2017-02-28</sponsorshipDate>
        <state>TX</state>
        <firstName>Jodey</firstName>
        <party>R</party>
      </item>
      <item>
        <bioguideId>R000607</bioguideId>
        <lastName>Rooney</lastName>
        <isOriginalCosponsor>False</isOriginalCosponsor>
        <identifiers>
          <bioguideId>R000607</bioguideId>
          <lisID>2323</lisID>
          <gpoId />
        </identifiers>
        <district>19</district>
        <middleName />
        <sponsorshipWithdrawnDate />
        <fullName>Rep. Rooney, Francis [R-FL-19]</fullName>
        <sponsorshipDate>2017-03-13</sponsorshipDate>
        <state>FL</state>
        <firstName>Francis</firstName>
        <party>R</party>
      </item>
      <item>
        <bioguideId>H001074</bioguideId>
        <lastName>Hollingsworth</lastName>
        <isOriginalCosponsor>False</isOriginalCosponsor>
        <identifiers>
          <bioguideId>H001074</bioguideId>
          <lisID>2327</lisID>
          <gpoId />
        </identifiers>
        <district>9</district>
        <middleName />
        <sponsorshipWithdrawnDate />
        <fullName>Rep. Hollingsworth, Trey [R-IN-9]</fullName>
        <sponsorshipDate>2017-06-06</sponsorshipDate>
        <state>IN</state>
        <firstName>Trey</firstName>
        <party>R</party>
      </item>
      <item>
        <bioguideId>R000582</bioguideId>
        <lastName>Roe</lastName>
        <isOriginalCosponsor>False</isOriginalCosponsor>
        <identifiers>
          <lisID>1954</lisID>
          <bioguideId>R000582</bioguideId>
          <gpoId>8148</gpoId>
        </identifiers>
        <district>1</district>
        <middleName>P.</middleName>
        <sponsorshipWithdrawnDate />
        <fullName>Rep. Roe, David P. [R-TN-1]</fullName>
        <sponsorshipDate>2018-07-16</sponsorshipDate>
        <state>TN</state>
        <firstName>David</firstName>
        <party>R</party>
      </item>
      <item>
        <bioguideId>C001115</bioguideId>
        <lastName>Cloud</lastName>
        <isOriginalCosponsor>False</isOriginalCosponsor>
        <identifiers>
          <lisID>2369</lisID>
          <bioguideId>C001115</bioguideId>
          <gpoId />
        </identifiers>
        <district>27</district>
        <middleName />
        <sponsorshipWithdrawnDate />
        <fullName>Rep. Cloud, Michael [R-TX-27]</fullName>
        <sponsorshipDate>2018-07-19</sponsorshipDate>
        <state>TX</state>
        <firstName>Michael</firstName>
        <party>R</party>
      </item>
    </cosponsors>
    <introducedDate>2017-01-31</introducedDate>
    <recordedVotes />
    <congress>115</congress>
    <amendments />
    <version>1.0.0</version>
    <calendarNumbers />
    <latestAction>
      <actionDate>2017-02-08</actionDate>
      <links />
      <text>Referred to the Subcommittee on the Constitution and Civil Justice.</text>
    </latestAction>
    <titles>
      <item>
        <parentTitleType />
        <titleType>Official Title as Introduced</titleType>
        <chamberCode />
        <title>Proposing an amendment to the Constitution of the United States to limit the number of terms a Representative or Senator may serve.</title>
        <chamberName />
      </item>
      <item>
        <parentTitleType />
        <titleType>Display Title</titleType>
        <chamberCode />
        <title>Proposing an amendment to the Constitution of the United States to limit the number of terms a Representative or Senator may serve.</title>
        <chamberName />
      </item>
    </titles>
    <cboCostEstimates />
    <committees>
      <billCommittees>
        <item>
          <activities>
            <item>
              <date>2017-01-31T15:03:05Z</date>
              <name>Referred to</name>
            </item>
          </activities>
          <type>Standing</type>
          <chamber>House</chamber>
          <systemCode>hsju00</systemCode>
          <name>Judiciary Committee</name>
          <subcommittees>
            <item>
              <systemCode>hsju10</systemCode>
              <name>Constitution and Civil Justice Subcommittee</name>
              <activities>
                <item>
                  <date>2017-02-08T21:41:50Z</date>
                  <name>Referred to</name>
                </item>
              </activities>
            </item>
          </subcommittees>
        </item>
      </billCommittees>
    </committees>
    <subjects>
      <billSubjects>
        <legislativeSubjects>
          <item>
            <name>Congressional elections</name>
          </item>
          <item>
            <name>Constitution and constitutional amendments</name>
          </item>
          <item>
            <name>House of Representatives</name>
          </item>
          <item>
            <name>Members of Congress</name>
          </item>
          <item>
            <name>Senate</name>
          </item>
        </legislativeSubjects>
        <policyArea>
          <name>Congress</name>
        </policyArea>
      </billSubjects>
    </subjects>
  </bill>
  <dublinCore xmlns:dc="http://purl.org/dc/elements/1.1/">
    <dc:format>text/xml</dc:format>
    <dc:language>EN</dc:language>
    <dc:rights>Pursuant to Title 17 Section 105 of the United States Code, this file is not subject to copyright protection and is in the public domain.</dc:rights>
    <dc:contributor>Congressional Research Service, Library of Congress</dc:contributor>
    <dc:description>This file contains bill summaries and statuses for federal legislation. A bill summary describes the most significant provisions of a piece of legislation and details the effects the legislative text may have on current law and federal programs. Bill summaries are authored by the Congressional Research Service (CRS) of the Library of Congress. As stated in Public Law 91-510 (2 USC 166 (d)(6)), one of the duties of CRS is "to prepare summaries and digests of bills and resolutions of a public general nature introduced in the Senate or House of Representatives". For more information, refer to the User Guide that accompanies this file.</dc:description>
  </dublinCore>
</billStatus>

