<?xml version="1.0" encoding="UTF-8"?>
<billStatus>
  <bill>
    <title>Proposing an amendment to the Constitution of the United States to abolish the electoral college and to provide for the direct election of the President and Vice President of the United States.</title>
    <originChamber>House</originChamber>
    <updateDate>2018-08-28T19:56:35Z</updateDate>
    <constitutionalAuthorityStatementText><![CDATA[<pre>[Congressional Record Volume 163, Number 3 (Thursday, January 5, 2017)]From the Congressional Record Online through the Government Publishing Office [<a href='http://www.gpo.gov'>www.gpo.gov</a>]By Mr. COHEN:H.J. Res. 19.Congress has the power to enact this legislation pursuantto the following:Article V[Page H184]</pre>]]></constitutionalAuthorityStatementText>
    <calendarNumbers />
    <subjects>
      <billSubjects>
        <legislativeSubjects>
          <item>
            <name>Constitution and constitutional amendments</name>
          </item>
          <item>
            <name>Elections, voting, political campaign regulation</name>
          </item>
          <item>
            <name>Presidents and presidential powers, Vice Presidents</name>
          </item>
        </legislativeSubjects>
        <policyArea>
          <name>Government Operations and Politics</name>
        </policyArea>
      </billSubjects>
    </subjects>
    <version>1.0.0</version>
    <summaries>
      <billSummaries>
        <item>
          <updateDate>2017-01-05T05:00:00Z</updateDate>
          <versionCode>00</versionCode>
          <name>Introduced in House</name>
          <text><![CDATA[<p><b>Constitutional Amendment</b></p> <p>This joint resolution proposes a constitutional amendment requiring the President and Vice President to be elected directly by the people of the states and the District of Columbia.</p>]]></text>
          <actionDate>2017-01-05</actionDate>
          <actionDesc>Introduced in House</actionDesc>
          <lastSummaryUpdateDate>2017-04-21T17:09:32Z</lastSummaryUpdateDate>
        </item>
      </billSummaries>
    </summaries>
    <billType>HJRES</billType>
    <latestAction>
      <text>Referred to the Subcommittee on the Constitution and Civil Justice.</text>
      <links />
      <actionDate>2017-01-11</actionDate>
    </latestAction>
    <policyArea>
      <name>Government Operations and Politics</name>
    </policyArea>
    <relatedBills>
      <item>
        <latestAction>
          <actionDate>2017-02-14</actionDate>
          <text>Referred to the Subcommittee on the Constitution and Civil Justice.</text>
        </latestAction>
        <relationshipDetails>
          <item>
            <identifiedBy>CRS</identifiedBy>
            <type>Related bill</type>
          </item>
        </relationshipDetails>
        <congress>115</congress>
        <latestTitle>Every Vote Counts Amendment</latestTitle>
        <type>HJRES</type>
        <number>65</number>
      </item>
    </relatedBills>
    <introducedDate>2017-01-05</introducedDate>
    <actions>
      <item>
        <actionDate>2017-01-11</actionDate>
        <committee>
          <systemCode>hsju10</systemCode>
          <name>Constitution and Civil Justice Subcommittee</name>
        </committee>
        <links />
        <sourceSystem>
          <code>1</code>
          <name>House committee actions</name>
        </sourceSystem>
        <text>Referred to the Subcommittee on the Constitution and Civil Justice.</text>
        <type>Committee</type>
      </item>
      <item>
        <text>Referred to the House Committee on the Judiciary.</text>
        <type>IntroReferral</type>
        <links />
        <actionDate>2017-01-05</actionDate>
        <sourceSystem>
          <code>2</code>
          <name>House floor actions</name>
        </sourceSystem>
        <committee>
          <systemCode>hsju00</systemCode>
          <name>Judiciary Committee</name>
        </committee>
        <actionCode>H11100</actionCode>
      </item>
      <item>
        <text>Sponsor introductory remarks on measure. (CR E24-25)</text>
        <type>IntroReferral</type>
        <links>
          <link>
            <url>https://www.congress.gov/congressional-record/volume-163/extensions-of-remarks-section/page/E24-25</url>
            <name>E24-25</name>
          </link>
        </links>
        <actionDate>2017-01-05</actionDate>
        <sourceSystem>
          <code>9</code>
          <name>Library of Congress</name>
        </sourceSystem>
        <committee />
        <actionCode>B00100</actionCode>
      </item>
      <item>
        <text>Introduced in House</text>
        <type>IntroReferral</type>
        <links />
        <actionDate>2017-01-05</actionDate>
        <sourceSystem>
          <code>9</code>
          <name>Library of Congress</name>
        </sourceSystem>
        <committee />
        <actionCode>Intro-H</actionCode>
      </item>
      <item>
        <text>Introduced in House</text>
        <type>IntroReferral</type>
        <links />
        <actionDate>2017-01-05</actionDate>
        <sourceSystem>
          <code>9</code>
          <name>Library of Congress</name>
        </sourceSystem>
        <committee />
        <actionCode>1000</actionCode>
      </item>
      <actionByCounts>
        <houseOfRepresentatives>4</houseOfRepresentatives>
      </actionByCounts>
      <actionTypeCounts>
        <billReferrals>1</billReferrals>
        <placeholderTextForB>1</placeholderTextForB>
        <introducedInTheHouse>1</introducedInTheHouse>
        <placeholderTextForH>1</placeholderTextForH>
        <introducedInHouse>1</introducedInHouse>
      </actionTypeCounts>
    </actions>
    <laws />
    <congress>115</congress>
    <committeeReports />
    <billNumber>19</billNumber>
    <cboCostEstimates />
    <cosponsors>
      <item>
        <party>D</party>
        <state>TN</state>
        <sponsorshipDate>2017-01-05</sponsorshipDate>
        <district>5</district>
        <isOriginalCosponsor>True</isOriginalCosponsor>
        <fullName>Rep. Cooper, Jim [D-TN-5]</fullName>
        <middleName>H.</middleName>
        <bioguideId>C000754</bioguideId>
        <firstName>JAMES</firstName>
        <sponsorshipWithdrawnDate />
        <lastName>COOPER</lastName>
        <identifiers>
          <bioguideId>C000754</bioguideId>
          <lisID>231</lisID>
          <gpoId>8152</gpoId>
        </identifiers>
      </item>
      <item>
        <party>D</party>
        <state>FL</state>
        <sponsorshipDate>2017-01-30</sponsorshipDate>
        <district>9</district>
        <isOriginalCosponsor>False</isOriginalCosponsor>
        <fullName>Rep. Soto, Darren [D-FL-9]</fullName>
        <middleName />
        <bioguideId>S001200</bioguideId>
        <firstName>Darren</firstName>
        <sponsorshipWithdrawnDate />
        <lastName>Soto</lastName>
        <identifiers>
          <bioguideId>S001200</bioguideId>
          <gpoId />
          <lisID>2319</lisID>
        </identifiers>
      </item>
      <item>
        <party>D</party>
        <state>CA</state>
        <sponsorshipDate>2017-01-30</sponsorshipDate>
        <district>3</district>
        <isOriginalCosponsor>False</isOriginalCosponsor>
        <fullName>Rep. Garamendi, John [D-CA-3]</fullName>
        <middleName />
        <bioguideId>G000559</bioguideId>
        <firstName>John</firstName>
        <sponsorshipWithdrawnDate />
        <lastName>Garamendi</lastName>
        <identifiers>
          <bioguideId>G000559</bioguideId>
          <lisID>1973</lisID>
          <gpoId>7815</gpoId>
        </identifiers>
      </item>
      <item>
        <party>D</party>
        <state>CO</state>
        <sponsorshipDate>2017-02-01</sponsorshipDate>
        <district>2</district>
        <isOriginalCosponsor>False</isOriginalCosponsor>
        <fullName>Rep. Polis, Jared [D-CO-2]</fullName>
        <middleName />
        <bioguideId>P000598</bioguideId>
        <firstName>Jared</firstName>
        <sponsorshipWithdrawnDate />
        <lastName>Polis</lastName>
        <identifiers>
          <lisID>1910</lisID>
          <gpoId>7860</gpoId>
          <bioguideId>P000598</bioguideId>
        </identifiers>
      </item>
      <item>
        <party>D</party>
        <state>CA</state>
        <sponsorshipDate>2017-02-01</sponsorshipDate>
        <district>26</district>
        <isOriginalCosponsor>False</isOriginalCosponsor>
        <fullName>Rep. Brownley, Julia [D-CA-26]</fullName>
        <middleName />
        <bioguideId>B001285</bioguideId>
        <firstName>Julia</firstName>
        <sponsorshipWithdrawnDate />
        <lastName>Brownley</lastName>
        <identifiers>
          <lisID>2106</lisID>
          <bioguideId>B001285</bioguideId>
          <gpoId />
        </identifiers>
      </item>
    </cosponsors>
    <committees>
      <billCommittees>
        <item>
          <systemCode>hsju00</systemCode>
          <chamber>House</chamber>
          <type>Standing</type>
          <subcommittees>
            <item>
              <systemCode>hsju10</systemCode>
              <activities>
                <item>
                  <date>2017-01-11T19:01:42Z</date>
                  <name>Referred to</name>
                </item>
              </activities>
              <name>Constitution and Civil Justice Subcommittee</name>
            </item>
          </subcommittees>
          <name>Judiciary Committee</name>
          <activities>
            <item>
              <date>2017-01-05T15:01:00Z</date>
              <name>Referred to</name>
            </item>
          </activities>
        </item>
      </billCommittees>
    </committees>
    <notes />
    <amendments />
    <recordedVotes />
    <createDate>2017-01-06T04:57:25Z</createDate>
    <sponsors>
      <item>
        <bioguideId>C001068</bioguideId>
        <party>D</party>
        <firstName>Steve</firstName>
        <fullName>Rep. Cohen, Steve [D-TN-9]</fullName>
        <state>TN</state>
        <district>9</district>
        <lastName>Cohen</lastName>
        <middleName />
        <identifiers>
          <lisID>1878</lisID>
          <gpoId>8156</gpoId>
          <bioguideId>C001068</bioguideId>
        </identifiers>
        <byRequestType />
      </item>
    </sponsors>
    <titles>
      <item>
        <titleType>Official Title as Introduced</titleType>
        <chamberName />
        <chamberCode />
        <parentTitleType />
        <title>Proposing an amendment to the Constitution of the United States to abolish the electoral college and to provide for the direct election of the President and Vice President of the United States.</title>
      </item>
      <item>
        <titleType>Display Title</titleType>
        <chamberName />
        <chamberCode />
        <parentTitleType />
        <title>Proposing an amendment to the Constitution of the United States to abolish the electoral college and to provide for the direct election of the President and Vice President of the United States.</title>
      </item>
    </titles>
  </bill>
  <dublinCore xmlns:dc="http://purl.org/dc/elements/1.1/">
    <dc:format>text/xml</dc:format>
    <dc:language>EN</dc:language>
    <dc:rights>Pursuant to Title 17 Section 105 of the United States Code, this file is not subject to copyright protection and is in the public domain.</dc:rights>
    <dc:contributor>Congressional Research Service, Library of Congress</dc:contributor>
    <dc:description>This file contains bill summaries and statuses for federal legislation. A bill summary describes the most significant provisions of a piece of legislation and details the effects the legislative text may have on current law and federal programs. Bill summaries are authored by the Congressional Research Service (CRS) of the Library of Congress. As stated in Public Law 91-510 (2 USC 166 (d)(6)), one of the duties of CRS is "to prepare summaries and digests of bills and resolutions of a public general nature introduced in the Senate or House of Representatives". For more information, refer to the User Guide that accompanies this file.</dc:description>
  </dublinCore>
</billStatus>

