<?xml version="1.0" encoding="UTF-8"?>
<billStatus>
  <bill>
    <createDate>2017-01-04T07:01:08Z</createDate>
    <introducedDate>2017-01-03</introducedDate>
    <cosponsors>
      <item>
        <sponsorshipDate>2017-01-03</sponsorshipDate>
        <district>2</district>
        <firstName>Ann</firstName>
        <fullName>Rep. Wagner, Ann [R-MO-2]</fullName>
        <sponsorshipWithdrawnDate />
        <identifiers>
          <lisID>2137</lisID>
          <gpoId />
          <bioguideId>W000812</bioguideId>
        </identifiers>
        <bioguideId>W000812</bioguideId>
        <lastName>Wagner</lastName>
        <state>MO</state>
        <isOriginalCosponsor>True</isOriginalCosponsor>
        <party>R</party>
        <middleName />
      </item>
      <item>
        <sponsorshipDate>2017-01-03</sponsorshipDate>
        <district>1</district>
        <firstName>Mark</firstName>
        <fullName>Rep. Sanford, Mark [R-SC-1]</fullName>
        <sponsorshipWithdrawnDate />
        <identifiers>
          <lisID>1012</lisID>
          <gpoId />
          <bioguideId>S000051</bioguideId>
        </identifiers>
        <bioguideId>S000051</bioguideId>
        <lastName>Sanford</lastName>
        <state>SC</state>
        <isOriginalCosponsor>True</isOriginalCosponsor>
        <party>R</party>
        <middleName />
      </item>
      <item>
        <sponsorshipDate>2017-01-03</sponsorshipDate>
        <district>1</district>
        <firstName>Rod</firstName>
        <fullName>Rep. Blum, Rod [R-IA-1]</fullName>
        <sponsorshipWithdrawnDate />
        <identifiers>
          <lisID>2241</lisID>
          <gpoId />
          <bioguideId>B001294</bioguideId>
        </identifiers>
        <bioguideId>B001294</bioguideId>
        <lastName>Blum</lastName>
        <state>IA</state>
        <isOriginalCosponsor>True</isOriginalCosponsor>
        <party>R</party>
        <middleName />
      </item>
      <item>
        <sponsorshipDate>2017-01-04</sponsorshipDate>
        <district>5</district>
        <firstName>Andy</firstName>
        <fullName>Rep. Biggs, Andy [R-AZ-5]</fullName>
        <sponsorshipWithdrawnDate />
        <identifiers>
          <lisID>2307</lisID>
          <gpoId />
          <bioguideId>B001302</bioguideId>
        </identifiers>
        <bioguideId>B001302</bioguideId>
        <lastName>Biggs</lastName>
        <state>AZ</state>
        <isOriginalCosponsor>False</isOriginalCosponsor>
        <party>R</party>
        <middleName />
      </item>
      <item>
        <sponsorshipDate>2017-01-04</sponsorshipDate>
        <district>4</district>
        <firstName>Scott</firstName>
        <fullName>Rep. DesJarlais, Scott [R-TN-4]</fullName>
        <sponsorshipWithdrawnDate />
        <identifiers>
          <bioguideId>D000616</bioguideId>
          <lisID>2062</lisID>
          <gpoId>8151</gpoId>
        </identifiers>
        <bioguideId>D000616</bioguideId>
        <lastName>DesJarlais</lastName>
        <state>TN</state>
        <isOriginalCosponsor>False</isOriginalCosponsor>
        <party>R</party>
        <middleName />
      </item>
      <item>
        <sponsorshipDate>2017-01-06</sponsorshipDate>
        <district>4</district>
        <firstName>Ken</firstName>
        <fullName>Rep. Buck, Ken [R-CO-4]</fullName>
        <sponsorshipWithdrawnDate />
        <identifiers>
          <lisID>2233</lisID>
          <gpoId />
          <bioguideId>B001297</bioguideId>
        </identifiers>
        <bioguideId>B001297</bioguideId>
        <lastName>Buck</lastName>
        <state>CO</state>
        <isOriginalCosponsor>False</isOriginalCosponsor>
        <party>R</party>
        <middleName />
      </item>
      <item>
        <sponsorshipDate>2017-01-09</sponsorshipDate>
        <district>2</district>
        <firstName>Don</firstName>
        <fullName>Rep. Bacon, Don [R-NE-2]</fullName>
        <sponsorshipWithdrawnDate />
        <identifiers>
          <lisID>2337</lisID>
          <gpoId />
          <bioguideId>B001298</bioguideId>
        </identifiers>
        <bioguideId>B001298</bioguideId>
        <lastName>Bacon</lastName>
        <state>NE</state>
        <isOriginalCosponsor>False</isOriginalCosponsor>
        <party>R</party>
        <middleName />
      </item>
      <item>
        <sponsorshipDate>2017-01-09</sponsorshipDate>
        <district>11</district>
        <firstName>Mark</firstName>
        <fullName>Rep. Meadows, Mark [R-NC-11]</fullName>
        <sponsorshipWithdrawnDate />
        <identifiers>
          <bioguideId>M001187</bioguideId>
          <gpoId />
          <lisID>2142</lisID>
        </identifiers>
        <bioguideId>M001187</bioguideId>
        <lastName>Meadows</lastName>
        <state>NC</state>
        <isOriginalCosponsor>False</isOriginalCosponsor>
        <party>R</party>
        <middleName />
      </item>
      <item>
        <sponsorshipDate>2017-01-10</sponsorshipDate>
        <district>3</district>
        <firstName>Jeff</firstName>
        <fullName>Rep. Duncan, Jeff [R-SC-3]</fullName>
        <sponsorshipWithdrawnDate />
        <identifiers>
          <bioguideId>D000615</bioguideId>
          <lisID>2057</lisID>
          <gpoId>8143</gpoId>
        </identifiers>
        <bioguideId>D000615</bioguideId>
        <lastName>Duncan</lastName>
        <state>SC</state>
        <isOriginalCosponsor>False</isOriginalCosponsor>
        <party>R</party>
        <middleName />
      </item>
    </cosponsors>
    <calendarNumbers />
    <policyArea>
      <name>Congress</name>
    </policyArea>
    <billType>HJRES</billType>
    <summaries>
      <billSummaries />
    </summaries>
    <notes />
    <congress>115</congress>
    <recordedVotes />
    <sponsors>
      <item>
        <party>R</party>
        <middleName />
        <lastName>DeSantis</lastName>
        <fullName>Rep. DeSantis, Ron [R-FL-6]</fullName>
        <bioguideId>D000621</bioguideId>
        <state>FL</state>
        <byRequestType />
        <district>6</district>
        <identifiers>
          <gpoId />
          <bioguideId>D000621</bioguideId>
          <lisID>2116</lisID>
        </identifiers>
        <firstName>Ron</firstName>
      </item>
    </sponsors>
    <titles>
      <item>
        <chamberCode />
        <chamberName />
        <parentTitleType />
        <titleType>Official Title as Introduced</titleType>
        <title>Proposing an amendment to the Constitution of the United States to limit the number of terms that a Member of Congress may serve.</title>
      </item>
      <item>
        <chamberCode />
        <chamberName />
        <parentTitleType />
        <titleType>Display Title</titleType>
        <title>Proposing an amendment to the Constitution of the United States to limit the number of terms that a Member of Congress may serve.</title>
      </item>
    </titles>
    <billNumber>6</billNumber>
    <relatedBills>
      <item>
        <congress>115</congress>
        <type>HJRES</type>
        <number>13</number>
        <latestAction>
          <text>Referred to the Subcommittee on the Constitution and Civil Justice.</text>
          <actionDate>2017-01-11</actionDate>
        </latestAction>
        <relationshipDetails>
          <item>
            <type>Related bill</type>
            <identifiedBy>CRS</identifiedBy>
          </item>
        </relationshipDetails>
        <latestTitle>Proposing an amendment to the Constitution of the United States to limit the number of terms a Representative or Senator may serve.</latestTitle>
      </item>
      <item>
        <congress>115</congress>
        <type>HJRES</type>
        <number>17</number>
        <latestAction>
          <text>Referred to the Subcommittee on the Constitution and Civil Justice.</text>
          <actionDate>2017-01-11</actionDate>
        </latestAction>
        <relationshipDetails>
          <item>
            <type>Related bill</type>
            <identifiedBy>CRS</identifiedBy>
          </item>
        </relationshipDetails>
        <latestTitle>Proposing an amendment to the Constitution of the United States to limit the number of consecutive terms that a Member of Congress may serve.</latestTitle>
      </item>
      <item>
        <congress>115</congress>
        <type>HJRES</type>
        <number>20</number>
        <latestAction>
          <text>Referred to the House Committee on the Judiciary.</text>
          <actionDate>2017-01-05</actionDate>
        </latestAction>
        <relationshipDetails>
          <item>
            <type>Related bill</type>
            <identifiedBy>CRS</identifiedBy>
          </item>
        </relationshipDetails>
        <latestTitle>Proposing an amendment to the Constitution of the United States to limit the number of consecutive terms that a Member of Congress may serve.</latestTitle>
      </item>
      <item>
        <congress>115</congress>
        <type>HJRES</type>
        <number>23</number>
        <latestAction>
          <text>Referred to the House Committee on the Judiciary.</text>
          <actionDate>2017-01-09</actionDate>
        </latestAction>
        <relationshipDetails>
          <item>
            <type>Related bill</type>
            <identifiedBy>CRS</identifiedBy>
          </item>
        </relationshipDetails>
        <latestTitle>Proposing an amendment to the Constitution of the United States to limit the number of terms that a Member of Congress may serve to four in the House of Representatives and two in the Senate.</latestTitle>
      </item>
      <item>
        <congress>115</congress>
        <type>SJRES</type>
        <number>2</number>
        <latestAction>
          <text>Read twice and referred to the Committee on the Judiciary.</text>
          <actionDate>2017-01-03</actionDate>
        </latestAction>
        <relationshipDetails>
          <item>
            <type>Related bill</type>
            <identifiedBy>CRS</identifiedBy>
          </item>
        </relationshipDetails>
        <latestTitle>A joint resolution proposing an amendment to the Constitution of the United States relative to limiting the number of terms that a Member of Congress may serve.</latestTitle>
      </item>
    </relatedBills>
    <subjects>
      <billSubjects>
        <legislativeSubjects>
          <item>
            <name>Congressional elections</name>
          </item>
          <item>
            <name>Constitution and constitutional amendments</name>
          </item>
          <item>
            <name>House of Representatives</name>
          </item>
          <item>
            <name>Members of Congress</name>
          </item>
          <item>
            <name>Senate</name>
          </item>
        </legislativeSubjects>
        <policyArea>
          <name>Congress</name>
        </policyArea>
      </billSubjects>
    </subjects>
    <amendments />
    <originChamber>House</originChamber>
    <updateDate>2017-01-12T09:57:06Z</updateDate>
    <latestAction>
      <actionDate>2017-01-11</actionDate>
      <links />
      <text>Referred to the Subcommittee on the Constitution and Civil Justice.</text>
    </latestAction>
    <committees>
      <billCommittees>
        <item>
          <systemCode>hsju00</systemCode>
          <name>Judiciary Committee</name>
          <subcommittees>
            <item>
              <systemCode>hsju10</systemCode>
              <activities>
                <item>
                  <name>Referred to</name>
                  <date>2017-01-11T19:04:25Z</date>
                </item>
              </activities>
              <name>Constitution and Civil Justice Subcommittee</name>
            </item>
          </subcommittees>
          <chamber>House</chamber>
          <activities>
            <item>
              <name>Referred to</name>
              <date>2017-01-03T17:06:35Z</date>
            </item>
          </activities>
          <type>Standing</type>
        </item>
      </billCommittees>
    </committees>
    <committeeReports />
    <constitutionalAuthorityStatementText />
    <actions>
      <actionByCounts>
        <houseOfRepresentatives>4</houseOfRepresentatives>
      </actionByCounts>
      <item>
        <actionDate>2017-01-11</actionDate>
        <committee>
          <systemCode>hsju10</systemCode>
          <name>Constitution and Civil Justice Subcommittee</name>
        </committee>
        <links />
        <sourceSystem>
          <code>1</code>
          <name>House committee actions</name>
        </sourceSystem>
        <text>Referred to the Subcommittee on the Constitution and Civil Justice.</text>
        <type>Committee</type>
      </item>
      <item>
        <sourceSystem>
          <code>2</code>
          <name>House floor actions</name>
        </sourceSystem>
        <type>IntroReferral</type>
        <text>Referred to the House Committee on the Judiciary.</text>
        <committee>
          <systemCode>hsju00</systemCode>
          <name>Judiciary Committee</name>
        </committee>
        <links />
        <actionDate>2017-01-03</actionDate>
        <actionCode>H11100</actionCode>
      </item>
      <item>
        <sourceSystem>
          <code>9</code>
          <name>Library of Congress</name>
        </sourceSystem>
        <type>IntroReferral</type>
        <text>Introduced in House</text>
        <committee />
        <links />
        <actionDate>2017-01-03</actionDate>
        <actionCode>Intro-H</actionCode>
      </item>
      <item>
        <sourceSystem>
          <code>9</code>
          <name>Library of Congress</name>
        </sourceSystem>
        <type>IntroReferral</type>
        <text>Introduced in House</text>
        <committee />
        <links />
        <actionDate>2017-01-03</actionDate>
        <actionCode>1000</actionCode>
      </item>
      <actionTypeCounts>
        <placeholderTextForH>1</placeholderTextForH>
        <billReferrals>1</billReferrals>
        <introducedInTheHouse>1</introducedInTheHouse>
        <introducedInHouse>1</introducedInHouse>
      </actionTypeCounts>
    </actions>
    <laws />
    <cboCostEstimates />
    <title>Proposing an amendment to the Constitution of the United States to limit the number of terms that a Member of Congress may serve.</title>
  </bill>
  <dublinCore xmlns:dc="http://purl.org/dc/elements/1.1/">
    <dc:format>text/xml</dc:format>
    <dc:language>EN</dc:language>
    <dc:rights>Pursuant to Title 17 Section 105 of the United States Code, this file is not subject to copyright protection and is in the public domain.</dc:rights>
    <dc:contributor>Congressional Research Service, Library of Congress</dc:contributor>
    <dc:description>This file contains bill summaries and statuses for federal legislation. A bill summary describes the most significant provisions of a piece of legislation and details the effects the legislative text may have on current law and federal programs. Bill summaries are authored by the Congressional Research Service (CRS) of the Library of Congress. As stated in Public Law 91-510 (2 USC 166 (d)(6)), one of the duties of CRS is "to prepare summaries and digests of bills and resolutions of a public general nature introduced in the Senate or House of Representatives". For more information, refer to the User Guide that accompanies this file.</dc:description>
  </dublinCore>
</billStatus>

