<?xml version="1.0" encoding="UTF-8"?>
<billStatus>
  <bill>
    <notes />
    <title>Proposing an amendment to the Constitution of the United States to provide that Representatives shall be apportioned among the several States according to their respective numbers, counting the number of persons in each State who are citizens of the United States.</title>
    <committees>
      <billCommittees>
        <item>
          <subcommittees>
            <item>
              <systemCode>hsju10</systemCode>
              <name>Constitution and Civil Justice Subcommittee</name>
              <activities>
                <item>
                  <date>2017-07-19T15:43:03Z</date>
                  <name>Referred to</name>
                </item>
              </activities>
            </item>
          </subcommittees>
          <type>Standing</type>
          <systemCode>hsju00</systemCode>
          <name>Judiciary Committee</name>
          <activities>
            <item>
              <date>2017-06-22T14:02:15Z</date>
              <name>Referred to</name>
            </item>
          </activities>
          <chamber>House</chamber>
        </item>
      </billCommittees>
    </committees>
    <committeeReports />
    <cboCostEstimates />
    <congress>115</congress>
    <laws />
    <updateDate>2018-08-28T19:56:52Z</updateDate>
    <relatedBills>
      <item>
        <congress>115</congress>
        <number>30</number>
        <type>HJRES</type>
        <latestTitle>Proposing an amendment to the Constitution of the United States to provide that Representatives shall be apportioned among the several States according to their respective numbers, counting the number of persons in each State who are citizens of the United States.</latestTitle>
        <relationshipDetails>
          <item>
            <type>Identical bill</type>
            <identifiedBy>CRS</identifiedBy>
          </item>
        </relationshipDetails>
        <latestAction>
          <text>Referred to the Subcommittee on the Constitution and Civil Justice.</text>
          <actionDate>2017-02-06</actionDate>
        </latestAction>
      </item>
    </relatedBills>
    <version>1.0.0</version>
    <actions>
      <actionTypeCounts>
        <introducedInHouse>1</introducedInHouse>
        <introducedInTheHouse>1</introducedInTheHouse>
        <billReferrals>1</billReferrals>
        <placeholderTextForH>1</placeholderTextForH>
      </actionTypeCounts>
      <item>
        <actionDate>2017-07-19</actionDate>
        <committee>
          <systemCode>hsju10</systemCode>
          <name>Constitution and Civil Justice Subcommittee</name>
        </committee>
        <links />
        <sourceSystem>
          <name>House committee actions</name>
          <code>1</code>
        </sourceSystem>
        <text>Referred to the Subcommittee on the Constitution and Civil Justice.</text>
        <type>Committee</type>
      </item>
      <item>
        <actionDate>2017-06-22</actionDate>
        <links />
        <text>Referred to the House Committee on the Judiciary.</text>
        <type>IntroReferral</type>
        <actionCode>H11100</actionCode>
        <sourceSystem>
          <name>House floor actions</name>
          <code>2</code>
        </sourceSystem>
        <committee>
          <systemCode>hsju00</systemCode>
          <name>Judiciary Committee</name>
        </committee>
      </item>
      <item>
        <actionDate>2017-06-22</actionDate>
        <links />
        <text>Introduced in House</text>
        <type>IntroReferral</type>
        <actionCode>Intro-H</actionCode>
        <sourceSystem>
          <name>Library of Congress</name>
          <code>9</code>
        </sourceSystem>
        <committee />
      </item>
      <item>
        <actionDate>2017-06-22</actionDate>
        <links />
        <text>Introduced in House</text>
        <type>IntroReferral</type>
        <actionCode>1000</actionCode>
        <sourceSystem>
          <name>Library of Congress</name>
          <code>9</code>
        </sourceSystem>
        <committee />
      </item>
      <actionByCounts>
        <houseOfRepresentatives>4</houseOfRepresentatives>
      </actionByCounts>
    </actions>
    <sponsors>
      <item>
        <fullName>Rep. Davidson, Warren [R-OH-8]</fullName>
        <identifiers>
          <gpoId />
          <lisID>2296</lisID>
          <bioguideId>D000626</bioguideId>
        </identifiers>
        <bioguideId>D000626</bioguideId>
        <lastName>Davidson</lastName>
        <firstName>Warren</firstName>
        <party>R</party>
        <byRequestType />
        <middleName />
        <state>OH</state>
        <district>8</district>
      </item>
    </sponsors>
    <billType>HJRES</billType>
    <constitutionalAuthorityStatementText><![CDATA[<pre>[Congressional Record Volume 163, Number 107 (Thursday, June 22, 2017)]From the Congressional Record Online through the Government Publishing Office [<a href='http://www.gpo.gov'>www.gpo.gov</a>]By Mr. DAVIDSON:H.J. Res. 106.Congress has the power to enact this legislation pursuantto the following:Article 1, Section 2, Clause 3: ``The actual Enumerationshall be made within three Years after the first Meeting ofthe Congress of the United States, and within everysubsequent Term of ten Years, in such Manner as they shall byLaw direct.''____________________[Page H5111]</pre>]]></constitutionalAuthorityStatementText>
    <policyArea>
      <name>Congress</name>
    </policyArea>
    <recordedVotes />
    <billNumber>106</billNumber>
    <titles>
      <item>
        <titleType>Official Title as Introduced</titleType>
        <title>Proposing an amendment to the Constitution of the United States to provide that Representatives shall be apportioned among the several States according to their respective numbers, counting the number of persons in each State who are citizens of the United States.</title>
        <parentTitleType />
        <chamberCode />
        <chamberName />
      </item>
      <item>
        <titleType>Display Title</titleType>
        <title>Proposing an amendment to the Constitution of the United States to provide that Representatives shall be apportioned among the several States according to their respective numbers, counting the number of persons in each State who are citizens of the United States.</title>
        <parentTitleType />
        <chamberCode />
        <chamberName />
      </item>
    </titles>
    <originChamber>House</originChamber>
    <subjects>
      <billSubjects>
        <legislativeSubjects>
          <item>
            <name>Congressional districts and representation</name>
          </item>
          <item>
            <name>Constitution and constitutional amendments</name>
          </item>
          <item>
            <name>House of Representatives</name>
          </item>
          <item>
            <name>Members of Congress</name>
          </item>
        </legislativeSubjects>
        <policyArea>
          <name>Congress</name>
        </policyArea>
      </billSubjects>
    </subjects>
    <cosponsors>
      <item>
        <middleName />
        <identifiers>
          <bioguideId>L000564</bioguideId>
          <gpoId>7863</gpoId>
          <lisID>1834</lisID>
        </identifiers>
        <firstName>Doug</firstName>
        <state>CO</state>
        <bioguideId>L000564</bioguideId>
        <district>5</district>
        <fullName>Rep. Lamborn, Doug [R-CO-5]</fullName>
        <isOriginalCosponsor>True</isOriginalCosponsor>
        <party>R</party>
        <sponsorshipWithdrawnDate />
        <lastName>Lamborn</lastName>
        <sponsorshipDate>2017-06-22</sponsorshipDate>
      </item>
      <item>
        <middleName />
        <identifiers>
          <bioguideId>B001274</bioguideId>
          <lisID>1987</lisID>
          <gpoId>7790</gpoId>
        </identifiers>
        <firstName>Mo</firstName>
        <state>AL</state>
        <bioguideId>B001274</bioguideId>
        <district>5</district>
        <fullName>Rep. Brooks, Mo [R-AL-5]</fullName>
        <isOriginalCosponsor>True</isOriginalCosponsor>
        <party>R</party>
        <sponsorshipWithdrawnDate />
        <lastName>Brooks</lastName>
        <sponsorshipDate>2017-06-22</sponsorshipDate>
      </item>
      <item>
        <middleName />
        <identifiers>
          <gpoId>7918</gpoId>
          <lisID>1724</lisID>
          <bioguideId>K000362</bioguideId>
        </identifiers>
        <firstName>Steve</firstName>
        <state>IA</state>
        <bioguideId>K000362</bioguideId>
        <district>4</district>
        <fullName>Rep. King, Steve [R-IA-4]</fullName>
        <isOriginalCosponsor>False</isOriginalCosponsor>
        <party>R</party>
        <sponsorshipWithdrawnDate />
        <lastName>King</lastName>
        <sponsorshipDate>2017-06-28</sponsorshipDate>
      </item>
    </cosponsors>
    <introducedDate>2017-06-22</introducedDate>
    <calendarNumbers />
    <latestAction>
      <actionDate>2017-07-19</actionDate>
      <links />
      <text>Referred to the Subcommittee on the Constitution and Civil Justice.</text>
    </latestAction>
    <amendments />
    <summaries>
      <billSummaries>
        <item>
          <updateDate>2017-06-22T04:00:00Z</updateDate>
          <lastSummaryUpdateDate>2017-09-15T22:26:36Z</lastSummaryUpdateDate>
          <text><![CDATA[<p><b>Constitutional Amendment</b></p> <p>This joint resolution proposes a constitutional amendment requiring Representatives to be apportioned among the several states according to their respective numbers, which shall be determined by counting the number of U.S. citizens in each state.</p>]]></text>
          <actionDate>2017-06-22</actionDate>
          <actionDesc>Introduced in House</actionDesc>
          <name>Introduced in House</name>
          <versionCode>00</versionCode>
        </item>
      </billSummaries>
    </summaries>
    <createDate>2017-06-23T03:11:34Z</createDate>
  </bill>
  <dublinCore xmlns:dc="http://purl.org/dc/elements/1.1/">
    <dc:format>text/xml</dc:format>
    <dc:language>EN</dc:language>
    <dc:rights>Pursuant to Title 17 Section 105 of the United States Code, this file is not subject to copyright protection and is in the public domain.</dc:rights>
    <dc:contributor>Congressional Research Service, Library of Congress</dc:contributor>
    <dc:description>This file contains bill summaries and statuses for federal legislation. A bill summary describes the most significant provisions of a piece of legislation and details the effects the legislative text may have on current law and federal programs. Bill summaries are authored by the Congressional Research Service (CRS) of the Library of Congress. As stated in Public Law 91-510 (2 USC 166 (d)(6)), one of the duties of CRS is "to prepare summaries and digests of bills and resolutions of a public general nature introduced in the Senate or House of Representatives". For more information, refer to the User Guide that accompanies this file.</dc:description>
  </dublinCore>
</billStatus>

