<?xml version="1.0" encoding="UTF-8"?>
<billStatus>
  <bill>
    <title>Granting the consent and approval of Congress for the Commonwealth of Virginia, the State of Maryland, and the District of Columbia to enter into a compact relating to the establishment of the Washington Metrorail Safety Commission.</title>
    <originChamber>House</originChamber>
    <updateDate>2018-08-28T19:56:46Z</updateDate>
    <constitutionalAuthorityStatementText><![CDATA[<pre>[Congressional Record Volume 163, Number 28 (Thursday, February 16, 2017)]From the Congressional Record Online through the Government Publishing Office [<a href='http://www.gpo.gov'>www.gpo.gov</a>]By Mr. HOYER:H.J. Res. 76.Congress has the power to enact this legislation pursuantto the following:U.S. Constitution, Article I, Section 10[Page H1306]</pre>]]></constitutionalAuthorityStatementText>
    <calendarNumbers>
      <item>
        <calendar>Senate Calendar of Business</calendar>
        <number>0176</number>
      </item>
      <item>
        <calendar>U00162</calendar>
        <number />
      </item>
    </calendarNumbers>
    <subjects>
      <billSubjects>
        <legislativeSubjects>
          <item>
            <name>Accidents</name>
          </item>
          <item>
            <name>District of Columbia</name>
          </item>
          <item>
            <name>Intergovernmental relations</name>
          </item>
          <item>
            <name>Maryland</name>
          </item>
          <item>
            <name>Public transit</name>
          </item>
          <item>
            <name>Regional and metropolitan planning</name>
          </item>
          <item>
            <name>State and local government operations</name>
          </item>
          <item>
            <name>Transportation safety and security</name>
          </item>
          <item>
            <name>Virginia</name>
          </item>
        </legislativeSubjects>
        <policyArea>
          <name>Transportation and Public Works</name>
        </policyArea>
      </billSubjects>
    </subjects>
    <version>1.0.0</version>
    <summaries>
      <billSummaries>
        <item>
          <versionCode>00</versionCode>
          <actionDate>2017-02-16</actionDate>
          <actionDesc>Introduced in House</actionDesc>
          <name>Introduced in House</name>
          <lastSummaryUpdateDate>2017-06-01T21:36:24Z</lastSummaryUpdateDate>
          <text><![CDATA[<p><b>Interstate Compact</b></p> <p>This joint resolution grants congressional consent and approval for the Commonwealth of Virginia, the state of Maryland, and the District of Columbia to enter into a Metrorail Safety Commission (MSC) Interstate Compact.</p> <p>The MSC Compact establishes a Washington Metrorail Safety Commission for the safety oversight of the Washington Metropolitan Area Transit Authority Rail (Metrorail) system.</p>]]></text>
          <updateDate>2017-02-16T05:00:00Z</updateDate>
        </item>
        <item>
          <versionCode>17</versionCode>
          <actionDate>2017-07-17</actionDate>
          <actionDesc>Reported to House with amendment(s)</actionDesc>
          <name>Reported to House with amendment(s)</name>
          <lastSummaryUpdateDate>2017-09-07T19:07:47Z</lastSummaryUpdateDate>
          <text><![CDATA[<p><b>Interstate Compact</b></p> <p>(Sec. 1) This joint resolution grants congressional consent and approval for the Commonwealth of Virginia, the state of Maryland, and the District of Columbia to enter into a Metrorail Safety Commission (MSC) Interstate Compact.</p> <p>The MSC Compact establishes a Washington Metrorail Safety Commission for the safety oversight of the Washington Metropolitan Area Transit Authority (WMATA) Rail (Metrorail) system.</p> <p>The commission shall:</p> <ul> <li>distribute a written State Safety Oversight Program;</li> <li>enforce implementation of WMATA's Public Transportation Agency Safety Plan, as well as audit triennially WMATA's compliance with such plan;</li> <li>enforce implementation of any Corrective Action Plans;</li> <li>enforce relevant federal and state laws and regulations relating to Metrorail safety;</li> <li>publish annually a Metrorail safety report, including updates of Corrective Action Plans, Commission directives, and on-going investigations; and</li> <li>publish annually a report on commission operations.</li> </ul> <p>An independent annual audit shall be made of commission financial accounts.</p> <p>Any signatory may withdraw from the MSC Compact, which shall constitute its termination.</p>]]></text>
          <updateDate>2017-07-17T17:03:59Z</updateDate>
        </item>
        <item>
          <versionCode>49</versionCode>
          <actionDate>2017-08-22</actionDate>
          <actionDesc>Public Law</actionDesc>
          <name>Public Law</name>
          <lastSummaryUpdateDate>2017-09-07T19:11:10Z</lastSummaryUpdateDate>
          <text><![CDATA[<p>(This measure has not been amended since it was reported to the House on July 17, 2017. The summary of that version is repeated here.)</p> <p><b>Interstate Compact</b></p> <p>(Sec. 1) This joint resolution grants congressional consent and approval for the Commonwealth of Virginia, the state of Maryland, and the District of Columbia to enter into a Metrorail Safety Commission (MSC) Interstate Compact.</p> <p>The MSC Compact establishes a Washington Metrorail Safety Commission for the safety oversight of the Washington Metropolitan Area Transit Authority (WMATA) Rail (Metrorail) system.</p> <p>The commission shall:</p> <ul> <li>distribute a written State Safety Oversight Program;</li> <li>enforce implementation of WMATA's Public Transportation Agency Safety Plan, as well as audit triennially WMATA's compliance with such plan;</li> <li>enforce implementation of any Corrective Action Plans;</li> <li>enforce relevant federal and state laws and regulations relating to Metrorail safety;</li> <li>publish annually a Metrorail safety report, including updates of Corrective Action Plans, Commission directives, and on-going investigations; and</li> <li>publish annually a report on commission operations.</li> </ul> <p>An independent annual audit shall be made of commission financial accounts.</p> <p>Any signatory may withdraw from the MSC Compact, which shall constitute its termination.</p>]]></text>
          <updateDate>2017-08-23T03:59:58Z</updateDate>
        </item>
      </billSummaries>
    </summaries>
    <billType>HJRES</billType>
    <latestAction>
      <text>Became Public Law No: 115-54.</text>
      <links>
        <link>
          <url>https://www.congress.gov/bill/115th-congress/house-joint-resolution/76/text/pl</url>
          <name>Public Law No: 115-54</name>
        </link>
      </links>
      <actionDate>2017-08-22</actionDate>
    </latestAction>
    <policyArea>
      <name>Transportation and Public Works</name>
    </policyArea>
    <relatedBills>
      <item>
        <congress>115</congress>
        <number>22</number>
        <type>SJRES</type>
        <latestTitle>A joint resolution granting the consent and approval of Congress to the Commonwealth of Virginia, the State of Maryland, and the District of Columbia to enter into a compact relating to the establishment of the Washington Metrorail Safety Commission.</latestTitle>
        <relationshipDetails>
          <item>
            <type>Related bill</type>
            <identifiedBy>CRS</identifiedBy>
          </item>
          <item>
            <type>Related bill</type>
            <identifiedBy>House</identifiedBy>
          </item>
        </relationshipDetails>
        <latestAction>
          <actionTime>20:20:43</actionTime>
          <text>Held at the desk.</text>
          <actionDate>2017-05-17</actionDate>
        </latestAction>
      </item>
      <item>
        <congress>115</congress>
        <number>469</number>
        <type>HRES</type>
        <latestTitle>Requesting the Senate to return to the House of Representatives House Joint Resolution 76.</latestTitle>
        <relationshipDetails>
          <item>
            <type>Related bill</type>
            <identifiedBy>House</identifiedBy>
          </item>
        </relationshipDetails>
        <latestAction>
          <actionTime>18:31:00</actionTime>
          <text>Motion to reconsider laid on the table Agreed to without objection.</text>
          <actionDate>2017-07-24</actionDate>
        </latestAction>
      </item>
    </relatedBills>
    <introducedDate>2017-02-16</introducedDate>
    <actions>
      <actionByCounts>
        <senate>6</senate>
        <houseOfRepresentatives>20</houseOfRepresentatives>
      </actionByCounts>
      <item>
        <type>President</type>
        <links>
          <link>
            <name>Public Law No: 115-54</name>
            <url>https://www.congress.gov/bill/115th-congress/house-joint-resolution/76/text/pl</url>
          </link>
        </links>
        <sourceSystem>
          <name>House floor actions</name>
          <code>2</code>
        </sourceSystem>
        <committee />
        <text>Became Public Law No: 115-54.</text>
        <actionCode>E40000</actionCode>
        <actionDate>2017-08-22</actionDate>
      </item>
      <item>
        <type>BecameLaw</type>
        <links>
          <link>
            <name>Public Law No: 115-54</name>
            <url>https://www.congress.gov/bill/115th-congress/house-joint-resolution/76/text/pl</url>
          </link>
        </links>
        <sourceSystem>
          <name>Library of Congress</name>
          <code>9</code>
        </sourceSystem>
        <committee />
        <text>Became Public Law No: 115-54.</text>
        <actionCode>36000</actionCode>
        <actionDate>2017-08-22</actionDate>
      </item>
      <item>
        <type>President</type>
        <links />
        <sourceSystem>
          <name>House floor actions</name>
          <code>2</code>
        </sourceSystem>
        <committee />
        <text>Signed by President.</text>
        <actionCode>E30000</actionCode>
        <actionDate>2017-08-22</actionDate>
      </item>
      <item>
        <type>BecameLaw</type>
        <links />
        <sourceSystem>
          <name>Library of Congress</name>
          <code>9</code>
        </sourceSystem>
        <committee />
        <text>Signed by President.</text>
        <actionCode>36000</actionCode>
        <actionDate>2017-08-22</actionDate>
      </item>
      <item>
        <type>Floor</type>
        <links />
        <sourceSystem>
          <name>House floor actions</name>
          <code>2</code>
        </sourceSystem>
        <committee />
        <text>Presented to President.</text>
        <actionCode>E20000</actionCode>
        <actionDate>2017-08-11</actionDate>
      </item>
      <item>
        <type>President</type>
        <links />
        <sourceSystem>
          <name>Library of Congress</name>
          <code>9</code>
        </sourceSystem>
        <committee />
        <text>Presented to President.</text>
        <actionCode>28000</actionCode>
        <actionDate>2017-08-11</actionDate>
      </item>
      <item>
        <actionDate>2017-08-04</actionDate>
        <committee />
        <links />
        <sourceSystem>
          <name>Senate</name>
          <code>0</code>
        </sourceSystem>
        <text>Message on Senate action sent to the House.</text>
        <type>Floor</type>
      </item>
      <item>
        <actionDate>2017-08-04</actionDate>
        <committee />
        <links>
          <link>
            <name>CR 8/3/2017 S4806</name>
            <url>https://www.congress.gov/congressional-record/volume-163/senate-section/page/S4806</url>
          </link>
        </links>
        <sourceSystem>
          <name>Senate</name>
          <code>0</code>
        </sourceSystem>
        <text>Received in the Senate, read twice, considered, read the third time, and passed without amendment and with a preamble by Unanimous Consent. (consideration: CR 8/3/2017 S4806)</text>
        <type>Floor</type>
      </item>
      <item>
        <type>Floor</type>
        <links>
          <link>
            <name>CR 8/3/2017 S4806</name>
            <url>https://www.congress.gov/congressional-record/volume-163/senate-section/page/S4806</url>
          </link>
        </links>
        <sourceSystem>
          <name>Library of Congress</name>
          <code>9</code>
        </sourceSystem>
        <committee />
        <text>Passed/agreed to in Senate: Received in the Senate, read twice, considered, read the third time, and passed without amendment and with a preamble by Unanimous Consent.(consideration: CR 8/3/2017 S4806)</text>
        <actionCode>17000</actionCode>
        <actionDate>2017-08-04</actionDate>
      </item>
      <item>
        <type>Floor</type>
        <links>
          <link>
            <name>H.J.Res. 76</name>
            <url>https://www.congress.gov/bill/115th-congress/house-joint-resolution/76</url>
          </link>
        </links>
        <sourceSystem>
          <name>House floor actions</name>
          <code>2</code>
        </sourceSystem>
        <committee />
        <text>ENGROSSMENT CORRECTION - Unanimous consent was granted for the Clerk to make changes in the engrossment of H.J.Res. 76 that was placed at the desk. Agreed to without objection.</text>
        <actionTime>13:08:56</actionTime>
        <actionCode>H8D000</actionCode>
        <actionDate>2017-08-04</actionDate>
      </item>
      <item>
        <actionDate>2017-08-01</actionDate>
        <committee />
        <links />
        <sourceSystem>
          <name>Senate</name>
          <code>0</code>
        </sourceSystem>
        <text>Message on Senate action sent to the House.</text>
        <type>Floor</type>
      </item>
      <item>
        <actionDate>2017-08-01</actionDate>
        <committee />
        <links />
        <sourceSystem>
          <name>Senate</name>
          <code>0</code>
        </sourceSystem>
        <text>Senate returned papers to House, per House request of July 24, 2017, by Unanimous Consent.</text>
        <type>Floor</type>
      </item>
      <item>
        <type>Floor</type>
        <links>
          <link>
            <name>H.Res. 469</name>
            <url>https://www.congress.gov/bill/115th-congress/house-resolution/469</url>
          </link>
        </links>
        <sourceSystem>
          <name>House floor actions</name>
          <code>2</code>
        </sourceSystem>
        <committee />
        <text>House requested return of papers pursuant to H.Res. 469.</text>
        <actionTime>18:31:01</actionTime>
        <actionCode>H1B000</actionCode>
        <actionDate>2017-07-24</actionDate>
      </item>
      <item>
        <actionDate>2017-07-18</actionDate>
        <committee />
        <links />
        <sourceSystem>
          <name>Senate</name>
          <code>0</code>
        </sourceSystem>
        <text>Received in the Senate. Read twice. Placed on Senate Legislative Calendar under General Orders. Calendar No. 176.</text>
        <type>Calendars</type>
      </item>
      <item>
        <type>Floor</type>
        <links />
        <sourceSystem>
          <name>House floor actions</name>
          <code>2</code>
        </sourceSystem>
        <committee />
        <text>The title of the measure was amended. Agreed to without objection.</text>
        <actionTime>19:10:22</actionTime>
        <actionCode>H38800</actionCode>
        <actionDate>2017-07-17</actionDate>
      </item>
      <item>
        <type>Floor</type>
        <links>
          <link>
            <name>H5894-5897</name>
            <url>https://www.congress.gov/congressional-record/volume-163/house-section/page/H5894-5897</url>
          </link>
          <link>
            <name>Roll no. 381</name>
            <url>http://clerk.house.gov/evs/2017/roll381.xml</url>
          </link>
        </links>
        <sourceSystem>
          <name>House floor actions</name>
          <code>2</code>
        </sourceSystem>
        <committee />
        <text>On motion to suspend the rules and pass the resolution, as amended Agreed to by the Yeas and Nays: (2/3 required): 399 - 5 (Roll no. 381). (text: CR H5894-5897)</text>
        <actionTime>19:10:17</actionTime>
        <actionCode>H37300</actionCode>
        <actionDate>2017-07-17</actionDate>
      </item>
      <item>
        <type>Floor</type>
        <links>
          <link>
            <name>H5894-5897</name>
            <url>https://www.congress.gov/congressional-record/volume-163/house-section/page/H5894-5897</url>
          </link>
          <link>
            <name>Roll no. 381</name>
            <url>http://clerk.house.gov/evs/2017/roll381.xml</url>
          </link>
        </links>
        <sourceSystem>
          <name>Library of Congress</name>
          <code>9</code>
        </sourceSystem>
        <committee />
        <text>Passed/agreed to in House: On motion to suspend the rules and pass the resolution, as amended Agreed to by the Yeas and Nays: (2/3 required): 399 - 5 (Roll no. 381).(text: CR H5894-5897)</text>
        <actionTime>19:10:17</actionTime>
        <actionCode>8000</actionCode>
        <actionDate>2017-07-17</actionDate>
      </item>
      <item>
        <type>Floor</type>
        <links>
          <link>
            <name>H5902-5903</name>
            <url>https://www.congress.gov/congressional-record/volume-163/house-section/page/H5902-5903</url>
          </link>
        </links>
        <sourceSystem>
          <name>House floor actions</name>
          <code>2</code>
        </sourceSystem>
        <committee />
        <text>Considered as unfinished business. (consideration: CR H5902-5903)</text>
        <actionTime>19:04:01</actionTime>
        <actionCode>H30000</actionCode>
        <actionDate>2017-07-17</actionDate>
      </item>
      <item>
        <type>Floor</type>
        <links />
        <sourceSystem>
          <name>House floor actions</name>
          <code>2</code>
        </sourceSystem>
        <committee />
        <text>At the conclusion of debate, the Yeas and Nays were demanded and ordered. Pursuant to the provisions of clause 8, rule XX, the Chair announced that further proceedings on the motion would be postponed.</text>
        <actionTime>17:39:47</actionTime>
        <actionCode>H37220</actionCode>
        <actionDate>2017-07-17</actionDate>
      </item>
      <item>
        <type>Floor</type>
        <links>
          <link>
            <name>H.J. Res. 76</name>
            <url>https://www.congress.gov/bill/115th-congress/house-joint-resolution/76</url>
          </link>
        </links>
        <sourceSystem>
          <name>House floor actions</name>
          <code>2</code>
        </sourceSystem>
        <committee />
        <text>DEBATE - The House proceeded with forty minutes of debate on H.J. Res. 76.</text>
        <actionTime>17:14:05</actionTime>
        <actionCode>H8D000</actionCode>
        <actionDate>2017-07-17</actionDate>
      </item>
      <item>
        <type>Floor</type>
        <links>
          <link>
            <name>H5894-5900</name>
            <url>https://www.congress.gov/congressional-record/volume-163/house-section/page/H5894-5900</url>
          </link>
        </links>
        <sourceSystem>
          <name>House floor actions</name>
          <code>2</code>
        </sourceSystem>
        <committee />
        <text>Considered under suspension of the rules. (consideration: CR H5894-5900)</text>
        <actionTime>17:14:04</actionTime>
        <actionCode>H30000</actionCode>
        <actionDate>2017-07-17</actionDate>
      </item>
      <item>
        <type>Floor</type>
        <links />
        <sourceSystem>
          <name>House floor actions</name>
          <code>2</code>
        </sourceSystem>
        <committee />
        <text>Mr. Goodlatte moved to suspend the rules and pass the resolution, as amended.</text>
        <actionTime>17:13:55</actionTime>
        <actionCode>H30300</actionCode>
        <actionDate>2017-07-17</actionDate>
      </item>
      <item>
        <type>Calendars</type>
        <links />
        <sourceSystem>
          <name>House floor actions</name>
          <code>2</code>
        </sourceSystem>
        <committee />
        <text>Placed on the Union Calendar, Calendar No. 162.</text>
        <actionCode>H12410</actionCode>
        <actionDate>2017-07-17</actionDate>
      </item>
      <item>
        <type>Committee</type>
        <links>
          <link>
            <name>H. Rept. 115-227</name>
            <url>https://www.congress.gov/congressional-report/115th-congress/house-report/227</url>
          </link>
        </links>
        <sourceSystem>
          <name>House floor actions</name>
          <code>2</code>
        </sourceSystem>
        <committee>
          <name>Judiciary Committee</name>
          <systemCode>hsju00</systemCode>
        </committee>
        <text>Reported (Amended) by the Committee on Judiciary. H. Rept. 115-227.</text>
        <actionCode>H12200</actionCode>
        <actionDate>2017-07-17</actionDate>
      </item>
      <item>
        <type>Committee</type>
        <links>
          <link>
            <name>H. Rept. 115-227</name>
            <url>https://www.congress.gov/congressional-report/115th-congress/house-report/227</url>
          </link>
        </links>
        <sourceSystem>
          <name>Library of Congress</name>
          <code>9</code>
        </sourceSystem>
        <committee>
          <name>Judiciary Committee</name>
          <systemCode>hsju00</systemCode>
        </committee>
        <text>Reported (Amended) by the Committee on Judiciary. H. Rept. 115-227.</text>
        <actionCode>5000</actionCode>
        <actionDate>2017-07-17</actionDate>
      </item>
      <item>
        <actionDate>2017-06-14</actionDate>
        <committee>
          <name>Judiciary Committee</name>
          <systemCode>hsju00</systemCode>
        </committee>
        <links />
        <sourceSystem>
          <name>House committee actions</name>
          <code>1</code>
        </sourceSystem>
        <text>Ordered to be Reported (Amended) by Voice Vote.</text>
        <type>Committee</type>
      </item>
      <item>
        <actionDate>2017-06-14</actionDate>
        <committee>
          <name>Judiciary Committee</name>
          <systemCode>hsju00</systemCode>
        </committee>
        <links />
        <sourceSystem>
          <name>House committee actions</name>
          <code>1</code>
        </sourceSystem>
        <text>Committee Consideration and Mark-up Session Held.</text>
        <type>Committee</type>
      </item>
      <item>
        <actionDate>2017-06-14</actionDate>
        <committee>
          <name>Judiciary Committee</name>
          <systemCode>hsju00</systemCode>
        </committee>
        <links />
        <sourceSystem>
          <name>House committee actions</name>
          <code>1</code>
        </sourceSystem>
        <text>Subcommittee on Regulatory Reform, Commercial And Antitrust Law Discharged.</text>
        <type>Committee</type>
      </item>
      <item>
        <actionDate>2017-03-09</actionDate>
        <committee>
          <name>Regulatory Reform, Commercial And Antitrust Law Subcommittee</name>
          <systemCode>hsju05</systemCode>
        </committee>
        <links />
        <sourceSystem>
          <name>House committee actions</name>
          <code>1</code>
        </sourceSystem>
        <text>Referred to the Subcommittee on Regulatory Reform, Commercial And Antitrust Law.</text>
        <type>Committee</type>
      </item>
      <item>
        <type>IntroReferral</type>
        <links />
        <sourceSystem>
          <name>House floor actions</name>
          <code>2</code>
        </sourceSystem>
        <committee>
          <name>Judiciary Committee</name>
          <systemCode>hsju00</systemCode>
        </committee>
        <text>Referred to the House Committee on the Judiciary.</text>
        <actionCode>H11100</actionCode>
        <actionDate>2017-02-16</actionDate>
      </item>
      <item>
        <type>IntroReferral</type>
        <links />
        <sourceSystem>
          <name>Library of Congress</name>
          <code>9</code>
        </sourceSystem>
        <committee />
        <text>Introduced in House</text>
        <actionCode>Intro-H</actionCode>
        <actionDate>2017-02-16</actionDate>
      </item>
      <item>
        <type>IntroReferral</type>
        <links />
        <sourceSystem>
          <name>Library of Congress</name>
          <code>9</code>
        </sourceSystem>
        <committee />
        <text>Introduced in House</text>
        <actionCode>1000</actionCode>
        <actionDate>2017-02-16</actionDate>
      </item>
      <actionTypeCounts>
        <sentToHouse>2</sentToHouse>
        <placeholderTextForH>4</placeholderTextForH>
        <placeholderTextForE>3</placeholderTextForE>
        <becamePublicLaw>2</becamePublicLaw>
        <motionMadeToSuspendTheRules>1</motionMadeToSuspendTheRules>
        <virtualAction>1</virtualAction>
        <actionStageOverride>1</actionStageOverride>
        <passedOrAgreedToInSenateDayOf>1</passedOrAgreedToInSenateDayOf>
        <committeeReportOfABill>1</committeeReportOfABill>
        <finalPassageUnderSuspensionOfTheRulesResults>1</finalPassageUnderSuspensionOfTheRulesResults>
        <passedAgreedToInHouse>1</passedAgreedToInHouse>
        <unionCalendarAssignment>1</unionCalendarAssignment>
        <introducedInHouse>1</introducedInHouse>
        <reportedToHouse>1</reportedToHouse>
        <introducedInTheHouse>1</introducedInTheHouse>
        <placedOnCalendarSection>1</placedOnCalendarSection>
        <amendingTheTitleOfAnActWithoutObjection>1</amendingTheTitleOfAnActWithoutObjection>
        <billReferrals>1</billReferrals>
        <considerationByHouse>2</considerationByHouse>
        <generalDebate>2</generalDebate>
        <freeText>1</freeText>
        <passedAgreedToInSenate>1</passedAgreedToInSenate>
        <presentedToPresident>1</presentedToPresident>
      </actionTypeCounts>
    </actions>
    <laws>
      <item>
        <number>115-54</number>
        <type>Public Law</type>
      </item>
    </laws>
    <congress>115</congress>
    <committeeReports>
      <committeeReport>
        <citation>H. Rept. 115-227</citation>
      </committeeReport>
    </committeeReports>
    <billNumber>76</billNumber>
    <cboCostEstimates />
    <cosponsors>
      <item>
        <lastName>NORTON</lastName>
        <state>DC</state>
        <firstName>ELEANOR</firstName>
        <sponsorshipDate>2017-02-16</sponsorshipDate>
        <district>0</district>
        <fullName>Rep. Norton, Eleanor Holmes [D-DC-At Large]</fullName>
        <identifiers>
          <lisID>868</lisID>
          <gpoId>7871</gpoId>
          <bioguideId>N000147</bioguideId>
        </identifiers>
        <bioguideId>N000147</bioguideId>
        <sponsorshipWithdrawnDate />
        <party>D</party>
        <isOriginalCosponsor>True</isOriginalCosponsor>
        <middleName>HOLMES</middleName>
      </item>
      <item>
        <lastName>Sarbanes</lastName>
        <state>MD</state>
        <firstName>John</firstName>
        <sponsorshipDate>2017-02-16</sponsorshipDate>
        <district>3</district>
        <fullName>Rep. Sarbanes, John P. [D-MD-3]</fullName>
        <identifiers>
          <lisID>1854</lisID>
          <bioguideId>S001168</bioguideId>
          <gpoId>7978</gpoId>
        </identifiers>
        <bioguideId>S001168</bioguideId>
        <sponsorshipWithdrawnDate />
        <party>D</party>
        <isOriginalCosponsor>True</isOriginalCosponsor>
        <middleName>P.</middleName>
      </item>
      <item>
        <lastName>Connolly</lastName>
        <state>VA</state>
        <firstName>Gerald</firstName>
        <sponsorshipDate>2017-02-16</sponsorshipDate>
        <district>11</district>
        <fullName>Rep. Connolly, Gerald E. [D-VA-11]</fullName>
        <identifiers>
          <bioguideId>C001078</bioguideId>
          <lisID>1959</lisID>
          <gpoId>8202</gpoId>
        </identifiers>
        <bioguideId>C001078</bioguideId>
        <sponsorshipWithdrawnDate />
        <party>D</party>
        <isOriginalCosponsor>True</isOriginalCosponsor>
        <middleName>E.</middleName>
      </item>
      <item>
        <lastName>Delaney</lastName>
        <state>MD</state>
        <firstName>John</firstName>
        <sponsorshipDate>2017-02-16</sponsorshipDate>
        <district>6</district>
        <fullName>Rep. Delaney, John K. [D-MD-6]</fullName>
        <identifiers>
          <lisID>2133</lisID>
          <bioguideId>D000620</bioguideId>
          <gpoId />
        </identifiers>
        <bioguideId>D000620</bioguideId>
        <sponsorshipWithdrawnDate />
        <party>D</party>
        <isOriginalCosponsor>True</isOriginalCosponsor>
        <middleName>K.</middleName>
      </item>
      <item>
        <lastName>Beyer</lastName>
        <state>VA</state>
        <firstName>Donald</firstName>
        <sponsorshipDate>2017-02-16</sponsorshipDate>
        <district>8</district>
        <fullName>Rep. Beyer, Donald S., Jr. [D-VA-8]</fullName>
        <identifiers>
          <lisID>2272</lisID>
          <gpoId />
          <bioguideId>B001292</bioguideId>
        </identifiers>
        <bioguideId>B001292</bioguideId>
        <sponsorshipWithdrawnDate />
        <party>D</party>
        <isOriginalCosponsor>True</isOriginalCosponsor>
        <middleName>S.</middleName>
      </item>
      <item>
        <lastName>Brown</lastName>
        <state>MD</state>
        <firstName>Anthony</firstName>
        <sponsorshipDate>2017-02-16</sponsorshipDate>
        <district>4</district>
        <fullName>Rep. Brown, Anthony G. [D-MD-4]</fullName>
        <identifiers>
          <bioguideId>B001304</bioguideId>
          <lisID>2331</lisID>
          <gpoId />
        </identifiers>
        <bioguideId>B001304</bioguideId>
        <sponsorshipWithdrawnDate />
        <party>D</party>
        <isOriginalCosponsor>True</isOriginalCosponsor>
        <middleName>G.</middleName>
      </item>
      <item>
        <lastName>Raskin</lastName>
        <state>MD</state>
        <firstName>Jamie</firstName>
        <sponsorshipDate>2017-02-16</sponsorshipDate>
        <district>8</district>
        <fullName>Rep. Raskin, Jamie [D-MD-8]</fullName>
        <identifiers>
          <bioguideId>R000606</bioguideId>
          <gpoId />
          <lisID>2332</lisID>
        </identifiers>
        <bioguideId>R000606</bioguideId>
        <sponsorshipWithdrawnDate />
        <party>D</party>
        <isOriginalCosponsor>True</isOriginalCosponsor>
        <middleName />
      </item>
      <item>
        <lastName>Comstock</lastName>
        <state>VA</state>
        <firstName>Barbara</firstName>
        <sponsorshipDate>2017-02-16</sponsorshipDate>
        <district>10</district>
        <fullName>Rep. Comstock, Barbara [R-VA-10]</fullName>
        <identifiers>
          <lisID>2273</lisID>
          <gpoId />
          <bioguideId>C001105</bioguideId>
        </identifiers>
        <bioguideId>C001105</bioguideId>
        <sponsorshipWithdrawnDate />
        <party>R</party>
        <isOriginalCosponsor>True</isOriginalCosponsor>
        <middleName />
      </item>
    </cosponsors>
    <committees>
      <billCommittees>
        <item>
          <chamber>House</chamber>
          <systemCode>hsju00</systemCode>
          <subcommittees>
            <item>
              <systemCode>hsju05</systemCode>
              <name>Regulatory Reform, Commercial And Antitrust Law Subcommittee</name>
              <activities>
                <item>
                  <name>Discharged from</name>
                  <date>2017-06-14T15:10:15Z</date>
                </item>
                <item>
                  <name>Referred to</name>
                  <date>2017-03-09T20:27:36Z</date>
                </item>
              </activities>
            </item>
          </subcommittees>
          <type>Standing</type>
          <name>Judiciary Committee</name>
          <activities>
            <item>
              <name>Reported by</name>
              <date>2017-07-17T16:44:02Z</date>
            </item>
            <item>
              <name>Markup by</name>
              <date>2017-06-14T19:03:46Z</date>
            </item>
            <item>
              <name>Referred to</name>
              <date>2017-02-16T15:00:15Z</date>
            </item>
          </activities>
        </item>
      </billCommittees>
    </committees>
    <notes />
    <amendments />
    <recordedVotes>
      <recordedVote>
        <date>2017-07-17T23:10:17Z</date>
        <congress>115</congress>
        <sessionNumber>1</sessionNumber>
        <fullActionName>Final Passage Under Suspension of the Rules Results</fullActionName>
        <url>http://clerk.house.gov/evs/2017/roll381.xml</url>
        <chamber>House</chamber>
        <rollNumber>381</rollNumber>
      </recordedVote>
    </recordedVotes>
    <createDate>2017-02-17T04:46:07Z</createDate>
    <sponsors>
      <item>
        <bioguideId>H000874</bioguideId>
        <party>D</party>
        <firstName>STENY</firstName>
        <fullName>Rep. Hoyer, Steny H. [D-MD-5]</fullName>
        <state>MD</state>
        <district>5</district>
        <lastName>HOYER</lastName>
        <middleName>H.</middleName>
        <identifiers>
          <lisID>566</lisID>
          <bioguideId>H000874</bioguideId>
          <gpoId>7980</gpoId>
        </identifiers>
        <byRequestType />
      </item>
    </sponsors>
    <titles>
      <item>
        <chamberName>House</chamberName>
        <chamberCode>H</chamberCode>
        <titleType>Official Titles as Amended by House</titleType>
        <title>Granting the consent and approval of Congress for the Commonwealth of Virginia, the State of Maryland, and the District of Columbia to enter into a compact relating to the establishment of the Washington Metrorail Safety Commission.</title>
        <parentTitleType>Official Titles House of Representatives</parentTitleType>
      </item>
      <item>
        <chamberName />
        <chamberCode />
        <titleType>Official Title as Introduced</titleType>
        <title>Granting the consent and approval of Congress for the Commonwealth of Virginia, the State of Maryland, and the District of Columbia to a enter into a compact relating to the establishment of the Washington Metrorail Safety Commission.</title>
        <parentTitleType />
      </item>
      <item>
        <chamberName />
        <chamberCode />
        <titleType>Display Title</titleType>
        <title>Granting the consent and approval of Congress for the Commonwealth of Virginia, the State of Maryland, and the District of Columbia to enter into a compact relating to the establishment of the Washington Metrorail Safety Commission.</title>
        <parentTitleType />
      </item>
    </titles>
  </bill>
  <dublinCore xmlns:dc="http://purl.org/dc/elements/1.1/">
    <dc:format>text/xml</dc:format>
    <dc:language>EN</dc:language>
    <dc:rights>Pursuant to Title 17 Section 105 of the United States Code, this file is not subject to copyright protection and is in the public domain.</dc:rights>
    <dc:contributor>Congressional Research Service, Library of Congress</dc:contributor>
    <dc:description>This file contains bill summaries and statuses for federal legislation. A bill summary describes the most significant provisions of a piece of legislation and details the effects the legislative text may have on current law and federal programs. Bill summaries are authored by the Congressional Research Service (CRS) of the Library of Congress. As stated in Public Law 91-510 (2 USC 166 (d)(6)), one of the duties of CRS is "to prepare summaries and digests of bills and resolutions of a public general nature introduced in the Senate or House of Representatives". For more information, refer to the User Guide that accompanies this file.</dc:description>
  </dublinCore>
</billStatus>

