<?xml version="1.0" encoding="UTF-8"?>
<billStatus>
  <bill>
    <committeeReports />
    <updateDate>2018-08-28T19:56:42Z</updateDate>
    <laws>
      <item>
        <type>Public Law</type>
        <number>115-13</number>
      </item>
    </laws>
    <billType>HJRES</billType>
    <subjects>
      <billSubjects>
        <policyArea>
          <name>Education</name>
        </policyArea>
        <legislativeSubjects>
          <item>
            <name>Academic performance and assessments</name>
          </item>
          <item>
            <name>Administrative law and regulatory procedures</name>
          </item>
          <item>
            <name>Congressional oversight</name>
          </item>
          <item>
            <name>Department of Education</name>
          </item>
          <item>
            <name>Elementary and secondary education</name>
          </item>
        </legislativeSubjects>
      </billSubjects>
    </subjects>
    <policyArea>
      <name>Education</name>
    </policyArea>
    <recordedVotes>
      <recordedVote>
        <date>2017-03-09T17:35:23Z</date>
        <sessionNumber>1</sessionNumber>
        <url>http://www.senate.gov/legislative/LIS/roll_call_lists/roll_call_vote_cfm.cfm?&amp;congress=115&amp;session=1&amp;vote=00084</url>
        <chamber>Senate</chamber>
        <congress>115</congress>
        <rollNumber>84</rollNumber>
        <fullActionName>PASSED SENATE</fullActionName>
      </recordedVote>
      <recordedVote>
        <date>2017-02-07T22:04:43Z</date>
        <sessionNumber>1</sessionNumber>
        <url>http://clerk.house.gov/evs/2017/roll084.xml</url>
        <chamber>House</chamber>
        <congress>115</congress>
        <rollNumber>84</rollNumber>
        <fullActionName>Passage of a Measure</fullActionName>
      </recordedVote>
    </recordedVotes>
    <originChamber>House</originChamber>
    <latestAction>
      <text>Became Public Law No: 115-13.</text>
      <links>
        <link>
          <url>https://www.congress.gov/bill/115th-congress/house-joint-resolution/57/text/pl</url>
          <name>Public Law No: 115-13</name>
        </link>
      </links>
      <actionDate>2017-03-27</actionDate>
    </latestAction>
    <constitutionalAuthorityStatementText><![CDATA[<pre>[Congressional Record Volume 163, Number 17 (Wednesday, February 1, 2017)]From the Congressional Record Online through the Government Publishing Office [<a href='http://www.gpo.gov'>www.gpo.gov</a>]By Mr. ROKITA:H.J. Res. 57.Congress has the power to enact this legislation pursuantto the following:Article I, section 8 of the Constitution of the UnitedStates[Page H879]</pre>]]></constitutionalAuthorityStatementText>
    <billNumber>57</billNumber>
    <committees>
      <billCommittees>
        <item>
          <systemCode>hsed00</systemCode>
          <chamber>House</chamber>
          <type>Standing</type>
          <subcommittees />
          <name>Education and the Workforce Committee</name>
          <activities>
            <item>
              <date>2017-02-01T15:05:40Z</date>
              <name>Referred to</name>
            </item>
          </activities>
        </item>
      </billCommittees>
    </committees>
    <introducedDate>2017-02-01</introducedDate>
    <cosponsors>
      <item>
        <party>R</party>
        <state>TX</state>
        <sponsorshipDate>2017-02-02</sponsorshipDate>
        <district>32</district>
        <isOriginalCosponsor>False</isOriginalCosponsor>
        <fullName>Rep. Sessions, Pete [R-TX-32]</fullName>
        <middleName />
        <bioguideId>S000250</bioguideId>
        <firstName>PETE</firstName>
        <sponsorshipWithdrawnDate />
        <lastName>SESSIONS</lastName>
        <identifiers>
          <lisID>1525</lisID>
          <bioguideId>S000250</bioguideId>
          <gpoId>8188</gpoId>
        </identifiers>
      </item>
      <item>
        <party>R</party>
        <state>NC</state>
        <sponsorshipDate>2017-02-02</sponsorshipDate>
        <district>5</district>
        <isOriginalCosponsor>False</isOriginalCosponsor>
        <fullName>Rep. Foxx, Virginia [R-NC-5]</fullName>
        <middleName />
        <bioguideId>F000450</bioguideId>
        <firstName>Virginia</firstName>
        <sponsorshipWithdrawnDate />
        <lastName>Foxx</lastName>
        <identifiers>
          <bioguideId>F000450</bioguideId>
          <lisID>1791</lisID>
          <gpoId>8028</gpoId>
        </identifiers>
      </item>
      <item>
        <party>R</party>
        <state>AL</state>
        <sponsorshipDate>2017-02-03</sponsorshipDate>
        <district>1</district>
        <isOriginalCosponsor>False</isOriginalCosponsor>
        <fullName>Rep. Byrne, Bradley [R-AL-1]</fullName>
        <middleName />
        <bioguideId>B001289</bioguideId>
        <firstName>Bradley</firstName>
        <sponsorshipWithdrawnDate />
        <lastName>Byrne</lastName>
        <identifiers>
          <lisID>2197</lisID>
          <bioguideId>B001289</bioguideId>
          <gpoId />
        </identifiers>
      </item>
      <item>
        <party>R</party>
        <state>WI</state>
        <sponsorshipDate>2017-02-06</sponsorshipDate>
        <district>6</district>
        <isOriginalCosponsor>False</isOriginalCosponsor>
        <fullName>Rep. Grothman, Glenn [R-WI-6]</fullName>
        <middleName />
        <bioguideId>G000576</bioguideId>
        <firstName>Glenn</firstName>
        <sponsorshipWithdrawnDate />
        <lastName>Grothman</lastName>
        <identifiers>
          <lisID>2276</lisID>
          <bioguideId>G000576</bioguideId>
          <gpoId />
        </identifiers>
      </item>
      <item>
        <party>R</party>
        <state>MI</state>
        <sponsorshipDate>2017-02-06</sponsorshipDate>
        <district>10</district>
        <isOriginalCosponsor>False</isOriginalCosponsor>
        <fullName>Rep. Mitchell, Paul [R-MI-10]</fullName>
        <middleName />
        <bioguideId>M001201</bioguideId>
        <firstName>Paul</firstName>
        <sponsorshipWithdrawnDate />
        <lastName>Mitchell</lastName>
        <identifiers>
          <bioguideId>M001201</bioguideId>
          <lisID>2334</lisID>
          <gpoId />
        </identifiers>
      </item>
      <item>
        <party>R</party>
        <state>FL</state>
        <sponsorshipDate>2017-02-06</sponsorshipDate>
        <district>3</district>
        <isOriginalCosponsor>False</isOriginalCosponsor>
        <fullName>Rep. Yoho, Ted S. [R-FL-3]</fullName>
        <middleName>S.</middleName>
        <bioguideId>Y000065</bioguideId>
        <firstName>Ted</firstName>
        <sponsorshipWithdrawnDate />
        <lastName>Yoho</lastName>
        <identifiers>
          <bioguideId>Y000065</bioguideId>
          <lisID>2115</lisID>
          <gpoId />
        </identifiers>
      </item>
      <item>
        <party>R</party>
        <state>GA</state>
        <sponsorshipDate>2017-02-06</sponsorshipDate>
        <district>12</district>
        <isOriginalCosponsor>False</isOriginalCosponsor>
        <fullName>Rep. Allen, Rick W. [R-GA-12]</fullName>
        <middleName>W.</middleName>
        <bioguideId>A000372</bioguideId>
        <firstName>Rick</firstName>
        <sponsorshipWithdrawnDate />
        <lastName>Allen</lastName>
        <identifiers>
          <bioguideId>A000372</bioguideId>
          <gpoId />
          <lisID>2239</lisID>
        </identifiers>
      </item>
      <item>
        <party>R</party>
        <state>AZ</state>
        <sponsorshipDate>2017-02-06</sponsorshipDate>
        <district>5</district>
        <isOriginalCosponsor>False</isOriginalCosponsor>
        <fullName>Rep. Biggs, Andy [R-AZ-5]</fullName>
        <middleName />
        <bioguideId>B001302</bioguideId>
        <firstName>Andy</firstName>
        <sponsorshipWithdrawnDate />
        <lastName>Biggs</lastName>
        <identifiers>
          <bioguideId>B001302</bioguideId>
          <lisID>2307</lisID>
          <gpoId />
        </identifiers>
      </item>
      <item>
        <party>R</party>
        <state>PA</state>
        <sponsorshipDate>2017-02-06</sponsorshipDate>
        <district>5</district>
        <isOriginalCosponsor>False</isOriginalCosponsor>
        <fullName>Rep. Thompson, Glenn [R-PA-5]</fullName>
        <middleName />
        <bioguideId>T000467</bioguideId>
        <firstName>Glenn</firstName>
        <sponsorshipWithdrawnDate />
        <lastName>Thompson</lastName>
        <identifiers>
          <lisID>1952</lisID>
          <bioguideId>T000467</bioguideId>
          <gpoId>8123</gpoId>
        </identifiers>
      </item>
      <item>
        <party>R</party>
        <state>NY</state>
        <sponsorshipDate>2017-02-06</sponsorshipDate>
        <district>21</district>
        <isOriginalCosponsor>False</isOriginalCosponsor>
        <fullName>Rep. Stefanik, Elise M. [R-NY-21]</fullName>
        <middleName>M.</middleName>
        <bioguideId>S001196</bioguideId>
        <firstName>Elise</firstName>
        <sponsorshipWithdrawnDate />
        <lastName>Stefanik</lastName>
        <identifiers>
          <bioguideId>S001196</bioguideId>
          <lisID>2263</lisID>
          <gpoId />
        </identifiers>
      </item>
      <item>
        <party>R</party>
        <state>GA</state>
        <sponsorshipDate>2017-02-06</sponsorshipDate>
        <district>3</district>
        <isOriginalCosponsor>False</isOriginalCosponsor>
        <fullName>Rep. Ferguson, A. Drew, IV [R-GA-3]</fullName>
        <middleName>Drew</middleName>
        <bioguideId>F000465</bioguideId>
        <firstName>A.</firstName>
        <sponsorshipWithdrawnDate />
        <lastName>Ferguson</lastName>
        <identifiers>
          <lisID>2324</lisID>
          <gpoId />
          <bioguideId>F000465</bioguideId>
        </identifiers>
      </item>
      <item>
        <party>R</party>
        <state>NC</state>
        <sponsorshipDate>2017-02-06</sponsorshipDate>
        <district>13</district>
        <isOriginalCosponsor>False</isOriginalCosponsor>
        <fullName>Rep. Budd, Ted [R-NC-13]</fullName>
        <middleName />
        <bioguideId>B001305</bioguideId>
        <firstName>Ted</firstName>
        <sponsorshipWithdrawnDate />
        <lastName>Budd</lastName>
        <identifiers>
          <lisID>2336</lisID>
          <bioguideId>B001305</bioguideId>
          <gpoId />
        </identifiers>
      </item>
      <item>
        <party>R</party>
        <state>TX</state>
        <sponsorshipDate>2017-02-07</sponsorshipDate>
        <district>19</district>
        <isOriginalCosponsor>False</isOriginalCosponsor>
        <fullName>Rep. Arrington, Jodey C. [R-TX-19]</fullName>
        <middleName>C.</middleName>
        <bioguideId>A000375</bioguideId>
        <firstName>Jodey</firstName>
        <sponsorshipWithdrawnDate />
        <lastName>Arrington</lastName>
        <identifiers>
          <lisID>2350</lisID>
          <bioguideId>A000375</bioguideId>
          <gpoId />
        </identifiers>
      </item>
    </cosponsors>
    <notes />
    <relatedBills>
      <item>
        <latestAction>
          <actionDate>2017-02-07</actionDate>
          <text>Motion to reconsider laid on the table Agreed to without objection.</text>
          <actionTime>13:44:38</actionTime>
        </latestAction>
        <relationshipDetails>
          <item>
            <identifiedBy>House</identifiedBy>
            <type>Related bill</type>
          </item>
          <item>
            <identifiedBy>House</identifiedBy>
            <type>Procedurally-related</type>
          </item>
        </relationshipDetails>
        <congress>115</congress>
        <latestTitle>Providing for consideration of the joint resolution (H.J. Res. 44) disapproving the rule submitted by the Department of the Interior relating to Bureau of Land Management regulations that establish the procedures used to prepare, revise, or amend land use plans pursuant to the Federal Land Policy and Management Act of 1976; providing for consideration of the joint resolution (H.J. Res. 57) providing for congressional disapproval under chapter 8 of title 5, United States Code, of the rule submitted by the Department of Education relating to accountability and State plans under the Elementary and Secondary Education Act of 1965; and providing for consideration of the joint resolution (H.J. Res. 58) providing for congressional disapproval under chapter 8 of title 5, United States Code, of the rule submitted by the Department of Education relating to teacher preparation issues.</latestTitle>
        <type>HRES</type>
        <number>91</number>
      </item>
      <item>
        <latestAction>
          <actionDate>2017-02-28</actionDate>
          <text>Read twice and referred to the Committee on Health, Education, Labor, and Pensions.</text>
        </latestAction>
        <relationshipDetails>
          <item>
            <identifiedBy>CRS</identifiedBy>
            <type>Identical bill</type>
          </item>
        </relationshipDetails>
        <congress>115</congress>
        <latestTitle>A joint resolution providing for congressional disapproval under chapter 8 of title 5, United States Code, of the rule submitted by the Department of Education relating to accountability and State plans under the Elementary and Secondary Education Act of 1965.</latestTitle>
        <type>SJRES</type>
        <number>25</number>
      </item>
    </relatedBills>
    <title>Providing for congressional disapproval under chapter 8 of title 5, United States Code, of the rule submitted by the Department of Education relating to accountability and State plans under the Elementary and Secondary Education Act of 1965.</title>
    <sponsors>
      <item>
        <district>4</district>
        <fullName>Rep. Rokita, Todd [R-IN-4]</fullName>
        <firstName>Todd</firstName>
        <lastName>Rokita</lastName>
        <state>IN</state>
        <bioguideId>R000592</bioguideId>
        <party>R</party>
        <identifiers>
          <lisID>2017</lisID>
          <gpoId>7943</gpoId>
          <bioguideId>R000592</bioguideId>
        </identifiers>
        <byRequestType />
        <middleName />
      </item>
    </sponsors>
    <congress>115</congress>
    <version>1.0.0</version>
    <amendments />
    <titles>
      <item>
        <chamberCode />
        <titleType>Official Title as Introduced</titleType>
        <chamberName />
        <title>Providing for congressional disapproval under chapter 8 of title 5, United States Code, of the rule submitted by the Department of Education relating to accountability and State plans under the Elementary and Secondary Education Act of 1965.</title>
        <parentTitleType />
      </item>
      <item>
        <chamberCode />
        <titleType>Display Title</titleType>
        <chamberName />
        <title>Providing for congressional disapproval under chapter 8 of title 5, United States Code, of the rule submitted by the Department of Education relating to accountability and State plans under the Elementary and Secondary Education Act of 1965.</title>
        <parentTitleType />
      </item>
    </titles>
    <createDate>2017-02-02T05:28:42Z</createDate>
    <cboCostEstimates />
    <calendarNumbers />
    <actions>
      <actionTypeCounts>
        <becamePublicLaw>2</becamePublicLaw>
        <measureLaidBeforeSenate>1</measureLaidBeforeSenate>
        <ruleForConsiderationOfBillReportedToHouse>1</ruleForConsiderationOfBillReportedToHouse>
        <passedAgreedToInHouse>1</passedAgreedToInHouse>
        <presentedToPresident>1</presentedToPresident>
        <passedAgreedToInSenate>1</passedAgreedToInSenate>
        <introducedInTheHouse>1</introducedInTheHouse>
        <motionToReconsiderResults>1</motionToReconsiderResults>
        <motionForPreviousQuestion>1</motionForPreviousQuestion>
        <consideredBySenate>1</consideredBySenate>
        <introducedInHouse>1</introducedInHouse>
        <considerationByHouse>2</considerationByHouse>
        <placeholderTextForE>3</placeholderTextForE>
        <billReferrals>1</billReferrals>
        <passageOfAMeasure>1</passageOfAMeasure>
        <introducedInSenate>1</introducedInSenate>
        <sentToHouse>1</sentToHouse>
        <motionToConsider>1</motionToConsider>
        <generalDebate>3</generalDebate>
        <passedSenate>1</passedSenate>
      </actionTypeCounts>
      <item>
        <actionDate>2017-03-27</actionDate>
        <links>
          <link>
            <name>Public Law No: 115-13</name>
            <url>https://www.congress.gov/bill/115th-congress/house-joint-resolution/57/text/pl</url>
          </link>
        </links>
        <text>Became Public Law No: 115-13.</text>
        <type>President</type>
        <actionCode>E40000</actionCode>
        <sourceSystem>
          <name>House floor actions</name>
          <code>2</code>
        </sourceSystem>
        <committee />
      </item>
      <item>
        <actionDate>2017-03-27</actionDate>
        <links>
          <link>
            <name>Public Law No: 115-13</name>
            <url>https://www.congress.gov/bill/115th-congress/house-joint-resolution/57/text/pl</url>
          </link>
        </links>
        <text>Became Public Law No: 115-13.</text>
        <type>BecameLaw</type>
        <actionCode>36000</actionCode>
        <sourceSystem>
          <name>Library of Congress</name>
          <code>9</code>
        </sourceSystem>
        <committee />
      </item>
      <item>
        <actionDate>2017-03-27</actionDate>
        <links />
        <text>Signed by President.</text>
        <type>President</type>
        <actionCode>E30000</actionCode>
        <sourceSystem>
          <name>House floor actions</name>
          <code>2</code>
        </sourceSystem>
        <committee />
      </item>
      <item>
        <actionDate>2017-03-27</actionDate>
        <links />
        <text>Signed by President.</text>
        <type>BecameLaw</type>
        <actionCode>36000</actionCode>
        <sourceSystem>
          <name>Library of Congress</name>
          <code>9</code>
        </sourceSystem>
        <committee />
      </item>
      <item>
        <actionDate>2017-03-16</actionDate>
        <links />
        <text>Presented to President.</text>
        <type>Floor</type>
        <actionCode>E20000</actionCode>
        <sourceSystem>
          <name>House floor actions</name>
          <code>2</code>
        </sourceSystem>
        <committee />
      </item>
      <item>
        <actionDate>2017-03-16</actionDate>
        <links />
        <text>Presented to President.</text>
        <type>President</type>
        <actionCode>28000</actionCode>
        <sourceSystem>
          <name>Library of Congress</name>
          <code>9</code>
        </sourceSystem>
        <committee />
      </item>
      <item>
        <actionDate>2017-03-09</actionDate>
        <committee />
        <links />
        <sourceSystem>
          <name>Senate</name>
          <code>0</code>
        </sourceSystem>
        <text>Message on Senate action sent to the House.</text>
        <type>Floor</type>
      </item>
      <item>
        <actionDate>2017-03-09</actionDate>
        <committee />
        <links>
          <link>
            <name>Record Vote Number: 84</name>
            <url>http://www.senate.gov/legislative/LIS/roll_call_lists/roll_call_vote_cfm.cfm?congress=115&amp;session=1&amp;vote=00084</url>
          </link>
        </links>
        <sourceSystem>
          <name>Senate</name>
          <code>0</code>
        </sourceSystem>
        <text>Passed Senate without amendment by Yea-Nay Vote. 50 - 49. Record Vote Number: 84.</text>
        <type>Floor</type>
      </item>
      <item>
        <actionDate>2017-03-09</actionDate>
        <links>
          <link>
            <name>Record Vote Number: 84</name>
            <url>http://www.senate.gov/legislative/LIS/roll_call_lists/roll_call_vote_cfm.cfm?congress=115&amp;session=1&amp;vote=00084</url>
          </link>
        </links>
        <text>Passed/agreed to in Senate: Passed Senate without amendment by Yea-Nay Vote. 50 - 49. Record Vote Number: 84.</text>
        <type>Floor</type>
        <actionCode>17000</actionCode>
        <sourceSystem>
          <name>Library of Congress</name>
          <code>9</code>
        </sourceSystem>
        <committee />
      </item>
      <item>
        <actionDate>2017-03-09</actionDate>
        <committee />
        <links>
          <link>
            <name>S1704</name>
            <url>https://www.congress.gov/congressional-record/volume-163/senate-section/page/S1704</url>
          </link>
          <link>
            <name>S1709-1714</name>
            <url>https://www.congress.gov/congressional-record/volume-163/senate-section/page/S1709-1714</url>
          </link>
        </links>
        <sourceSystem>
          <name>Senate</name>
          <code>0</code>
        </sourceSystem>
        <text>Considered by Senate. (consideration: CR S1704, S1709-1714)</text>
        <type>Floor</type>
      </item>
      <item>
        <actionDate>2017-03-08</actionDate>
        <committee />
        <links>
          <link>
            <name>S1666-1672</name>
            <url>https://www.congress.gov/congressional-record/volume-163/senate-section/page/S1666-1672</url>
          </link>
          <link>
            <name>S1681-1686</name>
            <url>https://www.congress.gov/congressional-record/volume-163/senate-section/page/S1681-1686</url>
          </link>
          <link>
            <name>S1697</name>
            <url>https://www.congress.gov/congressional-record/volume-163/senate-section/page/S1697</url>
          </link>
        </links>
        <sourceSystem>
          <name>Senate</name>
          <code>0</code>
        </sourceSystem>
        <text>Measure laid before Senate by motion. (consideration: CR S1666-1672, S1681-1686, S1697)</text>
        <type>Floor</type>
      </item>
      <item>
        <actionDate>2017-03-08</actionDate>
        <committee />
        <links>
          <link>
            <name>S1666</name>
            <url>https://www.congress.gov/congressional-record/volume-163/senate-section/page/S1666</url>
          </link>
        </links>
        <sourceSystem>
          <name>Senate</name>
          <code>0</code>
        </sourceSystem>
        <text>Motion to proceed to consideration of measure agreed to in Senate by Voice Vote. (CR S1666)</text>
        <type>Floor</type>
      </item>
      <item>
        <actionDate>2017-02-08</actionDate>
        <committee />
        <links />
        <sourceSystem>
          <name>Senate</name>
          <code>0</code>
        </sourceSystem>
        <text>Received in the Senate.</text>
        <type>IntroReferral</type>
      </item>
      <item>
        <actionDate>2017-02-07</actionDate>
        <actionTime>17:04:45</actionTime>
        <committee />
        <links />
        <text>Motion to reconsider laid on the table Agreed to without objection.</text>
        <actionCode>H38310</actionCode>
        <sourceSystem>
          <name>House floor actions</name>
          <code>2</code>
        </sourceSystem>
        <type>Floor</type>
      </item>
      <item>
        <actionDate>2017-02-07</actionDate>
        <actionTime>17:04:43</actionTime>
        <committee />
        <links>
          <link>
            <name>H1046</name>
            <url>https://www.congress.gov/congressional-record/volume-163/house-section/page/H1046</url>
          </link>
          <link>
            <name>Roll no. 84</name>
            <url>http://clerk.house.gov/evs/2017/roll084.xml</url>
          </link>
        </links>
        <text>On passage Passed by the Yeas and Nays: 234 - 190 (Roll no. 84). (text: CR H1046)</text>
        <actionCode>H37100</actionCode>
        <sourceSystem>
          <name>House floor actions</name>
          <code>2</code>
        </sourceSystem>
        <type>Floor</type>
      </item>
      <item>
        <actionDate>2017-02-07</actionDate>
        <actionTime>17:04:43</actionTime>
        <committee />
        <links>
          <link>
            <name>H1046</name>
            <url>https://www.congress.gov/congressional-record/volume-163/house-section/page/H1046</url>
          </link>
          <link>
            <name>Roll no. 84</name>
            <url>http://clerk.house.gov/evs/2017/roll084.xml</url>
          </link>
        </links>
        <text>Passed/agreed to in House: On passage Passed by the Yeas and Nays: 234 - 190 (Roll no. 84).(text: CR H1046)</text>
        <actionCode>8000</actionCode>
        <sourceSystem>
          <name>Library of Congress</name>
          <code>9</code>
        </sourceSystem>
        <type>Floor</type>
      </item>
      <item>
        <actionDate>2017-02-07</actionDate>
        <actionTime>16:58:06</actionTime>
        <committee />
        <links>
          <link>
            <name>H1056</name>
            <url>https://www.congress.gov/congressional-record/volume-163/house-section/page/H1056</url>
          </link>
        </links>
        <text>Considered as unfinished business. (consideration: CR H1056)</text>
        <actionCode>H30000</actionCode>
        <sourceSystem>
          <name>House floor actions</name>
          <code>2</code>
        </sourceSystem>
        <type>Floor</type>
      </item>
      <item>
        <actionDate>2017-02-07</actionDate>
        <actionTime>16:35:10</actionTime>
        <committee />
        <links>
          <link>
            <name>H.J. Res. 57</name>
            <url>https://www.congress.gov/bill/115th-congress/house-joint-resolution/57</url>
          </link>
        </links>
        <text>POSTPONED PROCEEDINGS - At the conclusion of debate on H.J. Res. 57, the Chair put the question on passage and by voice vote, announced that the ayes had prevailed. Mr. Polis demanded the yeas and nays and the Chair postponed further proceedings on passage until a time to be announced.</text>
        <actionCode>H8D000</actionCode>
        <sourceSystem>
          <name>House floor actions</name>
          <code>2</code>
        </sourceSystem>
        <type>Floor</type>
      </item>
      <item>
        <actionDate>2017-02-07</actionDate>
        <actionTime>16:34:30</actionTime>
        <committee />
        <links />
        <text>The previous question was ordered pursuant to the rule.</text>
        <actionCode>H35000</actionCode>
        <sourceSystem>
          <name>House floor actions</name>
          <code>2</code>
        </sourceSystem>
        <type>Floor</type>
      </item>
      <item>
        <actionDate>2017-02-07</actionDate>
        <actionTime>15:35:12</actionTime>
        <committee />
        <links>
          <link>
            <name>H.J. Res. 57</name>
            <url>https://www.congress.gov/bill/115th-congress/house-joint-resolution/57</url>
          </link>
        </links>
        <text>DEBATE - The House proceeded with one hour of debate on H.J. Res. 57.</text>
        <actionCode>H8D000</actionCode>
        <sourceSystem>
          <name>House floor actions</name>
          <code>2</code>
        </sourceSystem>
        <type>Floor</type>
      </item>
      <item>
        <actionDate>2017-02-07</actionDate>
        <actionTime>15:35:00</actionTime>
        <committee />
        <links>
          <link>
            <name>H.J. Res. 44</name>
            <url>https://www.congress.gov/bill/115th-congress/house-joint-resolution/44</url>
          </link>
          <link>
            <name>H.J. Res. 57</name>
            <url>https://www.congress.gov/bill/115th-congress/house-joint-resolution/57</url>
          </link>
          <link>
            <name>H.J. Res. 58</name>
            <url>https://www.congress.gov/bill/115th-congress/house-joint-resolution/58</url>
          </link>
        </links>
        <text>Rule provides for consideration of H.J. Res. 44, H.J. Res. 57 and H.J. Res. 58. The resolution provides for one hour of debate on each joint resolution. Each joint resolution is closed to amendments and allowed one motion to recommit.</text>
        <actionCode>H8D000</actionCode>
        <sourceSystem>
          <name>House floor actions</name>
          <code>2</code>
        </sourceSystem>
        <type>Floor</type>
      </item>
      <item>
        <actionDate>2017-02-07</actionDate>
        <actionTime>15:34:55</actionTime>
        <committee />
        <links>
          <link>
            <name>H. Res. 91</name>
            <url>https://www.congress.gov/bill/115th-congress/house-resolution/91</url>
          </link>
          <link>
            <name>H1046-1055</name>
            <url>https://www.congress.gov/congressional-record/volume-163/house-section/page/H1046-1055</url>
          </link>
        </links>
        <text>Considered under the provisions of rule H. Res. 91. (consideration: CR H1046-1055)</text>
        <actionCode>H30000</actionCode>
        <sourceSystem>
          <name>House floor actions</name>
          <code>2</code>
        </sourceSystem>
        <type>Floor</type>
      </item>
      <item>
        <actionDate>2017-02-06</actionDate>
        <actionTime>18:39:54</actionTime>
        <committee />
        <links>
          <link>
            <name>H. Res. 91</name>
            <url>https://www.congress.gov/bill/115th-congress/house-resolution/91</url>
          </link>
          <link>
            <name>H.J. Res. 44</name>
            <url>https://www.congress.gov/bill/115th-congress/house-joint-resolution/44</url>
          </link>
          <link>
            <name>H.J. Res. 57</name>
            <url>https://www.congress.gov/bill/115th-congress/house-joint-resolution/57</url>
          </link>
          <link>
            <name>H.J. Res. 58</name>
            <url>https://www.congress.gov/bill/115th-congress/house-joint-resolution/58</url>
          </link>
        </links>
        <text>Rules Committee Resolution H. Res. 91 Reported to House. Rule provides for consideration of H.J. Res. 44, H.J. Res. 57 and H.J. Res. 58. The resolution provides for one hour of debate on each joint resolution. Each joint resolution is closed to amendments and allowed one motion to recommit.</text>
        <actionCode>H1L210</actionCode>
        <sourceSystem>
          <name>House floor actions</name>
          <code>2</code>
        </sourceSystem>
        <type>Floor</type>
      </item>
      <item>
        <actionDate>2017-02-01</actionDate>
        <links />
        <text>Referred to the House Committee on Education and the Workforce.</text>
        <type>IntroReferral</type>
        <actionCode>H11100</actionCode>
        <sourceSystem>
          <name>House floor actions</name>
          <code>2</code>
        </sourceSystem>
        <committee>
          <systemCode>hsed00</systemCode>
          <name>Education and the Workforce Committee</name>
        </committee>
      </item>
      <item>
        <actionDate>2017-02-01</actionDate>
        <links />
        <text>Introduced in House</text>
        <type>IntroReferral</type>
        <actionCode>Intro-H</actionCode>
        <sourceSystem>
          <name>Library of Congress</name>
          <code>9</code>
        </sourceSystem>
        <committee />
      </item>
      <item>
        <actionDate>2017-02-01</actionDate>
        <links />
        <text>Introduced in House</text>
        <type>IntroReferral</type>
        <actionCode>1000</actionCode>
        <sourceSystem>
          <name>Library of Congress</name>
          <code>9</code>
        </sourceSystem>
        <committee />
      </item>
      <actionByCounts>
        <senate>7</senate>
        <houseOfRepresentatives>13</houseOfRepresentatives>
      </actionByCounts>
    </actions>
    <summaries>
      <billSummaries>
        <item>
          <versionCode>00</versionCode>
          <actionDate>2017-02-01</actionDate>
          <actionDesc>Introduced in House</actionDesc>
          <name>Introduced in House</name>
          <lastSummaryUpdateDate>2017-02-03T16:35:38Z</lastSummaryUpdateDate>
          <text><![CDATA[<p>This joint resolution nullifies the rule&nbsp;finalized by the Department of Education on November 29, 2016, relating to accountability and state plans under the Elementary and Secondary Education Act of 1965.</p>]]></text>
          <updateDate>2017-02-01T05:00:00Z</updateDate>
        </item>
        <item>
          <versionCode>81</versionCode>
          <actionDate>2017-02-07</actionDate>
          <actionDesc>Passed House without amendment</actionDesc>
          <name>Passed House without amendment</name>
          <lastSummaryUpdateDate>2017-02-23T17:04:46Z</lastSummaryUpdateDate>
          <text><![CDATA[<p>(This measure has not been amended since it was introduced. The summary of that version is repeated here.)</p> <p>This joint resolution nullifies the rule&nbsp;finalized by the Department of Education on November 29, 2016, relating to accountability and state plans under the Elementary and Secondary Education Act of 1965.</p>]]></text>
          <updateDate>2017-02-07T15:00:38Z</updateDate>
        </item>
        <item>
          <versionCode>82</versionCode>
          <actionDate>2017-03-09</actionDate>
          <actionDesc>Passed Senate without amendment</actionDesc>
          <name>Passed Senate without amendment</name>
          <lastSummaryUpdateDate>2017-03-17T19:56:08Z</lastSummaryUpdateDate>
          <text><![CDATA[<p>(This measure has not been amended since it was introduced. The summary of that version is repeated here.)</p> <p>This joint resolution nullifies the rule&nbsp;finalized by the Department of Education on November 29, 2016, relating to accountability and state plans under the Elementary and Secondary Education Act of 1965.</p>]]></text>
          <updateDate>2017-03-09T14:10:58Z</updateDate>
        </item>
        <item>
          <versionCode>49</versionCode>
          <actionDate>2017-03-27</actionDate>
          <actionDesc>Public Law</actionDesc>
          <name>Public Law</name>
          <lastSummaryUpdateDate>2017-03-31T17:56:29Z</lastSummaryUpdateDate>
          <text><![CDATA[<p>(This measure has not been amended since it was introduced. The summary of that version is repeated here.)</p> <p>This joint resolution nullifies the rule&nbsp;finalized by the Department of Education on November 29, 2016, relating to accountability and state plans under the Elementary and Secondary Education Act of 1965.</p>]]></text>
          <updateDate>2017-03-28T03:59:59Z</updateDate>
        </item>
      </billSummaries>
    </summaries>
  </bill>
  <dublinCore xmlns:dc="http://purl.org/dc/elements/1.1/">
    <dc:format>text/xml</dc:format>
    <dc:language>EN</dc:language>
    <dc:rights>Pursuant to Title 17 Section 105 of the United States Code, this file is not subject to copyright protection and is in the public domain.</dc:rights>
    <dc:contributor>Congressional Research Service, Library of Congress</dc:contributor>
    <dc:description>This file contains bill summaries and statuses for federal legislation. A bill summary describes the most significant provisions of a piece of legislation and details the effects the legislative text may have on current law and federal programs. Bill summaries are authored by the Congressional Research Service (CRS) of the Library of Congress. As stated in Public Law 91-510 (2 USC 166 (d)(6)), one of the duties of CRS is "to prepare summaries and digests of bills and resolutions of a public general nature introduced in the Senate or House of Representatives". For more information, refer to the User Guide that accompanies this file.</dc:description>
  </dublinCore>
</billStatus>

