<?xml version="1.0" encoding="UTF-8"?>
<billStatus>
  <bill>
    <committees>
      <billCommittees>
        <item>
          <subcommittees />
          <type>Standing</type>
          <systemCode>hsfa00</systemCode>
          <name>Foreign Affairs Committee</name>
          <activities>
            <item>
              <date>2017-02-03T14:02:15Z</date>
              <name>Referred to</name>
            </item>
          </activities>
          <chamber>House</chamber>
        </item>
      </billCommittees>
    </committees>
    <recordedVotes />
    <laws />
    <summaries>
      <billSummaries>
        <item>
          <updateDate>2017-02-03T05:00:00Z</updateDate>
          <lastSummaryUpdateDate>2017-02-11T14:30:05Z</lastSummaryUpdateDate>
          <text><![CDATA[<p><strong>Authorization for Use of Military Force against the Islamic State of Iraq and the Levant </strong></p> <p> This joint resolution authorizes the President to use the U.S. Armed Forces against the Islamic State of Iraq and the Levant (ISIL) or associated persons or forces. </p> <p>This resolution is intended to constitute specific statutory authorization pursuant to section 5(b) of the War Powers Resolution. </p> <p>The Authorization for Use of Military Force Against Iraq Resolution of 2002 is repealed.</p>]]></text>
          <actionDate>2017-02-03</actionDate>
          <actionDesc>Introduced in House</actionDesc>
          <name>Introduced in House</name>
          <versionCode>00</versionCode>
        </item>
      </billSummaries>
    </summaries>
    <calendarNumbers />
    <titles>
      <item>
        <parentTitleType />
        <titleType>Short Titles as Introduced</titleType>
        <chamberCode />
        <title>Authorization for Use of Military Force against the Islamic State of Iraq and the Levant</title>
        <chamberName />
      </item>
      <item>
        <parentTitleType />
        <titleType>Official Title as Introduced</titleType>
        <chamberCode />
        <title>To authorize the use of the United States Armed Forces against the Islamic State of Iraq and the Levant.</title>
        <chamberName />
      </item>
      <item>
        <parentTitleType />
        <titleType>Display Title</titleType>
        <chamberCode />
        <title>Authorization for Use of Military Force against the Islamic State of Iraq and the Levant</title>
        <chamberName />
      </item>
      <item>
        <parentTitleType />
        <titleType>(Extracted from GPO) Short Titles as Introduced</titleType>
        <chamberCode />
        <title>Authorization for Use of Military Force against the Islamic State of Iraq and the Levant</title>
        <chamberName />
      </item>
    </titles>
    <cosponsors>
      <item>
        <bioguideId>H001071</bioguideId>
        <lastName>Hice</lastName>
        <isOriginalCosponsor>True</isOriginalCosponsor>
        <identifiers>
          <lisID>2237</lisID>
          <bioguideId>H001071</bioguideId>
          <gpoId />
        </identifiers>
        <district>10</district>
        <middleName>B.</middleName>
        <sponsorshipWithdrawnDate />
        <fullName>Rep. Hice, Jody B. [R-GA-10]</fullName>
        <sponsorshipDate>2017-02-03</sponsorshipDate>
        <state>GA</state>
        <firstName>Jody</firstName>
        <party>R</party>
      </item>
      <item>
        <bioguideId>H001048</bioguideId>
        <lastName>Hunter</lastName>
        <isOriginalCosponsor>True</isOriginalCosponsor>
        <identifiers>
          <lisID>1909</lisID>
          <gpoId>7857</gpoId>
          <bioguideId>H001048</bioguideId>
        </identifiers>
        <district>50</district>
        <middleName>D.</middleName>
        <sponsorshipWithdrawnDate />
        <fullName>Rep. Hunter, Duncan D. [R-CA-50]</fullName>
        <sponsorshipDate>2017-02-03</sponsorshipDate>
        <state>CA</state>
        <firstName>Duncan</firstName>
        <party>R</party>
      </item>
      <item>
        <bioguideId>R000591</bioguideId>
        <lastName>Roby</lastName>
        <isOriginalCosponsor>True</isOriginalCosponsor>
        <identifiers>
          <gpoId>7787</gpoId>
          <lisID>1986</lisID>
          <bioguideId>R000591</bioguideId>
        </identifiers>
        <district>2</district>
        <middleName />
        <sponsorshipWithdrawnDate />
        <fullName>Rep. Roby, Martha [R-AL-2]</fullName>
        <sponsorshipDate>2017-02-03</sponsorshipDate>
        <state>AL</state>
        <firstName>Martha</firstName>
        <party>R</party>
      </item>
      <item>
        <bioguideId>B001289</bioguideId>
        <lastName>Byrne</lastName>
        <isOriginalCosponsor>True</isOriginalCosponsor>
        <identifiers>
          <lisID>2197</lisID>
          <gpoId />
          <bioguideId>B001289</bioguideId>
        </identifiers>
        <district>1</district>
        <middleName />
        <sponsorshipWithdrawnDate />
        <fullName>Rep. Byrne, Bradley [R-AL-1]</fullName>
        <sponsorshipDate>2017-02-03</sponsorshipDate>
        <state>AL</state>
        <firstName>Bradley</firstName>
        <party>R</party>
      </item>
      <item>
        <bioguideId>W000815</bioguideId>
        <lastName>Wenstrup</lastName>
        <isOriginalCosponsor>True</isOriginalCosponsor>
        <identifiers>
          <bioguideId>W000815</bioguideId>
          <lisID>2152</lisID>
          <gpoId />
        </identifiers>
        <district>2</district>
        <middleName>R.</middleName>
        <sponsorshipWithdrawnDate />
        <fullName>Rep. Wenstrup, Brad R. [R-OH-2]</fullName>
        <sponsorshipDate>2017-02-03</sponsorshipDate>
        <state>OH</state>
        <firstName>Brad</firstName>
        <party>R</party>
      </item>
      <item>
        <bioguideId>C001107</bioguideId>
        <lastName>Curbelo</lastName>
        <isOriginalCosponsor>False</isOriginalCosponsor>
        <identifiers>
          <gpoId />
          <lisID>2235</lisID>
          <bioguideId>C001107</bioguideId>
        </identifiers>
        <district>26</district>
        <middleName />
        <sponsorshipWithdrawnDate />
        <fullName>Rep. Curbelo, Carlos [R-FL-26]</fullName>
        <sponsorshipDate>2017-02-06</sponsorshipDate>
        <state>FL</state>
        <firstName>Carlos</firstName>
        <party>R</party>
      </item>
    </cosponsors>
    <cboCostEstimates />
    <latestAction>
      <text>Referred to the House Committee on Foreign Affairs.</text>
      <links />
      <actionDate>2017-02-03</actionDate>
    </latestAction>
    <updateDate>2018-08-28T19:56:44Z</updateDate>
    <version>1.0.0</version>
    <constitutionalAuthorityStatementText><![CDATA[<pre>[Congressional Record Volume 163, Number 19 (Friday, February 3, 2017)]From the Congressional Record Online through the Government Publishing Office [<a href='http://www.gpo.gov'>www.gpo.gov</a>]By Mr. KINZINGER:H.J. Res. 63.Congress has the power to enact this legislation pursuantto the following:Article I, Section 8, Clause 11 of the Constitution____________________[Page H978]</pre>]]></constitutionalAuthorityStatementText>
    <policyArea>
      <name>International Affairs</name>
    </policyArea>
    <billType>HJRES</billType>
    <billNumber>63</billNumber>
    <originChamber>House</originChamber>
    <relatedBills />
    <title>Authorization for Use of Military Force against the Islamic State of Iraq and the Levant</title>
    <congress>115</congress>
    <actions>
      <actionByCounts>
        <houseOfRepresentatives>3</houseOfRepresentatives>
      </actionByCounts>
      <item>
        <type>IntroReferral</type>
        <links />
        <sourceSystem>
          <name>House floor actions</name>
          <code>2</code>
        </sourceSystem>
        <committee>
          <name>Foreign Affairs Committee</name>
          <systemCode>hsfa00</systemCode>
        </committee>
        <text>Referred to the House Committee on Foreign Affairs.</text>
        <actionCode>H11100</actionCode>
        <actionDate>2017-02-03</actionDate>
      </item>
      <item>
        <type>IntroReferral</type>
        <links />
        <sourceSystem>
          <name>Library of Congress</name>
          <code>9</code>
        </sourceSystem>
        <committee />
        <text>Introduced in House</text>
        <actionCode>Intro-H</actionCode>
        <actionDate>2017-02-03</actionDate>
      </item>
      <item>
        <type>IntroReferral</type>
        <links />
        <sourceSystem>
          <name>Library of Congress</name>
          <code>9</code>
        </sourceSystem>
        <committee />
        <text>Introduced in House</text>
        <actionCode>1000</actionCode>
        <actionDate>2017-02-03</actionDate>
      </item>
      <actionTypeCounts>
        <billReferrals>1</billReferrals>
        <introducedInTheHouse>1</introducedInTheHouse>
        <introducedInHouse>1</introducedInHouse>
      </actionTypeCounts>
    </actions>
    <subjects>
      <billSubjects>
        <policyArea>
          <name>International Affairs</name>
        </policyArea>
        <legislativeSubjects>
          <item>
            <name>Conflicts and wars</name>
          </item>
          <item>
            <name>Congressional oversight</name>
          </item>
          <item>
            <name>Iraq</name>
          </item>
          <item>
            <name>Middle East</name>
          </item>
          <item>
            <name>Military operations and strategy</name>
          </item>
          <item>
            <name>Syria</name>
          </item>
          <item>
            <name>Terrorism</name>
          </item>
          <item>
            <name>War and emergency powers</name>
          </item>
        </legislativeSubjects>
      </billSubjects>
    </subjects>
    <committeeReports />
    <introducedDate>2017-02-03</introducedDate>
    <sponsors>
      <item>
        <bioguideId>K000378</bioguideId>
        <middleName />
        <byRequestType />
        <fullName>Rep. Kinzinger, Adam [R-IL-16]</fullName>
        <lastName>Kinzinger</lastName>
        <state>IL</state>
        <district>16</district>
        <party>R</party>
        <identifiers>
          <lisID>2014</lisID>
          <gpoId>7931</gpoId>
          <bioguideId>K000378</bioguideId>
        </identifiers>
        <firstName>Adam</firstName>
      </item>
    </sponsors>
    <notes />
    <createDate>2017-02-04T05:07:02Z</createDate>
    <amendments />
  </bill>
  <dublinCore xmlns:dc="http://purl.org/dc/elements/1.1/">
    <dc:format>text/xml</dc:format>
    <dc:language>EN</dc:language>
    <dc:rights>Pursuant to Title 17 Section 105 of the United States Code, this file is not subject to copyright protection and is in the public domain.</dc:rights>
    <dc:contributor>Congressional Research Service, Library of Congress</dc:contributor>
    <dc:description>This file contains bill summaries and statuses for federal legislation. A bill summary describes the most significant provisions of a piece of legislation and details the effects the legislative text may have on current law and federal programs. Bill summaries are authored by the Congressional Research Service (CRS) of the Library of Congress. As stated in Public Law 91-510 (2 USC 166 (d)(6)), one of the duties of CRS is "to prepare summaries and digests of bills and resolutions of a public general nature introduced in the Senate or House of Representatives". For more information, refer to the User Guide that accompanies this file.</dc:description>
  </dublinCore>
</billStatus>

