<?xml version="1.0" encoding="UTF-8"?>
<billStatus>
  <bill>
    <policyArea>
      <name>Civil Rights and Liberties, Minority Issues</name>
    </policyArea>
    <billType>HJRES</billType>
    <latestAction>
      <links />
      <actionDate>2017-09-07</actionDate>
      <text>Referred to the House Committee on the Judiciary.</text>
    </latestAction>
    <createDate>2017-09-08T10:26:35Z</createDate>
    <notes />
    <actions>
      <actionByCounts>
        <houseOfRepresentatives>3</houseOfRepresentatives>
      </actionByCounts>
      <item>
        <committee>
          <systemCode>hsju00</systemCode>
          <name>Judiciary Committee</name>
        </committee>
        <links />
        <type>IntroReferral</type>
        <text>Referred to the House Committee on the Judiciary.</text>
        <actionDate>2017-09-07</actionDate>
        <actionCode>H11100</actionCode>
        <sourceSystem>
          <code>2</code>
          <name>House floor actions</name>
        </sourceSystem>
      </item>
      <item>
        <committee />
        <links />
        <type>IntroReferral</type>
        <text>Introduced in House</text>
        <actionDate>2017-09-07</actionDate>
        <actionCode>Intro-H</actionCode>
        <sourceSystem>
          <code>9</code>
          <name>Library of Congress</name>
        </sourceSystem>
      </item>
      <item>
        <committee />
        <links />
        <type>IntroReferral</type>
        <text>Introduced in House</text>
        <actionDate>2017-09-07</actionDate>
        <actionCode>1000</actionCode>
        <sourceSystem>
          <code>9</code>
          <name>Library of Congress</name>
        </sourceSystem>
      </item>
      <actionTypeCounts>
        <introducedInHouse>1</introducedInHouse>
        <billReferrals>1</billReferrals>
        <introducedInTheHouse>1</introducedInTheHouse>
      </actionTypeCounts>
    </actions>
    <calendarNumbers />
    <congress>115</congress>
    <subjects>
      <billSubjects>
        <legislativeSubjects>
          <item>
            <name>Congressional tributes</name>
          </item>
          <item>
            <name>Crime prevention</name>
          </item>
          <item>
            <name>Crime victims</name>
          </item>
          <item>
            <name>Criminal investigation, prosecution, interrogation</name>
          </item>
          <item>
            <name>Criminal justice information and records</name>
          </item>
          <item>
            <name>Hate crimes</name>
          </item>
          <item>
            <name>Law enforcement officers</name>
          </item>
          <item>
            <name>Political movements and philosophies</name>
          </item>
          <item>
            <name>Presidential administrations</name>
          </item>
          <item>
            <name>Presidents and presidential powers, Vice Presidents</name>
          </item>
          <item>
            <name>Racial and ethnic relations</name>
          </item>
          <item>
            <name>State and local government operations</name>
          </item>
          <item>
            <name>Terrorism</name>
          </item>
          <item>
            <name>Virginia</name>
          </item>
        </legislativeSubjects>
        <policyArea>
          <name>Civil Rights and Liberties, Minority Issues</name>
        </policyArea>
      </billSubjects>
    </subjects>
    <billNumber>117</billNumber>
    <title>Condemning the violence and domestic terrorist attack that took place during events between August 11 and August 12, 2017, in Charlottesville, Virginia, recognizing the first responders who lost their lives while monitoring the events, offering deepest condolences to the families and friends of those individuals who were killed and deepest sympathies and support to those individuals who were injured in the attack, expressing support for the Charlottesville community, rejecting White nationalists, White supremacists, the Ku Klux Klan, neo-Nazis, and other hate groups, and urging the President and the President's Cabinet to use all available resources to address the threats posed by those groups.</title>
    <constitutionalAuthorityStatementText><![CDATA[<pre>[Congressional Record Volume 163, Number 144 (Thursday, September 7, 2017)]From the Congressional Record Online through the Government Publishing Office [<a href='http://www.gpo.gov'>www.gpo.gov</a>]By Mr. GARRETT:H.J. Res. 117.Congress has the power to enact this legislation pursuantto the following:Article 1, Section 8, U.S. Constitution____________________[Page H7183]</pre>]]></constitutionalAuthorityStatementText>
    <committees>
      <billCommittees>
        <item>
          <subcommittees />
          <systemCode>hsju00</systemCode>
          <name>Judiciary Committee</name>
          <activities>
            <item>
              <date>2017-09-07T14:01:45Z</date>
              <name>Referred to</name>
            </item>
          </activities>
          <type>Standing</type>
          <chamber>House</chamber>
        </item>
      </billCommittees>
    </committees>
    <cboCostEstimates />
    <version>1.0.0</version>
    <cosponsors>
      <item>
        <bioguideId>C001078</bioguideId>
        <party>D</party>
        <firstName>Gerald</firstName>
        <state>VA</state>
        <isOriginalCosponsor>True</isOriginalCosponsor>
        <middleName>E.</middleName>
        <identifiers>
          <bioguideId>C001078</bioguideId>
          <lisID>1959</lisID>
          <gpoId>8202</gpoId>
        </identifiers>
        <fullName>Rep. Connolly, Gerald E. [D-VA-11]</fullName>
        <district>11</district>
        <lastName>Connolly</lastName>
        <sponsorshipDate>2017-09-07</sponsorshipDate>
        <sponsorshipWithdrawnDate />
      </item>
      <item>
        <bioguideId>C001105</bioguideId>
        <party>R</party>
        <firstName>Barbara</firstName>
        <state>VA</state>
        <isOriginalCosponsor>True</isOriginalCosponsor>
        <middleName />
        <identifiers>
          <lisID>2273</lisID>
          <gpoId />
          <bioguideId>C001105</bioguideId>
        </identifiers>
        <fullName>Rep. Comstock, Barbara [R-VA-10]</fullName>
        <district>10</district>
        <lastName>Comstock</lastName>
        <sponsorshipDate>2017-09-07</sponsorshipDate>
        <sponsorshipWithdrawnDate />
      </item>
      <item>
        <bioguideId>B001292</bioguideId>
        <party>D</party>
        <firstName>Donald</firstName>
        <state>VA</state>
        <isOriginalCosponsor>True</isOriginalCosponsor>
        <middleName>S.</middleName>
        <identifiers>
          <lisID>2272</lisID>
          <gpoId />
          <bioguideId>B001292</bioguideId>
        </identifiers>
        <fullName>Rep. Beyer, Donald S., Jr. [D-VA-8]</fullName>
        <district>8</district>
        <lastName>Beyer</lastName>
        <sponsorshipDate>2017-09-07</sponsorshipDate>
        <sponsorshipWithdrawnDate />
      </item>
      <item>
        <bioguideId>G000568</bioguideId>
        <party>R</party>
        <firstName>H.</firstName>
        <state>VA</state>
        <isOriginalCosponsor>True</isOriginalCosponsor>
        <middleName>Morgan</middleName>
        <identifiers>
          <lisID>2070</lisID>
          <bioguideId>G000568</bioguideId>
          <gpoId>8200</gpoId>
        </identifiers>
        <fullName>Rep. Griffith, H. Morgan [R-VA-9]</fullName>
        <district>9</district>
        <lastName>Griffith</lastName>
        <sponsorshipDate>2017-09-07</sponsorshipDate>
        <sponsorshipWithdrawnDate />
      </item>
      <item>
        <bioguideId>S000185</bioguideId>
        <party>D</party>
        <firstName>Robert</firstName>
        <state>VA</state>
        <isOriginalCosponsor>True</isOriginalCosponsor>
        <middleName>C. "Bobby"</middleName>
        <identifiers>
          <bioguideId>S000185</bioguideId>
          <lisID>1037</lisID>
          <gpoId>8194</gpoId>
        </identifiers>
        <fullName>Rep. Scott, Robert C. "Bobby" [D-VA-3]</fullName>
        <district>3</district>
        <lastName>Scott</lastName>
        <sponsorshipDate>2017-09-07</sponsorshipDate>
        <sponsorshipWithdrawnDate />
      </item>
      <item>
        <bioguideId>B001290</bioguideId>
        <party>R</party>
        <firstName>Dave</firstName>
        <state>VA</state>
        <isOriginalCosponsor>True</isOriginalCosponsor>
        <middleName />
        <identifiers>
          <lisID>2203</lisID>
          <bioguideId>B001290</bioguideId>
          <gpoId />
        </identifiers>
        <fullName>Rep. Brat, Dave [R-VA-7]</fullName>
        <district>7</district>
        <lastName>Brat</lastName>
        <sponsorshipDate>2017-09-07</sponsorshipDate>
        <sponsorshipWithdrawnDate />
      </item>
      <item>
        <bioguideId>M001200</bioguideId>
        <party>D</party>
        <firstName>A.</firstName>
        <state>VA</state>
        <isOriginalCosponsor>True</isOriginalCosponsor>
        <middleName>Donald</middleName>
        <identifiers>
          <bioguideId>M001200</bioguideId>
          <lisID>2352</lisID>
          <gpoId />
        </identifiers>
        <fullName>Rep. McEachin, A. Donald [D-VA-4]</fullName>
        <district>4</district>
        <lastName>McEachin</lastName>
        <sponsorshipDate>2017-09-07</sponsorshipDate>
        <sponsorshipWithdrawnDate />
      </item>
      <item>
        <bioguideId>T000477</bioguideId>
        <party>R</party>
        <firstName>Scott</firstName>
        <state>VA</state>
        <isOriginalCosponsor>True</isOriginalCosponsor>
        <middleName />
        <identifiers>
          <lisID>2351</lisID>
          <gpoId />
          <bioguideId>T000477</bioguideId>
        </identifiers>
        <fullName>Rep. Taylor, Scott [R-VA-2]</fullName>
        <district>2</district>
        <lastName>Taylor</lastName>
        <sponsorshipDate>2017-09-07</sponsorshipDate>
        <sponsorshipWithdrawnDate />
      </item>
      <item>
        <bioguideId>G000289</bioguideId>
        <party>R</party>
        <firstName>ROBERT</firstName>
        <state>VA</state>
        <isOriginalCosponsor>True</isOriginalCosponsor>
        <middleName>W.</middleName>
        <identifiers>
          <gpoId>8197</gpoId>
          <lisID>446</lisID>
          <bioguideId>G000289</bioguideId>
        </identifiers>
        <fullName>Rep. Goodlatte, Bob [R-VA-6]</fullName>
        <district>6</district>
        <lastName>GOODLATTE</lastName>
        <sponsorshipDate>2017-09-07</sponsorshipDate>
        <sponsorshipWithdrawnDate />
      </item>
      <item>
        <bioguideId>W000804</bioguideId>
        <party>R</party>
        <firstName>Robert</firstName>
        <state>VA</state>
        <isOriginalCosponsor>True</isOriginalCosponsor>
        <middleName>J.</middleName>
        <identifiers>
          <bioguideId>W000804</bioguideId>
          <lisID>1886</lisID>
          <gpoId>8192</gpoId>
        </identifiers>
        <fullName>Rep. Wittman, Robert J. [R-VA-1]</fullName>
        <district>1</district>
        <lastName>Wittman</lastName>
        <sponsorshipDate>2017-09-07</sponsorshipDate>
        <sponsorshipWithdrawnDate />
      </item>
      <item>
        <bioguideId>N000147</bioguideId>
        <party>D</party>
        <firstName>ELEANOR</firstName>
        <state>DC</state>
        <isOriginalCosponsor>False</isOriginalCosponsor>
        <middleName>HOLMES</middleName>
        <identifiers>
          <lisID>868</lisID>
          <gpoId>7871</gpoId>
          <bioguideId>N000147</bioguideId>
        </identifiers>
        <fullName>Rep. Norton, Eleanor Holmes [D-DC-At Large]</fullName>
        <district>0</district>
        <lastName>NORTON</lastName>
        <sponsorshipDate>2017-09-18</sponsorshipDate>
        <sponsorshipWithdrawnDate />
      </item>
    </cosponsors>
    <updateDate>2018-08-28T19:56:54Z</updateDate>
    <laws />
    <originChamber>House</originChamber>
    <introducedDate>2017-09-07</introducedDate>
    <sponsors>
      <item>
        <middleName>A.</middleName>
        <bioguideId>G000580</bioguideId>
        <identifiers>
          <lisID>2353</lisID>
          <gpoId />
          <bioguideId>G000580</bioguideId>
        </identifiers>
        <fullName>Rep. Garrett, Thomas A., Jr. [R-VA-5]</fullName>
        <byRequestType />
        <party>R</party>
        <firstName>Thomas</firstName>
        <state>VA</state>
        <lastName>Garrett</lastName>
        <district>5</district>
      </item>
    </sponsors>
    <relatedBills>
      <item>
        <latestAction>
          <text>Became Public Law No: 115-58.</text>
          <actionDate>2017-09-14</actionDate>
        </latestAction>
        <type>SJRES</type>
        <number>49</number>
        <latestTitle>A joint resolution condemning the violence and domestic terrorist attack that took place during events between August 11 and August 12, 2017, in Charlottesville, Virginia, recognizing the first responders who lost their lives while monitoring the events, offering deepest condolences to the families and friends of those individuals who were killed and deepest sympathies and support to those individuals who were injured by the violence, expressing support for the Charlottesville community, rejecting White nationalists, White supremacists, the Ku Klux Klan, neo-Nazis, and other hate groups, and urging the President and the President's Cabinet to use all available resources to address the threats posed by those groups.</latestTitle>
        <relationshipDetails>
          <item>
            <type>Identical bill</type>
            <identifiedBy>CRS</identifiedBy>
          </item>
        </relationshipDetails>
        <congress>115</congress>
      </item>
    </relatedBills>
    <committeeReports />
    <titles>
      <item>
        <chamberName />
        <parentTitleType />
        <titleType>Official Title as Introduced</titleType>
        <title>Condemning the violence and domestic terrorist attack that took place during events between August 11 and August 12, 2017, in Charlottesville, Virginia, recognizing the first responders who lost their lives while monitoring the events, offering deepest condolences to the families and friends of those individuals who were killed and deepest sympathies and support to those individuals who were injured in the attack, expressing support for the Charlottesville community, rejecting White nationalists, White supremacists, the Ku Klux Klan, neo-Nazis, and other hate groups, and urging the President and the President's Cabinet to use all available resources to address the threats posed by those groups.</title>
        <chamberCode />
      </item>
      <item>
        <chamberName />
        <parentTitleType />
        <titleType>Display Title</titleType>
        <title>Condemning the violence and domestic terrorist attack that took place during events between August 11 and August 12, 2017, in Charlottesville, Virginia, recognizing the first responders who lost their lives while monitoring the events, offering deepest condolences to the families and friends of those individuals who were killed and deepest sympathies and support to those individuals who were injured in the attack, expressing support for the Charlottesville community, rejecting White nationalists, White supremacists, the Ku Klux Klan, neo-Nazis, and other hate groups, and urging the President and the President's Cabinet to use all available resources to address the threats posed by those groups.</title>
        <chamberCode />
      </item>
    </titles>
    <recordedVotes />
    <summaries>
      <billSummaries>
        <item>
          <actionDesc>Introduced in House</actionDesc>
          <name>Introduced in House</name>
          <text><![CDATA[<p>This joint resolution condemns the&nbsp;racist violence and domestic terror attack in Charlottesville, Virginia, and rejects white nationalism, white supremacy, and neo-Nazism sentiments as antithetical to U.S. values.&nbsp;</p> <p>Congress offers condolences to the families of those who died in Charlottesville and sympathy and support for those injured, and expresses support to the Charlottesville community.</p> <p>Congress urges the President and the Administration to speak out against hate groups and use all available resources to address the growing prevalence of domestic hate groups.</p>]]></text>
          <versionCode>00</versionCode>
          <lastSummaryUpdateDate>2017-10-20T16:42:47Z</lastSummaryUpdateDate>
          <updateDate>2017-09-07T04:00:00Z</updateDate>
          <actionDate>2017-09-07</actionDate>
        </item>
      </billSummaries>
    </summaries>
    <amendments />
  </bill>
  <dublinCore xmlns:dc="http://purl.org/dc/elements/1.1/">
    <dc:format>text/xml</dc:format>
    <dc:language>EN</dc:language>
    <dc:rights>Pursuant to Title 17 Section 105 of the United States Code, this file is not subject to copyright protection and is in the public domain.</dc:rights>
    <dc:contributor>Congressional Research Service, Library of Congress</dc:contributor>
    <dc:description>This file contains bill summaries and statuses for federal legislation. A bill summary describes the most significant provisions of a piece of legislation and details the effects the legislative text may have on current law and federal programs. Bill summaries are authored by the Congressional Research Service (CRS) of the Library of Congress. As stated in Public Law 91-510 (2 USC 166 (d)(6)), one of the duties of CRS is "to prepare summaries and digests of bills and resolutions of a public general nature introduced in the Senate or House of Representatives". For more information, refer to the User Guide that accompanies this file.</dc:description>
  </dublinCore>
</billStatus>

