<?xml version="1.0" encoding="UTF-8"?>
<billStatus>
  <bill>
    <titles>
      <item>
        <chamberCode />
        <titleType>Official Title as Introduced</titleType>
        <chamberName />
        <title>Honoring the life of William (Billy) F. Graham, Jr.</title>
        <parentTitleType />
      </item>
      <item>
        <chamberCode />
        <titleType>Display Title</titleType>
        <chamberName />
        <title>Honoring the life of William (Billy) F. Graham, Jr.</title>
        <parentTitleType />
      </item>
    </titles>
    <notes />
    <latestAction>
      <links />
      <text>Referred to the House Committee on Oversight and Government Reform.</text>
      <actionDate>2018-02-27</actionDate>
    </latestAction>
    <constitutionalAuthorityStatementText><![CDATA[<pre>[Congressional Record Volume 164, Number 35 (Tuesday, February 27, 2018)]From the Congressional Record Online through the Government Publishing Office [<a href='http://www.gpo.gov'>www.gpo.gov</a>]By Mr. BUDD:H.J. Res. 130.Congress has the power to enact this legislation pursuantto the following:Article 1, Section 8.____________________[Page H1335]</pre>]]></constitutionalAuthorityStatementText>
    <committees>
      <billCommittees>
        <item>
          <activities>
            <item>
              <name>Referred to</name>
              <date>2018-02-27T15:04:40Z</date>
            </item>
          </activities>
          <chamber>House</chamber>
          <systemCode>hsgo00</systemCode>
          <name>Oversight and Government Reform Committee</name>
          <type>Standing</type>
          <subcommittees />
        </item>
      </billCommittees>
    </committees>
    <actions>
      <actionByCounts>
        <houseOfRepresentatives>3</houseOfRepresentatives>
      </actionByCounts>
      <item>
        <type>IntroReferral</type>
        <links />
        <sourceSystem>
          <name>House floor actions</name>
          <code>2</code>
        </sourceSystem>
        <committee>
          <name>Oversight and Government Reform Committee</name>
          <systemCode>hsgo00</systemCode>
        </committee>
        <text>Referred to the House Committee on Oversight and Government Reform.</text>
        <actionCode>H11100</actionCode>
        <actionDate>2018-02-27</actionDate>
      </item>
      <item>
        <type>IntroReferral</type>
        <links />
        <sourceSystem>
          <name>Library of Congress</name>
          <code>9</code>
        </sourceSystem>
        <committee />
        <text>Introduced in House</text>
        <actionCode>Intro-H</actionCode>
        <actionDate>2018-02-27</actionDate>
      </item>
      <item>
        <type>IntroReferral</type>
        <links />
        <sourceSystem>
          <name>Library of Congress</name>
          <code>9</code>
        </sourceSystem>
        <committee />
        <text>Introduced in House</text>
        <actionCode>1000</actionCode>
        <actionDate>2018-02-27</actionDate>
      </item>
      <actionTypeCounts>
        <billReferrals>1</billReferrals>
        <introducedInTheHouse>1</introducedInTheHouse>
        <introducedInHouse>1</introducedInHouse>
      </actionTypeCounts>
    </actions>
    <policyArea>
      <name>Arts, Culture, Religion</name>
    </policyArea>
    <sponsors>
      <item>
        <fullName>Rep. Budd, Ted [R-NC-13]</fullName>
        <party>R</party>
        <bioguideId>B001305</bioguideId>
        <identifiers>
          <lisID>2336</lisID>
          <bioguideId>B001305</bioguideId>
          <gpoId />
        </identifiers>
        <lastName>Budd</lastName>
        <district>13</district>
        <middleName />
        <firstName>Ted</firstName>
        <byRequestType />
        <state>NC</state>
      </item>
    </sponsors>
    <recordedVotes />
    <updateDate>2018-08-28T19:56:58Z</updateDate>
    <billNumber>130</billNumber>
    <title>Honoring the life of William (Billy) F. Graham, Jr.</title>
    <relatedBills>
      <item>
        <latestAction>
          <actionDate>2018-03-01</actionDate>
          <text>Referred to the House Committee on Oversight and Government Reform.</text>
        </latestAction>
        <relationshipDetails>
          <item>
            <identifiedBy>CRS</identifiedBy>
            <type>Related bill</type>
          </item>
        </relationshipDetails>
        <congress>115</congress>
        <latestTitle>A joint resolution honoring the life of William "Billy" F. Graham, Jr.</latestTitle>
        <type>SJRES</type>
        <number>53</number>
      </item>
    </relatedBills>
    <amendments />
    <version>1.0.0</version>
    <laws />
    <cboCostEstimates />
    <billType>HJRES</billType>
    <createDate>2018-02-28T08:10:57Z</createDate>
    <originChamber>House</originChamber>
    <summaries>
      <billSummaries>
        <item>
          <actionDesc>Introduced in House</actionDesc>
          <actionDate>2018-02-27</actionDate>
          <lastSummaryUpdateDate>2018-03-07T20:39:16Z</lastSummaryUpdateDate>
          <name>Introduced in House</name>
          <text><![CDATA[<p>This joint resolution extends the sympathies of Congress to the family of the Reverend William (Billy) F. Graham, Jr., and honors his life, his ministry, and his contributions to North Carolina, the United States, and the moral and religious life of millions of people. </p>]]></text>
          <versionCode>00</versionCode>
          <updateDate>2018-02-27T05:00:00Z</updateDate>
        </item>
      </billSummaries>
    </summaries>
    <committeeReports />
    <calendarNumbers />
    <cosponsors>
      <item>
        <party>R</party>
        <state>NC</state>
        <bioguideId>M001187</bioguideId>
        <sponsorshipWithdrawnDate />
        <isOriginalCosponsor>True</isOriginalCosponsor>
        <identifiers>
          <bioguideId>M001187</bioguideId>
          <lisID>2142</lisID>
          <gpoId />
        </identifiers>
        <fullName>Rep. Meadows, Mark [R-NC-11]</fullName>
        <lastName>Meadows</lastName>
        <sponsorshipDate>2018-02-27</sponsorshipDate>
        <firstName>Mark</firstName>
        <district>11</district>
        <middleName />
      </item>
      <item>
        <party>R</party>
        <state>NC</state>
        <bioguideId>W000819</bioguideId>
        <sponsorshipWithdrawnDate />
        <isOriginalCosponsor>True</isOriginalCosponsor>
        <identifiers>
          <bioguideId>W000819</bioguideId>
          <gpoId />
          <lisID>2255</lisID>
        </identifiers>
        <fullName>Rep. Walker, Mark [R-NC-6]</fullName>
        <lastName>Walker</lastName>
        <sponsorshipDate>2018-02-27</sponsorshipDate>
        <firstName>Mark</firstName>
        <district>6</district>
        <middleName />
      </item>
      <item>
        <party>R</party>
        <state>NC</state>
        <bioguideId>J000255</bioguideId>
        <sponsorshipWithdrawnDate />
        <isOriginalCosponsor>True</isOriginalCosponsor>
        <identifiers>
          <bioguideId>J000255</bioguideId>
          <lisID>612</lisID>
          <gpoId>8026</gpoId>
        </identifiers>
        <fullName>Rep. Jones, Walter B., Jr. [R-NC-3]</fullName>
        <lastName>JONES</lastName>
        <sponsorshipDate>2018-02-27</sponsorshipDate>
        <firstName>WALTER</firstName>
        <district>3</district>
        <middleName>B.</middleName>
      </item>
      <item>
        <party>R</party>
        <state>NC</state>
        <bioguideId>R000603</bioguideId>
        <sponsorshipWithdrawnDate />
        <isOriginalCosponsor>True</isOriginalCosponsor>
        <identifiers>
          <lisID>2256</lisID>
          <gpoId />
          <bioguideId>R000603</bioguideId>
        </identifiers>
        <fullName>Rep. Rouzer, David [R-NC-7]</fullName>
        <lastName>Rouzer</lastName>
        <sponsorshipDate>2018-02-27</sponsorshipDate>
        <firstName>David</firstName>
        <district>7</district>
        <middleName />
      </item>
      <item>
        <party>R</party>
        <state>NC</state>
        <bioguideId>H001067</bioguideId>
        <sponsorshipWithdrawnDate />
        <isOriginalCosponsor>True</isOriginalCosponsor>
        <identifiers>
          <bioguideId>H001067</bioguideId>
          <lisID>2140</lisID>
          <gpoId />
        </identifiers>
        <fullName>Rep. Hudson, Richard [R-NC-8]</fullName>
        <lastName>Hudson</lastName>
        <sponsorshipDate>2018-02-27</sponsorshipDate>
        <firstName>Richard</firstName>
        <district>8</district>
        <middleName />
      </item>
      <item>
        <party>R</party>
        <state>MI</state>
        <bioguideId>H001058</bioguideId>
        <sponsorshipWithdrawnDate />
        <isOriginalCosponsor>True</isOriginalCosponsor>
        <identifiers>
          <gpoId>7987</gpoId>
          <lisID>2028</lisID>
          <bioguideId>H001058</bioguideId>
        </identifiers>
        <fullName>Rep. Huizenga, Bill [R-MI-2]</fullName>
        <lastName>Huizenga</lastName>
        <sponsorshipDate>2018-02-27</sponsorshipDate>
        <firstName>Bill</firstName>
        <district>2</district>
        <middleName />
      </item>
      <item>
        <party>R</party>
        <state>GA</state>
        <bioguideId>H001078</bioguideId>
        <sponsorshipWithdrawnDate />
        <isOriginalCosponsor>True</isOriginalCosponsor>
        <identifiers>
          <lisID>2360</lisID>
          <gpoId />
          <bioguideId>H001078</bioguideId>
        </identifiers>
        <fullName>Rep. Handel, Karen C. [R-GA-6]</fullName>
        <lastName>Handel</lastName>
        <sponsorshipDate>2018-02-27</sponsorshipDate>
        <firstName>Karen</firstName>
        <district>6</district>
        <middleName>C.</middleName>
      </item>
      <item>
        <party>R</party>
        <state>TX</state>
        <bioguideId>G000552</bioguideId>
        <sponsorshipWithdrawnDate />
        <isOriginalCosponsor>True</isOriginalCosponsor>
        <identifiers>
          <lisID>1801</lisID>
          <bioguideId>G000552</bioguideId>
          <gpoId>8157</gpoId>
        </identifiers>
        <fullName>Rep. Gohmert, Louie [R-TX-1]</fullName>
        <lastName>Gohmert</lastName>
        <sponsorshipDate>2018-02-27</sponsorshipDate>
        <firstName>Louie</firstName>
        <district>1</district>
        <middleName />
      </item>
      <item>
        <party>R</party>
        <state>AL</state>
        <bioguideId>A000055</bioguideId>
        <sponsorshipWithdrawnDate />
        <isOriginalCosponsor>True</isOriginalCosponsor>
        <identifiers>
          <lisID>1460</lisID>
          <bioguideId>A000055</bioguideId>
          <gpoId>7789</gpoId>
        </identifiers>
        <fullName>Rep. Aderholt, Robert B. [R-AL-4]</fullName>
        <lastName>ADERHOLT</lastName>
        <sponsorshipDate>2018-02-27</sponsorshipDate>
        <firstName>ROBERT</firstName>
        <district>4</district>
        <middleName>B.</middleName>
      </item>
      <item>
        <party>R</party>
        <state>FL</state>
        <bioguideId>Y000065</bioguideId>
        <sponsorshipWithdrawnDate />
        <isOriginalCosponsor>True</isOriginalCosponsor>
        <identifiers>
          <bioguideId>Y000065</bioguideId>
          <lisID>2115</lisID>
          <gpoId />
        </identifiers>
        <fullName>Rep. Yoho, Ted S. [R-FL-3]</fullName>
        <lastName>Yoho</lastName>
        <sponsorshipDate>2018-02-27</sponsorshipDate>
        <firstName>Ted</firstName>
        <district>3</district>
        <middleName>S.</middleName>
      </item>
      <item>
        <party>R</party>
        <state>OK</state>
        <bioguideId>C001053</bioguideId>
        <sponsorshipWithdrawnDate />
        <isOriginalCosponsor>True</isOriginalCosponsor>
        <identifiers>
          <lisID>1742</lisID>
          <gpoId>8112</gpoId>
          <bioguideId>C001053</bioguideId>
        </identifiers>
        <fullName>Rep. Cole, Tom [R-OK-4]</fullName>
        <lastName>Cole</lastName>
        <sponsorshipDate>2018-02-27</sponsorshipDate>
        <firstName>Tom</firstName>
        <district>4</district>
        <middleName />
      </item>
      <item>
        <party>R</party>
        <state>SC</state>
        <bioguideId>N000190</bioguideId>
        <sponsorshipWithdrawnDate />
        <isOriginalCosponsor>True</isOriginalCosponsor>
        <identifiers>
          <gpoId />
          <lisID>2361</lisID>
          <bioguideId>N000190</bioguideId>
        </identifiers>
        <fullName>Rep. Norman, Ralph [R-SC-5]</fullName>
        <lastName>Norman</lastName>
        <sponsorshipDate>2018-02-27</sponsorshipDate>
        <firstName>Ralph</firstName>
        <district>5</district>
        <middleName />
      </item>
      <item>
        <party>R</party>
        <state>IL</state>
        <bioguideId>B001295</bioguideId>
        <sponsorshipWithdrawnDate />
        <isOriginalCosponsor>True</isOriginalCosponsor>
        <identifiers>
          <lisID>2243</lisID>
          <gpoId />
          <bioguideId>B001295</bioguideId>
        </identifiers>
        <fullName>Rep. Bost, Mike [R-IL-12]</fullName>
        <lastName>Bost</lastName>
        <sponsorshipDate>2018-02-27</sponsorshipDate>
        <firstName>Mike</firstName>
        <district>12</district>
        <middleName />
      </item>
      <item>
        <party>R</party>
        <state>SC</state>
        <bioguideId>D000615</bioguideId>
        <sponsorshipWithdrawnDate />
        <isOriginalCosponsor>True</isOriginalCosponsor>
        <identifiers>
          <lisID>2057</lisID>
          <bioguideId>D000615</bioguideId>
          <gpoId>8143</gpoId>
        </identifiers>
        <fullName>Rep. Duncan, Jeff [R-SC-3]</fullName>
        <lastName>Duncan</lastName>
        <sponsorshipDate>2018-02-27</sponsorshipDate>
        <firstName>Jeff</firstName>
        <district>3</district>
        <middleName />
      </item>
      <item>
        <party>R</party>
        <state>TN</state>
        <bioguideId>R000582</bioguideId>
        <sponsorshipWithdrawnDate />
        <isOriginalCosponsor>True</isOriginalCosponsor>
        <identifiers>
          <lisID>1954</lisID>
          <gpoId>8148</gpoId>
          <bioguideId>R000582</bioguideId>
        </identifiers>
        <fullName>Rep. Roe, David P. [R-TN-1]</fullName>
        <lastName>Roe</lastName>
        <sponsorshipDate>2018-02-27</sponsorshipDate>
        <firstName>David</firstName>
        <district>1</district>
        <middleName>P.</middleName>
      </item>
      <item>
        <party>R</party>
        <state>PA</state>
        <bioguideId>K000376</bioguideId>
        <sponsorshipWithdrawnDate />
        <isOriginalCosponsor>True</isOriginalCosponsor>
        <identifiers>
          <lisID>2051</lisID>
          <bioguideId>K000376</bioguideId>
          <gpoId>8708</gpoId>
        </identifiers>
        <fullName>Rep. Kelly, Mike [R-PA-3]</fullName>
        <lastName>Kelly</lastName>
        <sponsorshipDate>2018-02-27</sponsorshipDate>
        <firstName>Mike</firstName>
        <district>3</district>
        <middleName />
      </item>
      <item>
        <party>R</party>
        <state>IA</state>
        <bioguideId>K000362</bioguideId>
        <sponsorshipWithdrawnDate />
        <isOriginalCosponsor>True</isOriginalCosponsor>
        <identifiers>
          <lisID>1724</lisID>
          <gpoId>7918</gpoId>
          <bioguideId>K000362</bioguideId>
        </identifiers>
        <fullName>Rep. King, Steve [R-IA-4]</fullName>
        <lastName>King</lastName>
        <sponsorshipDate>2018-02-27</sponsorshipDate>
        <firstName>Steve</firstName>
        <district>4</district>
        <middleName />
      </item>
      <item>
        <party>R</party>
        <state>TX</state>
        <bioguideId>A000375</bioguideId>
        <sponsorshipWithdrawnDate />
        <isOriginalCosponsor>True</isOriginalCosponsor>
        <identifiers>
          <lisID>2350</lisID>
          <bioguideId>A000375</bioguideId>
          <gpoId />
        </identifiers>
        <fullName>Rep. Arrington, Jodey C. [R-TX-19]</fullName>
        <lastName>Arrington</lastName>
        <sponsorshipDate>2018-02-27</sponsorshipDate>
        <firstName>Jodey</firstName>
        <district>19</district>
        <middleName>C.</middleName>
      </item>
      <item>
        <party>R</party>
        <state>KS</state>
        <bioguideId>J000290</bioguideId>
        <sponsorshipWithdrawnDate />
        <isOriginalCosponsor>True</isOriginalCosponsor>
        <identifiers>
          <lisID>1921</lisID>
          <bioguideId>J000290</bioguideId>
          <gpoId>7950</gpoId>
        </identifiers>
        <fullName>Rep. Jenkins, Lynn [R-KS-2]</fullName>
        <lastName>Jenkins</lastName>
        <sponsorshipDate>2018-02-27</sponsorshipDate>
        <firstName>Lynn</firstName>
        <district>2</district>
        <middleName />
      </item>
      <item>
        <party>R</party>
        <state>AZ</state>
        <bioguideId>G000565</bioguideId>
        <sponsorshipWithdrawnDate />
        <isOriginalCosponsor>True</isOriginalCosponsor>
        <identifiers>
          <lisID>1992</lisID>
          <bioguideId>G000565</bioguideId>
          <gpoId>7798</gpoId>
        </identifiers>
        <fullName>Rep. Gosar, Paul A. [R-AZ-4]</fullName>
        <lastName>Gosar</lastName>
        <sponsorshipDate>2018-02-27</sponsorshipDate>
        <firstName>Paul</firstName>
        <district>4</district>
        <middleName>A.</middleName>
      </item>
      <item>
        <party>R</party>
        <state>TX</state>
        <bioguideId>S000583</bioguideId>
        <sponsorshipWithdrawnDate />
        <isOriginalCosponsor>True</isOriginalCosponsor>
        <identifiers>
          <lisID>1075</lisID>
          <bioguideId>S000583</bioguideId>
          <gpoId>8177</gpoId>
        </identifiers>
        <fullName>Rep. Smith, Lamar [R-TX-21]</fullName>
        <lastName>SMITH</lastName>
        <sponsorshipDate>2018-02-27</sponsorshipDate>
        <firstName>LAMAR</firstName>
        <district>21</district>
        <middleName />
      </item>
      <item>
        <party>R</party>
        <state>FL</state>
        <bioguideId>P000599</bioguideId>
        <sponsorshipWithdrawnDate />
        <isOriginalCosponsor>True</isOriginalCosponsor>
        <identifiers>
          <lisID>1915</lisID>
          <gpoId>7887</gpoId>
          <bioguideId>P000599</bioguideId>
        </identifiers>
        <fullName>Rep. Posey, Bill [R-FL-8]</fullName>
        <lastName>Posey</lastName>
        <sponsorshipDate>2018-02-27</sponsorshipDate>
        <firstName>Bill</firstName>
        <district>8</district>
        <middleName />
      </item>
      <item>
        <party>R</party>
        <state>IL</state>
        <bioguideId>H001059</bioguideId>
        <sponsorshipWithdrawnDate />
        <isOriginalCosponsor>True</isOriginalCosponsor>
        <identifiers>
          <lisID>2015</lisID>
          <gpoId>7934</gpoId>
          <bioguideId>H001059</bioguideId>
        </identifiers>
        <fullName>Rep. Hultgren, Randy [R-IL-14]</fullName>
        <lastName>Hultgren</lastName>
        <sponsorshipDate>2018-02-27</sponsorshipDate>
        <firstName>Randy</firstName>
        <district>14</district>
        <middleName />
      </item>
      <item>
        <party>R</party>
        <state>LA</state>
        <bioguideId>A000374</bioguideId>
        <sponsorshipWithdrawnDate />
        <isOriginalCosponsor>True</isOriginalCosponsor>
        <identifiers>
          <lisID>2244</lisID>
          <gpoId />
          <bioguideId>A000374</bioguideId>
        </identifiers>
        <fullName>Rep. Abraham, Ralph Lee [R-LA-5]</fullName>
        <lastName>Abraham</lastName>
        <sponsorshipDate>2018-02-27</sponsorshipDate>
        <firstName>Ralph</firstName>
        <district>5</district>
        <middleName>Lee</middleName>
      </item>
      <item>
        <party>R</party>
        <state>VA</state>
        <bioguideId>B001290</bioguideId>
        <sponsorshipWithdrawnDate />
        <isOriginalCosponsor>True</isOriginalCosponsor>
        <identifiers>
          <lisID>2203</lisID>
          <bioguideId>B001290</bioguideId>
          <gpoId />
        </identifiers>
        <fullName>Rep. Brat, Dave [R-VA-7]</fullName>
        <lastName>Brat</lastName>
        <sponsorshipDate>2018-02-27</sponsorshipDate>
        <firstName>Dave</firstName>
        <district>7</district>
        <middleName />
      </item>
      <item>
        <party>R</party>
        <state>OH</state>
        <bioguideId>G000563</bioguideId>
        <sponsorshipWithdrawnDate />
        <isOriginalCosponsor>True</isOriginalCosponsor>
        <identifiers>
          <lisID>2049</lisID>
          <gpoId>8108</gpoId>
          <bioguideId>G000563</bioguideId>
        </identifiers>
        <fullName>Rep. Gibbs, Bob [R-OH-7]</fullName>
        <lastName>Gibbs</lastName>
        <sponsorshipDate>2018-02-27</sponsorshipDate>
        <firstName>Bob</firstName>
        <district>7</district>
        <middleName />
      </item>
      <item>
        <party>R</party>
        <state>IN</state>
        <bioguideId>M001189</bioguideId>
        <sponsorshipWithdrawnDate />
        <isOriginalCosponsor>True</isOriginalCosponsor>
        <identifiers>
          <bioguideId>M001189</bioguideId>
          <lisID>2130</lisID>
          <gpoId />
        </identifiers>
        <fullName>Rep. Messer, Luke [R-IN-6]</fullName>
        <lastName>Messer</lastName>
        <sponsorshipDate>2018-02-27</sponsorshipDate>
        <firstName>Luke</firstName>
        <district>6</district>
        <middleName />
      </item>
      <item>
        <party>R</party>
        <state>NC</state>
        <bioguideId>M001156</bioguideId>
        <sponsorshipWithdrawnDate />
        <isOriginalCosponsor>True</isOriginalCosponsor>
        <identifiers>
          <lisID>1792</lisID>
          <gpoId>8033</gpoId>
          <bioguideId>M001156</bioguideId>
        </identifiers>
        <fullName>Rep. McHenry, Patrick T. [R-NC-10]</fullName>
        <lastName>McHenry</lastName>
        <sponsorshipDate>2018-02-27</sponsorshipDate>
        <firstName>Patrick</firstName>
        <district>10</district>
        <middleName />
      </item>
      <item>
        <party>R</party>
        <state>KS</state>
        <bioguideId>M001198</bioguideId>
        <sponsorshipWithdrawnDate />
        <isOriginalCosponsor>True</isOriginalCosponsor>
        <identifiers>
          <bioguideId>M001198</bioguideId>
          <lisID>2328</lisID>
          <gpoId />
        </identifiers>
        <fullName>Rep. Marshall, Roger W. [R-KS-1]</fullName>
        <lastName>Marshall</lastName>
        <sponsorshipDate>2018-02-27</sponsorshipDate>
        <firstName>Roger</firstName>
        <district>1</district>
        <middleName>W.</middleName>
      </item>
      <item>
        <party>R</party>
        <state>VA</state>
        <bioguideId>G000289</bioguideId>
        <sponsorshipWithdrawnDate />
        <isOriginalCosponsor>True</isOriginalCosponsor>
        <identifiers>
          <gpoId>8197</gpoId>
          <lisID>446</lisID>
          <bioguideId>G000289</bioguideId>
        </identifiers>
        <fullName>Rep. Goodlatte, Bob [R-VA-6]</fullName>
        <lastName>GOODLATTE</lastName>
        <sponsorshipDate>2018-02-27</sponsorshipDate>
        <firstName>ROBERT</firstName>
        <district>6</district>
        <middleName>W.</middleName>
      </item>
      <item>
        <party>R</party>
        <state>WA</state>
        <bioguideId>M001159</bioguideId>
        <sponsorshipWithdrawnDate />
        <isOriginalCosponsor>True</isOriginalCosponsor>
        <identifiers>
          <lisID>1809</lisID>
          <bioguideId>M001159</bioguideId>
          <gpoId>8209</gpoId>
        </identifiers>
        <fullName>Rep. McMorris Rodgers, Cathy [R-WA-5]</fullName>
        <lastName>McMorris Rodgers</lastName>
        <sponsorshipDate>2018-02-27</sponsorshipDate>
        <firstName>Cathy</firstName>
        <district>5</district>
        <middleName />
      </item>
      <item>
        <party>R</party>
        <state>NE</state>
        <bioguideId>B001298</bioguideId>
        <sponsorshipWithdrawnDate />
        <isOriginalCosponsor>True</isOriginalCosponsor>
        <identifiers>
          <bioguideId>B001298</bioguideId>
          <lisID>2337</lisID>
          <gpoId />
        </identifiers>
        <fullName>Rep. Bacon, Don [R-NE-2]</fullName>
        <lastName>Bacon</lastName>
        <sponsorshipDate>2018-02-27</sponsorshipDate>
        <firstName>Don</firstName>
        <district>2</district>
        <middleName />
      </item>
      <item>
        <party>R</party>
        <state>GA</state>
        <bioguideId>H001071</bioguideId>
        <sponsorshipWithdrawnDate />
        <isOriginalCosponsor>True</isOriginalCosponsor>
        <identifiers>
          <lisID>2237</lisID>
          <bioguideId>H001071</bioguideId>
          <gpoId />
        </identifiers>
        <fullName>Rep. Hice, Jody B. [R-GA-10]</fullName>
        <lastName>Hice</lastName>
        <sponsorshipDate>2018-02-27</sponsorshipDate>
        <firstName>Jody</firstName>
        <district>10</district>
        <middleName>B.</middleName>
      </item>
      <item>
        <party>R</party>
        <state>KY</state>
        <bioguideId>B001282</bioguideId>
        <sponsorshipWithdrawnDate />
        <isOriginalCosponsor>True</isOriginalCosponsor>
        <identifiers>
          <lisID>2131</lisID>
          <bioguideId>B001282</bioguideId>
          <gpoId />
        </identifiers>
        <fullName>Rep. Barr, Andy [R-KY-6]</fullName>
        <lastName>Barr</lastName>
        <sponsorshipDate>2018-02-27</sponsorshipDate>
        <firstName>Andy</firstName>
        <district>6</district>
        <middleName />
      </item>
      <item>
        <party>R</party>
        <state>TX</state>
        <bioguideId>J000174</bioguideId>
        <sponsorshipWithdrawnDate />
        <isOriginalCosponsor>True</isOriginalCosponsor>
        <identifiers>
          <bioguideId>J000174</bioguideId>
          <gpoId>8159</gpoId>
          <lisID>603</lisID>
        </identifiers>
        <fullName>Rep. Johnson, Sam [R-TX-3]</fullName>
        <lastName>JOHNSON</lastName>
        <sponsorshipDate>2018-02-27</sponsorshipDate>
        <firstName>SAM</firstName>
        <district>3</district>
        <middleName />
      </item>
      <item>
        <party>R</party>
        <state>PA</state>
        <bioguideId>T000467</bioguideId>
        <sponsorshipWithdrawnDate />
        <isOriginalCosponsor>True</isOriginalCosponsor>
        <identifiers>
          <bioguideId>T000467</bioguideId>
          <lisID>1952</lisID>
          <gpoId>8123</gpoId>
        </identifiers>
        <fullName>Rep. Thompson, Glenn [R-PA-5]</fullName>
        <lastName>Thompson</lastName>
        <sponsorshipDate>2018-02-27</sponsorshipDate>
        <firstName>Glenn</firstName>
        <district>5</district>
        <middleName />
      </item>
      <item>
        <party>R</party>
        <state>LA</state>
        <bioguideId>J000299</bioguideId>
        <sponsorshipWithdrawnDate />
        <isOriginalCosponsor>True</isOriginalCosponsor>
        <identifiers>
          <lisID>2330</lisID>
          <gpoId />
          <bioguideId>J000299</bioguideId>
        </identifiers>
        <fullName>Rep. Johnson, Mike [R-LA-4]</fullName>
        <lastName>Johnson</lastName>
        <sponsorshipDate>2018-02-27</sponsorshipDate>
        <firstName>Mike</firstName>
        <district>4</district>
        <middleName />
      </item>
      <item>
        <party>R</party>
        <state>VA</state>
        <bioguideId>G000568</bioguideId>
        <sponsorshipWithdrawnDate />
        <isOriginalCosponsor>True</isOriginalCosponsor>
        <identifiers>
          <lisID>2070</lisID>
          <bioguideId>G000568</bioguideId>
          <gpoId>8200</gpoId>
        </identifiers>
        <fullName>Rep. Griffith, H. Morgan [R-VA-9]</fullName>
        <lastName>Griffith</lastName>
        <sponsorshipDate>2018-02-27</sponsorshipDate>
        <firstName>H.</firstName>
        <district>9</district>
        <middleName>Morgan</middleName>
      </item>
      <item>
        <party>R</party>
        <state>TX</state>
        <bioguideId>B001248</bioguideId>
        <sponsorshipWithdrawnDate />
        <isOriginalCosponsor>True</isOriginalCosponsor>
        <identifiers>
          <lisID>1751</lisID>
          <gpoId>8182</gpoId>
          <bioguideId>B001248</bioguideId>
        </identifiers>
        <fullName>Rep. Burgess, Michael C. [R-TX-26]</fullName>
        <lastName>Burgess</lastName>
        <sponsorshipDate>2018-02-27</sponsorshipDate>
        <firstName>Michael</firstName>
        <district>26</district>
        <middleName>C.</middleName>
      </item>
      <item>
        <party>R</party>
        <state>ND</state>
        <bioguideId>C001096</bioguideId>
        <sponsorshipWithdrawnDate />
        <isOriginalCosponsor>True</isOriginalCosponsor>
        <identifiers>
          <lisID>2144</lisID>
          <bioguideId>C001096</bioguideId>
          <gpoId />
        </identifiers>
        <fullName>Rep. Cramer, Kevin [R-ND-At Large]</fullName>
        <lastName>Cramer</lastName>
        <sponsorshipDate>2018-02-27</sponsorshipDate>
        <firstName>Kevin</firstName>
        <district>0</district>
        <middleName />
      </item>
      <item>
        <party>R</party>
        <state>MN</state>
        <bioguideId>E000294</bioguideId>
        <sponsorshipWithdrawnDate />
        <isOriginalCosponsor>True</isOriginalCosponsor>
        <identifiers>
          <lisID>2253</lisID>
          <gpoId />
          <bioguideId>E000294</bioguideId>
        </identifiers>
        <fullName>Rep. Emmer, Tom [R-MN-6]</fullName>
        <lastName>Emmer</lastName>
        <sponsorshipDate>2018-02-27</sponsorshipDate>
        <firstName>Tom</firstName>
        <district>6</district>
        <middleName />
      </item>
      <item>
        <party>R</party>
        <state>NJ</state>
        <bioguideId>M001193</bioguideId>
        <sponsorshipWithdrawnDate />
        <isOriginalCosponsor>True</isOriginalCosponsor>
        <identifiers>
          <lisID>2258</lisID>
          <bioguideId>M001193</bioguideId>
          <gpoId />
        </identifiers>
        <fullName>Rep. MacArthur, Thomas [R-NJ-3]</fullName>
        <lastName>MacArthur</lastName>
        <sponsorshipDate>2018-02-27</sponsorshipDate>
        <firstName>Thomas</firstName>
        <district>3</district>
        <middleName />
      </item>
      <item>
        <party>R</party>
        <state>TN</state>
        <bioguideId>B001273</bioguideId>
        <sponsorshipWithdrawnDate />
        <isOriginalCosponsor>True</isOriginalCosponsor>
        <identifiers>
          <bioguideId>B001273</bioguideId>
          <gpoId>8153</gpoId>
          <lisID>2063</lisID>
        </identifiers>
        <fullName>Rep. Black, Diane [R-TN-6]</fullName>
        <lastName>Black</lastName>
        <sponsorshipDate>2018-02-27</sponsorshipDate>
        <firstName>Diane</firstName>
        <district>6</district>
        <middleName />
      </item>
      <item>
        <party>R</party>
        <state>TN</state>
        <bioguideId>B001243</bioguideId>
        <sponsorshipWithdrawnDate />
        <isOriginalCosponsor>True</isOriginalCosponsor>
        <identifiers>
          <lisID>1748</lisID>
          <gpoId>8154</gpoId>
          <bioguideId>B001243</bioguideId>
        </identifiers>
        <fullName>Rep. Blackburn, Marsha [R-TN-7]</fullName>
        <lastName>Blackburn</lastName>
        <sponsorshipDate>2018-02-27</sponsorshipDate>
        <firstName>Marsha</firstName>
        <district>7</district>
        <middleName />
      </item>
      <item>
        <party>R</party>
        <state>MS</state>
        <bioguideId>P000601</bioguideId>
        <sponsorshipWithdrawnDate />
        <isOriginalCosponsor>True</isOriginalCosponsor>
        <identifiers>
          <bioguideId>P000601</bioguideId>
          <lisID>2035</lisID>
          <gpoId>8022</gpoId>
        </identifiers>
        <fullName>Rep. Palazzo, Steven M. [R-MS-4]</fullName>
        <lastName>Palazzo</lastName>
        <sponsorshipDate>2018-02-27</sponsorshipDate>
        <firstName>Steven</firstName>
        <district>4</district>
        <middleName>M.</middleName>
      </item>
      <item>
        <party>R</party>
        <state>AL</state>
        <bioguideId>P000609</bioguideId>
        <sponsorshipWithdrawnDate />
        <isOriginalCosponsor>True</isOriginalCosponsor>
        <identifiers>
          <lisID>2221</lisID>
          <gpoId />
          <bioguideId>P000609</bioguideId>
        </identifiers>
        <fullName>Rep. Palmer, Gary J. [R-AL-6]</fullName>
        <lastName>Palmer</lastName>
        <sponsorshipDate>2018-02-27</sponsorshipDate>
        <firstName>Gary</firstName>
        <district>6</district>
        <middleName>J.</middleName>
      </item>
      <item>
        <party>R</party>
        <state>NC</state>
        <bioguideId>H001065</bioguideId>
        <sponsorshipWithdrawnDate />
        <isOriginalCosponsor>True</isOriginalCosponsor>
        <identifiers>
          <lisID>2143</lisID>
          <bioguideId>H001065</bioguideId>
          <gpoId />
        </identifiers>
        <fullName>Rep. Holding, George [R-NC-2]</fullName>
        <lastName>Holding</lastName>
        <sponsorshipDate>2018-02-27</sponsorshipDate>
        <firstName>George</firstName>
        <district>2</district>
        <middleName />
      </item>
      <item>
        <party>R</party>
        <state>FL</state>
        <bioguideId>W000806</bioguideId>
        <sponsorshipWithdrawnDate />
        <isOriginalCosponsor>True</isOriginalCosponsor>
        <identifiers>
          <lisID>2002</lisID>
          <gpoId>7880</gpoId>
          <bioguideId>W000806</bioguideId>
        </identifiers>
        <fullName>Rep. Webster, Daniel [R-FL-11]</fullName>
        <lastName>Webster</lastName>
        <sponsorshipDate>2018-02-27</sponsorshipDate>
        <firstName>Daniel</firstName>
        <district>11</district>
        <middleName />
      </item>
      <item>
        <party>R</party>
        <state>CA</state>
        <bioguideId>H001048</bioguideId>
        <sponsorshipWithdrawnDate />
        <isOriginalCosponsor>True</isOriginalCosponsor>
        <identifiers>
          <lisID>1909</lisID>
          <gpoId>7857</gpoId>
          <bioguideId>H001048</bioguideId>
        </identifiers>
        <fullName>Rep. Hunter, Duncan D. [R-CA-50]</fullName>
        <lastName>Hunter</lastName>
        <sponsorshipDate>2018-02-27</sponsorshipDate>
        <firstName>Duncan</firstName>
        <district>50</district>
        <middleName>D.</middleName>
      </item>
      <item>
        <party>R</party>
        <state>TX</state>
        <bioguideId>C001062</bioguideId>
        <sponsorshipWithdrawnDate />
        <isOriginalCosponsor>True</isOriginalCosponsor>
        <identifiers>
          <lisID>1805</lisID>
          <gpoId>8167</gpoId>
          <bioguideId>C001062</bioguideId>
        </identifiers>
        <fullName>Rep. Conaway, K. Michael [R-TX-11]</fullName>
        <lastName>Conaway</lastName>
        <sponsorshipDate>2018-02-27</sponsorshipDate>
        <firstName>K.</firstName>
        <district>11</district>
        <middleName>Michael</middleName>
      </item>
      <item>
        <party>R</party>
        <state>WA</state>
        <bioguideId>N000189</bioguideId>
        <sponsorshipWithdrawnDate />
        <isOriginalCosponsor>True</isOriginalCosponsor>
        <identifiers>
          <bioguideId>N000189</bioguideId>
          <lisID>2275</lisID>
          <gpoId />
        </identifiers>
        <fullName>Rep. Newhouse, Dan [R-WA-4]</fullName>
        <lastName>Newhouse</lastName>
        <sponsorshipDate>2018-02-27</sponsorshipDate>
        <firstName>Dan</firstName>
        <district>4</district>
        <middleName />
      </item>
      <item>
        <party>R</party>
        <state>IN</state>
        <bioguideId>B001284</bioguideId>
        <sponsorshipWithdrawnDate />
        <isOriginalCosponsor>True</isOriginalCosponsor>
        <identifiers>
          <lisID>2129</lisID>
          <gpoId />
          <bioguideId>B001284</bioguideId>
        </identifiers>
        <fullName>Rep. Brooks, Susan W. [R-IN-5]</fullName>
        <lastName>Brooks</lastName>
        <sponsorshipDate>2018-02-27</sponsorshipDate>
        <firstName>Susan</firstName>
        <district>5</district>
        <middleName>W.</middleName>
      </item>
      <item>
        <party>R</party>
        <state>WI</state>
        <bioguideId>G000576</bioguideId>
        <sponsorshipWithdrawnDate />
        <isOriginalCosponsor>True</isOriginalCosponsor>
        <identifiers>
          <lisID>2276</lisID>
          <bioguideId>G000576</bioguideId>
          <gpoId />
        </identifiers>
        <fullName>Rep. Grothman, Glenn [R-WI-6]</fullName>
        <lastName>Grothman</lastName>
        <sponsorshipDate>2018-02-27</sponsorshipDate>
        <firstName>Glenn</firstName>
        <district>6</district>
        <middleName />
      </item>
      <item>
        <party>R</party>
        <state>NC</state>
        <bioguideId>F000450</bioguideId>
        <sponsorshipWithdrawnDate />
        <isOriginalCosponsor>True</isOriginalCosponsor>
        <identifiers>
          <bioguideId>F000450</bioguideId>
          <lisID>1791</lisID>
          <gpoId>8028</gpoId>
        </identifiers>
        <fullName>Rep. Foxx, Virginia [R-NC-5]</fullName>
        <lastName>Foxx</lastName>
        <sponsorshipDate>2018-02-27</sponsorshipDate>
        <firstName>Virginia</firstName>
        <district>5</district>
        <middleName />
      </item>
      <item>
        <party>R</party>
        <state>CO</state>
        <bioguideId>L000564</bioguideId>
        <sponsorshipWithdrawnDate />
        <isOriginalCosponsor>False</isOriginalCosponsor>
        <identifiers>
          <bioguideId>L000564</bioguideId>
          <gpoId>7863</gpoId>
          <lisID>1834</lisID>
        </identifiers>
        <fullName>Rep. Lamborn, Doug [R-CO-5]</fullName>
        <lastName>Lamborn</lastName>
        <sponsorshipDate>2018-03-05</sponsorshipDate>
        <firstName>Doug</firstName>
        <district>5</district>
        <middleName />
      </item>
      <item>
        <party>R</party>
        <state>AL</state>
        <bioguideId>B001274</bioguideId>
        <sponsorshipWithdrawnDate />
        <isOriginalCosponsor>False</isOriginalCosponsor>
        <identifiers>
          <bioguideId>B001274</bioguideId>
          <lisID>1987</lisID>
          <gpoId>7790</gpoId>
        </identifiers>
        <fullName>Rep. Brooks, Mo [R-AL-5]</fullName>
        <lastName>Brooks</lastName>
        <sponsorshipDate>2018-03-05</sponsorshipDate>
        <firstName>Mo</firstName>
        <district>5</district>
        <middleName />
      </item>
      <item>
        <party>R</party>
        <state>MS</state>
        <bioguideId>K000388</bioguideId>
        <sponsorshipWithdrawnDate />
        <isOriginalCosponsor>False</isOriginalCosponsor>
        <identifiers>
          <lisID>2294</lisID>
          <gpoId />
          <bioguideId>K000388</bioguideId>
        </identifiers>
        <fullName>Rep. Kelly, Trent [R-MS-1]</fullName>
        <lastName>Kelly</lastName>
        <sponsorshipDate>2018-03-05</sponsorshipDate>
        <firstName>Trent</firstName>
        <district>1</district>
        <middleName />
      </item>
      <item>
        <party>R</party>
        <state>MO</state>
        <bioguideId>H001053</bioguideId>
        <sponsorshipWithdrawnDate />
        <isOriginalCosponsor>False</isOriginalCosponsor>
        <identifiers>
          <lisID>2032</lisID>
          <bioguideId>H001053</bioguideId>
          <gpoId>8012</gpoId>
        </identifiers>
        <fullName>Rep. Hartzler, Vicky [R-MO-4]</fullName>
        <lastName>Hartzler</lastName>
        <sponsorshipDate>2018-03-05</sponsorshipDate>
        <firstName>Vicky</firstName>
        <district>4</district>
        <middleName />
      </item>
    </cosponsors>
    <introducedDate>2018-02-27</introducedDate>
    <congress>115</congress>
    <subjects>
      <billSubjects>
        <policyArea>
          <name>Arts, Culture, Religion</name>
        </policyArea>
        <legislativeSubjects>
          <item>
            <name>Congressional tributes</name>
          </item>
          <item>
            <name>North Carolina</name>
          </item>
          <item>
            <name>Religion</name>
          </item>
        </legislativeSubjects>
      </billSubjects>
    </subjects>
  </bill>
  <dublinCore xmlns:dc="http://purl.org/dc/elements/1.1/">
    <dc:format>text/xml</dc:format>
    <dc:language>EN</dc:language>
    <dc:rights>Pursuant to Title 17 Section 105 of the United States Code, this file is not subject to copyright protection and is in the public domain.</dc:rights>
    <dc:contributor>Congressional Research Service, Library of Congress</dc:contributor>
    <dc:description>This file contains bill summaries and statuses for federal legislation. A bill summary describes the most significant provisions of a piece of legislation and details the effects the legislative text may have on current law and federal programs. Bill summaries are authored by the Congressional Research Service (CRS) of the Library of Congress. As stated in Public Law 91-510 (2 USC 166 (d)(6)), one of the duties of CRS is "to prepare summaries and digests of bills and resolutions of a public general nature introduced in the Senate or House of Representatives". For more information, refer to the User Guide that accompanies this file.</dc:description>
  </dublinCore>
</billStatus>

