<?xml version="1.0" encoding="UTF-8"?>
<billStatus>
  <bill>
    <committeeReports />
    <updateDate>2018-08-28T19:56:38Z</updateDate>
    <laws>
      <item>
        <type>Public Law</type>
        <number>115-11</number>
      </item>
    </laws>
    <billType>HJRES</billType>
    <subjects>
      <billSubjects>
        <policyArea>
          <name>Labor and Employment</name>
        </policyArea>
        <legislativeSubjects>
          <item>
            <name>Administrative law and regulatory procedures</name>
          </item>
          <item>
            <name>Age discrimination</name>
          </item>
          <item>
            <name>Congressional oversight</name>
          </item>
          <item>
            <name>Department of Defense</name>
          </item>
          <item>
            <name>Employee leave</name>
          </item>
          <item>
            <name>Employment discrimination and employee rights</name>
          </item>
          <item>
            <name>General Services Administration</name>
          </item>
          <item>
            <name>Labor standards</name>
          </item>
          <item>
            <name>Labor-management relations</name>
          </item>
          <item>
            <name>Military procurement, research, weapons development</name>
          </item>
          <item>
            <name>National Aeronautics and Space Administration</name>
          </item>
          <item>
            <name>Public contracts and procurement</name>
          </item>
          <item>
            <name>Worker safety and health</name>
          </item>
        </legislativeSubjects>
      </billSubjects>
    </subjects>
    <policyArea>
      <name>Labor and Employment</name>
    </policyArea>
    <recordedVotes>
      <recordedVote>
        <date>2017-03-06T23:30:14Z</date>
        <sessionNumber>1</sessionNumber>
        <url>http://www.senate.gov/legislative/LIS/roll_call_lists/roll_call_vote_cfm.cfm?&amp;congress=115&amp;session=1&amp;vote=00081</url>
        <chamber>Senate</chamber>
        <congress>115</congress>
        <rollNumber>81</rollNumber>
        <fullActionName>PASSED SENATE</fullActionName>
      </recordedVote>
      <recordedVote>
        <date>2017-03-02T19:47:09Z</date>
        <sessionNumber>1</sessionNumber>
        <url>http://www.senate.gov/legislative/LIS/roll_call_lists/roll_call_vote_cfm.cfm?&amp;congress=115&amp;session=1&amp;vote=00080</url>
        <chamber>Senate</chamber>
        <congress>115</congress>
        <rollNumber>80</rollNumber>
        <fullActionName>MOTION TO CONSIDER</fullActionName>
      </recordedVote>
      <recordedVote>
        <date>2017-02-02T20:56:56Z</date>
        <sessionNumber>1</sessionNumber>
        <url>http://clerk.house.gov/evs/2017/roll076.xml</url>
        <chamber>House</chamber>
        <congress>115</congress>
        <rollNumber>76</rollNumber>
        <fullActionName>Passage of a Measure</fullActionName>
      </recordedVote>
    </recordedVotes>
    <originChamber>House</originChamber>
    <latestAction>
      <text>Became Public Law No: 115-11.</text>
      <links>
        <link>
          <url>https://www.congress.gov/bill/115th-congress/house-joint-resolution/37/text/pl</url>
          <name>Public Law No: 115-11</name>
        </link>
      </links>
      <actionDate>2017-03-27</actionDate>
    </latestAction>
    <constitutionalAuthorityStatementText><![CDATA[<pre>[Congressional Record Volume 163, Number 15 (Monday, January 30, 2017)]From the Congressional Record Online through the Government Publishing Office [<a href='http://www.gpo.gov'>www.gpo.gov</a>]By Ms. FOXX:H.J. Res. 37.Congress has the power to enact this legislation pursuantto the following:Article I, section 8 of the Constitution of the UnitedStates[Page H746]</pre>]]></constitutionalAuthorityStatementText>
    <billNumber>37</billNumber>
    <committees>
      <billCommittees>
        <item>
          <activities>
            <item>
              <name>Referred to</name>
              <date>2017-01-30T17:01:35Z</date>
            </item>
          </activities>
          <chamber>House</chamber>
          <systemCode>hsgo00</systemCode>
          <name>Oversight and Government Reform Committee</name>
          <type>Standing</type>
          <subcommittees />
        </item>
      </billCommittees>
    </committees>
    <introducedDate>2017-01-30</introducedDate>
    <cosponsors>
      <item>
        <firstName>Jason</firstName>
        <lastName>Chaffetz</lastName>
        <sponsorshipWithdrawnDate />
        <sponsorshipDate>2017-01-30</sponsorshipDate>
        <bioguideId>C001076</bioguideId>
        <district>3</district>
        <middleName />
        <isOriginalCosponsor>True</isOriginalCosponsor>
        <fullName>Rep. Chaffetz, Jason [R-UT-3]</fullName>
        <state>UT</state>
        <party>R</party>
        <identifiers>
          <lisID>1956</lisID>
          <bioguideId>C001076</bioguideId>
          <gpoId>8191</gpoId>
        </identifiers>
      </item>
      <item>
        <firstName>STEVE</firstName>
        <lastName>CHABOT</lastName>
        <sponsorshipWithdrawnDate />
        <sponsorshipDate>2017-01-30</sponsorshipDate>
        <bioguideId>C000266</bioguideId>
        <district>1</district>
        <middleName />
        <isOriginalCosponsor>True</isOriginalCosponsor>
        <fullName>Rep. Chabot, Steve [R-OH-1]</fullName>
        <state>OH</state>
        <party>R</party>
        <identifiers>
          <bioguideId>C000266</bioguideId>
          <gpoId>8091</gpoId>
          <lisID>186</lisID>
        </identifiers>
      </item>
      <item>
        <firstName>Paul</firstName>
        <lastName>Mitchell</lastName>
        <sponsorshipWithdrawnDate />
        <sponsorshipDate>2017-01-30</sponsorshipDate>
        <bioguideId>M001201</bioguideId>
        <district>10</district>
        <middleName />
        <isOriginalCosponsor>True</isOriginalCosponsor>
        <fullName>Rep. Mitchell, Paul [R-MI-10]</fullName>
        <state>MI</state>
        <party>R</party>
        <identifiers>
          <bioguideId>M001201</bioguideId>
          <lisID>2334</lisID>
          <gpoId />
        </identifiers>
      </item>
      <item>
        <firstName>PETE</firstName>
        <lastName>SESSIONS</lastName>
        <sponsorshipWithdrawnDate />
        <sponsorshipDate>2017-02-02</sponsorshipDate>
        <bioguideId>S000250</bioguideId>
        <district>32</district>
        <middleName />
        <isOriginalCosponsor>False</isOriginalCosponsor>
        <fullName>Rep. Sessions, Pete [R-TX-32]</fullName>
        <state>TX</state>
        <party>R</party>
        <identifiers>
          <lisID>1525</lisID>
          <bioguideId>S000250</bioguideId>
          <gpoId>8188</gpoId>
        </identifiers>
      </item>
      <item>
        <firstName>Gary</firstName>
        <lastName>Palmer</lastName>
        <sponsorshipWithdrawnDate />
        <sponsorshipDate>2017-02-02</sponsorshipDate>
        <bioguideId>P000609</bioguideId>
        <district>6</district>
        <middleName>J.</middleName>
        <isOriginalCosponsor>False</isOriginalCosponsor>
        <fullName>Rep. Palmer, Gary J. [R-AL-6]</fullName>
        <state>AL</state>
        <party>R</party>
        <identifiers>
          <lisID>2221</lisID>
          <gpoId />
          <bioguideId>P000609</bioguideId>
        </identifiers>
      </item>
      <item>
        <firstName>Paul</firstName>
        <lastName>Gosar</lastName>
        <sponsorshipWithdrawnDate />
        <sponsorshipDate>2017-02-02</sponsorshipDate>
        <bioguideId>G000565</bioguideId>
        <district>4</district>
        <middleName>A.</middleName>
        <isOriginalCosponsor>False</isOriginalCosponsor>
        <fullName>Rep. Gosar, Paul A. [R-AZ-4]</fullName>
        <state>AZ</state>
        <party>R</party>
        <identifiers>
          <lisID>1992</lisID>
          <bioguideId>G000565</bioguideId>
          <gpoId>7798</gpoId>
        </identifiers>
      </item>
      <item>
        <firstName>Blake</firstName>
        <lastName>Farenthold</lastName>
        <sponsorshipWithdrawnDate />
        <sponsorshipDate>2017-02-02</sponsorshipDate>
        <bioguideId>F000460</bioguideId>
        <district>27</district>
        <middleName />
        <isOriginalCosponsor>False</isOriginalCosponsor>
        <fullName>Rep. Farenthold, Blake [R-TX-27]</fullName>
        <state>TX</state>
        <party>R</party>
        <identifiers>
          <bioguideId>F000460</bioguideId>
          <gpoId>8183</gpoId>
          <lisID>2067</lisID>
        </identifiers>
      </item>
      <item>
        <firstName>Glenn</firstName>
        <lastName>Grothman</lastName>
        <sponsorshipWithdrawnDate />
        <sponsorshipDate>2017-02-02</sponsorshipDate>
        <bioguideId>G000576</bioguideId>
        <district>6</district>
        <middleName />
        <isOriginalCosponsor>False</isOriginalCosponsor>
        <fullName>Rep. Grothman, Glenn [R-WI-6]</fullName>
        <state>WI</state>
        <party>R</party>
        <identifiers>
          <lisID>2276</lisID>
          <bioguideId>G000576</bioguideId>
          <gpoId />
        </identifiers>
      </item>
      <item>
        <firstName>Keith</firstName>
        <lastName>Rothfus</lastName>
        <sponsorshipWithdrawnDate />
        <sponsorshipDate>2017-02-02</sponsorshipDate>
        <bioguideId>R000598</bioguideId>
        <district>12</district>
        <middleName>J.</middleName>
        <isOriginalCosponsor>False</isOriginalCosponsor>
        <fullName>Rep. Rothfus, Keith J. [R-PA-12]</fullName>
        <state>PA</state>
        <party>R</party>
        <identifiers>
          <bioguideId>R000598</bioguideId>
          <lisID>2158</lisID>
          <gpoId />
        </identifiers>
      </item>
      <item>
        <firstName>Aumua Amata</firstName>
        <lastName>Radewagen</lastName>
        <sponsorshipWithdrawnDate />
        <sponsorshipDate>2017-02-02</sponsorshipDate>
        <bioguideId>R000600</bioguideId>
        <district>0</district>
        <middleName>Coleman</middleName>
        <isOriginalCosponsor>False</isOriginalCosponsor>
        <fullName>Rep. Radewagen, Aumua Amata Coleman [R-AS-At Large]</fullName>
        <state>AS</state>
        <party>R</party>
        <identifiers>
          <gpoId />
          <lisID>2222</lisID>
          <bioguideId>R000600</bioguideId>
        </identifiers>
      </item>
      <item>
        <firstName>Stephen</firstName>
        <lastName>Knight</lastName>
        <sponsorshipWithdrawnDate />
        <sponsorshipDate>2017-02-02</sponsorshipDate>
        <bioguideId>K000387</bioguideId>
        <district>25</district>
        <middleName />
        <isOriginalCosponsor>False</isOriginalCosponsor>
        <fullName>Rep. Knight, Stephen [R-CA-25]</fullName>
        <state>CA</state>
        <party>R</party>
        <identifiers>
          <bioguideId>K000387</bioguideId>
          <lisID>2228</lisID>
          <gpoId />
        </identifiers>
      </item>
      <item>
        <firstName>Louie</firstName>
        <lastName>Gohmert</lastName>
        <sponsorshipWithdrawnDate />
        <sponsorshipDate>2017-02-02</sponsorshipDate>
        <bioguideId>G000552</bioguideId>
        <district>1</district>
        <middleName />
        <isOriginalCosponsor>False</isOriginalCosponsor>
        <fullName>Rep. Gohmert, Louie [R-TX-1]</fullName>
        <state>TX</state>
        <party>R</party>
        <identifiers>
          <lisID>1801</lisID>
          <bioguideId>G000552</bioguideId>
          <gpoId>8157</gpoId>
        </identifiers>
      </item>
      <item>
        <firstName>Mark</firstName>
        <lastName>Meadows</lastName>
        <sponsorshipWithdrawnDate />
        <sponsorshipDate>2017-02-02</sponsorshipDate>
        <bioguideId>M001187</bioguideId>
        <district>11</district>
        <middleName />
        <isOriginalCosponsor>False</isOriginalCosponsor>
        <fullName>Rep. Meadows, Mark [R-NC-11]</fullName>
        <state>NC</state>
        <party>R</party>
        <identifiers>
          <bioguideId>M001187</bioguideId>
          <lisID>2142</lisID>
          <gpoId />
        </identifiers>
      </item>
      <item>
        <firstName>David</firstName>
        <lastName>Roe</lastName>
        <sponsorshipWithdrawnDate />
        <sponsorshipDate>2017-02-02</sponsorshipDate>
        <bioguideId>R000582</bioguideId>
        <district>1</district>
        <middleName>P.</middleName>
        <isOriginalCosponsor>False</isOriginalCosponsor>
        <fullName>Rep. Roe, David P. [R-TN-1]</fullName>
        <state>TN</state>
        <party>R</party>
        <identifiers>
          <lisID>1954</lisID>
          <bioguideId>R000582</bioguideId>
          <gpoId>8148</gpoId>
        </identifiers>
      </item>
      <item>
        <firstName>Tim</firstName>
        <lastName>Walberg</lastName>
        <sponsorshipWithdrawnDate />
        <sponsorshipDate>2017-02-02</sponsorshipDate>
        <bioguideId>W000798</bioguideId>
        <district>7</district>
        <middleName />
        <isOriginalCosponsor>False</isOriginalCosponsor>
        <fullName>Rep. Walberg, Tim [R-MI-7]</fullName>
        <state>MI</state>
        <party>R</party>
        <identifiers>
          <lisID>1855</lisID>
          <bioguideId>W000798</bioguideId>
          <gpoId>7992</gpoId>
        </identifiers>
      </item>
      <item>
        <firstName>Bradley</firstName>
        <lastName>Byrne</lastName>
        <sponsorshipWithdrawnDate />
        <sponsorshipDate>2017-02-02</sponsorshipDate>
        <bioguideId>B001289</bioguideId>
        <district>1</district>
        <middleName />
        <isOriginalCosponsor>False</isOriginalCosponsor>
        <fullName>Rep. Byrne, Bradley [R-AL-1]</fullName>
        <state>AL</state>
        <party>R</party>
        <identifiers>
          <lisID>2197</lisID>
          <bioguideId>B001289</bioguideId>
          <gpoId />
        </identifiers>
      </item>
      <item>
        <firstName>Joe</firstName>
        <lastName>Wilson</lastName>
        <sponsorshipWithdrawnDate />
        <sponsorshipDate>2017-02-02</sponsorshipDate>
        <bioguideId>W000795</bioguideId>
        <district>2</district>
        <middleName />
        <isOriginalCosponsor>False</isOriginalCosponsor>
        <fullName>Rep. Wilson, Joe [R-SC-2]</fullName>
        <state>SC</state>
        <party>R</party>
        <identifiers>
          <lisID>1688</lisID>
          <gpoId>8142</gpoId>
          <bioguideId>W000795</bioguideId>
        </identifiers>
      </item>
    </cosponsors>
    <notes />
    <relatedBills>
      <item>
        <latestTitle>A joint resolution disapproving the rule submitted by the Department of Defense, the General Services Administration, and the National Aeronautics and Space Administration relating to the Federal Acquisition Regulation.</latestTitle>
        <relationshipDetails>
          <item>
            <type>Identical bill</type>
            <identifiedBy>CRS</identifiedBy>
          </item>
        </relationshipDetails>
        <number>12</number>
        <latestAction>
          <actionDate>2017-01-30</actionDate>
          <text>Read twice and referred to the Committee on Homeland Security and Governmental Affairs.</text>
        </latestAction>
        <congress>115</congress>
        <type>SJRES</type>
      </item>
      <item>
        <latestTitle>Providing for consideration of the joint resolution (H.J. Res. 36) providing for congressional disapproval under chapter 8 of title 5, United States Code, of the final rule of the Bureau of Land Management relating to "Waste Prevention, Production Subject to Royalties, and Resource Conservation", and providing for consideration of the joint resolution (H.J. Res. 37) disapproving the rule submitted by the Department of Defense, the General Services Administration, and the National Aeronautics and Space Administration relating to the Federal Acquisition Regulation.</latestTitle>
        <relationshipDetails>
          <item>
            <type>Related bill</type>
            <identifiedBy>House</identifiedBy>
          </item>
          <item>
            <type>Procedurally-related</type>
            <identifiedBy>House</identifiedBy>
          </item>
        </relationshipDetails>
        <number>74</number>
        <latestAction>
          <actionDate>2017-02-02</actionDate>
          <actionTime>13:37:03</actionTime>
          <text>Motion to reconsider laid on the table Agreed to without objection.</text>
        </latestAction>
        <congress>115</congress>
        <type>HRES</type>
      </item>
    </relatedBills>
    <title>Disapproving the rule submitted by the Department of Defense, the General Services Administration, and the National Aeronautics and Space Administration relating to the Federal Acquisition Regulation.</title>
    <sponsors>
      <item>
        <district>5</district>
        <fullName>Rep. Foxx, Virginia [R-NC-5]</fullName>
        <firstName>Virginia</firstName>
        <lastName>Foxx</lastName>
        <state>NC</state>
        <bioguideId>F000450</bioguideId>
        <party>R</party>
        <identifiers>
          <bioguideId>F000450</bioguideId>
          <lisID>1791</lisID>
          <gpoId>8028</gpoId>
        </identifiers>
        <byRequestType />
        <middleName />
      </item>
    </sponsors>
    <congress>115</congress>
    <version>1.0.0</version>
    <amendments />
    <titles>
      <item>
        <chamberName />
        <chamberCode />
        <titleType>Official Title as Introduced</titleType>
        <title>Disapproving the rule submitted by the Department of Defense, the General Services Administration, and the National Aeronautics and Space Administration relating to the Federal Acquisition Regulation.</title>
        <parentTitleType />
      </item>
      <item>
        <chamberName />
        <chamberCode />
        <titleType>Display Title</titleType>
        <title>Disapproving the rule submitted by the Department of Defense, the General Services Administration, and the National Aeronautics and Space Administration relating to the Federal Acquisition Regulation.</title>
        <parentTitleType />
      </item>
    </titles>
    <createDate>2017-01-31T05:23:06Z</createDate>
    <cboCostEstimates />
    <calendarNumbers />
    <actions>
      <item>
        <text>Became Public Law No: 115-11.</text>
        <links>
          <link>
            <url>https://www.congress.gov/bill/115th-congress/house-joint-resolution/37/text/pl</url>
            <name>Public Law No: 115-11</name>
          </link>
        </links>
        <type>President</type>
        <sourceSystem>
          <code>2</code>
          <name>House floor actions</name>
        </sourceSystem>
        <committee />
        <actionDate>2017-03-27</actionDate>
        <actionCode>E40000</actionCode>
      </item>
      <item>
        <text>Became Public Law No: 115-11.</text>
        <links>
          <link>
            <url>https://www.congress.gov/bill/115th-congress/house-joint-resolution/37/text/pl</url>
            <name>Public Law No: 115-11</name>
          </link>
        </links>
        <type>BecameLaw</type>
        <sourceSystem>
          <code>9</code>
          <name>Library of Congress</name>
        </sourceSystem>
        <committee />
        <actionDate>2017-03-27</actionDate>
        <actionCode>36000</actionCode>
      </item>
      <item>
        <text>Signed by President.</text>
        <links />
        <type>President</type>
        <sourceSystem>
          <code>2</code>
          <name>House floor actions</name>
        </sourceSystem>
        <committee />
        <actionDate>2017-03-27</actionDate>
        <actionCode>E30000</actionCode>
      </item>
      <item>
        <text>Signed by President.</text>
        <links />
        <type>BecameLaw</type>
        <sourceSystem>
          <code>9</code>
          <name>Library of Congress</name>
        </sourceSystem>
        <committee />
        <actionDate>2017-03-27</actionDate>
        <actionCode>36000</actionCode>
      </item>
      <item>
        <text>Presented to President.</text>
        <links />
        <type>Floor</type>
        <sourceSystem>
          <code>2</code>
          <name>House floor actions</name>
        </sourceSystem>
        <committee />
        <actionDate>2017-03-16</actionDate>
        <actionCode>E20000</actionCode>
      </item>
      <item>
        <text>Presented to President.</text>
        <links />
        <type>President</type>
        <sourceSystem>
          <code>9</code>
          <name>Library of Congress</name>
        </sourceSystem>
        <committee />
        <actionDate>2017-03-16</actionDate>
        <actionCode>28000</actionCode>
      </item>
      <item>
        <actionDate>2017-03-07</actionDate>
        <committee />
        <links />
        <sourceSystem>
          <code>0</code>
          <name>Senate</name>
        </sourceSystem>
        <text>Message on Senate action sent to the House.</text>
        <type>Floor</type>
      </item>
      <item>
        <actionDate>2017-03-06</actionDate>
        <committee />
        <links>
          <link>
            <url>http://www.senate.gov/legislative/LIS/roll_call_lists/roll_call_vote_cfm.cfm?congress=115&amp;session=1&amp;vote=00081</url>
            <name>Record Vote Number: 81</name>
          </link>
        </links>
        <sourceSystem>
          <code>0</code>
          <name>Senate</name>
        </sourceSystem>
        <text>Passed Senate without amendment by Yea-Nay Vote. 49 - 48. Record Vote Number: 81.</text>
        <type>Floor</type>
      </item>
      <item>
        <text>Passed/agreed to in Senate: Passed Senate without amendment by Yea-Nay Vote. 49 - 48. Record Vote Number: 81.</text>
        <links>
          <link>
            <url>http://www.senate.gov/legislative/LIS/roll_call_lists/roll_call_vote_cfm.cfm?congress=115&amp;session=1&amp;vote=00081</url>
            <name>Record Vote Number: 81</name>
          </link>
        </links>
        <type>Floor</type>
        <sourceSystem>
          <code>9</code>
          <name>Library of Congress</name>
        </sourceSystem>
        <committee />
        <actionDate>2017-03-06</actionDate>
        <actionCode>17000</actionCode>
      </item>
      <item>
        <actionDate>2017-03-06</actionDate>
        <committee />
        <links>
          <link>
            <url>https://www.congress.gov/congressional-record/volume-163/senate-section/page/S1591-1601</url>
            <name>S1591-1601</name>
          </link>
        </links>
        <sourceSystem>
          <code>0</code>
          <name>Senate</name>
        </sourceSystem>
        <text>Considered by Senate. (consideration: CR S1591-1601)</text>
        <type>Floor</type>
      </item>
      <item>
        <actionDate>2017-03-02</actionDate>
        <committee />
        <links />
        <sourceSystem>
          <code>0</code>
          <name>Senate</name>
        </sourceSystem>
        <text>Measure laid before Senate by motion.</text>
        <type>Floor</type>
      </item>
      <item>
        <actionDate>2017-03-02</actionDate>
        <committee />
        <links>
          <link>
            <url>http://www.senate.gov/legislative/LIS/roll_call_lists/roll_call_vote_cfm.cfm?congress=115&amp;session=1&amp;vote=00080</url>
            <name>Record Vote Number: 80</name>
          </link>
          <link>
            <url>https://www.congress.gov/congressional-record/volume-163/senate-section/page/S1564-1571</url>
            <name>S1564-1571</name>
          </link>
        </links>
        <sourceSystem>
          <code>0</code>
          <name>Senate</name>
        </sourceSystem>
        <text>Motion to proceed to consideration of measure agreed to in Senate by Yea-Nay Vote. 51 - 46. Record Vote Number: 80. (consideration: CR S1564-1571)</text>
        <type>Floor</type>
      </item>
      <item>
        <actionDate>2017-02-02</actionDate>
        <committee />
        <links />
        <sourceSystem>
          <code>0</code>
          <name>Senate</name>
        </sourceSystem>
        <text>Received in the Senate, read twice.</text>
        <type>IntroReferral</type>
      </item>
      <item>
        <text>Motion to reconsider laid on the table Agreed to without objection.</text>
        <links />
        <type>Floor</type>
        <sourceSystem>
          <code>2</code>
          <name>House floor actions</name>
        </sourceSystem>
        <committee />
        <actionTime>15:56:58</actionTime>
        <actionDate>2017-02-02</actionDate>
        <actionCode>H38310</actionCode>
      </item>
      <item>
        <text>On passage Passed by recorded vote: 236 - 187 (Roll no. 76). (text: CR H907)</text>
        <links>
          <link>
            <url>https://www.congress.gov/congressional-record/volume-163/house-section/page/H907</url>
            <name>H907</name>
          </link>
          <link>
            <url>http://clerk.house.gov/evs/2017/roll076.xml</url>
            <name>Roll no. 76</name>
          </link>
        </links>
        <type>Floor</type>
        <sourceSystem>
          <code>2</code>
          <name>House floor actions</name>
        </sourceSystem>
        <committee />
        <actionTime>15:56:56</actionTime>
        <actionDate>2017-02-02</actionDate>
        <actionCode>H37100</actionCode>
      </item>
      <item>
        <text>Passed/agreed to in House: On passage Passed by recorded vote: 236 - 187 (Roll no. 76).(text: CR H907)</text>
        <links>
          <link>
            <url>https://www.congress.gov/congressional-record/volume-163/house-section/page/H907</url>
            <name>H907</name>
          </link>
          <link>
            <url>http://clerk.house.gov/evs/2017/roll076.xml</url>
            <name>Roll no. 76</name>
          </link>
        </links>
        <type>Floor</type>
        <sourceSystem>
          <code>9</code>
          <name>Library of Congress</name>
        </sourceSystem>
        <committee />
        <actionTime>15:56:56</actionTime>
        <actionDate>2017-02-02</actionDate>
        <actionCode>8000</actionCode>
      </item>
      <item>
        <text>The previous question was ordered pursuant to the rule. (consideration: CR H915-916)</text>
        <links>
          <link>
            <url>https://www.congress.gov/congressional-record/volume-163/house-section/page/H915-916</url>
            <name>H915-916</name>
          </link>
        </links>
        <type>Floor</type>
        <sourceSystem>
          <code>2</code>
          <name>House floor actions</name>
        </sourceSystem>
        <committee />
        <actionTime>15:32:10</actionTime>
        <actionDate>2017-02-02</actionDate>
        <actionCode>H35000</actionCode>
      </item>
      <item>
        <text>DEBATE - The House proceeded with one hour of debate on H.J. Res. 37.</text>
        <links>
          <link>
            <url>https://www.congress.gov/bill/115th-congress/house-joint-resolution/37</url>
            <name>H.J. Res. 37</name>
          </link>
        </links>
        <type>Floor</type>
        <sourceSystem>
          <code>2</code>
          <name>House floor actions</name>
        </sourceSystem>
        <committee />
        <actionTime>14:39:38</actionTime>
        <actionDate>2017-02-02</actionDate>
        <actionCode>H8D000</actionCode>
      </item>
      <item>
        <text>Both resolutions are closed to amendments. Both resolutions provides for one hour of general debate, and provide for one motion to recommit.</text>
        <links />
        <type>Floor</type>
        <sourceSystem>
          <code>2</code>
          <name>House floor actions</name>
        </sourceSystem>
        <committee />
        <actionTime>14:39:11</actionTime>
        <actionDate>2017-02-02</actionDate>
        <actionCode>H8D000</actionCode>
      </item>
      <item>
        <text>Considered under the provisions of rule H. Res. 74. (consideration: CR H907-916)</text>
        <links>
          <link>
            <url>https://www.congress.gov/bill/115th-congress/house-resolution/74</url>
            <name>H. Res. 74</name>
          </link>
          <link>
            <url>https://www.congress.gov/congressional-record/volume-163/house-section/page/H907-916</url>
            <name>H907-916</name>
          </link>
        </links>
        <type>Floor</type>
        <sourceSystem>
          <code>2</code>
          <name>House floor actions</name>
        </sourceSystem>
        <committee />
        <actionTime>14:39:06</actionTime>
        <actionDate>2017-02-02</actionDate>
        <actionCode>H30000</actionCode>
      </item>
      <item>
        <text>Rule H. Res. 74 passed House.</text>
        <links>
          <link>
            <url>https://www.congress.gov/bill/115th-congress/house-resolution/74</url>
            <name>H. Res. 74</name>
          </link>
        </links>
        <type>Floor</type>
        <sourceSystem>
          <code>2</code>
          <name>House floor actions</name>
        </sourceSystem>
        <committee />
        <actionTime>13:37:03</actionTime>
        <actionDate>2017-02-02</actionDate>
        <actionCode>H1L220</actionCode>
      </item>
      <item>
        <text>Rules Committee Resolution H. Res. 74 Reported to House. Both resolutions are closed to amendments. Both resolutions provides for one hour of general debate, and provide for one motion to recommit.</text>
        <links>
          <link>
            <url>https://www.congress.gov/bill/115th-congress/house-resolution/74</url>
            <name>H. Res. 74</name>
          </link>
        </links>
        <type>Floor</type>
        <sourceSystem>
          <code>2</code>
          <name>House floor actions</name>
        </sourceSystem>
        <committee />
        <actionTime>17:33:10</actionTime>
        <actionDate>2017-01-31</actionDate>
        <actionCode>H1L210</actionCode>
      </item>
      <item>
        <text>Referred to the House Committee on Oversight and Government Reform.</text>
        <links />
        <type>IntroReferral</type>
        <sourceSystem>
          <code>2</code>
          <name>House floor actions</name>
        </sourceSystem>
        <committee>
          <systemCode>hsgo00</systemCode>
          <name>Oversight and Government Reform Committee</name>
        </committee>
        <actionDate>2017-01-30</actionDate>
        <actionCode>H11100</actionCode>
      </item>
      <item>
        <text>Introduced in House</text>
        <links />
        <type>IntroReferral</type>
        <sourceSystem>
          <code>9</code>
          <name>Library of Congress</name>
        </sourceSystem>
        <committee />
        <actionDate>2017-01-30</actionDate>
        <actionCode>Intro-H</actionCode>
      </item>
      <item>
        <text>Introduced in House</text>
        <links />
        <type>IntroReferral</type>
        <sourceSystem>
          <code>9</code>
          <name>Library of Congress</name>
        </sourceSystem>
        <committee />
        <actionDate>2017-01-30</actionDate>
        <actionCode>1000</actionCode>
      </item>
      <actionTypeCounts>
        <measureLaidBeforeSenate>1</measureLaidBeforeSenate>
        <motionToConsider>1</motionToConsider>
        <introducedInTheHouse>1</introducedInTheHouse>
        <sentToHouse>1</sentToHouse>
        <presentedToPresident>1</presentedToPresident>
        <motionForPreviousQuestion>1</motionForPreviousQuestion>
        <becamePublicLaw>2</becamePublicLaw>
        <passedAgreedToInSenate>1</passedAgreedToInSenate>
        <motionToReconsiderResults>1</motionToReconsiderResults>
        <consideredBySenate>1</consideredBySenate>
        <considerationByHouse>1</considerationByHouse>
        <passedAgreedToInHouse>1</passedAgreedToInHouse>
        <passageOfAMeasure>1</passageOfAMeasure>
        <generalDebate>2</generalDebate>
        <introducedInSenate>1</introducedInSenate>
        <placeholderTextForHL>1</placeholderTextForHL>
        <passedSenate>1</passedSenate>
        <placeholderTextForE>3</placeholderTextForE>
        <billReferrals>1</billReferrals>
        <ruleForConsiderationOfBillReportedToHouse>1</ruleForConsiderationOfBillReportedToHouse>
        <introducedInHouse>1</introducedInHouse>
      </actionTypeCounts>
      <actionByCounts>
        <senate>7</senate>
        <houseOfRepresentatives>12</houseOfRepresentatives>
      </actionByCounts>
    </actions>
    <summaries>
      <billSummaries>
        <item>
          <updateDate>2017-01-30T05:00:00Z</updateDate>
          <actionDate>2017-01-30</actionDate>
          <versionCode>00</versionCode>
          <name>Introduced in House</name>
          <text><![CDATA[<p>This joint resolution nullifies the rule finalized by the Department of Defense, the General Services Administration, and the National Aeronautics and Space Administration (NASA) on August 25, 2016, relating to revising the Federal Acquisition Regulation to implement Executive Order 13673 concerning contractor compliance with labor laws. </p>]]></text>
          <lastSummaryUpdateDate>2017-03-15T19:15:43Z</lastSummaryUpdateDate>
          <actionDesc>Introduced in House</actionDesc>
        </item>
        <item>
          <updateDate>2017-02-02T12:46:35Z</updateDate>
          <actionDate>2017-02-02</actionDate>
          <versionCode>81</versionCode>
          <name>Passed House without amendment</name>
          <text><![CDATA[<p>(This measure has not been amended since it was introduced. The summary of that version is repeated here.)</p> <p>This joint resolution nullifies the rule finalized by the Department of Defense, the General Services Administration, and the National Aeronautics and Space Administration (NASA) on August 25, 2016, relating to revising the Federal Acquisition Regulation to implement Executive Order 13673 concerning contractor compliance with labor laws. </p>]]></text>
          <lastSummaryUpdateDate>2017-03-15T19:17:57Z</lastSummaryUpdateDate>
          <actionDesc>Passed House without amendment</actionDesc>
        </item>
        <item>
          <updateDate>2017-03-06T12:54:26Z</updateDate>
          <actionDate>2017-03-06</actionDate>
          <versionCode>82</versionCode>
          <name>Passed Senate without amendment</name>
          <text><![CDATA[<p>(This measure has not been amended since it was introduced. The summary of that version is repeated here.)</p> <p>This joint resolution nullifies the rule finalized by the Department of Defense, the General Services Administration, and the National Aeronautics and Space Administration (NASA) on August 25, 2016, relating to revising the Federal Acquisition Regulation to implement Executive Order 13673 concerning contractor compliance with labor laws. </p>]]></text>
          <lastSummaryUpdateDate>2017-03-27T15:07:29Z</lastSummaryUpdateDate>
          <actionDesc>Passed Senate without amendment</actionDesc>
        </item>
        <item>
          <updateDate>2017-03-28T03:59:59Z</updateDate>
          <actionDate>2017-03-27</actionDate>
          <versionCode>49</versionCode>
          <name>Public Law</name>
          <text><![CDATA[<p>(This measure has not been amended since it was introduced. The summary of that version is repeated here.)</p> <p>This joint resolution nullifies the rule finalized by the Department of Defense, the General Services Administration, and the National Aeronautics and Space Administration (NASA) on August 25, 2016, relating to revising the Federal Acquisition Regulation to implement Executive Order 13673 concerning contractor compliance with labor laws. </p>]]></text>
          <lastSummaryUpdateDate>2017-04-12T19:41:29Z</lastSummaryUpdateDate>
          <actionDesc>Public Law</actionDesc>
        </item>
      </billSummaries>
    </summaries>
  </bill>
  <dublinCore xmlns:dc="http://purl.org/dc/elements/1.1/">
    <dc:format>text/xml</dc:format>
    <dc:language>EN</dc:language>
    <dc:rights>Pursuant to Title 17 Section 105 of the United States Code, this file is not subject to copyright protection and is in the public domain.</dc:rights>
    <dc:contributor>Congressional Research Service, Library of Congress</dc:contributor>
    <dc:description>This file contains bill summaries and statuses for federal legislation. A bill summary describes the most significant provisions of a piece of legislation and details the effects the legislative text may have on current law and federal programs. Bill summaries are authored by the Congressional Research Service (CRS) of the Library of Congress. As stated in Public Law 91-510 (2 USC 166 (d)(6)), one of the duties of CRS is "to prepare summaries and digests of bills and resolutions of a public general nature introduced in the Senate or House of Representatives". For more information, refer to the User Guide that accompanies this file.</dc:description>
  </dublinCore>
</billStatus>

