<?xml version="1.0" encoding="UTF-8"?>
<billStatus>
  <bill>
    <policyArea>
      <name>Families</name>
    </policyArea>
    <billNumber>121</billNumber>
    <laws />
    <constitutionalAuthorityStatementText><![CDATA[<pre>[Congressional Record Volume 163, Number 188 (Thursday, November 16, 2017)]From the Congressional Record Online through the Government Publishing Office [<a href='http://www.gpo.gov'>www.gpo.gov</a>]By Mr. HULTGREN:H.J. Res. 121.Congress has the power to enact this legislation pursuantto the following :Article V. ``The Congress, whenever two-thirds of bothHouses shall deem it necessary, shall propose Amendments tothis Constitution . . .''____________________[Page H9426]</pre>]]></constitutionalAuthorityStatementText>
    <originChamber>House</originChamber>
    <billType>HJRES</billType>
    <summaries>
      <billSummaries>
        <item>
          <updateDate>2017-11-16T05:00:00Z</updateDate>
          <actionDate>2017-11-16</actionDate>
          <versionCode>00</versionCode>
          <name>Introduced in House</name>
          <text><![CDATA[<p><b>Constitutional Amendment</b></p> <p>This joint resolution proposes a constitutional amendment stating that:</p> <ul> <li>the liberty of parents to direct the upbringing, education, and care of their children is a fundamental right; </li> <li>the parental right to direct education includes the right to choose, as an alternative to public education, private, religious, or home schools, and the right to make reasonable choices within public schools for one's child; </li> <li>neither the United States nor any state shall infringe upon these rights without demonstrating that its governmental interest as applied to the person is of the highest order and not otherwise served; </li> <li>the parental rights guaranteed by this amendment shall not be denied or abridged on account of disability; and</li> <li>this amendment shall not be construed to apply to a parental action or decision that would end life. </li></ul>]]></text>
          <lastSummaryUpdateDate>2017-11-17T19:10:52Z</lastSummaryUpdateDate>
          <actionDesc>Introduced in House</actionDesc>
        </item>
      </billSummaries>
    </summaries>
    <relatedBills>
      <item>
        <relationshipDetails>
          <item>
            <type>Related bill</type>
            <identifiedBy>CRS</identifiedBy>
          </item>
        </relationshipDetails>
        <latestTitle>A joint resolution proposing an amendment to the Constitution of the United States relating to parental rights.</latestTitle>
        <type>SJRES</type>
        <congress>115</congress>
        <number>48</number>
        <latestAction>
          <text>Read twice and referred to the Committee on the Judiciary.</text>
          <actionDate>2017-08-01</actionDate>
        </latestAction>
      </item>
    </relatedBills>
    <createDate>2017-11-17T03:11:14Z</createDate>
    <sponsors>
      <item>
        <lastName>Hultgren</lastName>
        <party>R</party>
        <middleName />
        <fullName>Rep. Hultgren, Randy [R-IL-14]</fullName>
        <identifiers>
          <lisID>2015</lisID>
          <gpoId>7934</gpoId>
          <bioguideId>H001059</bioguideId>
        </identifiers>
        <state>IL</state>
        <firstName>Randy</firstName>
        <byRequestType />
        <district>14</district>
        <bioguideId>H001059</bioguideId>
      </item>
    </sponsors>
    <notes />
    <updateDate>2018-08-28T19:56:54Z</updateDate>
    <committeeReports />
    <actions>
      <item>
        <actionDate>2017-12-13</actionDate>
        <committee>
          <systemCode>hsju10</systemCode>
          <name>Constitution and Civil Justice Subcommittee</name>
        </committee>
        <links />
        <sourceSystem>
          <code>1</code>
          <name>House committee actions</name>
        </sourceSystem>
        <text>Referred to the Subcommittee on the Constitution and Civil Justice.</text>
        <type>Committee</type>
      </item>
      <item>
        <text>Referred to the House Committee on the Judiciary.</text>
        <type>IntroReferral</type>
        <links />
        <actionDate>2017-11-16</actionDate>
        <sourceSystem>
          <code>2</code>
          <name>House floor actions</name>
        </sourceSystem>
        <committee>
          <systemCode>hsju00</systemCode>
          <name>Judiciary Committee</name>
        </committee>
        <actionCode>H11100</actionCode>
      </item>
      <item>
        <text>Introduced in House</text>
        <type>IntroReferral</type>
        <links />
        <actionDate>2017-11-16</actionDate>
        <sourceSystem>
          <code>9</code>
          <name>Library of Congress</name>
        </sourceSystem>
        <committee />
        <actionCode>Intro-H</actionCode>
      </item>
      <item>
        <text>Introduced in House</text>
        <type>IntroReferral</type>
        <links />
        <actionDate>2017-11-16</actionDate>
        <sourceSystem>
          <code>9</code>
          <name>Library of Congress</name>
        </sourceSystem>
        <committee />
        <actionCode>1000</actionCode>
      </item>
      <actionByCounts>
        <houseOfRepresentatives>4</houseOfRepresentatives>
      </actionByCounts>
      <actionTypeCounts>
        <billReferrals>1</billReferrals>
        <introducedInTheHouse>1</introducedInTheHouse>
        <placeholderTextForH>1</placeholderTextForH>
        <introducedInHouse>1</introducedInHouse>
      </actionTypeCounts>
    </actions>
    <title>Proposing an amendment to the Constitution of the United States relating to parental rights.</title>
    <cosponsors>
      <item>
        <party>R</party>
        <state>NC</state>
        <sponsorshipDate>2017-11-16</sponsorshipDate>
        <district>13</district>
        <isOriginalCosponsor>True</isOriginalCosponsor>
        <fullName>Rep. Budd, Ted [R-NC-13]</fullName>
        <middleName />
        <bioguideId>B001305</bioguideId>
        <firstName>Ted</firstName>
        <sponsorshipWithdrawnDate />
        <lastName>Budd</lastName>
        <identifiers>
          <lisID>2336</lisID>
          <bioguideId>B001305</bioguideId>
          <gpoId />
        </identifiers>
      </item>
      <item>
        <party>R</party>
        <state>SC</state>
        <sponsorshipDate>2017-11-16</sponsorshipDate>
        <district>3</district>
        <isOriginalCosponsor>True</isOriginalCosponsor>
        <fullName>Rep. Duncan, Jeff [R-SC-3]</fullName>
        <middleName />
        <bioguideId>D000615</bioguideId>
        <firstName>Jeff</firstName>
        <sponsorshipWithdrawnDate />
        <lastName>Duncan</lastName>
        <identifiers>
          <lisID>2057</lisID>
          <bioguideId>D000615</bioguideId>
          <gpoId>8143</gpoId>
        </identifiers>
      </item>
      <item>
        <party>R</party>
        <state>SD</state>
        <sponsorshipDate>2017-11-16</sponsorshipDate>
        <district>0</district>
        <isOriginalCosponsor>True</isOriginalCosponsor>
        <fullName>Rep. Noem, Kristi L. [R-SD-At Large]</fullName>
        <middleName>L.</middleName>
        <bioguideId>N000184</bioguideId>
        <firstName>Kristi</firstName>
        <sponsorshipWithdrawnDate />
        <lastName>Noem</lastName>
        <identifiers>
          <lisID>2060</lisID>
          <gpoId>8147</gpoId>
          <bioguideId>N000184</bioguideId>
        </identifiers>
      </item>
      <item>
        <party>R</party>
        <state>MI</state>
        <sponsorshipDate>2017-11-16</sponsorshipDate>
        <district>7</district>
        <isOriginalCosponsor>True</isOriginalCosponsor>
        <fullName>Rep. Walberg, Tim [R-MI-7]</fullName>
        <middleName />
        <bioguideId>W000798</bioguideId>
        <firstName>Tim</firstName>
        <sponsorshipWithdrawnDate />
        <lastName>Walberg</lastName>
        <identifiers>
          <lisID>1855</lisID>
          <bioguideId>W000798</bioguideId>
          <gpoId>7992</gpoId>
        </identifiers>
      </item>
      <item>
        <party>R</party>
        <state>VA</state>
        <sponsorshipDate>2017-11-16</sponsorshipDate>
        <district>10</district>
        <isOriginalCosponsor>True</isOriginalCosponsor>
        <fullName>Rep. Comstock, Barbara [R-VA-10]</fullName>
        <middleName />
        <bioguideId>C001105</bioguideId>
        <firstName>Barbara</firstName>
        <sponsorshipWithdrawnDate />
        <lastName>Comstock</lastName>
        <identifiers>
          <lisID>2273</lisID>
          <gpoId />
          <bioguideId>C001105</bioguideId>
        </identifiers>
      </item>
      <item>
        <party>R</party>
        <state>WV</state>
        <sponsorshipDate>2017-11-16</sponsorshipDate>
        <district>2</district>
        <isOriginalCosponsor>True</isOriginalCosponsor>
        <fullName>Rep. Mooney, Alexander X. [R-WV-2]</fullName>
        <middleName>X.</middleName>
        <bioguideId>M001195</bioguideId>
        <firstName>Alexander</firstName>
        <sponsorshipWithdrawnDate />
        <lastName>Mooney</lastName>
        <identifiers>
          <lisID>2277</lisID>
          <gpoId />
          <bioguideId>M001195</bioguideId>
        </identifiers>
      </item>
      <item>
        <party>R</party>
        <state>CO</state>
        <sponsorshipDate>2017-11-16</sponsorshipDate>
        <district>5</district>
        <isOriginalCosponsor>True</isOriginalCosponsor>
        <fullName>Rep. Lamborn, Doug [R-CO-5]</fullName>
        <middleName />
        <bioguideId>L000564</bioguideId>
        <firstName>Doug</firstName>
        <sponsorshipWithdrawnDate />
        <lastName>Lamborn</lastName>
        <identifiers>
          <bioguideId>L000564</bioguideId>
          <gpoId>7863</gpoId>
          <lisID>1834</lisID>
        </identifiers>
      </item>
      <item>
        <party>R</party>
        <state>IN</state>
        <sponsorshipDate>2017-11-16</sponsorshipDate>
        <district>3</district>
        <isOriginalCosponsor>True</isOriginalCosponsor>
        <fullName>Rep. Banks, Jim [R-IN-3]</fullName>
        <middleName />
        <bioguideId>B001299</bioguideId>
        <firstName>Jim</firstName>
        <sponsorshipWithdrawnDate />
        <lastName>Banks</lastName>
        <identifiers>
          <gpoId />
          <lisID>2326</lisID>
          <bioguideId>B001299</bioguideId>
        </identifiers>
      </item>
      <item>
        <party>R</party>
        <state>NC</state>
        <sponsorshipDate>2017-11-16</sponsorshipDate>
        <district>11</district>
        <isOriginalCosponsor>True</isOriginalCosponsor>
        <fullName>Rep. Meadows, Mark [R-NC-11]</fullName>
        <middleName />
        <bioguideId>M001187</bioguideId>
        <firstName>Mark</firstName>
        <sponsorshipWithdrawnDate />
        <lastName>Meadows</lastName>
        <identifiers>
          <bioguideId>M001187</bioguideId>
          <lisID>2142</lisID>
          <gpoId />
        </identifiers>
      </item>
      <item>
        <party>R</party>
        <state>FL</state>
        <sponsorshipDate>2017-11-16</sponsorshipDate>
        <district>8</district>
        <isOriginalCosponsor>True</isOriginalCosponsor>
        <fullName>Rep. Posey, Bill [R-FL-8]</fullName>
        <middleName />
        <bioguideId>P000599</bioguideId>
        <firstName>Bill</firstName>
        <sponsorshipWithdrawnDate />
        <lastName>Posey</lastName>
        <identifiers>
          <lisID>1915</lisID>
          <gpoId>7887</gpoId>
          <bioguideId>P000599</bioguideId>
        </identifiers>
      </item>
      <item>
        <party>R</party>
        <state>NC</state>
        <sponsorshipDate>2017-11-16</sponsorshipDate>
        <district>9</district>
        <isOriginalCosponsor>True</isOriginalCosponsor>
        <fullName>Rep. Pittenger, Robert [R-NC-9]</fullName>
        <middleName />
        <bioguideId>P000606</bioguideId>
        <firstName>Robert</firstName>
        <sponsorshipWithdrawnDate />
        <lastName>Pittenger</lastName>
        <identifiers>
          <gpoId />
          <lisID>2141</lisID>
          <bioguideId>P000606</bioguideId>
        </identifiers>
      </item>
      <item>
        <party>R</party>
        <state>MI</state>
        <sponsorshipDate>2017-11-16</sponsorshipDate>
        <district>2</district>
        <isOriginalCosponsor>True</isOriginalCosponsor>
        <fullName>Rep. Huizenga, Bill [R-MI-2]</fullName>
        <middleName />
        <bioguideId>H001058</bioguideId>
        <firstName>Bill</firstName>
        <sponsorshipWithdrawnDate />
        <lastName>Huizenga</lastName>
        <identifiers>
          <gpoId>7987</gpoId>
          <lisID>2028</lisID>
          <bioguideId>H001058</bioguideId>
        </identifiers>
      </item>
      <item>
        <party>R</party>
        <state>TX</state>
        <sponsorshipDate>2017-11-16</sponsorshipDate>
        <district>24</district>
        <isOriginalCosponsor>True</isOriginalCosponsor>
        <fullName>Rep. Marchant, Kenny [R-TX-24]</fullName>
        <middleName />
        <bioguideId>M001158</bioguideId>
        <firstName>Kenny</firstName>
        <sponsorshipWithdrawnDate />
        <lastName>Marchant</lastName>
        <identifiers>
          <gpoId>8766</gpoId>
          <lisID>1806</lisID>
          <bioguideId>M001158</bioguideId>
        </identifiers>
      </item>
      <item>
        <party>R</party>
        <state>MO</state>
        <sponsorshipDate>2017-11-16</sponsorshipDate>
        <district>4</district>
        <isOriginalCosponsor>True</isOriginalCosponsor>
        <fullName>Rep. Hartzler, Vicky [R-MO-4]</fullName>
        <middleName />
        <bioguideId>H001053</bioguideId>
        <firstName>Vicky</firstName>
        <sponsorshipWithdrawnDate />
        <lastName>Hartzler</lastName>
        <identifiers>
          <lisID>2032</lisID>
          <bioguideId>H001053</bioguideId>
          <gpoId>8012</gpoId>
        </identifiers>
      </item>
      <item>
        <party>R</party>
        <state>TX</state>
        <sponsorshipDate>2017-11-16</sponsorshipDate>
        <district>36</district>
        <isOriginalCosponsor>True</isOriginalCosponsor>
        <fullName>Rep. Babin, Brian [R-TX-36]</fullName>
        <middleName />
        <bioguideId>B001291</bioguideId>
        <firstName>Brian</firstName>
        <sponsorshipWithdrawnDate />
        <lastName>Babin</lastName>
        <identifiers>
          <lisID>2270</lisID>
          <bioguideId>B001291</bioguideId>
          <gpoId />
        </identifiers>
      </item>
      <item>
        <party>R</party>
        <state>TN</state>
        <sponsorshipDate>2017-12-01</sponsorshipDate>
        <district>2</district>
        <isOriginalCosponsor>False</isOriginalCosponsor>
        <fullName>Rep. Duncan, John J., Jr. [R-TN-2]</fullName>
        <middleName>J.</middleName>
        <bioguideId>D000533</bioguideId>
        <firstName>JOHN</firstName>
        <sponsorshipWithdrawnDate />
        <lastName>DUNCAN</lastName>
        <identifiers>
          <lisID>322</lisID>
          <bioguideId>D000533</bioguideId>
          <gpoId>8149</gpoId>
        </identifiers>
      </item>
      <item>
        <party>R</party>
        <state>GA</state>
        <sponsorshipDate>2017-12-01</sponsorshipDate>
        <district>10</district>
        <isOriginalCosponsor>False</isOriginalCosponsor>
        <fullName>Rep. Hice, Jody B. [R-GA-10]</fullName>
        <middleName>B.</middleName>
        <bioguideId>H001071</bioguideId>
        <firstName>Jody</firstName>
        <sponsorshipWithdrawnDate />
        <lastName>Hice</lastName>
        <identifiers>
          <lisID>2237</lisID>
          <bioguideId>H001071</bioguideId>
          <gpoId />
        </identifiers>
      </item>
      <item>
        <party>R</party>
        <state>SC</state>
        <sponsorshipDate>2017-12-06</sponsorshipDate>
        <district>5</district>
        <isOriginalCosponsor>False</isOriginalCosponsor>
        <fullName>Rep. Norman, Ralph [R-SC-5]</fullName>
        <middleName />
        <bioguideId>N000190</bioguideId>
        <firstName>Ralph</firstName>
        <sponsorshipWithdrawnDate />
        <lastName>Norman</lastName>
        <identifiers>
          <gpoId />
          <lisID>2361</lisID>
          <bioguideId>N000190</bioguideId>
        </identifiers>
      </item>
      <item>
        <party>R</party>
        <state>GA</state>
        <sponsorshipDate>2017-12-14</sponsorshipDate>
        <district>12</district>
        <isOriginalCosponsor>False</isOriginalCosponsor>
        <fullName>Rep. Allen, Rick W. [R-GA-12]</fullName>
        <middleName>W.</middleName>
        <bioguideId>A000372</bioguideId>
        <firstName>Rick</firstName>
        <sponsorshipWithdrawnDate />
        <lastName>Allen</lastName>
        <identifiers>
          <bioguideId>A000372</bioguideId>
          <gpoId />
          <lisID>2239</lisID>
        </identifiers>
      </item>
      <item>
        <party>R</party>
        <state>CA</state>
        <sponsorshipDate>2018-07-19</sponsorshipDate>
        <district>42</district>
        <isOriginalCosponsor>False</isOriginalCosponsor>
        <fullName>Rep. Calvert, Ken [R-CA-42]</fullName>
        <middleName />
        <bioguideId>C000059</bioguideId>
        <firstName>KEN</firstName>
        <sponsorshipWithdrawnDate />
        <lastName>CALVERT</lastName>
        <identifiers>
          <lisID>165</lisID>
          <bioguideId>C000059</bioguideId>
          <gpoId>7849</gpoId>
        </identifiers>
      </item>
    </cosponsors>
    <introducedDate>2017-11-16</introducedDate>
    <recordedVotes />
    <congress>115</congress>
    <amendments />
    <version>1.0.0</version>
    <calendarNumbers />
    <latestAction>
      <actionDate>2017-12-13</actionDate>
      <links />
      <text>Referred to the Subcommittee on the Constitution and Civil Justice.</text>
    </latestAction>
    <titles>
      <item>
        <title>Proposing an amendment to the Constitution of the United States relating to parental rights.</title>
        <titleType>Official Title as Introduced</titleType>
        <parentTitleType />
        <chamberCode />
        <chamberName />
      </item>
      <item>
        <title>Proposing an amendment to the Constitution of the United States relating to parental rights.</title>
        <titleType>Display Title</titleType>
        <parentTitleType />
        <chamberCode />
        <chamberName />
      </item>
    </titles>
    <cboCostEstimates />
    <committees>
      <billCommittees>
        <item>
          <systemCode>hsju00</systemCode>
          <chamber>House</chamber>
          <type>Standing</type>
          <subcommittees>
            <item>
              <systemCode>hsju10</systemCode>
              <activities>
                <item>
                  <date>2017-12-13T22:35:26Z</date>
                  <name>Referred to</name>
                </item>
              </activities>
              <name>Constitution and Civil Justice Subcommittee</name>
            </item>
          </subcommittees>
          <name>Judiciary Committee</name>
          <activities>
            <item>
              <date>2017-11-16T14:04:30Z</date>
              <name>Referred to</name>
            </item>
          </activities>
        </item>
      </billCommittees>
    </committees>
    <subjects>
      <billSubjects>
        <policyArea>
          <name>Families</name>
        </policyArea>
        <legislativeSubjects>
          <item>
            <name>Child care and development</name>
          </item>
          <item>
            <name>Constitution and constitutional amendments</name>
          </item>
          <item>
            <name>Elementary and secondary education</name>
          </item>
          <item>
            <name>Family relationships</name>
          </item>
        </legislativeSubjects>
      </billSubjects>
    </subjects>
  </bill>
  <dublinCore xmlns:dc="http://purl.org/dc/elements/1.1/">
    <dc:format>text/xml</dc:format>
    <dc:language>EN</dc:language>
    <dc:rights>Pursuant to Title 17 Section 105 of the United States Code, this file is not subject to copyright protection and is in the public domain.</dc:rights>
    <dc:contributor>Congressional Research Service, Library of Congress</dc:contributor>
    <dc:description>This file contains bill summaries and statuses for federal legislation. A bill summary describes the most significant provisions of a piece of legislation and details the effects the legislative text may have on current law and federal programs. Bill summaries are authored by the Congressional Research Service (CRS) of the Library of Congress. As stated in Public Law 91-510 (2 USC 166 (d)(6)), one of the duties of CRS is "to prepare summaries and digests of bills and resolutions of a public general nature introduced in the Senate or House of Representatives". For more information, refer to the User Guide that accompanies this file.</dc:description>
  </dublinCore>
</billStatus>

