<?xml version="1.0" encoding="UTF-8"?>
<billStatus>
  <bill>
    <committeeReports />
    <updateDate>2018-08-28T19:56:44Z</updateDate>
    <laws>
      <item>
        <type>Public Law</type>
        <number>115-24</number>
      </item>
    </laws>
    <billType>HJRES</billType>
    <subjects>
      <billSubjects>
        <policyArea>
          <name>Labor and Employment</name>
        </policyArea>
        <legislativeSubjects>
          <item>
            <name>Administrative law and regulatory procedures</name>
          </item>
          <item>
            <name>Congressional oversight</name>
          </item>
          <item>
            <name>Department of Labor</name>
          </item>
          <item>
            <name>Employee benefits and pensions</name>
          </item>
          <item>
            <name>State and local government operations</name>
          </item>
        </legislativeSubjects>
      </billSubjects>
    </subjects>
    <policyArea>
      <name>Labor and Employment</name>
    </policyArea>
    <recordedVotes>
      <recordedVote>
        <date>2017-03-30T14:30:10Z</date>
        <sessionNumber>1</sessionNumber>
        <url>http://www.senate.gov/legislative/LIS/roll_call_lists/roll_call_vote_cfm.cfm?&amp;congress=115&amp;session=1&amp;vote=00099</url>
        <chamber>Senate</chamber>
        <congress>115</congress>
        <rollNumber>99</rollNumber>
        <fullActionName>PASSED SENATE</fullActionName>
      </recordedVote>
      <recordedVote>
        <date>2017-02-15T21:54:41Z</date>
        <sessionNumber>1</sessionNumber>
        <url>http://clerk.house.gov/evs/2017/roll095.xml</url>
        <chamber>House</chamber>
        <congress>115</congress>
        <rollNumber>95</rollNumber>
        <fullActionName>Passage of a Measure</fullActionName>
      </recordedVote>
    </recordedVotes>
    <originChamber>House</originChamber>
    <latestAction>
      <text>Became Public Law No: 115-24.</text>
      <links>
        <link>
          <url>https://www.congress.gov/bill/115th-congress/house-joint-resolution/67/text/pl</url>
          <name>Public Law No: 115-24</name>
        </link>
      </links>
      <actionDate>2017-04-13</actionDate>
    </latestAction>
    <constitutionalAuthorityStatementText><![CDATA[<pre>[Congressional Record Volume 163, Number 21 (Tuesday, February 7, 2017)]From the Congressional Record Online through the Government Publishing Office [<a href='http://www.gpo.gov'>www.gpo.gov</a>]By Mr. FRANCIS ROONEY of Florida:H.J. Res. 67.Congress has the power to enact this legislation pursuantto the following:Article I, section 8 of the Constitution of the UnitedStates[Page H1087]</pre>]]></constitutionalAuthorityStatementText>
    <billNumber>67</billNumber>
    <committees>
      <billCommittees>
        <item>
          <subcommittees />
          <systemCode>hsed00</systemCode>
          <name>Education and the Workforce Committee</name>
          <activities>
            <item>
              <date>2017-02-07T15:10:25Z</date>
              <name>Referred to</name>
            </item>
          </activities>
          <type>Standing</type>
          <chamber>House</chamber>
        </item>
      </billCommittees>
    </committees>
    <introducedDate>2017-02-07</introducedDate>
    <cosponsors>
      <item>
        <firstName>Tim</firstName>
        <lastName>Walberg</lastName>
        <sponsorshipWithdrawnDate />
        <sponsorshipDate>2017-02-07</sponsorshipDate>
        <bioguideId>W000798</bioguideId>
        <district>7</district>
        <middleName />
        <isOriginalCosponsor>True</isOriginalCosponsor>
        <fullName>Rep. Walberg, Tim [R-MI-7]</fullName>
        <state>MI</state>
        <party>R</party>
        <identifiers>
          <lisID>1855</lisID>
          <bioguideId>W000798</bioguideId>
          <gpoId>7992</gpoId>
        </identifiers>
      </item>
      <item>
        <firstName>Virginia</firstName>
        <lastName>Foxx</lastName>
        <sponsorshipWithdrawnDate />
        <sponsorshipDate>2017-02-07</sponsorshipDate>
        <bioguideId>F000450</bioguideId>
        <district>5</district>
        <middleName />
        <isOriginalCosponsor>True</isOriginalCosponsor>
        <fullName>Rep. Foxx, Virginia [R-NC-5]</fullName>
        <state>NC</state>
        <party>R</party>
        <identifiers>
          <bioguideId>F000450</bioguideId>
          <lisID>1791</lisID>
          <gpoId>8028</gpoId>
        </identifiers>
      </item>
      <item>
        <firstName>David</firstName>
        <lastName>Roe</lastName>
        <sponsorshipWithdrawnDate />
        <sponsorshipDate>2017-02-13</sponsorshipDate>
        <bioguideId>R000582</bioguideId>
        <district>1</district>
        <middleName>P.</middleName>
        <isOriginalCosponsor>False</isOriginalCosponsor>
        <fullName>Rep. Roe, David P. [R-TN-1]</fullName>
        <state>TN</state>
        <party>R</party>
        <identifiers>
          <lisID>1954</lisID>
          <gpoId>8148</gpoId>
          <bioguideId>R000582</bioguideId>
        </identifiers>
      </item>
      <item>
        <firstName>PETE</firstName>
        <lastName>SESSIONS</lastName>
        <sponsorshipWithdrawnDate />
        <sponsorshipDate>2017-02-13</sponsorshipDate>
        <bioguideId>S000250</bioguideId>
        <district>32</district>
        <middleName />
        <isOriginalCosponsor>False</isOriginalCosponsor>
        <fullName>Rep. Sessions, Pete [R-TX-32]</fullName>
        <state>TX</state>
        <party>R</party>
        <identifiers>
          <lisID>1525</lisID>
          <bioguideId>S000250</bioguideId>
          <gpoId>8188</gpoId>
        </identifiers>
      </item>
      <item>
        <firstName>Luke</firstName>
        <lastName>Messer</lastName>
        <sponsorshipWithdrawnDate />
        <sponsorshipDate>2017-02-15</sponsorshipDate>
        <bioguideId>M001189</bioguideId>
        <district>6</district>
        <middleName />
        <isOriginalCosponsor>False</isOriginalCosponsor>
        <fullName>Rep. Messer, Luke [R-IN-6]</fullName>
        <state>IN</state>
        <party>R</party>
        <identifiers>
          <bioguideId>M001189</bioguideId>
          <lisID>2130</lisID>
          <gpoId />
        </identifiers>
      </item>
      <item>
        <firstName>Joe</firstName>
        <lastName>Wilson</lastName>
        <sponsorshipWithdrawnDate />
        <sponsorshipDate>2017-02-15</sponsorshipDate>
        <bioguideId>W000795</bioguideId>
        <district>2</district>
        <middleName />
        <isOriginalCosponsor>False</isOriginalCosponsor>
        <fullName>Rep. Wilson, Joe [R-SC-2]</fullName>
        <state>SC</state>
        <party>R</party>
        <identifiers>
          <lisID>1688</lisID>
          <gpoId>8142</gpoId>
          <bioguideId>W000795</bioguideId>
        </identifiers>
      </item>
      <item>
        <firstName>Paul</firstName>
        <lastName>Mitchell</lastName>
        <sponsorshipWithdrawnDate />
        <sponsorshipDate>2017-02-15</sponsorshipDate>
        <bioguideId>M001201</bioguideId>
        <district>10</district>
        <middleName />
        <isOriginalCosponsor>False</isOriginalCosponsor>
        <fullName>Rep. Mitchell, Paul [R-MI-10]</fullName>
        <state>MI</state>
        <party>R</party>
        <identifiers>
          <bioguideId>M001201</bioguideId>
          <lisID>2334</lisID>
          <gpoId />
        </identifiers>
      </item>
    </cosponsors>
    <notes />
    <relatedBills>
      <item>
        <latestAction>
          <actionDate>2017-03-06</actionDate>
          <text>Read twice and referred to the Committee on Health, Education, Labor, and Pensions.</text>
        </latestAction>
        <relationshipDetails>
          <item>
            <identifiedBy>CRS</identifiedBy>
            <type>Identical bill</type>
          </item>
        </relationshipDetails>
        <congress>115</congress>
        <latestTitle>A joint resolution disapproving the rule submitted by the Department of Labor relating to savings arrangements established by qualified State political subdivisions for non-governmental employees.</latestTitle>
        <type>SJRES</type>
        <number>33</number>
      </item>
      <item>
        <latestAction>
          <actionDate>2017-05-17</actionDate>
          <text>Became Public Law No: 115-35.</text>
        </latestAction>
        <relationshipDetails>
          <item>
            <identifiedBy>CRS</identifiedBy>
            <type>Related bill</type>
          </item>
        </relationshipDetails>
        <congress>115</congress>
        <latestTitle>Disapproving the rule submitted by the Department of Labor relating to savings arrangements established by States for non-governmental employees.</latestTitle>
        <type>HJRES</type>
        <number>66</number>
      </item>
      <item>
        <latestAction>
          <actionDate>2017-02-14</actionDate>
          <text>Motion to reconsider laid on the table Agreed to without objection.</text>
          <actionTime>15:01:55</actionTime>
        </latestAction>
        <relationshipDetails>
          <item>
            <identifiedBy>House</identifiedBy>
            <type>Procedurally-related</type>
          </item>
        </relationshipDetails>
        <congress>115</congress>
        <latestTitle>Providing for consideration of the joint resolution (H.J. Res. 66) disapproving the rule submitted by the Department of Labor relating to savings arrangements established by States for non-governmental employees, and providing for consideration of the joint resolution (H.J. Res. 67) disapproving the rule submitted by the Department of Labor relating to savings arrangements established by qualified State political subdivisions for non-governmental employees.</latestTitle>
        <type>HRES</type>
        <number>116</number>
      </item>
    </relatedBills>
    <title>Disapproving the rule submitted by the Department of Labor relating to savings arrangements established by qualified State political subdivisions for non-governmental employees.</title>
    <sponsors>
      <item>
        <district>19</district>
        <fullName>Rep. Rooney, Francis [R-FL-19]</fullName>
        <firstName>Francis</firstName>
        <lastName>Rooney</lastName>
        <state>FL</state>
        <bioguideId>R000607</bioguideId>
        <party>R</party>
        <identifiers>
          <bioguideId>R000607</bioguideId>
          <gpoId />
          <lisID>2323</lisID>
        </identifiers>
        <byRequestType />
        <middleName />
      </item>
    </sponsors>
    <congress>115</congress>
    <version>1.0.0</version>
    <amendments />
    <titles>
      <item>
        <titleType>Official Title as Introduced</titleType>
        <chamberName />
        <chamberCode />
        <parentTitleType />
        <title>Disapproving the rule submitted by the Department of Labor relating to savings arrangements established by qualified State political subdivisions for non-governmental employees.</title>
      </item>
      <item>
        <titleType>Display Title</titleType>
        <chamberName />
        <chamberCode />
        <parentTitleType />
        <title>Disapproving the rule submitted by the Department of Labor relating to savings arrangements established by qualified State political subdivisions for non-governmental employees.</title>
      </item>
    </titles>
    <createDate>2017-02-08T04:45:55Z</createDate>
    <cboCostEstimates />
    <calendarNumbers />
    <actions>
      <actionByCounts>
        <senate>7</senate>
        <houseOfRepresentatives>14</houseOfRepresentatives>
      </actionByCounts>
      <item>
        <committee />
        <links>
          <link>
            <url>https://www.congress.gov/bill/115th-congress/house-joint-resolution/67/text/pl</url>
            <name>Public Law No: 115-24</name>
          </link>
        </links>
        <type>President</type>
        <text>Became Public Law No: 115-24.</text>
        <actionDate>2017-04-13</actionDate>
        <actionCode>E40000</actionCode>
        <sourceSystem>
          <code>2</code>
          <name>House floor actions</name>
        </sourceSystem>
      </item>
      <item>
        <committee />
        <links>
          <link>
            <url>https://www.congress.gov/bill/115th-congress/house-joint-resolution/67/text/pl</url>
            <name>Public Law No: 115-24</name>
          </link>
        </links>
        <type>BecameLaw</type>
        <text>Became Public Law No: 115-24.</text>
        <actionDate>2017-04-13</actionDate>
        <actionCode>36000</actionCode>
        <sourceSystem>
          <code>9</code>
          <name>Library of Congress</name>
        </sourceSystem>
      </item>
      <item>
        <committee />
        <links />
        <type>President</type>
        <text>Signed by President.</text>
        <actionDate>2017-04-13</actionDate>
        <actionCode>E30000</actionCode>
        <sourceSystem>
          <code>2</code>
          <name>House floor actions</name>
        </sourceSystem>
      </item>
      <item>
        <committee />
        <links />
        <type>BecameLaw</type>
        <text>Signed by President.</text>
        <actionDate>2017-04-13</actionDate>
        <actionCode>36000</actionCode>
        <sourceSystem>
          <code>9</code>
          <name>Library of Congress</name>
        </sourceSystem>
      </item>
      <item>
        <committee />
        <links />
        <type>Floor</type>
        <text>Presented to President.</text>
        <actionDate>2017-04-05</actionDate>
        <actionCode>E20000</actionCode>
        <sourceSystem>
          <code>2</code>
          <name>House floor actions</name>
        </sourceSystem>
      </item>
      <item>
        <committee />
        <links />
        <type>President</type>
        <text>Presented to President.</text>
        <actionDate>2017-04-05</actionDate>
        <actionCode>28000</actionCode>
        <sourceSystem>
          <code>9</code>
          <name>Library of Congress</name>
        </sourceSystem>
      </item>
      <item>
        <actionDate>2017-03-30</actionDate>
        <committee />
        <links />
        <sourceSystem>
          <code>0</code>
          <name>Senate</name>
        </sourceSystem>
        <text>Message on Senate action sent to the House.</text>
        <type>Floor</type>
      </item>
      <item>
        <actionDate>2017-03-30</actionDate>
        <committee />
        <links>
          <link>
            <url>http://www.senate.gov/legislative/LIS/roll_call_lists/roll_call_vote_cfm.cfm?congress=115&amp;session=1&amp;vote=00099</url>
            <name>Record Vote Number: 99</name>
          </link>
          <link>
            <url>https://www.congress.gov/congressional-record/volume-163/senate-section/page/S2121-2122</url>
            <name>S2121-2122</name>
          </link>
        </links>
        <sourceSystem>
          <code>0</code>
          <name>Senate</name>
        </sourceSystem>
        <text>Passed Senate without amendment by Yea-Nay Vote. 50 - 49. Record Vote Number: 99. (consideration: CR S2121-2122)</text>
        <type>Floor</type>
      </item>
      <item>
        <committee />
        <links>
          <link>
            <url>http://www.senate.gov/legislative/LIS/roll_call_lists/roll_call_vote_cfm.cfm?congress=115&amp;session=1&amp;vote=00099</url>
            <name>Record Vote Number: 99</name>
          </link>
          <link>
            <url>https://www.congress.gov/congressional-record/volume-163/senate-section/page/S2121-2122</url>
            <name>S2121-2122</name>
          </link>
        </links>
        <type>Floor</type>
        <text>Passed/agreed to in Senate: Passed Senate without amendment by Yea-Nay Vote. 50 - 49. Record Vote Number: 99.(consideration: CR S2121-2122)</text>
        <actionDate>2017-03-30</actionDate>
        <actionCode>17000</actionCode>
        <sourceSystem>
          <code>9</code>
          <name>Library of Congress</name>
        </sourceSystem>
      </item>
      <item>
        <actionDate>2017-03-30</actionDate>
        <committee />
        <links />
        <sourceSystem>
          <code>0</code>
          <name>Senate</name>
        </sourceSystem>
        <text>Considered by Senate.</text>
        <type>Floor</type>
      </item>
      <item>
        <actionDate>2017-03-29</actionDate>
        <committee />
        <links>
          <link>
            <url>https://www.congress.gov/congressional-record/volume-163/senate-section/page/S2055-2096</url>
            <name>S2055-2096</name>
          </link>
        </links>
        <sourceSystem>
          <code>0</code>
          <name>Senate</name>
        </sourceSystem>
        <text>Measure laid before Senate by motion. (consideration: CR S2055-2096)</text>
        <type>Floor</type>
      </item>
      <item>
        <actionDate>2017-03-29</actionDate>
        <committee />
        <links>
          <link>
            <url>https://www.congress.gov/congressional-record/volume-163/senate-section/page/S2055</url>
            <name>S2055</name>
          </link>
        </links>
        <sourceSystem>
          <code>0</code>
          <name>Senate</name>
        </sourceSystem>
        <text>Motion to proceed to consideration of measure agreed to in Senate by Voice Vote. (consideration: CR S2055)</text>
        <type>Floor</type>
      </item>
      <item>
        <actionDate>2017-02-16</actionDate>
        <committee />
        <links />
        <sourceSystem>
          <code>0</code>
          <name>Senate</name>
        </sourceSystem>
        <text>Received in the Senate, read twice.</text>
        <type>IntroReferral</type>
      </item>
      <item>
        <committee />
        <links />
        <type>Floor</type>
        <text>Motion to reconsider laid on the table Agreed to without objection.</text>
        <actionDate>2017-02-15</actionDate>
        <actionCode>H38310</actionCode>
        <actionTime>16:54:43</actionTime>
        <sourceSystem>
          <code>2</code>
          <name>House floor actions</name>
        </sourceSystem>
      </item>
      <item>
        <committee />
        <links>
          <link>
            <url>https://www.congress.gov/congressional-record/volume-163/house-section/page/H1218</url>
            <name>H1218</name>
          </link>
          <link>
            <url>http://clerk.house.gov/evs/2017/roll095.xml</url>
            <name>Roll no. 95</name>
          </link>
        </links>
        <type>Floor</type>
        <text>On passage Passed by the Yeas and Nays: 234 - 191 (Roll no. 95). (text: CR H1218)</text>
        <actionDate>2017-02-15</actionDate>
        <actionCode>H37100</actionCode>
        <actionTime>16:54:41</actionTime>
        <sourceSystem>
          <code>2</code>
          <name>House floor actions</name>
        </sourceSystem>
      </item>
      <item>
        <committee />
        <links>
          <link>
            <url>https://www.congress.gov/congressional-record/volume-163/house-section/page/H1218</url>
            <name>H1218</name>
          </link>
          <link>
            <url>http://clerk.house.gov/evs/2017/roll095.xml</url>
            <name>Roll no. 95</name>
          </link>
        </links>
        <type>Floor</type>
        <text>Passed/agreed to in House: On passage Passed by the Yeas and Nays: 234 - 191 (Roll no. 95).(text: CR H1218)</text>
        <actionDate>2017-02-15</actionDate>
        <actionCode>8000</actionCode>
        <actionTime>16:54:41</actionTime>
        <sourceSystem>
          <code>9</code>
          <name>Library of Congress</name>
        </sourceSystem>
      </item>
      <item>
        <committee />
        <links>
          <link>
            <url>https://www.congress.gov/congressional-record/volume-163/house-section/page/H1221</url>
            <name>H1221</name>
          </link>
        </links>
        <type>Floor</type>
        <text>Considered as unfinished business. (consideration: CR H1221)</text>
        <actionDate>2017-02-15</actionDate>
        <actionCode>H30000</actionCode>
        <actionTime>16:31:18</actionTime>
        <sourceSystem>
          <code>2</code>
          <name>House floor actions</name>
        </sourceSystem>
      </item>
      <item>
        <committee />
        <links>
          <link>
            <url>https://www.congress.gov/bill/115th-congress/house-joint-resolution/67</url>
            <name>H.J. Res. 67</name>
          </link>
        </links>
        <type>Floor</type>
        <text>POSTPONED PROCEEDINGS - At the conclusion of debate on H.J. Res. 67, the Chair put the question on passage and by voice vote, announced that the ayes had prevailed. Ms. Bonamici demanded the yeas and nays and the Chair postponed further proceedings on passage until a time to be announced.</text>
        <actionDate>2017-02-15</actionDate>
        <actionCode>H8D000</actionCode>
        <actionTime>15:54:15</actionTime>
        <sourceSystem>
          <code>2</code>
          <name>House floor actions</name>
        </sourceSystem>
      </item>
      <item>
        <committee />
        <links />
        <type>Floor</type>
        <text>The previous question was ordered pursuant to the rule.</text>
        <actionDate>2017-02-15</actionDate>
        <actionCode>H35000</actionCode>
        <actionTime>15:53:19</actionTime>
        <sourceSystem>
          <code>2</code>
          <name>House floor actions</name>
        </sourceSystem>
      </item>
      <item>
        <committee />
        <links>
          <link>
            <url>https://www.congress.gov/bill/115th-congress/house-joint-resolution/67</url>
            <name>H.J. Res. 67</name>
          </link>
        </links>
        <type>Floor</type>
        <text>DEBATE - The House proceeded with one hour of debate on H.J. Res. 67.</text>
        <actionDate>2017-02-15</actionDate>
        <actionCode>H8D000</actionCode>
        <actionTime>15:24:54</actionTime>
        <sourceSystem>
          <code>2</code>
          <name>House floor actions</name>
        </sourceSystem>
      </item>
      <item>
        <committee />
        <links>
          <link>
            <url>https://www.congress.gov/bill/115th-congress/house-joint-resolution/66</url>
            <name>H.J. Res. 66</name>
          </link>
          <link>
            <url>https://www.congress.gov/bill/115th-congress/house-joint-resolution/67</url>
            <name>H.J. Res. 67</name>
          </link>
        </links>
        <type>Floor</type>
        <text>Rule provides for consideration of H.J. Res. 66 and H.J. Res. 67. Each joint resolution shall be considered as read. All points of order against provisions in each joint resolution are waived. The previous question shall be considered as ordered on each joint resolution without intervening motion except one hour of debate and one motion to recommit.</text>
        <actionDate>2017-02-15</actionDate>
        <actionCode>H8D000</actionCode>
        <actionTime>15:24:10</actionTime>
        <sourceSystem>
          <code>2</code>
          <name>House floor actions</name>
        </sourceSystem>
      </item>
      <item>
        <committee />
        <links>
          <link>
            <url>https://www.congress.gov/bill/115th-congress/house-resolution/116</url>
            <name>H. Res. 116</name>
          </link>
          <link>
            <url>https://www.congress.gov/congressional-record/volume-163/house-section/page/H1218-1221</url>
            <name>H1218-1221</name>
          </link>
        </links>
        <type>Floor</type>
        <text>Considered under the provisions of rule H. Res. 116. (consideration: CR H1218-1221))</text>
        <actionDate>2017-02-15</actionDate>
        <actionCode>H30000</actionCode>
        <actionTime>15:24:05</actionTime>
        <sourceSystem>
          <code>2</code>
          <name>House floor actions</name>
        </sourceSystem>
      </item>
      <item>
        <committee />
        <links>
          <link>
            <url>https://www.congress.gov/bill/115th-congress/house-resolution/116</url>
            <name>H. Res. 116</name>
          </link>
        </links>
        <type>Floor</type>
        <text>Rule H. Res. 116 passed House.</text>
        <actionDate>2017-02-14</actionDate>
        <actionCode>H1L220</actionCode>
        <actionTime>15:01:55</actionTime>
        <sourceSystem>
          <code>2</code>
          <name>House floor actions</name>
        </sourceSystem>
      </item>
      <item>
        <committee />
        <links>
          <link>
            <url>https://www.congress.gov/bill/115th-congress/house-resolution/116</url>
            <name>H. Res. 116</name>
          </link>
          <link>
            <url>https://www.congress.gov/bill/115th-congress/house-joint-resolution/66</url>
            <name>H.J. Res. 66</name>
          </link>
          <link>
            <url>https://www.congress.gov/bill/115th-congress/house-joint-resolution/67</url>
            <name>H.J. Res. 67</name>
          </link>
        </links>
        <type>Floor</type>
        <text>Rules Committee Resolution H. Res. 116 Reported to House. Rule provides for consideration of H.J. Res. 66 and H.J. Res. 67. Each joint resolution shall be considered as read. All points of order against provisions in each joint resolution are waived. The previous question shall be considered as ordered on each joint resolution without intervening motion except one hour of debate and one motion to recommit.</text>
        <actionDate>2017-02-13</actionDate>
        <actionCode>H1L210</actionCode>
        <actionTime>18:43:26</actionTime>
        <sourceSystem>
          <code>2</code>
          <name>House floor actions</name>
        </sourceSystem>
      </item>
      <item>
        <committee>
          <systemCode>hsed00</systemCode>
          <name>Education and the Workforce Committee</name>
        </committee>
        <links />
        <type>IntroReferral</type>
        <text>Referred to the House Committee on Education and the Workforce.</text>
        <actionDate>2017-02-07</actionDate>
        <actionCode>H11100</actionCode>
        <sourceSystem>
          <code>2</code>
          <name>House floor actions</name>
        </sourceSystem>
      </item>
      <item>
        <committee />
        <links />
        <type>IntroReferral</type>
        <text>Introduced in House</text>
        <actionDate>2017-02-07</actionDate>
        <actionCode>Intro-H</actionCode>
        <sourceSystem>
          <code>9</code>
          <name>Library of Congress</name>
        </sourceSystem>
      </item>
      <item>
        <committee />
        <links />
        <type>IntroReferral</type>
        <text>Introduced in House</text>
        <actionDate>2017-02-07</actionDate>
        <actionCode>1000</actionCode>
        <sourceSystem>
          <code>9</code>
          <name>Library of Congress</name>
        </sourceSystem>
      </item>
      <actionTypeCounts>
        <passedAgreedToInSenate>1</passedAgreedToInSenate>
        <introducedInHouse>1</introducedInHouse>
        <passedSenate>1</passedSenate>
        <billReferrals>1</billReferrals>
        <introducedInTheHouse>1</introducedInTheHouse>
        <passageOfAMeasure>1</passageOfAMeasure>
        <sentToHouse>1</sentToHouse>
        <considerationByHouse>2</considerationByHouse>
        <placeholderTextForE>3</placeholderTextForE>
        <presentedToPresident>1</presentedToPresident>
        <motionToConsider>1</motionToConsider>
        <introducedInSenate>1</introducedInSenate>
        <measureLaidBeforeSenate>1</measureLaidBeforeSenate>
        <ruleForConsiderationOfBillReportedToHouse>1</ruleForConsiderationOfBillReportedToHouse>
        <placeholderTextForHL>1</placeholderTextForHL>
        <passedAgreedToInHouse>1</passedAgreedToInHouse>
        <consideredBySenate>1</consideredBySenate>
        <motionForPreviousQuestion>1</motionForPreviousQuestion>
        <becamePublicLaw>2</becamePublicLaw>
        <generalDebate>3</generalDebate>
        <motionToReconsiderResults>1</motionToReconsiderResults>
      </actionTypeCounts>
    </actions>
    <summaries>
      <billSummaries>
        <item>
          <lastSummaryUpdateDate>2017-02-15T19:52:04Z</lastSummaryUpdateDate>
          <actionDate>2017-02-07</actionDate>
          <text><![CDATA[<p>This joint resolution nullifies a rule submitted by the Department of Labor's Employee Benefits Security Administration regarding savings arrangements established by qualified state political subdivisions for non-governmental employees. </p> <p>(The rule amends a final regulation that describes how states may design and operate payroll deduction savings programs for private-sector employees, including programs that use automatic enrollment, without causing the states or private-sector employers to have established employee pension benefit plans under the Employee Retirement Income Security Act of 1974 [ERISA]. The amendment expands the regulation beyond states to cover qualified state political subdivisions and their programs that otherwise comply with the regulation.) </p>]]></text>
          <updateDate>2017-02-07T05:00:00Z</updateDate>
          <name>Introduced in House</name>
          <versionCode>00</versionCode>
          <actionDesc>Introduced in House</actionDesc>
        </item>
        <item>
          <lastSummaryUpdateDate>2017-03-01T22:28:11Z</lastSummaryUpdateDate>
          <actionDate>2017-02-15</actionDate>
          <text><![CDATA[<p>(This measure has not been amended since it was introduced. The summary of that version is repeated here.)</p> <p>This joint resolution nullifies a rule submitted by the Department of Labor's Employee Benefits Security Administration regarding savings arrangements established by qualified state political subdivisions for non-governmental employees. </p> <p>(The rule amends a final regulation that describes how states may design and operate payroll deduction savings programs for private-sector employees, including programs that use automatic enrollment, without causing the states or private-sector employers to have established employee pension benefit plans under the Employee Retirement Income Security Act of 1974 [ERISA]. The amendment expands the regulation beyond states to cover qualified state political subdivisions and their programs that otherwise comply with the regulation.) </p>]]></text>
          <updateDate>2017-02-15T14:16:23Z</updateDate>
          <name>Passed House without amendment</name>
          <versionCode>81</versionCode>
          <actionDesc>Passed House without amendment</actionDesc>
        </item>
        <item>
          <lastSummaryUpdateDate>2017-04-18T20:49:47Z</lastSummaryUpdateDate>
          <actionDate>2017-03-30</actionDate>
          <text><![CDATA[<p>(This measure has not been amended since it was introduced. The summary of that version is repeated here.)</p> <p>This joint resolution nullifies a rule submitted by the Department of Labor's Employee Benefits Security Administration regarding savings arrangements established by qualified state political subdivisions for non-governmental employees. </p> <p>(The rule amends a final regulation that describes how states may design and operate payroll deduction savings programs for private-sector employees, including programs that use automatic enrollment, without causing the states or private-sector employers to have established employee pension benefit plans under the Employee Retirement Income Security Act of 1974 [ERISA]. The amendment expands the regulation beyond states to cover qualified state political subdivisions and their programs that otherwise comply with the regulation.) </p>]]></text>
          <updateDate>2017-03-30T13:12:59Z</updateDate>
          <name>Passed Senate without amendment</name>
          <versionCode>82</versionCode>
          <actionDesc>Passed Senate without amendment</actionDesc>
        </item>
        <item>
          <lastSummaryUpdateDate>2017-04-18T20:50:15Z</lastSummaryUpdateDate>
          <actionDate>2017-04-13</actionDate>
          <text><![CDATA[<p>(This measure has not been amended since it was introduced. The summary of that version is repeated here.)</p> <p>This joint resolution nullifies a rule submitted by the Department of Labor's Employee Benefits Security Administration regarding savings arrangements established by qualified state political subdivisions for non-governmental employees. </p> <p>(The rule amends a final regulation that describes how states may design and operate payroll deduction savings programs for private-sector employees, including programs that use automatic enrollment, without causing the states or private-sector employers to have established employee pension benefit plans under the Employee Retirement Income Security Act of 1974 [ERISA]. The amendment expands the regulation beyond states to cover qualified state political subdivisions and their programs that otherwise comply with the regulation.) </p>]]></text>
          <updateDate>2017-04-14T03:59:58Z</updateDate>
          <name>Public Law</name>
          <versionCode>49</versionCode>
          <actionDesc>Public Law</actionDesc>
        </item>
      </billSummaries>
    </summaries>
  </bill>
  <dublinCore xmlns:dc="http://purl.org/dc/elements/1.1/">
    <dc:format>text/xml</dc:format>
    <dc:language>EN</dc:language>
    <dc:rights>Pursuant to Title 17 Section 105 of the United States Code, this file is not subject to copyright protection and is in the public domain.</dc:rights>
    <dc:contributor>Congressional Research Service, Library of Congress</dc:contributor>
    <dc:description>This file contains bill summaries and statuses for federal legislation. A bill summary describes the most significant provisions of a piece of legislation and details the effects the legislative text may have on current law and federal programs. Bill summaries are authored by the Congressional Research Service (CRS) of the Library of Congress. As stated in Public Law 91-510 (2 USC 166 (d)(6)), one of the duties of CRS is "to prepare summaries and digests of bills and resolutions of a public general nature introduced in the Senate or House of Representatives". For more information, refer to the User Guide that accompanies this file.</dc:description>
  </dublinCore>
</billStatus>

