<?xml version="1.0" encoding="UTF-8"?>
<billStatus>
  <bill>
    <calendarNumbers />
    <amendments />
    <committeeReports />
    <laws />
    <summaries>
      <billSummaries>
        <item>
          <updateDate>2017-10-26T04:00:00Z</updateDate>
          <actionDate>2017-10-26</actionDate>
          <versionCode>00</versionCode>
          <name>Introduced in Senate</name>
          <text><![CDATA[<p>Directs the Secretary of the Senate to make specified technical corrections in the enrollment of S. 782 (PROTECT Our Children Act of 2017).</p>]]></text>
          <lastSummaryUpdateDate>2018-03-01T20:29:52Z</lastSummaryUpdateDate>
          <actionDesc>Introduced in Senate</actionDesc>
        </item>
        <item>
          <updateDate>2017-10-26T16:55:58Z</updateDate>
          <actionDate>2017-10-26</actionDate>
          <versionCode>82</versionCode>
          <name>Passed Senate without amendment</name>
          <text><![CDATA[<p>(This measure has not been amended since it was introduced. The summary of that version is repeated here.)</p> <p>Directs the Secretary of the Senate to make specified technical corrections in the enrollment of S. 782 (PROTECT Our Children Act of 2017).</p>]]></text>
          <lastSummaryUpdateDate>2018-03-06T16:44:41Z</lastSummaryUpdateDate>
          <actionDesc>Passed Senate without amendment</actionDesc>
        </item>
        <item>
          <updateDate>2017-11-02T11:13:30Z</updateDate>
          <actionDate>2017-11-02</actionDate>
          <versionCode>81</versionCode>
          <name>Passed House without amendment</name>
          <text><![CDATA[<p>(This measure has not been amended since it was introduced. The summary of that version is repeated here.)</p> <p>Directs the Secretary of the Senate to make specified technical corrections in the enrollment of S. 782 (PROTECT Our Children Act of 2017).</p>]]></text>
          <lastSummaryUpdateDate>2018-03-09T22:37:27Z</lastSummaryUpdateDate>
          <actionDesc>Passed House without amendment</actionDesc>
        </item>
      </billSummaries>
    </summaries>
    <relatedBills>
      <item>
        <type>S</type>
        <number>782</number>
        <latestTitle>PROTECT Our Children Act of 2017</latestTitle>
        <congress>115</congress>
        <latestAction>
          <actionDate>2017-11-02</actionDate>
          <text>Became Public Law No: 115-82.</text>
        </latestAction>
        <relationshipDetails>
          <item>
            <type>Related bill</type>
            <identifiedBy>CRS</identifiedBy>
          </item>
          <item>
            <type>Related bill</type>
            <identifiedBy>House</identifiedBy>
          </item>
        </relationshipDetails>
      </item>
    </relatedBills>
    <createDate>2017-10-27T00:41:20Z</createDate>
    <latestAction>
      <links />
      <actionDate>2017-11-02</actionDate>
      <text>Motion to reconsider laid on the table Agreed to without objection.</text>
      <actionTime>12:04:15</actionTime>
    </latestAction>
    <sponsors>
      <item>
        <party>R</party>
        <state>TX</state>
        <bioguideId>C001056</bioguideId>
        <middleName />
        <lastName>Cornyn</lastName>
        <fullName>Sen. Cornyn, John [R-TX]</fullName>
        <firstName>John</firstName>
        <byRequestType />
        <identifiers>
          <lisID>1692</lisID>
          <gpoId>8295</gpoId>
          <bioguideId>C001056</bioguideId>
        </identifiers>
      </item>
    </sponsors>
    <billNumber>28</billNumber>
    <updateDate>2018-08-28T20:20:10Z</updateDate>
    <cboCostEstimates />
    <notes />
    <titles>
      <item>
        <chamberName />
        <chamberCode />
        <titleType>Official Title as Introduced</titleType>
        <title>A concurrent resolution providing for a correction in the enrollment of S. 782.</title>
        <parentTitleType />
      </item>
      <item>
        <chamberName />
        <chamberCode />
        <titleType>Display Title</titleType>
        <title>A concurrent resolution providing for a correction in the enrollment of S. 782.</title>
        <parentTitleType />
      </item>
    </titles>
    <introducedDate>2017-10-26</introducedDate>
    <subjects>
      <billSubjects>
        <policyArea>
          <name>Crime and Law Enforcement</name>
        </policyArea>
        <legislativeSubjects />
      </billSubjects>
    </subjects>
    <billType>SCONRES</billType>
    <originChamber>Senate</originChamber>
    <title>A concurrent resolution providing for a correction in the enrollment of S. 782.</title>
    <cosponsors />
    <recordedVotes />
    <policyArea>
      <name>Crime and Law Enforcement</name>
    </policyArea>
    <committees>
      <billCommittees />
    </committees>
    <actions>
      <item>
        <actionTime>12:04:15</actionTime>
        <text>Motion to reconsider laid on the table Agreed to without objection.</text>
        <committee />
        <links />
        <actionDate>2017-11-02</actionDate>
        <sourceSystem>
          <code>2</code>
          <name>House floor actions</name>
        </sourceSystem>
        <type>Floor</type>
        <actionCode>H38310</actionCode>
      </item>
      <item>
        <actionTime>12:04:11</actionTime>
        <text>On agreeing to the resolution Agreed to without objection. (text: CR H8393)</text>
        <committee />
        <links>
          <link>
            <url>https://www.congress.gov/congressional-record/volume-163/house-section/page/H8393</url>
            <name>H8393</name>
          </link>
        </links>
        <actionDate>2017-11-02</actionDate>
        <sourceSystem>
          <code>2</code>
          <name>House floor actions</name>
        </sourceSystem>
        <type>Floor</type>
        <actionCode>H37100</actionCode>
      </item>
      <item>
        <actionTime>12:04:11</actionTime>
        <text>Passed/agreed to in House: On agreeing to the resolution Agreed to without objection.(text: CR H8393)</text>
        <committee />
        <links>
          <link>
            <url>https://www.congress.gov/congressional-record/volume-163/house-section/page/H8393</url>
            <name>H8393</name>
          </link>
        </links>
        <actionDate>2017-11-02</actionDate>
        <sourceSystem>
          <code>9</code>
          <name>Library of Congress</name>
        </sourceSystem>
        <type>Floor</type>
        <actionCode>8000</actionCode>
      </item>
      <item>
        <actionTime>12:03:53</actionTime>
        <text>Considered by unanimous consent. (consideration: CR H8393)</text>
        <committee />
        <links>
          <link>
            <url>https://www.congress.gov/congressional-record/volume-163/house-section/page/H8393</url>
            <name>H8393</name>
          </link>
        </links>
        <actionDate>2017-11-02</actionDate>
        <sourceSystem>
          <code>2</code>
          <name>House floor actions</name>
        </sourceSystem>
        <type>Floor</type>
        <actionCode>H30000</actionCode>
      </item>
      <item>
        <actionTime>12:03:53</actionTime>
        <text>Mr. Poe (TX) asked unanimous consent to take from the Speaker's table and consider.</text>
        <committee />
        <links />
        <actionDate>2017-11-02</actionDate>
        <sourceSystem>
          <code>2</code>
          <name>House floor actions</name>
        </sourceSystem>
        <type>Floor</type>
        <actionCode>H30200</actionCode>
      </item>
      <item>
        <actionTime>16:53:20</actionTime>
        <text>Held at the desk.</text>
        <committee />
        <links />
        <actionDate>2017-10-31</actionDate>
        <sourceSystem>
          <code>2</code>
          <name>House floor actions</name>
        </sourceSystem>
        <type>Floor</type>
        <actionCode>H15000</actionCode>
      </item>
      <item>
        <actionTime>14:02:03</actionTime>
        <text>Received in the House.</text>
        <committee />
        <links />
        <actionDate>2017-10-31</actionDate>
        <sourceSystem>
          <code>2</code>
          <name>House floor actions</name>
        </sourceSystem>
        <type>Floor</type>
        <actionCode>H14000</actionCode>
      </item>
      <item>
        <actionDate>2017-10-27</actionDate>
        <committee />
        <links />
        <sourceSystem>
          <code>0</code>
          <name>Senate</name>
        </sourceSystem>
        <text>Message on Senate action sent to the House.</text>
        <type>Floor</type>
      </item>
      <item>
        <actionDate>2017-10-26</actionDate>
        <committee />
        <links>
          <link>
            <url>https://www.congress.gov/congressional-record/volume-163/senate-section/page/S6858</url>
            <name>S6858</name>
          </link>
          <link>
            <url>https://www.congress.gov/congressional-record/volume-163/senate-section/page/S6859-6860</url>
            <name>S6859-6860</name>
          </link>
        </links>
        <sourceSystem>
          <code>0</code>
          <name>Senate</name>
        </sourceSystem>
        <text>Submitted in the Senate, considered, and agreed to without amendment by Unanimous Consent. (consideration: CR S6859-6860; text as passed Senate: CR S6858)</text>
        <type>Floor</type>
      </item>
      <item>
        <text>Passed/agreed to in Senate: Submitted in the Senate, considered, and agreed to without amendment by Unanimous Consent.(consideration: CR S6859-6860; text as passed Senate: CR S6858)</text>
        <type>Floor</type>
        <links>
          <link>
            <url>https://www.congress.gov/congressional-record/volume-163/senate-section/page/S6858</url>
            <name>S6858</name>
          </link>
          <link>
            <url>https://www.congress.gov/congressional-record/volume-163/senate-section/page/S6859-6860</url>
            <name>S6859-6860</name>
          </link>
        </links>
        <actionDate>2017-10-26</actionDate>
        <sourceSystem>
          <code>9</code>
          <name>Library of Congress</name>
        </sourceSystem>
        <committee />
        <actionCode>17000</actionCode>
      </item>
      <item>
        <text>Introduced in Senate</text>
        <type>IntroReferral</type>
        <links />
        <actionDate>2017-10-26</actionDate>
        <sourceSystem>
          <code>9</code>
          <name>Library of Congress</name>
        </sourceSystem>
        <committee />
        <actionCode>10000</actionCode>
      </item>
      <actionByCounts>
        <houseOfRepresentatives>7</houseOfRepresentatives>
        <senate>4</senate>
      </actionByCounts>
      <actionTypeCounts>
        <heldAtTheDesk>1</heldAtTheDesk>
        <sentToHouse>1</sentToHouse>
        <considerationByHouse>1</considerationByHouse>
        <motionToReconsiderResults>1</motionToReconsiderResults>
        <unanimousConsentRequestToConsider>1</unanimousConsentRequestToConsider>
        <introducedInSenate>1</introducedInSenate>
        <passageOfAMeasure>1</passageOfAMeasure>
        <passedAgreedToInSenate>1</passedAgreedToInSenate>
        <receivedInTheHouse>1</receivedInTheHouse>
        <passedAgreedToInHouse>1</passedAgreedToInHouse>
        <passedOrAgreedToInSenateDayOf>1</passedOrAgreedToInSenateDayOf>
      </actionTypeCounts>
    </actions>
    <version>1.0.0</version>
    <congress>115</congress>
  </bill>
  <dublinCore xmlns:dc="http://purl.org/dc/elements/1.1/">
    <dc:format>text/xml</dc:format>
    <dc:language>EN</dc:language>
    <dc:rights>Pursuant to Title 17 Section 105 of the United States Code, this file is not subject to copyright protection and is in the public domain.</dc:rights>
    <dc:contributor>Congressional Research Service, Library of Congress</dc:contributor>
    <dc:description>This file contains bill summaries and statuses for federal legislation. A bill summary describes the most significant provisions of a piece of legislation and details the effects the legislative text may have on current law and federal programs. Bill summaries are authored by the Congressional Research Service (CRS) of the Library of Congress. As stated in Public Law 91-510 (2 USC 166 (d)(6)), one of the duties of CRS is "to prepare summaries and digests of bills and resolutions of a public general nature introduced in the Senate or House of Representatives". For more information, refer to the User Guide that accompanies this file.</dc:description>
  </dublinCore>
</billStatus>

