<?xml version="1.0" encoding="UTF-8"?>
<billStatus>
  <bill>
    <amendments />
    <latestAction>
      <actionDate>2017-04-26</actionDate>
      <text>Referred to the Committee on Foreign Relations. (text of measure as introduced: CR S2563)</text>
      <links />
    </latestAction>
    <congress>115</congress>
    <subjects>
      <billSubjects>
        <policyArea>
          <name>International Affairs</name>
        </policyArea>
        <legislativeSubjects>
          <item>
            <name>Asia</name>
          </item>
          <item>
            <name>Europe</name>
          </item>
          <item>
            <name>Georgia (Republic)</name>
          </item>
          <item>
            <name>Human rights</name>
          </item>
          <item>
            <name>International law and treaties</name>
          </item>
          <item>
            <name>International organizations and cooperation</name>
          </item>
          <item>
            <name>Moldova</name>
          </item>
          <item>
            <name>Russia</name>
          </item>
          <item>
            <name>Sovereignty, recognition, national governance and status</name>
          </item>
          <item>
            <name>Ukraine</name>
          </item>
        </legislativeSubjects>
      </billSubjects>
    </subjects>
    <laws />
    <notes />
    <billType>SCONRES</billType>
    <sponsors>
      <item>
        <middleName>F.</middleName>
        <bioguideId>W000437</bioguideId>
        <fullName>Sen. Wicker, Roger F. [R-MS]</fullName>
        <identifiers>
          <lisID>1226</lisID>
          <bioguideId>W000437</bioguideId>
          <gpoId>8263</gpoId>
        </identifiers>
        <byRequestType />
        <state>MS</state>
        <firstName>ROGER</firstName>
        <party>R</party>
        <lastName>WICKER</lastName>
      </item>
    </sponsors>
    <recordedVotes />
    <committeeReports />
    <introducedDate>2017-04-26</introducedDate>
    <updateDate>2018-08-28T20:20:05Z</updateDate>
    <cosponsors>
      <item>
        <bioguideId>C000141</bioguideId>
        <party>D</party>
        <firstName>BENJAMIN</firstName>
        <fullName>Sen. Cardin, Benjamin L. [D-MD]</fullName>
        <lastName>CARDIN</lastName>
        <state>MD</state>
        <isOriginalCosponsor>True</isOriginalCosponsor>
        <middleName>L.</middleName>
        <identifiers>
          <lisID>174</lisID>
          <gpoId>8287</gpoId>
          <bioguideId>C000141</bioguideId>
        </identifiers>
        <sponsorshipDate>2017-04-26</sponsorshipDate>
        <sponsorshipWithdrawnDate />
      </item>
      <item>
        <bioguideId>R000595</bioguideId>
        <party>R</party>
        <firstName>Marco</firstName>
        <fullName>Sen. Rubio, Marco [R-FL]</fullName>
        <lastName>Rubio</lastName>
        <state>FL</state>
        <isOriginalCosponsor>True</isOriginalCosponsor>
        <middleName />
        <identifiers>
          <bioguideId>R000595</bioguideId>
          <lisID>2084</lisID>
          <gpoId>8242</gpoId>
        </identifiers>
        <sponsorshipDate>2017-04-26</sponsorshipDate>
        <sponsorshipWithdrawnDate />
      </item>
      <item>
        <bioguideId>S001181</bioguideId>
        <party>D</party>
        <firstName>Jeanne</firstName>
        <fullName>Sen. Shaheen, Jeanne [D-NH]</fullName>
        <lastName>Shaheen</lastName>
        <state>NH</state>
        <isOriginalCosponsor>True</isOriginalCosponsor>
        <middleName />
        <identifiers>
          <lisID>1901</lisID>
          <bioguideId>S001181</bioguideId>
          <gpoId>8276</gpoId>
        </identifiers>
        <sponsorshipDate>2017-04-26</sponsorshipDate>
        <sponsorshipWithdrawnDate />
      </item>
      <item>
        <bioguideId>T000476</bioguideId>
        <party>R</party>
        <firstName>Thomas</firstName>
        <fullName>Sen. Tillis, Thom [R-NC]</fullName>
        <lastName>Tillis</lastName>
        <state>NC</state>
        <isOriginalCosponsor>True</isOriginalCosponsor>
        <middleName>Roland</middleName>
        <identifiers>
          <lisID>2291</lisID>
          <gpoId />
          <bioguideId>T000476</bioguideId>
        </identifiers>
        <sponsorshipDate>2017-04-26</sponsorshipDate>
        <sponsorshipWithdrawnDate />
      </item>
      <item>
        <bioguideId>W000802</bioguideId>
        <party>D</party>
        <firstName>Sheldon</firstName>
        <fullName>Sen. Whitehouse, Sheldon [D-RI]</fullName>
        <lastName>Whitehouse</lastName>
        <state>RI</state>
        <isOriginalCosponsor>True</isOriginalCosponsor>
        <middleName />
        <identifiers>
          <gpoId>8264</gpoId>
          <lisID>1823</lisID>
          <bioguideId>W000802</bioguideId>
        </identifiers>
        <sponsorshipDate>2017-04-26</sponsorshipDate>
        <sponsorshipWithdrawnDate />
      </item>
      <item>
        <bioguideId>B001236</bioguideId>
        <party>R</party>
        <firstName>John</firstName>
        <fullName>Sen. Boozman, John [R-AR]</fullName>
        <lastName>Boozman</lastName>
        <state>AR</state>
        <isOriginalCosponsor>True</isOriginalCosponsor>
        <middleName />
        <identifiers>
          <lisID>1687</lisID>
          <bioguideId>B001236</bioguideId>
          <gpoId>8247</gpoId>
        </identifiers>
        <sponsorshipDate>2017-04-26</sponsorshipDate>
        <sponsorshipWithdrawnDate />
      </item>
      <item>
        <bioguideId>G000562</bioguideId>
        <party>R</party>
        <firstName>Cory</firstName>
        <fullName>Sen. Gardner, Cory [R-CO]</fullName>
        <lastName>Gardner</lastName>
        <state>CO</state>
        <isOriginalCosponsor>True</isOriginalCosponsor>
        <middleName />
        <identifiers>
          <bioguideId>G000562</bioguideId>
          <gpoId>7862</gpoId>
          <lisID>1998</lisID>
        </identifiers>
        <sponsorshipDate>2017-04-26</sponsorshipDate>
        <sponsorshipWithdrawnDate />
      </item>
      <item>
        <bioguideId>U000039</bioguideId>
        <party>D</party>
        <firstName>TOM</firstName>
        <fullName>Sen. Udall, Tom [D-NM]</fullName>
        <lastName>UDALL</lastName>
        <state>NM</state>
        <isOriginalCosponsor>True</isOriginalCosponsor>
        <middleName />
        <identifiers>
          <bioguideId>U000039</bioguideId>
          <gpoId>8260</gpoId>
          <lisID>1567</lisID>
        </identifiers>
        <sponsorshipDate>2017-04-26</sponsorshipDate>
        <sponsorshipWithdrawnDate />
      </item>
    </cosponsors>
    <actions>
      <item>
        <actionDate>2017-04-26</actionDate>
        <committee>
          <systemCode>ssfr00</systemCode>
          <name>Foreign Relations Committee</name>
        </committee>
        <links>
          <link>
            <url>https://www.congress.gov/congressional-record/volume-163/senate-section/page/S2563</url>
            <name>S2563</name>
          </link>
        </links>
        <sourceSystem>
          <code>0</code>
          <name>Senate</name>
        </sourceSystem>
        <text>Referred to the Committee on Foreign Relations. (text of measure as introduced: CR S2563)</text>
        <type>IntroReferral</type>
      </item>
      <item>
        <actionDate>2017-04-26</actionDate>
        <actionCode>10000</actionCode>
        <text>Introduced in Senate</text>
        <committee />
        <links />
        <type>IntroReferral</type>
        <sourceSystem>
          <code>9</code>
          <name>Library of Congress</name>
        </sourceSystem>
      </item>
      <actionTypeCounts>
        <referredToCommittee>1</referredToCommittee>
        <introducedInSenate>1</introducedInSenate>
      </actionTypeCounts>
      <actionByCounts>
        <senate>2</senate>
      </actionByCounts>
    </actions>
    <committees>
      <billCommittees>
        <item>
          <chamber>Senate</chamber>
          <systemCode>ssfr00</systemCode>
          <subcommittees />
          <type>Standing</type>
          <name>Foreign Relations Committee</name>
          <activities>
            <item>
              <name>Referred to</name>
              <date>2017-04-26T14:51:02Z</date>
            </item>
          </activities>
        </item>
      </billCommittees>
    </committees>
    <policyArea>
      <name>International Affairs</name>
    </policyArea>
    <version>1.0.0</version>
    <title>A concurrent resolution calling upon the President to issue a proclamation recognizing the abiding importance of the Helsinki Final Act and its relevance to the national security of the United States.</title>
    <createDate>2017-04-27T00:41:39Z</createDate>
    <billNumber>13</billNumber>
    <cboCostEstimates />
    <calendarNumbers />
    <relatedBills />
    <summaries>
      <billSummaries>
        <item>
          <actionDesc>Introduced in Senate</actionDesc>
          <name>Introduced in Senate</name>
          <text><![CDATA[<p>Calls upon the President to issue a proclamation:</p> <ul> <li> reaffirming the U.S. commitment to the Guiding Principles of the Final Act of the Conference on Security and Cooperation in Europe; </li> <li> reasserting the U.S. commitment to full implementation of the Helsinki Final Act;</li> <li> urging all participating states to fully implement their commitments under such Act and to respect each other's sovereign right to join alliances; </li> <li> condemning the violation of all ten core Organization for Security and Cooperation in Europe (OSCE) principles enshrined in the Helsinki Final Act by the Russian Federation with respect to other OSCE participating states; and </li> <li> condemning all other violations of the Helsinki Final Act and its fundamental guiding principles.</li> </ul> <p>Calls upon the President to convey to all signatory states of such Act that respect for human rights and fundamental freedoms, democratic principles, economic liberty, and the implementation of related commitments continue to be vital elements in promoting democracy, peace, and unity in the region covered by the OSCE.</p>]]></text>
          <versionCode>00</versionCode>
          <lastSummaryUpdateDate>2017-07-20T15:43:57Z</lastSummaryUpdateDate>
          <updateDate>2017-04-26T04:00:00Z</updateDate>
          <actionDate>2017-04-26</actionDate>
        </item>
      </billSummaries>
    </summaries>
    <originChamber>Senate</originChamber>
    <titles>
      <item>
        <chamberCode />
        <titleType>Official Title as Introduced</titleType>
        <chamberName />
        <title>A concurrent resolution calling upon the President to issue a proclamation recognizing the abiding importance of the Helsinki Final Act and its relevance to the national security of the United States.</title>
        <parentTitleType />
      </item>
      <item>
        <chamberCode />
        <titleType>Display Title</titleType>
        <chamberName />
        <title>A concurrent resolution calling upon the President to issue a proclamation recognizing the abiding importance of the Helsinki Final Act and its relevance to the national security of the United States.</title>
        <parentTitleType />
      </item>
    </titles>
  </bill>
  <dublinCore xmlns:dc="http://purl.org/dc/elements/1.1/">
    <dc:format>text/xml</dc:format>
    <dc:language>EN</dc:language>
    <dc:rights>Pursuant to Title 17 Section 105 of the United States Code, this file is not subject to copyright protection and is in the public domain.</dc:rights>
    <dc:contributor>Congressional Research Service, Library of Congress</dc:contributor>
    <dc:description>This file contains bill summaries and statuses for federal legislation. A bill summary describes the most significant provisions of a piece of legislation and details the effects the legislative text may have on current law and federal programs. Bill summaries are authored by the Congressional Research Service (CRS) of the Library of Congress. As stated in Public Law 91-510 (2 USC 166 (d)(6)), one of the duties of CRS is "to prepare summaries and digests of bills and resolutions of a public general nature introduced in the Senate or House of Representatives". For more information, refer to the User Guide that accompanies this file.</dc:description>
  </dublinCore>
</billStatus>

