<?xml version="1.0" encoding="UTF-8"?>
<billStatus>
  <bill>
    <summaries>
      <billSummaries />
    </summaries>
    <calendarNumbers />
    <sponsors>
      <item>
        <identifiers>
          <gpoId>8254</gpoId>
          <bioguideId>M000355</bioguideId>
          <lisID>1395</lisID>
        </identifiers>
        <fullName>Sen. McConnell, Mitch [R-KY]</fullName>
        <lastName>MCCONNELL</lastName>
        <middleName />
        <bioguideId>M000355</bioguideId>
        <party>R</party>
        <firstName>MITCH</firstName>
        <state>KY</state>
        <byRequestType />
      </item>
    </sponsors>
    <billType>SCONRES</billType>
    <committees>
      <billCommittees />
    </committees>
    <titles>
      <item>
        <chamberCode />
        <titleType>Official Title as Introduced</titleType>
        <chamberName />
        <title>A concurrent resolution to provide for the counting on January 6, 2017, of the electoral votes for President and Vice President of the United States.</title>
        <parentTitleType />
      </item>
      <item>
        <chamberCode />
        <titleType>Display Title</titleType>
        <chamberName />
        <title>A concurrent resolution to provide for the counting on January 6, 2017, of the electoral votes for President and Vice President of the United States.</title>
        <parentTitleType />
      </item>
    </titles>
    <billNumber>2</billNumber>
    <cboCostEstimates />
    <title>A concurrent resolution to provide for the counting on January 6, 2017, of the electoral votes for President and Vice President of the United States.</title>
    <amendments />
    <actions>
      <item>
        <committee />
        <actionDate>2017-01-03</actionDate>
        <actionTime>18:07:13</actionTime>
        <text>Motion to reconsider laid on the table Agreed to without objection.</text>
        <links />
        <actionCode>H38310</actionCode>
        <type>Floor</type>
        <sourceSystem>
          <name>House floor actions</name>
          <code>2</code>
        </sourceSystem>
      </item>
      <item>
        <committee />
        <actionDate>2017-01-03</actionDate>
        <actionTime>18:07:08</actionTime>
        <text>On agreeing to the resolution Agreed to by voice vote. (text: CR H36)</text>
        <links>
          <link>
            <name>H36</name>
            <url>https://www.congress.gov/congressional-record/volume-163/house-section/page/H36</url>
          </link>
        </links>
        <actionCode>H37100</actionCode>
        <type>Floor</type>
        <sourceSystem>
          <name>House floor actions</name>
          <code>2</code>
        </sourceSystem>
      </item>
      <item>
        <committee />
        <actionDate>2017-01-03</actionDate>
        <actionTime>18:07:08</actionTime>
        <text>Passed/agreed to in House: On agreeing to the resolution Agreed to by voice vote.(text: CR H36)</text>
        <links>
          <link>
            <name>H36</name>
            <url>https://www.congress.gov/congressional-record/volume-163/house-section/page/H36</url>
          </link>
        </links>
        <actionCode>8000</actionCode>
        <type>Floor</type>
        <sourceSystem>
          <name>Library of Congress</name>
          <code>9</code>
        </sourceSystem>
      </item>
      <item>
        <committee />
        <actionDate>2017-01-03</actionDate>
        <actionTime>18:05:57</actionTime>
        <text>Considered as privileged matter. (consideration: CR H36)</text>
        <links>
          <link>
            <name>H36</name>
            <url>https://www.congress.gov/congressional-record/volume-163/house-section/page/H36</url>
          </link>
        </links>
        <actionCode>H30000</actionCode>
        <type>Floor</type>
        <sourceSystem>
          <name>House floor actions</name>
          <code>2</code>
        </sourceSystem>
      </item>
      <item>
        <committee />
        <actionDate>2017-01-03</actionDate>
        <actionTime>16:55:04</actionTime>
        <text>Held at the desk.</text>
        <links />
        <actionCode>H15000</actionCode>
        <type>Floor</type>
        <sourceSystem>
          <name>House floor actions</name>
          <code>2</code>
        </sourceSystem>
      </item>
      <item>
        <actionDate>2017-01-03</actionDate>
        <committee />
        <links />
        <sourceSystem>
          <name>Senate</name>
          <code>0</code>
        </sourceSystem>
        <text>Message on Senate action sent to the House.</text>
        <type>Floor</type>
      </item>
      <item>
        <committee />
        <actionDate>2017-01-03</actionDate>
        <actionTime>15:59:50</actionTime>
        <text>Received in the House.</text>
        <links />
        <actionCode>H14000</actionCode>
        <type>Floor</type>
        <sourceSystem>
          <name>House floor actions</name>
          <code>2</code>
        </sourceSystem>
      </item>
      <item>
        <actionDate>2017-01-03</actionDate>
        <committee />
        <links>
          <link>
            <name>S23</name>
            <url>https://www.congress.gov/congressional-record/volume-163/senate-section/page/S23</url>
          </link>
          <link>
            <name>S6-7</name>
            <url>https://www.congress.gov/congressional-record/volume-163/senate-section/page/S6-7</url>
          </link>
          <link>
            <name>S7</name>
            <url>https://www.congress.gov/congressional-record/volume-163/senate-section/page/S7</url>
          </link>
        </links>
        <sourceSystem>
          <name>Senate</name>
          <code>0</code>
        </sourceSystem>
        <text>Submitted in the Senate, considered, and agreed to without amendment by Unanimous Consent. (consideration: CR S6-7, S23; text as passed Senate: CR S7, S23)</text>
        <type>Floor</type>
      </item>
      <item>
        <committee />
        <actionDate>2017-01-03</actionDate>
        <text>Passed/agreed to in Senate: Submitted in the Senate, considered, and agreed to without amendment by Unanimous Consent.(consideration: CR S6-7, S23; text as passed Senate: CR S7, S23)</text>
        <links>
          <link>
            <name>S23</name>
            <url>https://www.congress.gov/congressional-record/volume-163/senate-section/page/S23</url>
          </link>
          <link>
            <name>S6-7</name>
            <url>https://www.congress.gov/congressional-record/volume-163/senate-section/page/S6-7</url>
          </link>
          <link>
            <name>S7</name>
            <url>https://www.congress.gov/congressional-record/volume-163/senate-section/page/S7</url>
          </link>
        </links>
        <actionCode>17000</actionCode>
        <type>Floor</type>
        <sourceSystem>
          <name>Library of Congress</name>
          <code>9</code>
        </sourceSystem>
      </item>
      <item>
        <committee />
        <actionDate>2017-01-03</actionDate>
        <text>Introduced in Senate</text>
        <links />
        <actionCode>10000</actionCode>
        <type>IntroReferral</type>
        <sourceSystem>
          <name>Library of Congress</name>
          <code>9</code>
        </sourceSystem>
      </item>
      <actionTypeCounts>
        <passageOfAMeasure>1</passageOfAMeasure>
        <passedAgreedToInHouse>1</passedAgreedToInHouse>
        <passedOrAgreedToInSenateDayOf>1</passedOrAgreedToInSenateDayOf>
        <passedAgreedToInSenate>1</passedAgreedToInSenate>
        <considerationByHouse>1</considerationByHouse>
        <sentToHouse>1</sentToHouse>
        <motionToReconsiderResults>1</motionToReconsiderResults>
        <introducedInSenate>1</introducedInSenate>
        <receivedInTheHouse>1</receivedInTheHouse>
        <heldAtTheDesk>1</heldAtTheDesk>
      </actionTypeCounts>
      <actionByCounts>
        <senate>4</senate>
        <houseOfRepresentatives>6</houseOfRepresentatives>
      </actionByCounts>
    </actions>
    <notes />
    <updateDate>2017-01-11T10:17:55Z</updateDate>
    <createDate>2017-01-04T04:47:42Z</createDate>
    <recordedVotes />
    <introducedDate>2017-01-03</introducedDate>
    <congress>115</congress>
    <committeeReports />
    <laws />
    <cosponsors />
    <originChamber>Senate</originChamber>
    <latestAction>
      <links />
      <text>Motion to reconsider laid on the table Agreed to without objection.</text>
      <actionDate>2017-01-03</actionDate>
      <actionTime>18:07:13</actionTime>
    </latestAction>
    <policyArea>
      <name>Government Operations and Politics</name>
    </policyArea>
    <relatedBills />
    <subjects>
      <billSubjects>
        <legislativeSubjects>
          <item>
            <name>Congress</name>
          </item>
          <item>
            <name>Congressional operations and organization</name>
          </item>
          <item>
            <name>Elections, voting, political campaign regulation</name>
          </item>
          <item>
            <name>Presidents and presidential powers, Vice Presidents</name>
          </item>
        </legislativeSubjects>
        <policyArea>
          <name>Government Operations and Politics</name>
        </policyArea>
      </billSubjects>
    </subjects>
  </bill>
  <dublinCore xmlns:dc="http://purl.org/dc/elements/1.1/">
    <dc:format>text/xml</dc:format>
    <dc:language>EN</dc:language>
    <dc:rights>Pursuant to Title 17 Section 105 of the United States Code, this file is not subject to copyright protection and is in the public domain.</dc:rights>
    <dc:contributor>Congressional Research Service, Library of Congress</dc:contributor>
    <dc:description>This file contains bill summaries and statuses for federal legislation. A bill summary describes the most significant provisions of a piece of legislation and details the effects the legislative text may have on current law and federal programs. Bill summaries are authored by the Congressional Research Service (CRS) of the Library of Congress. As stated in Public Law 91-510 (2 USC 166 (d)(6)), one of the duties of CRS is "to prepare summaries and digests of bills and resolutions of a public general nature introduced in the Senate or House of Representatives". For more information, refer to the User Guide that accompanies this file.</dc:description>
  </dublinCore>
</billStatus>

