<?xml version="1.0" encoding="UTF-8"?>
<billStatus>
  <bill>
    <amendments />
    <latestAction>
      <actionDate>2018-03-01</actionDate>
      <text>Held at the desk.</text>
      <links />
      <actionTime>15:56:29</actionTime>
    </latestAction>
    <congress>115</congress>
    <subjects>
      <billSubjects>
        <policyArea>
          <name>Congress</name>
        </policyArea>
        <legislativeSubjects />
      </billSubjects>
    </subjects>
    <laws />
    <notes />
    <billType>SCONRES</billType>
    <sponsors>
      <item>
        <middleName>R.</middleName>
        <bioguideId>W000805</bioguideId>
        <fullName>Sen. Warner, Mark R. [D-VA]</fullName>
        <identifiers>
          <lisID>1897</lisID>
          <gpoId>8269</gpoId>
          <bioguideId>W000805</bioguideId>
        </identifiers>
        <byRequestType />
        <state>VA</state>
        <firstName>Mark</firstName>
        <party>D</party>
        <lastName>Warner</lastName>
      </item>
    </sponsors>
    <recordedVotes />
    <committeeReports />
    <introducedDate>2018-02-27</introducedDate>
    <updateDate>2018-08-28T20:20:11Z</updateDate>
    <cosponsors>
      <item>
        <middleName />
        <bioguideId>B000575</bioguideId>
        <identifiers>
          <lisID>1464</lisID>
          <gpoId>8313</gpoId>
          <bioguideId>B000575</bioguideId>
        </identifiers>
        <state>MO</state>
        <fullName>Sen. Blunt, Roy [R-MO]</fullName>
        <isOriginalCosponsor>True</isOriginalCosponsor>
        <party>R</party>
        <sponsorshipWithdrawnDate />
        <firstName>Roy</firstName>
        <lastName>Blunt</lastName>
        <sponsorshipDate>2018-02-27</sponsorshipDate>
      </item>
    </cosponsors>
    <actions>
      <actionTypeCounts>
        <heldAtTheDesk>1</heldAtTheDesk>
        <passedOrAgreedToInSenateDayOf>1</passedOrAgreedToInSenateDayOf>
        <sentToHouse>1</sentToHouse>
        <receivedInTheHouse>1</receivedInTheHouse>
        <passedAgreedToInSenate>1</passedAgreedToInSenate>
        <introducedInSenate>1</introducedInSenate>
      </actionTypeCounts>
      <item>
        <actionDate>2018-03-01</actionDate>
        <actionTime>15:56:29</actionTime>
        <committee />
        <links />
        <text>Held at the desk.</text>
        <actionCode>H15000</actionCode>
        <sourceSystem>
          <name>House floor actions</name>
          <code>2</code>
        </sourceSystem>
        <type>Floor</type>
      </item>
      <item>
        <actionDate>2018-03-01</actionDate>
        <actionTime>13:32:13</actionTime>
        <committee />
        <links />
        <text>Received in the House.</text>
        <actionCode>H14000</actionCode>
        <sourceSystem>
          <name>House floor actions</name>
          <code>2</code>
        </sourceSystem>
        <type>Floor</type>
      </item>
      <item>
        <actionDate>2018-02-28</actionDate>
        <committee />
        <links />
        <sourceSystem>
          <name>Senate</name>
          <code>0</code>
        </sourceSystem>
        <text>Message on Senate action sent to the House.</text>
        <type>Floor</type>
      </item>
      <item>
        <actionDate>2018-02-27</actionDate>
        <committee />
        <links>
          <link>
            <name>S1253</name>
            <url>https://www.congress.gov/congressional-record/volume-164/senate-section/page/S1253</url>
          </link>
          <link>
            <name>S1254-1255</name>
            <url>https://www.congress.gov/congressional-record/volume-164/senate-section/page/S1254-1255</url>
          </link>
        </links>
        <sourceSystem>
          <name>Senate</name>
          <code>0</code>
        </sourceSystem>
        <text>Submitted in the Senate, considered, and agreed to without amendment by Unanimous Consent. (consideration: CR S1254-1255; text: CR S1253)</text>
        <type>Floor</type>
      </item>
      <item>
        <actionDate>2018-02-27</actionDate>
        <links>
          <link>
            <name>S1253</name>
            <url>https://www.congress.gov/congressional-record/volume-164/senate-section/page/S1253</url>
          </link>
          <link>
            <name>S1254-1255</name>
            <url>https://www.congress.gov/congressional-record/volume-164/senate-section/page/S1254-1255</url>
          </link>
        </links>
        <text>Passed/agreed to in Senate: Submitted in the Senate, considered, and agreed to without amendment by Unanimous Consent.(consideration: CR S1254-1255; text: CR S1253)</text>
        <type>Floor</type>
        <actionCode>17000</actionCode>
        <sourceSystem>
          <name>Library of Congress</name>
          <code>9</code>
        </sourceSystem>
        <committee />
      </item>
      <item>
        <actionDate>2018-02-27</actionDate>
        <links />
        <text>Introduced in Senate</text>
        <type>IntroReferral</type>
        <actionCode>10000</actionCode>
        <sourceSystem>
          <name>Library of Congress</name>
          <code>9</code>
        </sourceSystem>
        <committee />
      </item>
      <actionByCounts>
        <houseOfRepresentatives>2</houseOfRepresentatives>
        <senate>4</senate>
      </actionByCounts>
    </actions>
    <committees>
      <billCommittees />
    </committees>
    <policyArea>
      <name>Congress</name>
    </policyArea>
    <version>1.0.0</version>
    <title>A concurrent resolution authorizing the use of Emancipation Hall in the Capitol Visitor Center for a ceremony to present the Congressional Gold Medal collectively to the members of the Office of Strategic Services.</title>
    <createDate>2018-02-28T05:26:07Z</createDate>
    <billNumber>35</billNumber>
    <cboCostEstimates />
    <calendarNumbers />
    <relatedBills>
      <item>
        <type>HCONRES</type>
        <number>106</number>
        <latestTitle>Authorizing the use of Emancipation Hall for a ceremony to present the Congressional Gold Medal collectively to the members of the Office of Strategic Services.</latestTitle>
        <congress>115</congress>
        <latestAction>
          <actionDate>2018-03-01</actionDate>
          <text>Message on Senate action sent to the House.</text>
        </latestAction>
        <relationshipDetails>
          <item>
            <type>Related bill</type>
            <identifiedBy>House</identifiedBy>
          </item>
          <item>
            <type>Identical bill</type>
            <identifiedBy>CRS</identifiedBy>
          </item>
        </relationshipDetails>
      </item>
    </relatedBills>
    <summaries>
      <billSummaries>
        <item>
          <actionDesc>Introduced in Senate</actionDesc>
          <actionDate>2018-02-27</actionDate>
          <lastSummaryUpdateDate>2018-03-06T20:30:22Z</lastSummaryUpdateDate>
          <name>Introduced in Senate</name>
          <text><![CDATA[<p>Authorizes Emancipation Hall in the Capitol Visitor Center to be used on March 21, 2018, for a ceremony to present the Congressional Gold Medal to the members of the Office of Strategic Services, in recognition of their superior service and major contributions during World War II.</p>]]></text>
          <versionCode>00</versionCode>
          <updateDate>2018-02-27T05:00:00Z</updateDate>
        </item>
        <item>
          <actionDesc>Passed Senate without amendment</actionDesc>
          <actionDate>2018-02-27</actionDate>
          <lastSummaryUpdateDate>2018-03-06T20:42:16Z</lastSummaryUpdateDate>
          <name>Passed Senate without amendment</name>
          <text><![CDATA[<p>(This measure has not been amended since it was introduced. The summary has been expanded because action occurred on the measure.)</p> <p>(Sec. 1) Authorizes Emancipation Hall in the Capitol Visitor Center to be used on March 21, 2018, for a ceremony to present the Congressional Gold Medal to the members of the Office of Strategic Services, in recognition of their superior service and major contributions during World War II.</p>]]></text>
          <versionCode>82</versionCode>
          <updateDate>2018-02-27T14:15:23Z</updateDate>
        </item>
      </billSummaries>
    </summaries>
    <originChamber>Senate</originChamber>
    <titles>
      <item>
        <chamberName />
        <parentTitleType />
        <titleType>Official Title as Introduced</titleType>
        <title>A concurrent resolution authorizing the use of Emancipation Hall in the Capitol Visitor Center for a ceremony to present the Congressional Gold Medal collectively to the members of the Office of Strategic Services.</title>
        <chamberCode />
      </item>
      <item>
        <chamberName />
        <parentTitleType />
        <titleType>Display Title</titleType>
        <title>A concurrent resolution authorizing the use of Emancipation Hall in the Capitol Visitor Center for a ceremony to present the Congressional Gold Medal collectively to the members of the Office of Strategic Services.</title>
        <chamberCode />
      </item>
    </titles>
  </bill>
  <dublinCore xmlns:dc="http://purl.org/dc/elements/1.1/">
    <dc:format>text/xml</dc:format>
    <dc:language>EN</dc:language>
    <dc:rights>Pursuant to Title 17 Section 105 of the United States Code, this file is not subject to copyright protection and is in the public domain.</dc:rights>
    <dc:contributor>Congressional Research Service, Library of Congress</dc:contributor>
    <dc:description>This file contains bill summaries and statuses for federal legislation. A bill summary describes the most significant provisions of a piece of legislation and details the effects the legislative text may have on current law and federal programs. Bill summaries are authored by the Congressional Research Service (CRS) of the Library of Congress. As stated in Public Law 91-510 (2 USC 166 (d)(6)), one of the duties of CRS is "to prepare summaries and digests of bills and resolutions of a public general nature introduced in the Senate or House of Representatives". For more information, refer to the User Guide that accompanies this file.</dc:description>
  </dublinCore>
</billStatus>

