<?xml version="1.0" encoding="UTF-8"?>
<billStatus>
  <bill>
    <committees>
      <billCommittees>
        <item>
          <systemCode>sseg00</systemCode>
          <chamber>Senate</chamber>
          <type>Standing</type>
          <subcommittees />
          <name>Energy and Natural Resources Committee</name>
          <activities>
            <item>
              <date>2018-02-27T22:47:14Z</date>
              <name>Referred to</name>
            </item>
          </activities>
        </item>
      </billCommittees>
    </committees>
    <actions>
      <item>
        <actionDate>2018-02-27</actionDate>
        <committee>
          <systemCode>sseg00</systemCode>
          <name>Energy and Natural Resources Committee</name>
        </committee>
        <links>
          <link>
            <url>https://www.congress.gov/congressional-record/volume-164/senate-section/page/S1253</url>
            <name>S1253</name>
          </link>
        </links>
        <sourceSystem>
          <code>0</code>
          <name>Senate</name>
        </sourceSystem>
        <text>Referred to the Committee on Energy and Natural Resources. (text of measure as introduced: CR S1253)</text>
        <type>IntroReferral</type>
      </item>
      <item>
        <text>Introduced in Senate</text>
        <links />
        <type>IntroReferral</type>
        <sourceSystem>
          <code>9</code>
          <name>Library of Congress</name>
        </sourceSystem>
        <committee />
        <actionDate>2018-02-27</actionDate>
        <actionCode>10000</actionCode>
      </item>
      <actionTypeCounts>
        <referredToCommittee>1</referredToCommittee>
        <introducedInSenate>1</introducedInSenate>
      </actionTypeCounts>
      <actionByCounts>
        <senate>2</senate>
      </actionByCounts>
    </actions>
    <recordedVotes />
    <laws />
    <calendarNumbers />
    <titles>
      <item>
        <titleType>Official Title as Introduced</titleType>
        <chamberName />
        <chamberCode />
        <parentTitleType />
        <title>A concurrent resolution recognizing the rich history, heritage, and strategic importance of the Republic of the Marshall Islands and the Marshallese population residing in the United States.</title>
      </item>
      <item>
        <titleType>Display Title</titleType>
        <chamberName />
        <chamberCode />
        <parentTitleType />
        <title>A concurrent resolution recognizing the rich history, heritage, and strategic importance of the Republic of the Marshall Islands and the Marshallese population residing in the United States.</title>
      </item>
    </titles>
    <cosponsors>
      <item>
        <lastName>Cotton</lastName>
        <sponsorshipDate>2018-02-27</sponsorshipDate>
        <party>R</party>
        <fullName>Sen. Cotton, Tom [R-AR]</fullName>
        <identifiers>
          <bioguideId>C001095</bioguideId>
          <lisID>2098</lisID>
          <gpoId />
        </identifiers>
        <firstName>Tom</firstName>
        <sponsorshipWithdrawnDate />
        <state>AR</state>
        <middleName />
        <bioguideId>C001095</bioguideId>
        <isOriginalCosponsor>True</isOriginalCosponsor>
      </item>
    </cosponsors>
    <cboCostEstimates />
    <latestAction>
      <text>Referred to the Committee on Energy and Natural Resources. (text of measure as introduced: CR S1253)</text>
      <links />
      <actionDate>2018-02-27</actionDate>
    </latestAction>
    <updateDate>2018-08-28T20:20:11Z</updateDate>
    <version>1.0.0</version>
    <policyArea>
      <name>International Affairs</name>
    </policyArea>
    <billType>SCONRES</billType>
    <billNumber>34</billNumber>
    <originChamber>Senate</originChamber>
    <relatedBills>
      <item>
        <congress>115</congress>
        <number>110</number>
        <type>HCONRES</type>
        <latestTitle>Recognizing the rich history, heritage, and strategic importance of the Republic of the Marshall Islands and the Marshallese population residing in the United States.</latestTitle>
        <relationshipDetails>
          <item>
            <type>Identical bill</type>
            <identifiedBy>CRS</identifiedBy>
          </item>
        </relationshipDetails>
        <latestAction>
          <text>Referred to the Subcommittee on Indian, Insular and Alaska Native Affairs.</text>
          <actionDate>2018-02-28</actionDate>
        </latestAction>
      </item>
    </relatedBills>
    <title>A concurrent resolution recognizing the rich history, heritage, and strategic importance of the Republic of the Marshall Islands and the Marshallese population residing in the United States.</title>
    <congress>115</congress>
    <summaries>
      <billSummaries>
        <item>
          <text><![CDATA[<p>Recognizes the strategic importance of the Republic of the Marshall Islands and the importance of the renegotiation of the Compact of Free Association with the United States and encourages a continued commitment to improve census data to better serve citizens of the republic living in the United States.</p>]]></text>
          <lastSummaryUpdateDate>2018-03-24T12:38:25Z</lastSummaryUpdateDate>
          <actionDesc>Introduced in Senate</actionDesc>
          <updateDate>2018-02-27T05:00:00Z</updateDate>
          <name>Introduced in Senate</name>
          <versionCode>00</versionCode>
          <actionDate>2018-02-27</actionDate>
        </item>
      </billSummaries>
    </summaries>
    <subjects>
      <billSubjects>
        <policyArea>
          <name>International Affairs</name>
        </policyArea>
        <legislativeSubjects>
          <item>
            <name>Census and government statistics</name>
          </item>
          <item>
            <name>Congressional tributes</name>
          </item>
          <item>
            <name>International law and treaties</name>
          </item>
          <item>
            <name>Marshall Islands</name>
          </item>
          <item>
            <name>Military personnel and dependents</name>
          </item>
        </legislativeSubjects>
      </billSubjects>
    </subjects>
    <committeeReports />
    <introducedDate>2018-02-27</introducedDate>
    <sponsors>
      <item>
        <bioguideId>B001236</bioguideId>
        <middleName />
        <byRequestType />
        <fullName>Sen. Boozman, John [R-AR]</fullName>
        <lastName>Boozman</lastName>
        <state>AR</state>
        <party>R</party>
        <identifiers>
          <lisID>1687</lisID>
          <bioguideId>B001236</bioguideId>
          <gpoId>8247</gpoId>
        </identifiers>
        <firstName>John</firstName>
      </item>
    </sponsors>
    <notes />
    <createDate>2018-02-28T05:26:06Z</createDate>
    <amendments />
  </bill>
  <dublinCore xmlns:dc="http://purl.org/dc/elements/1.1/">
    <dc:format>text/xml</dc:format>
    <dc:language>EN</dc:language>
    <dc:rights>Pursuant to Title 17 Section 105 of the United States Code, this file is not subject to copyright protection and is in the public domain.</dc:rights>
    <dc:contributor>Congressional Research Service, Library of Congress</dc:contributor>
    <dc:description>This file contains bill summaries and statuses for federal legislation. A bill summary describes the most significant provisions of a piece of legislation and details the effects the legislative text may have on current law and federal programs. Bill summaries are authored by the Congressional Research Service (CRS) of the Library of Congress. As stated in Public Law 91-510 (2 USC 166 (d)(6)), one of the duties of CRS is "to prepare summaries and digests of bills and resolutions of a public general nature introduced in the Senate or House of Representatives". For more information, refer to the User Guide that accompanies this file.</dc:description>
  </dublinCore>
</billStatus>

