<?xml version="1.0" encoding="UTF-8"?>
<billStatus>
  <bill>
    <amendments />
    <billNumber>37</billNumber>
    <laws />
    <cboCostEstimates />
    <originChamber>Senate</originChamber>
    <billType>SCONRES</billType>
    <summaries>
      <billSummaries>
        <item>
          <actionDesc>Introduced in Senate</actionDesc>
          <name>Introduced in Senate</name>
          <text><![CDATA[<p>Establishes the congressional budget for the federal government for FY2019 and sets forth budgetary levels for FY2020-FY2028.</p> <p> Recommends levels and amounts for FY2019-FY2028 in both houses of Congress for: </p> <ul> <li> federal revenues, </li> <li> new budget authority, </li> <li> budget outlays, </li> <li> deficits, </li> <li> public debt, </li> <li> debt held by the public, and </li> <li> the major functional categories of spending. </li> </ul> <p>Recommends levels and amounts for FY2019-FY2028 in the Senate for Social Security and Postal Service discretionary administrative expenses. </p> <p>Includes reconciliation instructions directing: (1) several Senate authorizing committees to report and submit to the Senate Budget Committee legislation to reduce the deficit, and (2) the Senate Finance Committee to report and submit to the Senate Budget Committee legislation to reduce the deficit and legislation to reduce revenues. </p> <p>(Under the Congressional Budget Act of 1974, reconciliation bills are considered by Congress using expedited legislative procedures that prevent a filibuster and restrict amendments in the Senate.) </p> <p>Establishes reserve funds that provide flexibility in applying budget enforcement rules to legislation relating to efficiencies, consolidations, and other savings; or health savings accounts. </p> <p>Sets forth budget enforcement procedures for legislation considered in the Senate. </p>]]></text>
          <versionCode>00</versionCode>
          <lastSummaryUpdateDate>2018-05-04T15:36:48Z</lastSummaryUpdateDate>
          <updateDate>2018-04-18T04:00:00Z</updateDate>
          <actionDate>2018-04-18</actionDate>
        </item>
      </billSummaries>
    </summaries>
    <relatedBills>
      <item>
        <latestAction>
          <actionDate>2018-07-13</actionDate>
          <text>Placed on the Union Calendar, Calendar No. 632.</text>
        </latestAction>
        <relationshipDetails>
          <item>
            <identifiedBy>CRS</identifiedBy>
            <type>Related bill</type>
          </item>
        </relationshipDetails>
        <congress>115</congress>
        <latestTitle>Establishing the congressional budget for the United States Government for fiscal year 2019 and setting forth the appropriate budgetary levels for fiscal years 2020 through 2028.</latestTitle>
        <type>HCONRES</type>
        <number>128</number>
      </item>
      <item>
        <latestAction>
          <actionDate>2018-05-17</actionDate>
          <text>Motion to proceed to consideration of measure rejected in Senate by Yea-Nay Vote. 21 - 76. Record Vote Number: 99.</text>
        </latestAction>
        <relationshipDetails>
          <item>
            <identifiedBy>CRS</identifiedBy>
            <type>Related bill</type>
          </item>
        </relationshipDetails>
        <congress>115</congress>
        <latestTitle>A concurrent resolution setting forth the congressional budget for the United States Government for fiscal year 2019 and setting forth the appropriate budgetary levels for fiscal years 2020 through 2028.</latestTitle>
        <type>SCONRES</type>
        <number>36</number>
      </item>
    </relatedBills>
    <createDate>2018-04-19T04:40:53Z</createDate>
    <sponsors>
      <item>
        <lastName>Paul</lastName>
        <party>R</party>
        <middleName />
        <fullName>Sen. Paul, Rand [R-KY]</fullName>
        <identifiers>
          <lisID>2082</lisID>
          <gpoId>8308</gpoId>
          <bioguideId>P000603</bioguideId>
        </identifiers>
        <state>KY</state>
        <firstName>Rand</firstName>
        <byRequestType />
        <bioguideId>P000603</bioguideId>
      </item>
    </sponsors>
    <notes />
    <updateDate>2018-08-28T20:20:11Z</updateDate>
    <committeeReports />
    <actions>
      <actionTypeCounts>
        <placedOnCalendarGeneralOrders>1</placedOnCalendarGeneralOrders>
        <committeeDischarged>1</committeeDischarged>
        <senateCommitteeDischarged>1</senateCommitteeDischarged>
        <referredToCommittee>1</referredToCommittee>
        <introducedInSenate>1</introducedInSenate>
      </actionTypeCounts>
      <item>
        <actionDate>2018-04-18</actionDate>
        <committee />
        <links />
        <sourceSystem>
          <name>Senate</name>
          <code>0</code>
        </sourceSystem>
        <text>Placed on Senate Legislative Calendar under General Orders. Calendar No. 385.</text>
        <type>Calendars</type>
      </item>
      <item>
        <actionDate>2018-04-18</actionDate>
        <committee>
          <systemCode>ssbu00</systemCode>
          <name>Budget Committee</name>
        </committee>
        <links />
        <sourceSystem>
          <name>Senate</name>
          <code>0</code>
        </sourceSystem>
        <text>Senate Committee on the Budget discharged pursuant to Section 300 of the Congressional Budget Act.</text>
        <type>Discharge</type>
      </item>
      <item>
        <actionDate>2018-04-18</actionDate>
        <links />
        <text>Senate Committee on the Budget discharged pursuant to Section 300 of the Congressional Budget Act.</text>
        <type>Committee</type>
        <actionCode>14500</actionCode>
        <sourceSystem>
          <name>Library of Congress</name>
          <code>9</code>
        </sourceSystem>
        <committee>
          <systemCode>ssbu00</systemCode>
          <name>Budget Committee</name>
        </committee>
      </item>
      <item>
        <actionDate>2018-04-18</actionDate>
        <committee>
          <systemCode>ssbu00</systemCode>
          <name>Budget Committee</name>
        </committee>
        <links>
          <link>
            <name>S2274-2279</name>
            <url>https://www.congress.gov/congressional-record/volume-164/senate-section/page/S2274-2279</url>
          </link>
        </links>
        <sourceSystem>
          <name>Senate</name>
          <code>0</code>
        </sourceSystem>
        <text>Referred to the Committee on the Budget. (text of measure as introduced: CR S2274-2279)</text>
        <type>IntroReferral</type>
      </item>
      <item>
        <actionDate>2018-04-18</actionDate>
        <links />
        <text>Introduced in Senate</text>
        <type>IntroReferral</type>
        <actionCode>10000</actionCode>
        <sourceSystem>
          <name>Library of Congress</name>
          <code>9</code>
        </sourceSystem>
        <committee />
      </item>
      <actionByCounts>
        <senate>5</senate>
      </actionByCounts>
    </actions>
    <cosponsors />
    <title>A concurrent resolution setting forth the congressional budget for the United States Government for fiscal year 2019 and setting forth the appropriate budgetary levels for fiscal years 2020 through 2028.</title>
    <introducedDate>2018-04-18</introducedDate>
    <recordedVotes />
    <congress>115</congress>
    <policyArea>
      <name>Economics and Public Finance</name>
    </policyArea>
    <version>1.0.0</version>
    <calendarNumbers>
      <item>
        <calendar>Senate Calendar of Business</calendar>
        <number>0385</number>
      </item>
    </calendarNumbers>
    <latestAction>
      <actionDate>2018-04-18</actionDate>
      <links />
      <text>Placed on Senate Legislative Calendar under General Orders. Calendar No. 385.</text>
    </latestAction>
    <titles>
      <item>
        <title>A concurrent resolution setting forth the congressional budget for the United States Government for fiscal year 2019 and setting forth the appropriate budgetary levels for fiscal years 2020 through 2028.</title>
        <chamberCode />
        <titleType>Official Title as Introduced</titleType>
        <parentTitleType />
        <chamberName />
      </item>
      <item>
        <title>A concurrent resolution setting forth the congressional budget for the United States Government for fiscal year 2019 and setting forth the appropriate budgetary levels for fiscal years 2020 through 2028.</title>
        <chamberCode />
        <titleType>Display Title</titleType>
        <parentTitleType />
        <chamberName />
      </item>
    </titles>
    <committees>
      <billCommittees>
        <item>
          <subcommittees />
          <type>Standing</type>
          <systemCode>ssbu00</systemCode>
          <name>Budget Committee</name>
          <activities>
            <item>
              <date>2018-04-18T21:39:17Z</date>
              <name>Discharged from</name>
            </item>
            <item>
              <date>2018-04-18T21:38:52Z</date>
              <name>Referred to</name>
            </item>
          </activities>
          <chamber>Senate</chamber>
        </item>
      </billCommittees>
    </committees>
    <subjects>
      <billSubjects>
        <policyArea>
          <name>Economics and Public Finance</name>
        </policyArea>
        <legislativeSubjects>
          <item>
            <name>Appropriations</name>
          </item>
          <item>
            <name>Budget deficits and national debt</name>
          </item>
          <item>
            <name>Budget process</name>
          </item>
          <item>
            <name>Defense spending</name>
          </item>
          <item>
            <name>Disability assistance</name>
          </item>
          <item>
            <name>Executive agency funding and structure</name>
          </item>
          <item>
            <name>Government trust funds</name>
          </item>
          <item>
            <name>Health care costs and insurance</name>
          </item>
          <item>
            <name>Health programs administration and funding</name>
          </item>
          <item>
            <name>Legislative rules and procedure</name>
          </item>
          <item>
            <name>Postal service</name>
          </item>
          <item>
            <name>Social security and elderly assistance</name>
          </item>
          <item>
            <name>U.S. Postal Service</name>
          </item>
        </legislativeSubjects>
      </billSubjects>
    </subjects>
  </bill>
  <dublinCore xmlns:dc="http://purl.org/dc/elements/1.1/">
    <dc:format>text/xml</dc:format>
    <dc:language>EN</dc:language>
    <dc:rights>Pursuant to Title 17 Section 105 of the United States Code, this file is not subject to copyright protection and is in the public domain.</dc:rights>
    <dc:contributor>Congressional Research Service, Library of Congress</dc:contributor>
    <dc:description>This file contains bill summaries and statuses for federal legislation. A bill summary describes the most significant provisions of a piece of legislation and details the effects the legislative text may have on current law and federal programs. Bill summaries are authored by the Congressional Research Service (CRS) of the Library of Congress. As stated in Public Law 91-510 (2 USC 166 (d)(6)), one of the duties of CRS is "to prepare summaries and digests of bills and resolutions of a public general nature introduced in the Senate or House of Representatives". For more information, refer to the User Guide that accompanies this file.</dc:description>
  </dublinCore>
</billStatus>

