<?xml version="1.0" encoding="UTF-8"?>
<billStatus>
  <bill>
    <committeeReports />
    <originChamber>Senate</originChamber>
    <titles>
      <item>
        <parentTitleType />
        <chamberCode />
        <chamberName />
        <title>A joint resolution relating to the approval of the proposed Agreement for Cooperation Between the United States of America and the Government of the Republic of Korea Concerning Peaceful Uses of Nuclear Energy.</title>
        <titleType>Official Title as Introduced</titleType>
      </item>
      <item>
        <parentTitleType />
        <chamberCode />
        <chamberName />
        <title>A joint resolution relating to the approval of the proposed Agreement for Cooperation Between the United States of America and the Government of the Republic of Korea Concerning Peaceful Uses of Nuclear Energy.</title>
        <titleType>Display Title</titleType>
      </item>
    </titles>
    <congress>114</congress>
    <recordedVotes />
    <latestAction>
      <links />
      <text>Placed on Senate Legislative Calendar under General Orders. Calendar No. 285.</text>
      <actionDate>2015-10-29</actionDate>
    </latestAction>
    <laws />
    <title>A joint resolution relating to the approval of the proposed Agreement for Cooperation Between the United States of America and the Government of the Republic of Korea Concerning Peaceful Uses of Nuclear Energy.</title>
    <billType>SJRES</billType>
    <introducedDate>2015-07-28</introducedDate>
    <updateDate>2016-11-02T23:15:32Z</updateDate>
    <calendarNumbers>
      <item>
        <calendar>Senate Calendar of Business</calendar>
        <number>0285</number>
      </item>
    </calendarNumbers>
    <amendments />
    <cboCostEstimates />
    <policyArea>
      <name>International Affairs</name>
    </policyArea>
    <createDate>2015-07-29T09:31:47Z</createDate>
    <notes />
    <committees>
      <billCommittees>
        <item>
          <subcommittees />
          <type>Standing</type>
          <activities>
            <item>
              <name>Discharged from</name>
              <date>2015-10-29T23:56:46Z</date>
            </item>
            <item>
              <name>Referred to</name>
              <date>2015-07-28T23:14:40Z</date>
            </item>
          </activities>
          <systemCode>ssfr00</systemCode>
          <name>Foreign Relations Committee</name>
          <chamber>Senate</chamber>
        </item>
      </billCommittees>
    </committees>
    <cosponsors />
    <sponsors>
      <item>
        <state>MD</state>
        <byRequestType>Single Sponsor by request</byRequestType>
        <fullName>Sen. Cardin, Benjamin L. [D-MD]</fullName>
        <lastName>CARDIN</lastName>
        <identifiers>
          <gpoId>8287</gpoId>
          <lisID>174</lisID>
          <bioguideId>C000141</bioguideId>
        </identifiers>
        <middleName>L.</middleName>
        <bioguideId>C000141</bioguideId>
        <party>D</party>
        <firstName>BENJAMIN</firstName>
      </item>
    </sponsors>
    <relatedBills>
      <item>
        <latestTitle>Providing for the approval of the Congress of the proposed Agreement for Cooperation Between the Government of the United States of America and the Government of the Republic of Korea Concerning Peaceful Uses of Nuclear Energy transmitted on June 16, 2015.</latestTitle>
        <number>63</number>
        <latestAction>
          <text>Referred to the House Committee on Foreign Affairs.</text>
          <actionDate>2015-07-31</actionDate>
        </latestAction>
        <type>HJRES</type>
        <congress>114</congress>
        <relationshipDetails>
          <item>
            <identifiedBy>CRS</identifiedBy>
            <type>Identical bill</type>
          </item>
        </relationshipDetails>
      </item>
    </relatedBills>
    <actions>
      <item>
        <actionDate>2015-10-29</actionDate>
        <committee />
        <links />
        <sourceSystem>
          <code>0</code>
          <name>Senate</name>
        </sourceSystem>
        <text>Placed on Senate Legislative Calendar under General Orders. Calendar No. 285.</text>
        <type>Calendars</type>
      </item>
      <item>
        <actionDate>2015-10-29</actionDate>
        <committee>
          <systemCode>ssfr00</systemCode>
          <name>Foreign Relations Committee</name>
        </committee>
        <links />
        <sourceSystem>
          <code>0</code>
          <name>Senate</name>
        </sourceSystem>
        <text>Senate Committee on Foreign Relations discharged pursuant to 42 U.S.C. 2159(i) and section 601(b)(4) of Public Law 94-329.</text>
        <type>Discharge</type>
      </item>
      <item>
        <text>Senate Committee on Foreign Relations discharged pursuant to 42 U.S.C. 2159(i) and section 601(b)(4) of Public Law 94-329.</text>
        <committee>
          <systemCode>ssfr00</systemCode>
          <name>Foreign Relations Committee</name>
        </committee>
        <actionCode>14500</actionCode>
        <sourceSystem>
          <code>9</code>
          <name>Library of Congress</name>
        </sourceSystem>
        <type>Committee</type>
        <actionDate>2015-10-29</actionDate>
        <links />
      </item>
      <item>
        <actionDate>2015-07-28</actionDate>
        <committee>
          <systemCode>ssfr00</systemCode>
          <name>Foreign Relations Committee</name>
        </committee>
        <links />
        <sourceSystem>
          <code>0</code>
          <name>Senate</name>
        </sourceSystem>
        <text>Read twice and referred to the Committee on Foreign Relations.</text>
        <type>IntroReferral</type>
      </item>
      <item>
        <text>Introduced in Senate</text>
        <committee />
        <actionCode>10000</actionCode>
        <sourceSystem>
          <code>9</code>
          <name>Library of Congress</name>
        </sourceSystem>
        <type>IntroReferral</type>
        <actionDate>2015-07-28</actionDate>
        <links />
      </item>
      <actionByCounts>
        <senate>5</senate>
      </actionByCounts>
      <actionTypeCounts>
        <committeeDischarged>1</committeeDischarged>
        <referredToCommittee>1</referredToCommittee>
        <senateCommitteeDischarged>1</senateCommitteeDischarged>
        <introducedInSenate>1</introducedInSenate>
        <placedOnCalendarGeneralOrders>1</placedOnCalendarGeneralOrders>
      </actionTypeCounts>
    </actions>
    <summaries>
      <billSummaries>
        <item>
          <actionDate>2015-07-28</actionDate>
          <updateDate>2015-07-28T04:00:00Z</updateDate>
          <name>Introduced in Senate</name>
          <lastSummaryUpdateDate>2015-08-27T19:41:19Z</lastSummaryUpdateDate>
          <versionCode>00</versionCode>
          <actionDesc>Introduced in Senate</actionDesc>
          <text><![CDATA[<p>States that Congress favors the proposed Agreement for Cooperation Between the Government of the United States of America and the Government of the Republic of Korea Concerning Peaceful Uses of Nuclear Energy transmitted to the President on June 16, 2015.</p>]]></text>
        </item>
      </billSummaries>
    </summaries>
    <billNumber>20</billNumber>
    <subjects>
      <billSubjects>
        <legislativeSubjects>
          <item>
            <name>Asia</name>
          </item>
          <item>
            <name>Congressional oversight</name>
          </item>
          <item>
            <name>International law and treaties</name>
          </item>
          <item>
            <name>International organizations and cooperation</name>
          </item>
          <item>
            <name>Nuclear power</name>
          </item>
          <item>
            <name>South Korea</name>
          </item>
        </legislativeSubjects>
        <policyArea>
          <name>International Affairs</name>
        </policyArea>
      </billSubjects>
    </subjects>
  </bill>
  <dublinCore xmlns:dc="http://purl.org/dc/elements/1.1/">
    <dc:format>text/xml</dc:format>
    <dc:language>EN</dc:language>
    <dc:rights>Pursuant to Title 17 Section 105 of the United States Code, this file is not subject to copyright protection and is in the public domain.</dc:rights>
    <dc:contributor>Congressional Research Service, Library of Congress</dc:contributor>
    <dc:description>This file contains bill summaries and statuses for federal legislation. A bill summary describes the most significant provisions of a piece of legislation and details the effects the legislative text may have on current law and federal programs. Bill summaries are authored by the Congressional Research Service (CRS) of the Library of Congress. As stated in Public Law 91-510 (2 USC 166 (d)(6)), one of the duties of CRS is "to prepare summaries and digests of bills and resolutions of a public general nature introduced in the Senate or House of Representatives". For more information, refer to the User Guide that accompanies this file.</dc:description>
  </dublinCore>
</billStatus>

