<?xml version="1.0" encoding="UTF-8"?>
<billStatus>
  <bill>
    <cboCostEstimates />
    <policyArea>
      <name>Economics and Public Finance</name>
    </policyArea>
    <notes />
    <committeeReports />
    <titles>
      <item>
        <chamberCode />
        <chamberName />
        <title>A joint resolution proposing an amendment to the Constitution of the United States which requires (except during time of war and subject to suspension by Congress) that the total amount of money expended by the United States during any fiscal year not exceed the amount of certain revenue received by the United States during such fiscal year and not exceed 20 percent of the gross domestic product of the United States during the previous calendar year.</title>
        <parentTitleType />
        <titleType>Official Title as Introduced</titleType>
      </item>
      <item>
        <chamberCode />
        <chamberName />
        <title>A joint resolution proposing an amendment to the Constitution of the United States which requires (except during time of war and subject to suspension by Congress) that the total amount of money expended by the United States during any fiscal year not exceed the amount of certain revenue received by the United States during such fiscal year and not exceed 20 percent of the gross domestic product of the United States during the previous calendar year.</title>
        <parentTitleType />
        <titleType>Display Title</titleType>
      </item>
    </titles>
    <summaries>
      <billSummaries>
        <item>
          <actionDate>2015-02-09</actionDate>
          <updateDate>2015-02-09T05:00:00Z</updateDate>
          <name>Introduced in Senate</name>
          <lastSummaryUpdateDate>2015-02-13T17:44:29Z</lastSummaryUpdateDate>
          <versionCode>00</versionCode>
          <actionDesc>Introduced in Senate</actionDesc>
          <text><![CDATA[<p><b>Constitutional Amendment </b></p> <p>This joint resolution proposes a constitutional amendment prohibiting the total amount of money expended by the United States during a fiscal year from exceeding total revenues received for that fiscal year, excluding revenue from the issuance of bonds, notes, or other obligations of the United States. </p> <p>The amendment prohibits the total amount of money expended by the United States in any fiscal year from exceeding 20% of the gross domestic product of the United States. </p> <p>The restrictions do not apply during a fiscal year in which a declaration of war is in effect, or if three-fifths of each chamber of Congress votes to suspend the restrictions.</p>]]></text>
        </item>
      </billSummaries>
    </summaries>
    <createDate>2015-02-10T05:11:53Z</createDate>
    <recordedVotes />
    <billNumber>9</billNumber>
    <introducedDate>2015-02-09</introducedDate>
    <relatedBills>
      <item>
        <latestAction>
          <actionDate>2016-09-28</actionDate>
          <text>Referred to the House Committee on the Judiciary.</text>
        </latestAction>
        <number>101</number>
        <congress>114</congress>
        <type>HJRES</type>
        <latestTitle>Proposing an amendment to the Constitution of the United States which requires (except during time of war and subject to suspension by Congress) that the total amount of money expended by the United States during any fiscal year not exceed the amount of certain revenue received by the United States during such fiscal year and not exceed 20 percent of the gross domestic product of the United States during the previous calendar year.</latestTitle>
        <relationshipDetails>
          <item>
            <identifiedBy>CRS</identifiedBy>
            <type>Related bill</type>
          </item>
        </relationshipDetails>
      </item>
    </relatedBills>
    <updateDate>2016-11-02T23:15:28Z</updateDate>
    <committees>
      <billCommittees>
        <item>
          <subcommittees />
          <chamber>Senate</chamber>
          <systemCode>ssju00</systemCode>
          <activities>
            <item>
              <date>2015-02-09T21:10:45Z</date>
              <name>Referred to</name>
            </item>
          </activities>
          <type>Standing</type>
          <name>Judiciary Committee</name>
        </item>
      </billCommittees>
    </committees>
    <congress>114</congress>
    <laws />
    <title>A joint resolution proposing an amendment to the Constitution of the United States which requires (except during time of war and subject to suspension by Congress) that the total amount of money expended by the United States during any fiscal year not exceed the amount of certain revenue received by the United States during such fiscal year and not exceed 20 percent of the gross domestic product of the United States during the previous calendar year.</title>
    <calendarNumbers />
    <sponsors>
      <item>
        <identifiers>
          <gpoId>8277</gpoId>
          <lisID>1049</lisID>
          <bioguideId>S000320</bioguideId>
        </identifiers>
        <byRequestType />
        <fullName>Sen. Shelby, Richard C. [R-AL]</fullName>
        <firstName>RICHARD</firstName>
        <state>AL</state>
        <bioguideId>S000320</bioguideId>
        <middleName>CRAIG</middleName>
        <party>R</party>
        <lastName>SHELBY</lastName>
      </item>
    </sponsors>
    <actions>
      <actionTypeCounts>
        <introducedInSenate>1</introducedInSenate>
        <referredToCommittee>1</referredToCommittee>
      </actionTypeCounts>
      <actionByCounts>
        <senate>2</senate>
      </actionByCounts>
      <item>
        <actionDate>2015-02-09</actionDate>
        <committee>
          <systemCode>ssju00</systemCode>
          <name>Judiciary Committee</name>
        </committee>
        <links />
        <sourceSystem>
          <name>Senate</name>
          <code>0</code>
        </sourceSystem>
        <text>Read twice and referred to the Committee on the Judiciary.</text>
        <type>IntroReferral</type>
      </item>
      <item>
        <actionCode>10000</actionCode>
        <actionDate>2015-02-09</actionDate>
        <text>Introduced in Senate</text>
        <committee />
        <type>IntroReferral</type>
        <links />
        <sourceSystem>
          <name>Library of Congress</name>
          <code>9</code>
        </sourceSystem>
      </item>
    </actions>
    <amendments />
    <originChamber>Senate</originChamber>
    <latestAction>
      <text>Read twice and referred to the Committee on the Judiciary.</text>
      <actionDate>2015-02-09</actionDate>
      <links />
    </latestAction>
    <subjects>
      <billSubjects>
        <policyArea>
          <name>Economics and Public Finance</name>
        </policyArea>
        <legislativeSubjects>
          <item>
            <name>Budget deficits and national debt</name>
          </item>
          <item>
            <name>Constitution and constitutional amendments</name>
          </item>
        </legislativeSubjects>
      </billSubjects>
    </subjects>
    <cosponsors />
    <billType>SJRES</billType>
  </bill>
  <dublinCore xmlns:dc="http://purl.org/dc/elements/1.1/">
    <dc:format>text/xml</dc:format>
    <dc:language>EN</dc:language>
    <dc:rights>Pursuant to Title 17 Section 105 of the United States Code, this file is not subject to copyright protection and is in the public domain.</dc:rights>
    <dc:contributor>Congressional Research Service, Library of Congress</dc:contributor>
    <dc:description>This file contains bill summaries and statuses for federal legislation. A bill summary describes the most significant provisions of a piece of legislation and details the effects the legislative text may have on current law and federal programs. Bill summaries are authored by the Congressional Research Service (CRS) of the Library of Congress. As stated in Public Law 91-510 (2 USC 166 (d)(6)), one of the duties of CRS is "to prepare summaries and digests of bills and resolutions of a public general nature introduced in the Senate or House of Representatives". For more information, refer to the User Guide that accompanies this file.</dc:description>
  </dublinCore>
</billStatus>

