<?xml version="1.0" encoding="UTF-8"?>
<billStatus>
  <bill>
    <title>A joint resolution proposing an amendment to the Constitution of the United States relative to limiting the number of terms that a Member of Congress may serve.</title>
    <updateDate>2016-11-02T23:15:26Z</updateDate>
    <relatedBills>
      <item>
        <latestAction>
          <actionDate>2015-01-12</actionDate>
          <text>Referred to the Subcommittee on the Constitution and Civil Justice.</text>
        </latestAction>
        <number>14</number>
        <congress>114</congress>
        <type>HJRES</type>
        <latestTitle>Proposing an amendment to the Constitution of the United States to limit the number of terms that a Member of Congress may serve.</latestTitle>
        <relationshipDetails>
          <item>
            <identifiedBy>CRS</identifiedBy>
            <type>Identical bill</type>
          </item>
        </relationshipDetails>
      </item>
    </relatedBills>
    <introducedDate>2015-01-06</introducedDate>
    <originChamber>Senate</originChamber>
    <cboCostEstimates />
    <policyArea>
      <name>Congress</name>
    </policyArea>
    <congress>114</congress>
    <billNumber>1</billNumber>
    <billType>SJRES</billType>
    <amendments />
    <recordedVotes />
    <committees>
      <billCommittees>
        <item>
          <subcommittees />
          <chamber>Senate</chamber>
          <systemCode>ssju00</systemCode>
          <activities>
            <item>
              <date>2015-01-06T18:56:14Z</date>
              <name>Referred to</name>
            </item>
          </activities>
          <type>Standing</type>
          <name>Judiciary Committee</name>
        </item>
      </billCommittees>
    </committees>
    <laws />
    <subjects>
      <billSubjects>
        <legislativeSubjects>
          <item>
            <name>Congressional elections</name>
          </item>
          <item>
            <name>Constitution and constitutional amendments</name>
          </item>
          <item>
            <name>House of Representatives</name>
          </item>
          <item>
            <name>Members of Congress</name>
          </item>
          <item>
            <name>Senate</name>
          </item>
        </legislativeSubjects>
        <policyArea>
          <name>Congress</name>
        </policyArea>
      </billSubjects>
    </subjects>
    <notes />
    <committeeReports />
    <actions>
      <actionByCounts>
        <senate>2</senate>
      </actionByCounts>
      <item>
        <actionDate>2015-01-06</actionDate>
        <committee>
          <name>Judiciary Committee</name>
          <systemCode>ssju00</systemCode>
        </committee>
        <links />
        <sourceSystem>
          <name>Senate</name>
          <code>0</code>
        </sourceSystem>
        <text>Read twice and referred to the Committee on the Judiciary.</text>
        <type>IntroReferral</type>
      </item>
      <item>
        <actionDate>2015-01-06</actionDate>
        <actionCode>10000</actionCode>
        <sourceSystem>
          <name>Library of Congress</name>
          <code>9</code>
        </sourceSystem>
        <links />
        <committee />
        <text>Introduced in Senate</text>
        <type>IntroReferral</type>
      </item>
      <actionTypeCounts>
        <introducedInSenate>1</introducedInSenate>
        <referredToCommittee>1</referredToCommittee>
      </actionTypeCounts>
    </actions>
    <calendarNumbers />
    <latestAction>
      <links />
      <actionDate>2015-01-06</actionDate>
      <text>Read twice and referred to the Committee on the Judiciary.</text>
    </latestAction>
    <titles>
      <item>
        <titleType>Official Title as Introduced</titleType>
        <parentTitleType />
        <title>A joint resolution proposing an amendment to the Constitution of the United States relative to limiting the number of terms that a Member of Congress may serve.</title>
        <chamberName />
        <chamberCode />
      </item>
      <item>
        <titleType>Display Title</titleType>
        <parentTitleType />
        <title>A joint resolution proposing an amendment to the Constitution of the United States relative to limiting the number of terms that a Member of Congress may serve.</title>
        <chamberName />
        <chamberCode />
      </item>
    </titles>
    <summaries>
      <billSummaries>
        <item>
          <versionCode>00</versionCode>
          <actionDate>2015-01-06</actionDate>
          <text><![CDATA[<p><b>Constitutional Amendment</b></p> <p> Limits Members of the House of Representatives to three terms and Members of the Senate to two terms. </p>]]></text>
          <lastSummaryUpdateDate>2015-01-20T22:32:18Z</lastSummaryUpdateDate>
          <actionDesc>Introduced in Senate</actionDesc>
          <name>Introduced in Senate</name>
          <updateDate>2015-01-06T05:00:00Z</updateDate>
        </item>
      </billSummaries>
    </summaries>
    <createDate>2015-01-07T08:31:10Z</createDate>
    <sponsors>
      <item>
        <state>LA</state>
        <fullName>Sen. Vitter, David [R-LA]</fullName>
        <middleName />
        <identifiers>
          <bioguideId>V000127</bioguideId>
          <gpoId>8267</gpoId>
          <lisID>1609</lisID>
        </identifiers>
        <firstName>David</firstName>
        <lastName>Vitter</lastName>
        <bioguideId>V000127</bioguideId>
        <byRequestType />
        <party>R</party>
      </item>
    </sponsors>
    <cosponsors>
      <item>
        <identifiers>
          <bioguideId>J000293</bioguideId>
          <lisID>2086</lisID>
          <gpoId>8355</gpoId>
        </identifiers>
        <middleName />
        <fullName>Sen. Johnson, Ron [R-WI]</fullName>
        <isOriginalCosponsor>True</isOriginalCosponsor>
        <firstName>Ron</firstName>
        <sponsorshipWithdrawnDate />
        <state>WI</state>
        <bioguideId>J000293</bioguideId>
        <sponsorshipDate>2015-01-06</sponsorshipDate>
        <party>R</party>
        <lastName>Johnson</lastName>
      </item>
      <item>
        <identifiers>
          <gpoId />
          <lisID>1594</lisID>
          <bioguideId>T000461</bioguideId>
        </identifiers>
        <middleName />
        <fullName>Sen. Toomey, Pat [R-PA]</fullName>
        <isOriginalCosponsor>True</isOriginalCosponsor>
        <firstName>Pat</firstName>
        <sponsorshipWithdrawnDate />
        <state>PA</state>
        <bioguideId>T000461</bioguideId>
        <sponsorshipDate>2015-01-06</sponsorshipDate>
        <party>R</party>
        <lastName>Toomey</lastName>
      </item>
      <item>
        <identifiers>
          <bioguideId>L000577</bioguideId>
          <lisID>2080</lisID>
          <gpoId>8303</gpoId>
        </identifiers>
        <middleName />
        <fullName>Sen. Lee, Mike [R-UT]</fullName>
        <isOriginalCosponsor>True</isOriginalCosponsor>
        <firstName>Mike</firstName>
        <sponsorshipWithdrawnDate />
        <state>UT</state>
        <bioguideId>L000577</bioguideId>
        <sponsorshipDate>2015-01-06</sponsorshipDate>
        <party>R</party>
        <lastName>Lee</lastName>
      </item>
      <item>
        <identifiers>
          <lisID>2084</lisID>
          <bioguideId>R000595</bioguideId>
          <gpoId>8242</gpoId>
        </identifiers>
        <middleName />
        <fullName>Sen. Rubio, Marco [R-FL]</fullName>
        <isOriginalCosponsor>True</isOriginalCosponsor>
        <firstName>Marco</firstName>
        <sponsorshipWithdrawnDate />
        <state>FL</state>
        <bioguideId>R000595</bioguideId>
        <sponsorshipDate>2015-01-06</sponsorshipDate>
        <party>R</party>
        <lastName>Rubio</lastName>
      </item>
      <item>
        <identifiers>
          <lisID>2175</lisID>
          <bioguideId>C001098</bioguideId>
          <gpoId />
        </identifiers>
        <middleName />
        <fullName>Sen. Cruz, Ted [R-TX]</fullName>
        <isOriginalCosponsor>True</isOriginalCosponsor>
        <firstName>Ted</firstName>
        <sponsorshipWithdrawnDate />
        <state>TX</state>
        <bioguideId>C001098</bioguideId>
        <sponsorshipDate>2015-01-06</sponsorshipDate>
        <party>R</party>
        <lastName>Cruz</lastName>
      </item>
      <item>
        <identifiers>
          <lisID>2179</lisID>
          <gpoId />
          <bioguideId>F000463</bioguideId>
        </identifiers>
        <middleName />
        <fullName>Sen. Fischer, Deb [R-NE]</fullName>
        <isOriginalCosponsor>True</isOriginalCosponsor>
        <firstName>Deb</firstName>
        <sponsorshipWithdrawnDate />
        <state>NE</state>
        <bioguideId>F000463</bioguideId>
        <sponsorshipDate>2015-01-06</sponsorshipDate>
        <party>R</party>
        <lastName>Fischer</lastName>
      </item>
      <item>
        <identifiers>
          <bioguideId>S001197</bioguideId>
          <gpoId />
          <lisID>2289</lisID>
        </identifiers>
        <middleName />
        <fullName>Sen. Sasse, Ben  [R-NE]</fullName>
        <isOriginalCosponsor>True</isOriginalCosponsor>
        <firstName>Ben</firstName>
        <sponsorshipWithdrawnDate />
        <state>NE</state>
        <bioguideId>S001197</bioguideId>
        <sponsorshipDate>2015-01-06</sponsorshipDate>
        <party>R</party>
        <lastName>Sasse</lastName>
      </item>
      <item>
        <identifiers>
          <lisID>2286</lisID>
          <bioguideId>P000612</bioguideId>
          <gpoId />
        </identifiers>
        <middleName>Alfred</middleName>
        <fullName>Sen. Perdue, David [R-GA]</fullName>
        <isOriginalCosponsor>True</isOriginalCosponsor>
        <firstName>David</firstName>
        <sponsorshipWithdrawnDate />
        <state>GA</state>
        <bioguideId>P000612</bioguideId>
        <sponsorshipDate>2015-01-06</sponsorshipDate>
        <party>R</party>
        <lastName>Perdue</lastName>
      </item>
      <item>
        <identifiers>
          <bioguideId>D000618</bioguideId>
          <lisID>2138</lisID>
          <gpoId />
        </identifiers>
        <middleName />
        <fullName>Sen. Daines, Steve [R-MT]</fullName>
        <isOriginalCosponsor>True</isOriginalCosponsor>
        <firstName>Steve</firstName>
        <sponsorshipWithdrawnDate />
        <state>MT</state>
        <bioguideId>D000618</bioguideId>
        <sponsorshipDate>2015-01-06</sponsorshipDate>
        <party>R</party>
        <lastName>Daines</lastName>
      </item>
      <item>
        <identifiers>
          <lisID>1925</lisID>
          <bioguideId>C001075</bioguideId>
          <gpoId>7964</gpoId>
        </identifiers>
        <middleName />
        <fullName>Sen. Cassidy, Bill [R-LA]</fullName>
        <isOriginalCosponsor>False</isOriginalCosponsor>
        <firstName>Bill</firstName>
        <sponsorshipWithdrawnDate />
        <state>LA</state>
        <bioguideId>C001075</bioguideId>
        <sponsorshipDate>2015-01-07</sponsorshipDate>
        <party>R</party>
        <lastName>Cassidy</lastName>
      </item>
      <item>
        <identifiers>
          <bioguideId>T000476</bioguideId>
          <gpoId />
          <lisID>2291</lisID>
        </identifiers>
        <middleName>Roland</middleName>
        <fullName>Sen. Tillis, Thom [R-NC]</fullName>
        <isOriginalCosponsor>False</isOriginalCosponsor>
        <firstName>Thomas</firstName>
        <sponsorshipWithdrawnDate />
        <state>NC</state>
        <bioguideId>T000476</bioguideId>
        <sponsorshipDate>2015-02-04</sponsorshipDate>
        <party>R</party>
        <lastName>Tillis</lastName>
      </item>
      <item>
        <identifiers>
          <lisID>2082</lisID>
          <gpoId>8308</gpoId>
          <bioguideId>P000603</bioguideId>
        </identifiers>
        <middleName />
        <fullName>Sen. Paul, Rand [R-KY]</fullName>
        <isOriginalCosponsor>False</isOriginalCosponsor>
        <firstName>Rand</firstName>
        <sponsorshipWithdrawnDate />
        <state>KY</state>
        <bioguideId>P000603</bioguideId>
        <sponsorshipDate>2015-03-02</sponsorshipDate>
        <party>R</party>
        <lastName>Paul</lastName>
      </item>
      <item>
        <identifiers>
          <bioguideId>S001184</bioguideId>
          <lisID>2056</lisID>
          <gpoId>8141</gpoId>
        </identifiers>
        <middleName />
        <fullName>Sen. Scott, Tim [R-SC]</fullName>
        <isOriginalCosponsor>False</isOriginalCosponsor>
        <firstName>Tim</firstName>
        <sponsorshipWithdrawnDate />
        <state>SC</state>
        <bioguideId>S001184</bioguideId>
        <sponsorshipDate>2015-08-06</sponsorshipDate>
        <party>R</party>
        <lastName>Scott</lastName>
      </item>
      <item>
        <identifiers>
          <bioguideId>A000368</bioguideId>
          <gpoId>8315</gpoId>
          <lisID>2075</lisID>
        </identifiers>
        <middleName />
        <fullName>Sen. Ayotte, Kelly [R-NH]</fullName>
        <isOriginalCosponsor>False</isOriginalCosponsor>
        <firstName>Kelly</firstName>
        <sponsorshipWithdrawnDate />
        <state>NH</state>
        <bioguideId>A000368</bioguideId>
        <sponsorshipDate>2015-11-17</sponsorshipDate>
        <party>R</party>
        <lastName>Ayotte</lastName>
      </item>
    </cosponsors>
  </bill>
  <dublinCore xmlns:dc="http://purl.org/dc/elements/1.1/">
    <dc:format>text/xml</dc:format>
    <dc:language>EN</dc:language>
    <dc:rights>Pursuant to Title 17 Section 105 of the United States Code, this file is not subject to copyright protection and is in the public domain.</dc:rights>
    <dc:contributor>Congressional Research Service, Library of Congress</dc:contributor>
    <dc:description>This file contains bill summaries and statuses for federal legislation. A bill summary describes the most significant provisions of a piece of legislation and details the effects the legislative text may have on current law and federal programs. Bill summaries are authored by the Congressional Research Service (CRS) of the Library of Congress. As stated in Public Law 91-510 (2 USC 166 (d)(6)), one of the duties of CRS is "to prepare summaries and digests of bills and resolutions of a public general nature introduced in the Senate or House of Representatives". For more information, refer to the User Guide that accompanies this file.</dc:description>
  </dublinCore>
</billStatus>

