<?xml version="1.0" encoding="UTF-8"?>
<billStatus>
  <bill>
    <title>A joint resolution providing for congressional disapproval under chapter 8 of title 5, United States Code, of the final rule of the Department of Labor relating to "Interpretation of the 'Advice' Exemption in Section 203(c) of the Labor-Management Reporting and Disclosure Act".</title>
    <updateDate>2016-11-02T23:15:37Z</updateDate>
    <relatedBills>
      <item>
        <latestAction>
          <actionDate>2016-06-16</actionDate>
          <text>Referred to the House Committee on Education and the Workforce.</text>
        </latestAction>
        <number>95</number>
        <congress>114</congress>
        <type>HJRES</type>
        <latestTitle>Providing for congressional disapproval under chapter 8 of title 5, United States Code, of the rule submitted by the Department of Labor relating to defining and delimiting the exemptions for executive, administrative, professional, outside sales, and computer employees.</latestTitle>
        <relationshipDetails>
          <item>
            <identifiedBy>CRS</identifiedBy>
            <type>Related bill</type>
          </item>
        </relationshipDetails>
      </item>
      <item>
        <latestAction>
          <actionDate>2016-09-12</actionDate>
          <text>Placed on the Union Calendar, Calendar No. 575.</text>
        </latestAction>
        <number>87</number>
        <congress>114</congress>
        <type>HJRES</type>
        <latestTitle>Providing for congressional disapproval under chapter 8 of title 5, United States Code, of the final rule of the Department of Labor relating to "Interpretation of the 'Advice' Exemption in Section 203(c) of the Labor-Management Reporting and Disclosure Act".</latestTitle>
        <relationshipDetails>
          <item>
            <identifiedBy>CRS</identifiedBy>
            <type>Identical bill</type>
          </item>
        </relationshipDetails>
      </item>
    </relatedBills>
    <introducedDate>2016-06-09</introducedDate>
    <originChamber>Senate</originChamber>
    <cboCostEstimates />
    <policyArea>
      <name>Labor and Employment</name>
    </policyArea>
    <congress>114</congress>
    <billNumber>35</billNumber>
    <billType>SJRES</billType>
    <amendments />
    <recordedVotes />
    <committees>
      <billCommittees>
        <item>
          <subcommittees />
          <chamber>Senate</chamber>
          <type>Standing</type>
          <name>Health, Education, Labor, and Pensions Committee</name>
          <systemCode>sshr00</systemCode>
          <activities>
            <item>
              <name>Referred to</name>
              <date>2016-06-09T20:44:25Z</date>
            </item>
          </activities>
        </item>
      </billCommittees>
    </committees>
    <laws />
    <subjects>
      <billSubjects>
        <policyArea>
          <name>Labor and Employment</name>
        </policyArea>
        <legislativeSubjects>
          <item>
            <name>Administrative law and regulatory procedures</name>
          </item>
          <item>
            <name>Congressional oversight</name>
          </item>
          <item>
            <name>Department of Labor</name>
          </item>
          <item>
            <name>Government information and archives</name>
          </item>
          <item>
            <name>Labor-management relations</name>
          </item>
        </legislativeSubjects>
      </billSubjects>
    </subjects>
    <notes />
    <committeeReports />
    <actions>
      <item>
        <actionDate>2016-06-09</actionDate>
        <committee>
          <systemCode>sshr00</systemCode>
          <name>Health, Education, Labor, and Pensions Committee</name>
        </committee>
        <links />
        <sourceSystem>
          <code>0</code>
          <name>Senate</name>
        </sourceSystem>
        <text>Read twice and referred to the Committee on Health, Education, Labor, and Pensions.</text>
        <type>IntroReferral</type>
      </item>
      <item>
        <sourceSystem>
          <code>9</code>
          <name>Library of Congress</name>
        </sourceSystem>
        <actionDate>2016-06-09</actionDate>
        <links />
        <committee />
        <text>Introduced in Senate</text>
        <type>IntroReferral</type>
        <actionCode>10000</actionCode>
      </item>
      <actionTypeCounts>
        <introducedInSenate>1</introducedInSenate>
        <referredToCommittee>1</referredToCommittee>
      </actionTypeCounts>
      <actionByCounts>
        <senate>2</senate>
      </actionByCounts>
    </actions>
    <calendarNumbers />
    <latestAction>
      <links />
      <actionDate>2016-06-09</actionDate>
      <text>Read twice and referred to the Committee on Health, Education, Labor, and Pensions.</text>
    </latestAction>
    <titles>
      <item>
        <chamberCode />
        <title>A joint resolution providing for congressional disapproval under chapter 8 of title 5, United States Code, of the final rule of the Department of Labor relating to "Interpretation of the 'Advice' Exemption in Section 203(c) of the Labor-Management Reporting and Disclosure Act".</title>
        <chamberName />
        <titleType>Official Title as Introduced</titleType>
        <parentTitleType />
      </item>
      <item>
        <chamberCode />
        <title>A joint resolution providing for congressional disapproval under chapter 8 of title 5, United States Code, of the final rule of the Department of Labor relating to "Interpretation of the 'Advice' Exemption in Section 203(c) of the Labor-Management Reporting and Disclosure Act".</title>
        <chamberName />
        <titleType>Display Title</titleType>
        <parentTitleType />
      </item>
    </titles>
    <summaries>
      <billSummaries>
        <item>
          <versionCode>00</versionCode>
          <actionDate>2016-06-09</actionDate>
          <text><![CDATA[<p>This joint resolution disapproves the rule submitted by the Department of Labor relating to "Interpretation of the 'Advice' Exemption in Section 203(c) of the Labor-Management Reporting and Disclosure Act."</p> <p>The joint resolution declares that such rule shall have no force or effect.</p> <p>(Under section 203 of the Labor-Management Reporting and Disclosure Act, an employer must report any agreement or arrangement with a third party consultant to persuade employees as to their collective bargaining rights or to obtain certain information concerning the activities of employees or a labor organization in connection with a labor dispute involving the employer. The consultant, also, is required to report concerning such an agreement or arrangement with an employer. Statutory exceptions to these reporting requirements are set forth in LMRDA section 203[c], which provides, in part, that employers and consultants are not required to file a report by reason of the consultant's giving or agreeing to give "advice" to the employer.)</p>]]></text>
          <name>Introduced in Senate</name>
          <lastSummaryUpdateDate>2016-07-21T20:22:50Z</lastSummaryUpdateDate>
          <updateDate>2016-06-09T04:00:00Z</updateDate>
          <actionDesc>Introduced in Senate</actionDesc>
        </item>
      </billSummaries>
    </summaries>
    <createDate>2016-06-10T05:23:21Z</createDate>
    <sponsors>
      <item>
        <state>AZ</state>
        <fullName>Sen. Flake, Jeff [R-AZ]</fullName>
        <middleName />
        <identifiers>
          <gpoId>7803</gpoId>
          <lisID>1633</lisID>
          <bioguideId>F000444</bioguideId>
        </identifiers>
        <firstName>JEFF</firstName>
        <lastName>FLAKE</lastName>
        <bioguideId>F000444</bioguideId>
        <byRequestType />
        <party>R</party>
      </item>
    </sponsors>
    <cosponsors>
      <item>
        <fullName>Sen. Alexander, Lamar [R-TN]</fullName>
        <firstName>Lamar</firstName>
        <state>TN</state>
        <lastName>Alexander</lastName>
        <isOriginalCosponsor>True</isOriginalCosponsor>
        <identifiers>
          <lisID>1695</lisID>
          <bioguideId>A000360</bioguideId>
          <gpoId>8304</gpoId>
        </identifiers>
        <middleName />
        <sponsorshipWithdrawnDate />
        <party>R</party>
        <sponsorshipDate>2016-06-09</sponsorshipDate>
        <bioguideId>A000360</bioguideId>
      </item>
      <item>
        <fullName>Sen. Isakson, Johnny [R-GA]</fullName>
        <firstName>Johnny</firstName>
        <state>GA</state>
        <lastName>Isakson</lastName>
        <isOriginalCosponsor>False</isOriginalCosponsor>
        <identifiers>
          <bioguideId>I000055</bioguideId>
          <gpoId>8323</gpoId>
          <lisID>1608</lisID>
        </identifiers>
        <middleName />
        <sponsorshipWithdrawnDate />
        <party>R</party>
        <sponsorshipDate>2016-06-15</sponsorshipDate>
        <bioguideId>I000055</bioguideId>
      </item>
      <item>
        <fullName>Sen. Hatch, Orrin G. [R-UT]</fullName>
        <firstName>ORRIN</firstName>
        <state>UT</state>
        <lastName>HATCH</lastName>
        <isOriginalCosponsor>False</isOriginalCosponsor>
        <identifiers>
          <gpoId>8314</gpoId>
          <lisID>1351</lisID>
          <bioguideId>H000338</bioguideId>
        </identifiers>
        <middleName>GRANT</middleName>
        <sponsorshipWithdrawnDate />
        <party>R</party>
        <sponsorshipDate>2016-06-22</sponsorshipDate>
        <bioguideId>H000338</bioguideId>
      </item>
      <item>
        <fullName>Sen. McCain, John [R-AZ]</fullName>
        <firstName>JOHN</firstName>
        <state>AZ</state>
        <lastName>MCCAIN</lastName>
        <isOriginalCosponsor>False</isOriginalCosponsor>
        <identifiers>
          <lisID>754</lisID>
          <bioguideId>M000303</bioguideId>
          <gpoId>8253</gpoId>
        </identifiers>
        <middleName>SIDNEY</middleName>
        <sponsorshipWithdrawnDate />
        <party>R</party>
        <sponsorshipDate>2016-06-22</sponsorshipDate>
        <bioguideId>M000303</bioguideId>
      </item>
      <item>
        <fullName>Sen. Roberts, Pat [R-KS]</fullName>
        <firstName>PAT</firstName>
        <state>KS</state>
        <lastName>ROBERTS</lastName>
        <isOriginalCosponsor>False</isOriginalCosponsor>
        <identifiers>
          <lisID>968</lisID>
          <bioguideId>R000307</bioguideId>
          <gpoId>8275</gpoId>
        </identifiers>
        <middleName />
        <sponsorshipWithdrawnDate />
        <party>R</party>
        <sponsorshipDate>2016-06-23</sponsorshipDate>
        <bioguideId>R000307</bioguideId>
      </item>
      <item>
        <fullName>Sen. Shelby, Richard C. [R-AL]</fullName>
        <firstName>RICHARD</firstName>
        <state>AL</state>
        <lastName>SHELBY</lastName>
        <isOriginalCosponsor>False</isOriginalCosponsor>
        <identifiers>
          <bioguideId>S000320</bioguideId>
          <lisID>1049</lisID>
          <gpoId>8277</gpoId>
        </identifiers>
        <middleName>CRAIG</middleName>
        <sponsorshipWithdrawnDate />
        <party>R</party>
        <sponsorshipDate>2016-06-23</sponsorshipDate>
        <bioguideId>S000320</bioguideId>
      </item>
      <item>
        <fullName>Sen. Sessions, Jeff [R-AL]</fullName>
        <firstName>Jeff</firstName>
        <state>AL</state>
        <lastName>Sessions</lastName>
        <isOriginalCosponsor>False</isOriginalCosponsor>
        <identifiers>
          <lisID>1548</lisID>
          <gpoId>8281</gpoId>
          <bioguideId>S001141</bioguideId>
        </identifiers>
        <middleName />
        <sponsorshipWithdrawnDate />
        <party>R</party>
        <sponsorshipDate>2016-06-27</sponsorshipDate>
        <bioguideId>S001141</bioguideId>
      </item>
      <item>
        <fullName>Sen. Inhofe, James M. [R-OK]</fullName>
        <firstName>JIM</firstName>
        <state>OK</state>
        <lastName>INHOFE</lastName>
        <isOriginalCosponsor>False</isOriginalCosponsor>
        <identifiers>
          <bioguideId>I000024</bioguideId>
          <lisID>583</lisID>
          <gpoId>8322</gpoId>
        </identifiers>
        <middleName />
        <sponsorshipWithdrawnDate />
        <party>R</party>
        <sponsorshipDate>2016-06-29</sponsorshipDate>
        <bioguideId>I000024</bioguideId>
      </item>
      <item>
        <fullName>Sen. Wicker, Roger F. [R-MS]</fullName>
        <firstName>ROGER</firstName>
        <state>MS</state>
        <lastName>WICKER</lastName>
        <isOriginalCosponsor>False</isOriginalCosponsor>
        <identifiers>
          <gpoId>8263</gpoId>
          <lisID>1226</lisID>
          <bioguideId>W000437</bioguideId>
        </identifiers>
        <middleName>F.</middleName>
        <sponsorshipWithdrawnDate />
        <party>R</party>
        <sponsorshipDate>2016-06-29</sponsorshipDate>
        <bioguideId>W000437</bioguideId>
      </item>
      <item>
        <fullName>Sen. Corker, Bob [R-TN]</fullName>
        <firstName>Bob</firstName>
        <state>TN</state>
        <lastName>Corker</lastName>
        <isOriginalCosponsor>False</isOriginalCosponsor>
        <identifiers>
          <bioguideId>C001071</bioguideId>
          <lisID>1825</lisID>
          <gpoId>8294</gpoId>
        </identifiers>
        <middleName />
        <sponsorshipWithdrawnDate />
        <party>R</party>
        <sponsorshipDate>2016-06-29</sponsorshipDate>
        <bioguideId>C001071</bioguideId>
      </item>
      <item>
        <fullName>Sen. Cotton, Tom [R-AR]</fullName>
        <firstName>Tom</firstName>
        <state>AR</state>
        <lastName>Cotton</lastName>
        <isOriginalCosponsor>False</isOriginalCosponsor>
        <identifiers>
          <lisID>2098</lisID>
          <bioguideId>C001095</bioguideId>
          <gpoId />
        </identifiers>
        <middleName />
        <sponsorshipWithdrawnDate />
        <party>R</party>
        <sponsorshipDate>2016-06-29</sponsorshipDate>
        <bioguideId>C001095</bioguideId>
      </item>
      <item>
        <fullName>Sen. Lee, Mike [R-UT]</fullName>
        <firstName>Mike</firstName>
        <state>UT</state>
        <lastName>Lee</lastName>
        <isOriginalCosponsor>False</isOriginalCosponsor>
        <identifiers>
          <lisID>2080</lisID>
          <gpoId>8303</gpoId>
          <bioguideId>L000577</bioguideId>
        </identifiers>
        <middleName />
        <sponsorshipWithdrawnDate />
        <party>R</party>
        <sponsorshipDate>2016-06-29</sponsorshipDate>
        <bioguideId>L000577</bioguideId>
      </item>
      <item>
        <fullName>Sen. Vitter, David [R-LA]</fullName>
        <firstName>David</firstName>
        <state>LA</state>
        <lastName>Vitter</lastName>
        <isOriginalCosponsor>False</isOriginalCosponsor>
        <identifiers>
          <lisID>1609</lisID>
          <bioguideId>V000127</bioguideId>
          <gpoId>8267</gpoId>
        </identifiers>
        <middleName />
        <sponsorshipWithdrawnDate />
        <party>R</party>
        <sponsorshipDate>2016-07-06</sponsorshipDate>
        <bioguideId>V000127</bioguideId>
      </item>
      <item>
        <fullName>Sen. Lankford, James [R-OK]</fullName>
        <firstName>James</firstName>
        <state>OK</state>
        <lastName>Lankford</lastName>
        <isOriginalCosponsor>False</isOriginalCosponsor>
        <identifiers>
          <gpoId>8113</gpoId>
          <lisID>2050</lisID>
          <bioguideId>L000575</bioguideId>
        </identifiers>
        <middleName />
        <sponsorshipWithdrawnDate />
        <party>R</party>
        <sponsorshipDate>2016-07-06</sponsorshipDate>
        <bioguideId>L000575</bioguideId>
      </item>
      <item>
        <fullName>Sen. Johnson, Ron [R-WI]</fullName>
        <firstName>Ron</firstName>
        <state>WI</state>
        <lastName>Johnson</lastName>
        <isOriginalCosponsor>False</isOriginalCosponsor>
        <identifiers>
          <bioguideId>J000293</bioguideId>
          <lisID>2086</lisID>
          <gpoId>8355</gpoId>
        </identifiers>
        <middleName />
        <sponsorshipWithdrawnDate />
        <party>R</party>
        <sponsorshipDate>2016-07-07</sponsorshipDate>
        <bioguideId>J000293</bioguideId>
      </item>
      <item>
        <fullName>Sen. Cochran, Thad [R-MS]</fullName>
        <firstName>Thad</firstName>
        <state>MS</state>
        <lastName>Cochran</lastName>
        <isOriginalCosponsor>False</isOriginalCosponsor>
        <identifiers>
          <bioguideId>C000567</bioguideId>
          <gpoId>8292</gpoId>
          <lisID>213</lisID>
        </identifiers>
        <middleName />
        <sponsorshipWithdrawnDate />
        <party>R</party>
        <sponsorshipDate>2016-07-11</sponsorshipDate>
        <bioguideId>C000567</bioguideId>
      </item>
      <item>
        <fullName>Sen. Graham, Lindsey [R-SC]</fullName>
        <firstName>LINDSEY</firstName>
        <state>SC</state>
        <lastName>GRAHAM</lastName>
        <isOriginalCosponsor>False</isOriginalCosponsor>
        <identifiers>
          <gpoId>8335</gpoId>
          <lisID>452</lisID>
          <bioguideId>G000359</bioguideId>
        </identifiers>
        <middleName>O.</middleName>
        <sponsorshipWithdrawnDate />
        <party>R</party>
        <sponsorshipDate>2016-07-13</sponsorshipDate>
        <bioguideId>G000359</bioguideId>
      </item>
      <item>
        <fullName>Sen. Perdue, David [R-GA]</fullName>
        <firstName>David</firstName>
        <state>GA</state>
        <lastName>Perdue</lastName>
        <isOriginalCosponsor>False</isOriginalCosponsor>
        <identifiers>
          <gpoId />
          <lisID>2286</lisID>
          <bioguideId>P000612</bioguideId>
        </identifiers>
        <middleName>Alfred</middleName>
        <sponsorshipWithdrawnDate />
        <party>R</party>
        <sponsorshipDate>2016-07-13</sponsorshipDate>
        <bioguideId>P000612</bioguideId>
      </item>
      <item>
        <fullName>Sen. McConnell, Mitch [R-KY]</fullName>
        <firstName>MITCH</firstName>
        <state>KY</state>
        <lastName>MCCONNELL</lastName>
        <isOriginalCosponsor>False</isOriginalCosponsor>
        <identifiers>
          <bioguideId>M000355</bioguideId>
          <lisID>1395</lisID>
          <gpoId>8254</gpoId>
        </identifiers>
        <middleName />
        <sponsorshipWithdrawnDate />
        <party>R</party>
        <sponsorshipDate>2016-07-14</sponsorshipDate>
        <bioguideId>M000355</bioguideId>
      </item>
      <item>
        <fullName>Sen. Enzi, Michael B. [R-WY]</fullName>
        <firstName>MICHAEL</firstName>
        <state>WY</state>
        <lastName>ENZI</lastName>
        <isOriginalCosponsor>False</isOriginalCosponsor>
        <identifiers>
          <bioguideId>E000285</bioguideId>
          <gpoId>8328</gpoId>
          <lisID>1542</lisID>
        </identifiers>
        <middleName>B.</middleName>
        <sponsorshipWithdrawnDate />
        <party>R</party>
        <sponsorshipDate>2016-07-14</sponsorshipDate>
        <bioguideId>E000285</bioguideId>
      </item>
      <item>
        <fullName>Sen. Thune, John [R-SD]</fullName>
        <firstName>JOHN</firstName>
        <state>SD</state>
        <lastName>THUNE</lastName>
        <isOriginalCosponsor>False</isOriginalCosponsor>
        <identifiers>
          <lisID>1534</lisID>
          <gpoId>8257</gpoId>
          <bioguideId>T000250</bioguideId>
        </identifiers>
        <middleName>R.</middleName>
        <sponsorshipWithdrawnDate />
        <party>R</party>
        <sponsorshipDate>2016-09-06</sponsorshipDate>
        <bioguideId>T000250</bioguideId>
      </item>
      <item>
        <fullName>Sen. Rounds, Mike  [R-SD]</fullName>
        <firstName>Mike</firstName>
        <state>SD</state>
        <lastName>Rounds</lastName>
        <isOriginalCosponsor>False</isOriginalCosponsor>
        <identifiers>
          <bioguideId>R000605</bioguideId>
          <lisID>2288</lisID>
          <gpoId />
        </identifiers>
        <middleName />
        <sponsorshipWithdrawnDate />
        <party>R</party>
        <sponsorshipDate>2016-09-06</sponsorshipDate>
        <bioguideId>R000605</bioguideId>
      </item>
      <item>
        <fullName>Sen. Cornyn, John [R-TX]</fullName>
        <firstName>John</firstName>
        <state>TX</state>
        <lastName>Cornyn</lastName>
        <isOriginalCosponsor>False</isOriginalCosponsor>
        <identifiers>
          <lisID>1692</lisID>
          <gpoId>8295</gpoId>
          <bioguideId>C001056</bioguideId>
        </identifiers>
        <middleName />
        <sponsorshipWithdrawnDate />
        <party>R</party>
        <sponsorshipDate>2016-09-06</sponsorshipDate>
        <bioguideId>C001056</bioguideId>
      </item>
      <item>
        <fullName>Sen. Cassidy, Bill [R-LA]</fullName>
        <firstName>Bill</firstName>
        <state>LA</state>
        <lastName>Cassidy</lastName>
        <isOriginalCosponsor>False</isOriginalCosponsor>
        <identifiers>
          <gpoId>7964</gpoId>
          <lisID>1925</lisID>
          <bioguideId>C001075</bioguideId>
        </identifiers>
        <middleName />
        <sponsorshipWithdrawnDate />
        <party>R</party>
        <sponsorshipDate>2016-09-06</sponsorshipDate>
        <bioguideId>C001075</bioguideId>
      </item>
      <item>
        <fullName>Sen. Collins, Susan M. [R-ME]</fullName>
        <firstName>SUSAN</firstName>
        <state>ME</state>
        <lastName>COLLINS</lastName>
        <isOriginalCosponsor>False</isOriginalCosponsor>
        <identifiers>
          <lisID>1541</lisID>
          <bioguideId>C001035</bioguideId>
          <gpoId>8291</gpoId>
        </identifiers>
        <middleName>MARGARET</middleName>
        <sponsorshipWithdrawnDate />
        <party>R</party>
        <sponsorshipDate>2016-09-14</sponsorshipDate>
        <bioguideId>C001035</bioguideId>
      </item>
    </cosponsors>
  </bill>
  <dublinCore xmlns:dc="http://purl.org/dc/elements/1.1/">
    <dc:format>text/xml</dc:format>
    <dc:language>EN</dc:language>
    <dc:rights>Pursuant to Title 17 Section 105 of the United States Code, this file is not subject to copyright protection and is in the public domain.</dc:rights>
    <dc:contributor>Congressional Research Service, Library of Congress</dc:contributor>
    <dc:description>This file contains bill summaries and statuses for federal legislation. A bill summary describes the most significant provisions of a piece of legislation and details the effects the legislative text may have on current law and federal programs. Bill summaries are authored by the Congressional Research Service (CRS) of the Library of Congress. As stated in Public Law 91-510 (2 USC 166 (d)(6)), one of the duties of CRS is "to prepare summaries and digests of bills and resolutions of a public general nature introduced in the Senate or House of Representatives". For more information, refer to the User Guide that accompanies this file.</dc:description>
  </dublinCore>
</billStatus>

