<?xml version="1.0" encoding="UTF-8"?>
<billStatus>
  <bill>
    <actions>
      <item>
        <actionDate>2013-02-07</actionDate>
        <committee />
        <links />
        <sourceSystem>
          <name>Senate</name>
          <code>0</code>
        </sourceSystem>
        <text>Read the second time. Placed on Senate Legislative Calendar under General Orders. Calendar No. 12.</text>
        <type>Calendars</type>
      </item>
      <item>
        <actionDate>2013-02-04</actionDate>
        <committee />
        <links />
        <sourceSystem>
          <name>Senate</name>
          <code>0</code>
        </sourceSystem>
        <text>Introduced in the Senate. Read the first time. Placed on Senate Legislative Calendar under Read the First Time.</text>
        <type>Calendars</type>
      </item>
      <item>
        <actionCode>10000</actionCode>
        <type>IntroReferral</type>
        <text>Introduced in Senate</text>
        <actionDate>2013-02-04</actionDate>
        <links />
        <committee />
        <sourceSystem>
          <name>Library of Congress</name>
          <code>9</code>
        </sourceSystem>
      </item>
      <actionByCounts>
        <senate>3</senate>
      </actionByCounts>
      <actionTypeCounts>
        <introducedInSenate>1</introducedInSenate>
        <placedOnCalendarSection>2</placedOnCalendarSection>
      </actionTypeCounts>
    </actions>
    <title>Federal Reserve Transparency Act of 2013</title>
    <cosponsors>
      <item>
        <sponsorshipDate>2013-02-04</sponsorshipDate>
        <lastName>Vitter</lastName>
        <fullName>Sen. Vitter, David [R-LA]</fullName>
        <middleName />
        <firstName>David</firstName>
        <sponsorshipWithdrawnDate />
        <identifiers>
          <gpoId>8267</gpoId>
          <lisID>1609</lisID>
          <bioguideId>V000127</bioguideId>
        </identifiers>
        <isOriginalCosponsor>True</isOriginalCosponsor>
        <bioguideId>V000127</bioguideId>
      </item>
      <item>
        <sponsorshipDate>2013-02-04</sponsorshipDate>
        <lastName>Cruz</lastName>
        <fullName>Sen. Cruz, Ted [R-TX]</fullName>
        <middleName />
        <firstName>Ted</firstName>
        <sponsorshipWithdrawnDate />
        <identifiers>
          <bioguideId>C001098</bioguideId>
          <lisID>2175</lisID>
          <gpoId />
        </identifiers>
        <isOriginalCosponsor>True</isOriginalCosponsor>
        <bioguideId>C001098</bioguideId>
      </item>
      <item>
        <sponsorshipDate>2013-02-04</sponsorshipDate>
        <lastName>Ayotte</lastName>
        <fullName>Sen. Ayotte, Kelly [R-NH]</fullName>
        <middleName />
        <firstName>Kelly</firstName>
        <sponsorshipWithdrawnDate />
        <identifiers>
          <bioguideId>A000368</bioguideId>
          <lisID>2075</lisID>
          <gpoId>8315</gpoId>
        </identifiers>
        <isOriginalCosponsor>True</isOriginalCosponsor>
        <bioguideId>A000368</bioguideId>
      </item>
      <item>
        <sponsorshipDate>2013-02-04</sponsorshipDate>
        <lastName>Barrasso</lastName>
        <fullName>Sen. Barrasso, John [R-WY]</fullName>
        <middleName />
        <firstName>John</firstName>
        <sponsorshipWithdrawnDate />
        <identifiers>
          <bioguideId>B001261</bioguideId>
          <lisID>1881</lisID>
          <gpoId>8300</gpoId>
        </identifiers>
        <isOriginalCosponsor>True</isOriginalCosponsor>
        <bioguideId>B001261</bioguideId>
      </item>
      <item>
        <sponsorshipDate>2013-02-04</sponsorshipDate>
        <lastName>Begich</lastName>
        <fullName>Sen. Begich, Mark [D-AK]</fullName>
        <middleName />
        <firstName>Mark</firstName>
        <sponsorshipWithdrawnDate />
        <identifiers>
          <gpoId>8301</gpoId>
          <bioguideId>B001265</bioguideId>
          <lisID>1898</lisID>
        </identifiers>
        <isOriginalCosponsor>True</isOriginalCosponsor>
        <bioguideId>B001265</bioguideId>
      </item>
      <item>
        <sponsorshipDate>2013-02-04</sponsorshipDate>
        <lastName>Boozman</lastName>
        <fullName>Sen. Boozman, John [R-AR]</fullName>
        <middleName />
        <firstName>John</firstName>
        <sponsorshipWithdrawnDate />
        <identifiers>
          <gpoId>8247</gpoId>
          <bioguideId>B001236</bioguideId>
          <lisID>1687</lisID>
        </identifiers>
        <isOriginalCosponsor>True</isOriginalCosponsor>
        <bioguideId>B001236</bioguideId>
      </item>
      <item>
        <sponsorshipDate>2013-02-04</sponsorshipDate>
        <lastName>BURR</lastName>
        <fullName>Sen. Burr, Richard [R-NC]</fullName>
        <middleName />
        <firstName>RICHARD</firstName>
        <sponsorshipWithdrawnDate />
        <identifiers>
          <lisID>153</lisID>
          <bioguideId>B001135</bioguideId>
          <gpoId>8286</gpoId>
        </identifiers>
        <isOriginalCosponsor>True</isOriginalCosponsor>
        <bioguideId>B001135</bioguideId>
      </item>
      <item>
        <sponsorshipDate>2013-02-04</sponsorshipDate>
        <lastName>CHAMBLISS</lastName>
        <fullName>Sen. Chambliss, Saxby [R-GA]</fullName>
        <middleName />
        <firstName>SAXBY</firstName>
        <sponsorshipWithdrawnDate />
        <identifiers>
          <bioguideId>C000286</bioguideId>
          <lisID>188</lisID>
          <gpoId>8284</gpoId>
        </identifiers>
        <isOriginalCosponsor>True</isOriginalCosponsor>
        <bioguideId>C000286</bioguideId>
      </item>
      <item>
        <sponsorshipDate>2013-02-04</sponsorshipDate>
        <lastName>COBURN</lastName>
        <fullName>Sen. Coburn, Tom [R-OK]</fullName>
        <middleName />
        <firstName>TOM</firstName>
        <sponsorshipWithdrawnDate />
        <identifiers>
          <bioguideId>C000560</bioguideId>
          <lisID>212</lisID>
          <gpoId>8293</gpoId>
        </identifiers>
        <isOriginalCosponsor>True</isOriginalCosponsor>
        <bioguideId>C000560</bioguideId>
      </item>
      <item>
        <sponsorshipDate>2013-02-04</sponsorshipDate>
        <lastName>ENZI</lastName>
        <fullName>Sen. Enzi, Michael B. [R-WY]</fullName>
        <middleName>B.</middleName>
        <firstName>MICHAEL</firstName>
        <sponsorshipWithdrawnDate />
        <identifiers>
          <lisID>1542</lisID>
          <bioguideId>E000285</bioguideId>
          <gpoId>8328</gpoId>
        </identifiers>
        <isOriginalCosponsor>True</isOriginalCosponsor>
        <bioguideId>E000285</bioguideId>
      </item>
      <item>
        <sponsorshipDate>2013-02-04</sponsorshipDate>
        <lastName>GRASSLEY</lastName>
        <fullName>Sen. Grassley, Chuck [R-IA]</fullName>
        <middleName>ERNEST</middleName>
        <firstName>CHARLES</firstName>
        <sponsorshipWithdrawnDate />
        <identifiers>
          <gpoId>8316</gpoId>
          <bioguideId>G000386</bioguideId>
          <lisID>457</lisID>
        </identifiers>
        <isOriginalCosponsor>True</isOriginalCosponsor>
        <bioguideId>G000386</bioguideId>
      </item>
      <item>
        <sponsorshipDate>2013-02-04</sponsorshipDate>
        <lastName>Heller</lastName>
        <fullName>Sen. Heller, Dean [R-NV]</fullName>
        <middleName />
        <firstName>Dean</firstName>
        <sponsorshipWithdrawnDate />
        <identifiers>
          <gpoId>8060</gpoId>
          <bioguideId>H001041</bioguideId>
          <lisID>1863</lisID>
        </identifiers>
        <isOriginalCosponsor>True</isOriginalCosponsor>
        <bioguideId>H001041</bioguideId>
      </item>
      <item>
        <sponsorshipDate>2013-02-04</sponsorshipDate>
        <lastName>Lee</lastName>
        <fullName>Sen. Lee, Mike [R-UT]</fullName>
        <middleName />
        <firstName>Mike</firstName>
        <sponsorshipWithdrawnDate />
        <identifiers>
          <gpoId>8303</gpoId>
          <lisID>2080</lisID>
          <bioguideId>L000577</bioguideId>
        </identifiers>
        <isOriginalCosponsor>True</isOriginalCosponsor>
        <bioguideId>L000577</bioguideId>
      </item>
      <item>
        <sponsorshipDate>2013-02-04</sponsorshipDate>
        <lastName>Risch</lastName>
        <fullName>Sen. Risch, James E. [R-ID]</fullName>
        <middleName>E.</middleName>
        <firstName>James</firstName>
        <sponsorshipWithdrawnDate />
        <identifiers>
          <lisID>1896</lisID>
          <bioguideId>R000584</bioguideId>
          <gpoId>8274</gpoId>
        </identifiers>
        <isOriginalCosponsor>True</isOriginalCosponsor>
        <bioguideId>R000584</bioguideId>
      </item>
      <item>
        <sponsorshipDate>2013-02-04</sponsorshipDate>
        <lastName>ROBERTS</lastName>
        <fullName>Sen. Roberts, Pat [R-KS]</fullName>
        <middleName />
        <firstName>PAT</firstName>
        <sponsorshipWithdrawnDate />
        <identifiers>
          <gpoId>8275</gpoId>
          <lisID>968</lisID>
          <bioguideId>R000307</bioguideId>
        </identifiers>
        <isOriginalCosponsor>True</isOriginalCosponsor>
        <bioguideId>R000307</bioguideId>
      </item>
      <item>
        <sponsorshipDate>2013-02-04</sponsorshipDate>
        <lastName>Rubio</lastName>
        <fullName>Sen. Rubio, Marco [R-FL]</fullName>
        <middleName />
        <firstName>Marco</firstName>
        <sponsorshipWithdrawnDate />
        <identifiers>
          <gpoId>8242</gpoId>
          <lisID>2084</lisID>
          <bioguideId>R000595</bioguideId>
        </identifiers>
        <isOriginalCosponsor>True</isOriginalCosponsor>
        <bioguideId>R000595</bioguideId>
      </item>
      <item>
        <sponsorshipDate>2013-02-04</sponsorshipDate>
        <lastName>Cornyn</lastName>
        <fullName>Sen. Cornyn, John [R-TX]</fullName>
        <middleName />
        <firstName>John</firstName>
        <sponsorshipWithdrawnDate />
        <identifiers>
          <lisID>1692</lisID>
          <bioguideId>C001056</bioguideId>
          <gpoId>8295</gpoId>
        </identifiers>
        <isOriginalCosponsor>True</isOriginalCosponsor>
        <bioguideId>C001056</bioguideId>
      </item>
      <item>
        <sponsorshipDate>2013-02-04</sponsorshipDate>
        <lastName>Toomey</lastName>
        <fullName>Sen. Toomey, Pat [R-PA]</fullName>
        <middleName />
        <firstName>Pat</firstName>
        <sponsorshipWithdrawnDate />
        <identifiers>
          <gpoId />
          <bioguideId>T000461</bioguideId>
          <lisID>1594</lisID>
        </identifiers>
        <isOriginalCosponsor>True</isOriginalCosponsor>
        <bioguideId>T000461</bioguideId>
      </item>
      <item>
        <sponsorshipDate>2013-02-07</sponsorshipDate>
        <lastName>HATCH</lastName>
        <fullName>Sen. Hatch, Orrin G. [R-UT]</fullName>
        <middleName>GRANT</middleName>
        <firstName>ORRIN</firstName>
        <sponsorshipWithdrawnDate />
        <identifiers>
          <lisID>1351</lisID>
          <bioguideId>H000338</bioguideId>
          <gpoId>8314</gpoId>
        </identifiers>
        <isOriginalCosponsor>False</isOriginalCosponsor>
        <bioguideId>H000338</bioguideId>
      </item>
      <item>
        <sponsorshipDate>2013-02-07</sponsorshipDate>
        <lastName>MCCONNELL</lastName>
        <fullName>Sen. McConnell, Mitch [R-KY]</fullName>
        <middleName />
        <firstName>MITCH</firstName>
        <sponsorshipWithdrawnDate />
        <identifiers>
          <lisID>1395</lisID>
          <gpoId>8254</gpoId>
          <bioguideId>M000355</bioguideId>
        </identifiers>
        <isOriginalCosponsor>False</isOriginalCosponsor>
        <bioguideId>M000355</bioguideId>
      </item>
      <item>
        <sponsorshipDate>2013-02-07</sponsorshipDate>
        <lastName>THUNE</lastName>
        <fullName>Sen. Thune, John [R-SD]</fullName>
        <middleName>R.</middleName>
        <firstName>JOHN</firstName>
        <sponsorshipWithdrawnDate />
        <identifiers>
          <gpoId>8257</gpoId>
          <bioguideId>T000250</bioguideId>
          <lisID>1534</lisID>
        </identifiers>
        <isOriginalCosponsor>False</isOriginalCosponsor>
        <bioguideId>T000250</bioguideId>
      </item>
      <item>
        <sponsorshipDate>2013-02-11</sponsorshipDate>
        <lastName>COLLINS</lastName>
        <fullName>Sen. Collins, Susan M. [R-ME]</fullName>
        <middleName>MARGARET</middleName>
        <firstName>SUSAN</firstName>
        <sponsorshipWithdrawnDate />
        <identifiers>
          <gpoId>8291</gpoId>
          <lisID>1541</lisID>
          <bioguideId>C001035</bioguideId>
        </identifiers>
        <isOriginalCosponsor>False</isOriginalCosponsor>
        <bioguideId>C001035</bioguideId>
      </item>
      <item>
        <sponsorshipDate>2013-02-25</sponsorshipDate>
        <lastName>Sessions</lastName>
        <fullName>Sen. Sessions, Jeff [R-AL]</fullName>
        <middleName />
        <firstName>Jeff</firstName>
        <sponsorshipWithdrawnDate />
        <identifiers>
          <gpoId>8281</gpoId>
          <bioguideId>S001141</bioguideId>
          <lisID>1548</lisID>
        </identifiers>
        <isOriginalCosponsor>False</isOriginalCosponsor>
        <bioguideId>S001141</bioguideId>
      </item>
      <item>
        <sponsorshipDate>2013-03-04</sponsorshipDate>
        <lastName>CRAPO</lastName>
        <fullName>Sen. Crapo, Mike [R-ID]</fullName>
        <middleName>D.</middleName>
        <firstName>MICHAEL</firstName>
        <sponsorshipWithdrawnDate />
        <identifiers>
          <bioguideId>C000880</bioguideId>
          <lisID>250</lisID>
          <gpoId>8289</gpoId>
        </identifiers>
        <isOriginalCosponsor>False</isOriginalCosponsor>
        <bioguideId>C000880</bioguideId>
      </item>
      <item>
        <sponsorshipDate>2013-09-10</sponsorshipDate>
        <lastName>Murkowski</lastName>
        <fullName>Sen. Murkowski, Lisa [R-AK]</fullName>
        <middleName />
        <firstName>Lisa</firstName>
        <sponsorshipWithdrawnDate />
        <identifiers>
          <bioguideId>M001153</bioguideId>
          <lisID>1694</lisID>
          <gpoId>8234</gpoId>
        </identifiers>
        <isOriginalCosponsor>False</isOriginalCosponsor>
        <bioguideId>M001153</bioguideId>
      </item>
      <item>
        <sponsorshipDate>2013-10-29</sponsorshipDate>
        <lastName>PORTMAN</lastName>
        <fullName>Sen. Portman, Rob [R-OH]</fullName>
        <middleName />
        <firstName>ROB</firstName>
        <sponsorshipWithdrawnDate />
        <identifiers>
          <bioguideId>P000449</bioguideId>
          <lisID>924</lisID>
          <gpoId>8266</gpoId>
        </identifiers>
        <isOriginalCosponsor>False</isOriginalCosponsor>
        <bioguideId>P000449</bioguideId>
      </item>
      <item>
        <sponsorshipDate>2013-10-31</sponsorshipDate>
        <lastName>Scott</lastName>
        <fullName>Sen. Scott, Tim [R-SC]</fullName>
        <middleName />
        <firstName>Tim</firstName>
        <sponsorshipWithdrawnDate />
        <identifiers>
          <bioguideId>S001184</bioguideId>
          <lisID>2056</lisID>
          <gpoId>8141</gpoId>
        </identifiers>
        <isOriginalCosponsor>False</isOriginalCosponsor>
        <bioguideId>S001184</bioguideId>
      </item>
      <item>
        <sponsorshipDate>2013-12-11</sponsorshipDate>
        <lastName>MORAN</lastName>
        <fullName>Sen. Moran, Jerry [R-KS]</fullName>
        <middleName />
        <firstName>JERRY</firstName>
        <sponsorshipWithdrawnDate />
        <identifiers>
          <bioguideId>M000934</bioguideId>
          <lisID>1507</lisID>
          <gpoId>8307</gpoId>
        </identifiers>
        <isOriginalCosponsor>False</isOriginalCosponsor>
        <bioguideId>M000934</bioguideId>
      </item>
      <item>
        <sponsorshipDate>2014-01-07</sponsorshipDate>
        <lastName>GRAHAM</lastName>
        <fullName>Sen. Graham, Lindsey [R-SC]</fullName>
        <middleName>O.</middleName>
        <firstName>LINDSEY</firstName>
        <sponsorshipWithdrawnDate />
        <identifiers>
          <gpoId>8335</gpoId>
          <bioguideId>G000359</bioguideId>
          <lisID>452</lisID>
        </identifiers>
        <isOriginalCosponsor>False</isOriginalCosponsor>
        <bioguideId>G000359</bioguideId>
      </item>
      <item>
        <sponsorshipDate>2014-05-21</sponsorshipDate>
        <lastName>Cochran</lastName>
        <fullName>Sen. Cochran, Thad [R-MS]</fullName>
        <middleName />
        <firstName>Thad</firstName>
        <sponsorshipWithdrawnDate />
        <identifiers>
          <gpoId>8292</gpoId>
          <lisID>213</lisID>
          <bioguideId>C000567</bioguideId>
        </identifiers>
        <isOriginalCosponsor>False</isOriginalCosponsor>
        <bioguideId>C000567</bioguideId>
      </item>
      <item>
        <sponsorshipDate>2014-09-18</sponsorshipDate>
        <lastName>Isakson</lastName>
        <fullName>Sen. Isakson, Johnny [R-GA]</fullName>
        <middleName />
        <firstName>Johnny</firstName>
        <sponsorshipWithdrawnDate />
        <identifiers>
          <gpoId>8323</gpoId>
          <lisID>1608</lisID>
          <bioguideId>I000055</bioguideId>
        </identifiers>
        <isOriginalCosponsor>False</isOriginalCosponsor>
        <bioguideId>I000055</bioguideId>
      </item>
      <item>
        <sponsorshipDate>2014-12-09</sponsorshipDate>
        <lastName>KIRK</lastName>
        <fullName>Sen. Kirk, Mark Steven [R-IL]</fullName>
        <middleName>STEVEN</middleName>
        <firstName>MARK</firstName>
        <sponsorshipWithdrawnDate />
        <identifiers>
          <gpoId>8285</gpoId>
          <bioguideId>K000360</bioguideId>
          <lisID>1647</lisID>
        </identifiers>
        <isOriginalCosponsor>False</isOriginalCosponsor>
        <bioguideId>K000360</bioguideId>
      </item>
    </cosponsors>
    <sponsors>
      <item>
        <middleName />
        <firstName>Rand</firstName>
        <byRequestType />
        <bioguideId>P000603</bioguideId>
        <fullName>Sen. Paul, Rand [R-KY]</fullName>
        <lastName>Paul</lastName>
        <identifiers>
          <gpoId>8308</gpoId>
          <lisID>2082</lisID>
          <bioguideId>P000603</bioguideId>
        </identifiers>
      </item>
    </sponsors>
    <subjects>
      <billSubjects>
        <policyArea>
          <name>Finance and Financial Sector</name>
        </policyArea>
        <legislativeSubjects>
          <item>
            <name>Accounting and auditing</name>
          </item>
          <item>
            <name>Bank accounts, deposits, capital</name>
          </item>
          <item>
            <name>Congressional oversight</name>
          </item>
          <item>
            <name>Federal Reserve System</name>
          </item>
          <item>
            <name>Government studies and investigations</name>
          </item>
          <item>
            <name>Housing finance and home ownership</name>
          </item>
        </legislativeSubjects>
      </billSubjects>
    </subjects>
    <updateDate>2016-10-25T16:20:28Z</updateDate>
    <originChamber>Senate</originChamber>
    <titles>
      <item>
        <parentTitleType>Short Title</parentTitleType>
        <title>Federal Reserve Transparency Act of 2013</title>
        <chamberName />
        <chamberCode />
        <titleType>Other Short Titles</titleType>
      </item>
      <item>
        <parentTitleType />
        <title>A bill to require a full audit of the Board of Governors of the Federal Reserve System and the Federal reserve banks by the Comptroller General of the United States, and for other purposes.</title>
        <chamberName />
        <chamberCode />
        <titleType>Official Title as Introduced</titleType>
      </item>
      <item>
        <parentTitleType />
        <title>Federal Reserve Transparency Act of 2013</title>
        <chamberName />
        <chamberCode />
        <titleType>Display Title</titleType>
      </item>
    </titles>
    <createDate>2013-02-05T07:00:56Z</createDate>
    <congress>113</congress>
    <introducedDate>2013-02-04</introducedDate>
    <latestAction>
      <links />
      <actionDate>2013-02-07</actionDate>
      <text>Read the second time. Placed on Senate Legislative Calendar under General Orders. Calendar No. 12.</text>
    </latestAction>
    <laws />
    <relatedBills>
      <item>
        <latestAction>
          <text>Received in the Senate.</text>
          <actionDate>2014-09-18</actionDate>
        </latestAction>
        <relationshipDetails>
          <item>
            <identifiedBy>CRS</identifiedBy>
            <type>Related bill</type>
          </item>
          <item>
            <identifiedBy>House</identifiedBy>
            <type>Related bill</type>
          </item>
        </relationshipDetails>
        <type>HR</type>
        <number>24</number>
        <congress>113</congress>
        <latestTitle>Federal Reserve Transparency Act of 2014</latestTitle>
      </item>
    </relatedBills>
    <notes />
    <recordedVotes />
    <cboCostEstimates />
    <policyArea>
      <name>Finance and Financial Sector</name>
    </policyArea>
    <billNumber>209</billNumber>
    <billType>S</billType>
    <committees>
      <billCommittees />
    </committees>
    <amendments />
    <summaries>
      <billSummaries>
        <item>
          <versionCode>00</versionCode>
          <text><![CDATA[<p>Federal Reserve Transparency Act of 2013 - Directs the Comptroller General (GAO) to: (1) complete, within 12 months of enactment of this Act, the required audit of the Board of Governors of the Federal Reserve System (Board) and of the Federal Reserve Banks; and (2) submit to Congress, within 90 days of audit completion, a detailed report of audit findings and conclusions.</p> <p>Repeals certain limitations placed upon such audit.</p> <p>Instructs the Comptroller General (GAO) to audit and report on the review of loan files of homeowners in foreclosure in 2009 or 2010, required as part of the enforcement actions taken by the Board against supervised financial institutions. Prescribes audit contents, including: (1) the guidance given by the Board to independent consultants retained by the supervised financial institutions regarding procedures to be followed in conducting the file reviews, (2) the factors considered by independent consultants when evaluating loan files and the results obtained pursuant to those reviews, and (3) the determinations made by such consultants regarding the nature and extent of financial injury sustained by each homeowner as well as the level and type of remediation offered. </p>]]></text>
          <updateDate>2013-02-04T05:00:00Z</updateDate>
          <lastSummaryUpdateDate>2013-02-25T19:12:38Z</lastSummaryUpdateDate>
          <actionDate>2013-02-04</actionDate>
          <actionDesc>Introduced in Senate</actionDesc>
          <name>Introduced in Senate</name>
        </item>
      </billSummaries>
    </summaries>
    <calendarNumbers>
      <item>
        <calendar>Senate Calendar of Business</calendar>
        <number />
      </item>
      <item>
        <calendar>Senate Calendar of Business</calendar>
        <number>0012</number>
      </item>
    </calendarNumbers>
    <committeeReports />
  </bill>
  <dublinCore xmlns:dc="http://purl.org/dc/elements/1.1/">
    <dc:format>text/xml</dc:format>
    <dc:language>EN</dc:language>
    <dc:rights>Pursuant to Title 17 Section 105 of the United States Code, this file is not subject to copyright protection and is in the public domain.</dc:rights>
    <dc:contributor>Congressional Research Service, Library of Congress</dc:contributor>
    <dc:description>This file contains bill summaries and statuses for federal legislation. A bill summary describes the most significant provisions of a piece of legislation and details the effects the legislative text may have on current law and federal programs. Bill summaries are authored by the Congressional Research Service (CRS) of the Library of Congress. As stated in Public Law 91-510 (2 USC 166 (d)(6)), one of the duties of CRS is "to prepare summaries and digests of bills and resolutions of a public general nature introduced in the Senate or House of Representatives". For more information, refer to the User Guide that accompanies this file.</dc:description>
  </dublinCore>
</billStatus>

