<?xml version="1.0" encoding="UTF-8"?>
<billStatus>
  <bill>
    <titles>
      <item>
        <chamberName />
        <parentTitleType />
        <titleType>Short Titles as Introduced</titleType>
        <chamberCode />
        <title>United States-Israel Strategic Partnership Act of 2013</title>
      </item>
      <item>
        <chamberName />
        <parentTitleType />
        <titleType>Official Title as Introduced</titleType>
        <chamberCode />
        <title>A bill to enhance the strategic partnership between the United States and Israel.</title>
      </item>
      <item>
        <chamberName />
        <parentTitleType />
        <titleType>Display Title</titleType>
        <chamberCode />
        <title>United States-Israel Strategic Partnership Act of 2013</title>
      </item>
    </titles>
    <introducedDate>2013-03-05</introducedDate>
    <notes />
    <calendarNumbers />
    <committees>
      <billCommittees>
        <item>
          <subcommittees />
          <activities>
            <item>
              <name>Referred to</name>
              <date>2013-03-05T22:30:05Z</date>
            </item>
          </activities>
          <type>Standing</type>
          <systemCode>ssfr00</systemCode>
          <chamber>Senate</chamber>
          <name>Foreign Relations Committee</name>
        </item>
      </billCommittees>
    </committees>
    <sponsors>
      <item>
        <lastName>BOXER</lastName>
        <middleName />
        <bioguideId>B000711</bioguideId>
        <firstName>BARBARA</firstName>
        <byRequestType />
        <fullName>Sen. Boxer, Barbara [D-CA]</fullName>
        <identifiers>
          <bioguideId>B000711</bioguideId>
          <lisID>116</lisID>
          <gpoId>8306</gpoId>
        </identifiers>
      </item>
    </sponsors>
    <subjects>
      <billSubjects>
        <policyArea>
          <name>International Affairs</name>
        </policyArea>
        <legislativeSubjects>
          <item>
            <name>Agricultural trade</name>
          </item>
          <item>
            <name>Alliances</name>
          </item>
          <item>
            <name>Alternative and renewable resources</name>
          </item>
          <item>
            <name>Arab-Israeli relations</name>
          </item>
          <item>
            <name>Computer security and identity theft</name>
          </item>
          <item>
            <name>Congressional oversight</name>
          </item>
          <item>
            <name>Crime prevention</name>
          </item>
          <item>
            <name>Energy storage, supplies, demand</name>
          </item>
          <item>
            <name>Foreign aid and international relief</name>
          </item>
          <item>
            <name>Homeland security</name>
          </item>
          <item>
            <name>International law and treaties</name>
          </item>
          <item>
            <name>International organizations and cooperation</name>
          </item>
          <item>
            <name>Israel</name>
          </item>
          <item>
            <name>Licensing and registrations</name>
          </item>
          <item>
            <name>Middle East</name>
          </item>
          <item>
            <name>Military assistance, sales, and agreements</name>
          </item>
          <item>
            <name>Motor fuels</name>
          </item>
          <item>
            <name>Palestinians</name>
          </item>
          <item>
            <name>Sovereignty, recognition, national governance and status</name>
          </item>
          <item>
            <name>Technology transfer and commercialization</name>
          </item>
          <item>
            <name>Trade restrictions</name>
          </item>
          <item>
            <name>Visas and passports</name>
          </item>
          <item>
            <name>Water use and supply</name>
          </item>
        </legislativeSubjects>
      </billSubjects>
    </subjects>
    <originChamber>Senate</originChamber>
    <createDate>2013-03-06T07:01:11Z</createDate>
    <congress>113</congress>
    <cosponsors>
      <item>
        <sponsorshipDate>2013-03-05</sponsorshipDate>
        <lastName>Blunt</lastName>
        <fullName>Sen. Blunt, Roy [R-MO]</fullName>
        <middleName />
        <firstName>Roy</firstName>
        <sponsorshipWithdrawnDate />
        <identifiers>
          <lisID>1464</lisID>
          <gpoId>8313</gpoId>
          <bioguideId>B000575</bioguideId>
        </identifiers>
        <isOriginalCosponsor>True</isOriginalCosponsor>
        <bioguideId>B000575</bioguideId>
      </item>
      <item>
        <sponsorshipDate>2013-03-05</sponsorshipDate>
        <lastName>Manchin</lastName>
        <fullName>Sen. Manchin, Joe, III [D-WV]</fullName>
        <middleName />
        <firstName>Joe</firstName>
        <sponsorshipWithdrawnDate />
        <identifiers>
          <gpoId>8256</gpoId>
          <lisID>1983</lisID>
          <bioguideId>M001183</bioguideId>
        </identifiers>
        <isOriginalCosponsor>True</isOriginalCosponsor>
        <bioguideId>M001183</bioguideId>
      </item>
      <item>
        <sponsorshipDate>2013-03-05</sponsorshipDate>
        <lastName>Cornyn</lastName>
        <fullName>Sen. Cornyn, John [R-TX]</fullName>
        <middleName />
        <firstName>John</firstName>
        <sponsorshipWithdrawnDate />
        <identifiers>
          <bioguideId>C001056</bioguideId>
          <lisID>1692</lisID>
          <gpoId>8295</gpoId>
        </identifiers>
        <isOriginalCosponsor>True</isOriginalCosponsor>
        <bioguideId>C001056</bioguideId>
      </item>
      <item>
        <sponsorshipDate>2013-03-05</sponsorshipDate>
        <lastName>CARDIN</lastName>
        <fullName>Sen. Cardin, Benjamin L. [D-MD]</fullName>
        <middleName>L.</middleName>
        <firstName>BENJAMIN</firstName>
        <sponsorshipWithdrawnDate />
        <identifiers>
          <lisID>174</lisID>
          <bioguideId>C000141</bioguideId>
          <gpoId>8287</gpoId>
        </identifiers>
        <isOriginalCosponsor>True</isOriginalCosponsor>
        <bioguideId>C000141</bioguideId>
      </item>
      <item>
        <sponsorshipDate>2013-03-05</sponsorshipDate>
        <lastName>COLLINS</lastName>
        <fullName>Sen. Collins, Susan M. [R-ME]</fullName>
        <middleName>MARGARET</middleName>
        <firstName>SUSAN</firstName>
        <sponsorshipWithdrawnDate />
        <identifiers>
          <lisID>1541</lisID>
          <gpoId>8291</gpoId>
          <bioguideId>C001035</bioguideId>
        </identifiers>
        <isOriginalCosponsor>True</isOriginalCosponsor>
        <bioguideId>C001035</bioguideId>
      </item>
      <item>
        <sponsorshipDate>2013-03-06</sponsorshipDate>
        <lastName>WYDEN</lastName>
        <fullName>Sen. Wyden, Ron [D-OR]</fullName>
        <middleName />
        <firstName>RON</firstName>
        <sponsorshipWithdrawnDate />
        <identifiers>
          <gpoId>8265</gpoId>
          <lisID>1247</lisID>
          <bioguideId>W000779</bioguideId>
        </identifiers>
        <isOriginalCosponsor>False</isOriginalCosponsor>
        <bioguideId>W000779</bioguideId>
      </item>
      <item>
        <sponsorshipDate>2013-03-11</sponsorshipDate>
        <lastName>Casey</lastName>
        <fullName>Sen. Casey, Robert P., Jr. [D-PA]</fullName>
        <middleName />
        <firstName>Bob</firstName>
        <sponsorshipWithdrawnDate />
        <identifiers>
          <bioguideId>C001070</bioguideId>
          <lisID>1828</lisID>
          <gpoId>8282</gpoId>
        </identifiers>
        <isOriginalCosponsor>False</isOriginalCosponsor>
        <bioguideId>C001070</bioguideId>
      </item>
      <item>
        <sponsorshipDate>2013-03-11</sponsorshipDate>
        <lastName>STABENOW</lastName>
        <fullName>Sen. Stabenow, Debbie [D-MI]</fullName>
        <middleName>ANN</middleName>
        <firstName>DEBORAH</firstName>
        <sponsorshipWithdrawnDate />
        <identifiers>
          <gpoId>8261</gpoId>
          <bioguideId>S000770</bioguideId>
          <lisID>1531</lisID>
        </identifiers>
        <isOriginalCosponsor>False</isOriginalCosponsor>
        <bioguideId>S000770</bioguideId>
      </item>
      <item>
        <sponsorshipDate>2013-03-11</sponsorshipDate>
        <lastName>Blumenthal</lastName>
        <fullName>Sen. Blumenthal, Richard [D-CT]</fullName>
        <middleName />
        <firstName>Richard</firstName>
        <sponsorshipWithdrawnDate />
        <identifiers>
          <lisID>2076</lisID>
          <bioguideId>B001277</bioguideId>
          <gpoId>8332</gpoId>
        </identifiers>
        <isOriginalCosponsor>False</isOriginalCosponsor>
        <bioguideId>B001277</bioguideId>
      </item>
      <item>
        <sponsorshipDate>2013-03-11</sponsorshipDate>
        <lastName>Schatz</lastName>
        <fullName>Sen. Schatz, Brian [D-HI]</fullName>
        <middleName />
        <firstName>Brian</firstName>
        <sponsorshipWithdrawnDate />
        <identifiers>
          <bioguideId>S001194</bioguideId>
          <lisID>2173</lisID>
          <gpoId />
        </identifiers>
        <isOriginalCosponsor>False</isOriginalCosponsor>
        <bioguideId>S001194</bioguideId>
      </item>
      <item>
        <sponsorshipDate>2013-03-12</sponsorshipDate>
        <lastName>CRAPO</lastName>
        <fullName>Sen. Crapo, Mike [R-ID]</fullName>
        <middleName>D.</middleName>
        <firstName>MICHAEL</firstName>
        <sponsorshipWithdrawnDate />
        <identifiers>
          <gpoId>8289</gpoId>
          <bioguideId>C000880</bioguideId>
          <lisID>250</lisID>
        </identifiers>
        <isOriginalCosponsor>False</isOriginalCosponsor>
        <bioguideId>C000880</bioguideId>
      </item>
      <item>
        <sponsorshipDate>2013-03-12</sponsorshipDate>
        <lastName>Boozman</lastName>
        <fullName>Sen. Boozman, John [R-AR]</fullName>
        <middleName />
        <firstName>John</firstName>
        <sponsorshipWithdrawnDate />
        <identifiers>
          <lisID>1687</lisID>
          <gpoId>8247</gpoId>
          <bioguideId>B001236</bioguideId>
        </identifiers>
        <isOriginalCosponsor>False</isOriginalCosponsor>
        <bioguideId>B001236</bioguideId>
      </item>
      <item>
        <sponsorshipDate>2013-03-12</sponsorshipDate>
        <lastName>Johanns</lastName>
        <fullName>Sen. Johanns, Mike [R-NE]</fullName>
        <middleName />
        <firstName>Mike</firstName>
        <sponsorshipWithdrawnDate />
        <identifiers>
          <gpoId>8325</gpoId>
          <bioguideId>J000291</bioguideId>
          <lisID>1899</lisID>
        </identifiers>
        <isOriginalCosponsor>False</isOriginalCosponsor>
        <bioguideId>J000291</bioguideId>
      </item>
      <item>
        <sponsorshipDate>2013-03-18</sponsorshipDate>
        <lastName>Heinrich</lastName>
        <fullName>Sen. Heinrich, Martin [D-NM]</fullName>
        <middleName />
        <firstName>Martin</firstName>
        <sponsorshipWithdrawnDate />
        <identifiers>
          <gpoId>8056</gpoId>
          <lisID>1937</lisID>
          <bioguideId>H001046</bioguideId>
        </identifiers>
        <isOriginalCosponsor>False</isOriginalCosponsor>
        <bioguideId>H001046</bioguideId>
      </item>
      <item>
        <sponsorshipDate>2013-03-18</sponsorshipDate>
        <lastName>Hoeven</lastName>
        <fullName>Sen. Hoeven, John [R-ND]</fullName>
        <middleName />
        <firstName>John</firstName>
        <sponsorshipWithdrawnDate />
        <identifiers>
          <gpoId>8331</gpoId>
          <lisID>2079</lisID>
          <bioguideId>H001061</bioguideId>
        </identifiers>
        <isOriginalCosponsor>False</isOriginalCosponsor>
        <bioguideId>H001061</bioguideId>
      </item>
      <item>
        <sponsorshipDate>2013-04-08</sponsorshipDate>
        <lastName>MORAN</lastName>
        <fullName>Sen. Moran, Jerry [R-KS]</fullName>
        <middleName />
        <firstName>JERRY</firstName>
        <sponsorshipWithdrawnDate />
        <identifiers>
          <gpoId>8307</gpoId>
          <bioguideId>M000934</bioguideId>
          <lisID>1507</lisID>
        </identifiers>
        <isOriginalCosponsor>False</isOriginalCosponsor>
        <bioguideId>M000934</bioguideId>
      </item>
      <item>
        <sponsorshipDate>2013-04-09</sponsorshipDate>
        <lastName>CHAMBLISS</lastName>
        <fullName>Sen. Chambliss, Saxby [R-GA]</fullName>
        <middleName />
        <firstName>SAXBY</firstName>
        <sponsorshipWithdrawnDate />
        <identifiers>
          <gpoId>8284</gpoId>
          <bioguideId>C000286</bioguideId>
          <lisID>188</lisID>
        </identifiers>
        <isOriginalCosponsor>False</isOriginalCosponsor>
        <bioguideId>C000286</bioguideId>
      </item>
      <item>
        <sponsorshipDate>2013-04-10</sponsorshipDate>
        <lastName>Klobuchar</lastName>
        <fullName>Sen. Klobuchar, Amy [D-MN]</fullName>
        <middleName />
        <firstName>Amy</firstName>
        <sponsorshipWithdrawnDate />
        <identifiers>
          <gpoId>8249</gpoId>
          <bioguideId>K000367</bioguideId>
          <lisID>1826</lisID>
        </identifiers>
        <isOriginalCosponsor>False</isOriginalCosponsor>
        <bioguideId>K000367</bioguideId>
      </item>
      <item>
        <sponsorshipDate>2013-04-15</sponsorshipDate>
        <lastName>McCaskill</lastName>
        <fullName>Sen. McCaskill, Claire [D-MO]</fullName>
        <middleName />
        <firstName>Claire</firstName>
        <sponsorshipWithdrawnDate />
        <identifiers>
          <gpoId>8252</gpoId>
          <lisID>1820</lisID>
          <bioguideId>M001170</bioguideId>
        </identifiers>
        <isOriginalCosponsor>False</isOriginalCosponsor>
        <bioguideId>M001170</bioguideId>
      </item>
      <item>
        <sponsorshipDate>2013-04-15</sponsorshipDate>
        <lastName>Begich</lastName>
        <fullName>Sen. Begich, Mark [D-AK]</fullName>
        <middleName />
        <firstName>Mark</firstName>
        <sponsorshipWithdrawnDate />
        <identifiers>
          <gpoId>8301</gpoId>
          <bioguideId>B001265</bioguideId>
          <lisID>1898</lisID>
        </identifiers>
        <isOriginalCosponsor>False</isOriginalCosponsor>
        <bioguideId>B001265</bioguideId>
      </item>
      <item>
        <sponsorshipDate>2013-04-16</sponsorshipDate>
        <lastName>Pryor</lastName>
        <fullName>Sen. Pryor, Mark L. [D-AR]</fullName>
        <middleName>Lunsford</middleName>
        <firstName>Mark</firstName>
        <sponsorshipWithdrawnDate />
        <identifiers>
          <bioguideId>P000590</bioguideId>
          <lisID>1701</lisID>
          <gpoId>8241</gpoId>
        </identifiers>
        <isOriginalCosponsor>False</isOriginalCosponsor>
        <bioguideId>P000590</bioguideId>
      </item>
      <item>
        <sponsorshipDate>2013-04-17</sponsorshipDate>
        <lastName>ROBERTS</lastName>
        <fullName>Sen. Roberts, Pat [R-KS]</fullName>
        <middleName />
        <firstName>PAT</firstName>
        <sponsorshipWithdrawnDate />
        <identifiers>
          <bioguideId>R000307</bioguideId>
          <lisID>968</lisID>
          <gpoId>8275</gpoId>
        </identifiers>
        <isOriginalCosponsor>False</isOriginalCosponsor>
        <bioguideId>R000307</bioguideId>
      </item>
      <item>
        <sponsorshipDate>2013-04-23</sponsorshipDate>
        <lastName>Tester</lastName>
        <fullName>Sen. Tester, Jon [D-MT]</fullName>
        <middleName />
        <firstName>Jon</firstName>
        <sponsorshipWithdrawnDate />
        <identifiers>
          <gpoId>8258</gpoId>
          <lisID>1829</lisID>
          <bioguideId>T000464</bioguideId>
        </identifiers>
        <isOriginalCosponsor>False</isOriginalCosponsor>
        <bioguideId>T000464</bioguideId>
      </item>
      <item>
        <sponsorshipDate>2013-04-25</sponsorshipDate>
        <lastName>Heller</lastName>
        <fullName>Sen. Heller, Dean [R-NV]</fullName>
        <middleName />
        <firstName>Dean</firstName>
        <sponsorshipWithdrawnDate />
        <identifiers>
          <lisID>1863</lisID>
          <gpoId>8060</gpoId>
          <bioguideId>H001041</bioguideId>
        </identifiers>
        <isOriginalCosponsor>False</isOriginalCosponsor>
        <bioguideId>H001041</bioguideId>
      </item>
      <item>
        <sponsorshipDate>2013-05-06</sponsorshipDate>
        <lastName>HATCH</lastName>
        <fullName>Sen. Hatch, Orrin G. [R-UT]</fullName>
        <middleName>GRANT</middleName>
        <firstName>ORRIN</firstName>
        <sponsorshipWithdrawnDate />
        <identifiers>
          <gpoId>8314</gpoId>
          <bioguideId>H000338</bioguideId>
          <lisID>1351</lisID>
        </identifiers>
        <isOriginalCosponsor>False</isOriginalCosponsor>
        <bioguideId>H000338</bioguideId>
      </item>
      <item>
        <sponsorshipDate>2013-05-06</sponsorshipDate>
        <lastName>Murkowski</lastName>
        <fullName>Sen. Murkowski, Lisa [R-AK]</fullName>
        <middleName />
        <firstName>Lisa</firstName>
        <sponsorshipWithdrawnDate />
        <identifiers>
          <gpoId>8234</gpoId>
          <lisID>1694</lisID>
          <bioguideId>M001153</bioguideId>
        </identifiers>
        <isOriginalCosponsor>False</isOriginalCosponsor>
        <bioguideId>M001153</bioguideId>
      </item>
      <item>
        <sponsorshipDate>2013-05-07</sponsorshipDate>
        <lastName>MIKULSKI</lastName>
        <fullName>Sen. Mikulski, Barbara A. [D-MD]</fullName>
        <middleName>ANN</middleName>
        <firstName>BARBARA</firstName>
        <sponsorshipWithdrawnDate />
        <identifiers>
          <bioguideId>M000702</bioguideId>
          <lisID>802</lisID>
          <gpoId>8240</gpoId>
        </identifiers>
        <isOriginalCosponsor>False</isOriginalCosponsor>
        <bioguideId>M000702</bioguideId>
      </item>
      <item>
        <sponsorshipDate>2013-05-09</sponsorshipDate>
        <lastName>Scott</lastName>
        <fullName>Sen. Scott, Tim [R-SC]</fullName>
        <middleName />
        <firstName>Tim</firstName>
        <sponsorshipWithdrawnDate />
        <identifiers>
          <gpoId>8141</gpoId>
          <lisID>2056</lisID>
          <bioguideId>S001184</bioguideId>
        </identifiers>
        <isOriginalCosponsor>False</isOriginalCosponsor>
        <bioguideId>S001184</bioguideId>
      </item>
      <item>
        <sponsorshipDate>2013-05-20</sponsorshipDate>
        <lastName>Gillibrand</lastName>
        <fullName>Sen. Gillibrand, Kirsten E. [D-NY]</fullName>
        <middleName>E.</middleName>
        <firstName>Kirsten</firstName>
        <sponsorshipWithdrawnDate />
        <identifiers>
          <bioguideId>G000555</bioguideId>
          <lisID>1866</lisID>
          <gpoId>8336</gpoId>
        </identifiers>
        <isOriginalCosponsor>False</isOriginalCosponsor>
        <bioguideId>G000555</bioguideId>
      </item>
      <item>
        <sponsorshipDate>2013-05-21</sponsorshipDate>
        <lastName>JOHNSON</lastName>
        <fullName>Sen. Johnson, Tim [D-SD]</fullName>
        <middleName />
        <firstName>TIM</firstName>
        <sponsorshipWithdrawnDate />
        <identifiers>
          <gpoId>8319</gpoId>
          <bioguideId>J000177</bioguideId>
          <lisID>604</lisID>
        </identifiers>
        <isOriginalCosponsor>False</isOriginalCosponsor>
        <bioguideId>J000177</bioguideId>
      </item>
      <item>
        <sponsorshipDate>2013-05-21</sponsorshipDate>
        <lastName>Ayotte</lastName>
        <fullName>Sen. Ayotte, Kelly [R-NH]</fullName>
        <middleName />
        <firstName>Kelly</firstName>
        <sponsorshipWithdrawnDate />
        <identifiers>
          <bioguideId>A000368</bioguideId>
          <lisID>2075</lisID>
          <gpoId>8315</gpoId>
        </identifiers>
        <isOriginalCosponsor>False</isOriginalCosponsor>
        <bioguideId>A000368</bioguideId>
      </item>
      <item>
        <sponsorshipDate>2013-05-23</sponsorshipDate>
        <lastName>Whitehouse</lastName>
        <fullName>Sen. Whitehouse, Sheldon [D-RI]</fullName>
        <middleName />
        <firstName>Sheldon</firstName>
        <sponsorshipWithdrawnDate />
        <identifiers>
          <gpoId>8264</gpoId>
          <bioguideId>W000802</bioguideId>
          <lisID>1823</lisID>
        </identifiers>
        <isOriginalCosponsor>False</isOriginalCosponsor>
        <bioguideId>W000802</bioguideId>
      </item>
      <item>
        <sponsorshipDate>2013-05-23</sponsorshipDate>
        <lastName>Cruz</lastName>
        <fullName>Sen. Cruz, Ted [R-TX]</fullName>
        <middleName />
        <firstName>Ted</firstName>
        <sponsorshipWithdrawnDate />
        <identifiers>
          <bioguideId>C001098</bioguideId>
          <lisID>2175</lisID>
          <gpoId />
        </identifiers>
        <isOriginalCosponsor>False</isOriginalCosponsor>
        <bioguideId>C001098</bioguideId>
      </item>
      <item>
        <sponsorshipDate>2013-06-04</sponsorshipDate>
        <lastName>Merkley</lastName>
        <fullName>Sen. Merkley, Jeff [D-OR]</fullName>
        <middleName />
        <firstName>Jeff</firstName>
        <sponsorshipWithdrawnDate />
        <identifiers>
          <lisID>1900</lisID>
          <gpoId>8238</gpoId>
          <bioguideId>M001176</bioguideId>
        </identifiers>
        <isOriginalCosponsor>False</isOriginalCosponsor>
        <bioguideId>M001176</bioguideId>
      </item>
      <item>
        <sponsorshipDate>2013-06-04</sponsorshipDate>
        <lastName>Coons</lastName>
        <fullName>Sen. Coons, Christopher A. [D-DE]</fullName>
        <middleName>A.</middleName>
        <firstName>Christopher</firstName>
        <sponsorshipWithdrawnDate />
        <identifiers>
          <lisID>1984</lisID>
          <bioguideId>C001088</bioguideId>
          <gpoId>8297</gpoId>
        </identifiers>
        <isOriginalCosponsor>False</isOriginalCosponsor>
        <bioguideId>C001088</bioguideId>
      </item>
      <item>
        <sponsorshipDate>2013-06-04</sponsorshipDate>
        <lastName>SCHUMER</lastName>
        <fullName>Sen. Schumer, Charles E. [D-NY]</fullName>
        <middleName>E.</middleName>
        <firstName>CHARLES</firstName>
        <sponsorshipWithdrawnDate />
        <identifiers>
          <lisID>1036</lisID>
          <gpoId>8279</gpoId>
          <bioguideId>S000148</bioguideId>
        </identifiers>
        <isOriginalCosponsor>False</isOriginalCosponsor>
        <bioguideId>S000148</bioguideId>
      </item>
      <item>
        <sponsorshipDate>2013-06-07</sponsorshipDate>
        <lastName>WICKER</lastName>
        <fullName>Sen. Wicker, Roger F. [R-MS]</fullName>
        <middleName>F.</middleName>
        <firstName>ROGER</firstName>
        <sponsorshipWithdrawnDate />
        <identifiers>
          <lisID>1226</lisID>
          <bioguideId>W000437</bioguideId>
          <gpoId>8263</gpoId>
        </identifiers>
        <isOriginalCosponsor>False</isOriginalCosponsor>
        <bioguideId>W000437</bioguideId>
      </item>
      <item>
        <sponsorshipDate>2013-06-07</sponsorshipDate>
        <lastName>Rubio</lastName>
        <fullName>Sen. Rubio, Marco [R-FL]</fullName>
        <middleName />
        <firstName>Marco</firstName>
        <sponsorshipWithdrawnDate />
        <identifiers>
          <lisID>2084</lisID>
          <bioguideId>R000595</bioguideId>
          <gpoId>8242</gpoId>
        </identifiers>
        <isOriginalCosponsor>False</isOriginalCosponsor>
        <bioguideId>R000595</bioguideId>
      </item>
      <item>
        <sponsorshipDate>2013-06-10</sponsorshipDate>
        <lastName>KIRK</lastName>
        <fullName>Sen. Kirk, Mark Steven [R-IL]</fullName>
        <middleName>STEVEN</middleName>
        <firstName>MARK</firstName>
        <sponsorshipWithdrawnDate />
        <identifiers>
          <gpoId>8285</gpoId>
          <lisID>1647</lisID>
          <bioguideId>K000360</bioguideId>
        </identifiers>
        <isOriginalCosponsor>False</isOriginalCosponsor>
        <bioguideId>K000360</bioguideId>
      </item>
      <item>
        <sponsorshipDate>2013-06-25</sponsorshipDate>
        <lastName>Bennet</lastName>
        <fullName>Sen. Bennet, Michael F. [D-CO]</fullName>
        <middleName>F.</middleName>
        <firstName>Michael</firstName>
        <sponsorshipWithdrawnDate />
        <identifiers>
          <bioguideId>B001267</bioguideId>
          <lisID>1965</lisID>
          <gpoId>8302</gpoId>
        </identifiers>
        <isOriginalCosponsor>False</isOriginalCosponsor>
        <bioguideId>B001267</bioguideId>
      </item>
      <item>
        <sponsorshipDate>2013-06-26</sponsorshipDate>
        <lastName>BURR</lastName>
        <fullName>Sen. Burr, Richard [R-NC]</fullName>
        <middleName />
        <firstName>RICHARD</firstName>
        <sponsorshipWithdrawnDate />
        <identifiers>
          <gpoId>8286</gpoId>
          <lisID>153</lisID>
          <bioguideId>B001135</bioguideId>
        </identifiers>
        <isOriginalCosponsor>False</isOriginalCosponsor>
        <bioguideId>B001135</bioguideId>
      </item>
      <item>
        <sponsorshipDate>2013-06-26</sponsorshipDate>
        <lastName>Risch</lastName>
        <fullName>Sen. Risch, James E. [R-ID]</fullName>
        <middleName>E.</middleName>
        <firstName>James</firstName>
        <sponsorshipWithdrawnDate />
        <identifiers>
          <gpoId>8274</gpoId>
          <lisID>1896</lisID>
          <bioguideId>R000584</bioguideId>
        </identifiers>
        <isOriginalCosponsor>False</isOriginalCosponsor>
        <bioguideId>R000584</bioguideId>
      </item>
      <item>
        <sponsorshipDate>2013-06-26</sponsorshipDate>
        <lastName>Isakson</lastName>
        <fullName>Sen. Isakson, Johnny [R-GA]</fullName>
        <middleName />
        <firstName>Johnny</firstName>
        <sponsorshipWithdrawnDate />
        <identifiers>
          <gpoId>8323</gpoId>
          <bioguideId>I000055</bioguideId>
          <lisID>1608</lisID>
        </identifiers>
        <isOriginalCosponsor>False</isOriginalCosponsor>
        <bioguideId>I000055</bioguideId>
      </item>
      <item>
        <sponsorshipDate>2013-07-08</sponsorshipDate>
        <lastName>THUNE</lastName>
        <fullName>Sen. Thune, John [R-SD]</fullName>
        <middleName>R.</middleName>
        <firstName>JOHN</firstName>
        <sponsorshipWithdrawnDate />
        <identifiers>
          <gpoId>8257</gpoId>
          <bioguideId>T000250</bioguideId>
          <lisID>1534</lisID>
        </identifiers>
        <isOriginalCosponsor>False</isOriginalCosponsor>
        <bioguideId>T000250</bioguideId>
      </item>
      <item>
        <sponsorshipDate>2013-07-09</sponsorshipDate>
        <lastName>Donnelly</lastName>
        <fullName>Sen. Donnelly, Joe [D-IN]</fullName>
        <middleName />
        <firstName>Joe</firstName>
        <sponsorshipWithdrawnDate />
        <identifiers>
          <gpoId>7941</gpoId>
          <lisID>1850</lisID>
          <bioguideId>D000607</bioguideId>
        </identifiers>
        <isOriginalCosponsor>False</isOriginalCosponsor>
        <bioguideId>D000607</bioguideId>
      </item>
      <item>
        <sponsorshipDate>2013-07-09</sponsorshipDate>
        <lastName>Hagan</lastName>
        <fullName>Sen. Hagan, Kay [D-NC]</fullName>
        <middleName>R.</middleName>
        <firstName>Kay</firstName>
        <sponsorshipWithdrawnDate />
        <identifiers>
          <gpoId>8318</gpoId>
          <lisID>1902</lisID>
          <bioguideId>H001049</bioguideId>
        </identifiers>
        <isOriginalCosponsor>False</isOriginalCosponsor>
        <bioguideId>H001049</bioguideId>
      </item>
      <item>
        <sponsorshipDate>2013-07-18</sponsorshipDate>
        <lastName>Heitkamp</lastName>
        <fullName>Sen. Heitkamp, Heidi [D-ND]</fullName>
        <middleName />
        <firstName>Heidi</firstName>
        <sponsorshipWithdrawnDate />
        <identifiers>
          <bioguideId>H001069</bioguideId>
          <lisID>2174</lisID>
          <gpoId />
        </identifiers>
        <isOriginalCosponsor>False</isOriginalCosponsor>
        <bioguideId>H001069</bioguideId>
      </item>
      <item>
        <sponsorshipDate>2013-07-23</sponsorshipDate>
        <lastName>LANDRIEU</lastName>
        <fullName>Sen. Landrieu, Mary L. [D-LA]</fullName>
        <middleName />
        <firstName>MARY</firstName>
        <sponsorshipWithdrawnDate />
        <identifiers>
          <gpoId>8251</gpoId>
          <lisID>1546</lisID>
          <bioguideId>L000550</bioguideId>
        </identifiers>
        <isOriginalCosponsor>False</isOriginalCosponsor>
        <bioguideId>L000550</bioguideId>
      </item>
      <item>
        <sponsorshipDate>2013-07-24</sponsorshipDate>
        <lastName>BAUCUS</lastName>
        <fullName>Sen. Baucus, Max [D-MT]</fullName>
        <middleName>SIEBEN</middleName>
        <firstName>MAX</firstName>
        <sponsorshipWithdrawnDate />
        <identifiers>
          <bioguideId>B000243</bioguideId>
          <lisID>66</lisID>
          <gpoId>8298</gpoId>
        </identifiers>
        <isOriginalCosponsor>False</isOriginalCosponsor>
        <bioguideId>B000243</bioguideId>
      </item>
      <item>
        <sponsorshipDate>2013-07-25</sponsorshipDate>
        <lastName>GRAHAM</lastName>
        <fullName>Sen. Graham, Lindsey [R-SC]</fullName>
        <middleName>O.</middleName>
        <firstName>LINDSEY</firstName>
        <sponsorshipWithdrawnDate />
        <identifiers>
          <gpoId>8335</gpoId>
          <bioguideId>G000359</bioguideId>
          <lisID>452</lisID>
        </identifiers>
        <isOriginalCosponsor>False</isOriginalCosponsor>
        <bioguideId>G000359</bioguideId>
      </item>
      <item>
        <sponsorshipDate>2013-08-01</sponsorshipDate>
        <lastName>GRASSLEY</lastName>
        <fullName>Sen. Grassley, Chuck [R-IA]</fullName>
        <middleName>ERNEST</middleName>
        <firstName>CHARLES</firstName>
        <sponsorshipWithdrawnDate />
        <identifiers>
          <gpoId>8316</gpoId>
          <lisID>457</lisID>
          <bioguideId>G000386</bioguideId>
        </identifiers>
        <isOriginalCosponsor>False</isOriginalCosponsor>
        <bioguideId>G000386</bioguideId>
      </item>
      <item>
        <sponsorshipDate>2013-09-11</sponsorshipDate>
        <lastName>Lee</lastName>
        <fullName>Sen. Lee, Mike [R-UT]</fullName>
        <middleName />
        <firstName>Mike</firstName>
        <sponsorshipWithdrawnDate />
        <identifiers>
          <bioguideId>L000577</bioguideId>
          <lisID>2080</lisID>
          <gpoId>8303</gpoId>
        </identifiers>
        <isOriginalCosponsor>False</isOriginalCosponsor>
        <bioguideId>L000577</bioguideId>
      </item>
      <item>
        <sponsorshipDate>2013-10-01</sponsorshipDate>
        <lastName>MARKEY</lastName>
        <fullName>Sen. Markey, Edward J. [D-MA]</fullName>
        <middleName>J.</middleName>
        <firstName>EDWARD</firstName>
        <sponsorshipWithdrawnDate />
        <identifiers>
          <lisID>735</lisID>
          <bioguideId>M000133</bioguideId>
          <gpoId>7972</gpoId>
        </identifiers>
        <isOriginalCosponsor>False</isOriginalCosponsor>
        <bioguideId>M000133</bioguideId>
      </item>
      <item>
        <sponsorshipDate>2014-02-24</sponsorshipDate>
        <lastName>Murphy</lastName>
        <fullName>Sen. Murphy, Christopher S. [D-CT]</fullName>
        <middleName>S.</middleName>
        <firstName>Christopher</firstName>
        <sponsorshipWithdrawnDate />
        <identifiers>
          <gpoId>7870</gpoId>
          <bioguideId>M001169</bioguideId>
          <lisID>1837</lisID>
        </identifiers>
        <isOriginalCosponsor>False</isOriginalCosponsor>
        <bioguideId>M001169</bioguideId>
      </item>
      <item>
        <sponsorshipDate>2014-03-04</sponsorshipDate>
        <lastName>CANTWELL</lastName>
        <fullName>Sen. Cantwell, Maria [D-WA]</fullName>
        <middleName />
        <firstName>MARIA</firstName>
        <sponsorshipWithdrawnDate />
        <identifiers>
          <gpoId>8288</gpoId>
          <bioguideId>C000127</bioguideId>
          <lisID>172</lisID>
        </identifiers>
        <isOriginalCosponsor>False</isOriginalCosponsor>
        <bioguideId>C000127</bioguideId>
      </item>
      <item>
        <sponsorshipDate>2014-03-31</sponsorshipDate>
        <lastName>FLAKE</lastName>
        <fullName>Sen. Flake, Jeff [R-AZ]</fullName>
        <middleName />
        <firstName>JEFF</firstName>
        <sponsorshipWithdrawnDate />
        <identifiers>
          <lisID>1633</lisID>
          <gpoId>7803</gpoId>
          <bioguideId>F000444</bioguideId>
        </identifiers>
        <isOriginalCosponsor>False</isOriginalCosponsor>
        <bioguideId>F000444</bioguideId>
      </item>
      <item>
        <sponsorshipDate>2014-04-07</sponsorshipDate>
        <lastName>MURRAY</lastName>
        <fullName>Sen. Murray, Patty [D-WA]</fullName>
        <middleName />
        <firstName>PATTY</firstName>
        <sponsorshipWithdrawnDate />
        <identifiers>
          <gpoId>8237</gpoId>
          <lisID>1409</lisID>
          <bioguideId>M001111</bioguideId>
        </identifiers>
        <isOriginalCosponsor>False</isOriginalCosponsor>
        <bioguideId>M001111</bioguideId>
      </item>
      <item>
        <sponsorshipDate>2014-04-08</sponsorshipDate>
        <lastName>UDALL</lastName>
        <fullName>Sen. Udall, Mark [D-CO]</fullName>
        <middleName />
        <firstName>MARK</firstName>
        <sponsorshipWithdrawnDate />
        <identifiers>
          <bioguideId>U000038</bioguideId>
          <lisID>1595</lisID>
          <gpoId>8259</gpoId>
        </identifiers>
        <isOriginalCosponsor>False</isOriginalCosponsor>
        <bioguideId>U000038</bioguideId>
      </item>
      <item>
        <sponsorshipDate>2014-04-28</sponsorshipDate>
        <lastName>MCCAIN</lastName>
        <fullName>Sen. McCain, John [R-AZ]</fullName>
        <middleName>SIDNEY</middleName>
        <firstName>JOHN</firstName>
        <sponsorshipWithdrawnDate />
        <identifiers>
          <lisID>754</lisID>
          <bioguideId>M000303</bioguideId>
          <gpoId>8253</gpoId>
        </identifiers>
        <isOriginalCosponsor>False</isOriginalCosponsor>
        <bioguideId>M000303</bioguideId>
      </item>
      <item>
        <sponsorshipDate>2014-04-29</sponsorshipDate>
        <lastName>Vitter</lastName>
        <fullName>Sen. Vitter, David [R-LA]</fullName>
        <middleName />
        <firstName>David</firstName>
        <sponsorshipWithdrawnDate />
        <identifiers>
          <gpoId>8267</gpoId>
          <lisID>1609</lisID>
          <bioguideId>V000127</bioguideId>
        </identifiers>
        <isOriginalCosponsor>False</isOriginalCosponsor>
        <bioguideId>V000127</bioguideId>
      </item>
      <item>
        <sponsorshipDate>2014-05-06</sponsorshipDate>
        <lastName>MENENDEZ</lastName>
        <fullName>Sen. Menendez, Robert [D-NJ]</fullName>
        <middleName />
        <firstName>ROBERT</firstName>
        <sponsorshipWithdrawnDate />
        <identifiers>
          <lisID>791</lisID>
          <gpoId>8239</gpoId>
          <bioguideId>M000639</bioguideId>
        </identifiers>
        <isOriginalCosponsor>False</isOriginalCosponsor>
        <bioguideId>M000639</bioguideId>
      </item>
      <item>
        <sponsorshipDate>2014-05-08</sponsorshipDate>
        <lastName>UDALL</lastName>
        <fullName>Sen. Udall, Tom [D-NM]</fullName>
        <middleName />
        <firstName>TOM</firstName>
        <sponsorshipWithdrawnDate />
        <identifiers>
          <bioguideId>U000039</bioguideId>
          <lisID>1567</lisID>
          <gpoId>8260</gpoId>
        </identifiers>
        <isOriginalCosponsor>False</isOriginalCosponsor>
        <bioguideId>U000039</bioguideId>
      </item>
      <item>
        <sponsorshipDate>2014-05-22</sponsorshipDate>
        <lastName>Kaine</lastName>
        <fullName>Sen. Kaine, Tim [D-VA]</fullName>
        <middleName />
        <firstName>Timothy</firstName>
        <sponsorshipWithdrawnDate />
        <identifiers>
          <bioguideId>K000384</bioguideId>
          <lisID>2176</lisID>
          <gpoId />
        </identifiers>
        <isOriginalCosponsor>False</isOriginalCosponsor>
        <bioguideId>K000384</bioguideId>
      </item>
    </cosponsors>
    <billType>S</billType>
    <billNumber>462</billNumber>
    <summaries>
      <billSummaries>
        <item>
          <versionCode>00</versionCode>
          <text><![CDATA[<p>United States-Israel Strategic Partnership Act of 2013 - Declares that Israel is a Major Strategic Partner of the United States. </p> <p>Amends the Israel Enhanced Security Cooperation Act of 2012 to extend authority to: (1) make additions to foreign-based defense stockpiles, and (2) transfer certain obsolete or surplus Department of Defense (DOD) items to Israel. </p> <p>Directs the Secretary of Commerce to take steps to make Israel eligible for the strategic trade authorization exception to the requirement for a license for the export, reexport, or in-country transfer of an item subject to certain export controls. </p> <p>Authorizes the President to carry out U.S.-Israel cooperative activities and to provide assistance for cooperation in the fields of energy, water, homeland security, agriculture, and alternative fuel technologies. </p> <p>Directs the President to report to Congress on the feasibility and advisability of establishing a joint United States-Israel Cyber Security Center. </p> <p>Includes Israel in the visa waiver program when Israel satisfies such program's inclusion requirements and provides, subject to security concerns, reciprocal travel privileges for U.S. citizens.</p>]]></text>
          <updateDate>2013-03-05T05:00:00Z</updateDate>
          <lastSummaryUpdateDate>2013-03-20T19:51:52Z</lastSummaryUpdateDate>
          <actionDate>2013-03-05</actionDate>
          <actionDesc>Introduced in Senate</actionDesc>
          <name>Introduced in Senate</name>
        </item>
      </billSummaries>
    </summaries>
    <actions>
      <actionByCounts>
        <senate>2</senate>
      </actionByCounts>
      <actionTypeCounts>
        <referredToCommittee>1</referredToCommittee>
        <introducedInSenate>1</introducedInSenate>
      </actionTypeCounts>
      <item>
        <actionDate>2013-03-05</actionDate>
        <committee>
          <name>Foreign Relations Committee</name>
          <systemCode>ssfr00</systemCode>
        </committee>
        <links />
        <sourceSystem>
          <code>0</code>
          <name>Senate</name>
        </sourceSystem>
        <text>Read twice and referred to the Committee on Foreign Relations.</text>
        <type>IntroReferral</type>
      </item>
      <item>
        <sourceSystem>
          <code>9</code>
          <name>Library of Congress</name>
        </sourceSystem>
        <type>IntroReferral</type>
        <actionDate>2013-03-05</actionDate>
        <text>Introduced in Senate</text>
        <committee />
        <actionCode>10000</actionCode>
        <links />
      </item>
    </actions>
    <relatedBills />
    <policyArea>
      <name>International Affairs</name>
    </policyArea>
    <updateDate>2016-10-25T16:21:27Z</updateDate>
    <recordedVotes />
    <cboCostEstimates />
    <latestAction>
      <text>Read twice and referred to the Committee on Foreign Relations.</text>
      <actionDate>2013-03-05</actionDate>
      <links />
    </latestAction>
    <title>United States-Israel Strategic Partnership Act of 2013</title>
    <amendments />
    <laws />
    <committeeReports />
  </bill>
  <dublinCore xmlns:dc="http://purl.org/dc/elements/1.1/">
    <dc:format>text/xml</dc:format>
    <dc:language>EN</dc:language>
    <dc:rights>Pursuant to Title 17 Section 105 of the United States Code, this file is not subject to copyright protection and is in the public domain.</dc:rights>
    <dc:contributor>Congressional Research Service, Library of Congress</dc:contributor>
    <dc:description>This file contains bill summaries and statuses for federal legislation. A bill summary describes the most significant provisions of a piece of legislation and details the effects the legislative text may have on current law and federal programs. Bill summaries are authored by the Congressional Research Service (CRS) of the Library of Congress. As stated in Public Law 91-510 (2 USC 166 (d)(6)), one of the duties of CRS is "to prepare summaries and digests of bills and resolutions of a public general nature introduced in the Senate or House of Representatives". For more information, refer to the User Guide that accompanies this file.</dc:description>
  </dublinCore>
</billStatus>

