<?xml version="1.0" encoding="UTF-8"?>
<billStatus>
  <bill>
    <latestAction>
      <actionDate>2013-01-23</actionDate>
      <text>Read twice and referred to the Committee on Environment and Public Works.</text>
      <links />
    </latestAction>
    <committeeReports />
    <cboCostEstimates />
    <billType>S</billType>
    <relatedBills>
      <item>
        <latestTitle>A bill to prohibit any regulation regarding carbon dioxide or other greenhouse gas emissions reduction in the United States until China, India, and Russia implement similar reductions.</latestTitle>
        <type>S</type>
        <number>163</number>
        <latestAction>
          <text>Read twice and referred to the Committee on Environment and Public Works.</text>
          <actionDate>2013-01-28</actionDate>
        </latestAction>
        <relationshipDetails>
          <item>
            <type>Related bill</type>
            <identifiedBy>CRS</identifiedBy>
          </item>
        </relationshipDetails>
        <congress>113</congress>
      </item>
    </relatedBills>
    <createDate>2013-01-24T07:00:55Z</createDate>
    <title>A bill to prohibit the regulation of carbon dioxide emissions in the United States until China, India, and Russia implement similar reductions.</title>
    <cosponsors />
    <updateDate>2016-10-25T16:20:05Z</updateDate>
    <amendments />
    <originChamber>Senate</originChamber>
    <subjects>
      <billSubjects>
        <policyArea>
          <name>Environmental Protection</name>
        </policyArea>
        <legislativeSubjects>
          <item>
            <name>Administrative law and regulatory procedures</name>
          </item>
          <item>
            <name>Air quality</name>
          </item>
          <item>
            <name>Asia</name>
          </item>
          <item>
            <name>China</name>
          </item>
          <item>
            <name>Climate change and greenhouse gases</name>
          </item>
          <item>
            <name>Environmental Protection Agency (EPA)</name>
          </item>
          <item>
            <name>Environmental regulatory procedures</name>
          </item>
          <item>
            <name>India</name>
          </item>
          <item>
            <name>Russia</name>
          </item>
        </legislativeSubjects>
      </billSubjects>
    </subjects>
    <policyArea>
      <name>Environmental Protection</name>
    </policyArea>
    <congress>113</congress>
    <summaries>
      <billSummaries>
        <item>
          <updateDate>2013-01-23T05:00:00Z</updateDate>
          <actionDate>2013-01-23</actionDate>
          <lastSummaryUpdateDate>2013-02-04T20:18:15Z</lastSummaryUpdateDate>
          <text><![CDATA[<p>Prohibits the Administrator of the Environmental Protection Agency (EPA) or the head of any other federal agency from regulating carbon dioxide emissions until the Secretary of Commerce certifies that China, India, and Russia have initiated measures that require carbon dioxide emission reductions that are substantially similar to those proposed for the United States.</p>]]></text>
          <versionCode>00</versionCode>
          <actionDesc>Introduced in Senate</actionDesc>
          <name>Introduced in Senate</name>
        </item>
      </billSummaries>
    </summaries>
    <sponsors>
      <item>
        <fullName>Sen. Vitter, David [R-LA]</fullName>
        <byRequestType />
        <bioguideId>V000127</bioguideId>
        <firstName>David</firstName>
        <middleName />
        <identifiers>
          <gpoId>8267</gpoId>
          <lisID>1609</lisID>
          <bioguideId>V000127</bioguideId>
        </identifiers>
        <lastName>Vitter</lastName>
      </item>
    </sponsors>
    <calendarNumbers />
    <laws />
    <introducedDate>2013-01-23</introducedDate>
    <billNumber>107</billNumber>
    <actions>
      <actionTypeCounts>
        <referredToCommittee>1</referredToCommittee>
        <introducedInSenate>1</introducedInSenate>
      </actionTypeCounts>
      <item>
        <actionDate>2013-01-23</actionDate>
        <committee>
          <systemCode>ssev00</systemCode>
          <name>Environment and Public Works Committee</name>
        </committee>
        <links />
        <sourceSystem>
          <name>Senate</name>
          <code>0</code>
        </sourceSystem>
        <text>Read twice and referred to the Committee on Environment and Public Works.</text>
        <type>IntroReferral</type>
      </item>
      <item>
        <sourceSystem>
          <name>Library of Congress</name>
          <code>9</code>
        </sourceSystem>
        <actionDate>2013-01-23</actionDate>
        <links />
        <text>Introduced in Senate</text>
        <type>IntroReferral</type>
        <actionCode>10000</actionCode>
        <committee />
      </item>
      <actionByCounts>
        <senate>2</senate>
      </actionByCounts>
    </actions>
    <notes />
    <titles>
      <item>
        <chamberName />
        <titleType>Official Title as Introduced</titleType>
        <title>A bill to prohibit the regulation of carbon dioxide emissions in the United States until China, India, and Russia implement similar reductions.</title>
        <chamberCode />
        <parentTitleType />
      </item>
      <item>
        <chamberName />
        <titleType>Display Title</titleType>
        <title>A bill to prohibit the regulation of carbon dioxide emissions in the United States until China, India, and Russia implement similar reductions.</title>
        <chamberCode />
        <parentTitleType />
      </item>
    </titles>
    <recordedVotes />
    <committees>
      <billCommittees>
        <item>
          <activities>
            <item>
              <date>2013-01-23T19:50:13Z</date>
              <name>Referred to</name>
            </item>
          </activities>
          <systemCode>ssev00</systemCode>
          <subcommittees />
          <type>Standing</type>
          <name>Environment and Public Works Committee</name>
          <chamber>Senate</chamber>
        </item>
      </billCommittees>
    </committees>
  </bill>
  <dublinCore xmlns:dc="http://purl.org/dc/elements/1.1/">
    <dc:format>text/xml</dc:format>
    <dc:language>EN</dc:language>
    <dc:rights>Pursuant to Title 17 Section 105 of the United States Code, this file is not subject to copyright protection and is in the public domain.</dc:rights>
    <dc:contributor>Congressional Research Service, Library of Congress</dc:contributor>
    <dc:description>This file contains bill summaries and statuses for federal legislation. A bill summary describes the most significant provisions of a piece of legislation and details the effects the legislative text may have on current law and federal programs. Bill summaries are authored by the Congressional Research Service (CRS) of the Library of Congress. As stated in Public Law 91-510 (2 USC 166 (d)(6)), one of the duties of CRS is "to prepare summaries and digests of bills and resolutions of a public general nature introduced in the Senate or House of Representatives". For more information, refer to the User Guide that accompanies this file.</dc:description>
  </dublinCore>
</billStatus>

