<?xml version="1.0" encoding="UTF-8"?>
<billStatus>
  <bill>
    <updateDate>2016-10-25T16:25:41Z</updateDate>
    <latestAction>
      <text>Motion to proceed to consideration of measure made in Senate. (consideration: CR S5717-5718)</text>
      <links />
      <actionDate>2013-07-17</actionDate>
    </latestAction>
    <policyArea>
      <name>Education</name>
    </policyArea>
    <laws />
    <introducedDate>2013-06-27</introducedDate>
    <summaries>
      <billSummaries>
        <item>
          <text><![CDATA[<p>Keep Student Loans Affordable Act of 2013 - Amends title IV (Student Assistance) of the Higher Education Act of 1965 to extend the 3.4% interest rate on Direct Stafford loans first disbursed to undergraduate students between July 1, 2011, and July 1, 2013, to Direct Stafford loans first disbursed to undergraduate students between July 1, 2011, and July 1, 2014. </p> <p>Amends the Internal Revenue Code to modify rules for required distributions from tax-exempt pension plans to an employee who dies before such employee's entire interest is distributed to require such interest to be distributed within five years after the death of such employee, subject to exceptions for an eligible designated beneficiary and surviving spouse of such employee. Defines "eligible designated beneficiary" to include a disabled or chronically-ill individual. Exempts from such modification a binding annuity contract in effect on the enactment date of this Act.</p> <p>]]></text>
          <actionDesc>Introduced in Senate</actionDesc>
          <lastSummaryUpdateDate>2013-07-17T14:38:06Z</lastSummaryUpdateDate>
          <versionCode>00</versionCode>
          <actionDate>2013-06-27</actionDate>
          <name>Introduced in Senate</name>
          <updateDate>2013-06-27T04:00:00Z</updateDate>
        </item>
      </billSummaries>
    </summaries>
    <recordedVotes>
      <recordedVote>
        <rollNumber>171</rollNumber>
        <url>http://www.senate.gov/legislative/LIS/roll_call_lists/roll_call_vote_cfm.cfm?&amp;congress=113&amp;session=1&amp;vote=00171</url>
        <date>2013-07-10T16:17:18Z</date>
        <fullActionName>CLOTURE MOTION</fullActionName>
        <chamber>Senate</chamber>
        <sessionNumber>1</sessionNumber>
        <congress>113</congress>
      </recordedVote>
    </recordedVotes>
    <notes />
    <billNumber>1238</billNumber>
    <committeeReports />
    <calendarNumbers>
      <item>
        <calendar>Senate Calendar of Business</calendar>
        <number>0124</number>
      </item>
    </calendarNumbers>
    <congress>113</congress>
    <amendments />
    <cboCostEstimates />
    <originChamber>Senate</originChamber>
    <createDate>2013-06-28T07:01:14Z</createDate>
    <subjects>
      <billSubjects>
        <legislativeSubjects>
          <item>
            <name>Employee benefits and pensions</name>
          </item>
          <item>
            <name>Government lending and loan guarantees</name>
          </item>
          <item>
            <name>Higher education</name>
          </item>
          <item>
            <name>Interest, dividends, interest rates</name>
          </item>
          <item>
            <name>Student aid and college costs</name>
          </item>
        </legislativeSubjects>
        <policyArea>
          <name>Education</name>
        </policyArea>
      </billSubjects>
    </subjects>
    <sponsors>
      <item>
        <lastName>REED</lastName>
        <identifiers>
          <lisID>949</lisID>
          <bioguideId>R000122</bioguideId>
          <gpoId>8272</gpoId>
        </identifiers>
        <firstName>JOHN</firstName>
        <fullName>Sen. Reed, Jack [D-RI]</fullName>
        <bioguideId>R000122</bioguideId>
        <middleName>F.</middleName>
        <byRequestType />
      </item>
    </sponsors>
    <cosponsors>
      <item>
        <lastName>Hagan</lastName>
        <sponsorshipDate>2013-06-27</sponsorshipDate>
        <firstName>Kay</firstName>
        <identifiers>
          <gpoId>8318</gpoId>
          <bioguideId>H001049</bioguideId>
          <lisID>1902</lisID>
        </identifiers>
        <isOriginalCosponsor>True</isOriginalCosponsor>
        <bioguideId>H001049</bioguideId>
        <fullName>Sen. Hagan, Kay [D-NC]</fullName>
        <middleName>R.</middleName>
        <sponsorshipWithdrawnDate />
      </item>
      <item>
        <lastName>Franken</lastName>
        <sponsorshipDate>2013-06-27</sponsorshipDate>
        <firstName>Al</firstName>
        <identifiers>
          <gpoId>8339</gpoId>
          <bioguideId>F000457</bioguideId>
          <lisID>1969</lisID>
        </identifiers>
        <isOriginalCosponsor>True</isOriginalCosponsor>
        <bioguideId>F000457</bioguideId>
        <fullName>Sen. Franken, Al [D-MN]</fullName>
        <middleName />
        <sponsorshipWithdrawnDate />
      </item>
      <item>
        <lastName>HARKIN</lastName>
        <sponsorshipDate>2013-06-27</sponsorshipDate>
        <firstName>THOMAS</firstName>
        <identifiers>
          <lisID>501</lisID>
          <gpoId>8317</gpoId>
          <bioguideId>H000206</bioguideId>
        </identifiers>
        <isOriginalCosponsor>True</isOriginalCosponsor>
        <bioguideId>H000206</bioguideId>
        <fullName>Sen. Harkin, Tom [D-IA]</fullName>
        <middleName>RICHARD</middleName>
        <sponsorshipWithdrawnDate />
      </item>
      <item>
        <lastName>STABENOW</lastName>
        <sponsorshipDate>2013-06-27</sponsorshipDate>
        <firstName>DEBORAH</firstName>
        <identifiers>
          <gpoId>8261</gpoId>
          <bioguideId>S000770</bioguideId>
          <lisID>1531</lisID>
        </identifiers>
        <isOriginalCosponsor>True</isOriginalCosponsor>
        <bioguideId>S000770</bioguideId>
        <fullName>Sen. Stabenow, Debbie [D-MI]</fullName>
        <middleName>ANN</middleName>
        <sponsorshipWithdrawnDate />
      </item>
      <item>
        <lastName>Warren</lastName>
        <sponsorshipDate>2013-06-27</sponsorshipDate>
        <firstName>Elizabeth</firstName>
        <identifiers>
          <gpoId />
          <bioguideId>W000817</bioguideId>
          <lisID>2182</lisID>
        </identifiers>
        <isOriginalCosponsor>True</isOriginalCosponsor>
        <bioguideId>W000817</bioguideId>
        <fullName>Sen. Warren, Elizabeth [D-MA]</fullName>
        <middleName>A.</middleName>
        <sponsorshipWithdrawnDate />
      </item>
      <item>
        <lastName>MURRAY</lastName>
        <sponsorshipDate>2013-06-27</sponsorshipDate>
        <firstName>PATTY</firstName>
        <identifiers>
          <lisID>1409</lisID>
          <bioguideId>M001111</bioguideId>
          <gpoId>8237</gpoId>
        </identifiers>
        <isOriginalCosponsor>True</isOriginalCosponsor>
        <bioguideId>M001111</bioguideId>
        <fullName>Sen. Murray, Patty [D-WA]</fullName>
        <middleName />
        <sponsorshipWithdrawnDate />
      </item>
      <item>
        <lastName>REID</lastName>
        <sponsorshipDate>2013-06-27</sponsorshipDate>
        <firstName>HARRY</firstName>
        <identifiers>
          <lisID>952</lisID>
          <bioguideId>R000146</bioguideId>
          <gpoId>8271</gpoId>
        </identifiers>
        <isOriginalCosponsor>True</isOriginalCosponsor>
        <bioguideId>R000146</bioguideId>
        <fullName>Sen. Reid, Harry [D-NV]</fullName>
        <middleName>M.</middleName>
        <sponsorshipWithdrawnDate />
      </item>
      <item>
        <lastName>LANDRIEU</lastName>
        <sponsorshipDate>2013-06-27</sponsorshipDate>
        <firstName>MARY</firstName>
        <identifiers>
          <gpoId>8251</gpoId>
          <bioguideId>L000550</bioguideId>
          <lisID>1546</lisID>
        </identifiers>
        <isOriginalCosponsor>True</isOriginalCosponsor>
        <bioguideId>L000550</bioguideId>
        <fullName>Sen. Landrieu, Mary L. [D-LA]</fullName>
        <middleName />
        <sponsorshipWithdrawnDate />
      </item>
      <item>
        <lastName>Pryor</lastName>
        <sponsorshipDate>2013-06-27</sponsorshipDate>
        <firstName>Mark</firstName>
        <identifiers>
          <bioguideId>P000590</bioguideId>
          <lisID>1701</lisID>
          <gpoId>8241</gpoId>
        </identifiers>
        <isOriginalCosponsor>True</isOriginalCosponsor>
        <bioguideId>P000590</bioguideId>
        <fullName>Sen. Pryor, Mark L. [D-AR]</fullName>
        <middleName>Lunsford</middleName>
        <sponsorshipWithdrawnDate />
      </item>
      <item>
        <lastName>DURBIN</lastName>
        <sponsorshipDate>2013-06-27</sponsorshipDate>
        <firstName>RICHARD</firstName>
        <identifiers>
          <bioguideId>D000563</bioguideId>
          <lisID>326</lisID>
          <gpoId>8326</gpoId>
        </identifiers>
        <isOriginalCosponsor>True</isOriginalCosponsor>
        <bioguideId>D000563</bioguideId>
        <fullName>Sen. Durbin, Richard [D-IL]</fullName>
        <middleName>J.</middleName>
        <sponsorshipWithdrawnDate />
      </item>
      <item>
        <lastName>Whitehouse</lastName>
        <sponsorshipDate>2013-06-27</sponsorshipDate>
        <firstName>Sheldon</firstName>
        <identifiers>
          <gpoId>8264</gpoId>
          <lisID>1823</lisID>
          <bioguideId>W000802</bioguideId>
        </identifiers>
        <isOriginalCosponsor>True</isOriginalCosponsor>
        <bioguideId>W000802</bioguideId>
        <fullName>Sen. Whitehouse, Sheldon [D-RI]</fullName>
        <middleName />
        <sponsorshipWithdrawnDate />
      </item>
      <item>
        <lastName>UDALL</lastName>
        <sponsorshipDate>2013-06-27</sponsorshipDate>
        <firstName>TOM</firstName>
        <identifiers>
          <gpoId>8260</gpoId>
          <bioguideId>U000039</bioguideId>
          <lisID>1567</lisID>
        </identifiers>
        <isOriginalCosponsor>True</isOriginalCosponsor>
        <bioguideId>U000039</bioguideId>
        <fullName>Sen. Udall, Tom [D-NM]</fullName>
        <middleName />
        <sponsorshipWithdrawnDate />
      </item>
      <item>
        <lastName>Klobuchar</lastName>
        <sponsorshipDate>2013-06-27</sponsorshipDate>
        <firstName>Amy</firstName>
        <identifiers>
          <gpoId>8249</gpoId>
          <lisID>1826</lisID>
          <bioguideId>K000367</bioguideId>
        </identifiers>
        <isOriginalCosponsor>True</isOriginalCosponsor>
        <bioguideId>K000367</bioguideId>
        <fullName>Sen. Klobuchar, Amy [D-MN]</fullName>
        <middleName />
        <sponsorshipWithdrawnDate />
      </item>
      <item>
        <lastName>BROWN</lastName>
        <sponsorshipDate>2013-06-27</sponsorshipDate>
        <firstName>SHERROD</firstName>
        <identifiers>
          <lisID>136</lisID>
          <bioguideId>B000944</bioguideId>
          <gpoId>8309</gpoId>
        </identifiers>
        <isOriginalCosponsor>True</isOriginalCosponsor>
        <bioguideId>B000944</bioguideId>
        <fullName>Sen. Brown, Sherrod [D-OH]</fullName>
        <middleName />
        <sponsorshipWithdrawnDate />
      </item>
      <item>
        <lastName>MENENDEZ</lastName>
        <sponsorshipDate>2013-06-27</sponsorshipDate>
        <firstName>ROBERT</firstName>
        <identifiers>
          <gpoId>8239</gpoId>
          <lisID>791</lisID>
          <bioguideId>M000639</bioguideId>
        </identifiers>
        <isOriginalCosponsor>True</isOriginalCosponsor>
        <bioguideId>M000639</bioguideId>
        <fullName>Sen. Menendez, Robert [D-NJ]</fullName>
        <middleName />
        <sponsorshipWithdrawnDate />
      </item>
      <item>
        <lastName>LEAHY</lastName>
        <sponsorshipDate>2013-06-27</sponsorshipDate>
        <firstName>PATRICK</firstName>
        <identifiers>
          <bioguideId>L000174</bioguideId>
          <lisID>1383</lisID>
          <gpoId>8244</gpoId>
        </identifiers>
        <isOriginalCosponsor>True</isOriginalCosponsor>
        <bioguideId>L000174</bioguideId>
        <fullName>Sen. Leahy, Patrick J. [D-VT]</fullName>
        <middleName>JOSEPH</middleName>
        <sponsorshipWithdrawnDate />
      </item>
      <item>
        <lastName>SANDERS</lastName>
        <sponsorshipDate>2013-06-27</sponsorshipDate>
        <firstName>BERNARD</firstName>
        <identifiers>
          <bioguideId>S000033</bioguideId>
          <lisID>1010</lisID>
          <gpoId>8270</gpoId>
        </identifiers>
        <isOriginalCosponsor>True</isOriginalCosponsor>
        <bioguideId>S000033</bioguideId>
        <fullName>Sen. Sanders, Bernard [I-VT]</fullName>
        <middleName />
        <sponsorshipWithdrawnDate />
      </item>
      <item>
        <lastName>Shaheen</lastName>
        <sponsorshipDate>2013-06-27</sponsorshipDate>
        <firstName>Jeanne</firstName>
        <identifiers>
          <gpoId>8276</gpoId>
          <lisID>1901</lisID>
          <bioguideId>S001181</bioguideId>
        </identifiers>
        <isOriginalCosponsor>True</isOriginalCosponsor>
        <bioguideId>S001181</bioguideId>
        <fullName>Sen. Shaheen, Jeanne [D-NH]</fullName>
        <middleName />
        <sponsorshipWithdrawnDate />
      </item>
      <item>
        <lastName>Schatz</lastName>
        <sponsorshipDate>2013-06-27</sponsorshipDate>
        <firstName>Brian</firstName>
        <identifiers>
          <bioguideId>S001194</bioguideId>
          <lisID>2173</lisID>
          <gpoId />
        </identifiers>
        <isOriginalCosponsor>True</isOriginalCosponsor>
        <bioguideId>S001194</bioguideId>
        <fullName>Sen. Schatz, Brian [D-HI]</fullName>
        <middleName />
        <sponsorshipWithdrawnDate />
      </item>
      <item>
        <lastName>LEVIN</lastName>
        <sponsorshipDate>2013-06-27</sponsorshipDate>
        <firstName>CARL</firstName>
        <identifiers>
          <lisID>1384</lisID>
          <bioguideId>L000261</bioguideId>
          <gpoId>8243</gpoId>
        </identifiers>
        <isOriginalCosponsor>True</isOriginalCosponsor>
        <bioguideId>L000261</bioguideId>
        <fullName>Sen. Levin, Carl [D-MI]</fullName>
        <middleName>MILTON</middleName>
        <sponsorshipWithdrawnDate />
      </item>
      <item>
        <lastName>Hirono</lastName>
        <sponsorshipDate>2013-06-27</sponsorshipDate>
        <firstName>Mazie</firstName>
        <identifiers>
          <gpoId>7913</gpoId>
          <bioguideId>H001042</bioguideId>
          <lisID>1844</lisID>
        </identifiers>
        <isOriginalCosponsor>True</isOriginalCosponsor>
        <bioguideId>H001042</bioguideId>
        <fullName>Sen. Hirono, Mazie K. [D-HI]</fullName>
        <middleName>K.</middleName>
        <sponsorshipWithdrawnDate />
      </item>
      <item>
        <lastName>McCaskill</lastName>
        <sponsorshipDate>2013-06-27</sponsorshipDate>
        <firstName>Claire</firstName>
        <identifiers>
          <gpoId>8252</gpoId>
          <bioguideId>M001170</bioguideId>
          <lisID>1820</lisID>
        </identifiers>
        <isOriginalCosponsor>True</isOriginalCosponsor>
        <bioguideId>M001170</bioguideId>
        <fullName>Sen. McCaskill, Claire [D-MO]</fullName>
        <middleName />
        <sponsorshipWithdrawnDate />
      </item>
      <item>
        <lastName>Murphy</lastName>
        <sponsorshipDate>2013-06-27</sponsorshipDate>
        <firstName>Christopher</firstName>
        <identifiers>
          <gpoId>7870</gpoId>
          <lisID>1837</lisID>
          <bioguideId>M001169</bioguideId>
        </identifiers>
        <isOriginalCosponsor>True</isOriginalCosponsor>
        <bioguideId>M001169</bioguideId>
        <fullName>Sen. Murphy, Christopher S. [D-CT]</fullName>
        <middleName>S.</middleName>
        <sponsorshipWithdrawnDate />
      </item>
      <item>
        <lastName>Blumenthal</lastName>
        <sponsorshipDate>2013-06-27</sponsorshipDate>
        <firstName>Richard</firstName>
        <identifiers>
          <lisID>2076</lisID>
          <bioguideId>B001277</bioguideId>
          <gpoId>8332</gpoId>
        </identifiers>
        <isOriginalCosponsor>True</isOriginalCosponsor>
        <bioguideId>B001277</bioguideId>
        <fullName>Sen. Blumenthal, Richard [D-CT]</fullName>
        <middleName />
        <sponsorshipWithdrawnDate />
      </item>
      <item>
        <lastName>BALDWIN</lastName>
        <sponsorshipDate>2013-06-27</sponsorshipDate>
        <firstName>TAMMY</firstName>
        <identifiers>
          <bioguideId>B001230</bioguideId>
          <lisID>1558</lisID>
          <gpoId>8215</gpoId>
        </identifiers>
        <isOriginalCosponsor>True</isOriginalCosponsor>
        <bioguideId>B001230</bioguideId>
        <fullName>Sen. Baldwin, Tammy [D-WI]</fullName>
        <middleName />
        <sponsorshipWithdrawnDate />
      </item>
      <item>
        <lastName>Begich</lastName>
        <sponsorshipDate>2013-06-27</sponsorshipDate>
        <firstName>Mark</firstName>
        <identifiers>
          <gpoId>8301</gpoId>
          <lisID>1898</lisID>
          <bioguideId>B001265</bioguideId>
        </identifiers>
        <isOriginalCosponsor>True</isOriginalCosponsor>
        <bioguideId>B001265</bioguideId>
        <fullName>Sen. Begich, Mark [D-AK]</fullName>
        <middleName />
        <sponsorshipWithdrawnDate />
      </item>
      <item>
        <lastName>Heinrich</lastName>
        <sponsorshipDate>2013-06-27</sponsorshipDate>
        <firstName>Martin</firstName>
        <identifiers>
          <gpoId>8056</gpoId>
          <bioguideId>H001046</bioguideId>
          <lisID>1937</lisID>
        </identifiers>
        <isOriginalCosponsor>True</isOriginalCosponsor>
        <bioguideId>H001046</bioguideId>
        <fullName>Sen. Heinrich, Martin [D-NM]</fullName>
        <middleName />
        <sponsorshipWithdrawnDate />
      </item>
      <item>
        <lastName>Gillibrand</lastName>
        <sponsorshipDate>2013-06-27</sponsorshipDate>
        <firstName>Kirsten</firstName>
        <identifiers>
          <gpoId>8336</gpoId>
          <lisID>1866</lisID>
          <bioguideId>G000555</bioguideId>
        </identifiers>
        <isOriginalCosponsor>True</isOriginalCosponsor>
        <bioguideId>G000555</bioguideId>
        <fullName>Sen. Gillibrand, Kirsten E. [D-NY]</fullName>
        <middleName>E.</middleName>
        <sponsorshipWithdrawnDate />
      </item>
      <item>
        <lastName>CARDIN</lastName>
        <sponsorshipDate>2013-06-27</sponsorshipDate>
        <firstName>BENJAMIN</firstName>
        <identifiers>
          <gpoId>8287</gpoId>
          <bioguideId>C000141</bioguideId>
          <lisID>174</lisID>
        </identifiers>
        <isOriginalCosponsor>True</isOriginalCosponsor>
        <bioguideId>C000141</bioguideId>
        <fullName>Sen. Cardin, Benjamin L. [D-MD]</fullName>
        <middleName>L.</middleName>
        <sponsorshipWithdrawnDate />
      </item>
      <item>
        <lastName>Merkley</lastName>
        <sponsorshipDate>2013-06-27</sponsorshipDate>
        <firstName>Jeff</firstName>
        <identifiers>
          <bioguideId>M001176</bioguideId>
          <lisID>1900</lisID>
          <gpoId>8238</gpoId>
        </identifiers>
        <isOriginalCosponsor>True</isOriginalCosponsor>
        <bioguideId>M001176</bioguideId>
        <fullName>Sen. Merkley, Jeff [D-OR]</fullName>
        <middleName />
        <sponsorshipWithdrawnDate />
      </item>
      <item>
        <lastName>ROCKEFELLER</lastName>
        <sponsorshipDate>2013-06-27</sponsorshipDate>
        <firstName>JAY</firstName>
        <identifiers>
          <bioguideId>R000361</bioguideId>
          <lisID>1424</lisID>
          <gpoId>8273</gpoId>
        </identifiers>
        <isOriginalCosponsor>True</isOriginalCosponsor>
        <bioguideId>R000361</bioguideId>
        <fullName>Sen. Rockefeller, John D., IV [D-WV]</fullName>
        <middleName />
        <sponsorshipWithdrawnDate />
      </item>
      <item>
        <lastName>WYDEN</lastName>
        <sponsorshipDate>2013-06-27</sponsorshipDate>
        <firstName>RON</firstName>
        <identifiers>
          <bioguideId>W000779</bioguideId>
          <lisID>1247</lisID>
          <gpoId>8265</gpoId>
        </identifiers>
        <isOriginalCosponsor>True</isOriginalCosponsor>
        <bioguideId>W000779</bioguideId>
        <fullName>Sen. Wyden, Ron [D-OR]</fullName>
        <middleName />
        <sponsorshipWithdrawnDate />
      </item>
      <item>
        <lastName>BOXER</lastName>
        <sponsorshipDate>2013-06-27</sponsorshipDate>
        <firstName>BARBARA</firstName>
        <identifiers>
          <lisID>116</lisID>
          <bioguideId>B000711</bioguideId>
          <gpoId>8306</gpoId>
        </identifiers>
        <isOriginalCosponsor>True</isOriginalCosponsor>
        <bioguideId>B000711</bioguideId>
        <fullName>Sen. Boxer, Barbara [D-CA]</fullName>
        <middleName />
        <sponsorshipWithdrawnDate />
      </item>
      <item>
        <lastName>MIKULSKI</lastName>
        <sponsorshipDate>2013-06-27</sponsorshipDate>
        <firstName>BARBARA</firstName>
        <identifiers>
          <bioguideId>M000702</bioguideId>
          <lisID>802</lisID>
          <gpoId>8240</gpoId>
        </identifiers>
        <isOriginalCosponsor>True</isOriginalCosponsor>
        <bioguideId>M000702</bioguideId>
        <fullName>Sen. Mikulski, Barbara A. [D-MD]</fullName>
        <middleName>ANN</middleName>
        <sponsorshipWithdrawnDate />
      </item>
      <item>
        <lastName>NELSON</lastName>
        <sponsorshipDate>2013-06-27</sponsorshipDate>
        <firstName>CLARENCE</firstName>
        <identifiers>
          <gpoId>8236</gpoId>
          <lisID>859</lisID>
          <bioguideId>N000032</bioguideId>
        </identifiers>
        <isOriginalCosponsor>True</isOriginalCosponsor>
        <bioguideId>N000032</bioguideId>
        <fullName>Sen. Nelson, Bill [D-FL]</fullName>
        <middleName>WILLIAM</middleName>
        <sponsorshipWithdrawnDate />
      </item>
      <item>
        <lastName>JOHNSON</lastName>
        <sponsorshipDate>2013-06-27</sponsorshipDate>
        <firstName>TIM</firstName>
        <identifiers>
          <lisID>604</lisID>
          <bioguideId>J000177</bioguideId>
          <gpoId>8319</gpoId>
        </identifiers>
        <isOriginalCosponsor>True</isOriginalCosponsor>
        <bioguideId>J000177</bioguideId>
        <fullName>Sen. Johnson, Tim [D-SD]</fullName>
        <middleName />
        <sponsorshipWithdrawnDate />
      </item>
      <item>
        <lastName>Casey</lastName>
        <sponsorshipDate>2013-06-27</sponsorshipDate>
        <firstName>Bob</firstName>
        <identifiers>
          <lisID>1828</lisID>
          <bioguideId>C001070</bioguideId>
          <gpoId>8282</gpoId>
        </identifiers>
        <isOriginalCosponsor>True</isOriginalCosponsor>
        <bioguideId>C001070</bioguideId>
        <fullName>Sen. Casey, Robert P., Jr. [D-PA]</fullName>
        <middleName />
        <sponsorshipWithdrawnDate />
      </item>
      <item>
        <lastName>Coons</lastName>
        <sponsorshipDate>2013-06-27</sponsorshipDate>
        <firstName>Christopher</firstName>
        <identifiers>
          <gpoId>8297</gpoId>
          <bioguideId>C001088</bioguideId>
          <lisID>1984</lisID>
        </identifiers>
        <isOriginalCosponsor>True</isOriginalCosponsor>
        <bioguideId>C001088</bioguideId>
        <fullName>Sen. Coons, Christopher A. [D-DE]</fullName>
        <middleName>A.</middleName>
        <sponsorshipWithdrawnDate />
      </item>
      <item>
        <lastName>FEINSTEIN</lastName>
        <sponsorshipDate>2013-07-08</sponsorshipDate>
        <firstName>DIANNE</firstName>
        <identifiers>
          <gpoId>8338</gpoId>
          <bioguideId>F000062</bioguideId>
          <lisID>1332</lisID>
        </identifiers>
        <isOriginalCosponsor>False</isOriginalCosponsor>
        <bioguideId>F000062</bioguideId>
        <fullName>Sen. Feinstein, Dianne [D-CA]</fullName>
        <middleName />
        <sponsorshipWithdrawnDate />
      </item>
      <item>
        <lastName>SCHUMER</lastName>
        <sponsorshipDate>2013-07-08</sponsorshipDate>
        <firstName>CHARLES</firstName>
        <identifiers>
          <gpoId>8279</gpoId>
          <lisID>1036</lisID>
          <bioguideId>S000148</bioguideId>
        </identifiers>
        <isOriginalCosponsor>False</isOriginalCosponsor>
        <bioguideId>S000148</bioguideId>
        <fullName>Sen. Schumer, Charles E. [D-NY]</fullName>
        <middleName>E.</middleName>
        <sponsorshipWithdrawnDate />
      </item>
      <item>
        <lastName>CANTWELL</lastName>
        <sponsorshipDate>2013-07-09</sponsorshipDate>
        <firstName>MARIA</firstName>
        <identifiers>
          <lisID>172</lisID>
          <bioguideId>C000127</bioguideId>
          <gpoId>8288</gpoId>
        </identifiers>
        <isOriginalCosponsor>False</isOriginalCosponsor>
        <bioguideId>C000127</bioguideId>
        <fullName>Sen. Cantwell, Maria [D-WA]</fullName>
        <middleName />
        <sponsorshipWithdrawnDate />
      </item>
      <item>
        <lastName>Cowan</lastName>
        <sponsorshipDate>2013-07-09</sponsorshipDate>
        <firstName>William "Mo"</firstName>
        <identifiers>
          <bioguideId>C001099</bioguideId>
          <lisID>2189</lisID>
          <gpoId />
        </identifiers>
        <isOriginalCosponsor>False</isOriginalCosponsor>
        <bioguideId>C001099</bioguideId>
        <fullName>Sen. Cowan, William M. [D-MA]</fullName>
        <middleName />
        <sponsorshipWithdrawnDate />
      </item>
      <item>
        <lastName>Bennet</lastName>
        <sponsorshipDate>2013-07-09</sponsorshipDate>
        <firstName>Michael</firstName>
        <identifiers>
          <bioguideId>B001267</bioguideId>
          <lisID>1965</lisID>
          <gpoId>8302</gpoId>
        </identifiers>
        <isOriginalCosponsor>False</isOriginalCosponsor>
        <bioguideId>B001267</bioguideId>
        <fullName>Sen. Bennet, Michael F. [D-CO]</fullName>
        <middleName>F.</middleName>
        <sponsorshipWithdrawnDate />
      </item>
      <item>
        <lastName>UDALL</lastName>
        <sponsorshipDate>2013-07-11</sponsorshipDate>
        <firstName>MARK</firstName>
        <identifiers>
          <gpoId>8259</gpoId>
          <lisID>1595</lisID>
          <bioguideId>U000038</bioguideId>
        </identifiers>
        <isOriginalCosponsor>False</isOriginalCosponsor>
        <bioguideId>U000038</bioguideId>
        <fullName>Sen. Udall, Mark [D-CO]</fullName>
        <middleName />
        <sponsorshipWithdrawnDate />
      </item>
    </cosponsors>
    <title>Keep Student Loans Affordable Act of 2013</title>
    <actions>
      <item>
        <actionDate>2013-07-17</actionDate>
        <committee />
        <links>
          <link>
            <name>S5717-5718</name>
            <url>/congressional-record/2013/senate-section/page/S5717-5718</url>
          </link>
        </links>
        <sourceSystem>
          <code>0</code>
          <name>Senate</name>
        </sourceSystem>
        <text>Motion to proceed to consideration of measure made in Senate. (consideration: CR S5717-5718)</text>
        <type>Floor</type>
      </item>
      <item>
        <actionDate>2013-07-16</actionDate>
        <committee />
        <links>
          <link>
            <name>S5691</name>
            <url>/congressional-record/2013/senate-section/page/S5691</url>
          </link>
        </links>
        <sourceSystem>
          <code>0</code>
          <name>Senate</name>
        </sourceSystem>
        <text>Motion to proceed to measure considered in Senate. (consideration: CR S5691)</text>
        <type>Floor</type>
      </item>
      <item>
        <actionDate>2013-07-15</actionDate>
        <committee />
        <links>
          <link>
            <name>S5675</name>
            <url>/congressional-record/2013/senate-section/page/S5675</url>
          </link>
        </links>
        <sourceSystem>
          <code>0</code>
          <name>Senate</name>
        </sourceSystem>
        <text>Motion to proceed to consideration of measure made in Senate. (consideration: CR S5675)</text>
        <type>Floor</type>
      </item>
      <item>
        <actionDate>2013-07-11</actionDate>
        <committee />
        <links>
          <link>
            <name>S5625-5628</name>
            <url>/congressional-record/2013/senate-section/page/S5625-5628</url>
          </link>
        </links>
        <sourceSystem>
          <code>0</code>
          <name>Senate</name>
        </sourceSystem>
        <text>Motion to proceed to consideration of measure made in Senate. (consideration: CR S5625-5628)</text>
        <type>Floor</type>
      </item>
      <item>
        <actionDate>2013-07-10</actionDate>
        <committee />
        <links>
          <link>
            <name>S5595</name>
            <url>/congressional-record/2013/senate-section/page/S5595</url>
          </link>
          <link>
            <name>Record Vote No. 171</name>
            <url>http://www.senate.gov/legislative/LIS/roll_call_lists/roll_call_vote_cfm.cfm?congress=113&amp;session=1&amp;vote=00171</url>
          </link>
        </links>
        <sourceSystem>
          <code>0</code>
          <name>Senate</name>
        </sourceSystem>
        <text>Motion by Senator Reid to reconsider the vote by which cloture was not invoked on the motion to proceed to the measure (Record Vote No. 171) made in Senate. (consideration: CR S5595)</text>
        <type>Floor</type>
      </item>
      <item>
        <actionDate>2013-07-10</actionDate>
        <committee />
        <links>
          <link>
            <name>S5595</name>
            <url>/congressional-record/2013/senate-section/page/S5595</url>
          </link>
          <link>
            <name>Record Vote Number: 171</name>
            <url>http://www.senate.gov/legislative/LIS/roll_call_lists/roll_call_vote_cfm.cfm?congress=113&amp;session=1&amp;vote=00171</url>
          </link>
        </links>
        <sourceSystem>
          <code>0</code>
          <name>Senate</name>
        </sourceSystem>
        <text>Cloture on the motion to proceed to measure not invoked in Senate by Yea-Nay Vote. 51 - 49. Record Vote Number: 171. (consideration: CR S5595; text: CR S5595)</text>
        <type>Floor</type>
      </item>
      <item>
        <actionDate>2013-07-10</actionDate>
        <committee />
        <links>
          <link>
            <name>S5603-5615</name>
            <url>/congressional-record/2013/senate-section/page/S5603-5615</url>
          </link>
          <link>
            <name>S5584-5602</name>
            <url>/congressional-record/2013/senate-section/page/S5584-5602</url>
          </link>
        </links>
        <sourceSystem>
          <code>0</code>
          <name>Senate</name>
        </sourceSystem>
        <text>Motion to proceed to consideration of measure made in Senate. (consideration: CR S5584-5602, S5603-5615)</text>
        <type>Floor</type>
      </item>
      <item>
        <actionDate>2013-07-09</actionDate>
        <committee />
        <links>
          <link>
            <name>S5543-5564</name>
            <url>/congressional-record/2013/senate-section/page/S5543-5564</url>
          </link>
          <link>
            <name>S5531-5537</name>
            <url>/congressional-record/2013/senate-section/page/S5531-5537</url>
          </link>
        </links>
        <sourceSystem>
          <code>0</code>
          <name>Senate</name>
        </sourceSystem>
        <text>Motion to proceed to consideration of measure made in Senate. (consideration: CR S5531-5537, S5543-5564)</text>
        <type>Floor</type>
      </item>
      <item>
        <actionDate>2013-07-08</actionDate>
        <committee />
        <links>
          <link>
            <name>S5522</name>
            <url>/congressional-record/2013/senate-section/page/S5522</url>
          </link>
          <link>
            <name>S5522-5524</name>
            <url>/congressional-record/2013/senate-section/page/S5522-5524</url>
          </link>
        </links>
        <sourceSystem>
          <code>0</code>
          <name>Senate</name>
        </sourceSystem>
        <text>Cloture motion on the motion to proceed to measure presented in Senate. (consideration: CR S5522-5524; text: CR S5522)</text>
        <type>Floor</type>
      </item>
      <item>
        <actionDate>2013-07-08</actionDate>
        <committee />
        <links>
          <link>
            <name>S5513-5514</name>
            <url>/congressional-record/2013/senate-section/page/S5513-5514</url>
          </link>
        </links>
        <sourceSystem>
          <code>0</code>
          <name>Senate</name>
        </sourceSystem>
        <text>Motion to proceed to consideration of measure made in Senate. (consideration: CR S5513-5514)</text>
        <type>Floor</type>
      </item>
      <item>
        <actionDate>2013-06-27</actionDate>
        <committee />
        <links />
        <sourceSystem>
          <code>0</code>
          <name>Senate</name>
        </sourceSystem>
        <text>Introduced in the Senate. Read twice. Ordered Placed on Senate Legislative Calendar under General Orders. Calendar No. 124.</text>
        <type>Calendars</type>
      </item>
      <item>
        <sourceSystem>
          <code>9</code>
          <name>Library of Congress</name>
        </sourceSystem>
        <actionDate>2013-06-27</actionDate>
        <committee />
        <actionCode>B00100</actionCode>
        <type>IntroReferral</type>
        <links>
          <link>
            <name>S5317</name>
            <url>/congressional-record/2013/senate-section/page/S5317</url>
          </link>
          <link>
            <name>S5476</name>
            <url>/congressional-record/2013/senate-section/page/S5476</url>
          </link>
        </links>
        <text>Sponsor introductory remarks on measure. (CR S5317, S5476)</text>
      </item>
      <item>
        <sourceSystem>
          <code>9</code>
          <name>Library of Congress</name>
        </sourceSystem>
        <actionDate>2013-06-27</actionDate>
        <committee />
        <actionCode>10000</actionCode>
        <type>IntroReferral</type>
        <links />
        <text>Introduced in Senate</text>
      </item>
      <actionByCounts>
        <senate>12</senate>
      </actionByCounts>
      <actionTypeCounts>
        <introducedInSenate>1</introducedInSenate>
        <placeholderTextForB>1</placeholderTextForB>
        <clotureMotionPresented>1</clotureMotionPresented>
        <motionToConsider>6</motionToConsider>
        <motionToReconsider>1</motionToReconsider>
        <placedOnCalendarSection>1</placedOnCalendarSection>
        <clotureMotion>1</clotureMotion>
        <motionToProceedConsidered>1</motionToProceedConsidered>
      </actionTypeCounts>
    </actions>
    <titles>
      <item>
        <title>Keep Student Loans Affordable Act of 2013</title>
        <parentTitleType />
        <chamberName />
        <chamberCode />
        <titleType>Short Titles as Introduced</titleType>
      </item>
      <item>
        <title>A bill to amend the Higher Education Act of 1965 to extend the current reduced interest rate for undergraduate Federal Direct Stafford Loans for 1 year, to modify required distribution rules for pension plans, and for other purposes.</title>
        <parentTitleType />
        <chamberName />
        <chamberCode />
        <titleType>Official Title as Introduced</titleType>
      </item>
      <item>
        <title>Keep Student Loans Affordable Act of 2013</title>
        <parentTitleType />
        <chamberName />
        <chamberCode />
        <titleType>Display Title</titleType>
      </item>
    </titles>
    <billType>S</billType>
    <relatedBills>
      <item>
        <latestAction>
          <text>Referred to the Subcommittee on Health, Employment, Labor, and Pensions.</text>
          <actionDate>2013-09-13</actionDate>
        </latestAction>
        <relationshipDetails>
          <item>
            <identifiedBy>CRS</identifiedBy>
            <type>Identical bill</type>
          </item>
        </relationshipDetails>
        <type>HR</type>
        <number>2574</number>
        <congress>113</congress>
        <latestTitle>Keep Student Loans Affordable Act of 2013</latestTitle>
      </item>
      <item>
        <latestAction>
          <text>Sponsor introductory remarks on measure. (CR E1800-1801)</text>
          <actionDate>2014-12-12</actionDate>
        </latestAction>
        <relationshipDetails>
          <item>
            <identifiedBy>CRS</identifiedBy>
            <type>Related bill</type>
          </item>
        </relationshipDetails>
        <type>HR</type>
        <number>1</number>
        <congress>113</congress>
        <latestTitle>Tax Reform Act of 2014</latestTitle>
      </item>
    </relatedBills>
    <committees>
      <billCommittees />
    </committees>
  </bill>
  <dublinCore xmlns:dc="http://purl.org/dc/elements/1.1/">
    <dc:format>text/xml</dc:format>
    <dc:language>EN</dc:language>
    <dc:rights>Pursuant to Title 17 Section 105 of the United States Code, this file is not subject to copyright protection and is in the public domain.</dc:rights>
    <dc:contributor>Congressional Research Service, Library of Congress</dc:contributor>
    <dc:description>This file contains bill summaries and statuses for federal legislation. A bill summary describes the most significant provisions of a piece of legislation and details the effects the legislative text may have on current law and federal programs. Bill summaries are authored by the Congressional Research Service (CRS) of the Library of Congress. As stated in Public Law 91-510 (2 USC 166 (d)(6)), one of the duties of CRS is "to prepare summaries and digests of bills and resolutions of a public general nature introduced in the Senate or House of Representatives". For more information, refer to the User Guide that accompanies this file.</dc:description>
  </dublinCore>
</billStatus>

