<?xml version="1.0" encoding="UTF-8"?>
<billStatus>
  <bill>
    <summaries>
      <billSummaries>
        <item>
          <actionDesc>Introduced in Senate</actionDesc>
          <actionDate>2013-04-09</actionDate>
          <updateDate>2013-04-09T04:00:00Z</updateDate>
          <versionCode>00</versionCode>
          <lastSummaryUpdateDate>2013-04-30T16:24:39Z</lastSummaryUpdateDate>
          <name>Introduced in Senate</name>
          <text><![CDATA[<p>Medicare Safe Needle Disposal Coverage Act of 2013 - Amends part D (Voluntary Prescription Drug Benefit Program) of title XVIII (Medicare) of the Social Security Act to cover as a part D drug any devices approved for home use by the Food and Drug Administration (FDA) for the safe and effective containment, removal, decontamination, and disposal of home-generated needles, syringes, and other sharps through a sharps container, decontamination/destructive device, or sharps-by-mail program or similar program.</p>]]></text>
        </item>
      </billSummaries>
    </summaries>
    <sponsors>
      <item>
        <bioguideId>I000055</bioguideId>
        <fullName>Sen. Isakson, Johnny [R-GA]</fullName>
        <byRequestType />
        <lastName>Isakson</lastName>
        <firstName>Johnny</firstName>
        <middleName />
        <identifiers>
          <bioguideId>I000055</bioguideId>
          <lisID>1608</lisID>
          <gpoId>8323</gpoId>
        </identifiers>
      </item>
    </sponsors>
    <latestAction>
      <links />
      <actionDate>2013-04-09</actionDate>
      <text>Read twice and referred to the Committee on Finance.</text>
    </latestAction>
    <congress>113</congress>
    <billNumber>672</billNumber>
    <cboCostEstimates />
    <calendarNumbers />
    <billType>S</billType>
    <committees>
      <billCommittees>
        <item>
          <chamber>Senate</chamber>
          <activities>
            <item>
              <name>Referred to</name>
              <date>2013-04-09T18:34:39Z</date>
            </item>
          </activities>
          <name>Finance Committee</name>
          <subcommittees />
          <type>Standing</type>
          <systemCode>ssfi00</systemCode>
        </item>
      </billCommittees>
    </committees>
    <recordedVotes />
    <titles>
      <item>
        <chamberCode />
        <parentTitleType />
        <titleType>Short Titles as Introduced</titleType>
        <title>Medicare Safe Needle Disposal Coverage Act of 2013</title>
        <chamberName />
      </item>
      <item>
        <chamberCode />
        <parentTitleType />
        <titleType>Official Title as Introduced</titleType>
        <title>A bill  to amend title XVIII of the Social Security Act to provide for coverage, as supplies associated with the injection of insulin, of containment, removal, decontamination and disposal of home-generated needles, syringes, and other sharps through a sharps container, decontamination/destruction device, or sharps-by-mail program or similar program under part D of the Medicare program.</title>
        <chamberName />
      </item>
      <item>
        <chamberCode />
        <parentTitleType />
        <titleType>Display Title</titleType>
        <title>Medicare Safe Needle Disposal Coverage Act of 2013</title>
        <chamberName />
      </item>
    </titles>
    <laws />
    <originChamber>Senate</originChamber>
    <createDate>2013-04-11T09:40:13Z</createDate>
    <notes />
    <updateDate>2016-10-25T16:22:23Z</updateDate>
    <policyArea>
      <name>Health</name>
    </policyArea>
    <title>Medicare Safe Needle Disposal Coverage Act of 2013</title>
    <committeeReports />
    <subjects>
      <billSubjects>
        <policyArea>
          <name>Health</name>
        </policyArea>
        <legislativeSubjects>
          <item>
            <name>Health technology, devices, supplies</name>
          </item>
          <item>
            <name>Home and outpatient care</name>
          </item>
          <item>
            <name>Medicare</name>
          </item>
          <item>
            <name>Prescription drugs</name>
          </item>
          <item>
            <name>Solid waste and recycling</name>
          </item>
        </legislativeSubjects>
      </billSubjects>
    </subjects>
    <relatedBills>
      <item>
        <latestTitle>Medicare Safe Needle Disposal Coverage Act of 2013</latestTitle>
        <type>HR</type>
        <number>2977</number>
        <latestAction>
          <text>Referred to the Subcommittee on Health.</text>
          <actionDate>2013-08-02</actionDate>
        </latestAction>
        <relationshipDetails>
          <item>
            <type>Identical bill</type>
            <identifiedBy>CRS</identifiedBy>
          </item>
        </relationshipDetails>
        <congress>113</congress>
      </item>
    </relatedBills>
    <introducedDate>2013-04-09</introducedDate>
    <amendments />
    <actions>
      <item>
        <actionDate>2013-04-09</actionDate>
        <committee>
          <systemCode>ssfi00</systemCode>
          <name>Finance Committee</name>
        </committee>
        <links />
        <sourceSystem>
          <code>0</code>
          <name>Senate</name>
        </sourceSystem>
        <text>Read twice and referred to the Committee on Finance.</text>
        <type>IntroReferral</type>
      </item>
      <item>
        <type>IntroReferral</type>
        <sourceSystem>
          <code>9</code>
          <name>Library of Congress</name>
        </sourceSystem>
        <text>Introduced in Senate</text>
        <committee />
        <actionDate>2013-04-09</actionDate>
        <links />
        <actionCode>10000</actionCode>
      </item>
      <actionTypeCounts>
        <referredToCommittee>1</referredToCommittee>
        <introducedInSenate>1</introducedInSenate>
      </actionTypeCounts>
      <actionByCounts>
        <senate>2</senate>
      </actionByCounts>
    </actions>
    <cosponsors>
      <item>
        <sponsorshipDate>2013-04-09</sponsorshipDate>
        <lastName>Coons</lastName>
        <middleName>A.</middleName>
        <firstName>Christopher</firstName>
        <fullName>Sen. Coons, Christopher A. [D-DE]</fullName>
        <bioguideId>C001088</bioguideId>
        <identifiers>
          <lisID>1984</lisID>
          <gpoId>8297</gpoId>
          <bioguideId>C001088</bioguideId>
        </identifiers>
        <sponsorshipWithdrawnDate />
        <isOriginalCosponsor>True</isOriginalCosponsor>
      </item>
    </cosponsors>
  </bill>
  <dublinCore xmlns:dc="http://purl.org/dc/elements/1.1/">
    <dc:format>text/xml</dc:format>
    <dc:language>EN</dc:language>
    <dc:rights>Pursuant to Title 17 Section 105 of the United States Code, this file is not subject to copyright protection and is in the public domain.</dc:rights>
    <dc:contributor>Congressional Research Service, Library of Congress</dc:contributor>
    <dc:description>This file contains bill summaries and statuses for federal legislation. A bill summary describes the most significant provisions of a piece of legislation and details the effects the legislative text may have on current law and federal programs. Bill summaries are authored by the Congressional Research Service (CRS) of the Library of Congress. As stated in Public Law 91-510 (2 USC 166 (d)(6)), one of the duties of CRS is "to prepare summaries and digests of bills and resolutions of a public general nature introduced in the Senate or House of Representatives". For more information, refer to the User Guide that accompanies this file.</dc:description>
  </dublinCore>
</billStatus>

