<?xml version="1.0" encoding="UTF-8"?>
<billStatus>
  <bill>
    <updateDate>2016-10-25T16:25:33Z</updateDate>
    <sponsors>
      <item>
        <lastName>UDALL</lastName>
        <firstName>TOM</firstName>
        <identifiers>
          <gpoId>8260</gpoId>
          <lisID>1567</lisID>
          <bioguideId>U000039</bioguideId>
        </identifiers>
        <bioguideId>U000039</bioguideId>
        <middleName />
        <fullName>Sen. Udall, Tom [D-NM]</fullName>
        <byRequestType />
      </item>
    </sponsors>
    <createDate>2013-06-21T07:01:14Z</createDate>
    <subjects>
      <billSubjects>
        <policyArea>
          <name>Armed Forces and National Security</name>
        </policyArea>
        <legislativeSubjects>
          <item>
            <name>Central Intelligence Agency (CIA)</name>
          </item>
          <item>
            <name>Conflicts and wars</name>
          </item>
          <item>
            <name>Congressional oversight</name>
          </item>
          <item>
            <name>Defense spending</name>
          </item>
          <item>
            <name>Department of Defense</name>
          </item>
          <item>
            <name>Executive agency funding and structure</name>
          </item>
          <item>
            <name>Foreign aid and international relief</name>
          </item>
          <item>
            <name>Intelligence activities, surveillance, classified information</name>
          </item>
          <item>
            <name>Middle East</name>
          </item>
          <item>
            <name>Military assistance, sales, and agreements</name>
          </item>
          <item>
            <name>Military operations and strategy</name>
          </item>
          <item>
            <name>Syria</name>
          </item>
        </legislativeSubjects>
      </billSubjects>
    </subjects>
    <introducedDate>2013-06-20</introducedDate>
    <committeeReports />
    <committees>
      <billCommittees>
        <item>
          <activities>
            <item>
              <date>2013-06-20T19:07:41Z</date>
              <name>Referred to</name>
            </item>
          </activities>
          <chamber>Senate</chamber>
          <type>Select</type>
          <subcommittees />
          <name>Intelligence Committee</name>
          <systemCode>slin00</systemCode>
        </item>
      </billCommittees>
    </committees>
    <cboCostEstimates />
    <amendments />
    <title>Protecting Americans from the Proliferation of Weapons to Terrorists Act of 2013</title>
    <notes />
    <billNumber>1201</billNumber>
    <originChamber>Senate</originChamber>
    <cosponsors>
      <item>
        <lastName>Lee</lastName>
        <fullName>Sen. Lee, Mike [R-UT]</fullName>
        <bioguideId>L000577</bioguideId>
        <sponsorshipWithdrawnDate />
        <identifiers>
          <gpoId>8303</gpoId>
          <bioguideId>L000577</bioguideId>
          <lisID>2080</lisID>
        </identifiers>
        <isOriginalCosponsor>True</isOriginalCosponsor>
        <firstName>Mike</firstName>
        <sponsorshipDate>2013-06-20</sponsorshipDate>
        <middleName />
      </item>
      <item>
        <lastName>Murphy</lastName>
        <fullName>Sen. Murphy, Christopher S. [D-CT]</fullName>
        <bioguideId>M001169</bioguideId>
        <sponsorshipWithdrawnDate />
        <identifiers>
          <lisID>1837</lisID>
          <bioguideId>M001169</bioguideId>
          <gpoId>7870</gpoId>
        </identifiers>
        <isOriginalCosponsor>True</isOriginalCosponsor>
        <firstName>Christopher</firstName>
        <sponsorshipDate>2013-06-20</sponsorshipDate>
        <middleName>S.</middleName>
      </item>
      <item>
        <lastName>Paul</lastName>
        <fullName>Sen. Paul, Rand [R-KY]</fullName>
        <bioguideId>P000603</bioguideId>
        <sponsorshipWithdrawnDate />
        <identifiers>
          <lisID>2082</lisID>
          <gpoId>8308</gpoId>
          <bioguideId>P000603</bioguideId>
        </identifiers>
        <isOriginalCosponsor>True</isOriginalCosponsor>
        <firstName>Rand</firstName>
        <sponsorshipDate>2013-06-20</sponsorshipDate>
        <middleName />
      </item>
    </cosponsors>
    <calendarNumbers />
    <congress>113</congress>
    <summaries>
      <billSummaries>
        <item>
          <updateDate>2013-06-20T04:00:00Z</updateDate>
          <text><![CDATA[<p>Protecting Americans from the Proliferation of Weapons to Terrorists Act of 2013 - Prohibits the obligation or expenditure of funds made available to the Central Intelligence Agency (CIA), the Department of Defense (DOD), or any other U.S. agency or entity involved in intelligence activities for the purpose of, or in a manner which would have the effect of, supporting military or paramilitary operations in Syria.</p> <p>Makes an exception for funds obligated for non-lethal humanitarian assistance for the Syrian people provided directly by the U.S. government through nongovernmental organizations and contractors or foreign governments.</p> <p>Nullifies such prohibition only if a joint resolution approving assistance for military or paramilitary operations in Syria is enacted.</p> <p>Directs the Secretary of State to report every 90 days on assistance provided to groups, organizations, movements, and individuals in Syria.</p>]]></text>
          <actionDate>2013-06-20</actionDate>
          <actionDesc>Introduced in Senate</actionDesc>
          <name>Introduced in Senate</name>
          <lastSummaryUpdateDate>2013-10-22T18:19:28Z</lastSummaryUpdateDate>
          <versionCode>00</versionCode>
        </item>
      </billSummaries>
    </summaries>
    <policyArea>
      <name>Armed Forces and National Security</name>
    </policyArea>
    <titles>
      <item>
        <title>Protecting Americans from the Proliferation of Weapons to Terrorists Act of 2013</title>
        <parentTitleType />
        <chamberName />
        <chamberCode />
        <titleType>Short Titles as Introduced</titleType>
      </item>
      <item>
        <title>A bill to restrict funds related to escalating United States military involvement in Syria.</title>
        <parentTitleType />
        <chamberName />
        <chamberCode />
        <titleType>Official Title as Introduced</titleType>
      </item>
      <item>
        <title>Protecting Americans from the Proliferation of Weapons to Terrorists Act of 2013</title>
        <parentTitleType />
        <chamberName />
        <chamberCode />
        <titleType>Display Title</titleType>
      </item>
    </titles>
    <latestAction>
      <text>Read twice and referred to the Select Committee on Intelligence.</text>
      <actionDate>2013-06-20</actionDate>
      <links />
    </latestAction>
    <actions>
      <item>
        <actionDate>2013-06-20</actionDate>
        <committee>
          <systemCode>slin00</systemCode>
          <name>Intelligence Committee</name>
        </committee>
        <links />
        <sourceSystem>
          <code>0</code>
          <name>Senate</name>
        </sourceSystem>
        <text>Read twice and referred to the Select Committee on Intelligence.</text>
        <type>IntroReferral</type>
      </item>
      <item>
        <type>IntroReferral</type>
        <sourceSystem>
          <code>9</code>
          <name>Library of Congress</name>
        </sourceSystem>
        <text>Introduced in Senate</text>
        <committee />
        <actionDate>2013-06-20</actionDate>
        <links />
        <actionCode>10000</actionCode>
      </item>
      <actionTypeCounts>
        <referredToCommittee>1</referredToCommittee>
        <introducedInSenate>1</introducedInSenate>
      </actionTypeCounts>
      <actionByCounts>
        <senate>2</senate>
      </actionByCounts>
    </actions>
    <laws />
    <recordedVotes />
    <billType>S</billType>
    <relatedBills>
      <item>
        <number>2507</number>
        <type>HR</type>
        <congress>113</congress>
        <relationshipDetails>
          <item>
            <type>Related bill</type>
            <identifiedBy>CRS</identifiedBy>
          </item>
        </relationshipDetails>
        <latestAction>
          <actionDate>2013-06-26</actionDate>
          <text>Referred to House Intelligence (Permanent)</text>
        </latestAction>
        <latestTitle>War Powers Protection Act of 2013</latestTitle>
      </item>
      <item>
        <number>2492</number>
        <type>HR</type>
        <congress>113</congress>
        <relationshipDetails>
          <item>
            <type>Identical bill</type>
            <identifiedBy>CRS</identifiedBy>
          </item>
        </relationshipDetails>
        <latestAction>
          <actionDate>2013-06-25</actionDate>
          <text>Referred to House Intelligence (Permanent)</text>
        </latestAction>
        <latestTitle>Protecting Americans from the Proliferation of Weapons to Terrorists Act of 2013</latestTitle>
      </item>
      <item>
        <number>2494</number>
        <type>HR</type>
        <congress>113</congress>
        <relationshipDetails>
          <item>
            <type>Identical bill</type>
            <identifiedBy>CRS</identifiedBy>
          </item>
        </relationshipDetails>
        <latestAction>
          <actionDate>2013-06-25</actionDate>
          <text>Referred to House Intelligence (Permanent)</text>
        </latestAction>
        <latestTitle>Protecting Americans from the Proliferation of Weapons to Terrorists Act of 2013</latestTitle>
      </item>
    </relatedBills>
  </bill>
  <dublinCore xmlns:dc="http://purl.org/dc/elements/1.1/">
    <dc:format>text/xml</dc:format>
    <dc:language>EN</dc:language>
    <dc:rights>Pursuant to Title 17 Section 105 of the United States Code, this file is not subject to copyright protection and is in the public domain.</dc:rights>
    <dc:contributor>Congressional Research Service, Library of Congress</dc:contributor>
    <dc:description>This file contains bill summaries and statuses for federal legislation. A bill summary describes the most significant provisions of a piece of legislation and details the effects the legislative text may have on current law and federal programs. Bill summaries are authored by the Congressional Research Service (CRS) of the Library of Congress. As stated in Public Law 91-510 (2 USC 166 (d)(6)), one of the duties of CRS is "to prepare summaries and digests of bills and resolutions of a public general nature introduced in the Senate or House of Representatives". For more information, refer to the User Guide that accompanies this file.</dc:description>
  </dublinCore>
</billStatus>

