<?xml version="1.0" encoding="UTF-8"?>
<billStatus>
  <bill>
    <cosponsors>
      <item>
        <middleName>F.</middleName>
        <firstName>JOHN</firstName>
        <fullName>Sen. Reed, Jack [D-RI]</fullName>
        <sponsorshipWithdrawnDate />
        <sponsorshipDate>2013-01-22</sponsorshipDate>
        <bioguideId>R000122</bioguideId>
        <lastName>REED</lastName>
        <isOriginalCosponsor>True</isOriginalCosponsor>
        <identifiers>
          <gpoId>8272</gpoId>
          <bioguideId>R000122</bioguideId>
          <lisID>949</lisID>
        </identifiers>
      </item>
      <item>
        <middleName>E.</middleName>
        <firstName>CHARLES</firstName>
        <fullName>Sen. Schumer, Charles E. [D-NY]</fullName>
        <sponsorshipWithdrawnDate />
        <sponsorshipDate>2013-01-22</sponsorshipDate>
        <bioguideId>S000148</bioguideId>
        <lastName>SCHUMER</lastName>
        <isOriginalCosponsor>True</isOriginalCosponsor>
        <identifiers>
          <lisID>1036</lisID>
          <gpoId>8279</gpoId>
          <bioguideId>S000148</bioguideId>
        </identifiers>
      </item>
      <item>
        <middleName>R.</middleName>
        <firstName>THOMAS</firstName>
        <fullName>Sen. Carper, Thomas R. [D-DE]</fullName>
        <sponsorshipWithdrawnDate />
        <sponsorshipDate>2013-01-22</sponsorshipDate>
        <bioguideId>C000174</bioguideId>
        <lastName>CARPER</lastName>
        <isOriginalCosponsor>True</isOriginalCosponsor>
        <identifiers>
          <bioguideId>C000174</bioguideId>
          <lisID>179</lisID>
          <gpoId>8283</gpoId>
        </identifiers>
      </item>
      <item>
        <middleName />
        <firstName>DIANNE</firstName>
        <fullName>Sen. Feinstein, Dianne [D-CA]</fullName>
        <sponsorshipWithdrawnDate />
        <sponsorshipDate>2013-01-22</sponsorshipDate>
        <bioguideId>F000062</bioguideId>
        <lastName>FEINSTEIN</lastName>
        <isOriginalCosponsor>True</isOriginalCosponsor>
        <identifiers>
          <gpoId>8338</gpoId>
          <bioguideId>F000062</bioguideId>
          <lisID>1332</lisID>
        </identifiers>
      </item>
      <item>
        <middleName />
        <firstName>BARBARA</firstName>
        <fullName>Sen. Boxer, Barbara [D-CA]</fullName>
        <sponsorshipWithdrawnDate />
        <sponsorshipDate>2013-01-22</sponsorshipDate>
        <bioguideId>B000711</bioguideId>
        <lastName>BOXER</lastName>
        <isOriginalCosponsor>True</isOriginalCosponsor>
        <identifiers>
          <gpoId>8306</gpoId>
          <lisID>116</lisID>
          <bioguideId>B000711</bioguideId>
        </identifiers>
      </item>
      <item>
        <middleName />
        <firstName>ROBERT</firstName>
        <fullName>Sen. Menendez, Robert [D-NJ]</fullName>
        <sponsorshipWithdrawnDate />
        <sponsorshipDate>2013-01-22</sponsorshipDate>
        <bioguideId>M000639</bioguideId>
        <lastName>MENENDEZ</lastName>
        <isOriginalCosponsor>True</isOriginalCosponsor>
        <identifiers>
          <gpoId>8239</gpoId>
          <lisID>791</lisID>
          <bioguideId>M000639</bioguideId>
        </identifiers>
      </item>
      <item>
        <middleName>A.</middleName>
        <firstName>Christopher</firstName>
        <fullName>Sen. Coons, Christopher A. [D-DE]</fullName>
        <sponsorshipWithdrawnDate />
        <sponsorshipDate>2013-01-22</sponsorshipDate>
        <bioguideId>C001088</bioguideId>
        <lastName>Coons</lastName>
        <isOriginalCosponsor>True</isOriginalCosponsor>
        <identifiers>
          <lisID>1984</lisID>
          <gpoId>8297</gpoId>
          <bioguideId>C001088</bioguideId>
        </identifiers>
      </item>
      <item>
        <middleName />
        <firstName>Sheldon</firstName>
        <fullName>Sen. Whitehouse, Sheldon [D-RI]</fullName>
        <sponsorshipWithdrawnDate />
        <sponsorshipDate>2013-01-22</sponsorshipDate>
        <bioguideId>W000802</bioguideId>
        <lastName>Whitehouse</lastName>
        <isOriginalCosponsor>True</isOriginalCosponsor>
        <identifiers>
          <bioguideId>W000802</bioguideId>
          <lisID>1823</lisID>
          <gpoId>8264</gpoId>
        </identifiers>
      </item>
      <item>
        <middleName>MILTON</middleName>
        <firstName>CARL</firstName>
        <fullName>Sen. Levin, Carl [D-MI]</fullName>
        <sponsorshipWithdrawnDate />
        <sponsorshipDate>2013-01-22</sponsorshipDate>
        <bioguideId>L000261</bioguideId>
        <lastName>LEVIN</lastName>
        <isOriginalCosponsor>True</isOriginalCosponsor>
        <identifiers>
          <bioguideId>L000261</bioguideId>
          <lisID>1384</lisID>
          <gpoId>8243</gpoId>
        </identifiers>
      </item>
      <item>
        <middleName>L.</middleName>
        <firstName>BENJAMIN</firstName>
        <fullName>Sen. Cardin, Benjamin L. [D-MD]</fullName>
        <sponsorshipWithdrawnDate />
        <sponsorshipDate>2013-01-22</sponsorshipDate>
        <bioguideId>C000141</bioguideId>
        <lastName>CARDIN</lastName>
        <isOriginalCosponsor>True</isOriginalCosponsor>
        <identifiers>
          <lisID>174</lisID>
          <gpoId>8287</gpoId>
          <bioguideId>C000141</bioguideId>
        </identifiers>
      </item>
      <item>
        <middleName />
        <firstName>Richard</firstName>
        <fullName>Sen. Blumenthal, Richard [D-CT]</fullName>
        <sponsorshipWithdrawnDate />
        <sponsorshipDate>2013-01-22</sponsorshipDate>
        <bioguideId>B001277</bioguideId>
        <lastName>Blumenthal</lastName>
        <isOriginalCosponsor>True</isOriginalCosponsor>
        <identifiers>
          <gpoId>8332</gpoId>
          <lisID>2076</lisID>
          <bioguideId>B001277</bioguideId>
        </identifiers>
      </item>
      <item>
        <middleName>E.</middleName>
        <firstName>Kirsten</firstName>
        <fullName>Sen. Gillibrand, Kirsten E. [D-NY]</fullName>
        <sponsorshipWithdrawnDate />
        <sponsorshipDate>2013-01-22</sponsorshipDate>
        <bioguideId>G000555</bioguideId>
        <lastName>Gillibrand</lastName>
        <isOriginalCosponsor>True</isOriginalCosponsor>
        <identifiers>
          <lisID>1866</lisID>
          <bioguideId>G000555</bioguideId>
          <gpoId>8336</gpoId>
        </identifiers>
      </item>
      <item>
        <middleName />
        <firstName>RON</firstName>
        <fullName>Sen. Wyden, Ron [D-OR]</fullName>
        <sponsorshipWithdrawnDate />
        <sponsorshipDate>2013-01-22</sponsorshipDate>
        <bioguideId>W000779</bioguideId>
        <lastName>WYDEN</lastName>
        <isOriginalCosponsor>True</isOriginalCosponsor>
        <identifiers>
          <gpoId>8265</gpoId>
          <bioguideId>W000779</bioguideId>
          <lisID>1247</lisID>
        </identifiers>
      </item>
      <item>
        <middleName />
        <firstName>Amy</firstName>
        <fullName>Sen. Klobuchar, Amy [D-MN]</fullName>
        <sponsorshipWithdrawnDate />
        <sponsorshipDate>2013-01-24</sponsorshipDate>
        <bioguideId>K000367</bioguideId>
        <lastName>Klobuchar</lastName>
        <isOriginalCosponsor>False</isOriginalCosponsor>
        <identifiers>
          <lisID>1826</lisID>
          <bioguideId>K000367</bioguideId>
          <gpoId>8249</gpoId>
        </identifiers>
      </item>
      <item>
        <middleName />
        <firstName>Al</firstName>
        <fullName>Sen. Franken, Al [D-MN]</fullName>
        <sponsorshipWithdrawnDate />
        <sponsorshipDate>2013-01-24</sponsorshipDate>
        <bioguideId>F000457</bioguideId>
        <lastName>Franken</lastName>
        <isOriginalCosponsor>False</isOriginalCosponsor>
        <identifiers>
          <bioguideId>F000457</bioguideId>
          <lisID>1969</lisID>
          <gpoId>8339</gpoId>
        </identifiers>
      </item>
      <item>
        <middleName />
        <firstName>William "Mo"</firstName>
        <fullName>Sen. Cowan, William M. [D-MA]</fullName>
        <sponsorshipWithdrawnDate />
        <sponsorshipDate>2013-02-12</sponsorshipDate>
        <bioguideId>C001099</bioguideId>
        <lastName>Cowan</lastName>
        <isOriginalCosponsor>False</isOriginalCosponsor>
        <identifiers>
          <gpoId />
          <bioguideId>C001099</bioguideId>
          <lisID>2189</lisID>
        </identifiers>
      </item>
      <item>
        <middleName />
        <firstName>PATTY</firstName>
        <fullName>Sen. Murray, Patty [D-WA]</fullName>
        <sponsorshipWithdrawnDate />
        <sponsorshipDate>2013-04-16</sponsorshipDate>
        <bioguideId>M001111</bioguideId>
        <lastName>MURRAY</lastName>
        <isOriginalCosponsor>False</isOriginalCosponsor>
        <identifiers>
          <lisID>1409</lisID>
          <bioguideId>M001111</bioguideId>
          <gpoId>8237</gpoId>
        </identifiers>
      </item>
      <item>
        <middleName>ANN</middleName>
        <firstName>BARBARA</firstName>
        <fullName>Sen. Mikulski, Barbara A. [D-MD]</fullName>
        <sponsorshipWithdrawnDate />
        <sponsorshipDate>2013-05-15</sponsorshipDate>
        <bioguideId>M000702</bioguideId>
        <lastName>MIKULSKI</lastName>
        <isOriginalCosponsor>False</isOriginalCosponsor>
        <identifiers>
          <lisID>802</lisID>
          <bioguideId>M000702</bioguideId>
          <gpoId>8240</gpoId>
        </identifiers>
      </item>
    </cosponsors>
    <latestAction>
      <actionDate>2013-01-22</actionDate>
      <links />
      <text>Read twice and referred to the Committee on the Judiciary.</text>
    </latestAction>
    <amendments />
    <notes />
    <laws />
    <createDate>2013-01-23T10:00:53Z</createDate>
    <summaries>
      <billSummaries>
        <item>
          <updateDate>2013-01-22T05:00:00Z</updateDate>
          <text><![CDATA[Gun Show Background Check Act of 2013 - Amends the Brady Handgun Violence Prevention Act to require registration of gun show promoters and to set forth the responsibilities of promoters, licensees, and other transferors. <p>Provides that if any part of a firearm transaction takes place at a gun show, each licensed importer, manufacturer, and dealer who transfers one or more firearms to a person who is not licensed shall, within 10 days after the transfer, submit a report of the transfer to the Attorney General. Sets forth penalties for violations. <p>Grants the Attorney General authority to enter the place of business of any gun show promoter and any place where a gun show is held, during business hours and without a showing of reasonable cause or a warrant, for purposes of examining records and the inventory of licensees conducting business to determine compliance with this Act. <p>Increases penalties for: (1) serious record-keeping violations by licensees, and (2) violations of criminal background check requirements. <p>]]></text>
          <actionDate>2013-01-22</actionDate>
          <actionDesc>Introduced in Senate</actionDesc>
          <name>Introduced in Senate</name>
          <lastSummaryUpdateDate>2013-01-28T18:52:22Z</lastSummaryUpdateDate>
          <versionCode>00</versionCode>
        </item>
      </billSummaries>
    </summaries>
    <titles>
      <item>
        <titleType>Short Titles as Introduced</titleType>
        <title>Gun Show Background Check Act of 2013</title>
        <chamberCode />
        <chamberName />
        <parentTitleType />
      </item>
      <item>
        <titleType>Official Title as Introduced</titleType>
        <title>A bill to establish background check procedures for gun shows.</title>
        <chamberCode />
        <chamberName />
        <parentTitleType />
      </item>
      <item>
        <titleType>Display Title</titleType>
        <title>Gun Show Background Check Act of 2013</title>
        <chamberCode />
        <chamberName />
        <parentTitleType />
      </item>
    </titles>
    <calendarNumbers />
    <updateDate>2016-10-25T16:19:45Z</updateDate>
    <introducedDate>2013-01-22</introducedDate>
    <recordedVotes />
    <policyArea>
      <name>Crime and Law Enforcement</name>
    </policyArea>
    <subjects>
      <billSubjects>
        <policyArea>
          <name>Crime and Law Enforcement</name>
        </policyArea>
        <legislativeSubjects>
          <item>
            <name>Business records</name>
          </item>
          <item>
            <name>Criminal investigation, prosecution, interrogation</name>
          </item>
          <item>
            <name>Criminal justice information and records</name>
          </item>
          <item>
            <name>Criminal procedure and sentencing</name>
          </item>
          <item>
            <name>Firearms and explosives</name>
          </item>
          <item>
            <name>Licensing and registrations</name>
          </item>
        </legislativeSubjects>
      </billSubjects>
    </subjects>
    <actions>
      <item>
        <actionDate>2013-01-22</actionDate>
        <committee>
          <name>Judiciary Committee</name>
          <systemCode>ssju00</systemCode>
        </committee>
        <links />
        <sourceSystem>
          <name>Senate</name>
          <code>0</code>
        </sourceSystem>
        <text>Read twice and referred to the Committee on the Judiciary.</text>
        <type>IntroReferral</type>
      </item>
      <item>
        <actionDate>2013-01-22</actionDate>
        <committee />
        <actionCode>10000</actionCode>
        <links />
        <type>IntroReferral</type>
        <sourceSystem>
          <name>Library of Congress</name>
          <code>9</code>
        </sourceSystem>
        <text>Introduced in Senate</text>
      </item>
      <actionByCounts>
        <senate>2</senate>
      </actionByCounts>
      <actionTypeCounts>
        <introducedInSenate>1</introducedInSenate>
        <referredToCommittee>1</referredToCommittee>
      </actionTypeCounts>
    </actions>
    <originChamber>Senate</originChamber>
    <committees>
      <billCommittees>
        <item>
          <chamber>Senate</chamber>
          <activities>
            <item>
              <name>Referred to</name>
              <date>2013-01-22T17:00:36Z</date>
            </item>
          </activities>
          <name>Judiciary Committee</name>
          <subcommittees />
          <type>Standing</type>
          <systemCode>ssju00</systemCode>
        </item>
      </billCommittees>
    </committees>
    <cboCostEstimates />
    <billNumber>22</billNumber>
    <title>Gun Show Background Check Act of 2013</title>
    <billType>S</billType>
    <committeeReports />
    <congress>113</congress>
    <sponsors>
      <item>
        <lastName>LAUTENBERG</lastName>
        <fullName>Sen. Lautenberg, Frank R. [D-NJ]</fullName>
        <byRequestType />
        <identifiers>
          <lisID>1381</lisID>
          <bioguideId>L000123</bioguideId>
          <gpoId>8245</gpoId>
        </identifiers>
        <bioguideId>L000123</bioguideId>
        <firstName>FRANK</firstName>
        <middleName>R.</middleName>
      </item>
    </sponsors>
    <relatedBills />
  </bill>
  <dublinCore xmlns:dc="http://purl.org/dc/elements/1.1/">
    <dc:format>text/xml</dc:format>
    <dc:language>EN</dc:language>
    <dc:rights>Pursuant to Title 17 Section 105 of the United States Code, this file is not subject to copyright protection and is in the public domain.</dc:rights>
    <dc:contributor>Congressional Research Service, Library of Congress</dc:contributor>
    <dc:description>This file contains bill summaries and statuses for federal legislation. A bill summary describes the most significant provisions of a piece of legislation and details the effects the legislative text may have on current law and federal programs. Bill summaries are authored by the Congressional Research Service (CRS) of the Library of Congress. As stated in Public Law 91-510 (2 USC 166 (d)(6)), one of the duties of CRS is "to prepare summaries and digests of bills and resolutions of a public general nature introduced in the Senate or House of Representatives". For more information, refer to the User Guide that accompanies this file.</dc:description>
  </dublinCore>
</billStatus>

