<?xml version="1.0" encoding="UTF-8"?>
<billStatus>
  <bill>
    <actions>
      <actionTypeCounts>
        <referredToCommittee>1</referredToCommittee>
        <placeholderTextForB>1</placeholderTextForB>
        <introducedInSenate>1</introducedInSenate>
      </actionTypeCounts>
      <item>
        <actionDate>2013-04-25</actionDate>
        <committee>
          <systemCode>sshr00</systemCode>
          <name>Health, Education, Labor, and Pensions Committee</name>
        </committee>
        <links>
          <link>
            <name>S3040-3041</name>
            <url>/congressional-record/2013/senate-section/page/S3040-3041</url>
          </link>
        </links>
        <sourceSystem>
          <name>Senate</name>
          <code>0</code>
        </sourceSystem>
        <text>Read twice and referred to the Committee on Health, Education, Labor, and Pensions. (text of measure as introduced: CR S3040-3041)</text>
        <type>IntroReferral</type>
      </item>
      <item>
        <sourceSystem>
          <name>Library of Congress</name>
          <code>9</code>
        </sourceSystem>
        <actionDate>2013-04-25</actionDate>
        <links>
          <link>
            <name>S3039-3040</name>
            <url>/congressional-record/2013/senate-section/page/S3039-3040</url>
          </link>
        </links>
        <text>Sponsor introductory remarks on measure. (CR S3039-3040)</text>
        <type>IntroReferral</type>
        <actionCode>B00100</actionCode>
        <committee />
      </item>
      <item>
        <sourceSystem>
          <name>Library of Congress</name>
          <code>9</code>
        </sourceSystem>
        <actionDate>2013-04-25</actionDate>
        <links />
        <text>Introduced in Senate</text>
        <type>IntroReferral</type>
        <actionCode>10000</actionCode>
        <committee />
      </item>
      <actionByCounts>
        <senate>2</senate>
      </actionByCounts>
    </actions>
    <title>Family and Medical Leave Inclusion Act</title>
    <cosponsors />
    <sponsors>
      <item>
        <middleName>J.</middleName>
        <firstName>RICHARD</firstName>
        <byRequestType />
        <bioguideId>D000563</bioguideId>
        <fullName>Sen. Durbin, Richard [D-IL]</fullName>
        <lastName>DURBIN</lastName>
        <identifiers>
          <lisID>326</lisID>
          <bioguideId>D000563</bioguideId>
          <gpoId>8326</gpoId>
        </identifiers>
      </item>
    </sponsors>
    <subjects>
      <billSubjects>
        <policyArea>
          <name>Labor and Employment</name>
        </policyArea>
        <legislativeSubjects>
          <item>
            <name>Employee leave</name>
          </item>
          <item>
            <name>Government employee pay, benefits, personnel management</name>
          </item>
          <item>
            <name>Home and outpatient care</name>
          </item>
          <item>
            <name>Marriage and family status</name>
          </item>
          <item>
            <name>Sex, gender, sexual orientation discrimination</name>
          </item>
        </legislativeSubjects>
      </billSubjects>
    </subjects>
    <updateDate>2016-10-25T16:23:56Z</updateDate>
    <originChamber>Senate</originChamber>
    <titles>
      <item>
        <chamberName />
        <parentTitleType />
        <titleType>Short Titles as Introduced</titleType>
        <chamberCode />
        <title>Family and Medical Leave Inclusion Act</title>
      </item>
      <item>
        <chamberName />
        <parentTitleType />
        <titleType>Official Title as Introduced</titleType>
        <chamberCode />
        <title>A bill to amend the Family and Medical Leave Act of 1993 to permit leave to care for a same-sex spouse, domestic partner, parent-in-law, adult child, sibling, grandchild, or grandparent who has a serious health condition.</title>
      </item>
      <item>
        <chamberName />
        <parentTitleType />
        <titleType>Display Title</titleType>
        <chamberCode />
        <title>Family and Medical Leave Inclusion Act</title>
      </item>
    </titles>
    <createDate>2013-04-26T07:02:13Z</createDate>
    <congress>113</congress>
    <introducedDate>2013-04-25</introducedDate>
    <latestAction>
      <links />
      <actionDate>2013-04-25</actionDate>
      <text>Read twice and referred to the Committee on Health, Education, Labor, and Pensions. (text of measure as introduced: CR S3040-3041)</text>
    </latestAction>
    <laws />
    <relatedBills>
      <item>
        <latestAction>
          <text>Referred to the Subcommittee on Workforce Protections.</text>
          <actionDate>2013-07-08</actionDate>
        </latestAction>
        <congress>113</congress>
        <latestTitle>Family and Medical Leave Inclusion Act</latestTitle>
        <relationshipDetails>
          <item>
            <identifiedBy>CRS</identifiedBy>
            <type>Related bill</type>
          </item>
        </relationshipDetails>
        <number>1751</number>
        <type>HR</type>
      </item>
      <item>
        <latestAction>
          <text>Read twice and referred to the Committee on Health, Education, Labor, and Pensions.</text>
          <actionDate>2013-05-06</actionDate>
        </latestAction>
        <congress>113</congress>
        <latestTitle>Family and Medical Leave Inclusion Act</latestTitle>
        <relationshipDetails>
          <item>
            <identifiedBy>CRS</identifiedBy>
            <type>Identical bill</type>
          </item>
        </relationshipDetails>
        <number>857</number>
        <type>S</type>
      </item>
    </relatedBills>
    <notes />
    <recordedVotes />
    <cboCostEstimates />
    <policyArea>
      <name>Labor and Employment</name>
    </policyArea>
    <billNumber>846</billNumber>
    <billType>S</billType>
    <committees>
      <billCommittees>
        <item>
          <type>Standing</type>
          <chamber>Senate</chamber>
          <systemCode>sshr00</systemCode>
          <subcommittees />
          <activities>
            <item>
              <date>2013-04-25T22:36:29Z</date>
              <name>Referred to</name>
            </item>
          </activities>
          <name>Health, Education, Labor, and Pensions Committee</name>
        </item>
      </billCommittees>
    </committees>
    <amendments />
    <summaries>
      <billSummaries>
        <item>
          <lastSummaryUpdateDate>2013-05-07T16:33:22Z</lastSummaryUpdateDate>
          <text><![CDATA[<p>Family and Medical Leave Inclusion Act - Amends the Family and Medical Leave Act of 1993 to provide for employee leave to care for a domestic partner (including a same-sex spouse) or his or her child, parent-in-law, adult child, sibling, grandparent, grandchild, son-in-law, or daughter-in-law (as well as for a spouse, child, or parent), if such person has a serious health condition.</p> <p>Amends federal civil service law to apply the same leave allowance to federal employees.</p>]]></text>
          <updateDate>2013-04-25T04:00:00Z</updateDate>
          <actionDesc>Introduced in Senate</actionDesc>
          <name>Introduced in Senate</name>
          <versionCode>00</versionCode>
          <actionDate>2013-04-25</actionDate>
        </item>
      </billSummaries>
    </summaries>
    <calendarNumbers />
    <committeeReports />
  </bill>
  <dublinCore xmlns:dc="http://purl.org/dc/elements/1.1/">
    <dc:format>text/xml</dc:format>
    <dc:language>EN</dc:language>
    <dc:rights>Pursuant to Title 17 Section 105 of the United States Code, this file is not subject to copyright protection and is in the public domain.</dc:rights>
    <dc:contributor>Congressional Research Service, Library of Congress</dc:contributor>
    <dc:description>This file contains bill summaries and statuses for federal legislation. A bill summary describes the most significant provisions of a piece of legislation and details the effects the legislative text may have on current law and federal programs. Bill summaries are authored by the Congressional Research Service (CRS) of the Library of Congress. As stated in Public Law 91-510 (2 USC 166 (d)(6)), one of the duties of CRS is "to prepare summaries and digests of bills and resolutions of a public general nature introduced in the Senate or House of Representatives". For more information, refer to the User Guide that accompanies this file.</dc:description>
  </dublinCore>
</billStatus>

