<?xml version="1.0" encoding="UTF-8"?>
<billStatus>
  <bill>
    <summaries>
      <billSummaries>
        <item>
          <updateDate>2013-03-07T05:00:00Z</updateDate>
          <actionDate>2013-03-07</actionDate>
          <lastSummaryUpdateDate>2013-04-01T19:22:23Z</lastSummaryUpdateDate>
          <text><![CDATA[<p>Volunteer Emergency Services Recruitment and Retention Act of 2013 - Amends the Internal Revenue Code to allow sponsors of certain deferred compensation plans to elect to include length of service award plans for bona fide volunteers providing firefighting and fire prevention services, emergency medical services, ambulance services, and emergency rescue services.</p> <p>Directs the Secretary of Labor to issue regulations exempting a length of service award program from treatment as an employee pension benefit plan under the Employee Retirement Income Security Act of 1974 (ERISA). </p>]]></text>
          <versionCode>00</versionCode>
          <actionDesc>Introduced in Senate</actionDesc>
          <name>Introduced in Senate</name>
        </item>
      </billSummaries>
    </summaries>
    <sponsors>
      <item>
        <bioguideId>C001035</bioguideId>
        <fullName>Sen. Collins, Susan M. [R-ME]</fullName>
        <byRequestType />
        <lastName>COLLINS</lastName>
        <firstName>SUSAN</firstName>
        <middleName>MARGARET</middleName>
        <identifiers>
          <gpoId>8291</gpoId>
          <lisID>1541</lisID>
          <bioguideId>C001035</bioguideId>
        </identifiers>
      </item>
    </sponsors>
    <latestAction>
      <links />
      <actionDate>2013-03-07</actionDate>
      <text>Read twice and referred to the Committee on Finance.</text>
    </latestAction>
    <congress>113</congress>
    <billNumber>506</billNumber>
    <cboCostEstimates />
    <calendarNumbers />
    <billType>S</billType>
    <committees>
      <billCommittees>
        <item>
          <subcommittees />
          <name>Finance Committee</name>
          <type>Standing</type>
          <activities>
            <item>
              <name>Referred to</name>
              <date>2013-03-07T21:25:05Z</date>
            </item>
          </activities>
          <chamber>Senate</chamber>
          <systemCode>ssfi00</systemCode>
        </item>
      </billCommittees>
    </committees>
    <recordedVotes />
    <titles>
      <item>
        <parentTitleType />
        <title>Volunteer Emergency Services Recruitment and Retention Act of 2013</title>
        <chamberName />
        <chamberCode />
        <titleType>Short Titles as Introduced</titleType>
      </item>
      <item>
        <parentTitleType />
        <title>A bill to amend the Internal Revenue Code of 1986 to provide recruitment and retention incentives for volunteer emergency service workers.</title>
        <chamberName />
        <chamberCode />
        <titleType>Official Title as Introduced</titleType>
      </item>
      <item>
        <parentTitleType />
        <title>Volunteer Emergency Services Recruitment and Retention Act of 2013</title>
        <chamberName />
        <chamberCode />
        <titleType>Display Title</titleType>
      </item>
    </titles>
    <laws />
    <originChamber>Senate</originChamber>
    <createDate>2013-03-08T07:01:11Z</createDate>
    <notes />
    <updateDate>2016-10-25T16:21:35Z</updateDate>
    <policyArea>
      <name>Taxation</name>
    </policyArea>
    <title>Volunteer Emergency Services Recruitment and Retention Act of 2013</title>
    <committeeReports />
    <subjects>
      <billSubjects>
        <policyArea>
          <name>Taxation</name>
        </policyArea>
        <legislativeSubjects>
          <item>
            <name>Administrative law and regulatory procedures</name>
          </item>
          <item>
            <name>Department of Labor</name>
          </item>
          <item>
            <name>Emergency medical services and trauma care</name>
          </item>
          <item>
            <name>Employee benefits and pensions</name>
          </item>
          <item>
            <name>Fires</name>
          </item>
          <item>
            <name>First responders and emergency personnel</name>
          </item>
          <item>
            <name>Health personnel</name>
          </item>
          <item>
            <name>Income tax deferral</name>
          </item>
          <item>
            <name>Social work, volunteer service, charitable organizations</name>
          </item>
        </legislativeSubjects>
      </billSubjects>
    </subjects>
    <relatedBills>
      <item>
        <number>1009</number>
        <relationshipDetails>
          <item>
            <type>Related bill</type>
            <identifiedBy>CRS</identifiedBy>
          </item>
        </relationshipDetails>
        <congress>113</congress>
        <latestAction>
          <actionDate>2013-04-23</actionDate>
          <text>Referred to the Subcommittee on Health, Employment, Labor, and Pensions.</text>
        </latestAction>
        <latestTitle>Volunteer Emergency Services Recruitment and Retention Act of 2013</latestTitle>
        <type>HR</type>
      </item>
    </relatedBills>
    <introducedDate>2013-03-07</introducedDate>
    <amendments />
    <actions>
      <actionByCounts>
        <senate>2</senate>
      </actionByCounts>
      <actionTypeCounts>
        <referredToCommittee>1</referredToCommittee>
        <placeholderTextForB>1</placeholderTextForB>
        <introducedInSenate>1</introducedInSenate>
      </actionTypeCounts>
      <item>
        <actionDate>2013-03-07</actionDate>
        <committee>
          <name>Finance Committee</name>
          <systemCode>ssfi00</systemCode>
        </committee>
        <links />
        <sourceSystem>
          <code>0</code>
          <name>Senate</name>
        </sourceSystem>
        <text>Read twice and referred to the Committee on Finance.</text>
        <type>IntroReferral</type>
      </item>
      <item>
        <sourceSystem>
          <code>9</code>
          <name>Library of Congress</name>
        </sourceSystem>
        <type>IntroReferral</type>
        <actionDate>2013-03-07</actionDate>
        <text>Sponsor introductory remarks on measure. (CR S1271)</text>
        <committee />
        <actionCode>B00100</actionCode>
        <links>
          <link>
            <name>S1271</name>
            <url>/congressional-record/2013/senate-section/page/S1271</url>
          </link>
        </links>
      </item>
      <item>
        <sourceSystem>
          <code>9</code>
          <name>Library of Congress</name>
        </sourceSystem>
        <type>IntroReferral</type>
        <actionDate>2013-03-07</actionDate>
        <text>Introduced in Senate</text>
        <committee />
        <actionCode>10000</actionCode>
        <links />
      </item>
    </actions>
    <cosponsors>
      <item>
        <sponsorshipDate>2013-03-07</sponsorshipDate>
        <lastName>SCHUMER</lastName>
        <middleName>E.</middleName>
        <firstName>CHARLES</firstName>
        <fullName>Sen. Schumer, Charles E. [D-NY]</fullName>
        <bioguideId>S000148</bioguideId>
        <identifiers>
          <lisID>1036</lisID>
          <gpoId>8279</gpoId>
          <bioguideId>S000148</bioguideId>
        </identifiers>
        <sponsorshipWithdrawnDate />
        <isOriginalCosponsor>True</isOriginalCosponsor>
      </item>
      <item>
        <sponsorshipDate>2013-05-14</sponsorshipDate>
        <lastName>Klobuchar</lastName>
        <middleName />
        <firstName>Amy</firstName>
        <fullName>Sen. Klobuchar, Amy [D-MN]</fullName>
        <bioguideId>K000367</bioguideId>
        <identifiers>
          <gpoId>8249</gpoId>
          <bioguideId>K000367</bioguideId>
          <lisID>1826</lisID>
        </identifiers>
        <sponsorshipWithdrawnDate />
        <isOriginalCosponsor>False</isOriginalCosponsor>
      </item>
      <item>
        <sponsorshipDate>2013-06-03</sponsorshipDate>
        <lastName>BALDWIN</lastName>
        <middleName />
        <firstName>TAMMY</firstName>
        <fullName>Sen. Baldwin, Tammy [D-WI]</fullName>
        <bioguideId>B001230</bioguideId>
        <identifiers>
          <lisID>1558</lisID>
          <gpoId>8215</gpoId>
          <bioguideId>B001230</bioguideId>
        </identifiers>
        <sponsorshipWithdrawnDate />
        <isOriginalCosponsor>False</isOriginalCosponsor>
      </item>
      <item>
        <sponsorshipDate>2014-02-24</sponsorshipDate>
        <lastName>CARDIN</lastName>
        <middleName>L.</middleName>
        <firstName>BENJAMIN</firstName>
        <fullName>Sen. Cardin, Benjamin L. [D-MD]</fullName>
        <bioguideId>C000141</bioguideId>
        <identifiers>
          <gpoId>8287</gpoId>
          <bioguideId>C000141</bioguideId>
          <lisID>174</lisID>
        </identifiers>
        <sponsorshipWithdrawnDate />
        <isOriginalCosponsor>False</isOriginalCosponsor>
      </item>
      <item>
        <sponsorshipDate>2014-05-12</sponsorshipDate>
        <lastName>Gillibrand</lastName>
        <middleName>E.</middleName>
        <firstName>Kirsten</firstName>
        <fullName>Sen. Gillibrand, Kirsten E. [D-NY]</fullName>
        <bioguideId>G000555</bioguideId>
        <identifiers>
          <bioguideId>G000555</bioguideId>
          <lisID>1866</lisID>
          <gpoId>8336</gpoId>
        </identifiers>
        <sponsorshipWithdrawnDate />
        <isOriginalCosponsor>False</isOriginalCosponsor>
      </item>
      <item>
        <sponsorshipDate>2014-06-02</sponsorshipDate>
        <lastName>STABENOW</lastName>
        <middleName>ANN</middleName>
        <firstName>DEBORAH</firstName>
        <fullName>Sen. Stabenow, Debbie [D-MI]</fullName>
        <bioguideId>S000770</bioguideId>
        <identifiers>
          <bioguideId>S000770</bioguideId>
          <lisID>1531</lisID>
          <gpoId>8261</gpoId>
        </identifiers>
        <sponsorshipWithdrawnDate />
        <isOriginalCosponsor>False</isOriginalCosponsor>
      </item>
      <item>
        <sponsorshipDate>2014-06-04</sponsorshipDate>
        <lastName>Shaheen</lastName>
        <middleName />
        <firstName>Jeanne</firstName>
        <fullName>Sen. Shaheen, Jeanne [D-NH]</fullName>
        <bioguideId>S001181</bioguideId>
        <identifiers>
          <bioguideId>S001181</bioguideId>
          <lisID>1901</lisID>
          <gpoId>8276</gpoId>
        </identifiers>
        <sponsorshipWithdrawnDate />
        <isOriginalCosponsor>False</isOriginalCosponsor>
      </item>
    </cosponsors>
  </bill>
  <dublinCore xmlns:dc="http://purl.org/dc/elements/1.1/">
    <dc:format>text/xml</dc:format>
    <dc:language>EN</dc:language>
    <dc:rights>Pursuant to Title 17 Section 105 of the United States Code, this file is not subject to copyright protection and is in the public domain.</dc:rights>
    <dc:contributor>Congressional Research Service, Library of Congress</dc:contributor>
    <dc:description>This file contains bill summaries and statuses for federal legislation. A bill summary describes the most significant provisions of a piece of legislation and details the effects the legislative text may have on current law and federal programs. Bill summaries are authored by the Congressional Research Service (CRS) of the Library of Congress. As stated in Public Law 91-510 (2 USC 166 (d)(6)), one of the duties of CRS is "to prepare summaries and digests of bills and resolutions of a public general nature introduced in the Senate or House of Representatives". For more information, refer to the User Guide that accompanies this file.</dc:description>
  </dublinCore>
</billStatus>

