<?xml version="1.0" encoding="UTF-8"?>
<billStatus>
  <bill>
    <actions>
      <item>
        <actionDate>2014-07-31</actionDate>
        <committee>
          <systemCode>ssbk00</systemCode>
          <name>Banking, Housing, and Urban Affairs Committee</name>
        </committee>
        <links />
        <sourceSystem>
          <code>0</code>
          <name>Senate</name>
        </sourceSystem>
        <text>Committee on Banking, Housing, and Urban Affairs. Hearings held.</text>
        <type>Committee</type>
      </item>
      <item>
        <actionDate>2013-05-09</actionDate>
        <committee>
          <systemCode>sshr00</systemCode>
          <name>Health, Education, Labor, and Pensions Committee</name>
        </committee>
        <links />
        <sourceSystem>
          <code>0</code>
          <name>Senate</name>
        </sourceSystem>
        <text>Read twice and referred to the Committee on Health, Education, Labor, and Pensions.</text>
        <type>IntroReferral</type>
      </item>
      <item>
        <sourceSystem>
          <code>9</code>
          <name>Library of Congress</name>
        </sourceSystem>
        <actionDate>2013-05-09</actionDate>
        <committee />
        <actionCode>B00100</actionCode>
        <type>IntroReferral</type>
        <links>
          <link>
            <name>S3330-3331</name>
            <url>/congressional-record/2013/senate-section/page/S3330-3331</url>
          </link>
        </links>
        <text>Sponsor introductory remarks on measure. (CR S3330-3331)</text>
      </item>
      <item>
        <sourceSystem>
          <code>9</code>
          <name>Library of Congress</name>
        </sourceSystem>
        <actionDate>2013-05-09</actionDate>
        <committee />
        <actionCode>10000</actionCode>
        <type>IntroReferral</type>
        <links />
        <text>Introduced in Senate</text>
      </item>
      <actionByCounts>
        <senate>3</senate>
      </actionByCounts>
      <actionTypeCounts>
        <referredToCommittee>1</referredToCommittee>
        <hearingsHeld>1</hearingsHeld>
        <placeholderTextForB>1</placeholderTextForB>
        <introducedInSenate>1</introducedInSenate>
      </actionTypeCounts>
    </actions>
    <title>Student Right to Know Before You Go Act of 2013</title>
    <cosponsors>
      <item>
        <middleName />
        <firstName>Marco</firstName>
        <fullName>Sen. Rubio, Marco [R-FL]</fullName>
        <sponsorshipWithdrawnDate />
        <sponsorshipDate>2013-05-09</sponsorshipDate>
        <bioguideId>R000595</bioguideId>
        <lastName>Rubio</lastName>
        <isOriginalCosponsor>True</isOriginalCosponsor>
        <identifiers>
          <bioguideId>R000595</bioguideId>
          <lisID>2084</lisID>
          <gpoId>8242</gpoId>
        </identifiers>
      </item>
      <item>
        <middleName>R.</middleName>
        <firstName>Mark</firstName>
        <fullName>Sen. Warner, Mark R. [D-VA]</fullName>
        <sponsorshipWithdrawnDate />
        <sponsorshipDate>2013-05-09</sponsorshipDate>
        <bioguideId>W000805</bioguideId>
        <lastName>Warner</lastName>
        <isOriginalCosponsor>True</isOriginalCosponsor>
        <identifiers>
          <bioguideId>W000805</bioguideId>
          <lisID>1897</lisID>
          <gpoId>8269</gpoId>
        </identifiers>
      </item>
      <item>
        <middleName />
        <firstName>Jeff</firstName>
        <fullName>Sen. Merkley, Jeff [D-OR]</fullName>
        <sponsorshipWithdrawnDate />
        <sponsorshipDate>2013-07-31</sponsorshipDate>
        <bioguideId>M001176</bioguideId>
        <lastName>Merkley</lastName>
        <isOriginalCosponsor>False</isOriginalCosponsor>
        <identifiers>
          <bioguideId>M001176</bioguideId>
          <lisID>1900</lisID>
          <gpoId>8238</gpoId>
        </identifiers>
      </item>
      <item>
        <middleName>E.</middleName>
        <firstName>Kirsten</firstName>
        <fullName>Sen. Gillibrand, Kirsten E. [D-NY]</fullName>
        <sponsorshipWithdrawnDate />
        <sponsorshipDate>2013-09-10</sponsorshipDate>
        <bioguideId>G000555</bioguideId>
        <lastName>Gillibrand</lastName>
        <isOriginalCosponsor>False</isOriginalCosponsor>
        <identifiers>
          <lisID>1866</lisID>
          <bioguideId>G000555</bioguideId>
          <gpoId>8336</gpoId>
        </identifiers>
      </item>
      <item>
        <middleName />
        <firstName>Brian</firstName>
        <fullName>Sen. Schatz, Brian [D-HI]</fullName>
        <sponsorshipWithdrawnDate />
        <sponsorshipDate>2013-09-17</sponsorshipDate>
        <bioguideId>S001194</bioguideId>
        <lastName>Schatz</lastName>
        <isOriginalCosponsor>False</isOriginalCosponsor>
        <identifiers>
          <gpoId />
          <lisID>2173</lisID>
          <bioguideId>S001194</bioguideId>
        </identifiers>
      </item>
    </cosponsors>
    <sponsors>
      <item>
        <middleName />
        <firstName>RON</firstName>
        <byRequestType />
        <bioguideId>W000779</bioguideId>
        <fullName>Sen. Wyden, Ron [D-OR]</fullName>
        <lastName>WYDEN</lastName>
        <identifiers>
          <bioguideId>W000779</bioguideId>
          <lisID>1247</lisID>
          <gpoId>8265</gpoId>
        </identifiers>
      </item>
    </sponsors>
    <subjects>
      <billSubjects>
        <policyArea>
          <name>Education</name>
        </policyArea>
        <legislativeSubjects>
          <item>
            <name>Academic performance and assessments</name>
          </item>
          <item>
            <name>Government information and archives</name>
          </item>
          <item>
            <name>Government lending and loan guarantees</name>
          </item>
          <item>
            <name>Higher education</name>
          </item>
          <item>
            <name>Performance measurement</name>
          </item>
          <item>
            <name>Right of privacy</name>
          </item>
          <item>
            <name>Student aid and college costs</name>
          </item>
          <item>
            <name>Veterans' education, employment, rehabilitation</name>
          </item>
          <item>
            <name>Wages and earnings</name>
          </item>
        </legislativeSubjects>
      </billSubjects>
    </subjects>
    <updateDate>2016-10-25T16:24:13Z</updateDate>
    <originChamber>Senate</originChamber>
    <titles>
      <item>
        <chamberName />
        <titleType>Short Titles as Introduced</titleType>
        <title>Student Right to Know Before You Go Act of 2013</title>
        <chamberCode />
        <parentTitleType />
      </item>
      <item>
        <chamberName />
        <titleType>Official Title as Introduced</titleType>
        <title>A bill to amend the Higher Education Act of 1965 to update reporting requirements for institutions of higher education and provide for more accurate and complete data on student retention, graduation, and earnings outcomes at all levels of postsecondary enrollment.</title>
        <chamberCode />
        <parentTitleType />
      </item>
      <item>
        <chamberName />
        <titleType>Display Title</titleType>
        <title>Student Right to Know Before You Go Act of 2013</title>
        <chamberCode />
        <parentTitleType />
      </item>
    </titles>
    <createDate>2013-05-10T07:02:13Z</createDate>
    <congress>113</congress>
    <introducedDate>2013-05-09</introducedDate>
    <latestAction>
      <links />
      <actionDate>2014-07-31</actionDate>
      <text>Committee on Banking, Housing, and Urban Affairs. Hearings held.</text>
    </latestAction>
    <laws />
    <relatedBills>
      <item>
        <relationshipDetails>
          <item>
            <type>Identical bill</type>
            <identifiedBy>CRS</identifiedBy>
          </item>
        </relationshipDetails>
        <latestAction>
          <text>Referred to the Subcommittee on Higher Education and Workforce Training.</text>
          <actionDate>2013-07-08</actionDate>
        </latestAction>
        <latestTitle>Student Right to Know Before You Go Act of 2013</latestTitle>
        <congress>113</congress>
        <number>1937</number>
        <type>HR</type>
      </item>
    </relatedBills>
    <notes />
    <recordedVotes />
    <cboCostEstimates />
    <policyArea>
      <name>Education</name>
    </policyArea>
    <billNumber>915</billNumber>
    <billType>S</billType>
    <committees>
      <billCommittees>
        <item>
          <activities>
            <item>
              <date>2014-07-31T14:00:00Z</date>
              <name>Hearings by</name>
            </item>
          </activities>
          <systemCode>ssbk00</systemCode>
          <subcommittees />
          <type>Standing</type>
          <name>Banking, Housing, and Urban Affairs Committee</name>
          <chamber>Senate</chamber>
        </item>
        <item>
          <activities>
            <item>
              <date>2013-05-09T19:34:55Z</date>
              <name>Referred to</name>
            </item>
          </activities>
          <systemCode>sshr00</systemCode>
          <subcommittees />
          <type>Standing</type>
          <name>Health, Education, Labor, and Pensions Committee</name>
          <chamber>Senate</chamber>
        </item>
      </billCommittees>
    </committees>
    <amendments />
    <summaries>
      <billSummaries>
        <item>
          <text><![CDATA[<p>Student Right to Know Before You Go Act of 2013 - Amends title IV (Student Assistance) of the Higher Education Act of 1965 (HEA) to require institutions of higher education (IHEs) to submit to the Secretary of Education data that the Secretary determines to be sufficient to complete all student components of reporting required for the Integrated Postsecondary Education Data System (IPEDS). Directs the Secretary to review that determination every five years.</p> <p>Requires the Secretary to: (1) establish common definitions for IHEs to follow in submitting the data required under this Act, and (2) determine both collection and reporting requirements.</p> <p>Directs the Secretary to require IHEs to identify student unit records to enable coding and reporting on: (1) students who participate in remedial education; (2) whether, and at what level, the student is seeking a degree; and (3) whether the student is seeking a certificate. (Student unit records are used to collect information at the student, rather than institutional, level.)</p> <p>Requires the Secretary to also calculate, within two years of this Act's enactment, at the institutional and program specific level: </p> <ul> <li> the percentage of students who receive federal, state, or institutional grants or loans; </li> <li> the average amount of federal loan debt students have accumulated by graduation; </li> <li> the average amount of total federal loan debt of students who do not complete a program of study two years after their last known enrollment in any IHE; </li> <li> student transfer rates by sector of transfer; </li> <li> rates of continuation to higher levels of education; and</li> <li> the percentage of students who receive the degree level they initially sought.</li> </ul> <p>Directs the Secretary to make those student outcome measures and the currently reported student level components of IPEDS available by specified student types that are differentiated on the basis of their: (1) receipt or non-receipt of federal Pell Grants or Stafford Loans, (2) participation in the Post-9/11 Veterans Educational Assistance Program, (3) enrollment status, and (4) enrollment intensity. </p> <p>Requires the Secretary, in cooperation with the Commissioner of Social Security, to establish a system which uses the student components of IPEDS to create earnings metrics that allow the publication of median annual earnings and employment data that is disaggregated by: (1) educational program, credential received, school, and state of employment; and (2) the 2-, 6-, and 15-year periods after educational program completion. </p> <p>Requires the information aggregated by the Secretary under this Act to be made available on IPEDS and posted on a website in a timely and user-friendly manner that protects personally identifiable information. </p> <p>Requires IHEs, within five years of this Act's enactment, to provide a prominently displayed link on their websites to the website containing such information. Eliminates, within five years of this Act's enactment, IHE data reporting requirements under the HEA that are deemed duplicative. </p> <p>Directs the Secretary to create a process through which IHEs and states may request and receive from the Department of Education aggregate student outcome data for the purposes of institutional improvement and program evaluation.</p> <p>Prohibits the unauthorized use of the data collected pursuant to this Act.</p>]]></text>
          <name>Introduced in Senate</name>
          <versionCode>00</versionCode>
          <actionDate>2013-05-09</actionDate>
          <actionDesc>Introduced in Senate</actionDesc>
          <lastSummaryUpdateDate>2013-06-08T14:51:11Z</lastSummaryUpdateDate>
          <updateDate>2013-05-09T04:00:00Z</updateDate>
        </item>
      </billSummaries>
    </summaries>
    <calendarNumbers />
    <committeeReports />
  </bill>
  <dublinCore xmlns:dc="http://purl.org/dc/elements/1.1/">
    <dc:format>text/xml</dc:format>
    <dc:language>EN</dc:language>
    <dc:rights>Pursuant to Title 17 Section 105 of the United States Code, this file is not subject to copyright protection and is in the public domain.</dc:rights>
    <dc:contributor>Congressional Research Service, Library of Congress</dc:contributor>
    <dc:description>This file contains bill summaries and statuses for federal legislation. A bill summary describes the most significant provisions of a piece of legislation and details the effects the legislative text may have on current law and federal programs. Bill summaries are authored by the Congressional Research Service (CRS) of the Library of Congress. As stated in Public Law 91-510 (2 USC 166 (d)(6)), one of the duties of CRS is "to prepare summaries and digests of bills and resolutions of a public general nature introduced in the Senate or House of Representatives". For more information, refer to the User Guide that accompanies this file.</dc:description>
  </dublinCore>
</billStatus>

