<?xml version="1.0" encoding="UTF-8"?>
<billStatus>
  <bill>
    <actions>
      <actionTypeCounts>
        <introducedInSenate>1</introducedInSenate>
        <referredToCommittee>1</referredToCommittee>
      </actionTypeCounts>
      <item>
        <actionDate>2013-02-26</actionDate>
        <committee>
          <name>Health, Education, Labor, and Pensions Committee</name>
          <systemCode>sshr00</systemCode>
        </committee>
        <links />
        <sourceSystem>
          <name>Senate</name>
          <code>0</code>
        </sourceSystem>
        <text>Read twice and referred to the Committee on Health, Education, Labor, and Pensions.</text>
        <type>IntroReferral</type>
      </item>
      <item>
        <committee />
        <actionCode>10000</actionCode>
        <type>IntroReferral</type>
        <sourceSystem>
          <name>Library of Congress</name>
          <code>9</code>
        </sourceSystem>
        <links />
        <text>Introduced in Senate</text>
        <actionDate>2013-02-26</actionDate>
      </item>
      <actionByCounts>
        <senate>2</senate>
      </actionByCounts>
    </actions>
    <title>Abstinence Education Reallocation Act of 2013</title>
    <cosponsors>
      <item>
        <firstName>JOHN</firstName>
        <fullName>Sen. Thune, John [R-SD]</fullName>
        <identifiers>
          <bioguideId>T000250</bioguideId>
          <lisID>1534</lisID>
          <gpoId>8257</gpoId>
        </identifiers>
        <bioguideId>T000250</bioguideId>
        <sponsorshipWithdrawnDate />
        <middleName>R.</middleName>
        <isOriginalCosponsor>True</isOriginalCosponsor>
        <sponsorshipDate>2013-02-26</sponsorshipDate>
        <lastName>THUNE</lastName>
      </item>
      <item>
        <firstName>DANIEL</firstName>
        <fullName>Sen. Coats, Daniel [R-IN]</fullName>
        <identifiers>
          <gpoId>8299</gpoId>
          <bioguideId>C000542</bioguideId>
          <lisID>209</lisID>
        </identifiers>
        <bioguideId>C000542</bioguideId>
        <sponsorshipWithdrawnDate />
        <middleName>RAY</middleName>
        <isOriginalCosponsor>True</isOriginalCosponsor>
        <sponsorshipDate>2013-02-26</sponsorshipDate>
        <lastName>COATS</lastName>
      </item>
      <item>
        <firstName>David</firstName>
        <fullName>Sen. Vitter, David [R-LA]</fullName>
        <identifiers>
          <gpoId>8267</gpoId>
          <lisID>1609</lisID>
          <bioguideId>V000127</bioguideId>
        </identifiers>
        <bioguideId>V000127</bioguideId>
        <sponsorshipWithdrawnDate />
        <middleName />
        <isOriginalCosponsor>False</isOriginalCosponsor>
        <sponsorshipDate>2013-05-15</sponsorshipDate>
        <lastName>Vitter</lastName>
      </item>
    </cosponsors>
    <sponsors>
      <item>
        <middleName>O.</middleName>
        <firstName>LINDSEY</firstName>
        <byRequestType />
        <bioguideId>G000359</bioguideId>
        <fullName>Sen. Graham, Lindsey [R-SC]</fullName>
        <lastName>GRAHAM</lastName>
        <identifiers>
          <gpoId>8335</gpoId>
          <bioguideId>G000359</bioguideId>
          <lisID>452</lisID>
        </identifiers>
      </item>
    </sponsors>
    <subjects>
      <billSubjects>
        <policyArea>
          <name>Health</name>
        </policyArea>
        <legislativeSubjects>
          <item>
            <name>Child health</name>
          </item>
          <item>
            <name>Family planning and birth control</name>
          </item>
          <item>
            <name>Health programs administration and funding</name>
          </item>
          <item>
            <name>Health promotion and preventive care</name>
          </item>
          <item>
            <name>Marriage and family status</name>
          </item>
          <item>
            <name>Sex and reproductive health</name>
          </item>
          <item>
            <name>Sexually transmitted diseases</name>
          </item>
          <item>
            <name>Teenage pregnancy</name>
          </item>
        </legislativeSubjects>
      </billSubjects>
    </subjects>
    <updateDate>2016-10-25T16:19:44Z</updateDate>
    <originChamber>Senate</originChamber>
    <titles>
      <item>
        <title>Abstinence Education Reallocation Act of 2013</title>
        <titleType>Short Titles as Introduced</titleType>
        <parentTitleType />
        <chamberName />
        <chamberCode />
      </item>
      <item>
        <title>A bill to authorize the Secretary of Health and Human Services, acting through the Administrator of the Health Resources and Services Administration, to award grants on a competitive basis to public and private entities to provide qualified sexual risk avoidance education to youth and their parents.</title>
        <titleType>Official Title as Introduced</titleType>
        <parentTitleType />
        <chamberName />
        <chamberCode />
      </item>
      <item>
        <title>Abstinence Education Reallocation Act of 2013</title>
        <titleType>Display Title</titleType>
        <parentTitleType />
        <chamberName />
        <chamberCode />
      </item>
    </titles>
    <createDate>2013-02-27T07:00:51Z</createDate>
    <congress>113</congress>
    <introducedDate>2013-02-26</introducedDate>
    <latestAction>
      <links />
      <actionDate>2013-02-26</actionDate>
      <text>Read twice and referred to the Committee on Health, Education, Labor, and Pensions.</text>
    </latestAction>
    <laws />
    <relatedBills>
      <item>
        <number>718</number>
        <type>HR</type>
        <congress>113</congress>
        <relationshipDetails>
          <item>
            <type>Identical bill</type>
            <identifiedBy>CRS</identifiedBy>
          </item>
        </relationshipDetails>
        <latestAction>
          <actionDate>2013-03-04</actionDate>
          <text>Sponsor introductory remarks on measure. (CR H821)</text>
        </latestAction>
        <latestTitle>Abstinence Education Reallocation Act of 2013</latestTitle>
      </item>
    </relatedBills>
    <notes />
    <recordedVotes />
    <cboCostEstimates />
    <policyArea>
      <name>Health</name>
    </policyArea>
    <billNumber>13</billNumber>
    <billType>S</billType>
    <committees>
      <billCommittees>
        <item>
          <subcommittees />
          <activities>
            <item>
              <name>Referred to</name>
              <date>2013-02-26T23:58:20Z</date>
            </item>
          </activities>
          <type>Standing</type>
          <systemCode>sshr00</systemCode>
          <chamber>Senate</chamber>
          <name>Health, Education, Labor, and Pensions Committee</name>
        </item>
      </billCommittees>
    </committees>
    <amendments />
    <summaries>
      <billSummaries>
        <item>
          <actionDesc>Introduced in Senate</actionDesc>
          <actionDate>2013-02-26</actionDate>
          <updateDate>2013-02-26T05:00:00Z</updateDate>
          <versionCode>00</versionCode>
          <lastSummaryUpdateDate>2013-04-09T20:11:13Z</lastSummaryUpdateDate>
          <name>Introduced in Senate</name>
          <text><![CDATA[<p>Abstinence Education Reallocation Act of 2013 - Authorizes the Administrator of the Health Resources and Services Administration (HRSA) to award grants for qualified sexual risk avoidance education to youth and their parents. Requires such education to meet certain criteria, including: (1) being age-appropriate, medically accurate, and evidence-based; (2) teaching the skills and benefits of sexual abstinence as the optimal sexual health behavior for youth; and (3) teaching the benefits of refraining from nonmarital sexual activity, the advantage of reserving sexual activity for marriage, and the foundational components of a healthy relationship.</p> <p>Gives priority to programs that serve youth ages 12 to 19 and that will promote the protective benefits of parent-child communication regarding healthy sexual decisionmaking.</p>]]></text>
        </item>
      </billSummaries>
    </summaries>
    <calendarNumbers />
    <committeeReports />
  </bill>
  <dublinCore xmlns:dc="http://purl.org/dc/elements/1.1/">
    <dc:format>text/xml</dc:format>
    <dc:language>EN</dc:language>
    <dc:rights>Pursuant to Title 17 Section 105 of the United States Code, this file is not subject to copyright protection and is in the public domain.</dc:rights>
    <dc:contributor>Congressional Research Service, Library of Congress</dc:contributor>
    <dc:description>This file contains bill summaries and statuses for federal legislation. A bill summary describes the most significant provisions of a piece of legislation and details the effects the legislative text may have on current law and federal programs. Bill summaries are authored by the Congressional Research Service (CRS) of the Library of Congress. As stated in Public Law 91-510 (2 USC 166 (d)(6)), one of the duties of CRS is "to prepare summaries and digests of bills and resolutions of a public general nature introduced in the Senate or House of Representatives". For more information, refer to the User Guide that accompanies this file.</dc:description>
  </dublinCore>
</billStatus>

