<?xml version="1.0" encoding="UTF-8"?>
<billStatus>
  <bill>
    <summaries>
      <billSummaries>
        <item>
          <lastSummaryUpdateDate>2013-05-21T16:49:15Z</lastSummaryUpdateDate>
          <text><![CDATA[<p>Jobs and Premium Protection Act - Repeals a provision of the Patient Protection and Affordable Care Act that imposes an annual fee on each entity that provides health insurance for any U.S. health risk based on net premium income.</p>]]></text>
          <updateDate>2013-03-19T04:00:00Z</updateDate>
          <actionDesc>Introduced in Senate</actionDesc>
          <name>Introduced in Senate</name>
          <versionCode>00</versionCode>
          <actionDate>2013-03-19</actionDate>
        </item>
      </billSummaries>
    </summaries>
    <sponsors>
      <item>
        <bioguideId>B001261</bioguideId>
        <fullName>Sen. Barrasso, John [R-WY]</fullName>
        <byRequestType />
        <lastName>Barrasso</lastName>
        <firstName>John</firstName>
        <middleName />
        <identifiers>
          <lisID>1881</lisID>
          <bioguideId>B001261</bioguideId>
          <gpoId>8300</gpoId>
        </identifiers>
      </item>
    </sponsors>
    <latestAction>
      <links />
      <actionDate>2013-03-19</actionDate>
      <text>Read twice and referred to the Committee on Finance.</text>
    </latestAction>
    <congress>113</congress>
    <billNumber>603</billNumber>
    <cboCostEstimates />
    <calendarNumbers />
    <billType>S</billType>
    <committees>
      <billCommittees>
        <item>
          <chamber>Senate</chamber>
          <activities>
            <item>
              <name>Referred to</name>
              <date>2013-03-19T15:35:20Z</date>
            </item>
          </activities>
          <name>Finance Committee</name>
          <subcommittees />
          <type>Standing</type>
          <systemCode>ssfi00</systemCode>
        </item>
      </billCommittees>
    </committees>
    <recordedVotes />
    <titles>
      <item>
        <title>Jobs and Premium Protection Act</title>
        <titleType>Short Titles as Introduced</titleType>
        <parentTitleType />
        <chamberName />
        <chamberCode />
      </item>
      <item>
        <title>A bill to repeal the annual fee on health insurance providers enacted by the Patient Protection and Affordable Care Act.</title>
        <titleType>Official Title as Introduced</titleType>
        <parentTitleType />
        <chamberName />
        <chamberCode />
      </item>
      <item>
        <title>Jobs and Premium Protection Act</title>
        <titleType>Display Title</titleType>
        <parentTitleType />
        <chamberName />
        <chamberCode />
      </item>
    </titles>
    <laws />
    <originChamber>Senate</originChamber>
    <createDate>2013-03-20T07:01:12Z</createDate>
    <notes />
    <updateDate>2016-10-25T16:22:05Z</updateDate>
    <policyArea>
      <name>Taxation</name>
    </policyArea>
    <title>Jobs and Premium Protection Act</title>
    <committeeReports />
    <subjects>
      <billSubjects>
        <policyArea>
          <name>Taxation</name>
        </policyArea>
        <legislativeSubjects>
          <item>
            <name>Health care costs and insurance</name>
          </item>
          <item>
            <name>Insurance industry and regulation</name>
          </item>
          <item>
            <name>User charges and fees</name>
          </item>
        </legislativeSubjects>
      </billSubjects>
    </subjects>
    <relatedBills>
      <item>
        <latestAction>
          <text>Referred to the Subcommittee on Health.</text>
          <actionDate>2013-04-23</actionDate>
        </latestAction>
        <congress>113</congress>
        <latestTitle>Small Business Health Relief Act of 2013</latestTitle>
        <relationshipDetails>
          <item>
            <identifiedBy>CRS</identifiedBy>
            <type>Related bill</type>
          </item>
        </relationshipDetails>
        <number>1558</number>
        <type>HR</type>
      </item>
      <item>
        <latestAction>
          <text>Referred to the Subcommittee on Health, Employment, Labor, and Pensions.</text>
          <actionDate>2013-04-23</actionDate>
        </latestAction>
        <congress>113</congress>
        <latestTitle>Defund Obamacare Act</latestTitle>
        <relationshipDetails>
          <item>
            <identifiedBy>CRS</identifiedBy>
            <type>Related bill</type>
          </item>
        </relationshipDetails>
        <number>1005</number>
        <type>HR</type>
      </item>
    </relatedBills>
    <introducedDate>2013-03-19</introducedDate>
    <amendments />
    <actions>
      <item>
        <actionDate>2013-03-19</actionDate>
        <committee>
          <systemCode>ssfi00</systemCode>
          <name>Finance Committee</name>
        </committee>
        <links />
        <sourceSystem>
          <name>Senate</name>
          <code>0</code>
        </sourceSystem>
        <text>Read twice and referred to the Committee on Finance.</text>
        <type>IntroReferral</type>
      </item>
      <item>
        <committee />
        <type>IntroReferral</type>
        <links />
        <actionCode>10000</actionCode>
        <sourceSystem>
          <name>Library of Congress</name>
          <code>9</code>
        </sourceSystem>
        <actionDate>2013-03-19</actionDate>
        <text>Introduced in Senate</text>
      </item>
      <actionByCounts>
        <senate>2</senate>
      </actionByCounts>
      <actionTypeCounts>
        <introducedInSenate>1</introducedInSenate>
        <referredToCommittee>1</referredToCommittee>
      </actionTypeCounts>
    </actions>
    <cosponsors>
      <item>
        <sponsorshipDate>2013-03-19</sponsorshipDate>
        <lastName>HATCH</lastName>
        <middleName>GRANT</middleName>
        <firstName>ORRIN</firstName>
        <fullName>Sen. Hatch, Orrin G. [R-UT]</fullName>
        <bioguideId>H000338</bioguideId>
        <identifiers>
          <lisID>1351</lisID>
          <gpoId>8314</gpoId>
          <bioguideId>H000338</bioguideId>
        </identifiers>
        <sponsorshipWithdrawnDate />
        <isOriginalCosponsor>True</isOriginalCosponsor>
      </item>
      <item>
        <sponsorshipDate>2013-03-19</sponsorshipDate>
        <lastName>Johanns</lastName>
        <middleName />
        <firstName>Mike</firstName>
        <fullName>Sen. Johanns, Mike [R-NE]</fullName>
        <bioguideId>J000291</bioguideId>
        <identifiers>
          <gpoId>8325</gpoId>
          <lisID>1899</lisID>
          <bioguideId>J000291</bioguideId>
        </identifiers>
        <sponsorshipWithdrawnDate />
        <isOriginalCosponsor>True</isOriginalCosponsor>
      </item>
      <item>
        <sponsorshipDate>2013-03-19</sponsorshipDate>
        <lastName>CRAPO</lastName>
        <middleName>D.</middleName>
        <firstName>MICHAEL</firstName>
        <fullName>Sen. Crapo, Mike [R-ID]</fullName>
        <bioguideId>C000880</bioguideId>
        <identifiers>
          <gpoId>8289</gpoId>
          <lisID>250</lisID>
          <bioguideId>C000880</bioguideId>
        </identifiers>
        <sponsorshipWithdrawnDate />
        <isOriginalCosponsor>True</isOriginalCosponsor>
      </item>
      <item>
        <sponsorshipDate>2013-03-19</sponsorshipDate>
        <lastName>BURR</lastName>
        <middleName />
        <firstName>RICHARD</firstName>
        <fullName>Sen. Burr, Richard [R-NC]</fullName>
        <bioguideId>B001135</bioguideId>
        <identifiers>
          <gpoId>8286</gpoId>
          <bioguideId>B001135</bioguideId>
          <lisID>153</lisID>
        </identifiers>
        <sponsorshipWithdrawnDate />
        <isOriginalCosponsor>True</isOriginalCosponsor>
      </item>
      <item>
        <sponsorshipDate>2013-03-19</sponsorshipDate>
        <lastName>INHOFE</lastName>
        <middleName />
        <firstName>JIM</firstName>
        <fullName>Sen. Inhofe, James M. [R-OK]</fullName>
        <bioguideId>I000024</bioguideId>
        <identifiers>
          <lisID>583</lisID>
          <gpoId>8322</gpoId>
          <bioguideId>I000024</bioguideId>
        </identifiers>
        <sponsorshipWithdrawnDate />
        <isOriginalCosponsor>True</isOriginalCosponsor>
      </item>
      <item>
        <sponsorshipDate>2013-03-19</sponsorshipDate>
        <lastName>COATS</lastName>
        <middleName>RAY</middleName>
        <firstName>DANIEL</firstName>
        <fullName>Sen. Coats, Daniel [R-IN]</fullName>
        <bioguideId>C000542</bioguideId>
        <identifiers>
          <bioguideId>C000542</bioguideId>
          <lisID>209</lisID>
          <gpoId>8299</gpoId>
        </identifiers>
        <sponsorshipWithdrawnDate />
        <isOriginalCosponsor>True</isOriginalCosponsor>
      </item>
      <item>
        <sponsorshipDate>2013-03-19</sponsorshipDate>
        <lastName>Isakson</lastName>
        <middleName />
        <firstName>Johnny</firstName>
        <fullName>Sen. Isakson, Johnny [R-GA]</fullName>
        <bioguideId>I000055</bioguideId>
        <identifiers>
          <lisID>1608</lisID>
          <bioguideId>I000055</bioguideId>
          <gpoId>8323</gpoId>
        </identifiers>
        <sponsorshipWithdrawnDate />
        <isOriginalCosponsor>True</isOriginalCosponsor>
      </item>
      <item>
        <sponsorshipDate>2013-03-19</sponsorshipDate>
        <lastName>Ayotte</lastName>
        <middleName />
        <firstName>Kelly</firstName>
        <fullName>Sen. Ayotte, Kelly [R-NH]</fullName>
        <bioguideId>A000368</bioguideId>
        <identifiers>
          <lisID>2075</lisID>
          <gpoId>8315</gpoId>
          <bioguideId>A000368</bioguideId>
        </identifiers>
        <sponsorshipWithdrawnDate />
        <isOriginalCosponsor>True</isOriginalCosponsor>
      </item>
      <item>
        <sponsorshipDate>2013-03-19</sponsorshipDate>
        <lastName>WICKER</lastName>
        <middleName>F.</middleName>
        <firstName>ROGER</firstName>
        <fullName>Sen. Wicker, Roger F. [R-MS]</fullName>
        <bioguideId>W000437</bioguideId>
        <identifiers>
          <gpoId>8263</gpoId>
          <lisID>1226</lisID>
          <bioguideId>W000437</bioguideId>
        </identifiers>
        <sponsorshipWithdrawnDate />
        <isOriginalCosponsor>True</isOriginalCosponsor>
      </item>
      <item>
        <sponsorshipDate>2013-03-20</sponsorshipDate>
        <lastName>Risch</lastName>
        <middleName>E.</middleName>
        <firstName>James</firstName>
        <fullName>Sen. Risch, James E. [R-ID]</fullName>
        <bioguideId>R000584</bioguideId>
        <identifiers>
          <bioguideId>R000584</bioguideId>
          <lisID>1896</lisID>
          <gpoId>8274</gpoId>
        </identifiers>
        <sponsorshipWithdrawnDate />
        <isOriginalCosponsor>False</isOriginalCosponsor>
      </item>
      <item>
        <sponsorshipDate>2013-03-21</sponsorshipDate>
        <lastName>CHAMBLISS</lastName>
        <middleName />
        <firstName>SAXBY</firstName>
        <fullName>Sen. Chambliss, Saxby [R-GA]</fullName>
        <bioguideId>C000286</bioguideId>
        <identifiers>
          <bioguideId>C000286</bioguideId>
          <lisID>188</lisID>
          <gpoId>8284</gpoId>
        </identifiers>
        <sponsorshipWithdrawnDate />
        <isOriginalCosponsor>False</isOriginalCosponsor>
      </item>
      <item>
        <sponsorshipDate>2013-04-08</sponsorshipDate>
        <lastName>COLLINS</lastName>
        <middleName>MARGARET</middleName>
        <firstName>SUSAN</firstName>
        <fullName>Sen. Collins, Susan M. [R-ME]</fullName>
        <bioguideId>C001035</bioguideId>
        <identifiers>
          <lisID>1541</lisID>
          <gpoId>8291</gpoId>
          <bioguideId>C001035</bioguideId>
        </identifiers>
        <sponsorshipWithdrawnDate />
        <isOriginalCosponsor>False</isOriginalCosponsor>
      </item>
      <item>
        <sponsorshipDate>2013-04-09</sponsorshipDate>
        <lastName>Alexander</lastName>
        <middleName />
        <firstName>Lamar</firstName>
        <fullName>Sen. Alexander, Lamar [R-TN]</fullName>
        <bioguideId>A000360</bioguideId>
        <identifiers>
          <bioguideId>A000360</bioguideId>
          <lisID>1695</lisID>
          <gpoId>8304</gpoId>
        </identifiers>
        <sponsorshipWithdrawnDate />
        <isOriginalCosponsor>False</isOriginalCosponsor>
      </item>
      <item>
        <sponsorshipDate>2013-04-15</sponsorshipDate>
        <lastName>ENZI</lastName>
        <middleName>B.</middleName>
        <firstName>MICHAEL</firstName>
        <fullName>Sen. Enzi, Michael B. [R-WY]</fullName>
        <bioguideId>E000285</bioguideId>
        <identifiers>
          <bioguideId>E000285</bioguideId>
          <lisID>1542</lisID>
          <gpoId>8328</gpoId>
        </identifiers>
        <sponsorshipWithdrawnDate />
        <isOriginalCosponsor>False</isOriginalCosponsor>
      </item>
      <item>
        <sponsorshipDate>2013-04-18</sponsorshipDate>
        <lastName>Rubio</lastName>
        <middleName />
        <firstName>Marco</firstName>
        <fullName>Sen. Rubio, Marco [R-FL]</fullName>
        <bioguideId>R000595</bioguideId>
        <identifiers>
          <bioguideId>R000595</bioguideId>
          <lisID>2084</lisID>
          <gpoId>8242</gpoId>
        </identifiers>
        <sponsorshipWithdrawnDate />
        <isOriginalCosponsor>False</isOriginalCosponsor>
      </item>
      <item>
        <sponsorshipDate>2013-04-18</sponsorshipDate>
        <lastName>FLAKE</lastName>
        <middleName />
        <firstName>JEFF</firstName>
        <fullName>Sen. Flake, Jeff [R-AZ]</fullName>
        <bioguideId>F000444</bioguideId>
        <identifiers>
          <bioguideId>F000444</bioguideId>
          <lisID>1633</lisID>
          <gpoId>7803</gpoId>
        </identifiers>
        <sponsorshipWithdrawnDate />
        <isOriginalCosponsor>False</isOriginalCosponsor>
      </item>
      <item>
        <sponsorshipDate>2013-04-23</sponsorshipDate>
        <lastName>Murkowski</lastName>
        <middleName />
        <firstName>Lisa</firstName>
        <fullName>Sen. Murkowski, Lisa [R-AK]</fullName>
        <bioguideId>M001153</bioguideId>
        <identifiers>
          <gpoId>8234</gpoId>
          <lisID>1694</lisID>
          <bioguideId>M001153</bioguideId>
        </identifiers>
        <sponsorshipWithdrawnDate />
        <isOriginalCosponsor>False</isOriginalCosponsor>
      </item>
      <item>
        <sponsorshipDate>2013-05-15</sponsorshipDate>
        <lastName>Scott</lastName>
        <middleName />
        <firstName>Tim</firstName>
        <fullName>Sen. Scott, Tim [R-SC]</fullName>
        <bioguideId>S001184</bioguideId>
        <identifiers>
          <lisID>2056</lisID>
          <bioguideId>S001184</bioguideId>
          <gpoId>8141</gpoId>
        </identifiers>
        <sponsorshipWithdrawnDate />
        <isOriginalCosponsor>False</isOriginalCosponsor>
      </item>
      <item>
        <sponsorshipDate>2013-05-16</sponsorshipDate>
        <lastName>MORAN</lastName>
        <middleName />
        <firstName>JERRY</firstName>
        <fullName>Sen. Moran, Jerry [R-KS]</fullName>
        <bioguideId>M000934</bioguideId>
        <identifiers>
          <bioguideId>M000934</bioguideId>
          <lisID>1507</lisID>
          <gpoId>8307</gpoId>
        </identifiers>
        <sponsorshipWithdrawnDate />
        <isOriginalCosponsor>False</isOriginalCosponsor>
      </item>
      <item>
        <sponsorshipDate>2013-06-12</sponsorshipDate>
        <lastName>ROBERTS</lastName>
        <middleName />
        <firstName>PAT</firstName>
        <fullName>Sen. Roberts, Pat [R-KS]</fullName>
        <bioguideId>R000307</bioguideId>
        <identifiers>
          <lisID>968</lisID>
          <gpoId>8275</gpoId>
          <bioguideId>R000307</bioguideId>
        </identifiers>
        <sponsorshipWithdrawnDate />
        <isOriginalCosponsor>False</isOriginalCosponsor>
      </item>
      <item>
        <sponsorshipDate>2013-06-19</sponsorshipDate>
        <lastName>Vitter</lastName>
        <middleName />
        <firstName>David</firstName>
        <fullName>Sen. Vitter, David [R-LA]</fullName>
        <bioguideId>V000127</bioguideId>
        <identifiers>
          <gpoId>8267</gpoId>
          <lisID>1609</lisID>
          <bioguideId>V000127</bioguideId>
        </identifiers>
        <sponsorshipWithdrawnDate />
        <isOriginalCosponsor>False</isOriginalCosponsor>
      </item>
      <item>
        <sponsorshipDate>2013-06-19</sponsorshipDate>
        <lastName>Toomey</lastName>
        <middleName />
        <firstName>Pat</firstName>
        <fullName>Sen. Toomey, Pat [R-PA]</fullName>
        <bioguideId>T000461</bioguideId>
        <identifiers>
          <lisID>1594</lisID>
          <bioguideId>T000461</bioguideId>
          <gpoId />
        </identifiers>
        <sponsorshipWithdrawnDate />
        <isOriginalCosponsor>False</isOriginalCosponsor>
      </item>
      <item>
        <sponsorshipDate>2013-06-19</sponsorshipDate>
        <lastName>Fischer</lastName>
        <middleName />
        <firstName>Deb</firstName>
        <fullName>Sen. Fischer, Deb [R-NE]</fullName>
        <bioguideId>F000463</bioguideId>
        <identifiers>
          <bioguideId>F000463</bioguideId>
          <lisID>2179</lisID>
          <gpoId />
        </identifiers>
        <sponsorshipWithdrawnDate />
        <isOriginalCosponsor>False</isOriginalCosponsor>
      </item>
      <item>
        <sponsorshipDate>2013-07-18</sponsorshipDate>
        <lastName>Sessions</lastName>
        <middleName />
        <firstName>Jeff</firstName>
        <fullName>Sen. Sessions, Jeff [R-AL]</fullName>
        <bioguideId>S001141</bioguideId>
        <identifiers>
          <bioguideId>S001141</bioguideId>
          <lisID>1548</lisID>
          <gpoId>8281</gpoId>
        </identifiers>
        <sponsorshipWithdrawnDate />
        <isOriginalCosponsor>False</isOriginalCosponsor>
      </item>
      <item>
        <sponsorshipDate>2013-09-17</sponsorshipDate>
        <lastName>Blunt</lastName>
        <middleName />
        <firstName>Roy</firstName>
        <fullName>Sen. Blunt, Roy [R-MO]</fullName>
        <bioguideId>B000575</bioguideId>
        <identifiers>
          <gpoId>8313</gpoId>
          <bioguideId>B000575</bioguideId>
          <lisID>1464</lisID>
        </identifiers>
        <sponsorshipWithdrawnDate />
        <isOriginalCosponsor>False</isOriginalCosponsor>
      </item>
      <item>
        <sponsorshipDate>2013-11-07</sponsorshipDate>
        <lastName>KIRK</lastName>
        <middleName>STEVEN</middleName>
        <firstName>MARK</firstName>
        <fullName>Sen. Kirk, Mark Steven [R-IL]</fullName>
        <bioguideId>K000360</bioguideId>
        <identifiers>
          <lisID>1647</lisID>
          <bioguideId>K000360</bioguideId>
          <gpoId>8285</gpoId>
        </identifiers>
        <sponsorshipWithdrawnDate />
        <isOriginalCosponsor>False</isOriginalCosponsor>
      </item>
      <item>
        <sponsorshipDate>2014-06-19</sponsorshipDate>
        <lastName>MCCAIN</lastName>
        <middleName>SIDNEY</middleName>
        <firstName>JOHN</firstName>
        <fullName>Sen. McCain, John [R-AZ]</fullName>
        <bioguideId>M000303</bioguideId>
        <identifiers>
          <bioguideId>M000303</bioguideId>
          <lisID>754</lisID>
          <gpoId>8253</gpoId>
        </identifiers>
        <sponsorshipWithdrawnDate />
        <isOriginalCosponsor>False</isOriginalCosponsor>
      </item>
    </cosponsors>
  </bill>
  <dublinCore xmlns:dc="http://purl.org/dc/elements/1.1/">
    <dc:format>text/xml</dc:format>
    <dc:language>EN</dc:language>
    <dc:rights>Pursuant to Title 17 Section 105 of the United States Code, this file is not subject to copyright protection and is in the public domain.</dc:rights>
    <dc:contributor>Congressional Research Service, Library of Congress</dc:contributor>
    <dc:description>This file contains bill summaries and statuses for federal legislation. A bill summary describes the most significant provisions of a piece of legislation and details the effects the legislative text may have on current law and federal programs. Bill summaries are authored by the Congressional Research Service (CRS) of the Library of Congress. As stated in Public Law 91-510 (2 USC 166 (d)(6)), one of the duties of CRS is "to prepare summaries and digests of bills and resolutions of a public general nature introduced in the Senate or House of Representatives". For more information, refer to the User Guide that accompanies this file.</dc:description>
  </dublinCore>
</billStatus>

