<?xml version="1.0" encoding="UTF-8"?>
<billStatus>
  <bill>
    <summaries>
      <billSummaries>
        <item>
          <versionCode>00</versionCode>
          <text><![CDATA[<p>American Liberty Restoration Act - Repeals provisions of the Patient Protection and Affordable Care Act that require individuals to maintain minimum essential health care coverage. Applies the Internal Revenue Code as if such provisions had never been enacted.</p>]]></text>
          <updateDate>2013-01-22T05:00:00Z</updateDate>
          <lastSummaryUpdateDate>2013-02-08T19:52:38Z</lastSummaryUpdateDate>
          <actionDate>2013-01-22</actionDate>
          <actionDesc>Introduced in Senate</actionDesc>
          <name>Introduced in Senate</name>
        </item>
      </billSummaries>
    </summaries>
    <sponsors>
      <item>
        <bioguideId>H000338</bioguideId>
        <fullName>Sen. Hatch, Orrin G. [R-UT]</fullName>
        <byRequestType />
        <lastName>HATCH</lastName>
        <firstName>ORRIN</firstName>
        <middleName>GRANT</middleName>
        <identifiers>
          <gpoId>8314</gpoId>
          <bioguideId>H000338</bioguideId>
          <lisID>1351</lisID>
        </identifiers>
      </item>
    </sponsors>
    <latestAction>
      <links />
      <actionDate>2013-01-22</actionDate>
      <text>Read twice and referred to the Committee on Finance.</text>
    </latestAction>
    <congress>113</congress>
    <billNumber>40</billNumber>
    <cboCostEstimates>
      <item>
        <title>S. 40, American Liberty Restoration Act</title>
        <pubDate>2014-03-21T22:05:27Z</pubDate>
        <url>http://www.cbo.gov/publication/45198</url>
      </item>
      <item>
        <title>S. 40, American Liberty Restoration Act</title>
        <pubDate>2014-03-21T22:05:27Z</pubDate>
        <url>https://www.cbo.gov/publication/45198</url>
      </item>
    </cboCostEstimates>
    <calendarNumbers />
    <billType>S</billType>
    <committees>
      <billCommittees>
        <item>
          <activities>
            <item>
              <date>2013-01-22T19:49:19Z</date>
              <name>Referred to</name>
            </item>
          </activities>
          <chamber>Senate</chamber>
          <type>Standing</type>
          <subcommittees />
          <name>Finance Committee</name>
          <systemCode>ssfi00</systemCode>
        </item>
      </billCommittees>
    </committees>
    <recordedVotes />
    <titles>
      <item>
        <parentTitleType />
        <title>American Liberty Restoration Act</title>
        <chamberName />
        <chamberCode />
        <titleType>Short Titles as Introduced</titleType>
      </item>
      <item>
        <parentTitleType />
        <title>A bill to restore Americans' individual liberty by striking the Federal mandate to purchase insurance.</title>
        <chamberName />
        <chamberCode />
        <titleType>Official Title as Introduced</titleType>
      </item>
      <item>
        <parentTitleType />
        <title>American Liberty Restoration Act</title>
        <chamberName />
        <chamberCode />
        <titleType>Display Title</titleType>
      </item>
    </titles>
    <laws />
    <originChamber>Senate</originChamber>
    <createDate>2013-01-23T10:00:53Z</createDate>
    <notes />
    <updateDate>2016-10-25T16:19:50Z</updateDate>
    <policyArea>
      <name>Health</name>
    </policyArea>
    <title>American Liberty Restoration Act</title>
    <committeeReports />
    <subjects>
      <billSubjects>
        <policyArea>
          <name>Health</name>
        </policyArea>
        <legislativeSubjects>
          <item>
            <name>Government information and archives</name>
          </item>
          <item>
            <name>Health care costs and insurance</name>
          </item>
          <item>
            <name>Health care coverage and access</name>
          </item>
          <item>
            <name>Tax administration and collection, taxpayers</name>
          </item>
        </legislativeSubjects>
      </billSubjects>
    </subjects>
    <relatedBills>
      <item>
        <latestAction>
          <text>Read twice and referred to the Committee on Finance.</text>
          <actionDate>2013-02-28</actionDate>
        </latestAction>
        <congress>113</congress>
        <latestTitle>American Job Protection Act</latestTitle>
        <relationshipDetails>
          <item>
            <identifiedBy>CRS</identifiedBy>
            <type>Related bill</type>
          </item>
        </relationshipDetails>
        <number>399</number>
        <type>S</type>
      </item>
    </relatedBills>
    <introducedDate>2013-01-22</introducedDate>
    <amendments />
    <actions>
      <actionTypeCounts>
        <introducedInSenate>1</introducedInSenate>
        <referredToCommittee>1</referredToCommittee>
      </actionTypeCounts>
      <item>
        <actionDate>2013-01-22</actionDate>
        <committee>
          <name>Finance Committee</name>
          <systemCode>ssfi00</systemCode>
        </committee>
        <links />
        <sourceSystem>
          <name>Senate</name>
          <code>0</code>
        </sourceSystem>
        <text>Read twice and referred to the Committee on Finance.</text>
        <type>IntroReferral</type>
      </item>
      <item>
        <committee />
        <actionCode>10000</actionCode>
        <type>IntroReferral</type>
        <sourceSystem>
          <name>Library of Congress</name>
          <code>9</code>
        </sourceSystem>
        <links />
        <text>Introduced in Senate</text>
        <actionDate>2013-01-22</actionDate>
      </item>
      <actionByCounts>
        <senate>2</senate>
      </actionByCounts>
    </actions>
    <cosponsors>
      <item>
        <firstName>Lamar</firstName>
        <fullName>Sen. Alexander, Lamar [R-TN]</fullName>
        <identifiers>
          <bioguideId>A000360</bioguideId>
          <lisID>1695</lisID>
          <gpoId>8304</gpoId>
        </identifiers>
        <bioguideId>A000360</bioguideId>
        <sponsorshipWithdrawnDate />
        <middleName />
        <isOriginalCosponsor>True</isOriginalCosponsor>
        <sponsorshipDate>2013-01-22</sponsorshipDate>
        <lastName>Alexander</lastName>
      </item>
      <item>
        <firstName>JIM</firstName>
        <fullName>Sen. Inhofe, James M. [R-OK]</fullName>
        <identifiers>
          <bioguideId>I000024</bioguideId>
          <lisID>583</lisID>
          <gpoId>8322</gpoId>
        </identifiers>
        <bioguideId>I000024</bioguideId>
        <sponsorshipWithdrawnDate />
        <middleName />
        <isOriginalCosponsor>True</isOriginalCosponsor>
        <sponsorshipDate>2013-01-22</sponsorshipDate>
        <lastName>INHOFE</lastName>
      </item>
      <item>
        <firstName>TOM</firstName>
        <fullName>Sen. Coburn, Tom [R-OK]</fullName>
        <identifiers>
          <lisID>212</lisID>
          <gpoId>8293</gpoId>
          <bioguideId>C000560</bioguideId>
        </identifiers>
        <bioguideId>C000560</bioguideId>
        <sponsorshipWithdrawnDate />
        <middleName />
        <isOriginalCosponsor>True</isOriginalCosponsor>
        <sponsorshipDate>2013-01-22</sponsorshipDate>
        <lastName>COBURN</lastName>
      </item>
      <item>
        <firstName>Johnny</firstName>
        <fullName>Sen. Isakson, Johnny [R-GA]</fullName>
        <identifiers>
          <lisID>1608</lisID>
          <gpoId>8323</gpoId>
          <bioguideId>I000055</bioguideId>
        </identifiers>
        <bioguideId>I000055</bioguideId>
        <sponsorshipWithdrawnDate />
        <middleName />
        <isOriginalCosponsor>True</isOriginalCosponsor>
        <sponsorshipDate>2013-01-22</sponsorshipDate>
        <lastName>Isakson</lastName>
      </item>
      <item>
        <firstName>Mike</firstName>
        <fullName>Sen. Johanns, Mike [R-NE]</fullName>
        <identifiers>
          <lisID>1899</lisID>
          <gpoId>8325</gpoId>
          <bioguideId>J000291</bioguideId>
        </identifiers>
        <bioguideId>J000291</bioguideId>
        <sponsorshipWithdrawnDate />
        <middleName />
        <isOriginalCosponsor>True</isOriginalCosponsor>
        <sponsorshipDate>2013-01-22</sponsorshipDate>
        <lastName>Johanns</lastName>
      </item>
      <item>
        <firstName>ROB</firstName>
        <fullName>Sen. Portman, Rob [R-OH]</fullName>
        <identifiers>
          <gpoId>8266</gpoId>
          <lisID>924</lisID>
          <bioguideId>P000449</bioguideId>
        </identifiers>
        <bioguideId>P000449</bioguideId>
        <sponsorshipWithdrawnDate />
        <middleName />
        <isOriginalCosponsor>True</isOriginalCosponsor>
        <sponsorshipDate>2013-01-22</sponsorshipDate>
        <lastName>PORTMAN</lastName>
      </item>
      <item>
        <firstName>ROGER</firstName>
        <fullName>Sen. Wicker, Roger F. [R-MS]</fullName>
        <identifiers>
          <bioguideId>W000437</bioguideId>
          <lisID>1226</lisID>
          <gpoId>8263</gpoId>
        </identifiers>
        <bioguideId>W000437</bioguideId>
        <sponsorshipWithdrawnDate />
        <middleName>F.</middleName>
        <isOriginalCosponsor>True</isOriginalCosponsor>
        <sponsorshipDate>2013-01-22</sponsorshipDate>
        <lastName>WICKER</lastName>
      </item>
      <item>
        <firstName>RICHARD</firstName>
        <fullName>Sen. Burr, Richard [R-NC]</fullName>
        <identifiers>
          <gpoId>8286</gpoId>
          <lisID>153</lisID>
          <bioguideId>B001135</bioguideId>
        </identifiers>
        <bioguideId>B001135</bioguideId>
        <sponsorshipWithdrawnDate />
        <middleName />
        <isOriginalCosponsor>True</isOriginalCosponsor>
        <sponsorshipDate>2013-01-22</sponsorshipDate>
        <lastName>BURR</lastName>
      </item>
      <item>
        <firstName>Deb</firstName>
        <fullName>Sen. Fischer, Deb [R-NE]</fullName>
        <identifiers>
          <gpoId />
          <bioguideId>F000463</bioguideId>
          <lisID>2179</lisID>
        </identifiers>
        <bioguideId>F000463</bioguideId>
        <sponsorshipWithdrawnDate />
        <middleName />
        <isOriginalCosponsor>True</isOriginalCosponsor>
        <sponsorshipDate>2013-01-22</sponsorshipDate>
        <lastName>Fischer</lastName>
      </item>
      <item>
        <firstName>John</firstName>
        <fullName>Sen. Barrasso, John [R-WY]</fullName>
        <identifiers>
          <lisID>1881</lisID>
          <bioguideId>B001261</bioguideId>
          <gpoId>8300</gpoId>
        </identifiers>
        <bioguideId>B001261</bioguideId>
        <sponsorshipWithdrawnDate />
        <middleName />
        <isOriginalCosponsor>True</isOriginalCosponsor>
        <sponsorshipDate>2013-01-22</sponsorshipDate>
        <lastName>Barrasso</lastName>
      </item>
      <item>
        <firstName>Marco</firstName>
        <fullName>Sen. Rubio, Marco [R-FL]</fullName>
        <identifiers>
          <bioguideId>R000595</bioguideId>
          <lisID>2084</lisID>
          <gpoId>8242</gpoId>
        </identifiers>
        <bioguideId>R000595</bioguideId>
        <sponsorshipWithdrawnDate />
        <middleName />
        <isOriginalCosponsor>True</isOriginalCosponsor>
        <sponsorshipDate>2013-01-22</sponsorshipDate>
        <lastName>Rubio</lastName>
      </item>
      <item>
        <firstName>SAXBY</firstName>
        <fullName>Sen. Chambliss, Saxby [R-GA]</fullName>
        <identifiers>
          <bioguideId>C000286</bioguideId>
          <lisID>188</lisID>
          <gpoId>8284</gpoId>
        </identifiers>
        <bioguideId>C000286</bioguideId>
        <sponsorshipWithdrawnDate />
        <middleName />
        <isOriginalCosponsor>True</isOriginalCosponsor>
        <sponsorshipDate>2013-01-22</sponsorshipDate>
        <lastName>CHAMBLISS</lastName>
      </item>
      <item>
        <firstName>James</firstName>
        <fullName>Sen. Risch, James E. [R-ID]</fullName>
        <identifiers>
          <gpoId>8274</gpoId>
          <lisID>1896</lisID>
          <bioguideId>R000584</bioguideId>
        </identifiers>
        <bioguideId>R000584</bioguideId>
        <sponsorshipWithdrawnDate />
        <middleName>E.</middleName>
        <isOriginalCosponsor>True</isOriginalCosponsor>
        <sponsorshipDate>2013-01-22</sponsorshipDate>
        <lastName>Risch</lastName>
      </item>
      <item>
        <firstName>John</firstName>
        <fullName>Sen. Cornyn, John [R-TX]</fullName>
        <identifiers>
          <lisID>1692</lisID>
          <bioguideId>C001056</bioguideId>
          <gpoId>8295</gpoId>
        </identifiers>
        <bioguideId>C001056</bioguideId>
        <sponsorshipWithdrawnDate />
        <middleName />
        <isOriginalCosponsor>True</isOriginalCosponsor>
        <sponsorshipDate>2013-01-22</sponsorshipDate>
        <lastName>Cornyn</lastName>
      </item>
      <item>
        <firstName>DANIEL</firstName>
        <fullName>Sen. Coats, Daniel [R-IN]</fullName>
        <identifiers>
          <lisID>209</lisID>
          <bioguideId>C000542</bioguideId>
          <gpoId>8299</gpoId>
        </identifiers>
        <bioguideId>C000542</bioguideId>
        <sponsorshipWithdrawnDate />
        <middleName>RAY</middleName>
        <isOriginalCosponsor>True</isOriginalCosponsor>
        <sponsorshipDate>2013-01-22</sponsorshipDate>
        <lastName>COATS</lastName>
      </item>
      <item>
        <firstName>SUSAN</firstName>
        <fullName>Sen. Collins, Susan M. [R-ME]</fullName>
        <identifiers>
          <lisID>1541</lisID>
          <bioguideId>C001035</bioguideId>
          <gpoId>8291</gpoId>
        </identifiers>
        <bioguideId>C001035</bioguideId>
        <sponsorshipWithdrawnDate />
        <middleName>MARGARET</middleName>
        <isOriginalCosponsor>True</isOriginalCosponsor>
        <sponsorshipDate>2013-01-22</sponsorshipDate>
        <lastName>COLLINS</lastName>
      </item>
      <item>
        <firstName>PAT</firstName>
        <fullName>Sen. Roberts, Pat [R-KS]</fullName>
        <identifiers>
          <gpoId>8275</gpoId>
          <lisID>968</lisID>
          <bioguideId>R000307</bioguideId>
        </identifiers>
        <bioguideId>R000307</bioguideId>
        <sponsorshipWithdrawnDate />
        <middleName />
        <isOriginalCosponsor>True</isOriginalCosponsor>
        <sponsorshipDate>2013-01-22</sponsorshipDate>
        <lastName>ROBERTS</lastName>
      </item>
      <item>
        <firstName>Lisa</firstName>
        <fullName>Sen. Murkowski, Lisa [R-AK]</fullName>
        <identifiers>
          <gpoId>8234</gpoId>
          <bioguideId>M001153</bioguideId>
          <lisID>1694</lisID>
        </identifiers>
        <bioguideId>M001153</bioguideId>
        <sponsorshipWithdrawnDate />
        <middleName />
        <isOriginalCosponsor>False</isOriginalCosponsor>
        <sponsorshipDate>2013-01-23</sponsorshipDate>
        <lastName>Murkowski</lastName>
      </item>
      <item>
        <firstName>Thad</firstName>
        <fullName>Sen. Cochran, Thad [R-MS]</fullName>
        <identifiers>
          <lisID>213</lisID>
          <gpoId>8292</gpoId>
          <bioguideId>C000567</bioguideId>
        </identifiers>
        <bioguideId>C000567</bioguideId>
        <sponsorshipWithdrawnDate />
        <middleName />
        <isOriginalCosponsor>False</isOriginalCosponsor>
        <sponsorshipDate>2013-01-23</sponsorshipDate>
        <lastName>Cochran</lastName>
      </item>
      <item>
        <firstName>MICHAEL</firstName>
        <fullName>Sen. Enzi, Michael B. [R-WY]</fullName>
        <identifiers>
          <bioguideId>E000285</bioguideId>
          <lisID>1542</lisID>
          <gpoId>8328</gpoId>
        </identifiers>
        <bioguideId>E000285</bioguideId>
        <sponsorshipWithdrawnDate />
        <middleName>B.</middleName>
        <isOriginalCosponsor>False</isOriginalCosponsor>
        <sponsorshipDate>2013-01-23</sponsorshipDate>
        <lastName>ENZI</lastName>
      </item>
      <item>
        <firstName>Roy</firstName>
        <fullName>Sen. Blunt, Roy [R-MO]</fullName>
        <identifiers>
          <gpoId>8313</gpoId>
          <lisID>1464</lisID>
          <bioguideId>B000575</bioguideId>
        </identifiers>
        <bioguideId>B000575</bioguideId>
        <sponsorshipWithdrawnDate />
        <middleName />
        <isOriginalCosponsor>False</isOriginalCosponsor>
        <sponsorshipDate>2013-01-23</sponsorshipDate>
        <lastName>Blunt</lastName>
      </item>
      <item>
        <firstName>John</firstName>
        <fullName>Sen. Hoeven, John [R-ND]</fullName>
        <identifiers>
          <gpoId>8331</gpoId>
          <bioguideId>H001061</bioguideId>
          <lisID>2079</lisID>
        </identifiers>
        <bioguideId>H001061</bioguideId>
        <sponsorshipWithdrawnDate />
        <middleName />
        <isOriginalCosponsor>False</isOriginalCosponsor>
        <sponsorshipDate>2013-01-24</sponsorshipDate>
        <lastName>Hoeven</lastName>
      </item>
      <item>
        <firstName>JEFF</firstName>
        <fullName>Sen. Flake, Jeff [R-AZ]</fullName>
        <identifiers>
          <gpoId>7803</gpoId>
          <bioguideId>F000444</bioguideId>
          <lisID>1633</lisID>
        </identifiers>
        <bioguideId>F000444</bioguideId>
        <sponsorshipWithdrawnDate />
        <middleName />
        <isOriginalCosponsor>False</isOriginalCosponsor>
        <sponsorshipDate>2013-01-24</sponsorshipDate>
        <lastName>FLAKE</lastName>
      </item>
      <item>
        <firstName>JOHN</firstName>
        <fullName>Sen. Thune, John [R-SD]</fullName>
        <identifiers>
          <lisID>1534</lisID>
          <bioguideId>T000250</bioguideId>
          <gpoId>8257</gpoId>
        </identifiers>
        <bioguideId>T000250</bioguideId>
        <sponsorshipWithdrawnDate />
        <middleName>R.</middleName>
        <isOriginalCosponsor>False</isOriginalCosponsor>
        <sponsorshipDate>2013-01-31</sponsorshipDate>
        <lastName>THUNE</lastName>
      </item>
      <item>
        <firstName>LINDSEY</firstName>
        <fullName>Sen. Graham, Lindsey [R-SC]</fullName>
        <identifiers>
          <bioguideId>G000359</bioguideId>
          <lisID>452</lisID>
          <gpoId>8335</gpoId>
        </identifiers>
        <bioguideId>G000359</bioguideId>
        <sponsorshipWithdrawnDate />
        <middleName>O.</middleName>
        <isOriginalCosponsor>False</isOriginalCosponsor>
        <sponsorshipDate>2013-02-07</sponsorshipDate>
        <lastName>GRAHAM</lastName>
      </item>
      <item>
        <firstName>Bob</firstName>
        <fullName>Sen. Corker, Bob [R-TN]</fullName>
        <identifiers>
          <gpoId>8294</gpoId>
          <bioguideId>C001071</bioguideId>
          <lisID>1825</lisID>
        </identifiers>
        <bioguideId>C001071</bioguideId>
        <sponsorshipWithdrawnDate />
        <middleName />
        <isOriginalCosponsor>False</isOriginalCosponsor>
        <sponsorshipDate>2013-07-18</sponsorshipDate>
        <lastName>Corker</lastName>
      </item>
      <item>
        <firstName>MARK</firstName>
        <fullName>Sen. Kirk, Mark Steven [R-IL]</fullName>
        <identifiers>
          <bioguideId>K000360</bioguideId>
          <lisID>1647</lisID>
          <gpoId>8285</gpoId>
        </identifiers>
        <bioguideId>K000360</bioguideId>
        <sponsorshipWithdrawnDate />
        <middleName>STEVEN</middleName>
        <isOriginalCosponsor>False</isOriginalCosponsor>
        <sponsorshipDate>2014-05-07</sponsorshipDate>
        <lastName>KIRK</lastName>
      </item>
    </cosponsors>
  </bill>
  <dublinCore xmlns:dc="http://purl.org/dc/elements/1.1/">
    <dc:format>text/xml</dc:format>
    <dc:language>EN</dc:language>
    <dc:rights>Pursuant to Title 17 Section 105 of the United States Code, this file is not subject to copyright protection and is in the public domain.</dc:rights>
    <dc:contributor>Congressional Research Service, Library of Congress</dc:contributor>
    <dc:description>This file contains bill summaries and statuses for federal legislation. A bill summary describes the most significant provisions of a piece of legislation and details the effects the legislative text may have on current law and federal programs. Bill summaries are authored by the Congressional Research Service (CRS) of the Library of Congress. As stated in Public Law 91-510 (2 USC 166 (d)(6)), one of the duties of CRS is "to prepare summaries and digests of bills and resolutions of a public general nature introduced in the Senate or House of Representatives". For more information, refer to the User Guide that accompanies this file.</dc:description>
  </dublinCore>
</billStatus>

