<?xml version="1.0" encoding="UTF-8"?>
<billStatus>
  <bill>
    <cosponsors />
    <latestAction>
      <actionDate>2013-08-02</actionDate>
      <links />
      <text>Referred to the House Committee on Oversight and Government Reform.</text>
    </latestAction>
    <amendments />
    <notes>
      <item>
        <text><![CDATA[For further action, see H.R.1451, which became Public Law 113-112 on 6/9/2014.]]></text>
        <links>
          <link>
            <name>H.R.1451</name>
            <url>/bill/113th-congress/house-bill/1451</url>
          </link>
        </links>
      </item>
    </notes>
    <laws />
    <createDate>2013-04-09T07:02:03Z</createDate>
    <summaries>
      <billSummaries>
        <item>
          <text><![CDATA[Designates the facility of the United States Postal Service located at 14 Main Street in Brockport, New York, as the "Staff Sergeant Nicholas J. Reid Post Office Building."]]></text>
          <name>Introduced in Senate</name>
          <versionCode>00</versionCode>
          <actionDate>2013-04-08</actionDate>
          <actionDesc>Introduced in Senate</actionDesc>
          <lastSummaryUpdateDate>2013-04-09T08:03:14Z</lastSummaryUpdateDate>
          <updateDate>2013-04-08T04:00:00Z</updateDate>
        </item>
      </billSummaries>
    </summaries>
    <titles>
      <item>
        <chamberName />
        <parentTitleType />
        <titleType>Official Title as Introduced</titleType>
        <chamberCode />
        <title>A bill to designate the facility of the United States Postal Service located at 14 Main Street in Brockport, New York, as the "Staff Sergeant Nicholas J. Reid Post Office Building".</title>
      </item>
      <item>
        <chamberName />
        <parentTitleType />
        <titleType>Display Title</titleType>
        <chamberCode />
        <title>A bill to designate the facility of the United States Postal Service located at 14 Main Street in Brockport, New York, as the "Staff Sergeant Nicholas J. Reid Post Office Building".</title>
      </item>
    </titles>
    <calendarNumbers>
      <item>
        <calendar>Senate Calendar of Business</calendar>
        <number>0157</number>
      </item>
    </calendarNumbers>
    <updateDate>2016-10-25T16:22:22Z</updateDate>
    <introducedDate>2013-04-08</introducedDate>
    <recordedVotes />
    <policyArea>
      <name>Government Operations and Politics</name>
    </policyArea>
    <subjects>
      <billSubjects>
        <policyArea>
          <name>Government Operations and Politics</name>
        </policyArea>
        <legislativeSubjects>
          <item>
            <name>Congressional tributes</name>
          </item>
          <item>
            <name>Government buildings, facilities, and property</name>
          </item>
          <item>
            <name>Military personnel and dependents</name>
          </item>
          <item>
            <name>New York State</name>
          </item>
          <item>
            <name>Postal service</name>
          </item>
        </legislativeSubjects>
      </billSubjects>
    </subjects>
    <actions>
      <item>
        <sourceSystem>
          <code>2</code>
          <name>House floor actions</name>
        </sourceSystem>
        <actionDate>2013-08-02</actionDate>
        <committee>
          <systemCode>hsgo00</systemCode>
          <name>Oversight and Government Reform Committee</name>
        </committee>
        <actionCode>H11100</actionCode>
        <type>IntroReferral</type>
        <links />
        <text>Referred to the House Committee on Oversight and Government Reform.</text>
      </item>
      <item>
        <actionDate>2013-08-02</actionDate>
        <committee />
        <links />
        <sourceSystem>
          <code>0</code>
          <name>Senate</name>
        </sourceSystem>
        <text>Message on Senate action sent to the House.</text>
        <type>Floor</type>
      </item>
      <item>
        <sourceSystem>
          <code>2</code>
          <name>House floor actions</name>
        </sourceSystem>
        <actionDate>2013-08-02</actionDate>
        <actionTime>10:07:05</actionTime>
        <committee />
        <actionCode>H14000</actionCode>
        <links />
        <text>Received in the House.</text>
        <type>Floor</type>
      </item>
      <item>
        <actionDate>2013-08-01</actionDate>
        <committee />
        <links>
          <link>
            <name>S6258-6259</name>
            <url>/congressional-record/2013/senate-section/page/S6258-6259</url>
          </link>
          <link>
            <name>S6259</name>
            <url>/congressional-record/2013/senate-section/page/S6259</url>
          </link>
        </links>
        <sourceSystem>
          <code>0</code>
          <name>Senate</name>
        </sourceSystem>
        <text>Passed Senate without amendment by Unanimous Consent. (consideration: CR S6258-6259; text as passed Senate: CR S6259)</text>
        <type>Floor</type>
      </item>
      <item>
        <sourceSystem>
          <code>9</code>
          <name>Library of Congress</name>
        </sourceSystem>
        <actionDate>2013-08-01</actionDate>
        <committee />
        <actionCode>17000</actionCode>
        <type>Floor</type>
        <links>
          <link>
            <name>S6258-6259</name>
            <url>/congressional-record/2013/senate-section/page/S6258-6259</url>
          </link>
          <link>
            <name>S6259</name>
            <url>/congressional-record/2013/senate-section/page/S6259</url>
          </link>
        </links>
        <text>Passed/agreed to in Senate: Passed Senate without amendment by Unanimous Consent.(consideration: CR S6258-6259; text as passed Senate: CR S6259)</text>
      </item>
      <item>
        <actionDate>2013-07-31</actionDate>
        <committee />
        <links />
        <sourceSystem>
          <code>0</code>
          <name>Senate</name>
        </sourceSystem>
        <text>Placed on Senate Legislative Calendar under General Orders. Calendar No. 157.</text>
        <type>Calendars</type>
      </item>
      <item>
        <actionDate>2013-07-31</actionDate>
        <committee>
          <systemCode>ssga00</systemCode>
          <name>Homeland Security and Governmental Affairs Committee</name>
        </committee>
        <links />
        <sourceSystem>
          <code>0</code>
          <name>Senate</name>
        </sourceSystem>
        <text>Committee on Homeland Security and Governmental Affairs. Reported by Senator Carper without amendment. Without written report.</text>
        <type>Committee</type>
      </item>
      <item>
        <sourceSystem>
          <code>9</code>
          <name>Library of Congress</name>
        </sourceSystem>
        <actionDate>2013-07-31</actionDate>
        <committee>
          <systemCode>ssga00</systemCode>
          <name>Homeland Security and Governmental Affairs Committee</name>
        </committee>
        <actionCode>14000</actionCode>
        <type>Committee</type>
        <links />
        <text>Committee on Homeland Security and Governmental Affairs. Reported by Senator Carper without amendment. Without written report.</text>
      </item>
      <item>
        <actionDate>2013-07-31</actionDate>
        <committee>
          <systemCode>ssga00</systemCode>
          <name>Homeland Security and Governmental Affairs Committee</name>
        </committee>
        <links />
        <sourceSystem>
          <code>0</code>
          <name>Senate</name>
        </sourceSystem>
        <text>Committee on Homeland Security and Governmental Affairs. Ordered to be reported without amendment favorably.</text>
        <type>Committee</type>
      </item>
      <item>
        <actionDate>2013-04-08</actionDate>
        <committee>
          <systemCode>ssga00</systemCode>
          <name>Homeland Security and Governmental Affairs Committee</name>
        </committee>
        <links />
        <sourceSystem>
          <code>0</code>
          <name>Senate</name>
        </sourceSystem>
        <text>Read twice and referred to the Committee on Homeland Security and Governmental Affairs.</text>
        <type>IntroReferral</type>
      </item>
      <item>
        <sourceSystem>
          <code>9</code>
          <name>Library of Congress</name>
        </sourceSystem>
        <actionDate>2013-04-08</actionDate>
        <committee />
        <actionCode>10000</actionCode>
        <type>IntroReferral</type>
        <links />
        <text>Introduced in Senate</text>
      </item>
      <actionByCounts>
        <houseOfRepresentatives>2</houseOfRepresentatives>
        <senate>9</senate>
      </actionByCounts>
      <actionTypeCounts>
        <passedAgreedToInSenate>1</passedAgreedToInSenate>
        <placedOnCalendarGeneralOrders>1</placedOnCalendarGeneralOrders>
        <introducedInSenate>1</introducedInSenate>
        <passedSenate>1</passedSenate>
        <reportedToSenate>2</reportedToSenate>
        <referredToCommittee>1</referredToCommittee>
        <receivedInTheHouse>1</receivedInTheHouse>
        <sentToHouse>1</sentToHouse>
        <billReferrals>1</billReferrals>
        <orderedReported>1</orderedReported>
      </actionTypeCounts>
    </actions>
    <originChamber>Senate</originChamber>
    <committees>
      <billCommittees>
        <item>
          <subcommittees />
          <chamber>House</chamber>
          <systemCode>hsgo00</systemCode>
          <type>Standing</type>
          <activities>
            <item>
              <name>Referred to</name>
              <date>2013-08-02T15:00:38Z</date>
            </item>
          </activities>
          <name>Oversight and Government Reform Committee</name>
        </item>
        <item>
          <subcommittees />
          <chamber>Senate</chamber>
          <systemCode>ssga00</systemCode>
          <type>Standing</type>
          <activities>
            <item>
              <name>Reported by</name>
              <date>2013-07-31T23:23:54Z</date>
            </item>
            <item>
              <name>Markup by</name>
              <date>2013-07-31T13:13:55Z</date>
            </item>
            <item>
              <name>Referred to</name>
              <date>2013-04-08T20:50:11Z</date>
            </item>
          </activities>
          <name>Homeland Security and Governmental Affairs Committee</name>
        </item>
      </billCommittees>
    </committees>
    <cboCostEstimates />
    <billNumber>668</billNumber>
    <title>A bill to designate the facility of the United States Postal Service located at 14 Main Street in Brockport, New York, as the "Staff Sergeant Nicholas J. Reid Post Office Building".</title>
    <billType>S</billType>
    <committeeReports />
    <congress>113</congress>
    <sponsors>
      <item>
        <lastName>Gillibrand</lastName>
        <fullName>Sen. Gillibrand, Kirsten E. [D-NY]</fullName>
        <byRequestType />
        <identifiers>
          <gpoId>8336</gpoId>
          <lisID>1866</lisID>
          <bioguideId>G000555</bioguideId>
        </identifiers>
        <bioguideId>G000555</bioguideId>
        <firstName>Kirsten</firstName>
        <middleName>E.</middleName>
      </item>
    </sponsors>
    <relatedBills>
      <item>
        <type>HR</type>
        <congress>113</congress>
        <latestTitle>To designate the facility of the United States Postal Service located at 14 Main Street in Brockport, New York, as the "Staff Sergeant Nicholas J. Reid Post Office Building".</latestTitle>
        <latestAction>
          <actionDate>2014-06-09</actionDate>
          <text>Became Public Law No: 113-112.</text>
        </latestAction>
        <relationshipDetails>
          <item>
            <identifiedBy>House</identifiedBy>
            <type>Related bill</type>
          </item>
        </relationshipDetails>
        <number>1451</number>
      </item>
    </relatedBills>
  </bill>
  <dublinCore xmlns:dc="http://purl.org/dc/elements/1.1/">
    <dc:format>text/xml</dc:format>
    <dc:language>EN</dc:language>
    <dc:rights>Pursuant to Title 17 Section 105 of the United States Code, this file is not subject to copyright protection and is in the public domain.</dc:rights>
    <dc:contributor>Congressional Research Service, Library of Congress</dc:contributor>
    <dc:description>This file contains bill summaries and statuses for federal legislation. A bill summary describes the most significant provisions of a piece of legislation and details the effects the legislative text may have on current law and federal programs. Bill summaries are authored by the Congressional Research Service (CRS) of the Library of Congress. As stated in Public Law 91-510 (2 USC 166 (d)(6)), one of the duties of CRS is "to prepare summaries and digests of bills and resolutions of a public general nature introduced in the Senate or House of Representatives". For more information, refer to the User Guide that accompanies this file.</dc:description>
  </dublinCore>
</billStatus>

