<?xml version="1.0" encoding="UTF-8"?>
<billStatus>
  <bill>
    <actions>
      <actionByCounts>
        <senate>2</senate>
      </actionByCounts>
      <actionTypeCounts>
        <referredToCommittee>1</referredToCommittee>
        <introducedInSenate>1</introducedInSenate>
      </actionTypeCounts>
      <item>
        <actionDate>2013-01-23</actionDate>
        <committee>
          <name>Judiciary Committee</name>
          <systemCode>ssju00</systemCode>
        </committee>
        <links />
        <sourceSystem>
          <code>0</code>
          <name>Senate</name>
        </sourceSystem>
        <text>Read twice and referred to the Committee on the Judiciary.</text>
        <type>IntroReferral</type>
      </item>
      <item>
        <sourceSystem>
          <code>9</code>
          <name>Library of Congress</name>
        </sourceSystem>
        <type>IntroReferral</type>
        <actionDate>2013-01-23</actionDate>
        <text>Introduced in Senate</text>
        <committee />
        <actionCode>10000</actionCode>
        <links />
      </item>
    </actions>
    <title>A bill for the relief of Hussein Bazzi.</title>
    <cosponsors />
    <sponsors>
      <item>
        <middleName>MILTON</middleName>
        <firstName>CARL</firstName>
        <byRequestType />
        <bioguideId>L000261</bioguideId>
        <fullName>Sen. Levin, Carl [D-MI]</fullName>
        <lastName>LEVIN</lastName>
        <identifiers>
          <gpoId>8243</gpoId>
          <bioguideId>L000261</bioguideId>
          <lisID>1384</lisID>
        </identifiers>
      </item>
    </sponsors>
    <subjects>
      <billSubjects>
        <policyArea>
          <name>Private Legislation</name>
        </policyArea>
        <legislativeSubjects />
      </billSubjects>
    </subjects>
    <updateDate>2016-10-25T16:19:59Z</updateDate>
    <originChamber>Senate</originChamber>
    <titles>
      <item>
        <parentTitleType />
        <title>A bill for the relief of Hussein Bazzi.</title>
        <chamberName />
        <chamberCode />
        <titleType>Official Title as Introduced</titleType>
      </item>
      <item>
        <parentTitleType />
        <title>A bill for the relief of Hussein Bazzi.</title>
        <chamberName />
        <chamberCode />
        <titleType>Display Title</titleType>
      </item>
    </titles>
    <createDate>2013-01-24T07:00:55Z</createDate>
    <congress>113</congress>
    <introducedDate>2013-01-23</introducedDate>
    <latestAction>
      <links />
      <actionDate>2013-01-23</actionDate>
      <text>Read twice and referred to the Committee on the Judiciary.</text>
    </latestAction>
    <laws />
    <relatedBills />
    <notes />
    <recordedVotes />
    <cboCostEstimates />
    <policyArea>
      <name>Private Legislation</name>
    </policyArea>
    <billNumber>78</billNumber>
    <billType>S</billType>
    <committees>
      <billCommittees>
        <item>
          <subcommittees />
          <chamber>Senate</chamber>
          <systemCode>ssju00</systemCode>
          <type>Standing</type>
          <activities>
            <item>
              <name>Referred to</name>
              <date>2013-01-23T17:46:53Z</date>
            </item>
          </activities>
          <name>Judiciary Committee</name>
        </item>
      </billCommittees>
    </committees>
    <amendments />
    <summaries>
      <billSummaries>
        <item>
          <actionDesc>Introduced in Senate</actionDesc>
          <actionDate>2013-01-23</actionDate>
          <updateDate>2013-01-23T05:00:00Z</updateDate>
          <versionCode>00</versionCode>
          <lastSummaryUpdateDate>2013-01-24T09:02:08Z</lastSummaryUpdateDate>
          <name>Introduced in Senate</name>
          <text><![CDATA[Provides for the relief of Hussein Bazzi.]]></text>
        </item>
      </billSummaries>
    </summaries>
    <calendarNumbers />
    <committeeReports />
  </bill>
  <dublinCore xmlns:dc="http://purl.org/dc/elements/1.1/">
    <dc:format>text/xml</dc:format>
    <dc:language>EN</dc:language>
    <dc:rights>Pursuant to Title 17 Section 105 of the United States Code, this file is not subject to copyright protection and is in the public domain.</dc:rights>
    <dc:contributor>Congressional Research Service, Library of Congress</dc:contributor>
    <dc:description>This file contains bill summaries and statuses for federal legislation. A bill summary describes the most significant provisions of a piece of legislation and details the effects the legislative text may have on current law and federal programs. Bill summaries are authored by the Congressional Research Service (CRS) of the Library of Congress. As stated in Public Law 91-510 (2 USC 166 (d)(6)), one of the duties of CRS is "to prepare summaries and digests of bills and resolutions of a public general nature introduced in the Senate or House of Representatives". For more information, refer to the User Guide that accompanies this file.</dc:description>
  </dublinCore>
</billStatus>

