<?xml version="1.0" encoding="UTF-8"?>
<billStatus>
  <bill>
    <sponsors>
      <item>
        <lastName>DURBIN</lastName>
        <fullName>Sen. Durbin, Richard [D-IL]</fullName>
        <middleName>J.</middleName>
        <firstName>RICHARD</firstName>
        <identifiers>
          <bioguideId>D000563</bioguideId>
          <lisID>326</lisID>
          <gpoId>8326</gpoId>
        </identifiers>
        <byRequestType />
        <bioguideId>D000563</bioguideId>
      </item>
    </sponsors>
    <latestAction>
      <links />
      <text>Sponsor introductory remarks on measure. (CR S6105)</text>
      <actionDate>2013-07-31</actionDate>
    </latestAction>
    <laws />
    <createDate>2013-07-25T12:14:07Z</createDate>
    <updateDate>2016-10-25T16:26:14Z</updateDate>
    <committees>
      <billCommittees>
        <item>
          <subcommittees />
          <chamber>Senate</chamber>
          <systemCode>sscm00</systemCode>
          <type>Standing</type>
          <activities>
            <item>
              <name>Referred to</name>
              <date>2013-07-24T21:08:44Z</date>
            </item>
          </activities>
          <name>Commerce, Science, and Transportation Committee</name>
        </item>
      </billCommittees>
    </committees>
    <recordedVotes />
    <introducedDate>2013-07-24</introducedDate>
    <relatedBills />
    <billNumber>1359</billNumber>
    <amendments />
    <billType>S</billType>
    <actions>
      <actionTypeCounts>
        <referredToCommittee>1</referredToCommittee>
        <placeholderTextForB>1</placeholderTextForB>
        <introducedInSenate>1</introducedInSenate>
      </actionTypeCounts>
      <item>
        <sourceSystem>
          <name>Library of Congress</name>
          <code>9</code>
        </sourceSystem>
        <actionDate>2013-07-31</actionDate>
        <links>
          <link>
            <name>S6105</name>
            <url>/congressional-record/2013/senate-section/page/S6105</url>
          </link>
        </links>
        <text>Sponsor introductory remarks on measure. (CR S6105)</text>
        <type>IntroReferral</type>
        <actionCode>B00100</actionCode>
        <committee />
      </item>
      <item>
        <actionDate>2013-07-24</actionDate>
        <committee>
          <systemCode>sscm00</systemCode>
          <name>Commerce, Science, and Transportation Committee</name>
        </committee>
        <links>
          <link>
            <name>S5912-5916</name>
            <url>/congressional-record/2013/senate-section/page/S5912-5916</url>
          </link>
        </links>
        <sourceSystem>
          <name>Senate</name>
          <code>0</code>
        </sourceSystem>
        <text>Read twice and referred to the Committee on Commerce, Science, and Transportation. (text of measure as introduced: CR S5912-5916)</text>
        <type>IntroReferral</type>
      </item>
      <item>
        <sourceSystem>
          <name>Library of Congress</name>
          <code>9</code>
        </sourceSystem>
        <actionDate>2013-07-24</actionDate>
        <links />
        <text>Introduced in Senate</text>
        <type>IntroReferral</type>
        <actionCode>10000</actionCode>
        <committee />
      </item>
      <actionByCounts>
        <senate>2</senate>
      </actionByCounts>
    </actions>
    <policyArea>
      <name>Environmental Protection</name>
    </policyArea>
    <cosponsors />
    <cboCostEstimates />
    <summaries>
      <billSummaries>
        <item>
          <actionDesc>Introduced in Senate</actionDesc>
          <actionDate>2013-07-24</actionDate>
          <updateDate>2013-07-24T04:00:00Z</updateDate>
          <versionCode>00</versionCode>
          <lastSummaryUpdateDate>2013-09-17T16:01:43Z</lastSummaryUpdateDate>
          <name>Introduced in Senate</name>
          <text><![CDATA[<p>Clean Cruise Ship Act of 2013 - Declares the purpose of this Act to be the establishment of national standards and prohibitions for discharges from cruise vessels. Defines &quot;cruise vessel&quot; as a passenger vessel that is authorized to carry at least 250 passengers and has onboard sleeping facilities for each passenger. Excludes vessels owned or operated by federal, state, or local governments.</p> <p>Amends the Federal Water Pollution Control Act (commonly known as the Clean Water Act) to prohibit cruise vessels departing from, or calling on, a U.S. port from discharging effluents, including sewage or sewage sludge, incinerator ash, hazardous waste, graywater, or bilge water, into navigable waters. Allows an exception for discharges made solely to secure the safety of a cruise vessel or to save a human life at sea.</p> <p>Requires the Administrator of the Environmental Protection Agency (EPA) to: (1) promulgate effluent limits for sewage, graywater, and bilge water discharges from cruise vessels; (2) establish dates for compliance with such limits; (3) require sampling, monitoring, and reporting to ensure compliance with such limits and other applicable requirements; and (4) establish an inspection program to ensure the compliance of cruise vessels with the requirements of this Act.</p> <p>Requires the Commandant of the Coast Guard, in consultation with the Administrator, to establish and carry out a program for hiring and placing trained, independent, observers on cruise vessels to monitor and inspect vessel operations, equipment, and discharges.</p> <p>Establishes in the Treasury the Cruise Vessel Pollution Control Fund. Requires the Commandant and the Administrator to collect fees from cruise vessels and deposit such fees in the Fund for use in carrying out this Act.</p>]]></text>
        </item>
      </billSummaries>
    </summaries>
    <committeeReports />
    <title>Clean Cruise Ship Act of 2013</title>
    <calendarNumbers />
    <notes />
    <subjects>
      <billSubjects>
        <policyArea>
          <name>Environmental Protection</name>
        </policyArea>
        <legislativeSubjects>
          <item>
            <name>Business records</name>
          </item>
          <item>
            <name>Environmental assessment, monitoring, research</name>
          </item>
          <item>
            <name>Hazardous wastes and toxic substances</name>
          </item>
          <item>
            <name>Licensing and registrations</name>
          </item>
          <item>
            <name>Marine and inland water transportation</name>
          </item>
          <item>
            <name>Marine pollution</name>
          </item>
          <item>
            <name>Solid waste and recycling</name>
          </item>
          <item>
            <name>Travel and tourism</name>
          </item>
          <item>
            <name>User charges and fees</name>
          </item>
          <item>
            <name>Water quality</name>
          </item>
        </legislativeSubjects>
      </billSubjects>
    </subjects>
    <congress>113</congress>
    <originChamber>Senate</originChamber>
    <titles>
      <item>
        <title>Clean Cruise Ship Act of 2013</title>
        <titleType>Short Titles as Introduced</titleType>
        <parentTitleType />
        <chamberName />
        <chamberCode />
      </item>
      <item>
        <title>A bill to amend the Federal Water Pollution Control Act to establish national standards for discharges from cruise vessels.</title>
        <titleType>Official Title as Introduced</titleType>
        <parentTitleType />
        <chamberName />
        <chamberCode />
      </item>
      <item>
        <title>Clean Cruise Ship Act of 2013</title>
        <titleType>Display Title</titleType>
        <parentTitleType />
        <chamberName />
        <chamberCode />
      </item>
    </titles>
  </bill>
  <dublinCore xmlns:dc="http://purl.org/dc/elements/1.1/">
    <dc:format>text/xml</dc:format>
    <dc:language>EN</dc:language>
    <dc:rights>Pursuant to Title 17 Section 105 of the United States Code, this file is not subject to copyright protection and is in the public domain.</dc:rights>
    <dc:contributor>Congressional Research Service, Library of Congress</dc:contributor>
    <dc:description>This file contains bill summaries and statuses for federal legislation. A bill summary describes the most significant provisions of a piece of legislation and details the effects the legislative text may have on current law and federal programs. Bill summaries are authored by the Congressional Research Service (CRS) of the Library of Congress. As stated in Public Law 91-510 (2 USC 166 (d)(6)), one of the duties of CRS is "to prepare summaries and digests of bills and resolutions of a public general nature introduced in the Senate or House of Representatives". For more information, refer to the User Guide that accompanies this file.</dc:description>
  </dublinCore>
</billStatus>

