<?xml version="1.0" encoding="UTF-8"?>
<billStatus>
  <bill>
    <titles>
      <item>
        <chamberCode />
        <parentTitleType />
        <titleType>Short Titles as Introduced</titleType>
        <title>Medicare Mental Health Access Act</title>
        <chamberName />
      </item>
      <item>
        <chamberCode />
        <parentTitleType />
        <titleType>Official Title as Introduced</titleType>
        <title>A bill to amend title XVIII of the Social Security Act to provide for treatment of clinical psychologists as physicians for purposes of furnishing clinical psychologist services under the Medicare program.</title>
        <chamberName />
      </item>
      <item>
        <chamberCode />
        <parentTitleType />
        <titleType>Display Title</titleType>
        <title>Medicare Mental Health Access Act</title>
        <chamberName />
      </item>
    </titles>
    <introducedDate>2013-05-23</introducedDate>
    <notes />
    <calendarNumbers />
    <committees>
      <billCommittees>
        <item>
          <subcommittees />
          <chamber>Senate</chamber>
          <systemCode>ssfi00</systemCode>
          <type>Standing</type>
          <activities>
            <item>
              <name>Referred to</name>
              <date>2013-05-23T21:12:25Z</date>
            </item>
          </activities>
          <name>Finance Committee</name>
        </item>
      </billCommittees>
    </committees>
    <sponsors>
      <item>
        <lastName>BROWN</lastName>
        <middleName />
        <bioguideId>B000944</bioguideId>
        <firstName>SHERROD</firstName>
        <byRequestType />
        <fullName>Sen. Brown, Sherrod [D-OH]</fullName>
        <identifiers>
          <gpoId>8309</gpoId>
          <lisID>136</lisID>
          <bioguideId>B000944</bioguideId>
        </identifiers>
      </item>
    </sponsors>
    <subjects>
      <billSubjects>
        <policyArea>
          <name>Health</name>
        </policyArea>
        <legislativeSubjects>
          <item>
            <name>Health personnel</name>
          </item>
          <item>
            <name>Medicare</name>
          </item>
          <item>
            <name>Mental health</name>
          </item>
        </legislativeSubjects>
      </billSubjects>
    </subjects>
    <originChamber>Senate</originChamber>
    <createDate>2013-05-24T07:01:36Z</createDate>
    <congress>113</congress>
    <cosponsors>
      <item>
        <lastName>King</lastName>
        <sponsorshipDate>2013-07-11</sponsorshipDate>
        <firstName>Angus</firstName>
        <identifiers>
          <bioguideId>K000383</bioguideId>
          <lisID>2185</lisID>
          <gpoId />
        </identifiers>
        <isOriginalCosponsor>False</isOriginalCosponsor>
        <bioguideId>K000383</bioguideId>
        <fullName>Sen. King, Angus S. Jr. [I-ME]</fullName>
        <middleName />
        <sponsorshipWithdrawnDate />
      </item>
      <item>
        <lastName>Heinrich</lastName>
        <sponsorshipDate>2013-07-24</sponsorshipDate>
        <firstName>Martin</firstName>
        <identifiers>
          <gpoId>8056</gpoId>
          <bioguideId>H001046</bioguideId>
          <lisID>1937</lisID>
        </identifiers>
        <isOriginalCosponsor>False</isOriginalCosponsor>
        <bioguideId>H001046</bioguideId>
        <fullName>Sen. Heinrich, Martin [D-NM]</fullName>
        <middleName />
        <sponsorshipWithdrawnDate />
      </item>
      <item>
        <lastName>SCHUMER</lastName>
        <sponsorshipDate>2013-08-01</sponsorshipDate>
        <firstName>CHARLES</firstName>
        <identifiers>
          <bioguideId>S000148</bioguideId>
          <lisID>1036</lisID>
          <gpoId>8279</gpoId>
        </identifiers>
        <isOriginalCosponsor>False</isOriginalCosponsor>
        <bioguideId>S000148</bioguideId>
        <fullName>Sen. Schumer, Charles E. [D-NY]</fullName>
        <middleName>E.</middleName>
        <sponsorshipWithdrawnDate />
      </item>
      <item>
        <lastName>Hirono</lastName>
        <sponsorshipDate>2013-09-09</sponsorshipDate>
        <firstName>Mazie</firstName>
        <identifiers>
          <bioguideId>H001042</bioguideId>
          <lisID>1844</lisID>
          <gpoId>7913</gpoId>
        </identifiers>
        <isOriginalCosponsor>False</isOriginalCosponsor>
        <bioguideId>H001042</bioguideId>
        <fullName>Sen. Hirono, Mazie K. [D-HI]</fullName>
        <middleName>K.</middleName>
        <sponsorshipWithdrawnDate />
      </item>
      <item>
        <lastName>Schatz</lastName>
        <sponsorshipDate>2013-09-30</sponsorshipDate>
        <firstName>Brian</firstName>
        <identifiers>
          <gpoId />
          <lisID>2173</lisID>
          <bioguideId>S001194</bioguideId>
        </identifiers>
        <isOriginalCosponsor>False</isOriginalCosponsor>
        <bioguideId>S001194</bioguideId>
        <fullName>Sen. Schatz, Brian [D-HI]</fullName>
        <middleName />
        <sponsorshipWithdrawnDate />
      </item>
      <item>
        <lastName>Begich</lastName>
        <sponsorshipDate>2013-12-16</sponsorshipDate>
        <firstName>Mark</firstName>
        <identifiers>
          <bioguideId>B001265</bioguideId>
          <lisID>1898</lisID>
          <gpoId>8301</gpoId>
        </identifiers>
        <isOriginalCosponsor>False</isOriginalCosponsor>
        <bioguideId>B001265</bioguideId>
        <fullName>Sen. Begich, Mark [D-AK]</fullName>
        <middleName />
        <sponsorshipWithdrawnDate />
      </item>
      <item>
        <lastName>UDALL</lastName>
        <sponsorshipDate>2014-03-11</sponsorshipDate>
        <firstName>TOM</firstName>
        <identifiers>
          <gpoId>8260</gpoId>
          <lisID>1567</lisID>
          <bioguideId>U000039</bioguideId>
        </identifiers>
        <isOriginalCosponsor>False</isOriginalCosponsor>
        <bioguideId>U000039</bioguideId>
        <fullName>Sen. Udall, Tom [D-NM]</fullName>
        <middleName />
        <sponsorshipWithdrawnDate />
      </item>
      <item>
        <lastName>COLLINS</lastName>
        <sponsorshipDate>2014-03-24</sponsorshipDate>
        <firstName>SUSAN</firstName>
        <identifiers>
          <lisID>1541</lisID>
          <gpoId>8291</gpoId>
          <bioguideId>C001035</bioguideId>
        </identifiers>
        <isOriginalCosponsor>False</isOriginalCosponsor>
        <bioguideId>C001035</bioguideId>
        <fullName>Sen. Collins, Susan M. [R-ME]</fullName>
        <middleName>MARGARET</middleName>
        <sponsorshipWithdrawnDate />
      </item>
      <item>
        <lastName>LANDRIEU</lastName>
        <sponsorshipDate>2014-07-07</sponsorshipDate>
        <firstName>MARY</firstName>
        <identifiers>
          <gpoId>8251</gpoId>
          <lisID>1546</lisID>
          <bioguideId>L000550</bioguideId>
        </identifiers>
        <isOriginalCosponsor>False</isOriginalCosponsor>
        <bioguideId>L000550</bioguideId>
        <fullName>Sen. Landrieu, Mary L. [D-LA]</fullName>
        <middleName />
        <sponsorshipWithdrawnDate />
      </item>
      <item>
        <lastName>Heitkamp</lastName>
        <sponsorshipDate>2014-07-09</sponsorshipDate>
        <firstName>Heidi</firstName>
        <identifiers>
          <gpoId />
          <bioguideId>H001069</bioguideId>
          <lisID>2174</lisID>
        </identifiers>
        <isOriginalCosponsor>False</isOriginalCosponsor>
        <bioguideId>H001069</bioguideId>
        <fullName>Sen. Heitkamp, Heidi [D-ND]</fullName>
        <middleName />
        <sponsorshipWithdrawnDate />
      </item>
    </cosponsors>
    <billType>S</billType>
    <billNumber>1064</billNumber>
    <summaries>
      <billSummaries>
        <item>
          <versionCode>00</versionCode>
          <actionDesc>Introduced in Senate</actionDesc>
          <text><![CDATA[<p>Medicare Mental Health Access Act - Amends title XVIII (Medicare) of the Social Security Act to treat as a physician, for Medicare purposes, a clinical psychologist acting within the scope of a psychologist's license (or other state law authorization), but only with respect to the furnishing of clinical psychologists services which the psychologist is legally authorized to perform by the state. </p>]]></text>
          <lastSummaryUpdateDate>2013-06-21T19:43:40Z</lastSummaryUpdateDate>
          <name>Introduced in Senate</name>
          <actionDate>2013-05-23</actionDate>
          <updateDate>2013-05-23T04:00:00Z</updateDate>
        </item>
      </billSummaries>
    </summaries>
    <actions>
      <actionTypeCounts>
        <introducedInSenate>1</introducedInSenate>
        <referredToCommittee>1</referredToCommittee>
      </actionTypeCounts>
      <item>
        <actionDate>2013-05-23</actionDate>
        <committee>
          <name>Finance Committee</name>
          <systemCode>ssfi00</systemCode>
        </committee>
        <links />
        <sourceSystem>
          <name>Senate</name>
          <code>0</code>
        </sourceSystem>
        <text>Read twice and referred to the Committee on Finance.</text>
        <type>IntroReferral</type>
      </item>
      <item>
        <committee />
        <actionCode>10000</actionCode>
        <type>IntroReferral</type>
        <sourceSystem>
          <name>Library of Congress</name>
          <code>9</code>
        </sourceSystem>
        <links />
        <text>Introduced in Senate</text>
        <actionDate>2013-05-23</actionDate>
      </item>
      <actionByCounts>
        <senate>2</senate>
      </actionByCounts>
    </actions>
    <relatedBills>
      <item>
        <number>794</number>
        <type>HR</type>
        <congress>113</congress>
        <relationshipDetails>
          <item>
            <type>Related bill</type>
            <identifiedBy>CRS</identifiedBy>
          </item>
        </relationshipDetails>
        <latestAction>
          <actionDate>2013-02-19</actionDate>
          <text>Referred to the Subcommittee on Health.</text>
        </latestAction>
        <latestTitle>To amend title XVIII of the Social Security Act to provide for treatment of clinical psychologists as physicians for purposes of furnishing clinical psychologist services under the Medicare Program.</latestTitle>
      </item>
    </relatedBills>
    <policyArea>
      <name>Health</name>
    </policyArea>
    <updateDate>2016-10-25T16:24:53Z</updateDate>
    <recordedVotes />
    <cboCostEstimates />
    <latestAction>
      <text>Read twice and referred to the Committee on Finance.</text>
      <actionDate>2013-05-23</actionDate>
      <links />
    </latestAction>
    <title>Medicare Mental Health Access Act</title>
    <amendments />
    <laws />
    <committeeReports />
  </bill>
  <dublinCore xmlns:dc="http://purl.org/dc/elements/1.1/">
    <dc:format>text/xml</dc:format>
    <dc:language>EN</dc:language>
    <dc:rights>Pursuant to Title 17 Section 105 of the United States Code, this file is not subject to copyright protection and is in the public domain.</dc:rights>
    <dc:contributor>Congressional Research Service, Library of Congress</dc:contributor>
    <dc:description>This file contains bill summaries and statuses for federal legislation. A bill summary describes the most significant provisions of a piece of legislation and details the effects the legislative text may have on current law and federal programs. Bill summaries are authored by the Congressional Research Service (CRS) of the Library of Congress. As stated in Public Law 91-510 (2 USC 166 (d)(6)), one of the duties of CRS is "to prepare summaries and digests of bills and resolutions of a public general nature introduced in the Senate or House of Representatives". For more information, refer to the User Guide that accompanies this file.</dc:description>
  </dublinCore>
</billStatus>

