<?xml version="1.0" encoding="UTF-8"?>
<billStatus>
  <bill>
    <summaries>
      <billSummaries>
        <item>
          <updateDate>2013-06-06T04:00:00Z</updateDate>
          <actionDate>2013-06-06</actionDate>
          <lastSummaryUpdateDate>2013-06-27T17:41:19Z</lastSummaryUpdateDate>
          <text><![CDATA[<p>Protect America's Cities from Government Blacklist Act of 2013 - Prohibits a federal agency from establishing or implementing a policy that discourages or prohibits the selection of a location for travel, an event, a meeting, or a conference because the location is perceived to be a resort or vacation destination.</p>]]></text>
          <versionCode>00</versionCode>
          <actionDesc>Introduced in Senate</actionDesc>
          <name>Introduced in Senate</name>
        </item>
      </billSummaries>
    </summaries>
    <sponsors>
      <item>
        <bioguideId>H001041</bioguideId>
        <fullName>Sen. Heller, Dean [R-NV]</fullName>
        <byRequestType />
        <lastName>Heller</lastName>
        <firstName>Dean</firstName>
        <middleName />
        <identifiers>
          <bioguideId>H001041</bioguideId>
          <lisID>1863</lisID>
          <gpoId>8060</gpoId>
        </identifiers>
      </item>
    </sponsors>
    <latestAction>
      <links />
      <actionDate>2013-06-06</actionDate>
      <text>Read twice and referred to the Committee on Homeland Security and Governmental Affairs.</text>
    </latestAction>
    <congress>113</congress>
    <billNumber>1097</billNumber>
    <cboCostEstimates />
    <calendarNumbers />
    <billType>S</billType>
    <committees>
      <billCommittees>
        <item>
          <chamber>Senate</chamber>
          <activities>
            <item>
              <name>Referred to</name>
              <date>2013-06-06T13:36:00Z</date>
            </item>
          </activities>
          <name>Homeland Security and Governmental Affairs Committee</name>
          <subcommittees />
          <type>Standing</type>
          <systemCode>ssga00</systemCode>
        </item>
      </billCommittees>
    </committees>
    <recordedVotes />
    <titles>
      <item>
        <chamberName />
        <titleType>Short Titles as Introduced</titleType>
        <title>Protect America's Cities from Government Blacklist Act of 2013</title>
        <chamberCode />
        <parentTitleType />
      </item>
      <item>
        <chamberName />
        <titleType>Official Title as Introduced</titleType>
        <title>A bill to prohibit a Federal agency from establishing or implementing a policy that discourages or prohibits the selection of a resort or vacation destination as the location for a conference or event, and for other purposes.</title>
        <chamberCode />
        <parentTitleType />
      </item>
      <item>
        <chamberName />
        <titleType>Display Title</titleType>
        <title>Protect America's Cities from Government Blacklist Act of 2013</title>
        <chamberCode />
        <parentTitleType />
      </item>
    </titles>
    <laws />
    <originChamber>Senate</originChamber>
    <createDate>2013-06-07T07:01:19Z</createDate>
    <notes />
    <updateDate>2016-10-25T16:25:02Z</updateDate>
    <policyArea>
      <name>Government Operations and Politics</name>
    </policyArea>
    <title>Protect America's Cities from Government Blacklist Act of 2013</title>
    <committeeReports />
    <subjects>
      <billSubjects>
        <legislativeSubjects>
          <item>
            <name>Government employee pay, benefits, personnel management</name>
          </item>
          <item>
            <name>Public contracts and procurement</name>
          </item>
          <item>
            <name>Travel and tourism</name>
          </item>
        </legislativeSubjects>
        <policyArea>
          <name>Government Operations and Politics</name>
        </policyArea>
      </billSubjects>
    </subjects>
    <relatedBills>
      <item>
        <latestAction>
          <actionDate>2013-05-08</actionDate>
          <text>Referred to the House Committee on Oversight and Government Reform.</text>
        </latestAction>
        <number>1880</number>
        <congress>113</congress>
        <type>HR</type>
        <latestTitle>Protecting Resort Cities from Discrimination Act of 2013</latestTitle>
        <relationshipDetails>
          <item>
            <type>Related bill</type>
            <identifiedBy>CRS</identifiedBy>
          </item>
        </relationshipDetails>
      </item>
    </relatedBills>
    <introducedDate>2013-06-06</introducedDate>
    <amendments />
    <actions>
      <actionTypeCounts>
        <referredToCommittee>1</referredToCommittee>
        <introducedInSenate>1</introducedInSenate>
      </actionTypeCounts>
      <actionByCounts>
        <senate>2</senate>
      </actionByCounts>
      <item>
        <actionDate>2013-06-06</actionDate>
        <committee>
          <name>Homeland Security and Governmental Affairs Committee</name>
          <systemCode>ssga00</systemCode>
        </committee>
        <links />
        <sourceSystem>
          <name>Senate</name>
          <code>0</code>
        </sourceSystem>
        <text>Read twice and referred to the Committee on Homeland Security and Governmental Affairs.</text>
        <type>IntroReferral</type>
      </item>
      <item>
        <committee />
        <sourceSystem>
          <name>Library of Congress</name>
          <code>9</code>
        </sourceSystem>
        <type>IntroReferral</type>
        <text>Introduced in Senate</text>
        <actionDate>2013-06-06</actionDate>
        <links />
        <actionCode>10000</actionCode>
      </item>
    </actions>
    <cosponsors>
      <item>
        <middleName>M.</middleName>
        <firstName>HARRY</firstName>
        <identifiers>
          <gpoId>8271</gpoId>
          <lisID>952</lisID>
          <bioguideId>R000146</bioguideId>
        </identifiers>
        <bioguideId>R000146</bioguideId>
        <fullName>Sen. Reid, Harry [D-NV]</fullName>
        <lastName>REID</lastName>
        <sponsorshipWithdrawnDate />
        <sponsorshipDate>2013-06-07</sponsorshipDate>
        <isOriginalCosponsor>False</isOriginalCosponsor>
      </item>
    </cosponsors>
  </bill>
  <dublinCore xmlns:dc="http://purl.org/dc/elements/1.1/">
    <dc:format>text/xml</dc:format>
    <dc:language>EN</dc:language>
    <dc:rights>Pursuant to Title 17 Section 105 of the United States Code, this file is not subject to copyright protection and is in the public domain.</dc:rights>
    <dc:contributor>Congressional Research Service, Library of Congress</dc:contributor>
    <dc:description>This file contains bill summaries and statuses for federal legislation. A bill summary describes the most significant provisions of a piece of legislation and details the effects the legislative text may have on current law and federal programs. Bill summaries are authored by the Congressional Research Service (CRS) of the Library of Congress. As stated in Public Law 91-510 (2 USC 166 (d)(6)), one of the duties of CRS is "to prepare summaries and digests of bills and resolutions of a public general nature introduced in the Senate or House of Representatives". For more information, refer to the User Guide that accompanies this file.</dc:description>
  </dublinCore>
</billStatus>

