<?xml version="1.0" encoding="UTF-8"?>
<billStatus>
  <bill>
    <updateDate>2016-10-25T16:20:53Z</updateDate>
    <latestAction>
      <text>Read twice and referred to the Committee on Health, Education, Labor, and Pensions.</text>
      <links />
      <actionDate>2013-02-13</actionDate>
    </latestAction>
    <policyArea>
      <name>Health</name>
    </policyArea>
    <laws />
    <introducedDate>2013-02-13</introducedDate>
    <summaries>
      <billSummaries>
        <item>
          <versionCode>00</versionCode>
          <name>Introduced in Senate</name>
          <actionDate>2013-02-13</actionDate>
          <updateDate>2013-02-13T05:00:00Z</updateDate>
          <lastSummaryUpdateDate>2013-04-09T15:05:53Z</lastSummaryUpdateDate>
          <text><![CDATA[<p>Sudden Unexpected Death Data Enhancement and Awareness Act - Amends the Public Health Service Act to require the Secretary of Health and Human Services (HHS), acting through the Director of the Centers for Disease Control and Prevention (CDC), to award grants for: (1) improving state comprehensive death scene investigations for sudden unexplained infant death (SUID) and sudden unexplained death in childhood (SUDC), and (2) increasing the rate of comprehensive and standardized autopsies for such deaths.</p> <p>Requires the Director to: (1) develop national guidelines for a standard autopsy protocol for such deaths, and (2) commission a study on the benefits and appropriateness of genetic testing for infant and early childhood deaths that remain unexplained after investigation and autopsy.</p> <p>Requires the Secretary, acting through the Director, to: (1) award grants for death scene investigation training specific for SUID and SUDC; (2) modify the national death case reporting system to assure that such system provides for population-based data for ages 0-4 years of age and facilitates the understanding of the root causes, rates, and trends of SUID and SUDC with respect to such ages; (3) conduct a needs assessment for investigations and determinations of such deaths; (4) develop public education and prevention programs to reduce stillbirths and address the racial and ethnic disparities in occurrence; (5) award grants for surveillance efforts on stillbirths; and (6) develop and conduct public education and prevention program aimed at reducing stillbirths.</p> <p>Directs the Secretary, acting through the Administrator of the Health Resources and Services Administration (HRSA), to: (1) award grants for child death review programs and prevention strategies; (2) establish a public health awareness and education campaign on SUID and SUDC; and (3) award grants for support services to families who have experienced SUID, SUDC, or stillbirth.</p> <p>Requires the Secretary to establish a task force to develop a national research plan to determine the causes of, and how to prevent, stillbirths.</p>]]></text>
          <actionDesc>Introduced in Senate</actionDesc>
        </item>
      </billSummaries>
    </summaries>
    <recordedVotes />
    <notes>
      <item>
        <links>
          <link>
            <name>H.R.669</name>
            <url>/bill/113th-congress/house-bill/669</url>
          </link>
        </links>
        <text><![CDATA[For further action, see H.R.669, which became Public Law 113-236 on 12/18/2014.]]></text>
      </item>
    </notes>
    <billNumber>314</billNumber>
    <committeeReports />
    <calendarNumbers />
    <congress>113</congress>
    <amendments />
    <cboCostEstimates />
    <originChamber>Senate</originChamber>
    <createDate>2013-02-14T07:00:52Z</createDate>
    <subjects>
      <billSubjects>
        <legislativeSubjects>
          <item>
            <name>Advisory bodies</name>
          </item>
          <item>
            <name>Child health</name>
          </item>
          <item>
            <name>Criminal investigation, prosecution, interrogation</name>
          </item>
          <item>
            <name>Emergency medical services and trauma care</name>
          </item>
          <item>
            <name>Genetics</name>
          </item>
          <item>
            <name>Health information and medical records</name>
          </item>
          <item>
            <name>Health programs administration and funding</name>
          </item>
          <item>
            <name>Health promotion and preventive care</name>
          </item>
          <item>
            <name>Law enforcement administration and funding</name>
          </item>
          <item>
            <name>Licensing and registrations</name>
          </item>
          <item>
            <name>Medical education</name>
          </item>
          <item>
            <name>Medical tests and diagnostic methods</name>
          </item>
          <item>
            <name>Sex and reproductive health</name>
          </item>
          <item>
            <name>Social work, volunteer service, charitable organizations</name>
          </item>
        </legislativeSubjects>
        <policyArea>
          <name>Health</name>
        </policyArea>
      </billSubjects>
    </subjects>
    <sponsors>
      <item>
        <lastName>LAUTENBERG</lastName>
        <identifiers>
          <bioguideId>L000123</bioguideId>
          <lisID>1381</lisID>
          <gpoId>8245</gpoId>
        </identifiers>
        <firstName>FRANK</firstName>
        <fullName>Sen. Lautenberg, Frank R. [D-NJ]</fullName>
        <bioguideId>L000123</bioguideId>
        <middleName>R.</middleName>
        <byRequestType />
      </item>
    </sponsors>
    <cosponsors>
      <item>
        <sponsorshipDate>2013-05-07</sponsorshipDate>
        <lastName>Franken</lastName>
        <middleName />
        <firstName>Al</firstName>
        <fullName>Sen. Franken, Al [D-MN]</fullName>
        <bioguideId>F000457</bioguideId>
        <identifiers>
          <lisID>1969</lisID>
          <gpoId>8339</gpoId>
          <bioguideId>F000457</bioguideId>
        </identifiers>
        <sponsorshipWithdrawnDate />
        <isOriginalCosponsor>False</isOriginalCosponsor>
      </item>
      <item>
        <sponsorshipDate>2013-05-07</sponsorshipDate>
        <lastName>Klobuchar</lastName>
        <middleName />
        <firstName>Amy</firstName>
        <fullName>Sen. Klobuchar, Amy [D-MN]</fullName>
        <bioguideId>K000367</bioguideId>
        <identifiers>
          <gpoId>8249</gpoId>
          <lisID>1826</lisID>
          <bioguideId>K000367</bioguideId>
        </identifiers>
        <sponsorshipWithdrawnDate />
        <isOriginalCosponsor>False</isOriginalCosponsor>
      </item>
      <item>
        <sponsorshipDate>2013-06-06</sponsorshipDate>
        <lastName>JOHNSON</lastName>
        <middleName />
        <firstName>TIM</firstName>
        <fullName>Sen. Johnson, Tim [D-SD]</fullName>
        <bioguideId>J000177</bioguideId>
        <identifiers>
          <bioguideId>J000177</bioguideId>
          <lisID>604</lisID>
          <gpoId>8319</gpoId>
        </identifiers>
        <sponsorshipWithdrawnDate />
        <isOriginalCosponsor>False</isOriginalCosponsor>
      </item>
      <item>
        <sponsorshipDate>2013-07-29</sponsorshipDate>
        <lastName>LEAHY</lastName>
        <middleName>JOSEPH</middleName>
        <firstName>PATRICK</firstName>
        <fullName>Sen. Leahy, Patrick J. [D-VT]</fullName>
        <bioguideId>L000174</bioguideId>
        <identifiers>
          <bioguideId>L000174</bioguideId>
          <lisID>1383</lisID>
          <gpoId>8244</gpoId>
        </identifiers>
        <sponsorshipWithdrawnDate />
        <isOriginalCosponsor>False</isOriginalCosponsor>
      </item>
      <item>
        <sponsorshipDate>2013-07-30</sponsorshipDate>
        <lastName>REED</lastName>
        <middleName>F.</middleName>
        <firstName>JOHN</firstName>
        <fullName>Sen. Reed, Jack [D-RI]</fullName>
        <bioguideId>R000122</bioguideId>
        <identifiers>
          <lisID>949</lisID>
          <gpoId>8272</gpoId>
          <bioguideId>R000122</bioguideId>
        </identifiers>
        <sponsorshipWithdrawnDate />
        <isOriginalCosponsor>False</isOriginalCosponsor>
      </item>
      <item>
        <sponsorshipDate>2013-07-31</sponsorshipDate>
        <lastName>MENENDEZ</lastName>
        <middleName />
        <firstName>ROBERT</firstName>
        <fullName>Sen. Menendez, Robert [D-NJ]</fullName>
        <bioguideId>M000639</bioguideId>
        <identifiers>
          <bioguideId>M000639</bioguideId>
          <lisID>791</lisID>
          <gpoId>8239</gpoId>
        </identifiers>
        <sponsorshipWithdrawnDate />
        <isOriginalCosponsor>False</isOriginalCosponsor>
      </item>
      <item>
        <sponsorshipDate>2013-09-09</sponsorshipDate>
        <lastName>STABENOW</lastName>
        <middleName>ANN</middleName>
        <firstName>DEBORAH</firstName>
        <fullName>Sen. Stabenow, Debbie [D-MI]</fullName>
        <bioguideId>S000770</bioguideId>
        <identifiers>
          <lisID>1531</lisID>
          <bioguideId>S000770</bioguideId>
          <gpoId>8261</gpoId>
        </identifiers>
        <sponsorshipWithdrawnDate />
        <isOriginalCosponsor>False</isOriginalCosponsor>
      </item>
      <item>
        <sponsorshipDate>2013-09-09</sponsorshipDate>
        <lastName>Hagan</lastName>
        <middleName>R.</middleName>
        <firstName>Kay</firstName>
        <fullName>Sen. Hagan, Kay [D-NC]</fullName>
        <bioguideId>H001049</bioguideId>
        <identifiers>
          <gpoId>8318</gpoId>
          <lisID>1902</lisID>
          <bioguideId>H001049</bioguideId>
        </identifiers>
        <sponsorshipWithdrawnDate />
        <isOriginalCosponsor>False</isOriginalCosponsor>
      </item>
      <item>
        <sponsorshipDate>2013-09-25</sponsorshipDate>
        <lastName>Casey</lastName>
        <middleName />
        <firstName>Bob</firstName>
        <fullName>Sen. Casey, Robert P., Jr. [D-PA]</fullName>
        <bioguideId>C001070</bioguideId>
        <identifiers>
          <bioguideId>C001070</bioguideId>
          <lisID>1828</lisID>
          <gpoId>8282</gpoId>
        </identifiers>
        <sponsorshipWithdrawnDate />
        <isOriginalCosponsor>False</isOriginalCosponsor>
      </item>
      <item>
        <sponsorshipDate>2013-10-31</sponsorshipDate>
        <lastName>BOXER</lastName>
        <middleName />
        <firstName>BARBARA</firstName>
        <fullName>Sen. Boxer, Barbara [D-CA]</fullName>
        <bioguideId>B000711</bioguideId>
        <identifiers>
          <lisID>116</lisID>
          <bioguideId>B000711</bioguideId>
          <gpoId>8306</gpoId>
        </identifiers>
        <sponsorshipWithdrawnDate />
        <isOriginalCosponsor>False</isOriginalCosponsor>
      </item>
      <item>
        <sponsorshipDate>2014-01-13</sponsorshipDate>
        <lastName>MARKEY</lastName>
        <middleName>J.</middleName>
        <firstName>EDWARD</firstName>
        <fullName>Sen. Markey, Edward J. [D-MA]</fullName>
        <bioguideId>M000133</bioguideId>
        <identifiers>
          <lisID>735</lisID>
          <gpoId>7972</gpoId>
          <bioguideId>M000133</bioguideId>
        </identifiers>
        <sponsorshipWithdrawnDate />
        <isOriginalCosponsor>False</isOriginalCosponsor>
      </item>
    </cosponsors>
    <title>Sudden Unexpected Death Data Enhancement and Awareness Act</title>
    <actions>
      <actionByCounts>
        <senate>2</senate>
      </actionByCounts>
      <actionTypeCounts>
        <referredToCommittee>1</referredToCommittee>
        <introducedInSenate>1</introducedInSenate>
      </actionTypeCounts>
      <item>
        <actionDate>2013-02-13</actionDate>
        <committee>
          <name>Health, Education, Labor, and Pensions Committee</name>
          <systemCode>sshr00</systemCode>
        </committee>
        <links />
        <sourceSystem>
          <code>0</code>
          <name>Senate</name>
        </sourceSystem>
        <text>Read twice and referred to the Committee on Health, Education, Labor, and Pensions.</text>
        <type>IntroReferral</type>
      </item>
      <item>
        <sourceSystem>
          <code>9</code>
          <name>Library of Congress</name>
        </sourceSystem>
        <type>IntroReferral</type>
        <actionDate>2013-02-13</actionDate>
        <text>Introduced in Senate</text>
        <committee />
        <actionCode>10000</actionCode>
        <links />
      </item>
    </actions>
    <titles>
      <item>
        <chamberCode />
        <parentTitleType />
        <titleType>Short Titles as Introduced</titleType>
        <title>Sudden Unexpected Death Data Enhancement and Awareness Act</title>
        <chamberName />
      </item>
      <item>
        <chamberCode />
        <parentTitleType />
        <titleType>Official Title as Introduced</titleType>
        <title>A bill to amend the Public Health Service Act to improve the health of children and help better understand and enhance awareness about unexpected sudden death in early life.</title>
        <chamberName />
      </item>
      <item>
        <chamberCode />
        <parentTitleType />
        <titleType>Display Title</titleType>
        <title>Sudden Unexpected Death Data Enhancement and Awareness Act</title>
        <chamberName />
      </item>
    </titles>
    <billType>S</billType>
    <relatedBills>
      <item>
        <type>HR</type>
        <congress>113</congress>
        <latestTitle>Sudden Unexpected Death Data Enhancement and Awareness Act</latestTitle>
        <latestAction>
          <actionDate>2014-12-18</actionDate>
          <text>Became Public Law No: 113-236.</text>
        </latestAction>
        <relationshipDetails>
          <item>
            <identifiedBy>CRS</identifiedBy>
            <type>Identical bill</type>
          </item>
        </relationshipDetails>
        <number>669</number>
      </item>
    </relatedBills>
    <committees>
      <billCommittees>
        <item>
          <chamber>Senate</chamber>
          <activities>
            <item>
              <name>Referred to</name>
              <date>2013-02-13T22:08:53Z</date>
            </item>
          </activities>
          <name>Health, Education, Labor, and Pensions Committee</name>
          <subcommittees />
          <type>Standing</type>
          <systemCode>sshr00</systemCode>
        </item>
      </billCommittees>
    </committees>
  </bill>
  <dublinCore xmlns:dc="http://purl.org/dc/elements/1.1/">
    <dc:format>text/xml</dc:format>
    <dc:language>EN</dc:language>
    <dc:rights>Pursuant to Title 17 Section 105 of the United States Code, this file is not subject to copyright protection and is in the public domain.</dc:rights>
    <dc:contributor>Congressional Research Service, Library of Congress</dc:contributor>
    <dc:description>This file contains bill summaries and statuses for federal legislation. A bill summary describes the most significant provisions of a piece of legislation and details the effects the legislative text may have on current law and federal programs. Bill summaries are authored by the Congressional Research Service (CRS) of the Library of Congress. As stated in Public Law 91-510 (2 USC 166 (d)(6)), one of the duties of CRS is "to prepare summaries and digests of bills and resolutions of a public general nature introduced in the Senate or House of Representatives". For more information, refer to the User Guide that accompanies this file.</dc:description>
  </dublinCore>
</billStatus>

