<?xml version="1.0" encoding="UTF-8"?>
<billStatus>
  <bill>
    <updateDate>2016-10-25T16:25:37Z</updateDate>
    <sponsors>
      <item>
        <lastName>MIKULSKI</lastName>
        <firstName>BARBARA</firstName>
        <identifiers>
          <gpoId>8240</gpoId>
          <bioguideId>M000702</bioguideId>
          <lisID>802</lisID>
        </identifiers>
        <bioguideId>M000702</bioguideId>
        <middleName>ANN</middleName>
        <fullName>Sen. Mikulski, Barbara A. [D-MD]</fullName>
        <byRequestType />
      </item>
    </sponsors>
    <createDate>2013-06-26T07:01:20Z</createDate>
    <subjects>
      <billSubjects>
        <policyArea>
          <name>Taxation</name>
        </policyArea>
        <legislativeSubjects>
          <item>
            <name>Congressional tributes</name>
          </item>
          <item>
            <name>Employee benefits and pensions</name>
          </item>
          <item>
            <name>Income tax deferral</name>
          </item>
          <item>
            <name>Marriage and family status</name>
          </item>
          <item>
            <name>Members of Congress</name>
          </item>
          <item>
            <name>Senate</name>
          </item>
          <item>
            <name>Tax treatment of families</name>
          </item>
        </legislativeSubjects>
      </billSubjects>
    </subjects>
    <introducedDate>2013-06-25</introducedDate>
    <committeeReports />
    <committees>
      <billCommittees>
        <item>
          <subcommittees />
          <name>Finance Committee</name>
          <type>Standing</type>
          <activities>
            <item>
              <name>Referred to</name>
              <date>2013-06-25T21:03:53Z</date>
            </item>
          </activities>
          <chamber>Senate</chamber>
          <systemCode>ssfi00</systemCode>
        </item>
      </billCommittees>
    </committees>
    <cboCostEstimates />
    <amendments />
    <title>Taxpayer Transparency Act of 2013</title>
    <notes>
      <item>
        <text><![CDATA[For further action, see H.R.2289, which became Public Law 113-22 on 7/25/2013.]]></text>
        <links>
          <link>
            <name>H.R.2289</name>
            <url>/bill/113th-congress/house-bill/2289</url>
          </link>
        </links>
      </item>
    </notes>
    <billNumber>1221</billNumber>
    <originChamber>Senate</originChamber>
    <cosponsors>
      <item>
        <lastName>Cornyn</lastName>
        <sponsorshipDate>2013-06-25</sponsorshipDate>
        <firstName>John</firstName>
        <identifiers>
          <lisID>1692</lisID>
          <bioguideId>C001056</bioguideId>
          <gpoId>8295</gpoId>
        </identifiers>
        <isOriginalCosponsor>True</isOriginalCosponsor>
        <bioguideId>C001056</bioguideId>
        <fullName>Sen. Cornyn, John [R-TX]</fullName>
        <middleName />
        <sponsorshipWithdrawnDate />
      </item>
    </cosponsors>
    <calendarNumbers />
    <congress>113</congress>
    <summaries>
      <billSummaries>
        <item>
          <lastSummaryUpdateDate>2013-07-02T20:57:50Z</lastSummaryUpdateDate>
          <name>Introduced in Senate</name>
          <actionDesc>Introduced in Senate</actionDesc>
          <text><![CDATA[<p>Amends the Internal Revenue Code to rename the section heading of Internal Revenue Code provisions relating to the individual retirement accounts (IRAs) of married individuals as the Kay Bailey Hutchison Spousal IRA. </p>]]></text>
          <actionDate>2013-06-25</actionDate>
          <versionCode>00</versionCode>
          <updateDate>2013-06-25T04:00:00Z</updateDate>
        </item>
      </billSummaries>
    </summaries>
    <policyArea>
      <name>Taxation</name>
    </policyArea>
    <titles>
      <item>
        <parentTitleType />
        <title>Taxpayer Transparency Act of 2013</title>
        <chamberName />
        <chamberCode />
        <titleType>Short Titles as Introduced</titleType>
      </item>
      <item>
        <parentTitleType />
        <title>A bill to rename section 219(c) of the Internal Revenue Code of 1986 as the Kay Bailey Hutchison Spousal IRA.</title>
        <chamberName />
        <chamberCode />
        <titleType>Official Title as Introduced</titleType>
      </item>
      <item>
        <parentTitleType />
        <title>Taxpayer Transparency Act of 2013</title>
        <chamberName />
        <chamberCode />
        <titleType>Display Title</titleType>
      </item>
    </titles>
    <latestAction>
      <text>Read twice and referred to the Committee on Finance.</text>
      <actionDate>2013-06-25</actionDate>
      <links />
    </latestAction>
    <actions>
      <actionByCounts>
        <senate>2</senate>
      </actionByCounts>
      <actionTypeCounts>
        <referredToCommittee>1</referredToCommittee>
        <introducedInSenate>1</introducedInSenate>
      </actionTypeCounts>
      <item>
        <actionDate>2013-06-25</actionDate>
        <committee>
          <name>Finance Committee</name>
          <systemCode>ssfi00</systemCode>
        </committee>
        <links />
        <sourceSystem>
          <code>0</code>
          <name>Senate</name>
        </sourceSystem>
        <text>Read twice and referred to the Committee on Finance.</text>
        <type>IntroReferral</type>
      </item>
      <item>
        <sourceSystem>
          <code>9</code>
          <name>Library of Congress</name>
        </sourceSystem>
        <type>IntroReferral</type>
        <actionDate>2013-06-25</actionDate>
        <text>Introduced in Senate</text>
        <committee />
        <actionCode>10000</actionCode>
        <links />
      </item>
    </actions>
    <laws />
    <recordedVotes />
    <billType>S</billType>
    <relatedBills>
      <item>
        <relationshipDetails>
          <item>
            <type>Identical bill</type>
            <identifiedBy>CRS</identifiedBy>
          </item>
        </relationshipDetails>
        <latestAction>
          <text>Became Public Law No: 113-22.</text>
          <actionDate>2013-07-25</actionDate>
        </latestAction>
        <latestTitle>To rename section 219(c) of the Internal Revenue Code of 1986 as the Kay Bailey Hutchison Spousal IRA.</latestTitle>
        <congress>113</congress>
        <number>2289</number>
        <type>HR</type>
      </item>
    </relatedBills>
  </bill>
  <dublinCore xmlns:dc="http://purl.org/dc/elements/1.1/">
    <dc:format>text/xml</dc:format>
    <dc:language>EN</dc:language>
    <dc:rights>Pursuant to Title 17 Section 105 of the United States Code, this file is not subject to copyright protection and is in the public domain.</dc:rights>
    <dc:contributor>Congressional Research Service, Library of Congress</dc:contributor>
    <dc:description>This file contains bill summaries and statuses for federal legislation. A bill summary describes the most significant provisions of a piece of legislation and details the effects the legislative text may have on current law and federal programs. Bill summaries are authored by the Congressional Research Service (CRS) of the Library of Congress. As stated in Public Law 91-510 (2 USC 166 (d)(6)), one of the duties of CRS is "to prepare summaries and digests of bills and resolutions of a public general nature introduced in the Senate or House of Representatives". For more information, refer to the User Guide that accompanies this file.</dc:description>
  </dublinCore>
</billStatus>

