<?xml version="1.0" encoding="UTF-8"?>
<billStatus>
  <bill>
    <cosponsors />
    <latestAction>
      <actionDate>2013-05-09</actionDate>
      <links />
      <text>Read twice and referred to the Committee on Armed Services.</text>
    </latestAction>
    <amendments />
    <notes />
    <laws />
    <createDate>2013-05-10T07:02:13Z</createDate>
    <summaries>
      <billSummaries>
        <item>
          <updateDate>2013-05-09T04:00:00Z</updateDate>
          <actionDate>2013-05-09</actionDate>
          <lastSummaryUpdateDate>2013-07-11T16:55:47Z</lastSummaryUpdateDate>
          <text><![CDATA[<p>National Guard Youth Education Act of 2013 - Includes the National Guard Educational Foundation among those youth and charitable organizations eligible for National Guard assistance.</p>]]></text>
          <versionCode>00</versionCode>
          <actionDesc>Introduced in Senate</actionDesc>
          <name>Introduced in Senate</name>
        </item>
      </billSummaries>
    </summaries>
    <titles>
      <item>
        <chamberName />
        <titleType>Short Titles as Introduced</titleType>
        <title>National Guard Youth Education Act of 2013</title>
        <chamberCode />
        <parentTitleType />
      </item>
      <item>
        <chamberName />
        <titleType>Official Title as Introduced</titleType>
        <title>A bill to amend title 32, United States Code, to include the National Guard Educational Foundation among the youth and charitable organizations eligible for National Guard assistance, and for other purposes.</title>
        <chamberCode />
        <parentTitleType />
      </item>
      <item>
        <chamberName />
        <titleType>Display Title</titleType>
        <title>National Guard Youth Education Act of 2013</title>
        <chamberCode />
        <parentTitleType />
      </item>
    </titles>
    <calendarNumbers />
    <updateDate>2016-10-25T16:24:16Z</updateDate>
    <introducedDate>2013-05-09</introducedDate>
    <recordedVotes />
    <policyArea>
      <name>Armed Forces and National Security</name>
    </policyArea>
    <subjects>
      <billSubjects>
        <policyArea>
          <name>Armed Forces and National Security</name>
        </policyArea>
        <legislativeSubjects>
          <item>
            <name>Military history</name>
          </item>
          <item>
            <name>National Guard and reserves</name>
          </item>
          <item>
            <name>Social work, volunteer service, charitable organizations</name>
          </item>
        </legislativeSubjects>
      </billSubjects>
    </subjects>
    <actions>
      <item>
        <actionDate>2013-05-09</actionDate>
        <committee>
          <systemCode>ssas00</systemCode>
          <name>Armed Services Committee</name>
        </committee>
        <links />
        <sourceSystem>
          <code>0</code>
          <name>Senate</name>
        </sourceSystem>
        <text>Read twice and referred to the Committee on Armed Services.</text>
        <type>IntroReferral</type>
      </item>
      <item>
        <type>IntroReferral</type>
        <sourceSystem>
          <code>9</code>
          <name>Library of Congress</name>
        </sourceSystem>
        <text>Introduced in Senate</text>
        <committee />
        <actionDate>2013-05-09</actionDate>
        <links />
        <actionCode>10000</actionCode>
      </item>
      <actionTypeCounts>
        <referredToCommittee>1</referredToCommittee>
        <introducedInSenate>1</introducedInSenate>
      </actionTypeCounts>
      <actionByCounts>
        <senate>2</senate>
      </actionByCounts>
    </actions>
    <originChamber>Senate</originChamber>
    <committees>
      <billCommittees>
        <item>
          <subcommittees />
          <name>Armed Services Committee</name>
          <type>Standing</type>
          <activities>
            <item>
              <name>Referred to</name>
              <date>2013-05-09T21:57:58Z</date>
            </item>
          </activities>
          <chamber>Senate</chamber>
          <systemCode>ssas00</systemCode>
        </item>
      </billCommittees>
    </committees>
    <cboCostEstimates />
    <billNumber>926</billNumber>
    <title>National Guard Youth Education Act of 2013</title>
    <billType>S</billType>
    <committeeReports />
    <congress>113</congress>
    <sponsors>
      <item>
        <lastName>Begich</lastName>
        <fullName>Sen. Begich, Mark [D-AK]</fullName>
        <byRequestType />
        <identifiers>
          <bioguideId>B001265</bioguideId>
          <lisID>1898</lisID>
          <gpoId>8301</gpoId>
        </identifiers>
        <bioguideId>B001265</bioguideId>
        <firstName>Mark</firstName>
        <middleName />
      </item>
    </sponsors>
    <relatedBills />
  </bill>
  <dublinCore xmlns:dc="http://purl.org/dc/elements/1.1/">
    <dc:format>text/xml</dc:format>
    <dc:language>EN</dc:language>
    <dc:rights>Pursuant to Title 17 Section 105 of the United States Code, this file is not subject to copyright protection and is in the public domain.</dc:rights>
    <dc:contributor>Congressional Research Service, Library of Congress</dc:contributor>
    <dc:description>This file contains bill summaries and statuses for federal legislation. A bill summary describes the most significant provisions of a piece of legislation and details the effects the legislative text may have on current law and federal programs. Bill summaries are authored by the Congressional Research Service (CRS) of the Library of Congress. As stated in Public Law 91-510 (2 USC 166 (d)(6)), one of the duties of CRS is "to prepare summaries and digests of bills and resolutions of a public general nature introduced in the Senate or House of Representatives". For more information, refer to the User Guide that accompanies this file.</dc:description>
  </dublinCore>
</billStatus>

