<?xml version="1.0" encoding="UTF-8"?>
<billStatus>
  <bill>
    <sponsors>
      <item>
        <lastName>Boozman</lastName>
        <fullName>Sen. Boozman, John [R-AR]</fullName>
        <middleName />
        <firstName>John</firstName>
        <identifiers>
          <gpoId>8247</gpoId>
          <bioguideId>B001236</bioguideId>
          <lisID>1687</lisID>
        </identifiers>
        <byRequestType />
        <bioguideId>B001236</bioguideId>
      </item>
    </sponsors>
    <latestAction>
      <links />
      <text>Read twice and referred to the Committee on Environment and Public Works.</text>
      <actionDate>2013-02-28</actionDate>
    </latestAction>
    <laws />
    <createDate>2013-03-01T07:00:52Z</createDate>
    <updateDate>2016-10-25T16:21:13Z</updateDate>
    <committees>
      <billCommittees>
        <item>
          <subcommittees />
          <activities>
            <item>
              <name>Referred to</name>
              <date>2013-02-28T16:38:40Z</date>
            </item>
          </activities>
          <type>Standing</type>
          <systemCode>ssev00</systemCode>
          <chamber>Senate</chamber>
          <name>Environment and Public Works Committee</name>
        </item>
      </billCommittees>
    </committees>
    <recordedVotes />
    <introducedDate>2013-02-28</introducedDate>
    <relatedBills />
    <billNumber>400</billNumber>
    <amendments />
    <billType>S</billType>
    <actions>
      <actionByCounts>
        <senate>2</senate>
      </actionByCounts>
      <actionTypeCounts>
        <referredToCommittee>1</referredToCommittee>
        <placeholderTextForB>1</placeholderTextForB>
        <introducedInSenate>1</introducedInSenate>
      </actionTypeCounts>
      <item>
        <actionDate>2013-02-28</actionDate>
        <committee>
          <name>Environment and Public Works Committee</name>
          <systemCode>ssev00</systemCode>
        </committee>
        <links />
        <sourceSystem>
          <code>0</code>
          <name>Senate</name>
        </sourceSystem>
        <text>Read twice and referred to the Committee on Environment and Public Works.</text>
        <type>IntroReferral</type>
      </item>
      <item>
        <sourceSystem>
          <code>9</code>
          <name>Library of Congress</name>
        </sourceSystem>
        <type>IntroReferral</type>
        <actionDate>2013-02-28</actionDate>
        <text>Sponsor introductory remarks on measure. (CR S1013)</text>
        <committee />
        <actionCode>B00100</actionCode>
        <links>
          <link>
            <name>S1013</name>
            <url>/congressional-record/2013/senate-section/page/S1013</url>
          </link>
        </links>
      </item>
      <item>
        <sourceSystem>
          <code>9</code>
          <name>Library of Congress</name>
        </sourceSystem>
        <type>IntroReferral</type>
        <actionDate>2013-02-28</actionDate>
        <text>Introduced in Senate</text>
        <committee />
        <actionCode>10000</actionCode>
        <links />
      </item>
    </actions>
    <policyArea>
      <name>Public Lands and Natural Resources</name>
    </policyArea>
    <cosponsors>
      <item>
        <lastName>Merkley</lastName>
        <sponsorshipDate>2013-02-28</sponsorshipDate>
        <firstName>Jeff</firstName>
        <identifiers>
          <gpoId>8238</gpoId>
          <bioguideId>M001176</bioguideId>
          <lisID>1900</lisID>
        </identifiers>
        <isOriginalCosponsor>True</isOriginalCosponsor>
        <bioguideId>M001176</bioguideId>
        <fullName>Sen. Merkley, Jeff [D-OR]</fullName>
        <middleName />
        <sponsorshipWithdrawnDate />
      </item>
    </cosponsors>
    <cboCostEstimates />
    <summaries>
      <billSummaries>
        <item>
          <text><![CDATA[<p>Corps of Engineers Recreation Improvement Act - Amends the Federal Lands Recreation Enhancement Act to include the Corps of Engineers as a federal land management agency. </p>]]></text>
          <actionDesc>Introduced in Senate</actionDesc>
          <lastSummaryUpdateDate>2013-03-19T20:14:50Z</lastSummaryUpdateDate>
          <versionCode>00</versionCode>
          <actionDate>2013-02-28</actionDate>
          <name>Introduced in Senate</name>
          <updateDate>2013-02-28T05:00:00Z</updateDate>
        </item>
      </billSummaries>
    </summaries>
    <committeeReports />
    <title>Corps of Engineers Recreation Improvement Act</title>
    <calendarNumbers />
    <notes />
    <subjects>
      <billSubjects>
        <policyArea>
          <name>Public Lands and Natural Resources</name>
        </policyArea>
        <legislativeSubjects>
          <item>
            <name>Army Corps of Engineers</name>
          </item>
          <item>
            <name>Department of Defense</name>
          </item>
          <item>
            <name>Land use and conservation</name>
          </item>
          <item>
            <name>Outdoor recreation</name>
          </item>
          <item>
            <name>User charges and fees</name>
          </item>
        </legislativeSubjects>
      </billSubjects>
    </subjects>
    <congress>113</congress>
    <originChamber>Senate</originChamber>
    <titles>
      <item>
        <chamberName />
        <chamberCode />
        <parentTitleType />
        <titleType>Short Titles as Introduced</titleType>
        <title>Corps of Engineers Recreation Improvement Act</title>
      </item>
      <item>
        <chamberName />
        <chamberCode />
        <parentTitleType />
        <titleType>Official Title as Introduced</titleType>
        <title>A bill to amend the Federal Lands Recreation Enhancement Act to include the Corps of Engineers as a Federal land management agency, and for other purposes.</title>
      </item>
      <item>
        <chamberName />
        <chamberCode />
        <parentTitleType />
        <titleType>Display Title</titleType>
        <title>Corps of Engineers Recreation Improvement Act</title>
      </item>
    </titles>
  </bill>
  <dublinCore xmlns:dc="http://purl.org/dc/elements/1.1/">
    <dc:format>text/xml</dc:format>
    <dc:language>EN</dc:language>
    <dc:rights>Pursuant to Title 17 Section 105 of the United States Code, this file is not subject to copyright protection and is in the public domain.</dc:rights>
    <dc:contributor>Congressional Research Service, Library of Congress</dc:contributor>
    <dc:description>This file contains bill summaries and statuses for federal legislation. A bill summary describes the most significant provisions of a piece of legislation and details the effects the legislative text may have on current law and federal programs. Bill summaries are authored by the Congressional Research Service (CRS) of the Library of Congress. As stated in Public Law 91-510 (2 USC 166 (d)(6)), one of the duties of CRS is "to prepare summaries and digests of bills and resolutions of a public general nature introduced in the Senate or House of Representatives". For more information, refer to the User Guide that accompanies this file.</dc:description>
  </dublinCore>
</billStatus>

