<?xml version="1.0" encoding="UTF-8"?>
<billStatus>
  <bill>
    <billNumber>814</billNumber>
    <titles>
      <item>
        <titleType>Short Titles as Introduced</titleType>
        <title>Protecting Communities from Chemical Explosions Act of 2013</title>
        <chamberCode />
        <chamberName />
        <parentTitleType />
      </item>
      <item>
        <titleType>Official Title as Introduced</titleType>
        <title>A bill to provide stronger penalties for violations of the Chemical Facility Anti-Terrorism Standards.</title>
        <chamberCode />
        <chamberName />
        <parentTitleType />
      </item>
      <item>
        <titleType>Display Title</titleType>
        <title>Protecting Communities from Chemical Explosions Act of 2013</title>
        <chamberCode />
        <chamberName />
        <parentTitleType />
      </item>
    </titles>
    <actions>
      <item>
        <actionDate>2013-04-25</actionDate>
        <committee>
          <systemCode>ssga00</systemCode>
          <name>Homeland Security and Governmental Affairs Committee</name>
        </committee>
        <links />
        <sourceSystem>
          <name>Senate</name>
          <code>0</code>
        </sourceSystem>
        <text>Read twice and referred to the Committee on Homeland Security and Governmental Affairs.</text>
        <type>IntroReferral</type>
      </item>
      <item>
        <links />
        <actionCode>10000</actionCode>
        <committee />
        <type>IntroReferral</type>
        <sourceSystem>
          <name>Library of Congress</name>
          <code>9</code>
        </sourceSystem>
        <text>Introduced in Senate</text>
        <actionDate>2013-04-25</actionDate>
      </item>
      <actionTypeCounts>
        <referredToCommittee>1</referredToCommittee>
        <introducedInSenate>1</introducedInSenate>
      </actionTypeCounts>
      <actionByCounts>
        <senate>2</senate>
      </actionByCounts>
    </actions>
    <updateDate>2016-10-25T16:23:48Z</updateDate>
    <summaries>
      <billSummaries>
        <item>
          <updateDate>2013-04-25T04:00:00Z</updateDate>
          <text><![CDATA[<p>Protecting Communities from Chemical Explosions Act of 2013 - Amends the Department of Homeland Security Appropriations Act, 2007 to make any owner or operator of a chemical facility that holds a quantity of a chemical of interest that is at or above the screening threshold quantity established under interim final regulations establishing security performance standards and requiring site security plans for chemical facilities, and that does not file a Chemical Security Assessment Tool Top-Screen with the Department of Homeland Security (DHS), liable for a civil penalty.</p> <p>Subjects an officer of an entity that owns or operates, or an owner or operator of, a chemical facility that holds a quantity of a chemical of interest that is at or above the screening threshold quantity, who intentionally fails to file a Chemical Security Assessment Tool Top-Screen with DHS, to a fine, up to six years' imprisonment, or both.</p>]]></text>
          <actionDate>2013-04-25</actionDate>
          <actionDesc>Introduced in Senate</actionDesc>
          <name>Introduced in Senate</name>
          <lastSummaryUpdateDate>2013-06-27T20:21:00Z</lastSummaryUpdateDate>
          <versionCode>00</versionCode>
        </item>
      </billSummaries>
    </summaries>
    <sponsors>
      <item>
        <firstName>FRANK</firstName>
        <fullName>Sen. Lautenberg, Frank R. [D-NJ]</fullName>
        <middleName>R.</middleName>
        <bioguideId>L000123</bioguideId>
        <byRequestType />
        <lastName>LAUTENBERG</lastName>
        <identifiers>
          <gpoId>8245</gpoId>
          <bioguideId>L000123</bioguideId>
          <lisID>1381</lisID>
        </identifiers>
      </item>
    </sponsors>
    <congress>113</congress>
    <notes />
    <committees>
      <billCommittees>
        <item>
          <name>Homeland Security and Governmental Affairs Committee</name>
          <type>Standing</type>
          <subcommittees />
          <chamber>Senate</chamber>
          <activities>
            <item>
              <name>Referred to</name>
              <date>2013-04-25T16:18:32Z</date>
            </item>
          </activities>
          <systemCode>ssga00</systemCode>
        </item>
      </billCommittees>
    </committees>
    <introducedDate>2013-04-25</introducedDate>
    <createDate>2013-04-26T07:02:13Z</createDate>
    <policyArea>
      <name>Emergency Management</name>
    </policyArea>
    <laws />
    <billType>S</billType>
    <subjects>
      <billSubjects>
        <policyArea>
          <name>Emergency Management</name>
        </policyArea>
        <legislativeSubjects>
          <item>
            <name>Administrative law and regulatory procedures</name>
          </item>
          <item>
            <name>Civil actions and liability</name>
          </item>
          <item>
            <name>Criminal procedure and sentencing</name>
          </item>
          <item>
            <name>Department of Homeland Security</name>
          </item>
          <item>
            <name>Government information and archives</name>
          </item>
          <item>
            <name>Hazardous wastes and toxic substances</name>
          </item>
          <item>
            <name>Industrial facilities</name>
          </item>
          <item>
            <name>Performance measurement</name>
          </item>
          <item>
            <name>Terrorism</name>
          </item>
        </legislativeSubjects>
      </billSubjects>
    </subjects>
    <cosponsors />
    <calendarNumbers />
    <relatedBills />
    <amendments />
    <recordedVotes />
    <title>Protecting Communities from Chemical Explosions Act of 2013</title>
    <latestAction>
      <actionDate>2013-04-25</actionDate>
      <text>Read twice and referred to the Committee on Homeland Security and Governmental Affairs.</text>
      <links />
    </latestAction>
    <cboCostEstimates />
    <originChamber>Senate</originChamber>
    <committeeReports />
  </bill>
  <dublinCore xmlns:dc="http://purl.org/dc/elements/1.1/">
    <dc:format>text/xml</dc:format>
    <dc:language>EN</dc:language>
    <dc:rights>Pursuant to Title 17 Section 105 of the United States Code, this file is not subject to copyright protection and is in the public domain.</dc:rights>
    <dc:contributor>Congressional Research Service, Library of Congress</dc:contributor>
    <dc:description>This file contains bill summaries and statuses for federal legislation. A bill summary describes the most significant provisions of a piece of legislation and details the effects the legislative text may have on current law and federal programs. Bill summaries are authored by the Congressional Research Service (CRS) of the Library of Congress. As stated in Public Law 91-510 (2 USC 166 (d)(6)), one of the duties of CRS is "to prepare summaries and digests of bills and resolutions of a public general nature introduced in the Senate or House of Representatives". For more information, refer to the User Guide that accompanies this file.</dc:description>
  </dublinCore>
</billStatus>

