<?xml version="1.0" encoding="UTF-8"?>
<billStatus>
  <bill>
    <relatedBills>
      <item>
        <latestAction>
          <actionDate>2013-04-23</actionDate>
          <text>Referred to the Subcommittee on Health.</text>
        </latestAction>
        <type>HR</type>
        <congress>113</congress>
        <relationshipDetails>
          <item>
            <type>Related bill</type>
            <identifiedBy>CRS</identifiedBy>
          </item>
        </relationshipDetails>
        <number>1578</number>
        <latestTitle>To amend section 1101 of the Patient Protection and Affordable Care Act to provide additional funds to permit additional individuals to enroll under the preexisting condition insurance program and expand eligibility, to be funded through a temporary increase in the cigarette tax, and for other purposes.</latestTitle>
      </item>
      <item>
        <latestAction>
          <actionDate>2013-02-04</actionDate>
          <text>Sponsor introductory remarks on measure. (CR S466)</text>
        </latestAction>
        <type>S</type>
        <congress>113</congress>
        <relationshipDetails>
          <item>
            <type>Related bill</type>
            <identifiedBy>CRS</identifiedBy>
          </item>
        </relationshipDetails>
        <number>194</number>
        <latestTitle>Tobacco Tax Equity Act of 2013</latestTitle>
      </item>
      <item>
        <latestAction>
          <actionDate>2013-08-02</actionDate>
          <text>Referred to the House Committee on Ways and Means.</text>
        </latestAction>
        <type>HR</type>
        <congress>113</congress>
        <relationshipDetails>
          <item>
            <type>Related bill</type>
            <identifiedBy>CRS</identifiedBy>
          </item>
        </relationshipDetails>
        <number>2990</number>
        <latestTitle>STOP Act</latestTitle>
      </item>
    </relatedBills>
    <policyArea>
      <name>Taxation</name>
    </policyArea>
    <congress>113</congress>
    <cboCostEstimates />
    <laws />
    <billNumber>826</billNumber>
    <notes />
    <originChamber>Senate</originChamber>
    <latestAction>
      <actionDate>2013-04-25</actionDate>
      <text>Read twice and referred to the Committee on Finance.</text>
      <links />
    </latestAction>
    <updateDate>2016-10-25T16:23:51Z</updateDate>
    <calendarNumbers />
    <titles>
      <item>
        <chamberName />
        <parentTitleType />
        <titleType>Short Titles as Introduced</titleType>
        <chamberCode />
        <title>Tobacco Tax and Enforcement Reform Act</title>
      </item>
      <item>
        <chamberName />
        <parentTitleType />
        <titleType>Official Title as Introduced</titleType>
        <chamberCode />
        <title>A bill to amend the Internal Revenue Code of 1986 to reform and enforce taxation of tobacco products.</title>
      </item>
      <item>
        <chamberName />
        <parentTitleType />
        <titleType>Display Title</titleType>
        <chamberCode />
        <title>Tobacco Tax and Enforcement Reform Act</title>
      </item>
    </titles>
    <title>Tobacco Tax and Enforcement Reform Act</title>
    <committeeReports />
    <sponsors>
      <item>
        <bioguideId>L000123</bioguideId>
        <fullName>Sen. Lautenberg, Frank R. [D-NJ]</fullName>
        <identifiers>
          <lisID>1381</lisID>
          <gpoId>8245</gpoId>
          <bioguideId>L000123</bioguideId>
        </identifiers>
        <byRequestType />
        <middleName>R.</middleName>
        <firstName>FRANK</firstName>
        <lastName>LAUTENBERG</lastName>
      </item>
    </sponsors>
    <introducedDate>2013-04-25</introducedDate>
    <createDate>2013-04-26T07:02:13Z</createDate>
    <committees>
      <billCommittees>
        <item>
          <chamber>Senate</chamber>
          <activities>
            <item>
              <name>Referred to</name>
              <date>2013-04-25T20:12:13Z</date>
            </item>
          </activities>
          <name>Finance Committee</name>
          <subcommittees />
          <type>Standing</type>
          <systemCode>ssfi00</systemCode>
        </item>
      </billCommittees>
    </committees>
    <cosponsors>
      <item>
        <lastName>Blumenthal</lastName>
        <sponsorshipDate>2013-04-25</sponsorshipDate>
        <firstName>Richard</firstName>
        <identifiers>
          <lisID>2076</lisID>
          <bioguideId>B001277</bioguideId>
          <gpoId>8332</gpoId>
        </identifiers>
        <isOriginalCosponsor>True</isOriginalCosponsor>
        <bioguideId>B001277</bioguideId>
        <fullName>Sen. Blumenthal, Richard [D-CT]</fullName>
        <middleName />
        <sponsorshipWithdrawnDate />
      </item>
      <item>
        <lastName>HARKIN</lastName>
        <sponsorshipDate>2013-04-25</sponsorshipDate>
        <firstName>THOMAS</firstName>
        <identifiers>
          <bioguideId>H000206</bioguideId>
          <lisID>501</lisID>
          <gpoId>8317</gpoId>
        </identifiers>
        <isOriginalCosponsor>True</isOriginalCosponsor>
        <bioguideId>H000206</bioguideId>
        <fullName>Sen. Harkin, Tom [D-IA]</fullName>
        <middleName>RICHARD</middleName>
        <sponsorshipWithdrawnDate />
      </item>
      <item>
        <lastName>DURBIN</lastName>
        <sponsorshipDate>2013-04-25</sponsorshipDate>
        <firstName>RICHARD</firstName>
        <identifiers>
          <lisID>326</lisID>
          <bioguideId>D000563</bioguideId>
          <gpoId>8326</gpoId>
        </identifiers>
        <isOriginalCosponsor>True</isOriginalCosponsor>
        <bioguideId>D000563</bioguideId>
        <fullName>Sen. Durbin, Richard [D-IL]</fullName>
        <middleName>J.</middleName>
        <sponsorshipWithdrawnDate />
      </item>
      <item>
        <lastName>Whitehouse</lastName>
        <sponsorshipDate>2013-06-19</sponsorshipDate>
        <firstName>Sheldon</firstName>
        <identifiers>
          <bioguideId>W000802</bioguideId>
          <lisID>1823</lisID>
          <gpoId>8264</gpoId>
        </identifiers>
        <isOriginalCosponsor>False</isOriginalCosponsor>
        <bioguideId>W000802</bioguideId>
        <fullName>Sen. Whitehouse, Sheldon [D-RI]</fullName>
        <middleName />
        <sponsorshipWithdrawnDate />
      </item>
      <item>
        <lastName>ROCKEFELLER</lastName>
        <sponsorshipDate>2013-07-23</sponsorshipDate>
        <firstName>JAY</firstName>
        <identifiers>
          <bioguideId>R000361</bioguideId>
          <lisID>1424</lisID>
          <gpoId>8273</gpoId>
        </identifiers>
        <isOriginalCosponsor>False</isOriginalCosponsor>
        <bioguideId>R000361</bioguideId>
        <fullName>Sen. Rockefeller, John D., IV [D-WV]</fullName>
        <middleName />
        <sponsorshipWithdrawnDate />
      </item>
    </cosponsors>
    <billType>S</billType>
    <summaries>
      <billSummaries>
        <item>
          <versionCode>00</versionCode>
          <name>Introduced in Senate</name>
          <actionDate>2013-04-25</actionDate>
          <updateDate>2013-04-25T04:00:00Z</updateDate>
          <lastSummaryUpdateDate>2013-06-12T18:40:53Z</lastSummaryUpdateDate>
          <text><![CDATA[<p>Tobacco Tax and Enforcement Reform Act - Amends the Internal Revenue Code, with respect to the taxation of tobacco products, to: </p> <ul> <li> increase excise taxes on small cigars, cigarettes, pipe tobacco, roll-your-own tobacco, and other tobacco products;</li> <li>impose an excise tax on smokeless tobacco sold in discrete single-use units;</li> <li>tax smokeless tobacco and other tobacco products at a level equivalent to the tax rate for cigarettes on an estimated per use basis;</li> <li>provide for annual inflation adjustments after 2013 to excise tax rates on cigarettes and tobacco products; </li> <li> restrict the sale, lease, export or import, or delivery of tobacco production machines to persons lawfully engaged in: (1) the sale, lease, export or import, or delivery of such machines; (2) the manufacture or packaging of tobacco products or processed tobacco; or (3) the application of unique identification markings onto tobacco products or processed tobacco packages; </li> <li>define "tobacco production machine" as a machine used to manufacture or package tobacco products or processed tobacco or to apply unique identification markings or other tax-payment indicia to packages of tobacco products or processed tobacco; </li> <li>require manufacturers and importers of tobacco products to affix a unique identification marking to each package of tobacco products or processed tobacco prior to sale or distribution in the United States or prior to export; </li> <li>direct the Secretary of the Treasury to design a system of unique identification markings that does not interfere with state, local, or tribal tax stamps and markings;</li> <li>require manufacturers, sellers, or importers of tobacco production machines to apply for and obtain permits to manufacture or import tobacco products; </li> <li>establish new criminal offenses relating to the licensing and distribution of tobacco products or processed tobacco; </li> <li>increase the civil penalty for tobacco-related infractions from $1,000 to $10,000; and </li> <li>allow sharing of tax return information with government officials for the administration of laws relating to tobacco products and processed tobacco.</li> </ul> <p>Requires the Secretary of the Treasury to coordinate with other federal agencies and officials to prevent and reduce tobacco tax evasion and contraband trafficking in tobacco products and processed tobacco and to enforce settlement agreements between tobacco companies and governmental entities.</p> <p>Amends the Tariff Act of 1930 to impose a civil penalty for the importation of tobacco products and cigarette papers and tubes by fraudulent means.</p> <p>Provides for the enforcement of this Act in Indian tribal areas.</p>]]></text>
          <actionDesc>Introduced in Senate</actionDesc>
        </item>
      </billSummaries>
    </summaries>
    <recordedVotes />
    <amendments />
    <actions>
      <item>
        <actionDate>2013-04-25</actionDate>
        <committee>
          <systemCode>ssfi00</systemCode>
          <name>Finance Committee</name>
        </committee>
        <links />
        <sourceSystem>
          <name>Senate</name>
          <code>0</code>
        </sourceSystem>
        <text>Read twice and referred to the Committee on Finance.</text>
        <type>IntroReferral</type>
      </item>
      <item>
        <committee />
        <type>IntroReferral</type>
        <links />
        <actionCode>10000</actionCode>
        <sourceSystem>
          <name>Library of Congress</name>
          <code>9</code>
        </sourceSystem>
        <actionDate>2013-04-25</actionDate>
        <text>Introduced in Senate</text>
      </item>
      <actionByCounts>
        <senate>2</senate>
      </actionByCounts>
      <actionTypeCounts>
        <introducedInSenate>1</introducedInSenate>
        <referredToCommittee>1</referredToCommittee>
      </actionTypeCounts>
    </actions>
    <subjects>
      <billSubjects>
        <policyArea>
          <name>Taxation</name>
        </policyArea>
        <legislativeSubjects>
          <item>
            <name>Administrative law and regulatory procedures</name>
          </item>
          <item>
            <name>Business records</name>
          </item>
          <item>
            <name>Customs enforcement</name>
          </item>
          <item>
            <name>Department of the Treasury</name>
          </item>
          <item>
            <name>Drug, alcohol, tobacco use</name>
          </item>
          <item>
            <name>Fraud offenses and financial crimes</name>
          </item>
          <item>
            <name>Indian lands and resources rights</name>
          </item>
          <item>
            <name>Inflation and prices</name>
          </item>
          <item>
            <name>Law enforcement administration and funding</name>
          </item>
          <item>
            <name>Licensing and registrations</name>
          </item>
          <item>
            <name>Manufacturing</name>
          </item>
          <item>
            <name>Retail and wholesale trades</name>
          </item>
          <item>
            <name>Sales and excise taxes</name>
          </item>
          <item>
            <name>Smuggling and trafficking</name>
          </item>
          <item>
            <name>Tax administration and collection, taxpayers</name>
          </item>
        </legislativeSubjects>
      </billSubjects>
    </subjects>
  </bill>
  <dublinCore xmlns:dc="http://purl.org/dc/elements/1.1/">
    <dc:format>text/xml</dc:format>
    <dc:language>EN</dc:language>
    <dc:rights>Pursuant to Title 17 Section 105 of the United States Code, this file is not subject to copyright protection and is in the public domain.</dc:rights>
    <dc:contributor>Congressional Research Service, Library of Congress</dc:contributor>
    <dc:description>This file contains bill summaries and statuses for federal legislation. A bill summary describes the most significant provisions of a piece of legislation and details the effects the legislative text may have on current law and federal programs. Bill summaries are authored by the Congressional Research Service (CRS) of the Library of Congress. As stated in Public Law 91-510 (2 USC 166 (d)(6)), one of the duties of CRS is "to prepare summaries and digests of bills and resolutions of a public general nature introduced in the Senate or House of Representatives". For more information, refer to the User Guide that accompanies this file.</dc:description>
  </dublinCore>
</billStatus>

