<?xml version="1.0" encoding="UTF-8"?>
<billStatus>
  <bill>
    <actions>
      <actionTypeCounts>
        <referredToCommittee>1</referredToCommittee>
        <introducedInSenate>1</introducedInSenate>
      </actionTypeCounts>
      <item>
        <actionDate>2013-01-23</actionDate>
        <committee>
          <systemCode>ssga00</systemCode>
          <name>Homeland Security and Governmental Affairs Committee</name>
        </committee>
        <links />
        <sourceSystem>
          <name>Senate</name>
          <code>0</code>
        </sourceSystem>
        <text>Read twice and referred to the Committee on Homeland Security and Governmental Affairs.</text>
        <type>IntroReferral</type>
      </item>
      <item>
        <sourceSystem>
          <name>Library of Congress</name>
          <code>9</code>
        </sourceSystem>
        <actionDate>2013-01-23</actionDate>
        <links />
        <text>Introduced in Senate</text>
        <type>IntroReferral</type>
        <actionCode>10000</actionCode>
        <committee />
      </item>
      <actionByCounts>
        <senate>2</senate>
      </actionByCounts>
    </actions>
    <title>A bill to direct the General Accountability Office to conduct a full audit of hurricane protection funding and cost estimates associated with post-Katrina hurricane protection.</title>
    <cosponsors />
    <sponsors>
      <item>
        <middleName />
        <firstName>David</firstName>
        <byRequestType />
        <bioguideId>V000127</bioguideId>
        <fullName>Sen. Vitter, David [R-LA]</fullName>
        <lastName>Vitter</lastName>
        <identifiers>
          <lisID>1609</lisID>
          <gpoId>8267</gpoId>
          <bioguideId>V000127</bioguideId>
        </identifiers>
      </item>
    </sponsors>
    <subjects>
      <billSubjects>
        <policyArea>
          <name>Emergency Management</name>
        </policyArea>
        <legislativeSubjects>
          <item>
            <name>Accounting and auditing</name>
          </item>
          <item>
            <name>Alabama</name>
          </item>
          <item>
            <name>Congressional oversight</name>
          </item>
          <item>
            <name>Disaster relief and insurance</name>
          </item>
          <item>
            <name>Emergency planning and evacuation</name>
          </item>
          <item>
            <name>Louisiana</name>
          </item>
          <item>
            <name>Mississippi</name>
          </item>
          <item>
            <name>Natural disasters</name>
          </item>
        </legislativeSubjects>
      </billSubjects>
    </subjects>
    <updateDate>2016-10-25T16:20:04Z</updateDate>
    <originChamber>Senate</originChamber>
    <titles>
      <item>
        <chamberCode />
        <parentTitleType />
        <titleType>Official Title as Introduced</titleType>
        <title>A bill to direct the General Accountability Office to conduct a full audit of hurricane protection funding and cost estimates associated with post-Katrina hurricane protection.</title>
        <chamberName />
      </item>
      <item>
        <chamberCode />
        <parentTitleType />
        <titleType>Display Title</titleType>
        <title>A bill to direct the General Accountability Office to conduct a full audit of hurricane protection funding and cost estimates associated with post-Katrina hurricane protection.</title>
        <chamberName />
      </item>
    </titles>
    <createDate>2013-01-24T07:00:55Z</createDate>
    <congress>113</congress>
    <introducedDate>2013-01-23</introducedDate>
    <latestAction>
      <links />
      <actionDate>2013-01-23</actionDate>
      <text>Read twice and referred to the Committee on Homeland Security and Governmental Affairs.</text>
    </latestAction>
    <laws />
    <relatedBills />
    <notes />
    <recordedVotes />
    <cboCostEstimates />
    <policyArea>
      <name>Emergency Management</name>
    </policyArea>
    <billNumber>105</billNumber>
    <billType>S</billType>
    <committees>
      <billCommittees>
        <item>
          <subcommittees />
          <activities>
            <item>
              <name>Referred to</name>
              <date>2013-01-23T19:38:21Z</date>
            </item>
          </activities>
          <type>Standing</type>
          <systemCode>ssga00</systemCode>
          <chamber>Senate</chamber>
          <name>Homeland Security and Governmental Affairs Committee</name>
        </item>
      </billCommittees>
    </committees>
    <amendments />
    <summaries>
      <billSummaries>
        <item>
          <versionCode>00</versionCode>
          <text><![CDATA[<p>Directs the Government Accountability Office (GAO), in coordination with the National Academy of Engineering, to conduct and submit to Congress a full audit of hurricane protection funding and cost estimates associated with post-Katrina hurricane protection. </p>]]></text>
          <updateDate>2013-01-23T05:00:00Z</updateDate>
          <lastSummaryUpdateDate>2013-02-04T20:16:53Z</lastSummaryUpdateDate>
          <actionDate>2013-01-23</actionDate>
          <actionDesc>Introduced in Senate</actionDesc>
          <name>Introduced in Senate</name>
        </item>
      </billSummaries>
    </summaries>
    <calendarNumbers />
    <committeeReports />
  </bill>
  <dublinCore xmlns:dc="http://purl.org/dc/elements/1.1/">
    <dc:format>text/xml</dc:format>
    <dc:language>EN</dc:language>
    <dc:rights>Pursuant to Title 17 Section 105 of the United States Code, this file is not subject to copyright protection and is in the public domain.</dc:rights>
    <dc:contributor>Congressional Research Service, Library of Congress</dc:contributor>
    <dc:description>This file contains bill summaries and statuses for federal legislation. A bill summary describes the most significant provisions of a piece of legislation and details the effects the legislative text may have on current law and federal programs. Bill summaries are authored by the Congressional Research Service (CRS) of the Library of Congress. As stated in Public Law 91-510 (2 USC 166 (d)(6)), one of the duties of CRS is "to prepare summaries and digests of bills and resolutions of a public general nature introduced in the Senate or House of Representatives". For more information, refer to the User Guide that accompanies this file.</dc:description>
  </dublinCore>
</billStatus>

