<?xml version="1.0" encoding="UTF-8"?>
<billStatus>
  <bill>
    <billNumber>468</billNumber>
    <titles>
      <item>
        <chamberCode />
        <parentTitleType />
        <titleType>Short Titles as Introduced</titleType>
        <title>CARE Act</title>
        <chamberName />
      </item>
      <item>
        <chamberCode />
        <parentTitleType />
        <titleType>Short Titles as Introduced</titleType>
        <title>Coal Accountability and Retired Employee Act of 2013</title>
        <chamberName />
      </item>
      <item>
        <chamberCode />
        <parentTitleType />
        <titleType>Official Title as Introduced</titleType>
        <title>A bill to protect the health care and pension benefits of our nation's miners.</title>
        <chamberName />
      </item>
      <item>
        <chamberCode />
        <parentTitleType />
        <titleType>Display Title</titleType>
        <title>CARE Act</title>
        <chamberName />
      </item>
    </titles>
    <actions>
      <item>
        <actionDate>2013-03-06</actionDate>
        <committee>
          <systemCode>ssfi00</systemCode>
          <name>Finance Committee</name>
        </committee>
        <links />
        <sourceSystem>
          <name>Senate</name>
          <code>0</code>
        </sourceSystem>
        <text>Read twice and referred to the Committee on Finance.</text>
        <type>IntroReferral</type>
      </item>
      <item>
        <links>
          <link>
            <name>S1230</name>
            <url>/congressional-record/2013/senate-section/page/S1230</url>
          </link>
        </links>
        <actionCode>B00100</actionCode>
        <committee />
        <type>IntroReferral</type>
        <sourceSystem>
          <name>Library of Congress</name>
          <code>9</code>
        </sourceSystem>
        <text>Sponsor introductory remarks on measure. (CR S1230)</text>
        <actionDate>2013-03-06</actionDate>
      </item>
      <item>
        <links />
        <actionCode>10000</actionCode>
        <committee />
        <type>IntroReferral</type>
        <sourceSystem>
          <name>Library of Congress</name>
          <code>9</code>
        </sourceSystem>
        <text>Introduced in Senate</text>
        <actionDate>2013-03-06</actionDate>
      </item>
      <actionTypeCounts>
        <placeholderTextForB>1</placeholderTextForB>
        <referredToCommittee>1</referredToCommittee>
        <introducedInSenate>1</introducedInSenate>
      </actionTypeCounts>
      <actionByCounts>
        <senate>2</senate>
      </actionByCounts>
    </actions>
    <updateDate>2016-10-25T16:21:29Z</updateDate>
    <summaries>
      <billSummaries>
        <item>
          <lastSummaryUpdateDate>2013-04-29T19:50:48Z</lastSummaryUpdateDate>
          <name>Introduced in Senate</name>
          <actionDesc>Introduced in Senate</actionDesc>
          <text><![CDATA[<p>Coal Accountability and Retired Employee Act of 2013 or CARE Act - Amends the Surface Mining Control and Reclamation Act of 1977 to transfer specified excess funds derived from coal mine operator-paid reclamation fees to the trustees of the 1974 United Mine Workers of America (UMWA) Pension Plan for use solely to pay pension benefits required under such Plan.</p> <p>Amends the Internal Revenue Code to revise 1992 UMWA Benefit Plan eligibility requirements.</p> <p>Makes eligible for health benefits from the 1992 UMWA Benefit Plan an individual who would be eligible to receive benefits from the 1974 UMWA Benefit Plan (with a specified exception) following a bankruptcy or other insolvency proceeding of a coal mine operator, but who does not receive from that operator or any related person health benefits at least equal to those received under the Multiemployer Health Benefit Plan of the Surface Mining Control and Reclamation Act of 1977.</p> <p>Prescribes a special rule to state that employer contributions to an employees' trust or annuity benefit plan providing supplemental benefits solely to participants in a pension plan are neither deductible nor nondeductible as such from the employer's gross income. Subjects such contributions, on the other hand, to the requirements for deduction as an allowable trade or business expense.</p> <p>Treats a trust holding the assets of such a pension benefit plan as a tax-exempt organization.</p> <p>Excludes from wages any payments made to, or on behalf of, an employee or his or her beneficiary under such a plan.</p>]]></text>
          <actionDate>2013-03-06</actionDate>
          <versionCode>00</versionCode>
          <updateDate>2013-03-06T05:00:00Z</updateDate>
        </item>
      </billSummaries>
    </summaries>
    <sponsors>
      <item>
        <firstName>JAY</firstName>
        <fullName>Sen. Rockefeller, John D., IV [D-WV]</fullName>
        <middleName />
        <bioguideId>R000361</bioguideId>
        <byRequestType />
        <lastName>ROCKEFELLER</lastName>
        <identifiers>
          <bioguideId>R000361</bioguideId>
          <lisID>1424</lisID>
          <gpoId>8273</gpoId>
        </identifiers>
      </item>
    </sponsors>
    <congress>113</congress>
    <notes />
    <committees>
      <billCommittees>
        <item>
          <subcommittees />
          <name>Finance Committee</name>
          <type>Standing</type>
          <activities>
            <item>
              <name>Referred to</name>
              <date>2013-03-06T16:24:56Z</date>
            </item>
          </activities>
          <chamber>Senate</chamber>
          <systemCode>ssfi00</systemCode>
        </item>
      </billCommittees>
    </committees>
    <introducedDate>2013-03-06</introducedDate>
    <createDate>2013-03-07T07:01:12Z</createDate>
    <policyArea>
      <name>Energy</name>
    </policyArea>
    <laws />
    <billType>S</billType>
    <subjects>
      <billSubjects>
        <legislativeSubjects>
          <item>
            <name>Coal</name>
          </item>
          <item>
            <name>Employee benefits and pensions</name>
          </item>
          <item>
            <name>Employment taxes</name>
          </item>
          <item>
            <name>Health care costs and insurance</name>
          </item>
          <item>
            <name>Land use and conservation</name>
          </item>
          <item>
            <name>Mining</name>
          </item>
          <item>
            <name>Tax administration and collection, taxpayers</name>
          </item>
          <item>
            <name>Unemployment</name>
          </item>
          <item>
            <name>User charges and fees</name>
          </item>
          <item>
            <name>Wages and earnings</name>
          </item>
        </legislativeSubjects>
        <policyArea>
          <name>Energy</name>
        </policyArea>
      </billSubjects>
    </subjects>
    <cosponsors>
      <item>
        <lastName>Manchin</lastName>
        <identifiers>
          <gpoId>8256</gpoId>
          <lisID>1983</lisID>
          <bioguideId>M001183</bioguideId>
        </identifiers>
        <firstName>Joe</firstName>
        <fullName>Sen. Manchin, Joe, III [D-WV]</fullName>
        <bioguideId>M001183</bioguideId>
        <sponsorshipDate>2013-03-06</sponsorshipDate>
        <middleName />
        <isOriginalCosponsor>True</isOriginalCosponsor>
        <sponsorshipWithdrawnDate />
      </item>
      <item>
        <lastName>Warren</lastName>
        <identifiers>
          <lisID>2182</lisID>
          <bioguideId>W000817</bioguideId>
          <gpoId />
        </identifiers>
        <firstName>Elizabeth</firstName>
        <fullName>Sen. Warren, Elizabeth [D-MA]</fullName>
        <bioguideId>W000817</bioguideId>
        <sponsorshipDate>2013-03-06</sponsorshipDate>
        <middleName>A.</middleName>
        <isOriginalCosponsor>True</isOriginalCosponsor>
        <sponsorshipWithdrawnDate />
      </item>
      <item>
        <lastName>BROWN</lastName>
        <identifiers>
          <gpoId>8309</gpoId>
          <lisID>136</lisID>
          <bioguideId>B000944</bioguideId>
        </identifiers>
        <firstName>SHERROD</firstName>
        <fullName>Sen. Brown, Sherrod [D-OH]</fullName>
        <bioguideId>B000944</bioguideId>
        <sponsorshipDate>2013-03-06</sponsorshipDate>
        <middleName />
        <isOriginalCosponsor>True</isOriginalCosponsor>
        <sponsorshipWithdrawnDate />
      </item>
      <item>
        <lastName>DURBIN</lastName>
        <identifiers>
          <bioguideId>D000563</bioguideId>
          <lisID>326</lisID>
          <gpoId>8326</gpoId>
        </identifiers>
        <firstName>RICHARD</firstName>
        <fullName>Sen. Durbin, Richard [D-IL]</fullName>
        <bioguideId>D000563</bioguideId>
        <sponsorshipDate>2013-04-18</sponsorshipDate>
        <middleName>J.</middleName>
        <isOriginalCosponsor>False</isOriginalCosponsor>
        <sponsorshipWithdrawnDate />
      </item>
      <item>
        <lastName>Casey</lastName>
        <identifiers>
          <lisID>1828</lisID>
          <bioguideId>C001070</bioguideId>
          <gpoId>8282</gpoId>
        </identifiers>
        <firstName>Bob</firstName>
        <fullName>Sen. Casey, Robert P., Jr. [D-PA]</fullName>
        <bioguideId>C001070</bioguideId>
        <sponsorshipDate>2013-09-12</sponsorshipDate>
        <middleName />
        <isOriginalCosponsor>False</isOriginalCosponsor>
        <sponsorshipWithdrawnDate />
      </item>
      <item>
        <lastName>Kaine</lastName>
        <identifiers>
          <bioguideId>K000384</bioguideId>
          <lisID>2176</lisID>
          <gpoId />
        </identifiers>
        <firstName>Timothy</firstName>
        <fullName>Sen. Kaine, Tim [D-VA]</fullName>
        <bioguideId>K000384</bioguideId>
        <sponsorshipDate>2013-10-02</sponsorshipDate>
        <middleName />
        <isOriginalCosponsor>False</isOriginalCosponsor>
        <sponsorshipWithdrawnDate />
      </item>
      <item>
        <lastName>Warner</lastName>
        <identifiers>
          <gpoId>8269</gpoId>
          <bioguideId>W000805</bioguideId>
          <lisID>1897</lisID>
        </identifiers>
        <firstName>Mark</firstName>
        <fullName>Sen. Warner, Mark R. [D-VA]</fullName>
        <bioguideId>W000805</bioguideId>
        <sponsorshipDate>2013-12-19</sponsorshipDate>
        <middleName>R.</middleName>
        <isOriginalCosponsor>False</isOriginalCosponsor>
        <sponsorshipWithdrawnDate />
      </item>
    </cosponsors>
    <calendarNumbers />
    <relatedBills>
      <item>
        <number>980</number>
        <relationshipDetails>
          <item>
            <type>Identical bill</type>
            <identifiedBy>CRS</identifiedBy>
          </item>
        </relationshipDetails>
        <congress>113</congress>
        <latestAction>
          <actionDate>2013-03-07</actionDate>
          <text>Referred to the Subcommittee on Energy and Mineral Resources.</text>
        </latestAction>
        <latestTitle>CARE Act</latestTitle>
        <type>HR</type>
      </item>
      <item>
        <number>2918</number>
        <relationshipDetails>
          <item>
            <type>Related bill</type>
            <identifiedBy>CRS</identifiedBy>
          </item>
        </relationshipDetails>
        <congress>113</congress>
        <latestAction>
          <actionDate>2013-08-07</actionDate>
          <text>Referred to the Subcommittee on Energy and Mineral Resources.</text>
        </latestAction>
        <latestTitle>Coal Healthcare and Pensions Protection Act of 2013</latestTitle>
        <type>HR</type>
      </item>
    </relatedBills>
    <amendments />
    <recordedVotes />
    <title>CARE Act</title>
    <latestAction>
      <actionDate>2013-03-06</actionDate>
      <text>Read twice and referred to the Committee on Finance.</text>
      <links />
    </latestAction>
    <cboCostEstimates />
    <originChamber>Senate</originChamber>
    <committeeReports />
  </bill>
  <dublinCore xmlns:dc="http://purl.org/dc/elements/1.1/">
    <dc:format>text/xml</dc:format>
    <dc:language>EN</dc:language>
    <dc:rights>Pursuant to Title 17 Section 105 of the United States Code, this file is not subject to copyright protection and is in the public domain.</dc:rights>
    <dc:contributor>Congressional Research Service, Library of Congress</dc:contributor>
    <dc:description>This file contains bill summaries and statuses for federal legislation. A bill summary describes the most significant provisions of a piece of legislation and details the effects the legislative text may have on current law and federal programs. Bill summaries are authored by the Congressional Research Service (CRS) of the Library of Congress. As stated in Public Law 91-510 (2 USC 166 (d)(6)), one of the duties of CRS is "to prepare summaries and digests of bills and resolutions of a public general nature introduced in the Senate or House of Representatives". For more information, refer to the User Guide that accompanies this file.</dc:description>
  </dublinCore>
</billStatus>

