<?xml version="1.0" encoding="UTF-8"?>
<billStatus>
  <bill>
    <titles>
      <item>
        <chamberName />
        <titleType>Short Titles as Introduced</titleType>
        <title>Drunk Driving Repeat Offender Prevention Act of 2013</title>
        <chamberCode />
        <parentTitleType />
      </item>
      <item>
        <chamberName />
        <titleType>Official Title as Introduced</titleType>
        <title>A bill to amend chapter 1 of title 23, United States Code, to condition the receipt of certain highway funding by States on the enactment and enforcement by States of certain laws to prevent repeat intoxicated driving.</title>
        <chamberCode />
        <parentTitleType />
      </item>
      <item>
        <chamberName />
        <titleType>Display Title</titleType>
        <title>Drunk Driving Repeat Offender Prevention Act of 2013</title>
        <chamberCode />
        <parentTitleType />
      </item>
    </titles>
    <introducedDate>2013-05-16</introducedDate>
    <notes />
    <calendarNumbers />
    <committees>
      <billCommittees>
        <item>
          <name>Environment and Public Works Committee</name>
          <type>Standing</type>
          <subcommittees />
          <chamber>Senate</chamber>
          <activities>
            <item>
              <name>Referred to</name>
              <date>2013-05-16T20:28:01Z</date>
            </item>
          </activities>
          <systemCode>ssev00</systemCode>
        </item>
      </billCommittees>
    </committees>
    <sponsors>
      <item>
        <lastName>LAUTENBERG</lastName>
        <middleName>R.</middleName>
        <bioguideId>L000123</bioguideId>
        <firstName>FRANK</firstName>
        <byRequestType />
        <fullName>Sen. Lautenberg, Frank R. [D-NJ]</fullName>
        <identifiers>
          <bioguideId>L000123</bioguideId>
          <lisID>1381</lisID>
          <gpoId>8245</gpoId>
        </identifiers>
      </item>
    </sponsors>
    <subjects>
      <billSubjects>
        <policyArea>
          <name>Transportation and Public Works</name>
        </policyArea>
        <legislativeSubjects>
          <item>
            <name>Drug, alcohol, tobacco use</name>
          </item>
          <item>
            <name>Motor vehicles</name>
          </item>
          <item>
            <name>Roads and highways</name>
          </item>
          <item>
            <name>State and local government operations</name>
          </item>
          <item>
            <name>Transportation programs funding</name>
          </item>
          <item>
            <name>Transportation safety and security</name>
          </item>
        </legislativeSubjects>
      </billSubjects>
    </subjects>
    <originChamber>Senate</originChamber>
    <createDate>2013-05-17T07:02:05Z</createDate>
    <congress>113</congress>
    <cosponsors>
      <item>
        <middleName />
        <firstName>TOM</firstName>
        <identifiers>
          <bioguideId>U000039</bioguideId>
          <lisID>1567</lisID>
          <gpoId>8260</gpoId>
        </identifiers>
        <bioguideId>U000039</bioguideId>
        <fullName>Sen. Udall, Tom [D-NM]</fullName>
        <lastName>UDALL</lastName>
        <sponsorshipWithdrawnDate />
        <sponsorshipDate>2013-05-16</sponsorshipDate>
        <isOriginalCosponsor>True</isOriginalCosponsor>
      </item>
      <item>
        <middleName />
        <firstName>Amy</firstName>
        <identifiers>
          <gpoId>8249</gpoId>
          <bioguideId>K000367</bioguideId>
          <lisID>1826</lisID>
        </identifiers>
        <bioguideId>K000367</bioguideId>
        <fullName>Sen. Klobuchar, Amy [D-MN]</fullName>
        <lastName>Klobuchar</lastName>
        <sponsorshipWithdrawnDate />
        <sponsorshipDate>2013-05-21</sponsorshipDate>
        <isOriginalCosponsor>False</isOriginalCosponsor>
      </item>
    </cosponsors>
    <billType>S</billType>
    <billNumber>979</billNumber>
    <summaries>
      <billSummaries>
        <item>
          <versionCode>00</versionCode>
          <name>Introduced in Senate</name>
          <actionDate>2013-05-16</actionDate>
          <updateDate>2013-05-16T04:00:00Z</updateDate>
          <lastSummaryUpdateDate>2014-07-11T14:19:02Z</lastSummaryUpdateDate>
          <text><![CDATA[<p>Drunk Driving Repeat Offender Prevention Act of 2013 - Directs the Secretary of Transportation (DOT) to withhold specified graduated percentages of a state's apportionment of certain federal-aid highway funds for FY2015-FY2017 if the state has not enacted and is not enforcing a law requiring the installation of an ignition interlock device for a minimum of 180 days on each motor vehicle operated by an individual convicted of driving while intoxicated or driving under the influence.</p> <p>Defines &quot;driving while intoxicated&quot; and &quot;driving under the influence&quot; as driving or being in actual physical control of a motor vehicle while having a blood alcohol concentration greater than or equal to the lesser of: (1) the blood alcohol concentration limit of the state in which the individual is driving, or (2) 0.08%.</p> <p>Requires an ignition interlock device to: (1) require a driver to provide a breath sample before the motor vehicle starts, and (2) prevent a motor vehicle from starting if the alcohol concentration of the driver is above the legal limit.</p>]]></text>
          <actionDesc>Introduced in Senate</actionDesc>
        </item>
      </billSummaries>
    </summaries>
    <actions>
      <item>
        <actionDate>2013-05-16</actionDate>
        <committee>
          <systemCode>ssev00</systemCode>
          <name>Environment and Public Works Committee</name>
        </committee>
        <links />
        <sourceSystem>
          <name>Senate</name>
          <code>0</code>
        </sourceSystem>
        <text>Read twice and referred to the Committee on Environment and Public Works.</text>
        <type>IntroReferral</type>
      </item>
      <item>
        <actionCode>10000</actionCode>
        <type>IntroReferral</type>
        <text>Introduced in Senate</text>
        <actionDate>2013-05-16</actionDate>
        <links />
        <committee />
        <sourceSystem>
          <name>Library of Congress</name>
          <code>9</code>
        </sourceSystem>
      </item>
      <actionByCounts>
        <senate>2</senate>
      </actionByCounts>
      <actionTypeCounts>
        <introducedInSenate>1</introducedInSenate>
        <referredToCommittee>1</referredToCommittee>
      </actionTypeCounts>
    </actions>
    <relatedBills>
      <item>
        <latestAction>
          <actionDate>2013-04-24</actionDate>
          <text>Referred to the Subcommittee on Highways and Transit.</text>
        </latestAction>
        <number>1665</number>
        <congress>113</congress>
        <type>HR</type>
        <latestTitle>Drunk Driving Repeat Offender Prevention Act of 2013</latestTitle>
        <relationshipDetails>
          <item>
            <type>Related bill</type>
            <identifiedBy>CRS</identifiedBy>
          </item>
        </relationshipDetails>
      </item>
      <item>
        <latestAction>
          <actionDate>2014-07-09</actionDate>
          <text>Referred to the Subcommittee on Highways and Transit.</text>
        </latestAction>
        <number>5025</number>
        <congress>113</congress>
        <type>HR</type>
        <latestTitle>Alisa's Law of 2014</latestTitle>
        <relationshipDetails>
          <item>
            <type>Related bill</type>
            <identifiedBy>CRS</identifiedBy>
          </item>
          <item>
            <type>Text similarities</type>
            <identifiedBy>House</identifiedBy>
          </item>
        </relationshipDetails>
      </item>
    </relatedBills>
    <policyArea>
      <name>Transportation and Public Works</name>
    </policyArea>
    <updateDate>2016-10-25T16:24:32Z</updateDate>
    <recordedVotes />
    <cboCostEstimates />
    <latestAction>
      <text>Read twice and referred to the Committee on Environment and Public Works.</text>
      <actionDate>2013-05-16</actionDate>
      <links />
    </latestAction>
    <title>Drunk Driving Repeat Offender Prevention Act of 2013</title>
    <amendments />
    <laws />
    <committeeReports />
  </bill>
  <dublinCore xmlns:dc="http://purl.org/dc/elements/1.1/">
    <dc:format>text/xml</dc:format>
    <dc:language>EN</dc:language>
    <dc:rights>Pursuant to Title 17 Section 105 of the United States Code, this file is not subject to copyright protection and is in the public domain.</dc:rights>
    <dc:contributor>Congressional Research Service, Library of Congress</dc:contributor>
    <dc:description>This file contains bill summaries and statuses for federal legislation. A bill summary describes the most significant provisions of a piece of legislation and details the effects the legislative text may have on current law and federal programs. Bill summaries are authored by the Congressional Research Service (CRS) of the Library of Congress. As stated in Public Law 91-510 (2 USC 166 (d)(6)), one of the duties of CRS is "to prepare summaries and digests of bills and resolutions of a public general nature introduced in the Senate or House of Representatives". For more information, refer to the User Guide that accompanies this file.</dc:description>
  </dublinCore>
</billStatus>

