<?xml version="1.0" encoding="UTF-8"?>
<billStatus>
  <bill>
    <relatedBills>
      <item>
        <number>1912</number>
        <type>HR</type>
        <congress>113</congress>
        <relationshipDetails>
          <item>
            <type>Related bill</type>
            <identifiedBy>CRS</identifiedBy>
          </item>
        </relationshipDetails>
        <latestAction>
          <actionDate>2013-05-10</actionDate>
          <text>Referred to the Subcommittee on Health.</text>
        </latestAction>
        <latestTitle>Affordable Care Accountability Act of 2013</latestTitle>
      </item>
      <item>
        <number>3076</number>
        <type>HR</type>
        <congress>113</congress>
        <relationshipDetails>
          <item>
            <type>Related bill</type>
            <identifiedBy>CRS</identifiedBy>
          </item>
        </relationshipDetails>
        <latestAction>
          <actionDate>2013-09-13</actionDate>
          <text>Referred to the Subcommittee on Health.</text>
        </latestAction>
        <latestTitle>James Madison Congressional Accountability Act</latestTitle>
      </item>
      <item>
        <number>1497</number>
        <type>S</type>
        <congress>113</congress>
        <relationshipDetails>
          <item>
            <type>Related bill</type>
            <identifiedBy>CRS</identifiedBy>
          </item>
        </relationshipDetails>
        <latestAction>
          <actionDate>2013-09-12</actionDate>
          <text>Read twice and referred to the Committee on Finance.</text>
        </latestAction>
        <latestTitle>No Exemption for Washington from Obamacare Act</latestTitle>
      </item>
    </relatedBills>
    <policyArea>
      <name>Government Operations and Politics</name>
    </policyArea>
    <congress>113</congress>
    <cboCostEstimates />
    <laws />
    <billNumber>902</billNumber>
    <notes />
    <originChamber>Senate</originChamber>
    <latestAction>
      <actionDate>2013-05-08</actionDate>
      <text>Read twice and referred to the Committee on Homeland Security and Governmental Affairs.</text>
      <links />
    </latestAction>
    <updateDate>2016-10-25T16:24:10Z</updateDate>
    <calendarNumbers />
    <titles>
      <item>
        <chamberName />
        <titleType>Official Title as Introduced</titleType>
        <title>A bill to amend the Patient Protection and Affordable Care Act to apply the provisions of the Act to certain Congressional staff and members of the executive branch.</title>
        <chamberCode />
        <parentTitleType />
      </item>
      <item>
        <chamberName />
        <titleType>Display Title</titleType>
        <title>A bill to amend the Patient Protection and Affordable Care Act to apply the provisions of the Act to certain Congressional staff and members of the executive branch.</title>
        <chamberCode />
        <parentTitleType />
      </item>
    </titles>
    <title>A bill to amend the Patient Protection and Affordable Care Act to apply the provisions of the Act to certain Congressional staff and members of the executive branch.</title>
    <committeeReports />
    <sponsors>
      <item>
        <bioguideId>V000127</bioguideId>
        <fullName>Sen. Vitter, David [R-LA]</fullName>
        <identifiers>
          <gpoId>8267</gpoId>
          <lisID>1609</lisID>
          <bioguideId>V000127</bioguideId>
        </identifiers>
        <byRequestType />
        <middleName />
        <firstName>David</firstName>
        <lastName>Vitter</lastName>
      </item>
    </sponsors>
    <introducedDate>2013-05-08</introducedDate>
    <createDate>2013-05-09T07:02:14Z</createDate>
    <committees>
      <billCommittees>
        <item>
          <subcommittees />
          <activities>
            <item>
              <name>Referred to</name>
              <date>2013-05-08T19:38:02Z</date>
            </item>
          </activities>
          <type>Standing</type>
          <systemCode>ssga00</systemCode>
          <chamber>Senate</chamber>
          <name>Homeland Security and Governmental Affairs Committee</name>
        </item>
      </billCommittees>
    </committees>
    <cosponsors>
      <item>
        <bioguideId>H001041</bioguideId>
        <fullName>Sen. Heller, Dean [R-NV]</fullName>
        <lastName>Heller</lastName>
        <firstName>Dean</firstName>
        <sponsorshipWithdrawnDate />
        <sponsorshipDate>2013-05-08</sponsorshipDate>
        <middleName />
        <isOriginalCosponsor>True</isOriginalCosponsor>
        <identifiers>
          <bioguideId>H001041</bioguideId>
          <lisID>1863</lisID>
          <gpoId>8060</gpoId>
        </identifiers>
      </item>
    </cosponsors>
    <billType>S</billType>
    <summaries>
      <billSummaries>
        <item>
          <versionCode>00</versionCode>
          <text><![CDATA[<p>Amends the Patient Protection and Affordable Care Act (PPACA) to extend the requirement for participation in the American Health Benefit Exchange (a state health insurance exchange created by PPACA) to the President, Vice-President, executive branch political appointees, and employees of congressional committees and leadership offices of Congress (currently, this requirement applies to Members of Congress and their staff).</p> <p><BR> </p>]]></text>
          <updateDate>2013-05-08T04:00:00Z</updateDate>
          <lastSummaryUpdateDate>2013-06-12T18:58:12Z</lastSummaryUpdateDate>
          <actionDate>2013-05-08</actionDate>
          <actionDesc>Introduced in Senate</actionDesc>
          <name>Introduced in Senate</name>
        </item>
      </billSummaries>
    </summaries>
    <recordedVotes />
    <amendments />
    <actions>
      <item>
        <actionDate>2013-05-08</actionDate>
        <committee>
          <systemCode>ssga00</systemCode>
          <name>Homeland Security and Governmental Affairs Committee</name>
        </committee>
        <links />
        <sourceSystem>
          <name>Senate</name>
          <code>0</code>
        </sourceSystem>
        <text>Read twice and referred to the Committee on Homeland Security and Governmental Affairs.</text>
        <type>IntroReferral</type>
      </item>
      <item>
        <committee />
        <type>IntroReferral</type>
        <links />
        <actionCode>10000</actionCode>
        <sourceSystem>
          <name>Library of Congress</name>
          <code>9</code>
        </sourceSystem>
        <actionDate>2013-05-08</actionDate>
        <text>Introduced in Senate</text>
      </item>
      <actionByCounts>
        <senate>2</senate>
      </actionByCounts>
      <actionTypeCounts>
        <introducedInSenate>1</introducedInSenate>
        <referredToCommittee>1</referredToCommittee>
      </actionTypeCounts>
    </actions>
    <subjects>
      <billSubjects>
        <legislativeSubjects>
          <item>
            <name>Congressional committees</name>
          </item>
          <item>
            <name>Congressional officers and employees</name>
          </item>
          <item>
            <name>Federal officials</name>
          </item>
          <item>
            <name>Government employee pay, benefits, personnel management</name>
          </item>
          <item>
            <name>Health care costs and insurance</name>
          </item>
          <item>
            <name>Health care coverage and access</name>
          </item>
          <item>
            <name>Members of Congress</name>
          </item>
          <item>
            <name>Presidents and presidential powers, Vice Presidents</name>
          </item>
        </legislativeSubjects>
        <policyArea>
          <name>Government Operations and Politics</name>
        </policyArea>
      </billSubjects>
    </subjects>
  </bill>
  <dublinCore xmlns:dc="http://purl.org/dc/elements/1.1/">
    <dc:format>text/xml</dc:format>
    <dc:language>EN</dc:language>
    <dc:rights>Pursuant to Title 17 Section 105 of the United States Code, this file is not subject to copyright protection and is in the public domain.</dc:rights>
    <dc:contributor>Congressional Research Service, Library of Congress</dc:contributor>
    <dc:description>This file contains bill summaries and statuses for federal legislation. A bill summary describes the most significant provisions of a piece of legislation and details the effects the legislative text may have on current law and federal programs. Bill summaries are authored by the Congressional Research Service (CRS) of the Library of Congress. As stated in Public Law 91-510 (2 USC 166 (d)(6)), one of the duties of CRS is "to prepare summaries and digests of bills and resolutions of a public general nature introduced in the Senate or House of Representatives". For more information, refer to the User Guide that accompanies this file.</dc:description>
  </dublinCore>
</billStatus>

