<?xml version="1.0" encoding="UTF-8"?>
<billStatus>
  <bill>
    <relatedBills />
    <policyArea>
      <name>Taxation</name>
    </policyArea>
    <congress>113</congress>
    <cboCostEstimates />
    <laws />
    <billNumber>136</billNumber>
    <notes />
    <originChamber>Senate</originChamber>
    <latestAction>
      <actionDate>2013-01-24</actionDate>
      <text>Read twice and referred to the Committee on Finance.</text>
      <links />
    </latestAction>
    <updateDate>2016-10-25T16:20:12Z</updateDate>
    <calendarNumbers />
    <titles>
      <item>
        <chamberName />
        <chamberCode />
        <parentTitleType />
        <titleType>Short Titles as Introduced</titleType>
        <title>Ethical Stem Cell Research Tax Credit Act of 2013</title>
      </item>
      <item>
        <chamberName />
        <chamberCode />
        <parentTitleType />
        <titleType>Official Title as Introduced</titleType>
        <title>A bill to amend the Internal Revenue Code of 1986 to provide a Federal income tax credit for certain stem cell research expenditures.</title>
      </item>
      <item>
        <chamberName />
        <chamberCode />
        <parentTitleType />
        <titleType>Display Title</titleType>
        <title>Ethical Stem Cell Research Tax Credit Act of 2013</title>
      </item>
    </titles>
    <title>Ethical Stem Cell Research Tax Credit Act of 2013</title>
    <committeeReports />
    <sponsors>
      <item>
        <bioguideId>V000127</bioguideId>
        <fullName>Sen. Vitter, David [R-LA]</fullName>
        <identifiers>
          <gpoId>8267</gpoId>
          <lisID>1609</lisID>
          <bioguideId>V000127</bioguideId>
        </identifiers>
        <byRequestType />
        <middleName />
        <firstName>David</firstName>
        <lastName>Vitter</lastName>
      </item>
    </sponsors>
    <introducedDate>2013-01-24</introducedDate>
    <createDate>2013-01-25T07:00:57Z</createDate>
    <committees>
      <billCommittees>
        <item>
          <subcommittees />
          <name>Finance Committee</name>
          <type>Standing</type>
          <activities>
            <item>
              <name>Referred to</name>
              <date>2013-01-24T21:59:37Z</date>
            </item>
          </activities>
          <chamber>Senate</chamber>
          <systemCode>ssfi00</systemCode>
        </item>
      </billCommittees>
    </committees>
    <cosponsors />
    <billType>S</billType>
    <summaries>
      <billSummaries>
        <item>
          <text><![CDATA[<p>Ethical Stem Cell Research Tax Credit Act of 2013 - Amends the Internal Revenue Code to allow a tax credit for 30% of qualified stem cell research expenses paid or incurred in a taxable year. Defines &quot;qualified stem cell research expenses&quot; as expenses for carrying out basic and applied research to develop techniques for the isolation, derivation, production, testing, and human clinical use of stem cells that may result in improved understanding of or treatments for diseases and other adverse health conditions. Prohibits a tax credit for any research expenses that may involve: (1) the creation of a human embryo for research purposes; (2) the destruction of or discarding of, or risk of injury to, a human embryo; or (3) the use of any stem cell for prohibited purposes.</p>]]></text>
          <name>Introduced in Senate</name>
          <versionCode>00</versionCode>
          <actionDate>2013-01-24</actionDate>
          <actionDesc>Introduced in Senate</actionDesc>
          <lastSummaryUpdateDate>2013-02-08T16:52:18Z</lastSummaryUpdateDate>
          <updateDate>2013-01-24T05:00:00Z</updateDate>
        </item>
      </billSummaries>
    </summaries>
    <recordedVotes />
    <amendments />
    <actions>
      <item>
        <actionDate>2013-01-24</actionDate>
        <committee>
          <systemCode>ssfi00</systemCode>
          <name>Finance Committee</name>
        </committee>
        <links />
        <sourceSystem>
          <name>Senate</name>
          <code>0</code>
        </sourceSystem>
        <text>Read twice and referred to the Committee on Finance.</text>
        <type>IntroReferral</type>
      </item>
      <item>
        <links />
        <actionCode>10000</actionCode>
        <committee />
        <type>IntroReferral</type>
        <sourceSystem>
          <name>Library of Congress</name>
          <code>9</code>
        </sourceSystem>
        <text>Introduced in Senate</text>
        <actionDate>2013-01-24</actionDate>
      </item>
      <actionTypeCounts>
        <referredToCommittee>1</referredToCommittee>
        <introducedInSenate>1</introducedInSenate>
      </actionTypeCounts>
      <actionByCounts>
        <senate>2</senate>
      </actionByCounts>
    </actions>
    <subjects>
      <billSubjects>
        <policyArea>
          <name>Taxation</name>
        </policyArea>
        <legislativeSubjects>
          <item>
            <name>Cell biology and embryology</name>
          </item>
          <item>
            <name>Health promotion and preventive care</name>
          </item>
          <item>
            <name>Income tax credits</name>
          </item>
          <item>
            <name>Medical research</name>
          </item>
        </legislativeSubjects>
      </billSubjects>
    </subjects>
  </bill>
  <dublinCore xmlns:dc="http://purl.org/dc/elements/1.1/">
    <dc:format>text/xml</dc:format>
    <dc:language>EN</dc:language>
    <dc:rights>Pursuant to Title 17 Section 105 of the United States Code, this file is not subject to copyright protection and is in the public domain.</dc:rights>
    <dc:contributor>Congressional Research Service, Library of Congress</dc:contributor>
    <dc:description>This file contains bill summaries and statuses for federal legislation. A bill summary describes the most significant provisions of a piece of legislation and details the effects the legislative text may have on current law and federal programs. Bill summaries are authored by the Congressional Research Service (CRS) of the Library of Congress. As stated in Public Law 91-510 (2 USC 166 (d)(6)), one of the duties of CRS is "to prepare summaries and digests of bills and resolutions of a public general nature introduced in the Senate or House of Representatives". For more information, refer to the User Guide that accompanies this file.</dc:description>
  </dublinCore>
</billStatus>

