<?xml version="1.0" encoding="UTF-8"?>
<billStatus>
  <bill>
    <actions>
      <actionTypeCounts>
        <hearingsHeld>1</hearingsHeld>
        <introducedInSenate>1</introducedInSenate>
        <referredToCommittee>1</referredToCommittee>
      </actionTypeCounts>
      <item>
        <actionDate>2013-06-25</actionDate>
        <committee>
          <systemCode>sseg01</systemCode>
          <name>Energy Subcommittee</name>
        </committee>
        <links />
        <sourceSystem>
          <name>Senate</name>
          <code>0</code>
        </sourceSystem>
        <text>Committee on Energy and Natural Resources Subcommittee on Energy. Hearings held. With printed Hearing: S.Hrg. 113-70.</text>
        <type>Committee</type>
      </item>
      <item>
        <actionDate>2013-06-20</actionDate>
        <committee>
          <systemCode>sseg00</systemCode>
          <name>Energy and Natural Resources Committee</name>
        </committee>
        <links />
        <sourceSystem>
          <name>Senate</name>
          <code>0</code>
        </sourceSystem>
        <text>Read twice and referred to the Committee on Energy and Natural Resources.</text>
        <type>IntroReferral</type>
      </item>
      <item>
        <sourceSystem>
          <name>Library of Congress</name>
          <code>9</code>
        </sourceSystem>
        <actionDate>2013-06-20</actionDate>
        <links />
        <text>Introduced in Senate</text>
        <type>IntroReferral</type>
        <actionCode>10000</actionCode>
        <committee />
      </item>
      <actionByCounts>
        <senate>3</senate>
      </actionByCounts>
    </actions>
    <title>State Energy Race to the Top Initiative Act of 2013</title>
    <cosponsors>
      <item>
        <lastName>Manchin</lastName>
        <identifiers>
          <lisID>1983</lisID>
          <bioguideId>M001183</bioguideId>
          <gpoId>8256</gpoId>
        </identifiers>
        <firstName>Joe</firstName>
        <fullName>Sen. Manchin, Joe, III [D-WV]</fullName>
        <bioguideId>M001183</bioguideId>
        <sponsorshipDate>2013-06-20</sponsorshipDate>
        <middleName />
        <isOriginalCosponsor>True</isOriginalCosponsor>
        <sponsorshipWithdrawnDate />
      </item>
    </cosponsors>
    <sponsors>
      <item>
        <middleName>R.</middleName>
        <firstName>Mark</firstName>
        <byRequestType />
        <bioguideId>W000805</bioguideId>
        <fullName>Sen. Warner, Mark R. [D-VA]</fullName>
        <lastName>Warner</lastName>
        <identifiers>
          <gpoId>8269</gpoId>
          <lisID>1897</lisID>
          <bioguideId>W000805</bioguideId>
        </identifiers>
      </item>
    </sponsors>
    <subjects>
      <billSubjects>
        <policyArea>
          <name>Energy</name>
        </policyArea>
        <legislativeSubjects>
          <item>
            <name>Building construction</name>
          </item>
          <item>
            <name>Electric power generation and transmission</name>
          </item>
          <item>
            <name>Energy efficiency and conservation</name>
          </item>
          <item>
            <name>Lighting and heating</name>
          </item>
          <item>
            <name>Public utilities and utility rates</name>
          </item>
          <item>
            <name>State and local government operations</name>
          </item>
        </legislativeSubjects>
      </billSubjects>
    </subjects>
    <updateDate>2016-10-25T16:25:34Z</updateDate>
    <originChamber>Senate</originChamber>
    <titles>
      <item>
        <chamberName />
        <titleType>Short Titles as Introduced</titleType>
        <title>State Energy Race to the Top Initiative Act of 2013</title>
        <chamberCode />
        <parentTitleType />
      </item>
      <item>
        <chamberName />
        <titleType>Official Title as Introduced</titleType>
        <title>A bill to establish a State Energy Race to the Top Initiative to assist energy policy innovation in the States to promote the goal of doubling electric and thermal energy productivity by January 1, 2030.</title>
        <chamberCode />
        <parentTitleType />
      </item>
      <item>
        <chamberName />
        <titleType>Display Title</titleType>
        <title>State Energy Race to the Top Initiative Act of 2013</title>
        <chamberCode />
        <parentTitleType />
      </item>
    </titles>
    <createDate>2013-06-21T07:01:14Z</createDate>
    <congress>113</congress>
    <introducedDate>2013-06-20</introducedDate>
    <latestAction>
      <links />
      <actionDate>2013-06-25</actionDate>
      <text>Committee on Energy and Natural Resources Subcommittee on Energy. Hearings held. With printed Hearing: S.Hrg. 113-70.</text>
    </latestAction>
    <laws />
    <relatedBills>
      <item>
        <latestAction>
          <text>Read twice and referred to the Committee on Energy and Natural Resources.</text>
          <actionDate>2013-06-25</actionDate>
        </latestAction>
        <relationshipDetails>
          <item>
            <identifiedBy>CRS</identifiedBy>
            <type>Related bill</type>
          </item>
        </relationshipDetails>
        <type>S</type>
        <number>1218</number>
        <congress>113</congress>
        <latestTitle>State Energy Race to the Top Initiative Act of 2013</latestTitle>
      </item>
    </relatedBills>
    <notes />
    <recordedVotes />
    <cboCostEstimates />
    <policyArea>
      <name>Energy</name>
    </policyArea>
    <billNumber>1209</billNumber>
    <billType>S</billType>
    <committees>
      <billCommittees>
        <item>
          <subcommittees>
            <item>
              <systemCode>sseg01</systemCode>
              <name>Energy Subcommittee</name>
              <activities>
                <item>
                  <name>Hearings by</name>
                  <date>2013-06-25T22:04:30Z</date>
                </item>
              </activities>
            </item>
          </subcommittees>
          <chamber>Senate</chamber>
          <systemCode>sseg00</systemCode>
          <type>Standing</type>
          <activities>
            <item>
              <name>Referred to</name>
              <date>2013-06-20T21:23:13Z</date>
            </item>
          </activities>
          <name>Energy and Natural Resources Committee</name>
        </item>
      </billCommittees>
    </committees>
    <amendments />
    <summaries>
      <billSummaries>
        <item>
          <text><![CDATA[<p>State Energy Race to the Top Initiative Act of 2013 - Requires the Secretary of Energy (DOE) to establish a voluntary electric and thermal energy productivity challenge grant program to provide support to no more than 25 states for: (1) expanding industrial energy efficiency, combined heat and power, and waste heat-to-power utilization; (2) expanding policies and programs that will advance energy efficiency retrofits for commercial buildings, schools, hospitals, and residential buildings through expanded energy service performance contracts, zero net-energy buildings, or improved building energy efficiency codes; (3) establishing or expanding incentives in the electric utility sector to enhance demand response and energy efficiency; and (4) supporting state activities involving both facilities and vehicle fleets than can be a model for other action to promote energy efficiency. </p> <p>Requires a state to submit to the Secretary a revised state energy conservation plan under the Energy Policy and Conservation Act in order to receive a grant.</p> <p>Authorizes the Secretary to provide grants to no more than six states to provide additional funds for activities to assist energy policy innovation in the states and to promote the goal of doubling electric and thermal energy productivity by January 1, 2030.</p> <p>Authorizes grants to be given to public power utilities, electric cooperatives, and Indian tribes.</p> <p>Amends the Energy Independence and Security Act of 2007 to revoke the authorization of appropriations for FY2014-FY2017 for the Zero Net Energy Commercial Buildings Initiative.</p>]]></text>
          <actionDesc>Introduced in Senate</actionDesc>
          <lastSummaryUpdateDate>2013-09-13T20:19:50Z</lastSummaryUpdateDate>
          <versionCode>00</versionCode>
          <actionDate>2013-06-20</actionDate>
          <name>Introduced in Senate</name>
          <updateDate>2013-06-20T04:00:00Z</updateDate>
        </item>
      </billSummaries>
    </summaries>
    <calendarNumbers />
    <committeeReports />
  </bill>
  <dublinCore xmlns:dc="http://purl.org/dc/elements/1.1/">
    <dc:format>text/xml</dc:format>
    <dc:language>EN</dc:language>
    <dc:rights>Pursuant to Title 17 Section 105 of the United States Code, this file is not subject to copyright protection and is in the public domain.</dc:rights>
    <dc:contributor>Congressional Research Service, Library of Congress</dc:contributor>
    <dc:description>This file contains bill summaries and statuses for federal legislation. A bill summary describes the most significant provisions of a piece of legislation and details the effects the legislative text may have on current law and federal programs. Bill summaries are authored by the Congressional Research Service (CRS) of the Library of Congress. As stated in Public Law 91-510 (2 USC 166 (d)(6)), one of the duties of CRS is "to prepare summaries and digests of bills and resolutions of a public general nature introduced in the Senate or House of Representatives". For more information, refer to the User Guide that accompanies this file.</dc:description>
  </dublinCore>
</billStatus>

