<?xml version="1.0" encoding="UTF-8"?>
<billStatus>
  <bill>
    <actions>
      <actionTypeCounts>
        <referredToCommittee>1</referredToCommittee>
        <introducedInSenate>1</introducedInSenate>
      </actionTypeCounts>
      <actionByCounts>
        <senate>2</senate>
      </actionByCounts>
      <item>
        <actionDate>2013-04-18</actionDate>
        <committee>
          <name>Commerce, Science, and Transportation Committee</name>
          <systemCode>sscm00</systemCode>
        </committee>
        <links />
        <sourceSystem>
          <name>Senate</name>
          <code>0</code>
        </sourceSystem>
        <text>Read twice and referred to the Committee on Commerce, Science, and Transportation.</text>
        <type>IntroReferral</type>
      </item>
      <item>
        <committee />
        <sourceSystem>
          <name>Library of Congress</name>
          <code>9</code>
        </sourceSystem>
        <type>IntroReferral</type>
        <text>Introduced in Senate</text>
        <actionDate>2013-04-18</actionDate>
        <links />
        <actionCode>10000</actionCode>
      </item>
    </actions>
    <title>Underground Gas Storage Facility Safety Act of 2013</title>
    <cosponsors>
      <item>
        <lastName>MORAN</lastName>
        <sponsorshipDate>2013-04-18</sponsorshipDate>
        <firstName>JERRY</firstName>
        <identifiers>
          <gpoId>8307</gpoId>
          <lisID>1507</lisID>
          <bioguideId>M000934</bioguideId>
        </identifiers>
        <isOriginalCosponsor>True</isOriginalCosponsor>
        <bioguideId>M000934</bioguideId>
        <fullName>Sen. Moran, Jerry [R-KS]</fullName>
        <middleName />
        <sponsorshipWithdrawnDate />
      </item>
    </cosponsors>
    <sponsors>
      <item>
        <middleName />
        <firstName>PAT</firstName>
        <byRequestType />
        <bioguideId>R000307</bioguideId>
        <fullName>Sen. Roberts, Pat [R-KS]</fullName>
        <lastName>ROBERTS</lastName>
        <identifiers>
          <bioguideId>R000307</bioguideId>
          <lisID>968</lisID>
          <gpoId>8275</gpoId>
        </identifiers>
      </item>
    </sponsors>
    <subjects>
      <billSubjects>
        <legislativeSubjects>
          <item>
            <name>Energy storage, supplies, demand</name>
          </item>
          <item>
            <name>Federal preemption</name>
          </item>
          <item>
            <name>Oil and gas</name>
          </item>
          <item>
            <name>Pipelines</name>
          </item>
          <item>
            <name>State and local government operations</name>
          </item>
          <item>
            <name>Transportation safety and security</name>
          </item>
        </legislativeSubjects>
        <policyArea>
          <name>Transportation and Public Works</name>
        </policyArea>
      </billSubjects>
    </subjects>
    <updateDate>2016-10-25T16:23:37Z</updateDate>
    <originChamber>Senate</originChamber>
    <titles>
      <item>
        <title>Underground Gas Storage Facility Safety Act of 2013</title>
        <titleType>Short Titles as Introduced</titleType>
        <parentTitleType />
        <chamberName />
        <chamberCode />
      </item>
      <item>
        <title>A bill to authorize States to enforce pipeline safety requirements related to wellbores at interstate storage facilities.</title>
        <titleType>Official Title as Introduced</titleType>
        <parentTitleType />
        <chamberName />
        <chamberCode />
      </item>
      <item>
        <title>Underground Gas Storage Facility Safety Act of 2013</title>
        <titleType>Display Title</titleType>
        <parentTitleType />
        <chamberName />
        <chamberCode />
      </item>
    </titles>
    <createDate>2013-04-19T07:02:11Z</createDate>
    <congress>113</congress>
    <introducedDate>2013-04-18</introducedDate>
    <latestAction>
      <links />
      <actionDate>2013-04-18</actionDate>
      <text>Read twice and referred to the Committee on Commerce, Science, and Transportation.</text>
    </latestAction>
    <laws />
    <relatedBills />
    <notes />
    <recordedVotes />
    <cboCostEstimates />
    <policyArea>
      <name>Transportation and Public Works</name>
    </policyArea>
    <billNumber>763</billNumber>
    <billType>S</billType>
    <committees>
      <billCommittees>
        <item>
          <name>Commerce, Science, and Transportation Committee</name>
          <subcommittees />
          <chamber>Senate</chamber>
          <type>Standing</type>
          <systemCode>sscm00</systemCode>
          <activities>
            <item>
              <name>Referred to</name>
              <date>2013-04-18T19:00:13Z</date>
            </item>
          </activities>
        </item>
      </billCommittees>
    </committees>
    <amendments />
    <summaries>
      <billSummaries>
        <item>
          <versionCode>00</versionCode>
          <text><![CDATA[<p>Underground Gas Storage Facility Safety Act of 2013 - Revises federal pipeline safety requirements to authorize states to enforce state requirements for the safe construction and operation of underground gas storage wellbores and underground hazardous liquid storage wellbores if: (1) the requirement has been approved by the Federal Energy Regulatory Commission (FERC), or (2) FERC fails to approve such requirement within 30 days after its submission.</p>]]></text>
          <updateDate>2013-04-18T04:00:00Z</updateDate>
          <lastSummaryUpdateDate>2013-04-30T20:36:17Z</lastSummaryUpdateDate>
          <actionDate>2013-04-18</actionDate>
          <actionDesc>Introduced in Senate</actionDesc>
          <name>Introduced in Senate</name>
        </item>
      </billSummaries>
    </summaries>
    <calendarNumbers />
    <committeeReports />
  </bill>
  <dublinCore xmlns:dc="http://purl.org/dc/elements/1.1/">
    <dc:format>text/xml</dc:format>
    <dc:language>EN</dc:language>
    <dc:rights>Pursuant to Title 17 Section 105 of the United States Code, this file is not subject to copyright protection and is in the public domain.</dc:rights>
    <dc:contributor>Congressional Research Service, Library of Congress</dc:contributor>
    <dc:description>This file contains bill summaries and statuses for federal legislation. A bill summary describes the most significant provisions of a piece of legislation and details the effects the legislative text may have on current law and federal programs. Bill summaries are authored by the Congressional Research Service (CRS) of the Library of Congress. As stated in Public Law 91-510 (2 USC 166 (d)(6)), one of the duties of CRS is "to prepare summaries and digests of bills and resolutions of a public general nature introduced in the Senate or House of Representatives". For more information, refer to the User Guide that accompanies this file.</dc:description>
  </dublinCore>
</billStatus>

