<?xml version="1.0" encoding="UTF-8"?>
<billStatus>
  <bill>
    <titles>
      <item>
        <chamberCode />
        <parentTitleType />
        <titleType>Short Titles as Introduced</titleType>
        <title>Protecting Financial Aid for Students and Taxpayers Act</title>
        <chamberName />
      </item>
      <item>
        <chamberCode />
        <parentTitleType />
        <titleType>Official Title as Introduced</titleType>
        <title>A bill to amend the Higher Education Opportunity Act to restrict institutions of higher education from using revenues derived from Federal educational assistance funds for advertising, marketing, or recruiting purposes.</title>
        <chamberName />
      </item>
      <item>
        <chamberCode />
        <parentTitleType />
        <titleType>Display Title</titleType>
        <title>Protecting Financial Aid for Students and Taxpayers Act</title>
        <chamberName />
      </item>
    </titles>
    <introducedDate>2013-03-12</introducedDate>
    <notes />
    <calendarNumbers />
    <committees>
      <billCommittees>
        <item>
          <name>Health, Education, Labor, and Pensions Committee</name>
          <type>Standing</type>
          <subcommittees />
          <chamber>Senate</chamber>
          <activities>
            <item>
              <name>Referred to</name>
              <date>2013-03-12T16:35:54Z</date>
            </item>
          </activities>
          <systemCode>sshr00</systemCode>
        </item>
      </billCommittees>
    </committees>
    <sponsors>
      <item>
        <lastName>Hagan</lastName>
        <middleName>R.</middleName>
        <bioguideId>H001049</bioguideId>
        <firstName>Kay</firstName>
        <byRequestType />
        <fullName>Sen. Hagan, Kay [D-NC]</fullName>
        <identifiers>
          <bioguideId>H001049</bioguideId>
          <lisID>1902</lisID>
          <gpoId>8318</gpoId>
        </identifiers>
      </item>
    </sponsors>
    <subjects>
      <billSubjects>
        <policyArea>
          <name>Education</name>
        </policyArea>
        <legislativeSubjects>
          <item>
            <name>Education programs funding</name>
          </item>
          <item>
            <name>Government lending and loan guarantees</name>
          </item>
          <item>
            <name>Higher education</name>
          </item>
          <item>
            <name>Marketing and advertising</name>
          </item>
          <item>
            <name>School administration</name>
          </item>
          <item>
            <name>Student aid and college costs</name>
          </item>
        </legislativeSubjects>
      </billSubjects>
    </subjects>
    <originChamber>Senate</originChamber>
    <createDate>2013-03-13T07:01:13Z</createDate>
    <congress>113</congress>
    <cosponsors>
      <item>
        <bioguideId>H000206</bioguideId>
        <fullName>Sen. Harkin, Tom [D-IA]</fullName>
        <lastName>HARKIN</lastName>
        <firstName>THOMAS</firstName>
        <sponsorshipWithdrawnDate />
        <sponsorshipDate>2013-03-12</sponsorshipDate>
        <middleName>RICHARD</middleName>
        <isOriginalCosponsor>True</isOriginalCosponsor>
        <identifiers>
          <gpoId>8317</gpoId>
          <bioguideId>H000206</bioguideId>
          <lisID>501</lisID>
        </identifiers>
      </item>
      <item>
        <bioguideId>F000457</bioguideId>
        <fullName>Sen. Franken, Al [D-MN]</fullName>
        <lastName>Franken</lastName>
        <firstName>Al</firstName>
        <sponsorshipWithdrawnDate />
        <sponsorshipDate>2013-03-22</sponsorshipDate>
        <middleName />
        <isOriginalCosponsor>False</isOriginalCosponsor>
        <identifiers>
          <lisID>1969</lisID>
          <bioguideId>F000457</bioguideId>
          <gpoId>8339</gpoId>
        </identifiers>
      </item>
      <item>
        <bioguideId>M001111</bioguideId>
        <fullName>Sen. Murray, Patty [D-WA]</fullName>
        <lastName>MURRAY</lastName>
        <firstName>PATTY</firstName>
        <sponsorshipWithdrawnDate />
        <sponsorshipDate>2013-06-18</sponsorshipDate>
        <middleName />
        <isOriginalCosponsor>False</isOriginalCosponsor>
        <identifiers>
          <bioguideId>M001111</bioguideId>
          <lisID>1409</lisID>
          <gpoId>8237</gpoId>
        </identifiers>
      </item>
      <item>
        <bioguideId>D000563</bioguideId>
        <fullName>Sen. Durbin, Richard [D-IL]</fullName>
        <lastName>DURBIN</lastName>
        <firstName>RICHARD</firstName>
        <sponsorshipWithdrawnDate />
        <sponsorshipDate>2013-11-12</sponsorshipDate>
        <middleName>J.</middleName>
        <isOriginalCosponsor>False</isOriginalCosponsor>
        <identifiers>
          <bioguideId>D000563</bioguideId>
          <lisID>326</lisID>
          <gpoId>8326</gpoId>
        </identifiers>
      </item>
    </cosponsors>
    <billType>S</billType>
    <billNumber>528</billNumber>
    <summaries>
      <billSummaries>
        <item>
          <actionDesc>Introduced in Senate</actionDesc>
          <actionDate>2013-03-12</actionDate>
          <updateDate>2013-03-12T04:00:00Z</updateDate>
          <versionCode>00</versionCode>
          <lastSummaryUpdateDate>2013-03-23T16:30:09Z</lastSummaryUpdateDate>
          <name>Introduced in Senate</name>
          <text><![CDATA[<p>Protecting Financial Aid for Students and Taxpayers Act - Amends the Higher Education Opportunity Act to prohibit postsecondary educational institutions from using revenues derived from federal educational assistance funds for: (1) advertising and promotion; (2) identifying and attracting prospective students; or (3) other activities the Secretary of Education may proscribe, such as paying for the promotion or sponsorship of education or military-related associations.</p> <p>Excepts from that prohibition activities that are required as a condition of receiving funds under title IV (Student Assistance) of the Higher Education Act of 1965, specifically authorized under title IV, or otherwise specified by the Secretary.</p>]]></text>
        </item>
      </billSummaries>
    </summaries>
    <actions>
      <item>
        <actionDate>2013-03-12</actionDate>
        <committee>
          <systemCode>sshr00</systemCode>
          <name>Health, Education, Labor, and Pensions Committee</name>
        </committee>
        <links />
        <sourceSystem>
          <code>0</code>
          <name>Senate</name>
        </sourceSystem>
        <text>Read twice and referred to the Committee on Health, Education, Labor, and Pensions.</text>
        <type>IntroReferral</type>
      </item>
      <item>
        <sourceSystem>
          <code>9</code>
          <name>Library of Congress</name>
        </sourceSystem>
        <actionDate>2013-03-12</actionDate>
        <committee />
        <actionCode>10000</actionCode>
        <type>IntroReferral</type>
        <links />
        <text>Introduced in Senate</text>
      </item>
      <actionByCounts>
        <senate>2</senate>
      </actionByCounts>
      <actionTypeCounts>
        <introducedInSenate>1</introducedInSenate>
        <referredToCommittee>1</referredToCommittee>
      </actionTypeCounts>
    </actions>
    <relatedBills>
      <item>
        <latestAction>
          <actionDate>2013-04-23</actionDate>
          <text>Referred to the Subcommittee on Higher Education and Workforce Training.</text>
        </latestAction>
        <type>HR</type>
        <congress>113</congress>
        <relationshipDetails>
          <item>
            <type>Related bill</type>
            <identifiedBy>CRS</identifiedBy>
          </item>
        </relationshipDetails>
        <number>340</number>
        <latestTitle>Protecting Financial Aid for Students and Taxpayers Act</latestTitle>
      </item>
    </relatedBills>
    <policyArea>
      <name>Education</name>
    </policyArea>
    <updateDate>2016-10-25T16:21:41Z</updateDate>
    <recordedVotes />
    <cboCostEstimates />
    <latestAction>
      <text>Read twice and referred to the Committee on Health, Education, Labor, and Pensions.</text>
      <actionDate>2013-03-12</actionDate>
      <links />
    </latestAction>
    <title>Protecting Financial Aid for Students and Taxpayers Act</title>
    <amendments />
    <laws />
    <committeeReports />
  </bill>
  <dublinCore xmlns:dc="http://purl.org/dc/elements/1.1/">
    <dc:format>text/xml</dc:format>
    <dc:language>EN</dc:language>
    <dc:rights>Pursuant to Title 17 Section 105 of the United States Code, this file is not subject to copyright protection and is in the public domain.</dc:rights>
    <dc:contributor>Congressional Research Service, Library of Congress</dc:contributor>
    <dc:description>This file contains bill summaries and statuses for federal legislation. A bill summary describes the most significant provisions of a piece of legislation and details the effects the legislative text may have on current law and federal programs. Bill summaries are authored by the Congressional Research Service (CRS) of the Library of Congress. As stated in Public Law 91-510 (2 USC 166 (d)(6)), one of the duties of CRS is "to prepare summaries and digests of bills and resolutions of a public general nature introduced in the Senate or House of Representatives". For more information, refer to the User Guide that accompanies this file.</dc:description>
  </dublinCore>
</billStatus>

