<?xml version="1.0" encoding="UTF-8"?>
<billStatus>
  <bill>
    <latestAction>
      <actionDate>2013-05-16</actionDate>
      <text>Read twice and referred to the Committee on Commerce, Science, and Transportation.</text>
      <links />
    </latestAction>
    <committeeReports />
    <cboCostEstimates />
    <billType>S</billType>
    <relatedBills>
      <item>
        <number>2030</number>
        <relationshipDetails>
          <item>
            <type>Related bill</type>
            <identifiedBy>CRS</identifiedBy>
          </item>
        </relationshipDetails>
        <congress>113</congress>
        <latestAction>
          <actionDate>2013-05-17</actionDate>
          <text>Referred to the Subcommittee on Commerce, Manufacturing, and Trade.</text>
        </latestAction>
        <latestTitle>Stop Deceptive Advertising for Women's Services Act</latestTitle>
        <type>HR</type>
      </item>
    </relatedBills>
    <createDate>2013-05-17T07:02:05Z</createDate>
    <title>Stop Deceptive Advertising for Women's Services Act of 2013</title>
    <cosponsors>
      <item>
        <lastName>Blumenthal</lastName>
        <sponsorshipDate>2013-05-16</sponsorshipDate>
        <firstName>Richard</firstName>
        <identifiers>
          <gpoId>8332</gpoId>
          <bioguideId>B001277</bioguideId>
          <lisID>2076</lisID>
        </identifiers>
        <isOriginalCosponsor>True</isOriginalCosponsor>
        <bioguideId>B001277</bioguideId>
        <fullName>Sen. Blumenthal, Richard [D-CT]</fullName>
        <middleName />
        <sponsorshipWithdrawnDate />
      </item>
      <item>
        <lastName>LAUTENBERG</lastName>
        <sponsorshipDate>2013-05-16</sponsorshipDate>
        <firstName>FRANK</firstName>
        <identifiers>
          <gpoId>8245</gpoId>
          <bioguideId>L000123</bioguideId>
          <lisID>1381</lisID>
        </identifiers>
        <isOriginalCosponsor>True</isOriginalCosponsor>
        <bioguideId>L000123</bioguideId>
        <fullName>Sen. Lautenberg, Frank R. [D-NJ]</fullName>
        <middleName>R.</middleName>
        <sponsorshipWithdrawnDate />
      </item>
      <item>
        <lastName>FEINSTEIN</lastName>
        <sponsorshipDate>2013-06-20</sponsorshipDate>
        <firstName>DIANNE</firstName>
        <identifiers>
          <bioguideId>F000062</bioguideId>
          <lisID>1332</lisID>
          <gpoId>8338</gpoId>
        </identifiers>
        <isOriginalCosponsor>False</isOriginalCosponsor>
        <bioguideId>F000062</bioguideId>
        <fullName>Sen. Feinstein, Dianne [D-CA]</fullName>
        <middleName />
        <sponsorshipWithdrawnDate />
      </item>
      <item>
        <lastName>SANDERS</lastName>
        <sponsorshipDate>2013-06-21</sponsorshipDate>
        <firstName>BERNARD</firstName>
        <identifiers>
          <gpoId>8270</gpoId>
          <bioguideId>S000033</bioguideId>
          <lisID>1010</lisID>
        </identifiers>
        <isOriginalCosponsor>False</isOriginalCosponsor>
        <bioguideId>S000033</bioguideId>
        <fullName>Sen. Sanders, Bernard [I-VT]</fullName>
        <middleName />
        <sponsorshipWithdrawnDate />
      </item>
      <item>
        <lastName>Murphy</lastName>
        <sponsorshipDate>2013-08-01</sponsorshipDate>
        <firstName>Christopher</firstName>
        <identifiers>
          <gpoId>7870</gpoId>
          <bioguideId>M001169</bioguideId>
          <lisID>1837</lisID>
        </identifiers>
        <isOriginalCosponsor>False</isOriginalCosponsor>
        <bioguideId>M001169</bioguideId>
        <fullName>Sen. Murphy, Christopher S. [D-CT]</fullName>
        <middleName>S.</middleName>
        <sponsorshipWithdrawnDate />
      </item>
      <item>
        <lastName>Schatz</lastName>
        <sponsorshipDate>2013-10-28</sponsorshipDate>
        <firstName>Brian</firstName>
        <identifiers>
          <gpoId />
          <lisID>2173</lisID>
          <bioguideId>S001194</bioguideId>
        </identifiers>
        <isOriginalCosponsor>False</isOriginalCosponsor>
        <bioguideId>S001194</bioguideId>
        <fullName>Sen. Schatz, Brian [D-HI]</fullName>
        <middleName />
        <sponsorshipWithdrawnDate />
      </item>
      <item>
        <lastName>Tester</lastName>
        <sponsorshipDate>2013-11-12</sponsorshipDate>
        <firstName>Jon</firstName>
        <identifiers>
          <lisID>1829</lisID>
          <bioguideId>T000464</bioguideId>
          <gpoId>8258</gpoId>
        </identifiers>
        <isOriginalCosponsor>False</isOriginalCosponsor>
        <bioguideId>T000464</bioguideId>
        <fullName>Sen. Tester, Jon [D-MT]</fullName>
        <middleName />
        <sponsorshipWithdrawnDate />
      </item>
      <item>
        <lastName>Walsh</lastName>
        <sponsorshipDate>2014-06-19</sponsorshipDate>
        <firstName>John</firstName>
        <identifiers>
          <gpoId />
          <lisID>2198</lisID>
          <bioguideId>W000818</bioguideId>
        </identifiers>
        <isOriginalCosponsor>False</isOriginalCosponsor>
        <bioguideId>W000818</bioguideId>
        <fullName>Sen. Walsh, John E. [D-MT]</fullName>
        <middleName>E.</middleName>
        <sponsorshipWithdrawnDate />
      </item>
    </cosponsors>
    <updateDate>2016-10-25T16:24:32Z</updateDate>
    <amendments />
    <originChamber>Senate</originChamber>
    <subjects>
      <billSubjects>
        <policyArea>
          <name>Commerce</name>
        </policyArea>
        <legislativeSubjects>
          <item>
            <name>Abortion</name>
          </item>
          <item>
            <name>Administrative law and regulatory procedures</name>
          </item>
          <item>
            <name>Consumer affairs</name>
          </item>
          <item>
            <name>Federal Trade Commission (FTC)</name>
          </item>
          <item>
            <name>Marketing and advertising</name>
          </item>
        </legislativeSubjects>
      </billSubjects>
    </subjects>
    <policyArea>
      <name>Commerce</name>
    </policyArea>
    <congress>113</congress>
    <summaries>
      <billSummaries>
        <item>
          <text><![CDATA[<p>Stop Deceptive Advertising for Women's Services Act of 2013 - Requires the Federal Trade Commission (FTC) to promulgate rules to prohibit, as an unfair and deceptive act or practice, a person from advertising with the intent to deceptively create the impression that: (1) such person is a provider of abortion services if such person does not provide such services, or (2) such person is not a provider of abortion services if such person does provide such services.</p> <p>Defines &quot;abortion services&quot; as providing surgical and non-surgical procedures to terminate a pregnancy, or providing referrals for such procedures.</p> <p>Sets forth the enforcement authority of the FTC, including with respect to nonprofit organizations. </p>]]></text>
          <actionDesc>Introduced in Senate</actionDesc>
          <lastSummaryUpdateDate>2013-08-05T18:16:43Z</lastSummaryUpdateDate>
          <versionCode>00</versionCode>
          <actionDate>2013-05-16</actionDate>
          <name>Introduced in Senate</name>
          <updateDate>2013-05-16T04:00:00Z</updateDate>
        </item>
      </billSummaries>
    </summaries>
    <sponsors>
      <item>
        <fullName>Sen. Menendez, Robert [D-NJ]</fullName>
        <byRequestType />
        <bioguideId>M000639</bioguideId>
        <firstName>ROBERT</firstName>
        <middleName />
        <identifiers>
          <bioguideId>M000639</bioguideId>
          <lisID>791</lisID>
          <gpoId>8239</gpoId>
        </identifiers>
        <lastName>MENENDEZ</lastName>
      </item>
    </sponsors>
    <calendarNumbers />
    <laws />
    <introducedDate>2013-05-16</introducedDate>
    <billNumber>981</billNumber>
    <actions>
      <item>
        <actionDate>2013-05-16</actionDate>
        <committee>
          <systemCode>sscm00</systemCode>
          <name>Commerce, Science, and Transportation Committee</name>
        </committee>
        <links />
        <sourceSystem>
          <code>0</code>
          <name>Senate</name>
        </sourceSystem>
        <text>Read twice and referred to the Committee on Commerce, Science, and Transportation.</text>
        <type>IntroReferral</type>
      </item>
      <item>
        <type>IntroReferral</type>
        <sourceSystem>
          <code>9</code>
          <name>Library of Congress</name>
        </sourceSystem>
        <text>Introduced in Senate</text>
        <committee />
        <actionDate>2013-05-16</actionDate>
        <links />
        <actionCode>10000</actionCode>
      </item>
      <actionTypeCounts>
        <referredToCommittee>1</referredToCommittee>
        <introducedInSenate>1</introducedInSenate>
      </actionTypeCounts>
      <actionByCounts>
        <senate>2</senate>
      </actionByCounts>
    </actions>
    <notes />
    <titles>
      <item>
        <chamberName />
        <titleType>Short Titles as Introduced</titleType>
        <title>Stop Deceptive Advertising for Women's Services Act of 2013</title>
        <chamberCode />
        <parentTitleType />
      </item>
      <item>
        <chamberName />
        <titleType>Official Title as Introduced</titleType>
        <title>A bill to direct the Federal Trade Commission to prescribe rules prohibiting deceptive advertising of abortion services, and for other purposes.</title>
        <chamberCode />
        <parentTitleType />
      </item>
      <item>
        <chamberName />
        <titleType>Display Title</titleType>
        <title>Stop Deceptive Advertising for Women's Services Act of 2013</title>
        <chamberCode />
        <parentTitleType />
      </item>
    </titles>
    <recordedVotes />
    <committees>
      <billCommittees>
        <item>
          <name>Commerce, Science, and Transportation Committee</name>
          <subcommittees />
          <chamber>Senate</chamber>
          <type>Standing</type>
          <systemCode>sscm00</systemCode>
          <activities>
            <item>
              <name>Referred to</name>
              <date>2013-05-16T20:43:09Z</date>
            </item>
          </activities>
        </item>
      </billCommittees>
    </committees>
  </bill>
  <dublinCore xmlns:dc="http://purl.org/dc/elements/1.1/">
    <dc:format>text/xml</dc:format>
    <dc:language>EN</dc:language>
    <dc:rights>Pursuant to Title 17 Section 105 of the United States Code, this file is not subject to copyright protection and is in the public domain.</dc:rights>
    <dc:contributor>Congressional Research Service, Library of Congress</dc:contributor>
    <dc:description>This file contains bill summaries and statuses for federal legislation. A bill summary describes the most significant provisions of a piece of legislation and details the effects the legislative text may have on current law and federal programs. Bill summaries are authored by the Congressional Research Service (CRS) of the Library of Congress. As stated in Public Law 91-510 (2 USC 166 (d)(6)), one of the duties of CRS is "to prepare summaries and digests of bills and resolutions of a public general nature introduced in the Senate or House of Representatives". For more information, refer to the User Guide that accompanies this file.</dc:description>
  </dublinCore>
</billStatus>

