<?xml version="1.0" encoding="UTF-8"?>
<billStatus>
  <bill>
    <relatedBills>
      <item>
        <latestAction>
          <text>Referred to the Subcommittee on General Farm Commodities and Risk Management.</text>
          <actionDate>2013-03-13</actionDate>
        </latestAction>
        <relationshipDetails>
          <item>
            <identifiedBy>CRS</identifiedBy>
            <type>Related bill</type>
          </item>
        </relationshipDetails>
        <type>HR</type>
        <number>943</number>
        <congress>113</congress>
        <latestTitle>Crop Insurance Subsidy Reduction Act</latestTitle>
      </item>
    </relatedBills>
    <policyArea>
      <name>Agriculture and Food</name>
    </policyArea>
    <congress>113</congress>
    <cboCostEstimates />
    <laws />
    <billNumber>446</billNumber>
    <notes />
    <originChamber>Senate</originChamber>
    <latestAction>
      <actionDate>2013-03-05</actionDate>
      <text>Read twice and referred to the Committee on Agriculture, Nutrition, and Forestry.</text>
      <links />
    </latestAction>
    <updateDate>2016-10-25T16:21:23Z</updateDate>
    <calendarNumbers />
    <titles>
      <item>
        <chamberName />
        <chamberCode />
        <parentTitleType />
        <titleType>Short Titles as Introduced</titleType>
        <title>Crop Insurance Subsidy Reduction Act of 2013</title>
      </item>
      <item>
        <chamberName />
        <chamberCode />
        <parentTitleType />
        <titleType>Official Title as Introduced</titleType>
        <title>A bill to amend the Federal Crop Insurance Act to reduce Federal crop insurance subsidies, and for other purposes.</title>
      </item>
      <item>
        <chamberName />
        <chamberCode />
        <parentTitleType />
        <titleType>Display Title</titleType>
        <title>Crop Insurance Subsidy Reduction Act of 2013</title>
      </item>
    </titles>
    <title>Crop Insurance Subsidy Reduction Act of 2013</title>
    <committeeReports />
    <sponsors>
      <item>
        <bioguideId>F000444</bioguideId>
        <fullName>Sen. Flake, Jeff [R-AZ]</fullName>
        <identifiers>
          <bioguideId>F000444</bioguideId>
          <lisID>1633</lisID>
          <gpoId>7803</gpoId>
        </identifiers>
        <byRequestType />
        <middleName />
        <firstName>JEFF</firstName>
        <lastName>FLAKE</lastName>
      </item>
    </sponsors>
    <introducedDate>2013-03-05</introducedDate>
    <createDate>2013-03-06T07:01:12Z</createDate>
    <committees>
      <billCommittees>
        <item>
          <activities>
            <item>
              <date>2013-03-05T15:44:15Z</date>
              <name>Referred to</name>
            </item>
          </activities>
          <chamber>Senate</chamber>
          <type>Standing</type>
          <subcommittees />
          <name>Agriculture, Nutrition, and Forestry Committee</name>
          <systemCode>ssaf00</systemCode>
        </item>
      </billCommittees>
    </committees>
    <cosponsors />
    <billType>S</billType>
    <summaries>
      <billSummaries>
        <item>
          <updateDate>2013-03-05T05:00:00Z</updateDate>
          <actionDate>2013-03-05</actionDate>
          <lastSummaryUpdateDate>2013-03-20T19:44:02Z</lastSummaryUpdateDate>
          <text><![CDATA[<p>Crop Insurance Subsidy Reduction Act of 2013 - Amends the Federal Crop Insurance Act to reduce crop insurance premium subsidy rates.</p>]]></text>
          <versionCode>00</versionCode>
          <actionDesc>Introduced in Senate</actionDesc>
          <name>Introduced in Senate</name>
        </item>
      </billSummaries>
    </summaries>
    <recordedVotes />
    <amendments />
    <actions>
      <item>
        <actionDate>2013-03-05</actionDate>
        <committee>
          <systemCode>ssaf00</systemCode>
          <name>Agriculture, Nutrition, and Forestry Committee</name>
        </committee>
        <links />
        <sourceSystem>
          <name>Senate</name>
          <code>0</code>
        </sourceSystem>
        <text>Read twice and referred to the Committee on Agriculture, Nutrition, and Forestry.</text>
        <type>IntroReferral</type>
      </item>
      <item>
        <committee />
        <type>IntroReferral</type>
        <links />
        <actionCode>10000</actionCode>
        <sourceSystem>
          <name>Library of Congress</name>
          <code>9</code>
        </sourceSystem>
        <actionDate>2013-03-05</actionDate>
        <text>Introduced in Senate</text>
      </item>
      <actionByCounts>
        <senate>2</senate>
      </actionByCounts>
      <actionTypeCounts>
        <introducedInSenate>1</introducedInSenate>
        <referredToCommittee>1</referredToCommittee>
      </actionTypeCounts>
    </actions>
    <subjects>
      <billSubjects>
        <policyArea>
          <name>Agriculture and Food</name>
        </policyArea>
        <legislativeSubjects>
          <item>
            <name>Agricultural insurance</name>
          </item>
          <item>
            <name>Agricultural prices, subsidies, credit</name>
          </item>
        </legislativeSubjects>
      </billSubjects>
    </subjects>
  </bill>
  <dublinCore xmlns:dc="http://purl.org/dc/elements/1.1/">
    <dc:format>text/xml</dc:format>
    <dc:language>EN</dc:language>
    <dc:rights>Pursuant to Title 17 Section 105 of the United States Code, this file is not subject to copyright protection and is in the public domain.</dc:rights>
    <dc:contributor>Congressional Research Service, Library of Congress</dc:contributor>
    <dc:description>This file contains bill summaries and statuses for federal legislation. A bill summary describes the most significant provisions of a piece of legislation and details the effects the legislative text may have on current law and federal programs. Bill summaries are authored by the Congressional Research Service (CRS) of the Library of Congress. As stated in Public Law 91-510 (2 USC 166 (d)(6)), one of the duties of CRS is "to prepare summaries and digests of bills and resolutions of a public general nature introduced in the Senate or House of Representatives". For more information, refer to the User Guide that accompanies this file.</dc:description>
  </dublinCore>
</billStatus>

