<?xml version="1.0" encoding="UTF-8"?>
<billStatus>
  <bill>
    <billNumber>1158</billNumber>
    <titles>
      <item>
        <chamberName />
        <parentTitleType />
        <titleType>Short Titles as Introduced</titleType>
        <chamberCode />
        <title>National Park Service 100th Anniversary Commemorative Coin Act</title>
      </item>
      <item>
        <chamberName />
        <parentTitleType />
        <titleType>Official Title as Introduced</titleType>
        <chamberCode />
        <title>A bill to require the Secretary of the Treasury to mint coins commemorating the 100th anniversary of the establishment of the National Park Service, and for other purposes.</title>
      </item>
      <item>
        <chamberName />
        <parentTitleType />
        <titleType>Display Title</titleType>
        <chamberCode />
        <title>National Park Service 100th Anniversary Commemorative Coin Act</title>
      </item>
    </titles>
    <actions>
      <actionTypeCounts>
        <referredToCommittee>1</referredToCommittee>
        <introducedInSenate>1</introducedInSenate>
      </actionTypeCounts>
      <item>
        <actionDate>2013-06-13</actionDate>
        <committee>
          <systemCode>ssbk00</systemCode>
          <name>Banking, Housing, and Urban Affairs Committee</name>
        </committee>
        <links />
        <sourceSystem>
          <name>Senate</name>
          <code>0</code>
        </sourceSystem>
        <text>Read twice and referred to the Committee on Banking, Housing, and Urban Affairs.</text>
        <type>IntroReferral</type>
      </item>
      <item>
        <sourceSystem>
          <name>Library of Congress</name>
          <code>9</code>
        </sourceSystem>
        <actionDate>2013-06-13</actionDate>
        <links />
        <text>Introduced in Senate</text>
        <type>IntroReferral</type>
        <actionCode>10000</actionCode>
        <committee />
      </item>
      <actionByCounts>
        <senate>2</senate>
      </actionByCounts>
    </actions>
    <updateDate>2016-10-25T16:25:16Z</updateDate>
    <summaries>
      <billSummaries>
        <item>
          <lastSummaryUpdateDate>2013-09-13T15:52:00Z</lastSummaryUpdateDate>
          <name>Introduced in Senate</name>
          <actionDesc>Introduced in Senate</actionDesc>
          <text><![CDATA[<p>National Park Service 100th Anniversary Commemorative Coin Act - Directs the Secretary of the Treasury to mint and issue gold, silver, and half-dollar clad coins in commemoration of the 100th anniversary of the establishment of the National Park Service (NPS). </p> <p>Authorizes the issuance of coins under this Act only for a one-year period, beginning on January 1, 2016.</p> <p>Requires all sales of coins minted under this Act to include a surcharge of $35 per gold coin, $10 per silver coin, and $5 per half-dollar clad coin. </p> <p>Requires all of the surcharges received from the sale of such coins to be paid to the National Park Foundation for projects and programs to help preserve and protect resources under the stewardship of the NPS and to promote public enjoyment and appreciation of those resources. </p> <p>Prohibits the surcharges paid to the Foundation from being used for land acquisition. </p>]]></text>
          <actionDate>2013-06-13</actionDate>
          <versionCode>00</versionCode>
          <updateDate>2013-06-13T04:00:00Z</updateDate>
        </item>
      </billSummaries>
    </summaries>
    <sponsors>
      <item>
        <firstName>Mark</firstName>
        <fullName>Sen. Warner, Mark R. [D-VA]</fullName>
        <middleName>R.</middleName>
        <bioguideId>W000805</bioguideId>
        <byRequestType />
        <lastName>Warner</lastName>
        <identifiers>
          <bioguideId>W000805</bioguideId>
          <lisID>1897</lisID>
          <gpoId>8269</gpoId>
        </identifiers>
      </item>
    </sponsors>
    <congress>113</congress>
    <notes />
    <committees>
      <billCommittees>
        <item>
          <subcommittees />
          <activities>
            <item>
              <name>Referred to</name>
              <date>2013-06-13T15:52:31Z</date>
            </item>
          </activities>
          <type>Standing</type>
          <systemCode>ssbk00</systemCode>
          <chamber>Senate</chamber>
          <name>Banking, Housing, and Urban Affairs Committee</name>
        </item>
      </billCommittees>
    </committees>
    <introducedDate>2013-06-13</introducedDate>
    <createDate>2013-06-14T07:01:15Z</createDate>
    <policyArea>
      <name>Public Lands and Natural Resources</name>
    </policyArea>
    <laws />
    <billType>S</billType>
    <subjects>
      <billSubjects>
        <policyArea>
          <name>Public Lands and Natural Resources</name>
        </policyArea>
        <legislativeSubjects>
          <item>
            <name>Commemorative events and holidays</name>
          </item>
          <item>
            <name>Currency</name>
          </item>
          <item>
            <name>Department of the Interior</name>
          </item>
          <item>
            <name>Parks, recreation areas, trails</name>
          </item>
        </legislativeSubjects>
      </billSubjects>
    </subjects>
    <cosponsors>
      <item>
        <sponsorshipWithdrawnDate />
        <bioguideId>E000285</bioguideId>
        <fullName>Sen. Enzi, Michael B. [R-WY]</fullName>
        <lastName>ENZI</lastName>
        <isOriginalCosponsor>True</isOriginalCosponsor>
        <identifiers>
          <gpoId>8328</gpoId>
          <lisID>1542</lisID>
          <bioguideId>E000285</bioguideId>
        </identifiers>
        <middleName>B.</middleName>
        <sponsorshipDate>2013-06-13</sponsorshipDate>
        <firstName>MICHAEL</firstName>
      </item>
      <item>
        <sponsorshipWithdrawnDate />
        <bioguideId>B001261</bioguideId>
        <fullName>Sen. Barrasso, John [R-WY]</fullName>
        <lastName>Barrasso</lastName>
        <isOriginalCosponsor>False</isOriginalCosponsor>
        <identifiers>
          <gpoId>8300</gpoId>
          <bioguideId>B001261</bioguideId>
          <lisID>1881</lisID>
        </identifiers>
        <middleName />
        <sponsorshipDate>2013-06-19</sponsorshipDate>
        <firstName>John</firstName>
      </item>
      <item>
        <sponsorshipWithdrawnDate />
        <bioguideId>W000779</bioguideId>
        <fullName>Sen. Wyden, Ron [D-OR]</fullName>
        <lastName>WYDEN</lastName>
        <isOriginalCosponsor>False</isOriginalCosponsor>
        <identifiers>
          <gpoId>8265</gpoId>
          <lisID>1247</lisID>
          <bioguideId>W000779</bioguideId>
        </identifiers>
        <middleName />
        <sponsorshipDate>2013-06-20</sponsorshipDate>
        <firstName>RON</firstName>
      </item>
      <item>
        <sponsorshipWithdrawnDate />
        <bioguideId>G000555</bioguideId>
        <fullName>Sen. Gillibrand, Kirsten E. [D-NY]</fullName>
        <lastName>Gillibrand</lastName>
        <isOriginalCosponsor>False</isOriginalCosponsor>
        <identifiers>
          <gpoId>8336</gpoId>
          <lisID>1866</lisID>
          <bioguideId>G000555</bioguideId>
        </identifiers>
        <middleName>E.</middleName>
        <sponsorshipDate>2013-06-25</sponsorshipDate>
        <firstName>Kirsten</firstName>
      </item>
      <item>
        <sponsorshipWithdrawnDate />
        <bioguideId>C000141</bioguideId>
        <fullName>Sen. Cardin, Benjamin L. [D-MD]</fullName>
        <lastName>CARDIN</lastName>
        <isOriginalCosponsor>False</isOriginalCosponsor>
        <identifiers>
          <gpoId>8287</gpoId>
          <bioguideId>C000141</bioguideId>
          <lisID>174</lisID>
        </identifiers>
        <middleName>L.</middleName>
        <sponsorshipDate>2013-06-25</sponsorshipDate>
        <firstName>BENJAMIN</firstName>
      </item>
      <item>
        <sponsorshipWithdrawnDate />
        <bioguideId>B001267</bioguideId>
        <fullName>Sen. Bennet, Michael F. [D-CO]</fullName>
        <lastName>Bennet</lastName>
        <isOriginalCosponsor>False</isOriginalCosponsor>
        <identifiers>
          <gpoId>8302</gpoId>
          <bioguideId>B001267</bioguideId>
          <lisID>1965</lisID>
        </identifiers>
        <middleName>F.</middleName>
        <sponsorshipDate>2013-06-27</sponsorshipDate>
        <firstName>Michael</firstName>
      </item>
      <item>
        <sponsorshipWithdrawnDate />
        <bioguideId>B000711</bioguideId>
        <fullName>Sen. Boxer, Barbara [D-CA]</fullName>
        <lastName>BOXER</lastName>
        <isOriginalCosponsor>False</isOriginalCosponsor>
        <identifiers>
          <gpoId>8306</gpoId>
          <lisID>116</lisID>
          <bioguideId>B000711</bioguideId>
        </identifiers>
        <middleName />
        <sponsorshipDate>2013-06-27</sponsorshipDate>
        <firstName>BARBARA</firstName>
      </item>
      <item>
        <sponsorshipWithdrawnDate />
        <bioguideId>D000563</bioguideId>
        <fullName>Sen. Durbin, Richard [D-IL]</fullName>
        <lastName>DURBIN</lastName>
        <isOriginalCosponsor>False</isOriginalCosponsor>
        <identifiers>
          <gpoId>8326</gpoId>
          <lisID>326</lisID>
          <bioguideId>D000563</bioguideId>
        </identifiers>
        <middleName>J.</middleName>
        <sponsorshipDate>2013-07-09</sponsorshipDate>
        <firstName>RICHARD</firstName>
      </item>
      <item>
        <sponsorshipWithdrawnDate />
        <bioguideId>C001056</bioguideId>
        <fullName>Sen. Cornyn, John [R-TX]</fullName>
        <lastName>Cornyn</lastName>
        <isOriginalCosponsor>False</isOriginalCosponsor>
        <identifiers>
          <lisID>1692</lisID>
          <bioguideId>C001056</bioguideId>
          <gpoId>8295</gpoId>
        </identifiers>
        <middleName />
        <sponsorshipDate>2013-07-09</sponsorshipDate>
        <firstName>John</firstName>
      </item>
      <item>
        <sponsorshipWithdrawnDate />
        <bioguideId>M000639</bioguideId>
        <fullName>Sen. Menendez, Robert [D-NJ]</fullName>
        <lastName>MENENDEZ</lastName>
        <isOriginalCosponsor>False</isOriginalCosponsor>
        <identifiers>
          <lisID>791</lisID>
          <gpoId>8239</gpoId>
          <bioguideId>M000639</bioguideId>
        </identifiers>
        <middleName />
        <sponsorshipDate>2013-07-18</sponsorshipDate>
        <firstName>ROBERT</firstName>
      </item>
      <item>
        <sponsorshipWithdrawnDate />
        <bioguideId>T000464</bioguideId>
        <fullName>Sen. Tester, Jon [D-MT]</fullName>
        <lastName>Tester</lastName>
        <isOriginalCosponsor>False</isOriginalCosponsor>
        <identifiers>
          <lisID>1829</lisID>
          <bioguideId>T000464</bioguideId>
          <gpoId>8258</gpoId>
        </identifiers>
        <middleName />
        <sponsorshipDate>2013-07-18</sponsorshipDate>
        <firstName>Jon</firstName>
      </item>
      <item>
        <sponsorshipWithdrawnDate />
        <bioguideId>B001236</bioguideId>
        <fullName>Sen. Boozman, John [R-AR]</fullName>
        <lastName>Boozman</lastName>
        <isOriginalCosponsor>False</isOriginalCosponsor>
        <identifiers>
          <bioguideId>B001236</bioguideId>
          <lisID>1687</lisID>
          <gpoId>8247</gpoId>
        </identifiers>
        <middleName />
        <sponsorshipDate>2013-07-18</sponsorshipDate>
        <firstName>John</firstName>
      </item>
      <item>
        <sponsorshipWithdrawnDate />
        <bioguideId>B001265</bioguideId>
        <fullName>Sen. Begich, Mark [D-AK]</fullName>
        <lastName>Begich</lastName>
        <isOriginalCosponsor>False</isOriginalCosponsor>
        <identifiers>
          <bioguideId>B001265</bioguideId>
          <lisID>1898</lisID>
          <gpoId>8301</gpoId>
        </identifiers>
        <middleName />
        <sponsorshipDate>2013-07-29</sponsorshipDate>
        <firstName>Mark</firstName>
      </item>
      <item>
        <sponsorshipWithdrawnDate />
        <bioguideId>B001277</bioguideId>
        <fullName>Sen. Blumenthal, Richard [D-CT]</fullName>
        <lastName>Blumenthal</lastName>
        <isOriginalCosponsor>False</isOriginalCosponsor>
        <identifiers>
          <gpoId>8332</gpoId>
          <bioguideId>B001277</bioguideId>
          <lisID>2076</lisID>
        </identifiers>
        <middleName />
        <sponsorshipDate>2013-07-29</sponsorshipDate>
        <firstName>Richard</firstName>
      </item>
      <item>
        <sponsorshipWithdrawnDate />
        <bioguideId>S000770</bioguideId>
        <fullName>Sen. Stabenow, Debbie [D-MI]</fullName>
        <lastName>STABENOW</lastName>
        <isOriginalCosponsor>False</isOriginalCosponsor>
        <identifiers>
          <gpoId>8261</gpoId>
          <lisID>1531</lisID>
          <bioguideId>S000770</bioguideId>
        </identifiers>
        <middleName>ANN</middleName>
        <sponsorshipDate>2013-07-29</sponsorshipDate>
        <firstName>DEBORAH</firstName>
      </item>
      <item>
        <sponsorshipWithdrawnDate />
        <bioguideId>H001046</bioguideId>
        <fullName>Sen. Heinrich, Martin [D-NM]</fullName>
        <lastName>Heinrich</lastName>
        <isOriginalCosponsor>False</isOriginalCosponsor>
        <identifiers>
          <lisID>1937</lisID>
          <bioguideId>H001046</bioguideId>
          <gpoId>8056</gpoId>
        </identifiers>
        <middleName />
        <sponsorshipDate>2013-07-29</sponsorshipDate>
        <firstName>Martin</firstName>
      </item>
      <item>
        <sponsorshipWithdrawnDate />
        <bioguideId>A000360</bioguideId>
        <fullName>Sen. Alexander, Lamar [R-TN]</fullName>
        <lastName>Alexander</lastName>
        <isOriginalCosponsor>False</isOriginalCosponsor>
        <identifiers>
          <bioguideId>A000360</bioguideId>
          <lisID>1695</lisID>
          <gpoId>8304</gpoId>
        </identifiers>
        <middleName />
        <sponsorshipDate>2013-08-01</sponsorshipDate>
        <firstName>Lamar</firstName>
      </item>
      <item>
        <sponsorshipWithdrawnDate />
        <bioguideId>B000575</bioguideId>
        <fullName>Sen. Blunt, Roy [R-MO]</fullName>
        <lastName>Blunt</lastName>
        <isOriginalCosponsor>False</isOriginalCosponsor>
        <identifiers>
          <bioguideId>B000575</bioguideId>
          <lisID>1464</lisID>
          <gpoId>8313</gpoId>
        </identifiers>
        <middleName />
        <sponsorshipDate>2013-08-01</sponsorshipDate>
        <firstName>Roy</firstName>
      </item>
      <item>
        <sponsorshipWithdrawnDate />
        <bioguideId>I000055</bioguideId>
        <fullName>Sen. Isakson, Johnny [R-GA]</fullName>
        <lastName>Isakson</lastName>
        <isOriginalCosponsor>False</isOriginalCosponsor>
        <identifiers>
          <bioguideId>I000055</bioguideId>
          <lisID>1608</lisID>
          <gpoId>8323</gpoId>
        </identifiers>
        <middleName />
        <sponsorshipDate>2013-08-01</sponsorshipDate>
        <firstName>Johnny</firstName>
      </item>
      <item>
        <sponsorshipWithdrawnDate />
        <bioguideId>S001181</bioguideId>
        <fullName>Sen. Shaheen, Jeanne [D-NH]</fullName>
        <lastName>Shaheen</lastName>
        <isOriginalCosponsor>False</isOriginalCosponsor>
        <identifiers>
          <lisID>1901</lisID>
          <bioguideId>S001181</bioguideId>
          <gpoId>8276</gpoId>
        </identifiers>
        <middleName />
        <sponsorshipDate>2013-08-01</sponsorshipDate>
        <firstName>Jeanne</firstName>
      </item>
      <item>
        <sponsorshipWithdrawnDate />
        <bioguideId>U000039</bioguideId>
        <fullName>Sen. Udall, Tom [D-NM]</fullName>
        <lastName>UDALL</lastName>
        <isOriginalCosponsor>False</isOriginalCosponsor>
        <identifiers>
          <lisID>1567</lisID>
          <bioguideId>U000039</bioguideId>
          <gpoId>8260</gpoId>
        </identifiers>
        <middleName />
        <sponsorshipDate>2013-08-01</sponsorshipDate>
        <firstName>TOM</firstName>
      </item>
      <item>
        <sponsorshipWithdrawnDate />
        <bioguideId>K000384</bioguideId>
        <fullName>Sen. Kaine, Tim [D-VA]</fullName>
        <lastName>Kaine</lastName>
        <isOriginalCosponsor>False</isOriginalCosponsor>
        <identifiers>
          <bioguideId>K000384</bioguideId>
          <lisID>2176</lisID>
          <gpoId />
        </identifiers>
        <middleName />
        <sponsorshipDate>2013-08-01</sponsorshipDate>
        <firstName>Timothy</firstName>
      </item>
      <item>
        <sponsorshipWithdrawnDate />
        <bioguideId>C000127</bioguideId>
        <fullName>Sen. Cantwell, Maria [D-WA]</fullName>
        <lastName>CANTWELL</lastName>
        <isOriginalCosponsor>False</isOriginalCosponsor>
        <identifiers>
          <gpoId>8288</gpoId>
          <lisID>172</lisID>
          <bioguideId>C000127</bioguideId>
        </identifiers>
        <middleName />
        <sponsorshipDate>2013-08-01</sponsorshipDate>
        <firstName>MARIA</firstName>
      </item>
      <item>
        <sponsorshipWithdrawnDate />
        <bioguideId>C001035</bioguideId>
        <fullName>Sen. Collins, Susan M. [R-ME]</fullName>
        <lastName>COLLINS</lastName>
        <isOriginalCosponsor>False</isOriginalCosponsor>
        <identifiers>
          <lisID>1541</lisID>
          <bioguideId>C001035</bioguideId>
          <gpoId>8291</gpoId>
        </identifiers>
        <middleName>MARGARET</middleName>
        <sponsorshipDate>2013-08-01</sponsorshipDate>
        <firstName>SUSAN</firstName>
      </item>
      <item>
        <sponsorshipWithdrawnDate />
        <bioguideId>C001100</bioguideId>
        <fullName>Sen. Chiesa, Jeff [R-NJ]</fullName>
        <lastName>Chiesa</lastName>
        <isOriginalCosponsor>False</isOriginalCosponsor>
        <identifiers>
          <gpoId />
          <lisID>2192</lisID>
          <bioguideId>C001100</bioguideId>
        </identifiers>
        <middleName>S.</middleName>
        <sponsorshipDate>2013-08-01</sponsorshipDate>
        <firstName>Jeffrey</firstName>
      </item>
      <item>
        <sponsorshipWithdrawnDate />
        <bioguideId>M000934</bioguideId>
        <fullName>Sen. Moran, Jerry [R-KS]</fullName>
        <lastName>MORAN</lastName>
        <isOriginalCosponsor>False</isOriginalCosponsor>
        <identifiers>
          <bioguideId>M000934</bioguideId>
          <lisID>1507</lisID>
          <gpoId>8307</gpoId>
        </identifiers>
        <middleName />
        <sponsorshipDate>2013-08-01</sponsorshipDate>
        <firstName>JERRY</firstName>
      </item>
      <item>
        <sponsorshipWithdrawnDate />
        <bioguideId>K000383</bioguideId>
        <fullName>Sen. King, Angus S. Jr. [I-ME]</fullName>
        <lastName>King</lastName>
        <isOriginalCosponsor>False</isOriginalCosponsor>
        <identifiers>
          <gpoId />
          <lisID>2185</lisID>
          <bioguideId>K000383</bioguideId>
        </identifiers>
        <middleName />
        <sponsorshipDate>2013-08-01</sponsorshipDate>
        <firstName>Angus</firstName>
      </item>
      <item>
        <sponsorshipWithdrawnDate />
        <bioguideId>T000250</bioguideId>
        <fullName>Sen. Thune, John [R-SD]</fullName>
        <lastName>THUNE</lastName>
        <isOriginalCosponsor>False</isOriginalCosponsor>
        <identifiers>
          <lisID>1534</lisID>
          <bioguideId>T000250</bioguideId>
          <gpoId>8257</gpoId>
        </identifiers>
        <middleName>R.</middleName>
        <sponsorshipDate>2013-08-01</sponsorshipDate>
        <firstName>JOHN</firstName>
      </item>
      <item>
        <sponsorshipWithdrawnDate />
        <bioguideId>H001061</bioguideId>
        <fullName>Sen. Hoeven, John [R-ND]</fullName>
        <lastName>Hoeven</lastName>
        <isOriginalCosponsor>False</isOriginalCosponsor>
        <identifiers>
          <gpoId>8331</gpoId>
          <lisID>2079</lisID>
          <bioguideId>H001061</bioguideId>
        </identifiers>
        <middleName />
        <sponsorshipDate>2013-08-01</sponsorshipDate>
        <firstName>John</firstName>
      </item>
      <item>
        <sponsorshipWithdrawnDate />
        <bioguideId>S000148</bioguideId>
        <fullName>Sen. Schumer, Charles E. [D-NY]</fullName>
        <lastName>SCHUMER</lastName>
        <isOriginalCosponsor>False</isOriginalCosponsor>
        <identifiers>
          <gpoId>8279</gpoId>
          <lisID>1036</lisID>
          <bioguideId>S000148</bioguideId>
        </identifiers>
        <middleName>E.</middleName>
        <sponsorshipDate>2013-08-01</sponsorshipDate>
        <firstName>CHARLES</firstName>
      </item>
      <item>
        <sponsorshipWithdrawnDate />
        <bioguideId>L000550</bioguideId>
        <fullName>Sen. Landrieu, Mary L. [D-LA]</fullName>
        <lastName>LANDRIEU</lastName>
        <isOriginalCosponsor>False</isOriginalCosponsor>
        <identifiers>
          <lisID>1546</lisID>
          <bioguideId>L000550</bioguideId>
          <gpoId>8251</gpoId>
        </identifiers>
        <middleName />
        <sponsorshipDate>2013-09-10</sponsorshipDate>
        <firstName>MARY</firstName>
      </item>
      <item>
        <sponsorshipWithdrawnDate />
        <bioguideId>R000122</bioguideId>
        <fullName>Sen. Reed, Jack [D-RI]</fullName>
        <lastName>REED</lastName>
        <isOriginalCosponsor>False</isOriginalCosponsor>
        <identifiers>
          <gpoId>8272</gpoId>
          <bioguideId>R000122</bioguideId>
          <lisID>949</lisID>
        </identifiers>
        <middleName>F.</middleName>
        <sponsorshipDate>2013-09-10</sponsorshipDate>
        <firstName>JOHN</firstName>
      </item>
      <item>
        <sponsorshipWithdrawnDate />
        <bioguideId>L000261</bioguideId>
        <fullName>Sen. Levin, Carl [D-MI]</fullName>
        <lastName>LEVIN</lastName>
        <isOriginalCosponsor>False</isOriginalCosponsor>
        <identifiers>
          <gpoId>8243</gpoId>
          <bioguideId>L000261</bioguideId>
          <lisID>1384</lisID>
        </identifiers>
        <middleName>MILTON</middleName>
        <sponsorshipDate>2013-09-10</sponsorshipDate>
        <firstName>CARL</firstName>
      </item>
      <item>
        <sponsorshipWithdrawnDate />
        <bioguideId>U000038</bioguideId>
        <fullName>Sen. Udall, Mark [D-CO]</fullName>
        <lastName>UDALL</lastName>
        <isOriginalCosponsor>False</isOriginalCosponsor>
        <identifiers>
          <lisID>1595</lisID>
          <bioguideId>U000038</bioguideId>
          <gpoId>8259</gpoId>
        </identifiers>
        <middleName />
        <sponsorshipDate>2013-09-11</sponsorshipDate>
        <firstName>MARK</firstName>
      </item>
      <item>
        <sponsorshipWithdrawnDate />
        <bioguideId>R000595</bioguideId>
        <fullName>Sen. Rubio, Marco [R-FL]</fullName>
        <lastName>Rubio</lastName>
        <isOriginalCosponsor>False</isOriginalCosponsor>
        <identifiers>
          <gpoId>8242</gpoId>
          <lisID>2084</lisID>
          <bioguideId>R000595</bioguideId>
        </identifiers>
        <middleName />
        <sponsorshipDate>2013-09-11</sponsorshipDate>
        <firstName>Marco</firstName>
      </item>
      <item>
        <sponsorshipWithdrawnDate />
        <bioguideId>G000386</bioguideId>
        <fullName>Sen. Grassley, Chuck [R-IA]</fullName>
        <lastName>GRASSLEY</lastName>
        <isOriginalCosponsor>False</isOriginalCosponsor>
        <identifiers>
          <gpoId>8316</gpoId>
          <lisID>457</lisID>
          <bioguideId>G000386</bioguideId>
        </identifiers>
        <middleName>ERNEST</middleName>
        <sponsorshipDate>2013-09-12</sponsorshipDate>
        <firstName>CHARLES</firstName>
      </item>
      <item>
        <sponsorshipWithdrawnDate />
        <bioguideId>M001111</bioguideId>
        <fullName>Sen. Murray, Patty [D-WA]</fullName>
        <lastName>MURRAY</lastName>
        <isOriginalCosponsor>False</isOriginalCosponsor>
        <identifiers>
          <bioguideId>M001111</bioguideId>
          <lisID>1409</lisID>
          <gpoId>8237</gpoId>
        </identifiers>
        <middleName />
        <sponsorshipDate>2013-09-12</sponsorshipDate>
        <firstName>PATTY</firstName>
      </item>
      <item>
        <sponsorshipWithdrawnDate />
        <bioguideId>C001088</bioguideId>
        <fullName>Sen. Coons, Christopher A. [D-DE]</fullName>
        <lastName>Coons</lastName>
        <isOriginalCosponsor>False</isOriginalCosponsor>
        <identifiers>
          <gpoId>8297</gpoId>
          <bioguideId>C001088</bioguideId>
          <lisID>1984</lisID>
        </identifiers>
        <middleName>A.</middleName>
        <sponsorshipDate>2013-09-12</sponsorshipDate>
        <firstName>Christopher</firstName>
      </item>
      <item>
        <sponsorshipWithdrawnDate />
        <bioguideId>S001194</bioguideId>
        <fullName>Sen. Schatz, Brian [D-HI]</fullName>
        <lastName>Schatz</lastName>
        <isOriginalCosponsor>False</isOriginalCosponsor>
        <identifiers>
          <lisID>2173</lisID>
          <bioguideId>S001194</bioguideId>
          <gpoId />
        </identifiers>
        <middleName />
        <sponsorshipDate>2013-09-12</sponsorshipDate>
        <firstName>Brian</firstName>
      </item>
      <item>
        <sponsorshipWithdrawnDate />
        <bioguideId>H000206</bioguideId>
        <fullName>Sen. Harkin, Tom [D-IA]</fullName>
        <lastName>HARKIN</lastName>
        <isOriginalCosponsor>False</isOriginalCosponsor>
        <identifiers>
          <lisID>501</lisID>
          <bioguideId>H000206</bioguideId>
          <gpoId>8317</gpoId>
        </identifiers>
        <middleName>RICHARD</middleName>
        <sponsorshipDate>2013-09-17</sponsorshipDate>
        <firstName>THOMAS</firstName>
      </item>
      <item>
        <sponsorshipWithdrawnDate />
        <bioguideId>F000457</bioguideId>
        <fullName>Sen. Franken, Al [D-MN]</fullName>
        <lastName>Franken</lastName>
        <isOriginalCosponsor>False</isOriginalCosponsor>
        <identifiers>
          <gpoId>8339</gpoId>
          <bioguideId>F000457</bioguideId>
          <lisID>1969</lisID>
        </identifiers>
        <middleName />
        <sponsorshipDate>2013-09-17</sponsorshipDate>
        <firstName>Al</firstName>
      </item>
      <item>
        <sponsorshipWithdrawnDate />
        <bioguideId>A000368</bioguideId>
        <fullName>Sen. Ayotte, Kelly [R-NH]</fullName>
        <lastName>Ayotte</lastName>
        <isOriginalCosponsor>False</isOriginalCosponsor>
        <identifiers>
          <gpoId>8315</gpoId>
          <lisID>2075</lisID>
          <bioguideId>A000368</bioguideId>
        </identifiers>
        <middleName />
        <sponsorshipDate>2013-09-24</sponsorshipDate>
        <firstName>Kelly</firstName>
      </item>
      <item>
        <sponsorshipWithdrawnDate />
        <bioguideId>R000307</bioguideId>
        <fullName>Sen. Roberts, Pat [R-KS]</fullName>
        <lastName>ROBERTS</lastName>
        <isOriginalCosponsor>False</isOriginalCosponsor>
        <identifiers>
          <lisID>968</lisID>
          <bioguideId>R000307</bioguideId>
          <gpoId>8275</gpoId>
        </identifiers>
        <middleName />
        <sponsorshipDate>2013-09-25</sponsorshipDate>
        <firstName>PAT</firstName>
      </item>
      <item>
        <sponsorshipWithdrawnDate />
        <bioguideId>C000174</bioguideId>
        <fullName>Sen. Carper, Thomas R. [D-DE]</fullName>
        <lastName>CARPER</lastName>
        <isOriginalCosponsor>False</isOriginalCosponsor>
        <identifiers>
          <gpoId>8283</gpoId>
          <bioguideId>C000174</bioguideId>
          <lisID>179</lisID>
        </identifiers>
        <middleName>R.</middleName>
        <sponsorshipDate>2013-09-25</sponsorshipDate>
        <firstName>THOMAS</firstName>
      </item>
      <item>
        <sponsorshipWithdrawnDate />
        <bioguideId>P000590</bioguideId>
        <fullName>Sen. Pryor, Mark L. [D-AR]</fullName>
        <lastName>Pryor</lastName>
        <isOriginalCosponsor>False</isOriginalCosponsor>
        <identifiers>
          <gpoId>8241</gpoId>
          <lisID>1701</lisID>
          <bioguideId>P000590</bioguideId>
        </identifiers>
        <middleName>Lunsford</middleName>
        <sponsorshipDate>2013-09-25</sponsorshipDate>
        <firstName>Mark</firstName>
      </item>
      <item>
        <sponsorshipWithdrawnDate />
        <bioguideId>R000584</bioguideId>
        <fullName>Sen. Risch, James E. [R-ID]</fullName>
        <lastName>Risch</lastName>
        <isOriginalCosponsor>False</isOriginalCosponsor>
        <identifiers>
          <lisID>1896</lisID>
          <bioguideId>R000584</bioguideId>
          <gpoId>8274</gpoId>
        </identifiers>
        <middleName>E.</middleName>
        <sponsorshipDate>2013-09-25</sponsorshipDate>
        <firstName>James</firstName>
      </item>
      <item>
        <sponsorshipWithdrawnDate />
        <bioguideId>M001153</bioguideId>
        <fullName>Sen. Murkowski, Lisa [R-AK]</fullName>
        <lastName>Murkowski</lastName>
        <isOriginalCosponsor>False</isOriginalCosponsor>
        <identifiers>
          <gpoId>8234</gpoId>
          <lisID>1694</lisID>
          <bioguideId>M001153</bioguideId>
        </identifiers>
        <middleName />
        <sponsorshipDate>2013-09-26</sponsorshipDate>
        <firstName>Lisa</firstName>
      </item>
      <item>
        <sponsorshipWithdrawnDate />
        <bioguideId>W000802</bioguideId>
        <fullName>Sen. Whitehouse, Sheldon [D-RI]</fullName>
        <lastName>Whitehouse</lastName>
        <isOriginalCosponsor>False</isOriginalCosponsor>
        <identifiers>
          <lisID>1823</lisID>
          <gpoId>8264</gpoId>
          <bioguideId>W000802</bioguideId>
        </identifiers>
        <middleName />
        <sponsorshipDate>2013-09-30</sponsorshipDate>
        <firstName>Sheldon</firstName>
      </item>
      <item>
        <sponsorshipWithdrawnDate />
        <bioguideId>S000033</bioguideId>
        <fullName>Sen. Sanders, Bernard [I-VT]</fullName>
        <lastName>SANDERS</lastName>
        <isOriginalCosponsor>False</isOriginalCosponsor>
        <identifiers>
          <lisID>1010</lisID>
          <bioguideId>S000033</bioguideId>
          <gpoId>8270</gpoId>
        </identifiers>
        <middleName />
        <sponsorshipDate>2013-09-30</sponsorshipDate>
        <firstName>BERNARD</firstName>
      </item>
      <item>
        <sponsorshipWithdrawnDate />
        <bioguideId>P000449</bioguideId>
        <fullName>Sen. Portman, Rob [R-OH]</fullName>
        <lastName>PORTMAN</lastName>
        <isOriginalCosponsor>False</isOriginalCosponsor>
        <identifiers>
          <gpoId>8266</gpoId>
          <bioguideId>P000449</bioguideId>
          <lisID>924</lisID>
        </identifiers>
        <middleName />
        <sponsorshipDate>2013-09-30</sponsorshipDate>
        <firstName>ROB</firstName>
      </item>
      <item>
        <sponsorshipWithdrawnDate />
        <bioguideId>C000567</bioguideId>
        <fullName>Sen. Cochran, Thad [R-MS]</fullName>
        <lastName>Cochran</lastName>
        <isOriginalCosponsor>False</isOriginalCosponsor>
        <identifiers>
          <bioguideId>C000567</bioguideId>
          <lisID>213</lisID>
          <gpoId>8292</gpoId>
        </identifiers>
        <middleName />
        <sponsorshipDate>2013-10-01</sponsorshipDate>
        <firstName>Thad</firstName>
      </item>
      <item>
        <sponsorshipWithdrawnDate />
        <bioguideId>H000338</bioguideId>
        <fullName>Sen. Hatch, Orrin G. [R-UT]</fullName>
        <lastName>HATCH</lastName>
        <isOriginalCosponsor>False</isOriginalCosponsor>
        <identifiers>
          <gpoId>8314</gpoId>
          <lisID>1351</lisID>
          <bioguideId>H000338</bioguideId>
        </identifiers>
        <middleName>GRANT</middleName>
        <sponsorshipDate>2013-10-09</sponsorshipDate>
        <firstName>ORRIN</firstName>
      </item>
      <item>
        <sponsorshipWithdrawnDate />
        <bioguideId>W000437</bioguideId>
        <fullName>Sen. Wicker, Roger F. [R-MS]</fullName>
        <lastName>WICKER</lastName>
        <isOriginalCosponsor>False</isOriginalCosponsor>
        <identifiers>
          <lisID>1226</lisID>
          <gpoId>8263</gpoId>
          <bioguideId>W000437</bioguideId>
        </identifiers>
        <middleName>F.</middleName>
        <sponsorshipDate>2013-10-28</sponsorshipDate>
        <firstName>ROGER</firstName>
      </item>
      <item>
        <sponsorshipWithdrawnDate />
        <bioguideId>B001230</bioguideId>
        <fullName>Sen. Baldwin, Tammy [D-WI]</fullName>
        <lastName>BALDWIN</lastName>
        <isOriginalCosponsor>False</isOriginalCosponsor>
        <identifiers>
          <bioguideId>B001230</bioguideId>
          <lisID>1558</lisID>
          <gpoId>8215</gpoId>
        </identifiers>
        <middleName />
        <sponsorshipDate>2013-10-28</sponsorshipDate>
        <firstName>TAMMY</firstName>
      </item>
      <item>
        <sponsorshipWithdrawnDate />
        <bioguideId>N000032</bioguideId>
        <fullName>Sen. Nelson, Bill [D-FL]</fullName>
        <lastName>NELSON</lastName>
        <isOriginalCosponsor>False</isOriginalCosponsor>
        <identifiers>
          <gpoId>8236</gpoId>
          <bioguideId>N000032</bioguideId>
          <lisID>859</lisID>
        </identifiers>
        <middleName>WILLIAM</middleName>
        <sponsorshipDate>2013-10-28</sponsorshipDate>
        <firstName>CLARENCE</firstName>
      </item>
      <item>
        <sponsorshipWithdrawnDate />
        <bioguideId>H001042</bioguideId>
        <fullName>Sen. Hirono, Mazie K. [D-HI]</fullName>
        <lastName>Hirono</lastName>
        <isOriginalCosponsor>False</isOriginalCosponsor>
        <identifiers>
          <gpoId>7913</gpoId>
          <bioguideId>H001042</bioguideId>
          <lisID>1844</lisID>
        </identifiers>
        <middleName>K.</middleName>
        <sponsorshipDate>2013-10-28</sponsorshipDate>
        <firstName>Mazie</firstName>
      </item>
      <item>
        <sponsorshipWithdrawnDate />
        <bioguideId>M000133</bioguideId>
        <fullName>Sen. Markey, Edward J. [D-MA]</fullName>
        <lastName>MARKEY</lastName>
        <isOriginalCosponsor>False</isOriginalCosponsor>
        <identifiers>
          <lisID>735</lisID>
          <bioguideId>M000133</bioguideId>
          <gpoId>7972</gpoId>
        </identifiers>
        <middleName>J.</middleName>
        <sponsorshipDate>2013-10-28</sponsorshipDate>
        <firstName>EDWARD</firstName>
      </item>
      <item>
        <sponsorshipWithdrawnDate />
        <bioguideId>C001070</bioguideId>
        <fullName>Sen. Casey, Robert P., Jr. [D-PA]</fullName>
        <lastName>Casey</lastName>
        <isOriginalCosponsor>False</isOriginalCosponsor>
        <identifiers>
          <gpoId>8282</gpoId>
          <lisID>1828</lisID>
          <bioguideId>C001070</bioguideId>
        </identifiers>
        <middleName />
        <sponsorshipDate>2013-10-28</sponsorshipDate>
        <firstName>Bob</firstName>
      </item>
      <item>
        <sponsorshipWithdrawnDate />
        <bioguideId>K000367</bioguideId>
        <fullName>Sen. Klobuchar, Amy [D-MN]</fullName>
        <lastName>Klobuchar</lastName>
        <isOriginalCosponsor>False</isOriginalCosponsor>
        <identifiers>
          <lisID>1826</lisID>
          <gpoId>8249</gpoId>
          <bioguideId>K000367</bioguideId>
        </identifiers>
        <middleName />
        <sponsorshipDate>2013-10-28</sponsorshipDate>
        <firstName>Amy</firstName>
      </item>
      <item>
        <sponsorshipWithdrawnDate />
        <bioguideId>B000944</bioguideId>
        <fullName>Sen. Brown, Sherrod [D-OH]</fullName>
        <lastName>BROWN</lastName>
        <isOriginalCosponsor>False</isOriginalCosponsor>
        <identifiers>
          <bioguideId>B000944</bioguideId>
          <lisID>136</lisID>
          <gpoId>8309</gpoId>
        </identifiers>
        <middleName />
        <sponsorshipDate>2013-10-28</sponsorshipDate>
        <firstName>SHERROD</firstName>
      </item>
      <item>
        <sponsorshipWithdrawnDate />
        <bioguideId>H001049</bioguideId>
        <fullName>Sen. Hagan, Kay [D-NC]</fullName>
        <lastName>Hagan</lastName>
        <isOriginalCosponsor>False</isOriginalCosponsor>
        <identifiers>
          <lisID>1902</lisID>
          <gpoId>8318</gpoId>
          <bioguideId>H001049</bioguideId>
        </identifiers>
        <middleName>R.</middleName>
        <sponsorshipDate>2013-10-29</sponsorshipDate>
        <firstName>Kay</firstName>
      </item>
      <item>
        <sponsorshipWithdrawnDate />
        <bioguideId>W000817</bioguideId>
        <fullName>Sen. Warren, Elizabeth [D-MA]</fullName>
        <lastName>Warren</lastName>
        <isOriginalCosponsor>False</isOriginalCosponsor>
        <identifiers>
          <bioguideId>W000817</bioguideId>
          <lisID>2182</lisID>
          <gpoId />
        </identifiers>
        <middleName>A.</middleName>
        <sponsorshipDate>2013-10-31</sponsorshipDate>
        <firstName>Elizabeth</firstName>
      </item>
      <item>
        <sponsorshipWithdrawnDate />
        <bioguideId>F000062</bioguideId>
        <fullName>Sen. Feinstein, Dianne [D-CA]</fullName>
        <lastName>FEINSTEIN</lastName>
        <isOriginalCosponsor>False</isOriginalCosponsor>
        <identifiers>
          <lisID>1332</lisID>
          <bioguideId>F000062</bioguideId>
          <gpoId>8338</gpoId>
        </identifiers>
        <middleName />
        <sponsorshipDate>2013-10-31</sponsorshipDate>
        <firstName>DIANNE</firstName>
      </item>
      <item>
        <sponsorshipWithdrawnDate />
        <bioguideId>B000243</bioguideId>
        <fullName>Sen. Baucus, Max [D-MT]</fullName>
        <lastName>BAUCUS</lastName>
        <isOriginalCosponsor>False</isOriginalCosponsor>
        <identifiers>
          <gpoId>8298</gpoId>
          <bioguideId>B000243</bioguideId>
          <lisID>66</lisID>
        </identifiers>
        <middleName>SIEBEN</middleName>
        <sponsorshipDate>2013-10-31</sponsorshipDate>
        <firstName>MAX</firstName>
      </item>
      <item>
        <sponsorshipWithdrawnDate />
        <bioguideId>G000359</bioguideId>
        <fullName>Sen. Graham, Lindsey [R-SC]</fullName>
        <lastName>GRAHAM</lastName>
        <isOriginalCosponsor>False</isOriginalCosponsor>
        <identifiers>
          <bioguideId>G000359</bioguideId>
          <lisID>452</lisID>
          <gpoId>8335</gpoId>
        </identifiers>
        <middleName>O.</middleName>
        <sponsorshipDate>2013-11-04</sponsorshipDate>
        <firstName>LINDSEY</firstName>
      </item>
      <item>
        <sponsorshipWithdrawnDate />
        <bioguideId>C000880</bioguideId>
        <fullName>Sen. Crapo, Mike [R-ID]</fullName>
        <lastName>CRAPO</lastName>
        <isOriginalCosponsor>False</isOriginalCosponsor>
        <identifiers>
          <lisID>250</lisID>
          <bioguideId>C000880</bioguideId>
          <gpoId>8289</gpoId>
        </identifiers>
        <middleName>D.</middleName>
        <sponsorshipDate>2013-11-06</sponsorshipDate>
        <firstName>MICHAEL</firstName>
      </item>
      <item>
        <sponsorshipWithdrawnDate />
        <bioguideId>L000174</bioguideId>
        <fullName>Sen. Leahy, Patrick J. [D-VT]</fullName>
        <lastName>LEAHY</lastName>
        <isOriginalCosponsor>False</isOriginalCosponsor>
        <identifiers>
          <gpoId>8244</gpoId>
          <bioguideId>L000174</bioguideId>
          <lisID>1383</lisID>
        </identifiers>
        <middleName>JOSEPH</middleName>
        <sponsorshipDate>2013-11-06</sponsorshipDate>
        <firstName>PATRICK</firstName>
      </item>
      <item>
        <sponsorshipWithdrawnDate />
        <bioguideId>M001176</bioguideId>
        <fullName>Sen. Merkley, Jeff [D-OR]</fullName>
        <lastName>Merkley</lastName>
        <isOriginalCosponsor>False</isOriginalCosponsor>
        <identifiers>
          <bioguideId>M001176</bioguideId>
          <lisID>1900</lisID>
          <gpoId>8238</gpoId>
        </identifiers>
        <middleName />
        <sponsorshipDate>2013-11-12</sponsorshipDate>
        <firstName>Jeff</firstName>
      </item>
      <item>
        <sponsorshipWithdrawnDate />
        <bioguideId>J000177</bioguideId>
        <fullName>Sen. Johnson, Tim [D-SD]</fullName>
        <lastName>JOHNSON</lastName>
        <isOriginalCosponsor>False</isOriginalCosponsor>
        <identifiers>
          <gpoId>8319</gpoId>
          <bioguideId>J000177</bioguideId>
          <lisID>604</lisID>
        </identifiers>
        <middleName />
        <sponsorshipDate>2013-11-13</sponsorshipDate>
        <firstName>TIM</firstName>
      </item>
      <item>
        <sponsorshipWithdrawnDate />
        <bioguideId>C000286</bioguideId>
        <fullName>Sen. Chambliss, Saxby [R-GA]</fullName>
        <lastName>CHAMBLISS</lastName>
        <isOriginalCosponsor>False</isOriginalCosponsor>
        <identifiers>
          <bioguideId>C000286</bioguideId>
          <lisID>188</lisID>
          <gpoId>8284</gpoId>
        </identifiers>
        <middleName />
        <sponsorshipDate>2013-11-14</sponsorshipDate>
        <firstName>SAXBY</firstName>
      </item>
      <item>
        <sponsorshipWithdrawnDate />
        <bioguideId>M000702</bioguideId>
        <fullName>Sen. Mikulski, Barbara A. [D-MD]</fullName>
        <lastName>MIKULSKI</lastName>
        <isOriginalCosponsor>False</isOriginalCosponsor>
        <identifiers>
          <lisID>802</lisID>
          <bioguideId>M000702</bioguideId>
          <gpoId>8240</gpoId>
        </identifiers>
        <middleName>ANN</middleName>
        <sponsorshipDate>2013-11-20</sponsorshipDate>
        <firstName>BARBARA</firstName>
      </item>
      <item>
        <sponsorshipWithdrawnDate />
        <bioguideId>M001169</bioguideId>
        <fullName>Sen. Murphy, Christopher S. [D-CT]</fullName>
        <lastName>Murphy</lastName>
        <isOriginalCosponsor>False</isOriginalCosponsor>
        <identifiers>
          <bioguideId>M001169</bioguideId>
          <lisID>1837</lisID>
          <gpoId>7870</gpoId>
        </identifiers>
        <middleName>S.</middleName>
        <sponsorshipDate>2013-12-10</sponsorshipDate>
        <firstName>Christopher</firstName>
      </item>
      <item>
        <sponsorshipWithdrawnDate />
        <bioguideId>C001098</bioguideId>
        <fullName>Sen. Cruz, Ted [R-TX]</fullName>
        <lastName>Cruz</lastName>
        <isOriginalCosponsor>False</isOriginalCosponsor>
        <identifiers>
          <gpoId />
          <bioguideId>C001098</bioguideId>
          <lisID>2175</lisID>
        </identifiers>
        <middleName />
        <sponsorshipDate>2014-02-11</sponsorshipDate>
        <firstName>Ted</firstName>
      </item>
      <item>
        <sponsorshipWithdrawnDate />
        <bioguideId>J000291</bioguideId>
        <fullName>Sen. Johanns, Mike [R-NE]</fullName>
        <lastName>Johanns</lastName>
        <isOriginalCosponsor>False</isOriginalCosponsor>
        <identifiers>
          <lisID>1899</lisID>
          <gpoId>8325</gpoId>
          <bioguideId>J000291</bioguideId>
        </identifiers>
        <middleName />
        <sponsorshipDate>2014-07-31</sponsorshipDate>
        <firstName>Mike</firstName>
      </item>
    </cosponsors>
    <calendarNumbers />
    <relatedBills>
      <item>
        <type>HR</type>
        <congress>113</congress>
        <latestTitle>National Park Service 100th Anniversary Commemorative Coin Act</latestTitle>
        <latestAction>
          <actionDate>2014-04-30</actionDate>
          <text>Received in the Senate and Read twice and referred to the Committee on Banking, Housing, and Urban Affairs.</text>
        </latestAction>
        <relationshipDetails>
          <item>
            <identifiedBy>CRS</identifiedBy>
            <type>Related bill</type>
          </item>
        </relationshipDetails>
        <number>627</number>
      </item>
    </relatedBills>
    <amendments />
    <recordedVotes />
    <title>National Park Service 100th Anniversary Commemorative Coin Act</title>
    <latestAction>
      <actionDate>2013-06-13</actionDate>
      <text>Read twice and referred to the Committee on Banking, Housing, and Urban Affairs.</text>
      <links />
    </latestAction>
    <cboCostEstimates />
    <originChamber>Senate</originChamber>
    <committeeReports />
  </bill>
  <dublinCore xmlns:dc="http://purl.org/dc/elements/1.1/">
    <dc:format>text/xml</dc:format>
    <dc:language>EN</dc:language>
    <dc:rights>Pursuant to Title 17 Section 105 of the United States Code, this file is not subject to copyright protection and is in the public domain.</dc:rights>
    <dc:contributor>Congressional Research Service, Library of Congress</dc:contributor>
    <dc:description>This file contains bill summaries and statuses for federal legislation. A bill summary describes the most significant provisions of a piece of legislation and details the effects the legislative text may have on current law and federal programs. Bill summaries are authored by the Congressional Research Service (CRS) of the Library of Congress. As stated in Public Law 91-510 (2 USC 166 (d)(6)), one of the duties of CRS is "to prepare summaries and digests of bills and resolutions of a public general nature introduced in the Senate or House of Representatives". For more information, refer to the User Guide that accompanies this file.</dc:description>
  </dublinCore>
</billStatus>

