<?xml version="1.0" encoding="UTF-8"?>
<billStatus>
  <bill>
    <actions>
      <item>
        <actionDate>2013-01-23</actionDate>
        <committee>
          <name>Foreign Relations Committee</name>
          <systemCode>ssfr00</systemCode>
        </committee>
        <links />
        <sourceSystem>
          <name>Senate</name>
          <code>0</code>
        </sourceSystem>
        <text>Read twice and referred to the Committee on Foreign Relations.</text>
        <type>IntroReferral</type>
      </item>
      <item>
        <actionDate>2013-01-23</actionDate>
        <committee />
        <actionCode>10000</actionCode>
        <links />
        <type>IntroReferral</type>
        <sourceSystem>
          <name>Library of Congress</name>
          <code>9</code>
        </sourceSystem>
        <text>Introduced in Senate</text>
      </item>
      <actionByCounts>
        <senate>2</senate>
      </actionByCounts>
      <actionTypeCounts>
        <introducedInSenate>1</introducedInSenate>
        <referredToCommittee>1</referredToCommittee>
      </actionTypeCounts>
    </actions>
    <title>A bill to reduce the amount of financial assistance provided to the Government of Mexico in response to the illegal border crossings from Mexico into the United States, which serve to dissipate the political discontent with the higher unemployment rate within Mexico.</title>
    <cosponsors />
    <sponsors>
      <item>
        <middleName />
        <firstName>David</firstName>
        <byRequestType />
        <bioguideId>V000127</bioguideId>
        <fullName>Sen. Vitter, David [R-LA]</fullName>
        <lastName>Vitter</lastName>
        <identifiers>
          <bioguideId>V000127</bioguideId>
          <lisID>1609</lisID>
          <gpoId>8267</gpoId>
        </identifiers>
      </item>
    </sponsors>
    <subjects>
      <billSubjects>
        <policyArea>
          <name>International Affairs</name>
        </policyArea>
        <legislativeSubjects>
          <item>
            <name>Border security and unlawful immigration</name>
          </item>
          <item>
            <name>Foreign aid and international relief</name>
          </item>
          <item>
            <name>Latin America</name>
          </item>
          <item>
            <name>Mexico</name>
          </item>
          <item>
            <name>Military education and training</name>
          </item>
        </legislativeSubjects>
      </billSubjects>
    </subjects>
    <updateDate>2016-10-25T16:20:04Z</updateDate>
    <originChamber>Senate</originChamber>
    <titles>
      <item>
        <title>A bill to reduce the amount of financial assistance provided to the Government of Mexico in response to the illegal border crossings from Mexico into the United States, which serve to dissipate the political discontent with the higher unemployment rate within Mexico.</title>
        <titleType>Official Title as Introduced</titleType>
        <parentTitleType />
        <chamberName />
        <chamberCode />
      </item>
      <item>
        <title>A bill to reduce the amount of financial assistance provided to the Government of Mexico in response to the illegal border crossings from Mexico into the United States, which serve to dissipate the political discontent with the higher unemployment rate within Mexico.</title>
        <titleType>Display Title</titleType>
        <parentTitleType />
        <chamberName />
        <chamberCode />
      </item>
    </titles>
    <createDate>2013-01-24T07:00:55Z</createDate>
    <congress>113</congress>
    <introducedDate>2013-01-23</introducedDate>
    <latestAction>
      <links />
      <actionDate>2013-01-23</actionDate>
      <text>Read twice and referred to the Committee on Foreign Relations.</text>
    </latestAction>
    <laws />
    <relatedBills />
    <notes />
    <recordedVotes />
    <cboCostEstimates />
    <policyArea>
      <name>International Affairs</name>
    </policyArea>
    <billNumber>102</billNumber>
    <billType>S</billType>
    <committees>
      <billCommittees>
        <item>
          <activities>
            <item>
              <date>2013-01-23T19:33:59Z</date>
              <name>Referred to</name>
            </item>
          </activities>
          <systemCode>ssfr00</systemCode>
          <subcommittees />
          <type>Standing</type>
          <name>Foreign Relations Committee</name>
          <chamber>Senate</chamber>
        </item>
      </billCommittees>
    </committees>
    <amendments />
    <summaries>
      <billSummaries>
        <item>
          <lastSummaryUpdateDate>2013-02-11T21:02:52Z</lastSummaryUpdateDate>
          <text><![CDATA[<p> Directs the Secretary of State to: (1) annually estimate the number of illegal border crossings along the southern U.S. land border, and (2) reduce financial assistance to the government of Mexico by a total of $1,000 for each illegal border crossing from Mexico to the United States during the previous fiscal year.</p> <p>Authorizes the Secretary to not reduce appropriations for the government of Mexico from the International Military Education and Training Fund, the International Narcotics Control and Law Enforcement Fund, and the fund to carry out nonproliferation, anti-terrorism, demining, and related programs and activities.</p>]]></text>
          <updateDate>2013-01-23T05:00:00Z</updateDate>
          <actionDesc>Introduced in Senate</actionDesc>
          <name>Introduced in Senate</name>
          <versionCode>00</versionCode>
          <actionDate>2013-01-23</actionDate>
        </item>
      </billSummaries>
    </summaries>
    <calendarNumbers />
    <committeeReports />
  </bill>
  <dublinCore xmlns:dc="http://purl.org/dc/elements/1.1/">
    <dc:format>text/xml</dc:format>
    <dc:language>EN</dc:language>
    <dc:rights>Pursuant to Title 17 Section 105 of the United States Code, this file is not subject to copyright protection and is in the public domain.</dc:rights>
    <dc:contributor>Congressional Research Service, Library of Congress</dc:contributor>
    <dc:description>This file contains bill summaries and statuses for federal legislation. A bill summary describes the most significant provisions of a piece of legislation and details the effects the legislative text may have on current law and federal programs. Bill summaries are authored by the Congressional Research Service (CRS) of the Library of Congress. As stated in Public Law 91-510 (2 USC 166 (d)(6)), one of the duties of CRS is "to prepare summaries and digests of bills and resolutions of a public general nature introduced in the Senate or House of Representatives". For more information, refer to the User Guide that accompanies this file.</dc:description>
  </dublinCore>
</billStatus>

