<?xml version="1.0" encoding="UTF-8"?>
<billStatus>
  <bill>
    <sponsors>
      <item>
        <lastName>LAUTENBERG</lastName>
        <fullName>Sen. Lautenberg, Frank R. [D-NJ]</fullName>
        <middleName>R.</middleName>
        <firstName>FRANK</firstName>
        <identifiers>
          <bioguideId>L000123</bioguideId>
          <lisID>1381</lisID>
          <gpoId>8245</gpoId>
        </identifiers>
        <byRequestType />
        <bioguideId>L000123</bioguideId>
      </item>
    </sponsors>
    <latestAction>
      <links />
      <text>Read twice and referred to the Committee on the Judiciary.</text>
      <actionDate>2013-01-22</actionDate>
    </latestAction>
    <laws />
    <createDate>2013-01-23T10:00:53Z</createDate>
    <updateDate>2016-10-25T16:19:49Z</updateDate>
    <committees>
      <billCommittees>
        <item>
          <name>Judiciary Committee</name>
          <type>Standing</type>
          <subcommittees />
          <chamber>Senate</chamber>
          <activities>
            <item>
              <name>Referred to</name>
              <date>2013-01-22T17:15:06Z</date>
            </item>
          </activities>
          <systemCode>ssju00</systemCode>
        </item>
      </billCommittees>
    </committees>
    <recordedVotes />
    <introducedDate>2013-01-22</introducedDate>
    <relatedBills>
      <item>
        <relationshipDetails>
          <item>
            <type>Identical bill</type>
            <identifiedBy>CRS</identifiedBy>
          </item>
        </relationshipDetails>
        <latestAction>
          <text>Referred to the Subcommittee on Crime, Terrorism, Homeland Security, And Investigations.</text>
          <actionDate>2013-01-25</actionDate>
        </latestAction>
        <latestTitle>Stop Online Ammunition Sales Act of 2013</latestTitle>
        <congress>113</congress>
        <number>142</number>
        <type>HR</type>
      </item>
    </relatedBills>
    <billNumber>35</billNumber>
    <amendments />
    <billType>S</billType>
    <actions>
      <item>
        <actionDate>2013-01-22</actionDate>
        <committee>
          <name>Judiciary Committee</name>
          <systemCode>ssju00</systemCode>
        </committee>
        <links />
        <sourceSystem>
          <name>Senate</name>
          <code>0</code>
        </sourceSystem>
        <text>Read twice and referred to the Committee on the Judiciary.</text>
        <type>IntroReferral</type>
      </item>
      <item>
        <actionDate>2013-01-22</actionDate>
        <committee />
        <actionCode>10000</actionCode>
        <links />
        <type>IntroReferral</type>
        <sourceSystem>
          <name>Library of Congress</name>
          <code>9</code>
        </sourceSystem>
        <text>Introduced in Senate</text>
      </item>
      <actionByCounts>
        <senate>2</senate>
      </actionByCounts>
      <actionTypeCounts>
        <introducedInSenate>1</introducedInSenate>
        <referredToCommittee>1</referredToCommittee>
      </actionTypeCounts>
    </actions>
    <policyArea>
      <name>Crime and Law Enforcement</name>
    </policyArea>
    <cosponsors>
      <item>
        <lastName>FEINSTEIN</lastName>
        <identifiers>
          <bioguideId>F000062</bioguideId>
          <lisID>1332</lisID>
          <gpoId>8338</gpoId>
        </identifiers>
        <firstName>DIANNE</firstName>
        <fullName>Sen. Feinstein, Dianne [D-CA]</fullName>
        <bioguideId>F000062</bioguideId>
        <sponsorshipDate>2013-01-22</sponsorshipDate>
        <middleName />
        <isOriginalCosponsor>True</isOriginalCosponsor>
        <sponsorshipWithdrawnDate />
      </item>
      <item>
        <lastName>Blumenthal</lastName>
        <identifiers>
          <lisID>2076</lisID>
          <bioguideId>B001277</bioguideId>
          <gpoId>8332</gpoId>
        </identifiers>
        <firstName>Richard</firstName>
        <fullName>Sen. Blumenthal, Richard [D-CT]</fullName>
        <bioguideId>B001277</bioguideId>
        <sponsorshipDate>2013-01-22</sponsorshipDate>
        <middleName />
        <isOriginalCosponsor>True</isOriginalCosponsor>
        <sponsorshipWithdrawnDate />
      </item>
      <item>
        <lastName>SCHUMER</lastName>
        <identifiers>
          <lisID>1036</lisID>
          <gpoId>8279</gpoId>
          <bioguideId>S000148</bioguideId>
        </identifiers>
        <firstName>CHARLES</firstName>
        <fullName>Sen. Schumer, Charles E. [D-NY]</fullName>
        <bioguideId>S000148</bioguideId>
        <sponsorshipDate>2013-01-22</sponsorshipDate>
        <middleName>E.</middleName>
        <isOriginalCosponsor>True</isOriginalCosponsor>
        <sponsorshipWithdrawnDate />
      </item>
      <item>
        <lastName>REED</lastName>
        <identifiers>
          <gpoId>8272</gpoId>
          <lisID>949</lisID>
          <bioguideId>R000122</bioguideId>
        </identifiers>
        <firstName>JOHN</firstName>
        <fullName>Sen. Reed, Jack [D-RI]</fullName>
        <bioguideId>R000122</bioguideId>
        <sponsorshipDate>2013-01-22</sponsorshipDate>
        <middleName>F.</middleName>
        <isOriginalCosponsor>True</isOriginalCosponsor>
        <sponsorshipWithdrawnDate />
      </item>
      <item>
        <lastName>BOXER</lastName>
        <identifiers>
          <bioguideId>B000711</bioguideId>
          <lisID>116</lisID>
          <gpoId>8306</gpoId>
        </identifiers>
        <firstName>BARBARA</firstName>
        <fullName>Sen. Boxer, Barbara [D-CA]</fullName>
        <bioguideId>B000711</bioguideId>
        <sponsorshipDate>2013-01-22</sponsorshipDate>
        <middleName />
        <isOriginalCosponsor>True</isOriginalCosponsor>
        <sponsorshipWithdrawnDate />
      </item>
      <item>
        <lastName>Gillibrand</lastName>
        <identifiers>
          <bioguideId>G000555</bioguideId>
          <lisID>1866</lisID>
          <gpoId>8336</gpoId>
        </identifiers>
        <firstName>Kirsten</firstName>
        <fullName>Sen. Gillibrand, Kirsten E. [D-NY]</fullName>
        <bioguideId>G000555</bioguideId>
        <sponsorshipDate>2013-01-22</sponsorshipDate>
        <middleName>E.</middleName>
        <isOriginalCosponsor>True</isOriginalCosponsor>
        <sponsorshipWithdrawnDate />
      </item>
    </cosponsors>
    <cboCostEstimates />
    <summaries>
      <billSummaries>
        <item>
          <lastSummaryUpdateDate>2013-01-30T20:40:52Z</lastSummaryUpdateDate>
          <name>Introduced in Senate</name>
          <actionDesc>Introduced in Senate</actionDesc>
          <text><![CDATA[<p>Stop Online Ammunition Sales Act of 2013 - Amends the federal criminal code to require the licensing of ammunition dealers.</p> <p>Prohibits any person except a licensed importer, manufacturer, or dealer from: (1) selling ammunition, with an exception for a sale of ammunition to a licensed importer, manufacturer, or dealer; or (2) engaging in the business of importing or manufacturing ammunition, or in the course of such business, from shipping, transporting, or receiving ammunition. Prohibits a licensed importer, manufacturer, or dealer from: (1) transferring ammunition to a person without verifying the person's identity by examining a valid identification document containing a photograph of such person; or (2) selling or delivering any ammunition (currently, any armor-piercing ammunition) to any person unless the licensee notes in his records the person's name, age, and place of residence, if the person is an individual, or the person's identity and principal and local places of business, if the person is a business entity.</p> <p>Applies prohibitions applicable to the shipping or transport of firearms, and record-keeping requirements applicable to the importation, production, shipment, receipt, sale, or other disposition of firearms, to ammunition. </p> <p>Requires each licensee to: (1) prepare a report of multiple sales or other dispositions whenever the licensee sells or otherwise disposes of more than 1,000 rounds of ammunition to an unlicensed person at one time or during any five consecutive business days; and (2) forward such report to the specified office and to the department of state police, the state law enforcement agency, or the local law enforcement agency of the jurisdiction in which the sale took place by the close of business on the day the multiple sale occurs.</p>]]></text>
          <actionDate>2013-01-22</actionDate>
          <versionCode>00</versionCode>
          <updateDate>2013-01-22T05:00:00Z</updateDate>
        </item>
      </billSummaries>
    </summaries>
    <committeeReports />
    <title>Stop Online Ammunition Sales Act of 2013</title>
    <calendarNumbers />
    <notes />
    <subjects>
      <billSubjects>
        <policyArea>
          <name>Crime and Law Enforcement</name>
        </policyArea>
        <legislativeSubjects>
          <item>
            <name>Business records</name>
          </item>
          <item>
            <name>Criminal justice information and records</name>
          </item>
          <item>
            <name>Firearms and explosives</name>
          </item>
          <item>
            <name>Licensing and registrations</name>
          </item>
          <item>
            <name>Retail and wholesale trades</name>
          </item>
        </legislativeSubjects>
      </billSubjects>
    </subjects>
    <congress>113</congress>
    <originChamber>Senate</originChamber>
    <titles>
      <item>
        <chamberName />
        <titleType>Short Titles as Introduced</titleType>
        <title>Stop Online Ammunition Sales Act of 2013</title>
        <chamberCode />
        <parentTitleType />
      </item>
      <item>
        <chamberName />
        <titleType>Official Title as Introduced</titleType>
        <title>A bill to require face to face purchases of ammunition, to require licensing of ammunition dealers, and to require reporting regarding bulk purchases of ammunition.</title>
        <chamberCode />
        <parentTitleType />
      </item>
      <item>
        <chamberName />
        <titleType>Display Title</titleType>
        <title>Stop Online Ammunition Sales Act of 2013</title>
        <chamberCode />
        <parentTitleType />
      </item>
    </titles>
  </bill>
  <dublinCore xmlns:dc="http://purl.org/dc/elements/1.1/">
    <dc:format>text/xml</dc:format>
    <dc:language>EN</dc:language>
    <dc:rights>Pursuant to Title 17 Section 105 of the United States Code, this file is not subject to copyright protection and is in the public domain.</dc:rights>
    <dc:contributor>Congressional Research Service, Library of Congress</dc:contributor>
    <dc:description>This file contains bill summaries and statuses for federal legislation. A bill summary describes the most significant provisions of a piece of legislation and details the effects the legislative text may have on current law and federal programs. Bill summaries are authored by the Congressional Research Service (CRS) of the Library of Congress. As stated in Public Law 91-510 (2 USC 166 (d)(6)), one of the duties of CRS is "to prepare summaries and digests of bills and resolutions of a public general nature introduced in the Senate or House of Representatives". For more information, refer to the User Guide that accompanies this file.</dc:description>
  </dublinCore>
</billStatus>

