<?xml version="1.0" encoding="UTF-8"?>
<billStatus>
  <bill>
    <latestAction>
      <actionDate>2013-03-20</actionDate>
      <text>Read twice and referred to the Committee on Armed Services.</text>
      <links />
    </latestAction>
    <committeeReports />
    <cboCostEstimates />
    <billType>S</billType>
    <relatedBills>
      <item>
        <latestTitle>Servicemember Mental Health Review Act</latestTitle>
        <type>HR</type>
        <number>975</number>
        <latestAction>
          <text>Referred to the Subcommittee on Military Personnel.</text>
          <actionDate>2013-03-26</actionDate>
        </latestAction>
        <relationshipDetails>
          <item>
            <type>Identical bill</type>
            <identifiedBy>CRS</identifiedBy>
          </item>
        </relationshipDetails>
        <congress>113</congress>
      </item>
    </relatedBills>
    <createDate>2013-03-21T08:01:14Z</createDate>
    <title>Servicemember Mental Health Review Act</title>
    <cosponsors>
      <item>
        <lastName>BAUCUS</lastName>
        <fullName>Sen. Baucus, Max [D-MT]</fullName>
        <bioguideId>B000243</bioguideId>
        <sponsorshipWithdrawnDate />
        <identifiers>
          <lisID>66</lisID>
          <bioguideId>B000243</bioguideId>
          <gpoId>8298</gpoId>
        </identifiers>
        <isOriginalCosponsor>True</isOriginalCosponsor>
        <firstName>MAX</firstName>
        <sponsorshipDate>2013-03-20</sponsorshipDate>
        <middleName>SIEBEN</middleName>
      </item>
      <item>
        <lastName>Begich</lastName>
        <fullName>Sen. Begich, Mark [D-AK]</fullName>
        <bioguideId>B001265</bioguideId>
        <sponsorshipWithdrawnDate />
        <identifiers>
          <bioguideId>B001265</bioguideId>
          <lisID>1898</lisID>
          <gpoId>8301</gpoId>
        </identifiers>
        <isOriginalCosponsor>True</isOriginalCosponsor>
        <firstName>Mark</firstName>
        <sponsorshipDate>2013-03-20</sponsorshipDate>
        <middleName />
      </item>
      <item>
        <lastName>Klobuchar</lastName>
        <fullName>Sen. Klobuchar, Amy [D-MN]</fullName>
        <bioguideId>K000367</bioguideId>
        <sponsorshipWithdrawnDate />
        <identifiers>
          <bioguideId>K000367</bioguideId>
          <lisID>1826</lisID>
          <gpoId>8249</gpoId>
        </identifiers>
        <isOriginalCosponsor>True</isOriginalCosponsor>
        <firstName>Amy</firstName>
        <sponsorshipDate>2013-03-20</sponsorshipDate>
        <middleName />
      </item>
      <item>
        <lastName>Blumenthal</lastName>
        <fullName>Sen. Blumenthal, Richard [D-CT]</fullName>
        <bioguideId>B001277</bioguideId>
        <sponsorshipWithdrawnDate />
        <identifiers>
          <lisID>2076</lisID>
          <bioguideId>B001277</bioguideId>
          <gpoId>8332</gpoId>
        </identifiers>
        <isOriginalCosponsor>False</isOriginalCosponsor>
        <firstName>Richard</firstName>
        <sponsorshipDate>2013-04-15</sponsorshipDate>
        <middleName />
      </item>
      <item>
        <lastName>Gillibrand</lastName>
        <fullName>Sen. Gillibrand, Kirsten E. [D-NY]</fullName>
        <bioguideId>G000555</bioguideId>
        <sponsorshipWithdrawnDate />
        <identifiers>
          <gpoId>8336</gpoId>
          <lisID>1866</lisID>
          <bioguideId>G000555</bioguideId>
        </identifiers>
        <isOriginalCosponsor>False</isOriginalCosponsor>
        <firstName>Kirsten</firstName>
        <sponsorshipDate>2013-06-27</sponsorshipDate>
        <middleName>E.</middleName>
      </item>
    </cosponsors>
    <updateDate>2016-10-25T16:22:12Z</updateDate>
    <amendments />
    <originChamber>Senate</originChamber>
    <subjects>
      <billSubjects>
        <legislativeSubjects>
          <item>
            <name>Administrative remedies</name>
          </item>
          <item>
            <name>Department of Defense</name>
          </item>
          <item>
            <name>Disability and paralysis</name>
          </item>
          <item>
            <name>Lawyers and legal services</name>
          </item>
          <item>
            <name>Medical tests and diagnostic methods</name>
          </item>
          <item>
            <name>Mental health</name>
          </item>
          <item>
            <name>Military medicine</name>
          </item>
          <item>
            <name>Military personnel and dependents</name>
          </item>
          <item>
            <name>Personnel records</name>
          </item>
          <item>
            <name>Veterans' pensions and compensation</name>
          </item>
        </legislativeSubjects>
        <policyArea>
          <name>Armed Forces and National Security</name>
        </policyArea>
      </billSubjects>
    </subjects>
    <policyArea>
      <name>Armed Forces and National Security</name>
    </policyArea>
    <congress>113</congress>
    <summaries>
      <billSummaries>
        <item>
          <text><![CDATA[<p>Servicemember Mental Health Review Act - Extends through 2014 (under current law, through 2009) the authority of the Physical Disability Board of Review (Board) to review the disability determinations of individuals who, since September 11, 2001, are separated from the Armed Forces due to unfitness for duty because of a mental condition with a disability rating of 20% or less and are found to be ineligible for retirement. Adds to those eligible for such review individuals who, before December 31, 2014, are separated due to unfitness because of a mental condition not amounting to disability, including separation based on a personality or adjustment disorder. Requires the Board to: (1) review, upon request, the findings and decisions of the appropriate physical evaluation board with respect to such latter individuals; and (2) include as Board members at least one licensed psychologist and one licensed psychiatrist who have had no fiduciary relationship to the Department of Defense (DOD) since December 31, 2001. Allows the Board to review disability determinations of non-requesting individuals, after obtaining their consent.</p> <p>Requires the Secretary of the military department concerned to correct the military records of individuals in accordance with Board recommendations, unless such Secretary finds that the Board has made a clearly erroneous recommendation.</p> <p>Requires the Secretary of Defense to ensure that eligible individuals receive notification of their right to a separation review by the Board, including the right to obtain counsel.</p>]]></text>
          <name>Introduced in Senate</name>
          <versionCode>00</versionCode>
          <actionDate>2013-03-20</actionDate>
          <actionDesc>Introduced in Senate</actionDesc>
          <lastSummaryUpdateDate>2013-04-17T16:53:21Z</lastSummaryUpdateDate>
          <updateDate>2013-03-20T04:00:00Z</updateDate>
        </item>
      </billSummaries>
    </summaries>
    <sponsors>
      <item>
        <fullName>Sen. Tester, Jon [D-MT]</fullName>
        <byRequestType />
        <bioguideId>T000464</bioguideId>
        <firstName>Jon</firstName>
        <middleName />
        <identifiers>
          <lisID>1829</lisID>
          <bioguideId>T000464</bioguideId>
          <gpoId>8258</gpoId>
        </identifiers>
        <lastName>Tester</lastName>
      </item>
    </sponsors>
    <calendarNumbers />
    <laws />
    <introducedDate>2013-03-20</introducedDate>
    <billNumber>628</billNumber>
    <actions>
      <item>
        <actionDate>2013-03-20</actionDate>
        <committee>
          <systemCode>ssas00</systemCode>
          <name>Armed Services Committee</name>
        </committee>
        <links />
        <sourceSystem>
          <code>0</code>
          <name>Senate</name>
        </sourceSystem>
        <text>Read twice and referred to the Committee on Armed Services.</text>
        <type>IntroReferral</type>
      </item>
      <item>
        <type>IntroReferral</type>
        <sourceSystem>
          <code>9</code>
          <name>Library of Congress</name>
        </sourceSystem>
        <text>Introduced in Senate</text>
        <committee />
        <actionDate>2013-03-20</actionDate>
        <links />
        <actionCode>10000</actionCode>
      </item>
      <actionTypeCounts>
        <referredToCommittee>1</referredToCommittee>
        <introducedInSenate>1</introducedInSenate>
      </actionTypeCounts>
      <actionByCounts>
        <senate>2</senate>
      </actionByCounts>
    </actions>
    <notes />
    <titles>
      <item>
        <chamberName />
        <titleType>Short Titles as Introduced</titleType>
        <title>Servicemember Mental Health Review Act</title>
        <chamberCode />
        <parentTitleType />
      </item>
      <item>
        <chamberName />
        <titleType>Official Title as Introduced</titleType>
        <title>A bill to amend title 10, United States Code, to extend the duration of the Physical Disability Board of Review and to the expand the authority of such Board to review of the separation of members of the Armed Forces on the basis of mental condition not amounting to disability, including separation on the basis of a personality or adjustment disorder.</title>
        <chamberCode />
        <parentTitleType />
      </item>
      <item>
        <chamberName />
        <titleType>Display Title</titleType>
        <title>Servicemember Mental Health Review Act</title>
        <chamberCode />
        <parentTitleType />
      </item>
    </titles>
    <recordedVotes />
    <committees>
      <billCommittees>
        <item>
          <subcommittees />
          <chamber>Senate</chamber>
          <systemCode>ssas00</systemCode>
          <type>Standing</type>
          <activities>
            <item>
              <name>Referred to</name>
              <date>2013-03-20T21:46:11Z</date>
            </item>
          </activities>
          <name>Armed Services Committee</name>
        </item>
      </billCommittees>
    </committees>
  </bill>
  <dublinCore xmlns:dc="http://purl.org/dc/elements/1.1/">
    <dc:format>text/xml</dc:format>
    <dc:language>EN</dc:language>
    <dc:rights>Pursuant to Title 17 Section 105 of the United States Code, this file is not subject to copyright protection and is in the public domain.</dc:rights>
    <dc:contributor>Congressional Research Service, Library of Congress</dc:contributor>
    <dc:description>This file contains bill summaries and statuses for federal legislation. A bill summary describes the most significant provisions of a piece of legislation and details the effects the legislative text may have on current law and federal programs. Bill summaries are authored by the Congressional Research Service (CRS) of the Library of Congress. As stated in Public Law 91-510 (2 USC 166 (d)(6)), one of the duties of CRS is "to prepare summaries and digests of bills and resolutions of a public general nature introduced in the Senate or House of Representatives". For more information, refer to the User Guide that accompanies this file.</dc:description>
  </dublinCore>
</billStatus>

