<?xml version="1.0" encoding="UTF-8"?>
<billStatus>
  <bill>
    <sponsors>
      <item>
        <lastName>Whitehouse</lastName>
        <fullName>Sen. Whitehouse, Sheldon [D-RI]</fullName>
        <middleName />
        <firstName>Sheldon</firstName>
        <identifiers>
          <gpoId>8264</gpoId>
          <lisID>1823</lisID>
          <bioguideId>W000802</bioguideId>
        </identifiers>
        <byRequestType />
        <bioguideId>W000802</bioguideId>
      </item>
    </sponsors>
    <latestAction>
      <links />
      <text>Read twice and referred to the Committee on Health, Education, Labor, and Pensions.</text>
      <actionDate>2013-05-06</actionDate>
    </latestAction>
    <laws />
    <createDate>2013-05-07T07:02:13Z</createDate>
    <updateDate>2016-10-25T16:24:01Z</updateDate>
    <committees>
      <billCommittees>
        <item>
          <systemCode>sshr00</systemCode>
          <subcommittees />
          <chamber>Senate</chamber>
          <type>Standing</type>
          <name>Health, Education, Labor, and Pensions Committee</name>
          <activities>
            <item>
              <name>Referred to</name>
              <date>2013-05-06T21:48:29Z</date>
            </item>
          </activities>
        </item>
      </billCommittees>
    </committees>
    <recordedVotes />
    <introducedDate>2013-05-06</introducedDate>
    <relatedBills>
      <item>
        <latestAction>
          <text>Referred to the Subcommittee on Health.</text>
          <actionDate>2013-05-10</actionDate>
        </latestAction>
        <relationshipDetails>
          <item>
            <identifiedBy>CRS</identifiedBy>
            <type>Related bill</type>
          </item>
        </relationshipDetails>
        <type>HR</type>
        <number>1830</number>
        <congress>113</congress>
        <latestTitle>Accelerating the End of Breast Cancer Act of 2013</latestTitle>
      </item>
    </relatedBills>
    <billNumber>865</billNumber>
    <amendments />
    <billType>S</billType>
    <actions>
      <actionTypeCounts>
        <referredToCommittee>1</referredToCommittee>
        <introducedInSenate>1</introducedInSenate>
      </actionTypeCounts>
      <actionByCounts>
        <senate>2</senate>
      </actionByCounts>
      <item>
        <actionDate>2013-05-06</actionDate>
        <committee>
          <name>Health, Education, Labor, and Pensions Committee</name>
          <systemCode>sshr00</systemCode>
        </committee>
        <links />
        <sourceSystem>
          <name>Senate</name>
          <code>0</code>
        </sourceSystem>
        <text>Read twice and referred to the Committee on Health, Education, Labor, and Pensions.</text>
        <type>IntroReferral</type>
      </item>
      <item>
        <committee />
        <sourceSystem>
          <name>Library of Congress</name>
          <code>9</code>
        </sourceSystem>
        <type>IntroReferral</type>
        <text>Introduced in Senate</text>
        <actionDate>2013-05-06</actionDate>
        <links />
        <actionCode>10000</actionCode>
      </item>
    </actions>
    <policyArea>
      <name>Health</name>
    </policyArea>
    <cosponsors>
      <item>
        <sponsorshipDate>2013-05-06</sponsorshipDate>
        <lastName>Heller</lastName>
        <fullName>Sen. Heller, Dean [R-NV]</fullName>
        <middleName />
        <firstName>Dean</firstName>
        <sponsorshipWithdrawnDate />
        <identifiers>
          <lisID>1863</lisID>
          <gpoId>8060</gpoId>
          <bioguideId>H001041</bioguideId>
        </identifiers>
        <isOriginalCosponsor>True</isOriginalCosponsor>
        <bioguideId>H001041</bioguideId>
      </item>
      <item>
        <sponsorshipDate>2013-05-06</sponsorshipDate>
        <lastName>Warner</lastName>
        <fullName>Sen. Warner, Mark R. [D-VA]</fullName>
        <middleName>R.</middleName>
        <firstName>Mark</firstName>
        <sponsorshipWithdrawnDate />
        <identifiers>
          <bioguideId>W000805</bioguideId>
          <lisID>1897</lisID>
          <gpoId>8269</gpoId>
        </identifiers>
        <isOriginalCosponsor>True</isOriginalCosponsor>
        <bioguideId>W000805</bioguideId>
      </item>
      <item>
        <sponsorshipDate>2013-05-06</sponsorshipDate>
        <lastName>GRASSLEY</lastName>
        <fullName>Sen. Grassley, Chuck [R-IA]</fullName>
        <middleName>ERNEST</middleName>
        <firstName>CHARLES</firstName>
        <sponsorshipWithdrawnDate />
        <identifiers>
          <lisID>457</lisID>
          <bioguideId>G000386</bioguideId>
          <gpoId>8316</gpoId>
        </identifiers>
        <isOriginalCosponsor>True</isOriginalCosponsor>
        <bioguideId>G000386</bioguideId>
      </item>
      <item>
        <sponsorshipDate>2013-05-06</sponsorshipDate>
        <lastName>BROWN</lastName>
        <fullName>Sen. Brown, Sherrod [D-OH]</fullName>
        <middleName />
        <firstName>SHERROD</firstName>
        <sponsorshipWithdrawnDate />
        <identifiers>
          <lisID>136</lisID>
          <gpoId>8309</gpoId>
          <bioguideId>B000944</bioguideId>
        </identifiers>
        <isOriginalCosponsor>True</isOriginalCosponsor>
        <bioguideId>B000944</bioguideId>
      </item>
      <item>
        <sponsorshipDate>2013-05-06</sponsorshipDate>
        <lastName>REED</lastName>
        <fullName>Sen. Reed, Jack [D-RI]</fullName>
        <middleName>F.</middleName>
        <firstName>JOHN</firstName>
        <sponsorshipWithdrawnDate />
        <identifiers>
          <lisID>949</lisID>
          <bioguideId>R000122</bioguideId>
          <gpoId>8272</gpoId>
        </identifiers>
        <isOriginalCosponsor>True</isOriginalCosponsor>
        <bioguideId>R000122</bioguideId>
      </item>
      <item>
        <sponsorshipDate>2013-05-06</sponsorshipDate>
        <lastName>Begich</lastName>
        <fullName>Sen. Begich, Mark [D-AK]</fullName>
        <middleName />
        <firstName>Mark</firstName>
        <sponsorshipWithdrawnDate />
        <identifiers>
          <bioguideId>B001265</bioguideId>
          <lisID>1898</lisID>
          <gpoId>8301</gpoId>
        </identifiers>
        <isOriginalCosponsor>True</isOriginalCosponsor>
        <bioguideId>B001265</bioguideId>
      </item>
      <item>
        <sponsorshipDate>2013-05-06</sponsorshipDate>
        <lastName>Casey</lastName>
        <fullName>Sen. Casey, Robert P., Jr. [D-PA]</fullName>
        <middleName />
        <firstName>Bob</firstName>
        <sponsorshipWithdrawnDate />
        <identifiers>
          <gpoId>8282</gpoId>
          <lisID>1828</lisID>
          <bioguideId>C001070</bioguideId>
        </identifiers>
        <isOriginalCosponsor>True</isOriginalCosponsor>
        <bioguideId>C001070</bioguideId>
      </item>
      <item>
        <sponsorshipDate>2013-05-06</sponsorshipDate>
        <lastName>Franken</lastName>
        <fullName>Sen. Franken, Al [D-MN]</fullName>
        <middleName />
        <firstName>Al</firstName>
        <sponsorshipWithdrawnDate />
        <identifiers>
          <gpoId>8339</gpoId>
          <lisID>1969</lisID>
          <bioguideId>F000457</bioguideId>
        </identifiers>
        <isOriginalCosponsor>True</isOriginalCosponsor>
        <bioguideId>F000457</bioguideId>
      </item>
      <item>
        <sponsorshipDate>2013-05-07</sponsorshipDate>
        <lastName>Blunt</lastName>
        <fullName>Sen. Blunt, Roy [R-MO]</fullName>
        <middleName />
        <firstName>Roy</firstName>
        <sponsorshipWithdrawnDate />
        <identifiers>
          <gpoId>8313</gpoId>
          <lisID>1464</lisID>
          <bioguideId>B000575</bioguideId>
        </identifiers>
        <isOriginalCosponsor>False</isOriginalCosponsor>
        <bioguideId>B000575</bioguideId>
      </item>
      <item>
        <sponsorshipDate>2013-05-07</sponsorshipDate>
        <lastName>COLLINS</lastName>
        <fullName>Sen. Collins, Susan M. [R-ME]</fullName>
        <middleName>MARGARET</middleName>
        <firstName>SUSAN</firstName>
        <sponsorshipWithdrawnDate />
        <identifiers>
          <gpoId>8291</gpoId>
          <lisID>1541</lisID>
          <bioguideId>C001035</bioguideId>
        </identifiers>
        <isOriginalCosponsor>False</isOriginalCosponsor>
        <bioguideId>C001035</bioguideId>
      </item>
      <item>
        <sponsorshipDate>2013-05-08</sponsorshipDate>
        <lastName>Ayotte</lastName>
        <fullName>Sen. Ayotte, Kelly [R-NH]</fullName>
        <middleName />
        <firstName>Kelly</firstName>
        <sponsorshipWithdrawnDate />
        <identifiers>
          <bioguideId>A000368</bioguideId>
          <lisID>2075</lisID>
          <gpoId>8315</gpoId>
        </identifiers>
        <isOriginalCosponsor>False</isOriginalCosponsor>
        <bioguideId>A000368</bioguideId>
      </item>
      <item>
        <sponsorshipDate>2013-05-09</sponsorshipDate>
        <lastName>SCHUMER</lastName>
        <fullName>Sen. Schumer, Charles E. [D-NY]</fullName>
        <middleName>E.</middleName>
        <firstName>CHARLES</firstName>
        <sponsorshipWithdrawnDate />
        <identifiers>
          <lisID>1036</lisID>
          <bioguideId>S000148</bioguideId>
          <gpoId>8279</gpoId>
        </identifiers>
        <isOriginalCosponsor>False</isOriginalCosponsor>
        <bioguideId>S000148</bioguideId>
      </item>
      <item>
        <sponsorshipDate>2013-05-09</sponsorshipDate>
        <lastName>LAUTENBERG</lastName>
        <fullName>Sen. Lautenberg, Frank R. [D-NJ]</fullName>
        <middleName>R.</middleName>
        <firstName>FRANK</firstName>
        <sponsorshipWithdrawnDate />
        <identifiers>
          <gpoId>8245</gpoId>
          <bioguideId>L000123</bioguideId>
          <lisID>1381</lisID>
        </identifiers>
        <isOriginalCosponsor>False</isOriginalCosponsor>
        <bioguideId>L000123</bioguideId>
      </item>
      <item>
        <sponsorshipDate>2013-05-09</sponsorshipDate>
        <lastName>Shaheen</lastName>
        <fullName>Sen. Shaheen, Jeanne [D-NH]</fullName>
        <middleName />
        <firstName>Jeanne</firstName>
        <sponsorshipWithdrawnDate />
        <identifiers>
          <gpoId>8276</gpoId>
          <bioguideId>S001181</bioguideId>
          <lisID>1901</lisID>
        </identifiers>
        <isOriginalCosponsor>False</isOriginalCosponsor>
        <bioguideId>S001181</bioguideId>
      </item>
      <item>
        <sponsorshipDate>2013-05-13</sponsorshipDate>
        <lastName>Gillibrand</lastName>
        <fullName>Sen. Gillibrand, Kirsten E. [D-NY]</fullName>
        <middleName>E.</middleName>
        <firstName>Kirsten</firstName>
        <sponsorshipWithdrawnDate />
        <identifiers>
          <gpoId>8336</gpoId>
          <lisID>1866</lisID>
          <bioguideId>G000555</bioguideId>
        </identifiers>
        <isOriginalCosponsor>False</isOriginalCosponsor>
        <bioguideId>G000555</bioguideId>
      </item>
      <item>
        <sponsorshipDate>2013-05-13</sponsorshipDate>
        <lastName>BOXER</lastName>
        <fullName>Sen. Boxer, Barbara [D-CA]</fullName>
        <middleName />
        <firstName>BARBARA</firstName>
        <sponsorshipWithdrawnDate />
        <identifiers>
          <lisID>116</lisID>
          <gpoId>8306</gpoId>
          <bioguideId>B000711</bioguideId>
        </identifiers>
        <isOriginalCosponsor>False</isOriginalCosponsor>
        <bioguideId>B000711</bioguideId>
      </item>
      <item>
        <sponsorshipDate>2013-05-13</sponsorshipDate>
        <lastName>Blumenthal</lastName>
        <fullName>Sen. Blumenthal, Richard [D-CT]</fullName>
        <middleName />
        <firstName>Richard</firstName>
        <sponsorshipWithdrawnDate />
        <identifiers>
          <lisID>2076</lisID>
          <gpoId>8332</gpoId>
          <bioguideId>B001277</bioguideId>
        </identifiers>
        <isOriginalCosponsor>False</isOriginalCosponsor>
        <bioguideId>B001277</bioguideId>
      </item>
      <item>
        <sponsorshipDate>2013-05-14</sponsorshipDate>
        <lastName>Klobuchar</lastName>
        <fullName>Sen. Klobuchar, Amy [D-MN]</fullName>
        <middleName />
        <firstName>Amy</firstName>
        <sponsorshipWithdrawnDate />
        <identifiers>
          <bioguideId>K000367</bioguideId>
          <lisID>1826</lisID>
          <gpoId>8249</gpoId>
        </identifiers>
        <isOriginalCosponsor>False</isOriginalCosponsor>
        <bioguideId>K000367</bioguideId>
      </item>
      <item>
        <sponsorshipDate>2013-05-15</sponsorshipDate>
        <lastName>Murkowski</lastName>
        <fullName>Sen. Murkowski, Lisa [R-AK]</fullName>
        <middleName />
        <firstName>Lisa</firstName>
        <sponsorshipWithdrawnDate />
        <identifiers>
          <lisID>1694</lisID>
          <gpoId>8234</gpoId>
          <bioguideId>M001153</bioguideId>
        </identifiers>
        <isOriginalCosponsor>False</isOriginalCosponsor>
        <bioguideId>M001153</bioguideId>
      </item>
      <item>
        <sponsorshipDate>2013-05-16</sponsorshipDate>
        <lastName>LANDRIEU</lastName>
        <fullName>Sen. Landrieu, Mary L. [D-LA]</fullName>
        <middleName />
        <firstName>MARY</firstName>
        <sponsorshipWithdrawnDate />
        <identifiers>
          <bioguideId>L000550</bioguideId>
          <lisID>1546</lisID>
          <gpoId>8251</gpoId>
        </identifiers>
        <isOriginalCosponsor>False</isOriginalCosponsor>
        <bioguideId>L000550</bioguideId>
      </item>
      <item>
        <sponsorshipDate>2013-05-22</sponsorshipDate>
        <lastName>Warren</lastName>
        <fullName>Sen. Warren, Elizabeth [D-MA]</fullName>
        <middleName>A.</middleName>
        <firstName>Elizabeth</firstName>
        <sponsorshipWithdrawnDate />
        <identifiers>
          <bioguideId>W000817</bioguideId>
          <lisID>2182</lisID>
          <gpoId />
        </identifiers>
        <isOriginalCosponsor>False</isOriginalCosponsor>
        <bioguideId>W000817</bioguideId>
      </item>
      <item>
        <sponsorshipDate>2013-06-11</sponsorshipDate>
        <lastName>King</lastName>
        <fullName>Sen. King, Angus S. Jr. [I-ME]</fullName>
        <middleName />
        <firstName>Angus</firstName>
        <sponsorshipWithdrawnDate />
        <identifiers>
          <bioguideId>K000383</bioguideId>
          <lisID>2185</lisID>
          <gpoId />
        </identifiers>
        <isOriginalCosponsor>False</isOriginalCosponsor>
        <bioguideId>K000383</bioguideId>
      </item>
      <item>
        <sponsorshipDate>2013-07-15</sponsorshipDate>
        <lastName>Murphy</lastName>
        <fullName>Sen. Murphy, Christopher S. [D-CT]</fullName>
        <middleName>S.</middleName>
        <firstName>Christopher</firstName>
        <sponsorshipWithdrawnDate />
        <identifiers>
          <gpoId>7870</gpoId>
          <bioguideId>M001169</bioguideId>
          <lisID>1837</lisID>
        </identifiers>
        <isOriginalCosponsor>False</isOriginalCosponsor>
        <bioguideId>M001169</bioguideId>
      </item>
      <item>
        <sponsorshipDate>2013-07-24</sponsorshipDate>
        <lastName>FEINSTEIN</lastName>
        <fullName>Sen. Feinstein, Dianne [D-CA]</fullName>
        <middleName />
        <firstName>DIANNE</firstName>
        <sponsorshipWithdrawnDate />
        <identifiers>
          <bioguideId>F000062</bioguideId>
          <lisID>1332</lisID>
          <gpoId>8338</gpoId>
        </identifiers>
        <isOriginalCosponsor>False</isOriginalCosponsor>
        <bioguideId>F000062</bioguideId>
      </item>
      <item>
        <sponsorshipDate>2013-10-28</sponsorshipDate>
        <lastName>MENENDEZ</lastName>
        <fullName>Sen. Menendez, Robert [D-NJ]</fullName>
        <middleName />
        <firstName>ROBERT</firstName>
        <sponsorshipWithdrawnDate />
        <identifiers>
          <bioguideId>M000639</bioguideId>
          <lisID>791</lisID>
          <gpoId>8239</gpoId>
        </identifiers>
        <isOriginalCosponsor>False</isOriginalCosponsor>
        <bioguideId>M000639</bioguideId>
      </item>
      <item>
        <sponsorshipDate>2013-10-28</sponsorshipDate>
        <lastName>BALDWIN</lastName>
        <fullName>Sen. Baldwin, Tammy [D-WI]</fullName>
        <middleName />
        <firstName>TAMMY</firstName>
        <sponsorshipWithdrawnDate />
        <identifiers>
          <gpoId>8215</gpoId>
          <lisID>1558</lisID>
          <bioguideId>B001230</bioguideId>
        </identifiers>
        <isOriginalCosponsor>False</isOriginalCosponsor>
        <bioguideId>B001230</bioguideId>
      </item>
      <item>
        <sponsorshipDate>2013-12-12</sponsorshipDate>
        <lastName>MARKEY</lastName>
        <fullName>Sen. Markey, Edward J. [D-MA]</fullName>
        <middleName>J.</middleName>
        <firstName>EDWARD</firstName>
        <sponsorshipWithdrawnDate />
        <identifiers>
          <bioguideId>M000133</bioguideId>
          <lisID>735</lisID>
          <gpoId>7972</gpoId>
        </identifiers>
        <isOriginalCosponsor>False</isOriginalCosponsor>
        <bioguideId>M000133</bioguideId>
      </item>
      <item>
        <sponsorshipDate>2014-01-30</sponsorshipDate>
        <lastName>Merkley</lastName>
        <fullName>Sen. Merkley, Jeff [D-OR]</fullName>
        <middleName />
        <firstName>Jeff</firstName>
        <sponsorshipWithdrawnDate />
        <identifiers>
          <bioguideId>M001176</bioguideId>
          <lisID>1900</lisID>
          <gpoId>8238</gpoId>
        </identifiers>
        <isOriginalCosponsor>False</isOriginalCosponsor>
        <bioguideId>M001176</bioguideId>
      </item>
      <item>
        <sponsorshipDate>2014-03-06</sponsorshipDate>
        <lastName>SANDERS</lastName>
        <fullName>Sen. Sanders, Bernard [I-VT]</fullName>
        <middleName />
        <firstName>BERNARD</firstName>
        <sponsorshipWithdrawnDate />
        <identifiers>
          <lisID>1010</lisID>
          <bioguideId>S000033</bioguideId>
          <gpoId>8270</gpoId>
        </identifiers>
        <isOriginalCosponsor>False</isOriginalCosponsor>
        <bioguideId>S000033</bioguideId>
      </item>
      <item>
        <sponsorshipDate>2014-05-01</sponsorshipDate>
        <lastName>STABENOW</lastName>
        <fullName>Sen. Stabenow, Debbie [D-MI]</fullName>
        <middleName>ANN</middleName>
        <firstName>DEBORAH</firstName>
        <sponsorshipWithdrawnDate />
        <identifiers>
          <gpoId>8261</gpoId>
          <lisID>1531</lisID>
          <bioguideId>S000770</bioguideId>
        </identifiers>
        <isOriginalCosponsor>False</isOriginalCosponsor>
        <bioguideId>S000770</bioguideId>
      </item>
      <item>
        <sponsorshipDate>2014-05-12</sponsorshipDate>
        <lastName>Booker</lastName>
        <fullName>Sen. Booker, Cory A. [D-NJ]</fullName>
        <middleName>A.</middleName>
        <firstName>Cory</firstName>
        <sponsorshipWithdrawnDate />
        <identifiers>
          <gpoId />
          <lisID>2194</lisID>
          <bioguideId>B001288</bioguideId>
        </identifiers>
        <isOriginalCosponsor>False</isOriginalCosponsor>
        <bioguideId>B001288</bioguideId>
      </item>
      <item>
        <sponsorshipDate>2014-05-22</sponsorshipDate>
        <lastName>KIRK</lastName>
        <fullName>Sen. Kirk, Mark Steven [R-IL]</fullName>
        <middleName>STEVEN</middleName>
        <firstName>MARK</firstName>
        <sponsorshipWithdrawnDate />
        <identifiers>
          <lisID>1647</lisID>
          <bioguideId>K000360</bioguideId>
          <gpoId>8285</gpoId>
        </identifiers>
        <isOriginalCosponsor>False</isOriginalCosponsor>
        <bioguideId>K000360</bioguideId>
      </item>
      <item>
        <sponsorshipDate>2014-05-22</sponsorshipDate>
        <lastName>DURBIN</lastName>
        <fullName>Sen. Durbin, Richard [D-IL]</fullName>
        <middleName>J.</middleName>
        <firstName>RICHARD</firstName>
        <sponsorshipWithdrawnDate />
        <identifiers>
          <lisID>326</lisID>
          <gpoId>8326</gpoId>
          <bioguideId>D000563</bioguideId>
        </identifiers>
        <isOriginalCosponsor>False</isOriginalCosponsor>
        <bioguideId>D000563</bioguideId>
      </item>
      <item>
        <sponsorshipDate>2014-07-21</sponsorshipDate>
        <lastName>CARDIN</lastName>
        <fullName>Sen. Cardin, Benjamin L. [D-MD]</fullName>
        <middleName>L.</middleName>
        <firstName>BENJAMIN</firstName>
        <sponsorshipWithdrawnDate />
        <identifiers>
          <gpoId>8287</gpoId>
          <lisID>174</lisID>
          <bioguideId>C000141</bioguideId>
        </identifiers>
        <isOriginalCosponsor>False</isOriginalCosponsor>
        <bioguideId>C000141</bioguideId>
      </item>
      <item>
        <sponsorshipDate>2014-07-24</sponsorshipDate>
        <lastName>Coons</lastName>
        <fullName>Sen. Coons, Christopher A. [D-DE]</fullName>
        <middleName>A.</middleName>
        <firstName>Christopher</firstName>
        <sponsorshipWithdrawnDate />
        <identifiers>
          <bioguideId>C001088</bioguideId>
          <lisID>1984</lisID>
          <gpoId>8297</gpoId>
        </identifiers>
        <isOriginalCosponsor>False</isOriginalCosponsor>
        <bioguideId>C001088</bioguideId>
      </item>
      <item>
        <sponsorshipDate>2014-09-16</sponsorshipDate>
        <lastName>JOHNSON</lastName>
        <fullName>Sen. Johnson, Tim [D-SD]</fullName>
        <middleName />
        <firstName>TIM</firstName>
        <sponsorshipWithdrawnDate />
        <identifiers>
          <gpoId>8319</gpoId>
          <bioguideId>J000177</bioguideId>
          <lisID>604</lisID>
        </identifiers>
        <isOriginalCosponsor>False</isOriginalCosponsor>
        <bioguideId>J000177</bioguideId>
      </item>
      <item>
        <sponsorshipDate>2014-11-17</sponsorshipDate>
        <lastName>LEAHY</lastName>
        <fullName>Sen. Leahy, Patrick J. [D-VT]</fullName>
        <middleName>JOSEPH</middleName>
        <firstName>PATRICK</firstName>
        <sponsorshipWithdrawnDate />
        <identifiers>
          <bioguideId>L000174</bioguideId>
          <lisID>1383</lisID>
          <gpoId>8244</gpoId>
        </identifiers>
        <isOriginalCosponsor>False</isOriginalCosponsor>
        <bioguideId>L000174</bioguideId>
      </item>
    </cosponsors>
    <cboCostEstimates />
    <summaries>
      <billSummaries>
        <item>
          <updateDate>2013-05-06T04:00:00Z</updateDate>
          <actionDate>2013-05-06</actionDate>
          <lastSummaryUpdateDate>2013-08-12T21:54:58Z</lastSummaryUpdateDate>
          <text><![CDATA[<p>Accelerating the End of Breast Cancer Act of 2013 - Establishes the Commission to Accelerate the End of Breast Cancer to help end breast cancer by January 1, 2020.</p> <p>Directs the Commission to identify, recommend, and promote initiatives, partnerships, and research within the public and private sectors, basic and applied sciences, and epidemiology that can be turned into strategies to prevent breast cancer and breast cancer metastasis while giving priority to those that are: (1) not prioritized within the public sector, and (2) unlikely to be achieved by the private sector due to technical and financial uncertainty.</p> <p>Requires the Commission to: (1) submit within six months to the President and to the relevant congressional committees a description of the Commission's strategic plan; (2) submit an annual report to the President, Congress, and the public; and (3) ensure that its activities are coordinated with, and do not duplicate the efforts of, programs and laboratories of other government agencies.</p> <p>Directs the President to enter into an agreement with the Institute of Medicine to evaluate the Commission's progress.</p> <p>Terminates the Commission on June 1, 2020.</p>]]></text>
          <versionCode>00</versionCode>
          <actionDesc>Introduced in Senate</actionDesc>
          <name>Introduced in Senate</name>
        </item>
      </billSummaries>
    </summaries>
    <committeeReports />
    <title>Accelerating the End of Breast Cancer Act of 2013</title>
    <calendarNumbers />
    <notes />
    <subjects>
      <billSubjects>
        <policyArea>
          <name>Health</name>
        </policyArea>
        <legislativeSubjects>
          <item>
            <name>Advisory bodies</name>
          </item>
          <item>
            <name>Cancer</name>
          </item>
          <item>
            <name>Health programs administration and funding</name>
          </item>
          <item>
            <name>Health promotion and preventive care</name>
          </item>
          <item>
            <name>Medical research</name>
          </item>
          <item>
            <name>Women's health</name>
          </item>
        </legislativeSubjects>
      </billSubjects>
    </subjects>
    <congress>113</congress>
    <originChamber>Senate</originChamber>
    <titles>
      <item>
        <chamberName />
        <chamberCode />
        <parentTitleType />
        <titleType>Short Titles as Introduced</titleType>
        <title>Accelerating the End of Breast Cancer Act of 2013</title>
      </item>
      <item>
        <chamberName />
        <chamberCode />
        <parentTitleType />
        <titleType>Official Title as Introduced</titleType>
        <title>A bill to provide for the establishment of a Commission to Accelerate the End of Breast Cancer.</title>
      </item>
      <item>
        <chamberName />
        <chamberCode />
        <parentTitleType />
        <titleType>Display Title</titleType>
        <title>Accelerating the End of Breast Cancer Act of 2013</title>
      </item>
    </titles>
  </bill>
  <dublinCore xmlns:dc="http://purl.org/dc/elements/1.1/">
    <dc:format>text/xml</dc:format>
    <dc:language>EN</dc:language>
    <dc:rights>Pursuant to Title 17 Section 105 of the United States Code, this file is not subject to copyright protection and is in the public domain.</dc:rights>
    <dc:contributor>Congressional Research Service, Library of Congress</dc:contributor>
    <dc:description>This file contains bill summaries and statuses for federal legislation. A bill summary describes the most significant provisions of a piece of legislation and details the effects the legislative text may have on current law and federal programs. Bill summaries are authored by the Congressional Research Service (CRS) of the Library of Congress. As stated in Public Law 91-510 (2 USC 166 (d)(6)), one of the duties of CRS is "to prepare summaries and digests of bills and resolutions of a public general nature introduced in the Senate or House of Representatives". For more information, refer to the User Guide that accompanies this file.</dc:description>
  </dublinCore>
</billStatus>

