<?xml version="1.0" encoding="UTF-8"?>
<billStatus>
  <bill>
    <relatedBills>
      <item>
        <latestAction>
          <actionDate>2013-12-20</actionDate>
          <text>Read twice and referred to the Committee on Commerce, Science, and Transportation.</text>
        </latestAction>
        <type>HR</type>
        <congress>113</congress>
        <relationshipDetails>
          <item>
            <type>Identical bill</type>
            <identifiedBy>CRS</identifiedBy>
          </item>
        </relationshipDetails>
        <number>1961</number>
        <latestTitle>To amend title 46, United States Code, to extend the exemption from the fire-retardant materials construction requirement for vessels operating within the Boundary Line.</latestTitle>
      </item>
      <item>
        <latestAction>
          <actionDate>2014-11-13</actionDate>
          <text>Read twice and referred to the Committee on Commerce, Science, and Transportation.</text>
        </latestAction>
        <type>S</type>
        <congress>113</congress>
        <relationshipDetails>
          <item>
            <type>Related bill</type>
            <identifiedBy>CRS</identifiedBy>
          </item>
        </relationshipDetails>
        <number>2924</number>
        <latestTitle>A bill to amend title 46, United States Code, to exempt old vessels that only operate within inland waterways from the fire-retardant materials requirement if the owners of such vessels make annual structural alterations to at least 10 percent of the areas of the vessels that are not constructed of fire-retardant materials.</latestTitle>
      </item>
    </relatedBills>
    <policyArea>
      <name>Transportation and Public Works</name>
    </policyArea>
    <congress>113</congress>
    <cboCostEstimates />
    <laws />
    <billNumber>1022</billNumber>
    <notes />
    <originChamber>Senate</originChamber>
    <latestAction>
      <actionDate>2013-05-22</actionDate>
      <text>Read twice and referred to the Committee on Commerce, Science, and Transportation.</text>
      <links />
    </latestAction>
    <updateDate>2016-10-25T16:24:44Z</updateDate>
    <calendarNumbers />
    <titles>
      <item>
        <chamberName />
        <parentTitleType />
        <titleType>Official Title as Introduced</titleType>
        <chamberCode />
        <title>A bill to amend title 46, United States Code, to extend the exemption from the fire-retardant materials construction requirement for vessels operating within the Boundary Line.</title>
      </item>
      <item>
        <chamberName />
        <parentTitleType />
        <titleType>Display Title</titleType>
        <chamberCode />
        <title>A bill to amend title 46, United States Code, to extend the exemption from the fire-retardant materials construction requirement for vessels operating within the Boundary Line.</title>
      </item>
    </titles>
    <title>A bill to amend title 46, United States Code, to extend the exemption from the fire-retardant materials construction requirement for vessels operating within the Boundary Line.</title>
    <committeeReports />
    <sponsors>
      <item>
        <bioguideId>B000944</bioguideId>
        <fullName>Sen. Brown, Sherrod [D-OH]</fullName>
        <identifiers>
          <bioguideId>B000944</bioguideId>
          <lisID>136</lisID>
          <gpoId>8309</gpoId>
        </identifiers>
        <byRequestType />
        <middleName />
        <firstName>SHERROD</firstName>
        <lastName>BROWN</lastName>
      </item>
    </sponsors>
    <introducedDate>2013-05-22</introducedDate>
    <createDate>2013-05-23T07:02:05Z</createDate>
    <committees>
      <billCommittees>
        <item>
          <activities>
            <item>
              <date>2013-05-22T20:32:28Z</date>
              <name>Referred to</name>
            </item>
          </activities>
          <chamber>Senate</chamber>
          <type>Standing</type>
          <subcommittees />
          <name>Commerce, Science, and Transportation Committee</name>
          <systemCode>sscm00</systemCode>
        </item>
      </billCommittees>
    </committees>
    <cosponsors>
      <item>
        <lastName>PORTMAN</lastName>
        <fullName>Sen. Portman, Rob [R-OH]</fullName>
        <bioguideId>P000449</bioguideId>
        <sponsorshipWithdrawnDate />
        <identifiers>
          <gpoId>8266</gpoId>
          <bioguideId>P000449</bioguideId>
          <lisID>924</lisID>
        </identifiers>
        <isOriginalCosponsor>True</isOriginalCosponsor>
        <firstName>ROB</firstName>
        <sponsorshipDate>2013-05-22</sponsorshipDate>
        <middleName />
      </item>
      <item>
        <lastName>LANDRIEU</lastName>
        <fullName>Sen. Landrieu, Mary L. [D-LA]</fullName>
        <bioguideId>L000550</bioguideId>
        <sponsorshipWithdrawnDate />
        <identifiers>
          <lisID>1546</lisID>
          <gpoId>8251</gpoId>
          <bioguideId>L000550</bioguideId>
        </identifiers>
        <isOriginalCosponsor>True</isOriginalCosponsor>
        <firstName>MARY</firstName>
        <sponsorshipDate>2013-05-22</sponsorshipDate>
        <middleName />
      </item>
      <item>
        <lastName>Vitter</lastName>
        <fullName>Sen. Vitter, David [R-LA]</fullName>
        <bioguideId>V000127</bioguideId>
        <sponsorshipWithdrawnDate />
        <identifiers>
          <bioguideId>V000127</bioguideId>
          <lisID>1609</lisID>
          <gpoId>8267</gpoId>
        </identifiers>
        <isOriginalCosponsor>True</isOriginalCosponsor>
        <firstName>David</firstName>
        <sponsorshipDate>2013-05-22</sponsorshipDate>
        <middleName />
      </item>
      <item>
        <lastName>Pryor</lastName>
        <fullName>Sen. Pryor, Mark L. [D-AR]</fullName>
        <bioguideId>P000590</bioguideId>
        <sponsorshipWithdrawnDate />
        <identifiers>
          <gpoId>8241</gpoId>
          <bioguideId>P000590</bioguideId>
          <lisID>1701</lisID>
        </identifiers>
        <isOriginalCosponsor>False</isOriginalCosponsor>
        <firstName>Mark</firstName>
        <sponsorshipDate>2014-01-28</sponsorshipDate>
        <middleName>Lunsford</middleName>
      </item>
      <item>
        <lastName>Boozman</lastName>
        <fullName>Sen. Boozman, John [R-AR]</fullName>
        <bioguideId>B001236</bioguideId>
        <sponsorshipWithdrawnDate />
        <identifiers>
          <gpoId>8247</gpoId>
          <lisID>1687</lisID>
          <bioguideId>B001236</bioguideId>
        </identifiers>
        <isOriginalCosponsor>False</isOriginalCosponsor>
        <firstName>John</firstName>
        <sponsorshipDate>2014-01-28</sponsorshipDate>
        <middleName />
      </item>
      <item>
        <lastName>WICKER</lastName>
        <fullName>Sen. Wicker, Roger F. [R-MS]</fullName>
        <bioguideId>W000437</bioguideId>
        <sponsorshipWithdrawnDate />
        <identifiers>
          <bioguideId>W000437</bioguideId>
          <lisID>1226</lisID>
          <gpoId>8263</gpoId>
        </identifiers>
        <isOriginalCosponsor>False</isOriginalCosponsor>
        <firstName>ROGER</firstName>
        <sponsorshipDate>2014-02-12</sponsorshipDate>
        <middleName>F.</middleName>
      </item>
      <item>
        <lastName>McCaskill</lastName>
        <fullName>Sen. McCaskill, Claire [D-MO]</fullName>
        <bioguideId>M001170</bioguideId>
        <sponsorshipWithdrawnDate />
        <identifiers>
          <bioguideId>M001170</bioguideId>
          <lisID>1820</lisID>
          <gpoId>8252</gpoId>
        </identifiers>
        <isOriginalCosponsor>False</isOriginalCosponsor>
        <firstName>Claire</firstName>
        <sponsorshipDate>2014-07-29</sponsorshipDate>
        <middleName />
      </item>
    </cosponsors>
    <billType>S</billType>
    <summaries>
      <billSummaries>
        <item>
          <lastSummaryUpdateDate>2013-05-31T14:48:27Z</lastSummaryUpdateDate>
          <text><![CDATA[<p>Amends federal shipping law to extend through October 31, 2028, the exemption of certain vessels from the requirement that U.S. passenger vessels having berth or stateroom accommodations for at least 50 passengers be constructed of fire-retardant materials in order to be granted a certificate of inspection.</p> <p>Continues to apply this exemption only to vessels in operation before January 1, 1968, which operate only within the Boundary Line (the dividing point between inland waters and high seas).</p>]]></text>
          <updateDate>2013-05-22T04:00:00Z</updateDate>
          <actionDesc>Introduced in Senate</actionDesc>
          <name>Introduced in Senate</name>
          <versionCode>00</versionCode>
          <actionDate>2013-05-22</actionDate>
        </item>
      </billSummaries>
    </summaries>
    <recordedVotes />
    <amendments />
    <actions>
      <item>
        <actionDate>2013-05-22</actionDate>
        <committee>
          <systemCode>sscm00</systemCode>
          <name>Commerce, Science, and Transportation Committee</name>
        </committee>
        <links />
        <sourceSystem>
          <code>0</code>
          <name>Senate</name>
        </sourceSystem>
        <text>Read twice and referred to the Committee on Commerce, Science, and Transportation.</text>
        <type>IntroReferral</type>
      </item>
      <item>
        <type>IntroReferral</type>
        <sourceSystem>
          <code>9</code>
          <name>Library of Congress</name>
        </sourceSystem>
        <text>Introduced in Senate</text>
        <committee />
        <actionDate>2013-05-22</actionDate>
        <links />
        <actionCode>10000</actionCode>
      </item>
      <actionTypeCounts>
        <referredToCommittee>1</referredToCommittee>
        <introducedInSenate>1</introducedInSenate>
      </actionTypeCounts>
      <actionByCounts>
        <senate>2</senate>
      </actionByCounts>
    </actions>
    <subjects>
      <billSubjects>
        <policyArea>
          <name>Transportation and Public Works</name>
        </policyArea>
        <legislativeSubjects>
          <item>
            <name>Fires</name>
          </item>
          <item>
            <name>Marine and inland water transportation</name>
          </item>
          <item>
            <name>Transportation safety and security</name>
          </item>
        </legislativeSubjects>
      </billSubjects>
    </subjects>
  </bill>
  <dublinCore xmlns:dc="http://purl.org/dc/elements/1.1/">
    <dc:format>text/xml</dc:format>
    <dc:language>EN</dc:language>
    <dc:rights>Pursuant to Title 17 Section 105 of the United States Code, this file is not subject to copyright protection and is in the public domain.</dc:rights>
    <dc:contributor>Congressional Research Service, Library of Congress</dc:contributor>
    <dc:description>This file contains bill summaries and statuses for federal legislation. A bill summary describes the most significant provisions of a piece of legislation and details the effects the legislative text may have on current law and federal programs. Bill summaries are authored by the Congressional Research Service (CRS) of the Library of Congress. As stated in Public Law 91-510 (2 USC 166 (d)(6)), one of the duties of CRS is "to prepare summaries and digests of bills and resolutions of a public general nature introduced in the Senate or House of Representatives". For more information, refer to the User Guide that accompanies this file.</dc:description>
  </dublinCore>
</billStatus>

