<?xml version="1.0" encoding="UTF-8"?>
<billStatus>
  <bill>
    <billNumber>588</billNumber>
    <titles>
      <item>
        <chamberName />
        <titleType>Official Title as Introduced</titleType>
        <title>A bill for the relief of Robert Liang and Alice Liang.</title>
        <chamberCode />
        <parentTitleType />
      </item>
      <item>
        <chamberName />
        <titleType>Display Title</titleType>
        <title>A bill for the relief of Robert Liang and Alice Liang.</title>
        <chamberCode />
        <parentTitleType />
      </item>
    </titles>
    <actions>
      <actionTypeCounts>
        <introducedInSenate>1</introducedInSenate>
        <placeholderTextForB>1</placeholderTextForB>
        <referredToCommittee>1</referredToCommittee>
      </actionTypeCounts>
      <item>
        <actionDate>2013-03-18</actionDate>
        <committee>
          <name>Judiciary Committee</name>
          <systemCode>ssju00</systemCode>
        </committee>
        <links>
          <link>
            <url>/congressional-record/2013/senate-section/page/S1898</url>
            <name>S1898</name>
          </link>
        </links>
        <sourceSystem>
          <name>Senate</name>
          <code>0</code>
        </sourceSystem>
        <text>Read twice and referred to the Committee on the Judiciary. (text of measure as introduced: CR S1898)</text>
        <type>IntroReferral</type>
      </item>
      <item>
        <committee />
        <actionCode>B00100</actionCode>
        <type>IntroReferral</type>
        <sourceSystem>
          <name>Library of Congress</name>
          <code>9</code>
        </sourceSystem>
        <links>
          <link>
            <url>/congressional-record/2013/senate-section/page/S1897-1898</url>
            <name>S1897-1898</name>
          </link>
        </links>
        <text>Sponsor introductory remarks on measure. (CR S1897-1898)</text>
        <actionDate>2013-03-18</actionDate>
      </item>
      <item>
        <committee />
        <actionCode>10000</actionCode>
        <type>IntroReferral</type>
        <sourceSystem>
          <name>Library of Congress</name>
          <code>9</code>
        </sourceSystem>
        <links />
        <text>Introduced in Senate</text>
        <actionDate>2013-03-18</actionDate>
      </item>
      <actionByCounts>
        <senate>2</senate>
      </actionByCounts>
    </actions>
    <updateDate>2016-10-25T16:21:53Z</updateDate>
    <summaries>
      <billSummaries>
        <item>
          <updateDate>2013-03-18T04:00:00Z</updateDate>
          <text><![CDATA[Provides for the relief of Robert Liang and Alice Liang.]]></text>
          <actionDate>2013-03-18</actionDate>
          <actionDesc>Introduced in Senate</actionDesc>
          <name>Introduced in Senate</name>
          <lastSummaryUpdateDate>2013-03-19T08:03:32Z</lastSummaryUpdateDate>
          <versionCode>00</versionCode>
        </item>
      </billSummaries>
    </summaries>
    <sponsors>
      <item>
        <firstName>DIANNE</firstName>
        <fullName>Sen. Feinstein, Dianne [D-CA]</fullName>
        <middleName />
        <bioguideId>F000062</bioguideId>
        <byRequestType />
        <lastName>FEINSTEIN</lastName>
        <identifiers>
          <gpoId>8338</gpoId>
          <lisID>1332</lisID>
          <bioguideId>F000062</bioguideId>
        </identifiers>
      </item>
    </sponsors>
    <congress>113</congress>
    <notes />
    <committees>
      <billCommittees>
        <item>
          <activities>
            <item>
              <date>2013-03-18T18:53:26Z</date>
              <name>Referred to</name>
            </item>
          </activities>
          <chamber>Senate</chamber>
          <type>Standing</type>
          <subcommittees />
          <name>Judiciary Committee</name>
          <systemCode>ssju00</systemCode>
        </item>
      </billCommittees>
    </committees>
    <introducedDate>2013-03-18</introducedDate>
    <createDate>2013-03-19T07:01:11Z</createDate>
    <policyArea>
      <name>Private Legislation</name>
    </policyArea>
    <laws />
    <billType>S</billType>
    <subjects>
      <billSubjects>
        <policyArea>
          <name>Private Legislation</name>
        </policyArea>
        <legislativeSubjects />
      </billSubjects>
    </subjects>
    <cosponsors />
    <calendarNumbers />
    <relatedBills />
    <amendments />
    <recordedVotes />
    <title>A bill for the relief of Robert Liang and Alice Liang.</title>
    <latestAction>
      <actionDate>2013-03-18</actionDate>
      <text>Read twice and referred to the Committee on the Judiciary. (text of measure as introduced: CR S1898)</text>
      <links />
    </latestAction>
    <cboCostEstimates />
    <originChamber>Senate</originChamber>
    <committeeReports />
  </bill>
  <dublinCore xmlns:dc="http://purl.org/dc/elements/1.1/">
    <dc:format>text/xml</dc:format>
    <dc:language>EN</dc:language>
    <dc:rights>Pursuant to Title 17 Section 105 of the United States Code, this file is not subject to copyright protection and is in the public domain.</dc:rights>
    <dc:contributor>Congressional Research Service, Library of Congress</dc:contributor>
    <dc:description>This file contains bill summaries and statuses for federal legislation. A bill summary describes the most significant provisions of a piece of legislation and details the effects the legislative text may have on current law and federal programs. Bill summaries are authored by the Congressional Research Service (CRS) of the Library of Congress. As stated in Public Law 91-510 (2 USC 166 (d)(6)), one of the duties of CRS is "to prepare summaries and digests of bills and resolutions of a public general nature introduced in the Senate or House of Representatives". For more information, refer to the User Guide that accompanies this file.</dc:description>
  </dublinCore>
</billStatus>

