<?xml version="1.0" encoding="UTF-8"?>
<billStatus>
  <bill>
    <sponsors>
      <item>
        <lastName>THUNE</lastName>
        <fullName>Sen. Thune, John [R-SD]</fullName>
        <middleName>R.</middleName>
        <firstName>JOHN</firstName>
        <identifiers>
          <bioguideId>T000250</bioguideId>
          <lisID>1534</lisID>
          <gpoId>8257</gpoId>
        </identifiers>
        <byRequestType />
        <bioguideId>T000250</bioguideId>
      </item>
    </sponsors>
    <latestAction>
      <links />
      <text>Read twice and referred to the Committee on the Budget.</text>
      <actionDate>2013-02-12</actionDate>
    </latestAction>
    <laws />
    <createDate>2013-02-13T07:00:51Z</createDate>
    <updateDate>2016-10-25T16:20:46Z</updateDate>
    <committees>
      <billCommittees>
        <item>
          <subcommittees />
          <activities>
            <item>
              <name>Referred to</name>
              <date>2013-02-12T16:24:44Z</date>
            </item>
          </activities>
          <type>Standing</type>
          <systemCode>ssbu00</systemCode>
          <chamber>Senate</chamber>
          <name>Budget Committee</name>
        </item>
      </billCommittees>
    </committees>
    <recordedVotes />
    <introducedDate>2013-02-12</introducedDate>
    <relatedBills>
      <item>
        <latestAction>
          <text>Referred to House Oversight and Government Reform</text>
          <actionDate>2013-02-28</actionDate>
        </latestAction>
        <relationshipDetails>
          <item>
            <identifiedBy>CRS</identifiedBy>
            <type>Related bill</type>
          </item>
        </relationshipDetails>
        <type>HR</type>
        <number>879</number>
        <congress>113</congress>
        <latestTitle>Biennial Budgeting and Appropriations Act</latestTitle>
      </item>
      <item>
        <latestAction>
          <text>Read twice and referred to the Committee on Appropriations.</text>
          <actionDate>2013-01-22</actionDate>
        </latestAction>
        <relationshipDetails>
          <item>
            <identifiedBy>CRS</identifiedBy>
            <type>Related bill</type>
          </item>
        </relationshipDetails>
        <type>S</type>
        <number>29</number>
        <congress>113</congress>
        <latestTitle>End Government Shutdowns Act</latestTitle>
      </item>
      <item>
        <latestAction>
          <text>Referred to House Budget</text>
          <actionDate>2013-05-08</actionDate>
        </latestAction>
        <relationshipDetails>
          <item>
            <identifiedBy>CRS</identifiedBy>
            <type>Related bill</type>
          </item>
        </relationshipDetails>
        <type>HR</type>
        <number>1868</number>
        <congress>113</congress>
        <latestTitle>Legally Binding Budget Act of 2013</latestTitle>
      </item>
      <item>
        <latestAction>
          <text>Placed on the Union Calendar, Calendar No. 492.</text>
          <actionDate>2014-12-11</actionDate>
        </latestAction>
        <relationshipDetails>
          <item>
            <identifiedBy>CRS</identifiedBy>
            <type>Related bill</type>
          </item>
        </relationshipDetails>
        <type>HR</type>
        <number>1869</number>
        <congress>113</congress>
        <latestTitle>Biennial Budgeting and Enhanced Oversight Act of 2014</latestTitle>
      </item>
      <item>
        <latestAction>
          <text>Referred to House Rules</text>
          <actionDate>2013-08-02</actionDate>
        </latestAction>
        <relationshipDetails>
          <item>
            <identifiedBy>CRS</identifiedBy>
            <type>Related bill</type>
          </item>
        </relationshipDetails>
        <type>HR</type>
        <number>3059</number>
        <congress>113</congress>
        <latestTitle>Biennial Budgeting and Appropriations Act of 2013</latestTitle>
      </item>
    </relatedBills>
    <billNumber>280</billNumber>
    <amendments />
    <billType>S</billType>
    <actions>
      <actionTypeCounts>
        <introducedInSenate>1</introducedInSenate>
        <referredToCommittee>1</referredToCommittee>
      </actionTypeCounts>
      <item>
        <actionDate>2013-02-12</actionDate>
        <committee>
          <name>Budget Committee</name>
          <systemCode>ssbu00</systemCode>
        </committee>
        <links />
        <sourceSystem>
          <name>Senate</name>
          <code>0</code>
        </sourceSystem>
        <text>Read twice and referred to the Committee on the Budget.</text>
        <type>IntroReferral</type>
      </item>
      <item>
        <committee />
        <actionCode>10000</actionCode>
        <type>IntroReferral</type>
        <sourceSystem>
          <name>Library of Congress</name>
          <code>9</code>
        </sourceSystem>
        <links />
        <text>Introduced in Senate</text>
        <actionDate>2013-02-12</actionDate>
      </item>
      <actionByCounts>
        <senate>2</senate>
      </actionByCounts>
    </actions>
    <policyArea>
      <name>Economics and Public Finance</name>
    </policyArea>
    <cosponsors>
      <item>
        <lastName>PORTMAN</lastName>
        <identifiers>
          <lisID>924</lisID>
          <gpoId>8266</gpoId>
          <bioguideId>P000449</bioguideId>
        </identifiers>
        <firstName>ROB</firstName>
        <fullName>Sen. Portman, Rob [R-OH]</fullName>
        <bioguideId>P000449</bioguideId>
        <sponsorshipDate>2013-02-12</sponsorshipDate>
        <middleName />
        <isOriginalCosponsor>True</isOriginalCosponsor>
        <sponsorshipWithdrawnDate />
      </item>
      <item>
        <lastName>CHAMBLISS</lastName>
        <identifiers>
          <lisID>188</lisID>
          <bioguideId>C000286</bioguideId>
          <gpoId>8284</gpoId>
        </identifiers>
        <firstName>SAXBY</firstName>
        <fullName>Sen. Chambliss, Saxby [R-GA]</fullName>
        <bioguideId>C000286</bioguideId>
        <sponsorshipDate>2013-02-12</sponsorshipDate>
        <middleName />
        <isOriginalCosponsor>True</isOriginalCosponsor>
        <sponsorshipWithdrawnDate />
      </item>
      <item>
        <lastName>Vitter</lastName>
        <identifiers>
          <gpoId>8267</gpoId>
          <bioguideId>V000127</bioguideId>
          <lisID>1609</lisID>
        </identifiers>
        <firstName>David</firstName>
        <fullName>Sen. Vitter, David [R-LA]</fullName>
        <bioguideId>V000127</bioguideId>
        <sponsorshipDate>2013-02-12</sponsorshipDate>
        <middleName />
        <isOriginalCosponsor>True</isOriginalCosponsor>
        <sponsorshipWithdrawnDate />
      </item>
      <item>
        <lastName>KIRK</lastName>
        <identifiers>
          <bioguideId>K000360</bioguideId>
          <lisID>1647</lisID>
          <gpoId>8285</gpoId>
        </identifiers>
        <firstName>MARK</firstName>
        <fullName>Sen. Kirk, Mark Steven [R-IL]</fullName>
        <bioguideId>K000360</bioguideId>
        <sponsorshipDate>2014-06-09</sponsorshipDate>
        <middleName>STEVEN</middleName>
        <isOriginalCosponsor>False</isOriginalCosponsor>
        <sponsorshipWithdrawnDate />
      </item>
    </cosponsors>
    <cboCostEstimates />
    <summaries>
      <billSummaries>
        <item>
          <lastSummaryUpdateDate>2013-03-07T22:28:54Z</lastSummaryUpdateDate>
          <text><![CDATA[<p>Budget Reform Act of 2013 - Amends the Congressional Budget Act of 1974 (CBA) to require joint budget resolutions signed by the President instead of the concurrent resolutions now required (which do not have to be signed by the President). Revises accordingly the congressional procedures for considering budget resolutions.</p> <p>Prescribes procedures for: (1) expedited consideration in each chamber of a presidential veto of a joint budget resolution; and (2) revision of a joint budget resolution already enacted.</p> <p>Makes specified provisional continuing appropriations in the event that any regular appropriation bill for each fiscal year in a biennium does not become law before the beginning of such fiscal year, or a joint resolution making continuing appropriations is not in effect. (Thus prevents federal government shutdown.)</p> <p>Requires biennial budget resolutions, appropriations Acts, and government strategic and performance plans instead of annual ones.</p>]]></text>
          <updateDate>2013-02-12T05:00:00Z</updateDate>
          <actionDesc>Introduced in Senate</actionDesc>
          <name>Introduced in Senate</name>
          <versionCode>00</versionCode>
          <actionDate>2013-02-12</actionDate>
        </item>
      </billSummaries>
    </summaries>
    <committeeReports />
    <title>Budget Reform Act of 2013</title>
    <calendarNumbers />
    <notes />
    <subjects>
      <billSubjects>
        <policyArea>
          <name>Economics and Public Finance</name>
        </policyArea>
        <legislativeSubjects>
          <item>
            <name>Appropriations</name>
          </item>
          <item>
            <name>Budget deficits and national debt</name>
          </item>
          <item>
            <name>Budget process</name>
          </item>
          <item>
            <name>Congressional committees</name>
          </item>
          <item>
            <name>Congressional oversight</name>
          </item>
          <item>
            <name>House of Representatives</name>
          </item>
          <item>
            <name>Legislative rules and procedure</name>
          </item>
          <item>
            <name>Performance measurement</name>
          </item>
          <item>
            <name>Senate</name>
          </item>
        </legislativeSubjects>
      </billSubjects>
    </subjects>
    <congress>113</congress>
    <originChamber>Senate</originChamber>
    <titles>
      <item>
        <parentTitleType />
        <title>Budget Reform Act of 2013</title>
        <chamberName />
        <chamberCode />
        <titleType>Short Titles as Introduced</titleType>
      </item>
      <item>
        <parentTitleType />
        <title>A bill to ensure effective control over the Congressional budget process.</title>
        <chamberName />
        <chamberCode />
        <titleType>Official Title as Introduced</titleType>
      </item>
      <item>
        <parentTitleType />
        <title>Budget Reform Act of 2013</title>
        <chamberName />
        <chamberCode />
        <titleType>Display Title</titleType>
      </item>
    </titles>
  </bill>
  <dublinCore xmlns:dc="http://purl.org/dc/elements/1.1/">
    <dc:format>text/xml</dc:format>
    <dc:language>EN</dc:language>
    <dc:rights>Pursuant to Title 17 Section 105 of the United States Code, this file is not subject to copyright protection and is in the public domain.</dc:rights>
    <dc:contributor>Congressional Research Service, Library of Congress</dc:contributor>
    <dc:description>This file contains bill summaries and statuses for federal legislation. A bill summary describes the most significant provisions of a piece of legislation and details the effects the legislative text may have on current law and federal programs. Bill summaries are authored by the Congressional Research Service (CRS) of the Library of Congress. As stated in Public Law 91-510 (2 USC 166 (d)(6)), one of the duties of CRS is "to prepare summaries and digests of bills and resolutions of a public general nature introduced in the Senate or House of Representatives". For more information, refer to the User Guide that accompanies this file.</dc:description>
  </dublinCore>
</billStatus>

