<?xml version="1.0" encoding="UTF-8"?>
<billStatus>
  <bill>
    <summaries>
      <billSummaries>
        <item>
          <versionCode>00</versionCode>
          <actionDesc>Introduced in Senate</actionDesc>
          <text><![CDATA[<p>Alaska Adjacent Zone Safe Oil Transport and Revenue Sharing Act - Amends the Outer Continental Shelf Lands Act (OCSLA) to direct the Secretary of the Interior to: (1) require oil produced from federal leases in certain Arctic waters, except in preproduction phases (including explorations), to be transported by pipeline to onshore facilities; and (2) provide for, and issue appropriate permits for, the transportation of oil from such leases in preproduction phases (including exploration) by means other than pipeline. </p> <p>Requires that the state of Alaska receive 37.5% of all revenues derived from all rentals, royalties, bonus bids and other sums payable to the United States from energy development in any area of the Alaska Adjacent Zone, including from all sources of renewable energy leased, developed, or produced in such Zone.</p> <p>Sets forth an allocation scheme under which the Secretary of the Interior is directed to pay: (1) 25% of any allocable state share directly to coastal political subdivisions, (2) 25% of any allocable state share to certain Regional Corporations, and (3) 10% of any allocable state share directly to Indian tribes.</p> <p>Instructs the Secretary to distribute: (1) 15% of certain federal royalty revenues into a specified land and water conservation fund to provide financial assistance to states, and (2) 7.5% of certain federal royalty revenues into direct federal deficit reduction.</p> <p>Amends the Internal Revenue Code to impose an excise tax on bitumen transported into the United States.</p>]]></text>
          <lastSummaryUpdateDate>2013-02-22T21:24:43Z</lastSummaryUpdateDate>
          <name>Introduced in Senate</name>
          <actionDate>2013-01-31</actionDate>
          <updateDate>2013-01-31T05:00:00Z</updateDate>
        </item>
      </billSummaries>
    </summaries>
    <sponsors>
      <item>
        <bioguideId>B001265</bioguideId>
        <fullName>Sen. Begich, Mark [D-AK]</fullName>
        <byRequestType />
        <lastName>Begich</lastName>
        <firstName>Mark</firstName>
        <middleName />
        <identifiers>
          <lisID>1898</lisID>
          <bioguideId>B001265</bioguideId>
          <gpoId>8301</gpoId>
        </identifiers>
      </item>
    </sponsors>
    <latestAction>
      <links />
      <actionDate>2013-01-31</actionDate>
      <text>Read twice and referred to the Committee on Energy and Natural Resources. (text of measure as introduced: CR S442-443)</text>
    </latestAction>
    <congress>113</congress>
    <billNumber>199</billNumber>
    <cboCostEstimates />
    <calendarNumbers />
    <billType>S</billType>
    <committees>
      <billCommittees>
        <item>
          <subcommittees />
          <activities>
            <item>
              <name>Referred to</name>
              <date>2013-01-31T21:40:18Z</date>
            </item>
          </activities>
          <type>Standing</type>
          <systemCode>sseg00</systemCode>
          <chamber>Senate</chamber>
          <name>Energy and Natural Resources Committee</name>
        </item>
      </billCommittees>
    </committees>
    <recordedVotes />
    <titles>
      <item>
        <parentTitleType />
        <title>Alaska Adjacent Zone Safe Oil Transport and Revenue Sharing Act</title>
        <chamberName />
        <chamberCode />
        <titleType>Short Titles as Introduced</titleType>
      </item>
      <item>
        <parentTitleType />
        <title>A bill to amend the Outer Continental Shelf Lands Act to require that oil produced from Federal leases in certain Arctic waters be transported by pipeline to onshore facilities and to provide for the sharing of certain outer Continental Shelf revenues from areas in the Alaska Adjacent Zone.</title>
        <chamberName />
        <chamberCode />
        <titleType>Official Title as Introduced</titleType>
      </item>
      <item>
        <parentTitleType />
        <title>Alaska Adjacent Zone Safe Oil Transport and Revenue Sharing Act</title>
        <chamberName />
        <chamberCode />
        <titleType>Display Title</titleType>
      </item>
    </titles>
    <laws />
    <originChamber>Senate</originChamber>
    <createDate>2013-02-01T07:00:57Z</createDate>
    <notes />
    <updateDate>2016-10-25T16:20:26Z</updateDate>
    <policyArea>
      <name>Energy</name>
    </policyArea>
    <title>Alaska Adjacent Zone Safe Oil Transport and Revenue Sharing Act</title>
    <committeeReports />
    <subjects>
      <billSubjects>
        <policyArea>
          <name>Energy</name>
        </policyArea>
        <legislativeSubjects>
          <item>
            <name>Alaska</name>
          </item>
          <item>
            <name>Alternative and renewable resources</name>
          </item>
          <item>
            <name>Arctic Ocean</name>
          </item>
          <item>
            <name>Arctic and polar regions</name>
          </item>
          <item>
            <name>Budget deficits and national debt</name>
          </item>
          <item>
            <name>Energy revenues and royalties</name>
          </item>
          <item>
            <name>Land use and conservation</name>
          </item>
          <item>
            <name>Marine and coastal resources, fisheries</name>
          </item>
          <item>
            <name>Oil and gas</name>
          </item>
          <item>
            <name>Pipelines</name>
          </item>
          <item>
            <name>Sales and excise taxes</name>
          </item>
          <item>
            <name>State and local finance</name>
          </item>
        </legislativeSubjects>
      </billSubjects>
    </subjects>
    <relatedBills />
    <introducedDate>2013-01-31</introducedDate>
    <amendments />
    <actions>
      <item>
        <actionDate>2013-01-31</actionDate>
        <committee>
          <systemCode>sseg00</systemCode>
          <name>Energy and Natural Resources Committee</name>
        </committee>
        <links>
          <link>
            <name>S442-443</name>
            <url>/congressional-record/2013/senate-section/page/S442-443</url>
          </link>
        </links>
        <sourceSystem>
          <name>Senate</name>
          <code>0</code>
        </sourceSystem>
        <text>Read twice and referred to the Committee on Energy and Natural Resources. (text of measure as introduced: CR S442-443)</text>
        <type>IntroReferral</type>
      </item>
      <item>
        <committee />
        <type>IntroReferral</type>
        <links>
          <link>
            <name>S442</name>
            <url>/congressional-record/2013/senate-section/page/S442</url>
          </link>
        </links>
        <actionCode>B00100</actionCode>
        <sourceSystem>
          <name>Library of Congress</name>
          <code>9</code>
        </sourceSystem>
        <actionDate>2013-01-31</actionDate>
        <text>Sponsor introductory remarks on measure. (CR S442)</text>
      </item>
      <item>
        <committee />
        <type>IntroReferral</type>
        <links />
        <actionCode>10000</actionCode>
        <sourceSystem>
          <name>Library of Congress</name>
          <code>9</code>
        </sourceSystem>
        <actionDate>2013-01-31</actionDate>
        <text>Introduced in Senate</text>
      </item>
      <actionByCounts>
        <senate>2</senate>
      </actionByCounts>
      <actionTypeCounts>
        <introducedInSenate>1</introducedInSenate>
        <placeholderTextForB>1</placeholderTextForB>
        <referredToCommittee>1</referredToCommittee>
      </actionTypeCounts>
    </actions>
    <cosponsors />
  </bill>
  <dublinCore xmlns:dc="http://purl.org/dc/elements/1.1/">
    <dc:format>text/xml</dc:format>
    <dc:language>EN</dc:language>
    <dc:rights>Pursuant to Title 17 Section 105 of the United States Code, this file is not subject to copyright protection and is in the public domain.</dc:rights>
    <dc:contributor>Congressional Research Service, Library of Congress</dc:contributor>
    <dc:description>This file contains bill summaries and statuses for federal legislation. A bill summary describes the most significant provisions of a piece of legislation and details the effects the legislative text may have on current law and federal programs. Bill summaries are authored by the Congressional Research Service (CRS) of the Library of Congress. As stated in Public Law 91-510 (2 USC 166 (d)(6)), one of the duties of CRS is "to prepare summaries and digests of bills and resolutions of a public general nature introduced in the Senate or House of Representatives". For more information, refer to the User Guide that accompanies this file.</dc:description>
  </dublinCore>
</billStatus>

