<?xml version="1.0" encoding="UTF-8"?>
<billStatus>
  <bill>
    <summaries>
      <billSummaries>
        <item>
          <updateDate>2013-04-11T04:00:00Z</updateDate>
          <text><![CDATA[<p>Health Outcomes, Planning, and Education for Alzheimer's Act - Amends title XVIII (Medicare) of the Social Security Act to provide for comprehensive Alzheimer's disease diagnosis and services.</p>]]></text>
          <actionDate>2013-04-11</actionDate>
          <actionDesc>Introduced in Senate</actionDesc>
          <name>Introduced in Senate</name>
          <lastSummaryUpdateDate>2013-05-01T18:53:24Z</lastSummaryUpdateDate>
          <versionCode>00</versionCode>
        </item>
      </billSummaries>
    </summaries>
    <sponsors>
      <item>
        <bioguideId>S000770</bioguideId>
        <fullName>Sen. Stabenow, Debbie [D-MI]</fullName>
        <byRequestType />
        <lastName>STABENOW</lastName>
        <firstName>DEBORAH</firstName>
        <middleName>ANN</middleName>
        <identifiers>
          <gpoId>8261</gpoId>
          <lisID>1531</lisID>
          <bioguideId>S000770</bioguideId>
        </identifiers>
      </item>
    </sponsors>
    <latestAction>
      <links />
      <actionDate>2013-04-11</actionDate>
      <text>Read twice and referred to the Committee on Finance.</text>
    </latestAction>
    <congress>113</congress>
    <billNumber>709</billNumber>
    <cboCostEstimates />
    <calendarNumbers />
    <billType>S</billType>
    <committees>
      <billCommittees>
        <item>
          <activities>
            <item>
              <date>2013-04-11T20:18:51Z</date>
              <name>Referred to</name>
            </item>
          </activities>
          <chamber>Senate</chamber>
          <type>Standing</type>
          <subcommittees />
          <name>Finance Committee</name>
          <systemCode>ssfi00</systemCode>
        </item>
      </billCommittees>
    </committees>
    <recordedVotes />
    <titles>
      <item>
        <title>Health Outcomes, Planning, and Education for Alzheimer's Act</title>
        <parentTitleType />
        <chamberName />
        <chamberCode />
        <titleType>Short Titles as Introduced</titleType>
      </item>
      <item>
        <title>A bill to amend title XVIII of the Social Security Act to increase diagnosis of Alzheimer's disease and related dementias, leading to better care and outcomes for Americans living with Alzheimer's disease and related dementias.</title>
        <parentTitleType />
        <chamberName />
        <chamberCode />
        <titleType>Official Title as Introduced</titleType>
      </item>
      <item>
        <title>Health Outcomes, Planning, and Education for Alzheimer's Act</title>
        <parentTitleType />
        <chamberName />
        <chamberCode />
        <titleType>Display Title</titleType>
      </item>
    </titles>
    <laws />
    <originChamber>Senate</originChamber>
    <createDate>2013-04-12T07:02:11Z</createDate>
    <notes />
    <updateDate>2016-10-25T16:22:33Z</updateDate>
    <policyArea>
      <name>Health</name>
    </policyArea>
    <title>Health Outcomes, Planning, and Education for Alzheimer's Act</title>
    <committeeReports />
    <subjects>
      <billSubjects>
        <legislativeSubjects>
          <item>
            <name>Aging</name>
          </item>
          <item>
            <name>Health care coverage and access</name>
          </item>
          <item>
            <name>Health information and medical records</name>
          </item>
          <item>
            <name>Medical tests and diagnostic methods</name>
          </item>
          <item>
            <name>Medicare</name>
          </item>
          <item>
            <name>Neurological disorders</name>
          </item>
        </legislativeSubjects>
        <policyArea>
          <name>Health</name>
        </policyArea>
      </billSubjects>
    </subjects>
    <relatedBills>
      <item>
        <latestAction>
          <actionDate>2013-04-23</actionDate>
          <text>Referred to the Subcommittee on Health.</text>
        </latestAction>
        <number>1507</number>
        <congress>113</congress>
        <type>HR</type>
        <latestTitle>Health Outcomes, Planning, and Education for Alzheimer's Act</latestTitle>
        <relationshipDetails>
          <item>
            <type>Identical bill</type>
            <identifiedBy>CRS</identifiedBy>
          </item>
        </relationshipDetails>
      </item>
    </relatedBills>
    <introducedDate>2013-04-11</introducedDate>
    <amendments />
    <actions>
      <item>
        <actionDate>2013-04-11</actionDate>
        <committee>
          <name>Finance Committee</name>
          <systemCode>ssfi00</systemCode>
        </committee>
        <links />
        <sourceSystem>
          <name>Senate</name>
          <code>0</code>
        </sourceSystem>
        <text>Read twice and referred to the Committee on Finance.</text>
        <type>IntroReferral</type>
      </item>
      <item>
        <actionDate>2013-04-11</actionDate>
        <committee />
        <actionCode>10000</actionCode>
        <links />
        <type>IntroReferral</type>
        <sourceSystem>
          <name>Library of Congress</name>
          <code>9</code>
        </sourceSystem>
        <text>Introduced in Senate</text>
      </item>
      <actionByCounts>
        <senate>2</senate>
      </actionByCounts>
      <actionTypeCounts>
        <introducedInSenate>1</introducedInSenate>
        <referredToCommittee>1</referredToCommittee>
      </actionTypeCounts>
    </actions>
    <cosponsors>
      <item>
        <lastName>COLLINS</lastName>
        <sponsorshipDate>2013-04-11</sponsorshipDate>
        <firstName>SUSAN</firstName>
        <identifiers>
          <gpoId>8291</gpoId>
          <lisID>1541</lisID>
          <bioguideId>C001035</bioguideId>
        </identifiers>
        <isOriginalCosponsor>True</isOriginalCosponsor>
        <bioguideId>C001035</bioguideId>
        <fullName>Sen. Collins, Susan M. [R-ME]</fullName>
        <middleName>MARGARET</middleName>
        <sponsorshipWithdrawnDate />
      </item>
      <item>
        <lastName>Begich</lastName>
        <sponsorshipDate>2013-04-11</sponsorshipDate>
        <firstName>Mark</firstName>
        <identifiers>
          <bioguideId>B001265</bioguideId>
          <lisID>1898</lisID>
          <gpoId>8301</gpoId>
        </identifiers>
        <isOriginalCosponsor>True</isOriginalCosponsor>
        <bioguideId>B001265</bioguideId>
        <fullName>Sen. Begich, Mark [D-AK]</fullName>
        <middleName />
        <sponsorshipWithdrawnDate />
      </item>
      <item>
        <lastName>BROWN</lastName>
        <sponsorshipDate>2013-04-11</sponsorshipDate>
        <firstName>SHERROD</firstName>
        <identifiers>
          <gpoId>8309</gpoId>
          <lisID>136</lisID>
          <bioguideId>B000944</bioguideId>
        </identifiers>
        <isOriginalCosponsor>True</isOriginalCosponsor>
        <bioguideId>B000944</bioguideId>
        <fullName>Sen. Brown, Sherrod [D-OH]</fullName>
        <middleName />
        <sponsorshipWithdrawnDate />
      </item>
      <item>
        <lastName>Franken</lastName>
        <sponsorshipDate>2013-04-11</sponsorshipDate>
        <firstName>Al</firstName>
        <identifiers>
          <gpoId>8339</gpoId>
          <bioguideId>F000457</bioguideId>
          <lisID>1969</lisID>
        </identifiers>
        <isOriginalCosponsor>True</isOriginalCosponsor>
        <bioguideId>F000457</bioguideId>
        <fullName>Sen. Franken, Al [D-MN]</fullName>
        <middleName />
        <sponsorshipWithdrawnDate />
      </item>
      <item>
        <lastName>Klobuchar</lastName>
        <sponsorshipDate>2013-04-11</sponsorshipDate>
        <firstName>Amy</firstName>
        <identifiers>
          <gpoId>8249</gpoId>
          <lisID>1826</lisID>
          <bioguideId>K000367</bioguideId>
        </identifiers>
        <isOriginalCosponsor>True</isOriginalCosponsor>
        <bioguideId>K000367</bioguideId>
        <fullName>Sen. Klobuchar, Amy [D-MN]</fullName>
        <middleName />
        <sponsorshipWithdrawnDate />
      </item>
      <item>
        <lastName>Gillibrand</lastName>
        <sponsorshipDate>2013-04-11</sponsorshipDate>
        <firstName>Kirsten</firstName>
        <identifiers>
          <gpoId>8336</gpoId>
          <bioguideId>G000555</bioguideId>
          <lisID>1866</lisID>
        </identifiers>
        <isOriginalCosponsor>True</isOriginalCosponsor>
        <bioguideId>G000555</bioguideId>
        <fullName>Sen. Gillibrand, Kirsten E. [D-NY]</fullName>
        <middleName>E.</middleName>
        <sponsorshipWithdrawnDate />
      </item>
      <item>
        <lastName>MENENDEZ</lastName>
        <sponsorshipDate>2013-04-11</sponsorshipDate>
        <firstName>ROBERT</firstName>
        <identifiers>
          <gpoId>8239</gpoId>
          <bioguideId>M000639</bioguideId>
          <lisID>791</lisID>
        </identifiers>
        <isOriginalCosponsor>True</isOriginalCosponsor>
        <bioguideId>M000639</bioguideId>
        <fullName>Sen. Menendez, Robert [D-NJ]</fullName>
        <middleName />
        <sponsorshipWithdrawnDate />
      </item>
      <item>
        <lastName>LAUTENBERG</lastName>
        <sponsorshipDate>2013-04-18</sponsorshipDate>
        <firstName>FRANK</firstName>
        <identifiers>
          <gpoId>8245</gpoId>
          <lisID>1381</lisID>
          <bioguideId>L000123</bioguideId>
        </identifiers>
        <isOriginalCosponsor>False</isOriginalCosponsor>
        <bioguideId>L000123</bioguideId>
        <fullName>Sen. Lautenberg, Frank R. [D-NJ]</fullName>
        <middleName>R.</middleName>
        <sponsorshipWithdrawnDate />
      </item>
      <item>
        <lastName>Tester</lastName>
        <sponsorshipDate>2013-04-22</sponsorshipDate>
        <firstName>Jon</firstName>
        <identifiers>
          <gpoId>8258</gpoId>
          <bioguideId>T000464</bioguideId>
          <lisID>1829</lisID>
        </identifiers>
        <isOriginalCosponsor>False</isOriginalCosponsor>
        <bioguideId>T000464</bioguideId>
        <fullName>Sen. Tester, Jon [D-MT]</fullName>
        <middleName />
        <sponsorshipWithdrawnDate />
      </item>
      <item>
        <lastName>BOXER</lastName>
        <sponsorshipDate>2013-05-06</sponsorshipDate>
        <firstName>BARBARA</firstName>
        <identifiers>
          <gpoId>8306</gpoId>
          <bioguideId>B000711</bioguideId>
          <lisID>116</lisID>
        </identifiers>
        <isOriginalCosponsor>False</isOriginalCosponsor>
        <bioguideId>B000711</bioguideId>
        <fullName>Sen. Boxer, Barbara [D-CA]</fullName>
        <middleName />
        <sponsorshipWithdrawnDate />
      </item>
      <item>
        <lastName>Coons</lastName>
        <sponsorshipDate>2013-05-06</sponsorshipDate>
        <firstName>Christopher</firstName>
        <identifiers>
          <lisID>1984</lisID>
          <gpoId>8297</gpoId>
          <bioguideId>C001088</bioguideId>
        </identifiers>
        <isOriginalCosponsor>False</isOriginalCosponsor>
        <bioguideId>C001088</bioguideId>
        <fullName>Sen. Coons, Christopher A. [D-DE]</fullName>
        <middleName>A.</middleName>
        <sponsorshipWithdrawnDate />
      </item>
      <item>
        <lastName>Blumenthal</lastName>
        <sponsorshipDate>2013-05-08</sponsorshipDate>
        <firstName>Richard</firstName>
        <identifiers>
          <lisID>2076</lisID>
          <bioguideId>B001277</bioguideId>
          <gpoId>8332</gpoId>
        </identifiers>
        <isOriginalCosponsor>False</isOriginalCosponsor>
        <bioguideId>B001277</bioguideId>
        <fullName>Sen. Blumenthal, Richard [D-CT]</fullName>
        <middleName />
        <sponsorshipWithdrawnDate />
      </item>
      <item>
        <lastName>FEINSTEIN</lastName>
        <sponsorshipDate>2013-05-08</sponsorshipDate>
        <firstName>DIANNE</firstName>
        <identifiers>
          <gpoId>8338</gpoId>
          <lisID>1332</lisID>
          <bioguideId>F000062</bioguideId>
        </identifiers>
        <isOriginalCosponsor>False</isOriginalCosponsor>
        <bioguideId>F000062</bioguideId>
        <fullName>Sen. Feinstein, Dianne [D-CA]</fullName>
        <middleName />
        <sponsorshipWithdrawnDate />
      </item>
      <item>
        <lastName>NELSON</lastName>
        <sponsorshipDate>2013-05-13</sponsorshipDate>
        <firstName>CLARENCE</firstName>
        <identifiers>
          <gpoId>8236</gpoId>
          <bioguideId>N000032</bioguideId>
          <lisID>859</lisID>
        </identifiers>
        <isOriginalCosponsor>False</isOriginalCosponsor>
        <bioguideId>N000032</bioguideId>
        <fullName>Sen. Nelson, Bill [D-FL]</fullName>
        <middleName>WILLIAM</middleName>
        <sponsorshipWithdrawnDate />
      </item>
      <item>
        <lastName>MIKULSKI</lastName>
        <sponsorshipDate>2013-05-21</sponsorshipDate>
        <firstName>BARBARA</firstName>
        <identifiers>
          <lisID>802</lisID>
          <bioguideId>M000702</bioguideId>
          <gpoId>8240</gpoId>
        </identifiers>
        <isOriginalCosponsor>False</isOriginalCosponsor>
        <bioguideId>M000702</bioguideId>
        <fullName>Sen. Mikulski, Barbara A. [D-MD]</fullName>
        <middleName>ANN</middleName>
        <sponsorshipWithdrawnDate />
      </item>
      <item>
        <lastName>Merkley</lastName>
        <sponsorshipDate>2013-06-07</sponsorshipDate>
        <firstName>Jeff</firstName>
        <identifiers>
          <bioguideId>M001176</bioguideId>
          <lisID>1900</lisID>
          <gpoId>8238</gpoId>
        </identifiers>
        <isOriginalCosponsor>False</isOriginalCosponsor>
        <bioguideId>M001176</bioguideId>
        <fullName>Sen. Merkley, Jeff [D-OR]</fullName>
        <middleName />
        <sponsorshipWithdrawnDate />
      </item>
      <item>
        <lastName>King</lastName>
        <sponsorshipDate>2013-06-11</sponsorshipDate>
        <firstName>Angus</firstName>
        <identifiers>
          <bioguideId>K000383</bioguideId>
          <lisID>2185</lisID>
          <gpoId />
        </identifiers>
        <isOriginalCosponsor>False</isOriginalCosponsor>
        <bioguideId>K000383</bioguideId>
        <fullName>Sen. King, Angus S. Jr. [I-ME]</fullName>
        <middleName />
        <sponsorshipWithdrawnDate />
      </item>
      <item>
        <lastName>LEAHY</lastName>
        <sponsorshipDate>2013-06-21</sponsorshipDate>
        <firstName>PATRICK</firstName>
        <identifiers>
          <gpoId>8244</gpoId>
          <bioguideId>L000174</bioguideId>
          <lisID>1383</lisID>
        </identifiers>
        <isOriginalCosponsor>False</isOriginalCosponsor>
        <bioguideId>L000174</bioguideId>
        <fullName>Sen. Leahy, Patrick J. [D-VT]</fullName>
        <middleName>JOSEPH</middleName>
        <sponsorshipWithdrawnDate />
      </item>
      <item>
        <lastName>Murphy</lastName>
        <sponsorshipDate>2013-07-15</sponsorshipDate>
        <firstName>Christopher</firstName>
        <identifiers>
          <bioguideId>M001169</bioguideId>
          <lisID>1837</lisID>
          <gpoId>7870</gpoId>
        </identifiers>
        <isOriginalCosponsor>False</isOriginalCosponsor>
        <bioguideId>M001169</bioguideId>
        <fullName>Sen. Murphy, Christopher S. [D-CT]</fullName>
        <middleName>S.</middleName>
        <sponsorshipWithdrawnDate />
      </item>
      <item>
        <lastName>Warner</lastName>
        <sponsorshipDate>2013-07-18</sponsorshipDate>
        <firstName>Mark</firstName>
        <identifiers>
          <lisID>1897</lisID>
          <gpoId>8269</gpoId>
          <bioguideId>W000805</bioguideId>
        </identifiers>
        <isOriginalCosponsor>False</isOriginalCosponsor>
        <bioguideId>W000805</bioguideId>
        <fullName>Sen. Warner, Mark R. [D-VA]</fullName>
        <middleName>R.</middleName>
        <sponsorshipWithdrawnDate />
      </item>
      <item>
        <lastName>SCHUMER</lastName>
        <sponsorshipDate>2013-07-31</sponsorshipDate>
        <firstName>CHARLES</firstName>
        <identifiers>
          <gpoId>8279</gpoId>
          <bioguideId>S000148</bioguideId>
          <lisID>1036</lisID>
        </identifiers>
        <isOriginalCosponsor>False</isOriginalCosponsor>
        <bioguideId>S000148</bioguideId>
        <fullName>Sen. Schumer, Charles E. [D-NY]</fullName>
        <middleName>E.</middleName>
        <sponsorshipWithdrawnDate />
      </item>
      <item>
        <lastName>Hagan</lastName>
        <sponsorshipDate>2013-09-09</sponsorshipDate>
        <firstName>Kay</firstName>
        <identifiers>
          <bioguideId>H001049</bioguideId>
          <lisID>1902</lisID>
          <gpoId>8318</gpoId>
        </identifiers>
        <isOriginalCosponsor>False</isOriginalCosponsor>
        <bioguideId>H001049</bioguideId>
        <fullName>Sen. Hagan, Kay [D-NC]</fullName>
        <middleName>R.</middleName>
        <sponsorshipWithdrawnDate />
      </item>
      <item>
        <lastName>Whitehouse</lastName>
        <sponsorshipDate>2013-10-29</sponsorshipDate>
        <firstName>Sheldon</firstName>
        <identifiers>
          <gpoId>8264</gpoId>
          <lisID>1823</lisID>
          <bioguideId>W000802</bioguideId>
        </identifiers>
        <isOriginalCosponsor>False</isOriginalCosponsor>
        <bioguideId>W000802</bioguideId>
        <fullName>Sen. Whitehouse, Sheldon [D-RI]</fullName>
        <middleName />
        <sponsorshipWithdrawnDate />
      </item>
      <item>
        <lastName>Warren</lastName>
        <sponsorshipDate>2013-10-29</sponsorshipDate>
        <firstName>Elizabeth</firstName>
        <identifiers>
          <gpoId />
          <lisID>2182</lisID>
          <bioguideId>W000817</bioguideId>
        </identifiers>
        <isOriginalCosponsor>False</isOriginalCosponsor>
        <bioguideId>W000817</bioguideId>
        <fullName>Sen. Warren, Elizabeth [D-MA]</fullName>
        <middleName>A.</middleName>
        <sponsorshipWithdrawnDate />
      </item>
      <item>
        <lastName>BALDWIN</lastName>
        <sponsorshipDate>2013-11-07</sponsorshipDate>
        <firstName>TAMMY</firstName>
        <identifiers>
          <lisID>1558</lisID>
          <bioguideId>B001230</bioguideId>
          <gpoId>8215</gpoId>
        </identifiers>
        <isOriginalCosponsor>False</isOriginalCosponsor>
        <bioguideId>B001230</bioguideId>
        <fullName>Sen. Baldwin, Tammy [D-WI]</fullName>
        <middleName />
        <sponsorshipWithdrawnDate />
      </item>
      <item>
        <lastName>Heitkamp</lastName>
        <sponsorshipDate>2014-01-16</sponsorshipDate>
        <firstName>Heidi</firstName>
        <identifiers>
          <gpoId />
          <bioguideId>H001069</bioguideId>
          <lisID>2174</lisID>
        </identifiers>
        <isOriginalCosponsor>False</isOriginalCosponsor>
        <bioguideId>H001069</bioguideId>
        <fullName>Sen. Heitkamp, Heidi [D-ND]</fullName>
        <middleName />
        <sponsorshipWithdrawnDate />
      </item>
      <item>
        <lastName>SANDERS</lastName>
        <sponsorshipDate>2014-03-10</sponsorshipDate>
        <firstName>BERNARD</firstName>
        <identifiers>
          <bioguideId>S000033</bioguideId>
          <lisID>1010</lisID>
          <gpoId>8270</gpoId>
        </identifiers>
        <isOriginalCosponsor>False</isOriginalCosponsor>
        <bioguideId>S000033</bioguideId>
        <fullName>Sen. Sanders, Bernard [I-VT]</fullName>
        <middleName />
        <sponsorshipWithdrawnDate />
      </item>
      <item>
        <lastName>ROCKEFELLER</lastName>
        <sponsorshipDate>2014-05-21</sponsorshipDate>
        <firstName>JAY</firstName>
        <identifiers>
          <gpoId>8273</gpoId>
          <bioguideId>R000361</bioguideId>
          <lisID>1424</lisID>
        </identifiers>
        <isOriginalCosponsor>False</isOriginalCosponsor>
        <bioguideId>R000361</bioguideId>
        <fullName>Sen. Rockefeller, John D., IV [D-WV]</fullName>
        <middleName />
        <sponsorshipWithdrawnDate />
      </item>
      <item>
        <lastName>Donnelly</lastName>
        <sponsorshipDate>2014-06-02</sponsorshipDate>
        <firstName>Joe</firstName>
        <identifiers>
          <lisID>1850</lisID>
          <gpoId>7941</gpoId>
          <bioguideId>D000607</bioguideId>
        </identifiers>
        <isOriginalCosponsor>False</isOriginalCosponsor>
        <bioguideId>D000607</bioguideId>
        <fullName>Sen. Donnelly, Joe [D-IN]</fullName>
        <middleName />
        <sponsorshipWithdrawnDate />
      </item>
      <item>
        <lastName>Schatz</lastName>
        <sponsorshipDate>2014-06-03</sponsorshipDate>
        <firstName>Brian</firstName>
        <identifiers>
          <gpoId />
          <lisID>2173</lisID>
          <bioguideId>S001194</bioguideId>
        </identifiers>
        <isOriginalCosponsor>False</isOriginalCosponsor>
        <bioguideId>S001194</bioguideId>
        <fullName>Sen. Schatz, Brian [D-HI]</fullName>
        <middleName />
        <sponsorshipWithdrawnDate />
      </item>
      <item>
        <lastName>Shaheen</lastName>
        <sponsorshipDate>2014-06-24</sponsorshipDate>
        <firstName>Jeanne</firstName>
        <identifiers>
          <bioguideId>S001181</bioguideId>
          <lisID>1901</lisID>
          <gpoId>8276</gpoId>
        </identifiers>
        <isOriginalCosponsor>False</isOriginalCosponsor>
        <bioguideId>S001181</bioguideId>
        <fullName>Sen. Shaheen, Jeanne [D-NH]</fullName>
        <middleName />
        <sponsorshipWithdrawnDate />
      </item>
      <item>
        <lastName>Walsh</lastName>
        <sponsorshipDate>2014-07-31</sponsorshipDate>
        <firstName>John</firstName>
        <identifiers>
          <bioguideId>W000818</bioguideId>
          <lisID>2198</lisID>
          <gpoId />
        </identifiers>
        <isOriginalCosponsor>False</isOriginalCosponsor>
        <bioguideId>W000818</bioguideId>
        <fullName>Sen. Walsh, John E. [D-MT]</fullName>
        <middleName>E.</middleName>
        <sponsorshipWithdrawnDate />
      </item>
    </cosponsors>
  </bill>
  <dublinCore xmlns:dc="http://purl.org/dc/elements/1.1/">
    <dc:format>text/xml</dc:format>
    <dc:language>EN</dc:language>
    <dc:rights>Pursuant to Title 17 Section 105 of the United States Code, this file is not subject to copyright protection and is in the public domain.</dc:rights>
    <dc:contributor>Congressional Research Service, Library of Congress</dc:contributor>
    <dc:description>This file contains bill summaries and statuses for federal legislation. A bill summary describes the most significant provisions of a piece of legislation and details the effects the legislative text may have on current law and federal programs. Bill summaries are authored by the Congressional Research Service (CRS) of the Library of Congress. As stated in Public Law 91-510 (2 USC 166 (d)(6)), one of the duties of CRS is "to prepare summaries and digests of bills and resolutions of a public general nature introduced in the Senate or House of Representatives". For more information, refer to the User Guide that accompanies this file.</dc:description>
  </dublinCore>
</billStatus>

