<?xml version="1.0" encoding="UTF-8"?>
<billStatus>
  <bill>
    <titles>
      <item>
        <chamberCode />
        <parentTitleType />
        <titleType>Short Titles as Introduced</titleType>
        <title>One Percent Spending Reduction Act of 2013</title>
        <chamberName />
      </item>
      <item>
        <chamberCode />
        <parentTitleType />
        <titleType>Official Title as Introduced</titleType>
        <title>A bill to prevent a fiscal crisis by enacting legislation to balance the Federal budget through reductions of discretionary and mandatory spending.</title>
        <chamberName />
      </item>
      <item>
        <chamberCode />
        <parentTitleType />
        <titleType>Display Title</titleType>
        <title>One Percent Spending Reduction Act of 2013</title>
        <chamberName />
      </item>
    </titles>
    <introducedDate>2013-03-13</introducedDate>
    <notes />
    <calendarNumbers />
    <committees>
      <billCommittees>
        <item>
          <subcommittees />
          <chamber>Senate</chamber>
          <systemCode>ssbu00</systemCode>
          <type>Standing</type>
          <activities>
            <item>
              <name>Referred to</name>
              <date>2013-03-13T16:22:39Z</date>
            </item>
          </activities>
          <name>Budget Committee</name>
        </item>
      </billCommittees>
    </committees>
    <sponsors>
      <item>
        <lastName>ENZI</lastName>
        <middleName>B.</middleName>
        <bioguideId>E000285</bioguideId>
        <firstName>MICHAEL</firstName>
        <byRequestType />
        <fullName>Sen. Enzi, Michael B. [R-WY]</fullName>
        <identifiers>
          <gpoId>8328</gpoId>
          <bioguideId>E000285</bioguideId>
          <lisID>1542</lisID>
        </identifiers>
      </item>
    </sponsors>
    <subjects>
      <billSubjects>
        <legislativeSubjects>
          <item>
            <name>Budget deficits and national debt</name>
          </item>
          <item>
            <name>Budget process</name>
          </item>
          <item>
            <name>House of Representatives</name>
          </item>
          <item>
            <name>Legislative rules and procedure</name>
          </item>
          <item>
            <name>Senate</name>
          </item>
        </legislativeSubjects>
        <policyArea>
          <name>Economics and Public Finance</name>
        </policyArea>
      </billSubjects>
    </subjects>
    <originChamber>Senate</originChamber>
    <createDate>2013-03-14T07:01:12Z</createDate>
    <congress>113</congress>
    <cosponsors>
      <item>
        <sponsorshipDate>2013-03-13</sponsorshipDate>
        <lastName>Paul</lastName>
        <middleName />
        <firstName>Rand</firstName>
        <fullName>Sen. Paul, Rand [R-KY]</fullName>
        <bioguideId>P000603</bioguideId>
        <identifiers>
          <gpoId>8308</gpoId>
          <bioguideId>P000603</bioguideId>
          <lisID>2082</lisID>
        </identifiers>
        <sponsorshipWithdrawnDate />
        <isOriginalCosponsor>True</isOriginalCosponsor>
      </item>
      <item>
        <sponsorshipDate>2013-03-13</sponsorshipDate>
        <lastName>Rubio</lastName>
        <middleName />
        <firstName>Marco</firstName>
        <fullName>Sen. Rubio, Marco [R-FL]</fullName>
        <bioguideId>R000595</bioguideId>
        <identifiers>
          <lisID>2084</lisID>
          <gpoId>8242</gpoId>
          <bioguideId>R000595</bioguideId>
        </identifiers>
        <sponsorshipWithdrawnDate />
        <isOriginalCosponsor>True</isOriginalCosponsor>
      </item>
      <item>
        <sponsorshipDate>2013-03-13</sponsorshipDate>
        <lastName>Vitter</lastName>
        <middleName />
        <firstName>David</firstName>
        <fullName>Sen. Vitter, David [R-LA]</fullName>
        <bioguideId>V000127</bioguideId>
        <identifiers>
          <gpoId>8267</gpoId>
          <bioguideId>V000127</bioguideId>
          <lisID>1609</lisID>
        </identifiers>
        <sponsorshipWithdrawnDate />
        <isOriginalCosponsor>True</isOriginalCosponsor>
      </item>
      <item>
        <sponsorshipDate>2013-03-13</sponsorshipDate>
        <lastName>Barrasso</lastName>
        <middleName />
        <firstName>John</firstName>
        <fullName>Sen. Barrasso, John [R-WY]</fullName>
        <bioguideId>B001261</bioguideId>
        <identifiers>
          <gpoId>8300</gpoId>
          <lisID>1881</lisID>
          <bioguideId>B001261</bioguideId>
        </identifiers>
        <sponsorshipWithdrawnDate />
        <isOriginalCosponsor>True</isOriginalCosponsor>
      </item>
      <item>
        <sponsorshipDate>2013-03-13</sponsorshipDate>
        <lastName>Isakson</lastName>
        <middleName />
        <firstName>Johnny</firstName>
        <fullName>Sen. Isakson, Johnny [R-GA]</fullName>
        <bioguideId>I000055</bioguideId>
        <identifiers>
          <lisID>1608</lisID>
          <bioguideId>I000055</bioguideId>
          <gpoId>8323</gpoId>
        </identifiers>
        <sponsorshipWithdrawnDate />
        <isOriginalCosponsor>True</isOriginalCosponsor>
      </item>
    </cosponsors>
    <billType>S</billType>
    <billNumber>547</billNumber>
    <summaries>
      <billSummaries>
        <item>
          <updateDate>2013-03-13T04:00:00Z</updateDate>
          <actionDate>2013-03-13</actionDate>
          <lastSummaryUpdateDate>2014-07-23T15:53:16Z</lastSummaryUpdateDate>
          <text><![CDATA[<p>One Percent Spending Reduction Act of 2013 - Amends the Balanced Budget and Emergency Deficit Control Act of 1985 (Gramm-Rudman-Hollings Act) to establish the aggregate outlay (outlay cap) (less net interest payments) for FY2014 at $3.329 trillion, less 1%.</p> <p>Reduces each outlay cap for FY2015-FY2016 by 1% of the previous fiscal year's outlay cap.</p> <p>Requires the outlay cap for FY2017 and each subsequent fiscal year to be 19% of the gross domestic product (GDP) for that fiscal year as estimated by the Office of Management and Budget (OMB).</p> <p>Prohibits the outlay caps from being less than those for the preceding fiscal year for FY2018 and any ensuing fiscal year.</p> <p>Requires a sequestration by OMB within 45 days after the beginning of a fiscal year to eliminate any excess outlay amount.</p> <p>Prescribes requirements for Congressional Budget Office (CBO) and OMB sequestration preview reports and an OMB final sequestration report, accompanied by a presidential order detailing uniform spending reductions equal to the excess outlay amount.</p> <p>Requires the House and the Senate budget committees to report a resolution directing the committees of their respective chambers to change existing law to achieve the spending reductions outlined in the OMB August 20 report to meet the outlay limits, if a sequestration is projected.</p> <p>States that if, after November 14, a bill resulting in outlays for the current fiscal year is enacted that causes excess outlays, the excess outlays for the next fiscal year shall be increased by the amount or amounts of that breach.</p> <p>Repeals provisions of the Gramm-Rudman-Hollings Act terminating Pay-As-You-Go (PAYGO) enforcement mechanisms under such Act.</p> <p>Amends the Congressional Budget Act of 1974 to make it out of order in both chambers to consider any bill, joint resolution, amendment, or conference report that includes any provision that would cause the most recently reported, current outlay cap to be exceeded. Prescribes procedures for waiver or suspension of this rule.</p>]]></text>
          <versionCode>00</versionCode>
          <actionDesc>Introduced in Senate</actionDesc>
          <name>Introduced in Senate</name>
        </item>
      </billSummaries>
    </summaries>
    <actions>
      <actionByCounts>
        <senate>2</senate>
      </actionByCounts>
      <actionTypeCounts>
        <referredToCommittee>1</referredToCommittee>
        <introducedInSenate>1</introducedInSenate>
      </actionTypeCounts>
      <item>
        <actionDate>2013-03-13</actionDate>
        <committee>
          <name>Budget Committee</name>
          <systemCode>ssbu00</systemCode>
        </committee>
        <links />
        <sourceSystem>
          <code>0</code>
          <name>Senate</name>
        </sourceSystem>
        <text>Read twice and referred to the Committee on the Budget.</text>
        <type>IntroReferral</type>
      </item>
      <item>
        <sourceSystem>
          <code>9</code>
          <name>Library of Congress</name>
        </sourceSystem>
        <type>IntroReferral</type>
        <actionDate>2013-03-13</actionDate>
        <text>Introduced in Senate</text>
        <committee />
        <actionCode>10000</actionCode>
        <links />
      </item>
    </actions>
    <relatedBills>
      <item>
        <latestAction>
          <text>Referred to House Rules</text>
          <actionDate>2013-03-14</actionDate>
        </latestAction>
        <congress>113</congress>
        <latestTitle>One Percent Spending Reduction Act of 2013</latestTitle>
        <relationshipDetails>
          <item>
            <identifiedBy>CRS</identifiedBy>
            <type>Related bill</type>
          </item>
        </relationshipDetails>
        <number>1202</number>
        <type>HR</type>
      </item>
      <item>
        <latestAction>
          <text>Read twice and referred to the Committee on the Budget.</text>
          <actionDate>2013-08-01</actionDate>
        </latestAction>
        <congress>113</congress>
        <latestTitle>One Percent Spending Reduction Act of 2013</latestTitle>
        <relationshipDetails>
          <item>
            <identifiedBy>CRS</identifiedBy>
            <type>Related bill</type>
          </item>
        </relationshipDetails>
        <number>1436</number>
        <type>S</type>
      </item>
      <item>
        <latestAction>
          <text>Read twice and referred to the Committee on the Budget.</text>
          <actionDate>2014-06-19</actionDate>
        </latestAction>
        <congress>113</congress>
        <latestTitle>One Percent Spending Reduction Act of 2014</latestTitle>
        <relationshipDetails>
          <item>
            <identifiedBy>CRS</identifiedBy>
            <type>Related bill</type>
          </item>
        </relationshipDetails>
        <number>2495</number>
        <type>S</type>
      </item>
    </relatedBills>
    <policyArea>
      <name>Economics and Public Finance</name>
    </policyArea>
    <updateDate>2016-10-25T16:21:45Z</updateDate>
    <recordedVotes />
    <cboCostEstimates />
    <latestAction>
      <text>Read twice and referred to the Committee on the Budget.</text>
      <actionDate>2013-03-13</actionDate>
      <links />
    </latestAction>
    <title>One Percent Spending Reduction Act of 2013</title>
    <amendments />
    <laws />
    <committeeReports />
  </bill>
  <dublinCore xmlns:dc="http://purl.org/dc/elements/1.1/">
    <dc:format>text/xml</dc:format>
    <dc:language>EN</dc:language>
    <dc:rights>Pursuant to Title 17 Section 105 of the United States Code, this file is not subject to copyright protection and is in the public domain.</dc:rights>
    <dc:contributor>Congressional Research Service, Library of Congress</dc:contributor>
    <dc:description>This file contains bill summaries and statuses for federal legislation. A bill summary describes the most significant provisions of a piece of legislation and details the effects the legislative text may have on current law and federal programs. Bill summaries are authored by the Congressional Research Service (CRS) of the Library of Congress. As stated in Public Law 91-510 (2 USC 166 (d)(6)), one of the duties of CRS is "to prepare summaries and digests of bills and resolutions of a public general nature introduced in the Senate or House of Representatives". For more information, refer to the User Guide that accompanies this file.</dc:description>
  </dublinCore>
</billStatus>

