<?xml version="1.0" encoding="UTF-8"?>
<billStatus>
  <bill>
    <latestAction>
      <actionDate>2013-02-12</actionDate>
      <text>Read twice and referred to the Committee on Health, Education, Labor, and Pensions.</text>
      <links />
    </latestAction>
    <committeeReports />
    <cboCostEstimates />
    <billType>S</billType>
    <relatedBills>
      <item>
        <relationshipDetails>
          <item>
            <type>Related bill</type>
            <identifiedBy>CRS</identifiedBy>
          </item>
        </relationshipDetails>
        <latestAction>
          <text>Referred to the Subcommittee on Higher Education and Workforce Training.</text>
          <actionDate>2013-07-08</actionDate>
        </latestAction>
        <latestTitle>Counseling for Career Choice Act</latestTitle>
        <congress>113</congress>
        <number>2317</number>
        <type>HR</type>
      </item>
    </relatedBills>
    <createDate>2013-02-13T07:00:51Z</createDate>
    <title>Counseling for Career Choice Act</title>
    <cosponsors>
      <item>
        <sponsorshipDate>2013-09-18</sponsorshipDate>
        <lastName>Schatz</lastName>
        <fullName>Sen. Schatz, Brian [D-HI]</fullName>
        <middleName />
        <firstName>Brian</firstName>
        <sponsorshipWithdrawnDate />
        <identifiers>
          <gpoId />
          <bioguideId>S001194</bioguideId>
          <lisID>2173</lisID>
        </identifiers>
        <isOriginalCosponsor>False</isOriginalCosponsor>
        <bioguideId>S001194</bioguideId>
      </item>
    </cosponsors>
    <updateDate>2016-10-25T16:20:46Z</updateDate>
    <amendments />
    <originChamber>Senate</originChamber>
    <subjects>
      <billSubjects>
        <policyArea>
          <name>Education</name>
        </policyArea>
        <legislativeSubjects>
          <item>
            <name>Education programs funding</name>
          </item>
          <item>
            <name>Educational guidance</name>
          </item>
          <item>
            <name>Elementary and secondary education</name>
          </item>
          <item>
            <name>Employment and training programs</name>
          </item>
          <item>
            <name>Higher education</name>
          </item>
          <item>
            <name>Teaching, teachers, curricula</name>
          </item>
          <item>
            <name>Vocational and technical education</name>
          </item>
        </legislativeSubjects>
      </billSubjects>
    </subjects>
    <policyArea>
      <name>Education</name>
    </policyArea>
    <congress>113</congress>
    <summaries>
      <billSummaries>
        <item>
          <actionDesc>Introduced in Senate</actionDesc>
          <actionDate>2013-02-12</actionDate>
          <updateDate>2013-02-12T05:00:00Z</updateDate>
          <versionCode>00</versionCode>
          <lastSummaryUpdateDate>2013-03-08T22:05:20Z</lastSummaryUpdateDate>
          <name>Introduced in Senate</name>
          <text><![CDATA[<p>Counseling for Career Choice Act - Amends the Elementary and Secondary Education Act of 1965 to direct the Secretary of Education to award competitive establishment grants to states to develop and implement comprehensive school counseling programs that provide students with effective postsecondary education planning and career guidance services. </p> <p>Requires each program to be aligned with a statewide counseling framework that: (1) encompasses grades 6 through 12 and postsecondary education; and (2) is developed in consultation with, or exists with the support of, at least five stakeholders that include at least one business or industry and at least one local educational agency (LEA) or secondary school.</p> <p>Requires establishment grant funds to be used to: (1) train and hire school counselors; (2) identify regional workforce trends and postsecondary options available in the state; (3) establish, improve, or coordinate postsecondary opportunities; and (4) recommend curricular improvements to better align curricula with workforce trends and available postsecondary opportunities.</p> <p>Allows states to carry out program activities directly or through competitive subgrants to LEAs, or consortia of LEAs, educational service agencies, tribal organizations, or nonprofit organizations with expertise in counseling or career and technical education.</p> <p>Directs the Secretary to reserve at least 10%, but no more than 20%, of the amount appropriated for this Act's counseling program to award competitive capacity-building grants to states that do not receive an establishment grant.</p>]]></text>
        </item>
      </billSummaries>
    </summaries>
    <sponsors>
      <item>
        <fullName>Sen. Begich, Mark [D-AK]</fullName>
        <byRequestType />
        <bioguideId>B001265</bioguideId>
        <firstName>Mark</firstName>
        <middleName />
        <identifiers>
          <gpoId>8301</gpoId>
          <lisID>1898</lisID>
          <bioguideId>B001265</bioguideId>
        </identifiers>
        <lastName>Begich</lastName>
      </item>
    </sponsors>
    <calendarNumbers />
    <laws />
    <introducedDate>2013-02-12</introducedDate>
    <billNumber>282</billNumber>
    <actions>
      <item>
        <actionDate>2013-02-12</actionDate>
        <committee>
          <systemCode>sshr00</systemCode>
          <name>Health, Education, Labor, and Pensions Committee</name>
        </committee>
        <links />
        <sourceSystem>
          <name>Senate</name>
          <code>0</code>
        </sourceSystem>
        <text>Read twice and referred to the Committee on Health, Education, Labor, and Pensions.</text>
        <type>IntroReferral</type>
      </item>
      <item>
        <links />
        <actionCode>10000</actionCode>
        <committee />
        <type>IntroReferral</type>
        <sourceSystem>
          <name>Library of Congress</name>
          <code>9</code>
        </sourceSystem>
        <text>Introduced in Senate</text>
        <actionDate>2013-02-12</actionDate>
      </item>
      <actionTypeCounts>
        <referredToCommittee>1</referredToCommittee>
        <introducedInSenate>1</introducedInSenate>
      </actionTypeCounts>
      <actionByCounts>
        <senate>2</senate>
      </actionByCounts>
    </actions>
    <notes />
    <titles>
      <item>
        <chamberName />
        <titleType>Short Titles as Introduced</titleType>
        <title>Counseling for Career Choice Act</title>
        <chamberCode />
        <parentTitleType />
      </item>
      <item>
        <chamberName />
        <titleType>Official Title as Introduced</titleType>
        <title>A bill to amend the Elementary and Secondary Education Act of 1965 to establish a new counseling program.</title>
        <chamberCode />
        <parentTitleType />
      </item>
      <item>
        <chamberName />
        <titleType>Display Title</titleType>
        <title>Counseling for Career Choice Act</title>
        <chamberCode />
        <parentTitleType />
      </item>
    </titles>
    <recordedVotes />
    <committees>
      <billCommittees>
        <item>
          <subcommittees />
          <activities>
            <item>
              <name>Referred to</name>
              <date>2013-02-12T20:39:41Z</date>
            </item>
          </activities>
          <type>Standing</type>
          <systemCode>sshr00</systemCode>
          <chamber>Senate</chamber>
          <name>Health, Education, Labor, and Pensions Committee</name>
        </item>
      </billCommittees>
    </committees>
  </bill>
  <dublinCore xmlns:dc="http://purl.org/dc/elements/1.1/">
    <dc:format>text/xml</dc:format>
    <dc:language>EN</dc:language>
    <dc:rights>Pursuant to Title 17 Section 105 of the United States Code, this file is not subject to copyright protection and is in the public domain.</dc:rights>
    <dc:contributor>Congressional Research Service, Library of Congress</dc:contributor>
    <dc:description>This file contains bill summaries and statuses for federal legislation. A bill summary describes the most significant provisions of a piece of legislation and details the effects the legislative text may have on current law and federal programs. Bill summaries are authored by the Congressional Research Service (CRS) of the Library of Congress. As stated in Public Law 91-510 (2 USC 166 (d)(6)), one of the duties of CRS is "to prepare summaries and digests of bills and resolutions of a public general nature introduced in the Senate or House of Representatives". For more information, refer to the User Guide that accompanies this file.</dc:description>
  </dublinCore>
</billStatus>

