<?xml version="1.0" encoding="UTF-8"?>
<billStatus>
  <bill>
    <titles>
      <item>
        <chamberName />
        <parentTitleType />
        <titleType>Short Titles as Introduced</titleType>
        <chamberCode />
        <title>Big Oil Bailout Prevention Trust Fund Act of 2013</title>
      </item>
      <item>
        <chamberName />
        <parentTitleType />
        <titleType>Official Title as Introduced</titleType>
        <chamberCode />
        <title>A bill to amend the Internal Revenue Code of 1986 to require oil polluters to pay the full cost of oil spills, and for other purposes.</title>
      </item>
      <item>
        <chamberName />
        <parentTitleType />
        <titleType>Display Title</titleType>
        <chamberCode />
        <title>Big Oil Bailout Prevention Trust Fund Act of 2013</title>
      </item>
    </titles>
    <introducedDate>2013-04-25</introducedDate>
    <notes />
    <calendarNumbers />
    <committees>
      <billCommittees>
        <item>
          <subcommittees />
          <name>Finance Committee</name>
          <type>Standing</type>
          <activities>
            <item>
              <name>Referred to</name>
              <date>2013-04-25T20:21:19Z</date>
            </item>
          </activities>
          <chamber>Senate</chamber>
          <systemCode>ssfi00</systemCode>
        </item>
      </billCommittees>
    </committees>
    <sponsors>
      <item>
        <lastName>MENENDEZ</lastName>
        <middleName />
        <bioguideId>M000639</bioguideId>
        <firstName>ROBERT</firstName>
        <byRequestType />
        <fullName>Sen. Menendez, Robert [D-NJ]</fullName>
        <identifiers>
          <bioguideId>M000639</bioguideId>
          <lisID>791</lisID>
          <gpoId>8239</gpoId>
        </identifiers>
      </item>
    </sponsors>
    <subjects>
      <billSubjects>
        <policyArea>
          <name>Environmental Protection</name>
        </policyArea>
        <legislativeSubjects>
          <item>
            <name>Accidents</name>
          </item>
          <item>
            <name>Administrative law and regulatory procedures</name>
          </item>
          <item>
            <name>Budget process</name>
          </item>
          <item>
            <name>Government trust funds</name>
          </item>
          <item>
            <name>Marine and coastal resources, fisheries</name>
          </item>
          <item>
            <name>Marine pollution</name>
          </item>
          <item>
            <name>Oil and gas</name>
          </item>
          <item>
            <name>Pollution liability</name>
          </item>
          <item>
            <name>State and local finance</name>
          </item>
          <item>
            <name>Water quality</name>
          </item>
        </legislativeSubjects>
      </billSubjects>
    </subjects>
    <originChamber>Senate</originChamber>
    <createDate>2013-04-26T07:02:13Z</createDate>
    <congress>113</congress>
    <cosponsors>
      <item>
        <sponsorshipDate>2013-04-25</sponsorshipDate>
        <lastName>NELSON</lastName>
        <middleName>WILLIAM</middleName>
        <firstName>CLARENCE</firstName>
        <fullName>Sen. Nelson, Bill [D-FL]</fullName>
        <bioguideId>N000032</bioguideId>
        <identifiers>
          <lisID>859</lisID>
          <bioguideId>N000032</bioguideId>
          <gpoId>8236</gpoId>
        </identifiers>
        <sponsorshipWithdrawnDate />
        <isOriginalCosponsor>True</isOriginalCosponsor>
      </item>
      <item>
        <sponsorshipDate>2013-04-25</sponsorshipDate>
        <lastName>DURBIN</lastName>
        <middleName>J.</middleName>
        <firstName>RICHARD</firstName>
        <fullName>Sen. Durbin, Richard [D-IL]</fullName>
        <bioguideId>D000563</bioguideId>
        <identifiers>
          <gpoId>8326</gpoId>
          <bioguideId>D000563</bioguideId>
          <lisID>326</lisID>
        </identifiers>
        <sponsorshipWithdrawnDate />
        <isOriginalCosponsor>True</isOriginalCosponsor>
      </item>
      <item>
        <sponsorshipDate>2013-04-25</sponsorshipDate>
        <lastName>REED</lastName>
        <middleName>F.</middleName>
        <firstName>JOHN</firstName>
        <fullName>Sen. Reed, Jack [D-RI]</fullName>
        <bioguideId>R000122</bioguideId>
        <identifiers>
          <bioguideId>R000122</bioguideId>
          <lisID>949</lisID>
          <gpoId>8272</gpoId>
        </identifiers>
        <sponsorshipWithdrawnDate />
        <isOriginalCosponsor>True</isOriginalCosponsor>
      </item>
      <item>
        <sponsorshipDate>2013-04-25</sponsorshipDate>
        <lastName>Whitehouse</lastName>
        <middleName />
        <firstName>Sheldon</firstName>
        <fullName>Sen. Whitehouse, Sheldon [D-RI]</fullName>
        <bioguideId>W000802</bioguideId>
        <identifiers>
          <gpoId>8264</gpoId>
          <bioguideId>W000802</bioguideId>
          <lisID>1823</lisID>
        </identifiers>
        <sponsorshipWithdrawnDate />
        <isOriginalCosponsor>True</isOriginalCosponsor>
      </item>
      <item>
        <sponsorshipDate>2013-05-06</sponsorshipDate>
        <lastName>LAUTENBERG</lastName>
        <middleName>R.</middleName>
        <firstName>FRANK</firstName>
        <fullName>Sen. Lautenberg, Frank R. [D-NJ]</fullName>
        <bioguideId>L000123</bioguideId>
        <identifiers>
          <lisID>1381</lisID>
          <gpoId>8245</gpoId>
          <bioguideId>L000123</bioguideId>
        </identifiers>
        <sponsorshipWithdrawnDate />
        <isOriginalCosponsor>False</isOriginalCosponsor>
      </item>
    </cosponsors>
    <billType>S</billType>
    <billNumber>827</billNumber>
    <summaries>
      <billSummaries>
        <item>
          <actionDesc>Introduced in Senate</actionDesc>
          <actionDate>2013-04-25</actionDate>
          <updateDate>2013-04-25T04:00:00Z</updateDate>
          <versionCode>00</versionCode>
          <lastSummaryUpdateDate>2013-06-03T18:48:28Z</lastSummaryUpdateDate>
          <name>Introduced in Senate</name>
          <text><![CDATA[<p>Big Oil Bailout Prevention Trust Fund Act of 2013 - Amends the Internal Revenue Code to eliminate: (1) the $1 billion per incident limitation on expenditures from the Oil Spill Liability Trust Fund for cleanup of oil spills, and (2) the limitation on the borrowing authority of such Trust Fund.</p> <p>Amends the Oil Pollution Act of 1990 to direct the President to promulgate regulations to allow advance payments from the Oil Spill Liability Trust Fund to states and localities to prepare for and mitigate substantial threats from the discharge of oil.</p>]]></text>
        </item>
      </billSummaries>
    </summaries>
    <actions>
      <item>
        <actionDate>2013-04-25</actionDate>
        <committee>
          <systemCode>ssfi00</systemCode>
          <name>Finance Committee</name>
        </committee>
        <links />
        <sourceSystem>
          <code>0</code>
          <name>Senate</name>
        </sourceSystem>
        <text>Read twice and referred to the Committee on Finance.</text>
        <type>IntroReferral</type>
      </item>
      <item>
        <sourceSystem>
          <code>9</code>
          <name>Library of Congress</name>
        </sourceSystem>
        <actionDate>2013-04-25</actionDate>
        <committee />
        <actionCode>10000</actionCode>
        <type>IntroReferral</type>
        <links />
        <text>Introduced in Senate</text>
      </item>
      <actionByCounts>
        <senate>2</senate>
      </actionByCounts>
      <actionTypeCounts>
        <introducedInSenate>1</introducedInSenate>
        <referredToCommittee>1</referredToCommittee>
      </actionTypeCounts>
    </actions>
    <relatedBills />
    <policyArea>
      <name>Environmental Protection</name>
    </policyArea>
    <updateDate>2016-10-25T16:23:51Z</updateDate>
    <recordedVotes />
    <cboCostEstimates />
    <latestAction>
      <text>Read twice and referred to the Committee on Finance.</text>
      <actionDate>2013-04-25</actionDate>
      <links />
    </latestAction>
    <title>Big Oil Bailout Prevention Trust Fund Act of 2013</title>
    <amendments />
    <laws />
    <committeeReports />
  </bill>
  <dublinCore xmlns:dc="http://purl.org/dc/elements/1.1/">
    <dc:format>text/xml</dc:format>
    <dc:language>EN</dc:language>
    <dc:rights>Pursuant to Title 17 Section 105 of the United States Code, this file is not subject to copyright protection and is in the public domain.</dc:rights>
    <dc:contributor>Congressional Research Service, Library of Congress</dc:contributor>
    <dc:description>This file contains bill summaries and statuses for federal legislation. A bill summary describes the most significant provisions of a piece of legislation and details the effects the legislative text may have on current law and federal programs. Bill summaries are authored by the Congressional Research Service (CRS) of the Library of Congress. As stated in Public Law 91-510 (2 USC 166 (d)(6)), one of the duties of CRS is "to prepare summaries and digests of bills and resolutions of a public general nature introduced in the Senate or House of Representatives". For more information, refer to the User Guide that accompanies this file.</dc:description>
  </dublinCore>
</billStatus>

