<?xml version="1.0" encoding="UTF-8"?>
<billStatus>
  <bill>
    <billNumber>456</billNumber>
    <titles>
      <item>
        <chamberName />
        <titleType>Short Titles as Introduced</titleType>
        <title>Annual National Classified School Employee of the Year Award Act</title>
        <chamberCode />
        <parentTitleType />
      </item>
      <item>
        <chamberName />
        <titleType>Official Title as Introduced</titleType>
        <title>A bill to direct the Secretary of Education to establish an award program recognizing excellence exhibited by public school system employees providing services to students in prekindergarten through higher education.</title>
        <chamberCode />
        <parentTitleType />
      </item>
      <item>
        <chamberName />
        <titleType>Display Title</titleType>
        <title>Annual National Classified School Employee of the Year Award Act</title>
        <chamberCode />
        <parentTitleType />
      </item>
    </titles>
    <actions>
      <item>
        <actionDate>2013-03-05</actionDate>
        <committee>
          <systemCode>sshr00</systemCode>
          <name>Health, Education, Labor, and Pensions Committee</name>
        </committee>
        <links />
        <sourceSystem>
          <name>Senate</name>
          <code>0</code>
        </sourceSystem>
        <text>Read twice and referred to the Committee on Health, Education, Labor, and Pensions.</text>
        <type>IntroReferral</type>
      </item>
      <item>
        <committee />
        <type>IntroReferral</type>
        <links />
        <actionCode>10000</actionCode>
        <sourceSystem>
          <name>Library of Congress</name>
          <code>9</code>
        </sourceSystem>
        <actionDate>2013-03-05</actionDate>
        <text>Introduced in Senate</text>
      </item>
      <actionByCounts>
        <senate>2</senate>
      </actionByCounts>
      <actionTypeCounts>
        <introducedInSenate>1</introducedInSenate>
        <referredToCommittee>1</referredToCommittee>
      </actionTypeCounts>
    </actions>
    <updateDate>2016-10-25T16:21:25Z</updateDate>
    <summaries>
      <billSummaries>
        <item>
          <versionCode>00</versionCode>
          <text><![CDATA[<p>Annual National Classified School Employee of the Year Award Act - Directs the Secretary of Education to award National Classified School Employee of the Year Awards to classified public school employees within certain occupational specialties who provide exemplary service to students in prekindergarten through higher education.</p> <p>Requires the Secretary to choose an awardee each year, out of nominations received from each state, from one of the following occupational specialties: (1) paraprofessional services, (2) clerical and administrative services, (3) transportation services, (4) food and nutrition services, (5) custodial and maintenance services, (6) security services, (7) health and student services, (8) technical services, and (9) skilled trades.<br> </p>]]></text>
          <updateDate>2013-03-05T05:00:00Z</updateDate>
          <lastSummaryUpdateDate>2013-03-23T16:25:27Z</lastSummaryUpdateDate>
          <actionDate>2013-03-05</actionDate>
          <actionDesc>Introduced in Senate</actionDesc>
          <name>Introduced in Senate</name>
        </item>
      </billSummaries>
    </summaries>
    <sponsors>
      <item>
        <firstName>PATTY</firstName>
        <fullName>Sen. Murray, Patty [D-WA]</fullName>
        <middleName />
        <bioguideId>M001111</bioguideId>
        <byRequestType />
        <lastName>MURRAY</lastName>
        <identifiers>
          <gpoId>8237</gpoId>
          <bioguideId>M001111</bioguideId>
          <lisID>1409</lisID>
        </identifiers>
      </item>
    </sponsors>
    <congress>113</congress>
    <notes />
    <committees>
      <billCommittees>
        <item>
          <systemCode>sshr00</systemCode>
          <subcommittees />
          <chamber>Senate</chamber>
          <type>Standing</type>
          <name>Health, Education, Labor, and Pensions Committee</name>
          <activities>
            <item>
              <name>Referred to</name>
              <date>2013-03-05T20:14:44Z</date>
            </item>
          </activities>
        </item>
      </billCommittees>
    </committees>
    <introducedDate>2013-03-05</introducedDate>
    <createDate>2013-03-06T07:01:12Z</createDate>
    <policyArea>
      <name>Education</name>
    </policyArea>
    <laws />
    <billType>S</billType>
    <subjects>
      <billSubjects>
        <policyArea>
          <name>Education</name>
        </policyArea>
        <legislativeSubjects>
          <item>
            <name>Child safety and welfare</name>
          </item>
          <item>
            <name>Educational facilities and institutions</name>
          </item>
          <item>
            <name>Elementary and secondary education</name>
          </item>
          <item>
            <name>Government employee pay, benefits, personnel management</name>
          </item>
          <item>
            <name>Higher education</name>
          </item>
          <item>
            <name>Preschool education</name>
          </item>
          <item>
            <name>School administration</name>
          </item>
          <item>
            <name>State and local government operations</name>
          </item>
        </legislativeSubjects>
      </billSubjects>
    </subjects>
    <cosponsors>
      <item>
        <firstName>BARBARA</firstName>
        <fullName>Sen. Boxer, Barbara [D-CA]</fullName>
        <identifiers>
          <gpoId>8306</gpoId>
          <bioguideId>B000711</bioguideId>
          <lisID>116</lisID>
        </identifiers>
        <bioguideId>B000711</bioguideId>
        <sponsorshipWithdrawnDate />
        <middleName />
        <isOriginalCosponsor>True</isOriginalCosponsor>
        <sponsorshipDate>2013-03-05</sponsorshipDate>
        <lastName>BOXER</lastName>
      </item>
      <item>
        <firstName>DEBORAH</firstName>
        <fullName>Sen. Stabenow, Debbie [D-MI]</fullName>
        <identifiers>
          <lisID>1531</lisID>
          <bioguideId>S000770</bioguideId>
          <gpoId>8261</gpoId>
        </identifiers>
        <bioguideId>S000770</bioguideId>
        <sponsorshipWithdrawnDate />
        <middleName>ANN</middleName>
        <isOriginalCosponsor>True</isOriginalCosponsor>
        <sponsorshipDate>2013-03-05</sponsorshipDate>
        <lastName>STABENOW</lastName>
      </item>
      <item>
        <firstName>Al</firstName>
        <fullName>Sen. Franken, Al [D-MN]</fullName>
        <identifiers>
          <lisID>1969</lisID>
          <gpoId>8339</gpoId>
          <bioguideId>F000457</bioguideId>
        </identifiers>
        <bioguideId>F000457</bioguideId>
        <sponsorshipWithdrawnDate />
        <middleName />
        <isOriginalCosponsor>True</isOriginalCosponsor>
        <sponsorshipDate>2013-03-05</sponsorshipDate>
        <lastName>Franken</lastName>
      </item>
      <item>
        <firstName>Amy</firstName>
        <fullName>Sen. Klobuchar, Amy [D-MN]</fullName>
        <identifiers>
          <bioguideId>K000367</bioguideId>
          <lisID>1826</lisID>
          <gpoId>8249</gpoId>
        </identifiers>
        <bioguideId>K000367</bioguideId>
        <sponsorshipWithdrawnDate />
        <middleName />
        <isOriginalCosponsor>True</isOriginalCosponsor>
        <sponsorshipDate>2013-03-05</sponsorshipDate>
        <lastName>Klobuchar</lastName>
      </item>
      <item>
        <firstName>CHARLES</firstName>
        <fullName>Sen. Grassley, Chuck [R-IA]</fullName>
        <identifiers>
          <gpoId>8316</gpoId>
          <lisID>457</lisID>
          <bioguideId>G000386</bioguideId>
        </identifiers>
        <bioguideId>G000386</bioguideId>
        <sponsorshipWithdrawnDate />
        <middleName>ERNEST</middleName>
        <isOriginalCosponsor>True</isOriginalCosponsor>
        <sponsorshipDate>2013-03-05</sponsorshipDate>
        <lastName>GRASSLEY</lastName>
      </item>
      <item>
        <firstName>MARIA</firstName>
        <fullName>Sen. Cantwell, Maria [D-WA]</fullName>
        <identifiers>
          <gpoId>8288</gpoId>
          <lisID>172</lisID>
          <bioguideId>C000127</bioguideId>
        </identifiers>
        <bioguideId>C000127</bioguideId>
        <sponsorshipWithdrawnDate />
        <middleName />
        <isOriginalCosponsor>False</isOriginalCosponsor>
        <sponsorshipDate>2013-05-07</sponsorshipDate>
        <lastName>CANTWELL</lastName>
      </item>
      <item>
        <firstName>Brian</firstName>
        <fullName>Sen. Schatz, Brian [D-HI]</fullName>
        <identifiers>
          <bioguideId>S001194</bioguideId>
          <lisID>2173</lisID>
          <gpoId />
        </identifiers>
        <bioguideId>S001194</bioguideId>
        <sponsorshipWithdrawnDate />
        <middleName />
        <isOriginalCosponsor>False</isOriginalCosponsor>
        <sponsorshipDate>2013-09-17</sponsorshipDate>
        <lastName>Schatz</lastName>
      </item>
      <item>
        <firstName>RICHARD</firstName>
        <fullName>Sen. Durbin, Richard [D-IL]</fullName>
        <identifiers>
          <bioguideId>D000563</bioguideId>
          <lisID>326</lisID>
          <gpoId>8326</gpoId>
        </identifiers>
        <bioguideId>D000563</bioguideId>
        <sponsorshipWithdrawnDate />
        <middleName>J.</middleName>
        <isOriginalCosponsor>False</isOriginalCosponsor>
        <sponsorshipDate>2013-12-20</sponsorshipDate>
        <lastName>DURBIN</lastName>
      </item>
      <item>
        <firstName>Mazie</firstName>
        <fullName>Sen. Hirono, Mazie K. [D-HI]</fullName>
        <identifiers>
          <lisID>1844</lisID>
          <gpoId>7913</gpoId>
          <bioguideId>H001042</bioguideId>
        </identifiers>
        <bioguideId>H001042</bioguideId>
        <sponsorshipWithdrawnDate />
        <middleName>K.</middleName>
        <isOriginalCosponsor>False</isOriginalCosponsor>
        <sponsorshipDate>2013-12-20</sponsorshipDate>
        <lastName>Hirono</lastName>
      </item>
    </cosponsors>
    <calendarNumbers />
    <relatedBills />
    <amendments />
    <recordedVotes />
    <title>Annual National Classified School Employee of the Year Award Act</title>
    <latestAction>
      <actionDate>2013-03-05</actionDate>
      <text>Read twice and referred to the Committee on Health, Education, Labor, and Pensions.</text>
      <links />
    </latestAction>
    <cboCostEstimates />
    <originChamber>Senate</originChamber>
    <committeeReports />
  </bill>
  <dublinCore xmlns:dc="http://purl.org/dc/elements/1.1/">
    <dc:format>text/xml</dc:format>
    <dc:language>EN</dc:language>
    <dc:rights>Pursuant to Title 17 Section 105 of the United States Code, this file is not subject to copyright protection and is in the public domain.</dc:rights>
    <dc:contributor>Congressional Research Service, Library of Congress</dc:contributor>
    <dc:description>This file contains bill summaries and statuses for federal legislation. A bill summary describes the most significant provisions of a piece of legislation and details the effects the legislative text may have on current law and federal programs. Bill summaries are authored by the Congressional Research Service (CRS) of the Library of Congress. As stated in Public Law 91-510 (2 USC 166 (d)(6)), one of the duties of CRS is "to prepare summaries and digests of bills and resolutions of a public general nature introduced in the Senate or House of Representatives". For more information, refer to the User Guide that accompanies this file.</dc:description>
  </dublinCore>
</billStatus>

