<?xml version="1.0" encoding="UTF-8"?>
<billStatus>
  <bill>
    <billNumber>367</billNumber>
    <titles>
      <item>
        <chamberName />
        <parentTitleType />
        <titleType>Short Titles as Introduced</titleType>
        <chamberCode />
        <title>Medicare Access to Rehabilitation Services Act of 2013</title>
      </item>
      <item>
        <chamberName />
        <parentTitleType />
        <titleType>Official Title as Introduced</titleType>
        <chamberCode />
        <title>A bill to amend title XVIII of the Social Security Act to repeal the Medicare outpatient rehabilitation therapy caps.</title>
      </item>
      <item>
        <chamberName />
        <parentTitleType />
        <titleType>Display Title</titleType>
        <chamberCode />
        <title>Medicare Access to Rehabilitation Services Act of 2013</title>
      </item>
    </titles>
    <actions>
      <actionTypeCounts>
        <introducedInSenate>1</introducedInSenate>
        <referredToCommittee>1</referredToCommittee>
      </actionTypeCounts>
      <item>
        <actionDate>2013-02-14</actionDate>
        <committee>
          <name>Finance Committee</name>
          <systemCode>ssfi00</systemCode>
        </committee>
        <links />
        <sourceSystem>
          <name>Senate</name>
          <code>0</code>
        </sourceSystem>
        <text>Read twice and referred to the Committee on Finance.</text>
        <type>IntroReferral</type>
      </item>
      <item>
        <committee />
        <actionCode>10000</actionCode>
        <type>IntroReferral</type>
        <sourceSystem>
          <name>Library of Congress</name>
          <code>9</code>
        </sourceSystem>
        <links />
        <text>Introduced in Senate</text>
        <actionDate>2013-02-14</actionDate>
      </item>
      <actionByCounts>
        <senate>2</senate>
      </actionByCounts>
    </actions>
    <updateDate>2016-10-25T16:21:06Z</updateDate>
    <summaries>
      <billSummaries>
        <item>
          <updateDate>2013-02-14T05:00:00Z</updateDate>
          <text><![CDATA[<p>Medicare Access to Rehabilitation Services Act of 2013 - Amends title XVIII (Medicare) of the Social Security Act to repeal the caps on Medicare outpatient rehabilitation physical therapy services and speech-language pathology services.</p>]]></text>
          <actionDate>2013-02-14</actionDate>
          <actionDesc>Introduced in Senate</actionDesc>
          <name>Introduced in Senate</name>
          <lastSummaryUpdateDate>2013-03-11T21:26:27Z</lastSummaryUpdateDate>
          <versionCode>00</versionCode>
        </item>
      </billSummaries>
    </summaries>
    <sponsors>
      <item>
        <firstName>BENJAMIN</firstName>
        <fullName>Sen. Cardin, Benjamin L. [D-MD]</fullName>
        <middleName>L.</middleName>
        <bioguideId>C000141</bioguideId>
        <byRequestType />
        <lastName>CARDIN</lastName>
        <identifiers>
          <bioguideId>C000141</bioguideId>
          <lisID>174</lisID>
          <gpoId>8287</gpoId>
        </identifiers>
      </item>
    </sponsors>
    <congress>113</congress>
    <notes />
    <committees>
      <billCommittees>
        <item>
          <activities>
            <item>
              <date>2013-02-14T22:46:39Z</date>
              <name>Referred to</name>
            </item>
          </activities>
          <chamber>Senate</chamber>
          <type>Standing</type>
          <subcommittees />
          <name>Finance Committee</name>
          <systemCode>ssfi00</systemCode>
        </item>
      </billCommittees>
    </committees>
    <introducedDate>2013-02-14</introducedDate>
    <createDate>2013-02-15T07:00:53Z</createDate>
    <policyArea>
      <name>Health</name>
    </policyArea>
    <laws />
    <billType>S</billType>
    <subjects>
      <billSubjects>
        <policyArea>
          <name>Health</name>
        </policyArea>
        <legislativeSubjects>
          <item>
            <name>Home and outpatient care</name>
          </item>
          <item>
            <name>Long-term, rehabilitative, and terminal care</name>
          </item>
          <item>
            <name>Medicare</name>
          </item>
        </legislativeSubjects>
      </billSubjects>
    </subjects>
    <cosponsors>
      <item>
        <lastName>COLLINS</lastName>
        <sponsorshipDate>2013-02-14</sponsorshipDate>
        <firstName>SUSAN</firstName>
        <identifiers>
          <lisID>1541</lisID>
          <bioguideId>C001035</bioguideId>
          <gpoId>8291</gpoId>
        </identifiers>
        <isOriginalCosponsor>True</isOriginalCosponsor>
        <bioguideId>C001035</bioguideId>
        <fullName>Sen. Collins, Susan M. [R-ME]</fullName>
        <middleName>MARGARET</middleName>
        <sponsorshipWithdrawnDate />
      </item>
      <item>
        <lastName>REED</lastName>
        <sponsorshipDate>2013-02-26</sponsorshipDate>
        <firstName>JOHN</firstName>
        <identifiers>
          <gpoId>8272</gpoId>
          <lisID>949</lisID>
          <bioguideId>R000122</bioguideId>
        </identifiers>
        <isOriginalCosponsor>False</isOriginalCosponsor>
        <bioguideId>R000122</bioguideId>
        <fullName>Sen. Reed, Jack [D-RI]</fullName>
        <middleName>F.</middleName>
        <sponsorshipWithdrawnDate />
      </item>
      <item>
        <lastName>Blunt</lastName>
        <sponsorshipDate>2013-02-26</sponsorshipDate>
        <firstName>Roy</firstName>
        <identifiers>
          <gpoId>8313</gpoId>
          <bioguideId>B000575</bioguideId>
          <lisID>1464</lisID>
        </identifiers>
        <isOriginalCosponsor>False</isOriginalCosponsor>
        <bioguideId>B000575</bioguideId>
        <fullName>Sen. Blunt, Roy [R-MO]</fullName>
        <middleName />
        <sponsorshipWithdrawnDate />
      </item>
      <item>
        <lastName>HARKIN</lastName>
        <sponsorshipDate>2013-03-04</sponsorshipDate>
        <firstName>THOMAS</firstName>
        <identifiers>
          <lisID>501</lisID>
          <bioguideId>H000206</bioguideId>
          <gpoId>8317</gpoId>
        </identifiers>
        <isOriginalCosponsor>False</isOriginalCosponsor>
        <bioguideId>H000206</bioguideId>
        <fullName>Sen. Harkin, Tom [D-IA]</fullName>
        <middleName>RICHARD</middleName>
        <sponsorshipWithdrawnDate />
      </item>
      <item>
        <lastName>DURBIN</lastName>
        <sponsorshipDate>2013-03-05</sponsorshipDate>
        <firstName>RICHARD</firstName>
        <identifiers>
          <gpoId>8326</gpoId>
          <lisID>326</lisID>
          <bioguideId>D000563</bioguideId>
        </identifiers>
        <isOriginalCosponsor>False</isOriginalCosponsor>
        <bioguideId>D000563</bioguideId>
        <fullName>Sen. Durbin, Richard [D-IL]</fullName>
        <middleName>J.</middleName>
        <sponsorshipWithdrawnDate />
      </item>
      <item>
        <lastName>Franken</lastName>
        <sponsorshipDate>2013-03-12</sponsorshipDate>
        <firstName>Al</firstName>
        <identifiers>
          <gpoId>8339</gpoId>
          <lisID>1969</lisID>
          <bioguideId>F000457</bioguideId>
        </identifiers>
        <isOriginalCosponsor>False</isOriginalCosponsor>
        <bioguideId>F000457</bioguideId>
        <fullName>Sen. Franken, Al [D-MN]</fullName>
        <middleName />
        <sponsorshipWithdrawnDate />
      </item>
      <item>
        <lastName>JOHNSON</lastName>
        <sponsorshipDate>2013-03-13</sponsorshipDate>
        <firstName>TIM</firstName>
        <identifiers>
          <gpoId>8319</gpoId>
          <bioguideId>J000177</bioguideId>
          <lisID>604</lisID>
        </identifiers>
        <isOriginalCosponsor>False</isOriginalCosponsor>
        <bioguideId>J000177</bioguideId>
        <fullName>Sen. Johnson, Tim [D-SD]</fullName>
        <middleName />
        <sponsorshipWithdrawnDate />
      </item>
      <item>
        <lastName>CANTWELL</lastName>
        <sponsorshipDate>2013-03-13</sponsorshipDate>
        <firstName>MARIA</firstName>
        <identifiers>
          <gpoId>8288</gpoId>
          <lisID>172</lisID>
          <bioguideId>C000127</bioguideId>
        </identifiers>
        <isOriginalCosponsor>False</isOriginalCosponsor>
        <bioguideId>C000127</bioguideId>
        <fullName>Sen. Cantwell, Maria [D-WA]</fullName>
        <middleName />
        <sponsorshipWithdrawnDate />
      </item>
      <item>
        <lastName>Whitehouse</lastName>
        <sponsorshipDate>2013-04-09</sponsorshipDate>
        <firstName>Sheldon</firstName>
        <identifiers>
          <lisID>1823</lisID>
          <bioguideId>W000802</bioguideId>
          <gpoId>8264</gpoId>
        </identifiers>
        <isOriginalCosponsor>False</isOriginalCosponsor>
        <bioguideId>W000802</bioguideId>
        <fullName>Sen. Whitehouse, Sheldon [D-RI]</fullName>
        <middleName />
        <sponsorshipWithdrawnDate />
      </item>
      <item>
        <lastName>MORAN</lastName>
        <sponsorshipDate>2013-04-11</sponsorshipDate>
        <firstName>JERRY</firstName>
        <identifiers>
          <gpoId>8307</gpoId>
          <lisID>1507</lisID>
          <bioguideId>M000934</bioguideId>
        </identifiers>
        <isOriginalCosponsor>False</isOriginalCosponsor>
        <bioguideId>M000934</bioguideId>
        <fullName>Sen. Moran, Jerry [R-KS]</fullName>
        <middleName />
        <sponsorshipWithdrawnDate />
      </item>
      <item>
        <lastName>LEAHY</lastName>
        <sponsorshipDate>2013-04-15</sponsorshipDate>
        <firstName>PATRICK</firstName>
        <identifiers>
          <bioguideId>L000174</bioguideId>
          <lisID>1383</lisID>
          <gpoId>8244</gpoId>
        </identifiers>
        <isOriginalCosponsor>False</isOriginalCosponsor>
        <bioguideId>L000174</bioguideId>
        <fullName>Sen. Leahy, Patrick J. [D-VT]</fullName>
        <middleName>JOSEPH</middleName>
        <sponsorshipWithdrawnDate />
      </item>
      <item>
        <lastName>Casey</lastName>
        <sponsorshipDate>2013-04-17</sponsorshipDate>
        <firstName>Bob</firstName>
        <identifiers>
          <bioguideId>C001070</bioguideId>
          <lisID>1828</lisID>
          <gpoId>8282</gpoId>
        </identifiers>
        <isOriginalCosponsor>False</isOriginalCosponsor>
        <bioguideId>C001070</bioguideId>
        <fullName>Sen. Casey, Robert P., Jr. [D-PA]</fullName>
        <middleName />
        <sponsorshipWithdrawnDate />
      </item>
      <item>
        <lastName>SCHUMER</lastName>
        <sponsorshipDate>2013-04-18</sponsorshipDate>
        <firstName>CHARLES</firstName>
        <identifiers>
          <lisID>1036</lisID>
          <bioguideId>S000148</bioguideId>
          <gpoId>8279</gpoId>
        </identifiers>
        <isOriginalCosponsor>False</isOriginalCosponsor>
        <bioguideId>S000148</bioguideId>
        <fullName>Sen. Schumer, Charles E. [D-NY]</fullName>
        <middleName>E.</middleName>
        <sponsorshipWithdrawnDate />
      </item>
      <item>
        <lastName>Heinrich</lastName>
        <sponsorshipDate>2013-04-25</sponsorshipDate>
        <firstName>Martin</firstName>
        <identifiers>
          <lisID>1937</lisID>
          <bioguideId>H001046</bioguideId>
          <gpoId>8056</gpoId>
        </identifiers>
        <isOriginalCosponsor>False</isOriginalCosponsor>
        <bioguideId>H001046</bioguideId>
        <fullName>Sen. Heinrich, Martin [D-NM]</fullName>
        <middleName />
        <sponsorshipWithdrawnDate />
      </item>
      <item>
        <lastName>LANDRIEU</lastName>
        <sponsorshipDate>2013-05-08</sponsorshipDate>
        <firstName>MARY</firstName>
        <identifiers>
          <gpoId>8251</gpoId>
          <lisID>1546</lisID>
          <bioguideId>L000550</bioguideId>
        </identifiers>
        <isOriginalCosponsor>False</isOriginalCosponsor>
        <bioguideId>L000550</bioguideId>
        <fullName>Sen. Landrieu, Mary L. [D-LA]</fullName>
        <middleName />
        <sponsorshipWithdrawnDate />
      </item>
      <item>
        <lastName>GRAHAM</lastName>
        <sponsorshipDate>2013-05-13</sponsorshipDate>
        <firstName>LINDSEY</firstName>
        <identifiers>
          <lisID>452</lisID>
          <gpoId>8335</gpoId>
          <bioguideId>G000359</bioguideId>
        </identifiers>
        <isOriginalCosponsor>False</isOriginalCosponsor>
        <bioguideId>G000359</bioguideId>
        <fullName>Sen. Graham, Lindsey [R-SC]</fullName>
        <middleName>O.</middleName>
        <sponsorshipWithdrawnDate />
      </item>
      <item>
        <lastName>Warren</lastName>
        <sponsorshipDate>2013-05-15</sponsorshipDate>
        <firstName>Elizabeth</firstName>
        <identifiers>
          <bioguideId>W000817</bioguideId>
          <lisID>2182</lisID>
          <gpoId />
        </identifiers>
        <isOriginalCosponsor>False</isOriginalCosponsor>
        <bioguideId>W000817</bioguideId>
        <fullName>Sen. Warren, Elizabeth [D-MA]</fullName>
        <middleName>A.</middleName>
        <sponsorshipWithdrawnDate />
      </item>
      <item>
        <lastName>WICKER</lastName>
        <sponsorshipDate>2013-05-23</sponsorshipDate>
        <firstName>ROGER</firstName>
        <identifiers>
          <lisID>1226</lisID>
          <bioguideId>W000437</bioguideId>
          <gpoId>8263</gpoId>
        </identifiers>
        <isOriginalCosponsor>False</isOriginalCosponsor>
        <bioguideId>W000437</bioguideId>
        <fullName>Sen. Wicker, Roger F. [R-MS]</fullName>
        <middleName>F.</middleName>
        <sponsorshipWithdrawnDate />
      </item>
      <item>
        <lastName>Murphy</lastName>
        <sponsorshipDate>2013-06-12</sponsorshipDate>
        <firstName>Christopher</firstName>
        <identifiers>
          <gpoId>7870</gpoId>
          <lisID>1837</lisID>
          <bioguideId>M001169</bioguideId>
        </identifiers>
        <isOriginalCosponsor>False</isOriginalCosponsor>
        <bioguideId>M001169</bioguideId>
        <fullName>Sen. Murphy, Christopher S. [D-CT]</fullName>
        <middleName>S.</middleName>
        <sponsorshipWithdrawnDate />
      </item>
      <item>
        <lastName>King</lastName>
        <sponsorshipDate>2013-06-18</sponsorshipDate>
        <firstName>Angus</firstName>
        <identifiers>
          <lisID>2185</lisID>
          <gpoId />
          <bioguideId>K000383</bioguideId>
        </identifiers>
        <isOriginalCosponsor>False</isOriginalCosponsor>
        <bioguideId>K000383</bioguideId>
        <fullName>Sen. King, Angus S. Jr. [I-ME]</fullName>
        <middleName />
        <sponsorshipWithdrawnDate />
      </item>
      <item>
        <lastName>Klobuchar</lastName>
        <sponsorshipDate>2013-06-24</sponsorshipDate>
        <firstName>Amy</firstName>
        <identifiers>
          <gpoId>8249</gpoId>
          <bioguideId>K000367</bioguideId>
          <lisID>1826</lisID>
        </identifiers>
        <isOriginalCosponsor>False</isOriginalCosponsor>
        <bioguideId>K000367</bioguideId>
        <fullName>Sen. Klobuchar, Amy [D-MN]</fullName>
        <middleName />
        <sponsorshipWithdrawnDate />
      </item>
      <item>
        <lastName>BROWN</lastName>
        <sponsorshipDate>2013-07-25</sponsorshipDate>
        <firstName>SHERROD</firstName>
        <identifiers>
          <gpoId>8309</gpoId>
          <lisID>136</lisID>
          <bioguideId>B000944</bioguideId>
        </identifiers>
        <isOriginalCosponsor>False</isOriginalCosponsor>
        <bioguideId>B000944</bioguideId>
        <fullName>Sen. Brown, Sherrod [D-OH]</fullName>
        <middleName />
        <sponsorshipWithdrawnDate />
      </item>
      <item>
        <lastName>Bennet</lastName>
        <sponsorshipDate>2013-08-01</sponsorshipDate>
        <firstName>Michael</firstName>
        <identifiers>
          <lisID>1965</lisID>
          <bioguideId>B001267</bioguideId>
          <gpoId>8302</gpoId>
        </identifiers>
        <isOriginalCosponsor>False</isOriginalCosponsor>
        <bioguideId>B001267</bioguideId>
        <fullName>Sen. Bennet, Michael F. [D-CO]</fullName>
        <middleName>F.</middleName>
        <sponsorshipWithdrawnDate />
      </item>
      <item>
        <lastName>Hagan</lastName>
        <sponsorshipDate>2013-09-09</sponsorshipDate>
        <firstName>Kay</firstName>
        <identifiers>
          <gpoId>8318</gpoId>
          <bioguideId>H001049</bioguideId>
          <lisID>1902</lisID>
        </identifiers>
        <isOriginalCosponsor>False</isOriginalCosponsor>
        <bioguideId>H001049</bioguideId>
        <fullName>Sen. Hagan, Kay [D-NC]</fullName>
        <middleName>R.</middleName>
        <sponsorshipWithdrawnDate />
      </item>
      <item>
        <lastName>STABENOW</lastName>
        <sponsorshipDate>2013-09-18</sponsorshipDate>
        <firstName>DEBORAH</firstName>
        <identifiers>
          <gpoId>8261</gpoId>
          <lisID>1531</lisID>
          <bioguideId>S000770</bioguideId>
        </identifiers>
        <isOriginalCosponsor>False</isOriginalCosponsor>
        <bioguideId>S000770</bioguideId>
        <fullName>Sen. Stabenow, Debbie [D-MI]</fullName>
        <middleName>ANN</middleName>
        <sponsorshipWithdrawnDate />
      </item>
      <item>
        <lastName>MIKULSKI</lastName>
        <sponsorshipDate>2013-09-24</sponsorshipDate>
        <firstName>BARBARA</firstName>
        <identifiers>
          <bioguideId>M000702</bioguideId>
          <lisID>802</lisID>
          <gpoId>8240</gpoId>
        </identifiers>
        <isOriginalCosponsor>False</isOriginalCosponsor>
        <bioguideId>M000702</bioguideId>
        <fullName>Sen. Mikulski, Barbara A. [D-MD]</fullName>
        <middleName>ANN</middleName>
        <sponsorshipWithdrawnDate />
      </item>
      <item>
        <lastName>Heller</lastName>
        <sponsorshipDate>2013-11-07</sponsorshipDate>
        <firstName>Dean</firstName>
        <identifiers>
          <gpoId>8060</gpoId>
          <bioguideId>H001041</bioguideId>
          <lisID>1863</lisID>
        </identifiers>
        <isOriginalCosponsor>False</isOriginalCosponsor>
        <bioguideId>H001041</bioguideId>
        <fullName>Sen. Heller, Dean [R-NV]</fullName>
        <middleName />
        <sponsorshipWithdrawnDate />
      </item>
      <item>
        <lastName>Coons</lastName>
        <sponsorshipDate>2013-11-12</sponsorshipDate>
        <firstName>Christopher</firstName>
        <identifiers>
          <bioguideId>C001088</bioguideId>
          <lisID>1984</lisID>
          <gpoId>8297</gpoId>
        </identifiers>
        <isOriginalCosponsor>False</isOriginalCosponsor>
        <bioguideId>C001088</bioguideId>
        <fullName>Sen. Coons, Christopher A. [D-DE]</fullName>
        <middleName>A.</middleName>
        <sponsorshipWithdrawnDate />
      </item>
      <item>
        <lastName>Shaheen</lastName>
        <sponsorshipDate>2013-12-10</sponsorshipDate>
        <firstName>Jeanne</firstName>
        <identifiers>
          <bioguideId>S001181</bioguideId>
          <lisID>1901</lisID>
          <gpoId>8276</gpoId>
        </identifiers>
        <isOriginalCosponsor>False</isOriginalCosponsor>
        <bioguideId>S001181</bioguideId>
        <fullName>Sen. Shaheen, Jeanne [D-NH]</fullName>
        <middleName />
        <sponsorshipWithdrawnDate />
      </item>
      <item>
        <lastName>Tester</lastName>
        <sponsorshipDate>2013-12-10</sponsorshipDate>
        <firstName>Jon</firstName>
        <identifiers>
          <gpoId>8258</gpoId>
          <lisID>1829</lisID>
          <bioguideId>T000464</bioguideId>
        </identifiers>
        <isOriginalCosponsor>False</isOriginalCosponsor>
        <bioguideId>T000464</bioguideId>
        <fullName>Sen. Tester, Jon [D-MT]</fullName>
        <middleName />
        <sponsorshipWithdrawnDate />
      </item>
      <item>
        <lastName>KIRK</lastName>
        <sponsorshipDate>2013-12-16</sponsorshipDate>
        <firstName>MARK</firstName>
        <identifiers>
          <bioguideId>K000360</bioguideId>
          <lisID>1647</lisID>
          <gpoId>8285</gpoId>
        </identifiers>
        <isOriginalCosponsor>False</isOriginalCosponsor>
        <bioguideId>K000360</bioguideId>
        <fullName>Sen. Kirk, Mark Steven [R-IL]</fullName>
        <middleName>STEVEN</middleName>
        <sponsorshipWithdrawnDate />
      </item>
      <item>
        <lastName>Ayotte</lastName>
        <sponsorshipDate>2014-01-08</sponsorshipDate>
        <firstName>Kelly</firstName>
        <identifiers>
          <bioguideId>A000368</bioguideId>
          <lisID>2075</lisID>
          <gpoId>8315</gpoId>
        </identifiers>
        <isOriginalCosponsor>False</isOriginalCosponsor>
        <bioguideId>A000368</bioguideId>
        <fullName>Sen. Ayotte, Kelly [R-NH]</fullName>
        <middleName />
        <sponsorshipWithdrawnDate />
      </item>
      <item>
        <lastName>Gillibrand</lastName>
        <sponsorshipDate>2014-04-10</sponsorshipDate>
        <firstName>Kirsten</firstName>
        <identifiers>
          <lisID>1866</lisID>
          <gpoId>8336</gpoId>
          <bioguideId>G000555</bioguideId>
        </identifiers>
        <isOriginalCosponsor>False</isOriginalCosponsor>
        <bioguideId>G000555</bioguideId>
        <fullName>Sen. Gillibrand, Kirsten E. [D-NY]</fullName>
        <middleName>E.</middleName>
        <sponsorshipWithdrawnDate />
      </item>
    </cosponsors>
    <calendarNumbers />
    <relatedBills>
      <item>
        <latestAction>
          <text>Referred to the Subcommittee on Health.</text>
          <actionDate>2013-02-19</actionDate>
        </latestAction>
        <congress>113</congress>
        <latestTitle>Medicare Access to Rehabilitation Services Act of 2013</latestTitle>
        <relationshipDetails>
          <item>
            <identifiedBy>CRS</identifiedBy>
            <type>Identical bill</type>
          </item>
        </relationshipDetails>
        <number>713</number>
        <type>HR</type>
      </item>
    </relatedBills>
    <amendments />
    <recordedVotes />
    <title>Medicare Access to Rehabilitation Services Act of 2013</title>
    <latestAction>
      <actionDate>2013-02-14</actionDate>
      <text>Read twice and referred to the Committee on Finance.</text>
      <links />
    </latestAction>
    <cboCostEstimates />
    <originChamber>Senate</originChamber>
    <committeeReports />
  </bill>
  <dublinCore xmlns:dc="http://purl.org/dc/elements/1.1/">
    <dc:format>text/xml</dc:format>
    <dc:language>EN</dc:language>
    <dc:rights>Pursuant to Title 17 Section 105 of the United States Code, this file is not subject to copyright protection and is in the public domain.</dc:rights>
    <dc:contributor>Congressional Research Service, Library of Congress</dc:contributor>
    <dc:description>This file contains bill summaries and statuses for federal legislation. A bill summary describes the most significant provisions of a piece of legislation and details the effects the legislative text may have on current law and federal programs. Bill summaries are authored by the Congressional Research Service (CRS) of the Library of Congress. As stated in Public Law 91-510 (2 USC 166 (d)(6)), one of the duties of CRS is "to prepare summaries and digests of bills and resolutions of a public general nature introduced in the Senate or House of Representatives". For more information, refer to the User Guide that accompanies this file.</dc:description>
  </dublinCore>
</billStatus>

