<?xml version="1.0" encoding="UTF-8"?>
<billStatus>
  <bill>
    <actions>
      <actionTypeCounts>
        <referredToCommittee>1</referredToCommittee>
        <introducedInSenate>1</introducedInSenate>
      </actionTypeCounts>
      <actionByCounts>
        <senate>2</senate>
      </actionByCounts>
      <item>
        <actionDate>2013-04-24</actionDate>
        <committee>
          <name>Finance Committee</name>
          <systemCode>ssfi00</systemCode>
        </committee>
        <links />
        <sourceSystem>
          <name>Senate</name>
          <code>0</code>
        </sourceSystem>
        <text>Read twice and referred to the Committee on Finance.</text>
        <type>IntroReferral</type>
      </item>
      <item>
        <committee />
        <sourceSystem>
          <name>Library of Congress</name>
          <code>9</code>
        </sourceSystem>
        <type>IntroReferral</type>
        <text>Introduced in Senate</text>
        <actionDate>2013-04-24</actionDate>
        <links />
        <actionCode>10000</actionCode>
      </item>
    </actions>
    <title>Superstorm Sandy Unemployment Relief Act of 2013</title>
    <cosponsors>
      <item>
        <lastName>Gillibrand</lastName>
        <fullName>Sen. Gillibrand, Kirsten E. [D-NY]</fullName>
        <bioguideId>G000555</bioguideId>
        <sponsorshipWithdrawnDate />
        <identifiers>
          <bioguideId>G000555</bioguideId>
          <lisID>1866</lisID>
          <gpoId>8336</gpoId>
        </identifiers>
        <isOriginalCosponsor>True</isOriginalCosponsor>
        <firstName>Kirsten</firstName>
        <sponsorshipDate>2013-04-24</sponsorshipDate>
        <middleName>E.</middleName>
      </item>
      <item>
        <lastName>Blumenthal</lastName>
        <fullName>Sen. Blumenthal, Richard [D-CT]</fullName>
        <bioguideId>B001277</bioguideId>
        <sponsorshipWithdrawnDate />
        <identifiers>
          <lisID>2076</lisID>
          <gpoId>8332</gpoId>
          <bioguideId>B001277</bioguideId>
        </identifiers>
        <isOriginalCosponsor>True</isOriginalCosponsor>
        <firstName>Richard</firstName>
        <sponsorshipDate>2013-04-24</sponsorshipDate>
        <middleName />
      </item>
    </cosponsors>
    <sponsors>
      <item>
        <middleName>R.</middleName>
        <firstName>FRANK</firstName>
        <byRequestType />
        <bioguideId>L000123</bioguideId>
        <fullName>Sen. Lautenberg, Frank R. [D-NJ]</fullName>
        <lastName>LAUTENBERG</lastName>
        <identifiers>
          <gpoId>8245</gpoId>
          <lisID>1381</lisID>
          <bioguideId>L000123</bioguideId>
        </identifiers>
      </item>
    </sponsors>
    <subjects>
      <billSubjects>
        <policyArea>
          <name>Labor and Employment</name>
        </policyArea>
        <legislativeSubjects>
          <item>
            <name>Appropriations</name>
          </item>
          <item>
            <name>Disaster relief and insurance</name>
          </item>
          <item>
            <name>Floods and storm protection</name>
          </item>
          <item>
            <name>Natural disasters</name>
          </item>
          <item>
            <name>State and local government operations</name>
          </item>
          <item>
            <name>Unemployment</name>
          </item>
        </legislativeSubjects>
      </billSubjects>
    </subjects>
    <updateDate>2016-10-25T16:23:46Z</updateDate>
    <originChamber>Senate</originChamber>
    <titles>
      <item>
        <title>Superstorm Sandy Unemployment Relief Act of 2013</title>
        <parentTitleType />
        <chamberName />
        <chamberCode />
        <titleType>Short Titles as Introduced</titleType>
      </item>
      <item>
        <title>A bill to provide enhanced disaster unemployment assistance to States affected by Hurricane Sandy and Tropical Storm Sandy of 2012, and for other purposes.</title>
        <parentTitleType />
        <chamberName />
        <chamberCode />
        <titleType>Official Title as Introduced</titleType>
      </item>
      <item>
        <title>Superstorm Sandy Unemployment Relief Act of 2013</title>
        <parentTitleType />
        <chamberName />
        <chamberCode />
        <titleType>Display Title</titleType>
      </item>
    </titles>
    <createDate>2013-04-25T07:02:12Z</createDate>
    <congress>113</congress>
    <introducedDate>2013-04-24</introducedDate>
    <latestAction>
      <links />
      <actionDate>2013-04-24</actionDate>
      <text>Read twice and referred to the Committee on Finance.</text>
    </latestAction>
    <laws />
    <relatedBills />
    <notes />
    <recordedVotes />
    <cboCostEstimates />
    <policyArea>
      <name>Labor and Employment</name>
    </policyArea>
    <billNumber>803</billNumber>
    <billType>S</billType>
    <committees>
      <billCommittees>
        <item>
          <subcommittees />
          <chamber>Senate</chamber>
          <systemCode>ssfi00</systemCode>
          <type>Standing</type>
          <activities>
            <item>
              <name>Referred to</name>
              <date>2013-04-24T19:24:41Z</date>
            </item>
          </activities>
          <name>Finance Committee</name>
        </item>
      </billCommittees>
    </committees>
    <amendments />
    <summaries>
      <billSummaries>
        <item>
          <versionCode>00</versionCode>
          <actionDesc>Introduced in Senate</actionDesc>
          <text><![CDATA[<p>Superstorm Sandy Unemployment Relief Act of 2013 - Directs the President, in the case of an individual eligible to receive unemployment assistance under the Robert T. Stafford Disaster Relief and Emergency Assistance Act as a result of the disaster declaration made for Hurricane Sandy after October 20, 2012, to make such assistance available for 39 weeks after the date of the declaration (currently limited to 26 weeks).</p> <p>Requires the payments to a state to equal 100% of the amount of unemployment compensation (UC) paid under state law to affected individuals in each affected state or any area within it.</p> <p> Makes payments available until July 28, 2013.</p> <p>Makes appropriations necessary to carry out this Act.</p> <p>Expresses the sense of the Senate that upon receiving a reimbursement or advance under this Act, a state should, if its law allows:</p> <ul> <li> reverse or waive any charges to employer accounts related to UC paid to affected individuals for which the reimbursement or advance is provided; or</li> <li> reimburse for such costs any state or local governmental entity, non-profit organization, Indian tribe, or other employer which elected to reimburse the state for UC paid to affected individuals in lieu of paying taxes based on charges to its employer account; and</li> <li>provide for retroactive payment of UC to affected individuals who received a waiting period credit instead of an UC payment in relation to their initial week of unemployment.</li> </ul> <p>Allows the state to receive reimbursement under this Act for any such retroactive payment. </p>]]></text>
          <lastSummaryUpdateDate>2013-05-21T20:01:57Z</lastSummaryUpdateDate>
          <name>Introduced in Senate</name>
          <actionDate>2013-04-24</actionDate>
          <updateDate>2013-04-24T04:00:00Z</updateDate>
        </item>
      </billSummaries>
    </summaries>
    <calendarNumbers />
    <committeeReports />
  </bill>
  <dublinCore xmlns:dc="http://purl.org/dc/elements/1.1/">
    <dc:format>text/xml</dc:format>
    <dc:language>EN</dc:language>
    <dc:rights>Pursuant to Title 17 Section 105 of the United States Code, this file is not subject to copyright protection and is in the public domain.</dc:rights>
    <dc:contributor>Congressional Research Service, Library of Congress</dc:contributor>
    <dc:description>This file contains bill summaries and statuses for federal legislation. A bill summary describes the most significant provisions of a piece of legislation and details the effects the legislative text may have on current law and federal programs. Bill summaries are authored by the Congressional Research Service (CRS) of the Library of Congress. As stated in Public Law 91-510 (2 USC 166 (d)(6)), one of the duties of CRS is "to prepare summaries and digests of bills and resolutions of a public general nature introduced in the Senate or House of Representatives". For more information, refer to the User Guide that accompanies this file.</dc:description>
  </dublinCore>
</billStatus>

