<?xml version="1.0" encoding="UTF-8"?>
<billStatus>
  <bill>
    <billNumber>1208</billNumber>
    <titles>
      <item>
        <chamberName />
        <chamberCode />
        <parentTitleType />
        <titleType>Short Titles as Introduced</titleType>
        <title>Consumer Rental Purchase Agreement Act</title>
      </item>
      <item>
        <chamberName />
        <chamberCode />
        <parentTitleType />
        <titleType>Official Title as Introduced</titleType>
        <title>A bill to require meaningful disclosures of the terms of rental-purchase agreements, including disclosures of all costs to consumers under such agreements, to provide certain substantive rights to consumers under such agreements, and for other purposes.</title>
      </item>
      <item>
        <chamberName />
        <chamberCode />
        <parentTitleType />
        <titleType>Display Title</titleType>
        <title>Consumer Rental Purchase Agreement Act</title>
      </item>
    </titles>
    <actions>
      <item>
        <actionDate>2013-06-20</actionDate>
        <committee>
          <systemCode>ssbk00</systemCode>
          <name>Banking, Housing, and Urban Affairs Committee</name>
        </committee>
        <links />
        <sourceSystem>
          <name>Senate</name>
          <code>0</code>
        </sourceSystem>
        <text>Read twice and referred to the Committee on Banking, Housing, and Urban Affairs.</text>
        <type>IntroReferral</type>
      </item>
      <item>
        <links />
        <actionCode>10000</actionCode>
        <committee />
        <type>IntroReferral</type>
        <sourceSystem>
          <name>Library of Congress</name>
          <code>9</code>
        </sourceSystem>
        <text>Introduced in Senate</text>
        <actionDate>2013-06-20</actionDate>
      </item>
      <actionTypeCounts>
        <referredToCommittee>1</referredToCommittee>
        <introducedInSenate>1</introducedInSenate>
      </actionTypeCounts>
      <actionByCounts>
        <senate>2</senate>
      </actionByCounts>
    </actions>
    <updateDate>2016-10-25T16:25:34Z</updateDate>
    <summaries>
      <billSummaries>
        <item>
          <lastSummaryUpdateDate>2013-08-22T15:16:22Z</lastSummaryUpdateDate>
          <name>Introduced in Senate</name>
          <actionDesc>Introduced in Senate</actionDesc>
          <text><![CDATA[<p>Consumer Rental Purchase Agreement Act - Prescribes consumer protection guidelines for rental-purchase transactions, including: (1) the determination of rental-purchase cost and a payment schedule; (2) disclosure requirements; (3) prohibitions against confessions of judgment, wage assignments, waiver of consumer legal claims or remedies, and other specified provisions; (4) furnishing of statements of account; (5) point-of-rental disclosures; and (6) clear and conspicuous rental-purchase advertising disclosures. </p> <p>Shields "rental-purchase agreements" from laws regulating: (1) a credit sale and a consumer lease as defined in the Truth in Lending Act, or (2) an extension of credit or a transaction giving rise to a debt incurred in connection with the purchase of a thing of value. </p> <p>Exempts from jurisdiction of this Act rental-purchase agreements primarily for business, commercial, or agricultural purposes, or those made with government agencies or instrumentalities. </p> <p>Declares that the consumer shall acquire ownership of a property that is the subject of the rental-purchase agreement, and the rental-purchase agreement shall terminate, upon the consumer's compliance with specified total cost payment requirements, or any early payment option provided in the rental purchase agreement, and upon payment of any past due payments and fees. </p> <p>Grants enforcement powers to the Federal Trade Commission (FTC) and requires violations of this Act to be treated as unfair or deceptive acts or practices under the Federal Trade Commission Act.</p> <p>Provides that a term or provision of state law is not inconsistent with this Act if it affords greater protection and benefit to the consumer than is provided under this Act as determined by the FTC, on its own motion or upon the petition of any interested party. </p> <p>Declares this Act to supersede state law to the extent that such law: (1) regulates a rental-purchase agreement as a security interest, credit sale, retail installment sale, conditional sale or any other form of consumer credit, or that imputes to a rental-purchase agreement the creation of a debt or extension of credit; or (2) requires the disclosure of a percentage rate calculation, including a time-price differential, an annual percentage rate, or an effective annual percentage rate. </p> <p>Shields from civil or criminal liability under this Act the United States and its agencies and any state, state agency, or state political subdivision. </p>]]></text>
          <actionDate>2013-06-20</actionDate>
          <versionCode>00</versionCode>
          <updateDate>2013-06-20T04:00:00Z</updateDate>
        </item>
      </billSummaries>
    </summaries>
    <sponsors>
      <item>
        <firstName>Jon</firstName>
        <fullName>Sen. Tester, Jon [D-MT]</fullName>
        <middleName />
        <bioguideId>T000464</bioguideId>
        <byRequestType />
        <lastName>Tester</lastName>
        <identifiers>
          <lisID>1829</lisID>
          <gpoId>8258</gpoId>
          <bioguideId>T000464</bioguideId>
        </identifiers>
      </item>
    </sponsors>
    <congress>113</congress>
    <notes />
    <committees>
      <billCommittees>
        <item>
          <activities>
            <item>
              <date>2013-06-20T21:25:06Z</date>
              <name>Referred to</name>
            </item>
          </activities>
          <chamber>Senate</chamber>
          <type>Standing</type>
          <subcommittees />
          <name>Banking, Housing, and Urban Affairs Committee</name>
          <systemCode>ssbk00</systemCode>
        </item>
      </billCommittees>
    </committees>
    <introducedDate>2013-06-20</introducedDate>
    <createDate>2013-06-21T07:01:14Z</createDate>
    <policyArea>
      <name>Finance and Financial Sector</name>
    </policyArea>
    <laws />
    <billType>S</billType>
    <subjects>
      <billSubjects>
        <policyArea>
          <name>Finance and Financial Sector</name>
        </policyArea>
        <legislativeSubjects>
          <item>
            <name>Administrative law and regulatory procedures</name>
          </item>
          <item>
            <name>Business records</name>
          </item>
          <item>
            <name>Consumer affairs</name>
          </item>
          <item>
            <name>Consumer credit</name>
          </item>
          <item>
            <name>Contracts and agency</name>
          </item>
          <item>
            <name>Federal Trade Commission (FTC)</name>
          </item>
          <item>
            <name>Federal preemption</name>
          </item>
          <item>
            <name>Fraud offenses and financial crimes</name>
          </item>
          <item>
            <name>Lease and rental services</name>
          </item>
          <item>
            <name>Marketing and advertising</name>
          </item>
          <item>
            <name>Small business</name>
          </item>
        </legislativeSubjects>
      </billSubjects>
    </subjects>
    <cosponsors>
      <item>
        <lastName>MORAN</lastName>
        <sponsorshipDate>2013-06-20</sponsorshipDate>
        <firstName>JERRY</firstName>
        <identifiers>
          <gpoId>8307</gpoId>
          <bioguideId>M000934</bioguideId>
          <lisID>1507</lisID>
        </identifiers>
        <isOriginalCosponsor>True</isOriginalCosponsor>
        <bioguideId>M000934</bioguideId>
        <fullName>Sen. Moran, Jerry [R-KS]</fullName>
        <middleName />
        <sponsorshipWithdrawnDate />
      </item>
      <item>
        <lastName>LANDRIEU</lastName>
        <sponsorshipDate>2013-07-30</sponsorshipDate>
        <firstName>MARY</firstName>
        <identifiers>
          <lisID>1546</lisID>
          <bioguideId>L000550</bioguideId>
          <gpoId>8251</gpoId>
        </identifiers>
        <isOriginalCosponsor>False</isOriginalCosponsor>
        <bioguideId>L000550</bioguideId>
        <fullName>Sen. Landrieu, Mary L. [D-LA]</fullName>
        <middleName />
        <sponsorshipWithdrawnDate />
      </item>
      <item>
        <lastName>Blunt</lastName>
        <sponsorshipDate>2013-09-10</sponsorshipDate>
        <firstName>Roy</firstName>
        <identifiers>
          <lisID>1464</lisID>
          <gpoId>8313</gpoId>
          <bioguideId>B000575</bioguideId>
        </identifiers>
        <isOriginalCosponsor>False</isOriginalCosponsor>
        <bioguideId>B000575</bioguideId>
        <fullName>Sen. Blunt, Roy [R-MO]</fullName>
        <middleName />
        <sponsorshipWithdrawnDate />
      </item>
      <item>
        <lastName>ROBERTS</lastName>
        <sponsorshipDate>2013-09-11</sponsorshipDate>
        <firstName>PAT</firstName>
        <identifiers>
          <bioguideId>R000307</bioguideId>
          <lisID>968</lisID>
          <gpoId>8275</gpoId>
        </identifiers>
        <isOriginalCosponsor>False</isOriginalCosponsor>
        <bioguideId>R000307</bioguideId>
        <fullName>Sen. Roberts, Pat [R-KS]</fullName>
        <middleName />
        <sponsorshipWithdrawnDate />
      </item>
      <item>
        <lastName>Isakson</lastName>
        <sponsorshipDate>2013-11-05</sponsorshipDate>
        <firstName>Johnny</firstName>
        <identifiers>
          <lisID>1608</lisID>
          <bioguideId>I000055</bioguideId>
          <gpoId>8323</gpoId>
        </identifiers>
        <isOriginalCosponsor>False</isOriginalCosponsor>
        <bioguideId>I000055</bioguideId>
        <fullName>Sen. Isakson, Johnny [R-GA]</fullName>
        <middleName />
        <sponsorshipWithdrawnDate />
      </item>
      <item>
        <lastName>Pryor</lastName>
        <sponsorshipDate>2013-11-05</sponsorshipDate>
        <firstName>Mark</firstName>
        <identifiers>
          <gpoId>8241</gpoId>
          <bioguideId>P000590</bioguideId>
          <lisID>1701</lisID>
        </identifiers>
        <isOriginalCosponsor>False</isOriginalCosponsor>
        <bioguideId>P000590</bioguideId>
        <fullName>Sen. Pryor, Mark L. [D-AR]</fullName>
        <middleName>Lunsford</middleName>
        <sponsorshipWithdrawnDate />
      </item>
      <item>
        <lastName>BAUCUS</lastName>
        <sponsorshipDate>2013-11-13</sponsorshipDate>
        <firstName>MAX</firstName>
        <identifiers>
          <gpoId>8298</gpoId>
          <lisID>66</lisID>
          <bioguideId>B000243</bioguideId>
        </identifiers>
        <isOriginalCosponsor>False</isOriginalCosponsor>
        <bioguideId>B000243</bioguideId>
        <fullName>Sen. Baucus, Max [D-MT]</fullName>
        <middleName>SIEBEN</middleName>
        <sponsorshipWithdrawnDate />
      </item>
      <item>
        <lastName>CHAMBLISS</lastName>
        <sponsorshipDate>2014-01-16</sponsorshipDate>
        <firstName>SAXBY</firstName>
        <identifiers>
          <lisID>188</lisID>
          <bioguideId>C000286</bioguideId>
          <gpoId>8284</gpoId>
        </identifiers>
        <isOriginalCosponsor>False</isOriginalCosponsor>
        <bioguideId>C000286</bioguideId>
        <fullName>Sen. Chambliss, Saxby [R-GA]</fullName>
        <middleName />
        <sponsorshipWithdrawnDate />
      </item>
      <item>
        <lastName>WICKER</lastName>
        <sponsorshipDate>2014-02-12</sponsorshipDate>
        <firstName>ROGER</firstName>
        <identifiers>
          <bioguideId>W000437</bioguideId>
          <lisID>1226</lisID>
          <gpoId>8263</gpoId>
        </identifiers>
        <isOriginalCosponsor>False</isOriginalCosponsor>
        <bioguideId>W000437</bioguideId>
        <fullName>Sen. Wicker, Roger F. [R-MS]</fullName>
        <middleName>F.</middleName>
        <sponsorshipWithdrawnDate />
      </item>
      <item>
        <lastName>Risch</lastName>
        <sponsorshipDate>2014-02-12</sponsorshipDate>
        <firstName>James</firstName>
        <identifiers>
          <gpoId>8274</gpoId>
          <lisID>1896</lisID>
          <bioguideId>R000584</bioguideId>
        </identifiers>
        <isOriginalCosponsor>False</isOriginalCosponsor>
        <bioguideId>R000584</bioguideId>
        <fullName>Sen. Risch, James E. [R-ID]</fullName>
        <middleName>E.</middleName>
        <sponsorshipWithdrawnDate />
      </item>
      <item>
        <lastName>REID</lastName>
        <sponsorshipDate>2014-02-24</sponsorshipDate>
        <firstName>HARRY</firstName>
        <identifiers>
          <gpoId>8271</gpoId>
          <lisID>952</lisID>
          <bioguideId>R000146</bioguideId>
        </identifiers>
        <isOriginalCosponsor>False</isOriginalCosponsor>
        <bioguideId>R000146</bioguideId>
        <fullName>Sen. Reid, Harry [D-NV]</fullName>
        <middleName>M.</middleName>
        <sponsorshipWithdrawnDate />
      </item>
      <item>
        <lastName>Begich</lastName>
        <sponsorshipDate>2014-02-24</sponsorshipDate>
        <firstName>Mark</firstName>
        <identifiers>
          <gpoId>8301</gpoId>
          <bioguideId>B001265</bioguideId>
          <lisID>1898</lisID>
        </identifiers>
        <isOriginalCosponsor>False</isOriginalCosponsor>
        <bioguideId>B001265</bioguideId>
        <fullName>Sen. Begich, Mark [D-AK]</fullName>
        <middleName />
        <sponsorshipWithdrawnDate />
      </item>
      <item>
        <lastName>Shaheen</lastName>
        <sponsorshipDate>2014-05-12</sponsorshipDate>
        <firstName>Jeanne</firstName>
        <identifiers>
          <gpoId>8276</gpoId>
          <lisID>1901</lisID>
          <bioguideId>S001181</bioguideId>
        </identifiers>
        <isOriginalCosponsor>False</isOriginalCosponsor>
        <bioguideId>S001181</bioguideId>
        <fullName>Sen. Shaheen, Jeanne [D-NH]</fullName>
        <middleName />
        <sponsorshipWithdrawnDate />
      </item>
      <item>
        <lastName>Walsh</lastName>
        <sponsorshipDate>2014-06-25</sponsorshipDate>
        <firstName>John</firstName>
        <identifiers>
          <gpoId />
          <lisID>2198</lisID>
          <bioguideId>W000818</bioguideId>
        </identifiers>
        <isOriginalCosponsor>False</isOriginalCosponsor>
        <bioguideId>W000818</bioguideId>
        <fullName>Sen. Walsh, John E. [D-MT]</fullName>
        <middleName>E.</middleName>
        <sponsorshipWithdrawnDate />
      </item>
    </cosponsors>
    <calendarNumbers />
    <relatedBills>
      <item>
        <number>1551</number>
        <relationshipDetails>
          <item>
            <type>Related bill</type>
            <identifiedBy>CRS</identifiedBy>
          </item>
        </relationshipDetails>
        <congress>113</congress>
        <latestAction>
          <actionDate>2013-04-15</actionDate>
          <text>Referred to the House Committee on Financial Services.</text>
        </latestAction>
        <latestTitle>Consumer Rental Purchase Agreement Act</latestTitle>
        <type>HR</type>
      </item>
    </relatedBills>
    <amendments />
    <recordedVotes />
    <title>Consumer Rental Purchase Agreement Act</title>
    <latestAction>
      <actionDate>2013-06-20</actionDate>
      <text>Read twice and referred to the Committee on Banking, Housing, and Urban Affairs.</text>
      <links />
    </latestAction>
    <cboCostEstimates />
    <originChamber>Senate</originChamber>
    <committeeReports />
  </bill>
  <dublinCore xmlns:dc="http://purl.org/dc/elements/1.1/">
    <dc:format>text/xml</dc:format>
    <dc:language>EN</dc:language>
    <dc:rights>Pursuant to Title 17 Section 105 of the United States Code, this file is not subject to copyright protection and is in the public domain.</dc:rights>
    <dc:contributor>Congressional Research Service, Library of Congress</dc:contributor>
    <dc:description>This file contains bill summaries and statuses for federal legislation. A bill summary describes the most significant provisions of a piece of legislation and details the effects the legislative text may have on current law and federal programs. Bill summaries are authored by the Congressional Research Service (CRS) of the Library of Congress. As stated in Public Law 91-510 (2 USC 166 (d)(6)), one of the duties of CRS is "to prepare summaries and digests of bills and resolutions of a public general nature introduced in the Senate or House of Representatives". For more information, refer to the User Guide that accompanies this file.</dc:description>
  </dublinCore>
</billStatus>

