<?xml version="1.0" encoding="UTF-8"?>
<billStatus>
  <bill>
    <relatedBills />
    <policyArea>
      <name>Energy</name>
    </policyArea>
    <congress>113</congress>
    <cboCostEstimates />
    <laws />
    <billNumber>717</billNumber>
    <notes />
    <originChamber>Senate</originChamber>
    <latestAction>
      <actionDate>2013-06-25</actionDate>
      <text>Committee on Energy and Natural Resources Subcommittee on Energy. Hearings held. With printed Hearing: S.Hrg. 113-70.</text>
      <links />
    </latestAction>
    <updateDate>2016-10-25T16:22:36Z</updateDate>
    <calendarNumbers />
    <titles>
      <item>
        <parentTitleType />
        <title>Nonprofit Energy Efficiency Act</title>
        <chamberName />
        <chamberCode />
        <titleType>Short Titles as Introduced</titleType>
      </item>
      <item>
        <parentTitleType />
        <title>A bill to direct the Secretary of Energy to establish a pilot program to award grants to nonprofit organizations for the purpose of retrofitting nonprofit buildings with energy-efficiency improvements.</title>
        <chamberName />
        <chamberCode />
        <titleType>Official Title as Introduced</titleType>
      </item>
      <item>
        <parentTitleType />
        <title>Nonprofit Energy Efficiency Act</title>
        <chamberName />
        <chamberCode />
        <titleType>Display Title</titleType>
      </item>
    </titles>
    <title>Nonprofit Energy Efficiency Act</title>
    <committeeReports />
    <sponsors>
      <item>
        <bioguideId>K000367</bioguideId>
        <fullName>Sen. Klobuchar, Amy [D-MN]</fullName>
        <identifiers>
          <lisID>1826</lisID>
          <bioguideId>K000367</bioguideId>
          <gpoId>8249</gpoId>
        </identifiers>
        <byRequestType />
        <middleName />
        <firstName>Amy</firstName>
        <lastName>Klobuchar</lastName>
      </item>
    </sponsors>
    <introducedDate>2013-04-11</introducedDate>
    <createDate>2013-04-12T07:02:11Z</createDate>
    <committees>
      <billCommittees>
        <item>
          <name>Energy and Natural Resources Committee</name>
          <type>Standing</type>
          <subcommittees>
            <item>
              <activities>
                <item>
                  <name>Hearings by</name>
                  <date>2013-06-25T22:04:30Z</date>
                </item>
              </activities>
              <name>Energy Subcommittee</name>
              <systemCode>sseg01</systemCode>
            </item>
          </subcommittees>
          <chamber>Senate</chamber>
          <activities>
            <item>
              <name>Referred to</name>
              <date>2013-04-11T21:54:53Z</date>
            </item>
          </activities>
          <systemCode>sseg00</systemCode>
        </item>
      </billCommittees>
    </committees>
    <cosponsors>
      <item>
        <bioguideId>H001061</bioguideId>
        <fullName>Sen. Hoeven, John [R-ND]</fullName>
        <lastName>Hoeven</lastName>
        <firstName>John</firstName>
        <sponsorshipWithdrawnDate />
        <sponsorshipDate>2013-04-11</sponsorshipDate>
        <middleName />
        <isOriginalCosponsor>True</isOriginalCosponsor>
        <identifiers>
          <gpoId>8331</gpoId>
          <lisID>2079</lisID>
          <bioguideId>H001061</bioguideId>
        </identifiers>
      </item>
      <item>
        <bioguideId>S001194</bioguideId>
        <fullName>Sen. Schatz, Brian [D-HI]</fullName>
        <lastName>Schatz</lastName>
        <firstName>Brian</firstName>
        <sponsorshipWithdrawnDate />
        <sponsorshipDate>2013-05-07</sponsorshipDate>
        <middleName />
        <isOriginalCosponsor>False</isOriginalCosponsor>
        <identifiers>
          <gpoId />
          <bioguideId>S001194</bioguideId>
          <lisID>2173</lisID>
        </identifiers>
      </item>
      <item>
        <bioguideId>B000575</bioguideId>
        <fullName>Sen. Blunt, Roy [R-MO]</fullName>
        <lastName>Blunt</lastName>
        <firstName>Roy</firstName>
        <sponsorshipWithdrawnDate />
        <sponsorshipDate>2013-06-12</sponsorshipDate>
        <middleName />
        <isOriginalCosponsor>False</isOriginalCosponsor>
        <identifiers>
          <lisID>1464</lisID>
          <bioguideId>B000575</bioguideId>
          <gpoId>8313</gpoId>
        </identifiers>
      </item>
      <item>
        <bioguideId>S000770</bioguideId>
        <fullName>Sen. Stabenow, Debbie [D-MI]</fullName>
        <lastName>STABENOW</lastName>
        <firstName>DEBORAH</firstName>
        <sponsorshipWithdrawnDate />
        <sponsorshipDate>2013-06-18</sponsorshipDate>
        <middleName>ANN</middleName>
        <isOriginalCosponsor>False</isOriginalCosponsor>
        <identifiers>
          <gpoId>8261</gpoId>
          <lisID>1531</lisID>
          <bioguideId>S000770</bioguideId>
        </identifiers>
      </item>
      <item>
        <bioguideId>P000590</bioguideId>
        <fullName>Sen. Pryor, Mark L. [D-AR]</fullName>
        <lastName>Pryor</lastName>
        <firstName>Mark</firstName>
        <sponsorshipWithdrawnDate />
        <sponsorshipDate>2013-06-18</sponsorshipDate>
        <middleName>Lunsford</middleName>
        <isOriginalCosponsor>False</isOriginalCosponsor>
        <identifiers>
          <gpoId>8241</gpoId>
          <lisID>1701</lisID>
          <bioguideId>P000590</bioguideId>
        </identifiers>
      </item>
      <item>
        <bioguideId>R000584</bioguideId>
        <fullName>Sen. Risch, James E. [R-ID]</fullName>
        <lastName>Risch</lastName>
        <firstName>James</firstName>
        <sponsorshipWithdrawnDate />
        <sponsorshipDate>2013-06-26</sponsorshipDate>
        <middleName>E.</middleName>
        <isOriginalCosponsor>False</isOriginalCosponsor>
        <identifiers>
          <gpoId>8274</gpoId>
          <lisID>1896</lisID>
          <bioguideId>R000584</bioguideId>
        </identifiers>
      </item>
    </cosponsors>
    <billType>S</billType>
    <summaries>
      <billSummaries>
        <item>
          <updateDate>2013-04-11T04:00:00Z</updateDate>
          <text><![CDATA[<p>Nonprofit Energy Efficiency Act - Directs the Secretary of Energy (DOE) to establish a pilot program to award grants to nonprofit organizations for the purpose of retrofitting buildings owned by such organizations with energy-efficiency improvements.</p> <p>Directs the Secretary, in determining whether to award a grant, to apply performance-based criteria, which shall give priority to applications based on: (1) the cost-effectiveness of the energy-efficiency improvement; and (2) an effective plan for evaluation, measurement, and verification of energy savings. Limits each grant award to: (1) an amount equal to 50% of the energy-efficiency improvement, and (2) $200,000. </p> <p> Authorizes appropriations for such grants for FY2014-FY2017. </p> <p>Requires the Secretary to use amounts otherwise made available for the Building Technologies Program to carry out such pilot program.</p>]]></text>
          <actionDate>2013-04-11</actionDate>
          <actionDesc>Introduced in Senate</actionDesc>
          <name>Introduced in Senate</name>
          <lastSummaryUpdateDate>2013-06-11T18:21:26Z</lastSummaryUpdateDate>
          <versionCode>00</versionCode>
        </item>
      </billSummaries>
    </summaries>
    <recordedVotes />
    <amendments />
    <actions>
      <actionByCounts>
        <senate>3</senate>
      </actionByCounts>
      <actionTypeCounts>
        <referredToCommittee>1</referredToCommittee>
        <introducedInSenate>1</introducedInSenate>
        <hearingsHeld>1</hearingsHeld>
      </actionTypeCounts>
      <item>
        <actionDate>2013-06-25</actionDate>
        <committee>
          <name>Energy Subcommittee</name>
          <systemCode>sseg01</systemCode>
        </committee>
        <links />
        <sourceSystem>
          <code>0</code>
          <name>Senate</name>
        </sourceSystem>
        <text>Committee on Energy and Natural Resources Subcommittee on Energy. Hearings held. With printed Hearing: S.Hrg. 113-70.</text>
        <type>Committee</type>
      </item>
      <item>
        <actionDate>2013-04-11</actionDate>
        <committee>
          <name>Energy and Natural Resources Committee</name>
          <systemCode>sseg00</systemCode>
        </committee>
        <links />
        <sourceSystem>
          <code>0</code>
          <name>Senate</name>
        </sourceSystem>
        <text>Read twice and referred to the Committee on Energy and Natural Resources.</text>
        <type>IntroReferral</type>
      </item>
      <item>
        <sourceSystem>
          <code>9</code>
          <name>Library of Congress</name>
        </sourceSystem>
        <type>IntroReferral</type>
        <actionDate>2013-04-11</actionDate>
        <text>Introduced in Senate</text>
        <committee />
        <actionCode>10000</actionCode>
        <links />
      </item>
    </actions>
    <subjects>
      <billSubjects>
        <policyArea>
          <name>Energy</name>
        </policyArea>
        <legislativeSubjects>
          <item>
            <name>Alternative and renewable resources</name>
          </item>
          <item>
            <name>Building construction</name>
          </item>
          <item>
            <name>Educational facilities and institutions</name>
          </item>
          <item>
            <name>Energy efficiency and conservation</name>
          </item>
          <item>
            <name>Health facilities and institutions</name>
          </item>
          <item>
            <name>Lighting and heating</name>
          </item>
          <item>
            <name>Religion</name>
          </item>
          <item>
            <name>Social work, volunteer service, charitable organizations</name>
          </item>
        </legislativeSubjects>
      </billSubjects>
    </subjects>
  </bill>
  <dublinCore xmlns:dc="http://purl.org/dc/elements/1.1/">
    <dc:format>text/xml</dc:format>
    <dc:language>EN</dc:language>
    <dc:rights>Pursuant to Title 17 Section 105 of the United States Code, this file is not subject to copyright protection and is in the public domain.</dc:rights>
    <dc:contributor>Congressional Research Service, Library of Congress</dc:contributor>
    <dc:description>This file contains bill summaries and statuses for federal legislation. A bill summary describes the most significant provisions of a piece of legislation and details the effects the legislative text may have on current law and federal programs. Bill summaries are authored by the Congressional Research Service (CRS) of the Library of Congress. As stated in Public Law 91-510 (2 USC 166 (d)(6)), one of the duties of CRS is "to prepare summaries and digests of bills and resolutions of a public general nature introduced in the Senate or House of Representatives". For more information, refer to the User Guide that accompanies this file.</dc:description>
  </dublinCore>
</billStatus>

