<?xml version="1.0" encoding="UTF-8"?>
<billStatus>
  <bill>
    <updateDate>2016-10-25T16:20:47Z</updateDate>
    <latestAction>
      <text>Read twice and referred to the Committee on Banking, Housing, and Urban Affairs.</text>
      <links />
      <actionDate>2013-02-12</actionDate>
    </latestAction>
    <policyArea>
      <name>Finance and Financial Sector</name>
    </policyArea>
    <laws />
    <introducedDate>2013-02-12</introducedDate>
    <summaries>
      <billSummaries>
        <item>
          <lastSummaryUpdateDate>2013-02-27T20:29:17Z</lastSummaryUpdateDate>
          <name>Introduced in Senate</name>
          <actionDesc>Introduced in Senate</actionDesc>
          <text><![CDATA[<p>Stronger Enforcement of Civil Penalties Act of 2013 - Amends the Securities Act of 1933, the Securities Exchange Act of 1934, the Investment Company Act of 1940, and the Investment Advisers Act of 1940 to increase the money penalties in administrative and civil actions involving securities laws violations.</p> <p>Prescribes a fourth tier penalty of triple monetary penalties for noncompliance with certain enforcement actions if the violator, within the five-year period preceding the prohibited act, was criminally convicted for securities fraud or became subject to a judgment or order imposing monetary, equitable, or administrative relief in any Securities and Exchange Commission (SEC) action alleging fraud by such violator.</p> <p>Applies the treatment as a separate offense each day that a violation of an SEC cease-and-desist order is committed through continuing noncompliance to violation of any action to enforce a federal court injunction or certain SEC orders that bar, suspend, place limitations on the activities or functions of, or prohibit the activities of, a person.</p>]]></text>
          <actionDate>2013-02-12</actionDate>
          <versionCode>00</versionCode>
          <updateDate>2013-02-12T05:00:00Z</updateDate>
        </item>
      </billSummaries>
    </summaries>
    <recordedVotes />
    <notes />
    <billNumber>286</billNumber>
    <committeeReports />
    <calendarNumbers />
    <congress>113</congress>
    <amendments />
    <cboCostEstimates />
    <originChamber>Senate</originChamber>
    <createDate>2013-02-13T07:00:51Z</createDate>
    <subjects>
      <billSubjects>
        <policyArea>
          <name>Finance and Financial Sector</name>
        </policyArea>
        <legislativeSubjects>
          <item>
            <name>Administrative remedies</name>
          </item>
          <item>
            <name>Civil actions and liability</name>
          </item>
          <item>
            <name>Financial services and investments</name>
          </item>
          <item>
            <name>Fraud offenses and financial crimes</name>
          </item>
          <item>
            <name>Securities</name>
          </item>
        </legislativeSubjects>
      </billSubjects>
    </subjects>
    <sponsors>
      <item>
        <lastName>REED</lastName>
        <identifiers>
          <gpoId>8272</gpoId>
          <bioguideId>R000122</bioguideId>
          <lisID>949</lisID>
        </identifiers>
        <firstName>JOHN</firstName>
        <fullName>Sen. Reed, Jack [D-RI]</fullName>
        <bioguideId>R000122</bioguideId>
        <middleName>F.</middleName>
        <byRequestType />
      </item>
    </sponsors>
    <cosponsors>
      <item>
        <sponsorshipDate>2013-02-12</sponsorshipDate>
        <lastName>GRASSLEY</lastName>
        <middleName>ERNEST</middleName>
        <firstName>CHARLES</firstName>
        <fullName>Sen. Grassley, Chuck [R-IA]</fullName>
        <bioguideId>G000386</bioguideId>
        <identifiers>
          <gpoId>8316</gpoId>
          <lisID>457</lisID>
          <bioguideId>G000386</bioguideId>
        </identifiers>
        <sponsorshipWithdrawnDate />
        <isOriginalCosponsor>True</isOriginalCosponsor>
      </item>
      <item>
        <sponsorshipDate>2013-02-12</sponsorshipDate>
        <lastName>LEAHY</lastName>
        <middleName>JOSEPH</middleName>
        <firstName>PATRICK</firstName>
        <fullName>Sen. Leahy, Patrick J. [D-VT]</fullName>
        <bioguideId>L000174</bioguideId>
        <identifiers>
          <bioguideId>L000174</bioguideId>
          <lisID>1383</lisID>
          <gpoId>8244</gpoId>
        </identifiers>
        <sponsorshipWithdrawnDate />
        <isOriginalCosponsor>True</isOriginalCosponsor>
      </item>
    </cosponsors>
    <title>Stronger Enforcement of Civil Penalties Act of 2013</title>
    <actions>
      <item>
        <actionDate>2013-02-12</actionDate>
        <committee>
          <systemCode>ssbk00</systemCode>
          <name>Banking, Housing, and Urban Affairs Committee</name>
        </committee>
        <links />
        <sourceSystem>
          <code>0</code>
          <name>Senate</name>
        </sourceSystem>
        <text>Read twice and referred to the Committee on Banking, Housing, and Urban Affairs.</text>
        <type>IntroReferral</type>
      </item>
      <item>
        <sourceSystem>
          <code>9</code>
          <name>Library of Congress</name>
        </sourceSystem>
        <actionDate>2013-02-12</actionDate>
        <committee />
        <actionCode>B00100</actionCode>
        <type>IntroReferral</type>
        <links>
          <link>
            <name>S660</name>
            <url>/congressional-record/2013/senate-section/page/S660</url>
          </link>
        </links>
        <text>Sponsor introductory remarks on measure. (CR S660)</text>
      </item>
      <item>
        <sourceSystem>
          <code>9</code>
          <name>Library of Congress</name>
        </sourceSystem>
        <actionDate>2013-02-12</actionDate>
        <committee />
        <actionCode>10000</actionCode>
        <type>IntroReferral</type>
        <links />
        <text>Introduced in Senate</text>
      </item>
      <actionByCounts>
        <senate>2</senate>
      </actionByCounts>
      <actionTypeCounts>
        <placeholderTextForB>1</placeholderTextForB>
        <introducedInSenate>1</introducedInSenate>
        <referredToCommittee>1</referredToCommittee>
      </actionTypeCounts>
    </actions>
    <titles>
      <item>
        <chamberName />
        <parentTitleType />
        <titleType>Short Titles as Introduced</titleType>
        <chamberCode />
        <title>Stronger Enforcement of Civil Penalties Act of 2013</title>
      </item>
      <item>
        <chamberName />
        <parentTitleType />
        <titleType>Official Title as Introduced</titleType>
        <chamberCode />
        <title>A bill to enhance civil penalties under the Federal securities laws, and for other purposes.</title>
      </item>
      <item>
        <chamberName />
        <parentTitleType />
        <titleType>Display Title</titleType>
        <chamberCode />
        <title>Stronger Enforcement of Civil Penalties Act of 2013</title>
      </item>
    </titles>
    <billType>S</billType>
    <relatedBills />
    <committees>
      <billCommittees>
        <item>
          <name>Banking, Housing, and Urban Affairs Committee</name>
          <type>Standing</type>
          <subcommittees />
          <chamber>Senate</chamber>
          <activities>
            <item>
              <name>Referred to</name>
              <date>2013-02-12T20:43:21Z</date>
            </item>
          </activities>
          <systemCode>ssbk00</systemCode>
        </item>
      </billCommittees>
    </committees>
  </bill>
  <dublinCore xmlns:dc="http://purl.org/dc/elements/1.1/">
    <dc:format>text/xml</dc:format>
    <dc:language>EN</dc:language>
    <dc:rights>Pursuant to Title 17 Section 105 of the United States Code, this file is not subject to copyright protection and is in the public domain.</dc:rights>
    <dc:contributor>Congressional Research Service, Library of Congress</dc:contributor>
    <dc:description>This file contains bill summaries and statuses for federal legislation. A bill summary describes the most significant provisions of a piece of legislation and details the effects the legislative text may have on current law and federal programs. Bill summaries are authored by the Congressional Research Service (CRS) of the Library of Congress. As stated in Public Law 91-510 (2 USC 166 (d)(6)), one of the duties of CRS is "to prepare summaries and digests of bills and resolutions of a public general nature introduced in the Senate or House of Representatives". For more information, refer to the User Guide that accompanies this file.</dc:description>
  </dublinCore>
</billStatus>

