<?xml version="1.0" encoding="UTF-8"?>
<billStatus>
  <bill>
    <sponsors>
      <item>
        <lastName>DURBIN</lastName>
        <fullName>Sen. Durbin, Richard [D-IL]</fullName>
        <middleName>J.</middleName>
        <firstName>RICHARD</firstName>
        <identifiers>
          <gpoId>8326</gpoId>
          <lisID>326</lisID>
          <bioguideId>D000563</bioguideId>
        </identifiers>
        <byRequestType />
        <bioguideId>D000563</bioguideId>
      </item>
    </sponsors>
    <latestAction>
      <links />
      <text>Sponsor introductory remarks on measure. (CR S466)</text>
      <actionDate>2013-02-04</actionDate>
    </latestAction>
    <laws />
    <createDate>2013-02-01T07:00:57Z</createDate>
    <updateDate>2016-10-25T16:20:25Z</updateDate>
    <committees>
      <billCommittees>
        <item>
          <activities>
            <item>
              <date>2013-01-31T20:02:59Z</date>
              <name>Referred to</name>
            </item>
          </activities>
          <chamber>Senate</chamber>
          <type>Standing</type>
          <subcommittees />
          <name>Finance Committee</name>
          <systemCode>ssfi00</systemCode>
        </item>
      </billCommittees>
    </committees>
    <recordedVotes />
    <introducedDate>2013-01-31</introducedDate>
    <relatedBills>
      <item>
        <latestAction>
          <actionDate>2013-04-23</actionDate>
          <text>Referred to the Subcommittee on Health.</text>
        </latestAction>
        <number>1578</number>
        <congress>113</congress>
        <type>HR</type>
        <latestTitle>To amend section 1101 of the Patient Protection and Affordable Care Act to provide additional funds to permit additional individuals to enroll under the preexisting condition insurance program and expand eligibility, to be funded through a temporary increase in the cigarette tax, and for other purposes.</latestTitle>
        <relationshipDetails>
          <item>
            <type>Related bill</type>
            <identifiedBy>CRS</identifiedBy>
          </item>
        </relationshipDetails>
      </item>
      <item>
        <latestAction>
          <actionDate>2013-04-25</actionDate>
          <text>Read twice and referred to the Committee on Finance.</text>
        </latestAction>
        <number>826</number>
        <congress>113</congress>
        <type>S</type>
        <latestTitle>Tobacco Tax and Enforcement Reform Act</latestTitle>
        <relationshipDetails>
          <item>
            <type>Related bill</type>
            <identifiedBy>CRS</identifiedBy>
          </item>
        </relationshipDetails>
      </item>
    </relatedBills>
    <billNumber>194</billNumber>
    <amendments />
    <billType>S</billType>
    <actions>
      <item>
        <links>
          <link>
            <name>S466</name>
            <url>/congressional-record/2013/senate-section/page/S466</url>
          </link>
        </links>
        <actionCode>B00100</actionCode>
        <committee />
        <type>IntroReferral</type>
        <sourceSystem>
          <name>Library of Congress</name>
          <code>9</code>
        </sourceSystem>
        <text>Sponsor introductory remarks on measure. (CR S466)</text>
        <actionDate>2013-02-04</actionDate>
      </item>
      <item>
        <actionDate>2013-01-31</actionDate>
        <committee>
          <systemCode>ssfi00</systemCode>
          <name>Finance Committee</name>
        </committee>
        <links>
          <link>
            <name>S440-441</name>
            <url>/congressional-record/2013/senate-section/page/S440-441</url>
          </link>
        </links>
        <sourceSystem>
          <name>Senate</name>
          <code>0</code>
        </sourceSystem>
        <text>Read twice and referred to the Committee on Finance. (text of measure as introduced: CR S440-441)</text>
        <type>IntroReferral</type>
      </item>
      <item>
        <links />
        <actionCode>10000</actionCode>
        <committee />
        <type>IntroReferral</type>
        <sourceSystem>
          <name>Library of Congress</name>
          <code>9</code>
        </sourceSystem>
        <text>Introduced in Senate</text>
        <actionDate>2013-01-31</actionDate>
      </item>
      <actionTypeCounts>
        <placeholderTextForB>1</placeholderTextForB>
        <referredToCommittee>1</referredToCommittee>
        <introducedInSenate>1</introducedInSenate>
      </actionTypeCounts>
      <actionByCounts>
        <senate>2</senate>
      </actionByCounts>
    </actions>
    <policyArea>
      <name>Taxation</name>
    </policyArea>
    <cosponsors>
      <item>
        <bioguideId>L000123</bioguideId>
        <fullName>Sen. Lautenberg, Frank R. [D-NJ]</fullName>
        <lastName>LAUTENBERG</lastName>
        <firstName>FRANK</firstName>
        <sponsorshipWithdrawnDate />
        <sponsorshipDate>2013-01-31</sponsorshipDate>
        <middleName>R.</middleName>
        <isOriginalCosponsor>True</isOriginalCosponsor>
        <identifiers>
          <gpoId>8245</gpoId>
          <bioguideId>L000123</bioguideId>
          <lisID>1381</lisID>
        </identifiers>
      </item>
      <item>
        <bioguideId>B001277</bioguideId>
        <fullName>Sen. Blumenthal, Richard [D-CT]</fullName>
        <lastName>Blumenthal</lastName>
        <firstName>Richard</firstName>
        <sponsorshipWithdrawnDate />
        <sponsorshipDate>2013-01-31</sponsorshipDate>
        <middleName />
        <isOriginalCosponsor>True</isOriginalCosponsor>
        <identifiers>
          <gpoId>8332</gpoId>
          <lisID>2076</lisID>
          <bioguideId>B001277</bioguideId>
        </identifiers>
      </item>
      <item>
        <bioguideId>R000122</bioguideId>
        <fullName>Sen. Reed, Jack [D-RI]</fullName>
        <lastName>REED</lastName>
        <firstName>JOHN</firstName>
        <sponsorshipWithdrawnDate />
        <sponsorshipDate>2013-07-08</sponsorshipDate>
        <middleName>F.</middleName>
        <isOriginalCosponsor>False</isOriginalCosponsor>
        <identifiers>
          <gpoId>8272</gpoId>
          <lisID>949</lisID>
          <bioguideId>R000122</bioguideId>
        </identifiers>
      </item>
    </cosponsors>
    <cboCostEstimates />
    <summaries>
      <billSummaries>
        <item>
          <versionCode>00</versionCode>
          <text><![CDATA[<p>Tobacco Tax Equity Act of 2013 - Amends the Internal Revenue Code to tax pipe tobacco, smokeless tobacco products, and large cigars at the same level as cigarettes. Revises the definition of "tobacco products" to include any other product containing tobacco that is intended or expected to be consumed.</p> <p>Makes smokeless tobacco products&nbsp;sold in discrete single-use units subject to an excise tax of $50.33 per thousand.</p>]]></text>
          <updateDate>2013-01-31T05:00:00Z</updateDate>
          <lastSummaryUpdateDate>2013-02-12T21:26:49Z</lastSummaryUpdateDate>
          <actionDate>2013-01-31</actionDate>
          <actionDesc>Introduced in Senate</actionDesc>
          <name>Introduced in Senate</name>
        </item>
      </billSummaries>
    </summaries>
    <committeeReports />
    <title>Tobacco Tax Equity Act of 2013</title>
    <calendarNumbers />
    <notes />
    <subjects>
      <billSubjects>
        <policyArea>
          <name>Taxation</name>
        </policyArea>
        <legislativeSubjects>
          <item>
            <name>Drug, alcohol, tobacco use</name>
          </item>
          <item>
            <name>Sales and excise taxes</name>
          </item>
        </legislativeSubjects>
      </billSubjects>
    </subjects>
    <congress>113</congress>
    <originChamber>Senate</originChamber>
    <titles>
      <item>
        <parentTitleType />
        <title>Tobacco Tax Equity Act of 2013</title>
        <chamberName />
        <chamberCode />
        <titleType>Short Titles as Introduced</titleType>
      </item>
      <item>
        <parentTitleType />
        <title>A bill to amend the Internal Revenue Code of 1986 to provide tax rate parity among all tobacco products, and for other purposes.</title>
        <chamberName />
        <chamberCode />
        <titleType>Official Title as Introduced</titleType>
      </item>
      <item>
        <parentTitleType />
        <title>Tobacco Tax Equity Act of 2013</title>
        <chamberName />
        <chamberCode />
        <titleType>Display Title</titleType>
      </item>
    </titles>
  </bill>
  <dublinCore xmlns:dc="http://purl.org/dc/elements/1.1/">
    <dc:format>text/xml</dc:format>
    <dc:language>EN</dc:language>
    <dc:rights>Pursuant to Title 17 Section 105 of the United States Code, this file is not subject to copyright protection and is in the public domain.</dc:rights>
    <dc:contributor>Congressional Research Service, Library of Congress</dc:contributor>
    <dc:description>This file contains bill summaries and statuses for federal legislation. A bill summary describes the most significant provisions of a piece of legislation and details the effects the legislative text may have on current law and federal programs. Bill summaries are authored by the Congressional Research Service (CRS) of the Library of Congress. As stated in Public Law 91-510 (2 USC 166 (d)(6)), one of the duties of CRS is "to prepare summaries and digests of bills and resolutions of a public general nature introduced in the Senate or House of Representatives". For more information, refer to the User Guide that accompanies this file.</dc:description>
  </dublinCore>
</billStatus>

