<?xml version="1.0" encoding="UTF-8"?>
<billStatus>
  <bill>
    <actions>
      <actionTypeCounts>
        <referredToCommittee>1</referredToCommittee>
        <introducedInSenate>1</introducedInSenate>
      </actionTypeCounts>
      <item>
        <actionDate>2013-01-23</actionDate>
        <committee>
          <systemCode>ssra00</systemCode>
          <name>Rules and Administration Committee</name>
        </committee>
        <links />
        <sourceSystem>
          <name>Senate</name>
          <code>0</code>
        </sourceSystem>
        <text>Read twice and referred to the Committee on Rules and Administration.</text>
        <type>IntroReferral</type>
      </item>
      <item>
        <sourceSystem>
          <name>Library of Congress</name>
          <code>9</code>
        </sourceSystem>
        <actionDate>2013-01-23</actionDate>
        <links />
        <text>Introduced in Senate</text>
        <type>IntroReferral</type>
        <actionCode>10000</actionCode>
        <committee />
      </item>
      <actionByCounts>
        <senate>2</senate>
      </actionByCounts>
    </actions>
    <title>Voter Empowerment Act of 2013</title>
    <cosponsors>
      <item>
        <bioguideId>B000711</bioguideId>
        <fullName>Sen. Boxer, Barbara [D-CA]</fullName>
        <lastName>BOXER</lastName>
        <firstName>BARBARA</firstName>
        <sponsorshipWithdrawnDate />
        <sponsorshipDate>2013-01-23</sponsorshipDate>
        <middleName />
        <isOriginalCosponsor>True</isOriginalCosponsor>
        <identifiers>
          <gpoId>8306</gpoId>
          <bioguideId>B000711</bioguideId>
          <lisID>116</lisID>
        </identifiers>
      </item>
      <item>
        <bioguideId>H001042</bioguideId>
        <fullName>Sen. Hirono, Mazie K. [D-HI]</fullName>
        <lastName>Hirono</lastName>
        <firstName>Mazie</firstName>
        <sponsorshipWithdrawnDate />
        <sponsorshipDate>2013-01-23</sponsorshipDate>
        <middleName>K.</middleName>
        <isOriginalCosponsor>True</isOriginalCosponsor>
        <identifiers>
          <lisID>1844</lisID>
          <bioguideId>H001042</bioguideId>
          <gpoId>7913</gpoId>
        </identifiers>
      </item>
      <item>
        <bioguideId>S001194</bioguideId>
        <fullName>Sen. Schatz, Brian [D-HI]</fullName>
        <lastName>Schatz</lastName>
        <firstName>Brian</firstName>
        <sponsorshipWithdrawnDate />
        <sponsorshipDate>2013-01-23</sponsorshipDate>
        <middleName />
        <isOriginalCosponsor>True</isOriginalCosponsor>
        <identifiers>
          <gpoId />
          <bioguideId>S001194</bioguideId>
          <lisID>2173</lisID>
        </identifiers>
      </item>
      <item>
        <bioguideId>B001265</bioguideId>
        <fullName>Sen. Begich, Mark [D-AK]</fullName>
        <lastName>Begich</lastName>
        <firstName>Mark</firstName>
        <sponsorshipWithdrawnDate />
        <sponsorshipDate>2013-01-23</sponsorshipDate>
        <middleName />
        <isOriginalCosponsor>True</isOriginalCosponsor>
        <identifiers>
          <gpoId>8301</gpoId>
          <lisID>1898</lisID>
          <bioguideId>B001265</bioguideId>
        </identifiers>
      </item>
      <item>
        <bioguideId>C001088</bioguideId>
        <fullName>Sen. Coons, Christopher A. [D-DE]</fullName>
        <lastName>Coons</lastName>
        <firstName>Christopher</firstName>
        <sponsorshipWithdrawnDate />
        <sponsorshipDate>2013-01-23</sponsorshipDate>
        <middleName>A.</middleName>
        <isOriginalCosponsor>True</isOriginalCosponsor>
        <identifiers>
          <lisID>1984</lisID>
          <gpoId>8297</gpoId>
          <bioguideId>C001088</bioguideId>
        </identifiers>
      </item>
      <item>
        <bioguideId>T000464</bioguideId>
        <fullName>Sen. Tester, Jon [D-MT]</fullName>
        <lastName>Tester</lastName>
        <firstName>Jon</firstName>
        <sponsorshipWithdrawnDate />
        <sponsorshipDate>2013-01-30</sponsorshipDate>
        <middleName />
        <isOriginalCosponsor>False</isOriginalCosponsor>
        <identifiers>
          <gpoId>8258</gpoId>
          <lisID>1829</lisID>
          <bioguideId>T000464</bioguideId>
        </identifiers>
      </item>
      <item>
        <bioguideId>C000141</bioguideId>
        <fullName>Sen. Cardin, Benjamin L. [D-MD]</fullName>
        <lastName>CARDIN</lastName>
        <firstName>BENJAMIN</firstName>
        <sponsorshipWithdrawnDate />
        <sponsorshipDate>2013-02-04</sponsorshipDate>
        <middleName>L.</middleName>
        <isOriginalCosponsor>False</isOriginalCosponsor>
        <identifiers>
          <lisID>174</lisID>
          <gpoId>8287</gpoId>
          <bioguideId>C000141</bioguideId>
        </identifiers>
      </item>
      <item>
        <bioguideId>M001170</bioguideId>
        <fullName>Sen. McCaskill, Claire [D-MO]</fullName>
        <lastName>McCaskill</lastName>
        <firstName>Claire</firstName>
        <sponsorshipWithdrawnDate />
        <sponsorshipDate>2013-03-11</sponsorshipDate>
        <middleName />
        <isOriginalCosponsor>False</isOriginalCosponsor>
        <identifiers>
          <gpoId>8252</gpoId>
          <lisID>1820</lisID>
          <bioguideId>M001170</bioguideId>
        </identifiers>
      </item>
      <item>
        <bioguideId>K000367</bioguideId>
        <fullName>Sen. Klobuchar, Amy [D-MN]</fullName>
        <lastName>Klobuchar</lastName>
        <firstName>Amy</firstName>
        <sponsorshipWithdrawnDate />
        <sponsorshipDate>2013-04-10</sponsorshipDate>
        <middleName />
        <isOriginalCosponsor>False</isOriginalCosponsor>
        <identifiers>
          <bioguideId>K000367</bioguideId>
          <lisID>1826</lisID>
          <gpoId>8249</gpoId>
        </identifiers>
      </item>
      <item>
        <bioguideId>W000817</bioguideId>
        <fullName>Sen. Warren, Elizabeth [D-MA]</fullName>
        <lastName>Warren</lastName>
        <firstName>Elizabeth</firstName>
        <sponsorshipWithdrawnDate />
        <sponsorshipDate>2013-04-25</sponsorshipDate>
        <middleName>A.</middleName>
        <isOriginalCosponsor>False</isOriginalCosponsor>
        <identifiers>
          <gpoId />
          <lisID>2182</lisID>
          <bioguideId>W000817</bioguideId>
        </identifiers>
      </item>
      <item>
        <bioguideId>W000779</bioguideId>
        <fullName>Sen. Wyden, Ron [D-OR]</fullName>
        <lastName>WYDEN</lastName>
        <firstName>RON</firstName>
        <sponsorshipWithdrawnDate />
        <sponsorshipDate>2013-05-07</sponsorshipDate>
        <middleName />
        <isOriginalCosponsor>False</isOriginalCosponsor>
        <identifiers>
          <lisID>1247</lisID>
          <bioguideId>W000779</bioguideId>
          <gpoId>8265</gpoId>
        </identifiers>
      </item>
      <item>
        <bioguideId>M000133</bioguideId>
        <fullName>Sen. Markey, Edward J. [D-MA]</fullName>
        <lastName>MARKEY</lastName>
        <firstName>EDWARD</firstName>
        <sponsorshipWithdrawnDate />
        <sponsorshipDate>2013-09-09</sponsorshipDate>
        <middleName>J.</middleName>
        <isOriginalCosponsor>False</isOriginalCosponsor>
        <identifiers>
          <gpoId>7972</gpoId>
          <lisID>735</lisID>
          <bioguideId>M000133</bioguideId>
        </identifiers>
      </item>
    </cosponsors>
    <sponsors>
      <item>
        <middleName>E.</middleName>
        <firstName>Kirsten</firstName>
        <byRequestType />
        <bioguideId>G000555</bioguideId>
        <fullName>Sen. Gillibrand, Kirsten E. [D-NY]</fullName>
        <lastName>Gillibrand</lastName>
        <identifiers>
          <bioguideId>G000555</bioguideId>
          <lisID>1866</lisID>
          <gpoId>8336</gpoId>
        </identifiers>
      </item>
    </sponsors>
    <subjects>
      <billSubjects>
        <policyArea>
          <name>Government Operations and Politics</name>
        </policyArea>
        <legislativeSubjects>
          <item>
            <name>Administrative law and regulatory procedures</name>
          </item>
          <item>
            <name>Administrative remedies</name>
          </item>
          <item>
            <name>Advisory bodies</name>
          </item>
          <item>
            <name>Civil actions and liability</name>
          </item>
          <item>
            <name>Computer security and identity theft</name>
          </item>
          <item>
            <name>Computers and information technology</name>
          </item>
          <item>
            <name>Congressional elections</name>
          </item>
          <item>
            <name>Congressional oversight</name>
          </item>
          <item>
            <name>Criminal procedure and sentencing</name>
          </item>
          <item>
            <name>Department of Justice</name>
          </item>
          <item>
            <name>Diplomacy, foreign officials, Americans abroad</name>
          </item>
          <item>
            <name>Disability and paralysis</name>
          </item>
          <item>
            <name>Educational facilities and institutions</name>
          </item>
          <item>
            <name>Election Assistance Commission</name>
          </item>
          <item>
            <name>Elections, voting, political campaign regulation</name>
          </item>
          <item>
            <name>Employee leave</name>
          </item>
          <item>
            <name>Employment and training programs</name>
          </item>
          <item>
            <name>Executive agency funding and structure</name>
          </item>
          <item>
            <name>Foreign language and bilingual programs</name>
          </item>
          <item>
            <name>Fraud offenses and financial crimes</name>
          </item>
          <item>
            <name>Government employee pay, benefits, personnel management</name>
          </item>
          <item>
            <name>Government ethics and transparency, public corruption</name>
          </item>
          <item>
            <name>Government information and archives</name>
          </item>
          <item>
            <name>Higher education</name>
          </item>
          <item>
            <name>Intergovernmental relations</name>
          </item>
          <item>
            <name>Internet and video services</name>
          </item>
          <item>
            <name>Language arts</name>
          </item>
          <item>
            <name>Military personnel and dependents</name>
          </item>
          <item>
            <name>Northern Mariana Islands</name>
          </item>
          <item>
            <name>Performance measurement</name>
          </item>
          <item>
            <name>Postal service</name>
          </item>
          <item>
            <name>Public contracts and procurement</name>
          </item>
          <item>
            <name>Research administration and funding</name>
          </item>
          <item>
            <name>Research and development</name>
          </item>
          <item>
            <name>Right of privacy</name>
          </item>
          <item>
            <name>State and local government operations</name>
          </item>
          <item>
            <name>U.S. territories and protectorates</name>
          </item>
          <item>
            <name>Voting rights</name>
          </item>
        </legislativeSubjects>
      </billSubjects>
    </subjects>
    <updateDate>2016-10-25T16:20:08Z</updateDate>
    <originChamber>Senate</originChamber>
    <titles>
      <item>
        <chamberName />
        <titleType>Short Titles as Introduced for portions of this bill</titleType>
        <title>Voter Registration Modernization Act of 2013</title>
        <chamberCode />
        <parentTitleType />
      </item>
      <item>
        <chamberName />
        <titleType>Short Titles as Introduced for portions of this bill</titleType>
        <title>Voter Confidence and Increased Accessibility Act of 2013</title>
        <chamberCode />
        <parentTitleType />
      </item>
      <item>
        <chamberName />
        <titleType>Short Titles as Introduced</titleType>
        <title>Voter Empowerment Act of 2013</title>
        <chamberCode />
        <parentTitleType />
      </item>
      <item>
        <chamberName />
        <titleType>Official Title as Introduced</titleType>
        <title>A bill to modernize voter registration, promote access to voting for individuals with disabilities, protect the ability of individuals to exercise the right to vote in elections for Federal office, and for other purposes.</title>
        <chamberCode />
        <parentTitleType />
      </item>
      <item>
        <chamberName />
        <titleType>Display Title</titleType>
        <title>Voter Empowerment Act of 2013</title>
        <chamberCode />
        <parentTitleType />
      </item>
    </titles>
    <createDate>2013-01-24T07:00:56Z</createDate>
    <congress>113</congress>
    <introducedDate>2013-01-23</introducedDate>
    <latestAction>
      <links />
      <actionDate>2013-01-23</actionDate>
      <text>Read twice and referred to the Committee on Rules and Administration.</text>
    </latestAction>
    <laws />
    <relatedBills>
      <item>
        <relationshipDetails>
          <item>
            <type>Related bill</type>
            <identifiedBy>CRS</identifiedBy>
          </item>
        </relationshipDetails>
        <latestAction>
          <text>Referred to the House Committee on House Administration.</text>
          <actionDate>2013-05-23</actionDate>
        </latestAction>
        <latestTitle>Helping Heroes Vote Act of 2013</latestTitle>
        <congress>113</congress>
        <number>2168</number>
        <type>HR</type>
      </item>
      <item>
        <relationshipDetails>
          <item>
            <type>Identical bill</type>
            <identifiedBy>CRS</identifiedBy>
          </item>
        </relationshipDetails>
        <latestAction>
          <text>Referred to the Subcommittee on Higher Education and Workforce Training.</text>
          <actionDate>2013-04-23</actionDate>
        </latestAction>
        <latestTitle>Voter Empowerment Act of 2013</latestTitle>
        <congress>113</congress>
        <number>12</number>
        <type>HR</type>
      </item>
      <item>
        <relationshipDetails>
          <item>
            <type>Related bill</type>
            <identifiedBy>CRS</identifiedBy>
          </item>
        </relationshipDetails>
        <latestAction>
          <text>Read twice and referred to the Committee on Rules and Administration.</text>
          <actionDate>2014-09-18</actionDate>
        </latestAction>
        <latestTitle>Voter Registration Modernization Act</latestTitle>
        <congress>113</congress>
        <number>2865</number>
        <type>S</type>
      </item>
      <item>
        <relationshipDetails>
          <item>
            <type>Related bill</type>
            <identifiedBy>CRS</identifiedBy>
          </item>
        </relationshipDetails>
        <latestAction>
          <text>Referred to the Subcommittee on the Constitution and Civil Justice.</text>
          <actionDate>2014-12-09</actionDate>
        </latestAction>
        <latestTitle>Civil Rights Voting Restoration Act of 2014</latestTitle>
        <congress>113</congress>
        <number>5719</number>
        <type>HR</type>
      </item>
      <item>
        <relationshipDetails>
          <item>
            <type>Related bill</type>
            <identifiedBy>CRS</identifiedBy>
          </item>
        </relationshipDetails>
        <latestAction>
          <text>Read twice and referred to the Committee on the Judiciary.</text>
          <actionDate>2014-06-26</actionDate>
        </latestAction>
        <latestTitle>Civil Rights Voting Restoration Act of 2014</latestTitle>
        <congress>113</congress>
        <number>2550</number>
        <type>S</type>
      </item>
      <item>
        <relationshipDetails>
          <item>
            <type>Related bill</type>
            <identifiedBy>CRS</identifiedBy>
          </item>
        </relationshipDetails>
        <latestAction>
          <text>Referred to the Subcommittee on Research and Technology.</text>
          <actionDate>2014-12-11</actionDate>
        </latestAction>
        <latestTitle>Voter Confidence and Increased Accessibility Act of 2014</latestTitle>
        <congress>113</congress>
        <number>5741</number>
        <type>HR</type>
      </item>
    </relatedBills>
    <notes />
    <recordedVotes />
    <cboCostEstimates />
    <policyArea>
      <name>Government Operations and Politics</name>
    </policyArea>
    <billNumber>123</billNumber>
    <billType>S</billType>
    <committees>
      <billCommittees>
        <item>
          <subcommittees />
          <chamber>Senate</chamber>
          <systemCode>ssra00</systemCode>
          <type>Standing</type>
          <activities>
            <item>
              <name>Referred to</name>
              <date>2013-01-23T23:20:52Z</date>
            </item>
          </activities>
          <name>Rules and Administration Committee</name>
        </item>
      </billCommittees>
    </committees>
    <amendments />
    <summaries>
      <billSummaries>
        <item>
          <lastSummaryUpdateDate>2013-02-12T22:06:49Z</lastSummaryUpdateDate>
          <text><![CDATA[<p>Voter Empowerment Act of 2013 - Voter Registration Modernization Act of 2013 - Amends the National Voter Registration Act of 1993 (NVRA) to require each state to make available official public websites for online voter registration.</p> <p>Authorizes automated voter registration of certain individuals and establishes other initiatives to promote voter registration, such as same day registration and voter registration of individuals under 18 years of age.</p> <p>Amends the federal criminal code to prohibit hindering, interfering with, or preventing voter registration.</p> <p>Amends the Help America Vote Act of 2002 (HAVA) to establish requirements for states to promote access to voter registration and voting for individuals with disabilities, including a single office for providing related information.</p> <p>Directs the Election Assistance Commission (EAC) to make grants to eligible states to conduct pilot programs enabling individuals with disabilities to register to vote and vote privately and independently at their own residences (including by telephone).</p> <p>Amends HAVA to reauthorize the program of grants to state and local governments to assure voting access for individuals with disabilities.</p> <p>Amends the federal criminal code to prohibit state or local election officials from preventing an individual from registering or voting in any federal election (voter caging), or from permitting a formal challenge under state law to an individual's registration status or eligibility to vote, if the basis for such decision is evidence consisting of: (1) a voter caging document or voter caging list, (2) an unverified match list, (3) an error or omission on voter application or registration documents that is not material to an individual's eligibility to vote, or (4) any other evidence so designated by the Commission. </p> <p>Amends the federal criminal code to prohibit a person, including an election official, from knowingly and willfully attempting to or depriving or defrauding the residents of a state of their free and fair exercise of the right to vote by the communication of election-related information that is known by the person to be materially false, fictitious, or fraudulent. Increases the penalty for voter intimidation. </p> <p>Declares that the right of an individual U.S. citizen to vote in any federal election shall not be denied or abridged because that individual has been convicted of a criminal offense unless he or she is serving a felony sentence in a correctional institution at the time of the election. Prescribes enforcement of this right by public or private civil action.</p> <p>Requires each state to notify in writing any individual convicted of a criminal offense under state law, upon release from state custody or upon sentence to probation, that he or she has the right to vote in a federal election and so may register to vote.</p> <p>Voter Confidence and Increased Accessibility Act of 2013 - Amends HAVA to revise requirements for the audit capacity of voting systems, particularly those for a permanent paper record.</p> <p>Requires the voting system to require the use of an individual, durable, voter-verified paper ballot of the voter's vote that shall be marked and made available for inspection by the voter before the voter's vote is cast and counted, and which shall be counted by hand or read by an optical character recognition device or other counting device. Requires the voting system to provide the voter with an opportunity to correct any system-made error in the voter-verified paper ballot before it is permanently preserved.</p> <p>Requires the Director of the National Science Foundation (NSF) to make grants to eligible entities to study, test, and develop accessible ballot voting, verification, and casting mechanisms and devices and best practices to enhance the accessibility of paper ballot voting and verification mechanisms for individuals with disabilities, for voters whose primary language is not English, and for voters with difficulties in literacy.</p> <p>Prescribes requirements for: (1) publication of poll tapes, (2) treatment of ballots cast at early voting sites and of absentee ballots, and (3) the counting of provisional ballots that will be treated as votes.</p> <p>Prescribes laboratory conflict-of-interest requirements and prohibitions.</p> <p>Requires the NSF Director to make grants to eligible entities to conduct research on the development of election-dedicated voting system software. </p> <p>Requires each state, except when the winning candidate had no opponent or received 80% or more of the votes, to administer audits of federal election results, without advance notice to the precincts selected, consisting of random hand counts of the voter-verified paper ballots.</p> <p>Requires the Election Auditor of a state, as soon as practicable after the completion of an audit, to submit the results to EAC for publication.</p> <p>Prohibits certification of the results of any election until completion of audits.</p> <p>Amends HAVA to: (1) add requirements for counting provisional ballots, (2) require each state to allow early voting and facilitate the ability of voters to vote by mail.</p> <p>Amends the Servicemembers Civil Relief Act to extend the guarantee of voting residency to family members of absent military personnel.</p> <p>Amends the Uniformed and Overseas Citizens Absentee Voting Act with respect to pre-election reports on availability and transmission of absentee ballots.</p> <p>Revises the 45-day absentee ballot transmission rule. </p> <p>Permits use of a single absentee ballot application for subsequent elections.</p> <p>Entitles to leave a federal employee who serves as a poll worker.</p> <p>Directs the EAC to: (1) make a grant to each eligible state for poll-worker recruitment and training, and (2) develop materials for a model state poll worker training program.</p> <p>Amends HAVA to make available to any person aggrieved by a violation of uniform and nondiscriminatory election technology and administration requirements the option to file a complaint with the Attorney General or pursue a private right of action to enforce such requirements. </p> <p>Amends the Federal Election Campaign Act of 1971 to make it unlawful for a chief state election administration official, unless he or she or a family member is a candidate, to take an active part in political management or in a political campaign for federal office over which such official has supervisory authority.</p> <p>Amends NVRA to treat universities as voter registration agencies.</p> <p>Amends HAVA to establish minimum notification requirements on behalf of voters affected by polling place changes.</p> <p>Directs the Attorney General to: (1) coordinate the establishment of a state-based response system for responding to questions and complaints from individuals voting or seeking to vote, or registering to vote or seeking to, in federal elections; (2) establish and operate a toll-free telephone service to connect directly to such response system; and (3) appoint a Voter Hotline Task Force.</p> <p>Makes requirements of the National Voter Registration Act of 1993 and HAVA applicable to the Commonwealth of the Northern Mariana Islands.</p> <p>Amends HAVA to: (1) reauthorize and extend the EAC, and (2) repeal its exemption from certain government contracting requirements.<BR> <BR> </p>]]></text>
          <updateDate>2013-01-23T05:00:00Z</updateDate>
          <actionDesc>Introduced in Senate</actionDesc>
          <name>Introduced in Senate</name>
          <versionCode>00</versionCode>
          <actionDate>2013-01-23</actionDate>
        </item>
      </billSummaries>
    </summaries>
    <calendarNumbers />
    <committeeReports />
  </bill>
  <dublinCore xmlns:dc="http://purl.org/dc/elements/1.1/">
    <dc:format>text/xml</dc:format>
    <dc:language>EN</dc:language>
    <dc:rights>Pursuant to Title 17 Section 105 of the United States Code, this file is not subject to copyright protection and is in the public domain.</dc:rights>
    <dc:contributor>Congressional Research Service, Library of Congress</dc:contributor>
    <dc:description>This file contains bill summaries and statuses for federal legislation. A bill summary describes the most significant provisions of a piece of legislation and details the effects the legislative text may have on current law and federal programs. Bill summaries are authored by the Congressional Research Service (CRS) of the Library of Congress. As stated in Public Law 91-510 (2 USC 166 (d)(6)), one of the duties of CRS is "to prepare summaries and digests of bills and resolutions of a public general nature introduced in the Senate or House of Representatives". For more information, refer to the User Guide that accompanies this file.</dc:description>
  </dublinCore>
</billStatus>

