<?xml version="1.0" encoding="UTF-8"?>
<billStatus>
  <bill>
    <cosponsors />
    <latestAction>
      <actionDate>2013-03-18</actionDate>
      <links />
      <text>Read twice and referred to the Committee on the Judiciary. (text of measure as introduced: CR S1901-1902)</text>
    </latestAction>
    <amendments />
    <notes />
    <laws />
    <createDate>2013-03-19T07:01:12Z</createDate>
    <summaries>
      <billSummaries>
        <item>
          <text><![CDATA[Provides for the relief of Guy Privat Tape and Lou Nazie Raymonde Toto.]]></text>
          <actionDesc>Introduced in Senate</actionDesc>
          <lastSummaryUpdateDate>2013-03-19T08:03:32Z</lastSummaryUpdateDate>
          <versionCode>00</versionCode>
          <actionDate>2013-03-18</actionDate>
          <name>Introduced in Senate</name>
          <updateDate>2013-03-18T04:00:00Z</updateDate>
        </item>
      </billSummaries>
    </summaries>
    <titles>
      <item>
        <parentTitleType />
        <title>A bill for the relief of Guy Privat Tape and Lou Nazie Raymonde Toto.</title>
        <chamberName />
        <chamberCode />
        <titleType>Official Title as Introduced</titleType>
      </item>
      <item>
        <parentTitleType />
        <title>A bill for the relief of Guy Privat Tape and Lou Nazie Raymonde Toto.</title>
        <chamberName />
        <chamberCode />
        <titleType>Display Title</titleType>
      </item>
    </titles>
    <calendarNumbers />
    <updateDate>2016-10-25T16:21:54Z</updateDate>
    <introducedDate>2013-03-18</introducedDate>
    <recordedVotes />
    <policyArea>
      <name>Private Legislation</name>
    </policyArea>
    <subjects>
      <billSubjects>
        <legislativeSubjects />
        <policyArea>
          <name>Private Legislation</name>
        </policyArea>
      </billSubjects>
    </subjects>
    <actions>
      <actionByCounts>
        <senate>2</senate>
      </actionByCounts>
      <actionTypeCounts>
        <referredToCommittee>1</referredToCommittee>
        <placeholderTextForB>1</placeholderTextForB>
        <introducedInSenate>1</introducedInSenate>
      </actionTypeCounts>
      <item>
        <actionDate>2013-03-18</actionDate>
        <committee>
          <name>Judiciary Committee</name>
          <systemCode>ssju00</systemCode>
        </committee>
        <links>
          <link>
            <name>S1901-1902</name>
            <url>/congressional-record/2013/senate-section/page/S1901-1902</url>
          </link>
        </links>
        <sourceSystem>
          <code>0</code>
          <name>Senate</name>
        </sourceSystem>
        <text>Read twice and referred to the Committee on the Judiciary. (text of measure as introduced: CR S1901-1902)</text>
        <type>IntroReferral</type>
      </item>
      <item>
        <sourceSystem>
          <code>9</code>
          <name>Library of Congress</name>
        </sourceSystem>
        <type>IntroReferral</type>
        <actionDate>2013-03-18</actionDate>
        <text>Sponsor introductory remarks on measure. (CR S1901)</text>
        <committee />
        <actionCode>B00100</actionCode>
        <links>
          <link>
            <name>S1901</name>
            <url>/congressional-record/2013/senate-section/page/S1901</url>
          </link>
        </links>
      </item>
      <item>
        <sourceSystem>
          <code>9</code>
          <name>Library of Congress</name>
        </sourceSystem>
        <type>IntroReferral</type>
        <actionDate>2013-03-18</actionDate>
        <text>Introduced in Senate</text>
        <committee />
        <actionCode>10000</actionCode>
        <links />
      </item>
    </actions>
    <originChamber>Senate</originChamber>
    <committees>
      <billCommittees>
        <item>
          <subcommittees />
          <name>Judiciary Committee</name>
          <type>Standing</type>
          <activities>
            <item>
              <name>Referred to</name>
              <date>2013-03-18T18:55:06Z</date>
            </item>
          </activities>
          <chamber>Senate</chamber>
          <systemCode>ssju00</systemCode>
        </item>
      </billCommittees>
    </committees>
    <cboCostEstimates />
    <billNumber>593</billNumber>
    <title>A bill for the relief of Guy Privat Tape and Lou Nazie Raymonde Toto.</title>
    <billType>S</billType>
    <committeeReports />
    <congress>113</congress>
    <sponsors>
      <item>
        <lastName>FEINSTEIN</lastName>
        <fullName>Sen. Feinstein, Dianne [D-CA]</fullName>
        <byRequestType />
        <identifiers>
          <bioguideId>F000062</bioguideId>
          <lisID>1332</lisID>
          <gpoId>8338</gpoId>
        </identifiers>
        <bioguideId>F000062</bioguideId>
        <firstName>DIANNE</firstName>
        <middleName />
      </item>
    </sponsors>
    <relatedBills />
  </bill>
  <dublinCore xmlns:dc="http://purl.org/dc/elements/1.1/">
    <dc:format>text/xml</dc:format>
    <dc:language>EN</dc:language>
    <dc:rights>Pursuant to Title 17 Section 105 of the United States Code, this file is not subject to copyright protection and is in the public domain.</dc:rights>
    <dc:contributor>Congressional Research Service, Library of Congress</dc:contributor>
    <dc:description>This file contains bill summaries and statuses for federal legislation. A bill summary describes the most significant provisions of a piece of legislation and details the effects the legislative text may have on current law and federal programs. Bill summaries are authored by the Congressional Research Service (CRS) of the Library of Congress. As stated in Public Law 91-510 (2 USC 166 (d)(6)), one of the duties of CRS is "to prepare summaries and digests of bills and resolutions of a public general nature introduced in the Senate or House of Representatives". For more information, refer to the User Guide that accompanies this file.</dc:description>
  </dublinCore>
</billStatus>

