<?xml version="1.0" encoding="UTF-8"?>
<billStatus>
  <bill>
    <actions>
      <actionTypeCounts>
        <referredToCommittee>1</referredToCommittee>
        <hearingsHeld>1</hearingsHeld>
        <introducedInSenate>1</introducedInSenate>
      </actionTypeCounts>
      <actionByCounts>
        <senate>3</senate>
      </actionByCounts>
      <item>
        <actionDate>2013-06-04</actionDate>
        <committee>
          <name>Armed Services Committee</name>
          <systemCode>ssas00</systemCode>
        </committee>
        <links />
        <sourceSystem>
          <name>Senate</name>
          <code>0</code>
        </sourceSystem>
        <text>Committee on Armed Services. Hearings held. Hearings printed: S.Hrg. 113-320.</text>
        <type>Committee</type>
      </item>
      <item>
        <actionDate>2013-05-15</actionDate>
        <committee>
          <name>Armed Services Committee</name>
          <systemCode>ssas00</systemCode>
        </committee>
        <links />
        <sourceSystem>
          <name>Senate</name>
          <code>0</code>
        </sourceSystem>
        <text>Read twice and referred to the Committee on Armed Services.</text>
        <type>IntroReferral</type>
      </item>
      <item>
        <committee />
        <sourceSystem>
          <name>Library of Congress</name>
          <code>9</code>
        </sourceSystem>
        <type>IntroReferral</type>
        <text>Introduced in Senate</text>
        <actionDate>2013-05-15</actionDate>
        <links />
        <actionCode>10000</actionCode>
      </item>
    </actions>
    <title>A bill to require a comprehensive review of the adequacy of the training, qualifications, and experience of the Department of Defense personnel responsible for sexual assault prevention and response for the Armed Forces, and for other purposes.</title>
    <cosponsors>
      <item>
        <sponsorshipWithdrawnDate />
        <bioguideId>K000367</bioguideId>
        <fullName>Sen. Klobuchar, Amy [D-MN]</fullName>
        <lastName>Klobuchar</lastName>
        <isOriginalCosponsor>True</isOriginalCosponsor>
        <identifiers>
          <gpoId>8249</gpoId>
          <lisID>1826</lisID>
          <bioguideId>K000367</bioguideId>
        </identifiers>
        <middleName />
        <sponsorshipDate>2013-05-15</sponsorshipDate>
        <firstName>Amy</firstName>
      </item>
      <item>
        <sponsorshipWithdrawnDate />
        <bioguideId>S001194</bioguideId>
        <fullName>Sen. Schatz, Brian [D-HI]</fullName>
        <lastName>Schatz</lastName>
        <isOriginalCosponsor>False</isOriginalCosponsor>
        <identifiers>
          <lisID>2173</lisID>
          <bioguideId>S001194</bioguideId>
          <gpoId />
        </identifiers>
        <middleName />
        <sponsorshipDate>2013-05-20</sponsorshipDate>
        <firstName>Brian</firstName>
      </item>
      <item>
        <sponsorshipWithdrawnDate />
        <bioguideId>F000457</bioguideId>
        <fullName>Sen. Franken, Al [D-MN]</fullName>
        <lastName>Franken</lastName>
        <isOriginalCosponsor>False</isOriginalCosponsor>
        <identifiers>
          <lisID>1969</lisID>
          <gpoId>8339</gpoId>
          <bioguideId>F000457</bioguideId>
        </identifiers>
        <middleName />
        <sponsorshipDate>2013-05-20</sponsorshipDate>
        <firstName>Al</firstName>
      </item>
      <item>
        <sponsorshipWithdrawnDate />
        <bioguideId>U000038</bioguideId>
        <fullName>Sen. Udall, Mark [D-CO]</fullName>
        <lastName>UDALL</lastName>
        <isOriginalCosponsor>False</isOriginalCosponsor>
        <identifiers>
          <lisID>1595</lisID>
          <bioguideId>U000038</bioguideId>
          <gpoId>8259</gpoId>
        </identifiers>
        <middleName />
        <sponsorshipDate>2013-05-23</sponsorshipDate>
        <firstName>MARK</firstName>
      </item>
      <item>
        <sponsorshipWithdrawnDate />
        <bioguideId>R000361</bioguideId>
        <fullName>Sen. Rockefeller, John D., IV [D-WV]</fullName>
        <lastName>ROCKEFELLER</lastName>
        <isOriginalCosponsor>False</isOriginalCosponsor>
        <identifiers>
          <gpoId>8273</gpoId>
          <bioguideId>R000361</bioguideId>
          <lisID>1424</lisID>
        </identifiers>
        <middleName />
        <sponsorshipDate>2013-06-03</sponsorshipDate>
        <firstName>JAY</firstName>
      </item>
      <item>
        <sponsorshipWithdrawnDate />
        <bioguideId>B001230</bioguideId>
        <fullName>Sen. Baldwin, Tammy [D-WI]</fullName>
        <lastName>BALDWIN</lastName>
        <isOriginalCosponsor>False</isOriginalCosponsor>
        <identifiers>
          <bioguideId>B001230</bioguideId>
          <lisID>1558</lisID>
          <gpoId>8215</gpoId>
        </identifiers>
        <middleName />
        <sponsorshipDate>2013-06-10</sponsorshipDate>
        <firstName>TAMMY</firstName>
      </item>
    </cosponsors>
    <sponsors>
      <item>
        <middleName />
        <firstName>Claire</firstName>
        <byRequestType />
        <bioguideId>M001170</bioguideId>
        <fullName>Sen. McCaskill, Claire [D-MO]</fullName>
        <lastName>McCaskill</lastName>
        <identifiers>
          <bioguideId>M001170</bioguideId>
          <lisID>1820</lisID>
          <gpoId>8252</gpoId>
        </identifiers>
      </item>
    </sponsors>
    <subjects>
      <billSubjects>
        <legislativeSubjects>
          <item>
            <name>Administrative law and regulatory procedures</name>
          </item>
          <item>
            <name>Assault and harassment offenses</name>
          </item>
          <item>
            <name>Crime prevention</name>
          </item>
          <item>
            <name>Crime victims</name>
          </item>
          <item>
            <name>Crimes against women</name>
          </item>
          <item>
            <name>Department of Defense</name>
          </item>
          <item>
            <name>Government employee pay, benefits, personnel management</name>
          </item>
          <item>
            <name>Government studies and investigations</name>
          </item>
          <item>
            <name>Military education and training</name>
          </item>
          <item>
            <name>Military personnel and dependents</name>
          </item>
          <item>
            <name>Sex offenses</name>
          </item>
        </legislativeSubjects>
        <policyArea>
          <name>Armed Forces and National Security</name>
        </policyArea>
      </billSubjects>
    </subjects>
    <updateDate>2016-10-25T16:24:29Z</updateDate>
    <originChamber>Senate</originChamber>
    <titles>
      <item>
        <titleType>Official Title as Introduced</titleType>
        <title>A bill to require a comprehensive review of the adequacy of the training, qualifications, and experience of the Department of Defense personnel responsible for sexual assault prevention and response for the Armed Forces, and for other purposes.</title>
        <chamberCode />
        <chamberName />
        <parentTitleType />
      </item>
      <item>
        <titleType>Display Title</titleType>
        <title>A bill to require a comprehensive review of the adequacy of the training, qualifications, and experience of the Department of Defense personnel responsible for sexual assault prevention and response for the Armed Forces, and for other purposes.</title>
        <chamberCode />
        <chamberName />
        <parentTitleType />
      </item>
    </titles>
    <createDate>2013-05-16T07:02:05Z</createDate>
    <congress>113</congress>
    <introducedDate>2013-05-15</introducedDate>
    <latestAction>
      <links />
      <actionDate>2013-06-04</actionDate>
      <text>Committee on Armed Services. Hearings held. Hearings printed: S.Hrg. 113-320.</text>
    </latestAction>
    <laws />
    <relatedBills />
    <notes />
    <recordedVotes />
    <cboCostEstimates />
    <policyArea>
      <name>Armed Forces and National Security</name>
    </policyArea>
    <billNumber>964</billNumber>
    <billType>S</billType>
    <committees>
      <billCommittees>
        <item>
          <systemCode>ssas00</systemCode>
          <subcommittees />
          <chamber>Senate</chamber>
          <type>Standing</type>
          <name>Armed Services Committee</name>
          <activities>
            <item>
              <name>Hearings by</name>
              <date>2013-06-04T12:41:43Z</date>
            </item>
            <item>
              <name>Referred to</name>
              <date>2013-05-15T20:25:33Z</date>
            </item>
          </activities>
        </item>
      </billCommittees>
    </committees>
    <amendments />
    <summaries>
      <billSummaries>
        <item>
          <versionCode>00</versionCode>
          <actionDesc>Introduced in Senate</actionDesc>
          <text><![CDATA[<p>Requires the Secretary of Defense (DOD) to review the adequacy of the training, qualifications, and experience of each member of the Armed Forces and civilian DOD employee who is currently responsible for sexual assault prevention and response within the Armed Forces. Includes in such review an assessment of the adequacy of the training and certifications required of Sexual Assault Response Coordinators and Sexual Assault Victim Advocates by the National Defense Authorization Act for Fiscal Year 2012.</p> <p>Requires the Secretary, upon a determination that any member or civilian employee responsible for sexual assault prevention and response does not have the training, qualifications, or experience required to discharge such responsibilities, to take appropriate responsive actions that include: (1) retraining or recertification, or (2) reassignment and replacement of the member or employee.</p> <p>Directs the Secretary, following the review required by this Act, to prescribe in regulations: (1) appropriate minimum levels of training, qualifications, and experience for such personnel; and (2) requirements for improvements in training, including of Sexual Assault Response Coordinators and Sexual Assault Victim Advocates.</p>]]></text>
          <lastSummaryUpdateDate>2013-06-04T18:41:31Z</lastSummaryUpdateDate>
          <name>Introduced in Senate</name>
          <actionDate>2013-05-15</actionDate>
          <updateDate>2013-05-15T04:00:00Z</updateDate>
        </item>
      </billSummaries>
    </summaries>
    <calendarNumbers />
    <committeeReports />
  </bill>
  <dublinCore xmlns:dc="http://purl.org/dc/elements/1.1/">
    <dc:format>text/xml</dc:format>
    <dc:language>EN</dc:language>
    <dc:rights>Pursuant to Title 17 Section 105 of the United States Code, this file is not subject to copyright protection and is in the public domain.</dc:rights>
    <dc:contributor>Congressional Research Service, Library of Congress</dc:contributor>
    <dc:description>This file contains bill summaries and statuses for federal legislation. A bill summary describes the most significant provisions of a piece of legislation and details the effects the legislative text may have on current law and federal programs. Bill summaries are authored by the Congressional Research Service (CRS) of the Library of Congress. As stated in Public Law 91-510 (2 USC 166 (d)(6)), one of the duties of CRS is "to prepare summaries and digests of bills and resolutions of a public general nature introduced in the Senate or House of Representatives". For more information, refer to the User Guide that accompanies this file.</dc:description>
  </dublinCore>
</billStatus>

