<?xml version="1.0" encoding="UTF-8"?>
<billStatus>
  <bill>
    <relatedBills />
    <policyArea>
      <name>Health</name>
    </policyArea>
    <congress>113</congress>
    <cboCostEstimates />
    <laws />
    <billNumber>143</billNumber>
    <notes />
    <originChamber>Senate</originChamber>
    <latestAction>
      <actionDate>2013-01-24</actionDate>
      <text>Read twice and referred to the Committee on Health, Education, Labor, and Pensions.</text>
      <links />
    </latestAction>
    <updateDate>2016-10-25T16:20:13Z</updateDate>
    <calendarNumbers />
    <titles>
      <item>
        <titleType>Short Titles as Introduced</titleType>
        <title>Health Care Provider and Hospital Conscience Protection Act</title>
        <chamberCode />
        <chamberName />
        <parentTitleType />
      </item>
      <item>
        <titleType>Official Title as Introduced</titleType>
        <title>A bill to prohibit discrimination and retaliation against individuals and health care entities that refuse to recommend, refer for, provide coverage for, pay for, provide, perform, assist, or participate in abortions.</title>
        <chamberCode />
        <chamberName />
        <parentTitleType />
      </item>
      <item>
        <titleType>Display Title</titleType>
        <title>Health Care Provider and Hospital Conscience Protection Act</title>
        <chamberCode />
        <chamberName />
        <parentTitleType />
      </item>
    </titles>
    <title>Health Care Provider and Hospital Conscience Protection Act</title>
    <committeeReports />
    <sponsors>
      <item>
        <bioguideId>C001070</bioguideId>
        <fullName>Sen. Casey, Robert P., Jr. [D-PA]</fullName>
        <identifiers>
          <lisID>1828</lisID>
          <bioguideId>C001070</bioguideId>
          <gpoId>8282</gpoId>
        </identifiers>
        <byRequestType />
        <middleName />
        <firstName>Bob</firstName>
        <lastName>Casey</lastName>
      </item>
    </sponsors>
    <introducedDate>2013-01-24</introducedDate>
    <createDate>2013-01-25T07:00:57Z</createDate>
    <committees>
      <billCommittees>
        <item>
          <subcommittees />
          <chamber>Senate</chamber>
          <systemCode>sshr00</systemCode>
          <type>Standing</type>
          <activities>
            <item>
              <name>Referred to</name>
              <date>2013-01-24T22:18:22Z</date>
            </item>
          </activities>
          <name>Health, Education, Labor, and Pensions Committee</name>
        </item>
      </billCommittees>
    </committees>
    <cosponsors />
    <billType>S</billType>
    <summaries>
      <billSummaries>
        <item>
          <versionCode>00</versionCode>
          <name>Introduced in Senate</name>
          <actionDate>2013-01-24</actionDate>
          <updateDate>2013-01-24T05:00:00Z</updateDate>
          <lastSummaryUpdateDate>2013-02-08T20:25:07Z</lastSummaryUpdateDate>
          <text><![CDATA[<p> Health Care Provider and Hospital Conscience Protection Act - Prohibits the federal government and any state or local government that receives federal financial assistance from discriminating or retaliating against any individual or health care entity because of a refusal to recommend, refer for, provide coverage for, pay for, provide, perform, assist, or participate in any abortion. Includes within such prohibited discrimination: (1) denial, deprivation, or disqualification in licensing; (2) withholding accreditations, authorizations, loans, grants, aids, assistance, benefits, or privileges; and (3) withholding authorization to expand, improve, finance, or create facilities or programs.</p> <p>Creates a cause of action for any violation of this Act. Gives federal courts jurisdiction to order any form of legal or equitable relief, including injunctive relief or an order preventing the disbursement of all or a portion of federal financial assistance to a state government until the prohibited conduct has ceased.</p> <p> Authorizes the Attorney General to file a civil action seeking injunctive or declaratory relief to enforce compliance with this Act. Requires the Secretary of Health and Human Services to designate the Director of the Office for Civil Rights of the Department of Health and Human Services (HHS) to receive and investigate complaints alleging a violation of this Act.</p> <p> Requires this Act to be construed in favor of broad conscience protection for individuals and health care entities to the maximum extent permitted by the terms of this Act and the Constitution.</p>]]></text>
          <actionDesc>Introduced in Senate</actionDesc>
        </item>
      </billSummaries>
    </summaries>
    <recordedVotes />
    <amendments />
    <actions>
      <actionTypeCounts>
        <referredToCommittee>1</referredToCommittee>
        <introducedInSenate>1</introducedInSenate>
      </actionTypeCounts>
      <actionByCounts>
        <senate>2</senate>
      </actionByCounts>
      <item>
        <actionDate>2013-01-24</actionDate>
        <committee>
          <name>Health, Education, Labor, and Pensions Committee</name>
          <systemCode>sshr00</systemCode>
        </committee>
        <links />
        <sourceSystem>
          <name>Senate</name>
          <code>0</code>
        </sourceSystem>
        <text>Read twice and referred to the Committee on Health, Education, Labor, and Pensions.</text>
        <type>IntroReferral</type>
      </item>
      <item>
        <committee />
        <sourceSystem>
          <name>Library of Congress</name>
          <code>9</code>
        </sourceSystem>
        <type>IntroReferral</type>
        <text>Introduced in Senate</text>
        <actionDate>2013-01-24</actionDate>
        <links />
        <actionCode>10000</actionCode>
      </item>
    </actions>
    <subjects>
      <billSubjects>
        <policyArea>
          <name>Health</name>
        </policyArea>
        <legislativeSubjects>
          <item>
            <name>Abortion</name>
          </item>
          <item>
            <name>Administrative remedies</name>
          </item>
          <item>
            <name>Civil actions and liability</name>
          </item>
          <item>
            <name>Department of Health and Human Services</name>
          </item>
          <item>
            <name>Government studies and investigations</name>
          </item>
          <item>
            <name>Health care costs and insurance</name>
          </item>
          <item>
            <name>Health care coverage and access</name>
          </item>
          <item>
            <name>Health facilities and institutions</name>
          </item>
          <item>
            <name>Health personnel</name>
          </item>
          <item>
            <name>Health programs administration and funding</name>
          </item>
          <item>
            <name>Licensing and registrations</name>
          </item>
          <item>
            <name>State and local finance</name>
          </item>
        </legislativeSubjects>
      </billSubjects>
    </subjects>
  </bill>
  <dublinCore xmlns:dc="http://purl.org/dc/elements/1.1/">
    <dc:format>text/xml</dc:format>
    <dc:language>EN</dc:language>
    <dc:rights>Pursuant to Title 17 Section 105 of the United States Code, this file is not subject to copyright protection and is in the public domain.</dc:rights>
    <dc:contributor>Congressional Research Service, Library of Congress</dc:contributor>
    <dc:description>This file contains bill summaries and statuses for federal legislation. A bill summary describes the most significant provisions of a piece of legislation and details the effects the legislative text may have on current law and federal programs. Bill summaries are authored by the Congressional Research Service (CRS) of the Library of Congress. As stated in Public Law 91-510 (2 USC 166 (d)(6)), one of the duties of CRS is "to prepare summaries and digests of bills and resolutions of a public general nature introduced in the Senate or House of Representatives". For more information, refer to the User Guide that accompanies this file.</dc:description>
  </dublinCore>
</billStatus>

