<?xml version="1.0" encoding="UTF-8"?>
<billStatus>
  <bill>
    <cosponsors>
      <item>
        <lastName>UDALL</lastName>
        <sponsorshipDate>2013-03-05</sponsorshipDate>
        <firstName>MARK</firstName>
        <identifiers>
          <gpoId>8259</gpoId>
          <bioguideId>U000038</bioguideId>
          <lisID>1595</lisID>
        </identifiers>
        <isOriginalCosponsor>True</isOriginalCosponsor>
        <bioguideId>U000038</bioguideId>
        <fullName>Sen. Udall, Mark [D-CO]</fullName>
        <middleName />
        <sponsorshipWithdrawnDate />
      </item>
    </cosponsors>
    <latestAction>
      <actionDate>2013-03-05</actionDate>
      <links />
      <text>Read twice and referred to the Committee on the Budget.</text>
    </latestAction>
    <amendments />
    <notes />
    <laws />
    <createDate>2013-03-06T07:01:11Z</createDate>
    <summaries>
      <billSummaries>
        <item>
          <lastSummaryUpdateDate>2013-04-29T13:08:28Z</lastSummaryUpdateDate>
          <text><![CDATA[<p>Cancels the sequestration of budgetary resources for FY2013 ordered on March 1, 2013, pursuant to the Balanced Budget and Emergency Deficit Control Act of 1985 (Balanced Budget Act). </p> <p>Requires the budget sequester for an account in the security and non-security categories under the Balanced Budget Act for FY2013 to be implemented within each account as determined by the head of the agency with spending authority over such account. Requires: (1) the agency head to notify the Appropriations Committees of a proposed exercise of authority for implementing a sequester, and (2) the Appropriations Committees to approve any agency proposal.</p> <p>Authorizes the Secretary of Defense (DOD) to: (1) take appropriate actions in the management of current DOD multiyear contracts to minimize the effects of a sequester in carrying out such contracts; and (2) begin new programs, projects, and activities and enter into new contracts for multiyear procurements that are authorized by the National Defense Authorization Act for FY2013.</p> <p>Allocates funding for prior year shipbuilding cost increases for the Navy. </p>]]></text>
          <updateDate>2013-03-05T05:00:00Z</updateDate>
          <actionDesc>Introduced in Senate</actionDesc>
          <name>Introduced in Senate</name>
          <versionCode>00</versionCode>
          <actionDate>2013-03-05</actionDate>
        </item>
      </billSummaries>
    </summaries>
    <titles>
      <item>
        <chamberName />
        <titleType>Official Title as Introduced</titleType>
        <title>A bill to permit flexibility in the application of the budget sequester by Federal agencies.</title>
        <chamberCode />
        <parentTitleType />
      </item>
      <item>
        <chamberName />
        <titleType>Display Title</titleType>
        <title>A bill to permit flexibility in the application of the budget sequester by Federal agencies.</title>
        <chamberCode />
        <parentTitleType />
      </item>
    </titles>
    <calendarNumbers />
    <updateDate>2016-10-25T16:21:27Z</updateDate>
    <introducedDate>2013-03-05</introducedDate>
    <recordedVotes />
    <policyArea>
      <name>Economics and Public Finance</name>
    </policyArea>
    <subjects>
      <billSubjects>
        <legislativeSubjects>
          <item>
            <name>Appropriations</name>
          </item>
          <item>
            <name>Budget deficits and national debt</name>
          </item>
          <item>
            <name>Budget process</name>
          </item>
          <item>
            <name>Congressional agencies</name>
          </item>
          <item>
            <name>Congressional oversight</name>
          </item>
          <item>
            <name>Defense spending</name>
          </item>
          <item>
            <name>Department of Defense</name>
          </item>
          <item>
            <name>Executive agency funding and structure</name>
          </item>
          <item>
            <name>Legislative rules and procedure</name>
          </item>
          <item>
            <name>Military procurement, research, weapons development</name>
          </item>
          <item>
            <name>Public contracts and procurement</name>
          </item>
        </legislativeSubjects>
        <policyArea>
          <name>Economics and Public Finance</name>
        </policyArea>
      </billSubjects>
    </subjects>
    <actions>
      <actionTypeCounts>
        <referredToCommittee>1</referredToCommittee>
        <introducedInSenate>1</introducedInSenate>
      </actionTypeCounts>
      <actionByCounts>
        <senate>2</senate>
      </actionByCounts>
      <item>
        <actionDate>2013-03-05</actionDate>
        <committee>
          <name>Budget Committee</name>
          <systemCode>ssbu00</systemCode>
        </committee>
        <links />
        <sourceSystem>
          <name>Senate</name>
          <code>0</code>
        </sourceSystem>
        <text>Read twice and referred to the Committee on the Budget.</text>
        <type>IntroReferral</type>
      </item>
      <item>
        <committee />
        <sourceSystem>
          <name>Library of Congress</name>
          <code>9</code>
        </sourceSystem>
        <type>IntroReferral</type>
        <text>Introduced in Senate</text>
        <actionDate>2013-03-05</actionDate>
        <links />
        <actionCode>10000</actionCode>
      </item>
    </actions>
    <originChamber>Senate</originChamber>
    <committees>
      <billCommittees>
        <item>
          <subcommittees />
          <activities>
            <item>
              <name>Referred to</name>
              <date>2013-03-05T23:25:54Z</date>
            </item>
          </activities>
          <type>Standing</type>
          <systemCode>ssbu00</systemCode>
          <chamber>Senate</chamber>
          <name>Budget Committee</name>
        </item>
      </billCommittees>
    </committees>
    <cboCostEstimates />
    <billNumber>465</billNumber>
    <title>A bill to permit flexibility in the application of the budget sequester by Federal agencies.</title>
    <billType>S</billType>
    <committeeReports />
    <congress>113</congress>
    <sponsors>
      <item>
        <lastName>COLLINS</lastName>
        <fullName>Sen. Collins, Susan M. [R-ME]</fullName>
        <byRequestType />
        <identifiers>
          <lisID>1541</lisID>
          <bioguideId>C001035</bioguideId>
          <gpoId>8291</gpoId>
        </identifiers>
        <bioguideId>C001035</bioguideId>
        <firstName>SUSAN</firstName>
        <middleName>MARGARET</middleName>
      </item>
    </sponsors>
    <relatedBills>
      <item>
        <latestTitle>A bill to permit flexibility in the application of the budget sequester by Federal agencies.</latestTitle>
        <type>S</type>
        <number>1017</number>
        <latestAction>
          <text>Read twice and referred to the Committee on the Budget.</text>
          <actionDate>2013-05-22</actionDate>
        </latestAction>
        <relationshipDetails>
          <item>
            <type>Related bill</type>
            <identifiedBy>CRS</identifiedBy>
          </item>
        </relationshipDetails>
        <congress>113</congress>
      </item>
    </relatedBills>
  </bill>
  <dublinCore xmlns:dc="http://purl.org/dc/elements/1.1/">
    <dc:format>text/xml</dc:format>
    <dc:language>EN</dc:language>
    <dc:rights>Pursuant to Title 17 Section 105 of the United States Code, this file is not subject to copyright protection and is in the public domain.</dc:rights>
    <dc:contributor>Congressional Research Service, Library of Congress</dc:contributor>
    <dc:description>This file contains bill summaries and statuses for federal legislation. A bill summary describes the most significant provisions of a piece of legislation and details the effects the legislative text may have on current law and federal programs. Bill summaries are authored by the Congressional Research Service (CRS) of the Library of Congress. As stated in Public Law 91-510 (2 USC 166 (d)(6)), one of the duties of CRS is "to prepare summaries and digests of bills and resolutions of a public general nature introduced in the Senate or House of Representatives". For more information, refer to the User Guide that accompanies this file.</dc:description>
  </dublinCore>
</billStatus>

