<?xml version="1.0" encoding="UTF-8"?>
<billStatus>
  <bill>
    <cosponsors />
    <latestAction>
      <actionDate>2013-07-23</actionDate>
      <links />
      <text>Read twice and referred to the Committee on Homeland Security and Governmental Affairs.</text>
    </latestAction>
    <amendments />
    <notes />
    <laws />
    <createDate>2013-07-24T07:01:57Z</createDate>
    <summaries>
      <billSummaries>
        <item>
          <actionDesc>Introduced in Senate</actionDesc>
          <actionDate>2013-07-23</actionDate>
          <updateDate>2013-07-23T04:00:00Z</updateDate>
          <versionCode>00</versionCode>
          <lastSummaryUpdateDate>2013-08-13T21:29:35Z</lastSummaryUpdateDate>
          <name>Introduced in Senate</name>
          <text><![CDATA[<p>Requires the Office of Personnel Management (OPM) to submit an annual report to Congress on the use of official time by federal employees. Defines &quot;official time&quot; as any period of time granted to a federal employee to perform representational or consultative functions and during which the employee would otherwise be in a duty status.</p>]]></text>
        </item>
      </billSummaries>
    </summaries>
    <titles>
      <item>
        <parentTitleType />
        <title>A bill to amend title 5, United States Code, to require that the Office of Personnel Management submit an annual report to Congress relating to the use of official time by Federal employees.</title>
        <chamberName />
        <titleType>Official Title as Introduced</titleType>
        <chamberCode />
      </item>
      <item>
        <parentTitleType />
        <title>A bill to amend title 5, United States Code, to require that the Office of Personnel Management submit an annual report to Congress relating to the use of official time by Federal employees.</title>
        <chamberName />
        <titleType>Display Title</titleType>
        <chamberCode />
      </item>
    </titles>
    <calendarNumbers />
    <updateDate>2016-10-25T16:26:08Z</updateDate>
    <introducedDate>2013-07-23</introducedDate>
    <recordedVotes />
    <policyArea>
      <name>Government Operations and Politics</name>
    </policyArea>
    <subjects>
      <billSubjects>
        <policyArea>
          <name>Government Operations and Politics</name>
        </policyArea>
        <legislativeSubjects>
          <item>
            <name>Congressional oversight</name>
          </item>
          <item>
            <name>Employee leave</name>
          </item>
          <item>
            <name>Government employee pay, benefits, personnel management</name>
          </item>
          <item>
            <name>Labor-management relations</name>
          </item>
        </legislativeSubjects>
      </billSubjects>
    </subjects>
    <actions>
      <actionByCounts>
        <senate>2</senate>
      </actionByCounts>
      <actionTypeCounts>
        <referredToCommittee>1</referredToCommittee>
        <introducedInSenate>1</introducedInSenate>
      </actionTypeCounts>
      <item>
        <actionDate>2013-07-23</actionDate>
        <committee>
          <name>Homeland Security and Governmental Affairs Committee</name>
          <systemCode>ssga00</systemCode>
        </committee>
        <links />
        <sourceSystem>
          <code>0</code>
          <name>Senate</name>
        </sourceSystem>
        <text>Read twice and referred to the Committee on Homeland Security and Governmental Affairs.</text>
        <type>IntroReferral</type>
      </item>
      <item>
        <sourceSystem>
          <code>9</code>
          <name>Library of Congress</name>
        </sourceSystem>
        <type>IntroReferral</type>
        <actionDate>2013-07-23</actionDate>
        <text>Introduced in Senate</text>
        <committee />
        <actionCode>10000</actionCode>
        <links />
      </item>
    </actions>
    <originChamber>Senate</originChamber>
    <committees>
      <billCommittees>
        <item>
          <name>Homeland Security and Governmental Affairs Committee</name>
          <subcommittees />
          <chamber>Senate</chamber>
          <type>Standing</type>
          <systemCode>ssga00</systemCode>
          <activities>
            <item>
              <name>Referred to</name>
              <date>2013-07-23T14:41:50Z</date>
            </item>
          </activities>
        </item>
      </billCommittees>
    </committees>
    <cboCostEstimates />
    <billNumber>1338</billNumber>
    <title>A bill to amend title 5, United States Code, to require that the Office of Personnel Management submit an annual report to Congress relating to the use of official time by Federal employees.</title>
    <billType>S</billType>
    <committeeReports />
    <congress>113</congress>
    <sponsors>
      <item>
        <lastName>COBURN</lastName>
        <fullName>Sen. Coburn, Tom [R-OK]</fullName>
        <byRequestType />
        <identifiers>
          <bioguideId>C000560</bioguideId>
          <lisID>212</lisID>
          <gpoId>8293</gpoId>
        </identifiers>
        <bioguideId>C000560</bioguideId>
        <firstName>TOM</firstName>
        <middleName />
      </item>
    </sponsors>
    <relatedBills>
      <item>
        <type>HR</type>
        <congress>113</congress>
        <latestTitle>To amend title 5, United States Code, to require that the Office of Personnel Management submit an annual report to Congress relating to the use of official time by Federal employees.</latestTitle>
        <latestAction>
          <actionDate>2013-07-16</actionDate>
          <text>Placed on the Union Calendar, Calendar No. 111.</text>
        </latestAction>
        <relationshipDetails>
          <item>
            <identifiedBy>CRS</identifiedBy>
            <type>Related bill</type>
          </item>
        </relationshipDetails>
        <number>568</number>
      </item>
      <item>
        <type>HR</type>
        <congress>113</congress>
        <latestTitle>Postal Reform Act of 2013</latestTitle>
        <latestAction>
          <actionDate>2015-01-02</actionDate>
          <text>Placed on the Union Calendar, Calendar No. 564.</text>
        </latestAction>
        <relationshipDetails>
          <item>
            <identifiedBy>CRS</identifiedBy>
            <type>Related bill</type>
          </item>
        </relationshipDetails>
        <number>2748</number>
      </item>
    </relatedBills>
  </bill>
  <dublinCore xmlns:dc="http://purl.org/dc/elements/1.1/">
    <dc:format>text/xml</dc:format>
    <dc:language>EN</dc:language>
    <dc:rights>Pursuant to Title 17 Section 105 of the United States Code, this file is not subject to copyright protection and is in the public domain.</dc:rights>
    <dc:contributor>Congressional Research Service, Library of Congress</dc:contributor>
    <dc:description>This file contains bill summaries and statuses for federal legislation. A bill summary describes the most significant provisions of a piece of legislation and details the effects the legislative text may have on current law and federal programs. Bill summaries are authored by the Congressional Research Service (CRS) of the Library of Congress. As stated in Public Law 91-510 (2 USC 166 (d)(6)), one of the duties of CRS is "to prepare summaries and digests of bills and resolutions of a public general nature introduced in the Senate or House of Representatives". For more information, refer to the User Guide that accompanies this file.</dc:description>
  </dublinCore>
</billStatus>

