<?xml version="1.0" encoding="UTF-8"?>
<billStatus>
  <bill>
    <cosponsors>
      <item>
        <firstName>RICHARD</firstName>
        <fullName>Sen. Durbin, Richard [D-IL]</fullName>
        <identifiers>
          <lisID>326</lisID>
          <gpoId>8326</gpoId>
          <bioguideId>D000563</bioguideId>
        </identifiers>
        <bioguideId>D000563</bioguideId>
        <sponsorshipWithdrawnDate />
        <middleName>J.</middleName>
        <isOriginalCosponsor>True</isOriginalCosponsor>
        <sponsorshipDate>2013-04-16</sponsorshipDate>
        <lastName>DURBIN</lastName>
      </item>
      <item>
        <firstName>RON</firstName>
        <fullName>Sen. Wyden, Ron [D-OR]</fullName>
        <identifiers>
          <lisID>1247</lisID>
          <bioguideId>W000779</bioguideId>
          <gpoId>8265</gpoId>
        </identifiers>
        <bioguideId>W000779</bioguideId>
        <sponsorshipWithdrawnDate />
        <middleName />
        <isOriginalCosponsor>True</isOriginalCosponsor>
        <sponsorshipDate>2013-04-16</sponsorshipDate>
        <lastName>WYDEN</lastName>
      </item>
      <item>
        <firstName>Martin</firstName>
        <fullName>Sen. Heinrich, Martin [D-NM]</fullName>
        <identifiers>
          <gpoId>8056</gpoId>
          <bioguideId>H001046</bioguideId>
          <lisID>1937</lisID>
        </identifiers>
        <bioguideId>H001046</bioguideId>
        <sponsorshipWithdrawnDate />
        <middleName />
        <isOriginalCosponsor>True</isOriginalCosponsor>
        <sponsorshipDate>2013-04-16</sponsorshipDate>
        <lastName>Heinrich</lastName>
      </item>
      <item>
        <firstName>Lisa</firstName>
        <fullName>Sen. Murkowski, Lisa [R-AK]</fullName>
        <identifiers>
          <bioguideId>M001153</bioguideId>
          <lisID>1694</lisID>
          <gpoId>8234</gpoId>
        </identifiers>
        <bioguideId>M001153</bioguideId>
        <sponsorshipWithdrawnDate />
        <middleName />
        <isOriginalCosponsor>True</isOriginalCosponsor>
        <sponsorshipDate>2013-04-16</sponsorshipDate>
        <lastName>Murkowski</lastName>
      </item>
      <item>
        <firstName>Christopher</firstName>
        <fullName>Sen. Coons, Christopher A. [D-DE]</fullName>
        <identifiers>
          <lisID>1984</lisID>
          <gpoId>8297</gpoId>
          <bioguideId>C001088</bioguideId>
        </identifiers>
        <bioguideId>C001088</bioguideId>
        <sponsorshipWithdrawnDate />
        <middleName>A.</middleName>
        <isOriginalCosponsor>True</isOriginalCosponsor>
        <sponsorshipDate>2013-04-16</sponsorshipDate>
        <lastName>Coons</lastName>
      </item>
      <item>
        <firstName>TOM</firstName>
        <fullName>Sen. Udall, Tom [D-NM]</fullName>
        <identifiers>
          <bioguideId>U000039</bioguideId>
          <lisID>1567</lisID>
          <gpoId>8260</gpoId>
        </identifiers>
        <bioguideId>U000039</bioguideId>
        <sponsorshipWithdrawnDate />
        <middleName />
        <isOriginalCosponsor>True</isOriginalCosponsor>
        <sponsorshipDate>2013-04-16</sponsorshipDate>
        <lastName>UDALL</lastName>
      </item>
      <item>
        <firstName>MARK</firstName>
        <fullName>Sen. Kirk, Mark Steven [R-IL]</fullName>
        <identifiers>
          <bioguideId>K000360</bioguideId>
          <lisID>1647</lisID>
          <gpoId>8285</gpoId>
        </identifiers>
        <bioguideId>K000360</bioguideId>
        <sponsorshipWithdrawnDate />
        <middleName>STEVEN</middleName>
        <isOriginalCosponsor>True</isOriginalCosponsor>
        <sponsorshipDate>2013-04-16</sponsorshipDate>
        <lastName>KIRK</lastName>
      </item>
      <item>
        <firstName>Kirsten</firstName>
        <fullName>Sen. Gillibrand, Kirsten E. [D-NY]</fullName>
        <identifiers>
          <gpoId>8336</gpoId>
          <bioguideId>G000555</bioguideId>
          <lisID>1866</lisID>
        </identifiers>
        <bioguideId>G000555</bioguideId>
        <sponsorshipWithdrawnDate />
        <middleName>E.</middleName>
        <isOriginalCosponsor>False</isOriginalCosponsor>
        <sponsorshipDate>2013-04-18</sponsorshipDate>
        <lastName>Gillibrand</lastName>
      </item>
      <item>
        <firstName>BERNARD</firstName>
        <fullName>Sen. Sanders, Bernard [I-VT]</fullName>
        <identifiers>
          <bioguideId>S000033</bioguideId>
          <lisID>1010</lisID>
          <gpoId>8270</gpoId>
        </identifiers>
        <bioguideId>S000033</bioguideId>
        <sponsorshipWithdrawnDate />
        <middleName />
        <isOriginalCosponsor>False</isOriginalCosponsor>
        <sponsorshipDate>2013-04-22</sponsorshipDate>
        <lastName>SANDERS</lastName>
      </item>
      <item>
        <firstName>Kay</firstName>
        <fullName>Sen. Hagan, Kay [D-NC]</fullName>
        <identifiers>
          <bioguideId>H001049</bioguideId>
          <lisID>1902</lisID>
          <gpoId>8318</gpoId>
        </identifiers>
        <bioguideId>H001049</bioguideId>
        <sponsorshipWithdrawnDate />
        <middleName>R.</middleName>
        <isOriginalCosponsor>False</isOriginalCosponsor>
        <sponsorshipDate>2013-04-24</sponsorshipDate>
        <lastName>Hagan</lastName>
      </item>
      <item>
        <firstName>TAMMY</firstName>
        <fullName>Sen. Baldwin, Tammy [D-WI]</fullName>
        <identifiers>
          <lisID>1558</lisID>
          <bioguideId>B001230</bioguideId>
          <gpoId>8215</gpoId>
        </identifiers>
        <bioguideId>B001230</bioguideId>
        <sponsorshipWithdrawnDate />
        <middleName />
        <isOriginalCosponsor>False</isOriginalCosponsor>
        <sponsorshipDate>2013-12-19</sponsorshipDate>
        <lastName>BALDWIN</lastName>
      </item>
    </cosponsors>
    <latestAction>
      <actionDate>2013-04-16</actionDate>
      <links />
      <text>Read twice and referred to the Committee on Energy and Natural Resources.</text>
    </latestAction>
    <amendments />
    <notes />
    <laws />
    <createDate>2013-04-17T07:32:11Z</createDate>
    <summaries>
      <billSummaries>
        <item>
          <versionCode>00</versionCode>
          <text><![CDATA[<p> Exascale Computing for Science, Competitiveness, Advanced Manufacturing, Leadership, and the Economy Act of 2013 or ExaSCALE Computing Leadership Act of 2013 - Renames the Department of Energy High-End Computing Revitalization Act of 2004 as the Exascale Computing for Science, Competitiveness, Advanced Manufacturing, Leadership, and the Economy Act of 2013.</p> <p>Defines &quot;exascale computing&quot; as computing through the use of a computing machine that performs near or above 10 to the 18th power floating point operations per second.</p> <p>Directs the Secretary of Energy (DOE) to: (1) conduct a research program to develop exascale computing machines to promote DOE missions; (2) establish national laboratory-industry partnerships for the research and development of exascale computing machines across all applicable DOE agencies; (3) implement the program through an integration of application, computer science, and computer hardware architecture using public-private partnerships to ensure that exascale computing machines are capable of solving DOE target applications and scientific problems; and (4) use existing funds to carry out the program.</p> <p>Authorizes appropriations for FY2014-FY2016.</p>]]></text>
          <updateDate>2013-04-16T04:00:00Z</updateDate>
          <lastSummaryUpdateDate>2013-05-14T15:18:49Z</lastSummaryUpdateDate>
          <actionDate>2013-04-16</actionDate>
          <actionDesc>Introduced in Senate</actionDesc>
          <name>Introduced in Senate</name>
        </item>
      </billSummaries>
    </summaries>
    <titles>
      <item>
        <title>ExaSCALE Computing Leadership Act of 2013</title>
        <parentTitleType />
        <chamberName />
        <chamberCode />
        <titleType>Short Titles as Introduced</titleType>
      </item>
      <item>
        <title>Exascale Computing for Science, Competitiveness, Advanced Manufacturing, Leadership, and the Economy Act of 2013</title>
        <parentTitleType />
        <chamberName />
        <chamberCode />
        <titleType>Short Titles as Introduced</titleType>
      </item>
      <item>
        <title>A bill to amend the Department of Energy High-End Computing Revitalization Act of 2004 to improve the high-end computing research and development program of the Department of Energy, and for other purposes.</title>
        <parentTitleType />
        <chamberName />
        <chamberCode />
        <titleType>Official Title as Introduced</titleType>
      </item>
      <item>
        <title>ExaSCALE Computing Leadership Act of 2013</title>
        <parentTitleType />
        <chamberName />
        <chamberCode />
        <titleType>Display Title</titleType>
      </item>
    </titles>
    <calendarNumbers />
    <updateDate>2016-10-25T16:22:39Z</updateDate>
    <introducedDate>2013-04-16</introducedDate>
    <recordedVotes />
    <policyArea>
      <name>Energy</name>
    </policyArea>
    <subjects>
      <billSubjects>
        <legislativeSubjects>
          <item>
            <name>Computers and information technology</name>
          </item>
          <item>
            <name>Department of Energy</name>
          </item>
          <item>
            <name>Public-private cooperation</name>
          </item>
          <item>
            <name>Research administration and funding</name>
          </item>
          <item>
            <name>Research and development</name>
          </item>
        </legislativeSubjects>
        <policyArea>
          <name>Energy</name>
        </policyArea>
      </billSubjects>
    </subjects>
    <actions>
      <item>
        <actionDate>2013-04-16</actionDate>
        <committee>
          <systemCode>sseg00</systemCode>
          <name>Energy and Natural Resources Committee</name>
        </committee>
        <links />
        <sourceSystem>
          <code>0</code>
          <name>Senate</name>
        </sourceSystem>
        <text>Read twice and referred to the Committee on Energy and Natural Resources.</text>
        <type>IntroReferral</type>
      </item>
      <item>
        <type>IntroReferral</type>
        <sourceSystem>
          <code>9</code>
          <name>Library of Congress</name>
        </sourceSystem>
        <text>Introduced in Senate</text>
        <committee />
        <actionDate>2013-04-16</actionDate>
        <links />
        <actionCode>10000</actionCode>
      </item>
      <actionTypeCounts>
        <referredToCommittee>1</referredToCommittee>
        <introducedInSenate>1</introducedInSenate>
      </actionTypeCounts>
      <actionByCounts>
        <senate>2</senate>
      </actionByCounts>
    </actions>
    <originChamber>Senate</originChamber>
    <committees>
      <billCommittees>
        <item>
          <name>Energy and Natural Resources Committee</name>
          <subcommittees />
          <chamber>Senate</chamber>
          <type>Standing</type>
          <systemCode>sseg00</systemCode>
          <activities>
            <item>
              <name>Referred to</name>
              <date>2013-04-16T15:02:18Z</date>
            </item>
          </activities>
        </item>
      </billCommittees>
    </committees>
    <cboCostEstimates />
    <billNumber>733</billNumber>
    <title>ExaSCALE Computing Leadership Act of 2013</title>
    <billType>S</billType>
    <committeeReports />
    <congress>113</congress>
    <sponsors>
      <item>
        <lastName>Alexander</lastName>
        <fullName>Sen. Alexander, Lamar [R-TN]</fullName>
        <byRequestType />
        <identifiers>
          <bioguideId>A000360</bioguideId>
          <lisID>1695</lisID>
          <gpoId>8304</gpoId>
        </identifiers>
        <bioguideId>A000360</bioguideId>
        <firstName>Lamar</firstName>
        <middleName />
      </item>
    </sponsors>
    <relatedBills />
  </bill>
  <dublinCore xmlns:dc="http://purl.org/dc/elements/1.1/">
    <dc:format>text/xml</dc:format>
    <dc:language>EN</dc:language>
    <dc:rights>Pursuant to Title 17 Section 105 of the United States Code, this file is not subject to copyright protection and is in the public domain.</dc:rights>
    <dc:contributor>Congressional Research Service, Library of Congress</dc:contributor>
    <dc:description>This file contains bill summaries and statuses for federal legislation. A bill summary describes the most significant provisions of a piece of legislation and details the effects the legislative text may have on current law and federal programs. Bill summaries are authored by the Congressional Research Service (CRS) of the Library of Congress. As stated in Public Law 91-510 (2 USC 166 (d)(6)), one of the duties of CRS is "to prepare summaries and digests of bills and resolutions of a public general nature introduced in the Senate or House of Representatives". For more information, refer to the User Guide that accompanies this file.</dc:description>
  </dublinCore>
</billStatus>

