<?xml version="1.0" encoding="UTF-8"?>
<billStatus>
  <bill>
    <title>Expressing support for designation of June 21 as National ASK (Asking Saves Kids) Day to promote children's health and gun safety.</title>
    <policyArea>
      <name>Health</name>
    </policyArea>
    <constitutionalAuthorityStatementText />
    <recordedVotes />
    <createDate>2014-06-21T04:47:35Z</createDate>
    <summaries>
      <billSummaries>
        <item>
          <actionDate>2014-06-20</actionDate>
          <actionDesc>Introduced in House</actionDesc>
          <lastSummaryUpdateDate>2014-06-23T19:29:57Z</lastSummaryUpdateDate>
          <versionCode>00</versionCode>
          <updateDate>2014-06-20T04:00:00Z</updateDate>
          <name>Introduced in House</name>
          <text><![CDATA[<p>Expresses support for the designation of National ASK (Asking Saves Kids) Day to encourage parents to begin asking the question, &quot;Is there an unlocked gun in your house?&quot; before their child visits other homes and for the goals and ideals of such day.</p>]]></text>
        </item>
      </billSummaries>
    </summaries>
    <committeeReports />
    <notes />
    <latestAction>
      <links />
      <actionDate>2014-06-20</actionDate>
      <text>Referred to the House Committee on Oversight and Government Reform.</text>
    </latestAction>
    <sponsors>
      <item>
        <state>RI</state>
        <fullName>Rep. Cicilline, David N. [D-RI-1]</fullName>
        <district>1</district>
        <bioguideId>C001084</bioguideId>
        <middleName>N.</middleName>
        <byRequestType />
        <lastName>Cicilline</lastName>
        <party>D</party>
        <firstName>David</firstName>
        <identifiers>
          <bioguideId>C001084</bioguideId>
          <gpoId>8139</gpoId>
          <lisID>2055</lisID>
        </identifiers>
      </item>
    </sponsors>
    <billNumber>102</billNumber>
    <titles>
      <item>
        <chamberName />
        <titleType>Official Title as Introduced</titleType>
        <parentTitleType />
        <title>Expressing support for designation of June 21 as National ASK (Asking Saves Kids) Day to promote children's health and gun safety.</title>
        <chamberCode />
      </item>
      <item>
        <chamberName />
        <titleType>Display Title</titleType>
        <parentTitleType />
        <title>Expressing support for designation of June 21 as National ASK (Asking Saves Kids) Day to promote children's health and gun safety.</title>
        <chamberCode />
      </item>
    </titles>
    <billType>HCONRES</billType>
    <laws />
    <committees>
      <billCommittees>
        <item>
          <activities>
            <item>
              <date>2014-06-20T13:00:30Z</date>
              <name>Referred to</name>
            </item>
          </activities>
          <chamber>House</chamber>
          <subcommittees />
          <systemCode>hsgo00</systemCode>
          <type>Standing</type>
          <name>Oversight and Government Reform Committee</name>
        </item>
      </billCommittees>
    </committees>
    <updateDate>2016-10-25T15:54:12Z</updateDate>
    <relatedBills />
    <subjects>
      <billSubjects>
        <legislativeSubjects>
          <item>
            <name>Child health</name>
          </item>
          <item>
            <name>Child safety and welfare</name>
          </item>
          <item>
            <name>Commemorative events and holidays</name>
          </item>
          <item>
            <name>Family relationships</name>
          </item>
          <item>
            <name>Firearms and explosives</name>
          </item>
        </legislativeSubjects>
        <policyArea>
          <name>Health</name>
        </policyArea>
      </billSubjects>
    </subjects>
    <introducedDate>2014-06-20</introducedDate>
    <actions>
      <actionTypeCounts>
        <placeholderTextForB>1</placeholderTextForB>
        <introducedInHouse>1</introducedInHouse>
        <billReferrals>1</billReferrals>
        <introducedInTheHouse>1</introducedInTheHouse>
      </actionTypeCounts>
      <item>
        <text>Referred to the House Committee on Oversight and Government Reform.</text>
        <links />
        <actionCode>H11100</actionCode>
        <type>IntroReferral</type>
        <committee>
          <systemCode>hsgo00</systemCode>
          <name>Oversight and Government Reform Committee</name>
        </committee>
        <actionDate>2014-06-20</actionDate>
        <sourceSystem>
          <name>House floor actions</name>
          <code>2</code>
        </sourceSystem>
      </item>
      <item>
        <text>Introduced in House</text>
        <links />
        <actionCode>Intro-H</actionCode>
        <type>IntroReferral</type>
        <committee />
        <actionDate>2014-06-20</actionDate>
        <sourceSystem>
          <name>Library of Congress</name>
          <code>9</code>
        </sourceSystem>
      </item>
      <item>
        <text>Introduced in House</text>
        <links />
        <actionCode>1000</actionCode>
        <type>IntroReferral</type>
        <committee />
        <actionDate>2014-06-20</actionDate>
        <sourceSystem>
          <name>Library of Congress</name>
          <code>9</code>
        </sourceSystem>
      </item>
      <item>
        <text>Sponsor introductory remarks on measure. (CR H5406)</text>
        <links>
          <link>
            <name>H5406</name>
            <url>https://www.congress.gov/congressional-record/volume-160/house-section/page/H5406</url>
          </link>
        </links>
        <actionCode>B00100</actionCode>
        <type>IntroReferral</type>
        <committee />
        <actionDate>2014-06-18</actionDate>
        <sourceSystem>
          <name>Library of Congress</name>
          <code>9</code>
        </sourceSystem>
      </item>
      <actionByCounts>
        <houseOfRepresentatives>3</houseOfRepresentatives>
      </actionByCounts>
    </actions>
    <amendments />
    <congress>113</congress>
    <cosponsors>
      <item>
        <state>RI</state>
        <fullName>Rep. Langevin, James R. [D-RI-2]</fullName>
        <district>2</district>
        <sponsorshipWithdrawnDate />
        <party>D</party>
        <identifiers>
          <gpoId>8140</gpoId>
          <lisID>1668</lisID>
          <bioguideId>L000559</bioguideId>
        </identifiers>
        <middleName>R.</middleName>
        <bioguideId>L000559</bioguideId>
        <firstName>JAMES</firstName>
        <lastName>LANGEVIN</lastName>
        <isOriginalCosponsor>True</isOriginalCosponsor>
        <sponsorshipDate>2014-06-20</sponsorshipDate>
      </item>
      <item>
        <state>NY</state>
        <fullName>Rep. Meeks, Gregory W. [D-NY-5]</fullName>
        <district>5</district>
        <sponsorshipWithdrawnDate />
        <party>D</party>
        <identifiers>
          <lisID>1506</lisID>
          <gpoId>8067</gpoId>
          <bioguideId>M001137</bioguideId>
        </identifiers>
        <middleName>W.</middleName>
        <bioguideId>M001137</bioguideId>
        <firstName>GREGORY</firstName>
        <lastName>MEEKS</lastName>
        <isOriginalCosponsor>True</isOriginalCosponsor>
        <sponsorshipDate>2014-06-20</sponsorshipDate>
      </item>
      <item>
        <state>DC</state>
        <fullName>Rep. Norton, Eleanor Holmes [D-DC-At Large]</fullName>
        <district>0</district>
        <sponsorshipWithdrawnDate />
        <party>D</party>
        <identifiers>
          <gpoId>7871</gpoId>
          <lisID>868</lisID>
          <bioguideId>N000147</bioguideId>
        </identifiers>
        <middleName>HOLMES</middleName>
        <bioguideId>N000147</bioguideId>
        <firstName>ELEANOR</firstName>
        <lastName>NORTON</lastName>
        <isOriginalCosponsor>True</isOriginalCosponsor>
        <sponsorshipDate>2014-06-20</sponsorshipDate>
      </item>
      <item>
        <state>MN</state>
        <fullName>Rep. Ellison, Keith [D-MN-5]</fullName>
        <district>5</district>
        <sponsorshipWithdrawnDate />
        <party>D</party>
        <identifiers>
          <gpoId>8005</gpoId>
          <lisID>1857</lisID>
          <bioguideId>E000288</bioguideId>
        </identifiers>
        <middleName />
        <bioguideId>E000288</bioguideId>
        <firstName>Keith</firstName>
        <lastName>Ellison</lastName>
        <isOriginalCosponsor>True</isOriginalCosponsor>
        <sponsorshipDate>2014-06-20</sponsorshipDate>
      </item>
      <item>
        <state>MN</state>
        <fullName>Rep. McCollum, Betty [D-MN-4]</fullName>
        <district>4</district>
        <sponsorshipWithdrawnDate />
        <party>D</party>
        <identifiers>
          <lisID>1653</lisID>
          <gpoId>8004</gpoId>
          <bioguideId>M001143</bioguideId>
        </identifiers>
        <middleName />
        <bioguideId>M001143</bioguideId>
        <firstName>BETTY</firstName>
        <lastName>MCCOLLUM</lastName>
        <isOriginalCosponsor>True</isOriginalCosponsor>
        <sponsorshipDate>2014-06-20</sponsorshipDate>
      </item>
      <item>
        <state>MA</state>
        <fullName>Rep. Tierney, John F. [D-MA-6]</fullName>
        <district>6</district>
        <sponsorshipWithdrawnDate />
        <party>D</party>
        <identifiers>
          <lisID>1535</lisID>
          <bioguideId>T000266</bioguideId>
          <gpoId>7971</gpoId>
        </identifiers>
        <middleName>F.</middleName>
        <bioguideId>T000266</bioguideId>
        <firstName>JOHN</firstName>
        <lastName>TIERNEY</lastName>
        <isOriginalCosponsor>True</isOriginalCosponsor>
        <sponsorshipDate>2014-06-20</sponsorshipDate>
      </item>
    </cosponsors>
    <calendarNumbers />
    <cboCostEstimates />
    <originChamber>House</originChamber>
  </bill>
  <dublinCore xmlns:dc="http://purl.org/dc/elements/1.1/">
    <dc:format>text/xml</dc:format>
    <dc:language>EN</dc:language>
    <dc:rights>Pursuant to Title 17 Section 105 of the United States Code, this file is not subject to copyright protection and is in the public domain.</dc:rights>
    <dc:contributor>Congressional Research Service, Library of Congress</dc:contributor>
    <dc:description>This file contains bill summaries and statuses for federal legislation. A bill summary describes the most significant provisions of a piece of legislation and details the effects the legislative text may have on current law and federal programs. Bill summaries are authored by the Congressional Research Service (CRS) of the Library of Congress. As stated in Public Law 91-510 (2 USC 166 (d)(6)), one of the duties of CRS is "to prepare summaries and digests of bills and resolutions of a public general nature introduced in the Senate or House of Representatives". For more information, refer to the User Guide that accompanies this file.</dc:description>
  </dublinCore>
</billStatus>

