<?xml version="1.0" encoding="UTF-8"?>
<billStatus>
  <bill>
    <title>Encouraging peace and reunification on the Korean Peninsula.</title>
    <policyArea>
      <name>International Affairs</name>
    </policyArea>
    <constitutionalAuthorityStatementText />
    <recordedVotes />
    <createDate>2013-06-26T07:01:20Z</createDate>
    <summaries>
      <billSummaries>
        <item>
          <versionCode>00</versionCode>
          <actionDate>2013-06-25</actionDate>
          <text><![CDATA[<p>Recognizes the historical importance of the Korean War, which began on June 25, 1950.</p> <p> Honors the service and sacrifice of the U.S. Armed Forces and the armed forces of allied countries that served, and continue to serve, in Korea.</p> <p> Reaffirms the commitment of the United States to its alliance with South Korea. </p> <p> Calls on North Korea to abide by international law and cease its nuclear proliferation in order to resume talks that could lead to peace and reunification. </p>]]></text>
          <name>Introduced in House</name>
          <lastSummaryUpdateDate>2013-07-16T14:37:33Z</lastSummaryUpdateDate>
          <updateDate>2013-06-25T04:00:00Z</updateDate>
          <actionDesc>Introduced in House</actionDesc>
        </item>
        <item>
          <versionCode>36</versionCode>
          <actionDate>2013-07-31</actionDate>
          <text><![CDATA[<p>Recognizes the historical importance of the Korean War, which began on June 25, 1950.</p> <p> Honors the service and sacrifice of the U.S. Armed Forces and the armed forces of allied countries that have served in Korea since 1950.</p> <p> Reaffirms the commitment of the United States to its alliance with South Korea. </p> <p> Calls on North Korea to respect the fundamental human rights of its citizens, dismantle its nuclear weapons program, and end its nuclear and missile proliferation as integral steps toward peace and eventual reunification.</p>]]></text>
          <name>Passed House amended</name>
          <lastSummaryUpdateDate>2013-08-27T21:34:06Z</lastSummaryUpdateDate>
          <updateDate>2013-07-31T13:50:52Z</updateDate>
          <actionDesc>Passed House amended</actionDesc>
        </item>
        <item>
          <versionCode>82</versionCode>
          <actionDate>2013-08-01</actionDate>
          <text><![CDATA[<p><b>(This measure has not been amended since it was passed by the House on July 31, 2013. The summary of that version is repeated here.)</b></p> <p>Recognizes the historical importance of the Korean War, which began on June 25, 1950.</p> <p> Honors the service and sacrifice of the U.S. Armed Forces and the armed forces of allied countries that have served in Korea since 1950.</p> <p> Reaffirms the commitment of the United States to its alliance with South Korea. </p> <p> Calls on North Korea to respect the fundamental human rights of its citizens, dismantle its nuclear weapons program, and end its nuclear and missile proliferation as integral steps toward peace and eventual reunification.</p>]]></text>
          <name>Passed Senate without amendment</name>
          <lastSummaryUpdateDate>2013-08-27T21:34:15Z</lastSummaryUpdateDate>
          <updateDate>2013-08-01T16:32:13Z</updateDate>
          <actionDesc>Passed Senate without amendment</actionDesc>
        </item>
      </billSummaries>
    </summaries>
    <committeeReports />
    <notes />
    <latestAction>
      <links />
      <actionDate>2013-08-02</actionDate>
      <text>Message on Senate action sent to the House.</text>
    </latestAction>
    <sponsors>
      <item>
        <state>NY</state>
        <fullName>Rep. Rangel, Charles B. [D-NY-13]</fullName>
        <district>13</district>
        <bioguideId>R000053</bioguideId>
        <middleName>B.</middleName>
        <byRequestType />
        <lastName>RANGEL</lastName>
        <party>D</party>
        <firstName>CHARLES</firstName>
        <identifiers>
          <gpoId>8076</gpoId>
          <lisID>944</lisID>
          <bioguideId>R000053</bioguideId>
        </identifiers>
      </item>
    </sponsors>
    <billNumber>41</billNumber>
    <titles>
      <item>
        <parentTitleType />
        <titleType>Official Title as Introduced</titleType>
        <title>Encouraging peace and reunification on the Korean Peninsula.</title>
        <chamberCode />
        <chamberName />
      </item>
      <item>
        <parentTitleType />
        <titleType>Display Title</titleType>
        <title>Encouraging peace and reunification on the Korean Peninsula.</title>
        <chamberCode />
        <chamberName />
      </item>
    </titles>
    <billType>HCONRES</billType>
    <laws />
    <committees>
      <billCommittees>
        <item>
          <subcommittees>
            <item>
              <systemCode>hsfa05</systemCode>
              <name>Asia and the Pacific Subcommittee</name>
              <activities>
                <item>
                  <name>Referred to</name>
                  <date>2013-07-09T14:40:05Z</date>
                </item>
              </activities>
            </item>
          </subcommittees>
          <systemCode>hsfa00</systemCode>
          <activities>
            <item>
              <name>Referred to</name>
              <date>2013-06-25T16:03:40Z</date>
            </item>
          </activities>
          <chamber>House</chamber>
          <name>Foreign Affairs Committee</name>
          <type>Standing</type>
        </item>
        <item>
          <subcommittees />
          <systemCode>hsas00</systemCode>
          <activities>
            <item>
              <name>Referred to</name>
              <date>2013-06-25T16:03:45Z</date>
            </item>
          </activities>
          <chamber>House</chamber>
          <name>Armed Services Committee</name>
          <type>Standing</type>
        </item>
      </billCommittees>
    </committees>
    <updateDate>2016-10-25T15:54:04Z</updateDate>
    <relatedBills>
      <item>
        <congress>113</congress>
        <type>SCONRES</type>
        <relationshipDetails>
          <item>
            <identifiedBy>CRS</identifiedBy>
            <type>Related bill</type>
          </item>
        </relationshipDetails>
        <number>20</number>
        <latestAction>
          <actionDate>2013-07-25</actionDate>
          <text>Referred to the Committee on Foreign Relations. (text of measure as introduced: CR S5971-5972)</text>
        </latestAction>
        <latestTitle>A concurrent resolution encouraging peace and reunification on the Korean Peninsula.</latestTitle>
      </item>
    </relatedBills>
    <subjects>
      <billSubjects>
        <legislativeSubjects>
          <item>
            <name>Alliances</name>
          </item>
          <item>
            <name>Arms control and nonproliferation</name>
          </item>
          <item>
            <name>Asia</name>
          </item>
          <item>
            <name>Conflicts and wars</name>
          </item>
          <item>
            <name>Congressional tributes</name>
          </item>
          <item>
            <name>Diplomacy, foreign officials, Americans abroad</name>
          </item>
          <item>
            <name>International law and treaties</name>
          </item>
          <item>
            <name>Military history</name>
          </item>
          <item>
            <name>Military personnel and dependents</name>
          </item>
          <item>
            <name>North Korea</name>
          </item>
          <item>
            <name>Nuclear weapons</name>
          </item>
          <item>
            <name>South Korea</name>
          </item>
          <item>
            <name>Veterans' organizations and recognition</name>
          </item>
        </legislativeSubjects>
        <policyArea>
          <name>International Affairs</name>
        </policyArea>
      </billSubjects>
    </subjects>
    <introducedDate>2013-06-25</introducedDate>
    <actions>
      <actionTypeCounts>
        <passedOrAgreedToInSenateDayOf>1</passedOrAgreedToInSenateDayOf>
        <billReferralsAggregate>1</billReferralsAggregate>
        <generalDebate>1</generalDebate>
        <finalPassageUnderSuspensionOfTheRulesResults>1</finalPassageUnderSuspensionOfTheRulesResults>
        <motionToReconsiderResults>1</motionToReconsiderResults>
        <placeholderTextForH>1</placeholderTextForH>
        <introducedInHouse>1</introducedInHouse>
        <billReferrals>2</billReferrals>
        <sentToHouse>1</sentToHouse>
        <introducedInTheHouse>1</introducedInTheHouse>
        <considerationByHouse>1</considerationByHouse>
        <passedAgreedToInHouse>1</passedAgreedToInHouse>
        <passedAgreedToInSenate>1</passedAgreedToInSenate>
        <motionMadeToSuspendTheRules>1</motionMadeToSuspendTheRules>
      </actionTypeCounts>
      <actionByCounts>
        <senate>3</senate>
        <houseOfRepresentatives>12</houseOfRepresentatives>
      </actionByCounts>
      <item>
        <actionDate>2013-08-02</actionDate>
        <committee />
        <links />
        <sourceSystem>
          <name>Senate</name>
          <code>0</code>
        </sourceSystem>
        <text>Message on Senate action sent to the House.</text>
        <type>Floor</type>
      </item>
      <item>
        <actionDate>2013-08-01</actionDate>
        <committee />
        <links>
          <link>
            <url>https://www.congress.gov/congressional-record/volume-159/senate-section/page/S6257</url>
            <name>S6257</name>
          </link>
        </links>
        <sourceSystem>
          <name>Senate</name>
          <code>0</code>
        </sourceSystem>
        <text>Received in the Senate, considered, and agreed to without amendment and with a preamble by Unanimous Consent. (consideration: CR S6257)</text>
        <type>Floor</type>
      </item>
      <item>
        <text>Passed/agreed to in Senate: Received in the Senate, considered, and agreed to without amendment and with a preamble by Unanimous Consent.(consideration: CR S6257)</text>
        <sourceSystem>
          <name>Library of Congress</name>
          <code>9</code>
        </sourceSystem>
        <committee />
        <type>Floor</type>
        <links>
          <link>
            <url>https://www.congress.gov/congressional-record/volume-159/senate-section/page/S6257</url>
            <name>S6257</name>
          </link>
        </links>
        <actionCode>17000</actionCode>
        <actionDate>2013-08-01</actionDate>
      </item>
      <item>
        <committee />
        <text>Motion to reconsider laid on the table Agreed to without objection.</text>
        <sourceSystem>
          <name>House floor actions</name>
          <code>2</code>
        </sourceSystem>
        <actionCode>H38310</actionCode>
        <type>Floor</type>
        <links />
        <actionTime>20:26:56</actionTime>
        <actionDate>2013-07-31</actionDate>
      </item>
      <item>
        <committee />
        <text>On motion to suspend the rules and agree to the resolution, as amended Agreed to by voice vote. (text: CR H5254)</text>
        <sourceSystem>
          <name>House floor actions</name>
          <code>2</code>
        </sourceSystem>
        <actionCode>H37300</actionCode>
        <type>Floor</type>
        <links>
          <link>
            <url>https://www.congress.gov/congressional-record/volume-159/house-section/page/H5254</url>
            <name>H5254</name>
          </link>
        </links>
        <actionTime>20:26:53</actionTime>
        <actionDate>2013-07-31</actionDate>
      </item>
      <item>
        <committee />
        <text>Passed/agreed to in House: On motion to suspend the rules and agree to the resolution, as amended Agreed to by voice vote.(text: CR H5254)</text>
        <sourceSystem>
          <name>Library of Congress</name>
          <code>9</code>
        </sourceSystem>
        <actionCode>8000</actionCode>
        <type>Floor</type>
        <links>
          <link>
            <url>https://www.congress.gov/congressional-record/volume-159/house-section/page/H5254</url>
            <name>H5254</name>
          </link>
        </links>
        <actionTime>20:26:53</actionTime>
        <actionDate>2013-07-31</actionDate>
      </item>
      <item>
        <committee />
        <text>DEBATE - The House proceeded with forty minutes of debate on H. Con. Res. 41.</text>
        <sourceSystem>
          <name>House floor actions</name>
          <code>2</code>
        </sourceSystem>
        <actionCode>H8D000</actionCode>
        <type>Floor</type>
        <links>
          <link>
            <url>https://www.congress.gov/bill/113th-congress/house-concurrent-resolution/41</url>
            <name>H. Con. Res. 41</name>
          </link>
        </links>
        <actionTime>20:08:39</actionTime>
        <actionDate>2013-07-31</actionDate>
      </item>
      <item>
        <committee />
        <text>Considered under suspension of the rules. (consideration: CR H5254-5256)</text>
        <sourceSystem>
          <name>House floor actions</name>
          <code>2</code>
        </sourceSystem>
        <actionCode>H30000</actionCode>
        <type>Floor</type>
        <links>
          <link>
            <url>https://www.congress.gov/congressional-record/volume-159/house-section/page/H5254-5256</url>
            <name>H5254-5256</name>
          </link>
        </links>
        <actionTime>20:08:27</actionTime>
        <actionDate>2013-07-31</actionDate>
      </item>
      <item>
        <committee />
        <text>Mr. Royce moved to suspend the rules and agree to the resolution, as amended.</text>
        <sourceSystem>
          <name>House floor actions</name>
          <code>2</code>
        </sourceSystem>
        <actionCode>H30300</actionCode>
        <type>Floor</type>
        <links />
        <actionTime>20:08:02</actionTime>
        <actionDate>2013-07-31</actionDate>
      </item>
      <item>
        <actionDate>2013-07-09</actionDate>
        <committee>
          <name>Asia and the Pacific Subcommittee</name>
          <systemCode>hsfa05</systemCode>
        </committee>
        <links />
        <sourceSystem>
          <name>House committee actions</name>
          <code>1</code>
        </sourceSystem>
        <text>Referred to the Subcommittee on Asia and the Pacific.</text>
        <type>Committee</type>
      </item>
      <item>
        <text>Referred to House Armed Services</text>
        <sourceSystem>
          <name>House floor actions</name>
          <code>2</code>
        </sourceSystem>
        <committee>
          <name>Armed Services Committee</name>
          <systemCode>hsas00</systemCode>
        </committee>
        <type>IntroReferral</type>
        <links />
        <actionCode>H11100</actionCode>
        <actionDate>2013-06-25</actionDate>
      </item>
      <item>
        <text>Referred to the Committee on Foreign Affairs, and in addition to the Committee on Armed Services, for a period to be subsequently determined by the Speaker, in each case for consideration of such provisions as fall within the jurisdiction of the committee concerned.</text>
        <sourceSystem>
          <name>Library of Congress</name>
          <code>9</code>
        </sourceSystem>
        <committee />
        <type>IntroReferral</type>
        <links />
        <actionCode>H11100-A</actionCode>
        <actionDate>2013-06-25</actionDate>
      </item>
      <item>
        <text>Referred to House Foreign Affairs</text>
        <sourceSystem>
          <name>House floor actions</name>
          <code>2</code>
        </sourceSystem>
        <committee>
          <name>Foreign Affairs Committee</name>
          <systemCode>hsfa00</systemCode>
        </committee>
        <type>IntroReferral</type>
        <links />
        <actionCode>H11100</actionCode>
        <actionDate>2013-06-25</actionDate>
      </item>
      <item>
        <text>Introduced in House</text>
        <sourceSystem>
          <name>Library of Congress</name>
          <code>9</code>
        </sourceSystem>
        <committee />
        <type>IntroReferral</type>
        <links />
        <actionCode>Intro-H</actionCode>
        <actionDate>2013-06-25</actionDate>
      </item>
      <item>
        <text>Introduced in House</text>
        <sourceSystem>
          <name>Library of Congress</name>
          <code>9</code>
        </sourceSystem>
        <committee />
        <type>IntroReferral</type>
        <links />
        <actionCode>1000</actionCode>
        <actionDate>2013-06-25</actionDate>
      </item>
    </actions>
    <amendments />
    <congress>113</congress>
    <cosponsors>
      <item>
        <identifiers>
          <lisID>229</lisID>
          <bioguideId>C000714</bioguideId>
          <gpoId>7999</gpoId>
        </identifiers>
        <isOriginalCosponsor>False</isOriginalCosponsor>
        <firstName>JOHN</firstName>
        <sponsorshipWithdrawnDate />
        <sponsorshipDate>2013-06-27</sponsorshipDate>
        <party>D</party>
        <district>13</district>
        <fullName>Rep. Conyers, John, Jr. [D-MI-13]</fullName>
        <state>MI</state>
        <bioguideId>C000714</bioguideId>
        <lastName>CONYERS</lastName>
        <middleName />
      </item>
      <item>
        <identifiers>
          <lisID>211</lisID>
          <bioguideId>C000556</bioguideId>
          <gpoId>8029</gpoId>
        </identifiers>
        <isOriginalCosponsor>False</isOriginalCosponsor>
        <firstName>HOWARD</firstName>
        <sponsorshipWithdrawnDate />
        <sponsorshipDate>2013-06-27</sponsorshipDate>
        <party>R</party>
        <district>6</district>
        <fullName>Rep. Coble, Howard [R-NC-6]</fullName>
        <state>NC</state>
        <bioguideId>C000556</bioguideId>
        <lastName>COBLE</lastName>
        <middleName />
      </item>
      <item>
        <identifiers>
          <lisID>603</lisID>
          <gpoId>8159</gpoId>
          <bioguideId>J000174</bioguideId>
        </identifiers>
        <isOriginalCosponsor>False</isOriginalCosponsor>
        <firstName>SAM</firstName>
        <sponsorshipWithdrawnDate />
        <sponsorshipDate>2013-06-27</sponsorshipDate>
        <party>R</party>
        <district>3</district>
        <fullName>Rep. Johnson, Sam [R-TX-3]</fullName>
        <state>TX</state>
        <bioguideId>J000174</bioguideId>
        <lastName>JOHNSON</lastName>
        <middleName />
      </item>
      <item>
        <identifiers>
          <bioguideId>B001245</bioguideId>
          <lisID>1723</lisID>
          <gpoId>7911</gpoId>
        </identifiers>
        <isOriginalCosponsor>False</isOriginalCosponsor>
        <firstName>Madeleine</firstName>
        <sponsorshipWithdrawnDate />
        <sponsorshipDate>2013-07-09</sponsorshipDate>
        <party>D</party>
        <district>0</district>
        <fullName>Rep. Bordallo, Madeleine Z. [D-GU-At Large]</fullName>
        <state>GU</state>
        <bioguideId>B001245</bioguideId>
        <lastName>Bordallo</lastName>
        <middleName>Z.</middleName>
      </item>
      <item>
        <identifiers>
          <lisID>1634</lisID>
          <gpoId>7820</gpoId>
          <bioguideId>H001034</bioguideId>
        </identifiers>
        <isOriginalCosponsor>False</isOriginalCosponsor>
        <firstName>MICHAEL</firstName>
        <sponsorshipWithdrawnDate />
        <sponsorshipDate>2013-07-09</sponsorshipDate>
        <party>D</party>
        <district>17</district>
        <fullName>Rep. Honda, Michael M. [D-CA-17]</fullName>
        <state>CA</state>
        <bioguideId>H001034</bioguideId>
        <lastName>HONDA</lastName>
        <middleName>M.</middleName>
      </item>
      <item>
        <identifiers>
          <lisID>1522</lisID>
          <bioguideId>S000030</bioguideId>
          <gpoId>7852</gpoId>
        </identifiers>
        <isOriginalCosponsor>False</isOriginalCosponsor>
        <firstName>LORETTA</firstName>
        <sponsorshipWithdrawnDate />
        <sponsorshipDate>2013-07-10</sponsorshipDate>
        <party>D</party>
        <district>46</district>
        <fullName>Rep. Sanchez, Loretta [D-CA-46]</fullName>
        <state>CA</state>
        <bioguideId>S000030</bioguideId>
        <lastName>SANCHEZ</lastName>
        <middleName />
      </item>
      <item>
        <identifiers>
          <lisID>367</lisID>
          <gpoId>7797</gpoId>
          <bioguideId>F000010</bioguideId>
        </identifiers>
        <isOriginalCosponsor>False</isOriginalCosponsor>
        <firstName>Eni</firstName>
        <sponsorshipWithdrawnDate />
        <sponsorshipDate>2013-07-10</sponsorshipDate>
        <party>D</party>
        <district>0</district>
        <fullName>Rep. Faleomavaega, Eni F. H. [D-AS-At Large]</fullName>
        <state>AS</state>
        <bioguideId>F000010</bioguideId>
        <lastName>Faleomavaega</lastName>
        <middleName>F. H.</middleName>
      </item>
      <item>
        <identifiers>
          <bioguideId>J000288</bioguideId>
          <lisID>1843</lisID>
          <gpoId>7901</gpoId>
        </identifiers>
        <isOriginalCosponsor>False</isOriginalCosponsor>
        <firstName>Henry</firstName>
        <sponsorshipWithdrawnDate />
        <sponsorshipDate>2013-07-10</sponsorshipDate>
        <party>D</party>
        <district>4</district>
        <fullName>Rep. Johnson, Henry C. "Hank," Jr. [D-GA-4]</fullName>
        <state>GA</state>
        <bioguideId>J000288</bioguideId>
        <lastName>Johnson</lastName>
        <middleName>C. "Hank"</middleName>
      </item>
      <item>
        <identifiers>
          <bioguideId>L000551</bioguideId>
          <gpoId>7814</gpoId>
          <lisID>1501</lisID>
        </identifiers>
        <isOriginalCosponsor>False</isOriginalCosponsor>
        <firstName>BARBARA</firstName>
        <sponsorshipWithdrawnDate />
        <sponsorshipDate>2013-07-10</sponsorshipDate>
        <party>D</party>
        <district>13</district>
        <fullName>Rep. Lee, Barbara [D-CA-13]</fullName>
        <state>CA</state>
        <bioguideId>L000551</bioguideId>
        <lastName>LEE</lastName>
        <middleName />
      </item>
      <item>
        <identifiers>
          <gpoId>8152</gpoId>
          <lisID>231</lisID>
          <bioguideId>C000754</bioguideId>
        </identifiers>
        <isOriginalCosponsor>False</isOriginalCosponsor>
        <firstName>JAMES</firstName>
        <sponsorshipWithdrawnDate />
        <sponsorshipDate>2013-07-11</sponsorshipDate>
        <party>D</party>
        <district>5</district>
        <fullName>Rep. Cooper, Jim [D-TN-5]</fullName>
        <state>TN</state>
        <bioguideId>C000754</bioguideId>
        <lastName>COOPER</lastName>
        <middleName>H.</middleName>
      </item>
      <item>
        <identifiers>
          <bioguideId>J000032</bioguideId>
          <lisID>588</lisID>
          <gpoId>8174</gpoId>
        </identifiers>
        <isOriginalCosponsor>False</isOriginalCosponsor>
        <firstName>SHEILA</firstName>
        <sponsorshipWithdrawnDate />
        <sponsorshipDate>2013-07-11</sponsorshipDate>
        <party>D</party>
        <district>18</district>
        <fullName>Rep. Jackson Lee, Sheila [D-TX-18]</fullName>
        <state>TX</state>
        <bioguideId>J000032</bioguideId>
        <lastName>JACKSON LEE</lastName>
        <middleName />
      </item>
      <item>
        <identifiers>
          <lisID>2111</lisID>
          <bioguideId>L000579</bioguideId>
          <gpoId />
        </identifiers>
        <isOriginalCosponsor>False</isOriginalCosponsor>
        <firstName>Alan</firstName>
        <sponsorshipWithdrawnDate />
        <sponsorshipDate>2013-07-11</sponsorshipDate>
        <party>D</party>
        <district>47</district>
        <fullName>Rep. Lowenthal, Alan S. [D-CA-47]</fullName>
        <state>CA</state>
        <bioguideId>L000579</bioguideId>
        <lastName>Lowenthal</lastName>
        <middleName>S.</middleName>
      </item>
      <item>
        <identifiers>
          <lisID>1663</lisID>
          <gpoId>8063</gpoId>
          <bioguideId>I000057</bioguideId>
        </identifiers>
        <isOriginalCosponsor>False</isOriginalCosponsor>
        <firstName>STEVE</firstName>
        <sponsorshipWithdrawnDate />
        <sponsorshipDate>2013-07-11</sponsorshipDate>
        <party>D</party>
        <district>3</district>
        <fullName>Rep. Israel, Steve [D-NY-3]</fullName>
        <state>NY</state>
        <bioguideId>I000057</bioguideId>
        <lastName>ISRAEL</lastName>
        <middleName />
      </item>
      <item>
        <identifiers>
          <gpoId>8211</gpoId>
          <lisID>766</lisID>
          <bioguideId>M000404</bioguideId>
        </identifiers>
        <isOriginalCosponsor>False</isOriginalCosponsor>
        <firstName>JIM</firstName>
        <sponsorshipWithdrawnDate />
        <sponsorshipDate>2013-07-11</sponsorshipDate>
        <party>D</party>
        <district>7</district>
        <fullName>Rep. McDermott, Jim [D-WA-7]</fullName>
        <state>WA</state>
        <bioguideId>M000404</bioguideId>
        <lastName>MCDERMOTT</lastName>
        <middleName />
      </item>
      <item>
        <identifiers>
          <lisID>2148</lisID>
          <gpoId />
          <bioguideId>M001188</bioguideId>
        </identifiers>
        <isOriginalCosponsor>False</isOriginalCosponsor>
        <firstName>Grace</firstName>
        <sponsorshipWithdrawnDate />
        <sponsorshipDate>2013-07-16</sponsorshipDate>
        <party>D</party>
        <district>6</district>
        <fullName>Rep. Meng, Grace [D-NY-6]</fullName>
        <state>NY</state>
        <bioguideId>M001188</bioguideId>
        <lastName>Meng</lastName>
        <middleName />
      </item>
      <item>
        <identifiers>
          <gpoId>7890</gpoId>
          <lisID>985</lisID>
          <bioguideId>R000435</bioguideId>
        </identifiers>
        <isOriginalCosponsor>False</isOriginalCosponsor>
        <firstName>ILEANA</firstName>
        <sponsorshipWithdrawnDate />
        <sponsorshipDate>2013-07-16</sponsorshipDate>
        <party>R</party>
        <district>27</district>
        <fullName>Rep. Ros-Lehtinen, Ileana [R-FL-27]</fullName>
        <state>FL</state>
        <bioguideId>R000435</bioguideId>
        <lastName>ROS-LEHTINEN</lastName>
        <middleName />
      </item>
      <item>
        <identifiers>
          <bioguideId>H001050</bioguideId>
          <gpoId>7912</gpoId>
          <lisID>2010</lisID>
        </identifiers>
        <isOriginalCosponsor>False</isOriginalCosponsor>
        <firstName>Colleen</firstName>
        <sponsorshipWithdrawnDate />
        <sponsorshipDate>2013-07-16</sponsorshipDate>
        <party>D</party>
        <district>1</district>
        <fullName>Rep. Hanabusa, Colleen W. [D-HI-1]</fullName>
        <state>HI</state>
        <bioguideId>H001050</bioguideId>
        <lastName>Hanabusa</lastName>
        <middleName>W.</middleName>
      </item>
      <item>
        <identifiers>
          <bioguideId>L000560</bioguideId>
          <lisID>1675</lisID>
          <gpoId>8206</gpoId>
        </identifiers>
        <isOriginalCosponsor>False</isOriginalCosponsor>
        <firstName>RICK</firstName>
        <sponsorshipWithdrawnDate />
        <sponsorshipDate>2013-07-16</sponsorshipDate>
        <party>D</party>
        <district>2</district>
        <fullName>Rep. Larsen, Rick [D-WA-2]</fullName>
        <state>WA</state>
        <bioguideId>L000560</bioguideId>
        <lastName>LARSEN</lastName>
        <middleName />
      </item>
      <item>
        <identifiers>
          <lisID>2122</lisID>
          <bioguideId>G000571</bioguideId>
          <gpoId />
        </identifiers>
        <isOriginalCosponsor>False</isOriginalCosponsor>
        <firstName>Tulsi</firstName>
        <sponsorshipWithdrawnDate />
        <sponsorshipDate>2013-07-16</sponsorshipDate>
        <party>D</party>
        <district>2</district>
        <fullName>Rep. Gabbard, Tulsi [D-HI-2]</fullName>
        <state>HI</state>
        <bioguideId>G000571</bioguideId>
        <lastName>Gabbard</lastName>
        <middleName />
      </item>
      <item>
        <identifiers>
          <lisID>1757</lisID>
          <gpoId>7844</gpoId>
          <bioguideId>S001156</bioguideId>
        </identifiers>
        <isOriginalCosponsor>False</isOriginalCosponsor>
        <firstName>LINDA</firstName>
        <sponsorshipWithdrawnDate />
        <sponsorshipDate>2013-07-16</sponsorshipDate>
        <party>D</party>
        <district>38</district>
        <fullName>Rep. Sanchez, Linda T. [D-CA-38]</fullName>
        <state>CA</state>
        <bioguideId>S001156</bioguideId>
        <lastName>SANCHEZ</lastName>
        <middleName>T.</middleName>
      </item>
      <item>
        <identifiers>
          <bioguideId>S001185</bioguideId>
          <lisID>1988</lisID>
          <gpoId>7792</gpoId>
        </identifiers>
        <isOriginalCosponsor>False</isOriginalCosponsor>
        <firstName>Terri</firstName>
        <sponsorshipWithdrawnDate />
        <sponsorshipDate>2013-07-16</sponsorshipDate>
        <party>D</party>
        <district>7</district>
        <fullName>Rep. Sewell, Terri A. [D-AL-7]</fullName>
        <state>AL</state>
        <bioguideId>S001185</bioguideId>
        <lastName>Sewell</lastName>
        <middleName>A.</middleName>
      </item>
      <item>
        <identifiers>
          <gpoId />
          <lisID>2155</lisID>
          <bioguideId>B001283</bioguideId>
        </identifiers>
        <isOriginalCosponsor>False</isOriginalCosponsor>
        <firstName>Jim</firstName>
        <sponsorshipWithdrawnDate />
        <sponsorshipDate>2013-07-16</sponsorshipDate>
        <party>R</party>
        <district>1</district>
        <fullName>Rep. Bridenstine, Jim [R-OK-1]</fullName>
        <state>OK</state>
        <bioguideId>B001283</bioguideId>
        <lastName>Bridenstine</lastName>
        <middleName />
      </item>
      <item>
        <identifiers>
          <lisID>1504</lisID>
          <gpoId>7968</gpoId>
          <bioguideId>M000312</bioguideId>
        </identifiers>
        <isOriginalCosponsor>False</isOriginalCosponsor>
        <firstName>JAMES</firstName>
        <sponsorshipWithdrawnDate />
        <sponsorshipDate>2013-07-16</sponsorshipDate>
        <party>D</party>
        <district>2</district>
        <fullName>Rep. McGovern, James P. [D-MA-2]</fullName>
        <state>MA</state>
        <bioguideId>M000312</bioguideId>
        <lastName>MCGOVERN</lastName>
        <middleName>P.</middleName>
      </item>
      <item>
        <identifiers>
          <bioguideId>R000580</bioguideId>
          <lisID>1848</lisID>
          <gpoId>7926</gpoId>
        </identifiers>
        <isOriginalCosponsor>False</isOriginalCosponsor>
        <firstName>Peter</firstName>
        <sponsorshipWithdrawnDate />
        <sponsorshipDate>2013-07-16</sponsorshipDate>
        <party>R</party>
        <district>6</district>
        <fullName>Rep. Roskam, Peter J. [R-IL-6]</fullName>
        <state>IL</state>
        <bioguideId>R000580</bioguideId>
        <lastName>Roskam</lastName>
        <middleName>J.</middleName>
      </item>
      <item>
        <identifiers>
          <lisID>2159</lisID>
          <gpoId />
          <bioguideId>C001090</bioguideId>
        </identifiers>
        <isOriginalCosponsor>False</isOriginalCosponsor>
        <firstName>Matt</firstName>
        <sponsorshipWithdrawnDate />
        <sponsorshipDate>2013-07-17</sponsorshipDate>
        <party>D</party>
        <district>17</district>
        <fullName>Rep. Cartwright, Matt [D-PA-17]</fullName>
        <state>PA</state>
        <bioguideId>C001090</bioguideId>
        <lastName>Cartwright</lastName>
        <middleName />
      </item>
      <item>
        <identifiers>
          <bioguideId>V000128</bioguideId>
          <gpoId>7983</gpoId>
          <lisID>1729</lisID>
        </identifiers>
        <isOriginalCosponsor>False</isOriginalCosponsor>
        <firstName>Chris</firstName>
        <sponsorshipWithdrawnDate />
        <sponsorshipDate>2013-07-17</sponsorshipDate>
        <party>D</party>
        <district>8</district>
        <fullName>Rep. Van Hollen, Chris [D-MD-8]</fullName>
        <state>MD</state>
        <bioguideId>V000128</bioguideId>
        <lastName>Van Hollen</lastName>
        <middleName />
      </item>
      <item>
        <identifiers>
          <lisID>1003</lisID>
          <bioguideId>R000515</bioguideId>
          <gpoId>7921</gpoId>
        </identifiers>
        <isOriginalCosponsor>False</isOriginalCosponsor>
        <firstName>BOBBY</firstName>
        <sponsorshipWithdrawnDate />
        <sponsorshipDate>2013-07-17</sponsorshipDate>
        <party>D</party>
        <district>1</district>
        <fullName>Rep. Rush, Bobby L. [D-IL-1]</fullName>
        <state>IL</state>
        <bioguideId>R000515</bioguideId>
        <lastName>RUSH</lastName>
        <middleName>L.</middleName>
      </item>
      <item>
        <identifiers>
          <lisID>612</lisID>
          <gpoId>8026</gpoId>
          <bioguideId>J000255</bioguideId>
        </identifiers>
        <isOriginalCosponsor>False</isOriginalCosponsor>
        <firstName>WALTER</firstName>
        <sponsorshipWithdrawnDate />
        <sponsorshipDate>2013-07-18</sponsorshipDate>
        <party>R</party>
        <district>3</district>
        <fullName>Rep. Jones, Walter B., Jr. [R-NC-3]</fullName>
        <state>NC</state>
        <bioguideId>J000255</bioguideId>
        <lastName>JONES</lastName>
        <middleName>B.</middleName>
      </item>
      <item>
        <identifiers>
          <lisID>832</lisID>
          <gpoId>8199</gpoId>
          <bioguideId>M000933</bioguideId>
        </identifiers>
        <isOriginalCosponsor>False</isOriginalCosponsor>
        <firstName>JAMES</firstName>
        <sponsorshipWithdrawnDate />
        <sponsorshipDate>2013-07-18</sponsorshipDate>
        <party>D</party>
        <district>8</district>
        <fullName>Rep. Moran, James P. [D-VA-8]</fullName>
        <state>VA</state>
        <bioguideId>M000933</bioguideId>
        <lastName>MORAN</lastName>
        <middleName>P.</middleName>
      </item>
      <item>
        <identifiers>
          <bioguideId>B001279</bioguideId>
          <lisID>2093</lisID>
          <gpoId>8368</gpoId>
        </identifiers>
        <isOriginalCosponsor>False</isOriginalCosponsor>
        <firstName>Ron</firstName>
        <sponsorshipWithdrawnDate />
        <sponsorshipDate>2013-07-18</sponsorshipDate>
        <party>D</party>
        <district>2</district>
        <fullName>Rep. Barber, Ron [D-AZ-2]</fullName>
        <state>AZ</state>
        <bioguideId>B001279</bioguideId>
        <lastName>Barber</lastName>
        <middleName />
      </item>
      <item>
        <identifiers>
          <lisID>2103</lisID>
          <gpoId />
          <bioguideId>C001094</bioguideId>
        </identifiers>
        <isOriginalCosponsor>False</isOriginalCosponsor>
        <firstName>Paul</firstName>
        <sponsorshipWithdrawnDate />
        <sponsorshipDate>2013-07-18</sponsorshipDate>
        <party>R</party>
        <district>8</district>
        <fullName>Rep. Cook, Paul [R-CA-8]</fullName>
        <state>CA</state>
        <bioguideId>C001094</bioguideId>
        <lastName>Cook</lastName>
        <middleName />
      </item>
      <item>
        <identifiers>
          <lisID>99</lisID>
          <gpoId>8116</gpoId>
          <bioguideId>B000574</bioguideId>
        </identifiers>
        <isOriginalCosponsor>False</isOriginalCosponsor>
        <firstName>EARL</firstName>
        <sponsorshipWithdrawnDate />
        <sponsorshipDate>2013-07-18</sponsorshipDate>
        <party>D</party>
        <district>3</district>
        <fullName>Rep. Blumenauer, Earl [D-OR-3]</fullName>
        <state>OR</state>
        <bioguideId>B000574</bioguideId>
        <lastName>BLUMENAUER</lastName>
        <middleName />
      </item>
      <item>
        <identifiers>
          <lisID>2125</lisID>
          <gpoId />
          <bioguideId>E000292</bioguideId>
        </identifiers>
        <isOriginalCosponsor>False</isOriginalCosponsor>
        <firstName>William</firstName>
        <sponsorshipWithdrawnDate />
        <sponsorshipDate>2013-07-22</sponsorshipDate>
        <party>D</party>
        <district>12</district>
        <fullName>Rep. Enyart, William L. [D-IL-12]</fullName>
        <state>IL</state>
        <bioguideId>E000292</bioguideId>
        <lastName>Enyart</lastName>
        <middleName>L.</middleName>
      </item>
      <item>
        <identifiers>
          <lisID>1583</lisID>
          <gpoId>7866</gpoId>
          <bioguideId>L000557</bioguideId>
        </identifiers>
        <isOriginalCosponsor>False</isOriginalCosponsor>
        <firstName>JOHN</firstName>
        <sponsorshipWithdrawnDate />
        <sponsorshipDate>2013-07-22</sponsorshipDate>
        <party>D</party>
        <district>1</district>
        <fullName>Rep. Larson, John B. [D-CT-1]</fullName>
        <state>CT</state>
        <bioguideId>L000557</bioguideId>
        <lastName>LARSON</lastName>
        <middleName>B.</middleName>
      </item>
      <item>
        <identifiers>
          <gpoId>8140</gpoId>
          <lisID>1668</lisID>
          <bioguideId>L000559</bioguideId>
        </identifiers>
        <isOriginalCosponsor>False</isOriginalCosponsor>
        <firstName>JAMES</firstName>
        <sponsorshipWithdrawnDate />
        <sponsorshipDate>2013-07-22</sponsorshipDate>
        <party>D</party>
        <district>2</district>
        <fullName>Rep. Langevin, James R. [D-RI-2]</fullName>
        <state>RI</state>
        <bioguideId>L000559</bioguideId>
        <lastName>LANGEVIN</lastName>
        <middleName>R.</middleName>
      </item>
      <item>
        <identifiers>
          <lisID>1996</lisID>
          <gpoId>7838</gpoId>
          <bioguideId>B001270</bioguideId>
        </identifiers>
        <isOriginalCosponsor>False</isOriginalCosponsor>
        <firstName>Karen</firstName>
        <sponsorshipWithdrawnDate />
        <sponsorshipDate>2013-07-23</sponsorshipDate>
        <party>D</party>
        <district>37</district>
        <fullName>Rep. Bass, Karen [D-CA-37]</fullName>
        <state>CA</state>
        <bioguideId>B001270</bioguideId>
        <lastName>Bass</lastName>
        <middleName />
      </item>
      <item>
        <identifiers>
          <gpoId />
          <lisID>2113</lisID>
          <bioguideId>P000608</bioguideId>
        </identifiers>
        <isOriginalCosponsor>False</isOriginalCosponsor>
        <firstName>Scott</firstName>
        <sponsorshipWithdrawnDate />
        <sponsorshipDate>2013-07-23</sponsorshipDate>
        <party>D</party>
        <district>52</district>
        <fullName>Rep. Peters, Scott H. [D-CA-52]</fullName>
        <state>CA</state>
        <bioguideId>P000608</bioguideId>
        <lastName>Peters</lastName>
        <middleName>H.</middleName>
      </item>
      <item>
        <identifiers>
          <lisID>1506</lisID>
          <gpoId>8067</gpoId>
          <bioguideId>M001137</bioguideId>
        </identifiers>
        <isOriginalCosponsor>False</isOriginalCosponsor>
        <firstName>GREGORY</firstName>
        <sponsorshipWithdrawnDate />
        <sponsorshipDate>2013-07-23</sponsorshipDate>
        <party>D</party>
        <district>5</district>
        <fullName>Rep. Meeks, Gregory W. [D-NY-5]</fullName>
        <state>NY</state>
        <bioguideId>M001137</bioguideId>
        <lastName>MEEKS</lastName>
        <middleName>W.</middleName>
      </item>
      <item>
        <identifiers>
          <lisID>2162</lisID>
          <gpoId />
          <bioguideId>O000170</bioguideId>
        </identifiers>
        <isOriginalCosponsor>False</isOriginalCosponsor>
        <firstName>Beto</firstName>
        <sponsorshipWithdrawnDate />
        <sponsorshipDate>2013-07-24</sponsorshipDate>
        <party>D</party>
        <district>16</district>
        <fullName>Rep. O'Rourke, Beto [D-TX-16]</fullName>
        <state>TX</state>
        <bioguideId>O000170</bioguideId>
        <lastName>O'Rourke</lastName>
        <middleName />
      </item>
      <item>
        <identifiers>
          <lisID>1889</lisID>
          <gpoId>7946</gpoId>
          <bioguideId>C001072</bioguideId>
        </identifiers>
        <isOriginalCosponsor>False</isOriginalCosponsor>
        <firstName>Andre</firstName>
        <sponsorshipWithdrawnDate />
        <sponsorshipDate>2013-07-30</sponsorshipDate>
        <party>D</party>
        <district>7</district>
        <fullName>Rep. Carson, Andre [D-IN-7]</fullName>
        <state>IN</state>
        <bioguideId>C001072</bioguideId>
        <lastName>Carson</lastName>
        <middleName />
      </item>
      <item>
        <identifiers>
          <bioguideId>S000344</bioguideId>
          <gpoId>7832</gpoId>
          <lisID>1526</lisID>
        </identifiers>
        <isOriginalCosponsor>False</isOriginalCosponsor>
        <firstName>BRAD</firstName>
        <sponsorshipWithdrawnDate />
        <sponsorshipDate>2013-07-30</sponsorshipDate>
        <party>D</party>
        <district>30</district>
        <fullName>Rep. Sherman, Brad [D-CA-30]</fullName>
        <state>CA</state>
        <bioguideId>S000344</bioguideId>
        <lastName>SHERMAN</lastName>
        <middleName />
      </item>
      <item>
        <identifiers>
          <bioguideId>J000126</bioguideId>
          <lisID>599</lisID>
          <gpoId>8186</gpoId>
        </identifiers>
        <isOriginalCosponsor>False</isOriginalCosponsor>
        <firstName>EDDIE</firstName>
        <sponsorshipWithdrawnDate />
        <sponsorshipDate>2013-07-30</sponsorshipDate>
        <party>D</party>
        <district>30</district>
        <fullName>Rep. Johnson, Eddie Bernice [D-TX-30]</fullName>
        <state>TX</state>
        <bioguideId>J000126</bioguideId>
        <lastName>JOHNSON</lastName>
        <middleName>BERNICE</middleName>
      </item>
      <item>
        <identifiers>
          <gpoId />
          <lisID>2166</lisID>
          <bioguideId>V000131</bioguideId>
        </identifiers>
        <isOriginalCosponsor>False</isOriginalCosponsor>
        <firstName>Marc</firstName>
        <sponsorshipWithdrawnDate />
        <sponsorshipDate>2013-07-31</sponsorshipDate>
        <party>D</party>
        <district>33</district>
        <fullName>Rep. Veasey, Marc A. [D-TX-33]</fullName>
        <state>TX</state>
        <bioguideId>V000131</bioguideId>
        <lastName>Veasey</lastName>
        <middleName>A.</middleName>
      </item>
      <item>
        <identifiers>
          <gpoId>8708</gpoId>
          <lisID>2051</lisID>
          <bioguideId>K000376</bioguideId>
        </identifiers>
        <isOriginalCosponsor>False</isOriginalCosponsor>
        <firstName>Mike</firstName>
        <sponsorshipWithdrawnDate />
        <sponsorshipDate>2013-07-31</sponsorshipDate>
        <party>R</party>
        <district>3</district>
        <fullName>Rep. Kelly, Mike [R-PA-3]</fullName>
        <state>PA</state>
        <bioguideId>K000376</bioguideId>
        <lastName>Kelly</lastName>
        <middleName />
      </item>
      <item>
        <identifiers>
          <gpoId>8050</gpoId>
          <lisID>1510</lisID>
          <bioguideId>P000096</bioguideId>
        </identifiers>
        <isOriginalCosponsor>False</isOriginalCosponsor>
        <firstName>WILLIAM</firstName>
        <sponsorshipWithdrawnDate />
        <sponsorshipDate>2013-07-31</sponsorshipDate>
        <party>D</party>
        <district>9</district>
        <fullName>Rep. Pascrell, Bill, Jr. [D-NJ-9]</fullName>
        <state>NJ</state>
        <bioguideId>P000096</bioguideId>
        <lastName>PASCRELL</lastName>
        <middleName>J.</middleName>
      </item>
      <item>
        <identifiers>
          <lisID>511</lisID>
          <gpoId>7895</gpoId>
          <bioguideId>H000324</bioguideId>
        </identifiers>
        <isOriginalCosponsor>False</isOriginalCosponsor>
        <firstName>ALCEE</firstName>
        <sponsorshipWithdrawnDate />
        <sponsorshipDate>2013-07-31</sponsorshipDate>
        <party>D</party>
        <district>20</district>
        <fullName>Rep. Hastings, Alcee L. [D-FL-20]</fullName>
        <state>FL</state>
        <bioguideId>H000324</bioguideId>
        <lastName>HASTINGS</lastName>
        <middleName>L.</middleName>
      </item>
      <item>
        <identifiers>
          <lisID>1803</lisID>
          <gpoId>8165</gpoId>
          <bioguideId>G000553</bioguideId>
        </identifiers>
        <isOriginalCosponsor>False</isOriginalCosponsor>
        <firstName>Al</firstName>
        <sponsorshipWithdrawnDate />
        <sponsorshipDate>2013-07-31</sponsorshipDate>
        <party>D</party>
        <district>9</district>
        <fullName>Rep. Green, Al [D-TX-9]</fullName>
        <state>TX</state>
        <bioguideId>G000553</bioguideId>
        <lastName>Green</lastName>
        <middleName />
      </item>
      <item>
        <identifiers>
          <gpoId>7889</gpoId>
          <lisID>2004</lisID>
          <bioguideId>W000808</bioguideId>
        </identifiers>
        <isOriginalCosponsor>False</isOriginalCosponsor>
        <firstName>Frederica</firstName>
        <sponsorshipWithdrawnDate />
        <sponsorshipDate>2013-07-31</sponsorshipDate>
        <party>D</party>
        <district>24</district>
        <fullName>Rep. Wilson, Frederica S. [D-FL-24]</fullName>
        <state>FL</state>
        <bioguideId>W000808</bioguideId>
        <lastName>Wilson</lastName>
        <middleName>S.</middleName>
      </item>
      <item>
        <identifiers>
          <gpoId>7871</gpoId>
          <lisID>868</lisID>
          <bioguideId>N000147</bioguideId>
        </identifiers>
        <isOriginalCosponsor>False</isOriginalCosponsor>
        <firstName>ELEANOR</firstName>
        <sponsorshipWithdrawnDate />
        <sponsorshipDate>2013-07-31</sponsorshipDate>
        <party>D</party>
        <district>0</district>
        <fullName>Rep. Norton, Eleanor Holmes [D-DC-At Large]</fullName>
        <state>DC</state>
        <bioguideId>N000147</bioguideId>
        <lastName>NORTON</lastName>
        <middleName>HOLMES</middleName>
      </item>
      <item>
        <identifiers>
          <lisID>1970</lisID>
          <gpoId>7837</gpoId>
          <bioguideId>C001080</bioguideId>
        </identifiers>
        <isOriginalCosponsor>False</isOriginalCosponsor>
        <firstName>Judy</firstName>
        <sponsorshipWithdrawnDate />
        <sponsorshipDate>2013-07-31</sponsorshipDate>
        <party>D</party>
        <district>27</district>
        <fullName>Rep. Chu, Judy [D-CA-27]</fullName>
        <state>CA</state>
        <bioguideId>C001080</bioguideId>
        <lastName>Chu</lastName>
        <middleName />
      </item>
      <item>
        <identifiers>
          <bioguideId>S001150</bioguideId>
          <lisID>1635</lisID>
          <gpoId>7834</gpoId>
        </identifiers>
        <isOriginalCosponsor>False</isOriginalCosponsor>
        <firstName>ADAM</firstName>
        <sponsorshipWithdrawnDate />
        <sponsorshipDate>2013-07-31</sponsorshipDate>
        <party>D</party>
        <district>28</district>
        <fullName>Rep. Schiff, Adam B. [D-CA-28]</fullName>
        <state>CA</state>
        <bioguideId>S001150</bioguideId>
        <lastName>SCHIFF</lastName>
        <middleName>B.</middleName>
      </item>
    </cosponsors>
    <calendarNumbers />
    <cboCostEstimates />
    <originChamber>House</originChamber>
  </bill>
  <dublinCore xmlns:dc="http://purl.org/dc/elements/1.1/">
    <dc:format>text/xml</dc:format>
    <dc:language>EN</dc:language>
    <dc:rights>Pursuant to Title 17 Section 105 of the United States Code, this file is not subject to copyright protection and is in the public domain.</dc:rights>
    <dc:contributor>Congressional Research Service, Library of Congress</dc:contributor>
    <dc:description>This file contains bill summaries and statuses for federal legislation. A bill summary describes the most significant provisions of a piece of legislation and details the effects the legislative text may have on current law and federal programs. Bill summaries are authored by the Congressional Research Service (CRS) of the Library of Congress. As stated in Public Law 91-510 (2 USC 166 (d)(6)), one of the duties of CRS is "to prepare summaries and digests of bills and resolutions of a public general nature introduced in the Senate or House of Representatives". For more information, refer to the User Guide that accompanies this file.</dc:description>
  </dublinCore>
</billStatus>

