<?xml version="1.0" encoding="UTF-8"?>
<billStatus>
  <bill>
    <committeeReports />
    <committees>
      <billCommittees />
    </committees>
    <createDate>2013-12-13T07:01:19Z</createDate>
    <amendments />
    <policyArea>
      <name>Congress</name>
    </policyArea>
    <sponsors>
      <item>
        <district>1</district>
        <firstName>PAUL</firstName>
        <bioguideId>R000570</bioguideId>
        <identifiers>
          <lisID>1560</lisID>
          <bioguideId>R000570</bioguideId>
          <gpoId>8214</gpoId>
        </identifiers>
        <lastName>RYAN</lastName>
        <middleName />
        <byRequestType />
        <fullName>Rep. Ryan, Paul [R-WI-1]</fullName>
        <party>R</party>
        <state>WI</state>
      </item>
    </sponsors>
    <subjects>
      <billSubjects>
        <legislativeSubjects>
          <item>
            <name>Appropriations</name>
          </item>
          <item>
            <name>Budget process</name>
          </item>
        </legislativeSubjects>
        <policyArea>
          <name>Congress</name>
        </policyArea>
      </billSubjects>
    </subjects>
    <notes />
    <cosponsors />
    <title>Providing for corrections to the enrollment of H. J. Res. 59.</title>
    <billNumber>72</billNumber>
    <cboCostEstimates />
    <titles>
      <item>
        <chamberCode />
        <title>Providing for corrections to the enrollment of H. J. Res. 59.</title>
        <chamberName />
        <titleType>Official Title as Introduced</titleType>
        <parentTitleType />
      </item>
      <item>
        <chamberCode />
        <title>Providing for corrections to the enrollment of H. J. Res. 59.</title>
        <chamberName />
        <titleType>Display Title</titleType>
        <parentTitleType />
      </item>
    </titles>
    <summaries>
      <billSummaries>
        <item>
          <lastSummaryUpdateDate>2013-12-16T15:59:41Z</lastSummaryUpdateDate>
          <actionDate>2013-12-12</actionDate>
          <actionDesc>Introduced in House</actionDesc>
          <updateDate>2013-12-12T05:00:00Z</updateDate>
          <text><![CDATA[<p>Directs the Clerk of the House of Representatives to make a correction in the enrollment of H.J. Res. 59 (Bipartisan Budget Act of 2013).</p>]]></text>
          <name>Introduced in House</name>
          <versionCode>00</versionCode>
        </item>
        <item>
          <lastSummaryUpdateDate>2013-12-16T15:59:52Z</lastSummaryUpdateDate>
          <actionDate>2013-12-12</actionDate>
          <actionDesc>Passed House without amendment</actionDesc>
          <updateDate>2013-12-12T19:49:04Z</updateDate>
          <text><![CDATA[<p><b>(This measure has not been amended since it was introduced. The summary of that version is repeated here.)</b></p> <p>Directs the Clerk of the House of Representatives to make a correction in the enrollment of H.J. Res. 59 (Bipartisan Budget Act of 2013).</p>]]></text>
          <name>Passed House without amendment</name>
          <versionCode>81</versionCode>
        </item>
      </billSummaries>
    </summaries>
    <relatedBills>
      <item>
        <latestTitle>Continuing Appropriations Resolution, 2014</latestTitle>
        <latestAction>
          <text>Became Public Law No: 113-67.</text>
          <actionDate>2013-12-26</actionDate>
        </latestAction>
        <number>59</number>
        <type>HJRES</type>
        <relationshipDetails>
          <item>
            <type>Related bill</type>
            <identifiedBy>CRS</identifiedBy>
          </item>
        </relationshipDetails>
        <congress>113</congress>
      </item>
    </relatedBills>
    <calendarNumbers />
    <recordedVotes />
    <introducedDate>2013-12-12</introducedDate>
    <latestAction>
      <links />
      <actionDate>2013-12-20</actionDate>
      <text>Indefinitely postponed by Senate by Unanimous Consent. (consideration: CR S9115)</text>
    </latestAction>
    <congress>113</congress>
    <constitutionalAuthorityStatementText />
    <billType>HCONRES</billType>
    <actions>
      <actionTypeCounts>
        <introducedInHouse>1</introducedInHouse>
        <passageOfAMeasure>1</passageOfAMeasure>
        <passedAgreedToInHouse>1</passedAgreedToInHouse>
        <unanimousConsentRequestToConsider>1</unanimousConsentRequestToConsider>
        <introducedInTheHouse>1</introducedInTheHouse>
        <indefinitelyPostponed>1</indefinitelyPostponed>
        <introducedInSenate>1</introducedInSenate>
        <motionToReconsiderResults>1</motionToReconsiderResults>
        <considerationByHouse>1</considerationByHouse>
      </actionTypeCounts>
      <actionByCounts>
        <senate>2</senate>
        <houseOfRepresentatives>7</houseOfRepresentatives>
      </actionByCounts>
      <item>
        <actionDate>2013-12-20</actionDate>
        <committee />
        <links>
          <link>
            <url>https://www.congress.gov/congressional-record/volume-159/senate-section/page/S9115</url>
            <name>S9115</name>
          </link>
        </links>
        <sourceSystem>
          <name>Senate</name>
          <code>0</code>
        </sourceSystem>
        <text>Indefinitely postponed by Senate by Unanimous Consent. (consideration: CR S9115)</text>
        <type>Floor</type>
      </item>
      <item>
        <actionDate>2013-12-12</actionDate>
        <committee />
        <links />
        <sourceSystem>
          <name>Senate</name>
          <code>0</code>
        </sourceSystem>
        <text>Received in the Senate.</text>
        <type>IntroReferral</type>
      </item>
      <item>
        <committee />
        <text>Motion to reconsider laid on the table Agreed to without objection.</text>
        <sourceSystem>
          <name>House floor actions</name>
          <code>2</code>
        </sourceSystem>
        <actionCode>H38310</actionCode>
        <type>Floor</type>
        <links />
        <actionTime>18:39:55</actionTime>
        <actionDate>2013-12-12</actionDate>
      </item>
      <item>
        <committee />
        <text>On agreeing to the resolution Agreed to without objection. (text: CR H8086)</text>
        <sourceSystem>
          <name>House floor actions</name>
          <code>2</code>
        </sourceSystem>
        <actionCode>H37100</actionCode>
        <type>Floor</type>
        <links>
          <link>
            <url>https://www.congress.gov/congressional-record/volume-159/house-section/page/H8086</url>
            <name>H8086</name>
          </link>
        </links>
        <actionTime>18:39:53</actionTime>
        <actionDate>2013-12-12</actionDate>
      </item>
      <item>
        <committee />
        <text>Passed/agreed to in House: On agreeing to the resolution Agreed to without objection.(text: CR H8086)</text>
        <sourceSystem>
          <name>Library of Congress</name>
          <code>9</code>
        </sourceSystem>
        <actionCode>8000</actionCode>
        <type>Floor</type>
        <links>
          <link>
            <url>https://www.congress.gov/congressional-record/volume-159/house-section/page/H8086</url>
            <name>H8086</name>
          </link>
        </links>
        <actionTime>18:39:53</actionTime>
        <actionDate>2013-12-12</actionDate>
      </item>
      <item>
        <committee />
        <text>Considered by unanimous consent. (consideration: CR H8086)</text>
        <sourceSystem>
          <name>House floor actions</name>
          <code>2</code>
        </sourceSystem>
        <actionCode>H30000</actionCode>
        <type>Floor</type>
        <links>
          <link>
            <url>https://www.congress.gov/congressional-record/volume-159/house-section/page/H8086</url>
            <name>H8086</name>
          </link>
        </links>
        <actionTime>18:39:24</actionTime>
        <actionDate>2013-12-12</actionDate>
      </item>
      <item>
        <committee />
        <text>Mr. Ryan (WI) asked unanimous consent to consider as introduced.</text>
        <sourceSystem>
          <name>House floor actions</name>
          <code>2</code>
        </sourceSystem>
        <actionCode>H30200</actionCode>
        <type>Floor</type>
        <links />
        <actionTime>18:39:24</actionTime>
        <actionDate>2013-12-12</actionDate>
      </item>
      <item>
        <text>Introduced in House</text>
        <sourceSystem>
          <name>Library of Congress</name>
          <code>9</code>
        </sourceSystem>
        <committee />
        <type>IntroReferral</type>
        <links />
        <actionCode>Intro-H</actionCode>
        <actionDate>2013-12-12</actionDate>
      </item>
      <item>
        <text>Introduced in House</text>
        <sourceSystem>
          <name>Library of Congress</name>
          <code>9</code>
        </sourceSystem>
        <committee />
        <type>IntroReferral</type>
        <links />
        <actionCode>1000</actionCode>
        <actionDate>2013-12-12</actionDate>
      </item>
    </actions>
    <originChamber>House</originChamber>
    <laws />
    <updateDate>2016-10-25T15:54:08Z</updateDate>
  </bill>
  <dublinCore xmlns:dc="http://purl.org/dc/elements/1.1/">
    <dc:format>text/xml</dc:format>
    <dc:language>EN</dc:language>
    <dc:rights>Pursuant to Title 17 Section 105 of the United States Code, this file is not subject to copyright protection and is in the public domain.</dc:rights>
    <dc:contributor>Congressional Research Service, Library of Congress</dc:contributor>
    <dc:description>This file contains bill summaries and statuses for federal legislation. A bill summary describes the most significant provisions of a piece of legislation and details the effects the legislative text may have on current law and federal programs. Bill summaries are authored by the Congressional Research Service (CRS) of the Library of Congress. As stated in Public Law 91-510 (2 USC 166 (d)(6)), one of the duties of CRS is "to prepare summaries and digests of bills and resolutions of a public general nature introduced in the Senate or House of Representatives". For more information, refer to the User Guide that accompanies this file.</dc:description>
  </dublinCore>
</billStatus>

