<?xml version="1.0" encoding="UTF-8"?>
<billStatus>
  <bill>
    <billType>HCONRES</billType>
    <policyArea>
      <name>International Affairs</name>
    </policyArea>
    <recordedVotes />
    <summaries>
      <billSummaries>
        <item>
          <versionCode>00</versionCode>
          <actionDate>2013-01-04</actionDate>
          <text><![CDATA[<p>Recognizes the importance of foreign assistance programs in promoting national security, demonstrating the American people's humanitarian spirit, and improving U.S. credibility in world affairs.</p> <p>Expresses support for providing at least 1% of U.S. gross domestic product (GDP) each year for nonmilitary foreign assistance.</p>]]></text>
          <name>Introduced in House</name>
          <lastSummaryUpdateDate>2013-01-09T15:58:09Z</lastSummaryUpdateDate>
          <updateDate>2013-01-04T05:00:00Z</updateDate>
          <actionDesc>Introduced in House</actionDesc>
        </item>
      </billSummaries>
    </summaries>
    <actions>
      <actionTypeCounts>
        <introducedInTheHouse>1</introducedInTheHouse>
        <billReferrals>1</billReferrals>
        <introducedInHouse>1</introducedInHouse>
      </actionTypeCounts>
      <actionByCounts>
        <houseOfRepresentatives>3</houseOfRepresentatives>
      </actionByCounts>
      <item>
        <links />
        <committee>
          <systemCode>hsfa00</systemCode>
          <name>Foreign Affairs Committee</name>
        </committee>
        <actionCode>H11100</actionCode>
        <actionDate>2013-01-04</actionDate>
        <text>Referred to the House Committee on Foreign Affairs.</text>
        <type>IntroReferral</type>
        <sourceSystem>
          <name>House floor actions</name>
          <code>2</code>
        </sourceSystem>
      </item>
      <item>
        <links />
        <committee />
        <actionCode>Intro-H</actionCode>
        <actionDate>2013-01-04</actionDate>
        <text>Introduced in House</text>
        <type>IntroReferral</type>
        <sourceSystem>
          <name>Library of Congress</name>
          <code>9</code>
        </sourceSystem>
      </item>
      <item>
        <links />
        <committee />
        <actionCode>1000</actionCode>
        <actionDate>2013-01-04</actionDate>
        <text>Introduced in House</text>
        <type>IntroReferral</type>
        <sourceSystem>
          <name>Library of Congress</name>
          <code>9</code>
        </sourceSystem>
      </item>
    </actions>
    <updateDate>2016-10-25T15:53:59Z</updateDate>
    <amendments />
    <introducedDate>2013-01-04</introducedDate>
    <originChamber>House</originChamber>
    <billNumber>7</billNumber>
    <relatedBills />
    <calendarNumbers />
    <cosponsors>
      <item>
        <isOriginalCosponsor>True</isOriginalCosponsor>
        <fullName>Rep. Holt, Rush [D-NJ-12]</fullName>
        <firstName>RUSH</firstName>
        <identifiers>
          <lisID>1580</lisID>
          <gpoId>8054</gpoId>
          <bioguideId>H001032</bioguideId>
        </identifiers>
        <state>NJ</state>
        <middleName>D.</middleName>
        <lastName>HOLT</lastName>
        <bioguideId>H001032</bioguideId>
        <sponsorshipDate>2013-01-04</sponsorshipDate>
        <district>12</district>
        <sponsorshipWithdrawnDate />
        <party>D</party>
      </item>
      <item>
        <isOriginalCosponsor>True</isOriginalCosponsor>
        <fullName>Rep. Grijalva, Raul M. [D-AZ-3]</fullName>
        <firstName>Raul</firstName>
        <identifiers>
          <gpoId>7804</gpoId>
          <lisID>1708</lisID>
          <bioguideId>G000551</bioguideId>
        </identifiers>
        <state>AZ</state>
        <middleName>M.</middleName>
        <lastName>Grijalva</lastName>
        <bioguideId>G000551</bioguideId>
        <sponsorshipDate>2013-01-04</sponsorshipDate>
        <district>3</district>
        <sponsorshipWithdrawnDate />
        <party>D</party>
      </item>
    </cosponsors>
    <congress>113</congress>
    <committees>
      <billCommittees>
        <item>
          <subcommittees />
          <activities>
            <item>
              <date>2013-01-04T15:04:30Z</date>
              <name>Referred to</name>
            </item>
          </activities>
          <type>Standing</type>
          <systemCode>hsfa00</systemCode>
          <chamber>House</chamber>
          <name>Foreign Affairs Committee</name>
        </item>
      </billCommittees>
    </committees>
    <sponsors>
      <item>
        <fullName>Rep. Lee, Barbara [D-CA-13]</fullName>
        <lastName>LEE</lastName>
        <byRequestType />
        <party>D</party>
        <state>CA</state>
        <middleName />
        <firstName>BARBARA</firstName>
        <bioguideId>L000551</bioguideId>
        <district>13</district>
        <identifiers>
          <bioguideId>L000551</bioguideId>
          <gpoId>7814</gpoId>
          <lisID>1501</lisID>
        </identifiers>
      </item>
    </sponsors>
    <latestAction>
      <text>Referred to the House Committee on Foreign Affairs.</text>
      <actionDate>2013-01-04</actionDate>
      <links />
    </latestAction>
    <subjects>
      <billSubjects>
        <legislativeSubjects>
          <item>
            <name>Foreign aid and international relief</name>
          </item>
        </legislativeSubjects>
        <policyArea>
          <name>International Affairs</name>
        </policyArea>
      </billSubjects>
    </subjects>
    <constitutionalAuthorityStatementText />
    <createDate>2013-01-05T07:00:46Z</createDate>
    <title>Expressing the sense of Congress that the United States should provide, on an annual basis, an amount equal to at least one percent of United States gross domestic product (GDP) for nonmilitary foreign assistance programs.</title>
    <laws />
    <titles>
      <item>
        <chamberCode />
        <chamberName />
        <title>Expressing the sense of Congress that the United States should provide, on an annual basis, an amount equal to at least one percent of United States gross domestic product (GDP) for nonmilitary foreign assistance programs.</title>
        <parentTitleType />
        <titleType>Official Title as Introduced</titleType>
      </item>
      <item>
        <chamberCode />
        <chamberName />
        <title>Expressing the sense of Congress that the United States should provide, on an annual basis, an amount equal to at least one percent of United States gross domestic product (GDP) for nonmilitary foreign assistance programs.</title>
        <parentTitleType />
        <titleType>Display Title</titleType>
      </item>
    </titles>
    <committeeReports />
    <notes />
    <cboCostEstimates />
  </bill>
  <dublinCore xmlns:dc="http://purl.org/dc/elements/1.1/">
    <dc:format>text/xml</dc:format>
    <dc:language>EN</dc:language>
    <dc:rights>Pursuant to Title 17 Section 105 of the United States Code, this file is not subject to copyright protection and is in the public domain.</dc:rights>
    <dc:contributor>Congressional Research Service, Library of Congress</dc:contributor>
    <dc:description>This file contains bill summaries and statuses for federal legislation. A bill summary describes the most significant provisions of a piece of legislation and details the effects the legislative text may have on current law and federal programs. Bill summaries are authored by the Congressional Research Service (CRS) of the Library of Congress. As stated in Public Law 91-510 (2 USC 166 (d)(6)), one of the duties of CRS is "to prepare summaries and digests of bills and resolutions of a public general nature introduced in the Senate or House of Representatives". For more information, refer to the User Guide that accompanies this file.</dc:description>
  </dublinCore>
</billStatus>

