<?xml version="1.0" encoding="UTF-8"?>
<billStatus>
  <bill>
    <committeeReports />
    <originChamber>House</originChamber>
    <titles>
      <item>
        <title>Amending the Rules of the House of Representatives to require any Member whose Members' Representational Allowance is used to pay for a flight on a private aircraft to report information on the flight not later than 30 days after the flight, and requiring any Senator whose official funds are used to pay for a flight on a private aircraft to report information on the flight not later than 30 days after the flight.</title>
        <parentTitleType />
        <titleType>Official Title as Introduced</titleType>
        <chamberCode />
        <chamberName />
      </item>
      <item>
        <title>Amending the Rules of the House of Representatives to require any Member whose Members' Representational Allowance is used to pay for a flight on a private aircraft to report information on the flight not later than 30 days after the flight, and requiring any Senator whose official funds are used to pay for a flight on a private aircraft to report information on the flight not later than 30 days after the flight.</title>
        <parentTitleType />
        <titleType>Display Title</titleType>
        <chamberCode />
        <chamberName />
      </item>
    </titles>
    <sponsors>
      <item>
        <state>LA</state>
        <byRequestType />
        <fullName>Rep. Cassidy, Bill [R-LA-6]</fullName>
        <lastName>Cassidy</lastName>
        <identifiers>
          <gpoId>7964</gpoId>
          <lisID>1925</lisID>
          <bioguideId>C001075</bioguideId>
        </identifiers>
        <middleName />
        <bioguideId>C001075</bioguideId>
        <district>6</district>
        <party>R</party>
        <firstName>Bill</firstName>
      </item>
    </sponsors>
    <billNumber>113</billNumber>
    <recordedVotes />
    <latestAction>
      <links />
      <text>Referred to House Administration</text>
      <actionDate>2014-09-11</actionDate>
    </latestAction>
    <laws />
    <title>Amending the Rules of the House of Representatives to require any Member whose Members' Representational Allowance is used to pay for a flight on a private aircraft to report information on the flight not later than 30 days after the flight, and requiring any Senator whose official funds are used to pay for a flight on a private aircraft to report information on the flight not later than 30 days after the flight.</title>
    <billType>HCONRES</billType>
    <introducedDate>2014-09-11</introducedDate>
    <updateDate>2016-10-25T15:54:14Z</updateDate>
    <calendarNumbers />
    <amendments />
    <cboCostEstimates />
    <policyArea>
      <name>Congress</name>
    </policyArea>
    <createDate>2014-09-12T05:01:00Z</createDate>
    <notes />
    <constitutionalAuthorityStatementText />
    <committees>
      <billCommittees>
        <item>
          <subcommittees />
          <chamber>House</chamber>
          <type>Standing</type>
          <name>House Administration Committee</name>
          <systemCode>hsha00</systemCode>
          <activities>
            <item>
              <name>Referred to</name>
              <date>2014-09-11T13:01:20Z</date>
            </item>
          </activities>
        </item>
        <item>
          <subcommittees />
          <chamber>House</chamber>
          <type>Standing</type>
          <name>Ethics Committee</name>
          <systemCode>hsso00</systemCode>
          <activities>
            <item>
              <name>Referred to</name>
              <date>2014-09-11T13:01:15Z</date>
            </item>
          </activities>
        </item>
      </billCommittees>
    </committees>
    <cosponsors />
    <congress>113</congress>
    <relatedBills />
    <summaries>
      <billSummaries>
        <item>
          <updateDate>2014-09-11T04:00:00Z</updateDate>
          <versionCode>00</versionCode>
          <lastSummaryUpdateDate>2014-09-23T13:59:28Z</lastSummaryUpdateDate>
          <name>Introduced in House</name>
          <actionDate>2014-09-11</actionDate>
          <actionDesc>Introduced in House</actionDesc>
          <text><![CDATA[<p>Amends Rule XXIII (Code of Official Conduct) of the Rules of the House of Representatives to require a Member to file a report with the Clerk of the House if funds in the Member's Representational Allowance are used for a flight for which the aircraft owner or operator is paid the pro rata share of the fair market value of the normal and usual charter fare or rental charge for a comparable plane.</p> <p>Requires the Member to file this report within 30 days after the flight, including information on:</p> <ul> <li> the amount paid for the flight from the Representational Allowance;</li> <li> the destinations covered by the flight; and</li> <li> the flight's purpose, including any reasons why the purpose could not be met by taking a flight on an aircraft operated by an air carrier or commercial operator described in the Rule.</li> </ul> <p>Requires a Senator to file a similar report with the Secretary of the Senate if funds in the Senator's Official Personnel and Office Expense Account are used for a noncommercial or nongovernment aircraft flight.</p>]]></text>
        </item>
      </billSummaries>
    </summaries>
    <actions>
      <actionTypeCounts>
        <billReferrals>2</billReferrals>
        <introducedInTheHouse>1</introducedInTheHouse>
        <introducedInHouse>1</introducedInHouse>
        <billReferralsAggregate>1</billReferralsAggregate>
      </actionTypeCounts>
      <item>
        <actionDate>2014-09-11</actionDate>
        <sourceSystem>
          <code>2</code>
          <name>House floor actions</name>
        </sourceSystem>
        <text>Referred to House Administration</text>
        <type>IntroReferral</type>
        <links />
        <actionCode>H11100</actionCode>
        <committee>
          <name>House Administration Committee</name>
          <systemCode>hsha00</systemCode>
        </committee>
      </item>
      <item>
        <actionDate>2014-09-11</actionDate>
        <sourceSystem>
          <code>9</code>
          <name>Library of Congress</name>
        </sourceSystem>
        <text>Referred to the Committee on Ethics, and in addition to the Committee on House Administration, for a period to be subsequently determined by the Speaker, in each case for consideration of such provisions as fall within the jurisdiction of the committee concerned.</text>
        <type>IntroReferral</type>
        <links />
        <actionCode>H11100-A</actionCode>
        <committee />
      </item>
      <item>
        <actionDate>2014-09-11</actionDate>
        <sourceSystem>
          <code>2</code>
          <name>House floor actions</name>
        </sourceSystem>
        <text>Referred to House Ethics</text>
        <type>IntroReferral</type>
        <links />
        <actionCode>H11100</actionCode>
        <committee>
          <name>Ethics Committee</name>
          <systemCode>hsso00</systemCode>
        </committee>
      </item>
      <item>
        <actionDate>2014-09-11</actionDate>
        <sourceSystem>
          <code>9</code>
          <name>Library of Congress</name>
        </sourceSystem>
        <text>Introduced in House</text>
        <type>IntroReferral</type>
        <links />
        <actionCode>Intro-H</actionCode>
        <committee />
      </item>
      <item>
        <actionDate>2014-09-11</actionDate>
        <sourceSystem>
          <code>9</code>
          <name>Library of Congress</name>
        </sourceSystem>
        <text>Introduced in House</text>
        <type>IntroReferral</type>
        <links />
        <actionCode>1000</actionCode>
        <committee />
      </item>
      <actionByCounts>
        <houseOfRepresentatives>5</houseOfRepresentatives>
      </actionByCounts>
    </actions>
    <subjects>
      <billSubjects>
        <legislativeSubjects>
          <item>
            <name>Aviation and airports</name>
          </item>
          <item>
            <name>Government ethics and transparency, public corruption</name>
          </item>
          <item>
            <name>Government information and archives</name>
          </item>
          <item>
            <name>House of Representatives</name>
          </item>
          <item>
            <name>Legislative rules and procedure</name>
          </item>
          <item>
            <name>Members of Congress</name>
          </item>
          <item>
            <name>Transportation costs</name>
          </item>
          <item>
            <name>Travel and tourism</name>
          </item>
        </legislativeSubjects>
        <policyArea>
          <name>Congress</name>
        </policyArea>
      </billSubjects>
    </subjects>
  </bill>
  <dublinCore xmlns:dc="http://purl.org/dc/elements/1.1/">
    <dc:format>text/xml</dc:format>
    <dc:language>EN</dc:language>
    <dc:rights>Pursuant to Title 17 Section 105 of the United States Code, this file is not subject to copyright protection and is in the public domain.</dc:rights>
    <dc:contributor>Congressional Research Service, Library of Congress</dc:contributor>
    <dc:description>This file contains bill summaries and statuses for federal legislation. A bill summary describes the most significant provisions of a piece of legislation and details the effects the legislative text may have on current law and federal programs. Bill summaries are authored by the Congressional Research Service (CRS) of the Library of Congress. As stated in Public Law 91-510 (2 USC 166 (d)(6)), one of the duties of CRS is "to prepare summaries and digests of bills and resolutions of a public general nature introduced in the Senate or House of Representatives". For more information, refer to the User Guide that accompanies this file.</dc:description>
  </dublinCore>
</billStatus>

