<?xml version="1.0" encoding="UTF-8"?>
<billStatus>
  <bill>
    <committees>
      <billCommittees>
        <item>
          <subcommittees>
            <item>
              <systemCode>hsif03</systemCode>
              <name>Energy and Power Subcommittee</name>
              <activities>
                <item>
                  <name>Referred to</name>
                  <date>2013-09-27T18:18:48Z</date>
                </item>
              </activities>
            </item>
          </subcommittees>
          <systemCode>hsif00</systemCode>
          <activities>
            <item>
              <name>Referred to</name>
              <date>2013-09-20T13:00:51Z</date>
            </item>
          </activities>
          <chamber>House</chamber>
          <name>Energy and Commerce Committee</name>
          <type>Standing</type>
        </item>
      </billCommittees>
    </committees>
    <congress>113</congress>
    <billNumber>57</billNumber>
    <updateDate>2016-10-25T15:54:06Z</updateDate>
    <subjects>
      <billSubjects>
        <legislativeSubjects>
          <item>
            <name>Administrative law and regulatory procedures</name>
          </item>
          <item>
            <name>Air quality</name>
          </item>
          <item>
            <name>Climate change and greenhouse gases</name>
          </item>
          <item>
            <name>Electric power generation and transmission</name>
          </item>
          <item>
            <name>Environmental Protection Agency (EPA)</name>
          </item>
          <item>
            <name>Environmental regulatory procedures</name>
          </item>
          <item>
            <name>Public utilities and utility rates</name>
          </item>
        </legislativeSubjects>
        <policyArea>
          <name>Environmental Protection</name>
        </policyArea>
      </billSubjects>
    </subjects>
    <policyArea>
      <name>Environmental Protection</name>
    </policyArea>
    <summaries>
      <billSummaries>
        <item>
          <actionDate>2013-09-20</actionDate>
          <updateDate>2013-09-20T04:00:00Z</updateDate>
          <name>Introduced in House</name>
          <lastSummaryUpdateDate>2013-12-03T22:47:02Z</lastSummaryUpdateDate>
          <versionCode>00</versionCode>
          <actionDesc>Introduced in House</actionDesc>
          <text><![CDATA[<p>States congressional opposition to the Environmental Protection Agency (EPA) rule establishing new source performance standards to limit greenhouse gas emissions from new power plants.</p>]]></text>
        </item>
      </billSummaries>
    </summaries>
    <title>Expressing the opposition of the Congress to the Environmental Protection Agency's proposed rule establishing new source performance standards to limit greenhouse gas emissions from new power plants.</title>
    <laws />
    <cosponsors>
      <item>
        <state>IL</state>
        <fullName>Rep. Enyart, William L. [D-IL-12]</fullName>
        <district>12</district>
        <sponsorshipWithdrawnDate />
        <party>D</party>
        <identifiers>
          <bioguideId>E000292</bioguideId>
          <gpoId />
          <lisID>2125</lisID>
        </identifiers>
        <middleName>L.</middleName>
        <bioguideId>E000292</bioguideId>
        <firstName>William</firstName>
        <lastName>Enyart</lastName>
        <isOriginalCosponsor>False</isOriginalCosponsor>
        <sponsorshipDate>2013-09-25</sponsorshipDate>
      </item>
    </cosponsors>
    <billType>HCONRES</billType>
    <cboCostEstimates />
    <recordedVotes />
    <relatedBills />
    <actions>
      <actionTypeCounts>
        <placeholderTextForH>1</placeholderTextForH>
        <billReferrals>1</billReferrals>
        <introducedInTheHouse>1</introducedInTheHouse>
        <introducedInHouse>1</introducedInHouse>
      </actionTypeCounts>
      <item>
        <actionDate>2013-09-27</actionDate>
        <committee>
          <name>Energy and Power Subcommittee</name>
          <systemCode>hsif03</systemCode>
        </committee>
        <links />
        <sourceSystem>
          <code>1</code>
          <name>House committee actions</name>
        </sourceSystem>
        <text>Referred to the Subcommittee on Energy and Power.</text>
        <type>Committee</type>
      </item>
      <item>
        <actionDate>2013-09-20</actionDate>
        <sourceSystem>
          <code>2</code>
          <name>House floor actions</name>
        </sourceSystem>
        <text>Referred to the House Committee on Energy and Commerce.</text>
        <type>IntroReferral</type>
        <links />
        <actionCode>H11100</actionCode>
        <committee>
          <name>Energy and Commerce Committee</name>
          <systemCode>hsif00</systemCode>
        </committee>
      </item>
      <item>
        <actionDate>2013-09-20</actionDate>
        <sourceSystem>
          <code>9</code>
          <name>Library of Congress</name>
        </sourceSystem>
        <text>Introduced in House</text>
        <type>IntroReferral</type>
        <links />
        <actionCode>Intro-H</actionCode>
        <committee />
      </item>
      <item>
        <actionDate>2013-09-20</actionDate>
        <sourceSystem>
          <code>9</code>
          <name>Library of Congress</name>
        </sourceSystem>
        <text>Introduced in House</text>
        <type>IntroReferral</type>
        <links />
        <actionCode>1000</actionCode>
        <committee />
      </item>
      <actionByCounts>
        <houseOfRepresentatives>4</houseOfRepresentatives>
      </actionByCounts>
    </actions>
    <notes />
    <latestAction>
      <actionDate>2013-09-27</actionDate>
      <links />
      <text>Referred to the Subcommittee on Energy and Power.</text>
    </latestAction>
    <introducedDate>2013-09-20</introducedDate>
    <sponsors>
      <item>
        <fullName>Rep. Rahall, Nick J., II [D-WV-3]</fullName>
        <firstName>NICK</firstName>
        <byRequestType />
        <identifiers>
          <gpoId>8224</gpoId>
          <lisID>940</lisID>
          <bioguideId>R000011</bioguideId>
        </identifiers>
        <middleName>J.</middleName>
        <bioguideId>R000011</bioguideId>
        <district>3</district>
        <party>D</party>
        <state>WV</state>
        <lastName>RAHALL</lastName>
      </item>
    </sponsors>
    <constitutionalAuthorityStatementText />
    <calendarNumbers />
    <committeeReports />
    <amendments />
    <createDate>2013-09-21T07:01:05Z</createDate>
    <originChamber>House</originChamber>
    <titles>
      <item>
        <title>Expressing the opposition of the Congress to the Environmental Protection Agency's proposed rule establishing new source performance standards to limit greenhouse gas emissions from new power plants.</title>
        <chamberCode />
        <chamberName />
        <titleType>Official Title as Introduced</titleType>
        <parentTitleType />
      </item>
      <item>
        <title>Expressing the opposition of the Congress to the Environmental Protection Agency's proposed rule establishing new source performance standards to limit greenhouse gas emissions from new power plants.</title>
        <chamberCode />
        <chamberName />
        <titleType>Display Title</titleType>
        <parentTitleType />
      </item>
    </titles>
  </bill>
  <dublinCore xmlns:dc="http://purl.org/dc/elements/1.1/">
    <dc:format>text/xml</dc:format>
    <dc:language>EN</dc:language>
    <dc:rights>Pursuant to Title 17 Section 105 of the United States Code, this file is not subject to copyright protection and is in the public domain.</dc:rights>
    <dc:contributor>Congressional Research Service, Library of Congress</dc:contributor>
    <dc:description>This file contains bill summaries and statuses for federal legislation. A bill summary describes the most significant provisions of a piece of legislation and details the effects the legislative text may have on current law and federal programs. Bill summaries are authored by the Congressional Research Service (CRS) of the Library of Congress. As stated in Public Law 91-510 (2 USC 166 (d)(6)), one of the duties of CRS is "to prepare summaries and digests of bills and resolutions of a public general nature introduced in the Senate or House of Representatives". For more information, refer to the User Guide that accompanies this file.</dc:description>
  </dublinCore>
</billStatus>

