<?xml version="1.0" encoding="UTF-8"?>
<billStatus>
  <bill>
    <title>Expressing the sense of Congress that Warren Weinstein should be returned home to his family.</title>
    <policyArea>
      <name>International Affairs</name>
    </policyArea>
    <constitutionalAuthorityStatementText />
    <recordedVotes />
    <createDate>2014-06-12T07:19:55Z</createDate>
    <summaries>
      <billSummaries>
        <item>
          <versionCode>00</versionCode>
          <actionDate>2014-06-11</actionDate>
          <text><![CDATA[<p>Expresses the sense of Congress that the Administration should: (1) use all lawful tools to bring Warren Weinstein, who was abducted in Pakistan in 2011 and currently held captive by al-Qaeda, home to his family; (2) make the return of all U.S. citizens held captive abroad a top priority; and (3) keep Congress apprised of its actions to achieve such goals.</p>]]></text>
          <name>Introduced in House</name>
          <lastSummaryUpdateDate>2014-06-12T19:55:59Z</lastSummaryUpdateDate>
          <updateDate>2014-06-11T04:00:00Z</updateDate>
          <actionDesc>Introduced in House</actionDesc>
        </item>
      </billSummaries>
    </summaries>
    <committeeReports />
    <notes />
    <latestAction>
      <links />
      <actionDate>2014-06-11</actionDate>
      <text>Referred to the House Committee on Foreign Affairs.</text>
    </latestAction>
    <sponsors>
      <item>
        <state>MD</state>
        <fullName>Rep. Delaney, John K. [D-MD-6]</fullName>
        <district>6</district>
        <bioguideId>D000620</bioguideId>
        <middleName>K.</middleName>
        <byRequestType />
        <lastName>Delaney</lastName>
        <party>D</party>
        <firstName>John</firstName>
        <identifiers>
          <bioguideId>D000620</bioguideId>
          <lisID>2133</lisID>
          <gpoId />
        </identifiers>
      </item>
    </sponsors>
    <billNumber>101</billNumber>
    <titles>
      <item>
        <title>Expressing the sense of Congress that Warren Weinstein should be returned home to his family.</title>
        <titleType>Official Title as Introduced</titleType>
        <chamberCode />
        <chamberName />
        <parentTitleType />
      </item>
      <item>
        <title>Expressing the sense of Congress that Warren Weinstein should be returned home to his family.</title>
        <titleType>Display Title</titleType>
        <chamberCode />
        <chamberName />
        <parentTitleType />
      </item>
    </titles>
    <billType>HCONRES</billType>
    <laws />
    <committees>
      <billCommittees>
        <item>
          <subcommittees />
          <activities>
            <item>
              <date>2014-06-11T14:00:24Z</date>
              <name>Referred to</name>
            </item>
          </activities>
          <type>Standing</type>
          <systemCode>hsfa00</systemCode>
          <chamber>House</chamber>
          <name>Foreign Affairs Committee</name>
        </item>
      </billCommittees>
    </committees>
    <updateDate>2016-10-25T15:54:12Z</updateDate>
    <relatedBills>
      <item>
        <number>38</number>
        <relationshipDetails>
          <item>
            <identifiedBy>CRS</identifiedBy>
            <type>Related bill</type>
          </item>
        </relationshipDetails>
        <congress>113</congress>
        <latestAction>
          <text>Placed on Senate Legislative Calendar under General Orders. Calendar No. 647.</text>
          <actionDate>2014-12-11</actionDate>
        </latestAction>
        <type>SCONRES</type>
        <latestTitle>A concurrent resolution expressing the sense of Congress that Warren Weinstein should be returned home to his family.</latestTitle>
      </item>
    </relatedBills>
    <subjects>
      <billSubjects>
        <legislativeSubjects>
          <item>
            <name>Asia</name>
          </item>
          <item>
            <name>Congressional oversight</name>
          </item>
          <item>
            <name>Detention of persons</name>
          </item>
          <item>
            <name>Diplomacy, foreign officials, Americans abroad</name>
          </item>
          <item>
            <name>Pakistan</name>
          </item>
          <item>
            <name>Terrorism</name>
          </item>
        </legislativeSubjects>
        <policyArea>
          <name>International Affairs</name>
        </policyArea>
      </billSubjects>
    </subjects>
    <introducedDate>2014-06-11</introducedDate>
    <actions>
      <actionByCounts>
        <houseOfRepresentatives>3</houseOfRepresentatives>
      </actionByCounts>
      <item>
        <actionDate>2014-06-11</actionDate>
        <actionCode>H11100</actionCode>
        <sourceSystem>
          <name>House floor actions</name>
          <code>2</code>
        </sourceSystem>
        <links />
        <committee>
          <name>Foreign Affairs Committee</name>
          <systemCode>hsfa00</systemCode>
        </committee>
        <text>Referred to the House Committee on Foreign Affairs.</text>
        <type>IntroReferral</type>
      </item>
      <item>
        <actionDate>2014-06-11</actionDate>
        <actionCode>Intro-H</actionCode>
        <sourceSystem>
          <name>Library of Congress</name>
          <code>9</code>
        </sourceSystem>
        <links />
        <committee />
        <text>Introduced in House</text>
        <type>IntroReferral</type>
      </item>
      <item>
        <actionDate>2014-06-11</actionDate>
        <actionCode>1000</actionCode>
        <sourceSystem>
          <name>Library of Congress</name>
          <code>9</code>
        </sourceSystem>
        <links />
        <committee />
        <text>Introduced in House</text>
        <type>IntroReferral</type>
      </item>
      <actionTypeCounts>
        <introducedInHouse>1</introducedInHouse>
        <introducedInTheHouse>1</introducedInTheHouse>
        <billReferrals>1</billReferrals>
      </actionTypeCounts>
    </actions>
    <amendments />
    <congress>113</congress>
    <cosponsors>
      <item>
        <fullName>Rep. Engel, Eliot L. [D-NY-16]</fullName>
        <firstName>ELIOT</firstName>
        <lastName>ENGEL</lastName>
        <identifiers>
          <bioguideId>E000179</bioguideId>
          <lisID>344</lisID>
          <gpoId>8078</gpoId>
        </identifiers>
        <state>NY</state>
        <sponsorshipWithdrawnDate />
        <bioguideId>E000179</bioguideId>
        <district>16</district>
        <isOriginalCosponsor>False</isOriginalCosponsor>
        <middleName>L.</middleName>
        <party>D</party>
        <sponsorshipDate>2014-06-12</sponsorshipDate>
      </item>
      <item>
        <fullName>Rep. Van Hollen, Chris [D-MD-8]</fullName>
        <firstName>Chris</firstName>
        <lastName>Van Hollen</lastName>
        <identifiers>
          <bioguideId>V000128</bioguideId>
          <lisID>1729</lisID>
          <gpoId>7983</gpoId>
        </identifiers>
        <state>MD</state>
        <sponsorshipWithdrawnDate />
        <bioguideId>V000128</bioguideId>
        <district>8</district>
        <isOriginalCosponsor>False</isOriginalCosponsor>
        <middleName />
        <party>D</party>
        <sponsorshipDate>2014-06-17</sponsorshipDate>
      </item>
    </cosponsors>
    <calendarNumbers />
    <cboCostEstimates />
    <originChamber>House</originChamber>
  </bill>
  <dublinCore xmlns:dc="http://purl.org/dc/elements/1.1/">
    <dc:format>text/xml</dc:format>
    <dc:language>EN</dc:language>
    <dc:rights>Pursuant to Title 17 Section 105 of the United States Code, this file is not subject to copyright protection and is in the public domain.</dc:rights>
    <dc:contributor>Congressional Research Service, Library of Congress</dc:contributor>
    <dc:description>This file contains bill summaries and statuses for federal legislation. A bill summary describes the most significant provisions of a piece of legislation and details the effects the legislative text may have on current law and federal programs. Bill summaries are authored by the Congressional Research Service (CRS) of the Library of Congress. As stated in Public Law 91-510 (2 USC 166 (d)(6)), one of the duties of CRS is "to prepare summaries and digests of bills and resolutions of a public general nature introduced in the Senate or House of Representatives". For more information, refer to the User Guide that accompanies this file.</dc:description>
  </dublinCore>
</billStatus>

