<?xml version="1.0" encoding="UTF-8"?>
<billStatus>
  <bill>
    <policyArea>
      <name>Civil Rights and Liberties, Minority Issues</name>
    </policyArea>
    <constitutionalAuthorityStatementText />
    <sponsors>
      <item>
        <identifiers>
          <lisID>1469</lisID>
          <gpoId>8119</gpoId>
          <bioguideId>B001227</bioguideId>
        </identifiers>
        <district>1</district>
        <byRequestType />
        <fullName>Rep. Brady, Robert A. [D-PA-1]</fullName>
        <firstName>ROBERT</firstName>
        <state>PA</state>
        <bioguideId>B001227</bioguideId>
        <middleName>A.</middleName>
        <party>D</party>
        <lastName>BRADY</lastName>
      </item>
    </sponsors>
    <committeeReports />
    <titles>
      <item>
        <titleType>Official Title as Introduced</titleType>
        <parentTitleType />
        <title>Expressing the sense of Congress that the United States Postal Service should issue a commemorative postage stamp honoring the Reverend Doctor Leon Sullivan and that the Citizens' Stamp Advisory Committee should recommend to the Postmaster General that such a stamp be issued.</title>
        <chamberName />
        <chamberCode />
      </item>
      <item>
        <titleType>Display Title</titleType>
        <parentTitleType />
        <title>Expressing the sense of Congress that the United States Postal Service should issue a commemorative postage stamp honoring the Reverend Doctor Leon Sullivan and that the Citizens' Stamp Advisory Committee should recommend to the Postmaster General that such a stamp be issued.</title>
        <chamberName />
        <chamberCode />
      </item>
    </titles>
    <laws />
    <createDate>2013-08-02T05:52:34Z</createDate>
    <recordedVotes />
    <billNumber>49</billNumber>
    <originChamber>House</originChamber>
    <committees>
      <billCommittees>
        <item>
          <subcommittees />
          <chamber>House</chamber>
          <systemCode>hsgo00</systemCode>
          <activities>
            <item>
              <date>2013-08-01T14:05:40Z</date>
              <name>Referred to</name>
            </item>
          </activities>
          <type>Standing</type>
          <name>Oversight and Government Reform Committee</name>
        </item>
      </billCommittees>
    </committees>
    <relatedBills>
      <item>
        <latestTitle>A concurrent resolution expressing the sense of Congress that the United States Postal Service should issue a commemorative postage stamp honoring the Reverend Doctor Leon Sullivan and that the Citizens' Stamp Advisory Committee should recommend to the Postmaster General that such a stamp be issued.</latestTitle>
        <number>23</number>
        <latestAction>
          <text>Referred to the Committee on Homeland Security and Governmental Affairs. (text of measure as introduced: CR S6237-6238)</text>
          <actionDate>2013-08-01</actionDate>
        </latestAction>
        <type>SCONRES</type>
        <congress>113</congress>
        <relationshipDetails>
          <item>
            <identifiedBy>CRS</identifiedBy>
            <type>Identical bill</type>
          </item>
        </relationshipDetails>
      </item>
    </relatedBills>
    <updateDate>2016-10-25T15:54:05Z</updateDate>
    <summaries>
      <billSummaries>
        <item>
          <actionDate>2013-08-01</actionDate>
          <actionDesc>Introduced in House</actionDesc>
          <lastSummaryUpdateDate>2013-08-12T20:35:24Z</lastSummaryUpdateDate>
          <versionCode>00</versionCode>
          <updateDate>2013-08-01T04:00:00Z</updateDate>
          <name>Introduced in House</name>
          <text><![CDATA[<p>Expresses the sense of Congress that the U.S. Postal Service (USPS) should issue a commemorative postage stamp honoring the Reverend Doctor Leon Sullivan and that the Citizens' Stamp Advisory Committee should recommend to the Postmaster General that such stamp be issued.</p>]]></text>
        </item>
      </billSummaries>
    </summaries>
    <congress>113</congress>
    <title>Expressing the sense of Congress that the United States Postal Service should issue a commemorative postage stamp honoring the Reverend Doctor Leon Sullivan and that the Citizens' Stamp Advisory Committee should recommend to the Postmaster General that such a stamp be issued.</title>
    <calendarNumbers />
    <actions>
      <actionTypeCounts>
        <introducedInHouse>1</introducedInHouse>
        <billReferrals>1</billReferrals>
        <introducedInTheHouse>1</introducedInTheHouse>
      </actionTypeCounts>
      <item>
        <text>Referred to the House Committee on Oversight and Government Reform.</text>
        <links />
        <actionCode>H11100</actionCode>
        <type>IntroReferral</type>
        <committee>
          <systemCode>hsgo00</systemCode>
          <name>Oversight and Government Reform Committee</name>
        </committee>
        <actionDate>2013-08-01</actionDate>
        <sourceSystem>
          <name>House floor actions</name>
          <code>2</code>
        </sourceSystem>
      </item>
      <item>
        <text>Introduced in House</text>
        <links />
        <actionCode>Intro-H</actionCode>
        <type>IntroReferral</type>
        <committee />
        <actionDate>2013-08-01</actionDate>
        <sourceSystem>
          <name>Library of Congress</name>
          <code>9</code>
        </sourceSystem>
      </item>
      <item>
        <text>Introduced in House</text>
        <links />
        <actionCode>1000</actionCode>
        <type>IntroReferral</type>
        <committee />
        <actionDate>2013-08-01</actionDate>
        <sourceSystem>
          <name>Library of Congress</name>
          <code>9</code>
        </sourceSystem>
      </item>
      <actionByCounts>
        <houseOfRepresentatives>3</houseOfRepresentatives>
      </actionByCounts>
    </actions>
    <amendments />
    <cboCostEstimates />
    <introducedDate>2013-08-01</introducedDate>
    <latestAction>
      <text>Referred to the House Committee on Oversight and Government Reform.</text>
      <actionDate>2013-08-01</actionDate>
      <links />
    </latestAction>
    <subjects>
      <billSubjects>
        <policyArea>
          <name>Civil Rights and Liberties, Minority Issues</name>
        </policyArea>
        <legislativeSubjects>
          <item>
            <name>Business ethics</name>
          </item>
          <item>
            <name>Human rights</name>
          </item>
          <item>
            <name>Postal service</name>
          </item>
        </legislativeSubjects>
      </billSubjects>
    </subjects>
    <cosponsors />
    <notes />
    <billType>HCONRES</billType>
  </bill>
  <dublinCore xmlns:dc="http://purl.org/dc/elements/1.1/">
    <dc:format>text/xml</dc:format>
    <dc:language>EN</dc:language>
    <dc:rights>Pursuant to Title 17 Section 105 of the United States Code, this file is not subject to copyright protection and is in the public domain.</dc:rights>
    <dc:contributor>Congressional Research Service, Library of Congress</dc:contributor>
    <dc:description>This file contains bill summaries and statuses for federal legislation. A bill summary describes the most significant provisions of a piece of legislation and details the effects the legislative text may have on current law and federal programs. Bill summaries are authored by the Congressional Research Service (CRS) of the Library of Congress. As stated in Public Law 91-510 (2 USC 166 (d)(6)), one of the duties of CRS is "to prepare summaries and digests of bills and resolutions of a public general nature introduced in the Senate or House of Representatives". For more information, refer to the User Guide that accompanies this file.</dc:description>
  </dublinCore>
</billStatus>

