<?xml version="1.0" encoding="UTF-8"?>
<billStatus>
  <bill>
    <title>Permitting the use of the rotunda of the Capitol for a ceremony to award the Congressional Gold Medal to Professor Muhamad Yunus.</title>
    <policyArea>
      <name>Congress</name>
    </policyArea>
    <constitutionalAuthorityStatementText />
    <recordedVotes />
    <createDate>2013-03-05T07:01:11Z</createDate>
    <summaries>
      <billSummaries>
        <item>
          <lastSummaryUpdateDate>2013-03-13T18:43:13Z</lastSummaryUpdateDate>
          <actionDate>2013-03-04</actionDate>
          <actionDesc>Introduced in House</actionDesc>
          <updateDate>2013-03-04T05:00:00Z</updateDate>
          <text><![CDATA[<p>Authorizes the use of the Capitol rotunda on April 17, 2013, for a ceremony to award the congressional gold medal to Professor Muhammad Yunus in recognition of his contributions to the fight against global poverty. </p>]]></text>
          <name>Introduced in House</name>
          <versionCode>00</versionCode>
        </item>
        <item>
          <lastSummaryUpdateDate>2013-03-13T18:44:49Z</lastSummaryUpdateDate>
          <actionDate>2013-03-06</actionDate>
          <actionDesc>Passed House without amendment</actionDesc>
          <updateDate>2013-03-06T18:34:07Z</updateDate>
          <text><![CDATA[<p><b>(This measure has not been amended since it was introduced. The summary of that version is repeated here.)</b></p> <p>Authorizes the use of the Capitol rotunda on April 17, 2013, for a ceremony to award the congressional gold medal to Professor Muhammad Yunus in recognition of his contributions to the fight against global poverty.</p>]]></text>
          <name>Passed House without amendment</name>
          <versionCode>81</versionCode>
        </item>
        <item>
          <lastSummaryUpdateDate>2013-03-13T18:45:00Z</lastSummaryUpdateDate>
          <actionDate>2013-03-11</actionDate>
          <actionDesc>Passed Senate without amendment</actionDesc>
          <updateDate>2013-03-11T18:10:05Z</updateDate>
          <text><![CDATA[<p><b>(This measure has not been amended since it was introduced. The summary of that version is repeated here.)</b></p> <p>Authorizes the use of the Capitol rotunda on April 17, 2013, for a ceremony to award the congressional gold medal to Professor Muhammad Yunus in recognition of his contributions to the fight against global poverty.</p>]]></text>
          <name>Passed Senate without amendment</name>
          <versionCode>82</versionCode>
        </item>
      </billSummaries>
    </summaries>
    <committeeReports />
    <notes />
    <latestAction>
      <links />
      <actionDate>2013-03-12</actionDate>
      <text>Message on Senate action sent to the House.</text>
    </latestAction>
    <sponsors>
      <item>
        <state>NJ</state>
        <fullName>Rep. Holt, Rush [D-NJ-12]</fullName>
        <district>12</district>
        <bioguideId>H001032</bioguideId>
        <middleName>D.</middleName>
        <byRequestType />
        <lastName>HOLT</lastName>
        <party>D</party>
        <firstName>RUSH</firstName>
        <identifiers>
          <bioguideId>H001032</bioguideId>
          <lisID>1580</lisID>
          <gpoId>8054</gpoId>
        </identifiers>
      </item>
    </sponsors>
    <billNumber>20</billNumber>
    <titles>
      <item>
        <title>Permitting the use of the rotunda of the Capitol for a ceremony to award the Congressional Gold Medal to Professor Muhamad Yunus.</title>
        <chamberName />
        <chamberCode />
        <titleType>Official Title as Introduced</titleType>
        <parentTitleType />
      </item>
      <item>
        <title>Permitting the use of the rotunda of the Capitol for a ceremony to award the Congressional Gold Medal to Professor Muhamad Yunus.</title>
        <chamberName />
        <chamberCode />
        <titleType>Display Title</titleType>
        <parentTitleType />
      </item>
    </titles>
    <billType>HCONRES</billType>
    <laws />
    <committees>
      <billCommittees>
        <item>
          <chamber>House</chamber>
          <type>Standing</type>
          <systemCode>hsha00</systemCode>
          <subcommittees />
          <name>House Administration Committee</name>
          <activities>
            <item>
              <date>2013-03-06T17:00:42Z</date>
              <name>Discharged from</name>
            </item>
            <item>
              <date>2013-03-04T17:02:00Z</date>
              <name>Referred to</name>
            </item>
          </activities>
        </item>
      </billCommittees>
    </committees>
    <updateDate>2016-10-25T15:54:01Z</updateDate>
    <relatedBills>
      <item>
        <relationshipDetails>
          <item>
            <identifiedBy>CRS</identifiedBy>
            <type>Related bill</type>
          </item>
        </relationshipDetails>
        <latestAction>
          <actionDate>2013-03-06</actionDate>
          <text>Referred to the House Committee on House Administration.</text>
        </latestAction>
        <latestTitle>Permitting the use of the rotunda of the Capitol for a ceremony to award the Congressional Gold Medal to Doctor Muhammad Yunus.</latestTitle>
        <congress>113</congress>
        <number>22</number>
        <type>HCONRES</type>
      </item>
    </relatedBills>
    <subjects>
      <billSubjects>
        <legislativeSubjects>
          <item>
            <name>Congressional tributes</name>
          </item>
          <item>
            <name>Foreign aid and international relief</name>
          </item>
          <item>
            <name>Foreign loans and debt</name>
          </item>
          <item>
            <name>Poverty and welfare assistance</name>
          </item>
          <item>
            <name>Small business</name>
          </item>
          <item>
            <name>U.S. Capitol</name>
          </item>
        </legislativeSubjects>
        <policyArea>
          <name>Congress</name>
        </policyArea>
      </billSubjects>
    </subjects>
    <introducedDate>2013-03-04</introducedDate>
    <actions>
      <actionByCounts>
        <senate>4</senate>
        <houseOfRepresentatives>10</houseOfRepresentatives>
      </actionByCounts>
      <item>
        <actionDate>2013-03-12</actionDate>
        <committee />
        <links />
        <sourceSystem>
          <name>Senate</name>
          <code>0</code>
        </sourceSystem>
        <text>Message on Senate action sent to the House.</text>
        <type>Floor</type>
      </item>
      <item>
        <actionDate>2013-03-11</actionDate>
        <committee />
        <links>
          <link>
            <url>https://www.congress.gov/congressional-record/volume-159/senate-section/page/S1668</url>
            <name>S1668</name>
          </link>
        </links>
        <sourceSystem>
          <name>Senate</name>
          <code>0</code>
        </sourceSystem>
        <text>Resolution agreed to in Senate without amendment by Unanimous Consent. (consideration: CR S1668)</text>
        <type>Floor</type>
      </item>
      <item>
        <actionCode>17000</actionCode>
        <links>
          <link>
            <url>https://www.congress.gov/congressional-record/volume-159/senate-section/page/S1668</url>
            <name>S1668</name>
          </link>
        </links>
        <type>Floor</type>
        <actionDate>2013-03-11</actionDate>
        <committee />
        <text>Passed/agreed to in Senate: Resolution agreed to in Senate without amendment by Unanimous Consent.(consideration: CR S1668)</text>
        <sourceSystem>
          <name>Library of Congress</name>
          <code>9</code>
        </sourceSystem>
      </item>
      <item>
        <actionDate>2013-03-07</actionDate>
        <committee />
        <links />
        <sourceSystem>
          <name>Senate</name>
          <code>0</code>
        </sourceSystem>
        <text>Received in the Senate.</text>
        <type>IntroReferral</type>
      </item>
      <item>
        <actionCode>H38310</actionCode>
        <links />
        <type>Floor</type>
        <actionDate>2013-03-06</actionDate>
        <committee />
        <text>Motion to reconsider laid on the table Agreed to without objection.</text>
        <actionTime>12:01:37</actionTime>
        <sourceSystem>
          <name>House floor actions</name>
          <code>2</code>
        </sourceSystem>
      </item>
      <item>
        <actionCode>H37100</actionCode>
        <links>
          <link>
            <url>https://www.congress.gov/congressional-record/volume-159/house-section/page/H997</url>
            <name>H997</name>
          </link>
        </links>
        <type>Floor</type>
        <actionDate>2013-03-06</actionDate>
        <committee />
        <text>On agreeing to the resolution Agreed to without objection. (text: CR H997)</text>
        <actionTime>12:01:04</actionTime>
        <sourceSystem>
          <name>House floor actions</name>
          <code>2</code>
        </sourceSystem>
      </item>
      <item>
        <actionCode>8000</actionCode>
        <links>
          <link>
            <url>https://www.congress.gov/congressional-record/volume-159/house-section/page/H997</url>
            <name>H997</name>
          </link>
        </links>
        <type>Floor</type>
        <actionDate>2013-03-06</actionDate>
        <committee />
        <text>Passed/agreed to in House: On agreeing to the resolution Agreed to without objection.(text: CR H997)</text>
        <actionTime>12:01:04</actionTime>
        <sourceSystem>
          <name>Library of Congress</name>
          <code>9</code>
        </sourceSystem>
      </item>
      <item>
        <actionCode>H30000</actionCode>
        <links>
          <link>
            <url>https://www.congress.gov/congressional-record/volume-159/house-section/page/H997</url>
            <name>H997</name>
          </link>
        </links>
        <type>Floor</type>
        <actionDate>2013-03-06</actionDate>
        <committee />
        <text>Considered by unanimous consent. (consideration: CR H997)</text>
        <actionTime>12:00:55</actionTime>
        <sourceSystem>
          <name>House floor actions</name>
          <code>2</code>
        </sourceSystem>
      </item>
      <item>
        <actionCode>H12300</actionCode>
        <links />
        <type>Discharge</type>
        <actionDate>2013-03-06</actionDate>
        <committee>
          <name>House Administration Committee</name>
          <systemCode>hsha00</systemCode>
        </committee>
        <text>Committee on House Administration discharged.</text>
        <sourceSystem>
          <name>House floor actions</name>
          <code>2</code>
        </sourceSystem>
      </item>
      <item>
        <actionCode>5500</actionCode>
        <links />
        <type>Committee</type>
        <actionDate>2013-03-06</actionDate>
        <committee>
          <name>House Administration Committee</name>
          <systemCode>hsha00</systemCode>
        </committee>
        <text>Committee on House Administration discharged.</text>
        <sourceSystem>
          <name>Library of Congress</name>
          <code>9</code>
        </sourceSystem>
      </item>
      <item>
        <actionCode>H30200</actionCode>
        <links />
        <type>Floor</type>
        <actionDate>2013-03-06</actionDate>
        <committee />
        <text>Mr. Harper asked unanimous consent to discharge from committee and consider.</text>
        <actionTime>12:00:40</actionTime>
        <sourceSystem>
          <name>House floor actions</name>
          <code>2</code>
        </sourceSystem>
      </item>
      <item>
        <actionCode>H11100</actionCode>
        <links />
        <type>IntroReferral</type>
        <actionDate>2013-03-04</actionDate>
        <committee>
          <name>House Administration Committee</name>
          <systemCode>hsha00</systemCode>
        </committee>
        <text>Referred to the House Committee on House Administration.</text>
        <sourceSystem>
          <name>House floor actions</name>
          <code>2</code>
        </sourceSystem>
      </item>
      <item>
        <actionCode>Intro-H</actionCode>
        <links />
        <type>IntroReferral</type>
        <actionDate>2013-03-04</actionDate>
        <committee />
        <text>Introduced in House</text>
        <sourceSystem>
          <name>Library of Congress</name>
          <code>9</code>
        </sourceSystem>
      </item>
      <item>
        <actionCode>1000</actionCode>
        <links />
        <type>IntroReferral</type>
        <actionDate>2013-03-04</actionDate>
        <committee />
        <text>Introduced in House</text>
        <sourceSystem>
          <name>Library of Congress</name>
          <code>9</code>
        </sourceSystem>
      </item>
      <actionTypeCounts>
        <passedAgreedToInHouse>1</passedAgreedToInHouse>
        <unanimousConsentRequestToConsider>1</unanimousConsentRequestToConsider>
        <committeeDischarged>1</committeeDischarged>
        <sentToHouse>1</sentToHouse>
        <introducedInTheHouse>1</introducedInTheHouse>
        <agreedToInSenate>1</agreedToInSenate>
        <considerationByHouse>1</considerationByHouse>
        <houseCommitteeDischarged>1</houseCommitteeDischarged>
        <billReferrals>1</billReferrals>
        <introducedInHouse>1</introducedInHouse>
        <introducedInSenate>1</introducedInSenate>
        <passedAgreedToInSenate>1</passedAgreedToInSenate>
        <motionToReconsiderResults>1</motionToReconsiderResults>
        <passageOfAMeasure>1</passageOfAMeasure>
      </actionTypeCounts>
    </actions>
    <amendments />
    <congress>113</congress>
    <cosponsors />
    <calendarNumbers />
    <cboCostEstimates />
    <originChamber>House</originChamber>
  </bill>
  <dublinCore xmlns:dc="http://purl.org/dc/elements/1.1/">
    <dc:format>text/xml</dc:format>
    <dc:language>EN</dc:language>
    <dc:rights>Pursuant to Title 17 Section 105 of the United States Code, this file is not subject to copyright protection and is in the public domain.</dc:rights>
    <dc:contributor>Congressional Research Service, Library of Congress</dc:contributor>
    <dc:description>This file contains bill summaries and statuses for federal legislation. A bill summary describes the most significant provisions of a piece of legislation and details the effects the legislative text may have on current law and federal programs. Bill summaries are authored by the Congressional Research Service (CRS) of the Library of Congress. As stated in Public Law 91-510 (2 USC 166 (d)(6)), one of the duties of CRS is "to prepare summaries and digests of bills and resolutions of a public general nature introduced in the Senate or House of Representatives". For more information, refer to the User Guide that accompanies this file.</dc:description>
  </dublinCore>
</billStatus>

