<?xml version="1.0" encoding="UTF-8"?>
<billStatus>
  <bill>
    <committees>
      <billCommittees />
    </committees>
    <introducedDate>2014-02-11</introducedDate>
    <congress>113</congress>
    <laws />
    <calendarNumbers />
    <originChamber>House</originChamber>
    <constitutionalAuthorityStatementText />
    <titles>
      <item>
        <titleType>Official Title as Introduced</titleType>
        <parentTitleType />
        <title>Providing a correction in the enrollment of S. 540.</title>
        <chamberName />
        <chamberCode />
      </item>
      <item>
        <titleType>Display Title</titleType>
        <parentTitleType />
        <title>Providing a correction in the enrollment of S. 540.</title>
        <chamberName />
        <chamberCode />
      </item>
    </titles>
    <createDate>2014-02-12T09:15:34Z</createDate>
    <title>Providing a correction in the enrollment of S. 540.</title>
    <cboCostEstimates />
    <summaries>
      <billSummaries>
        <item>
          <updateDate>2014-02-11T05:00:00Z</updateDate>
          <versionCode>00</versionCode>
          <lastSummaryUpdateDate>2014-03-04T22:24:48Z</lastSummaryUpdateDate>
          <name>Introduced in House</name>
          <actionDate>2014-02-11</actionDate>
          <actionDesc>Introduced in House</actionDesc>
          <text><![CDATA[<p>Directs the Secretary of the Senate to correct the enrollment of S. 540 by amending the title.</p>]]></text>
        </item>
        <item>
          <updateDate>2014-02-12T14:08:04Z</updateDate>
          <versionCode>82</versionCode>
          <lastSummaryUpdateDate>2014-03-04T22:26:28Z</lastSummaryUpdateDate>
          <name>Passed Senate without amendment</name>
          <actionDate>2014-02-12</actionDate>
          <actionDesc>Passed Senate without amendment</actionDesc>
          <text><![CDATA[<p><b>(This measure has not been amended since it was introduced. The summary of that version is repeated here.)</b></p> <p>Directs the Secretary of the Senate to correct the enrollment of S. 540 by amending the title.</p>]]></text>
        </item>
      </billSummaries>
    </summaries>
    <recordedVotes />
    <notes />
    <policyArea>
      <name>Congress</name>
    </policyArea>
    <updateDate>2016-10-25T15:54:09Z</updateDate>
    <cosponsors />
    <billNumber>82</billNumber>
    <subjects>
      <billSubjects>
        <policyArea>
          <name>Congress</name>
        </policyArea>
        <legislativeSubjects>
          <item>
            <name>Budget deficits and national debt</name>
          </item>
        </legislativeSubjects>
      </billSubjects>
    </subjects>
    <latestAction>
      <text>Message on Senate action sent to the House.</text>
      <links />
      <actionDate>2014-02-14</actionDate>
    </latestAction>
    <amendments />
    <actions>
      <actionTypeCounts>
        <passedOrAgreedToInSenateDayOf>1</passedOrAgreedToInSenateDayOf>
        <passedAgreedToInSenate>1</passedAgreedToInSenate>
        <sentToHouse>1</sentToHouse>
        <passageOfAMeasure>1</passageOfAMeasure>
        <passedAgreedToInHouse>1</passedAgreedToInHouse>
        <motionToReconsiderResults>1</motionToReconsiderResults>
        <considerationByHouse>1</considerationByHouse>
        <introducedInHouse>1</introducedInHouse>
        <unanimousConsentRequestToConsider>1</unanimousConsentRequestToConsider>
        <introducedInTheHouse>1</introducedInTheHouse>
      </actionTypeCounts>
      <item>
        <actionDate>2014-02-14</actionDate>
        <committee />
        <links />
        <sourceSystem>
          <code>0</code>
          <name>Senate</name>
        </sourceSystem>
        <text>Message on Senate action sent to the House.</text>
        <type>Floor</type>
      </item>
      <item>
        <actionDate>2014-02-12</actionDate>
        <committee />
        <links>
          <link>
            <name>S963</name>
            <url>https://www.congress.gov/congressional-record/volume-160/senate-section/page/S963</url>
          </link>
        </links>
        <sourceSystem>
          <code>0</code>
          <name>Senate</name>
        </sourceSystem>
        <text>Received in the Senate, considered, and agreed to without amendment by Unanimous Consent. (consideration: CR S963)</text>
        <type>Floor</type>
      </item>
      <item>
        <actionDate>2014-02-12</actionDate>
        <text>Passed/agreed to in Senate: Received in the Senate, considered, and agreed to without amendment by Unanimous Consent.(consideration: CR S963)</text>
        <type>Floor</type>
        <committee />
        <links>
          <link>
            <name>S963</name>
            <url>https://www.congress.gov/congressional-record/volume-160/senate-section/page/S963</url>
          </link>
        </links>
        <sourceSystem>
          <code>9</code>
          <name>Library of Congress</name>
        </sourceSystem>
        <actionCode>17000</actionCode>
      </item>
      <item>
        <actionDate>2014-02-11</actionDate>
        <text>Motion to reconsider laid on the table Agreed to without objection.</text>
        <actionTime>17:42:47</actionTime>
        <committee />
        <links />
        <sourceSystem>
          <code>2</code>
          <name>House floor actions</name>
        </sourceSystem>
        <actionCode>H38310</actionCode>
        <type>Floor</type>
      </item>
      <item>
        <actionDate>2014-02-11</actionDate>
        <text>On agreeing to the resolution Agreed to without objection. (text: CR H1759)</text>
        <actionTime>17:42:46</actionTime>
        <committee />
        <links>
          <link>
            <name>H1759</name>
            <url>https://www.congress.gov/congressional-record/volume-160/house-section/page/H1759</url>
          </link>
        </links>
        <sourceSystem>
          <code>2</code>
          <name>House floor actions</name>
        </sourceSystem>
        <actionCode>H37100</actionCode>
        <type>Floor</type>
      </item>
      <item>
        <actionDate>2014-02-11</actionDate>
        <text>Passed/agreed to in House: On agreeing to the resolution Agreed to without objection.(text: CR H1759)</text>
        <actionTime>17:42:46</actionTime>
        <committee />
        <links>
          <link>
            <name>H1759</name>
            <url>https://www.congress.gov/congressional-record/volume-160/house-section/page/H1759</url>
          </link>
        </links>
        <sourceSystem>
          <code>9</code>
          <name>Library of Congress</name>
        </sourceSystem>
        <actionCode>8000</actionCode>
        <type>Floor</type>
      </item>
      <item>
        <actionDate>2014-02-11</actionDate>
        <text>Considered by unanimous consent. (consideration: CR H1759)</text>
        <actionTime>17:42:25</actionTime>
        <committee />
        <links>
          <link>
            <name>H1759</name>
            <url>https://www.congress.gov/congressional-record/volume-160/house-section/page/H1759</url>
          </link>
        </links>
        <sourceSystem>
          <code>2</code>
          <name>House floor actions</name>
        </sourceSystem>
        <actionCode>H30000</actionCode>
        <type>Floor</type>
      </item>
      <item>
        <actionDate>2014-02-11</actionDate>
        <text>Mr. Harper asked unanimous consent to consider as introduced.</text>
        <actionTime>17:42:25</actionTime>
        <committee />
        <links />
        <sourceSystem>
          <code>2</code>
          <name>House floor actions</name>
        </sourceSystem>
        <actionCode>H30200</actionCode>
        <type>Floor</type>
      </item>
      <item>
        <actionDate>2014-02-11</actionDate>
        <text>Introduced in House</text>
        <type>IntroReferral</type>
        <committee />
        <links />
        <sourceSystem>
          <code>9</code>
          <name>Library of Congress</name>
        </sourceSystem>
        <actionCode>Intro-H</actionCode>
      </item>
      <item>
        <actionDate>2014-02-11</actionDate>
        <text>Introduced in House</text>
        <type>IntroReferral</type>
        <committee />
        <links />
        <sourceSystem>
          <code>9</code>
          <name>Library of Congress</name>
        </sourceSystem>
        <actionCode>1000</actionCode>
      </item>
      <actionByCounts>
        <senate>3</senate>
        <houseOfRepresentatives>7</houseOfRepresentatives>
      </actionByCounts>
    </actions>
    <committeeReports />
    <sponsors>
      <item>
        <middleName />
        <district>3</district>
        <fullName>Rep. Harper, Gregg [R-MS-3]</fullName>
        <bioguideId>H001045</bioguideId>
        <firstName>Gregg</firstName>
        <byRequestType />
        <state>MS</state>
        <lastName>Harper</lastName>
        <identifiers>
          <lisID>1933</lisID>
          <gpoId>8021</gpoId>
          <bioguideId>H001045</bioguideId>
        </identifiers>
        <party>R</party>
      </item>
    </sponsors>
    <relatedBills>
      <item>
        <latestTitle>Temporary Debt Limit Extension Act</latestTitle>
        <latestAction>
          <text>Became Public Law No: 113-83.</text>
          <actionDate>2014-02-15</actionDate>
        </latestAction>
        <number>540</number>
        <relationshipDetails>
          <item>
            <identifiedBy>CRS</identifiedBy>
            <type>Related bill</type>
          </item>
        </relationshipDetails>
        <type>S</type>
        <congress>113</congress>
      </item>
    </relatedBills>
    <billType>HCONRES</billType>
  </bill>
  <dublinCore xmlns:dc="http://purl.org/dc/elements/1.1/">
    <dc:format>text/xml</dc:format>
    <dc:language>EN</dc:language>
    <dc:rights>Pursuant to Title 17 Section 105 of the United States Code, this file is not subject to copyright protection and is in the public domain.</dc:rights>
    <dc:contributor>Congressional Research Service, Library of Congress</dc:contributor>
    <dc:description>This file contains bill summaries and statuses for federal legislation. A bill summary describes the most significant provisions of a piece of legislation and details the effects the legislative text may have on current law and federal programs. Bill summaries are authored by the Congressional Research Service (CRS) of the Library of Congress. As stated in Public Law 91-510 (2 USC 166 (d)(6)), one of the duties of CRS is "to prepare summaries and digests of bills and resolutions of a public general nature introduced in the Senate or House of Representatives". For more information, refer to the User Guide that accompanies this file.</dc:description>
  </dublinCore>
</billStatus>

