<?xml version="1.0" encoding="UTF-8"?>
<billStatus>
  <bill>
    <policyArea>
      <name>International Affairs</name>
    </policyArea>
    <constitutionalAuthorityStatementText />
    <sponsors>
      <item>
        <identifiers>
          <lisID>1835</lisID>
          <gpoId>7865</gpoId>
          <bioguideId>P000593</bioguideId>
        </identifiers>
        <district>7</district>
        <byRequestType />
        <fullName>Rep. Perlmutter, Ed [D-CO-7]</fullName>
        <firstName>Ed</firstName>
        <state>CO</state>
        <bioguideId>P000593</bioguideId>
        <middleName />
        <party>D</party>
        <lastName>Perlmutter</lastName>
      </item>
    </sponsors>
    <committeeReports />
    <titles>
      <item>
        <title>Expressing support for designation of a "National Lao-Hmong Recognition Day".</title>
        <parentTitleType />
        <titleType>Official Title as Introduced</titleType>
        <chamberCode />
        <chamberName />
      </item>
      <item>
        <title>Expressing support for designation of a "National Lao-Hmong Recognition Day".</title>
        <parentTitleType />
        <titleType>Display Title</titleType>
        <chamberCode />
        <chamberName />
      </item>
    </titles>
    <laws />
    <createDate>2014-05-22T07:19:33Z</createDate>
    <recordedVotes />
    <billNumber>99</billNumber>
    <originChamber>House</originChamber>
    <committees>
      <billCommittees>
        <item>
          <systemCode>hsgo00</systemCode>
          <name>Oversight and Government Reform Committee</name>
          <activities>
            <item>
              <name>Referred to</name>
              <date>2014-05-21T14:00:32Z</date>
            </item>
          </activities>
          <type>Standing</type>
          <chamber>House</chamber>
          <subcommittees />
        </item>
      </billCommittees>
    </committees>
    <relatedBills>
      <item>
        <latestTitle>A concurrent resolution expressing support for designation of a "National Lao-Hmong Recognition Day".</latestTitle>
        <latestAction>
          <text>Referred to the Committee on Foreign Relations. (text of measure as introduced: CR S5706)</text>
          <actionDate>2014-09-17</actionDate>
        </latestAction>
        <number>43</number>
        <type>SCONRES</type>
        <relationshipDetails>
          <item>
            <type>Identical bill</type>
            <identifiedBy>CRS</identifiedBy>
          </item>
        </relationshipDetails>
        <congress>113</congress>
      </item>
    </relatedBills>
    <updateDate>2016-10-25T15:54:12Z</updateDate>
    <summaries>
      <billSummaries>
        <item>
          <actionDate>2014-05-21</actionDate>
          <actionDesc>Introduced in House</actionDesc>
          <lastSummaryUpdateDate>2014-05-23T14:33:59Z</lastSummaryUpdateDate>
          <versionCode>00</versionCode>
          <updateDate>2014-05-21T04:00:00Z</updateDate>
          <name>Introduced in House</name>
          <text><![CDATA[<p>Supports the designation of National Lao-Hmong Recognition Day.</p>]]></text>
        </item>
      </billSummaries>
    </summaries>
    <congress>113</congress>
    <title>Expressing support for designation of a "National Lao-Hmong Recognition Day".</title>
    <calendarNumbers />
    <actions>
      <actionTypeCounts>
        <introducedInTheHouse>1</introducedInTheHouse>
        <billReferrals>1</billReferrals>
        <introducedInHouse>1</introducedInHouse>
      </actionTypeCounts>
      <actionByCounts>
        <houseOfRepresentatives>3</houseOfRepresentatives>
      </actionByCounts>
      <item>
        <text>Referred to the House Committee on Oversight and Government Reform.</text>
        <sourceSystem>
          <name>House floor actions</name>
          <code>2</code>
        </sourceSystem>
        <committee>
          <name>Oversight and Government Reform Committee</name>
          <systemCode>hsgo00</systemCode>
        </committee>
        <type>IntroReferral</type>
        <links />
        <actionCode>H11100</actionCode>
        <actionDate>2014-05-21</actionDate>
      </item>
      <item>
        <text>Introduced in House</text>
        <sourceSystem>
          <name>Library of Congress</name>
          <code>9</code>
        </sourceSystem>
        <committee />
        <type>IntroReferral</type>
        <links />
        <actionCode>Intro-H</actionCode>
        <actionDate>2014-05-21</actionDate>
      </item>
      <item>
        <text>Introduced in House</text>
        <sourceSystem>
          <name>Library of Congress</name>
          <code>9</code>
        </sourceSystem>
        <committee />
        <type>IntroReferral</type>
        <links />
        <actionCode>1000</actionCode>
        <actionDate>2014-05-21</actionDate>
      </item>
    </actions>
    <amendments />
    <cboCostEstimates />
    <introducedDate>2014-05-21</introducedDate>
    <latestAction>
      <text>Referred to the House Committee on Oversight and Government Reform.</text>
      <actionDate>2014-05-21</actionDate>
      <links />
    </latestAction>
    <subjects>
      <billSubjects>
        <legislativeSubjects>
          <item>
            <name>Asia</name>
          </item>
          <item>
            <name>Commemorative events and holidays</name>
          </item>
          <item>
            <name>Conflicts and wars</name>
          </item>
          <item>
            <name>Laos</name>
          </item>
        </legislativeSubjects>
        <policyArea>
          <name>International Affairs</name>
        </policyArea>
      </billSubjects>
    </subjects>
    <cosponsors>
      <item>
        <fullName>Rep. Moore, Gwen [D-WI-4]</fullName>
        <lastName>Moore</lastName>
        <state>WI</state>
        <identifiers>
          <lisID>1811</lisID>
          <gpoId>8217</gpoId>
          <bioguideId>M001160</bioguideId>
        </identifiers>
        <bioguideId>M001160</bioguideId>
        <sponsorshipDate>2014-05-21</sponsorshipDate>
        <middleName />
        <isOriginalCosponsor>True</isOriginalCosponsor>
        <party>D</party>
        <firstName>Gwen</firstName>
        <district>4</district>
        <sponsorshipWithdrawnDate />
      </item>
      <item>
        <fullName>Rep. Costa, Jim [D-CA-16]</fullName>
        <lastName>Costa</lastName>
        <state>CA</state>
        <identifiers>
          <gpoId>7825</gpoId>
          <lisID>1774</lisID>
          <bioguideId>C001059</bioguideId>
        </identifiers>
        <bioguideId>C001059</bioguideId>
        <sponsorshipDate>2014-05-21</sponsorshipDate>
        <middleName />
        <isOriginalCosponsor>True</isOriginalCosponsor>
        <party>D</party>
        <firstName>Jim</firstName>
        <district>16</district>
        <sponsorshipWithdrawnDate />
      </item>
      <item>
        <fullName>Rep. McCollum, Betty [D-MN-4]</fullName>
        <lastName>MCCOLLUM</lastName>
        <state>MN</state>
        <identifiers>
          <lisID>1653</lisID>
          <gpoId>8004</gpoId>
          <bioguideId>M001143</bioguideId>
        </identifiers>
        <bioguideId>M001143</bioguideId>
        <sponsorshipDate>2014-05-21</sponsorshipDate>
        <middleName />
        <isOriginalCosponsor>True</isOriginalCosponsor>
        <party>D</party>
        <firstName>BETTY</firstName>
        <district>4</district>
        <sponsorshipWithdrawnDate />
      </item>
      <item>
        <fullName>Rep. Ellison, Keith [D-MN-5]</fullName>
        <lastName>Ellison</lastName>
        <state>MN</state>
        <identifiers>
          <gpoId>8005</gpoId>
          <lisID>1857</lisID>
          <bioguideId>E000288</bioguideId>
        </identifiers>
        <bioguideId>E000288</bioguideId>
        <sponsorshipDate>2014-05-21</sponsorshipDate>
        <middleName />
        <isOriginalCosponsor>True</isOriginalCosponsor>
        <party>D</party>
        <firstName>Keith</firstName>
        <district>5</district>
        <sponsorshipWithdrawnDate />
      </item>
      <item>
        <fullName>Rep. Honda, Michael M. [D-CA-17]</fullName>
        <lastName>HONDA</lastName>
        <state>CA</state>
        <identifiers>
          <gpoId>7820</gpoId>
          <lisID>1634</lisID>
          <bioguideId>H001034</bioguideId>
        </identifiers>
        <bioguideId>H001034</bioguideId>
        <sponsorshipDate>2014-05-21</sponsorshipDate>
        <middleName>M.</middleName>
        <isOriginalCosponsor>True</isOriginalCosponsor>
        <party>D</party>
        <firstName>MICHAEL</firstName>
        <district>17</district>
        <sponsorshipWithdrawnDate />
      </item>
      <item>
        <fullName>Rep. Bordallo, Madeleine Z. [D-GU-At Large]</fullName>
        <lastName>Bordallo</lastName>
        <state>GU</state>
        <identifiers>
          <bioguideId>B001245</bioguideId>
          <lisID>1723</lisID>
          <gpoId>7911</gpoId>
        </identifiers>
        <bioguideId>B001245</bioguideId>
        <sponsorshipDate>2014-05-21</sponsorshipDate>
        <middleName>Z.</middleName>
        <isOriginalCosponsor>True</isOriginalCosponsor>
        <party>D</party>
        <firstName>Madeleine</firstName>
        <district>0</district>
        <sponsorshipWithdrawnDate />
      </item>
      <item>
        <fullName>Rep. Pocan, Mark [D-WI-2]</fullName>
        <lastName>Pocan</lastName>
        <state>WI</state>
        <identifiers>
          <lisID>2171</lisID>
          <bioguideId>P000607</bioguideId>
          <gpoId />
        </identifiers>
        <bioguideId>P000607</bioguideId>
        <sponsorshipDate>2014-05-21</sponsorshipDate>
        <middleName />
        <isOriginalCosponsor>True</isOriginalCosponsor>
        <party>D</party>
        <firstName>Mark</firstName>
        <district>2</district>
        <sponsorshipWithdrawnDate />
      </item>
      <item>
        <fullName>Rep. Kind, Ron [D-WI-3]</fullName>
        <lastName>KIND</lastName>
        <state>WI</state>
        <identifiers>
          <gpoId>8216</gpoId>
          <lisID>1498</lisID>
          <bioguideId>K000188</bioguideId>
        </identifiers>
        <bioguideId>K000188</bioguideId>
        <sponsorshipDate>2014-05-21</sponsorshipDate>
        <middleName />
        <isOriginalCosponsor>True</isOriginalCosponsor>
        <party>D</party>
        <firstName>RON</firstName>
        <district>3</district>
        <sponsorshipWithdrawnDate />
      </item>
      <item>
        <fullName>Rep. Duffy, Sean P. [R-WI-7]</fullName>
        <lastName>Duffy</lastName>
        <state>WI</state>
        <identifiers>
          <bioguideId>D000614</bioguideId>
          <lisID>2072</lisID>
          <gpoId>8220</gpoId>
        </identifiers>
        <bioguideId>D000614</bioguideId>
        <sponsorshipDate>2014-05-21</sponsorshipDate>
        <middleName>P.</middleName>
        <isOriginalCosponsor>True</isOriginalCosponsor>
        <party>R</party>
        <firstName>Sean</firstName>
        <district>7</district>
        <sponsorshipWithdrawnDate />
      </item>
    </cosponsors>
    <notes />
    <billType>HCONRES</billType>
  </bill>
  <dublinCore xmlns:dc="http://purl.org/dc/elements/1.1/">
    <dc:format>text/xml</dc:format>
    <dc:language>EN</dc:language>
    <dc:rights>Pursuant to Title 17 Section 105 of the United States Code, this file is not subject to copyright protection and is in the public domain.</dc:rights>
    <dc:contributor>Congressional Research Service, Library of Congress</dc:contributor>
    <dc:description>This file contains bill summaries and statuses for federal legislation. A bill summary describes the most significant provisions of a piece of legislation and details the effects the legislative text may have on current law and federal programs. Bill summaries are authored by the Congressional Research Service (CRS) of the Library of Congress. As stated in Public Law 91-510 (2 USC 166 (d)(6)), one of the duties of CRS is "to prepare summaries and digests of bills and resolutions of a public general nature introduced in the Senate or House of Representatives". For more information, refer to the User Guide that accompanies this file.</dc:description>
  </dublinCore>
</billStatus>

