<?xml version="1.0" encoding="UTF-8"?>
<billStatus>
  <bill>
    <committees>
      <billCommittees>
        <item>
          <systemCode>hsfa00</systemCode>
          <name>Foreign Affairs Committee</name>
          <activities>
            <item>
              <name>Referred to</name>
              <date>2014-07-23T14:01:35Z</date>
            </item>
          </activities>
          <type>Standing</type>
          <chamber>House</chamber>
          <subcommittees />
        </item>
      </billCommittees>
    </committees>
    <introducedDate>2014-07-23</introducedDate>
    <congress>113</congress>
    <laws />
    <calendarNumbers />
    <originChamber>House</originChamber>
    <constitutionalAuthorityStatementText />
    <titles>
      <item>
        <chamberName />
        <titleType>Official Title as Introduced</titleType>
        <parentTitleType />
        <title>Expressing the sense of Congress relating to extending the interim agreement with the Government of Iran regarding its nuclear program.</title>
        <chamberCode />
      </item>
      <item>
        <chamberName />
        <titleType>Display Title</titleType>
        <parentTitleType />
        <title>Expressing the sense of Congress relating to extending the interim agreement with the Government of Iran regarding its nuclear program.</title>
        <chamberCode />
      </item>
    </titles>
    <createDate>2014-07-24T05:02:13Z</createDate>
    <title>Expressing the sense of Congress relating to extending the interim agreement with the Government of Iran regarding its nuclear program.</title>
    <cboCostEstimates />
    <summaries>
      <billSummaries>
        <item>
          <actionDate>2014-07-23</actionDate>
          <actionDesc>Introduced in House</actionDesc>
          <lastSummaryUpdateDate>2014-07-24T20:55:19Z</lastSummaryUpdateDate>
          <versionCode>00</versionCode>
          <updateDate>2014-07-23T04:00:00Z</updateDate>
          <name>Introduced in House</name>
          <text><![CDATA[<p>Urges the President, the Secretary of State, and world leaders to: (1) express support for the universal rights and freedoms of the people of Iran; and (2) prevent Iran's support for terrorist groups, including Hamas and Hezbollah.</p>]]></text>
        </item>
      </billSummaries>
    </summaries>
    <recordedVotes />
    <notes />
    <policyArea>
      <name>International Affairs</name>
    </policyArea>
    <updateDate>2016-10-25T15:54:13Z</updateDate>
    <cosponsors>
      <item>
        <state>IL</state>
        <fullName>Rep. Lipinski, Daniel [D-IL-3]</fullName>
        <district>3</district>
        <sponsorshipWithdrawnDate />
        <party>D</party>
        <identifiers>
          <lisID>1781</lisID>
          <gpoId>7923</gpoId>
          <bioguideId>L000563</bioguideId>
        </identifiers>
        <middleName>William</middleName>
        <bioguideId>L000563</bioguideId>
        <firstName>Daniel</firstName>
        <lastName>Lipinski</lastName>
        <isOriginalCosponsor>True</isOriginalCosponsor>
        <sponsorshipDate>2014-07-23</sponsorshipDate>
      </item>
      <item>
        <state>TX</state>
        <fullName>Rep. Weber, Randy K. Sr. [R-TX-14]</fullName>
        <district>14</district>
        <sponsorshipWithdrawnDate />
        <party>R</party>
        <identifiers>
          <bioguideId>W000814</bioguideId>
          <gpoId />
          <lisID>2161</lisID>
        </identifiers>
        <middleName>K.</middleName>
        <bioguideId>W000814</bioguideId>
        <firstName>Randy</firstName>
        <lastName>Weber</lastName>
        <isOriginalCosponsor>False</isOriginalCosponsor>
        <sponsorshipDate>2014-07-29</sponsorshipDate>
      </item>
      <item>
        <state>IA</state>
        <fullName>Rep. King, Steve [R-IA-4]</fullName>
        <district>4</district>
        <sponsorshipWithdrawnDate />
        <party>R</party>
        <identifiers>
          <lisID>1724</lisID>
          <gpoId>7918</gpoId>
          <bioguideId>K000362</bioguideId>
        </identifiers>
        <middleName />
        <bioguideId>K000362</bioguideId>
        <firstName>Steve</firstName>
        <lastName>King</lastName>
        <isOriginalCosponsor>False</isOriginalCosponsor>
        <sponsorshipDate>2014-07-29</sponsorshipDate>
      </item>
      <item>
        <state>AR</state>
        <fullName>Rep. Cotton, Tom [R-AR-4]</fullName>
        <district>4</district>
        <sponsorshipWithdrawnDate />
        <party>R</party>
        <identifiers>
          <gpoId />
          <lisID>2098</lisID>
          <bioguideId>C001095</bioguideId>
        </identifiers>
        <middleName />
        <bioguideId>C001095</bioguideId>
        <firstName>Tom</firstName>
        <lastName>Cotton</lastName>
        <isOriginalCosponsor>False</isOriginalCosponsor>
        <sponsorshipDate>2014-07-29</sponsorshipDate>
      </item>
      <item>
        <state>CO</state>
        <fullName>Rep. Lamborn, Doug [R-CO-5]</fullName>
        <district>5</district>
        <sponsorshipWithdrawnDate />
        <party>R</party>
        <identifiers>
          <lisID>1834</lisID>
          <bioguideId>L000564</bioguideId>
          <gpoId>7863</gpoId>
        </identifiers>
        <middleName />
        <bioguideId>L000564</bioguideId>
        <firstName>Doug</firstName>
        <lastName>Lamborn</lastName>
        <isOriginalCosponsor>False</isOriginalCosponsor>
        <sponsorshipDate>2014-07-29</sponsorshipDate>
      </item>
      <item>
        <state>MN</state>
        <fullName>Rep. Bachmann, Michele [R-MN-6]</fullName>
        <district>6</district>
        <sponsorshipWithdrawnDate />
        <party>R</party>
        <identifiers>
          <bioguideId>B001256</bioguideId>
          <lisID>1858</lisID>
          <gpoId>8006</gpoId>
        </identifiers>
        <middleName />
        <bioguideId>B001256</bioguideId>
        <firstName>Michele</firstName>
        <lastName>Bachmann</lastName>
        <isOriginalCosponsor>False</isOriginalCosponsor>
        <sponsorshipDate>2014-07-29</sponsorshipDate>
      </item>
      <item>
        <state>OH</state>
        <fullName>Rep. Latta, Robert E. [R-OH-5]</fullName>
        <district>5</district>
        <sponsorshipWithdrawnDate />
        <party>R</party>
        <identifiers>
          <gpoId>8095</gpoId>
          <lisID>1885</lisID>
          <bioguideId>L000566</bioguideId>
        </identifiers>
        <middleName>E.</middleName>
        <bioguideId>L000566</bioguideId>
        <firstName>Robert</firstName>
        <lastName>Latta</lastName>
        <isOriginalCosponsor>False</isOriginalCosponsor>
        <sponsorshipDate>2014-07-29</sponsorshipDate>
      </item>
      <item>
        <state>OH</state>
        <fullName>Rep. Johnson, Bill [R-OH-6]</fullName>
        <district>6</district>
        <sponsorshipWithdrawnDate />
        <party>R</party>
        <identifiers>
          <bioguideId>J000292</bioguideId>
          <lisID>2046</lisID>
          <gpoId>8096</gpoId>
        </identifiers>
        <middleName />
        <bioguideId>J000292</bioguideId>
        <firstName>Bill</firstName>
        <lastName>Johnson</lastName>
        <isOriginalCosponsor>False</isOriginalCosponsor>
        <sponsorshipDate>2014-07-31</sponsorshipDate>
      </item>
      <item>
        <state>NJ</state>
        <fullName>Rep. Lance, Leonard [R-NJ-7]</fullName>
        <district>7</district>
        <sponsorshipWithdrawnDate />
        <party>R</party>
        <identifiers>
          <bioguideId>L000567</bioguideId>
          <lisID>1936</lisID>
          <gpoId>8049</gpoId>
        </identifiers>
        <middleName />
        <bioguideId>L000567</bioguideId>
        <firstName>Leonard</firstName>
        <lastName>Lance</lastName>
        <isOriginalCosponsor>False</isOriginalCosponsor>
        <sponsorshipDate>2014-07-31</sponsorshipDate>
      </item>
    </cosponsors>
    <billNumber>109</billNumber>
    <subjects>
      <billSubjects>
        <policyArea>
          <name>International Affairs</name>
        </policyArea>
        <legislativeSubjects>
          <item>
            <name>Arms control and nonproliferation</name>
          </item>
          <item>
            <name>Congressional-executive branch relations</name>
          </item>
          <item>
            <name>Human rights</name>
          </item>
          <item>
            <name>International law and treaties</name>
          </item>
          <item>
            <name>Iran</name>
          </item>
          <item>
            <name>Israel</name>
          </item>
          <item>
            <name>Middle East</name>
          </item>
          <item>
            <name>Nuclear weapons</name>
          </item>
          <item>
            <name>Political movements and philosophies</name>
          </item>
          <item>
            <name>Sanctions</name>
          </item>
          <item>
            <name>Terrorism</name>
          </item>
          <item>
            <name>Trade restrictions</name>
          </item>
        </legislativeSubjects>
      </billSubjects>
    </subjects>
    <latestAction>
      <text>Referred to the House Committee on Foreign Affairs.</text>
      <links />
      <actionDate>2014-07-23</actionDate>
    </latestAction>
    <amendments />
    <actions>
      <actionTypeCounts>
        <billReferrals>1</billReferrals>
        <introducedInTheHouse>1</introducedInTheHouse>
        <introducedInHouse>1</introducedInHouse>
      </actionTypeCounts>
      <item>
        <actionDate>2014-07-23</actionDate>
        <sourceSystem>
          <code>2</code>
          <name>House floor actions</name>
        </sourceSystem>
        <text>Referred to the House Committee on Foreign Affairs.</text>
        <type>IntroReferral</type>
        <links />
        <actionCode>H11100</actionCode>
        <committee>
          <name>Foreign Affairs Committee</name>
          <systemCode>hsfa00</systemCode>
        </committee>
      </item>
      <item>
        <actionDate>2014-07-23</actionDate>
        <sourceSystem>
          <code>9</code>
          <name>Library of Congress</name>
        </sourceSystem>
        <text>Introduced in House</text>
        <type>IntroReferral</type>
        <links />
        <actionCode>Intro-H</actionCode>
        <committee />
      </item>
      <item>
        <actionDate>2014-07-23</actionDate>
        <sourceSystem>
          <code>9</code>
          <name>Library of Congress</name>
        </sourceSystem>
        <text>Introduced in House</text>
        <type>IntroReferral</type>
        <links />
        <actionCode>1000</actionCode>
        <committee />
      </item>
      <actionByCounts>
        <houseOfRepresentatives>3</houseOfRepresentatives>
      </actionByCounts>
    </actions>
    <committeeReports />
    <sponsors>
      <item>
        <middleName />
        <district>8</district>
        <fullName>Rep. Franks, Trent [R-AZ-8]</fullName>
        <bioguideId>F000448</bioguideId>
        <firstName>Trent</firstName>
        <byRequestType />
        <state>AZ</state>
        <lastName>Franks</lastName>
        <identifiers>
          <bioguideId>F000448</bioguideId>
          <lisID>1707</lisID>
          <gpoId>7799</gpoId>
        </identifiers>
        <party>R</party>
      </item>
    </sponsors>
    <relatedBills />
    <billType>HCONRES</billType>
  </bill>
  <dublinCore xmlns:dc="http://purl.org/dc/elements/1.1/">
    <dc:format>text/xml</dc:format>
    <dc:language>EN</dc:language>
    <dc:rights>Pursuant to Title 17 Section 105 of the United States Code, this file is not subject to copyright protection and is in the public domain.</dc:rights>
    <dc:contributor>Congressional Research Service, Library of Congress</dc:contributor>
    <dc:description>This file contains bill summaries and statuses for federal legislation. A bill summary describes the most significant provisions of a piece of legislation and details the effects the legislative text may have on current law and federal programs. Bill summaries are authored by the Congressional Research Service (CRS) of the Library of Congress. As stated in Public Law 91-510 (2 USC 166 (d)(6)), one of the duties of CRS is "to prepare summaries and digests of bills and resolutions of a public general nature introduced in the Senate or House of Representatives". For more information, refer to the User Guide that accompanies this file.</dc:description>
  </dublinCore>
</billStatus>

