<?xml version="1.0" encoding="UTF-8"?>
<billStatus>
  <bill>
    <latestAction>
      <text>Referred to the Subcommittee on the Constitution And Civil Justice.</text>
      <links />
      <actionDate>2013-04-15</actionDate>
    </latestAction>
    <policyArea>
      <name>Civil Rights and Liberties, Minority Issues</name>
    </policyArea>
    <amendments />
    <relatedBills>
      <item>
        <latestAction>
          <actionDate>2014-03-20</actionDate>
          <text>Referred to the Subcommittee on the Constitution and Civil Justice.</text>
        </latestAction>
        <number>84</number>
        <congress>113</congress>
        <type>HCONRES</type>
        <latestTitle>Honoring and praising the National Association for the Advancement of Colored People on the occasion of its 105th anniversary.</latestTitle>
        <relationshipDetails>
          <item>
            <identifiedBy>CRS</identifiedBy>
            <type>Related bill</type>
          </item>
        </relationshipDetails>
      </item>
    </relatedBills>
    <billNumber>12</billNumber>
    <updateDate>2016-10-25T15:54:00Z</updateDate>
    <cboCostEstimates />
    <sponsors>
      <item>
        <fullName>Rep. Green, Al [D-TX-9]</fullName>
        <firstName>Al</firstName>
        <district>9</district>
        <lastName>Green</lastName>
        <byRequestType />
        <identifiers>
          <lisID>1803</lisID>
          <gpoId>8165</gpoId>
          <bioguideId>G000553</bioguideId>
        </identifiers>
        <middleName />
        <party>D</party>
        <state>TX</state>
        <bioguideId>G000553</bioguideId>
      </item>
    </sponsors>
    <notes />
    <originChamber>House</originChamber>
    <subjects>
      <billSubjects>
        <policyArea>
          <name>Civil Rights and Liberties, Minority Issues</name>
        </policyArea>
        <legislativeSubjects>
          <item>
            <name>Commemorative events and holidays</name>
          </item>
          <item>
            <name>Congressional tributes</name>
          </item>
          <item>
            <name>Racial and ethnic relations</name>
          </item>
        </legislativeSubjects>
      </billSubjects>
    </subjects>
    <cosponsors>
      <item>
        <firstName>Karen</firstName>
        <sponsorshipWithdrawnDate />
        <identifiers>
          <lisID>1996</lisID>
          <gpoId>7838</gpoId>
          <bioguideId>B001270</bioguideId>
        </identifiers>
        <party>D</party>
        <isOriginalCosponsor>True</isOriginalCosponsor>
        <fullName>Rep. Bass, Karen [D-CA-37]</fullName>
        <middleName />
        <sponsorshipDate>2013-02-12</sponsorshipDate>
        <bioguideId>B001270</bioguideId>
        <district>37</district>
        <state>CA</state>
        <lastName>Bass</lastName>
      </item>
      <item>
        <firstName>Joyce</firstName>
        <sponsorshipWithdrawnDate />
        <identifiers>
          <gpoId />
          <lisID>2153</lisID>
          <bioguideId>B001281</bioguideId>
        </identifiers>
        <party>D</party>
        <isOriginalCosponsor>True</isOriginalCosponsor>
        <fullName>Rep. Beatty, Joyce [D-OH-3]</fullName>
        <middleName />
        <sponsorshipDate>2013-02-12</sponsorshipDate>
        <bioguideId>B001281</bioguideId>
        <district>3</district>
        <state>OH</state>
        <lastName>Beatty</lastName>
      </item>
      <item>
        <firstName>SANFORD</firstName>
        <sponsorshipWithdrawnDate />
        <identifiers>
          <lisID>91</lisID>
          <gpoId>7899</gpoId>
          <bioguideId>B000490</bioguideId>
        </identifiers>
        <party>D</party>
        <isOriginalCosponsor>True</isOriginalCosponsor>
        <fullName>Rep. Bishop, Sanford D., Jr. [D-GA-2]</fullName>
        <middleName>D.</middleName>
        <sponsorshipDate>2013-02-12</sponsorshipDate>
        <bioguideId>B000490</bioguideId>
        <district>2</district>
        <state>GA</state>
        <lastName>BISHOP</lastName>
      </item>
      <item>
        <firstName>CORRINE</firstName>
        <sponsorshipWithdrawnDate />
        <identifiers>
          <gpoId>7875</gpoId>
          <lisID>132</lisID>
          <bioguideId>B000911</bioguideId>
        </identifiers>
        <party>D</party>
        <isOriginalCosponsor>True</isOriginalCosponsor>
        <fullName>Rep. Brown, Corrine [D-FL-5]</fullName>
        <middleName />
        <sponsorshipDate>2013-02-12</sponsorshipDate>
        <bioguideId>B000911</bioguideId>
        <district>5</district>
        <state>FL</state>
        <lastName>BROWN</lastName>
      </item>
      <item>
        <firstName>Andre</firstName>
        <sponsorshipWithdrawnDate />
        <identifiers>
          <lisID>1889</lisID>
          <gpoId>7946</gpoId>
          <bioguideId>C001072</bioguideId>
        </identifiers>
        <party>D</party>
        <isOriginalCosponsor>True</isOriginalCosponsor>
        <fullName>Rep. Carson, Andre [D-IN-7]</fullName>
        <middleName />
        <sponsorshipDate>2013-02-12</sponsorshipDate>
        <bioguideId>C001072</bioguideId>
        <district>7</district>
        <state>IN</state>
        <lastName>Carson</lastName>
      </item>
      <item>
        <firstName>Yvette</firstName>
        <sponsorshipWithdrawnDate />
        <identifiers>
          <bioguideId>C001067</bioguideId>
          <lisID>1864</lisID>
          <gpoId>8072</gpoId>
        </identifiers>
        <party>D</party>
        <isOriginalCosponsor>True</isOriginalCosponsor>
        <fullName>Rep. Clarke, Yvette D. [D-NY-9]</fullName>
        <middleName>D.</middleName>
        <sponsorshipDate>2013-02-12</sponsorshipDate>
        <bioguideId>C001067</bioguideId>
        <district>9</district>
        <state>NY</state>
        <lastName>Clarke</lastName>
      </item>
      <item>
        <firstName>WM.</firstName>
        <sponsorshipWithdrawnDate />
        <identifiers>
          <lisID>1654</lisID>
          <gpoId>8009</gpoId>
          <bioguideId>C001049</bioguideId>
        </identifiers>
        <party>D</party>
        <isOriginalCosponsor>True</isOriginalCosponsor>
        <fullName>Rep. Clay, Wm. Lacy [D-MO-1]</fullName>
        <middleName>LACY</middleName>
        <sponsorshipDate>2013-02-12</sponsorshipDate>
        <bioguideId>C001049</bioguideId>
        <district>1</district>
        <state>MO</state>
        <lastName>CLAY</lastName>
      </item>
      <item>
        <firstName>Emanuel</firstName>
        <sponsorshipWithdrawnDate />
        <identifiers>
          <gpoId>8013</gpoId>
          <lisID>1790</lisID>
          <bioguideId>C001061</bioguideId>
        </identifiers>
        <party>D</party>
        <isOriginalCosponsor>True</isOriginalCosponsor>
        <fullName>Rep. Cleaver, Emanuel [D-MO-5]</fullName>
        <middleName />
        <sponsorshipDate>2013-02-12</sponsorshipDate>
        <bioguideId>C001061</bioguideId>
        <district>5</district>
        <state>MO</state>
        <lastName>Cleaver</lastName>
      </item>
      <item>
        <firstName>JAMES</firstName>
        <sponsorshipWithdrawnDate />
        <identifiers>
          <gpoId>8146</gpoId>
          <lisID>208</lisID>
          <bioguideId>C000537</bioguideId>
        </identifiers>
        <party>D</party>
        <isOriginalCosponsor>True</isOriginalCosponsor>
        <fullName>Rep. Clyburn, James E. [D-SC-6]</fullName>
        <middleName>E.</middleName>
        <sponsorshipDate>2013-02-12</sponsorshipDate>
        <bioguideId>C000537</bioguideId>
        <district>6</district>
        <state>SC</state>
        <lastName>CLYBURN</lastName>
      </item>
      <item>
        <firstName>JOHN</firstName>
        <sponsorshipWithdrawnDate />
        <identifiers>
          <lisID>229</lisID>
          <bioguideId>C000714</bioguideId>
          <gpoId>7999</gpoId>
        </identifiers>
        <party>D</party>
        <isOriginalCosponsor>True</isOriginalCosponsor>
        <fullName>Rep. Conyers, John, Jr. [D-MI-13]</fullName>
        <middleName />
        <sponsorshipDate>2013-02-12</sponsorshipDate>
        <bioguideId>C000714</bioguideId>
        <district>13</district>
        <state>MI</state>
        <lastName>CONYERS</lastName>
      </item>
      <item>
        <firstName>ELIJAH</firstName>
        <sponsorshipWithdrawnDate />
        <identifiers>
          <lisID>256</lisID>
          <bioguideId>C000984</bioguideId>
          <gpoId>7982</gpoId>
        </identifiers>
        <party>D</party>
        <isOriginalCosponsor>True</isOriginalCosponsor>
        <fullName>Rep. Cummings, Elijah E. [D-MD-7]</fullName>
        <middleName>E.</middleName>
        <sponsorshipDate>2013-02-12</sponsorshipDate>
        <bioguideId>C000984</bioguideId>
        <district>7</district>
        <state>MD</state>
        <lastName>CUMMINGS</lastName>
      </item>
      <item>
        <firstName>DANNY</firstName>
        <sponsorshipWithdrawnDate />
        <identifiers>
          <lisID>1477</lisID>
          <gpoId>7927</gpoId>
          <bioguideId>D000096</bioguideId>
        </identifiers>
        <party>D</party>
        <isOriginalCosponsor>True</isOriginalCosponsor>
        <fullName>Rep. Davis, Danny K. [D-IL-7]</fullName>
        <middleName>K.</middleName>
        <sponsorshipDate>2013-02-12</sponsorshipDate>
        <bioguideId>D000096</bioguideId>
        <district>7</district>
        <state>IL</state>
        <lastName>DAVIS</lastName>
      </item>
      <item>
        <firstName>Donna</firstName>
        <sponsorshipWithdrawnDate />
        <identifiers>
          <bioguideId>E000290</bioguideId>
          <lisID>1894</lisID>
          <gpoId>7979</gpoId>
        </identifiers>
        <party>D</party>
        <isOriginalCosponsor>True</isOriginalCosponsor>
        <fullName>Rep. Edwards, Donna F. [D-MD-4]</fullName>
        <middleName>F.</middleName>
        <sponsorshipDate>2013-02-12</sponsorshipDate>
        <bioguideId>E000290</bioguideId>
        <district>4</district>
        <state>MD</state>
        <lastName>Edwards</lastName>
      </item>
      <item>
        <firstName>Marcia</firstName>
        <sponsorshipWithdrawnDate />
        <identifiers>
          <lisID>1895</lisID>
          <gpoId>8101</gpoId>
          <bioguideId>F000455</bioguideId>
        </identifiers>
        <party>D</party>
        <isOriginalCosponsor>True</isOriginalCosponsor>
        <fullName>Rep. Fudge, Marcia L. [D-OH-11]</fullName>
        <middleName>L.</middleName>
        <sponsorshipDate>2013-02-12</sponsorshipDate>
        <bioguideId>F000455</bioguideId>
        <district>11</district>
        <state>OH</state>
        <lastName>Fudge</lastName>
      </item>
      <item>
        <firstName>ALCEE</firstName>
        <sponsorshipWithdrawnDate />
        <identifiers>
          <lisID>511</lisID>
          <gpoId>7895</gpoId>
          <bioguideId>H000324</bioguideId>
        </identifiers>
        <party>D</party>
        <isOriginalCosponsor>True</isOriginalCosponsor>
        <fullName>Rep. Hastings, Alcee L. [D-FL-20]</fullName>
        <middleName>L.</middleName>
        <sponsorshipDate>2013-02-12</sponsorshipDate>
        <bioguideId>H000324</bioguideId>
        <district>20</district>
        <state>FL</state>
        <lastName>HASTINGS</lastName>
      </item>
      <item>
        <firstName>RUBEN</firstName>
        <sponsorshipWithdrawnDate />
        <identifiers>
          <lisID>1490</lisID>
          <gpoId>8171</gpoId>
          <bioguideId>H000636</bioguideId>
        </identifiers>
        <party>D</party>
        <isOriginalCosponsor>True</isOriginalCosponsor>
        <fullName>Rep. Hinojosa, Ruben [D-TX-15]</fullName>
        <middleName />
        <sponsorshipDate>2013-02-12</sponsorshipDate>
        <bioguideId>H000636</bioguideId>
        <district>15</district>
        <state>TX</state>
        <lastName>HINOJOSA</lastName>
      </item>
      <item>
        <firstName>MICHAEL</firstName>
        <sponsorshipWithdrawnDate />
        <identifiers>
          <lisID>1634</lisID>
          <gpoId>7820</gpoId>
          <bioguideId>H001034</bioguideId>
        </identifiers>
        <party>D</party>
        <isOriginalCosponsor>True</isOriginalCosponsor>
        <fullName>Rep. Honda, Michael M. [D-CA-17]</fullName>
        <middleName>M.</middleName>
        <sponsorshipDate>2013-02-12</sponsorshipDate>
        <bioguideId>H001034</bioguideId>
        <district>17</district>
        <state>CA</state>
        <lastName>HONDA</lastName>
      </item>
      <item>
        <firstName>SHEILA</firstName>
        <sponsorshipWithdrawnDate />
        <identifiers>
          <bioguideId>J000032</bioguideId>
          <lisID>588</lisID>
          <gpoId>8174</gpoId>
        </identifiers>
        <party>D</party>
        <isOriginalCosponsor>True</isOriginalCosponsor>
        <fullName>Rep. Jackson Lee, Sheila [D-TX-18]</fullName>
        <middleName />
        <sponsorshipDate>2013-02-12</sponsorshipDate>
        <bioguideId>J000032</bioguideId>
        <district>18</district>
        <state>TX</state>
        <lastName>JACKSON LEE</lastName>
      </item>
      <item>
        <firstName>Hakeem</firstName>
        <sponsorshipWithdrawnDate />
        <identifiers>
          <lisID>2149</lisID>
          <gpoId />
          <bioguideId>J000294</bioguideId>
        </identifiers>
        <party>D</party>
        <isOriginalCosponsor>True</isOriginalCosponsor>
        <fullName>Rep. Jeffries, Hakeem S. [D-NY-8]</fullName>
        <middleName>S.</middleName>
        <sponsorshipDate>2013-02-12</sponsorshipDate>
        <bioguideId>J000294</bioguideId>
        <district>8</district>
        <state>NY</state>
        <lastName>Jeffries</lastName>
      </item>
      <item>
        <firstName>EDDIE</firstName>
        <sponsorshipWithdrawnDate />
        <identifiers>
          <bioguideId>J000126</bioguideId>
          <lisID>599</lisID>
          <gpoId>8186</gpoId>
        </identifiers>
        <party>D</party>
        <isOriginalCosponsor>True</isOriginalCosponsor>
        <fullName>Rep. Johnson, Eddie Bernice [D-TX-30]</fullName>
        <middleName>BERNICE</middleName>
        <sponsorshipDate>2013-02-12</sponsorshipDate>
        <bioguideId>J000126</bioguideId>
        <district>30</district>
        <state>TX</state>
        <lastName>JOHNSON</lastName>
      </item>
      <item>
        <firstName>Henry</firstName>
        <sponsorshipWithdrawnDate />
        <identifiers>
          <bioguideId>J000288</bioguideId>
          <lisID>1843</lisID>
          <gpoId>7901</gpoId>
        </identifiers>
        <party>D</party>
        <isOriginalCosponsor>True</isOriginalCosponsor>
        <fullName>Rep. Johnson, Henry C. "Hank," Jr. [D-GA-4]</fullName>
        <middleName>C. "Hank"</middleName>
        <sponsorshipDate>2013-02-12</sponsorshipDate>
        <bioguideId>J000288</bioguideId>
        <district>4</district>
        <state>GA</state>
        <lastName>Johnson</lastName>
      </item>
      <item>
        <firstName>BARBARA</firstName>
        <sponsorshipWithdrawnDate />
        <identifiers>
          <bioguideId>L000551</bioguideId>
          <gpoId>7814</gpoId>
          <lisID>1501</lisID>
        </identifiers>
        <party>D</party>
        <isOriginalCosponsor>True</isOriginalCosponsor>
        <fullName>Rep. Lee, Barbara [D-CA-13]</fullName>
        <middleName />
        <sponsorshipDate>2013-02-12</sponsorshipDate>
        <bioguideId>L000551</bioguideId>
        <district>13</district>
        <state>CA</state>
        <lastName>LEE</lastName>
      </item>
      <item>
        <firstName>JOHN</firstName>
        <sponsorshipWithdrawnDate />
        <identifiers>
          <lisID>688</lisID>
          <gpoId>7902</gpoId>
          <bioguideId>L000287</bioguideId>
        </identifiers>
        <party>D</party>
        <isOriginalCosponsor>True</isOriginalCosponsor>
        <fullName>Rep. Lewis, John [D-GA-5]</fullName>
        <middleName />
        <sponsorshipDate>2013-02-12</sponsorshipDate>
        <bioguideId>L000287</bioguideId>
        <district>5</district>
        <state>GA</state>
        <lastName>LEWIS</lastName>
      </item>
      <item>
        <firstName>GREGORY</firstName>
        <sponsorshipWithdrawnDate />
        <identifiers>
          <lisID>1506</lisID>
          <gpoId>8067</gpoId>
          <bioguideId>M001137</bioguideId>
        </identifiers>
        <party>D</party>
        <isOriginalCosponsor>True</isOriginalCosponsor>
        <fullName>Rep. Meeks, Gregory W. [D-NY-5]</fullName>
        <middleName>W.</middleName>
        <sponsorshipDate>2013-02-12</sponsorshipDate>
        <bioguideId>M001137</bioguideId>
        <district>5</district>
        <state>NY</state>
        <lastName>MEEKS</lastName>
      </item>
      <item>
        <firstName>Gwen</firstName>
        <sponsorshipWithdrawnDate />
        <identifiers>
          <lisID>1811</lisID>
          <gpoId>8217</gpoId>
          <bioguideId>M001160</bioguideId>
        </identifiers>
        <party>D</party>
        <isOriginalCosponsor>True</isOriginalCosponsor>
        <fullName>Rep. Moore, Gwen [D-WI-4]</fullName>
        <middleName />
        <sponsorshipDate>2013-02-12</sponsorshipDate>
        <bioguideId>M001160</bioguideId>
        <district>4</district>
        <state>WI</state>
        <lastName>Moore</lastName>
      </item>
      <item>
        <firstName>ELEANOR</firstName>
        <sponsorshipWithdrawnDate />
        <identifiers>
          <gpoId>7871</gpoId>
          <lisID>868</lisID>
          <bioguideId>N000147</bioguideId>
        </identifiers>
        <party>D</party>
        <isOriginalCosponsor>True</isOriginalCosponsor>
        <fullName>Rep. Norton, Eleanor Holmes [D-DC-At Large]</fullName>
        <middleName>HOLMES</middleName>
        <sponsorshipDate>2013-02-12</sponsorshipDate>
        <bioguideId>N000147</bioguideId>
        <district>0</district>
        <state>DC</state>
        <lastName>NORTON</lastName>
      </item>
      <item>
        <firstName>ED</firstName>
        <sponsorshipWithdrawnDate />
        <identifiers>
          <lisID>893</lisID>
          <bioguideId>P000099</bioguideId>
          <gpoId>7801</gpoId>
        </identifiers>
        <party>D</party>
        <isOriginalCosponsor>True</isOriginalCosponsor>
        <fullName>Rep. Pastor, Ed [D-AZ-7]</fullName>
        <middleName />
        <sponsorshipDate>2013-02-12</sponsorshipDate>
        <bioguideId>P000099</bioguideId>
        <district>7</district>
        <state>AZ</state>
        <lastName>PASTOR</lastName>
      </item>
      <item>
        <firstName>Donald</firstName>
        <sponsorshipWithdrawnDate />
        <identifiers>
          <gpoId>8373</gpoId>
          <lisID>2097</lisID>
          <bioguideId>P000604</bioguideId>
        </identifiers>
        <party>D</party>
        <isOriginalCosponsor>True</isOriginalCosponsor>
        <fullName>Rep. Payne, Donald M., Jr. [D-NJ-10]</fullName>
        <middleName>M.</middleName>
        <sponsorshipDate>2013-02-12</sponsorshipDate>
        <bioguideId>P000604</bioguideId>
        <district>10</district>
        <state>NJ</state>
        <lastName>Payne</lastName>
      </item>
      <item>
        <firstName>CHARLES</firstName>
        <sponsorshipWithdrawnDate />
        <identifiers>
          <gpoId>8076</gpoId>
          <lisID>944</lisID>
          <bioguideId>R000053</bioguideId>
        </identifiers>
        <party>D</party>
        <isOriginalCosponsor>True</isOriginalCosponsor>
        <fullName>Rep. Rangel, Charles B. [D-NY-13]</fullName>
        <middleName>B.</middleName>
        <sponsorshipDate>2013-02-12</sponsorshipDate>
        <bioguideId>R000053</bioguideId>
        <district>13</district>
        <state>NY</state>
        <lastName>RANGEL</lastName>
      </item>
      <item>
        <firstName>Cedric</firstName>
        <sponsorshipWithdrawnDate />
        <identifiers>
          <bioguideId>R000588</bioguideId>
          <lisID>2023</lisID>
          <gpoId>7960</gpoId>
        </identifiers>
        <party>D</party>
        <isOriginalCosponsor>True</isOriginalCosponsor>
        <fullName>Rep. Richmond, Cedric L. [D-LA-2]</fullName>
        <middleName>L.</middleName>
        <sponsorshipDate>2013-02-12</sponsorshipDate>
        <bioguideId>R000588</bioguideId>
        <district>2</district>
        <state>LA</state>
        <lastName>Richmond</lastName>
      </item>
      <item>
        <firstName>BOBBY</firstName>
        <sponsorshipWithdrawnDate />
        <identifiers>
          <lisID>1003</lisID>
          <bioguideId>R000515</bioguideId>
          <gpoId>7921</gpoId>
        </identifiers>
        <party>D</party>
        <isOriginalCosponsor>True</isOriginalCosponsor>
        <fullName>Rep. Rush, Bobby L. [D-IL-1]</fullName>
        <middleName>L.</middleName>
        <sponsorshipDate>2013-02-12</sponsorshipDate>
        <bioguideId>R000515</bioguideId>
        <district>1</district>
        <state>IL</state>
        <lastName>RUSH</lastName>
      </item>
      <item>
        <firstName>David</firstName>
        <sponsorshipWithdrawnDate />
        <identifiers>
          <bioguideId>S001157</bioguideId>
          <lisID>1722</lisID>
          <gpoId>7910</gpoId>
        </identifiers>
        <party>D</party>
        <isOriginalCosponsor>True</isOriginalCosponsor>
        <fullName>Rep. Scott, David [D-GA-13]</fullName>
        <middleName />
        <sponsorshipDate>2013-02-12</sponsorshipDate>
        <bioguideId>S001157</bioguideId>
        <district>13</district>
        <state>GA</state>
        <lastName>Scott</lastName>
      </item>
      <item>
        <firstName>Robert</firstName>
        <sponsorshipWithdrawnDate />
        <identifiers>
          <bioguideId>S000185</bioguideId>
          <gpoId>8194</gpoId>
          <lisID>1037</lisID>
        </identifiers>
        <party>D</party>
        <isOriginalCosponsor>True</isOriginalCosponsor>
        <fullName>Rep. Scott, Robert C. "Bobby" [D-VA-3]</fullName>
        <middleName>C. "Bobby"</middleName>
        <sponsorshipDate>2013-02-12</sponsorshipDate>
        <bioguideId>S000185</bioguideId>
        <district>3</district>
        <state>VA</state>
        <lastName>Scott</lastName>
      </item>
      <item>
        <firstName>Terri</firstName>
        <sponsorshipWithdrawnDate />
        <identifiers>
          <bioguideId>S001185</bioguideId>
          <lisID>1988</lisID>
          <gpoId>7792</gpoId>
        </identifiers>
        <party>D</party>
        <isOriginalCosponsor>True</isOriginalCosponsor>
        <fullName>Rep. Sewell, Terri A. [D-AL-7]</fullName>
        <middleName>A.</middleName>
        <sponsorshipDate>2013-02-12</sponsorshipDate>
        <bioguideId>S001185</bioguideId>
        <district>7</district>
        <state>AL</state>
        <lastName>Sewell</lastName>
      </item>
      <item>
        <firstName>BENNIE</firstName>
        <sponsorshipWithdrawnDate />
        <identifiers>
          <lisID>1151</lisID>
          <gpoId>8020</gpoId>
          <bioguideId>T000193</bioguideId>
        </identifiers>
        <party>D</party>
        <isOriginalCosponsor>True</isOriginalCosponsor>
        <fullName>Rep. Thompson, Bennie G. [D-MS-2]</fullName>
        <middleName />
        <sponsorshipDate>2013-02-12</sponsorshipDate>
        <bioguideId>T000193</bioguideId>
        <district>2</district>
        <state>MS</state>
        <lastName>THOMPSON</lastName>
      </item>
      <item>
        <firstName>Marc</firstName>
        <sponsorshipWithdrawnDate />
        <identifiers>
          <gpoId />
          <lisID>2166</lisID>
          <bioguideId>V000131</bioguideId>
        </identifiers>
        <party>D</party>
        <isOriginalCosponsor>True</isOriginalCosponsor>
        <fullName>Rep. Veasey, Marc A. [D-TX-33]</fullName>
        <middleName>A.</middleName>
        <sponsorshipDate>2013-02-12</sponsorshipDate>
        <bioguideId>V000131</bioguideId>
        <district>33</district>
        <state>TX</state>
        <lastName>Veasey</lastName>
      </item>
      <item>
        <firstName>MAXINE</firstName>
        <sponsorshipWithdrawnDate />
        <identifiers>
          <bioguideId>W000187</bioguideId>
          <gpoId>7840</gpoId>
          <lisID>1205</lisID>
        </identifiers>
        <party>D</party>
        <isOriginalCosponsor>True</isOriginalCosponsor>
        <fullName>Rep. Waters, Maxine [D-CA-43]</fullName>
        <middleName />
        <sponsorshipDate>2013-02-12</sponsorshipDate>
        <bioguideId>W000187</bioguideId>
        <district>43</district>
        <state>CA</state>
        <lastName>WATERS</lastName>
      </item>
      <item>
        <firstName>MELVIN</firstName>
        <sponsorshipWithdrawnDate />
        <identifiers>
          <bioguideId>W000207</bioguideId>
          <lisID>1207</lisID>
          <gpoId>8035</gpoId>
        </identifiers>
        <party>D</party>
        <isOriginalCosponsor>True</isOriginalCosponsor>
        <fullName>Rep. Watt, Melvin L. [D-NC-12]</fullName>
        <middleName />
        <sponsorshipDate>2013-02-12</sponsorshipDate>
        <bioguideId>W000207</bioguideId>
        <district>12</district>
        <state>NC</state>
        <lastName>WATT</lastName>
      </item>
      <item>
        <firstName>Frederica</firstName>
        <sponsorshipWithdrawnDate />
        <identifiers>
          <gpoId>7889</gpoId>
          <lisID>2004</lisID>
          <bioguideId>W000808</bioguideId>
        </identifiers>
        <party>D</party>
        <isOriginalCosponsor>True</isOriginalCosponsor>
        <fullName>Rep. Wilson, Frederica S. [D-FL-24]</fullName>
        <middleName>S.</middleName>
        <sponsorshipDate>2013-02-12</sponsorshipDate>
        <bioguideId>W000808</bioguideId>
        <district>24</district>
        <state>FL</state>
        <lastName>Wilson</lastName>
      </item>
      <item>
        <firstName>G. K.</firstName>
        <sponsorshipWithdrawnDate />
        <identifiers>
          <lisID>1761</lisID>
          <gpoId>8024</gpoId>
          <bioguideId>B001251</bioguideId>
        </identifiers>
        <party>D</party>
        <isOriginalCosponsor>True</isOriginalCosponsor>
        <fullName>Rep. Butterfield, G. K. [D-NC-1]</fullName>
        <middleName />
        <sponsorshipDate>2013-02-12</sponsorshipDate>
        <bioguideId>B001251</bioguideId>
        <district>1</district>
        <state>NC</state>
        <lastName>Butterfield</lastName>
      </item>
      <item>
        <firstName>Judy</firstName>
        <sponsorshipWithdrawnDate />
        <identifiers>
          <lisID>1970</lisID>
          <gpoId>7837</gpoId>
          <bioguideId>C001080</bioguideId>
        </identifiers>
        <party>D</party>
        <isOriginalCosponsor>False</isOriginalCosponsor>
        <fullName>Rep. Chu, Judy [D-CA-27]</fullName>
        <middleName />
        <sponsorshipDate>2013-02-25</sponsorshipDate>
        <bioguideId>C001080</bioguideId>
        <district>27</district>
        <state>CA</state>
        <lastName>Chu</lastName>
      </item>
      <item>
        <firstName>Keith</firstName>
        <sponsorshipWithdrawnDate />
        <identifiers>
          <gpoId>8005</gpoId>
          <lisID>1857</lisID>
          <bioguideId>E000288</bioguideId>
        </identifiers>
        <party>D</party>
        <isOriginalCosponsor>False</isOriginalCosponsor>
        <fullName>Rep. Ellison, Keith [D-MN-5]</fullName>
        <middleName />
        <sponsorshipDate>2013-02-25</sponsorshipDate>
        <bioguideId>E000288</bioguideId>
        <district>5</district>
        <state>MN</state>
        <lastName>Ellison</lastName>
      </item>
    </cosponsors>
    <constitutionalAuthorityStatementText />
    <calendarNumbers />
    <committeeReports />
    <billType>HCONRES</billType>
    <title>Honoring and praising the National Association for the Advancement of Colored People on the occasion of its 104th anniversary.</title>
    <introducedDate>2013-02-12</introducedDate>
    <actions>
      <actionByCounts>
        <houseOfRepresentatives>4</houseOfRepresentatives>
      </actionByCounts>
      <item>
        <actionDate>2013-04-15</actionDate>
        <committee>
          <name>Constitution and Civil Justice Subcommittee</name>
          <systemCode>hsju10</systemCode>
        </committee>
        <links />
        <sourceSystem>
          <name>House committee actions</name>
          <code>1</code>
        </sourceSystem>
        <text>Referred to the Subcommittee on the Constitution And Civil Justice.</text>
        <type>Committee</type>
      </item>
      <item>
        <actionDate>2013-02-12</actionDate>
        <actionCode>H11100</actionCode>
        <sourceSystem>
          <name>House floor actions</name>
          <code>2</code>
        </sourceSystem>
        <links />
        <committee>
          <name>Judiciary Committee</name>
          <systemCode>hsju00</systemCode>
        </committee>
        <text>Referred to the House Committee on the Judiciary.</text>
        <type>IntroReferral</type>
      </item>
      <item>
        <actionDate>2013-02-12</actionDate>
        <actionCode>Intro-H</actionCode>
        <sourceSystem>
          <name>Library of Congress</name>
          <code>9</code>
        </sourceSystem>
        <links />
        <committee />
        <text>Introduced in House</text>
        <type>IntroReferral</type>
      </item>
      <item>
        <actionDate>2013-02-12</actionDate>
        <actionCode>1000</actionCode>
        <sourceSystem>
          <name>Library of Congress</name>
          <code>9</code>
        </sourceSystem>
        <links />
        <committee />
        <text>Introduced in House</text>
        <type>IntroReferral</type>
      </item>
      <actionTypeCounts>
        <introducedInHouse>1</introducedInHouse>
        <placeholderTextForH>1</placeholderTextForH>
        <billReferrals>1</billReferrals>
        <introducedInTheHouse>1</introducedInTheHouse>
      </actionTypeCounts>
    </actions>
    <congress>113</congress>
    <summaries>
      <billSummaries>
        <item>
          <lastSummaryUpdateDate>2013-03-07T16:30:40Z</lastSummaryUpdateDate>
          <actionDate>2013-02-12</actionDate>
          <actionDesc>Introduced in House</actionDesc>
          <updateDate>2013-02-12T05:00:00Z</updateDate>
          <text><![CDATA[<p>Recognizes the 104th anniversary of the founding of the National Association for the Advancement of Colored People (NAACP).</p> <p>Honors the NAACP for its work to ensure the political, educational, social, and economic equality of all persons.</p>]]></text>
          <name>Introduced in House</name>
          <versionCode>00</versionCode>
        </item>
      </billSummaries>
    </summaries>
    <laws />
    <createDate>2013-02-13T07:00:50Z</createDate>
    <titles>
      <item>
        <title>Honoring and praising the National Association for the Advancement of Colored People on the occasion of its 104th anniversary.</title>
        <chamberCode />
        <chamberName />
        <titleType>Official Title as Introduced</titleType>
        <parentTitleType />
      </item>
      <item>
        <title>Honoring and praising the National Association for the Advancement of Colored People on the occasion of its 104th anniversary.</title>
        <chamberCode />
        <chamberName />
        <titleType>Display Title</titleType>
        <parentTitleType />
      </item>
    </titles>
    <recordedVotes />
    <committees>
      <billCommittees>
        <item>
          <systemCode>hsju00</systemCode>
          <name>Judiciary Committee</name>
          <activities>
            <item>
              <name>Referred to</name>
              <date>2013-02-12T17:02:45Z</date>
            </item>
          </activities>
          <type>Standing</type>
          <chamber>House</chamber>
          <subcommittees>
            <item>
              <systemCode>hsju10</systemCode>
              <name>Constitution and Civil Justice Subcommittee</name>
              <activities>
                <item>
                  <name>Referred to</name>
                  <date>2013-04-15T21:23:31Z</date>
                </item>
              </activities>
            </item>
          </subcommittees>
        </item>
      </billCommittees>
    </committees>
  </bill>
  <dublinCore xmlns:dc="http://purl.org/dc/elements/1.1/">
    <dc:format>text/xml</dc:format>
    <dc:language>EN</dc:language>
    <dc:rights>Pursuant to Title 17 Section 105 of the United States Code, this file is not subject to copyright protection and is in the public domain.</dc:rights>
    <dc:contributor>Congressional Research Service, Library of Congress</dc:contributor>
    <dc:description>This file contains bill summaries and statuses for federal legislation. A bill summary describes the most significant provisions of a piece of legislation and details the effects the legislative text may have on current law and federal programs. Bill summaries are authored by the Congressional Research Service (CRS) of the Library of Congress. As stated in Public Law 91-510 (2 USC 166 (d)(6)), one of the duties of CRS is "to prepare summaries and digests of bills and resolutions of a public general nature introduced in the Senate or House of Representatives". For more information, refer to the User Guide that accompanies this file.</dc:description>
  </dublinCore>
</billStatus>

