<?xml version="1.0" encoding="UTF-8"?>
<billStatus>
  <bill>
    <policyArea>
      <name>Armed Forces and National Security</name>
    </policyArea>
    <constitutionalAuthorityStatementText />
    <sponsors>
      <item>
        <identifiers>
          <lisID>165</lisID>
          <gpoId>7849</gpoId>
          <bioguideId>C000059</bioguideId>
        </identifiers>
        <district>42</district>
        <byRequestType />
        <fullName>Rep. Calvert, Ken [R-CA-42]</fullName>
        <firstName>KEN</firstName>
        <state>CA</state>
        <bioguideId>C000059</bioguideId>
        <middleName />
        <party>R</party>
        <lastName>CALVERT</lastName>
      </item>
    </sponsors>
    <committeeReports />
    <titles>
      <item>
        <chamberCode />
        <chamberName />
        <title>Expressing the sense of Congress regarding outreach to families of members of the Armed Forces killed in action in Iraq and Afghanistan, and in other conflicts.</title>
        <parentTitleType />
        <titleType>Official Title as Introduced</titleType>
      </item>
      <item>
        <chamberCode />
        <chamberName />
        <title>Expressing the sense of Congress regarding outreach to families of members of the Armed Forces killed in action in Iraq and Afghanistan, and in other conflicts.</title>
        <parentTitleType />
        <titleType>Display Title</titleType>
      </item>
    </titles>
    <laws />
    <createDate>2013-11-16T07:01:08Z</createDate>
    <recordedVotes />
    <billNumber>65</billNumber>
    <originChamber>House</originChamber>
    <committees>
      <billCommittees>
        <item>
          <activities>
            <item>
              <name>Referred to</name>
              <date>2013-11-15T14:00:21Z</date>
            </item>
          </activities>
          <name>Armed Services Committee</name>
          <subcommittees>
            <item>
              <activities>
                <item>
                  <name>Referred to</name>
                  <date>2014-01-24T20:51:20Z</date>
                </item>
              </activities>
              <name>Military Personnel Subcommittee</name>
              <systemCode>hsas02</systemCode>
            </item>
          </subcommittees>
          <chamber>House</chamber>
          <type>Standing</type>
          <systemCode>hsas00</systemCode>
        </item>
      </billCommittees>
    </committees>
    <relatedBills />
    <updateDate>2016-10-25T15:54:07Z</updateDate>
    <summaries>
      <billSummaries>
        <item>
          <versionCode>00</versionCode>
          <actionDate>2013-11-15</actionDate>
          <text><![CDATA[<p> Calls for the recognition of all families that have lost loved ones in uniform.</p> <p> Urges the President to encourage military bases around the country to: (1) organize and host events to recognize and commemorate the sacrifices of members of the Armed Forces, and (2) encourage families within the local area that have lost loved ones in combat to attend. <BR> </p>]]></text>
          <lastSummaryUpdateDate>2014-01-25T14:46:53Z</lastSummaryUpdateDate>
          <actionDesc>Introduced in House</actionDesc>
          <name>Introduced in House</name>
          <updateDate>2013-11-15T05:00:00Z</updateDate>
        </item>
      </billSummaries>
    </summaries>
    <congress>113</congress>
    <title>Expressing the sense of Congress regarding outreach to families of members of the Armed Forces killed in action in Iraq and Afghanistan, and in other conflicts.</title>
    <calendarNumbers />
    <actions>
      <item>
        <actionDate>2014-01-24</actionDate>
        <committee>
          <systemCode>hsas02</systemCode>
          <name>Military Personnel Subcommittee</name>
        </committee>
        <links />
        <sourceSystem>
          <code>1</code>
          <name>House committee actions</name>
        </sourceSystem>
        <text>Referred to the Subcommittee on Military Personnel.</text>
        <type>Committee</type>
      </item>
      <item>
        <text>Referred to the House Committee on Armed Services.</text>
        <committee>
          <systemCode>hsas00</systemCode>
          <name>Armed Services Committee</name>
        </committee>
        <actionCode>H11100</actionCode>
        <sourceSystem>
          <code>2</code>
          <name>House floor actions</name>
        </sourceSystem>
        <type>IntroReferral</type>
        <actionDate>2013-11-15</actionDate>
        <links />
      </item>
      <item>
        <text>Introduced in House</text>
        <committee />
        <actionCode>Intro-H</actionCode>
        <sourceSystem>
          <code>9</code>
          <name>Library of Congress</name>
        </sourceSystem>
        <type>IntroReferral</type>
        <actionDate>2013-11-15</actionDate>
        <links />
      </item>
      <item>
        <text>Introduced in House</text>
        <committee />
        <actionCode>1000</actionCode>
        <sourceSystem>
          <code>9</code>
          <name>Library of Congress</name>
        </sourceSystem>
        <type>IntroReferral</type>
        <actionDate>2013-11-15</actionDate>
        <links />
      </item>
      <actionByCounts>
        <houseOfRepresentatives>4</houseOfRepresentatives>
      </actionByCounts>
      <actionTypeCounts>
        <placeholderTextForH>1</placeholderTextForH>
        <introducedInTheHouse>1</introducedInTheHouse>
        <billReferrals>1</billReferrals>
        <introducedInHouse>1</introducedInHouse>
      </actionTypeCounts>
    </actions>
    <amendments />
    <cboCostEstimates />
    <introducedDate>2013-11-15</introducedDate>
    <latestAction>
      <text>Referred to the Subcommittee on Military Personnel.</text>
      <actionDate>2014-01-24</actionDate>
      <links />
    </latestAction>
    <subjects>
      <billSubjects>
        <legislativeSubjects>
          <item>
            <name>Commemorative events and holidays</name>
          </item>
          <item>
            <name>Congressional tributes</name>
          </item>
          <item>
            <name>Military personnel and dependents</name>
          </item>
        </legislativeSubjects>
        <policyArea>
          <name>Armed Forces and National Security</name>
        </policyArea>
      </billSubjects>
    </subjects>
    <cosponsors>
      <item>
        <identifiers>
          <lisID>1952</lisID>
          <bioguideId>T000467</bioguideId>
          <gpoId>8123</gpoId>
        </identifiers>
        <isOriginalCosponsor>False</isOriginalCosponsor>
        <firstName>Glenn</firstName>
        <sponsorshipWithdrawnDate />
        <sponsorshipDate>2013-11-21</sponsorshipDate>
        <party>R</party>
        <district>5</district>
        <fullName>Rep. Thompson, Glenn [R-PA-5]</fullName>
        <state>PA</state>
        <bioguideId>T000467</bioguideId>
        <lastName>Thompson</lastName>
        <middleName />
      </item>
    </cosponsors>
    <notes />
    <billType>HCONRES</billType>
  </bill>
  <dublinCore xmlns:dc="http://purl.org/dc/elements/1.1/">
    <dc:format>text/xml</dc:format>
    <dc:language>EN</dc:language>
    <dc:rights>Pursuant to Title 17 Section 105 of the United States Code, this file is not subject to copyright protection and is in the public domain.</dc:rights>
    <dc:contributor>Congressional Research Service, Library of Congress</dc:contributor>
    <dc:description>This file contains bill summaries and statuses for federal legislation. A bill summary describes the most significant provisions of a piece of legislation and details the effects the legislative text may have on current law and federal programs. Bill summaries are authored by the Congressional Research Service (CRS) of the Library of Congress. As stated in Public Law 91-510 (2 USC 166 (d)(6)), one of the duties of CRS is "to prepare summaries and digests of bills and resolutions of a public general nature introduced in the Senate or House of Representatives". For more information, refer to the User Guide that accompanies this file.</dc:description>
  </dublinCore>
</billStatus>

