<?xml version="1.0" encoding="UTF-8"?>
<billStatus>
  <bill>
    <committees>
      <billCommittees>
        <item>
          <subcommittees />
          <activities>
            <item>
              <date>2013-04-23T16:01:40Z</date>
              <name>Referred to</name>
            </item>
          </activities>
          <type>Standing</type>
          <systemCode>hsfa00</systemCode>
          <chamber>House</chamber>
          <name>Foreign Affairs Committee</name>
        </item>
      </billCommittees>
    </committees>
    <congress>113</congress>
    <billNumber>35</billNumber>
    <updateDate>2016-10-25T15:54:03Z</updateDate>
    <subjects>
      <billSubjects>
        <policyArea>
          <name>International Affairs</name>
        </policyArea>
        <legislativeSubjects>
          <item>
            <name>Africa</name>
          </item>
          <item>
            <name>Child health</name>
          </item>
          <item>
            <name>Commemorative events and holidays</name>
          </item>
          <item>
            <name>Congressional tributes</name>
          </item>
          <item>
            <name>Foreign aid and international relief</name>
          </item>
          <item>
            <name>HIV/AIDS</name>
          </item>
          <item>
            <name>Health programs administration and funding</name>
          </item>
          <item>
            <name>Health promotion and preventive care</name>
          </item>
          <item>
            <name>Immunology and vaccination</name>
          </item>
          <item>
            <name>Infectious and parasitic diseases</name>
          </item>
          <item>
            <name>Public-private cooperation</name>
          </item>
          <item>
            <name>Women's health</name>
          </item>
          <item>
            <name>World health</name>
          </item>
        </legislativeSubjects>
      </billSubjects>
    </subjects>
    <policyArea>
      <name>International Affairs</name>
    </policyArea>
    <summaries>
      <billSummaries>
        <item>
          <versionCode>00</versionCode>
          <actionDate>2013-04-23</actionDate>
          <text><![CDATA[<p> Supports the ideals of World Malaria Day, including the target of ending malaria deaths by 2015.</p> <p>Recognizes the importance of reducing malaria to improve child and maternal health, especially in sub-Saharan Africa.</p> <p>Commends the progress made toward reducing global malaria prevalence and deaths, particularly through the efforts of the President's Malaria Initiative and the Global Fund to Fight AIDS, Tuberculosis, and Malaria.</p> <p>Welcomes public-private partnerships to develop more effective and affordable tools for malaria diagnosis, treatment, and vaccination</p> <p>Recognizes the goals to combat malaria in the Tom Lantos and Henry J. Hyde United States Global Leadership Against HIV/AIDS, Tuberculosis, and Malaria Reauthorization Act of 2008.</p> <p>Supports continued U.S. leadership in bilateral, multilateral, and private sector efforts to combat malaria and to work with developing countries to create long-term strategies to increase ownership over malaria programs.</p> <p>Encourages members of the international community to sustain and scale up their support for efforts to combat malaria.</p>]]></text>
          <lastSummaryUpdateDate>2013-04-26T21:11:12Z</lastSummaryUpdateDate>
          <actionDesc>Introduced in House</actionDesc>
          <name>Introduced in House</name>
          <updateDate>2013-04-23T04:00:00Z</updateDate>
        </item>
      </billSummaries>
    </summaries>
    <title>Supporting the goals and ideals of World Malaria Day.</title>
    <laws />
    <cosponsors>
      <item>
        <fullName>Rep. Meeks, Gregory W. [D-NY-5]</fullName>
        <firstName>GREGORY</firstName>
        <lastName>MEEKS</lastName>
        <identifiers>
          <gpoId>8067</gpoId>
          <lisID>1506</lisID>
          <bioguideId>M001137</bioguideId>
        </identifiers>
        <state>NY</state>
        <sponsorshipWithdrawnDate />
        <bioguideId>M001137</bioguideId>
        <district>5</district>
        <isOriginalCosponsor>True</isOriginalCosponsor>
        <middleName>W.</middleName>
        <party>D</party>
        <sponsorshipDate>2013-04-23</sponsorshipDate>
      </item>
    </cosponsors>
    <billType>HCONRES</billType>
    <cboCostEstimates />
    <recordedVotes />
    <relatedBills>
      <item>
        <latestTitle>A resolution supporting the goals and ideals of World Malaria Day.</latestTitle>
        <number>119</number>
        <latestAction>
          <text>Submitted in the Senate, considered, and agreed to without amendment and with a preamble by Unanimous Consent. (consideration: CR S3060; text as passed Senate: CR S3047-3048)</text>
          <actionDate>2013-04-25</actionDate>
        </latestAction>
        <type>SRES</type>
        <congress>113</congress>
        <relationshipDetails>
          <item>
            <identifiedBy>CRS</identifiedBy>
            <type>Identical bill</type>
          </item>
        </relationshipDetails>
      </item>
      <item>
        <latestTitle>Supporting the goals and ideals of World Malaria Day.</latestTitle>
        <number>570</number>
        <latestAction>
          <text>Referred to the Subcommittee on Africa, Global Health, Global Human Rights and International Organizations.</text>
          <actionDate>2014-06-10</actionDate>
        </latestAction>
        <type>HRES</type>
        <congress>113</congress>
        <relationshipDetails>
          <item>
            <identifiedBy>CRS</identifiedBy>
            <type>Related bill</type>
          </item>
        </relationshipDetails>
      </item>
      <item>
        <latestTitle>A resolution supporting the goals and ideals of World Malaria Day.</latestTitle>
        <number>426</number>
        <latestAction>
          <text>Placed on Senate Legislative Calendar under General Orders. Calendar No. 382.</text>
          <actionDate>2014-05-20</actionDate>
        </latestAction>
        <type>SRES</type>
        <congress>113</congress>
        <relationshipDetails>
          <item>
            <identifiedBy>CRS</identifiedBy>
            <type>Related bill</type>
          </item>
        </relationshipDetails>
      </item>
    </relatedBills>
    <actions>
      <item>
        <sourceSystem>
          <code>2</code>
          <name>House floor actions</name>
        </sourceSystem>
        <actionDate>2013-04-23</actionDate>
        <links />
        <committee>
          <systemCode>hsfa00</systemCode>
          <name>Foreign Affairs Committee</name>
        </committee>
        <text>Referred to the House Committee on Foreign Affairs.</text>
        <type>IntroReferral</type>
        <actionCode>H11100</actionCode>
      </item>
      <item>
        <sourceSystem>
          <code>9</code>
          <name>Library of Congress</name>
        </sourceSystem>
        <actionDate>2013-04-23</actionDate>
        <links />
        <committee />
        <text>Introduced in House</text>
        <type>IntroReferral</type>
        <actionCode>Intro-H</actionCode>
      </item>
      <item>
        <sourceSystem>
          <code>9</code>
          <name>Library of Congress</name>
        </sourceSystem>
        <actionDate>2013-04-23</actionDate>
        <links />
        <committee />
        <text>Introduced in House</text>
        <type>IntroReferral</type>
        <actionCode>1000</actionCode>
      </item>
      <actionTypeCounts>
        <introducedInHouse>1</introducedInHouse>
        <introducedInTheHouse>1</introducedInTheHouse>
        <billReferrals>1</billReferrals>
      </actionTypeCounts>
      <actionByCounts>
        <houseOfRepresentatives>3</houseOfRepresentatives>
      </actionByCounts>
    </actions>
    <notes />
    <latestAction>
      <actionDate>2013-04-23</actionDate>
      <links />
      <text>Referred to the House Committee on Foreign Affairs.</text>
    </latestAction>
    <introducedDate>2013-04-23</introducedDate>
    <sponsors>
      <item>
        <fullName>Rep. Crenshaw, Ander [R-FL-4]</fullName>
        <firstName>ANDER</firstName>
        <byRequestType />
        <identifiers>
          <lisID>1643</lisID>
          <gpoId>7876</gpoId>
          <bioguideId>C001045</bioguideId>
        </identifiers>
        <middleName />
        <bioguideId>C001045</bioguideId>
        <district>4</district>
        <party>R</party>
        <state>FL</state>
        <lastName>CRENSHAW</lastName>
      </item>
    </sponsors>
    <constitutionalAuthorityStatementText />
    <calendarNumbers />
    <committeeReports />
    <amendments />
    <createDate>2013-04-24T07:02:05Z</createDate>
    <originChamber>House</originChamber>
    <titles>
      <item>
        <chamberName />
        <titleType>Official Title as Introduced</titleType>
        <parentTitleType />
        <title>Supporting the goals and ideals of World Malaria Day.</title>
        <chamberCode />
      </item>
      <item>
        <chamberName />
        <titleType>Display Title</titleType>
        <parentTitleType />
        <title>Supporting the goals and ideals of World Malaria Day.</title>
        <chamberCode />
      </item>
    </titles>
  </bill>
  <dublinCore xmlns:dc="http://purl.org/dc/elements/1.1/">
    <dc:format>text/xml</dc:format>
    <dc:language>EN</dc:language>
    <dc:rights>Pursuant to Title 17 Section 105 of the United States Code, this file is not subject to copyright protection and is in the public domain.</dc:rights>
    <dc:contributor>Congressional Research Service, Library of Congress</dc:contributor>
    <dc:description>This file contains bill summaries and statuses for federal legislation. A bill summary describes the most significant provisions of a piece of legislation and details the effects the legislative text may have on current law and federal programs. Bill summaries are authored by the Congressional Research Service (CRS) of the Library of Congress. As stated in Public Law 91-510 (2 USC 166 (d)(6)), one of the duties of CRS is "to prepare summaries and digests of bills and resolutions of a public general nature introduced in the Senate or House of Representatives". For more information, refer to the User Guide that accompanies this file.</dc:description>
  </dublinCore>
</billStatus>

