<?xml version="1.0" encoding="UTF-8"?>
<billStatus>
  <bill>
    <constitutionalAuthorityStatementText />
    <latestAction>
      <links />
      <actionDate>2013-04-30</actionDate>
      <text>Referred to the Subcommittee on the Constitution and Civil Justice.</text>
    </latestAction>
    <congress>113</congress>
    <summaries>
      <billSummaries>
        <item>
          <updateDate>2013-04-18T04:00:00Z</updateDate>
          <actionDate>2013-04-18</actionDate>
          <lastSummaryUpdateDate>2013-04-30T19:24:34Z</lastSummaryUpdateDate>
          <text><![CDATA[<p>Supports the goals and ideals of the National Day of Silence (during which students vow to remain silent to bring attention to the harassment and discrimination faced by lesbian, gay, bisexual, and transgender people in schools). Encourages each state, city, and local educational agency to adopt laws and policies to prohibit name-calling, bullying, harassment, and discrimination against students, teachers, and other school staff regardless of their sexual orientation and gender identity or gender expression. </p>]]></text>
          <versionCode>00</versionCode>
          <actionDesc>Introduced in House</actionDesc>
          <name>Introduced in House</name>
        </item>
      </billSummaries>
    </summaries>
    <cboCostEstimates />
    <calendarNumbers />
    <billType>HCONRES</billType>
    <committees>
      <billCommittees>
        <item>
          <subcommittees>
            <item>
              <name>Constitution and Civil Justice Subcommittee</name>
              <activities>
                <item>
                  <name>Referred to</name>
                  <date>2013-04-30T19:59:22Z</date>
                </item>
              </activities>
              <systemCode>hsju10</systemCode>
            </item>
          </subcommittees>
          <name>Judiciary Committee</name>
          <type>Standing</type>
          <activities>
            <item>
              <name>Referred to</name>
              <date>2013-04-18T14:01:40Z</date>
            </item>
          </activities>
          <chamber>House</chamber>
          <systemCode>hsju00</systemCode>
        </item>
        <item>
          <subcommittees />
          <name>Education and the Workforce Committee</name>
          <type>Standing</type>
          <activities>
            <item>
              <name>Referred to</name>
              <date>2013-04-18T14:01:35Z</date>
            </item>
          </activities>
          <chamber>House</chamber>
          <systemCode>hsed00</systemCode>
        </item>
      </billCommittees>
    </committees>
    <introducedDate>2013-04-18</introducedDate>
    <recordedVotes />
    <titles>
      <item>
        <chamberName />
        <titleType>Official Title as Introduced</titleType>
        <title>Supporting the goals and ideals of the National Day of Silence in bringing attention to anti-lesbian, gay, bisexual, and transgender name-calling, bullying, and harassment faced by individuals in schools.</title>
        <chamberCode />
        <parentTitleType />
      </item>
      <item>
        <chamberName />
        <titleType>Display Title</titleType>
        <title>Supporting the goals and ideals of the National Day of Silence in bringing attention to anti-lesbian, gay, bisexual, and transgender name-calling, bullying, and harassment faced by individuals in schools.</title>
        <chamberCode />
        <parentTitleType />
      </item>
    </titles>
    <sponsors>
      <item>
        <bioguideId>E000179</bioguideId>
        <fullName>Rep. Engel, Eliot L. [D-NY-16]</fullName>
        <byRequestType />
        <lastName>ENGEL</lastName>
        <firstName>ELIOT</firstName>
        <middleName>L.</middleName>
        <identifiers>
          <lisID>344</lisID>
          <bioguideId>E000179</bioguideId>
          <gpoId>8078</gpoId>
        </identifiers>
      </item>
    </sponsors>
    <laws />
    <originChamber>House</originChamber>
    <createDate>2013-04-19T07:02:03Z</createDate>
    <notes />
    <title>Supporting the goals and ideals of the National Day of Silence in bringing attention to anti-lesbian, gay, bisexual, and transgender name-calling, bullying, and harassment faced by individuals in schools.</title>
    <policyArea>
      <name>Education</name>
    </policyArea>
    <billNumber>33</billNumber>
    <committeeReports />
    <subjects>
      <billSubjects>
        <policyArea>
          <name>Education</name>
        </policyArea>
        <legislativeSubjects>
          <item>
            <name>Assault and harassment offenses</name>
          </item>
          <item>
            <name>Commemorative events and holidays</name>
          </item>
          <item>
            <name>Elementary and secondary education</name>
          </item>
          <item>
            <name>Higher education</name>
          </item>
          <item>
            <name>Sex, gender, sexual orientation discrimination</name>
          </item>
          <item>
            <name>State and local government operations</name>
          </item>
          <item>
            <name>Teaching, teachers, curricula</name>
          </item>
        </legislativeSubjects>
      </billSubjects>
    </subjects>
    <relatedBills />
    <updateDate>2016-10-25T15:54:03Z</updateDate>
    <amendments />
    <actions>
      <item>
        <actionDate>2013-04-30</actionDate>
        <committee>
          <systemCode>hsju10</systemCode>
          <name>Constitution and Civil Justice Subcommittee</name>
        </committee>
        <links />
        <sourceSystem>
          <name>House committee actions</name>
          <code>1</code>
        </sourceSystem>
        <text>Referred to the Subcommittee on the Constitution and Civil Justice.</text>
        <type>Committee</type>
      </item>
      <item>
        <committee>
          <systemCode>hsju00</systemCode>
          <name>Judiciary Committee</name>
        </committee>
        <type>IntroReferral</type>
        <links />
        <actionCode>H11100</actionCode>
        <sourceSystem>
          <name>House floor actions</name>
          <code>2</code>
        </sourceSystem>
        <actionDate>2013-04-18</actionDate>
        <text>Referred to House Judiciary</text>
      </item>
      <item>
        <committee>
          <systemCode>hsed00</systemCode>
          <name>Education and the Workforce Committee</name>
        </committee>
        <type>IntroReferral</type>
        <links />
        <actionCode>H11100</actionCode>
        <sourceSystem>
          <name>House floor actions</name>
          <code>2</code>
        </sourceSystem>
        <actionDate>2013-04-18</actionDate>
        <text>Referred to House Education and the Workforce</text>
      </item>
      <item>
        <committee />
        <type>IntroReferral</type>
        <links />
        <actionCode>H11100-A</actionCode>
        <sourceSystem>
          <name>Library of Congress</name>
          <code>9</code>
        </sourceSystem>
        <actionDate>2013-04-18</actionDate>
        <text>Referred to the Committee on Education and the Workforce, and in addition to the Committee on the Judiciary, for a period to be subsequently determined by the Speaker, in each case for consideration of such provisions as fall within the jurisdiction of the committee concerned.</text>
      </item>
      <item>
        <committee />
        <type>IntroReferral</type>
        <links />
        <actionCode>Intro-H</actionCode>
        <sourceSystem>
          <name>Library of Congress</name>
          <code>9</code>
        </sourceSystem>
        <actionDate>2013-04-18</actionDate>
        <text>Introduced in House</text>
      </item>
      <item>
        <committee />
        <type>IntroReferral</type>
        <links />
        <actionCode>1000</actionCode>
        <sourceSystem>
          <name>Library of Congress</name>
          <code>9</code>
        </sourceSystem>
        <actionDate>2013-04-18</actionDate>
        <text>Introduced in House</text>
      </item>
      <actionByCounts>
        <houseOfRepresentatives>6</houseOfRepresentatives>
      </actionByCounts>
      <actionTypeCounts>
        <billReferrals>2</billReferrals>
        <introducedInTheHouse>1</introducedInTheHouse>
        <placeholderTextForH>1</placeholderTextForH>
        <billReferralsAggregate>1</billReferralsAggregate>
        <introducedInHouse>1</introducedInHouse>
      </actionTypeCounts>
    </actions>
    <cosponsors>
      <item>
        <firstName>David</firstName>
        <fullName>Rep. Cicilline, David N. [D-RI-1]</fullName>
        <identifiers>
          <bioguideId>C001084</bioguideId>
          <lisID>2055</lisID>
          <gpoId>8139</gpoId>
        </identifiers>
        <bioguideId>C001084</bioguideId>
        <sponsorshipWithdrawnDate />
        <middleName>N.</middleName>
        <isOriginalCosponsor>True</isOriginalCosponsor>
        <sponsorshipDate>2013-04-18</sponsorshipDate>
        <lastName>Cicilline</lastName>
      </item>
      <item>
        <firstName>Jared</firstName>
        <fullName>Rep. Polis, Jared [D-CO-2]</fullName>
        <identifiers>
          <gpoId>7860</gpoId>
          <lisID>1910</lisID>
          <bioguideId>P000598</bioguideId>
        </identifiers>
        <bioguideId>P000598</bioguideId>
        <sponsorshipWithdrawnDate />
        <middleName />
        <isOriginalCosponsor>True</isOriginalCosponsor>
        <sponsorshipDate>2013-04-18</sponsorshipDate>
        <lastName>Polis</lastName>
      </item>
      <item>
        <firstName>Mark</firstName>
        <fullName>Rep. Pocan, Mark [D-WI-2]</fullName>
        <identifiers>
          <lisID>2171</lisID>
          <gpoId />
          <bioguideId>P000607</bioguideId>
        </identifiers>
        <bioguideId>P000607</bioguideId>
        <sponsorshipWithdrawnDate />
        <middleName />
        <isOriginalCosponsor>True</isOriginalCosponsor>
        <sponsorshipDate>2013-04-18</sponsorshipDate>
        <lastName>Pocan</lastName>
      </item>
      <item>
        <firstName>ILEANA</firstName>
        <fullName>Rep. Ros-Lehtinen, Ileana [R-FL-27]</fullName>
        <identifiers>
          <gpoId>7890</gpoId>
          <bioguideId>R000435</bioguideId>
          <lisID>985</lisID>
        </identifiers>
        <bioguideId>R000435</bioguideId>
        <sponsorshipWithdrawnDate />
        <middleName />
        <isOriginalCosponsor>True</isOriginalCosponsor>
        <sponsorshipDate>2013-04-18</sponsorshipDate>
        <lastName>ROS-LEHTINEN</lastName>
      </item>
      <item>
        <firstName>SAM</firstName>
        <fullName>Rep. Farr, Sam [D-CA-20]</fullName>
        <identifiers>
          <gpoId>7822</gpoId>
          <bioguideId>F000030</bioguideId>
          <lisID>368</lisID>
        </identifiers>
        <bioguideId>F000030</bioguideId>
        <sponsorshipWithdrawnDate />
        <middleName />
        <isOriginalCosponsor>True</isOriginalCosponsor>
        <sponsorshipDate>2013-04-18</sponsorshipDate>
        <lastName>FARR</lastName>
      </item>
      <item>
        <firstName>Raul</firstName>
        <fullName>Rep. Grijalva, Raul M. [D-AZ-3]</fullName>
        <identifiers>
          <lisID>1708</lisID>
          <gpoId>7804</gpoId>
          <bioguideId>G000551</bioguideId>
        </identifiers>
        <bioguideId>G000551</bioguideId>
        <sponsorshipWithdrawnDate />
        <middleName>M.</middleName>
        <isOriginalCosponsor>True</isOriginalCosponsor>
        <sponsorshipDate>2013-04-18</sponsorshipDate>
        <lastName>Grijalva</lastName>
      </item>
      <item>
        <firstName>Alan</firstName>
        <fullName>Rep. Lowenthal, Alan S. [D-CA-47]</fullName>
        <identifiers>
          <lisID>2111</lisID>
          <bioguideId>L000579</bioguideId>
          <gpoId />
        </identifiers>
        <bioguideId>L000579</bioguideId>
        <sponsorshipWithdrawnDate />
        <middleName>S.</middleName>
        <isOriginalCosponsor>True</isOriginalCosponsor>
        <sponsorshipDate>2013-04-18</sponsorshipDate>
        <lastName>Lowenthal</lastName>
      </item>
      <item>
        <firstName>Keith</firstName>
        <fullName>Rep. Ellison, Keith [D-MN-5]</fullName>
        <identifiers>
          <bioguideId>E000288</bioguideId>
          <lisID>1857</lisID>
          <gpoId>8005</gpoId>
        </identifiers>
        <bioguideId>E000288</bioguideId>
        <sponsorshipWithdrawnDate />
        <middleName />
        <isOriginalCosponsor>True</isOriginalCosponsor>
        <sponsorshipDate>2013-04-18</sponsorshipDate>
        <lastName>Ellison</lastName>
      </item>
      <item>
        <firstName>ALCEE</firstName>
        <fullName>Rep. Hastings, Alcee L. [D-FL-20]</fullName>
        <identifiers>
          <bioguideId>H000324</bioguideId>
          <lisID>511</lisID>
          <gpoId>7895</gpoId>
        </identifiers>
        <bioguideId>H000324</bioguideId>
        <sponsorshipWithdrawnDate />
        <middleName>L.</middleName>
        <isOriginalCosponsor>True</isOriginalCosponsor>
        <sponsorshipDate>2013-04-18</sponsorshipDate>
        <lastName>HASTINGS</lastName>
      </item>
      <item>
        <firstName>Janice</firstName>
        <fullName>Rep. Hahn, Janice [D-CA-44]</fullName>
        <identifiers>
          <lisID>2089</lisID>
          <gpoId>8360</gpoId>
          <bioguideId>H001063</bioguideId>
        </identifiers>
        <bioguideId>H001063</bioguideId>
        <sponsorshipWithdrawnDate />
        <middleName />
        <isOriginalCosponsor>True</isOriginalCosponsor>
        <sponsorshipDate>2013-04-18</sponsorshipDate>
        <lastName>Hahn</lastName>
      </item>
      <item>
        <firstName>EDWARD</firstName>
        <fullName>Rep. Markey, Edward J. [D-MA-5]</fullName>
        <identifiers>
          <gpoId>7972</gpoId>
          <bioguideId>M000133</bioguideId>
          <lisID>735</lisID>
        </identifiers>
        <bioguideId>M000133</bioguideId>
        <sponsorshipWithdrawnDate />
        <middleName>J.</middleName>
        <isOriginalCosponsor>True</isOriginalCosponsor>
        <sponsorshipDate>2013-04-18</sponsorshipDate>
        <lastName>MARKEY</lastName>
      </item>
      <item>
        <firstName>DIANA</firstName>
        <fullName>Rep. DeGette, Diana [D-CO-1]</fullName>
        <identifiers>
          <gpoId>7859</gpoId>
          <lisID>1479</lisID>
          <bioguideId>D000197</bioguideId>
        </identifiers>
        <bioguideId>D000197</bioguideId>
        <sponsorshipWithdrawnDate />
        <middleName />
        <isOriginalCosponsor>True</isOriginalCosponsor>
        <sponsorshipDate>2013-04-18</sponsorshipDate>
        <lastName>DEGETTE</lastName>
      </item>
      <item>
        <firstName>Gerald</firstName>
        <fullName>Rep. Connolly, Gerald E. [D-VA-11]</fullName>
        <identifiers>
          <gpoId>8202</gpoId>
          <bioguideId>C001078</bioguideId>
          <lisID>1959</lisID>
        </identifiers>
        <bioguideId>C001078</bioguideId>
        <sponsorshipWithdrawnDate />
        <middleName>E.</middleName>
        <isOriginalCosponsor>True</isOriginalCosponsor>
        <sponsorshipDate>2013-04-18</sponsorshipDate>
        <lastName>Connolly</lastName>
      </item>
      <item>
        <firstName>Frederica</firstName>
        <fullName>Rep. Wilson, Frederica S. [D-FL-24]</fullName>
        <identifiers>
          <gpoId>7889</gpoId>
          <bioguideId>W000808</bioguideId>
          <lisID>2004</lisID>
        </identifiers>
        <bioguideId>W000808</bioguideId>
        <sponsorshipWithdrawnDate />
        <middleName>S.</middleName>
        <isOriginalCosponsor>True</isOriginalCosponsor>
        <sponsorshipDate>2013-04-18</sponsorshipDate>
        <lastName>Wilson</lastName>
      </item>
      <item>
        <firstName>JOSEPH</firstName>
        <fullName>Rep. Crowley, Joseph [D-NY-14]</fullName>
        <identifiers>
          <lisID>1604</lisID>
          <bioguideId>C001038</bioguideId>
          <gpoId>8068</gpoId>
        </identifiers>
        <bioguideId>C001038</bioguideId>
        <sponsorshipWithdrawnDate />
        <middleName />
        <isOriginalCosponsor>True</isOriginalCosponsor>
        <sponsorshipDate>2013-04-18</sponsorshipDate>
        <lastName>CROWLEY</lastName>
      </item>
      <item>
        <firstName>JAMES</firstName>
        <fullName>Rep. Moran, James P. [D-VA-8]</fullName>
        <identifiers>
          <lisID>832</lisID>
          <bioguideId>M000933</bioguideId>
          <gpoId>8199</gpoId>
        </identifiers>
        <bioguideId>M000933</bioguideId>
        <sponsorshipWithdrawnDate />
        <middleName>P.</middleName>
        <isOriginalCosponsor>True</isOriginalCosponsor>
        <sponsorshipDate>2013-04-18</sponsorshipDate>
        <lastName>MORAN</lastName>
      </item>
      <item>
        <firstName>Brian</firstName>
        <fullName>Rep. Higgins, Brian [D-NY-26]</fullName>
        <identifiers>
          <bioguideId>H001038</bioguideId>
          <lisID>1794</lisID>
          <gpoId>8088</gpoId>
        </identifiers>
        <bioguideId>H001038</bioguideId>
        <sponsorshipWithdrawnDate />
        <middleName />
        <isOriginalCosponsor>True</isOriginalCosponsor>
        <sponsorshipDate>2013-04-18</sponsorshipDate>
        <lastName>Higgins</lastName>
      </item>
      <item>
        <firstName>BETTY</firstName>
        <fullName>Rep. McCollum, Betty [D-MN-4]</fullName>
        <identifiers>
          <gpoId>8004</gpoId>
          <lisID>1653</lisID>
          <bioguideId>M001143</bioguideId>
        </identifiers>
        <bioguideId>M001143</bioguideId>
        <sponsorshipWithdrawnDate />
        <middleName />
        <isOriginalCosponsor>True</isOriginalCosponsor>
        <sponsorshipDate>2013-04-18</sponsorshipDate>
        <lastName>MCCOLLUM</lastName>
      </item>
      <item>
        <firstName>Paul</firstName>
        <fullName>Rep. Tonko, Paul [D-NY-20]</fullName>
        <identifiers>
          <bioguideId>T000469</bioguideId>
          <lisID>1942</lisID>
          <gpoId>8082</gpoId>
        </identifiers>
        <bioguideId>T000469</bioguideId>
        <sponsorshipWithdrawnDate />
        <middleName />
        <isOriginalCosponsor>True</isOriginalCosponsor>
        <sponsorshipDate>2013-04-18</sponsorshipDate>
        <lastName>Tonko</lastName>
      </item>
      <item>
        <firstName>ROBERT</firstName>
        <fullName>Rep. Brady, Robert A. [D-PA-1]</fullName>
        <identifiers>
          <gpoId>8119</gpoId>
          <lisID>1469</lisID>
          <bioguideId>B001227</bioguideId>
        </identifiers>
        <bioguideId>B001227</bioguideId>
        <sponsorshipWithdrawnDate />
        <middleName>A.</middleName>
        <isOriginalCosponsor>True</isOriginalCosponsor>
        <sponsorshipDate>2013-04-18</sponsorshipDate>
        <lastName>BRADY</lastName>
      </item>
      <item>
        <firstName>Mike</firstName>
        <fullName>Rep. Quigley, Mike [D-IL-5]</fullName>
        <identifiers>
          <gpoId>7925</gpoId>
          <bioguideId>Q000023</bioguideId>
          <lisID>1967</lisID>
        </identifiers>
        <bioguideId>Q000023</bioguideId>
        <sponsorshipWithdrawnDate />
        <middleName />
        <isOriginalCosponsor>True</isOriginalCosponsor>
        <sponsorshipDate>2013-04-18</sponsorshipDate>
        <lastName>Quigley</lastName>
      </item>
      <item>
        <firstName>JANICE</firstName>
        <fullName>Rep. Schakowsky, Janice D. [D-IL-9]</fullName>
        <identifiers>
          <gpoId>7929</gpoId>
          <lisID>1588</lisID>
          <bioguideId>S001145</bioguideId>
        </identifiers>
        <bioguideId>S001145</bioguideId>
        <sponsorshipWithdrawnDate />
        <middleName>D.</middleName>
        <isOriginalCosponsor>True</isOriginalCosponsor>
        <sponsorshipDate>2013-04-18</sponsorshipDate>
        <lastName>SCHAKOWSKY</lastName>
      </item>
      <item>
        <firstName>CAROLYN</firstName>
        <fullName>Rep. Maloney, Carolyn B. [D-NY-12]</fullName>
        <identifiers>
          <bioguideId>M000087</bioguideId>
          <lisID>729</lisID>
          <gpoId>8075</gpoId>
        </identifiers>
        <bioguideId>M000087</bioguideId>
        <sponsorshipWithdrawnDate />
        <middleName>B.</middleName>
        <isOriginalCosponsor>True</isOriginalCosponsor>
        <sponsorshipDate>2013-04-18</sponsorshipDate>
        <lastName>MALONEY</lastName>
      </item>
      <item>
        <firstName>Debbie</firstName>
        <fullName>Rep. Wasserman Schultz, Debbie [D-FL-23]</fullName>
        <identifiers>
          <bioguideId>W000797</bioguideId>
          <lisID>1777</lisID>
          <gpoId>7892</gpoId>
        </identifiers>
        <bioguideId>W000797</bioguideId>
        <sponsorshipWithdrawnDate />
        <middleName />
        <isOriginalCosponsor>True</isOriginalCosponsor>
        <sponsorshipDate>2013-04-18</sponsorshipDate>
        <lastName>Wasserman Schultz</lastName>
      </item>
      <item>
        <firstName>CHARLES</firstName>
        <fullName>Rep. Rangel, Charles B. [D-NY-13]</fullName>
        <identifiers>
          <bioguideId>R000053</bioguideId>
          <lisID>944</lisID>
          <gpoId>8076</gpoId>
        </identifiers>
        <bioguideId>R000053</bioguideId>
        <sponsorshipWithdrawnDate />
        <middleName>B.</middleName>
        <isOriginalCosponsor>True</isOriginalCosponsor>
        <sponsorshipDate>2013-04-18</sponsorshipDate>
        <lastName>RANGEL</lastName>
      </item>
      <item>
        <firstName>JAMES</firstName>
        <fullName>Rep. McGovern, James P. [D-MA-2]</fullName>
        <identifiers>
          <lisID>1504</lisID>
          <gpoId>7968</gpoId>
          <bioguideId>M000312</bioguideId>
        </identifiers>
        <bioguideId>M000312</bioguideId>
        <sponsorshipWithdrawnDate />
        <middleName>P.</middleName>
        <isOriginalCosponsor>True</isOriginalCosponsor>
        <sponsorshipDate>2013-04-18</sponsorshipDate>
        <lastName>MCGOVERN</lastName>
      </item>
      <item>
        <firstName>Sean</firstName>
        <fullName>Rep. Maloney, Sean Patrick [D-NY-18]</fullName>
        <identifiers>
          <gpoId />
          <bioguideId>M001185</bioguideId>
          <lisID>2150</lisID>
        </identifiers>
        <bioguideId>M001185</bioguideId>
        <sponsorshipWithdrawnDate />
        <middleName>Patrick</middleName>
        <isOriginalCosponsor>True</isOriginalCosponsor>
        <sponsorshipDate>2013-04-18</sponsorshipDate>
        <lastName>Maloney</lastName>
      </item>
      <item>
        <firstName>Mark</firstName>
        <fullName>Rep. Takano, Mark [D-CA-41]</fullName>
        <identifiers>
          <bioguideId>T000472</bioguideId>
          <lisID>2110</lisID>
          <gpoId />
        </identifiers>
        <bioguideId>T000472</bioguideId>
        <sponsorshipWithdrawnDate />
        <middleName />
        <isOriginalCosponsor>True</isOriginalCosponsor>
        <sponsorshipDate>2013-04-18</sponsorshipDate>
        <lastName>Takano</lastName>
      </item>
      <item>
        <firstName>Gwen</firstName>
        <fullName>Rep. Moore, Gwen [D-WI-4]</fullName>
        <identifiers>
          <gpoId>8217</gpoId>
          <lisID>1811</lisID>
          <bioguideId>M001160</bioguideId>
        </identifiers>
        <bioguideId>M001160</bioguideId>
        <sponsorshipWithdrawnDate />
        <middleName />
        <isOriginalCosponsor>True</isOriginalCosponsor>
        <sponsorshipDate>2013-04-18</sponsorshipDate>
        <lastName>Moore</lastName>
      </item>
      <item>
        <firstName>ELEANOR</firstName>
        <fullName>Rep. Norton, Eleanor Holmes [D-DC-At Large]</fullName>
        <identifiers>
          <lisID>868</lisID>
          <gpoId>7871</gpoId>
          <bioguideId>N000147</bioguideId>
        </identifiers>
        <bioguideId>N000147</bioguideId>
        <sponsorshipWithdrawnDate />
        <middleName>HOLMES</middleName>
        <isOriginalCosponsor>True</isOriginalCosponsor>
        <sponsorshipDate>2013-04-18</sponsorshipDate>
        <lastName>NORTON</lastName>
      </item>
      <item>
        <firstName>Jackie</firstName>
        <fullName>Rep. Speier, Jackie [D-CA-14]</fullName>
        <identifiers>
          <bioguideId>S001175</bioguideId>
          <lisID>1890</lisID>
          <gpoId>7817</gpoId>
        </identifiers>
        <bioguideId>S001175</bioguideId>
        <sponsorshipWithdrawnDate />
        <middleName />
        <isOriginalCosponsor>True</isOriginalCosponsor>
        <sponsorshipDate>2013-04-18</sponsorshipDate>
        <lastName>Speier</lastName>
      </item>
      <item>
        <firstName>LOIS</firstName>
        <fullName>Rep. Capps, Lois [D-CA-24]</fullName>
        <identifiers>
          <bioguideId>C001036</bioguideId>
          <lisID>1471</lisID>
          <gpoId>7828</gpoId>
        </identifiers>
        <bioguideId>C001036</bioguideId>
        <sponsorshipWithdrawnDate />
        <middleName />
        <isOriginalCosponsor>True</isOriginalCosponsor>
        <sponsorshipDate>2013-04-18</sponsorshipDate>
        <lastName>CAPPS</lastName>
      </item>
      <item>
        <firstName>LINDA</firstName>
        <fullName>Rep. Sanchez, Linda T. [D-CA-38]</fullName>
        <identifiers>
          <lisID>1757</lisID>
          <gpoId>7844</gpoId>
          <bioguideId>S001156</bioguideId>
        </identifiers>
        <bioguideId>S001156</bioguideId>
        <sponsorshipWithdrawnDate />
        <middleName>T.</middleName>
        <isOriginalCosponsor>True</isOriginalCosponsor>
        <sponsorshipDate>2013-04-18</sponsorshipDate>
        <lastName>SANCHEZ</lastName>
      </item>
      <item>
        <firstName>Ann</firstName>
        <fullName>Rep. Kuster, Ann M. [D-NH-2]</fullName>
        <identifiers>
          <lisID>2145</lisID>
          <bioguideId>K000382</bioguideId>
          <gpoId />
        </identifiers>
        <bioguideId>K000382</bioguideId>
        <sponsorshipWithdrawnDate />
        <middleName>M.</middleName>
        <isOriginalCosponsor>True</isOriginalCosponsor>
        <sponsorshipDate>2013-04-18</sponsorshipDate>
        <lastName>Kuster</lastName>
      </item>
      <item>
        <firstName>SUSAN</firstName>
        <fullName>Rep. Davis, Susan A. [D-CA-53]</fullName>
        <identifiers>
          <gpoId>7858</gpoId>
          <lisID>1641</lisID>
          <bioguideId>D000598</bioguideId>
        </identifiers>
        <bioguideId>D000598</bioguideId>
        <sponsorshipWithdrawnDate />
        <middleName>A.</middleName>
        <isOriginalCosponsor>True</isOriginalCosponsor>
        <sponsorshipDate>2013-04-18</sponsorshipDate>
        <lastName>DAVIS</lastName>
      </item>
      <item>
        <firstName>JOSE</firstName>
        <fullName>Rep. Serrano, Jose E. [D-NY-15]</fullName>
        <identifiers>
          <lisID>1042</lisID>
          <bioguideId>S000248</bioguideId>
          <gpoId>8077</gpoId>
        </identifiers>
        <bioguideId>S000248</bioguideId>
        <sponsorshipWithdrawnDate />
        <middleName>E.</middleName>
        <isOriginalCosponsor>True</isOriginalCosponsor>
        <sponsorshipDate>2013-04-18</sponsorshipDate>
        <lastName>SERRANO</lastName>
      </item>
      <item>
        <firstName>ADAM</firstName>
        <fullName>Rep. Smith, Adam [D-WA-9]</fullName>
        <identifiers>
          <bioguideId>S000510</bioguideId>
          <lisID>1528</lisID>
          <gpoId>8213</gpoId>
        </identifiers>
        <bioguideId>S000510</bioguideId>
        <sponsorshipWithdrawnDate />
        <middleName />
        <isOriginalCosponsor>True</isOriginalCosponsor>
        <sponsorshipDate>2013-04-18</sponsorshipDate>
        <lastName>SMITH</lastName>
      </item>
      <item>
        <firstName>LUIS</firstName>
        <fullName>Rep. Gutierrez, Luis V. [D-IL-4]</fullName>
        <identifiers>
          <lisID>478</lisID>
          <gpoId>7924</gpoId>
          <bioguideId>G000535</bioguideId>
        </identifiers>
        <bioguideId>G000535</bioguideId>
        <sponsorshipWithdrawnDate />
        <middleName>V.</middleName>
        <isOriginalCosponsor>True</isOriginalCosponsor>
        <sponsorshipDate>2013-04-18</sponsorshipDate>
        <lastName>GUTIERREZ</lastName>
      </item>
      <item>
        <firstName>Theodore</firstName>
        <fullName>Rep. Deutch, Theodore E. [D-FL-21]</fullName>
        <identifiers>
          <bioguideId>D000610</bioguideId>
          <lisID>1976</lisID>
          <gpoId>7891</gpoId>
        </identifiers>
        <bioguideId>D000610</bioguideId>
        <sponsorshipWithdrawnDate />
        <middleName>E.</middleName>
        <isOriginalCosponsor>True</isOriginalCosponsor>
        <sponsorshipDate>2013-04-18</sponsorshipDate>
        <lastName>Deutch</lastName>
      </item>
      <item>
        <firstName>JERROLD</firstName>
        <fullName>Rep. Nadler, Jerrold [D-NY-10]</fullName>
        <identifiers>
          <lisID>850</lisID>
          <bioguideId>N000002</bioguideId>
          <gpoId>8069</gpoId>
        </identifiers>
        <bioguideId>N000002</bioguideId>
        <sponsorshipWithdrawnDate />
        <middleName />
        <isOriginalCosponsor>True</isOriginalCosponsor>
        <sponsorshipDate>2013-04-18</sponsorshipDate>
        <lastName>NADLER</lastName>
      </item>
      <item>
        <firstName>Grace</firstName>
        <fullName>Rep. Meng, Grace [D-NY-6]</fullName>
        <identifiers>
          <gpoId />
          <lisID>2148</lisID>
          <bioguideId>M001188</bioguideId>
        </identifiers>
        <bioguideId>M001188</bioguideId>
        <sponsorshipWithdrawnDate />
        <middleName />
        <isOriginalCosponsor>True</isOriginalCosponsor>
        <sponsorshipDate>2013-04-18</sponsorshipDate>
        <lastName>Meng</lastName>
      </item>
      <item>
        <firstName>EDDIE</firstName>
        <fullName>Rep. Johnson, Eddie Bernice [D-TX-30]</fullName>
        <identifiers>
          <bioguideId>J000126</bioguideId>
          <lisID>599</lisID>
          <gpoId>8186</gpoId>
        </identifiers>
        <bioguideId>J000126</bioguideId>
        <sponsorshipWithdrawnDate />
        <middleName>BERNICE</middleName>
        <isOriginalCosponsor>True</isOriginalCosponsor>
        <sponsorshipDate>2013-04-18</sponsorshipDate>
        <lastName>JOHNSON</lastName>
      </item>
      <item>
        <firstName>Judy</firstName>
        <fullName>Rep. Chu, Judy [D-CA-27]</fullName>
        <identifiers>
          <lisID>1970</lisID>
          <bioguideId>C001080</bioguideId>
          <gpoId>7837</gpoId>
        </identifiers>
        <bioguideId>C001080</bioguideId>
        <sponsorshipWithdrawnDate />
        <middleName />
        <isOriginalCosponsor>True</isOriginalCosponsor>
        <sponsorshipDate>2013-04-18</sponsorshipDate>
        <lastName>Chu</lastName>
      </item>
      <item>
        <firstName>MICHAEL</firstName>
        <fullName>Rep. Honda, Michael M. [D-CA-17]</fullName>
        <identifiers>
          <lisID>1634</lisID>
          <gpoId>7820</gpoId>
          <bioguideId>H001034</bioguideId>
        </identifiers>
        <bioguideId>H001034</bioguideId>
        <sponsorshipWithdrawnDate />
        <middleName>M.</middleName>
        <isOriginalCosponsor>True</isOriginalCosponsor>
        <sponsorshipDate>2013-04-18</sponsorshipDate>
        <lastName>HONDA</lastName>
      </item>
      <item>
        <firstName>ROBERT</firstName>
        <fullName>Rep. Andrews, Robert E. [D-NJ-1]</fullName>
        <identifiers>
          <gpoId>8043</gpoId>
          <lisID>21</lisID>
          <bioguideId>A000210</bioguideId>
        </identifiers>
        <bioguideId>A000210</bioguideId>
        <sponsorshipWithdrawnDate />
        <middleName>E.</middleName>
        <isOriginalCosponsor>True</isOriginalCosponsor>
        <sponsorshipDate>2013-04-18</sponsorshipDate>
        <lastName>ANDREWS</lastName>
      </item>
      <item>
        <firstName>Dina</firstName>
        <fullName>Rep. Titus, Dina [D-NV-1]</fullName>
        <identifiers>
          <lisID>1940</lisID>
          <bioguideId>T000468</bioguideId>
          <gpoId>7493</gpoId>
        </identifiers>
        <bioguideId>T000468</bioguideId>
        <sponsorshipWithdrawnDate />
        <middleName />
        <isOriginalCosponsor>True</isOriginalCosponsor>
        <sponsorshipDate>2013-04-18</sponsorshipDate>
        <lastName>Titus</lastName>
      </item>
      <item>
        <firstName>ZOE</firstName>
        <fullName>Rep. Lofgren, Zoe [D-CA-19]</fullName>
        <identifiers>
          <lisID>701</lisID>
          <bioguideId>L000397</bioguideId>
          <gpoId>7821</gpoId>
        </identifiers>
        <bioguideId>L000397</bioguideId>
        <sponsorshipWithdrawnDate />
        <middleName />
        <isOriginalCosponsor>True</isOriginalCosponsor>
        <sponsorshipDate>2013-04-18</sponsorshipDate>
        <lastName>LOFGREN</lastName>
      </item>
      <item>
        <firstName>Al</firstName>
        <fullName>Rep. Green, Al [D-TX-9]</fullName>
        <identifiers>
          <gpoId>8165</gpoId>
          <lisID>1803</lisID>
          <bioguideId>G000553</bioguideId>
        </identifiers>
        <bioguideId>G000553</bioguideId>
        <sponsorshipWithdrawnDate />
        <middleName />
        <isOriginalCosponsor>True</isOriginalCosponsor>
        <sponsorshipDate>2013-04-18</sponsorshipDate>
        <lastName>Green</lastName>
      </item>
      <item>
        <firstName>BARBARA</firstName>
        <fullName>Rep. Lee, Barbara [D-CA-13]</fullName>
        <identifiers>
          <lisID>1501</lisID>
          <bioguideId>L000551</bioguideId>
          <gpoId>7814</gpoId>
        </identifiers>
        <bioguideId>L000551</bioguideId>
        <sponsorshipWithdrawnDate />
        <middleName />
        <isOriginalCosponsor>True</isOriginalCosponsor>
        <sponsorshipDate>2013-04-18</sponsorshipDate>
        <lastName>LEE</lastName>
      </item>
      <item>
        <firstName>RUSH</firstName>
        <fullName>Rep. Holt, Rush [D-NJ-12]</fullName>
        <identifiers>
          <lisID>1580</lisID>
          <gpoId>8054</gpoId>
          <bioguideId>H001032</bioguideId>
        </identifiers>
        <bioguideId>H001032</bioguideId>
        <sponsorshipWithdrawnDate />
        <middleName>D.</middleName>
        <isOriginalCosponsor>True</isOriginalCosponsor>
        <sponsorshipDate>2013-04-18</sponsorshipDate>
        <lastName>HOLT</lastName>
      </item>
      <item>
        <firstName>Kyrsten</firstName>
        <fullName>Rep. Sinema, Kyrsten [D-AZ-9]</fullName>
        <identifiers>
          <gpoId />
          <lisID>2099</lisID>
          <bioguideId>S001191</bioguideId>
        </identifiers>
        <bioguideId>S001191</bioguideId>
        <sponsorshipWithdrawnDate />
        <middleName />
        <isOriginalCosponsor>False</isOriginalCosponsor>
        <sponsorshipDate>2013-04-24</sponsorshipDate>
        <lastName>Sinema</lastName>
      </item>
    </cosponsors>
  </bill>
  <dublinCore xmlns:dc="http://purl.org/dc/elements/1.1/">
    <dc:format>text/xml</dc:format>
    <dc:language>EN</dc:language>
    <dc:rights>Pursuant to Title 17 Section 105 of the United States Code, this file is not subject to copyright protection and is in the public domain.</dc:rights>
    <dc:contributor>Congressional Research Service, Library of Congress</dc:contributor>
    <dc:description>This file contains bill summaries and statuses for federal legislation. A bill summary describes the most significant provisions of a piece of legislation and details the effects the legislative text may have on current law and federal programs. Bill summaries are authored by the Congressional Research Service (CRS) of the Library of Congress. As stated in Public Law 91-510 (2 USC 166 (d)(6)), one of the duties of CRS is "to prepare summaries and digests of bills and resolutions of a public general nature introduced in the Senate or House of Representatives". For more information, refer to the User Guide that accompanies this file.</dc:description>
  </dublinCore>
</billStatus>

