<?xml version="1.0" encoding="UTF-8"?>
<billStatus>
  <bill>
    <committeeReports />
    <committees>
      <billCommittees />
    </committees>
    <createDate>2014-01-17T07:02:01Z</createDate>
    <amendments />
    <policyArea>
      <name>Congress</name>
    </policyArea>
    <sponsors>
      <item>
        <district>7</district>
        <firstName>ERIC</firstName>
        <bioguideId>C001046</bioguideId>
        <identifiers>
          <lisID>1674</lisID>
          <gpoId>8198</gpoId>
          <bioguideId>C001046</bioguideId>
        </identifiers>
        <lastName>CANTOR</lastName>
        <middleName />
        <byRequestType />
        <fullName>Rep. Cantor, Eric [R-VA-7]</fullName>
        <party>R</party>
        <state>VA</state>
      </item>
    </sponsors>
    <subjects>
      <billSubjects>
        <legislativeSubjects>
          <item>
            <name>Congressional operations and organization</name>
          </item>
          <item>
            <name>Presidents and presidential powers, Vice Presidents</name>
          </item>
        </legislativeSubjects>
        <policyArea>
          <name>Congress</name>
        </policyArea>
      </billSubjects>
    </subjects>
    <notes />
    <cosponsors />
    <title>Providing for a joint session of Congress to receive a message from the President.</title>
    <billNumber>75</billNumber>
    <cboCostEstimates />
    <titles>
      <item>
        <chamberCode />
        <chamberName />
        <title>Providing for a joint session of Congress to receive a message from the President.</title>
        <parentTitleType />
        <titleType>Official Title as Introduced</titleType>
      </item>
      <item>
        <chamberCode />
        <chamberName />
        <title>Providing for a joint session of Congress to receive a message from the President.</title>
        <parentTitleType />
        <titleType>Display Title</titleType>
      </item>
    </titles>
    <summaries>
      <billSummaries>
        <item>
          <text><![CDATA[<p>Provides for a joint session of Congress on January 28, 2014, to receive a message from the President.</p>]]></text>
          <versionCode>00</versionCode>
          <actionDesc>Introduced in House</actionDesc>
          <lastSummaryUpdateDate>2014-01-17T22:10:26Z</lastSummaryUpdateDate>
          <updateDate>2014-01-16T05:00:00Z</updateDate>
          <actionDate>2014-01-16</actionDate>
          <name>Introduced in House</name>
        </item>
        <item>
          <text><![CDATA[<p><b>(This measure has not been amended since it was introduced. The summary of that version is repeated here.)</b></p> <p>Provides for a joint session of Congress on January 28, 2014, to receive a message from the President.</p>]]></text>
          <versionCode>81</versionCode>
          <actionDesc>Passed House without amendment</actionDesc>
          <lastSummaryUpdateDate>2014-01-17T22:10:34Z</lastSummaryUpdateDate>
          <updateDate>2014-01-16T16:18:34Z</updateDate>
          <actionDate>2014-01-16</actionDate>
          <name>Passed House without amendment</name>
        </item>
        <item>
          <text><![CDATA[<p><b>(This measure has not been amended since it was introduced. The summary of that version is repeated here.)</b></p> <p>Provides for a joint session of Congress on January 28, 2014, to receive a message from the President.</p>]]></text>
          <versionCode>82</versionCode>
          <actionDesc>Passed Senate without amendment</actionDesc>
          <lastSummaryUpdateDate>2014-01-28T16:06:08Z</lastSummaryUpdateDate>
          <updateDate>2014-01-27T14:48:57Z</updateDate>
          <actionDate>2014-01-27</actionDate>
          <name>Passed Senate without amendment</name>
        </item>
      </billSummaries>
    </summaries>
    <relatedBills />
    <calendarNumbers />
    <recordedVotes />
    <introducedDate>2014-01-16</introducedDate>
    <latestAction>
      <links />
      <actionDate>2014-01-28</actionDate>
      <text>Message on Senate action sent to the House.</text>
    </latestAction>
    <congress>113</congress>
    <constitutionalAuthorityStatementText />
    <billType>HCONRES</billType>
    <actions>
      <actionTypeCounts>
        <sentToHouse>1</sentToHouse>
        <considerationByHouse>1</considerationByHouse>
        <passageOfAMeasure>1</passageOfAMeasure>
        <motionToReconsiderResults>1</motionToReconsiderResults>
        <passedOrAgreedToInSenateDayOf>1</passedOrAgreedToInSenateDayOf>
        <passedAgreedToInHouse>1</passedAgreedToInHouse>
        <introducedInTheHouse>1</introducedInTheHouse>
        <introducedInHouse>1</introducedInHouse>
        <passedAgreedToInSenate>1</passedAgreedToInSenate>
      </actionTypeCounts>
      <item>
        <actionDate>2014-01-28</actionDate>
        <committee />
        <links />
        <sourceSystem>
          <code>0</code>
          <name>Senate</name>
        </sourceSystem>
        <text>Message on Senate action sent to the House.</text>
        <type>Floor</type>
      </item>
      <item>
        <actionDate>2014-01-27</actionDate>
        <committee />
        <links>
          <link>
            <name>S491</name>
            <url>https://www.congress.gov/congressional-record/volume-160/senate-section/page/S491</url>
          </link>
        </links>
        <sourceSystem>
          <code>0</code>
          <name>Senate</name>
        </sourceSystem>
        <text>Received in the Senate, considered, and agreed to without amendment by Unanimous Consent. (consideration: CR S491)</text>
        <type>Floor</type>
      </item>
      <item>
        <actionDate>2014-01-27</actionDate>
        <sourceSystem>
          <code>9</code>
          <name>Library of Congress</name>
        </sourceSystem>
        <text>Passed/agreed to in Senate: Received in the Senate, considered, and agreed to without amendment by Unanimous Consent.(consideration: CR S491)</text>
        <type>Floor</type>
        <links>
          <link>
            <name>S491</name>
            <url>https://www.congress.gov/congressional-record/volume-160/senate-section/page/S491</url>
          </link>
        </links>
        <actionCode>17000</actionCode>
        <committee />
      </item>
      <item>
        <actionDate>2014-01-16</actionDate>
        <sourceSystem>
          <code>2</code>
          <name>House floor actions</name>
        </sourceSystem>
        <text>Motion to reconsider laid on the table Agreed to without objection.</text>
        <type>Floor</type>
        <actionTime>12:04:16</actionTime>
        <links />
        <actionCode>H38310</actionCode>
        <committee />
      </item>
      <item>
        <actionDate>2014-01-16</actionDate>
        <sourceSystem>
          <code>2</code>
          <name>House floor actions</name>
        </sourceSystem>
        <text>On agreeing to the resolution Agreed to by voice vote.</text>
        <type>Floor</type>
        <actionTime>12:04:10</actionTime>
        <links />
        <actionCode>H37100</actionCode>
        <committee />
      </item>
      <item>
        <actionDate>2014-01-16</actionDate>
        <sourceSystem>
          <code>9</code>
          <name>Library of Congress</name>
        </sourceSystem>
        <text>Passed/agreed to in House: On agreeing to the resolution Agreed to by voice vote.</text>
        <type>Floor</type>
        <actionTime>12:04:10</actionTime>
        <links />
        <actionCode>8000</actionCode>
        <committee />
      </item>
      <item>
        <actionDate>2014-01-16</actionDate>
        <sourceSystem>
          <code>2</code>
          <name>House floor actions</name>
        </sourceSystem>
        <text>Considered as privileged matter. (consideration: CR H1228-1229)</text>
        <type>Floor</type>
        <actionTime>12:04:00</actionTime>
        <links>
          <link>
            <name>H1228-1229</name>
            <url>https://www.congress.gov/congressional-record/volume-160/house-section/page/H1228-1229</url>
          </link>
        </links>
        <actionCode>H30000</actionCode>
        <committee />
      </item>
      <item>
        <actionDate>2014-01-16</actionDate>
        <sourceSystem>
          <code>9</code>
          <name>Library of Congress</name>
        </sourceSystem>
        <text>Introduced in House</text>
        <type>IntroReferral</type>
        <links />
        <actionCode>Intro-H</actionCode>
        <committee />
      </item>
      <item>
        <actionDate>2014-01-16</actionDate>
        <sourceSystem>
          <code>9</code>
          <name>Library of Congress</name>
        </sourceSystem>
        <text>Introduced in House</text>
        <type>IntroReferral</type>
        <links />
        <actionCode>1000</actionCode>
        <committee />
      </item>
      <actionByCounts>
        <senate>3</senate>
        <houseOfRepresentatives>6</houseOfRepresentatives>
      </actionByCounts>
    </actions>
    <originChamber>House</originChamber>
    <laws />
    <updateDate>2016-10-25T15:54:08Z</updateDate>
  </bill>
  <dublinCore xmlns:dc="http://purl.org/dc/elements/1.1/">
    <dc:format>text/xml</dc:format>
    <dc:language>EN</dc:language>
    <dc:rights>Pursuant to Title 17 Section 105 of the United States Code, this file is not subject to copyright protection and is in the public domain.</dc:rights>
    <dc:contributor>Congressional Research Service, Library of Congress</dc:contributor>
    <dc:description>This file contains bill summaries and statuses for federal legislation. A bill summary describes the most significant provisions of a piece of legislation and details the effects the legislative text may have on current law and federal programs. Bill summaries are authored by the Congressional Research Service (CRS) of the Library of Congress. As stated in Public Law 91-510 (2 USC 166 (d)(6)), one of the duties of CRS is "to prepare summaries and digests of bills and resolutions of a public general nature introduced in the Senate or House of Representatives". For more information, refer to the User Guide that accompanies this file.</dc:description>
  </dublinCore>
</billStatus>

