<?xml version="1.0" encoding="UTF-8"?>
<billStatus>
  <bill>
    <policyArea>
      <name>Health</name>
    </policyArea>
    <constitutionalAuthorityStatementText />
    <sponsors>
      <item>
        <identifiers>
          <bioguideId>B001281</bioguideId>
          <lisID>2153</lisID>
          <gpoId />
        </identifiers>
        <district>3</district>
        <byRequestType />
        <fullName>Rep. Beatty, Joyce [D-OH-3]</fullName>
        <firstName>Joyce</firstName>
        <state>OH</state>
        <bioguideId>B001281</bioguideId>
        <middleName />
        <party>D</party>
        <lastName>Beatty</lastName>
      </item>
    </sponsors>
    <committeeReports />
    <titles>
      <item>
        <parentTitleType />
        <chamberCode />
        <chamberName />
        <title>Supporting the goals and ideals of suicide prevention awareness.</title>
        <titleType>Official Title as Introduced</titleType>
      </item>
      <item>
        <parentTitleType />
        <chamberCode />
        <chamberName />
        <title>Supporting the goals and ideals of suicide prevention awareness.</title>
        <titleType>Display Title</titleType>
      </item>
    </titles>
    <laws />
    <createDate>2013-11-15T07:01:12Z</createDate>
    <recordedVotes />
    <billNumber>64</billNumber>
    <originChamber>House</originChamber>
    <committees>
      <billCommittees>
        <item>
          <subcommittees>
            <item>
              <name>Health Subcommittee</name>
              <activities>
                <item>
                  <name>Referred to</name>
                  <date>2013-11-15T16:29:57Z</date>
                </item>
              </activities>
              <systemCode>hsif14</systemCode>
            </item>
          </subcommittees>
          <chamber>House</chamber>
          <type>Standing</type>
          <name>Energy and Commerce Committee</name>
          <systemCode>hsif00</systemCode>
          <activities>
            <item>
              <name>Referred to</name>
              <date>2013-11-14T15:00:29Z</date>
            </item>
          </activities>
        </item>
      </billCommittees>
    </committees>
    <relatedBills>
      <item>
        <latestAction>
          <actionDate>2013-09-26</actionDate>
          <text>Submitted in the Senate, considered, and agreed to without amendment and with a preamble by Unanimous Consent. (consideration: CR S6968-6969; text as passed Senate: CR S6962)</text>
        </latestAction>
        <type>SRES</type>
        <congress>113</congress>
        <latestTitle>A resolution supporting the goals and ideals of suicide prevention awareness.</latestTitle>
        <number>262</number>
        <relationshipDetails>
          <item>
            <identifiedBy>CRS</identifiedBy>
            <type>Related bill</type>
          </item>
        </relationshipDetails>
      </item>
    </relatedBills>
    <updateDate>2016-10-25T15:54:07Z</updateDate>
    <summaries>
      <billSummaries>
        <item>
          <updateDate>2013-11-14T05:00:00Z</updateDate>
          <lastSummaryUpdateDate>2013-11-25T21:47:04Z</lastSummaryUpdateDate>
          <actionDate>2013-11-14</actionDate>
          <text><![CDATA[<p>Expresses support for the goals and ideals of National Suicide Prevention and Awareness Month and efforts to raise awareness and improve outreach to individuals at risk for suicide, especially veterans and members of the Armed Forces.</p> <p>Encourages the people of the United States to learn more about the warning signs of suicide and how each person can help prevent suicide and promote mental health.</p>]]></text>
          <name>Introduced in House</name>
          <versionCode>00</versionCode>
          <actionDesc>Introduced in House</actionDesc>
        </item>
      </billSummaries>
    </summaries>
    <congress>113</congress>
    <title>Supporting the goals and ideals of suicide prevention awareness.</title>
    <calendarNumbers />
    <actions>
      <actionTypeCounts>
        <introducedInTheHouse>1</introducedInTheHouse>
        <billReferrals>1</billReferrals>
        <placeholderTextForH>1</placeholderTextForH>
        <introducedInHouse>1</introducedInHouse>
      </actionTypeCounts>
      <actionByCounts>
        <houseOfRepresentatives>4</houseOfRepresentatives>
      </actionByCounts>
      <item>
        <actionDate>2013-11-15</actionDate>
        <committee>
          <name>Health Subcommittee</name>
          <systemCode>hsif14</systemCode>
        </committee>
        <links />
        <sourceSystem>
          <name>House committee actions</name>
          <code>1</code>
        </sourceSystem>
        <text>Referred to the Subcommittee on Health.</text>
        <type>Committee</type>
      </item>
      <item>
        <text>Referred to the House Committee on Energy and Commerce.</text>
        <sourceSystem>
          <name>House floor actions</name>
          <code>2</code>
        </sourceSystem>
        <committee>
          <name>Energy and Commerce Committee</name>
          <systemCode>hsif00</systemCode>
        </committee>
        <type>IntroReferral</type>
        <links />
        <actionCode>H11100</actionCode>
        <actionDate>2013-11-14</actionDate>
      </item>
      <item>
        <text>Introduced in House</text>
        <sourceSystem>
          <name>Library of Congress</name>
          <code>9</code>
        </sourceSystem>
        <committee />
        <type>IntroReferral</type>
        <links />
        <actionCode>Intro-H</actionCode>
        <actionDate>2013-11-14</actionDate>
      </item>
      <item>
        <text>Introduced in House</text>
        <sourceSystem>
          <name>Library of Congress</name>
          <code>9</code>
        </sourceSystem>
        <committee />
        <type>IntroReferral</type>
        <links />
        <actionCode>1000</actionCode>
        <actionDate>2013-11-14</actionDate>
      </item>
    </actions>
    <amendments />
    <cboCostEstimates />
    <introducedDate>2013-11-14</introducedDate>
    <latestAction>
      <text>Referred to the Subcommittee on Health.</text>
      <actionDate>2013-11-15</actionDate>
      <links />
    </latestAction>
    <subjects>
      <billSubjects>
        <legislativeSubjects>
          <item>
            <name>Commemorative events and holidays</name>
          </item>
          <item>
            <name>Health promotion and preventive care</name>
          </item>
          <item>
            <name>Mental health</name>
          </item>
          <item>
            <name>Military medicine</name>
          </item>
          <item>
            <name>Military personnel and dependents</name>
          </item>
          <item>
            <name>Veterans' medical care</name>
          </item>
        </legislativeSubjects>
        <policyArea>
          <name>Health</name>
        </policyArea>
      </billSubjects>
    </subjects>
    <cosponsors>
      <item>
        <fullName>Rep. Ryan, Tim [D-OH-13]</fullName>
        <lastName>RYAN</lastName>
        <bioguideId>R000577</bioguideId>
        <party>D</party>
        <district>13</district>
        <sponsorshipWithdrawnDate />
        <state>OH</state>
        <isOriginalCosponsor>True</isOriginalCosponsor>
        <sponsorshipDate>2013-11-14</sponsorshipDate>
        <middleName />
        <firstName>TIM</firstName>
        <identifiers>
          <lisID>1756</lisID>
          <gpoId>8107</gpoId>
          <bioguideId>R000577</bioguideId>
        </identifiers>
      </item>
      <item>
        <fullName>Rep. Norton, Eleanor Holmes [D-DC-At Large]</fullName>
        <lastName>NORTON</lastName>
        <bioguideId>N000147</bioguideId>
        <party>D</party>
        <district>0</district>
        <sponsorshipWithdrawnDate />
        <state>DC</state>
        <isOriginalCosponsor>True</isOriginalCosponsor>
        <sponsorshipDate>2013-11-14</sponsorshipDate>
        <middleName>HOLMES</middleName>
        <firstName>ELEANOR</firstName>
        <identifiers>
          <lisID>868</lisID>
          <gpoId>7871</gpoId>
          <bioguideId>N000147</bioguideId>
        </identifiers>
      </item>
      <item>
        <fullName>Rep. Ellison, Keith [D-MN-5]</fullName>
        <lastName>Ellison</lastName>
        <bioguideId>E000288</bioguideId>
        <party>D</party>
        <district>5</district>
        <sponsorshipWithdrawnDate />
        <state>MN</state>
        <isOriginalCosponsor>True</isOriginalCosponsor>
        <sponsorshipDate>2013-11-14</sponsorshipDate>
        <middleName />
        <firstName>Keith</firstName>
        <identifiers>
          <lisID>1857</lisID>
          <gpoId>8005</gpoId>
          <bioguideId>E000288</bioguideId>
        </identifiers>
      </item>
      <item>
        <fullName>Rep. Grijalva, Raul M. [D-AZ-3]</fullName>
        <lastName>Grijalva</lastName>
        <bioguideId>G000551</bioguideId>
        <party>D</party>
        <district>3</district>
        <sponsorshipWithdrawnDate />
        <state>AZ</state>
        <isOriginalCosponsor>True</isOriginalCosponsor>
        <sponsorshipDate>2013-11-14</sponsorshipDate>
        <middleName>M.</middleName>
        <firstName>Raul</firstName>
        <identifiers>
          <gpoId>7804</gpoId>
          <lisID>1708</lisID>
          <bioguideId>G000551</bioguideId>
        </identifiers>
      </item>
      <item>
        <fullName>Rep. Bordallo, Madeleine Z. [D-GU-At Large]</fullName>
        <lastName>Bordallo</lastName>
        <bioguideId>B001245</bioguideId>
        <party>D</party>
        <district>0</district>
        <sponsorshipWithdrawnDate />
        <state>GU</state>
        <isOriginalCosponsor>True</isOriginalCosponsor>
        <sponsorshipDate>2013-11-14</sponsorshipDate>
        <middleName>Z.</middleName>
        <firstName>Madeleine</firstName>
        <identifiers>
          <lisID>1723</lisID>
          <bioguideId>B001245</bioguideId>
          <gpoId>7911</gpoId>
        </identifiers>
      </item>
      <item>
        <fullName>Rep. O'Rourke, Beto [D-TX-16]</fullName>
        <lastName>O'Rourke</lastName>
        <bioguideId>O000170</bioguideId>
        <party>D</party>
        <district>16</district>
        <sponsorshipWithdrawnDate />
        <state>TX</state>
        <isOriginalCosponsor>False</isOriginalCosponsor>
        <sponsorshipDate>2013-11-15</sponsorshipDate>
        <middleName />
        <firstName>Beto</firstName>
        <identifiers>
          <lisID>2162</lisID>
          <gpoId />
          <bioguideId>O000170</bioguideId>
        </identifiers>
      </item>
      <item>
        <fullName>Rep. Johnson, Bill [R-OH-6]</fullName>
        <lastName>Johnson</lastName>
        <bioguideId>J000292</bioguideId>
        <party>R</party>
        <district>6</district>
        <sponsorshipWithdrawnDate />
        <state>OH</state>
        <isOriginalCosponsor>False</isOriginalCosponsor>
        <sponsorshipDate>2013-11-19</sponsorshipDate>
        <middleName />
        <firstName>Bill</firstName>
        <identifiers>
          <gpoId>8096</gpoId>
          <lisID>2046</lisID>
          <bioguideId>J000292</bioguideId>
        </identifiers>
      </item>
      <item>
        <fullName>Rep. Lowenthal, Alan S. [D-CA-47]</fullName>
        <lastName>Lowenthal</lastName>
        <bioguideId>L000579</bioguideId>
        <party>D</party>
        <district>47</district>
        <sponsorshipWithdrawnDate />
        <state>CA</state>
        <isOriginalCosponsor>False</isOriginalCosponsor>
        <sponsorshipDate>2013-12-03</sponsorshipDate>
        <middleName>S.</middleName>
        <firstName>Alan</firstName>
        <identifiers>
          <lisID>2111</lisID>
          <bioguideId>L000579</bioguideId>
          <gpoId />
        </identifiers>
      </item>
      <item>
        <fullName>Rep. Carson, Andre [D-IN-7]</fullName>
        <lastName>Carson</lastName>
        <bioguideId>C001072</bioguideId>
        <party>D</party>
        <district>7</district>
        <sponsorshipWithdrawnDate />
        <state>IN</state>
        <isOriginalCosponsor>False</isOriginalCosponsor>
        <sponsorshipDate>2014-01-08</sponsorshipDate>
        <middleName />
        <firstName>Andre</firstName>
        <identifiers>
          <gpoId>7946</gpoId>
          <lisID>1889</lisID>
          <bioguideId>C001072</bioguideId>
        </identifiers>
      </item>
      <item>
        <fullName>Rep. Cartwright, Matt [D-PA-17]</fullName>
        <lastName>Cartwright</lastName>
        <bioguideId>C001090</bioguideId>
        <party>D</party>
        <district>17</district>
        <sponsorshipWithdrawnDate />
        <state>PA</state>
        <isOriginalCosponsor>False</isOriginalCosponsor>
        <sponsorshipDate>2014-01-08</sponsorshipDate>
        <middleName />
        <firstName>Matt</firstName>
        <identifiers>
          <lisID>2159</lisID>
          <gpoId />
          <bioguideId>C001090</bioguideId>
        </identifiers>
      </item>
      <item>
        <fullName>Rep. Eshoo, Anna G. [D-CA-18]</fullName>
        <lastName>ESHOO</lastName>
        <bioguideId>E000215</bioguideId>
        <party>D</party>
        <district>18</district>
        <sponsorshipWithdrawnDate />
        <state>CA</state>
        <isOriginalCosponsor>False</isOriginalCosponsor>
        <sponsorshipDate>2014-02-21</sponsorshipDate>
        <middleName>G.</middleName>
        <firstName>ANNA</firstName>
        <identifiers>
          <lisID>355</lisID>
          <bioguideId>E000215</bioguideId>
          <gpoId>7819</gpoId>
        </identifiers>
      </item>
    </cosponsors>
    <notes />
    <billType>HCONRES</billType>
  </bill>
  <dublinCore xmlns:dc="http://purl.org/dc/elements/1.1/">
    <dc:format>text/xml</dc:format>
    <dc:language>EN</dc:language>
    <dc:rights>Pursuant to Title 17 Section 105 of the United States Code, this file is not subject to copyright protection and is in the public domain.</dc:rights>
    <dc:contributor>Congressional Research Service, Library of Congress</dc:contributor>
    <dc:description>This file contains bill summaries and statuses for federal legislation. A bill summary describes the most significant provisions of a piece of legislation and details the effects the legislative text may have on current law and federal programs. Bill summaries are authored by the Congressional Research Service (CRS) of the Library of Congress. As stated in Public Law 91-510 (2 USC 166 (d)(6)), one of the duties of CRS is "to prepare summaries and digests of bills and resolutions of a public general nature introduced in the Senate or House of Representatives". For more information, refer to the User Guide that accompanies this file.</dc:description>
  </dublinCore>
</billStatus>

