<?xml version="1.0" encoding="UTF-8"?>
<billStatus>
  <bill>
    <billType>HCONRES</billType>
    <policyArea>
      <name>International Affairs</name>
    </policyArea>
    <recordedVotes />
    <summaries>
      <billSummaries>
        <item>
          <actionDate>2013-07-30</actionDate>
          <actionDesc>Introduced in House</actionDesc>
          <lastSummaryUpdateDate>2013-08-27T21:35:23Z</lastSummaryUpdateDate>
          <versionCode>00</versionCode>
          <updateDate>2013-07-30T04:00:00Z</updateDate>
          <name>Introduced in House</name>
          <text><![CDATA[<p>Welcomes the free and fair elections for the people of the Federal Democratic Republic of Nepal. </p> <p> Joins with the international community in providing the resources necessary to hold such elections, facilitate a peaceful transition of power, and establish a government that will protect the rights of the people.</p>]]></text>
        </item>
      </billSummaries>
    </summaries>
    <actions>
      <item>
        <actionDate>2013-08-16</actionDate>
        <committee>
          <systemCode>hsfa05</systemCode>
          <name>Asia and the Pacific Subcommittee</name>
        </committee>
        <links />
        <sourceSystem>
          <code>1</code>
          <name>House committee actions</name>
        </sourceSystem>
        <text>Referred to the Subcommittee on Asia and the Pacific.</text>
        <type>Committee</type>
      </item>
      <item>
        <text>Referred to the House Committee on Foreign Affairs.</text>
        <committee>
          <systemCode>hsfa00</systemCode>
          <name>Foreign Affairs Committee</name>
        </committee>
        <actionCode>H11100</actionCode>
        <sourceSystem>
          <code>2</code>
          <name>House floor actions</name>
        </sourceSystem>
        <type>IntroReferral</type>
        <actionDate>2013-07-30</actionDate>
        <links />
      </item>
      <item>
        <text>Introduced in House</text>
        <committee />
        <actionCode>Intro-H</actionCode>
        <sourceSystem>
          <code>9</code>
          <name>Library of Congress</name>
        </sourceSystem>
        <type>IntroReferral</type>
        <actionDate>2013-07-30</actionDate>
        <links />
      </item>
      <item>
        <text>Introduced in House</text>
        <committee />
        <actionCode>1000</actionCode>
        <sourceSystem>
          <code>9</code>
          <name>Library of Congress</name>
        </sourceSystem>
        <type>IntroReferral</type>
        <actionDate>2013-07-30</actionDate>
        <links />
      </item>
      <actionByCounts>
        <houseOfRepresentatives>4</houseOfRepresentatives>
      </actionByCounts>
      <actionTypeCounts>
        <placeholderTextForH>1</placeholderTextForH>
        <introducedInTheHouse>1</introducedInTheHouse>
        <billReferrals>1</billReferrals>
        <introducedInHouse>1</introducedInHouse>
      </actionTypeCounts>
    </actions>
    <updateDate>2016-10-25T15:54:05Z</updateDate>
    <amendments />
    <introducedDate>2013-07-30</introducedDate>
    <originChamber>House</originChamber>
    <billNumber>47</billNumber>
    <relatedBills />
    <calendarNumbers />
    <cosponsors>
      <item>
        <fullName>Rep. Kilmer, Derek [D-WA-6]</fullName>
        <firstName>Derek</firstName>
        <lastName>Kilmer</lastName>
        <identifiers>
          <lisID>2169</lisID>
          <gpoId />
          <bioguideId>K000381</bioguideId>
        </identifiers>
        <state>WA</state>
        <sponsorshipWithdrawnDate />
        <bioguideId>K000381</bioguideId>
        <district>6</district>
        <isOriginalCosponsor>True</isOriginalCosponsor>
        <middleName />
        <party>D</party>
        <sponsorshipDate>2013-07-30</sponsorshipDate>
      </item>
      <item>
        <fullName>Rep. Heck, Denny [D-WA-10]</fullName>
        <firstName>Denny</firstName>
        <lastName>Heck</lastName>
        <identifiers>
          <bioguideId>H001064</bioguideId>
          <lisID>2170</lisID>
          <gpoId />
        </identifiers>
        <state>WA</state>
        <sponsorshipWithdrawnDate />
        <bioguideId>H001064</bioguideId>
        <district>10</district>
        <isOriginalCosponsor>True</isOriginalCosponsor>
        <middleName />
        <party>D</party>
        <sponsorshipDate>2013-07-30</sponsorshipDate>
      </item>
      <item>
        <fullName>Rep. DelBene, Suzan K. [D-WA-1]</fullName>
        <firstName>Suzan</firstName>
        <lastName>DelBene</lastName>
        <identifiers>
          <lisID>2096</lisID>
          <gpoId>8374</gpoId>
          <bioguideId>D000617</bioguideId>
        </identifiers>
        <state>WA</state>
        <sponsorshipWithdrawnDate />
        <bioguideId>D000617</bioguideId>
        <district>1</district>
        <isOriginalCosponsor>False</isOriginalCosponsor>
        <middleName>K.</middleName>
        <party>D</party>
        <sponsorshipDate>2014-01-16</sponsorshipDate>
      </item>
    </cosponsors>
    <congress>113</congress>
    <committees>
      <billCommittees>
        <item>
          <systemCode>hsfa00</systemCode>
          <name>Foreign Affairs Committee</name>
          <activities>
            <item>
              <name>Referred to</name>
              <date>2013-07-30T16:01:15Z</date>
            </item>
          </activities>
          <type>Standing</type>
          <chamber>House</chamber>
          <subcommittees>
            <item>
              <systemCode>hsfa05</systemCode>
              <name>Asia and the Pacific Subcommittee</name>
              <activities>
                <item>
                  <name>Referred to</name>
                  <date>2013-08-16T12:47:51Z</date>
                </item>
              </activities>
            </item>
          </subcommittees>
        </item>
      </billCommittees>
    </committees>
    <sponsors>
      <item>
        <fullName>Rep. Larsen, Rick [D-WA-2]</fullName>
        <lastName>LARSEN</lastName>
        <byRequestType />
        <party>D</party>
        <state>WA</state>
        <middleName />
        <firstName>RICK</firstName>
        <bioguideId>L000560</bioguideId>
        <district>2</district>
        <identifiers>
          <bioguideId>L000560</bioguideId>
          <lisID>1675</lisID>
          <gpoId>8206</gpoId>
        </identifiers>
      </item>
    </sponsors>
    <latestAction>
      <text>Referred to the Subcommittee on Asia and the Pacific.</text>
      <actionDate>2013-08-16</actionDate>
      <links />
    </latestAction>
    <subjects>
      <billSubjects>
        <policyArea>
          <name>International Affairs</name>
        </policyArea>
        <legislativeSubjects>
          <item>
            <name>Asia</name>
          </item>
          <item>
            <name>Elections, voting, political campaign regulation</name>
          </item>
          <item>
            <name>Foreign aid and international relief</name>
          </item>
          <item>
            <name>Human rights</name>
          </item>
          <item>
            <name>Nepal</name>
          </item>
          <item>
            <name>Sovereignty, recognition, national governance and status</name>
          </item>
        </legislativeSubjects>
      </billSubjects>
    </subjects>
    <constitutionalAuthorityStatementText />
    <createDate>2013-07-31T15:52:16Z</createDate>
    <title>Calling for a democratically elected government for the people of the Federal Democratic Republic of Nepal.</title>
    <laws />
    <titles>
      <item>
        <title>Calling for a democratically elected government for the people of the Federal Democratic Republic of Nepal.</title>
        <chamberCode />
        <chamberName />
        <titleType>Official Title as Introduced</titleType>
        <parentTitleType />
      </item>
      <item>
        <title>Calling for a democratically elected government for the people of the Federal Democratic Republic of Nepal.</title>
        <chamberCode />
        <chamberName />
        <titleType>Display Title</titleType>
        <parentTitleType />
      </item>
    </titles>
    <committeeReports />
    <notes />
    <cboCostEstimates />
  </bill>
  <dublinCore xmlns:dc="http://purl.org/dc/elements/1.1/">
    <dc:format>text/xml</dc:format>
    <dc:language>EN</dc:language>
    <dc:rights>Pursuant to Title 17 Section 105 of the United States Code, this file is not subject to copyright protection and is in the public domain.</dc:rights>
    <dc:contributor>Congressional Research Service, Library of Congress</dc:contributor>
    <dc:description>This file contains bill summaries and statuses for federal legislation. A bill summary describes the most significant provisions of a piece of legislation and details the effects the legislative text may have on current law and federal programs. Bill summaries are authored by the Congressional Research Service (CRS) of the Library of Congress. As stated in Public Law 91-510 (2 USC 166 (d)(6)), one of the duties of CRS is "to prepare summaries and digests of bills and resolutions of a public general nature introduced in the Senate or House of Representatives". For more information, refer to the User Guide that accompanies this file.</dc:description>
  </dublinCore>
</billStatus>

