<?xml version="1.0" encoding="UTF-8"?>
<billStatus>
  <bill>
    <committees>
      <billCommittees />
    </committees>
    <congress>114</congress>
    <billNumber>55</billNumber>
    <updateDate>2016-11-15T09:52:12Z</updateDate>
    <calendarNumbers />
    <policyArea>
      <name>Education</name>
    </policyArea>
    <summaries>
      <billSummaries>
        <item>
          <versionCode>00</versionCode>
          <actionDate>2016-09-29</actionDate>
          <text><![CDATA[<p> Commemorates the 100th anniversary of the 1916 opening of the Texas A&amp;M College of Veterinary Medicine &amp; Biomedical Sciences and the 2016 opening of the new Texas A&amp;M Veterinary &amp; Biomedical Education complex in College Station, Texas.</p>]]></text>
          <lastSummaryUpdateDate>2016-10-25T20:43:29Z</lastSummaryUpdateDate>
          <actionDesc>Introduced in Senate</actionDesc>
          <name>Introduced in Senate</name>
          <updateDate>2016-09-29T04:00:00Z</updateDate>
        </item>
        <item>
          <versionCode>82</versionCode>
          <actionDate>2016-09-29</actionDate>
          <text><![CDATA[<p>(This measure has not been amended since it was introduced. The summary of that version is repeated here.)</p> <p> Commemorates the 100th anniversary of the 1916 opening of the Texas A&amp;M College of Veterinary Medicine &amp; Biomedical Sciences and the 2016 opening of the new Texas A&amp;M Veterinary &amp; Biomedical Education complex in College Station, Texas.</p>]]></text>
          <lastSummaryUpdateDate>2016-10-25T20:43:44Z</lastSummaryUpdateDate>
          <actionDesc>Passed Senate without amendment</actionDesc>
          <name>Passed Senate without amendment</name>
          <updateDate>2016-09-29T11:57:13Z</updateDate>
        </item>
      </billSummaries>
    </summaries>
    <title>A concurrent resolution commemorating the 100th anniversary of the 1916 opening of the Texas A&amp;M College of Veterinary Medicine &amp; Biomedical Sciences and the 2016 opening of the new Texas A&amp;M Veterinary &amp; Biomedical Education complex in College Station, Texas.</title>
    <laws />
    <cosponsors>
      <item>
        <state>TX</state>
        <bioguideId>C001098</bioguideId>
        <isOriginalCosponsor>True</isOriginalCosponsor>
        <fullName>Sen. Cruz, Ted [R-TX]</fullName>
        <lastName>Cruz</lastName>
        <identifiers>
          <gpoId />
          <lisID>2175</lisID>
          <bioguideId>C001098</bioguideId>
        </identifiers>
        <sponsorshipWithdrawnDate />
        <middleName />
        <sponsorshipDate>2016-09-29</sponsorshipDate>
        <party>R</party>
        <firstName>Ted</firstName>
      </item>
    </cosponsors>
    <billType>SCONRES</billType>
    <cboCostEstimates />
    <recordedVotes />
    <relatedBills>
      <item>
        <congress>114</congress>
        <type>HCONRES</type>
        <relationshipDetails>
          <item>
            <identifiedBy>CRS</identifiedBy>
            <type>Related bill</type>
          </item>
        </relationshipDetails>
        <number>163</number>
        <latestAction>
          <actionDate>2016-10-19</actionDate>
          <text>Referred to the Subcommittee on Biotechnology, Horticulture, and Research.</text>
        </latestAction>
        <latestTitle>Commemorating the 100th anniversary of the 1916 opening of the Texas A&amp;M College of Veterinary Medicine &amp; Biomedical Sciences and the 2016 opening of the new Texas A&amp;M Veterinary &amp; Biomedical Education complex in College Station, Texas.</latestTitle>
      </item>
    </relatedBills>
    <actions>
      <item>
        <text>Held at the desk.</text>
        <actionCode>H15000</actionCode>
        <links />
        <actionTime>19:46:03</actionTime>
        <actionDate>2016-11-14</actionDate>
        <sourceSystem>
          <code>2</code>
          <name>House floor actions</name>
        </sourceSystem>
        <committee />
        <type>Floor</type>
      </item>
      <item>
        <text>Received in the House.</text>
        <actionCode>H14000</actionCode>
        <links />
        <actionTime>14:14:01</actionTime>
        <actionDate>2016-11-14</actionDate>
        <sourceSystem>
          <code>2</code>
          <name>House floor actions</name>
        </sourceSystem>
        <committee />
        <type>Floor</type>
      </item>
      <item>
        <actionDate>2016-09-29</actionDate>
        <committee />
        <links />
        <sourceSystem>
          <code>0</code>
          <name>Senate</name>
        </sourceSystem>
        <text>Message on Senate action sent to the House.</text>
        <type>Floor</type>
      </item>
      <item>
        <actionDate>2016-09-29</actionDate>
        <committee />
        <links>
          <link>
            <name>S6282-6283</name>
            <url>https://www.congress.gov/congressional-record/volume-162/senate-section/page/S6282-6283</url>
          </link>
          <link>
            <name>S6286</name>
            <url>https://www.congress.gov/congressional-record/volume-162/senate-section/page/S6286</url>
          </link>
        </links>
        <sourceSystem>
          <code>0</code>
          <name>Senate</name>
        </sourceSystem>
        <text>Submitted in the Senate, considered, and agreed to without amendment and with a preamble by Unanimous Consent. (consideration: CR S6286; text as passed Senate: CR S6282-6283)</text>
        <type>Floor</type>
      </item>
      <item>
        <text>Passed/agreed to in Senate: Submitted in the Senate, considered, and agreed to without amendment and with a preamble by Unanimous Consent.</text>
        <committee />
        <actionCode>17000</actionCode>
        <sourceSystem>
          <code>9</code>
          <name>Library of Congress</name>
        </sourceSystem>
        <type>Floor</type>
        <actionDate>2016-09-29</actionDate>
        <links />
      </item>
      <item>
        <text>Introduced in Senate</text>
        <committee />
        <actionCode>10000</actionCode>
        <sourceSystem>
          <code>9</code>
          <name>Library of Congress</name>
        </sourceSystem>
        <type>IntroReferral</type>
        <actionDate>2016-09-29</actionDate>
        <links />
      </item>
      <actionByCounts>
        <houseOfRepresentatives>2</houseOfRepresentatives>
        <senate>4</senate>
      </actionByCounts>
      <actionTypeCounts>
        <receivedInTheHouse>1</receivedInTheHouse>
        <passedAgreedToInSenate>1</passedAgreedToInSenate>
        <passedOrAgreedToInSenateDayOf>1</passedOrAgreedToInSenateDayOf>
        <heldAtTheDesk>1</heldAtTheDesk>
        <sentToHouse>1</sentToHouse>
        <introducedInSenate>1</introducedInSenate>
      </actionTypeCounts>
    </actions>
    <notes />
    <latestAction>
      <actionDate>2016-11-14</actionDate>
      <actionTime>19:46:03</actionTime>
      <links />
      <text>Held at the desk.</text>
    </latestAction>
    <introducedDate>2016-09-29</introducedDate>
    <sponsors>
      <item>
        <fullName>Sen. Cornyn, John [R-TX]</fullName>
        <firstName>John</firstName>
        <byRequestType />
        <identifiers>
          <lisID>1692</lisID>
          <gpoId>8295</gpoId>
          <bioguideId>C001056</bioguideId>
        </identifiers>
        <middleName />
        <bioguideId>C001056</bioguideId>
        <party>R</party>
        <state>TX</state>
        <lastName>Cornyn</lastName>
      </item>
    </sponsors>
    <subjects>
      <billSubjects>
        <legislativeSubjects>
          <item>
            <name>Biological and life sciences</name>
          </item>
          <item>
            <name>Commemorative events and holidays</name>
          </item>
          <item>
            <name>Higher education</name>
          </item>
          <item>
            <name>Medical education</name>
          </item>
          <item>
            <name>Texas</name>
          </item>
          <item>
            <name>Veterinary medicine and animal diseases</name>
          </item>
        </legislativeSubjects>
        <policyArea>
          <name>Education</name>
        </policyArea>
      </billSubjects>
    </subjects>
    <committeeReports />
    <amendments />
    <createDate>2016-09-30T05:12:37Z</createDate>
    <originChamber>Senate</originChamber>
    <titles>
      <item>
        <title>A concurrent resolution commemorating the 100th anniversary of the 1916 opening of the Texas A&amp;M College of Veterinary Medicine &amp; Biomedical Sciences and the 2016 opening of the new Texas A&amp;M Veterinary &amp; Biomedical Education complex in College Station, Texas.</title>
        <parentTitleType />
        <titleType>Official Title as Introduced</titleType>
        <chamberCode />
        <chamberName />
      </item>
      <item>
        <title>A concurrent resolution commemorating the 100th anniversary of the 1916 opening of the Texas A&amp;M College of Veterinary Medicine &amp; Biomedical Sciences and the 2016 opening of the new Texas A&amp;M Veterinary &amp; Biomedical Education complex in College Station, Texas.</title>
        <parentTitleType />
        <titleType>Display Title</titleType>
        <chamberCode />
        <chamberName />
      </item>
    </titles>
  </bill>
  <dublinCore xmlns:dc="http://purl.org/dc/elements/1.1/">
    <dc:format>text/xml</dc:format>
    <dc:language>EN</dc:language>
    <dc:rights>Pursuant to Title 17 Section 105 of the United States Code, this file is not subject to copyright protection and is in the public domain.</dc:rights>
    <dc:contributor>Congressional Research Service, Library of Congress</dc:contributor>
    <dc:description>This file contains bill summaries and statuses for federal legislation. A bill summary describes the most significant provisions of a piece of legislation and details the effects the legislative text may have on current law and federal programs. Bill summaries are authored by the Congressional Research Service (CRS) of the Library of Congress. As stated in Public Law 91-510 (2 USC 166 (d)(6)), one of the duties of CRS is "to prepare summaries and digests of bills and resolutions of a public general nature introduced in the Senate or House of Representatives". For more information, refer to the User Guide that accompanies this file.</dc:description>
  </dublinCore>
</billStatus>

