<?xml version="1.0" encoding="UTF-8"?>
<billStatus>
  <bill>
    <billType>SCONRES</billType>
    <policyArea>
      <name>Foreign Trade and International Finance</name>
    </policyArea>
    <recordedVotes />
    <summaries>
      <billSummaries>
        <item>
          <actionDate>2016-07-13</actionDate>
          <actionDesc>Introduced in Senate</actionDesc>
          <lastSummaryUpdateDate>2016-07-15T13:51:16Z</lastSummaryUpdateDate>
          <versionCode>00</versionCode>
          <updateDate>2016-07-13T04:00:00Z</updateDate>
          <name>Introduced in Senate</name>
          <text><![CDATA[<p>Calls upon the President to begin negotiations for a trade agreement between the United States and the United Kingdom.</p>]]></text>
        </item>
      </billSummaries>
    </summaries>
    <title>A concurrent resolution expressing support for fostering closer economic and commercial ties between the United States and the United Kingdom following the decision of the people of the United Kingdom to withdraw from the European Union.</title>
    <titles>
      <item>
        <parentTitleType />
        <titleType>Official Title as Introduced</titleType>
        <title>A concurrent resolution expressing support for fostering closer economic and commercial ties between the United States and the United Kingdom following the decision of the people of the United Kingdom to withdraw from the European Union.</title>
        <chamberCode />
        <chamberName />
      </item>
      <item>
        <parentTitleType />
        <titleType>Display Title</titleType>
        <title>A concurrent resolution expressing support for fostering closer economic and commercial ties between the United States and the United Kingdom following the decision of the people of the United Kingdom to withdraw from the European Union.</title>
        <chamberCode />
        <chamberName />
      </item>
    </titles>
    <updateDate>2016-11-02T23:12:09Z</updateDate>
    <amendments />
    <introducedDate>2016-07-13</introducedDate>
    <originChamber>Senate</originChamber>
    <actions>
      <actionByCounts>
        <senate>2</senate>
      </actionByCounts>
      <item>
        <actionDate>2016-07-13</actionDate>
        <committee>
          <name>Finance Committee</name>
          <systemCode>ssfi00</systemCode>
        </committee>
        <links>
          <link>
            <name>S5088</name>
            <url>https://www.congress.gov/congressional-record/volume-162/senate-section/page/S5088</url>
          </link>
          <link>
            <name>S5088-5089</name>
            <url>https://www.congress.gov/congressional-record/volume-162/senate-section/page/S5088-5089</url>
          </link>
        </links>
        <sourceSystem>
          <name>Senate</name>
          <code>0</code>
        </sourceSystem>
        <text>Referred to the Committee on Finance. (text of measure as introduced: CR S5088; Sponsor introductory remarks on measure: CR S5088-5089)</text>
        <type>IntroReferral</type>
      </item>
      <item>
        <actionDate>2016-07-13</actionDate>
        <actionCode>10000</actionCode>
        <sourceSystem>
          <name>Library of Congress</name>
          <code>9</code>
        </sourceSystem>
        <links />
        <committee />
        <text>Introduced in Senate</text>
        <type>IntroReferral</type>
      </item>
      <actionTypeCounts>
        <introducedInSenate>1</introducedInSenate>
        <referredToCommittee>1</referredToCommittee>
      </actionTypeCounts>
    </actions>
    <relatedBills>
      <item>
        <relationshipDetails>
          <item>
            <identifiedBy>CRS</identifiedBy>
            <type>Identical bill</type>
          </item>
        </relationshipDetails>
        <latestAction>
          <actionDate>2016-07-22</actionDate>
          <text>Referred to the Subcommittee on Trade.</text>
        </latestAction>
        <latestTitle>Expressing support for fostering closer economic and commercial ties between the United States and the United Kingdom following the decision of the people of the United Kingdom to withdraw from the European Union.</latestTitle>
        <congress>114</congress>
        <number>146</number>
        <type>HCONRES</type>
      </item>
    </relatedBills>
    <calendarNumbers />
    <cosponsors>
      <item>
        <identifiers>
          <lisID>1395</lisID>
          <gpoId>8254</gpoId>
          <bioguideId>M000355</bioguideId>
        </identifiers>
        <middleName />
        <fullName>Sen. McConnell, Mitch [R-KY]</fullName>
        <isOriginalCosponsor>True</isOriginalCosponsor>
        <firstName>MITCH</firstName>
        <sponsorshipWithdrawnDate />
        <state>KY</state>
        <bioguideId>M000355</bioguideId>
        <sponsorshipDate>2016-07-13</sponsorshipDate>
        <party>R</party>
        <lastName>MCCONNELL</lastName>
      </item>
      <item>
        <identifiers>
          <lisID>209</lisID>
          <gpoId>8299</gpoId>
          <bioguideId>C000542</bioguideId>
        </identifiers>
        <middleName>RAY</middleName>
        <fullName>Sen. Coats, Daniel [R-IN]</fullName>
        <isOriginalCosponsor>True</isOriginalCosponsor>
        <firstName>DANIEL</firstName>
        <sponsorshipWithdrawnDate />
        <state>IN</state>
        <bioguideId>C000542</bioguideId>
        <sponsorshipDate>2016-07-13</sponsorshipDate>
        <party>R</party>
        <lastName>COATS</lastName>
      </item>
      <item>
        <identifiers>
          <gpoId>8295</gpoId>
          <lisID>1692</lisID>
          <bioguideId>C001056</bioguideId>
        </identifiers>
        <middleName />
        <fullName>Sen. Cornyn, John [R-TX]</fullName>
        <isOriginalCosponsor>True</isOriginalCosponsor>
        <firstName>John</firstName>
        <sponsorshipWithdrawnDate />
        <state>TX</state>
        <bioguideId>C001056</bioguideId>
        <sponsorshipDate>2016-07-13</sponsorshipDate>
        <party>R</party>
        <lastName>Cornyn</lastName>
      </item>
      <item>
        <identifiers>
          <bioguideId>T000250</bioguideId>
          <lisID>1534</lisID>
          <gpoId>8257</gpoId>
        </identifiers>
        <middleName>R.</middleName>
        <fullName>Sen. Thune, John [R-SD]</fullName>
        <isOriginalCosponsor>True</isOriginalCosponsor>
        <firstName>JOHN</firstName>
        <sponsorshipWithdrawnDate />
        <state>SD</state>
        <bioguideId>T000250</bioguideId>
        <sponsorshipDate>2016-07-13</sponsorshipDate>
        <party>R</party>
        <lastName>THUNE</lastName>
      </item>
      <item>
        <identifiers>
          <lisID>968</lisID>
          <gpoId>8275</gpoId>
          <bioguideId>R000307</bioguideId>
        </identifiers>
        <middleName />
        <fullName>Sen. Roberts, Pat [R-KS]</fullName>
        <isOriginalCosponsor>True</isOriginalCosponsor>
        <firstName>PAT</firstName>
        <sponsorshipWithdrawnDate />
        <state>KS</state>
        <bioguideId>R000307</bioguideId>
        <sponsorshipDate>2016-07-13</sponsorshipDate>
        <party>R</party>
        <lastName>ROBERTS</lastName>
      </item>
      <item>
        <identifiers>
          <bioguideId>B000575</bioguideId>
          <gpoId>8313</gpoId>
          <lisID>1464</lisID>
        </identifiers>
        <middleName />
        <fullName>Sen. Blunt, Roy [R-MO]</fullName>
        <isOriginalCosponsor>True</isOriginalCosponsor>
        <firstName>Roy</firstName>
        <sponsorshipWithdrawnDate />
        <state>MO</state>
        <bioguideId>B000575</bioguideId>
        <sponsorshipDate>2016-07-13</sponsorshipDate>
        <party>R</party>
        <lastName>Blunt</lastName>
      </item>
      <item>
        <identifiers>
          <gpoId>8328</gpoId>
          <lisID>1542</lisID>
          <bioguideId>E000285</bioguideId>
        </identifiers>
        <middleName>B.</middleName>
        <fullName>Sen. Enzi, Michael B. [R-WY]</fullName>
        <isOriginalCosponsor>True</isOriginalCosponsor>
        <firstName>MICHAEL</firstName>
        <sponsorshipWithdrawnDate />
        <state>WY</state>
        <bioguideId>E000285</bioguideId>
        <sponsorshipDate>2016-07-13</sponsorshipDate>
        <party>R</party>
        <lastName>ENZI</lastName>
      </item>
      <item>
        <identifiers>
          <lisID>2056</lisID>
          <gpoId>8141</gpoId>
          <bioguideId>S001184</bioguideId>
        </identifiers>
        <middleName />
        <fullName>Sen. Scott, Tim [R-SC]</fullName>
        <isOriginalCosponsor>True</isOriginalCosponsor>
        <firstName>Tim</firstName>
        <sponsorshipWithdrawnDate />
        <state>SC</state>
        <bioguideId>S001184</bioguideId>
        <sponsorshipDate>2016-07-13</sponsorshipDate>
        <party>R</party>
        <lastName>Scott</lastName>
      </item>
      <item>
        <identifiers>
          <lisID>457</lisID>
          <gpoId>8316</gpoId>
          <bioguideId>G000386</bioguideId>
        </identifiers>
        <middleName>ERNEST</middleName>
        <fullName>Sen. Grassley, Chuck [R-IA]</fullName>
        <isOriginalCosponsor>True</isOriginalCosponsor>
        <firstName>CHARLES</firstName>
        <sponsorshipWithdrawnDate />
        <state>IA</state>
        <bioguideId>G000386</bioguideId>
        <sponsorshipDate>2016-07-13</sponsorshipDate>
        <party>R</party>
        <lastName>GRASSLEY</lastName>
      </item>
      <item>
        <identifiers>
          <bioguideId>W000437</bioguideId>
          <lisID>1226</lisID>
          <gpoId>8263</gpoId>
        </identifiers>
        <middleName>F.</middleName>
        <fullName>Sen. Wicker, Roger F. [R-MS]</fullName>
        <isOriginalCosponsor>False</isOriginalCosponsor>
        <firstName>ROGER</firstName>
        <sponsorshipWithdrawnDate />
        <state>MS</state>
        <bioguideId>W000437</bioguideId>
        <sponsorshipDate>2016-07-14</sponsorshipDate>
        <party>R</party>
        <lastName>WICKER</lastName>
      </item>
    </cosponsors>
    <congress>114</congress>
    <committees>
      <billCommittees>
        <item>
          <subcommittees />
          <systemCode>ssfi00</systemCode>
          <activities>
            <item>
              <name>Referred to</name>
              <date>2016-07-13T22:17:57Z</date>
            </item>
          </activities>
          <chamber>Senate</chamber>
          <name>Finance Committee</name>
          <type>Standing</type>
        </item>
      </billCommittees>
    </committees>
    <sponsors>
      <item>
        <fullName>Sen. Hatch, Orrin G. [R-UT]</fullName>
        <lastName>HATCH</lastName>
        <byRequestType />
        <party>R</party>
        <state>UT</state>
        <middleName>GRANT</middleName>
        <firstName>ORRIN</firstName>
        <bioguideId>H000338</bioguideId>
        <identifiers>
          <bioguideId>H000338</bioguideId>
          <lisID>1351</lisID>
          <gpoId>8314</gpoId>
        </identifiers>
      </item>
    </sponsors>
    <latestAction>
      <text>Referred to the Committee on Finance. (text of measure as introduced: CR S5088; Sponsor introductory remarks on measure: CR S5088-5089)</text>
      <actionDate>2016-07-13</actionDate>
      <links />
    </latestAction>
    <subjects>
      <billSubjects>
        <legislativeSubjects>
          <item>
            <name>Europe</name>
          </item>
          <item>
            <name>European Union</name>
          </item>
          <item>
            <name>Free trade and trade barriers</name>
          </item>
          <item>
            <name>Trade agreements and negotiations</name>
          </item>
          <item>
            <name>U.S. and foreign investments</name>
          </item>
          <item>
            <name>United Kingdom</name>
          </item>
        </legislativeSubjects>
        <policyArea>
          <name>Foreign Trade and International Finance</name>
        </policyArea>
      </billSubjects>
    </subjects>
    <createDate>2016-07-14T06:10:14Z</createDate>
    <notes />
    <laws />
    <billNumber>47</billNumber>
    <committeeReports />
    <cboCostEstimates />
  </bill>
  <dublinCore xmlns:dc="http://purl.org/dc/elements/1.1/">
    <dc:format>text/xml</dc:format>
    <dc:language>EN</dc:language>
    <dc:rights>Pursuant to Title 17 Section 105 of the United States Code, this file is not subject to copyright protection and is in the public domain.</dc:rights>
    <dc:contributor>Congressional Research Service, Library of Congress</dc:contributor>
    <dc:description>This file contains bill summaries and statuses for federal legislation. A bill summary describes the most significant provisions of a piece of legislation and details the effects the legislative text may have on current law and federal programs. Bill summaries are authored by the Congressional Research Service (CRS) of the Library of Congress. As stated in Public Law 91-510 (2 USC 166 (d)(6)), one of the duties of CRS is "to prepare summaries and digests of bills and resolutions of a public general nature introduced in the Senate or House of Representatives". For more information, refer to the User Guide that accompanies this file.</dc:description>
  </dublinCore>
</billStatus>

