<?xml version="1.0" encoding="UTF-8"?>
<billStatus>
  <bill>
    <committees>
      <billCommittees>
        <item>
          <subcommittees />
          <chamber>Senate</chamber>
          <type>Standing</type>
          <name>Finance Committee</name>
          <systemCode>ssfi00</systemCode>
          <activities>
            <item>
              <name>Referred to</name>
              <date>2015-02-24T16:58:09Z</date>
            </item>
          </activities>
        </item>
      </billCommittees>
    </committees>
    <congress>114</congress>
    <billNumber>4</billNumber>
    <updateDate>2016-11-02T22:55:13Z</updateDate>
    <calendarNumbers />
    <policyArea>
      <name>Science, Technology, Communications</name>
    </policyArea>
    <summaries>
      <billSummaries>
        <item>
          <versionCode>00</versionCode>
          <actionDate>2015-02-24</actionDate>
          <text><![CDATA[<p>Declares that Congress should not impose any new performance fee, tax, royalty, or other charge relating to the public performance of sound recordings on a local radio station for broadcasting sound recordings over-the-air, or on any business for such public performance of sound recordings.</p>]]></text>
          <name>Introduced in Senate</name>
          <lastSummaryUpdateDate>2015-03-03T19:11:53Z</lastSummaryUpdateDate>
          <updateDate>2015-02-24T05:00:00Z</updateDate>
          <actionDesc>Introduced in Senate</actionDesc>
        </item>
      </billSummaries>
    </summaries>
    <title>A concurrent resolution supporting the Local Radio Freedom Act.</title>
    <laws />
    <cosponsors>
      <item>
        <firstName>Heidi</firstName>
        <isOriginalCosponsor>True</isOriginalCosponsor>
        <fullName>Sen. Heitkamp, Heidi [D-ND]</fullName>
        <identifiers>
          <lisID>2174</lisID>
          <bioguideId>H001069</bioguideId>
          <gpoId />
        </identifiers>
        <middleName />
        <sponsorshipWithdrawnDate />
        <sponsorshipDate>2015-02-24</sponsorshipDate>
        <party>D</party>
        <bioguideId>H001069</bioguideId>
        <state>ND</state>
        <lastName>Heitkamp</lastName>
      </item>
      <item>
        <firstName>MICHAEL</firstName>
        <isOriginalCosponsor>False</isOriginalCosponsor>
        <fullName>Sen. Enzi, Michael B. [R-WY]</fullName>
        <identifiers>
          <lisID>1542</lisID>
          <gpoId>8328</gpoId>
          <bioguideId>E000285</bioguideId>
        </identifiers>
        <middleName>B.</middleName>
        <sponsorshipWithdrawnDate />
        <sponsorshipDate>2015-02-25</sponsorshipDate>
        <party>R</party>
        <bioguideId>E000285</bioguideId>
        <state>WY</state>
        <lastName>ENZI</lastName>
      </item>
      <item>
        <firstName>TOM</firstName>
        <isOriginalCosponsor>False</isOriginalCosponsor>
        <fullName>Sen. Udall, Tom [D-NM]</fullName>
        <identifiers>
          <bioguideId>U000039</bioguideId>
          <lisID>1567</lisID>
          <gpoId>8260</gpoId>
        </identifiers>
        <middleName />
        <sponsorshipWithdrawnDate />
        <sponsorshipDate>2015-02-25</sponsorshipDate>
        <party>D</party>
        <bioguideId>U000039</bioguideId>
        <state>NM</state>
        <lastName>UDALL</lastName>
      </item>
      <item>
        <firstName>Tom</firstName>
        <isOriginalCosponsor>False</isOriginalCosponsor>
        <fullName>Sen. Cotton, Tom [R-AR]</fullName>
        <identifiers>
          <gpoId />
          <lisID>2098</lisID>
          <bioguideId>C001095</bioguideId>
        </identifiers>
        <middleName />
        <sponsorshipWithdrawnDate />
        <sponsorshipDate>2015-02-25</sponsorshipDate>
        <party>R</party>
        <bioguideId>C001095</bioguideId>
        <state>AR</state>
        <lastName>Cotton</lastName>
      </item>
      <item>
        <firstName>JIM</firstName>
        <isOriginalCosponsor>False</isOriginalCosponsor>
        <fullName>Sen. Inhofe, James M. [R-OK]</fullName>
        <identifiers>
          <lisID>583</lisID>
          <gpoId>8322</gpoId>
          <bioguideId>I000024</bioguideId>
        </identifiers>
        <middleName />
        <sponsorshipWithdrawnDate />
        <sponsorshipDate>2015-03-09</sponsorshipDate>
        <party>R</party>
        <bioguideId>I000024</bioguideId>
        <state>OK</state>
        <lastName>INHOFE</lastName>
      </item>
      <item>
        <firstName>John</firstName>
        <isOriginalCosponsor>False</isOriginalCosponsor>
        <fullName>Sen. Boozman, John [R-AR]</fullName>
        <identifiers>
          <lisID>1687</lisID>
          <bioguideId>B001236</bioguideId>
          <gpoId>8247</gpoId>
        </identifiers>
        <middleName />
        <sponsorshipWithdrawnDate />
        <sponsorshipDate>2015-03-10</sponsorshipDate>
        <party>R</party>
        <bioguideId>B001236</bioguideId>
        <state>AR</state>
        <lastName>Boozman</lastName>
      </item>
      <item>
        <firstName>Martin</firstName>
        <isOriginalCosponsor>False</isOriginalCosponsor>
        <fullName>Sen. Heinrich, Martin [D-NM]</fullName>
        <identifiers>
          <gpoId>8056</gpoId>
          <lisID>1937</lisID>
          <bioguideId>H001046</bioguideId>
        </identifiers>
        <middleName />
        <sponsorshipWithdrawnDate />
        <sponsorshipDate>2015-03-18</sponsorshipDate>
        <party>D</party>
        <bioguideId>H001046</bioguideId>
        <state>NM</state>
        <lastName>Heinrich</lastName>
      </item>
      <item>
        <firstName>JERRY</firstName>
        <isOriginalCosponsor>False</isOriginalCosponsor>
        <fullName>Sen. Moran, Jerry [R-KS]</fullName>
        <identifiers>
          <lisID>1507</lisID>
          <bioguideId>M000934</bioguideId>
          <gpoId>8307</gpoId>
        </identifiers>
        <middleName />
        <sponsorshipWithdrawnDate />
        <sponsorshipDate>2015-03-23</sponsorshipDate>
        <party>R</party>
        <bioguideId>M000934</bioguideId>
        <state>KS</state>
        <lastName>MORAN</lastName>
      </item>
      <item>
        <firstName>Bill</firstName>
        <isOriginalCosponsor>False</isOriginalCosponsor>
        <fullName>Sen. Cassidy, Bill [R-LA]</fullName>
        <identifiers>
          <bioguideId>C001075</bioguideId>
          <gpoId>7964</gpoId>
          <lisID>1925</lisID>
        </identifiers>
        <middleName />
        <sponsorshipWithdrawnDate />
        <sponsorshipDate>2015-03-24</sponsorshipDate>
        <party>R</party>
        <bioguideId>C001075</bioguideId>
        <state>LA</state>
        <lastName>Cassidy</lastName>
      </item>
      <item>
        <firstName>PAT</firstName>
        <isOriginalCosponsor>False</isOriginalCosponsor>
        <fullName>Sen. Roberts, Pat [R-KS]</fullName>
        <identifiers>
          <gpoId>8275</gpoId>
          <lisID>968</lisID>
          <bioguideId>R000307</bioguideId>
        </identifiers>
        <middleName />
        <sponsorshipWithdrawnDate />
        <sponsorshipDate>2015-03-25</sponsorshipDate>
        <party>R</party>
        <bioguideId>R000307</bioguideId>
        <state>KS</state>
        <lastName>ROBERTS</lastName>
      </item>
      <item>
        <firstName>RICHARD</firstName>
        <isOriginalCosponsor>False</isOriginalCosponsor>
        <fullName>Sen. Burr, Richard [R-NC]</fullName>
        <identifiers>
          <bioguideId>B001135</bioguideId>
          <gpoId>8286</gpoId>
          <lisID>153</lisID>
        </identifiers>
        <middleName />
        <sponsorshipWithdrawnDate />
        <sponsorshipDate>2015-04-14</sponsorshipDate>
        <party>R</party>
        <bioguideId>B001135</bioguideId>
        <state>NC</state>
        <lastName>BURR</lastName>
      </item>
      <item>
        <firstName>David</firstName>
        <isOriginalCosponsor>False</isOriginalCosponsor>
        <fullName>Sen. Vitter, David [R-LA]</fullName>
        <identifiers>
          <lisID>1609</lisID>
          <gpoId>8267</gpoId>
          <bioguideId>V000127</bioguideId>
        </identifiers>
        <middleName />
        <sponsorshipWithdrawnDate />
        <sponsorshipDate>2015-04-14</sponsorshipDate>
        <party>R</party>
        <bioguideId>V000127</bioguideId>
        <state>LA</state>
        <lastName>Vitter</lastName>
      </item>
      <item>
        <firstName>BARBARA</firstName>
        <isOriginalCosponsor>False</isOriginalCosponsor>
        <fullName>Sen. Mikulski, Barbara A. [D-MD]</fullName>
        <identifiers>
          <bioguideId>M000702</bioguideId>
          <lisID>802</lisID>
          <gpoId>8240</gpoId>
        </identifiers>
        <middleName>ANN</middleName>
        <sponsorshipWithdrawnDate />
        <sponsorshipDate>2015-04-29</sponsorshipDate>
        <party>D</party>
        <bioguideId>M000702</bioguideId>
        <state>MD</state>
        <lastName>MIKULSKI</lastName>
      </item>
      <item>
        <firstName>Jon</firstName>
        <isOriginalCosponsor>False</isOriginalCosponsor>
        <fullName>Sen. Tester, Jon [D-MT]</fullName>
        <identifiers>
          <lisID>1829</lisID>
          <bioguideId>T000464</bioguideId>
          <gpoId>8258</gpoId>
        </identifiers>
        <middleName />
        <sponsorshipWithdrawnDate />
        <sponsorshipDate>2015-04-29</sponsorshipDate>
        <party>D</party>
        <bioguideId>T000464</bioguideId>
        <state>MT</state>
        <lastName>Tester</lastName>
      </item>
      <item>
        <firstName>Joe</firstName>
        <isOriginalCosponsor>False</isOriginalCosponsor>
        <fullName>Sen. Manchin, Joe, III [D-WV]</fullName>
        <identifiers>
          <gpoId>8256</gpoId>
          <lisID>1983</lisID>
          <bioguideId>M001183</bioguideId>
        </identifiers>
        <middleName />
        <sponsorshipWithdrawnDate />
        <sponsorshipDate>2015-05-07</sponsorshipDate>
        <party>D</party>
        <bioguideId>M001183</bioguideId>
        <state>WV</state>
        <lastName>Manchin</lastName>
      </item>
      <item>
        <firstName>Kelly</firstName>
        <isOriginalCosponsor>False</isOriginalCosponsor>
        <fullName>Sen. Ayotte, Kelly [R-NH]</fullName>
        <identifiers>
          <bioguideId>A000368</bioguideId>
          <lisID>2075</lisID>
          <gpoId>8315</gpoId>
        </identifiers>
        <middleName />
        <sponsorshipWithdrawnDate />
        <sponsorshipDate>2015-06-02</sponsorshipDate>
        <party>R</party>
        <bioguideId>A000368</bioguideId>
        <state>NH</state>
        <lastName>Ayotte</lastName>
      </item>
      <item>
        <firstName>Steve</firstName>
        <isOriginalCosponsor>False</isOriginalCosponsor>
        <fullName>Sen. Daines, Steve [R-MT]</fullName>
        <identifiers>
          <gpoId />
          <lisID>2138</lisID>
          <bioguideId>D000618</bioguideId>
        </identifiers>
        <middleName />
        <sponsorshipWithdrawnDate />
        <sponsorshipDate>2015-06-10</sponsorshipDate>
        <party>R</party>
        <bioguideId>D000618</bioguideId>
        <state>MT</state>
        <lastName>Daines</lastName>
      </item>
      <item>
        <firstName>Ron</firstName>
        <isOriginalCosponsor>False</isOriginalCosponsor>
        <fullName>Sen. Johnson, Ron [R-WI]</fullName>
        <identifiers>
          <lisID>2086</lisID>
          <bioguideId>J000293</bioguideId>
          <gpoId>8355</gpoId>
        </identifiers>
        <middleName />
        <sponsorshipWithdrawnDate />
        <sponsorshipDate>2015-06-24</sponsorshipDate>
        <party>R</party>
        <bioguideId>J000293</bioguideId>
        <state>WI</state>
        <lastName>Johnson</lastName>
      </item>
      <item>
        <firstName>John</firstName>
        <isOriginalCosponsor>False</isOriginalCosponsor>
        <fullName>Sen. Hoeven, John [R-ND]</fullName>
        <identifiers>
          <bioguideId>H001061</bioguideId>
          <gpoId>8331</gpoId>
          <lisID>2079</lisID>
        </identifiers>
        <middleName />
        <sponsorshipWithdrawnDate />
        <sponsorshipDate>2015-07-30</sponsorshipDate>
        <party>R</party>
        <bioguideId>H001061</bioguideId>
        <state>ND</state>
        <lastName>Hoeven</lastName>
      </item>
      <item>
        <firstName>Cory</firstName>
        <isOriginalCosponsor>False</isOriginalCosponsor>
        <fullName>Sen. Gardner, Cory [R-CO]</fullName>
        <identifiers>
          <bioguideId>G000562</bioguideId>
          <lisID>1998</lisID>
          <gpoId>7862</gpoId>
        </identifiers>
        <middleName />
        <sponsorshipWithdrawnDate />
        <sponsorshipDate>2015-09-16</sponsorshipDate>
        <party>R</party>
        <bioguideId>G000562</bioguideId>
        <state>CO</state>
        <lastName>Gardner</lastName>
      </item>
      <item>
        <firstName>Dean</firstName>
        <isOriginalCosponsor>False</isOriginalCosponsor>
        <fullName>Sen. Heller, Dean [R-NV]</fullName>
        <identifiers>
          <gpoId>8060</gpoId>
          <lisID>1863</lisID>
          <bioguideId>H001041</bioguideId>
        </identifiers>
        <middleName />
        <sponsorshipWithdrawnDate />
        <sponsorshipDate>2015-10-19</sponsorshipDate>
        <party>R</party>
        <bioguideId>H001041</bioguideId>
        <state>NV</state>
        <lastName>Heller</lastName>
      </item>
      <item>
        <firstName>ROGER</firstName>
        <isOriginalCosponsor>False</isOriginalCosponsor>
        <fullName>Sen. Wicker, Roger F. [R-MS]</fullName>
        <identifiers>
          <lisID>1226</lisID>
          <bioguideId>W000437</bioguideId>
          <gpoId>8263</gpoId>
        </identifiers>
        <middleName>F.</middleName>
        <sponsorshipWithdrawnDate />
        <sponsorshipDate>2015-10-21</sponsorshipDate>
        <party>R</party>
        <bioguideId>W000437</bioguideId>
        <state>MS</state>
        <lastName>WICKER</lastName>
      </item>
      <item>
        <firstName>SUSAN</firstName>
        <isOriginalCosponsor>False</isOriginalCosponsor>
        <fullName>Sen. Collins, Susan M. [R-ME]</fullName>
        <identifiers>
          <bioguideId>C001035</bioguideId>
          <lisID>1541</lisID>
          <gpoId>8291</gpoId>
        </identifiers>
        <middleName>MARGARET</middleName>
        <sponsorshipWithdrawnDate />
        <sponsorshipDate>2016-02-24</sponsorshipDate>
        <party>R</party>
        <bioguideId>C001035</bioguideId>
        <state>ME</state>
        <lastName>COLLINS</lastName>
      </item>
      <item>
        <firstName>Dan</firstName>
        <isOriginalCosponsor>False</isOriginalCosponsor>
        <fullName>Sen. Sullivan, Dan  [R-AK]</fullName>
        <identifiers>
          <gpoId />
          <lisID>2290</lisID>
          <bioguideId>S001198</bioguideId>
        </identifiers>
        <middleName />
        <sponsorshipWithdrawnDate />
        <sponsorshipDate>2016-02-25</sponsorshipDate>
        <party>R</party>
        <bioguideId>S001198</bioguideId>
        <state>AK</state>
        <lastName>Sullivan</lastName>
      </item>
      <item>
        <firstName>Thad</firstName>
        <isOriginalCosponsor>False</isOriginalCosponsor>
        <fullName>Sen. Cochran, Thad [R-MS]</fullName>
        <identifiers>
          <lisID>213</lisID>
          <gpoId>8292</gpoId>
          <bioguideId>C000567</bioguideId>
        </identifiers>
        <middleName />
        <sponsorshipWithdrawnDate />
        <sponsorshipDate>2016-03-03</sponsorshipDate>
        <party>R</party>
        <bioguideId>C000567</bioguideId>
        <state>MS</state>
        <lastName>Cochran</lastName>
      </item>
      <item>
        <firstName>Deb</firstName>
        <isOriginalCosponsor>False</isOriginalCosponsor>
        <fullName>Sen. Fischer, Deb [R-NE]</fullName>
        <identifiers>
          <gpoId />
          <lisID>2179</lisID>
          <bioguideId>F000463</bioguideId>
        </identifiers>
        <middleName />
        <sponsorshipWithdrawnDate />
        <sponsorshipDate>2016-09-12</sponsorshipDate>
        <party>R</party>
        <bioguideId>F000463</bioguideId>
        <state>NE</state>
        <lastName>Fischer</lastName>
      </item>
    </cosponsors>
    <billType>SCONRES</billType>
    <cboCostEstimates />
    <recordedVotes />
    <relatedBills>
      <item>
        <congress>114</congress>
        <type>HCONRES</type>
        <relationshipDetails>
          <item>
            <identifiedBy>CRS</identifiedBy>
            <type>Identical bill</type>
          </item>
        </relationshipDetails>
        <number>17</number>
        <latestAction>
          <actionDate>2015-03-17</actionDate>
          <text>Referred to the Subcommittee on Courts, Intellectual Property, and the Internet.</text>
        </latestAction>
        <latestTitle>Supporting the Local Radio Freedom Act.</latestTitle>
      </item>
    </relatedBills>
    <actions>
      <actionTypeCounts>
        <referredToCommittee>1</referredToCommittee>
        <introducedInSenate>1</introducedInSenate>
      </actionTypeCounts>
      <actionByCounts>
        <senate>2</senate>
      </actionByCounts>
      <item>
        <actionDate>2015-02-24</actionDate>
        <committee>
          <name>Finance Committee</name>
          <systemCode>ssfi00</systemCode>
        </committee>
        <links>
          <link>
            <url>https://www.congress.gov/congressional-record/volume-161/senate-section/page/S1078-1079</url>
            <name>S1078-1079</name>
          </link>
        </links>
        <sourceSystem>
          <name>Senate</name>
          <code>0</code>
        </sourceSystem>
        <text>Referred to the Committee on Finance. (text of measure as introduced: CR S1078-1079)</text>
        <type>IntroReferral</type>
      </item>
      <item>
        <text>Introduced in Senate</text>
        <sourceSystem>
          <name>Library of Congress</name>
          <code>9</code>
        </sourceSystem>
        <committee />
        <type>IntroReferral</type>
        <links />
        <actionCode>10000</actionCode>
        <actionDate>2015-02-24</actionDate>
      </item>
    </actions>
    <notes />
    <latestAction>
      <actionDate>2015-02-24</actionDate>
      <links />
      <text>Referred to the Committee on Finance. (text of measure as introduced: CR S1078-1079)</text>
    </latestAction>
    <introducedDate>2015-02-24</introducedDate>
    <sponsors>
      <item>
        <fullName>Sen. Barrasso, John [R-WY]</fullName>
        <firstName>John</firstName>
        <byRequestType />
        <identifiers>
          <lisID>1881</lisID>
          <gpoId>8300</gpoId>
          <bioguideId>B001261</bioguideId>
        </identifiers>
        <middleName />
        <bioguideId>B001261</bioguideId>
        <party>R</party>
        <state>WY</state>
        <lastName>Barrasso</lastName>
      </item>
    </sponsors>
    <subjects>
      <billSubjects>
        <legislativeSubjects>
          <item>
            <name>Broadcasting, cable, digital technologies</name>
          </item>
          <item>
            <name>Music</name>
          </item>
          <item>
            <name>Sound recording</name>
          </item>
          <item>
            <name>Tax administration and collection, taxpayers</name>
          </item>
          <item>
            <name>Telecommunication rates and fees</name>
          </item>
          <item>
            <name>User charges and fees</name>
          </item>
        </legislativeSubjects>
        <policyArea>
          <name>Science, Technology, Communications</name>
        </policyArea>
      </billSubjects>
    </subjects>
    <committeeReports />
    <amendments />
    <createDate>2015-02-25T04:46:16Z</createDate>
    <originChamber>Senate</originChamber>
    <titles>
      <item>
        <chamberCode />
        <chamberName />
        <title>A concurrent resolution supporting the Local Radio Freedom Act.</title>
        <parentTitleType />
        <titleType>Official Title as Introduced</titleType>
      </item>
      <item>
        <chamberCode />
        <chamberName />
        <title>A concurrent resolution supporting the Local Radio Freedom Act.</title>
        <parentTitleType />
        <titleType>Display Title</titleType>
      </item>
    </titles>
  </bill>
  <dublinCore xmlns:dc="http://purl.org/dc/elements/1.1/">
    <dc:format>text/xml</dc:format>
    <dc:language>EN</dc:language>
    <dc:rights>Pursuant to Title 17 Section 105 of the United States Code, this file is not subject to copyright protection and is in the public domain.</dc:rights>
    <dc:contributor>Congressional Research Service, Library of Congress</dc:contributor>
    <dc:description>This file contains bill summaries and statuses for federal legislation. A bill summary describes the most significant provisions of a piece of legislation and details the effects the legislative text may have on current law and federal programs. Bill summaries are authored by the Congressional Research Service (CRS) of the Library of Congress. As stated in Public Law 91-510 (2 USC 166 (d)(6)), one of the duties of CRS is "to prepare summaries and digests of bills and resolutions of a public general nature introduced in the Senate or House of Representatives". For more information, refer to the User Guide that accompanies this file.</dc:description>
  </dublinCore>
</billStatus>

