<?xml version="1.0" encoding="UTF-8"?>
<billStatus>
  <bill>
    <policyArea>
      <name>Congress</name>
    </policyArea>
    <billType>SCONRES</billType>
    <introducedDate>2016-09-28</introducedDate>
    <recordedVotes />
    <createDate>2016-09-29T05:34:43Z</createDate>
    <summaries>
      <billSummaries>
        <item>
          <versionCode>00</versionCode>
          <actionDate>2016-09-28</actionDate>
          <text><![CDATA[<p>Directs the Clerk of the House of Representatives to make a correction in the enrollment of H.R. 5325 to change the title to read &quot;Making continuing appropriations for fiscal year 2017, and for other purposes.&quot;</p>]]></text>
          <lastSummaryUpdateDate>2016-09-30T15:16:06Z</lastSummaryUpdateDate>
          <actionDesc>Introduced in Senate</actionDesc>
          <name>Introduced in Senate</name>
          <updateDate>2016-09-28T04:00:00Z</updateDate>
        </item>
        <item>
          <versionCode>82</versionCode>
          <actionDate>2016-09-28</actionDate>
          <text><![CDATA[<p>(This measure has not been amended since it was introduced. The summary of that version is repeated here.)</p> <p>Directs the Clerk of the House of Representatives to make a correction in the enrollment of H.R. 5325 to change the title to read &quot;Making continuing appropriations for fiscal year 2017, and for other purposes.&quot;</p>]]></text>
          <lastSummaryUpdateDate>2016-10-03T11:36:49Z</lastSummaryUpdateDate>
          <actionDesc>Passed Senate without amendment</actionDesc>
          <name>Passed Senate without amendment</name>
          <updateDate>2016-09-28T19:14:38Z</updateDate>
        </item>
        <item>
          <versionCode>81</versionCode>
          <actionDate>2016-09-28</actionDate>
          <text><![CDATA[<p>(This measure has not been amended since it was introduced. The summary of that version is repeated here.)</p> <p>Directs the Clerk of the House of Representatives to make a correction in the enrollment of H.R. 5325 to change the title to read &quot;Making continuing appropriations for fiscal year 2017, and for other purposes.&quot;</p>]]></text>
          <lastSummaryUpdateDate>2016-10-07T18:16:06Z</lastSummaryUpdateDate>
          <actionDesc>Passed House without amendment</actionDesc>
          <name>Passed House without amendment</name>
          <updateDate>2016-09-28T19:15:57Z</updateDate>
        </item>
      </billSummaries>
    </summaries>
    <committeeReports />
    <notes />
    <latestAction>
      <links />
      <actionDate>2016-09-28</actionDate>
      <text>Motion to reconsider laid on the table Agreed to without objection.</text>
      <actionTime>22:16:21</actionTime>
    </latestAction>
    <sponsors>
      <item>
        <state>MS</state>
        <fullName>Sen. Cochran, Thad [R-MS]</fullName>
        <firstName>Thad</firstName>
        <byRequestType />
        <bioguideId>C000567</bioguideId>
        <lastName>Cochran</lastName>
        <party>R</party>
        <identifiers>
          <lisID>213</lisID>
          <gpoId>8292</gpoId>
          <bioguideId>C000567</bioguideId>
        </identifiers>
        <middleName />
      </item>
    </sponsors>
    <billNumber>53</billNumber>
    <titles>
      <item>
        <chamberName />
        <titleType>Official Title as Introduced</titleType>
        <parentTitleType />
        <title>A concurrent resolution directing the Clerk of the House of Representatives to make a correction in the enrollment of H.R. 5325.</title>
        <chamberCode />
      </item>
      <item>
        <chamberName />
        <titleType>Display Title</titleType>
        <parentTitleType />
        <title>A concurrent resolution directing the Clerk of the House of Representatives to make a correction in the enrollment of H.R. 5325.</title>
        <chamberCode />
      </item>
    </titles>
    <title>A concurrent resolution directing the Clerk of the House of Representatives to make a correction in the enrollment of H.R. 5325.</title>
    <laws />
    <committees>
      <billCommittees />
    </committees>
    <updateDate>2016-11-02T23:12:11Z</updateDate>
    <relatedBills>
      <item>
        <number>5325</number>
        <relationshipDetails>
          <item>
            <identifiedBy>House</identifiedBy>
            <type>Related bill</type>
          </item>
        </relationshipDetails>
        <congress>114</congress>
        <latestAction>
          <text>Became Public Law No: 114-223.</text>
          <actionDate>2016-09-29</actionDate>
        </latestAction>
        <type>HR</type>
        <latestTitle>Continuing Appropriations and Military Construction, Veterans Affairs, and Related Agencies Appropriations Act, 2017, and Zika Response and Preparedness Act</latestTitle>
      </item>
    </relatedBills>
    <subjects>
      <billSubjects>
        <policyArea>
          <name>Congress</name>
        </policyArea>
        <legislativeSubjects>
          <item>
            <name>Appropriations</name>
          </item>
          <item>
            <name>Defense spending</name>
          </item>
        </legislativeSubjects>
      </billSubjects>
    </subjects>
    <actions>
      <actionTypeCounts>
        <passedOrAgreedToInSenateDayOf>1</passedOrAgreedToInSenateDayOf>
        <sentToHouse>1</sentToHouse>
        <unanimousConsentRequestToConsider>1</unanimousConsentRequestToConsider>
        <passageOfAMeasure>1</passageOfAMeasure>
        <passedAgreedToInHouse>1</passedAgreedToInHouse>
        <receivedInTheHouse>1</receivedInTheHouse>
        <introducedInSenate>1</introducedInSenate>
        <motionToReconsiderResults>1</motionToReconsiderResults>
        <passedAgreedToInSenate>1</passedAgreedToInSenate>
      </actionTypeCounts>
      <actionByCounts>
        <houseOfRepresentatives>5</houseOfRepresentatives>
        <senate>4</senate>
      </actionByCounts>
      <item>
        <committee />
        <text>Motion to reconsider laid on the table Agreed to without objection.</text>
        <sourceSystem>
          <name>House floor actions</name>
          <code>2</code>
        </sourceSystem>
        <actionCode>H38310</actionCode>
        <type>Floor</type>
        <links />
        <actionTime>22:16:21</actionTime>
        <actionDate>2016-09-28</actionDate>
      </item>
      <item>
        <committee />
        <text>On agreeing to the resolution Agreed to without objection.</text>
        <sourceSystem>
          <name>House floor actions</name>
          <code>2</code>
        </sourceSystem>
        <actionCode>H37100</actionCode>
        <type>Floor</type>
        <links />
        <actionTime>22:16:14</actionTime>
        <actionDate>2016-09-28</actionDate>
      </item>
      <item>
        <committee />
        <text>Passed/agreed to in House: On agreeing to the resolution Agreed to without objection.</text>
        <sourceSystem>
          <name>Library of Congress</name>
          <code>9</code>
        </sourceSystem>
        <actionCode>8000</actionCode>
        <type>Floor</type>
        <links />
        <actionTime>22:16:14</actionTime>
        <actionDate>2016-09-28</actionDate>
      </item>
      <item>
        <committee />
        <text>Mr. Rogers (KY) asked unanimous consent to take from the Speaker's table and consider. (consideration: CR H6096; text of measure as received in House: CR H6096)</text>
        <sourceSystem>
          <name>House floor actions</name>
          <code>2</code>
        </sourceSystem>
        <actionCode>H30200</actionCode>
        <type>Floor</type>
        <links>
          <link>
            <url>https://www.congress.gov/congressional-record/volume-162/house-section/page/H6096</url>
            <name>H6096</name>
          </link>
        </links>
        <actionTime>22:15:56</actionTime>
        <actionDate>2016-09-28</actionDate>
      </item>
      <item>
        <actionDate>2016-09-28</actionDate>
        <committee />
        <links />
        <sourceSystem>
          <name>Senate</name>
          <code>0</code>
        </sourceSystem>
        <text>Message on Senate action sent to the House.</text>
        <type>Floor</type>
      </item>
      <item>
        <committee />
        <text>Received in the House.</text>
        <sourceSystem>
          <name>House floor actions</name>
          <code>2</code>
        </sourceSystem>
        <actionCode>H14000</actionCode>
        <type>Floor</type>
        <links />
        <actionTime>19:07:53</actionTime>
        <actionDate>2016-09-28</actionDate>
      </item>
      <item>
        <actionDate>2016-09-28</actionDate>
        <committee />
        <links>
          <link>
            <url>https://www.congress.gov/congressional-record/volume-162/senate-section/page/S6197</url>
            <name>S6197</name>
          </link>
          <link>
            <url>https://www.congress.gov/congressional-record/volume-162/senate-section/page/S6244</url>
            <name>S6244</name>
          </link>
        </links>
        <sourceSystem>
          <name>Senate</name>
          <code>0</code>
        </sourceSystem>
        <text>Submitted in the Senate, considered, and agreed to without amendment by Unanimous Consent. (consideration: CR S6197; text as passed Senate: CR S6244)</text>
        <type>Floor</type>
      </item>
      <item>
        <text>Passed/agreed to in Senate: Submitted in the Senate, considered, and agreed to without amendment by Unanimous Consent.(consideration: CR S6197; text as passed Senate: CR S6244)</text>
        <sourceSystem>
          <name>Library of Congress</name>
          <code>9</code>
        </sourceSystem>
        <committee />
        <type>Floor</type>
        <links>
          <link>
            <url>https://www.congress.gov/congressional-record/volume-162/senate-section/page/S6197</url>
            <name>S6197</name>
          </link>
          <link>
            <url>https://www.congress.gov/congressional-record/volume-162/senate-section/page/S6244</url>
            <name>S6244</name>
          </link>
        </links>
        <actionCode>17000</actionCode>
        <actionDate>2016-09-28</actionDate>
      </item>
      <item>
        <text>Introduced in Senate</text>
        <sourceSystem>
          <name>Library of Congress</name>
          <code>9</code>
        </sourceSystem>
        <committee />
        <type>IntroReferral</type>
        <links />
        <actionCode>10000</actionCode>
        <actionDate>2016-09-28</actionDate>
      </item>
    </actions>
    <amendments />
    <congress>114</congress>
    <cosponsors />
    <calendarNumbers />
    <cboCostEstimates />
    <originChamber>Senate</originChamber>
  </bill>
  <dublinCore xmlns:dc="http://purl.org/dc/elements/1.1/">
    <dc:format>text/xml</dc:format>
    <dc:language>EN</dc:language>
    <dc:rights>Pursuant to Title 17 Section 105 of the United States Code, this file is not subject to copyright protection and is in the public domain.</dc:rights>
    <dc:contributor>Congressional Research Service, Library of Congress</dc:contributor>
    <dc:description>This file contains bill summaries and statuses for federal legislation. A bill summary describes the most significant provisions of a piece of legislation and details the effects the legislative text may have on current law and federal programs. Bill summaries are authored by the Congressional Research Service (CRS) of the Library of Congress. As stated in Public Law 91-510 (2 USC 166 (d)(6)), one of the duties of CRS is "to prepare summaries and digests of bills and resolutions of a public general nature introduced in the Senate or House of Representatives". For more information, refer to the User Guide that accompanies this file.</dc:description>
  </dublinCore>
</billStatus>

