<?xml version="1.0" encoding="UTF-8"?>
<billStatus>
  <bill>
    <policyArea>
      <name>International Affairs</name>
    </policyArea>
    <billType>SCONRES</billType>
    <introducedDate>2015-12-01</introducedDate>
    <recordedVotes />
    <createDate>2015-12-02T09:49:18Z</createDate>
    <summaries>
      <billSummaries>
        <item>
          <actionDate>2015-12-01</actionDate>
          <actionDesc>Introduced in Senate</actionDesc>
          <lastSummaryUpdateDate>2015-12-04T19:43:27Z</lastSummaryUpdateDate>
          <versionCode>00</versionCode>
          <updateDate>2015-12-01T05:00:00Z</updateDate>
          <name>Introduced in Senate</name>
          <text><![CDATA[<p>Reaffirms: (1) the commitment of Congress to stopping Iran's sponsorship of terrorism and human rights violations; and (2) the legislative intent of Congress that the Comprehensive Iran Sanctions, Accountability, and Divestment Act of 2010 was enacted to deter illicit Iranian behavior, including sponsorship of terrorism and human rights violations.</p> <p>Supports state and local government sanctions targeting Iran's illicit activity, including divestment of assets from companies investing in Iran and prohibition of investment of state and local assets in any person engaging in investment activities in Iran.</p>]]></text>
        </item>
      </billSummaries>
    </summaries>
    <committeeReports />
    <notes />
    <latestAction>
      <links />
      <actionDate>2015-12-01</actionDate>
      <text>Referred to the Committee on Foreign Relations. (text of measure as introduced: CR S8244-8245)</text>
    </latestAction>
    <sponsors>
      <item>
        <state>IL</state>
        <fullName>Sen. Kirk, Mark Steven [R-IL]</fullName>
        <firstName>MARK</firstName>
        <byRequestType />
        <bioguideId>K000360</bioguideId>
        <lastName>KIRK</lastName>
        <party>R</party>
        <identifiers>
          <lisID>1647</lisID>
          <gpoId>8285</gpoId>
          <bioguideId>K000360</bioguideId>
        </identifiers>
        <middleName>STEVEN</middleName>
      </item>
    </sponsors>
    <billNumber>26</billNumber>
    <titles>
      <item>
        <title>A concurrent resolution expressing the sense of Congress regarding the right of States and local governments to maintain economic sanctions against Iran.</title>
        <parentTitleType />
        <titleType>Official Title as Introduced</titleType>
        <chamberCode />
        <chamberName />
      </item>
      <item>
        <title>A concurrent resolution expressing the sense of Congress regarding the right of States and local governments to maintain economic sanctions against Iran.</title>
        <parentTitleType />
        <titleType>Display Title</titleType>
        <chamberCode />
        <chamberName />
      </item>
    </titles>
    <title>A concurrent resolution expressing the sense of Congress regarding the right of States and local governments to maintain economic sanctions against Iran.</title>
    <laws />
    <committees>
      <billCommittees>
        <item>
          <subcommittees />
          <systemCode>ssfr00</systemCode>
          <activities>
            <item>
              <name>Referred to</name>
              <date>2015-12-01T19:42:00Z</date>
            </item>
          </activities>
          <chamber>Senate</chamber>
          <name>Foreign Relations Committee</name>
          <type>Standing</type>
        </item>
      </billCommittees>
    </committees>
    <updateDate>2016-11-02T23:12:00Z</updateDate>
    <relatedBills>
      <item>
        <latestAction>
          <actionDate>2015-12-02</actionDate>
          <text>Sponsor introductory remarks on measure. (CR H8864-8865)</text>
        </latestAction>
        <number>100</number>
        <congress>114</congress>
        <type>HCONRES</type>
        <latestTitle>Expressing the sense of the Congress regarding the right of States and local governments to maintain economic sanctions against Iran.</latestTitle>
        <relationshipDetails>
          <item>
            <identifiedBy>CRS</identifiedBy>
            <type>Identical bill</type>
          </item>
        </relationshipDetails>
      </item>
    </relatedBills>
    <subjects>
      <billSubjects>
        <legislativeSubjects>
          <item>
            <name>Human rights</name>
          </item>
          <item>
            <name>Iran</name>
          </item>
          <item>
            <name>Middle East</name>
          </item>
          <item>
            <name>Sanctions</name>
          </item>
          <item>
            <name>State and local finance</name>
          </item>
          <item>
            <name>State and local government operations</name>
          </item>
          <item>
            <name>Terrorism</name>
          </item>
          <item>
            <name>Trade restrictions</name>
          </item>
          <item>
            <name>U.S. and foreign investments</name>
          </item>
        </legislativeSubjects>
        <policyArea>
          <name>International Affairs</name>
        </policyArea>
      </billSubjects>
    </subjects>
    <actions>
      <actionTypeCounts>
        <introducedInSenate>1</introducedInSenate>
        <referredToCommittee>1</referredToCommittee>
      </actionTypeCounts>
      <item>
        <actionDate>2015-12-01</actionDate>
        <committee>
          <systemCode>ssfr00</systemCode>
          <name>Foreign Relations Committee</name>
        </committee>
        <links>
          <link>
            <name>S8244-8245</name>
            <url>https://www.congress.gov/congressional-record/volume-161/senate-section/page/S8244-8245</url>
          </link>
        </links>
        <sourceSystem>
          <code>0</code>
          <name>Senate</name>
        </sourceSystem>
        <text>Referred to the Committee on Foreign Relations. (text of measure as introduced: CR S8244-8245)</text>
        <type>IntroReferral</type>
      </item>
      <item>
        <actionDate>2015-12-01</actionDate>
        <text>Introduced in Senate</text>
        <type>IntroReferral</type>
        <committee />
        <links />
        <sourceSystem>
          <code>9</code>
          <name>Library of Congress</name>
        </sourceSystem>
        <actionCode>10000</actionCode>
      </item>
      <actionByCounts>
        <senate>2</senate>
      </actionByCounts>
    </actions>
    <amendments />
    <congress>114</congress>
    <cosponsors>
      <item>
        <middleName />
        <firstName>Joe</firstName>
        <bioguideId>M001183</bioguideId>
        <identifiers>
          <bioguideId>M001183</bioguideId>
          <lisID>1983</lisID>
          <gpoId>8256</gpoId>
        </identifiers>
        <sponsorshipDate>2015-12-01</sponsorshipDate>
        <sponsorshipWithdrawnDate />
        <lastName>Manchin</lastName>
        <isOriginalCosponsor>True</isOriginalCosponsor>
        <fullName>Sen. Manchin, Joe, III [D-WV]</fullName>
        <party>D</party>
        <state>WV</state>
      </item>
      <item>
        <middleName />
        <firstName>Marco</firstName>
        <bioguideId>R000595</bioguideId>
        <identifiers>
          <lisID>2084</lisID>
          <gpoId>8242</gpoId>
          <bioguideId>R000595</bioguideId>
        </identifiers>
        <sponsorshipDate>2015-12-01</sponsorshipDate>
        <sponsorshipWithdrawnDate />
        <lastName>Rubio</lastName>
        <isOriginalCosponsor>True</isOriginalCosponsor>
        <fullName>Sen. Rubio, Marco [R-FL]</fullName>
        <party>R</party>
        <state>FL</state>
      </item>
      <item>
        <middleName />
        <firstName>Pat</firstName>
        <bioguideId>T000461</bioguideId>
        <identifiers>
          <lisID>1594</lisID>
          <gpoId />
          <bioguideId>T000461</bioguideId>
        </identifiers>
        <sponsorshipDate>2015-12-16</sponsorshipDate>
        <sponsorshipWithdrawnDate />
        <lastName>Toomey</lastName>
        <isOriginalCosponsor>False</isOriginalCosponsor>
        <fullName>Sen. Toomey, Pat [R-PA]</fullName>
        <party>R</party>
        <state>PA</state>
      </item>
      <item>
        <middleName />
        <firstName>PAT</firstName>
        <bioguideId>R000307</bioguideId>
        <identifiers>
          <bioguideId>R000307</bioguideId>
          <gpoId>8275</gpoId>
          <lisID>968</lisID>
        </identifiers>
        <sponsorshipDate>2016-02-23</sponsorshipDate>
        <sponsorshipWithdrawnDate />
        <lastName>ROBERTS</lastName>
        <isOriginalCosponsor>False</isOriginalCosponsor>
        <fullName>Sen. Roberts, Pat [R-KS]</fullName>
        <party>R</party>
        <state>KS</state>
      </item>
    </cosponsors>
    <calendarNumbers />
    <cboCostEstimates />
    <originChamber>Senate</originChamber>
  </bill>
  <dublinCore xmlns:dc="http://purl.org/dc/elements/1.1/">
    <dc:format>text/xml</dc:format>
    <dc:language>EN</dc:language>
    <dc:rights>Pursuant to Title 17 Section 105 of the United States Code, this file is not subject to copyright protection and is in the public domain.</dc:rights>
    <dc:contributor>Congressional Research Service, Library of Congress</dc:contributor>
    <dc:description>This file contains bill summaries and statuses for federal legislation. A bill summary describes the most significant provisions of a piece of legislation and details the effects the legislative text may have on current law and federal programs. Bill summaries are authored by the Congressional Research Service (CRS) of the Library of Congress. As stated in Public Law 91-510 (2 USC 166 (d)(6)), one of the duties of CRS is "to prepare summaries and digests of bills and resolutions of a public general nature introduced in the Senate or House of Representatives". For more information, refer to the User Guide that accompanies this file.</dc:description>
  </dublinCore>
</billStatus>

