<?xml version="1.0" encoding="UTF-8"?>
<billStatus>
  <bill>
    <committees>
      <billCommittees>
        <item>
          <systemCode>ssra00</systemCode>
          <name>Rules and Administration Committee</name>
          <activities>
            <item>
              <name>Discharged from</name>
              <date>2015-03-12T22:00:43Z</date>
            </item>
            <item>
              <name>Referred to</name>
              <date>2015-03-03T22:11:30Z</date>
            </item>
          </activities>
          <type>Standing</type>
          <chamber>Senate</chamber>
          <subcommittees />
        </item>
      </billCommittees>
    </committees>
    <congress>114</congress>
    <billNumber>7</billNumber>
    <updateDate>2016-11-02T22:55:14Z</updateDate>
    <calendarNumbers />
    <policyArea>
      <name>Congress</name>
    </policyArea>
    <summaries>
      <billSummaries>
        <item>
          <updateDate>2015-03-03T05:00:00Z</updateDate>
          <versionCode>00</versionCode>
          <text><![CDATA[<p>Authorizes the use of Emancipation Hall in the Capitol Visitor Center on April 15, 2015, for a ceremony to present the Congressional Gold Medal to the World War II members of the Doolittle Tokyo Raiders.</p>]]></text>
          <lastSummaryUpdateDate>2015-03-17T14:38:46Z</lastSummaryUpdateDate>
          <actionDate>2015-03-03</actionDate>
          <actionDesc>Introduced in Senate</actionDesc>
          <name>Introduced in Senate</name>
        </item>
        <item>
          <updateDate>2015-03-12T12:16:09Z</updateDate>
          <versionCode>82</versionCode>
          <text><![CDATA[<p>(This measure has not been amended since it was introduced. The summary of that version is repeated here.)</p> <p>Authorizes the use of Emancipation Hall in the Capitol Visitor Center on April 15, 2015, for a ceremony to present the Congressional Gold Medal to the World War II members of the Doolittle Tokyo Raiders.</p>]]></text>
          <lastSummaryUpdateDate>2015-03-17T14:39:31Z</lastSummaryUpdateDate>
          <actionDate>2015-03-12</actionDate>
          <actionDesc>Passed Senate without amendment</actionDesc>
          <name>Passed Senate without amendment</name>
        </item>
        <item>
          <updateDate>2015-03-16T11:29:23Z</updateDate>
          <versionCode>81</versionCode>
          <text><![CDATA[<p>(This measure has not been amended since it was introduced. The summary of that version is repeated here.)</p> <p>Authorizes the use of Emancipation Hall in the Capitol Visitor Center on April 15, 2015, for a ceremony to present the Congressional Gold Medal to the World War II members of the Doolittle Tokyo Raiders.</p>]]></text>
          <lastSummaryUpdateDate>2015-03-25T19:40:17Z</lastSummaryUpdateDate>
          <actionDate>2015-03-16</actionDate>
          <actionDesc>Passed House without amendment</actionDesc>
          <name>Passed House without amendment</name>
        </item>
      </billSummaries>
    </summaries>
    <title>A concurrent resolution authorizing the use of Emancipation Hall in the Capitol Visitor Center for a ceremony to award the Congressional Gold Medal to the World War II members of the Doolittle Tokyo Raiders.</title>
    <laws />
    <cosponsors>
      <item>
        <identifiers>
          <lisID>1409</lisID>
          <gpoId>8237</gpoId>
          <bioguideId>M001111</bioguideId>
        </identifiers>
        <middleName />
        <fullName>Sen. Murray, Patty [D-WA]</fullName>
        <isOriginalCosponsor>True</isOriginalCosponsor>
        <firstName>PATTY</firstName>
        <sponsorshipWithdrawnDate />
        <state>WA</state>
        <bioguideId>M001111</bioguideId>
        <sponsorshipDate>2015-03-03</sponsorshipDate>
        <party>D</party>
        <lastName>MURRAY</lastName>
      </item>
      <item>
        <identifiers>
          <lisID>1687</lisID>
          <bioguideId>B001236</bioguideId>
          <gpoId>8247</gpoId>
        </identifiers>
        <middleName />
        <fullName>Sen. Boozman, John [R-AR]</fullName>
        <isOriginalCosponsor>True</isOriginalCosponsor>
        <firstName>John</firstName>
        <sponsorshipWithdrawnDate />
        <state>AR</state>
        <bioguideId>B001236</bioguideId>
        <sponsorshipDate>2015-03-03</sponsorshipDate>
        <party>R</party>
        <lastName>Boozman</lastName>
      </item>
      <item>
        <identifiers>
          <lisID>1829</lisID>
          <bioguideId>T000464</bioguideId>
          <gpoId>8258</gpoId>
        </identifiers>
        <middleName />
        <fullName>Sen. Tester, Jon [D-MT]</fullName>
        <isOriginalCosponsor>True</isOriginalCosponsor>
        <firstName>Jon</firstName>
        <sponsorshipWithdrawnDate />
        <state>MT</state>
        <bioguideId>T000464</bioguideId>
        <sponsorshipDate>2015-03-03</sponsorshipDate>
        <party>D</party>
        <lastName>Tester</lastName>
      </item>
      <item>
        <identifiers>
          <bioguideId>N000032</bioguideId>
          <gpoId>8236</gpoId>
          <lisID>859</lisID>
        </identifiers>
        <middleName>WILLIAM</middleName>
        <fullName>Sen. Nelson, Bill [D-FL]</fullName>
        <isOriginalCosponsor>True</isOriginalCosponsor>
        <firstName>CLARENCE</firstName>
        <sponsorshipWithdrawnDate />
        <state>FL</state>
        <bioguideId>N000032</bioguideId>
        <sponsorshipDate>2015-03-03</sponsorshipDate>
        <party>D</party>
        <lastName>NELSON</lastName>
      </item>
      <item>
        <identifiers>
          <bioguideId>C000127</bioguideId>
          <lisID>172</lisID>
          <gpoId>8288</gpoId>
        </identifiers>
        <middleName />
        <fullName>Sen. Cantwell, Maria [D-WA]</fullName>
        <isOriginalCosponsor>True</isOriginalCosponsor>
        <firstName>MARIA</firstName>
        <sponsorshipWithdrawnDate />
        <state>WA</state>
        <bioguideId>C000127</bioguideId>
        <sponsorshipDate>2015-03-03</sponsorshipDate>
        <party>D</party>
        <lastName>CANTWELL</lastName>
      </item>
      <item>
        <identifiers>
          <lisID>2173</lisID>
          <bioguideId>S001194</bioguideId>
          <gpoId />
        </identifiers>
        <middleName />
        <fullName>Sen. Schatz, Brian [D-HI]</fullName>
        <isOriginalCosponsor>True</isOriginalCosponsor>
        <firstName>Brian</firstName>
        <sponsorshipWithdrawnDate />
        <state>HI</state>
        <bioguideId>S001194</bioguideId>
        <sponsorshipDate>2015-03-03</sponsorshipDate>
        <party>D</party>
        <lastName>Schatz</lastName>
      </item>
      <item>
        <identifiers>
          <bioguideId>A000368</bioguideId>
          <lisID>2075</lisID>
          <gpoId>8315</gpoId>
        </identifiers>
        <middleName />
        <fullName>Sen. Ayotte, Kelly [R-NH]</fullName>
        <isOriginalCosponsor>False</isOriginalCosponsor>
        <firstName>Kelly</firstName>
        <sponsorshipWithdrawnDate />
        <state>NH</state>
        <bioguideId>A000368</bioguideId>
        <sponsorshipDate>2015-03-04</sponsorshipDate>
        <party>R</party>
        <lastName>Ayotte</lastName>
      </item>
    </cosponsors>
    <billType>SCONRES</billType>
    <cboCostEstimates />
    <recordedVotes />
    <relatedBills>
      <item>
        <congress>114</congress>
        <type>HCONRES</type>
        <relationshipDetails>
          <item>
            <identifiedBy>CRS</identifiedBy>
            <type>Identical bill</type>
          </item>
        </relationshipDetails>
        <number>22</number>
        <latestAction>
          <actionDate>2015-03-03</actionDate>
          <text>Referred to the House Committee on House Administration.</text>
        </latestAction>
        <latestTitle>Authorizing the use of Emancipation Hall in the Capitol Visitor Center for a ceremony to present the Congressional Gold Medal to the World War II members of the Doolittle Tokyo Raiders.</latestTitle>
      </item>
    </relatedBills>
    <actions>
      <actionTypeCounts>
        <heldAtTheDesk>1</heldAtTheDesk>
        <referredToCommittee>1</referredToCommittee>
        <unanimousConsentRequestToConsider>1</unanimousConsentRequestToConsider>
        <senateCommitteeDischarged>1</senateCommitteeDischarged>
        <introducedInSenate>1</introducedInSenate>
        <motionToReconsiderResults>1</motionToReconsiderResults>
        <considerationByHouse>1</considerationByHouse>
        <sentToHouse>1</sentToHouse>
        <committeeDischarged>1</committeeDischarged>
        <passageOfAMeasure>1</passageOfAMeasure>
        <receivedInTheHouse>1</receivedInTheHouse>
        <passedAgreedToInHouse>1</passedAgreedToInHouse>
        <passedAgreedToInSenate>1</passedAgreedToInSenate>
        <agreedToInSenate>1</agreedToInSenate>
      </actionTypeCounts>
      <actionByCounts>
        <houseOfRepresentatives>7</houseOfRepresentatives>
        <senate>7</senate>
      </actionByCounts>
      <item>
        <committee />
        <text>Motion to reconsider laid on the table Agreed to without objection.</text>
        <sourceSystem>
          <name>House floor actions</name>
          <code>2</code>
        </sourceSystem>
        <actionCode>H38310</actionCode>
        <type>Floor</type>
        <links />
        <actionTime>19:13:02</actionTime>
        <actionDate>2015-03-16</actionDate>
      </item>
      <item>
        <committee />
        <text>On agreeing to the resolution Agreed to without objection. (text: CR H1651-1652)</text>
        <sourceSystem>
          <name>House floor actions</name>
          <code>2</code>
        </sourceSystem>
        <actionCode>H37100</actionCode>
        <type>Floor</type>
        <links>
          <link>
            <url>https://www.congress.gov/congressional-record/volume-161/house-section/page/H1651-1652</url>
            <name>H1651-1652</name>
          </link>
        </links>
        <actionTime>19:12:57</actionTime>
        <actionDate>2015-03-16</actionDate>
      </item>
      <item>
        <committee />
        <text>Passed/agreed to in House: On agreeing to the resolution Agreed to without objection.(text: CR H1651-1652)</text>
        <sourceSystem>
          <name>Library of Congress</name>
          <code>9</code>
        </sourceSystem>
        <actionCode>8000</actionCode>
        <type>Floor</type>
        <links>
          <link>
            <url>https://www.congress.gov/congressional-record/volume-161/house-section/page/H1651-1652</url>
            <name>H1651-1652</name>
          </link>
        </links>
        <actionTime>19:12:57</actionTime>
        <actionDate>2015-03-16</actionDate>
      </item>
      <item>
        <committee />
        <text>Considered by unanimous consent. (consideration: CR H1651-1652)</text>
        <sourceSystem>
          <name>House floor actions</name>
          <code>2</code>
        </sourceSystem>
        <actionCode>H30000</actionCode>
        <type>Floor</type>
        <links>
          <link>
            <url>https://www.congress.gov/congressional-record/volume-161/house-section/page/H1651-1652</url>
            <name>H1651-1652</name>
          </link>
        </links>
        <actionTime>19:12:54</actionTime>
        <actionDate>2015-03-16</actionDate>
      </item>
      <item>
        <committee />
        <text>Mrs. Miller (MI) asked unanimous consent to take from the Speaker's table and consider.</text>
        <sourceSystem>
          <name>House floor actions</name>
          <code>2</code>
        </sourceSystem>
        <actionCode>H30200</actionCode>
        <type>Floor</type>
        <links />
        <actionTime>19:12:33</actionTime>
        <actionDate>2015-03-16</actionDate>
      </item>
      <item>
        <committee />
        <text>Held at the desk.</text>
        <sourceSystem>
          <name>House floor actions</name>
          <code>2</code>
        </sourceSystem>
        <actionCode>H15000</actionCode>
        <type>Floor</type>
        <links />
        <actionTime>14:13:19</actionTime>
        <actionDate>2015-03-16</actionDate>
      </item>
      <item>
        <committee />
        <text>Received in the House.</text>
        <sourceSystem>
          <name>House floor actions</name>
          <code>2</code>
        </sourceSystem>
        <actionCode>H14000</actionCode>
        <type>Floor</type>
        <links />
        <actionTime>14:04:27</actionTime>
        <actionDate>2015-03-16</actionDate>
      </item>
      <item>
        <actionDate>2015-03-16</actionDate>
        <committee />
        <links />
        <sourceSystem>
          <name>Senate</name>
          <code>0</code>
        </sourceSystem>
        <text>Message on Senate action sent to the House.</text>
        <type>Floor</type>
      </item>
      <item>
        <actionDate>2015-03-12</actionDate>
        <committee />
        <links />
        <sourceSystem>
          <name>Senate</name>
          <code>0</code>
        </sourceSystem>
        <text>Resolution agreed to in Senate without amendment by Unanimous Consent.</text>
        <type>Floor</type>
      </item>
      <item>
        <text>Passed/agreed to in Senate: Resolution agreed to in Senate without amendment by Unanimous Consent.</text>
        <sourceSystem>
          <name>Library of Congress</name>
          <code>9</code>
        </sourceSystem>
        <committee />
        <type>Floor</type>
        <links />
        <actionCode>17000</actionCode>
        <actionDate>2015-03-12</actionDate>
      </item>
      <item>
        <actionDate>2015-03-12</actionDate>
        <committee>
          <name>Rules and Administration Committee</name>
          <systemCode>ssra00</systemCode>
        </committee>
        <links>
          <link>
            <url>https://www.congress.gov/congressional-record/volume-161/senate-section/page/S1509</url>
            <name>S1509</name>
          </link>
        </links>
        <sourceSystem>
          <name>Senate</name>
          <code>0</code>
        </sourceSystem>
        <text>Senate Committee on Rules and Administration discharged by Unanimous Consent. (consideration: CR S1509)</text>
        <type>Discharge</type>
      </item>
      <item>
        <text>Senate Committee on Rules and Administration discharged by Unanimous Consent.(consideration: CR S1509)</text>
        <sourceSystem>
          <name>Library of Congress</name>
          <code>9</code>
        </sourceSystem>
        <committee>
          <name>Rules and Administration Committee</name>
          <systemCode>ssra00</systemCode>
        </committee>
        <type>Committee</type>
        <links>
          <link>
            <url>https://www.congress.gov/congressional-record/volume-161/senate-section/page/S1509</url>
            <name>S1509</name>
          </link>
        </links>
        <actionCode>14500</actionCode>
        <actionDate>2015-03-12</actionDate>
      </item>
      <item>
        <actionDate>2015-03-03</actionDate>
        <committee>
          <name>Rules and Administration Committee</name>
          <systemCode>ssra00</systemCode>
        </committee>
        <links>
          <link>
            <url>https://www.congress.gov/congressional-record/volume-161/senate-section/page/S1255</url>
            <name>S1255</name>
          </link>
        </links>
        <sourceSystem>
          <name>Senate</name>
          <code>0</code>
        </sourceSystem>
        <text>Referred to the Committee on Rules and Administration. (text of measure as introduced: CR S1255)</text>
        <type>IntroReferral</type>
      </item>
      <item>
        <text>Introduced in Senate</text>
        <sourceSystem>
          <name>Library of Congress</name>
          <code>9</code>
        </sourceSystem>
        <committee />
        <type>IntroReferral</type>
        <links />
        <actionCode>10000</actionCode>
        <actionDate>2015-03-03</actionDate>
      </item>
    </actions>
    <notes />
    <latestAction>
      <actionDate>2015-03-16</actionDate>
      <actionTime>19:13:02</actionTime>
      <links />
      <text>Motion to reconsider laid on the table Agreed to without objection.</text>
    </latestAction>
    <introducedDate>2015-03-03</introducedDate>
    <sponsors>
      <item>
        <fullName>Sen. Brown, Sherrod [D-OH]</fullName>
        <firstName>SHERROD</firstName>
        <byRequestType />
        <identifiers>
          <lisID>136</lisID>
          <gpoId>8309</gpoId>
          <bioguideId>B000944</bioguideId>
        </identifiers>
        <middleName />
        <bioguideId>B000944</bioguideId>
        <party>D</party>
        <state>OH</state>
        <lastName>BROWN</lastName>
      </item>
    </sponsors>
    <subjects>
      <billSubjects>
        <legislativeSubjects>
          <item>
            <name>Asia</name>
          </item>
          <item>
            <name>Conflicts and wars</name>
          </item>
          <item>
            <name>Congressional tributes</name>
          </item>
          <item>
            <name>Japan</name>
          </item>
          <item>
            <name>Military history</name>
          </item>
          <item>
            <name>Military personnel and dependents</name>
          </item>
          <item>
            <name>U.S. Capitol</name>
          </item>
        </legislativeSubjects>
        <policyArea>
          <name>Congress</name>
        </policyArea>
      </billSubjects>
    </subjects>
    <committeeReports />
    <amendments />
    <createDate>2015-03-04T04:46:21Z</createDate>
    <originChamber>Senate</originChamber>
    <titles>
      <item>
        <chamberCode />
        <title>A concurrent resolution authorizing the use of Emancipation Hall in the Capitol Visitor Center for a ceremony to award the Congressional Gold Medal to the World War II members of the Doolittle Tokyo Raiders.</title>
        <chamberName />
        <titleType>Official Title as Introduced</titleType>
        <parentTitleType />
      </item>
      <item>
        <chamberCode />
        <title>A concurrent resolution authorizing the use of Emancipation Hall in the Capitol Visitor Center for a ceremony to award the Congressional Gold Medal to the World War II members of the Doolittle Tokyo Raiders.</title>
        <chamberName />
        <titleType>Display Title</titleType>
        <parentTitleType />
      </item>
    </titles>
  </bill>
  <dublinCore xmlns:dc="http://purl.org/dc/elements/1.1/">
    <dc:format>text/xml</dc:format>
    <dc:language>EN</dc:language>
    <dc:rights>Pursuant to Title 17 Section 105 of the United States Code, this file is not subject to copyright protection and is in the public domain.</dc:rights>
    <dc:contributor>Congressional Research Service, Library of Congress</dc:contributor>
    <dc:description>This file contains bill summaries and statuses for federal legislation. A bill summary describes the most significant provisions of a piece of legislation and details the effects the legislative text may have on current law and federal programs. Bill summaries are authored by the Congressional Research Service (CRS) of the Library of Congress. As stated in Public Law 91-510 (2 USC 166 (d)(6)), one of the duties of CRS is "to prepare summaries and digests of bills and resolutions of a public general nature introduced in the Senate or House of Representatives". For more information, refer to the User Guide that accompanies this file.</dc:description>
  </dublinCore>
</billStatus>

