<?xml version="1.0" encoding="UTF-8"?>
<billStatus>
  <bill>
    <latestAction>
      <text>Referred to the Subcommittee on Military Personnel.</text>
      <links />
      <actionDate>2016-07-11</actionDate>
    </latestAction>
    <policyArea>
      <name>Armed Forces and National Security</name>
    </policyArea>
    <amendments>
      <amendment>
        <latestAction>
          <actionDate>2016-06-23</actionDate>
          <text>Amendment SA 4864 agreed to in Senate by Unanimous Consent.</text>
        </latestAction>
        <type>SAMDT</type>
        <congress>114</congress>
        <description />
        <number>4864</number>
        <purpose>To amend the preamble.</purpose>
        <links />
        <sponsors>
          <item>
            <fullName>Sen. Nelson, Bill [D-FL]</fullName>
            <lastName>NELSON</lastName>
            <bioguideId>N000032</bioguideId>
            <state>FL</state>
            <middleName>WILLIAM</middleName>
            <firstName>CLARENCE</firstName>
            <party>D</party>
          </item>
        </sponsors>
        <congress>114</congress>
        <description />
        <chamber>Senate</chamber>
        <createDate>2016-06-24T09:28:12Z</createDate>
        <cosponsors>
          <currentCount>0</currentCount>
          <totalCount>0</totalCount>
        </cosponsors>
        <titles />
        <updateDate>2016-11-08T09:48:34Z</updateDate>
        <submittedDate>2016-06-23T04:00:00Z</submittedDate>
        <number>4864</number>
        <proposedDate>2016-06-23T04:00:00Z</proposedDate>
        <amendedAmendment />
        <type>SAMDT</type>
        <amendedBill>
          <type>SCONRES</type>
          <number>39</number>
          <originChamberCode>S</originChamberCode>
          <originChamber>Senate</originChamber>
          <title>A concurrent resolution honoring the members of the United States Air Force who were casualties of the June 25, 1996, terrorist bombing of the United States Sector Khobar Towers military housing complex on Dhahran Air Base.</title>
          <congress>114</congress>
        </amendedBill>
        <actions>
          <actionTypeCounts>
            <amendmentAgreedTo>1</amendmentAgreedTo>
            <senateAmendmentAgreedTo>1</senateAmendmentAgreedTo>
            <amendmentProposed>1</amendmentProposed>
            <senateAmendmentSubmitted>1</senateAmendmentSubmitted>
            <senateAmendmentProposedOnTheFloor>1</senateAmendmentProposedOnTheFloor>
          </actionTypeCounts>
          <actionByCounts>
            <senate>5</senate>
          </actionByCounts>
          <actions>
            <item>
              <actionDate>2016-06-23</actionDate>
              <committee />
              <links>
                <link>
                  <name>S.Amdt.4864</name>
                  <url>https://www.congress.gov/amendment/114th-congress/senate-amendment/4864</url>
                </link>
                <link>
                  <name>SA 4864</name>
                  <url>https://www.congress.gov/amendment/114th-congress/senate-amendment/4864</url>
                </link>
              </links>
              <sourceSystem>
                <name>Senate</name>
                <code>0</code>
              </sourceSystem>
              <text>Amendment SA 4864 agreed to in Senate by Unanimous Consent.</text>
              <type>Floor</type>
            </item>
            <item>
              <actionDate>2016-06-23</actionDate>
              <committee />
              <links>
                <link>
                  <name>S.Amdt.4864</name>
                  <url>https://www.congress.gov/amendment/114th-congress/senate-amendment/4864</url>
                </link>
                <link>
                  <name>S4561</name>
                  <url>https://www.congress.gov/congressional-record/volume-162/senate-section/page/S4561</url>
                </link>
                <link>
                  <name>S4561-4562</name>
                  <url>https://www.congress.gov/congressional-record/volume-162/senate-section/page/S4561-4562</url>
                </link>
                <link>
                  <name>SA 4864</name>
                  <url>https://www.congress.gov/amendment/114th-congress/senate-amendment/4864</url>
                </link>
              </links>
              <sourceSystem>
                <name>Senate</name>
                <code>0</code>
              </sourceSystem>
              <text>Amendment SA 4864 proposed by Senator McConnell for Senator Nelson. (consideration: CR S4561-4562; text: CR S4561)</text>
              <type>Floor</type>
            </item>
            <item>
              <actionDate>2016-06-23</actionDate>
              <committee />
              <links />
              <text />
            </item>
            <item>
              <actionCode>93000</actionCode>
              <actionDate>2016-06-23</actionDate>
              <text>Senate amendment proposed (on the floor): Amendment SA 4864 proposed by Senator McConnell for Senator Nelson.(consideration: CR S4561-4562; text: CR S4561)</text>
              <committee />
              <type>Floor</type>
              <links>
                <link>
                  <name>S.Amdt.4864</name>
                  <url>https://www.congress.gov/amendment/114th-congress/senate-amendment/4864</url>
                </link>
                <link>
                  <name>S4561</name>
                  <url>https://www.congress.gov/congressional-record/volume-162/senate-section/page/S4561</url>
                </link>
                <link>
                  <name>S4561-4562</name>
                  <url>https://www.congress.gov/congressional-record/volume-162/senate-section/page/S4561-4562</url>
                </link>
                <link>
                  <name>SA 4864</name>
                  <url>https://www.congress.gov/amendment/114th-congress/senate-amendment/4864</url>
                </link>
              </links>
              <sourceSystem>
                <name>Library of Congress</name>
                <code>9</code>
              </sourceSystem>
            </item>
            <item>
              <actionCode>94000</actionCode>
              <actionDate>2016-06-23</actionDate>
              <text>Senate amendment agreed to: Amendment SA 4864 agreed to in Senate by Unanimous Consent.</text>
              <committee />
              <type>Floor</type>
              <links>
                <link>
                  <name>S.Amdt.4864</name>
                  <url>https://www.congress.gov/amendment/114th-congress/senate-amendment/4864</url>
                </link>
                <link>
                  <name>SA 4864</name>
                  <url>https://www.congress.gov/amendment/114th-congress/senate-amendment/4864</url>
                </link>
              </links>
              <sourceSystem>
                <name>Library of Congress</name>
                <code>9</code>
              </sourceSystem>
            </item>
            <item>
              <actionCode>91000</actionCode>
              <actionDate>2016-06-23</actionDate>
              <text>Senate amendment submitted</text>
              <committee />
              <type>Floor</type>
              <links />
              <sourceSystem>
                <name>Library of Congress</name>
                <code>9</code>
              </sourceSystem>
            </item>
          </actions>
          <count>6</count>
        </actions>
        <notes />
        <amendments>
          <count>0</count>
        </amendments>
        <purpose>To amend the preamble.</purpose>
      </amendment>
    </amendments>
    <relatedBills>
      <item>
        <latestTitle>Honoring the members of the United States Air Force who were casualties of the June 25, 1996, terrorist bombing of the United States Sector Khobar Towers military housing complex on Dhahran Air Base.</latestTitle>
        <number>133</number>
        <latestAction>
          <text>Referred to the Subcommittee on Military Personnel.</text>
          <actionDate>2016-06-09</actionDate>
        </latestAction>
        <type>HCONRES</type>
        <congress>114</congress>
        <relationshipDetails>
          <item>
            <identifiedBy>CRS</identifiedBy>
            <type>Identical bill</type>
          </item>
        </relationshipDetails>
      </item>
    </relatedBills>
    <billNumber>39</billNumber>
    <updateDate>2016-11-08T09:48:34Z</updateDate>
    <sponsors>
      <item>
        <fullName>Sen. Nelson, Bill [D-FL]</fullName>
        <firstName>CLARENCE</firstName>
        <lastName>NELSON</lastName>
        <identifiers>
          <lisID>859</lisID>
          <bioguideId>N000032</bioguideId>
          <gpoId>8236</gpoId>
        </identifiers>
        <state>FL</state>
        <middleName>WILLIAM</middleName>
        <party>D</party>
        <byRequestType />
        <bioguideId>N000032</bioguideId>
      </item>
    </sponsors>
    <notes />
    <originChamber>Senate</originChamber>
    <subjects>
      <billSubjects>
        <legislativeSubjects>
          <item>
            <name>Congressional tributes</name>
          </item>
          <item>
            <name>Crime victims</name>
          </item>
          <item>
            <name>Criminal investigation, prosecution, interrogation</name>
          </item>
          <item>
            <name>Middle East</name>
          </item>
          <item>
            <name>Military facilities and property</name>
          </item>
          <item>
            <name>Military personnel and dependents</name>
          </item>
          <item>
            <name>Saudi Arabia</name>
          </item>
          <item>
            <name>Terrorism</name>
          </item>
        </legislativeSubjects>
        <policyArea>
          <name>Armed Forces and National Security</name>
        </policyArea>
      </billSubjects>
    </subjects>
    <committees>
      <billCommittees>
        <item>
          <activities>
            <item>
              <name>Referred to</name>
              <date>2016-06-28T21:53:09Z</date>
            </item>
          </activities>
          <name>Armed Services Committee</name>
          <subcommittees>
            <item>
              <activities>
                <item>
                  <name>Referred to</name>
                  <date>2016-07-11T14:54:47Z</date>
                </item>
              </activities>
              <name>Military Personnel Subcommittee</name>
              <systemCode>hsas02</systemCode>
            </item>
          </subcommittees>
          <chamber>House</chamber>
          <type>Standing</type>
          <systemCode>hsas00</systemCode>
        </item>
        <item>
          <activities>
            <item>
              <name>Discharged from</name>
              <date>2016-06-23T22:04:35Z</date>
            </item>
            <item>
              <name>Referred to</name>
              <date>2016-05-19T21:22:15Z</date>
            </item>
          </activities>
          <name>Armed Services Committee</name>
          <subcommittees />
          <chamber>Senate</chamber>
          <type>Standing</type>
          <systemCode>ssas00</systemCode>
        </item>
      </billCommittees>
    </committees>
    <cosponsors>
      <item>
        <state>FL</state>
        <bioguideId>R000595</bioguideId>
        <isOriginalCosponsor>True</isOriginalCosponsor>
        <fullName>Sen. Rubio, Marco [R-FL]</fullName>
        <lastName>Rubio</lastName>
        <identifiers>
          <bioguideId>R000595</bioguideId>
          <lisID>2084</lisID>
          <gpoId>8242</gpoId>
        </identifiers>
        <sponsorshipWithdrawnDate />
        <middleName />
        <sponsorshipDate>2016-05-19</sponsorshipDate>
        <party>R</party>
        <firstName>Marco</firstName>
      </item>
      <item>
        <state>ID</state>
        <bioguideId>R000584</bioguideId>
        <isOriginalCosponsor>False</isOriginalCosponsor>
        <fullName>Sen. Risch, James E. [R-ID]</fullName>
        <lastName>Risch</lastName>
        <identifiers>
          <lisID>1896</lisID>
          <gpoId>8274</gpoId>
          <bioguideId>R000584</bioguideId>
        </identifiers>
        <sponsorshipWithdrawnDate />
        <middleName>E.</middleName>
        <sponsorshipDate>2016-05-24</sponsorshipDate>
        <party>R</party>
        <firstName>James</firstName>
      </item>
      <item>
        <state>MD</state>
        <bioguideId>M000702</bioguideId>
        <isOriginalCosponsor>False</isOriginalCosponsor>
        <fullName>Sen. Mikulski, Barbara A. [D-MD]</fullName>
        <lastName>MIKULSKI</lastName>
        <identifiers>
          <bioguideId>M000702</bioguideId>
          <lisID>802</lisID>
          <gpoId>8240</gpoId>
        </identifiers>
        <sponsorshipWithdrawnDate />
        <middleName>ANN</middleName>
        <sponsorshipDate>2016-05-24</sponsorshipDate>
        <party>D</party>
        <firstName>BARBARA</firstName>
      </item>
      <item>
        <state>NM</state>
        <bioguideId>H001046</bioguideId>
        <isOriginalCosponsor>False</isOriginalCosponsor>
        <fullName>Sen. Heinrich, Martin [D-NM]</fullName>
        <lastName>Heinrich</lastName>
        <identifiers>
          <bioguideId>H001046</bioguideId>
          <lisID>1937</lisID>
          <gpoId>8056</gpoId>
        </identifiers>
        <sponsorshipWithdrawnDate />
        <middleName />
        <sponsorshipDate>2016-06-23</sponsorshipDate>
        <party>D</party>
        <firstName>Martin</firstName>
      </item>
    </cosponsors>
    <calendarNumbers />
    <committeeReports />
    <congress>114</congress>
    <title>A concurrent resolution honoring the members of the United States Air Force who were casualties of the June 25, 1996, terrorist bombing of the United States Sector Khobar Towers military housing complex on Dhahran Air Base.</title>
    <introducedDate>2016-05-19</introducedDate>
    <actions>
      <actionTypeCounts>
        <agreedToInSenate>1</agreedToInSenate>
        <billReferrals>1</billReferrals>
        <referredToCommittee>1</referredToCommittee>
        <receivedInTheHouse>1</receivedInTheHouse>
        <placeholderTextForH>1</placeholderTextForH>
        <passedAgreedToInSenate>1</passedAgreedToInSenate>
        <introducedInSenate>1</introducedInSenate>
        <senateCommitteeDischarged>1</senateCommitteeDischarged>
        <sentToHouse>1</sentToHouse>
        <measureLaidBeforeSenate>1</measureLaidBeforeSenate>
        <committeeDischarged>1</committeeDischarged>
      </actionTypeCounts>
      <actionByCounts>
        <houseOfRepresentatives>3</houseOfRepresentatives>
        <senate>8</senate>
      </actionByCounts>
      <item>
        <actionDate>2016-07-11</actionDate>
        <committee>
          <systemCode>hsas02</systemCode>
          <name>Military Personnel Subcommittee</name>
        </committee>
        <links />
        <sourceSystem>
          <name>House committee actions</name>
          <code>1</code>
        </sourceSystem>
        <text>Referred to the Subcommittee on Military Personnel.</text>
        <type>Committee</type>
      </item>
      <item>
        <actionCode>H11100</actionCode>
        <actionDate>2016-06-28</actionDate>
        <text>Referred to the House Committee on Armed Services.</text>
        <committee>
          <systemCode>hsas00</systemCode>
          <name>Armed Services Committee</name>
        </committee>
        <type>IntroReferral</type>
        <links />
        <sourceSystem>
          <name>House floor actions</name>
          <code>2</code>
        </sourceSystem>
      </item>
      <item>
        <actionCode>H14000</actionCode>
        <actionDate>2016-06-28</actionDate>
        <text>Received in the House.</text>
        <committee />
        <type>Floor</type>
        <links />
        <actionTime>17:05:58</actionTime>
        <sourceSystem>
          <name>House floor actions</name>
          <code>2</code>
        </sourceSystem>
      </item>
      <item>
        <actionDate>2016-06-24</actionDate>
        <committee />
        <links />
        <sourceSystem>
          <name>Senate</name>
          <code>0</code>
        </sourceSystem>
        <text>Message on Senate action sent to the House.</text>
        <type>Floor</type>
      </item>
      <item>
        <actionDate>2016-06-23</actionDate>
        <committee />
        <links>
          <link>
            <name>S4561-4562</name>
            <url>https://www.congress.gov/congressional-record/volume-162/senate-section/page/S4561-4562</url>
          </link>
        </links>
        <sourceSystem>
          <name>Senate</name>
          <code>0</code>
        </sourceSystem>
        <text>Resolution agreed to in Senate without amendment and an amended preamble by Unanimous Consent. (text: CR S4561-4562)</text>
        <type>Floor</type>
      </item>
      <item>
        <actionCode>17000</actionCode>
        <actionDate>2016-06-23</actionDate>
        <text>Passed/agreed to in Senate: Resolution agreed to in Senate without amendment and an amended preamble by Unanimous Consent.(text: CR S4561-4562)</text>
        <committee />
        <type>Floor</type>
        <links>
          <link>
            <name>S4561-4562</name>
            <url>https://www.congress.gov/congressional-record/volume-162/senate-section/page/S4561-4562</url>
          </link>
        </links>
        <sourceSystem>
          <name>Library of Congress</name>
          <code>9</code>
        </sourceSystem>
      </item>
      <item>
        <actionDate>2016-06-23</actionDate>
        <committee>
          <systemCode>ssas00</systemCode>
          <name>Armed Services Committee</name>
        </committee>
        <links>
          <link>
            <name>S4561-4562</name>
            <url>https://www.congress.gov/congressional-record/volume-162/senate-section/page/S4561-4562</url>
          </link>
        </links>
        <sourceSystem>
          <name>Senate</name>
          <code>0</code>
        </sourceSystem>
        <text>Senate Committee on Armed Services discharged by Unanimous Consent. (consideration: CR S4561-4562)</text>
        <type>Discharge</type>
      </item>
      <item>
        <actionCode>14500</actionCode>
        <actionDate>2016-06-23</actionDate>
        <text>Senate Committee on Armed Services discharged by Unanimous Consent.(consideration: CR S4561-4562)</text>
        <committee>
          <systemCode>ssas00</systemCode>
          <name>Armed Services Committee</name>
        </committee>
        <type>Committee</type>
        <links>
          <link>
            <name>S4561-4562</name>
            <url>https://www.congress.gov/congressional-record/volume-162/senate-section/page/S4561-4562</url>
          </link>
        </links>
        <sourceSystem>
          <name>Library of Congress</name>
          <code>9</code>
        </sourceSystem>
      </item>
      <item>
        <actionDate>2016-06-23</actionDate>
        <committee />
        <links />
        <sourceSystem>
          <name>Senate</name>
          <code>0</code>
        </sourceSystem>
        <text>Measure laid before Senate by unanimous consent.</text>
        <type>Floor</type>
      </item>
      <item>
        <actionDate>2016-05-19</actionDate>
        <committee>
          <systemCode>ssas00</systemCode>
          <name>Armed Services Committee</name>
        </committee>
        <links>
          <link>
            <name>S3034</name>
            <url>https://www.congress.gov/congressional-record/volume-162/senate-section/page/S3034</url>
          </link>
        </links>
        <sourceSystem>
          <name>Senate</name>
          <code>0</code>
        </sourceSystem>
        <text>Referred to the Committee on Armed Services. (text of measure as introduced: CR S3034)</text>
        <type>IntroReferral</type>
      </item>
      <item>
        <actionCode>10000</actionCode>
        <actionDate>2016-05-19</actionDate>
        <text>Introduced in Senate</text>
        <committee />
        <type>IntroReferral</type>
        <links />
        <sourceSystem>
          <name>Library of Congress</name>
          <code>9</code>
        </sourceSystem>
      </item>
    </actions>
    <summaries>
      <billSummaries>
        <item>
          <updateDate>2016-05-19T04:00:00Z</updateDate>
          <versionCode>00</versionCode>
          <text><![CDATA[<p>Recognizes the service and sacrifice of the 19 Air Force members who were killed in the June 25, 1996, terrorist bombing of the United States Sector Khobar Towers military housing complex on Dhahran Air Base, Saudi Arabia. </p> <p>Extends sympathies to the families and friends of those killed. </p> <p>Acknowledges the anguish and resilience of the attack's survivors. </p> <p>Assures members of the Armed Forces and other U.S. agents serving in harm's way that their well-being will be given the highest priority.</p> <p> Declares that perpetrators of terrorist acts against members of the Armed Forces and U.S. agents or citizens will be brought to justice. </p>]]></text>
          <lastSummaryUpdateDate>2016-06-20T15:43:58Z</lastSummaryUpdateDate>
          <actionDate>2016-05-19</actionDate>
          <actionDesc>Introduced in Senate</actionDesc>
          <name>Introduced in Senate</name>
        </item>
        <item>
          <updateDate>2016-06-23T13:23:13Z</updateDate>
          <versionCode>82</versionCode>
          <text><![CDATA[<p>(This measure has not been amended since it was introduced. The summary of that version is repeated here.)</p> <p>Recognizes the service and sacrifice of the 19 Air Force members who were killed in the June 25, 1996, terrorist bombing of the United States Sector Khobar Towers military housing complex on Dhahran Air Base, Saudi Arabia. </p> <p>Extends sympathies to the families and friends of those killed. </p> <p>Acknowledges the anguish and resilience of the attack's survivors. </p> <p>Assures members of the Armed Forces and other U.S. agents serving in harm's way that their well-being will be given the highest priority.</p> <p> Declares that perpetrators of terrorist acts against members of the Armed Forces and U.S. agents or citizens will be brought to justice. </p>]]></text>
          <lastSummaryUpdateDate>2016-07-14T19:59:26Z</lastSummaryUpdateDate>
          <actionDate>2016-06-23</actionDate>
          <actionDesc>Passed Senate without amendment</actionDesc>
          <name>Passed Senate without amendment</name>
        </item>
      </billSummaries>
    </summaries>
    <laws />
    <createDate>2016-05-20T01:31:46Z</createDate>
    <titles>
      <item>
        <title>A concurrent resolution honoring the members of the United States Air Force who were casualties of the June 25, 1996, terrorist bombing of the United States Sector Khobar Towers military housing complex on Dhahran Air Base.</title>
        <chamberCode />
        <chamberName />
        <titleType>Official Title as Introduced</titleType>
        <parentTitleType />
      </item>
      <item>
        <title>A concurrent resolution honoring the members of the United States Air Force who were casualties of the June 25, 1996, terrorist bombing of the United States Sector Khobar Towers military housing complex on Dhahran Air Base.</title>
        <chamberCode />
        <chamberName />
        <titleType>Display Title</titleType>
        <parentTitleType />
      </item>
    </titles>
    <cboCostEstimates />
    <recordedVotes />
    <billType>SCONRES</billType>
  </bill>
  <dublinCore xmlns:dc="http://purl.org/dc/elements/1.1/">
    <dc:format>text/xml</dc:format>
    <dc:language>EN</dc:language>
    <dc:rights>Pursuant to Title 17 Section 105 of the United States Code, this file is not subject to copyright protection and is in the public domain.</dc:rights>
    <dc:contributor>Congressional Research Service, Library of Congress</dc:contributor>
    <dc:description>This file contains bill summaries and statuses for federal legislation. A bill summary describes the most significant provisions of a piece of legislation and details the effects the legislative text may have on current law and federal programs. Bill summaries are authored by the Congressional Research Service (CRS) of the Library of Congress. As stated in Public Law 91-510 (2 USC 166 (d)(6)), one of the duties of CRS is "to prepare summaries and digests of bills and resolutions of a public general nature introduced in the Senate or House of Representatives". For more information, refer to the User Guide that accompanies this file.</dc:description>
  </dublinCore>
</billStatus>

