<?xml version="1.0" encoding="UTF-8"?>
<billStatus>
  <bill>
    <title>Proposing an amendment to the Constitution of the United States prohibiting the United States government from increasing its debt except for a specific purpose by law adopted by three-fourths of the membership of each House of Congress.</title>
    <policyArea>
      <name>Economics and Public Finance</name>
    </policyArea>
    <constitutionalAuthorityStatementText><![CDATA[<pre>By Mr. McCLINTOCK:H.J. Res. 9.Congress has the power to enact this legislation pursuantto the following:Article V of the United States Constitution provides foramendments to the United States Constitution.[Page H38]</pre>]]></constitutionalAuthorityStatementText>
    <recordedVotes />
    <createDate>2013-01-04T07:00:55Z</createDate>
    <summaries>
      <billSummaries>
        <item>
          <updateDate>2013-01-03T05:00:00Z</updateDate>
          <versionCode>00</versionCode>
          <text><![CDATA[<p>Constitutional Amendment - Prohibits the federal government from increasing its debt except for a specific purpose by law adopted by three-fourths of the membership of each chamber.</p>]]></text>
          <lastSummaryUpdateDate>2013-02-13T16:18:16Z</lastSummaryUpdateDate>
          <actionDate>2013-01-03</actionDate>
          <actionDesc>Introduced in House</actionDesc>
          <name>Introduced in House</name>
        </item>
      </billSummaries>
    </summaries>
    <committeeReports />
    <notes />
    <latestAction>
      <links />
      <actionDate>2013-01-25</actionDate>
      <text>Referred to the Subcommittee on the Constitution And Civil Justice.</text>
    </latestAction>
    <sponsors>
      <item>
        <state>CA</state>
        <fullName>Rep. McClintock, Tom [R-CA-4]</fullName>
        <district>4</district>
        <bioguideId>M001177</bioguideId>
        <middleName />
        <byRequestType />
        <lastName>McClintock</lastName>
        <party>R</party>
        <firstName>Tom</firstName>
        <identifiers>
          <bioguideId>M001177</bioguideId>
          <lisID>1908</lisID>
          <gpoId>7809</gpoId>
        </identifiers>
      </item>
    </sponsors>
    <billNumber>9</billNumber>
    <titles>
      <item>
        <titleType>Official Title as Introduced</titleType>
        <parentTitleType />
        <title>Proposing an amendment to the Constitution of the United States prohibiting the United States government from increasing its debt except for a specific purpose by law adopted by three-fourths of the membership of each House of Congress.</title>
        <chamberName />
        <chamberCode />
      </item>
      <item>
        <titleType>Display Title</titleType>
        <parentTitleType />
        <title>Proposing an amendment to the Constitution of the United States prohibiting the United States government from increasing its debt except for a specific purpose by law adopted by three-fourths of the membership of each House of Congress.</title>
        <chamberName />
        <chamberCode />
      </item>
    </titles>
    <billType>HJRES</billType>
    <laws />
    <committees>
      <billCommittees>
        <item>
          <subcommittees>
            <item>
              <systemCode>hsju10</systemCode>
              <name>Constitution and Civil Justice Subcommittee</name>
              <activities>
                <item>
                  <name>Referred to</name>
                  <date>2013-01-25T19:17:51Z</date>
                </item>
              </activities>
            </item>
          </subcommittees>
          <type>Standing</type>
          <activities>
            <item>
              <name>Referred to</name>
              <date>2013-01-03T16:17:05Z</date>
            </item>
          </activities>
          <systemCode>hsju00</systemCode>
          <name>Judiciary Committee</name>
          <chamber>House</chamber>
        </item>
      </billCommittees>
    </committees>
    <updateDate>2016-10-25T15:56:11Z</updateDate>
    <relatedBills />
    <subjects>
      <billSubjects>
        <policyArea>
          <name>Economics and Public Finance</name>
        </policyArea>
        <legislativeSubjects>
          <item>
            <name>Budget deficits and national debt</name>
          </item>
          <item>
            <name>Constitution and constitutional amendments</name>
          </item>
          <item>
            <name>Legislative rules and procedure</name>
          </item>
        </legislativeSubjects>
      </billSubjects>
    </subjects>
    <introducedDate>2013-01-03</introducedDate>
    <actions>
      <actionTypeCounts>
        <introducedInHouse>1</introducedInHouse>
        <placeholderTextForH>1</placeholderTextForH>
        <billReferrals>1</billReferrals>
        <introducedInTheHouse>1</introducedInTheHouse>
      </actionTypeCounts>
      <actionByCounts>
        <houseOfRepresentatives>4</houseOfRepresentatives>
      </actionByCounts>
      <item>
        <actionDate>2013-01-25</actionDate>
        <committee>
          <systemCode>hsju10</systemCode>
          <name>Constitution and Civil Justice Subcommittee</name>
        </committee>
        <links />
        <sourceSystem>
          <name>House committee actions</name>
          <code>1</code>
        </sourceSystem>
        <text>Referred to the Subcommittee on the Constitution And Civil Justice.</text>
        <type>Committee</type>
      </item>
      <item>
        <actionCode>H11100</actionCode>
        <actionDate>2013-01-03</actionDate>
        <text>Referred to the House Committee on the Judiciary.</text>
        <committee>
          <systemCode>hsju00</systemCode>
          <name>Judiciary Committee</name>
        </committee>
        <type>IntroReferral</type>
        <links />
        <sourceSystem>
          <name>House floor actions</name>
          <code>2</code>
        </sourceSystem>
      </item>
      <item>
        <actionCode>Intro-H</actionCode>
        <actionDate>2013-01-03</actionDate>
        <text>Introduced in House</text>
        <committee />
        <type>IntroReferral</type>
        <links />
        <sourceSystem>
          <name>Library of Congress</name>
          <code>9</code>
        </sourceSystem>
      </item>
      <item>
        <actionCode>1000</actionCode>
        <actionDate>2013-01-03</actionDate>
        <text>Introduced in House</text>
        <committee />
        <type>IntroReferral</type>
        <links />
        <sourceSystem>
          <name>Library of Congress</name>
          <code>9</code>
        </sourceSystem>
      </item>
    </actions>
    <amendments />
    <congress>113</congress>
    <cosponsors />
    <calendarNumbers />
    <cboCostEstimates />
    <originChamber>House</originChamber>
  </bill>
  <dublinCore xmlns:dc="http://purl.org/dc/elements/1.1/">
    <dc:format>text/xml</dc:format>
    <dc:language>EN</dc:language>
    <dc:rights>Pursuant to Title 17 Section 105 of the United States Code, this file is not subject to copyright protection and is in the public domain.</dc:rights>
    <dc:contributor>Congressional Research Service, Library of Congress</dc:contributor>
    <dc:description>This file contains bill summaries and statuses for federal legislation. A bill summary describes the most significant provisions of a piece of legislation and details the effects the legislative text may have on current law and federal programs. Bill summaries are authored by the Congressional Research Service (CRS) of the Library of Congress. As stated in Public Law 91-510 (2 USC 166 (d)(6)), one of the duties of CRS is "to prepare summaries and digests of bills and resolutions of a public general nature introduced in the Senate or House of Representatives". For more information, refer to the User Guide that accompanies this file.</dc:description>
  </dublinCore>
</billStatus>

