<?xml version="1.0" encoding="UTF-8"?>
<billStatus>
  <bill>
    <billType>HJRES</billType>
    <policyArea>
      <name>Government Operations and Politics</name>
    </policyArea>
    <recordedVotes />
    <summaries>
      <billSummaries>
        <item>
          <versionCode>00</versionCode>
          <actionDate>2014-07-09</actionDate>
          <text><![CDATA[<p>Appoints Michael M. Lynton as a citizen regent of the Board of Regents of the Smithsonian Institution. </p>]]></text>
          <name>Introduced in House</name>
          <lastSummaryUpdateDate>2014-07-28T03:17:07Z</lastSummaryUpdateDate>
          <updateDate>2014-07-09T04:00:00Z</updateDate>
          <actionDesc>Introduced in House</actionDesc>
        </item>
      </billSummaries>
    </summaries>
    <actions>
      <item>
        <text>Referred to the House Committee on House Administration.</text>
        <committee>
          <systemCode>hsha00</systemCode>
          <name>House Administration Committee</name>
        </committee>
        <actionCode>H11100</actionCode>
        <sourceSystem>
          <code>2</code>
          <name>House floor actions</name>
        </sourceSystem>
        <type>IntroReferral</type>
        <actionDate>2014-07-09</actionDate>
        <links />
      </item>
      <item>
        <text>Introduced in House</text>
        <committee />
        <actionCode>Intro-H</actionCode>
        <sourceSystem>
          <code>9</code>
          <name>Library of Congress</name>
        </sourceSystem>
        <type>IntroReferral</type>
        <actionDate>2014-07-09</actionDate>
        <links />
      </item>
      <item>
        <text>Introduced in House</text>
        <committee />
        <actionCode>1000</actionCode>
        <sourceSystem>
          <code>9</code>
          <name>Library of Congress</name>
        </sourceSystem>
        <type>IntroReferral</type>
        <actionDate>2014-07-09</actionDate>
        <links />
      </item>
      <actionByCounts>
        <houseOfRepresentatives>3</houseOfRepresentatives>
      </actionByCounts>
      <actionTypeCounts>
        <introducedInHouse>1</introducedInHouse>
        <introducedInTheHouse>1</introducedInTheHouse>
        <billReferrals>1</billReferrals>
      </actionTypeCounts>
    </actions>
    <updateDate>2016-10-25T15:56:38Z</updateDate>
    <amendments />
    <introducedDate>2014-07-09</introducedDate>
    <originChamber>House</originChamber>
    <billNumber>117</billNumber>
    <relatedBills>
      <item>
        <latestTitle>A joint resolution providing for the appointment of Michael Lynton as a citizen regent of the Board of Regents of the Smithsonian Institution.</latestTitle>
        <type>SJRES</type>
        <relationshipDetails>
          <item>
            <type>Identical bill</type>
            <identifiedBy>CRS</identifiedBy>
          </item>
        </relationshipDetails>
        <number>40</number>
        <congress>113</congress>
        <latestAction>
          <text>Became Public Law No: 113-184.</text>
          <actionDate>2014-09-29</actionDate>
        </latestAction>
      </item>
    </relatedBills>
    <calendarNumbers />
    <cosponsors>
      <item>
        <identifiers>
          <gpoId>8112</gpoId>
          <lisID>1742</lisID>
          <bioguideId>C001053</bioguideId>
        </identifiers>
        <isOriginalCosponsor>True</isOriginalCosponsor>
        <firstName>Tom</firstName>
        <sponsorshipWithdrawnDate />
        <sponsorshipDate>2014-07-09</sponsorshipDate>
        <party>R</party>
        <district>4</district>
        <fullName>Rep. Cole, Tom [R-OK-4]</fullName>
        <state>OK</state>
        <bioguideId>C001053</bioguideId>
        <lastName>Cole</lastName>
        <middleName />
      </item>
      <item>
        <identifiers>
          <lisID>70</lisID>
          <gpoId>7836</gpoId>
          <bioguideId>B000287</bioguideId>
        </identifiers>
        <isOriginalCosponsor>True</isOriginalCosponsor>
        <firstName>XAVIER</firstName>
        <sponsorshipWithdrawnDate />
        <sponsorshipDate>2014-07-09</sponsorshipDate>
        <party>D</party>
        <district>34</district>
        <fullName>Rep. Becerra, Xavier [D-CA-34]</fullName>
        <state>CA</state>
        <bioguideId>B000287</bioguideId>
        <lastName>BECERRA</lastName>
        <middleName />
      </item>
    </cosponsors>
    <congress>113</congress>
    <committees>
      <billCommittees>
        <item>
          <subcommittees />
          <systemCode>hsha00</systemCode>
          <activities>
            <item>
              <name>Referred to</name>
              <date>2014-07-09T14:02:15Z</date>
            </item>
          </activities>
          <chamber>House</chamber>
          <name>House Administration Committee</name>
          <type>Standing</type>
        </item>
      </billCommittees>
    </committees>
    <sponsors>
      <item>
        <fullName>Rep. Johnson, Sam [R-TX-3]</fullName>
        <lastName>JOHNSON</lastName>
        <byRequestType />
        <party>R</party>
        <state>TX</state>
        <middleName />
        <firstName>SAM</firstName>
        <bioguideId>J000174</bioguideId>
        <district>3</district>
        <identifiers>
          <gpoId>8159</gpoId>
          <lisID>603</lisID>
          <bioguideId>J000174</bioguideId>
        </identifiers>
      </item>
    </sponsors>
    <latestAction>
      <text>Referred to the House Committee on House Administration.</text>
      <actionDate>2014-07-09</actionDate>
      <links />
    </latestAction>
    <subjects>
      <billSubjects>
        <legislativeSubjects>
          <item>
            <name>Federal officials</name>
          </item>
          <item>
            <name>Museums, exhibitions, cultural centers</name>
          </item>
          <item>
            <name>Smithsonian Institution</name>
          </item>
        </legislativeSubjects>
        <policyArea>
          <name>Government Operations and Politics</name>
        </policyArea>
      </billSubjects>
    </subjects>
    <constitutionalAuthorityStatementText><![CDATA[<pre>Mr. SAM JOHNSON of Texas:H.J. Res. 117Congress has the power to enact this legislation pursuantto the following:Article 1, Section 8, Clause 17, giving Congress exclusivejurisdiction over the District of Columbia. That clause wascited as the authority for the government's ability to acceptthe original Smithson donation and the creation of theSmithsonian Institution via the Act of August 10, 1846.Article 1, Section 8, Clause 18, the Necessary and Properclause, which provides the power to enact legislationnecessary to effectuate one of the earlier enumerated powers,such as the authority granted in Clause 17 above.____________________[Page H6036]</pre>]]></constitutionalAuthorityStatementText>
    <createDate>2014-07-10T05:01:17Z</createDate>
    <title>Providing for the appointment of Michael Lynton as a citizen regent of the Board of Regents of the Smithsonian Institution.</title>
    <laws />
    <titles>
      <item>
        <parentTitleType />
        <chamberCode />
        <chamberName />
        <title>Providing for the appointment of Michael Lynton as a citizen regent of the Board of Regents of the Smithsonian Institution.</title>
        <titleType>Official Title as Introduced</titleType>
      </item>
      <item>
        <parentTitleType />
        <chamberCode />
        <chamberName />
        <title>Providing for the appointment of Michael Lynton as a citizen regent of the Board of Regents of the Smithsonian Institution.</title>
        <titleType>Display Title</titleType>
      </item>
    </titles>
    <committeeReports />
    <notes>
      <item>
        <text><![CDATA[For further action, see S.J.RES.40, which became Public Law 113-184 on 9/29/2014.]]></text>
        <links>
          <link>
            <name>S.J.RES.40</name>
            <url>https://www.congress.gov/bill/113th-congress/senate-joint-resolution/40</url>
          </link>
        </links>
      </item>
    </notes>
    <cboCostEstimates />
  </bill>
  <dublinCore xmlns:dc="http://purl.org/dc/elements/1.1/">
    <dc:format>text/xml</dc:format>
    <dc:language>EN</dc:language>
    <dc:rights>Pursuant to Title 17 Section 105 of the United States Code, this file is not subject to copyright protection and is in the public domain.</dc:rights>
    <dc:contributor>Congressional Research Service, Library of Congress</dc:contributor>
    <dc:description>This file contains bill summaries and statuses for federal legislation. A bill summary describes the most significant provisions of a piece of legislation and details the effects the legislative text may have on current law and federal programs. Bill summaries are authored by the Congressional Research Service (CRS) of the Library of Congress. As stated in Public Law 91-510 (2 USC 166 (d)(6)), one of the duties of CRS is "to prepare summaries and digests of bills and resolutions of a public general nature introduced in the Senate or House of Representatives". For more information, refer to the User Guide that accompanies this file.</dc:description>
  </dublinCore>
</billStatus>

