<?xml version="1.0" encoding="UTF-8"?>
<billStatus>
  <bill>
    <committeeReports />
    <committees>
      <billCommittees>
        <item>
          <subcommittees>
            <item>
              <systemCode>hsju10</systemCode>
              <activities>
                <item>
                  <date>2013-02-28T21:23:07Z</date>
                  <name>Referred to</name>
                </item>
              </activities>
              <name>Constitution and Civil Justice Subcommittee</name>
            </item>
          </subcommittees>
          <chamber>House</chamber>
          <systemCode>hsju00</systemCode>
          <activities>
            <item>
              <date>2013-02-13T15:08:45Z</date>
              <name>Referred to</name>
            </item>
          </activities>
          <type>Standing</type>
          <name>Judiciary Committee</name>
        </item>
      </billCommittees>
    </committees>
    <createDate>2013-02-14T07:00:52Z</createDate>
    <amendments />
    <policyArea>
      <name>Taxation</name>
    </policyArea>
    <sponsors>
      <item>
        <district>4</district>
        <firstName>Steven</firstName>
        <bioguideId>P000601</bioguideId>
        <identifiers>
          <bioguideId>P000601</bioguideId>
          <gpoId>8022</gpoId>
          <lisID>2035</lisID>
        </identifiers>
        <lastName>Palazzo</lastName>
        <middleName>M.</middleName>
        <byRequestType />
        <fullName>Rep. Palazzo, Steven M. [R-MS-4]</fullName>
        <party>R</party>
        <state>MS</state>
      </item>
    </sponsors>
    <subjects>
      <billSubjects>
        <legislativeSubjects>
          <item>
            <name>Constitution and constitutional amendments</name>
          </item>
          <item>
            <name>Health care costs and insurance</name>
          </item>
          <item>
            <name>Health care coverage and access</name>
          </item>
          <item>
            <name>Tax administration and collection, taxpayers</name>
          </item>
        </legislativeSubjects>
        <policyArea>
          <name>Taxation</name>
        </policyArea>
      </billSubjects>
    </subjects>
    <notes />
    <cosponsors>
      <item>
        <identifiers>
          <gpoId>8026</gpoId>
          <lisID>612</lisID>
          <bioguideId>J000255</bioguideId>
        </identifiers>
        <isOriginalCosponsor>False</isOriginalCosponsor>
        <firstName>WALTER</firstName>
        <sponsorshipWithdrawnDate />
        <sponsorshipDate>2013-02-25</sponsorshipDate>
        <party>R</party>
        <district>3</district>
        <fullName>Rep. Jones, Walter B., Jr. [R-NC-3]</fullName>
        <state>NC</state>
        <bioguideId>J000255</bioguideId>
        <lastName>JONES</lastName>
        <middleName>B.</middleName>
      </item>
      <item>
        <identifiers>
          <lisID>2034</lisID>
          <bioguideId>N000186</bioguideId>
          <gpoId>8019</gpoId>
        </identifiers>
        <isOriginalCosponsor>False</isOriginalCosponsor>
        <firstName>Alan</firstName>
        <sponsorshipWithdrawnDate />
        <sponsorshipDate>2013-02-25</sponsorshipDate>
        <party>R</party>
        <district>1</district>
        <fullName>Rep. Nunnelee, Alan [R-MS-1]</fullName>
        <state>MS</state>
        <bioguideId>N000186</bioguideId>
        <lastName>Nunnelee</lastName>
        <middleName />
      </item>
      <item>
        <identifiers>
          <lisID>2057</lisID>
          <gpoId>8143</gpoId>
          <bioguideId>D000615</bioguideId>
        </identifiers>
        <isOriginalCosponsor>False</isOriginalCosponsor>
        <firstName>Jeff</firstName>
        <sponsorshipWithdrawnDate />
        <sponsorshipDate>2013-03-06</sponsorshipDate>
        <party>R</party>
        <district>3</district>
        <fullName>Rep. Duncan, Jeff [R-SC-3]</fullName>
        <state>SC</state>
        <bioguideId>D000615</bioguideId>
        <lastName>Duncan</lastName>
        <middleName />
      </item>
      <item>
        <identifiers>
          <lisID>2090</lisID>
          <bioguideId>A000369</bioguideId>
          <gpoId>8366</gpoId>
        </identifiers>
        <isOriginalCosponsor>False</isOriginalCosponsor>
        <firstName>Mark</firstName>
        <sponsorshipWithdrawnDate />
        <sponsorshipDate>2013-03-06</sponsorshipDate>
        <party>R</party>
        <district>2</district>
        <fullName>Rep. Amodei, Mark E. [R-NV-2]</fullName>
        <state>NV</state>
        <bioguideId>A000369</bioguideId>
        <lastName>Amodei</lastName>
        <middleName>E.</middleName>
      </item>
      <item>
        <identifiers>
          <bioguideId>W000798</bioguideId>
          <lisID>1855</lisID>
          <gpoId>7992</gpoId>
        </identifiers>
        <isOriginalCosponsor>False</isOriginalCosponsor>
        <firstName>Tim</firstName>
        <sponsorshipWithdrawnDate />
        <sponsorshipDate>2013-03-12</sponsorshipDate>
        <party>R</party>
        <district>7</district>
        <fullName>Rep. Walberg, Tim [R-MI-7]</fullName>
        <state>MI</state>
        <bioguideId>W000798</bioguideId>
        <lastName>Walberg</lastName>
        <middleName />
      </item>
      <item>
        <identifiers>
          <gpoId>7943</gpoId>
          <lisID>2017</lisID>
          <bioguideId>R000592</bioguideId>
        </identifiers>
        <isOriginalCosponsor>False</isOriginalCosponsor>
        <firstName>Todd</firstName>
        <sponsorshipWithdrawnDate />
        <sponsorshipDate>2013-03-13</sponsorshipDate>
        <party>R</party>
        <district>4</district>
        <fullName>Rep. Rokita, Todd [R-IN-4]</fullName>
        <state>IN</state>
        <bioguideId>R000592</bioguideId>
        <lastName>Rokita</lastName>
        <middleName />
      </item>
      <item>
        <identifiers>
          <bioguideId>B001283</bioguideId>
          <gpoId />
          <lisID>2155</lisID>
        </identifiers>
        <isOriginalCosponsor>False</isOriginalCosponsor>
        <firstName>Jim</firstName>
        <sponsorshipWithdrawnDate />
        <sponsorshipDate>2013-03-14</sponsorshipDate>
        <party>R</party>
        <district>1</district>
        <fullName>Rep. Bridenstine, Jim [R-OK-1]</fullName>
        <state>OK</state>
        <bioguideId>B001283</bioguideId>
        <lastName>Bridenstine</lastName>
        <middleName />
      </item>
      <item>
        <identifiers>
          <gpoId />
          <lisID>2100</lisID>
          <bioguideId>L000578</bioguideId>
        </identifiers>
        <isOriginalCosponsor>False</isOriginalCosponsor>
        <firstName>Doug</firstName>
        <sponsorshipWithdrawnDate />
        <sponsorshipDate>2013-03-14</sponsorshipDate>
        <party>R</party>
        <district>1</district>
        <fullName>Rep. LaMalfa, Doug [R-CA-1]</fullName>
        <state>CA</state>
        <bioguideId>L000578</bioguideId>
        <lastName>LaMalfa</lastName>
        <middleName />
      </item>
      <item>
        <identifiers>
          <bioguideId>P000373</bioguideId>
          <lisID>1514</lisID>
          <gpoId>8134</gpoId>
        </identifiers>
        <isOriginalCosponsor>False</isOriginalCosponsor>
        <firstName>JOSEPH</firstName>
        <sponsorshipWithdrawnDate />
        <sponsorshipDate>2013-03-14</sponsorshipDate>
        <party>R</party>
        <district>16</district>
        <fullName>Rep. Pitts, Joseph R. [R-PA-16]</fullName>
        <state>PA</state>
        <bioguideId>P000373</bioguideId>
        <lastName>PITTS</lastName>
        <middleName>R.</middleName>
      </item>
      <item>
        <identifiers>
          <lisID>2021</lisID>
          <gpoId>7951</gpoId>
          <bioguideId>Y000063</bioguideId>
        </identifiers>
        <isOriginalCosponsor>False</isOriginalCosponsor>
        <firstName>Kevin</firstName>
        <sponsorshipWithdrawnDate />
        <sponsorshipDate>2013-03-14</sponsorshipDate>
        <party>R</party>
        <district>3</district>
        <fullName>Rep. Yoder, Kevin [R-KS-3]</fullName>
        <state>KS</state>
        <bioguideId>Y000063</bioguideId>
        <lastName>Yoder</lastName>
        <middleName />
      </item>
      <item>
        <identifiers>
          <bioguideId>B001262</bioguideId>
          <lisID>1882</lisID>
          <gpoId>7907</gpoId>
        </identifiers>
        <isOriginalCosponsor>False</isOriginalCosponsor>
        <firstName>Paul</firstName>
        <sponsorshipWithdrawnDate />
        <sponsorshipDate>2013-03-20</sponsorshipDate>
        <party>R</party>
        <district>10</district>
        <fullName>Rep. Broun, Paul C. [R-GA-10]</fullName>
        <state>GA</state>
        <bioguideId>B001262</bioguideId>
        <lastName>Broun</lastName>
        <middleName>C.</middleName>
      </item>
      <item>
        <identifiers>
          <lisID>2157</lisID>
          <bioguideId>P000605</bioguideId>
          <gpoId />
        </identifiers>
        <isOriginalCosponsor>False</isOriginalCosponsor>
        <firstName>Scott</firstName>
        <sponsorshipWithdrawnDate />
        <sponsorshipDate>2013-04-16</sponsorshipDate>
        <party>R</party>
        <district>4</district>
        <fullName>Rep. Perry, Scott [R-PA-4]</fullName>
        <state>PA</state>
        <bioguideId>P000605</bioguideId>
        <lastName>Perry</lastName>
        <middleName />
      </item>
      <item>
        <identifiers>
          <lisID>2161</lisID>
          <bioguideId>W000814</bioguideId>
          <gpoId />
        </identifiers>
        <isOriginalCosponsor>False</isOriginalCosponsor>
        <firstName>Randy</firstName>
        <sponsorshipWithdrawnDate />
        <sponsorshipDate>2013-04-16</sponsorshipDate>
        <party>R</party>
        <district>14</district>
        <fullName>Rep. Weber, Randy K. Sr. [R-TX-14]</fullName>
        <state>TX</state>
        <bioguideId>W000814</bioguideId>
        <lastName>Weber</lastName>
        <middleName>K.</middleName>
      </item>
      <item>
        <identifiers>
          <lisID>2053</lisID>
          <bioguideId>M001179</bioguideId>
          <gpoId>8128</gpoId>
        </identifiers>
        <isOriginalCosponsor>False</isOriginalCosponsor>
        <firstName>Tom</firstName>
        <sponsorshipWithdrawnDate />
        <sponsorshipDate>2013-04-24</sponsorshipDate>
        <party>R</party>
        <district>10</district>
        <fullName>Rep. Marino, Tom [R-PA-10]</fullName>
        <state>PA</state>
        <bioguideId>M001179</bioguideId>
        <lastName>Marino</lastName>
        <middleName />
      </item>
      <item>
        <identifiers>
          <bioguideId>B001274</bioguideId>
          <gpoId>7790</gpoId>
          <lisID>1987</lisID>
        </identifiers>
        <isOriginalCosponsor>False</isOriginalCosponsor>
        <firstName>Mo</firstName>
        <sponsorshipWithdrawnDate />
        <sponsorshipDate>2013-04-26</sponsorshipDate>
        <party>R</party>
        <district>5</district>
        <fullName>Rep. Brooks, Mo [R-AL-5]</fullName>
        <state>AL</state>
        <bioguideId>B001274</bioguideId>
        <lastName>Brooks</lastName>
        <middleName />
      </item>
      <item>
        <identifiers>
          <gpoId />
          <lisID>1114</lisID>
          <bioguideId>S000937</bioguideId>
        </identifiers>
        <isOriginalCosponsor>False</isOriginalCosponsor>
        <firstName>STEVE</firstName>
        <sponsorshipWithdrawnDate />
        <sponsorshipDate>2013-04-26</sponsorshipDate>
        <party>R</party>
        <district>36</district>
        <fullName>Rep. Stockman, Steve [R-TX-36]</fullName>
        <state>TX</state>
        <bioguideId>S000937</bioguideId>
        <lastName>STOCKMAN</lastName>
        <middleName />
      </item>
      <item>
        <identifiers>
          <lisID>1670</lisID>
          <gpoId>8163</gpoId>
          <bioguideId>C001048</bioguideId>
        </identifiers>
        <isOriginalCosponsor>False</isOriginalCosponsor>
        <firstName>JOHN</firstName>
        <sponsorshipWithdrawnDate />
        <sponsorshipDate>2013-06-06</sponsorshipDate>
        <party>R</party>
        <district>7</district>
        <fullName>Rep. Culberson, John Abney [R-TX-7]</fullName>
        <state>TX</state>
        <bioguideId>C001048</bioguideId>
        <lastName>CULBERSON</lastName>
        <middleName>ABNEY</middleName>
      </item>
      <item>
        <identifiers>
          <gpoId>8148</gpoId>
          <lisID>1954</lisID>
          <bioguideId>R000582</bioguideId>
        </identifiers>
        <isOriginalCosponsor>False</isOriginalCosponsor>
        <firstName>David</firstName>
        <sponsorshipWithdrawnDate />
        <sponsorshipDate>2013-06-06</sponsorshipDate>
        <party>R</party>
        <district>1</district>
        <fullName>Rep. Roe, David P. [R-TN-1]</fullName>
        <state>TN</state>
        <bioguideId>R000582</bioguideId>
        <lastName>Roe</lastName>
        <middleName>P.</middleName>
      </item>
      <item>
        <identifiers>
          <lisID>2062</lisID>
          <gpoId>8151</gpoId>
          <bioguideId>D000616</bioguideId>
        </identifiers>
        <isOriginalCosponsor>False</isOriginalCosponsor>
        <firstName>Scott</firstName>
        <sponsorshipWithdrawnDate />
        <sponsorshipDate>2013-06-06</sponsorshipDate>
        <party>R</party>
        <district>4</district>
        <fullName>Rep. DesJarlais, Scott [R-TN-4]</fullName>
        <state>TN</state>
        <bioguideId>D000616</bioguideId>
        <lastName>DesJarlais</lastName>
        <middleName />
      </item>
      <item>
        <identifiers>
          <lisID>1908</lisID>
          <bioguideId>M001177</bioguideId>
          <gpoId>7809</gpoId>
        </identifiers>
        <isOriginalCosponsor>False</isOriginalCosponsor>
        <firstName>Tom</firstName>
        <sponsorshipWithdrawnDate />
        <sponsorshipDate>2013-06-06</sponsorshipDate>
        <party>R</party>
        <district>4</district>
        <fullName>Rep. McClintock, Tom [R-CA-4]</fullName>
        <state>CA</state>
        <bioguideId>M001177</bioguideId>
        <lastName>McClintock</lastName>
        <middleName />
      </item>
      <item>
        <identifiers>
          <gpoId>8057</gpoId>
          <lisID>1738</lisID>
          <bioguideId>P000588</bioguideId>
        </identifiers>
        <isOriginalCosponsor>False</isOriginalCosponsor>
        <firstName>Stevan</firstName>
        <sponsorshipWithdrawnDate />
        <sponsorshipDate>2013-06-06</sponsorshipDate>
        <party>R</party>
        <district>2</district>
        <fullName>Rep. Pearce, Stevan [R-NM-2]</fullName>
        <state>NM</state>
        <bioguideId>P000588</bioguideId>
        <lastName>Pearce</lastName>
        <middleName />
      </item>
      <item>
        <identifiers>
          <gpoId>8112</gpoId>
          <lisID>1742</lisID>
          <bioguideId>C001053</bioguideId>
        </identifiers>
        <isOriginalCosponsor>False</isOriginalCosponsor>
        <firstName>Tom</firstName>
        <sponsorshipWithdrawnDate />
        <sponsorshipDate>2013-06-06</sponsorshipDate>
        <party>R</party>
        <district>4</district>
        <fullName>Rep. Cole, Tom [R-OK-4]</fullName>
        <state>OK</state>
        <bioguideId>C001053</bioguideId>
        <lastName>Cole</lastName>
        <middleName />
      </item>
      <item>
        <identifiers>
          <lisID>2168</lisID>
          <bioguideId>S001192</bioguideId>
          <gpoId />
        </identifiers>
        <isOriginalCosponsor>False</isOriginalCosponsor>
        <firstName>Chris</firstName>
        <sponsorshipWithdrawnDate />
        <sponsorshipDate>2013-06-06</sponsorshipDate>
        <party>R</party>
        <district>2</district>
        <fullName>Rep. Stewart, Chris [R-UT-2]</fullName>
        <state>UT</state>
        <bioguideId>S001192</bioguideId>
        <lastName>Stewart</lastName>
        <middleName />
      </item>
      <item>
        <identifiers>
          <gpoId>8157</gpoId>
          <lisID>1801</lisID>
          <bioguideId>G000552</bioguideId>
        </identifiers>
        <isOriginalCosponsor>False</isOriginalCosponsor>
        <firstName>Louie</firstName>
        <sponsorshipWithdrawnDate />
        <sponsorshipDate>2013-06-06</sponsorshipDate>
        <party>R</party>
        <district>1</district>
        <fullName>Rep. Gohmert, Louie [R-TX-1]</fullName>
        <state>TX</state>
        <bioguideId>G000552</bioguideId>
        <lastName>Gohmert</lastName>
        <middleName />
      </item>
      <item>
        <identifiers>
          <bioguideId>B001282</bioguideId>
          <gpoId />
          <lisID>2131</lisID>
        </identifiers>
        <isOriginalCosponsor>False</isOriginalCosponsor>
        <firstName>Andy</firstName>
        <sponsorshipWithdrawnDate />
        <sponsorshipDate>2013-06-06</sponsorshipDate>
        <party>R</party>
        <district>6</district>
        <fullName>Rep. Barr, Andy [R-KY-6]</fullName>
        <state>KY</state>
        <bioguideId>B001282</bioguideId>
        <lastName>Barr</lastName>
        <middleName />
      </item>
      <item>
        <identifiers>
          <lisID>1981</lisID>
          <bioguideId>S001188</bioguideId>
          <gpoId>7942</gpoId>
        </identifiers>
        <isOriginalCosponsor>False</isOriginalCosponsor>
        <firstName>Marlin</firstName>
        <sponsorshipWithdrawnDate />
        <sponsorshipDate>2013-06-06</sponsorshipDate>
        <party>R</party>
        <district>3</district>
        <fullName>Rep. Stutzman, Marlin A. [R-IN-3]</fullName>
        <state>IN</state>
        <bioguideId>S001188</bioguideId>
        <lastName>Stutzman</lastName>
        <middleName>A.</middleName>
      </item>
      <item>
        <identifiers>
          <gpoId>7898</gpoId>
          <lisID>636</lisID>
          <bioguideId>K000220</bioguideId>
        </identifiers>
        <isOriginalCosponsor>False</isOriginalCosponsor>
        <firstName>JACK</firstName>
        <sponsorshipWithdrawnDate />
        <sponsorshipDate>2013-06-06</sponsorshipDate>
        <party>R</party>
        <district>1</district>
        <fullName>Rep. Kingston, Jack [R-GA-1]</fullName>
        <state>GA</state>
        <bioguideId>K000220</bioguideId>
        <lastName>KINGSTON</lastName>
        <middleName />
      </item>
      <item>
        <identifiers>
          <bioguideId>F000461</bioguideId>
          <gpoId>8173</gpoId>
          <lisID>2065</lisID>
        </identifiers>
        <isOriginalCosponsor>False</isOriginalCosponsor>
        <firstName>Bill</firstName>
        <sponsorshipWithdrawnDate />
        <sponsorshipDate>2013-06-06</sponsorshipDate>
        <party>R</party>
        <district>17</district>
        <fullName>Rep. Flores, Bill [R-TX-17]</fullName>
        <state>TX</state>
        <bioguideId>F000461</bioguideId>
        <lastName>Flores</lastName>
        <middleName />
      </item>
      <item>
        <identifiers>
          <gpoId />
          <lisID>1009</lisID>
          <bioguideId>S000018</bioguideId>
        </identifiers>
        <isOriginalCosponsor>False</isOriginalCosponsor>
        <firstName>MATT</firstName>
        <sponsorshipWithdrawnDate />
        <sponsorshipDate>2013-06-06</sponsorshipDate>
        <party>R</party>
        <district>5</district>
        <fullName>Rep. Salmon, Matt [R-AZ-5]</fullName>
        <state>AZ</state>
        <bioguideId>S000018</bioguideId>
        <lastName>SALMON</lastName>
        <middleName />
      </item>
      <item>
        <identifiers>
          <lisID>2026</lisID>
          <gpoId>7976</gpoId>
          <bioguideId>H001052</bioguideId>
        </identifiers>
        <isOriginalCosponsor>False</isOriginalCosponsor>
        <firstName>Andy</firstName>
        <sponsorshipWithdrawnDate />
        <sponsorshipDate>2013-06-06</sponsorshipDate>
        <party>R</party>
        <district>1</district>
        <fullName>Rep. Harris, Andy [R-MD-1]</fullName>
        <state>MD</state>
        <bioguideId>H001052</bioguideId>
        <lastName>Harris</lastName>
        <middleName />
      </item>
      <item>
        <identifiers>
          <lisID>1995</lisID>
          <gpoId>7824</gpoId>
          <bioguideId>D000612</bioguideId>
        </identifiers>
        <isOriginalCosponsor>False</isOriginalCosponsor>
        <firstName>Jeff</firstName>
        <sponsorshipWithdrawnDate />
        <sponsorshipDate>2013-06-06</sponsorshipDate>
        <party>R</party>
        <district>10</district>
        <fullName>Rep. Denham, Jeff [R-CA-10]</fullName>
        <state>CA</state>
        <bioguideId>D000612</bioguideId>
        <lastName>Denham</lastName>
        <middleName />
      </item>
      <item>
        <identifiers>
          <lisID>2115</lisID>
          <gpoId />
          <bioguideId>Y000065</bioguideId>
        </identifiers>
        <isOriginalCosponsor>False</isOriginalCosponsor>
        <firstName>Ted</firstName>
        <sponsorshipWithdrawnDate />
        <sponsorshipDate>2013-06-06</sponsorshipDate>
        <party>R</party>
        <district>3</district>
        <fullName>Rep. Yoho, Ted S. [R-FL-3]</fullName>
        <state>FL</state>
        <bioguideId>Y000065</bioguideId>
        <lastName>Yoho</lastName>
        <middleName>S.</middleName>
      </item>
      <item>
        <identifiers>
          <bioguideId>H001045</bioguideId>
          <lisID>1933</lisID>
          <gpoId>8021</gpoId>
        </identifiers>
        <isOriginalCosponsor>False</isOriginalCosponsor>
        <firstName>Gregg</firstName>
        <sponsorshipWithdrawnDate />
        <sponsorshipDate>2013-07-08</sponsorshipDate>
        <party>R</party>
        <district>3</district>
        <fullName>Rep. Harper, Gregg [R-MS-3]</fullName>
        <state>MS</state>
        <bioguideId>H001045</bioguideId>
        <lastName>Harper</lastName>
        <middleName />
      </item>
      <item>
        <identifiers>
          <gpoId>8160</gpoId>
          <lisID>484</lisID>
          <bioguideId>H000067</bioguideId>
        </identifiers>
        <isOriginalCosponsor>False</isOriginalCosponsor>
        <firstName>RALPH</firstName>
        <sponsorshipWithdrawnDate />
        <sponsorshipDate>2013-07-09</sponsorshipDate>
        <party>R</party>
        <district>4</district>
        <fullName>Rep. Hall, Ralph M. [R-TX-4]</fullName>
        <state>TX</state>
        <bioguideId>H000067</bioguideId>
        <lastName>HALL</lastName>
        <middleName>M.</middleName>
      </item>
      <item>
        <identifiers>
          <lisID>1758</lisID>
          <bioguideId>N000182</bioguideId>
          <gpoId>8175</gpoId>
        </identifiers>
        <isOriginalCosponsor>False</isOriginalCosponsor>
        <firstName>Randy</firstName>
        <sponsorshipWithdrawnDate />
        <sponsorshipDate>2013-10-23</sponsorshipDate>
        <party>R</party>
        <district>19</district>
        <fullName>Rep. Neugebauer, Randy [R-TX-19]</fullName>
        <state>TX</state>
        <bioguideId>N000182</bioguideId>
        <lastName>Neugebauer</lastName>
        <middleName />
      </item>
      <item>
        <identifiers>
          <bioguideId>C001094</bioguideId>
          <gpoId />
          <lisID>2103</lisID>
        </identifiers>
        <isOriginalCosponsor>False</isOriginalCosponsor>
        <firstName>Paul</firstName>
        <sponsorshipWithdrawnDate />
        <sponsorshipDate>2013-10-23</sponsorshipDate>
        <party>R</party>
        <district>8</district>
        <fullName>Rep. Cook, Paul [R-CA-8]</fullName>
        <state>CA</state>
        <bioguideId>C001094</bioguideId>
        <lastName>Cook</lastName>
        <middleName />
      </item>
      <item>
        <identifiers>
          <lisID>1886</lisID>
          <gpoId>8192</gpoId>
          <bioguideId>W000804</bioguideId>
        </identifiers>
        <isOriginalCosponsor>False</isOriginalCosponsor>
        <firstName>Robert</firstName>
        <sponsorshipWithdrawnDate />
        <sponsorshipDate>2013-10-23</sponsorshipDate>
        <party>R</party>
        <district>1</district>
        <fullName>Rep. Wittman, Robert J. [R-VA-1]</fullName>
        <state>VA</state>
        <bioguideId>W000804</bioguideId>
        <lastName>Wittman</lastName>
        <middleName>J.</middleName>
      </item>
    </cosponsors>
    <title>Proposing an amendment to the Constitution of the United States to limit the power of Congress to impose a tax on a failure to purchase goods or services.</title>
    <billNumber>28</billNumber>
    <cboCostEstimates />
    <titles>
      <item>
        <title>Proposing an amendment to the Constitution of the United States to limit the power of Congress to impose a tax on a failure to purchase goods or services.</title>
        <titleType>Official Title as Introduced</titleType>
        <chamberCode />
        <chamberName />
        <parentTitleType />
      </item>
      <item>
        <title>Proposing an amendment to the Constitution of the United States to limit the power of Congress to impose a tax on a failure to purchase goods or services.</title>
        <titleType>Display Title</titleType>
        <chamberCode />
        <chamberName />
        <parentTitleType />
      </item>
    </titles>
    <summaries>
      <billSummaries>
        <item>
          <updateDate>2013-02-13T05:00:00Z</updateDate>
          <versionCode>00</versionCode>
          <text><![CDATA[<p>Constitutional Amendment - Prohibits Congress from making any law that imposes a tax on a failure to purchase goods or services.</p>]]></text>
          <lastSummaryUpdateDate>2013-06-11T13:46:40Z</lastSummaryUpdateDate>
          <actionDate>2013-02-13</actionDate>
          <actionDesc>Introduced in House</actionDesc>
          <name>Introduced in House</name>
        </item>
      </billSummaries>
    </summaries>
    <relatedBills>
      <item>
        <latestTitle>A joint resolution proposing an amendment to the Constitution of the United States to limit the power of Congress to impose a tax on a failure to purchase goods or services.</latestTitle>
        <type>SJRES</type>
        <relationshipDetails>
          <item>
            <type>Identical bill</type>
            <identifiedBy>CRS</identifiedBy>
          </item>
        </relationshipDetails>
        <number>16</number>
        <congress>113</congress>
        <latestAction>
          <text>Read twice and referred to the Committee on the Judiciary.</text>
          <actionDate>2013-06-06</actionDate>
        </latestAction>
      </item>
    </relatedBills>
    <calendarNumbers />
    <recordedVotes />
    <introducedDate>2013-02-13</introducedDate>
    <latestAction>
      <links />
      <actionDate>2013-02-28</actionDate>
      <text>Referred to the Subcommittee on the Constitution And Civil Justice.</text>
    </latestAction>
    <congress>113</congress>
    <constitutionalAuthorityStatementText><![CDATA[<pre>By Mr. PALAZZO:H.J. Res. 28.Congress has the power to enact this legislation pursuantto the following:The legislation would limit the power of Congress to tax asstated in Article 1 Section 8:The Congress shall have the power to lay and collecttaxes''____________________[Page H504]</pre>]]></constitutionalAuthorityStatementText>
    <billType>HJRES</billType>
    <actions>
      <actionTypeCounts>
        <placeholderTextForH>1</placeholderTextForH>
        <introducedInTheHouse>1</introducedInTheHouse>
        <billReferrals>1</billReferrals>
        <introducedInHouse>1</introducedInHouse>
      </actionTypeCounts>
      <actionByCounts>
        <houseOfRepresentatives>4</houseOfRepresentatives>
      </actionByCounts>
      <item>
        <actionDate>2013-02-28</actionDate>
        <committee>
          <systemCode>hsju10</systemCode>
          <name>Constitution and Civil Justice Subcommittee</name>
        </committee>
        <links />
        <sourceSystem>
          <name>House committee actions</name>
          <code>1</code>
        </sourceSystem>
        <text>Referred to the Subcommittee on the Constitution And Civil Justice.</text>
        <type>Committee</type>
      </item>
      <item>
        <links />
        <committee>
          <systemCode>hsju00</systemCode>
          <name>Judiciary Committee</name>
        </committee>
        <actionCode>H11100</actionCode>
        <actionDate>2013-02-13</actionDate>
        <text>Referred to the House Committee on the Judiciary.</text>
        <type>IntroReferral</type>
        <sourceSystem>
          <name>House floor actions</name>
          <code>2</code>
        </sourceSystem>
      </item>
      <item>
        <links />
        <committee />
        <actionCode>Intro-H</actionCode>
        <actionDate>2013-02-13</actionDate>
        <text>Introduced in House</text>
        <type>IntroReferral</type>
        <sourceSystem>
          <name>Library of Congress</name>
          <code>9</code>
        </sourceSystem>
      </item>
      <item>
        <links />
        <committee />
        <actionCode>1000</actionCode>
        <actionDate>2013-02-13</actionDate>
        <text>Introduced in House</text>
        <type>IntroReferral</type>
        <sourceSystem>
          <name>Library of Congress</name>
          <code>9</code>
        </sourceSystem>
      </item>
    </actions>
    <originChamber>House</originChamber>
    <laws />
    <updateDate>2016-10-25T15:56:13Z</updateDate>
  </bill>
  <dublinCore xmlns:dc="http://purl.org/dc/elements/1.1/">
    <dc:format>text/xml</dc:format>
    <dc:language>EN</dc:language>
    <dc:rights>Pursuant to Title 17 Section 105 of the United States Code, this file is not subject to copyright protection and is in the public domain.</dc:rights>
    <dc:contributor>Congressional Research Service, Library of Congress</dc:contributor>
    <dc:description>This file contains bill summaries and statuses for federal legislation. A bill summary describes the most significant provisions of a piece of legislation and details the effects the legislative text may have on current law and federal programs. Bill summaries are authored by the Congressional Research Service (CRS) of the Library of Congress. As stated in Public Law 91-510 (2 USC 166 (d)(6)), one of the duties of CRS is "to prepare summaries and digests of bills and resolutions of a public general nature introduced in the Senate or House of Representatives". For more information, refer to the User Guide that accompanies this file.</dc:description>
  </dublinCore>
</billStatus>

