<?xml version="1.0" encoding="UTF-8"?>
<billStatus>
  <bill>
    <title>Stability, Security, and Fairness Resolution of 2013</title>
    <policyArea>
      <name>Economics and Public Finance</name>
    </policyArea>
    <constitutionalAuthorityStatementText><![CDATA[<pre>By Mr. GRAVES of Georgia:H.J. Res. 62.Congress has the power to enact this legislation pursuantto the following:Article I, Section 9, Clause 7--``No Money shall be drawnfrom the Treasury, but in Consequence of Appropriations madeby Law;''____________________[Page H5548]</pre>]]></constitutionalAuthorityStatementText>
    <recordedVotes />
    <createDate>2013-09-13T07:01:06Z</createDate>
    <summaries>
      <billSummaries>
        <item>
          <updateDate>2013-09-12T04:00:00Z</updateDate>
          <lastSummaryUpdateDate>2013-09-20T21:23:50Z</lastSummaryUpdateDate>
          <actionDate>2013-09-12</actionDate>
          <text><![CDATA[<p>Stability, Security, and Fairness Resolution of 2013 - Makes continuing appropriations for FY2014.</p> <p>Appropriates amounts for continuing operations, projects, or activities which were conducted in FY2013 and for which appropriations, funds, or other authority were made available in:</p> <ul> <li>the Agriculture, Rural Development, Food and Drug Administration, and Related Agencies Appropriations Act, 2013 (division A of P.L. 113-6);</li> <li>the Commerce, Justice, Science, and Related Agencies Appropriations Act, 2013 (division B of P.L. 113-6); and</li> <li>The Full-Year Continuing Appropriations Act, 2013 (division F of P.L. 113-6).</li> </ul> <p>Requires the rate for operations for each account to be calculated to reflect the full amount of any reduction required in FY2013 pursuant to:</p> <ul> <li> section 3004 of division G of the Consolidated and Further Continuing Appropriations Act, 2013 (P.L. 113-6), if any; and</li> <li> the sequestration order issued to enforce a specified budget goal pursuant to the Balanced Budget and Emergency Deficit Control Act of of 1985 (Gramm-Rudman-Hollings Act).</li> </ul> <p>(The Gramm-Rudman-Hollings Act was amended by the Budget Control Act of 2011 to revise the discretionary spending limits and reduce the discretionary appropriations and direct spending specified in the Gramm-Rudman-Hollings Act unless a joint committee bill achieving an amount greater than $1.2 trillion in deficit reduction would be enacted by January 15, 2012.)</p> <p>Provides funding under this joint resolution through FY2014, unless otherwise provided for in this division or in the applicable appropriations Act.</p> <p>Authorizes continuation of other specified activities (including those for entitlements and other mandatory payments) through such fiscal year.</p> <p>Enacts the following bills into law:</p> <ul> <li>H.R. 2216 (Military Construction and Veterans Affairs, and Related Agencies Appropriations Act, 2014), as engrossed by the House of Representatives on June 4, 2013;</li> <li>H.R. 2217 (Department of Homeland Security Appropriations Act, 2014), as engrossed by the House on June 6, 2013; and </li> <li>H.R. 2397 (Department of Defense Appropriations Act, 2014), as engrossed by the House on July 24, 2013.</li> </ul> <p>Amends the Gramm-Rudman-Hollings Act to reduce the discretionary category in new budget authority for FY2014 from $1.066 trillion to $967.473 million.</p> <p>Requires the Director of the Office of Management and Budget (OMB), if for FY2014 the amount of new budget authority provided by this joint resolution exceeds such discretionary spending limits, to increase the applicable percentage of 0% by the amount necessary to eliminate the excess of the limit.</p> <p>Rescinds the applicable 0%, subject to such requirement, of:</p> <ul> <li>the budget authority provided (or obligation limit imposed) for FY2014 for any discretionary account in section 101 of this joint resolution,</li> <li> the budget authority provided in any advance appropriation for FY2014 for any discretionary account (excluding any account funded under section 111 of this joint resolution) in any prior fiscal year appropriation Act, and</li> <li> the contract authority provided in FY2014 for any program subject to limitation incorporated or otherwise contained in section 101 of this joint resolution.</li> </ul> <p>Exempts:</p> <ul> <li>amounts designated by the Congress for Overseas Contingency Operations/Global War on Terrorism (OCO/GWOT) or for disaster relief; or</li> <li> the amount made available by this joint resolution for &quot;Social Security Administration, Limitation on Administrative Expenses&quot; for continuing disability reviews under titles II (Federal Old-Age, Survivors, and Disability Insurance [OASDI] Benefits) and XVI (Grants to States for Aid to the Aged, Blind, or Disabled) of the Social Security Act (SSA), and for the cost associated with conducting redeterminations of eligibility under SSA title XVI.</li> </ul> <p>Prohibits, during any fiscal year, the use of federal funds to carryout: (1) the Patient Protection and Affordable Care Act (PPACA); or (2) certain PPACA related requirements in the Health Care and Education Reconciliation Act of 2010.</p> <p>Rescinds any funds provided by PPACA, its title, or subtitle for FY2014.</p> <p>Delays: </p> <ul> <li>the obligation of any PPACA funds for FY2015 until January 1, 2015; and </li> <li> implementation of PPACA, its related requirements in the Health Care and Education Reconciliation Act of 2010, or amendments made by either Act until December 31, 2014.</li> </ul>]]></text>
          <name>Introduced in House</name>
          <versionCode>00</versionCode>
          <actionDesc>Introduced in House</actionDesc>
        </item>
      </billSummaries>
    </summaries>
    <committeeReports />
    <notes />
    <latestAction>
      <links />
      <actionDate>2013-09-12</actionDate>
      <text>Referred to House Ways and Means</text>
    </latestAction>
    <sponsors>
      <item>
        <state>GA</state>
        <fullName>Rep. Graves, Tom [R-GA-14]</fullName>
        <district>14</district>
        <bioguideId>G000560</bioguideId>
        <middleName />
        <byRequestType />
        <lastName>Graves</lastName>
        <party>R</party>
        <firstName>Tom</firstName>
        <identifiers>
          <lisID>1979</lisID>
          <gpoId>7906</gpoId>
          <bioguideId>G000560</bioguideId>
        </identifiers>
      </item>
    </sponsors>
    <billNumber>62</billNumber>
    <titles>
      <item>
        <title>Stability, Security, and Fairness Resolution of 2013</title>
        <parentTitleType />
        <titleType>Short Titles as Introduced</titleType>
        <chamberCode />
        <chamberName />
      </item>
      <item>
        <title>Making continuing appropriations for fiscal year 2014, and for other purposes.</title>
        <parentTitleType />
        <titleType>Official Title as Introduced</titleType>
        <chamberCode />
        <chamberName />
      </item>
      <item>
        <title>Stability, Security, and Fairness Resolution of 2013</title>
        <parentTitleType />
        <titleType>Display Title</titleType>
        <chamberCode />
        <chamberName />
      </item>
    </titles>
    <billType>HJRES</billType>
    <laws />
    <committees>
      <billCommittees>
        <item>
          <systemCode>hswm00</systemCode>
          <name>Ways and Means Committee</name>
          <activities>
            <item>
              <name>Referred to</name>
              <date>2013-09-12T13:03:05Z</date>
            </item>
          </activities>
          <type>Standing</type>
          <chamber>House</chamber>
          <subcommittees />
        </item>
        <item>
          <systemCode>hsbu00</systemCode>
          <name>Budget Committee</name>
          <activities>
            <item>
              <name>Referred to</name>
              <date>2013-09-12T13:03:00Z</date>
            </item>
          </activities>
          <type>Standing</type>
          <chamber>House</chamber>
          <subcommittees />
        </item>
        <item>
          <systemCode>hsap00</systemCode>
          <name>Appropriations Committee</name>
          <activities>
            <item>
              <name>Referred to</name>
              <date>2013-09-12T13:02:50Z</date>
            </item>
          </activities>
          <type>Standing</type>
          <chamber>House</chamber>
          <subcommittees />
        </item>
      </billCommittees>
    </committees>
    <updateDate>2016-10-25T15:56:21Z</updateDate>
    <relatedBills>
      <item>
        <latestTitle>Continuing Appropriations Resolution, 2014</latestTitle>
        <number>59</number>
        <latestAction>
          <text>Became Public Law No: 113-67.</text>
          <actionDate>2013-12-26</actionDate>
        </latestAction>
        <type>HJRES</type>
        <congress>113</congress>
        <relationshipDetails>
          <item>
            <identifiedBy>CRS</identifiedBy>
            <type>Related bill</type>
          </item>
        </relationshipDetails>
      </item>
      <item>
        <latestTitle>Directing the Clerk of the House of Representatives to make corrections in the enrollment of H.J. Res. 62.</latestTitle>
        <number>54</number>
        <latestAction>
          <text>Referred to House Administration</text>
          <actionDate>2013-09-16</actionDate>
        </latestAction>
        <type>HCONRES</type>
        <congress>113</congress>
        <relationshipDetails>
          <item>
            <identifiedBy>CRS</identifiedBy>
            <type>Related bill</type>
          </item>
        </relationshipDetails>
      </item>
    </relatedBills>
    <subjects>
      <billSubjects>
        <legislativeSubjects>
          <item>
            <name>Appropriations</name>
          </item>
          <item>
            <name>Budget deficits and national debt</name>
          </item>
          <item>
            <name>Comprehensive health care</name>
          </item>
          <item>
            <name>Congressional oversight</name>
          </item>
          <item>
            <name>Defense spending</name>
          </item>
          <item>
            <name>Disaster relief and insurance</name>
          </item>
          <item>
            <name>Executive agency funding and structure</name>
          </item>
          <item>
            <name>Government trust funds</name>
          </item>
          <item>
            <name>Health care costs and insurance</name>
          </item>
          <item>
            <name>Health care coverage and access</name>
          </item>
          <item>
            <name>Health programs administration and funding</name>
          </item>
          <item>
            <name>Military operations and strategy</name>
          </item>
          <item>
            <name>Social security and elderly assistance</name>
          </item>
        </legislativeSubjects>
        <policyArea>
          <name>Economics and Public Finance</name>
        </policyArea>
      </billSubjects>
    </subjects>
    <introducedDate>2013-09-12</introducedDate>
    <actions>
      <actionTypeCounts>
        <billReferrals>3</billReferrals>
        <introducedInHouse>1</introducedInHouse>
        <billReferralsAggregate>1</billReferralsAggregate>
        <introducedInTheHouse>1</introducedInTheHouse>
      </actionTypeCounts>
      <item>
        <actionDate>2013-09-12</actionDate>
        <text>Referred to House Ways and Means</text>
        <type>IntroReferral</type>
        <committee>
          <systemCode>hswm00</systemCode>
          <name>Ways and Means Committee</name>
        </committee>
        <links />
        <sourceSystem>
          <code>2</code>
          <name>House floor actions</name>
        </sourceSystem>
        <actionCode>H11100</actionCode>
      </item>
      <item>
        <actionDate>2013-09-12</actionDate>
        <text>Referred to House Budget</text>
        <type>IntroReferral</type>
        <committee>
          <systemCode>hsbu00</systemCode>
          <name>Budget Committee</name>
        </committee>
        <links />
        <sourceSystem>
          <code>2</code>
          <name>House floor actions</name>
        </sourceSystem>
        <actionCode>H11100</actionCode>
      </item>
      <item>
        <actionDate>2013-09-12</actionDate>
        <text>Referred to the Committee on Appropriations, and in addition to the Committees on the Budget, and Ways and Means, for a period to be subsequently determined by the Speaker, in each case for consideration of such provisions as fall within the jurisdiction of the committee concerned.</text>
        <type>IntroReferral</type>
        <committee />
        <links />
        <sourceSystem>
          <code>9</code>
          <name>Library of Congress</name>
        </sourceSystem>
        <actionCode>H11100-A</actionCode>
      </item>
      <item>
        <actionDate>2013-09-12</actionDate>
        <text>Referred to House Appropriations</text>
        <type>IntroReferral</type>
        <committee>
          <systemCode>hsap00</systemCode>
          <name>Appropriations Committee</name>
        </committee>
        <links />
        <sourceSystem>
          <code>2</code>
          <name>House floor actions</name>
        </sourceSystem>
        <actionCode>H11100</actionCode>
      </item>
      <item>
        <actionDate>2013-09-12</actionDate>
        <text>Introduced in House</text>
        <type>IntroReferral</type>
        <committee />
        <links />
        <sourceSystem>
          <code>9</code>
          <name>Library of Congress</name>
        </sourceSystem>
        <actionCode>Intro-H</actionCode>
      </item>
      <item>
        <actionDate>2013-09-12</actionDate>
        <text>Introduced in House</text>
        <type>IntroReferral</type>
        <committee />
        <links />
        <sourceSystem>
          <code>9</code>
          <name>Library of Congress</name>
        </sourceSystem>
        <actionCode>1000</actionCode>
      </item>
      <actionByCounts>
        <houseOfRepresentatives>6</houseOfRepresentatives>
      </actionByCounts>
    </actions>
    <amendments />
    <congress>113</congress>
    <cosponsors>
      <item>
        <district>4</district>
        <fullName>Rep. Jordan, Jim [R-OH-4]</fullName>
        <sponsorshipWithdrawnDate />
        <bioguideId>J000289</bioguideId>
        <identifiers>
          <bioguideId>J000289</bioguideId>
          <lisID>1868</lisID>
          <gpoId>8094</gpoId>
        </identifiers>
        <party>R</party>
        <lastName>Jordan</lastName>
        <firstName>Jim</firstName>
        <state>OH</state>
        <isOriginalCosponsor>True</isOriginalCosponsor>
        <sponsorshipDate>2013-09-12</sponsorshipDate>
        <middleName />
      </item>
      <item>
        <district>11</district>
        <fullName>Rep. Meadows, Mark [R-NC-11]</fullName>
        <sponsorshipWithdrawnDate />
        <bioguideId>M001187</bioguideId>
        <identifiers>
          <lisID>2142</lisID>
          <gpoId />
          <bioguideId>M001187</bioguideId>
        </identifiers>
        <party>R</party>
        <lastName>Meadows</lastName>
        <firstName>Mark</firstName>
        <state>NC</state>
        <isOriginalCosponsor>True</isOriginalCosponsor>
        <sponsorshipDate>2013-09-12</sponsorshipDate>
        <middleName />
      </item>
      <item>
        <district>3</district>
        <fullName>Rep. Duncan, Jeff [R-SC-3]</fullName>
        <sponsorshipWithdrawnDate />
        <bioguideId>D000615</bioguideId>
        <identifiers>
          <bioguideId>D000615</bioguideId>
          <lisID>2057</lisID>
          <gpoId>8143</gpoId>
        </identifiers>
        <party>R</party>
        <lastName>Duncan</lastName>
        <firstName>Jeff</firstName>
        <state>SC</state>
        <isOriginalCosponsor>True</isOriginalCosponsor>
        <sponsorshipDate>2013-09-12</sponsorshipDate>
        <middleName />
      </item>
      <item>
        <district>2</district>
        <fullName>Rep. Southerland, Steve II [R-FL-2]</fullName>
        <sponsorshipWithdrawnDate />
        <bioguideId>S001186</bioguideId>
        <identifiers>
          <bioguideId>S001186</bioguideId>
          <gpoId>7874</gpoId>
          <lisID>2000</lisID>
        </identifiers>
        <party>R</party>
        <lastName>Southerland</lastName>
        <firstName>Steve</firstName>
        <state>FL</state>
        <isOriginalCosponsor>True</isOriginalCosponsor>
        <sponsorshipDate>2013-09-12</sponsorshipDate>
        <middleName />
      </item>
      <item>
        <district>9</district>
        <fullName>Rep. Collins, Doug [R-GA-9]</fullName>
        <sponsorshipWithdrawnDate />
        <bioguideId>C001093</bioguideId>
        <identifiers>
          <bioguideId>C001093</bioguideId>
          <lisID>2121</lisID>
          <gpoId />
        </identifiers>
        <party>R</party>
        <lastName>Collins</lastName>
        <firstName>Doug</firstName>
        <state>GA</state>
        <isOriginalCosponsor>True</isOriginalCosponsor>
        <sponsorshipDate>2013-09-12</sponsorshipDate>
        <middleName />
      </item>
      <item>
        <district>1</district>
        <fullName>Rep. Labrador, Raul R. [R-ID-1]</fullName>
        <sponsorshipWithdrawnDate />
        <bioguideId>L000573</bioguideId>
        <identifiers>
          <lisID>2011</lisID>
          <gpoId>7919</gpoId>
          <bioguideId>L000573</bioguideId>
        </identifiers>
        <party>R</party>
        <lastName>Labrador</lastName>
        <firstName>Raul</firstName>
        <state>ID</state>
        <isOriginalCosponsor>True</isOriginalCosponsor>
        <sponsorshipDate>2013-09-12</sponsorshipDate>
        <middleName>R.</middleName>
      </item>
      <item>
        <district>4</district>
        <fullName>Rep. Gowdy, Trey [R-SC-4]</fullName>
        <sponsorshipWithdrawnDate />
        <bioguideId>G000566</bioguideId>
        <identifiers>
          <lisID>2058</lisID>
          <gpoId>8144</gpoId>
          <bioguideId>G000566</bioguideId>
        </identifiers>
        <party>R</party>
        <lastName>Gowdy</lastName>
        <firstName>Trey</firstName>
        <state>SC</state>
        <isOriginalCosponsor>True</isOriginalCosponsor>
        <sponsorshipDate>2013-09-12</sponsorshipDate>
        <middleName />
      </item>
      <item>
        <district>14</district>
        <fullName>Rep. Weber, Randy K. Sr. [R-TX-14]</fullName>
        <sponsorshipWithdrawnDate />
        <bioguideId>W000814</bioguideId>
        <identifiers>
          <lisID>2161</lisID>
          <gpoId />
          <bioguideId>W000814</bioguideId>
        </identifiers>
        <party>R</party>
        <lastName>Weber</lastName>
        <firstName>Randy</firstName>
        <state>TX</state>
        <isOriginalCosponsor>True</isOriginalCosponsor>
        <sponsorshipDate>2013-09-12</sponsorshipDate>
        <middleName>K.</middleName>
      </item>
      <item>
        <district>22</district>
        <fullName>Rep. Olson, Pete [R-TX-22]</fullName>
        <sponsorshipWithdrawnDate />
        <bioguideId>O000168</bioguideId>
        <identifiers>
          <bioguideId>O000168</bioguideId>
          <lisID>1955</lisID>
          <gpoId>8178</gpoId>
        </identifiers>
        <party>R</party>
        <lastName>Olson</lastName>
        <firstName>Pete</firstName>
        <state>TX</state>
        <isOriginalCosponsor>True</isOriginalCosponsor>
        <sponsorshipDate>2013-09-12</sponsorshipDate>
        <middleName />
      </item>
      <item>
        <district>10</district>
        <fullName>Rep. Marino, Tom [R-PA-10]</fullName>
        <sponsorshipWithdrawnDate />
        <bioguideId>M001179</bioguideId>
        <identifiers>
          <bioguideId>M001179</bioguideId>
          <gpoId>8128</gpoId>
          <lisID>2053</lisID>
        </identifiers>
        <party>R</party>
        <lastName>Marino</lastName>
        <firstName>Tom</firstName>
        <state>PA</state>
        <isOriginalCosponsor>True</isOriginalCosponsor>
        <sponsorshipDate>2013-09-12</sponsorshipDate>
        <middleName />
      </item>
      <item>
        <district>4</district>
        <fullName>Rep. Palazzo, Steven M. [R-MS-4]</fullName>
        <sponsorshipWithdrawnDate />
        <bioguideId>P000601</bioguideId>
        <identifiers>
          <bioguideId>P000601</bioguideId>
          <lisID>2035</lisID>
          <gpoId>8022</gpoId>
        </identifiers>
        <party>R</party>
        <lastName>Palazzo</lastName>
        <firstName>Steven</firstName>
        <state>MS</state>
        <isOriginalCosponsor>True</isOriginalCosponsor>
        <sponsorshipDate>2013-09-12</sponsorshipDate>
        <middleName>M.</middleName>
      </item>
      <item>
        <district>16</district>
        <fullName>Rep. Pitts, Joseph R. [R-PA-16]</fullName>
        <sponsorshipWithdrawnDate />
        <bioguideId>P000373</bioguideId>
        <identifiers>
          <gpoId>8134</gpoId>
          <lisID>1514</lisID>
          <bioguideId>P000373</bioguideId>
        </identifiers>
        <party>R</party>
        <lastName>PITTS</lastName>
        <firstName>JOSEPH</firstName>
        <state>PA</state>
        <isOriginalCosponsor>True</isOriginalCosponsor>
        <sponsorshipDate>2013-09-12</sponsorshipDate>
        <middleName>R.</middleName>
      </item>
      <item>
        <district>10</district>
        <fullName>Rep. Broun, Paul C. [R-GA-10]</fullName>
        <sponsorshipWithdrawnDate />
        <bioguideId>B001262</bioguideId>
        <identifiers>
          <bioguideId>B001262</bioguideId>
          <lisID>1882</lisID>
          <gpoId>7907</gpoId>
        </identifiers>
        <party>R</party>
        <lastName>Broun</lastName>
        <firstName>Paul</firstName>
        <state>GA</state>
        <isOriginalCosponsor>True</isOriginalCosponsor>
        <sponsorshipDate>2013-09-12</sponsorshipDate>
        <middleName>C.</middleName>
      </item>
      <item>
        <district>5</district>
        <fullName>Rep. Salmon, Matt [R-AZ-5]</fullName>
        <sponsorshipWithdrawnDate />
        <bioguideId>S000018</bioguideId>
        <identifiers>
          <bioguideId>S000018</bioguideId>
          <gpoId />
          <lisID>1009</lisID>
        </identifiers>
        <party>R</party>
        <lastName>SALMON</lastName>
        <firstName>MATT</firstName>
        <state>AZ</state>
        <isOriginalCosponsor>True</isOriginalCosponsor>
        <sponsorshipDate>2013-09-12</sponsorshipDate>
        <middleName />
      </item>
      <item>
        <district>5</district>
        <fullName>Rep. Sensenbrenner, F. James, Jr. [R-WI-5]</fullName>
        <sponsorshipWithdrawnDate />
        <bioguideId>S000244</bioguideId>
        <identifiers>
          <bioguideId>S000244</bioguideId>
          <lisID>1041</lisID>
          <gpoId>8218</gpoId>
        </identifiers>
        <party>R</party>
        <lastName>SENSENBRENNER</lastName>
        <firstName>F.</firstName>
        <state>WI</state>
        <isOriginalCosponsor>True</isOriginalCosponsor>
        <sponsorshipDate>2013-09-12</sponsorshipDate>
        <middleName>JAMES</middleName>
      </item>
      <item>
        <district>8</district>
        <fullName>Rep. Hudson, Richard [R-NC-8]</fullName>
        <sponsorshipWithdrawnDate />
        <bioguideId>H001067</bioguideId>
        <identifiers>
          <lisID>2140</lisID>
          <gpoId />
          <bioguideId>H001067</bioguideId>
        </identifiers>
        <party>R</party>
        <lastName>Hudson</lastName>
        <firstName>Richard</firstName>
        <state>NC</state>
        <isOriginalCosponsor>True</isOriginalCosponsor>
        <sponsorshipDate>2013-09-12</sponsorshipDate>
        <middleName />
      </item>
      <item>
        <district>5</district>
        <fullName>Rep. Hensarling, Jeb [R-TX-5]</fullName>
        <sponsorshipWithdrawnDate />
        <bioguideId>H001036</bioguideId>
        <identifiers>
          <bioguideId>H001036</bioguideId>
          <gpoId>8161</gpoId>
          <lisID>1749</lisID>
        </identifiers>
        <party>R</party>
        <lastName>Hensarling</lastName>
        <firstName>Jeb</firstName>
        <state>TX</state>
        <isOriginalCosponsor>True</isOriginalCosponsor>
        <sponsorshipDate>2013-09-12</sponsorshipDate>
        <middleName />
      </item>
      <item>
        <district>6</district>
        <fullName>Rep. DeSantis, Ron [R-FL-6]</fullName>
        <sponsorshipWithdrawnDate />
        <bioguideId>D000621</bioguideId>
        <identifiers>
          <lisID>2116</lisID>
          <gpoId />
          <bioguideId>D000621</bioguideId>
        </identifiers>
        <party>R</party>
        <lastName>DeSantis</lastName>
        <firstName>Ron</firstName>
        <state>FL</state>
        <isOriginalCosponsor>True</isOriginalCosponsor>
        <sponsorshipDate>2013-09-12</sponsorshipDate>
        <middleName />
      </item>
      <item>
        <district>3</district>
        <fullName>Rep. Westmoreland, Lynn A. [R-GA-3]</fullName>
        <sponsorshipWithdrawnDate />
        <bioguideId>W000796</bioguideId>
        <identifiers>
          <lisID>1779</lisID>
          <gpoId>7900</gpoId>
          <bioguideId>W000796</bioguideId>
        </identifiers>
        <party>R</party>
        <lastName>Westmoreland</lastName>
        <firstName>Lynn</firstName>
        <state>GA</state>
        <isOriginalCosponsor>True</isOriginalCosponsor>
        <sponsorshipDate>2013-09-12</sponsorshipDate>
        <middleName>A.</middleName>
      </item>
      <item>
        <district>4</district>
        <fullName>Rep. Massie, Thomas [R-KY-4]</fullName>
        <sponsorshipWithdrawnDate />
        <bioguideId>M001184</bioguideId>
        <identifiers>
          <lisID>2094</lisID>
          <gpoId>8371</gpoId>
          <bioguideId>M001184</bioguideId>
        </identifiers>
        <party>R</party>
        <lastName>Massie</lastName>
        <firstName>Thomas</firstName>
        <state>KY</state>
        <isOriginalCosponsor>True</isOriginalCosponsor>
        <sponsorshipDate>2013-09-12</sponsorshipDate>
        <middleName />
      </item>
      <item>
        <district>11</district>
        <fullName>Rep. Gingrey, Phil [R-GA-11]</fullName>
        <sponsorshipWithdrawnDate />
        <bioguideId>G000550</bioguideId>
        <identifiers>
          <gpoId>7908</gpoId>
          <lisID>1720</lisID>
          <bioguideId>G000550</bioguideId>
        </identifiers>
        <party>R</party>
        <lastName>Gingrey</lastName>
        <firstName>Phil</firstName>
        <state>GA</state>
        <isOriginalCosponsor>True</isOriginalCosponsor>
        <sponsorshipDate>2013-09-12</sponsorshipDate>
        <middleName />
      </item>
      <item>
        <district>1</district>
        <fullName>Rep. Bridenstine, Jim [R-OK-1]</fullName>
        <sponsorshipWithdrawnDate />
        <bioguideId>B001283</bioguideId>
        <identifiers>
          <bioguideId>B001283</bioguideId>
          <lisID>2155</lisID>
          <gpoId />
        </identifiers>
        <party>R</party>
        <lastName>Bridenstine</lastName>
        <firstName>Jim</firstName>
        <state>OK</state>
        <isOriginalCosponsor>True</isOriginalCosponsor>
        <sponsorshipDate>2013-09-12</sponsorshipDate>
        <middleName />
      </item>
      <item>
        <district>5</district>
        <fullName>Rep. Brooks, Mo [R-AL-5]</fullName>
        <sponsorshipWithdrawnDate />
        <bioguideId>B001274</bioguideId>
        <identifiers>
          <lisID>1987</lisID>
          <gpoId>7790</gpoId>
          <bioguideId>B001274</bioguideId>
        </identifiers>
        <party>R</party>
        <lastName>Brooks</lastName>
        <firstName>Mo</firstName>
        <state>AL</state>
        <isOriginalCosponsor>True</isOriginalCosponsor>
        <sponsorshipDate>2013-09-12</sponsorshipDate>
        <middleName />
      </item>
      <item>
        <district>6</district>
        <fullName>Rep. Cassidy, Bill [R-LA-6]</fullName>
        <sponsorshipWithdrawnDate />
        <bioguideId>C001075</bioguideId>
        <identifiers>
          <lisID>1925</lisID>
          <gpoId>7964</gpoId>
          <bioguideId>C001075</bioguideId>
        </identifiers>
        <party>R</party>
        <lastName>Cassidy</lastName>
        <firstName>Bill</firstName>
        <state>LA</state>
        <isOriginalCosponsor>True</isOriginalCosponsor>
        <sponsorshipDate>2013-09-12</sponsorshipDate>
        <middleName />
      </item>
      <item>
        <district>19</district>
        <fullName>Rep. Neugebauer, Randy [R-TX-19]</fullName>
        <sponsorshipWithdrawnDate />
        <bioguideId>N000182</bioguideId>
        <identifiers>
          <lisID>1758</lisID>
          <gpoId>8175</gpoId>
          <bioguideId>N000182</bioguideId>
        </identifiers>
        <party>R</party>
        <lastName>Neugebauer</lastName>
        <firstName>Randy</firstName>
        <state>TX</state>
        <isOriginalCosponsor>True</isOriginalCosponsor>
        <sponsorshipDate>2013-09-12</sponsorshipDate>
        <middleName />
      </item>
      <item>
        <district>6</district>
        <fullName>Rep. Schweikert, David [R-AZ-6]</fullName>
        <sponsorshipWithdrawnDate />
        <bioguideId>S001183</bioguideId>
        <identifiers>
          <gpoId>7802</gpoId>
          <lisID>1994</lisID>
          <bioguideId>S001183</bioguideId>
        </identifiers>
        <party>R</party>
        <lastName>Schweikert</lastName>
        <firstName>David</firstName>
        <state>AZ</state>
        <isOriginalCosponsor>True</isOriginalCosponsor>
        <sponsorshipDate>2013-09-12</sponsorshipDate>
        <middleName />
      </item>
      <item>
        <district>4</district>
        <fullName>Rep. Perry, Scott [R-PA-4]</fullName>
        <sponsorshipWithdrawnDate />
        <bioguideId>P000605</bioguideId>
        <identifiers>
          <lisID>2157</lisID>
          <gpoId />
          <bioguideId>P000605</bioguideId>
        </identifiers>
        <party>R</party>
        <lastName>Perry</lastName>
        <firstName>Scott</firstName>
        <state>PA</state>
        <isOriginalCosponsor>True</isOriginalCosponsor>
        <sponsorshipDate>2013-09-12</sponsorshipDate>
        <middleName />
      </item>
      <item>
        <district>27</district>
        <fullName>Rep. Farenthold, Blake [R-TX-27]</fullName>
        <sponsorshipWithdrawnDate />
        <bioguideId>F000460</bioguideId>
        <identifiers>
          <lisID>2067</lisID>
          <bioguideId>F000460</bioguideId>
          <gpoId>8183</gpoId>
        </identifiers>
        <party>R</party>
        <lastName>Farenthold</lastName>
        <firstName>Blake</firstName>
        <state>TX</state>
        <isOriginalCosponsor>True</isOriginalCosponsor>
        <sponsorshipDate>2013-09-12</sponsorshipDate>
        <middleName />
      </item>
      <item>
        <district>2</district>
        <fullName>Rep. Huizenga, Bill [R-MI-2]</fullName>
        <sponsorshipWithdrawnDate />
        <bioguideId>H001058</bioguideId>
        <identifiers>
          <bioguideId>H001058</bioguideId>
          <lisID>2028</lisID>
          <gpoId>7987</gpoId>
        </identifiers>
        <party>R</party>
        <lastName>Huizenga</lastName>
        <firstName>Bill</firstName>
        <state>MI</state>
        <isOriginalCosponsor>True</isOriginalCosponsor>
        <sponsorshipDate>2013-09-12</sponsorshipDate>
        <middleName />
      </item>
      <item>
        <district>6</district>
        <fullName>Rep. Messer, Luke [R-IN-6]</fullName>
        <sponsorshipWithdrawnDate />
        <bioguideId>M001189</bioguideId>
        <identifiers>
          <lisID>2130</lisID>
          <gpoId />
          <bioguideId>M001189</bioguideId>
        </identifiers>
        <party>R</party>
        <lastName>Messer</lastName>
        <firstName>Luke</firstName>
        <state>IN</state>
        <isOriginalCosponsor>True</isOriginalCosponsor>
        <sponsorshipDate>2013-09-12</sponsorshipDate>
        <middleName />
      </item>
      <item>
        <district>17</district>
        <fullName>Rep. Flores, Bill [R-TX-17]</fullName>
        <sponsorshipWithdrawnDate />
        <bioguideId>F000461</bioguideId>
        <identifiers>
          <lisID>2065</lisID>
          <gpoId>8173</gpoId>
          <bioguideId>F000461</bioguideId>
        </identifiers>
        <party>R</party>
        <lastName>Flores</lastName>
        <firstName>Bill</firstName>
        <state>TX</state>
        <isOriginalCosponsor>True</isOriginalCosponsor>
        <sponsorshipDate>2013-09-12</sponsorshipDate>
        <middleName />
      </item>
      <item>
        <district>5</district>
        <fullName>Rep. Mulvaney, Mick [R-SC-5]</fullName>
        <sponsorshipWithdrawnDate />
        <bioguideId>M001182</bioguideId>
        <identifiers>
          <gpoId>8145</gpoId>
          <lisID>2059</lisID>
          <bioguideId>M001182</bioguideId>
        </identifiers>
        <party>R</party>
        <lastName>Mulvaney</lastName>
        <firstName>Mick</firstName>
        <state>SC</state>
        <isOriginalCosponsor>True</isOriginalCosponsor>
        <sponsorshipDate>2013-09-12</sponsorshipDate>
        <middleName />
      </item>
      <item>
        <district>1</district>
        <fullName>Rep. Huelskamp, Tim [R-KS-1]</fullName>
        <sponsorshipWithdrawnDate />
        <bioguideId>H001057</bioguideId>
        <identifiers>
          <lisID>2020</lisID>
          <bioguideId>H001057</bioguideId>
          <gpoId>7949</gpoId>
        </identifiers>
        <party>R</party>
        <lastName>Huelskamp</lastName>
        <firstName>Tim</firstName>
        <state>KS</state>
        <isOriginalCosponsor>True</isOriginalCosponsor>
        <sponsorshipDate>2013-09-12</sponsorshipDate>
        <middleName />
      </item>
      <item>
        <district>0</district>
        <fullName>Rep. Daines, Steve [R-MT-At Large]</fullName>
        <sponsorshipWithdrawnDate />
        <bioguideId>D000618</bioguideId>
        <identifiers>
          <lisID>2138</lisID>
          <gpoId />
          <bioguideId>D000618</bioguideId>
        </identifiers>
        <party>R</party>
        <lastName>Daines</lastName>
        <firstName>Steve</firstName>
        <state>MT</state>
        <isOriginalCosponsor>True</isOriginalCosponsor>
        <sponsorshipDate>2013-09-12</sponsorshipDate>
        <middleName />
      </item>
      <item>
        <district>2</district>
        <fullName>Rep. Wilson, Joe [R-SC-2]</fullName>
        <sponsorshipWithdrawnDate />
        <bioguideId>W000795</bioguideId>
        <identifiers>
          <gpoId>8142</gpoId>
          <lisID>1688</lisID>
          <bioguideId>W000795</bioguideId>
        </identifiers>
        <party>R</party>
        <lastName>Wilson</lastName>
        <firstName>Joe</firstName>
        <state>SC</state>
        <isOriginalCosponsor>True</isOriginalCosponsor>
        <sponsorshipDate>2013-09-12</sponsorshipDate>
        <middleName />
      </item>
      <item>
        <district>7</district>
        <fullName>Rep. Blackburn, Marsha [R-TN-7]</fullName>
        <sponsorshipWithdrawnDate />
        <bioguideId>B001243</bioguideId>
        <identifiers>
          <gpoId>8154</gpoId>
          <lisID>1748</lisID>
          <bioguideId>B001243</bioguideId>
        </identifiers>
        <party>R</party>
        <lastName>Blackburn</lastName>
        <firstName>Marsha</firstName>
        <state>TN</state>
        <isOriginalCosponsor>True</isOriginalCosponsor>
        <sponsorshipDate>2013-09-12</sponsorshipDate>
        <middleName />
      </item>
      <item>
        <district>8</district>
        <fullName>Rep. Ribble, Reid J. [R-WI-8]</fullName>
        <sponsorshipWithdrawnDate />
        <bioguideId>R000587</bioguideId>
        <identifiers>
          <bioguideId>R000587</bioguideId>
          <lisID>2073</lisID>
          <gpoId>8221</gpoId>
        </identifiers>
        <party>R</party>
        <lastName>Ribble</lastName>
        <firstName>Reid</firstName>
        <state>WI</state>
        <isOriginalCosponsor>True</isOriginalCosponsor>
        <sponsorshipDate>2013-09-12</sponsorshipDate>
        <middleName>J.</middleName>
      </item>
      <item>
        <district>6</district>
        <fullName>Rep. Price, Tom [R-GA-6]</fullName>
        <sponsorshipWithdrawnDate />
        <bioguideId>P000591</bioguideId>
        <identifiers>
          <gpoId>7903</gpoId>
          <lisID>1778</lisID>
          <bioguideId>P000591</bioguideId>
        </identifiers>
        <party>R</party>
        <lastName>Price</lastName>
        <firstName>Tom</firstName>
        <state>GA</state>
        <isOriginalCosponsor>True</isOriginalCosponsor>
        <sponsorshipDate>2013-09-12</sponsorshipDate>
        <middleName />
      </item>
      <item>
        <district>8</district>
        <fullName>Rep. Scott, Austin [R-GA-8]</fullName>
        <sponsorshipWithdrawnDate />
        <bioguideId>S001189</bioguideId>
        <identifiers>
          <gpoId>7905</gpoId>
          <lisID>2009</lisID>
          <bioguideId>S001189</bioguideId>
        </identifiers>
        <party>R</party>
        <lastName>Scott</lastName>
        <firstName>Austin</firstName>
        <state>GA</state>
        <isOriginalCosponsor>True</isOriginalCosponsor>
        <sponsorshipDate>2013-09-12</sponsorshipDate>
        <middleName />
      </item>
      <item>
        <district>1</district>
        <fullName>Rep. Chabot, Steve [R-OH-1]</fullName>
        <sponsorshipWithdrawnDate />
        <bioguideId>C000266</bioguideId>
        <identifiers>
          <lisID>186</lisID>
          <gpoId>8091</gpoId>
          <bioguideId>C000266</bioguideId>
        </identifiers>
        <party>R</party>
        <lastName>CHABOT</lastName>
        <firstName>STEVE</firstName>
        <state>OH</state>
        <isOriginalCosponsor>True</isOriginalCosponsor>
        <sponsorshipDate>2013-09-12</sponsorshipDate>
        <middleName />
      </item>
      <item>
        <district>8</district>
        <fullName>Rep. Franks, Trent [R-AZ-8]</fullName>
        <sponsorshipWithdrawnDate />
        <bioguideId>F000448</bioguideId>
        <identifiers>
          <lisID>1707</lisID>
          <gpoId>7799</gpoId>
          <bioguideId>F000448</bioguideId>
        </identifiers>
        <party>R</party>
        <lastName>Franks</lastName>
        <firstName>Trent</firstName>
        <state>AZ</state>
        <isOriginalCosponsor>True</isOriginalCosponsor>
        <sponsorshipDate>2013-09-12</sponsorshipDate>
        <middleName />
      </item>
      <item>
        <district>3</district>
        <fullName>Rep. Stutzman, Marlin A. [R-IN-3]</fullName>
        <sponsorshipWithdrawnDate />
        <bioguideId>S001188</bioguideId>
        <identifiers>
          <gpoId>7942</gpoId>
          <lisID>1981</lisID>
          <bioguideId>S001188</bioguideId>
        </identifiers>
        <party>R</party>
        <lastName>Stutzman</lastName>
        <firstName>Marlin</firstName>
        <state>IN</state>
        <isOriginalCosponsor>True</isOriginalCosponsor>
        <sponsorshipDate>2013-09-12</sponsorshipDate>
        <middleName>A.</middleName>
      </item>
      <item>
        <district>5</district>
        <fullName>Rep. Garrett, Scott [R-NJ-5]</fullName>
        <sponsorshipWithdrawnDate />
        <bioguideId>G000548</bioguideId>
        <identifiers>
          <gpoId>8047</gpoId>
          <lisID>1737</lisID>
          <bioguideId>G000548</bioguideId>
        </identifiers>
        <party>R</party>
        <lastName>Garrett</lastName>
        <firstName>Scott</firstName>
        <state>NJ</state>
        <isOriginalCosponsor>False</isOriginalCosponsor>
        <sponsorshipDate>2013-09-16</sponsorshipDate>
        <middleName />
      </item>
      <item>
        <district>2</district>
        <fullName>Rep. Stewart, Chris [R-UT-2]</fullName>
        <sponsorshipWithdrawnDate />
        <bioguideId>S001192</bioguideId>
        <identifiers>
          <gpoId />
          <lisID>2168</lisID>
          <bioguideId>S001192</bioguideId>
        </identifiers>
        <party>R</party>
        <lastName>Stewart</lastName>
        <firstName>Chris</firstName>
        <state>UT</state>
        <isOriginalCosponsor>False</isOriginalCosponsor>
        <sponsorshipDate>2013-09-16</sponsorshipDate>
        <middleName />
      </item>
      <item>
        <district>4</district>
        <fullName>Rep. Cotton, Tom [R-AR-4]</fullName>
        <sponsorshipWithdrawnDate />
        <bioguideId>C001095</bioguideId>
        <identifiers>
          <lisID>2098</lisID>
          <gpoId />
          <bioguideId>C001095</bioguideId>
        </identifiers>
        <party>R</party>
        <lastName>Cotton</lastName>
        <firstName>Tom</firstName>
        <state>AR</state>
        <isOriginalCosponsor>False</isOriginalCosponsor>
        <sponsorshipDate>2013-09-16</sponsorshipDate>
        <middleName />
      </item>
      <item>
        <district>10</district>
        <fullName>Rep. Miller, Candice S. [R-MI-10]</fullName>
        <sponsorshipWithdrawnDate />
        <bioguideId>M001150</bioguideId>
        <identifiers>
          <lisID>1731</lisID>
          <gpoId>8589</gpoId>
          <bioguideId>M001150</bioguideId>
        </identifiers>
        <party>R</party>
        <lastName>Miller</lastName>
        <firstName>Candice</firstName>
        <state>MI</state>
        <isOriginalCosponsor>False</isOriginalCosponsor>
        <sponsorshipDate>2013-09-16</sponsorshipDate>
        <middleName>S.</middleName>
      </item>
      <item>
        <district>8</district>
        <fullName>Rep. Bucshon, Larry [R-IN-8]</fullName>
        <sponsorshipWithdrawnDate />
        <bioguideId>B001275</bioguideId>
        <identifiers>
          <lisID>2018</lisID>
          <bioguideId>B001275</bioguideId>
          <gpoId>7947</gpoId>
        </identifiers>
        <party>R</party>
        <lastName>Bucshon</lastName>
        <firstName>Larry</firstName>
        <state>IN</state>
        <isOriginalCosponsor>False</isOriginalCosponsor>
        <sponsorshipDate>2013-09-16</sponsorshipDate>
        <middleName />
      </item>
      <item>
        <district>19</district>
        <fullName>Rep. Radel, Trey [R-FL-19]</fullName>
        <sponsorshipWithdrawnDate />
        <bioguideId>R000596</bioguideId>
        <identifiers>
          <lisID>2118</lisID>
          <gpoId />
          <bioguideId>R000596</bioguideId>
        </identifiers>
        <party>R</party>
        <lastName>Radel</lastName>
        <firstName>Trey</firstName>
        <state>FL</state>
        <isOriginalCosponsor>False</isOriginalCosponsor>
        <sponsorshipDate>2013-09-16</sponsorshipDate>
        <middleName />
      </item>
      <item>
        <district>10</district>
        <fullName>Rep. McCaul, Michael T. [R-TX-10]</fullName>
        <sponsorshipWithdrawnDate />
        <bioguideId>M001157</bioguideId>
        <identifiers>
          <lisID>1804</lisID>
          <gpoId>8166</gpoId>
          <bioguideId>M001157</bioguideId>
        </identifiers>
        <party>R</party>
        <lastName>McCaul</lastName>
        <firstName>Michael</firstName>
        <state>TX</state>
        <isOriginalCosponsor>False</isOriginalCosponsor>
        <sponsorshipDate>2013-09-16</sponsorshipDate>
        <middleName>T.</middleName>
      </item>
      <item>
        <district>23</district>
        <fullName>Rep. Reed, Tom [R-NY-23]</fullName>
        <sponsorshipWithdrawnDate />
        <bioguideId>R000585</bioguideId>
        <identifiers>
          <gpoId>8090</gpoId>
          <lisID>1982</lisID>
          <bioguideId>R000585</bioguideId>
        </identifiers>
        <party>R</party>
        <lastName>Reed</lastName>
        <firstName>Tom</firstName>
        <state>NY</state>
        <isOriginalCosponsor>False</isOriginalCosponsor>
        <sponsorshipDate>2013-09-16</sponsorshipDate>
        <middleName />
      </item>
      <item>
        <district>25</district>
        <fullName>Rep. Williams, Roger [R-TX-25]</fullName>
        <sponsorshipWithdrawnDate />
        <bioguideId>W000816</bioguideId>
        <identifiers>
          <gpoId />
          <lisID>2165</lisID>
          <bioguideId>W000816</bioguideId>
        </identifiers>
        <party>R</party>
        <lastName>Williams</lastName>
        <firstName>Roger</firstName>
        <state>TX</state>
        <isOriginalCosponsor>False</isOriginalCosponsor>
        <sponsorshipDate>2013-09-16</sponsorshipDate>
        <middleName />
      </item>
      <item>
        <district>15</district>
        <fullName>Rep. Ross, Dennis A. [R-FL-15]</fullName>
        <sponsorshipWithdrawnDate />
        <bioguideId>R000593</bioguideId>
        <identifiers>
          <gpoId>7884</gpoId>
          <lisID>2003</lisID>
          <bioguideId>R000593</bioguideId>
        </identifiers>
        <party>R</party>
        <lastName>Ross</lastName>
        <firstName>Dennis</firstName>
        <state>FL</state>
        <isOriginalCosponsor>False</isOriginalCosponsor>
        <sponsorshipDate>2013-09-16</sponsorshipDate>
        <middleName>A.</middleName>
      </item>
      <item>
        <district>2</district>
        <fullName>Rep. Wenstrup, Brad R. [R-OH-2]</fullName>
        <sponsorshipWithdrawnDate />
        <bioguideId>W000815</bioguideId>
        <identifiers>
          <gpoId />
          <lisID>2152</lisID>
          <bioguideId>W000815</bioguideId>
        </identifiers>
        <party>R</party>
        <lastName>Wenstrup</lastName>
        <firstName>Brad</firstName>
        <state>OH</state>
        <isOriginalCosponsor>False</isOriginalCosponsor>
        <sponsorshipDate>2013-09-16</sponsorshipDate>
        <middleName>R.</middleName>
      </item>
      <item>
        <district>2</district>
        <fullName>Rep. Poe, Ted [R-TX-2]</fullName>
        <sponsorshipWithdrawnDate />
        <bioguideId>P000592</bioguideId>
        <identifiers>
          <lisID>1802</lisID>
          <gpoId>8158</gpoId>
          <bioguideId>P000592</bioguideId>
        </identifiers>
        <party>R</party>
        <lastName>Poe</lastName>
        <firstName>Ted</firstName>
        <state>TX</state>
        <isOriginalCosponsor>False</isOriginalCosponsor>
        <sponsorshipDate>2013-09-16</sponsorshipDate>
        <middleName />
      </item>
      <item>
        <district>4</district>
        <fullName>Rep. Pompeo, Mike [R-KS-4]</fullName>
        <sponsorshipWithdrawnDate />
        <bioguideId>P000602</bioguideId>
        <identifiers>
          <bioguideId>P000602</bioguideId>
          <lisID>2022</lisID>
          <gpoId>7952</gpoId>
        </identifiers>
        <party>R</party>
        <lastName>Pompeo</lastName>
        <firstName>Mike</firstName>
        <state>KS</state>
        <isOriginalCosponsor>False</isOriginalCosponsor>
        <sponsorshipDate>2013-09-16</sponsorshipDate>
        <middleName />
      </item>
      <item>
        <district>0</district>
        <fullName>Rep. Lummis, Cynthia M. [R-WY-At Large]</fullName>
        <sponsorshipWithdrawnDate />
        <bioguideId>L000571</bioguideId>
        <identifiers>
          <lisID>1960</lisID>
          <gpoId>8225</gpoId>
          <bioguideId>L000571</bioguideId>
        </identifiers>
        <party>R</party>
        <lastName>Lummis</lastName>
        <firstName>Cynthia</firstName>
        <state>WY</state>
        <isOriginalCosponsor>False</isOriginalCosponsor>
        <sponsorshipDate>2013-09-16</sponsorshipDate>
        <middleName>M.</middleName>
      </item>
      <item>
        <district>4</district>
        <fullName>Rep. Gosar, Paul A. [R-AZ-4]</fullName>
        <sponsorshipWithdrawnDate />
        <bioguideId>G000565</bioguideId>
        <identifiers>
          <lisID>1992</lisID>
          <gpoId>7798</gpoId>
          <bioguideId>G000565</bioguideId>
        </identifiers>
        <party>R</party>
        <lastName>Gosar</lastName>
        <firstName>Paul</firstName>
        <state>AZ</state>
        <isOriginalCosponsor>False</isOriginalCosponsor>
        <sponsorshipDate>2013-09-16</sponsorshipDate>
        <middleName>A.</middleName>
      </item>
      <item>
        <district>7</district>
        <fullName>Rep. Gibbs, Bob [R-OH-7]</fullName>
        <sponsorshipWithdrawnDate />
        <bioguideId>G000563</bioguideId>
        <identifiers>
          <gpoId>8108</gpoId>
          <lisID>2049</lisID>
          <bioguideId>G000563</bioguideId>
        </identifiers>
        <party>R</party>
        <lastName>Gibbs</lastName>
        <firstName>Bob</firstName>
        <state>OH</state>
        <isOriginalCosponsor>False</isOriginalCosponsor>
        <sponsorshipDate>2013-09-16</sponsorshipDate>
        <middleName />
      </item>
      <item>
        <district>2</district>
        <fullName>Rep. Terry, Lee [R-NE-2]</fullName>
        <sponsorshipWithdrawnDate />
        <bioguideId>T000459</bioguideId>
        <identifiers>
          <bioguideId>T000459</bioguideId>
          <lisID>1566</lisID>
          <gpoId>8039</gpoId>
        </identifiers>
        <party>R</party>
        <lastName>TERRY</lastName>
        <firstName>LEE</firstName>
        <state>NE</state>
        <isOriginalCosponsor>False</isOriginalCosponsor>
        <sponsorshipDate>2013-09-16</sponsorshipDate>
        <middleName />
      </item>
      <item>
        <district>5</district>
        <fullName>Rep. Lamborn, Doug [R-CO-5]</fullName>
        <sponsorshipWithdrawnDate />
        <bioguideId>L000564</bioguideId>
        <identifiers>
          <lisID>1834</lisID>
          <gpoId>7863</gpoId>
          <bioguideId>L000564</bioguideId>
        </identifiers>
        <party>R</party>
        <lastName>Lamborn</lastName>
        <firstName>Doug</firstName>
        <state>CO</state>
        <isOriginalCosponsor>False</isOriginalCosponsor>
        <sponsorshipDate>2013-09-17</sponsorshipDate>
        <middleName />
      </item>
      <item>
        <district>1</district>
        <fullName>Rep. LaMalfa, Doug [R-CA-1]</fullName>
        <sponsorshipWithdrawnDate />
        <bioguideId>L000578</bioguideId>
        <identifiers>
          <bioguideId>L000578</bioguideId>
          <lisID>2100</lisID>
          <gpoId />
        </identifiers>
        <party>R</party>
        <lastName>LaMalfa</lastName>
        <firstName>Doug</firstName>
        <state>CA</state>
        <isOriginalCosponsor>False</isOriginalCosponsor>
        <sponsorshipDate>2013-09-17</sponsorshipDate>
        <middleName />
      </item>
      <item>
        <district>13</district>
        <fullName>Rep. Thornberry, Mac [R-TX-13]</fullName>
        <sponsorshipWithdrawnDate />
        <bioguideId>T000238</bioguideId>
        <identifiers>
          <lisID>1155</lisID>
          <gpoId>8755</gpoId>
          <bioguideId>T000238</bioguideId>
        </identifiers>
        <party>R</party>
        <lastName>THORNBERRY</lastName>
        <firstName>WILLIAM</firstName>
        <state>TX</state>
        <isOriginalCosponsor>False</isOriginalCosponsor>
        <sponsorshipDate>2013-09-17</sponsorshipDate>
        <middleName>M.</middleName>
      </item>
      <item>
        <district>6</district>
        <fullName>Rep. Bachmann, Michele [R-MN-6]</fullName>
        <sponsorshipWithdrawnDate />
        <bioguideId>B001256</bioguideId>
        <identifiers>
          <lisID>1858</lisID>
          <gpoId>8006</gpoId>
          <bioguideId>B001256</bioguideId>
        </identifiers>
        <party>R</party>
        <lastName>Bachmann</lastName>
        <firstName>Michele</firstName>
        <state>MN</state>
        <isOriginalCosponsor>False</isOriginalCosponsor>
        <sponsorshipDate>2013-09-17</sponsorshipDate>
        <middleName />
      </item>
      <item>
        <district>8</district>
        <fullName>Rep. Fincher, Stephen Lee [R-TN-8]</fullName>
        <sponsorshipWithdrawnDate />
        <bioguideId>F000458</bioguideId>
        <identifiers>
          <lisID>2064</lisID>
          <bioguideId>F000458</bioguideId>
          <gpoId>8741</gpoId>
        </identifiers>
        <party>R</party>
        <lastName>Fincher</lastName>
        <firstName>Stephen</firstName>
        <state>TN</state>
        <isOriginalCosponsor>False</isOriginalCosponsor>
        <sponsorshipDate>2013-09-17</sponsorshipDate>
        <middleName>Lee</middleName>
      </item>
      <item>
        <district>1</district>
        <fullName>Rep. Kingston, Jack [R-GA-1]</fullName>
        <sponsorshipWithdrawnDate />
        <bioguideId>K000220</bioguideId>
        <identifiers>
          <lisID>636</lisID>
          <bioguideId>K000220</bioguideId>
          <gpoId>7898</gpoId>
        </identifiers>
        <party>R</party>
        <lastName>KINGSTON</lastName>
        <firstName>JACK</firstName>
        <state>GA</state>
        <isOriginalCosponsor>False</isOriginalCosponsor>
        <sponsorshipDate>2013-09-17</sponsorshipDate>
        <middleName />
      </item>
      <item>
        <district>11</district>
        <fullName>Rep. Bentivolio, Kerry L. [R-MI-11]</fullName>
        <sponsorshipWithdrawnDate />
        <bioguideId>B001280</bioguideId>
        <identifiers>
          <lisID>2135</lisID>
          <gpoId />
          <bioguideId>B001280</bioguideId>
        </identifiers>
        <party>R</party>
        <lastName>Bentivolio</lastName>
        <firstName>Kerry</firstName>
        <state>MI</state>
        <isOriginalCosponsor>False</isOriginalCosponsor>
        <sponsorshipDate>2013-09-17</sponsorshipDate>
        <middleName>L.</middleName>
      </item>
      <item>
        <district>26</district>
        <fullName>Rep. Burgess, Michael C. [R-TX-26]</fullName>
        <sponsorshipWithdrawnDate />
        <bioguideId>B001248</bioguideId>
        <identifiers>
          <bioguideId>B001248</bioguideId>
          <lisID>1751</lisID>
          <gpoId>8182</gpoId>
        </identifiers>
        <party>R</party>
        <lastName>Burgess</lastName>
        <firstName>Michael</firstName>
        <state>TX</state>
        <isOriginalCosponsor>False</isOriginalCosponsor>
        <sponsorshipDate>2013-09-17</sponsorshipDate>
        <middleName>C.</middleName>
      </item>
      <item>
        <district>24</district>
        <fullName>Rep. Marchant, Kenny [R-TX-24]</fullName>
        <sponsorshipWithdrawnDate />
        <bioguideId>M001158</bioguideId>
        <identifiers>
          <bioguideId>M001158</bioguideId>
          <lisID>1806</lisID>
          <gpoId>8766</gpoId>
        </identifiers>
        <party>R</party>
        <lastName>Marchant</lastName>
        <firstName>Kenny</firstName>
        <state>TX</state>
        <isOriginalCosponsor>False</isOriginalCosponsor>
        <sponsorshipDate>2013-09-17</sponsorshipDate>
        <middleName />
      </item>
      <item>
        <district>2</district>
        <fullName>Rep. Walorski, Jackie [R-IN-2]</fullName>
        <sponsorshipWithdrawnDate />
        <bioguideId>W000813</bioguideId>
        <identifiers>
          <gpoId />
          <lisID>2128</lisID>
          <bioguideId>W000813</bioguideId>
        </identifiers>
        <party>R</party>
        <lastName>Walorski</lastName>
        <firstName>Jackie</firstName>
        <state>IN</state>
        <isOriginalCosponsor>False</isOriginalCosponsor>
        <sponsorshipDate>2013-09-17</sponsorshipDate>
        <middleName />
      </item>
      <item>
        <district>1</district>
        <fullName>Rep. Harris, Andy [R-MD-1]</fullName>
        <sponsorshipWithdrawnDate>2013-10-23</sponsorshipWithdrawnDate>
        <bioguideId>H001052</bioguideId>
        <identifiers>
          <bioguideId>H001052</bioguideId>
          <lisID>2026</lisID>
          <gpoId>7976</gpoId>
        </identifiers>
        <party>R</party>
        <lastName>Harris</lastName>
        <firstName>Andy</firstName>
        <state>MD</state>
        <isOriginalCosponsor>False</isOriginalCosponsor>
        <sponsorshipDate>2013-09-17</sponsorshipDate>
        <middleName />
      </item>
      <item>
        <district>12</district>
        <fullName>Rep. Rothfus, Keith J. [R-PA-12]</fullName>
        <sponsorshipWithdrawnDate />
        <bioguideId>R000598</bioguideId>
        <identifiers>
          <gpoId />
          <lisID>2158</lisID>
          <bioguideId>R000598</bioguideId>
        </identifiers>
        <party>R</party>
        <lastName>Rothfus</lastName>
        <firstName>Keith</firstName>
        <state>PA</state>
        <isOriginalCosponsor>False</isOriginalCosponsor>
        <sponsorshipDate>2013-09-17</sponsorshipDate>
        <middleName>J.</middleName>
      </item>
      <item>
        <district>3</district>
        <fullName>Rep. Yoder, Kevin [R-KS-3]</fullName>
        <sponsorshipWithdrawnDate />
        <bioguideId>Y000063</bioguideId>
        <identifiers>
          <bioguideId>Y000063</bioguideId>
          <gpoId>7951</gpoId>
          <lisID>2021</lisID>
        </identifiers>
        <party>R</party>
        <lastName>Yoder</lastName>
        <firstName>Kevin</firstName>
        <state>KS</state>
        <isOriginalCosponsor>False</isOriginalCosponsor>
        <sponsorshipDate>2013-09-17</sponsorshipDate>
        <middleName />
      </item>
      <item>
        <district>4</district>
        <fullName>Rep. Hall, Ralph M. [R-TX-4]</fullName>
        <sponsorshipWithdrawnDate />
        <bioguideId>H000067</bioguideId>
        <identifiers>
          <lisID>484</lisID>
          <gpoId>8160</gpoId>
          <bioguideId>H000067</bioguideId>
        </identifiers>
        <party>R</party>
        <lastName>HALL</lastName>
        <firstName>RALPH</firstName>
        <state>TX</state>
        <isOriginalCosponsor>False</isOriginalCosponsor>
        <sponsorshipDate>2013-09-17</sponsorshipDate>
        <middleName>M.</middleName>
      </item>
      <item>
        <district>1</district>
        <fullName>Rep. Roe, David P. [R-TN-1]</fullName>
        <sponsorshipWithdrawnDate />
        <bioguideId>R000582</bioguideId>
        <identifiers>
          <lisID>1954</lisID>
          <gpoId>8148</gpoId>
          <bioguideId>R000582</bioguideId>
        </identifiers>
        <party>R</party>
        <lastName>Roe</lastName>
        <firstName>David</firstName>
        <state>TN</state>
        <isOriginalCosponsor>False</isOriginalCosponsor>
        <sponsorshipDate>2013-09-17</sponsorshipDate>
        <middleName>P.</middleName>
      </item>
      <item>
        <district>4</district>
        <fullName>Rep. McClintock, Tom [R-CA-4]</fullName>
        <sponsorshipWithdrawnDate />
        <bioguideId>M001177</bioguideId>
        <identifiers>
          <bioguideId>M001177</bioguideId>
          <lisID>1908</lisID>
          <gpoId>7809</gpoId>
        </identifiers>
        <party>R</party>
        <lastName>McClintock</lastName>
        <firstName>Tom</firstName>
        <state>CA</state>
        <isOriginalCosponsor>False</isOriginalCosponsor>
        <sponsorshipDate>2013-09-18</sponsorshipDate>
        <middleName />
      </item>
      <item>
        <district>2</district>
        <fullName>Rep. Guthrie, Brett [R-KY-2]</fullName>
        <sponsorshipWithdrawnDate />
        <bioguideId>G000558</bioguideId>
        <identifiers>
          <lisID>1922</lisID>
          <gpoId>7954</gpoId>
          <bioguideId>G000558</bioguideId>
        </identifiers>
        <party>R</party>
        <lastName>Guthrie</lastName>
        <firstName>Brett</firstName>
        <state>KY</state>
        <isOriginalCosponsor>False</isOriginalCosponsor>
        <sponsorshipDate>2013-09-18</sponsorshipDate>
        <middleName />
      </item>
      <item>
        <district>11</district>
        <fullName>Rep. Barletta, Lou [R-PA-11]</fullName>
        <sponsorshipWithdrawnDate />
        <bioguideId>B001269</bioguideId>
        <identifiers>
          <lisID>2054</lisID>
          <gpoId>8129</gpoId>
          <bioguideId>B001269</bioguideId>
        </identifiers>
        <party>R</party>
        <lastName>Barletta</lastName>
        <firstName>Lou</firstName>
        <state>PA</state>
        <isOriginalCosponsor>False</isOriginalCosponsor>
        <sponsorshipDate>2013-09-18</sponsorshipDate>
        <middleName />
      </item>
      <item>
        <district>4</district>
        <fullName>Rep. Rokita, Todd [R-IN-4]</fullName>
        <sponsorshipWithdrawnDate />
        <bioguideId>R000592</bioguideId>
        <identifiers>
          <bioguideId>R000592</bioguideId>
          <lisID>2017</lisID>
          <gpoId>7943</gpoId>
        </identifiers>
        <party>R</party>
        <lastName>Rokita</lastName>
        <firstName>Todd</firstName>
        <state>IN</state>
        <isOriginalCosponsor>False</isOriginalCosponsor>
        <sponsorshipDate>2013-09-18</sponsorshipDate>
        <middleName />
      </item>
      <item>
        <district>8</district>
        <fullName>Rep. Posey, Bill [R-FL-8]</fullName>
        <sponsorshipWithdrawnDate />
        <bioguideId>P000599</bioguideId>
        <identifiers>
          <bioguideId>P000599</bioguideId>
          <gpoId>7887</gpoId>
          <lisID>1915</lisID>
        </identifiers>
        <party>R</party>
        <lastName>Posey</lastName>
        <firstName>Bill</firstName>
        <state>FL</state>
        <isOriginalCosponsor>False</isOriginalCosponsor>
        <sponsorshipDate>2013-09-18</sponsorshipDate>
        <middleName />
      </item>
      <item>
        <district>3</district>
        <fullName>Rep. Kelly, Mike [R-PA-3]</fullName>
        <sponsorshipWithdrawnDate />
        <bioguideId>K000376</bioguideId>
        <identifiers>
          <gpoId>8708</gpoId>
          <lisID>2051</lisID>
          <bioguideId>K000376</bioguideId>
        </identifiers>
        <party>R</party>
        <lastName>Kelly</lastName>
        <firstName>Mike</firstName>
        <state>PA</state>
        <isOriginalCosponsor>False</isOriginalCosponsor>
        <sponsorshipDate>2013-09-18</sponsorshipDate>
        <middleName />
      </item>
      <item>
        <district>5</district>
        <fullName>Rep. Latta, Robert E. [R-OH-5]</fullName>
        <sponsorshipWithdrawnDate />
        <bioguideId>L000566</bioguideId>
        <identifiers>
          <lisID>1885</lisID>
          <gpoId>8095</gpoId>
          <bioguideId>L000566</bioguideId>
        </identifiers>
        <party>R</party>
        <lastName>Latta</lastName>
        <firstName>Robert</firstName>
        <state>OH</state>
        <isOriginalCosponsor>False</isOriginalCosponsor>
        <sponsorshipDate>2013-09-18</sponsorshipDate>
        <middleName>E.</middleName>
      </item>
      <item>
        <district>14</district>
        <fullName>Rep. Hultgren, Randy [R-IL-14]</fullName>
        <sponsorshipWithdrawnDate />
        <bioguideId>H001059</bioguideId>
        <identifiers>
          <bioguideId>H001059</bioguideId>
          <lisID>2015</lisID>
          <gpoId>7934</gpoId>
        </identifiers>
        <party>R</party>
        <lastName>Hultgren</lastName>
        <firstName>Randy</firstName>
        <state>IL</state>
        <isOriginalCosponsor>False</isOriginalCosponsor>
        <sponsorshipDate>2013-09-19</sponsorshipDate>
        <middleName />
      </item>
    </cosponsors>
    <calendarNumbers />
    <cboCostEstimates />
    <originChamber>House</originChamber>
  </bill>
  <dublinCore xmlns:dc="http://purl.org/dc/elements/1.1/">
    <dc:format>text/xml</dc:format>
    <dc:language>EN</dc:language>
    <dc:rights>Pursuant to Title 17 Section 105 of the United States Code, this file is not subject to copyright protection and is in the public domain.</dc:rights>
    <dc:contributor>Congressional Research Service, Library of Congress</dc:contributor>
    <dc:description>This file contains bill summaries and statuses for federal legislation. A bill summary describes the most significant provisions of a piece of legislation and details the effects the legislative text may have on current law and federal programs. Bill summaries are authored by the Congressional Research Service (CRS) of the Library of Congress. As stated in Public Law 91-510 (2 USC 166 (d)(6)), one of the duties of CRS is "to prepare summaries and digests of bills and resolutions of a public general nature introduced in the Senate or House of Representatives". For more information, refer to the User Guide that accompanies this file.</dc:description>
  </dublinCore>
</billStatus>

