<?xml version="1.0" encoding="UTF-8"?>
<billStatus>
  <bill>
    <committees>
      <billCommittees>
        <item>
          <systemCode>hsju00</systemCode>
          <name>Judiciary Committee</name>
          <activities>
            <item>
              <name>Referred to</name>
              <date>2013-02-13T15:08:50Z</date>
            </item>
          </activities>
          <type>Standing</type>
          <chamber>House</chamber>
          <subcommittees>
            <item>
              <systemCode>hsju10</systemCode>
              <name>Constitution and Civil Justice Subcommittee</name>
              <activities>
                <item>
                  <name>Referred to</name>
                  <date>2013-02-28T21:22:57Z</date>
                </item>
              </activities>
            </item>
          </subcommittees>
        </item>
      </billCommittees>
    </committees>
    <introducedDate>2013-02-13</introducedDate>
    <congress>113</congress>
    <laws />
    <calendarNumbers />
    <originChamber>House</originChamber>
    <constitutionalAuthorityStatementText><![CDATA[<pre>By Mr. BENTIVOLIO:H.J. Res. 27.Congress has the power to enact this legislation pursuantto the following:Article. V.The Congress, whenever two thirds of both Houses shall deemit necessary, shall propose Amendments to this Constitution,or, on the Application of the Legislatures of two thirds ofthe several States, shall call a Convention for proposingAmendments, which, in either Case, shall be valid to allIntents and Purposes, as Part of this Constitution, whenratified by the Legislatures of three fourths of the severalStates, or by Conventions in three fourths thereof, as theone or the other Mode of Ratification may be proposed by theCongress; Provided that no Amendment which may be made priorto the Year One thousand eight hundred and eight shall in anyManner affect the first and fourth Clauses in the NinthSection of the first Article; and that no State, without itsConsent, shall be deprived of its equal Suffrage in theSenate.[Page H504]</pre>]]></constitutionalAuthorityStatementText>
    <titles>
      <item>
        <chamberCode />
        <chamberName />
        <title>Proposing an amendment to the Constitution of the United States prohibiting the Federal Government from using the power of taxation to compel someone to engage in commercial activity.</title>
        <parentTitleType />
        <titleType>Official Title as Introduced</titleType>
      </item>
      <item>
        <chamberCode />
        <chamberName />
        <title>Proposing an amendment to the Constitution of the United States prohibiting the Federal Government from using the power of taxation to compel someone to engage in commercial activity.</title>
        <parentTitleType />
        <titleType>Display Title</titleType>
      </item>
    </titles>
    <createDate>2013-02-14T07:00:52Z</createDate>
    <title>Proposing an amendment to the Constitution of the United States prohibiting the Federal Government from using the power of taxation to compel someone to engage in commercial activity.</title>
    <cboCostEstimates />
    <summaries>
      <billSummaries>
        <item>
          <versionCode>00</versionCode>
          <actionDate>2013-02-13</actionDate>
          <name>Introduced in House</name>
          <lastSummaryUpdateDate>2013-03-07T21:50:25Z</lastSummaryUpdateDate>
          <text><![CDATA[<p><b>Constitutional Amendment </b>- Denies Congress the power to lay and collect taxes: (1) to compel any person or persons to engage in commercial activity, or (2) from any person or persons for a failure to engage in any form of commercial activity.</p>]]></text>
          <actionDesc>Introduced in House</actionDesc>
          <updateDate>2013-02-13T05:00:00Z</updateDate>
        </item>
      </billSummaries>
    </summaries>
    <recordedVotes />
    <notes />
    <policyArea>
      <name>Taxation</name>
    </policyArea>
    <updateDate>2016-10-25T15:56:13Z</updateDate>
    <cosponsors>
      <item>
        <district>22</district>
        <fullName>Rep. Olson, Pete [R-TX-22]</fullName>
        <sponsorshipWithdrawnDate />
        <bioguideId>O000168</bioguideId>
        <identifiers>
          <lisID>1955</lisID>
          <gpoId>8178</gpoId>
          <bioguideId>O000168</bioguideId>
        </identifiers>
        <party>R</party>
        <lastName>Olson</lastName>
        <firstName>Pete</firstName>
        <state>TX</state>
        <isOriginalCosponsor>False</isOriginalCosponsor>
        <sponsorshipDate>2013-03-04</sponsorshipDate>
        <middleName />
      </item>
      <item>
        <district>7</district>
        <fullName>Rep. Long, Billy [R-MO-7]</fullName>
        <sponsorshipWithdrawnDate />
        <bioguideId>L000576</bioguideId>
        <identifiers>
          <bioguideId>L000576</bioguideId>
          <lisID>2033</lisID>
          <gpoId>8015</gpoId>
        </identifiers>
        <party>R</party>
        <lastName>Long</lastName>
        <firstName>Billy</firstName>
        <state>MO</state>
        <isOriginalCosponsor>False</isOriginalCosponsor>
        <sponsorshipDate>2013-03-25</sponsorshipDate>
        <middleName />
      </item>
      <item>
        <district>3</district>
        <fullName>Rep. Duncan, Jeff [R-SC-3]</fullName>
        <sponsorshipWithdrawnDate />
        <bioguideId>D000615</bioguideId>
        <identifiers>
          <lisID>2057</lisID>
          <gpoId>8143</gpoId>
          <bioguideId>D000615</bioguideId>
        </identifiers>
        <party>R</party>
        <lastName>Duncan</lastName>
        <firstName>Jeff</firstName>
        <state>SC</state>
        <isOriginalCosponsor>False</isOriginalCosponsor>
        <sponsorshipDate>2013-06-26</sponsorshipDate>
        <middleName />
      </item>
    </cosponsors>
    <billNumber>27</billNumber>
    <subjects>
      <billSubjects>
        <legislativeSubjects>
          <item>
            <name>Constitution and constitutional amendments</name>
          </item>
          <item>
            <name>Health care costs and insurance</name>
          </item>
          <item>
            <name>Health care coverage and access</name>
          </item>
          <item>
            <name>Tax administration and collection, taxpayers</name>
          </item>
        </legislativeSubjects>
        <policyArea>
          <name>Taxation</name>
        </policyArea>
      </billSubjects>
    </subjects>
    <latestAction>
      <text>Referred to the Subcommittee on the Constitution And Civil Justice.</text>
      <links />
      <actionDate>2013-02-28</actionDate>
    </latestAction>
    <amendments />
    <actions>
      <actionTypeCounts>
        <introducedInTheHouse>1</introducedInTheHouse>
        <billReferrals>1</billReferrals>
        <placeholderTextForH>1</placeholderTextForH>
        <introducedInHouse>1</introducedInHouse>
      </actionTypeCounts>
      <actionByCounts>
        <houseOfRepresentatives>4</houseOfRepresentatives>
      </actionByCounts>
      <item>
        <actionDate>2013-02-28</actionDate>
        <committee>
          <name>Constitution and Civil Justice Subcommittee</name>
          <systemCode>hsju10</systemCode>
        </committee>
        <links />
        <sourceSystem>
          <name>House committee actions</name>
          <code>1</code>
        </sourceSystem>
        <text>Referred to the Subcommittee on the Constitution And Civil Justice.</text>
        <type>Committee</type>
      </item>
      <item>
        <text>Referred to the House Committee on the Judiciary.</text>
        <sourceSystem>
          <name>House floor actions</name>
          <code>2</code>
        </sourceSystem>
        <committee>
          <name>Judiciary Committee</name>
          <systemCode>hsju00</systemCode>
        </committee>
        <type>IntroReferral</type>
        <links />
        <actionCode>H11100</actionCode>
        <actionDate>2013-02-13</actionDate>
      </item>
      <item>
        <text>Introduced in House</text>
        <sourceSystem>
          <name>Library of Congress</name>
          <code>9</code>
        </sourceSystem>
        <committee />
        <type>IntroReferral</type>
        <links />
        <actionCode>Intro-H</actionCode>
        <actionDate>2013-02-13</actionDate>
      </item>
      <item>
        <text>Introduced in House</text>
        <sourceSystem>
          <name>Library of Congress</name>
          <code>9</code>
        </sourceSystem>
        <committee />
        <type>IntroReferral</type>
        <links />
        <actionCode>1000</actionCode>
        <actionDate>2013-02-13</actionDate>
      </item>
    </actions>
    <committeeReports />
    <sponsors>
      <item>
        <middleName>L.</middleName>
        <district>11</district>
        <fullName>Rep. Bentivolio, Kerry L. [R-MI-11]</fullName>
        <bioguideId>B001280</bioguideId>
        <firstName>Kerry</firstName>
        <byRequestType />
        <state>MI</state>
        <lastName>Bentivolio</lastName>
        <identifiers>
          <gpoId />
          <lisID>2135</lisID>
          <bioguideId>B001280</bioguideId>
        </identifiers>
        <party>R</party>
      </item>
    </sponsors>
    <relatedBills />
    <billType>HJRES</billType>
  </bill>
  <dublinCore xmlns:dc="http://purl.org/dc/elements/1.1/">
    <dc:format>text/xml</dc:format>
    <dc:language>EN</dc:language>
    <dc:rights>Pursuant to Title 17 Section 105 of the United States Code, this file is not subject to copyright protection and is in the public domain.</dc:rights>
    <dc:contributor>Congressional Research Service, Library of Congress</dc:contributor>
    <dc:description>This file contains bill summaries and statuses for federal legislation. A bill summary describes the most significant provisions of a piece of legislation and details the effects the legislative text may have on current law and federal programs. Bill summaries are authored by the Congressional Research Service (CRS) of the Library of Congress. As stated in Public Law 91-510 (2 USC 166 (d)(6)), one of the duties of CRS is "to prepare summaries and digests of bills and resolutions of a public general nature introduced in the Senate or House of Representatives". For more information, refer to the User Guide that accompanies this file.</dc:description>
  </dublinCore>
</billStatus>

