<?xml version="1.0" encoding="UTF-8"?>
<billStatus>
  <bill>
    <billType>HJRES</billType>
    <laws />
    <recordedVotes />
    <actions>
      <actionByCounts>
        <houseOfRepresentatives>4</houseOfRepresentatives>
      </actionByCounts>
      <item>
        <actionDate>2014-03-20</actionDate>
        <committee>
          <name>Constitution and Civil Justice Subcommittee</name>
          <systemCode>hsju10</systemCode>
        </committee>
        <links />
        <sourceSystem>
          <name>House committee actions</name>
          <code>1</code>
        </sourceSystem>
        <text>Referred to the Subcommittee on the Constitution and Civil Justice.</text>
        <type>Committee</type>
      </item>
      <item>
        <actionCode>H11100</actionCode>
        <links />
        <type>IntroReferral</type>
        <actionDate>2014-01-16</actionDate>
        <committee>
          <name>Judiciary Committee</name>
          <systemCode>hsju00</systemCode>
        </committee>
        <text>Referred to the House Committee on the Judiciary.</text>
        <sourceSystem>
          <name>House floor actions</name>
          <code>2</code>
        </sourceSystem>
      </item>
      <item>
        <actionCode>Intro-H</actionCode>
        <links />
        <type>IntroReferral</type>
        <actionDate>2014-01-16</actionDate>
        <committee />
        <text>Introduced in House</text>
        <sourceSystem>
          <name>Library of Congress</name>
          <code>9</code>
        </sourceSystem>
      </item>
      <item>
        <actionCode>1000</actionCode>
        <links />
        <type>IntroReferral</type>
        <actionDate>2014-01-16</actionDate>
        <committee />
        <text>Introduced in House</text>
        <sourceSystem>
          <name>Library of Congress</name>
          <code>9</code>
        </sourceSystem>
      </item>
      <actionTypeCounts>
        <introducedInTheHouse>1</introducedInTheHouse>
        <billReferrals>1</billReferrals>
        <introducedInHouse>1</introducedInHouse>
        <placeholderTextForH>1</placeholderTextForH>
      </actionTypeCounts>
    </actions>
    <billNumber>107</billNumber>
    <policyArea>
      <name>Government Operations and Politics</name>
    </policyArea>
    <notes />
    <latestAction>
      <actionDate>2014-03-20</actionDate>
      <links />
      <text>Referred to the Subcommittee on the Constitution and Civil Justice.</text>
    </latestAction>
    <relatedBills />
    <committees>
      <billCommittees>
        <item>
          <subcommittees>
            <item>
              <systemCode>hsju10</systemCode>
              <name>Constitution and Civil Justice Subcommittee</name>
              <activities>
                <item>
                  <name>Referred to</name>
                  <date>2014-03-20T14:33:58Z</date>
                </item>
              </activities>
            </item>
          </subcommittees>
          <type>Standing</type>
          <activities>
            <item>
              <name>Referred to</name>
              <date>2014-01-16T15:03:25Z</date>
            </item>
          </activities>
          <systemCode>hsju00</systemCode>
          <name>Judiciary Committee</name>
          <chamber>House</chamber>
        </item>
      </billCommittees>
    </committees>
    <cosponsors>
      <item>
        <fullName>Rep. Lee, Barbara [D-CA-13]</fullName>
        <firstName>BARBARA</firstName>
        <lastName>LEE</lastName>
        <identifiers>
          <gpoId>7814</gpoId>
          <lisID>1501</lisID>
          <bioguideId>L000551</bioguideId>
        </identifiers>
        <state>CA</state>
        <sponsorshipWithdrawnDate />
        <bioguideId>L000551</bioguideId>
        <district>13</district>
        <isOriginalCosponsor>True</isOriginalCosponsor>
        <middleName />
        <party>D</party>
        <sponsorshipDate>2014-01-16</sponsorshipDate>
      </item>
      <item>
        <fullName>Rep. Sarbanes, John P. [D-MD-3]</fullName>
        <firstName>John</firstName>
        <lastName>Sarbanes</lastName>
        <identifiers>
          <lisID>1854</lisID>
          <gpoId>7978</gpoId>
          <bioguideId>S001168</bioguideId>
        </identifiers>
        <state>MD</state>
        <sponsorshipWithdrawnDate />
        <bioguideId>S001168</bioguideId>
        <district>3</district>
        <isOriginalCosponsor>True</isOriginalCosponsor>
        <middleName>P.</middleName>
        <party>D</party>
        <sponsorshipDate>2014-01-16</sponsorshipDate>
      </item>
      <item>
        <fullName>Rep. Cohen, Steve [D-TN-9]</fullName>
        <firstName>Steve</firstName>
        <lastName>Cohen</lastName>
        <identifiers>
          <gpoId>8156</gpoId>
          <lisID>1878</lisID>
          <bioguideId>C001068</bioguideId>
        </identifiers>
        <state>TN</state>
        <sponsorshipWithdrawnDate />
        <bioguideId>C001068</bioguideId>
        <district>9</district>
        <isOriginalCosponsor>True</isOriginalCosponsor>
        <middleName />
        <party>D</party>
        <sponsorshipDate>2014-01-16</sponsorshipDate>
      </item>
    </cosponsors>
    <createDate>2014-01-17T07:02:01Z</createDate>
    <sponsors>
      <item>
        <fullName>Rep. Yarmuth, John A. [D-KY-3]</fullName>
        <firstName>John</firstName>
        <lastName>Yarmuth</lastName>
        <state>KY</state>
        <party>D</party>
        <district>3</district>
        <bioguideId>Y000062</bioguideId>
        <identifiers>
          <bioguideId>Y000062</bioguideId>
          <lisID>1853</lisID>
          <gpoId>7955</gpoId>
        </identifiers>
        <middleName>A.</middleName>
        <byRequestType />
      </item>
    </sponsors>
    <committeeReports />
    <updateDate>2016-10-25T15:56:36Z</updateDate>
    <introducedDate>2014-01-16</introducedDate>
    <summaries>
      <billSummaries>
        <item>
          <actionDate>2014-01-16</actionDate>
          <actionDesc>Introduced in House</actionDesc>
          <lastSummaryUpdateDate>2014-02-03T17:51:11Z</lastSummaryUpdateDate>
          <versionCode>00</versionCode>
          <updateDate>2014-01-16T05:00:00Z</updateDate>
          <name>Introduced in House</name>
          <text><![CDATA[<p>Constitutional Amendment - Denies as protected speech any financial expenditures, or in kind equivalents, with respect to a candidate for federal office, without regard to whether or not a communication expressly advocates the election or defeat of a specified candidate in the election.</p> <p>Gives Congress the power to enact a mandatory public financing system to provide funds to qualified candidates in federal elections, which shall be the sole source of funds raised or spent with respect to federal elections.</p>]]></text>
        </item>
      </billSummaries>
    </summaries>
    <title>Proposing an amendment to the Constitution of the United States relating to contributions and expenditures with respect to Federal elections.</title>
    <cboCostEstimates />
    <subjects>
      <billSubjects>
        <legislativeSubjects>
          <item>
            <name>Constitution and constitutional amendments</name>
          </item>
          <item>
            <name>Elections, voting, political campaign regulation</name>
          </item>
          <item>
            <name>First Amendment rights</name>
          </item>
          <item>
            <name>Political advertising</name>
          </item>
        </legislativeSubjects>
        <policyArea>
          <name>Government Operations and Politics</name>
        </policyArea>
      </billSubjects>
    </subjects>
    <amendments />
    <calendarNumbers />
    <congress>113</congress>
    <constitutionalAuthorityStatementText><![CDATA[<pre>By Mr. YARMUTH:H.J. Res. 107.Congress has the power to enact this legislation pursuantto the following:Article V of the Constitution.____________________[Page H1242]</pre>]]></constitutionalAuthorityStatementText>
    <titles>
      <item>
        <title>Proposing an amendment to the Constitution of the United States relating to contributions and expenditures with respect to Federal elections.</title>
        <chamberCode />
        <chamberName />
        <titleType>Official Title as Introduced</titleType>
        <parentTitleType />
      </item>
      <item>
        <title>Proposing an amendment to the Constitution of the United States relating to contributions and expenditures with respect to Federal elections.</title>
        <chamberCode />
        <chamberName />
        <titleType>Display Title</titleType>
        <parentTitleType />
      </item>
    </titles>
    <originChamber>House</originChamber>
  </bill>
  <dublinCore xmlns:dc="http://purl.org/dc/elements/1.1/">
    <dc:format>text/xml</dc:format>
    <dc:language>EN</dc:language>
    <dc:rights>Pursuant to Title 17 Section 105 of the United States Code, this file is not subject to copyright protection and is in the public domain.</dc:rights>
    <dc:contributor>Congressional Research Service, Library of Congress</dc:contributor>
    <dc:description>This file contains bill summaries and statuses for federal legislation. A bill summary describes the most significant provisions of a piece of legislation and details the effects the legislative text may have on current law and federal programs. Bill summaries are authored by the Congressional Research Service (CRS) of the Library of Congress. As stated in Public Law 91-510 (2 USC 166 (d)(6)), one of the duties of CRS is "to prepare summaries and digests of bills and resolutions of a public general nature introduced in the Senate or House of Representatives". For more information, refer to the User Guide that accompanies this file.</dc:description>
  </dublinCore>
</billStatus>

