<?xml version="1.0" encoding="UTF-8"?>
<billStatus>
  <bill>
    <latestAction>
      <text>Referred to the Subcommittee on the Constitution And Civil Justice.</text>
      <links />
      <actionDate>2013-04-08</actionDate>
    </latestAction>
    <policyArea>
      <name>Congress</name>
    </policyArea>
    <amendments />
    <relatedBills />
    <billNumber>33</billNumber>
    <updateDate>2016-10-25T15:56:14Z</updateDate>
    <cboCostEstimates />
    <sponsors>
      <item>
        <fullName>Rep. Barrow, John [D-GA-12]</fullName>
        <firstName>John</firstName>
        <district>12</district>
        <lastName>Barrow</lastName>
        <byRequestType />
        <identifiers>
          <bioguideId>B001252</bioguideId>
          <gpoId>7909</gpoId>
          <lisID>1780</lisID>
        </identifiers>
        <middleName />
        <party>D</party>
        <state>GA</state>
        <bioguideId>B001252</bioguideId>
      </item>
    </sponsors>
    <notes />
    <originChamber>House</originChamber>
    <subjects>
      <billSubjects>
        <legislativeSubjects>
          <item>
            <name>Congressional elections</name>
          </item>
          <item>
            <name>Constitution and constitutional amendments</name>
          </item>
          <item>
            <name>Government employee pay, benefits, personnel management</name>
          </item>
          <item>
            <name>Members of Congress</name>
          </item>
        </legislativeSubjects>
        <policyArea>
          <name>Congress</name>
        </policyArea>
      </billSubjects>
    </subjects>
    <cosponsors>
      <item>
        <isOriginalCosponsor>False</isOriginalCosponsor>
        <fullName>Rep. Loebsack, David [D-IA-2]</fullName>
        <firstName>David</firstName>
        <identifiers>
          <bioguideId>L000565</bioguideId>
          <gpoId>7915</gpoId>
          <lisID>1846</lisID>
        </identifiers>
        <state>IA</state>
        <middleName />
        <lastName>Loebsack</lastName>
        <bioguideId>L000565</bioguideId>
        <sponsorshipDate>2013-03-14</sponsorshipDate>
        <district>2</district>
        <sponsorshipWithdrawnDate />
        <party>D</party>
      </item>
      <item>
        <isOriginalCosponsor>False</isOriginalCosponsor>
        <fullName>Rep. Maffei, Daniel B. [D-NY-24]</fullName>
        <firstName>Daniel</firstName>
        <identifiers>
          <gpoId>7506</gpoId>
          <lisID>1943</lisID>
          <bioguideId>M001171</bioguideId>
        </identifiers>
        <state>NY</state>
        <middleName>B.</middleName>
        <lastName>Maffei</lastName>
        <bioguideId>M001171</bioguideId>
        <sponsorshipDate>2013-03-14</sponsorshipDate>
        <district>24</district>
        <sponsorshipWithdrawnDate />
        <party>D</party>
      </item>
      <item>
        <isOriginalCosponsor>False</isOriginalCosponsor>
        <fullName>Rep. Israel, Steve [D-NY-3]</fullName>
        <firstName>STEVE</firstName>
        <identifiers>
          <lisID>1663</lisID>
          <gpoId>8063</gpoId>
          <bioguideId>I000057</bioguideId>
        </identifiers>
        <state>NY</state>
        <middleName />
        <lastName>ISRAEL</lastName>
        <bioguideId>I000057</bioguideId>
        <sponsorshipDate>2013-03-14</sponsorshipDate>
        <district>3</district>
        <sponsorshipWithdrawnDate />
        <party>D</party>
      </item>
    </cosponsors>
    <constitutionalAuthorityStatementText><![CDATA[<pre>By Mr. BARROW of Georgia:H.J. Res. 33.Congress has the power to enact this legislation pursuantto the following:Article V of the United States Constitution provides foramendments to the United States Constitution.____________________[Page H1322]</pre>]]></constitutionalAuthorityStatementText>
    <calendarNumbers />
    <committeeReports />
    <billType>HJRES</billType>
    <title>Proposing an amendment to the Constitution of the United States to prohibit a law increasing the compensation for the services of the Senators and Representatives from taking effect until an election of Representatives has intervened, and to permit a law otherwise varying such compensation to take effect upon enactment.</title>
    <introducedDate>2013-03-06</introducedDate>
    <actions>
      <actionByCounts>
        <houseOfRepresentatives>4</houseOfRepresentatives>
      </actionByCounts>
      <item>
        <actionDate>2013-04-08</actionDate>
        <committee>
          <name>Constitution and Civil Justice Subcommittee</name>
          <systemCode>hsju10</systemCode>
        </committee>
        <links />
        <sourceSystem>
          <name>House committee actions</name>
          <code>1</code>
        </sourceSystem>
        <text>Referred to the Subcommittee on the Constitution And Civil Justice.</text>
        <type>Committee</type>
      </item>
      <item>
        <actionDate>2013-03-06</actionDate>
        <actionCode>H11100</actionCode>
        <sourceSystem>
          <name>House floor actions</name>
          <code>2</code>
        </sourceSystem>
        <links />
        <committee>
          <name>Judiciary Committee</name>
          <systemCode>hsju00</systemCode>
        </committee>
        <text>Referred to the House Committee on the Judiciary.</text>
        <type>IntroReferral</type>
      </item>
      <item>
        <actionDate>2013-03-06</actionDate>
        <actionCode>Intro-H</actionCode>
        <sourceSystem>
          <name>Library of Congress</name>
          <code>9</code>
        </sourceSystem>
        <links />
        <committee />
        <text>Introduced in House</text>
        <type>IntroReferral</type>
      </item>
      <item>
        <actionDate>2013-03-06</actionDate>
        <actionCode>1000</actionCode>
        <sourceSystem>
          <name>Library of Congress</name>
          <code>9</code>
        </sourceSystem>
        <links />
        <committee />
        <text>Introduced in House</text>
        <type>IntroReferral</type>
      </item>
      <actionTypeCounts>
        <introducedInHouse>1</introducedInHouse>
        <placeholderTextForH>1</placeholderTextForH>
        <billReferrals>1</billReferrals>
        <introducedInTheHouse>1</introducedInTheHouse>
      </actionTypeCounts>
    </actions>
    <congress>113</congress>
    <summaries>
      <billSummaries>
        <item>
          <text><![CDATA[<p>Constitutional Amendment - Prohibits any law increasing the compensation for the services of the Senators and Representatives from taking effect until an election of Representatives has intervened.</p> <p>Repeals the twenty-seventh amendment to the Constitution. </p>]]></text>
          <versionCode>00</versionCode>
          <actionDesc>Introduced in House</actionDesc>
          <lastSummaryUpdateDate>2013-03-22T21:27:08Z</lastSummaryUpdateDate>
          <updateDate>2013-03-06T05:00:00Z</updateDate>
          <actionDate>2013-03-06</actionDate>
          <name>Introduced in House</name>
        </item>
      </billSummaries>
    </summaries>
    <laws />
    <createDate>2013-03-07T07:01:11Z</createDate>
    <titles>
      <item>
        <title>Proposing an amendment to the Constitution of the United States to prohibit a law increasing the compensation for the services of the Senators and Representatives from taking effect until an election of Representatives has intervened, and to permit a law otherwise varying such compensation to take effect upon enactment.</title>
        <parentTitleType />
        <titleType>Official Title as Introduced</titleType>
        <chamberCode />
        <chamberName />
      </item>
      <item>
        <title>Proposing an amendment to the Constitution of the United States to prohibit a law increasing the compensation for the services of the Senators and Representatives from taking effect until an election of Representatives has intervened, and to permit a law otherwise varying such compensation to take effect upon enactment.</title>
        <parentTitleType />
        <titleType>Display Title</titleType>
        <chamberCode />
        <chamberName />
      </item>
    </titles>
    <recordedVotes />
    <committees>
      <billCommittees>
        <item>
          <activities>
            <item>
              <name>Referred to</name>
              <date>2013-03-06T15:02:20Z</date>
            </item>
          </activities>
          <name>Judiciary Committee</name>
          <subcommittees>
            <item>
              <activities>
                <item>
                  <name>Referred to</name>
                  <date>2013-04-08T20:49:15Z</date>
                </item>
              </activities>
              <name>Constitution and Civil Justice Subcommittee</name>
              <systemCode>hsju10</systemCode>
            </item>
          </subcommittees>
          <chamber>House</chamber>
          <type>Standing</type>
          <systemCode>hsju00</systemCode>
        </item>
      </billCommittees>
    </committees>
  </bill>
  <dublinCore xmlns:dc="http://purl.org/dc/elements/1.1/">
    <dc:format>text/xml</dc:format>
    <dc:language>EN</dc:language>
    <dc:rights>Pursuant to Title 17 Section 105 of the United States Code, this file is not subject to copyright protection and is in the public domain.</dc:rights>
    <dc:contributor>Congressional Research Service, Library of Congress</dc:contributor>
    <dc:description>This file contains bill summaries and statuses for federal legislation. A bill summary describes the most significant provisions of a piece of legislation and details the effects the legislative text may have on current law and federal programs. Bill summaries are authored by the Congressional Research Service (CRS) of the Library of Congress. As stated in Public Law 91-510 (2 USC 166 (d)(6)), one of the duties of CRS is "to prepare summaries and digests of bills and resolutions of a public general nature introduced in the Senate or House of Representatives". For more information, refer to the User Guide that accompanies this file.</dc:description>
  </dublinCore>
</billStatus>

