<?xml version="1.0" encoding="UTF-8"?>
<billStatus>
  <bill>
    <committeeReports />
    <originChamber>House</originChamber>
    <titles>
      <item>
        <title>Proposing an amendment to the Constitution of the United States to control entitlement spending.</title>
        <chamberName />
        <chamberCode />
        <titleType>Official Title as Introduced</titleType>
        <parentTitleType />
      </item>
      <item>
        <title>Proposing an amendment to the Constitution of the United States to control entitlement spending.</title>
        <chamberName />
        <chamberCode />
        <titleType>Display Title</titleType>
        <parentTitleType />
      </item>
    </titles>
    <sponsors>
      <item>
        <state>AR</state>
        <byRequestType />
        <fullName>Rep. Crawford, Eric A. "Rick" [R-AR-1]</fullName>
        <lastName>Crawford</lastName>
        <identifiers>
          <bioguideId>C001087</bioguideId>
          <lisID>1989</lisID>
          <gpoId>7793</gpoId>
        </identifiers>
        <middleName>A. "Rick"</middleName>
        <bioguideId>C001087</bioguideId>
        <district>1</district>
        <party>R</party>
        <firstName>Eric</firstName>
      </item>
    </sponsors>
    <billNumber>126</billNumber>
    <recordedVotes />
    <latestAction>
      <links />
      <text>Referred to the Subcommittee on the Constitution and Civil Justice.</text>
      <actionDate>2014-10-28</actionDate>
    </latestAction>
    <laws />
    <title>Proposing an amendment to the Constitution of the United States to control entitlement spending.</title>
    <billType>HJRES</billType>
    <introducedDate>2014-09-18</introducedDate>
    <updateDate>2016-10-25T15:56:39Z</updateDate>
    <calendarNumbers />
    <amendments />
    <cboCostEstimates />
    <policyArea>
      <name>Economics and Public Finance</name>
    </policyArea>
    <createDate>2014-09-19T10:01:43Z</createDate>
    <notes />
    <constitutionalAuthorityStatementText><![CDATA[<pre>By Mr. CRAWFORD:H.J. Res. 126.Congress has the power to enact this legislation pursuantto the following:Congress has the power to enact this legislation pursuantto Article V of the United States Constitution[Page H7892]</pre>]]></constitutionalAuthorityStatementText>
    <committees>
      <billCommittees>
        <item>
          <subcommittees>
            <item>
              <systemCode>hsju10</systemCode>
              <activities>
                <item>
                  <date>2014-10-28T14:14:19Z</date>
                  <name>Referred to</name>
                </item>
              </activities>
              <name>Constitution and Civil Justice Subcommittee</name>
            </item>
          </subcommittees>
          <chamber>House</chamber>
          <systemCode>hsju00</systemCode>
          <activities>
            <item>
              <date>2014-09-18T13:10:40Z</date>
              <name>Referred to</name>
            </item>
          </activities>
          <type>Standing</type>
          <name>Judiciary Committee</name>
        </item>
      </billCommittees>
    </committees>
    <cosponsors>
      <item>
        <fullName>Rep. Griffin, Tim [R-AR-2]</fullName>
        <lastName>Griffin</lastName>
        <bioguideId>G000567</bioguideId>
        <party>R</party>
        <district>2</district>
        <sponsorshipWithdrawnDate />
        <state>AR</state>
        <isOriginalCosponsor>True</isOriginalCosponsor>
        <sponsorshipDate>2014-09-18</sponsorshipDate>
        <middleName />
        <firstName>Tim</firstName>
        <identifiers>
          <lisID>1990</lisID>
          <gpoId>7794</gpoId>
          <bioguideId>G000567</bioguideId>
        </identifiers>
      </item>
      <item>
        <fullName>Rep. Meadows, Mark [R-NC-11]</fullName>
        <lastName>Meadows</lastName>
        <bioguideId>M001187</bioguideId>
        <party>R</party>
        <district>11</district>
        <sponsorshipWithdrawnDate />
        <state>NC</state>
        <isOriginalCosponsor>True</isOriginalCosponsor>
        <sponsorshipDate>2014-09-18</sponsorshipDate>
        <middleName />
        <firstName>Mark</firstName>
        <identifiers>
          <lisID>2142</lisID>
          <gpoId />
          <bioguideId>M001187</bioguideId>
        </identifiers>
      </item>
      <item>
        <fullName>Rep. Cotton, Tom [R-AR-4]</fullName>
        <lastName>Cotton</lastName>
        <bioguideId>C001095</bioguideId>
        <party>R</party>
        <district>4</district>
        <sponsorshipWithdrawnDate />
        <state>AR</state>
        <isOriginalCosponsor>True</isOriginalCosponsor>
        <sponsorshipDate>2014-09-18</sponsorshipDate>
        <middleName />
        <firstName>Tom</firstName>
        <identifiers>
          <gpoId />
          <lisID>2098</lisID>
          <bioguideId>C001095</bioguideId>
        </identifiers>
      </item>
      <item>
        <fullName>Rep. Scalise, Steve [R-LA-1]</fullName>
        <lastName>Scalise</lastName>
        <bioguideId>S001176</bioguideId>
        <party>R</party>
        <district>1</district>
        <sponsorshipWithdrawnDate />
        <state>LA</state>
        <isOriginalCosponsor>True</isOriginalCosponsor>
        <sponsorshipDate>2014-09-18</sponsorshipDate>
        <middleName />
        <firstName>Steve</firstName>
        <identifiers>
          <lisID>1892</lisID>
          <gpoId>7959</gpoId>
          <bioguideId>S001176</bioguideId>
        </identifiers>
      </item>
      <item>
        <fullName>Rep. Noem, Kristi L. [R-SD-At Large]</fullName>
        <lastName>Noem</lastName>
        <bioguideId>N000184</bioguideId>
        <party>R</party>
        <district>0</district>
        <sponsorshipWithdrawnDate />
        <state>SD</state>
        <isOriginalCosponsor>True</isOriginalCosponsor>
        <sponsorshipDate>2014-09-18</sponsorshipDate>
        <middleName>L.</middleName>
        <firstName>Kristi</firstName>
        <identifiers>
          <gpoId>8147</gpoId>
          <lisID>2060</lisID>
          <bioguideId>N000184</bioguideId>
        </identifiers>
      </item>
      <item>
        <fullName>Rep. Graves, Tom [R-GA-14]</fullName>
        <lastName>Graves</lastName>
        <bioguideId>G000560</bioguideId>
        <party>R</party>
        <district>14</district>
        <sponsorshipWithdrawnDate />
        <state>GA</state>
        <isOriginalCosponsor>True</isOriginalCosponsor>
        <sponsorshipDate>2014-09-18</sponsorshipDate>
        <middleName />
        <firstName>Tom</firstName>
        <identifiers>
          <gpoId>7906</gpoId>
          <lisID>1979</lisID>
          <bioguideId>G000560</bioguideId>
        </identifiers>
      </item>
      <item>
        <fullName>Rep. Davis, Rodney [R-IL-13]</fullName>
        <lastName>Davis</lastName>
        <bioguideId>D000619</bioguideId>
        <party>R</party>
        <district>13</district>
        <sponsorshipWithdrawnDate />
        <state>IL</state>
        <isOriginalCosponsor>True</isOriginalCosponsor>
        <sponsorshipDate>2014-09-18</sponsorshipDate>
        <middleName />
        <firstName>Rodney</firstName>
        <identifiers>
          <gpoId />
          <lisID>2126</lisID>
          <bioguideId>D000619</bioguideId>
        </identifiers>
      </item>
      <item>
        <fullName>Rep. Harris, Andy [R-MD-1]</fullName>
        <lastName>Harris</lastName>
        <bioguideId>H001052</bioguideId>
        <party>R</party>
        <district>1</district>
        <sponsorshipWithdrawnDate />
        <state>MD</state>
        <isOriginalCosponsor>True</isOriginalCosponsor>
        <sponsorshipDate>2014-09-18</sponsorshipDate>
        <middleName />
        <firstName>Andy</firstName>
        <identifiers>
          <lisID>2026</lisID>
          <gpoId>7976</gpoId>
          <bioguideId>H001052</bioguideId>
        </identifiers>
      </item>
      <item>
        <fullName>Rep. Collins, Chris [R-NY-27]</fullName>
        <lastName>Collins</lastName>
        <bioguideId>C001092</bioguideId>
        <party>R</party>
        <district>27</district>
        <sponsorshipWithdrawnDate />
        <state>NY</state>
        <isOriginalCosponsor>True</isOriginalCosponsor>
        <sponsorshipDate>2014-09-18</sponsorshipDate>
        <middleName />
        <firstName>Chris</firstName>
        <identifiers>
          <lisID>2151</lisID>
          <bioguideId>C001092</bioguideId>
          <gpoId />
        </identifiers>
      </item>
      <item>
        <fullName>Rep. Mulvaney, Mick [R-SC-5]</fullName>
        <lastName>Mulvaney</lastName>
        <bioguideId>M001182</bioguideId>
        <party>R</party>
        <district>5</district>
        <sponsorshipWithdrawnDate />
        <state>SC</state>
        <isOriginalCosponsor>True</isOriginalCosponsor>
        <sponsorshipDate>2014-09-18</sponsorshipDate>
        <middleName />
        <firstName>Mick</firstName>
        <identifiers>
          <lisID>2059</lisID>
          <gpoId>8145</gpoId>
          <bioguideId>M001182</bioguideId>
        </identifiers>
      </item>
      <item>
        <fullName>Rep. Ross, Dennis A. [R-FL-15]</fullName>
        <lastName>Ross</lastName>
        <bioguideId>R000593</bioguideId>
        <party>R</party>
        <district>15</district>
        <sponsorshipWithdrawnDate />
        <state>FL</state>
        <isOriginalCosponsor>True</isOriginalCosponsor>
        <sponsorshipDate>2014-09-18</sponsorshipDate>
        <middleName>A.</middleName>
        <firstName>Dennis</firstName>
        <identifiers>
          <lisID>2003</lisID>
          <bioguideId>R000593</bioguideId>
          <gpoId>7884</gpoId>
        </identifiers>
      </item>
      <item>
        <fullName>Rep. Schock, Aaron [R-IL-18]</fullName>
        <lastName>Schock</lastName>
        <bioguideId>S001179</bioguideId>
        <party>R</party>
        <district>18</district>
        <sponsorshipWithdrawnDate />
        <state>IL</state>
        <isOriginalCosponsor>True</isOriginalCosponsor>
        <sponsorshipDate>2014-09-18</sponsorshipDate>
        <middleName />
        <firstName>Aaron</firstName>
        <identifiers>
          <bioguideId>S001179</bioguideId>
          <lisID>1920</lisID>
          <gpoId>7938</gpoId>
        </identifiers>
      </item>
      <item>
        <fullName>Rep. Wagner, Ann [R-MO-2]</fullName>
        <lastName>Wagner</lastName>
        <bioguideId>W000812</bioguideId>
        <party>R</party>
        <district>2</district>
        <sponsorshipWithdrawnDate />
        <state>MO</state>
        <isOriginalCosponsor>True</isOriginalCosponsor>
        <sponsorshipDate>2014-09-18</sponsorshipDate>
        <middleName />
        <firstName>Ann</firstName>
        <identifiers>
          <bioguideId>W000812</bioguideId>
          <lisID>2137</lisID>
          <gpoId />
        </identifiers>
      </item>
      <item>
        <fullName>Rep. McHenry, Patrick T. [R-NC-10]</fullName>
        <lastName>McHenry</lastName>
        <bioguideId>M001156</bioguideId>
        <party>R</party>
        <district>10</district>
        <sponsorshipWithdrawnDate />
        <state>NC</state>
        <isOriginalCosponsor>True</isOriginalCosponsor>
        <sponsorshipDate>2014-09-18</sponsorshipDate>
        <middleName />
        <firstName>Patrick</firstName>
        <identifiers>
          <lisID>1792</lisID>
          <gpoId>8033</gpoId>
          <bioguideId>M001156</bioguideId>
        </identifiers>
      </item>
      <item>
        <fullName>Rep. Calvert, Ken [R-CA-42]</fullName>
        <lastName>CALVERT</lastName>
        <bioguideId>C000059</bioguideId>
        <party>R</party>
        <district>42</district>
        <sponsorshipWithdrawnDate />
        <state>CA</state>
        <isOriginalCosponsor>True</isOriginalCosponsor>
        <sponsorshipDate>2014-09-18</sponsorshipDate>
        <middleName />
        <firstName>KEN</firstName>
        <identifiers>
          <lisID>165</lisID>
          <gpoId>7849</gpoId>
          <bioguideId>C000059</bioguideId>
        </identifiers>
      </item>
      <item>
        <fullName>Rep. Cramer, Kevin [R-ND-At Large]</fullName>
        <lastName>Cramer</lastName>
        <bioguideId>C001096</bioguideId>
        <party>R</party>
        <district>0</district>
        <sponsorshipWithdrawnDate />
        <state>ND</state>
        <isOriginalCosponsor>True</isOriginalCosponsor>
        <sponsorshipDate>2014-09-18</sponsorshipDate>
        <middleName />
        <firstName>Kevin</firstName>
        <identifiers>
          <lisID>2144</lisID>
          <gpoId />
          <bioguideId>C001096</bioguideId>
        </identifiers>
      </item>
      <item>
        <fullName>Rep. Culberson, John Abney [R-TX-7]</fullName>
        <lastName>CULBERSON</lastName>
        <bioguideId>C001048</bioguideId>
        <party>R</party>
        <district>7</district>
        <sponsorshipWithdrawnDate />
        <state>TX</state>
        <isOriginalCosponsor>True</isOriginalCosponsor>
        <sponsorshipDate>2014-09-18</sponsorshipDate>
        <middleName>ABNEY</middleName>
        <firstName>JOHN</firstName>
        <identifiers>
          <bioguideId>C001048</bioguideId>
          <lisID>1670</lisID>
          <gpoId>8163</gpoId>
        </identifiers>
      </item>
      <item>
        <fullName>Rep. Aderholt, Robert B. [R-AL-4]</fullName>
        <lastName>ADERHOLT</lastName>
        <bioguideId>A000055</bioguideId>
        <party>R</party>
        <district>4</district>
        <sponsorshipWithdrawnDate />
        <state>AL</state>
        <isOriginalCosponsor>True</isOriginalCosponsor>
        <sponsorshipDate>2014-09-18</sponsorshipDate>
        <middleName>B.</middleName>
        <firstName>ROBERT</firstName>
        <identifiers>
          <gpoId>7789</gpoId>
          <lisID>1460</lisID>
          <bioguideId>A000055</bioguideId>
        </identifiers>
      </item>
      <item>
        <fullName>Rep. Yoder, Kevin [R-KS-3]</fullName>
        <lastName>Yoder</lastName>
        <bioguideId>Y000063</bioguideId>
        <party>R</party>
        <district>3</district>
        <sponsorshipWithdrawnDate />
        <state>KS</state>
        <isOriginalCosponsor>True</isOriginalCosponsor>
        <sponsorshipDate>2014-09-18</sponsorshipDate>
        <middleName />
        <firstName>Kevin</firstName>
        <identifiers>
          <bioguideId>Y000063</bioguideId>
          <lisID>2021</lisID>
          <gpoId>7951</gpoId>
        </identifiers>
      </item>
      <item>
        <fullName>Rep. Flores, Bill [R-TX-17]</fullName>
        <lastName>Flores</lastName>
        <bioguideId>F000461</bioguideId>
        <party>R</party>
        <district>17</district>
        <sponsorshipWithdrawnDate />
        <state>TX</state>
        <isOriginalCosponsor>False</isOriginalCosponsor>
        <sponsorshipDate>2014-11-19</sponsorshipDate>
        <middleName />
        <firstName>Bill</firstName>
        <identifiers>
          <lisID>2065</lisID>
          <gpoId>8173</gpoId>
          <bioguideId>F000461</bioguideId>
        </identifiers>
      </item>
    </cosponsors>
    <congress>113</congress>
    <relatedBills />
    <summaries>
      <billSummaries>
        <item>
          <updateDate>2014-09-18T04:00:00Z</updateDate>
          <versionCode>00</versionCode>
          <lastSummaryUpdateDate>2014-09-22T19:15:01Z</lastSummaryUpdateDate>
          <name>Introduced in House</name>
          <actionDate>2014-09-18</actionDate>
          <actionDesc>Introduced in House</actionDesc>
          <text><![CDATA[<p>Constitutional Amendment - Prohibits a bill that increases entitlement spending or creates a new entitlement program from becoming law unless it: (1) is approved by a two-thirds majority of each house of Congress, or (2) provides that the increase or program shall terminate after not more than seven years. </p> <p>Prohibits a bill that increases entitlement spending or creates a new entitlement program from becoming law unless it is spending neutral or creates net savings to the government. Requires the President to implement and Congress to prescribe spending reductions if the law is not spending neutral or does not create net savings when averaged over the previous two fiscal years. </p>]]></text>
        </item>
      </billSummaries>
    </summaries>
    <actions>
      <actionTypeCounts>
        <introducedInTheHouse>1</introducedInTheHouse>
        <billReferrals>1</billReferrals>
        <placeholderTextForH>1</placeholderTextForH>
        <introducedInHouse>1</introducedInHouse>
      </actionTypeCounts>
      <actionByCounts>
        <houseOfRepresentatives>4</houseOfRepresentatives>
      </actionByCounts>
      <item>
        <actionDate>2014-10-28</actionDate>
        <committee>
          <name>Constitution and Civil Justice Subcommittee</name>
          <systemCode>hsju10</systemCode>
        </committee>
        <links />
        <sourceSystem>
          <name>House committee actions</name>
          <code>1</code>
        </sourceSystem>
        <text>Referred to the Subcommittee on the Constitution and Civil Justice.</text>
        <type>Committee</type>
      </item>
      <item>
        <text>Referred to the House Committee on the Judiciary.</text>
        <sourceSystem>
          <name>House floor actions</name>
          <code>2</code>
        </sourceSystem>
        <committee>
          <name>Judiciary Committee</name>
          <systemCode>hsju00</systemCode>
        </committee>
        <type>IntroReferral</type>
        <links />
        <actionCode>H11100</actionCode>
        <actionDate>2014-09-18</actionDate>
      </item>
      <item>
        <text>Introduced in House</text>
        <sourceSystem>
          <name>Library of Congress</name>
          <code>9</code>
        </sourceSystem>
        <committee />
        <type>IntroReferral</type>
        <links />
        <actionCode>Intro-H</actionCode>
        <actionDate>2014-09-18</actionDate>
      </item>
      <item>
        <text>Introduced in House</text>
        <sourceSystem>
          <name>Library of Congress</name>
          <code>9</code>
        </sourceSystem>
        <committee />
        <type>IntroReferral</type>
        <links />
        <actionCode>1000</actionCode>
        <actionDate>2014-09-18</actionDate>
      </item>
    </actions>
    <subjects>
      <billSubjects>
        <policyArea>
          <name>Economics and Public Finance</name>
        </policyArea>
        <legislativeSubjects>
          <item>
            <name>Budget deficits and national debt</name>
          </item>
          <item>
            <name>Budget process</name>
          </item>
          <item>
            <name>Constitution and constitutional amendments</name>
          </item>
          <item>
            <name>Legislative rules and procedure</name>
          </item>
          <item>
            <name>Medicaid</name>
          </item>
          <item>
            <name>Medicare</name>
          </item>
          <item>
            <name>Poverty and welfare assistance</name>
          </item>
          <item>
            <name>Social security and elderly assistance</name>
          </item>
        </legislativeSubjects>
      </billSubjects>
    </subjects>
  </bill>
  <dublinCore xmlns:dc="http://purl.org/dc/elements/1.1/">
    <dc:format>text/xml</dc:format>
    <dc:language>EN</dc:language>
    <dc:rights>Pursuant to Title 17 Section 105 of the United States Code, this file is not subject to copyright protection and is in the public domain.</dc:rights>
    <dc:contributor>Congressional Research Service, Library of Congress</dc:contributor>
    <dc:description>This file contains bill summaries and statuses for federal legislation. A bill summary describes the most significant provisions of a piece of legislation and details the effects the legislative text may have on current law and federal programs. Bill summaries are authored by the Congressional Research Service (CRS) of the Library of Congress. As stated in Public Law 91-510 (2 USC 166 (d)(6)), one of the duties of CRS is "to prepare summaries and digests of bills and resolutions of a public general nature introduced in the Senate or House of Representatives". For more information, refer to the User Guide that accompanies this file.</dc:description>
  </dublinCore>
</billStatus>

