<?xml version="1.0" encoding="UTF-8"?>
<billStatus>
  <bill>
    <billType>HJRES</billType>
    <policyArea>
      <name>Congress</name>
    </policyArea>
    <recordedVotes />
    <summaries>
      <billSummaries>
        <item>
          <lastSummaryUpdateDate>2013-11-05T17:27:25Z</lastSummaryUpdateDate>
          <actionDate>2013-10-30</actionDate>
          <actionDesc>Introduced in House</actionDesc>
          <updateDate>2013-10-30T04:00:00Z</updateDate>
          <text><![CDATA[<p>Constitutional Amendment - Prohibits a person from serving more than two consecutive terms as a Senator or six consecutive terms as a Representative. </p>]]></text>
          <name>Introduced in House</name>
          <versionCode>00</versionCode>
        </item>
      </billSummaries>
    </summaries>
    <actions>
      <item>
        <actionDate>2014-01-09</actionDate>
        <committee>
          <systemCode>hsju10</systemCode>
          <name>Constitution and Civil Justice Subcommittee</name>
        </committee>
        <links />
        <sourceSystem>
          <code>1</code>
          <name>House committee actions</name>
        </sourceSystem>
        <text>Referred to the Subcommittee on the Constitution and Civil Justice.</text>
        <type>Committee</type>
      </item>
      <item>
        <sourceSystem>
          <code>2</code>
          <name>House floor actions</name>
        </sourceSystem>
        <actionDate>2013-10-30</actionDate>
        <links />
        <committee>
          <systemCode>hsju00</systemCode>
          <name>Judiciary Committee</name>
        </committee>
        <text>Referred to the House Committee on Judiciary.</text>
        <type>IntroReferral</type>
        <actionCode>H11100</actionCode>
      </item>
      <item>
        <sourceSystem>
          <code>9</code>
          <name>Library of Congress</name>
        </sourceSystem>
        <actionDate>2013-10-30</actionDate>
        <links />
        <committee />
        <text>Introduced in House</text>
        <type>IntroReferral</type>
        <actionCode>Intro-H</actionCode>
      </item>
      <item>
        <sourceSystem>
          <code>9</code>
          <name>Library of Congress</name>
        </sourceSystem>
        <actionDate>2013-10-30</actionDate>
        <links />
        <committee />
        <text>Introduced in House</text>
        <type>IntroReferral</type>
        <actionCode>1000</actionCode>
      </item>
      <actionTypeCounts>
        <introducedInHouse>1</introducedInHouse>
        <placeholderTextForH>1</placeholderTextForH>
        <billReferrals>1</billReferrals>
        <introducedInTheHouse>1</introducedInTheHouse>
      </actionTypeCounts>
      <actionByCounts>
        <houseOfRepresentatives>4</houseOfRepresentatives>
      </actionByCounts>
    </actions>
    <updateDate>2016-10-25T15:56:35Z</updateDate>
    <amendments />
    <introducedDate>2013-10-30</introducedDate>
    <originChamber>House</originChamber>
    <billNumber>101</billNumber>
    <relatedBills>
      <item>
        <latestAction>
          <actionDate>2013-02-28</actionDate>
          <text>Referred to the Subcommittee on the Constitution And Civil Justice.</text>
        </latestAction>
        <type>HJRES</type>
        <congress>113</congress>
        <latestTitle>Proposing an amendment to the Constitution of the United States to limit the number of consecutive terms that a Member of Congress may serve.</latestTitle>
        <number>22</number>
        <relationshipDetails>
          <item>
            <identifiedBy>CRS</identifiedBy>
            <type>Related bill</type>
          </item>
        </relationshipDetails>
      </item>
      <item>
        <latestAction>
          <actionDate>2013-01-25</actionDate>
          <text>Referred to the House Committee on the Judiciary.</text>
        </latestAction>
        <type>HJRES</type>
        <congress>113</congress>
        <latestTitle>Proposing an amendment to the Constitution of the United States to limit the number of consecutive terms that a Member of Congress may serve.</latestTitle>
        <number>23</number>
        <relationshipDetails>
          <item>
            <identifiedBy>CRS</identifiedBy>
            <type>Related bill</type>
          </item>
        </relationshipDetails>
      </item>
      <item>
        <latestAction>
          <actionDate>2013-04-08</actionDate>
          <text>Referred to the Subcommittee on the Constitution And Civil Justice.</text>
        </latestAction>
        <type>HJRES</type>
        <congress>113</congress>
        <latestTitle>Proposing an amendment to the Constitution of the United States limiting the number of times Senators and Representatives may be elected.</latestTitle>
        <number>37</number>
        <relationshipDetails>
          <item>
            <identifiedBy>CRS</identifiedBy>
            <type>Related bill</type>
          </item>
        </relationshipDetails>
      </item>
      <item>
        <latestAction>
          <actionDate>2013-04-30</actionDate>
          <text>Referred to the Subcommittee on the Constitution and Civil Justice.</text>
        </latestAction>
        <type>HJRES</type>
        <congress>113</congress>
        <latestTitle>Proposing an amendment to the Constitution of the United States relative to limiting the number of terms that a Member of Congress may serve.</latestTitle>
        <number>41</number>
        <relationshipDetails>
          <item>
            <identifiedBy>CRS</identifiedBy>
            <type>Related bill</type>
          </item>
        </relationshipDetails>
      </item>
      <item>
        <latestAction>
          <actionDate>2013-06-14</actionDate>
          <text>Referred to the Subcommittee on the Constitution and Civil Justice.</text>
        </latestAction>
        <type>HJRES</type>
        <congress>113</congress>
        <latestTitle>Proposing an amendment to the Constitution of the United States to limit the number of consecutive terms that a Member of Congress may serve.</latestTitle>
        <number>48</number>
        <relationshipDetails>
          <item>
            <identifiedBy>CRS</identifiedBy>
            <type>Related bill</type>
          </item>
        </relationshipDetails>
      </item>
      <item>
        <latestAction>
          <actionDate>2013-01-23</actionDate>
          <text>Read twice and referred to the Committee on the Judiciary.</text>
        </latestAction>
        <type>SJRES</type>
        <congress>113</congress>
        <latestTitle>A joint resolution proposing an amendment to the Constitution of the United States relative to limiting the number of terms that a Member of Congress may serve.</latestTitle>
        <number>2</number>
        <relationshipDetails>
          <item>
            <identifiedBy>CRS</identifiedBy>
            <type>Related bill</type>
          </item>
        </relationshipDetails>
      </item>
      <item>
        <latestAction>
          <actionDate>2013-02-28</actionDate>
          <text>Referred to the Subcommittee on the Constitution And Civil Justice.</text>
        </latestAction>
        <type>HJRES</type>
        <congress>113</congress>
        <latestTitle>Proposing an amendment to the Constitution of the United States to limit the number of consecutive terms that a Member of Congress may serve.</latestTitle>
        <number>26</number>
        <relationshipDetails>
          <item>
            <identifiedBy>CRS</identifiedBy>
            <type>Identical bill</type>
          </item>
        </relationshipDetails>
      </item>
      <item>
        <latestAction>
          <actionDate>2014-03-20</actionDate>
          <text>Referred to the Subcommittee on the Constitution and Civil Justice.</text>
        </latestAction>
        <type>HJRES</type>
        <congress>113</congress>
        <latestTitle>Proposing an amendment to the Constitution of the United States to limit the number of terms that a Member of Congress may serve.</latestTitle>
        <number>108</number>
        <relationshipDetails>
          <item>
            <identifiedBy>CRS</identifiedBy>
            <type>Related bill</type>
          </item>
        </relationshipDetails>
      </item>
    </relatedBills>
    <calendarNumbers />
    <cosponsors>
      <item>
        <state>SC</state>
        <fullName>Rep. Sanford, Mark [R-SC-1]</fullName>
        <sponsorshipDate>2014-03-27</sponsorshipDate>
        <identifiers>
          <bioguideId>S000051</bioguideId>
          <gpoId />
          <lisID>1012</lisID>
        </identifiers>
        <sponsorshipWithdrawnDate />
        <middleName />
        <lastName>Sanford</lastName>
        <isOriginalCosponsor>False</isOriginalCosponsor>
        <firstName>Mark</firstName>
        <district>1</district>
        <party>R</party>
        <bioguideId>S000051</bioguideId>
      </item>
    </cosponsors>
    <congress>113</congress>
    <committees>
      <billCommittees>
        <item>
          <activities>
            <item>
              <date>2013-10-30T14:07:00Z</date>
              <name>Referred to</name>
            </item>
          </activities>
          <chamber>House</chamber>
          <subcommittees>
            <item>
              <systemCode>hsju10</systemCode>
              <name>Constitution and Civil Justice Subcommittee</name>
              <activities>
                <item>
                  <date>2014-01-09T18:56:27Z</date>
                  <name>Referred to</name>
                </item>
              </activities>
            </item>
          </subcommittees>
          <systemCode>hsju00</systemCode>
          <type>Standing</type>
          <name>Judiciary Committee</name>
        </item>
      </billCommittees>
    </committees>
    <sponsors>
      <item>
        <fullName>Rep. Palazzo, Steven M. [R-MS-4]</fullName>
        <lastName>Palazzo</lastName>
        <byRequestType />
        <party>R</party>
        <state>MS</state>
        <middleName>M.</middleName>
        <firstName>Steven</firstName>
        <bioguideId>P000601</bioguideId>
        <district>4</district>
        <identifiers>
          <lisID>2035</lisID>
          <gpoId>8022</gpoId>
          <bioguideId>P000601</bioguideId>
        </identifiers>
      </item>
    </sponsors>
    <latestAction>
      <text>Referred to the Subcommittee on the Constitution and Civil Justice.</text>
      <actionDate>2014-01-09</actionDate>
      <links />
    </latestAction>
    <subjects>
      <billSubjects>
        <legislativeSubjects>
          <item>
            <name>Constitution and constitutional amendments</name>
          </item>
          <item>
            <name>House of Representatives</name>
          </item>
          <item>
            <name>Members of Congress</name>
          </item>
          <item>
            <name>Senate</name>
          </item>
        </legislativeSubjects>
        <policyArea>
          <name>Congress</name>
        </policyArea>
      </billSubjects>
    </subjects>
    <constitutionalAuthorityStatementText><![CDATA[<pre>[Pages H6956-H6957]By Mr. PALAZZO:H.J. Res. 101.[[Page H6957]]Congress has the power to enact this legislation pursuantto the following:Article V of the United States Constitution, which grantsCongress the authority to propose constitutional amendments.Article V: The Congress, whenever two thirds of both Housesshall deem it necessary, shall propose Amendments to thisConstitution, or, on the Application of the Legislatures oftwo thirds of the several States, shall call a Convention forproposing Amendments, which in either Case, shall be valid toall Intents and Purposes, as Part of this, Constitution, whenratified by the Legislatures of three fourths of the severalStates or by Conventions in three fourths thereof, as the oneor the other Mode of Ratification may be proposed by theCongress; Provided that no Amendment which may be made priorto the Year One thousand eight hundred and eight shall in anyManner affect the first and fourth Clauses in the NinthSection of the first Article; and that no State, without itsConsent, shall be deprived of its equal Suffrage in theSenate.____________________</pre>]]></constitutionalAuthorityStatementText>
    <createDate>2013-10-31T08:28:45Z</createDate>
    <title>Proposing an amendment to the Constitution of the United States to limit the number of consecutive terms that a Member of Congress may serve.</title>
    <laws />
    <titles>
      <item>
        <chamberName />
        <titleType>Official Title as Introduced</titleType>
        <parentTitleType />
        <title>Proposing an amendment to the Constitution of the United States to limit the number of consecutive terms that a Member of Congress may serve.</title>
        <chamberCode />
      </item>
      <item>
        <chamberName />
        <titleType>Display Title</titleType>
        <parentTitleType />
        <title>Proposing an amendment to the Constitution of the United States to limit the number of consecutive terms that a Member of Congress may serve.</title>
        <chamberCode />
      </item>
    </titles>
    <committeeReports />
    <notes />
    <cboCostEstimates />
  </bill>
  <dublinCore xmlns:dc="http://purl.org/dc/elements/1.1/">
    <dc:format>text/xml</dc:format>
    <dc:language>EN</dc:language>
    <dc:rights>Pursuant to Title 17 Section 105 of the United States Code, this file is not subject to copyright protection and is in the public domain.</dc:rights>
    <dc:contributor>Congressional Research Service, Library of Congress</dc:contributor>
    <dc:description>This file contains bill summaries and statuses for federal legislation. A bill summary describes the most significant provisions of a piece of legislation and details the effects the legislative text may have on current law and federal programs. Bill summaries are authored by the Congressional Research Service (CRS) of the Library of Congress. As stated in Public Law 91-510 (2 USC 166 (d)(6)), one of the duties of CRS is "to prepare summaries and digests of bills and resolutions of a public general nature introduced in the Senate or House of Representatives". For more information, refer to the User Guide that accompanies this file.</dc:description>
  </dublinCore>
</billStatus>

