<?xml version="1.0" encoding="UTF-8"?>
<billStatus>
  <bill>
    <latestAction>
      <text>Referred to the Subcommittee on the Constitution and Civil Justice.</text>
      <links />
      <actionDate>2013-09-13</actionDate>
    </latestAction>
    <policyArea>
      <name>Law</name>
    </policyArea>
    <amendments />
    <relatedBills />
    <billNumber>53</billNumber>
    <updateDate>2016-10-25T15:56:17Z</updateDate>
    <cboCostEstimates />
    <sponsors>
      <item>
        <fullName>Rep. Culberson, John Abney [R-TX-7]</fullName>
        <firstName>JOHN</firstName>
        <district>7</district>
        <lastName>CULBERSON</lastName>
        <byRequestType />
        <identifiers>
          <gpoId>8163</gpoId>
          <lisID>1670</lisID>
          <bioguideId>C001048</bioguideId>
        </identifiers>
        <middleName>ABNEY</middleName>
        <party>R</party>
        <state>TX</state>
        <bioguideId>C001048</bioguideId>
      </item>
    </sponsors>
    <notes />
    <originChamber>House</originChamber>
    <subjects>
      <billSubjects>
        <policyArea>
          <name>Law</name>
        </policyArea>
        <legislativeSubjects>
          <item>
            <name>Constitution and constitutional amendments</name>
          </item>
          <item>
            <name>International law and treaties</name>
          </item>
          <item>
            <name>Judicial procedure and administration</name>
          </item>
        </legislativeSubjects>
      </billSubjects>
    </subjects>
    <cosponsors>
      <item>
        <state>UT</state>
        <fullName>Rep. Bishop, Rob [R-UT-1]</fullName>
        <district>1</district>
        <sponsorshipWithdrawnDate />
        <party>R</party>
        <identifiers>
          <bioguideId>B001250</bioguideId>
          <gpoId>8189</gpoId>
          <lisID>1753</lisID>
        </identifiers>
        <middleName />
        <bioguideId>B001250</bioguideId>
        <firstName>Rob</firstName>
        <lastName>Bishop</lastName>
        <isOriginalCosponsor>True</isOriginalCosponsor>
        <sponsorshipDate>2013-07-24</sponsorshipDate>
      </item>
      <item>
        <state>TX</state>
        <fullName>Rep. Johnson, Sam [R-TX-3]</fullName>
        <district>3</district>
        <sponsorshipWithdrawnDate />
        <party>R</party>
        <identifiers>
          <lisID>603</lisID>
          <gpoId>8159</gpoId>
          <bioguideId>J000174</bioguideId>
        </identifiers>
        <middleName />
        <bioguideId>J000174</bioguideId>
        <firstName>SAM</firstName>
        <lastName>JOHNSON</lastName>
        <isOriginalCosponsor>True</isOriginalCosponsor>
        <sponsorshipDate>2013-07-24</sponsorshipDate>
      </item>
      <item>
        <state>SC</state>
        <fullName>Rep. Gowdy, Trey [R-SC-4]</fullName>
        <district>4</district>
        <sponsorshipWithdrawnDate />
        <party>R</party>
        <identifiers>
          <bioguideId>G000566</bioguideId>
          <lisID>2058</lisID>
          <gpoId>8144</gpoId>
        </identifiers>
        <middleName />
        <bioguideId>G000566</bioguideId>
        <firstName>Trey</firstName>
        <lastName>Gowdy</lastName>
        <isOriginalCosponsor>True</isOriginalCosponsor>
        <sponsorshipDate>2013-07-24</sponsorshipDate>
      </item>
      <item>
        <state>SC</state>
        <fullName>Rep. Mulvaney, Mick [R-SC-5]</fullName>
        <district>5</district>
        <sponsorshipWithdrawnDate />
        <party>R</party>
        <identifiers>
          <lisID>2059</lisID>
          <bioguideId>M001182</bioguideId>
          <gpoId>8145</gpoId>
        </identifiers>
        <middleName />
        <bioguideId>M001182</bioguideId>
        <firstName>Mick</firstName>
        <lastName>Mulvaney</lastName>
        <isOriginalCosponsor>True</isOriginalCosponsor>
        <sponsorshipDate>2013-07-24</sponsorshipDate>
      </item>
      <item>
        <state>GA</state>
        <fullName>Rep. Price, Tom [R-GA-6]</fullName>
        <district>6</district>
        <sponsorshipWithdrawnDate />
        <party>R</party>
        <identifiers>
          <bioguideId>P000591</bioguideId>
          <gpoId>7903</gpoId>
          <lisID>1778</lisID>
        </identifiers>
        <middleName />
        <bioguideId>P000591</bioguideId>
        <firstName>Tom</firstName>
        <lastName>Price</lastName>
        <isOriginalCosponsor>True</isOriginalCosponsor>
        <sponsorshipDate>2013-07-24</sponsorshipDate>
      </item>
    </cosponsors>
    <constitutionalAuthorityStatementText><![CDATA[<pre>By Mr. CULBERSON:H.J. Res. 53.Congress has the power to enact this legislation pursuantto the following:Article V of the Constitution.[Page H5051]</pre>]]></constitutionalAuthorityStatementText>
    <calendarNumbers />
    <committeeReports />
    <billType>HJRES</billType>
    <title>Proposing an amendment to the Constitution of the United States regarding the effect of treaties, Executive orders, and agreements with other nations or groups of nations.</title>
    <introducedDate>2013-07-24</introducedDate>
    <actions>
      <item>
        <actionDate>2013-09-13</actionDate>
        <committee>
          <systemCode>hsju10</systemCode>
          <name>Constitution and Civil Justice Subcommittee</name>
        </committee>
        <links />
        <sourceSystem>
          <code>1</code>
          <name>House committee actions</name>
        </sourceSystem>
        <text>Referred to the Subcommittee on the Constitution and Civil Justice.</text>
        <type>Committee</type>
      </item>
      <item>
        <text>Referred to the House Committee on the Judiciary.</text>
        <committee>
          <systemCode>hsju00</systemCode>
          <name>Judiciary Committee</name>
        </committee>
        <actionCode>H11100</actionCode>
        <sourceSystem>
          <code>2</code>
          <name>House floor actions</name>
        </sourceSystem>
        <type>IntroReferral</type>
        <actionDate>2013-07-24</actionDate>
        <links />
      </item>
      <item>
        <text>Introduced in House</text>
        <committee />
        <actionCode>Intro-H</actionCode>
        <sourceSystem>
          <code>9</code>
          <name>Library of Congress</name>
        </sourceSystem>
        <type>IntroReferral</type>
        <actionDate>2013-07-24</actionDate>
        <links />
      </item>
      <item>
        <text>Introduced in House</text>
        <committee />
        <actionCode>1000</actionCode>
        <sourceSystem>
          <code>9</code>
          <name>Library of Congress</name>
        </sourceSystem>
        <type>IntroReferral</type>
        <actionDate>2013-07-24</actionDate>
        <links />
      </item>
      <actionByCounts>
        <houseOfRepresentatives>4</houseOfRepresentatives>
      </actionByCounts>
      <actionTypeCounts>
        <placeholderTextForH>1</placeholderTextForH>
        <introducedInTheHouse>1</introducedInTheHouse>
        <billReferrals>1</billReferrals>
        <introducedInHouse>1</introducedInHouse>
      </actionTypeCounts>
    </actions>
    <congress>113</congress>
    <summaries>
      <billSummaries>
        <item>
          <versionCode>00</versionCode>
          <actionDate>2013-07-24</actionDate>
          <text><![CDATA[<p>Constitutional Amendment - States that no treaty, executive order, or any agreement with any nation or group of nations or any of the provisions of such agreements, shall be construed to diminish any of the rights or privileges guaranteed to U.S. citizens under the Constitution and federal law.</p>]]></text>
          <name>Introduced in House</name>
          <lastSummaryUpdateDate>2013-08-28T19:26:20Z</lastSummaryUpdateDate>
          <updateDate>2013-07-24T04:00:00Z</updateDate>
          <actionDesc>Introduced in House</actionDesc>
        </item>
      </billSummaries>
    </summaries>
    <laws />
    <createDate>2013-07-25T12:13:31Z</createDate>
    <titles>
      <item>
        <title>Proposing an amendment to the Constitution of the United States regarding the effect of treaties, Executive orders, and agreements with other nations or groups of nations.</title>
        <titleType>Official Title as Introduced</titleType>
        <chamberCode />
        <chamberName />
        <parentTitleType />
      </item>
      <item>
        <title>Proposing an amendment to the Constitution of the United States regarding the effect of treaties, Executive orders, and agreements with other nations or groups of nations.</title>
        <titleType>Display Title</titleType>
        <chamberCode />
        <chamberName />
        <parentTitleType />
      </item>
    </titles>
    <recordedVotes />
    <committees>
      <billCommittees>
        <item>
          <subcommittees>
            <item>
              <systemCode>hsju10</systemCode>
              <activities>
                <item>
                  <date>2013-09-13T18:44:08Z</date>
                  <name>Referred to</name>
                </item>
              </activities>
              <name>Constitution and Civil Justice Subcommittee</name>
            </item>
          </subcommittees>
          <chamber>House</chamber>
          <systemCode>hsju00</systemCode>
          <activities>
            <item>
              <date>2013-07-24T14:03:30Z</date>
              <name>Referred to</name>
            </item>
          </activities>
          <type>Standing</type>
          <name>Judiciary Committee</name>
        </item>
      </billCommittees>
    </committees>
  </bill>
  <dublinCore xmlns:dc="http://purl.org/dc/elements/1.1/">
    <dc:format>text/xml</dc:format>
    <dc:language>EN</dc:language>
    <dc:rights>Pursuant to Title 17 Section 105 of the United States Code, this file is not subject to copyright protection and is in the public domain.</dc:rights>
    <dc:contributor>Congressional Research Service, Library of Congress</dc:contributor>
    <dc:description>This file contains bill summaries and statuses for federal legislation. A bill summary describes the most significant provisions of a piece of legislation and details the effects the legislative text may have on current law and federal programs. Bill summaries are authored by the Congressional Research Service (CRS) of the Library of Congress. As stated in Public Law 91-510 (2 USC 166 (d)(6)), one of the duties of CRS is "to prepare summaries and digests of bills and resolutions of a public general nature introduced in the Senate or House of Representatives". For more information, refer to the User Guide that accompanies this file.</dc:description>
  </dublinCore>
</billStatus>

