<?xml version="1.0" encoding="UTF-8"?>
<billStatus>
  <bill>
    <latestAction>
      <text>Referred to the House Committee on Foreign Affairs.</text>
      <links />
      <actionDate>2014-03-05</actionDate>
    </latestAction>
    <policyArea>
      <name>International Affairs</name>
    </policyArea>
    <amendments />
    <relatedBills>
      <item>
        <latestTitle>A joint resolution relating to the approval of the proposed Third Amendment to the Agreement for Co-operation Between the United States of America and the International Atomic Energy Agency.</latestTitle>
        <type>SJRES</type>
        <relationshipDetails>
          <item>
            <type>Identical bill</type>
            <identifiedBy>CRS</identifiedBy>
          </item>
        </relationshipDetails>
        <number>33</number>
        <congress>113</congress>
        <latestAction>
          <text>Read twice and referred to the Committee on Foreign Relations.</text>
          <actionDate>2014-03-05</actionDate>
        </latestAction>
      </item>
    </relatedBills>
    <billNumber>112</billNumber>
    <updateDate>2016-10-25T15:56:37Z</updateDate>
    <cboCostEstimates />
    <sponsors>
      <item>
        <fullName>Rep. Royce, Edward R. [R-CA-39]</fullName>
        <firstName>ED</firstName>
        <district>39</district>
        <lastName>ROYCE</lastName>
        <byRequestType />
        <identifiers>
          <lisID>998</lisID>
          <gpoId>7845</gpoId>
          <bioguideId>R000487</bioguideId>
        </identifiers>
        <middleName />
        <party>R</party>
        <state>CA</state>
        <bioguideId>R000487</bioguideId>
      </item>
    </sponsors>
    <notes />
    <originChamber>House</originChamber>
    <subjects>
      <billSubjects>
        <legislativeSubjects>
          <item>
            <name>Arms control and nonproliferation</name>
          </item>
          <item>
            <name>Energy research</name>
          </item>
          <item>
            <name>International organizations and cooperation</name>
          </item>
          <item>
            <name>Nuclear power</name>
          </item>
          <item>
            <name>Trade agreements and negotiations</name>
          </item>
        </legislativeSubjects>
        <policyArea>
          <name>International Affairs</name>
        </policyArea>
      </billSubjects>
    </subjects>
    <cosponsors>
      <item>
        <fullName>Rep. Engel, Eliot L. [D-NY-16]</fullName>
        <lastName>ENGEL</lastName>
        <bioguideId>E000179</bioguideId>
        <party>D</party>
        <district>16</district>
        <sponsorshipWithdrawnDate />
        <state>NY</state>
        <isOriginalCosponsor>True</isOriginalCosponsor>
        <sponsorshipDate>2014-03-05</sponsorshipDate>
        <middleName>L.</middleName>
        <firstName>ELIOT</firstName>
        <identifiers>
          <lisID>344</lisID>
          <gpoId>8078</gpoId>
          <bioguideId>E000179</bioguideId>
        </identifiers>
      </item>
    </cosponsors>
    <constitutionalAuthorityStatementText><![CDATA[<pre>By Mr. ROYCE:H.J. Res. 112.Congress has the power to enact this legislation pursuantto the following:Article I, section 8 of the U.S. Constitution____________________[Page H2199]</pre>]]></constitutionalAuthorityStatementText>
    <calendarNumbers />
    <committeeReports />
    <billType>HJRES</billType>
    <title>Providing for the approval of the Congress of the proposed Third Amendment to the Agreement for Co-operation Between the United States of America and the International Atomic Energy Agency that was transmitted to Congress on January 29, 2014.</title>
    <introducedDate>2014-03-05</introducedDate>
    <actions>
      <item>
        <text>Referred to the House Committee on Foreign Affairs.</text>
        <committee>
          <systemCode>hsfa00</systemCode>
          <name>Foreign Affairs Committee</name>
        </committee>
        <actionCode>H11100</actionCode>
        <sourceSystem>
          <code>2</code>
          <name>House floor actions</name>
        </sourceSystem>
        <type>IntroReferral</type>
        <actionDate>2014-03-05</actionDate>
        <links />
      </item>
      <item>
        <text>Introduced in House</text>
        <committee />
        <actionCode>Intro-H</actionCode>
        <sourceSystem>
          <code>9</code>
          <name>Library of Congress</name>
        </sourceSystem>
        <type>IntroReferral</type>
        <actionDate>2014-03-05</actionDate>
        <links />
      </item>
      <item>
        <text>Introduced in House</text>
        <committee />
        <actionCode>1000</actionCode>
        <sourceSystem>
          <code>9</code>
          <name>Library of Congress</name>
        </sourceSystem>
        <type>IntroReferral</type>
        <actionDate>2014-03-05</actionDate>
        <links />
      </item>
      <actionByCounts>
        <houseOfRepresentatives>3</houseOfRepresentatives>
      </actionByCounts>
      <actionTypeCounts>
        <introducedInHouse>1</introducedInHouse>
        <introducedInTheHouse>1</introducedInTheHouse>
        <billReferrals>1</billReferrals>
      </actionTypeCounts>
    </actions>
    <congress>113</congress>
    <summaries>
      <billSummaries>
        <item>
          <actionDate>2014-03-05</actionDate>
          <updateDate>2014-03-05T05:00:00Z</updateDate>
          <name>Introduced in House</name>
          <lastSummaryUpdateDate>2014-03-06T21:42:44Z</lastSummaryUpdateDate>
          <versionCode>00</versionCode>
          <actionDesc>Introduced in House</actionDesc>
          <text><![CDATA[<p> States that Congress favors the proposed Third Amendment to the Agreement for Co-operation Between the United States of America and the International Atomic Energy Agency (IAEA) that was transmitted to Congress on January 29, 2014.</p>]]></text>
        </item>
      </billSummaries>
    </summaries>
    <laws />
    <createDate>2014-03-06T07:01:03Z</createDate>
    <titles>
      <item>
        <title>Providing for the approval of the Congress of the proposed Third Amendment to the Agreement for Co-operation Between the United States of America and the International Atomic Energy Agency that was transmitted to Congress on January 29, 2014.</title>
        <chamberCode />
        <chamberName />
        <titleType>Official Title as Introduced</titleType>
        <parentTitleType />
      </item>
      <item>
        <title>Providing for the approval of the Congress of the proposed Third Amendment to the Agreement for Co-operation Between the United States of America and the International Atomic Energy Agency that was transmitted to Congress on January 29, 2014.</title>
        <chamberCode />
        <chamberName />
        <titleType>Display Title</titleType>
        <parentTitleType />
      </item>
    </titles>
    <recordedVotes />
    <committees>
      <billCommittees>
        <item>
          <subcommittees />
          <chamber>House</chamber>
          <type>Standing</type>
          <name>Foreign Affairs Committee</name>
          <systemCode>hsfa00</systemCode>
          <activities>
            <item>
              <name>Referred to</name>
              <date>2014-03-05T15:02:10Z</date>
            </item>
          </activities>
        </item>
      </billCommittees>
    </committees>
  </bill>
  <dublinCore xmlns:dc="http://purl.org/dc/elements/1.1/">
    <dc:format>text/xml</dc:format>
    <dc:language>EN</dc:language>
    <dc:rights>Pursuant to Title 17 Section 105 of the United States Code, this file is not subject to copyright protection and is in the public domain.</dc:rights>
    <dc:contributor>Congressional Research Service, Library of Congress</dc:contributor>
    <dc:description>This file contains bill summaries and statuses for federal legislation. A bill summary describes the most significant provisions of a piece of legislation and details the effects the legislative text may have on current law and federal programs. Bill summaries are authored by the Congressional Research Service (CRS) of the Library of Congress. As stated in Public Law 91-510 (2 USC 166 (d)(6)), one of the duties of CRS is "to prepare summaries and digests of bills and resolutions of a public general nature introduced in the Senate or House of Representatives". For more information, refer to the User Guide that accompanies this file.</dc:description>
  </dublinCore>
</billStatus>

