<?xml version="1.0" encoding="UTF-8"?>
<billStatus>
  <bill>
    <constitutionalAuthorityStatementText><![CDATA[<pre>By Mr. ANDREWS:H.J. Res. 43.Congress has the power to enact this legislation pursuantto the following:Its power to propose Amendments to the United StatesConstitution for ratification by the several states, inaccordance with its powers under Article V of the UnitedStates Constitution.____________________[Page H2570]</pre>]]></constitutionalAuthorityStatementText>
    <latestAction>
      <links />
      <actionDate>2014-03-12</actionDate>
      <actionTime>13:55:02</actionTime>
      <text>Ms. Speier asked unanimous consent that she be considered the first sponsor of H.J. Res. 43, removing the deadline for the ratification of the equal rights amendment, a bill originally introduced by Representative Robert Andrews of New Jersey, for the purposes of adding cosponsors and requesting re-printings pursuant to clause 7 of rule 12.</text>
    </latestAction>
    <congress>113</congress>
    <summaries>
      <billSummaries>
        <item>
          <updateDate>2013-05-09T04:00:00Z</updateDate>
          <text><![CDATA[<p>Eliminates the time limit for ratification of the equal rights amendment (prohibits discrimination on account of sex) proposed to the states in House Joint Resolution 208 of the 92nd Congress, as agreed to in the Senate on March 22, 1972. Declares that such amendment shall be part of the Constitution whenever ratified by the legislatures of three-fourths of the several states. </p>]]></text>
          <actionDate>2013-05-09</actionDate>
          <actionDesc>Introduced in House</actionDesc>
          <name>Introduced in House</name>
          <lastSummaryUpdateDate>2013-05-21T21:24:03Z</lastSummaryUpdateDate>
          <versionCode>00</versionCode>
        </item>
      </billSummaries>
    </summaries>
    <cboCostEstimates />
    <calendarNumbers />
    <billType>HJRES</billType>
    <committees>
      <billCommittees>
        <item>
          <subcommittees>
            <item>
              <name>Constitution and Civil Justice Subcommittee</name>
              <activities>
                <item>
                  <name>Referred to</name>
                  <date>2013-06-14T17:29:25Z</date>
                </item>
              </activities>
              <systemCode>hsju10</systemCode>
            </item>
          </subcommittees>
          <name>Judiciary Committee</name>
          <type>Standing</type>
          <activities>
            <item>
              <name>Referred to</name>
              <date>2013-05-09T13:05:40Z</date>
            </item>
          </activities>
          <chamber>House</chamber>
          <systemCode>hsju00</systemCode>
        </item>
      </billCommittees>
    </committees>
    <introducedDate>2013-05-09</introducedDate>
    <recordedVotes />
    <titles>
      <item>
        <chamberName />
        <parentTitleType />
        <titleType>Official Title as Introduced</titleType>
        <chamberCode />
        <title>Removing the deadline for the ratification of the equal rights amendment.</title>
      </item>
      <item>
        <chamberName />
        <parentTitleType />
        <titleType>Display Title</titleType>
        <chamberCode />
        <title>Removing the deadline for the ratification of the equal rights amendment.</title>
      </item>
    </titles>
    <sponsors>
      <item>
        <bioguideId>A000210</bioguideId>
        <fullName>Rep. Andrews, Robert E. [D-NJ-1]</fullName>
        <byRequestType />
        <lastName>ANDREWS</lastName>
        <firstName>ROBERT</firstName>
        <middleName>E.</middleName>
        <identifiers>
          <bioguideId>A000210</bioguideId>
          <lisID>21</lisID>
          <gpoId>8043</gpoId>
        </identifiers>
      </item>
    </sponsors>
    <laws />
    <originChamber>House</originChamber>
    <createDate>2013-05-10T07:02:04Z</createDate>
    <notes />
    <title>Removing the deadline for the ratification of the equal rights amendment.</title>
    <policyArea>
      <name>Civil Rights and Liberties, Minority Issues</name>
    </policyArea>
    <billNumber>43</billNumber>
    <committeeReports />
    <subjects>
      <billSubjects>
        <policyArea>
          <name>Civil Rights and Liberties, Minority Issues</name>
        </policyArea>
        <legislativeSubjects>
          <item>
            <name>Constitution and constitutional amendments</name>
          </item>
          <item>
            <name>Due process and equal protection</name>
          </item>
          <item>
            <name>Sex, gender, sexual orientation discrimination</name>
          </item>
          <item>
            <name>Women's rights</name>
          </item>
        </legislativeSubjects>
      </billSubjects>
    </subjects>
    <relatedBills>
      <item>
        <relationshipDetails>
          <item>
            <type>Identical bill</type>
            <identifiedBy>CRS</identifiedBy>
          </item>
        </relationshipDetails>
        <latestAction>
          <text>Read twice and referred to the Committee on the Judiciary.</text>
          <actionDate>2013-05-09</actionDate>
        </latestAction>
        <latestTitle>A joint resolution removing the deadline for the ratification of the equal rights amendment.</latestTitle>
        <congress>113</congress>
        <number>15</number>
        <type>SJRES</type>
      </item>
      <item>
        <relationshipDetails>
          <item>
            <type>Identical bill</type>
            <identifiedBy>CRS</identifiedBy>
          </item>
        </relationshipDetails>
        <latestAction>
          <text>Referred to the Subcommittee on the Constitution and Civil Justice.</text>
          <actionDate>2014-04-16</actionDate>
        </latestAction>
        <latestTitle>Removing the deadline for the ratification of the equal rights amendment.</latestTitle>
        <congress>113</congress>
        <number>113</number>
        <type>HJRES</type>
      </item>
    </relatedBills>
    <updateDate>2016-10-25T15:56:16Z</updateDate>
    <amendments />
    <actions>
      <item>
        <actionTime>13:55:02</actionTime>
        <committee />
        <links>
          <link>
            <name>H.J. Res. 43</name>
            <url>/bill/113th-congress/house-joint-resolution/43</url>
          </link>
        </links>
        <actionCode>H8D000</actionCode>
        <sourceSystem>
          <name>House floor actions</name>
          <code>2</code>
        </sourceSystem>
        <type>Floor</type>
        <actionDate>2014-03-12</actionDate>
        <text>Ms. Speier asked unanimous consent that she be considered the first sponsor of H.J. Res. 43, removing the deadline for the ratification of the equal rights amendment, a bill originally introduced by Representative Robert Andrews of New Jersey, for the purposes of adding cosponsors and requesting re-printings pursuant to clause 7 of rule 12.</text>
      </item>
      <item>
        <actionDate>2013-06-14</actionDate>
        <committee>
          <systemCode>hsju10</systemCode>
          <name>Constitution and Civil Justice Subcommittee</name>
        </committee>
        <links />
        <sourceSystem>
          <name>House committee actions</name>
          <code>1</code>
        </sourceSystem>
        <text>Referred to the Subcommittee on the Constitution and Civil Justice.</text>
        <type>Committee</type>
      </item>
      <item>
        <committee>
          <systemCode>hsju00</systemCode>
          <name>Judiciary Committee</name>
        </committee>
        <type>IntroReferral</type>
        <links />
        <actionCode>H11100</actionCode>
        <sourceSystem>
          <name>House floor actions</name>
          <code>2</code>
        </sourceSystem>
        <actionDate>2013-05-09</actionDate>
        <text>Referred to the House Committee on the Judiciary.</text>
      </item>
      <item>
        <committee />
        <type>IntroReferral</type>
        <links />
        <actionCode>Intro-H</actionCode>
        <sourceSystem>
          <name>Library of Congress</name>
          <code>9</code>
        </sourceSystem>
        <actionDate>2013-05-09</actionDate>
        <text>Introduced in House</text>
      </item>
      <item>
        <committee />
        <type>IntroReferral</type>
        <links />
        <actionCode>1000</actionCode>
        <sourceSystem>
          <name>Library of Congress</name>
          <code>9</code>
        </sourceSystem>
        <actionDate>2013-05-09</actionDate>
        <text>Introduced in House</text>
      </item>
      <actionByCounts>
        <houseOfRepresentatives>5</houseOfRepresentatives>
      </actionByCounts>
      <actionTypeCounts>
        <generalDebate>1</generalDebate>
        <placeholderTextForH>1</placeholderTextForH>
        <introducedInTheHouse>1</introducedInTheHouse>
        <billReferrals>1</billReferrals>
        <introducedInHouse>1</introducedInHouse>
      </actionTypeCounts>
    </actions>
    <cosponsors>
      <item>
        <lastName>Grijalva</lastName>
        <sponsorshipDate>2013-05-09</sponsorshipDate>
        <firstName>Raul</firstName>
        <identifiers>
          <bioguideId>G000551</bioguideId>
          <lisID>1708</lisID>
          <gpoId>7804</gpoId>
        </identifiers>
        <isOriginalCosponsor>True</isOriginalCosponsor>
        <bioguideId>G000551</bioguideId>
        <fullName>Rep. Grijalva, Raul M. [D-AZ-3]</fullName>
        <middleName>M.</middleName>
        <sponsorshipWithdrawnDate />
      </item>
      <item>
        <lastName>Speier</lastName>
        <sponsorshipDate>2013-05-09</sponsorshipDate>
        <firstName>Jackie</firstName>
        <identifiers>
          <gpoId>7817</gpoId>
          <lisID>1890</lisID>
          <bioguideId>S001175</bioguideId>
        </identifiers>
        <isOriginalCosponsor>True</isOriginalCosponsor>
        <bioguideId>S001175</bioguideId>
        <fullName>Rep. Speier, Jackie [D-CA-14]</fullName>
        <middleName />
        <sponsorshipWithdrawnDate />
      </item>
      <item>
        <lastName>Chu</lastName>
        <sponsorshipDate>2013-05-09</sponsorshipDate>
        <firstName>Judy</firstName>
        <identifiers>
          <bioguideId>C001080</bioguideId>
          <lisID>1970</lisID>
          <gpoId>7837</gpoId>
        </identifiers>
        <isOriginalCosponsor>True</isOriginalCosponsor>
        <bioguideId>C001080</bioguideId>
        <fullName>Rep. Chu, Judy [D-CA-27]</fullName>
        <middleName />
        <sponsorshipWithdrawnDate />
      </item>
      <item>
        <lastName>Lowenthal</lastName>
        <sponsorshipDate>2013-05-09</sponsorshipDate>
        <firstName>Alan</firstName>
        <identifiers>
          <gpoId />
          <lisID>2111</lisID>
          <bioguideId>L000579</bioguideId>
        </identifiers>
        <isOriginalCosponsor>True</isOriginalCosponsor>
        <bioguideId>L000579</bioguideId>
        <fullName>Rep. Lowenthal, Alan S. [D-CA-47]</fullName>
        <middleName>S.</middleName>
        <sponsorshipWithdrawnDate />
      </item>
      <item>
        <lastName>NORTON</lastName>
        <sponsorshipDate>2013-05-09</sponsorshipDate>
        <firstName>ELEANOR</firstName>
        <identifiers>
          <bioguideId>N000147</bioguideId>
          <lisID>868</lisID>
          <gpoId>7871</gpoId>
        </identifiers>
        <isOriginalCosponsor>True</isOriginalCosponsor>
        <bioguideId>N000147</bioguideId>
        <fullName>Rep. Norton, Eleanor Holmes [D-DC-At Large]</fullName>
        <middleName>HOLMES</middleName>
        <sponsorshipWithdrawnDate />
      </item>
      <item>
        <lastName>Wasserman Schultz</lastName>
        <sponsorshipDate>2013-05-09</sponsorshipDate>
        <firstName>Debbie</firstName>
        <identifiers>
          <gpoId>7892</gpoId>
          <bioguideId>W000797</bioguideId>
          <lisID>1777</lisID>
        </identifiers>
        <isOriginalCosponsor>True</isOriginalCosponsor>
        <bioguideId>W000797</bioguideId>
        <fullName>Rep. Wasserman Schultz, Debbie [D-FL-23]</fullName>
        <middleName />
        <sponsorshipWithdrawnDate />
      </item>
      <item>
        <lastName>Wilson</lastName>
        <sponsorshipDate>2013-05-09</sponsorshipDate>
        <firstName>Frederica</firstName>
        <identifiers>
          <bioguideId>W000808</bioguideId>
          <lisID>2004</lisID>
          <gpoId>7889</gpoId>
        </identifiers>
        <isOriginalCosponsor>True</isOriginalCosponsor>
        <bioguideId>W000808</bioguideId>
        <fullName>Rep. Wilson, Frederica S. [D-FL-24]</fullName>
        <middleName>S.</middleName>
        <sponsorshipWithdrawnDate />
      </item>
      <item>
        <lastName>GUTIERREZ</lastName>
        <sponsorshipDate>2013-05-09</sponsorshipDate>
        <firstName>LUIS</firstName>
        <identifiers>
          <lisID>478</lisID>
          <bioguideId>G000535</bioguideId>
          <gpoId>7924</gpoId>
        </identifiers>
        <isOriginalCosponsor>True</isOriginalCosponsor>
        <bioguideId>G000535</bioguideId>
        <fullName>Rep. Gutierrez, Luis V. [D-IL-4]</fullName>
        <middleName>V.</middleName>
        <sponsorshipWithdrawnDate />
      </item>
      <item>
        <lastName>SCHAKOWSKY</lastName>
        <sponsorshipDate>2013-05-09</sponsorshipDate>
        <firstName>JANICE</firstName>
        <identifiers>
          <lisID>1588</lisID>
          <bioguideId>S001145</bioguideId>
          <gpoId>7929</gpoId>
        </identifiers>
        <isOriginalCosponsor>True</isOriginalCosponsor>
        <bioguideId>S001145</bioguideId>
        <fullName>Rep. Schakowsky, Janice D. [D-IL-9]</fullName>
        <middleName>D.</middleName>
        <sponsorshipWithdrawnDate />
      </item>
      <item>
        <lastName>Richmond</lastName>
        <sponsorshipDate>2013-05-09</sponsorshipDate>
        <firstName>Cedric</firstName>
        <identifiers>
          <gpoId>7960</gpoId>
          <lisID>2023</lisID>
          <bioguideId>R000588</bioguideId>
        </identifiers>
        <isOriginalCosponsor>True</isOriginalCosponsor>
        <bioguideId>R000588</bioguideId>
        <fullName>Rep. Richmond, Cedric L. [D-LA-2]</fullName>
        <middleName>L.</middleName>
        <sponsorshipWithdrawnDate />
      </item>
      <item>
        <lastName>Pingree</lastName>
        <sponsorshipDate>2013-05-09</sponsorshipDate>
        <firstName>Chellie</firstName>
        <identifiers>
          <gpoId>7984</gpoId>
          <lisID>1927</lisID>
          <bioguideId>P000597</bioguideId>
        </identifiers>
        <isOriginalCosponsor>True</isOriginalCosponsor>
        <bioguideId>P000597</bioguideId>
        <fullName>Rep. Pingree, Chellie [D-ME-1]</fullName>
        <middleName />
        <sponsorshipWithdrawnDate />
      </item>
      <item>
        <lastName>Michaud</lastName>
        <sponsorshipDate>2013-05-09</sponsorshipDate>
        <firstName>Michael</firstName>
        <identifiers>
          <gpoId>7985</gpoId>
          <lisID>1730</lisID>
          <bioguideId>M001149</bioguideId>
        </identifiers>
        <isOriginalCosponsor>True</isOriginalCosponsor>
        <bioguideId>M001149</bioguideId>
        <fullName>Rep. Michaud, Michael H. [D-ME-2]</fullName>
        <middleName>H.</middleName>
        <sponsorshipWithdrawnDate />
      </item>
      <item>
        <lastName>Ruppersberger</lastName>
        <sponsorshipDate>2013-05-09</sponsorshipDate>
        <firstName>C. A.</firstName>
        <identifiers>
          <lisID>1728</lisID>
          <bioguideId>R000576</bioguideId>
          <gpoId>7977</gpoId>
        </identifiers>
        <isOriginalCosponsor>True</isOriginalCosponsor>
        <bioguideId>R000576</bioguideId>
        <fullName>Rep. Ruppersberger, C. A. Dutch [D-MD-2]</fullName>
        <middleName>Dutch</middleName>
        <sponsorshipWithdrawnDate />
      </item>
      <item>
        <lastName>Sarbanes</lastName>
        <sponsorshipDate>2013-05-09</sponsorshipDate>
        <firstName>John</firstName>
        <identifiers>
          <lisID>1854</lisID>
          <bioguideId>S001168</bioguideId>
          <gpoId>7978</gpoId>
        </identifiers>
        <isOriginalCosponsor>True</isOriginalCosponsor>
        <bioguideId>S001168</bioguideId>
        <fullName>Rep. Sarbanes, John P. [D-MD-3]</fullName>
        <middleName>P.</middleName>
        <sponsorshipWithdrawnDate />
      </item>
      <item>
        <lastName>Edwards</lastName>
        <sponsorshipDate>2013-05-09</sponsorshipDate>
        <firstName>Donna</firstName>
        <identifiers>
          <gpoId>7979</gpoId>
          <lisID>1894</lisID>
          <bioguideId>E000290</bioguideId>
        </identifiers>
        <isOriginalCosponsor>True</isOriginalCosponsor>
        <bioguideId>E000290</bioguideId>
        <fullName>Rep. Edwards, Donna F. [D-MD-4]</fullName>
        <middleName>F.</middleName>
        <sponsorshipWithdrawnDate />
      </item>
      <item>
        <lastName>HOYER</lastName>
        <sponsorshipDate>2013-05-09</sponsorshipDate>
        <firstName>STENY</firstName>
        <identifiers>
          <gpoId>7980</gpoId>
          <lisID>566</lisID>
          <bioguideId>H000874</bioguideId>
        </identifiers>
        <isOriginalCosponsor>True</isOriginalCosponsor>
        <bioguideId>H000874</bioguideId>
        <fullName>Rep. Hoyer, Steny H. [D-MD-5]</fullName>
        <middleName>H.</middleName>
        <sponsorshipWithdrawnDate />
      </item>
      <item>
        <lastName>CUMMINGS</lastName>
        <sponsorshipDate>2013-05-09</sponsorshipDate>
        <firstName>ELIJAH</firstName>
        <identifiers>
          <lisID>256</lisID>
          <bioguideId>C000984</bioguideId>
          <gpoId>7982</gpoId>
        </identifiers>
        <isOriginalCosponsor>True</isOriginalCosponsor>
        <bioguideId>C000984</bioguideId>
        <fullName>Rep. Cummings, Elijah E. [D-MD-7]</fullName>
        <middleName>E.</middleName>
        <sponsorshipWithdrawnDate />
      </item>
      <item>
        <lastName>Van Hollen</lastName>
        <sponsorshipDate>2013-05-09</sponsorshipDate>
        <firstName>Chris</firstName>
        <identifiers>
          <lisID>1729</lisID>
          <gpoId>7983</gpoId>
          <bioguideId>V000128</bioguideId>
        </identifiers>
        <isOriginalCosponsor>True</isOriginalCosponsor>
        <bioguideId>V000128</bioguideId>
        <fullName>Rep. Van Hollen, Chris [D-MD-8]</fullName>
        <middleName />
        <sponsorshipWithdrawnDate />
      </item>
      <item>
        <lastName>Tsongas</lastName>
        <sponsorshipDate>2013-05-09</sponsorshipDate>
        <firstName>Niki</firstName>
        <identifiers>
          <bioguideId>T000465</bioguideId>
          <lisID>1884</lisID>
          <gpoId>7970</gpoId>
        </identifiers>
        <isOriginalCosponsor>True</isOriginalCosponsor>
        <bioguideId>T000465</bioguideId>
        <fullName>Rep. Tsongas, Niki [D-MA-3]</fullName>
        <middleName />
        <sponsorshipWithdrawnDate />
      </item>
      <item>
        <lastName>LEVIN</lastName>
        <sponsorshipDate>2013-05-09</sponsorshipDate>
        <firstName>SANDER</firstName>
        <identifiers>
          <gpoId>7997</gpoId>
          <bioguideId>L000263</bioguideId>
          <lisID>683</lisID>
        </identifiers>
        <isOriginalCosponsor>True</isOriginalCosponsor>
        <bioguideId>L000263</bioguideId>
        <fullName>Rep. Levin, Sander M. [D-MI-9]</fullName>
        <middleName>M.</middleName>
        <sponsorshipWithdrawnDate />
      </item>
      <item>
        <lastName>DINGELL</lastName>
        <sponsorshipDate>2013-05-09</sponsorshipDate>
        <firstName>JOHN</firstName>
        <identifiers>
          <gpoId>8000</gpoId>
          <lisID>299</lisID>
          <bioguideId>D000355</bioguideId>
        </identifiers>
        <isOriginalCosponsor>True</isOriginalCosponsor>
        <bioguideId>D000355</bioguideId>
        <fullName>Rep. Dingell, John D. [D-MI-12]</fullName>
        <middleName>D.</middleName>
        <sponsorshipWithdrawnDate />
      </item>
      <item>
        <lastName>CONYERS</lastName>
        <sponsorshipDate>2013-05-09</sponsorshipDate>
        <firstName>JOHN</firstName>
        <identifiers>
          <gpoId>7999</gpoId>
          <lisID>229</lisID>
          <bioguideId>C000714</bioguideId>
        </identifiers>
        <isOriginalCosponsor>True</isOriginalCosponsor>
        <bioguideId>C000714</bioguideId>
        <fullName>Rep. Conyers, John, Jr. [D-MI-13]</fullName>
        <middleName />
        <sponsorshipWithdrawnDate />
      </item>
      <item>
        <lastName>MCCOLLUM</lastName>
        <sponsorshipDate>2013-05-09</sponsorshipDate>
        <firstName>BETTY</firstName>
        <identifiers>
          <bioguideId>M001143</bioguideId>
          <lisID>1653</lisID>
          <gpoId>8004</gpoId>
        </identifiers>
        <isOriginalCosponsor>True</isOriginalCosponsor>
        <bioguideId>M001143</bioguideId>
        <fullName>Rep. McCollum, Betty [D-MN-4]</fullName>
        <middleName />
        <sponsorshipWithdrawnDate />
      </item>
      <item>
        <lastName>Ellison</lastName>
        <sponsorshipDate>2013-05-09</sponsorshipDate>
        <firstName>Keith</firstName>
        <identifiers>
          <bioguideId>E000288</bioguideId>
          <lisID>1857</lisID>
          <gpoId>8005</gpoId>
        </identifiers>
        <isOriginalCosponsor>True</isOriginalCosponsor>
        <bioguideId>E000288</bioguideId>
        <fullName>Rep. Ellison, Keith [D-MN-5]</fullName>
        <middleName />
        <sponsorshipWithdrawnDate />
      </item>
      <item>
        <lastName>CLAY</lastName>
        <sponsorshipDate>2013-05-09</sponsorshipDate>
        <firstName>WM.</firstName>
        <identifiers>
          <lisID>1654</lisID>
          <bioguideId>C001049</bioguideId>
          <gpoId>8009</gpoId>
        </identifiers>
        <isOriginalCosponsor>True</isOriginalCosponsor>
        <bioguideId>C001049</bioguideId>
        <fullName>Rep. Clay, Wm. Lacy [D-MO-1]</fullName>
        <middleName>LACY</middleName>
        <sponsorshipWithdrawnDate />
      </item>
      <item>
        <lastName>Lujan Grisham</lastName>
        <sponsorshipDate>2013-05-09</sponsorshipDate>
        <firstName>Michelle</firstName>
        <identifiers>
          <lisID>2146</lisID>
          <gpoId />
          <bioguideId>L000580</bioguideId>
        </identifiers>
        <isOriginalCosponsor>True</isOriginalCosponsor>
        <bioguideId>L000580</bioguideId>
        <fullName>Rep. Lujan Grisham, Michelle [D-NM-1]</fullName>
        <middleName />
        <sponsorshipWithdrawnDate />
      </item>
      <item>
        <lastName>MALONEY</lastName>
        <sponsorshipDate>2013-05-09</sponsorshipDate>
        <firstName>CAROLYN</firstName>
        <identifiers>
          <gpoId>8075</gpoId>
          <lisID>729</lisID>
          <bioguideId>M000087</bioguideId>
        </identifiers>
        <isOriginalCosponsor>True</isOriginalCosponsor>
        <bioguideId>M000087</bioguideId>
        <fullName>Rep. Maloney, Carolyn B. [D-NY-12]</fullName>
        <middleName>B.</middleName>
        <sponsorshipWithdrawnDate />
      </item>
      <item>
        <lastName>KAPTUR</lastName>
        <sponsorshipDate>2013-05-09</sponsorshipDate>
        <firstName>MARCY</firstName>
        <identifiers>
          <bioguideId>K000009</bioguideId>
          <lisID>616</lisID>
          <gpoId>8099</gpoId>
        </identifiers>
        <isOriginalCosponsor>True</isOriginalCosponsor>
        <bioguideId>K000009</bioguideId>
        <fullName>Rep. Kaptur, Marcy [D-OH-9]</fullName>
        <middleName />
        <sponsorshipWithdrawnDate />
      </item>
      <item>
        <lastName>MORAN</lastName>
        <sponsorshipDate>2013-05-09</sponsorshipDate>
        <firstName>JAMES</firstName>
        <identifiers>
          <lisID>832</lisID>
          <gpoId>8199</gpoId>
          <bioguideId>M000933</bioguideId>
        </identifiers>
        <isOriginalCosponsor>True</isOriginalCosponsor>
        <bioguideId>M000933</bioguideId>
        <fullName>Rep. Moran, James P. [D-VA-8]</fullName>
        <middleName>P.</middleName>
        <sponsorshipWithdrawnDate />
      </item>
      <item>
        <lastName>SMITH</lastName>
        <sponsorshipDate>2013-05-09</sponsorshipDate>
        <firstName>ADAM</firstName>
        <identifiers>
          <gpoId>8213</gpoId>
          <bioguideId>S000510</bioguideId>
          <lisID>1528</lisID>
        </identifiers>
        <isOriginalCosponsor>True</isOriginalCosponsor>
        <bioguideId>S000510</bioguideId>
        <fullName>Rep. Smith, Adam [D-WA-9]</fullName>
        <middleName />
        <sponsorshipWithdrawnDate />
      </item>
      <item>
        <lastName>Moore</lastName>
        <sponsorshipDate>2013-05-09</sponsorshipDate>
        <firstName>Gwen</firstName>
        <identifiers>
          <gpoId>8217</gpoId>
          <lisID>1811</lisID>
          <bioguideId>M001160</bioguideId>
        </identifiers>
        <isOriginalCosponsor>True</isOriginalCosponsor>
        <bioguideId>M001160</bioguideId>
        <fullName>Rep. Moore, Gwen [D-WI-4]</fullName>
        <middleName />
        <sponsorshipWithdrawnDate />
      </item>
      <item>
        <lastName>LEE</lastName>
        <sponsorshipDate>2013-06-03</sponsorshipDate>
        <firstName>BARBARA</firstName>
        <identifiers>
          <bioguideId>L000551</bioguideId>
          <lisID>1501</lisID>
          <gpoId>7814</gpoId>
        </identifiers>
        <isOriginalCosponsor>False</isOriginalCosponsor>
        <bioguideId>L000551</bioguideId>
        <fullName>Rep. Lee, Barbara [D-CA-13]</fullName>
        <middleName />
        <sponsorshipWithdrawnDate />
      </item>
      <item>
        <lastName>Takano</lastName>
        <sponsorshipDate>2013-06-03</sponsorshipDate>
        <firstName>Mark</firstName>
        <identifiers>
          <gpoId />
          <bioguideId>T000472</bioguideId>
          <lisID>2110</lisID>
        </identifiers>
        <isOriginalCosponsor>False</isOriginalCosponsor>
        <bioguideId>T000472</bioguideId>
        <fullName>Rep. Takano, Mark [D-CA-41]</fullName>
        <middleName />
        <sponsorshipWithdrawnDate />
      </item>
      <item>
        <lastName>DAVIS</lastName>
        <sponsorshipDate>2013-06-03</sponsorshipDate>
        <firstName>SUSAN</firstName>
        <identifiers>
          <gpoId>7858</gpoId>
          <lisID>1641</lisID>
          <bioguideId>D000598</bioguideId>
        </identifiers>
        <isOriginalCosponsor>False</isOriginalCosponsor>
        <bioguideId>D000598</bioguideId>
        <fullName>Rep. Davis, Susan A. [D-CA-53]</fullName>
        <middleName>A.</middleName>
        <sponsorshipWithdrawnDate />
      </item>
      <item>
        <lastName>DEGETTE</lastName>
        <sponsorshipDate>2013-06-03</sponsorshipDate>
        <firstName>DIANA</firstName>
        <identifiers>
          <lisID>1479</lisID>
          <gpoId>7859</gpoId>
          <bioguideId>D000197</bioguideId>
        </identifiers>
        <isOriginalCosponsor>False</isOriginalCosponsor>
        <bioguideId>D000197</bioguideId>
        <fullName>Rep. DeGette, Diana [D-CO-1]</fullName>
        <middleName />
        <sponsorshipWithdrawnDate />
      </item>
      <item>
        <lastName>Carney</lastName>
        <sponsorshipDate>2013-06-03</sponsorshipDate>
        <firstName>John</firstName>
        <identifiers>
          <gpoId>7872</gpoId>
          <bioguideId>C001083</bioguideId>
          <lisID>1999</lisID>
        </identifiers>
        <isOriginalCosponsor>False</isOriginalCosponsor>
        <bioguideId>C001083</bioguideId>
        <fullName>Rep. Carney, John C., Jr. [D-DE-At Large]</fullName>
        <middleName>C.</middleName>
        <sponsorshipWithdrawnDate />
      </item>
      <item>
        <lastName>Buchanan</lastName>
        <sponsorshipDate>2013-06-03</sponsorshipDate>
        <firstName>Vern</firstName>
        <identifiers>
          <lisID>1840</lisID>
          <bioguideId>B001260</bioguideId>
          <gpoId>7885</gpoId>
        </identifiers>
        <isOriginalCosponsor>False</isOriginalCosponsor>
        <bioguideId>B001260</bioguideId>
        <fullName>Rep. Buchanan, Vern [R-FL-16]</fullName>
        <middleName />
        <sponsorshipWithdrawnDate>2013-06-06</sponsorshipWithdrawnDate>
      </item>
      <item>
        <lastName>MCGOVERN</lastName>
        <sponsorshipDate>2013-06-03</sponsorshipDate>
        <firstName>JAMES</firstName>
        <identifiers>
          <bioguideId>M000312</bioguideId>
          <lisID>1504</lisID>
          <gpoId>7968</gpoId>
        </identifiers>
        <isOriginalCosponsor>False</isOriginalCosponsor>
        <bioguideId>M000312</bioguideId>
        <fullName>Rep. McGovern, James P. [D-MA-2]</fullName>
        <middleName>P.</middleName>
        <sponsorshipWithdrawnDate />
      </item>
      <item>
        <lastName>MARKEY</lastName>
        <sponsorshipDate>2013-06-03</sponsorshipDate>
        <firstName>EDWARD</firstName>
        <identifiers>
          <bioguideId>M000133</bioguideId>
          <lisID>735</lisID>
          <gpoId>7972</gpoId>
        </identifiers>
        <isOriginalCosponsor>False</isOriginalCosponsor>
        <bioguideId>M000133</bioguideId>
        <fullName>Rep. Markey, Edward J. [D-MA-5]</fullName>
        <middleName>J.</middleName>
        <sponsorshipWithdrawnDate />
      </item>
      <item>
        <lastName>TIERNEY</lastName>
        <sponsorshipDate>2013-06-03</sponsorshipDate>
        <firstName>JOHN</firstName>
        <identifiers>
          <bioguideId>T000266</bioguideId>
          <lisID>1535</lisID>
          <gpoId>7971</gpoId>
        </identifiers>
        <isOriginalCosponsor>False</isOriginalCosponsor>
        <bioguideId>T000266</bioguideId>
        <fullName>Rep. Tierney, John F. [D-MA-6]</fullName>
        <middleName>F.</middleName>
        <sponsorshipWithdrawnDate />
      </item>
      <item>
        <lastName>Shea-Porter</lastName>
        <sponsorshipDate>2013-06-03</sponsorshipDate>
        <firstName>Carol</firstName>
        <identifiers>
          <gpoId>7528</gpoId>
          <bioguideId>S001170</bioguideId>
          <lisID>1861</lisID>
        </identifiers>
        <isOriginalCosponsor>False</isOriginalCosponsor>
        <bioguideId>S001170</bioguideId>
        <fullName>Rep. Shea-Porter, Carol [D-NH-1]</fullName>
        <middleName />
        <sponsorshipWithdrawnDate />
      </item>
      <item>
        <lastName>RYAN</lastName>
        <sponsorshipDate>2013-06-03</sponsorshipDate>
        <firstName>TIM</firstName>
        <identifiers>
          <gpoId>8107</gpoId>
          <bioguideId>R000577</bioguideId>
          <lisID>1756</lisID>
        </identifiers>
        <isOriginalCosponsor>False</isOriginalCosponsor>
        <bioguideId>R000577</bioguideId>
        <fullName>Rep. Ryan, Tim [D-OH-13]</fullName>
        <middleName />
        <sponsorshipWithdrawnDate />
      </item>
      <item>
        <lastName>BLUMENAUER</lastName>
        <sponsorshipDate>2013-06-03</sponsorshipDate>
        <firstName>EARL</firstName>
        <identifiers>
          <gpoId>8116</gpoId>
          <bioguideId>B000574</bioguideId>
          <lisID>99</lisID>
        </identifiers>
        <isOriginalCosponsor>False</isOriginalCosponsor>
        <bioguideId>B000574</bioguideId>
        <fullName>Rep. Blumenauer, Earl [D-OR-3]</fullName>
        <middleName />
        <sponsorshipWithdrawnDate />
      </item>
      <item>
        <lastName>Cartwright</lastName>
        <sponsorshipDate>2013-06-03</sponsorshipDate>
        <firstName>Matt</firstName>
        <identifiers>
          <lisID>2159</lisID>
          <bioguideId>C001090</bioguideId>
          <gpoId />
        </identifiers>
        <isOriginalCosponsor>False</isOriginalCosponsor>
        <bioguideId>C001090</bioguideId>
        <fullName>Rep. Cartwright, Matt [D-PA-17]</fullName>
        <middleName />
        <sponsorshipWithdrawnDate />
      </item>
      <item>
        <lastName>Connolly</lastName>
        <sponsorshipDate>2013-06-03</sponsorshipDate>
        <firstName>Gerald</firstName>
        <identifiers>
          <bioguideId>C001078</bioguideId>
          <lisID>1959</lisID>
          <gpoId>8202</gpoId>
        </identifiers>
        <isOriginalCosponsor>False</isOriginalCosponsor>
        <bioguideId>C001078</bioguideId>
        <fullName>Rep. Connolly, Gerald E. [D-VA-11]</fullName>
        <middleName>E.</middleName>
        <sponsorshipWithdrawnDate />
      </item>
      <item>
        <lastName>Pocan</lastName>
        <sponsorshipDate>2013-06-03</sponsorshipDate>
        <firstName>Mark</firstName>
        <identifiers>
          <gpoId />
          <lisID>2171</lisID>
          <bioguideId>P000607</bioguideId>
        </identifiers>
        <isOriginalCosponsor>False</isOriginalCosponsor>
        <bioguideId>P000607</bioguideId>
        <fullName>Rep. Pocan, Mark [D-WI-2]</fullName>
        <middleName />
        <sponsorshipWithdrawnDate />
      </item>
      <item>
        <lastName>Huffman</lastName>
        <sponsorshipDate>2013-06-11</sponsorshipDate>
        <firstName>Jared</firstName>
        <identifiers>
          <lisID>2101</lisID>
          <gpoId />
          <bioguideId>H001068</bioguideId>
        </identifiers>
        <isOriginalCosponsor>False</isOriginalCosponsor>
        <bioguideId>H001068</bioguideId>
        <fullName>Rep. Huffman, Jared [D-CA-2]</fullName>
        <middleName />
        <sponsorshipWithdrawnDate />
      </item>
      <item>
        <lastName>ESHOO</lastName>
        <sponsorshipDate>2013-06-11</sponsorshipDate>
        <firstName>ANNA</firstName>
        <identifiers>
          <gpoId>7819</gpoId>
          <lisID>355</lisID>
          <bioguideId>E000215</bioguideId>
        </identifiers>
        <isOriginalCosponsor>False</isOriginalCosponsor>
        <bioguideId>E000215</bioguideId>
        <fullName>Rep. Eshoo, Anna G. [D-CA-18]</fullName>
        <middleName>G.</middleName>
        <sponsorshipWithdrawnDate />
      </item>
      <item>
        <lastName>FARR</lastName>
        <sponsorshipDate>2013-06-11</sponsorshipDate>
        <firstName>SAM</firstName>
        <identifiers>
          <bioguideId>F000030</bioguideId>
          <lisID>368</lisID>
          <gpoId>7822</gpoId>
        </identifiers>
        <isOriginalCosponsor>False</isOriginalCosponsor>
        <bioguideId>F000030</bioguideId>
        <fullName>Rep. Farr, Sam [D-CA-20]</fullName>
        <middleName />
        <sponsorshipWithdrawnDate />
      </item>
      <item>
        <lastName>NAPOLITANO</lastName>
        <sponsorshipDate>2013-06-11</sponsorshipDate>
        <firstName>GRACE</firstName>
        <identifiers>
          <gpoId>7843</gpoId>
          <bioguideId>N000179</bioguideId>
          <lisID>1602</lisID>
        </identifiers>
        <isOriginalCosponsor>False</isOriginalCosponsor>
        <bioguideId>N000179</bioguideId>
        <fullName>Rep. Napolitano, Grace F. [D-CA-32]</fullName>
        <middleName>F.</middleName>
        <sponsorshipWithdrawnDate />
      </item>
      <item>
        <lastName>WAXMAN</lastName>
        <sponsorshipDate>2013-06-11</sponsorshipDate>
        <firstName>HENRY</firstName>
        <identifiers>
          <gpoId>7835</gpoId>
          <lisID>1209</lisID>
          <bioguideId>W000215</bioguideId>
        </identifiers>
        <isOriginalCosponsor>False</isOriginalCosponsor>
        <bioguideId>W000215</bioguideId>
        <fullName>Rep. Waxman, Henry A. [D-CA-33]</fullName>
        <middleName>A.</middleName>
        <sponsorshipWithdrawnDate />
      </item>
      <item>
        <lastName>DELAURO</lastName>
        <sponsorshipDate>2013-06-11</sponsorshipDate>
        <firstName>ROSA</firstName>
        <identifiers>
          <lisID>281</lisID>
          <bioguideId>D000216</bioguideId>
          <gpoId>7868</gpoId>
        </identifiers>
        <isOriginalCosponsor>False</isOriginalCosponsor>
        <bioguideId>D000216</bioguideId>
        <fullName>Rep. DeLauro, Rosa L. [D-CT-3]</fullName>
        <middleName />
        <sponsorshipWithdrawnDate />
      </item>
      <item>
        <lastName>Grayson</lastName>
        <sponsorshipDate>2013-06-11</sponsorshipDate>
        <firstName>Alan</firstName>
        <identifiers>
          <gpoId>7302</gpoId>
          <bioguideId>G000556</bioguideId>
          <lisID>1914</lisID>
        </identifiers>
        <isOriginalCosponsor>False</isOriginalCosponsor>
        <bioguideId>G000556</bioguideId>
        <fullName>Rep. Grayson, Alan [D-FL-9]</fullName>
        <middleName />
        <sponsorshipWithdrawnDate />
      </item>
      <item>
        <lastName>Deutch</lastName>
        <sponsorshipDate>2013-06-11</sponsorshipDate>
        <firstName>Theodore</firstName>
        <identifiers>
          <gpoId>7891</gpoId>
          <bioguideId>D000610</bioguideId>
          <lisID>1976</lisID>
        </identifiers>
        <isOriginalCosponsor>False</isOriginalCosponsor>
        <bioguideId>D000610</bioguideId>
        <fullName>Rep. Deutch, Theodore E. [D-FL-21]</fullName>
        <middleName>E.</middleName>
        <sponsorshipWithdrawnDate />
      </item>
      <item>
        <lastName>Johnson</lastName>
        <sponsorshipDate>2013-06-11</sponsorshipDate>
        <firstName>Henry</firstName>
        <identifiers>
          <gpoId>7901</gpoId>
          <lisID>1843</lisID>
          <bioguideId>J000288</bioguideId>
        </identifiers>
        <isOriginalCosponsor>False</isOriginalCosponsor>
        <bioguideId>J000288</bioguideId>
        <fullName>Rep. Johnson, Henry C. "Hank," Jr. [D-GA-4]</fullName>
        <middleName>C. "Hank"</middleName>
        <sponsorshipWithdrawnDate />
      </item>
      <item>
        <lastName>Braley</lastName>
        <sponsorshipDate>2013-06-11</sponsorshipDate>
        <firstName>Bruce</firstName>
        <identifiers>
          <bioguideId>B001259</bioguideId>
          <lisID>1845</lisID>
          <gpoId>7914</gpoId>
        </identifiers>
        <isOriginalCosponsor>False</isOriginalCosponsor>
        <bioguideId>B001259</bioguideId>
        <fullName>Rep. Braley, Bruce L. [D-IA-1]</fullName>
        <middleName>L.</middleName>
        <sponsorshipWithdrawnDate />
      </item>
      <item>
        <lastName>Delaney</lastName>
        <sponsorshipDate>2013-06-11</sponsorshipDate>
        <firstName>John</firstName>
        <identifiers>
          <bioguideId>D000620</bioguideId>
          <lisID>2133</lisID>
          <gpoId />
        </identifiers>
        <isOriginalCosponsor>False</isOriginalCosponsor>
        <bioguideId>D000620</bioguideId>
        <fullName>Rep. Delaney, John K. [D-MD-6]</fullName>
        <middleName>K.</middleName>
        <sponsorshipWithdrawnDate />
      </item>
      <item>
        <lastName>Kennedy</lastName>
        <sponsorshipDate>2013-06-11</sponsorshipDate>
        <firstName>Joseph</firstName>
        <identifiers>
          <gpoId />
          <bioguideId>K000379</bioguideId>
          <lisID>2172</lisID>
        </identifiers>
        <isOriginalCosponsor>False</isOriginalCosponsor>
        <bioguideId>K000379</bioguideId>
        <fullName>Rep. Kennedy, Joseph P. III [D-MA-4]</fullName>
        <middleName>P.</middleName>
        <sponsorshipWithdrawnDate />
      </item>
      <item>
        <lastName>Peters</lastName>
        <sponsorshipDate>2013-06-11</sponsorshipDate>
        <firstName>Gary</firstName>
        <identifiers>
          <bioguideId>P000595</bioguideId>
          <lisID>1929</lisID>
          <gpoId>7994</gpoId>
        </identifiers>
        <isOriginalCosponsor>False</isOriginalCosponsor>
        <bioguideId>P000595</bioguideId>
        <fullName>Rep. Peters, Gary C. [D-MI-14]</fullName>
        <middleName>C.</middleName>
        <sponsorshipWithdrawnDate />
      </item>
      <item>
        <lastName>PALLONE</lastName>
        <sponsorshipDate>2013-06-11</sponsorshipDate>
        <firstName>FRANK</firstName>
        <identifiers>
          <gpoId>8048</gpoId>
          <bioguideId>P000034</bioguideId>
          <lisID>887</lisID>
        </identifiers>
        <isOriginalCosponsor>False</isOriginalCosponsor>
        <bioguideId>P000034</bioguideId>
        <fullName>Rep. Pallone, Frank, Jr. [D-NJ-6]</fullName>
        <middleName />
        <sponsorshipWithdrawnDate />
      </item>
      <item>
        <lastName>Higgins</lastName>
        <sponsorshipDate>2013-06-11</sponsorshipDate>
        <firstName>Brian</firstName>
        <identifiers>
          <bioguideId>H001038</bioguideId>
          <lisID>1794</lisID>
          <gpoId>8088</gpoId>
        </identifiers>
        <isOriginalCosponsor>False</isOriginalCosponsor>
        <bioguideId>H001038</bioguideId>
        <fullName>Rep. Higgins, Brian [D-NY-26]</fullName>
        <middleName />
        <sponsorshipWithdrawnDate />
      </item>
      <item>
        <lastName>DEFAZIO</lastName>
        <sponsorshipDate>2013-06-11</sponsorshipDate>
        <firstName>PETER</firstName>
        <identifiers>
          <bioguideId>D000191</bioguideId>
          <lisID>279</lisID>
          <gpoId>8117</gpoId>
        </identifiers>
        <isOriginalCosponsor>False</isOriginalCosponsor>
        <bioguideId>D000191</bioguideId>
        <fullName>Rep. DeFazio, Peter A. [D-OR-4]</fullName>
        <middleName>A.</middleName>
        <sponsorshipWithdrawnDate />
      </item>
      <item>
        <lastName>Veasey</lastName>
        <sponsorshipDate>2013-06-11</sponsorshipDate>
        <firstName>Marc</firstName>
        <identifiers>
          <lisID>2166</lisID>
          <bioguideId>V000131</bioguideId>
          <gpoId />
        </identifiers>
        <isOriginalCosponsor>False</isOriginalCosponsor>
        <bioguideId>V000131</bioguideId>
        <fullName>Rep. Veasey, Marc A. [D-TX-33]</fullName>
        <middleName>A.</middleName>
        <sponsorshipWithdrawnDate />
      </item>
      <item>
        <lastName>CHRISTENSEN</lastName>
        <sponsorshipDate>2013-06-11</sponsorshipDate>
        <firstName>DONNA</firstName>
        <identifiers>
          <gpoId>8203</gpoId>
          <bioguideId>C000380</bioguideId>
          <lisID>1474</lisID>
        </identifiers>
        <isOriginalCosponsor>False</isOriginalCosponsor>
        <bioguideId>C000380</bioguideId>
        <fullName>Rep. Christensen, Donna M. [D-VI-At Large]</fullName>
        <middleName>M.</middleName>
        <sponsorshipWithdrawnDate />
      </item>
      <item>
        <lastName>MCDERMOTT</lastName>
        <sponsorshipDate>2013-06-11</sponsorshipDate>
        <firstName>JIM</firstName>
        <identifiers>
          <gpoId>8211</gpoId>
          <bioguideId>M000404</bioguideId>
          <lisID>766</lisID>
        </identifiers>
        <isOriginalCosponsor>False</isOriginalCosponsor>
        <bioguideId>M000404</bioguideId>
        <fullName>Rep. McDermott, Jim [D-WA-7]</fullName>
        <middleName />
        <sponsorshipWithdrawnDate />
      </item>
      <item>
        <lastName>Brownley</lastName>
        <sponsorshipDate>2013-06-20</sponsorshipDate>
        <firstName>Julia</firstName>
        <identifiers>
          <lisID>2106</lisID>
          <bioguideId>B001285</bioguideId>
          <gpoId />
        </identifiers>
        <isOriginalCosponsor>False</isOriginalCosponsor>
        <bioguideId>B001285</bioguideId>
        <fullName>Rep. Brownley, Julia [D-CA-26]</fullName>
        <middleName />
        <sponsorshipWithdrawnDate />
      </item>
      <item>
        <lastName>Frankel</lastName>
        <sponsorshipDate>2013-06-20</sponsorshipDate>
        <firstName>Lois</firstName>
        <identifiers>
          <gpoId />
          <bioguideId>F000462</bioguideId>
          <lisID>2119</lisID>
        </identifiers>
        <isOriginalCosponsor>False</isOriginalCosponsor>
        <bioguideId>F000462</bioguideId>
        <fullName>Rep. Frankel, Lois [D-FL-22]</fullName>
        <middleName />
        <sponsorshipWithdrawnDate />
      </item>
      <item>
        <lastName>SCHIFF</lastName>
        <sponsorshipDate>2013-06-20</sponsorshipDate>
        <firstName>ADAM</firstName>
        <identifiers>
          <lisID>1635</lisID>
          <gpoId>7834</gpoId>
          <bioguideId>S001150</bioguideId>
        </identifiers>
        <isOriginalCosponsor>False</isOriginalCosponsor>
        <bioguideId>S001150</bioguideId>
        <fullName>Rep. Schiff, Adam B. [D-CA-28]</fullName>
        <middleName>B.</middleName>
        <sponsorshipWithdrawnDate />
      </item>
      <item>
        <lastName>Schrader</lastName>
        <sponsorshipDate>2013-06-20</sponsorshipDate>
        <firstName>Kurt</firstName>
        <identifiers>
          <lisID>1950</lisID>
          <bioguideId>S001180</bioguideId>
          <gpoId>8118</gpoId>
        </identifiers>
        <isOriginalCosponsor>False</isOriginalCosponsor>
        <bioguideId>S001180</bioguideId>
        <fullName>Rep. Schrader, Kurt [D-OR-5]</fullName>
        <middleName />
        <sponsorshipWithdrawnDate />
      </item>
      <item>
        <lastName>Scott</lastName>
        <sponsorshipDate>2013-06-20</sponsorshipDate>
        <firstName>Robert</firstName>
        <identifiers>
          <lisID>1037</lisID>
          <bioguideId>S000185</bioguideId>
          <gpoId>8194</gpoId>
        </identifiers>
        <isOriginalCosponsor>False</isOriginalCosponsor>
        <bioguideId>S000185</bioguideId>
        <fullName>Rep. Scott, Robert C. "Bobby" [D-VA-3]</fullName>
        <middleName>C. "Bobby"</middleName>
        <sponsorshipWithdrawnDate />
      </item>
      <item>
        <lastName>Sires</lastName>
        <sponsorshipDate>2013-06-20</sponsorshipDate>
        <firstName>Albio</firstName>
        <identifiers>
          <lisID>1818</lisID>
          <bioguideId>S001165</bioguideId>
          <gpoId>8055</gpoId>
        </identifiers>
        <isOriginalCosponsor>False</isOriginalCosponsor>
        <bioguideId>S001165</bioguideId>
        <fullName>Rep. Sires, Albio [D-NJ-8]</fullName>
        <middleName />
        <sponsorshipWithdrawnDate />
      </item>
      <item>
        <lastName>Welch</lastName>
        <sponsorshipDate>2013-06-20</sponsorshipDate>
        <firstName>Peter</firstName>
        <identifiers>
          <bioguideId>W000800</bioguideId>
          <lisID>1879</lisID>
          <gpoId>8204</gpoId>
        </identifiers>
        <isOriginalCosponsor>False</isOriginalCosponsor>
        <bioguideId>W000800</bioguideId>
        <fullName>Rep. Welch, Peter [D-VT-At Large]</fullName>
        <middleName />
        <sponsorshipWithdrawnDate />
      </item>
      <item>
        <lastName>Cardenas</lastName>
        <sponsorshipDate>2013-07-08</sponsorshipDate>
        <firstName>Tony</firstName>
        <identifiers>
          <gpoId />
          <lisID>2107</lisID>
          <bioguideId>C001097</bioguideId>
        </identifiers>
        <isOriginalCosponsor>False</isOriginalCosponsor>
        <bioguideId>C001097</bioguideId>
        <fullName>Rep. Cardenas, Tony [D-CA-29]</fullName>
        <middleName />
        <sponsorshipWithdrawnDate />
      </item>
      <item>
        <lastName>Castor</lastName>
        <sponsorshipDate>2013-07-08</sponsorshipDate>
        <firstName>Kathy</firstName>
        <identifiers>
          <gpoId>7883</gpoId>
          <lisID>1839</lisID>
          <bioguideId>C001066</bioguideId>
        </identifiers>
        <isOriginalCosponsor>False</isOriginalCosponsor>
        <bioguideId>C001066</bioguideId>
        <fullName>Rep. Castor, Kathy [D-FL-14]</fullName>
        <middleName />
        <sponsorshipWithdrawnDate />
      </item>
      <item>
        <lastName>HASTINGS</lastName>
        <sponsorshipDate>2013-07-08</sponsorshipDate>
        <firstName>ALCEE</firstName>
        <identifiers>
          <gpoId>7895</gpoId>
          <bioguideId>H000324</bioguideId>
          <lisID>511</lisID>
        </identifiers>
        <isOriginalCosponsor>False</isOriginalCosponsor>
        <bioguideId>H000324</bioguideId>
        <fullName>Rep. Hastings, Alcee L. [D-FL-20]</fullName>
        <middleName>L.</middleName>
        <sponsorshipWithdrawnDate />
      </item>
      <item>
        <lastName>HOLT</lastName>
        <sponsorshipDate>2013-07-08</sponsorshipDate>
        <firstName>RUSH</firstName>
        <identifiers>
          <bioguideId>H001032</bioguideId>
          <lisID>1580</lisID>
          <gpoId>8054</gpoId>
        </identifiers>
        <isOriginalCosponsor>False</isOriginalCosponsor>
        <bioguideId>H001032</bioguideId>
        <fullName>Rep. Holt, Rush [D-NJ-12]</fullName>
        <middleName>D.</middleName>
        <sponsorshipWithdrawnDate />
      </item>
      <item>
        <lastName>Bishop</lastName>
        <sponsorshipDate>2013-07-08</sponsorshipDate>
        <firstName>Timothy</firstName>
        <identifiers>
          <gpoId>8062</gpoId>
          <lisID>1740</lisID>
          <bioguideId>B001242</bioguideId>
        </identifiers>
        <isOriginalCosponsor>False</isOriginalCosponsor>
        <bioguideId>B001242</bioguideId>
        <fullName>Rep. Bishop, Timothy H. [D-NY-1]</fullName>
        <middleName>H.</middleName>
        <sponsorshipWithdrawnDate />
      </item>
      <item>
        <lastName>SLAUGHTER</lastName>
        <sponsorshipDate>2013-07-08</sponsorshipDate>
        <firstName>LOUISE</firstName>
        <identifiers>
          <gpoId>8089</gpoId>
          <lisID>1069</lisID>
          <bioguideId>S000480</bioguideId>
        </identifiers>
        <isOriginalCosponsor>False</isOriginalCosponsor>
        <bioguideId>S000480</bioguideId>
        <fullName>Rep. Slaughter, Louise McIntosh [D-NY-25]</fullName>
        <middleName>M.</middleName>
        <sponsorshipWithdrawnDate />
      </item>
      <item>
        <lastName>Beatty</lastName>
        <sponsorshipDate>2013-07-19</sponsorshipDate>
        <firstName>Joyce</firstName>
        <identifiers>
          <lisID>2153</lisID>
          <bioguideId>B001281</bioguideId>
          <gpoId />
        </identifiers>
        <isOriginalCosponsor>False</isOriginalCosponsor>
        <bioguideId>B001281</bioguideId>
        <fullName>Rep. Beatty, Joyce [D-OH-3]</fullName>
        <middleName />
        <sponsorshipWithdrawnDate />
      </item>
      <item>
        <lastName>Himes</lastName>
        <sponsorshipDate>2013-07-19</sponsorshipDate>
        <firstName>James</firstName>
        <identifiers>
          <lisID>1913</lisID>
          <bioguideId>H001047</bioguideId>
          <gpoId>7869</gpoId>
        </identifiers>
        <isOriginalCosponsor>False</isOriginalCosponsor>
        <bioguideId>H001047</bioguideId>
        <fullName>Rep. Himes, James A. [D-CT-4]</fullName>
        <middleName>A.</middleName>
        <sponsorshipWithdrawnDate />
      </item>
      <item>
        <lastName>Yarmuth</lastName>
        <sponsorshipDate>2013-07-19</sponsorshipDate>
        <firstName>John</firstName>
        <identifiers>
          <gpoId>7955</gpoId>
          <bioguideId>Y000062</bioguideId>
          <lisID>1853</lisID>
        </identifiers>
        <isOriginalCosponsor>False</isOriginalCosponsor>
        <bioguideId>Y000062</bioguideId>
        <fullName>Rep. Yarmuth, John A. [D-KY-3]</fullName>
        <middleName>A.</middleName>
        <sponsorshipWithdrawnDate />
      </item>
      <item>
        <lastName>Cohen</lastName>
        <sponsorshipDate>2013-07-19</sponsorshipDate>
        <firstName>Steve</firstName>
        <identifiers>
          <gpoId>8156</gpoId>
          <lisID>1878</lisID>
          <bioguideId>C001068</bioguideId>
        </identifiers>
        <isOriginalCosponsor>False</isOriginalCosponsor>
        <bioguideId>C001068</bioguideId>
        <fullName>Rep. Cohen, Steve [D-TN-9]</fullName>
        <middleName />
        <sponsorshipWithdrawnDate />
      </item>
      <item>
        <lastName>Murphy</lastName>
        <sponsorshipDate>2013-07-30</sponsorshipDate>
        <firstName>Patrick</firstName>
        <identifiers>
          <gpoId />
          <lisID>2117</lisID>
          <bioguideId>M001191</bioguideId>
        </identifiers>
        <isOriginalCosponsor>False</isOriginalCosponsor>
        <bioguideId>M001191</bioguideId>
        <fullName>Rep. Murphy, Patrick [D-FL-18]</fullName>
        <middleName />
        <sponsorshipWithdrawnDate />
      </item>
      <item>
        <lastName>Titus</lastName>
        <sponsorshipDate>2013-07-30</sponsorshipDate>
        <firstName>Dina</firstName>
        <identifiers>
          <gpoId>7493</gpoId>
          <lisID>1940</lisID>
          <bioguideId>T000468</bioguideId>
        </identifiers>
        <isOriginalCosponsor>False</isOriginalCosponsor>
        <bioguideId>T000468</bioguideId>
        <fullName>Rep. Titus, Dina [D-NV-1]</fullName>
        <middleName />
        <sponsorshipWithdrawnDate />
      </item>
      <item>
        <lastName>KIND</lastName>
        <sponsorshipDate>2013-07-30</sponsorshipDate>
        <firstName>RON</firstName>
        <identifiers>
          <bioguideId>K000188</bioguideId>
          <lisID>1498</lisID>
          <gpoId>8216</gpoId>
        </identifiers>
        <isOriginalCosponsor>False</isOriginalCosponsor>
        <bioguideId>K000188</bioguideId>
        <fullName>Rep. Kind, Ron [D-WI-3]</fullName>
        <middleName />
        <sponsorshipWithdrawnDate />
      </item>
      <item>
        <lastName>THOMPSON</lastName>
        <sponsorshipDate>2013-08-02</sponsorshipDate>
        <firstName>MIKE</firstName>
        <identifiers>
          <gpoId>7806</gpoId>
          <lisID>1593</lisID>
          <bioguideId>T000460</bioguideId>
        </identifiers>
        <isOriginalCosponsor>False</isOriginalCosponsor>
        <bioguideId>T000460</bioguideId>
        <fullName>Rep. Thompson, Mike [D-CA-5]</fullName>
        <middleName />
        <sponsorshipWithdrawnDate />
      </item>
      <item>
        <lastName>Bonamici</lastName>
        <sponsorshipDate>2013-09-18</sponsorshipDate>
        <firstName>Suzanne</firstName>
        <identifiers>
          <gpoId>8367</gpoId>
          <bioguideId>B001278</bioguideId>
          <lisID>2092</lisID>
        </identifiers>
        <isOriginalCosponsor>False</isOriginalCosponsor>
        <bioguideId>B001278</bioguideId>
        <fullName>Rep. Bonamici, Suzanne [D-OR-1]</fullName>
        <middleName />
        <sponsorshipWithdrawnDate />
      </item>
      <item>
        <lastName>ISRAEL</lastName>
        <sponsorshipDate>2013-09-18</sponsorshipDate>
        <firstName>STEVE</firstName>
        <identifiers>
          <lisID>1663</lisID>
          <bioguideId>I000057</bioguideId>
          <gpoId>8063</gpoId>
        </identifiers>
        <isOriginalCosponsor>False</isOriginalCosponsor>
        <bioguideId>I000057</bioguideId>
        <fullName>Rep. Israel, Steve [D-NY-3]</fullName>
        <middleName />
        <sponsorshipWithdrawnDate />
      </item>
      <item>
        <lastName>DOGGETT</lastName>
        <sponsorshipDate>2013-09-30</sponsorshipDate>
        <firstName>LLOYD</firstName>
        <identifiers>
          <lisID>303</lisID>
          <bioguideId>D000399</bioguideId>
          <gpoId>8181</gpoId>
        </identifiers>
        <isOriginalCosponsor>False</isOriginalCosponsor>
        <bioguideId>D000399</bioguideId>
        <fullName>Rep. Doggett, Lloyd [D-TX-35]</fullName>
        <middleName />
        <sponsorshipWithdrawnDate />
      </item>
      <item>
        <lastName>HONDA</lastName>
        <sponsorshipDate>2013-10-07</sponsorshipDate>
        <firstName>MICHAEL</firstName>
        <identifiers>
          <bioguideId>H001034</bioguideId>
          <lisID>1634</lisID>
          <gpoId>7820</gpoId>
        </identifiers>
        <isOriginalCosponsor>False</isOriginalCosponsor>
        <bioguideId>H001034</bioguideId>
        <fullName>Rep. Honda, Michael M. [D-CA-17]</fullName>
        <middleName>M.</middleName>
        <sponsorshipWithdrawnDate />
      </item>
      <item>
        <lastName>Barber</lastName>
        <sponsorshipDate>2013-10-23</sponsorshipDate>
        <firstName>Ron</firstName>
        <identifiers>
          <gpoId>8368</gpoId>
          <lisID>2093</lisID>
          <bioguideId>B001279</bioguideId>
        </identifiers>
        <isOriginalCosponsor>False</isOriginalCosponsor>
        <bioguideId>B001279</bioguideId>
        <fullName>Rep. Barber, Ron [D-AZ-2]</fullName>
        <middleName />
        <sponsorshipWithdrawnDate />
      </item>
      <item>
        <lastName>MCCARTHY</lastName>
        <sponsorshipDate>2013-10-23</sponsorshipDate>
        <firstName>CAROLYN</firstName>
        <identifiers>
          <gpoId>8065</gpoId>
          <lisID>1503</lisID>
          <bioguideId>M000309</bioguideId>
        </identifiers>
        <isOriginalCosponsor>False</isOriginalCosponsor>
        <bioguideId>M000309</bioguideId>
        <fullName>Rep. McCarthy, Carolyn [D-NY-4]</fullName>
        <middleName />
        <sponsorshipWithdrawnDate />
      </item>
      <item>
        <lastName>SHERMAN</lastName>
        <sponsorshipDate>2013-11-14</sponsorshipDate>
        <firstName>BRAD</firstName>
        <identifiers>
          <bioguideId>S000344</bioguideId>
          <lisID>1526</lisID>
          <gpoId>7832</gpoId>
        </identifiers>
        <isOriginalCosponsor>False</isOriginalCosponsor>
        <bioguideId>S000344</bioguideId>
        <fullName>Rep. Sherman, Brad [D-CA-30]</fullName>
        <middleName />
        <sponsorshipWithdrawnDate />
      </item>
      <item>
        <lastName>SANCHEZ</lastName>
        <sponsorshipDate>2013-11-14</sponsorshipDate>
        <firstName>LINDA</firstName>
        <identifiers>
          <lisID>1757</lisID>
          <gpoId>7844</gpoId>
          <bioguideId>S001156</bioguideId>
        </identifiers>
        <isOriginalCosponsor>False</isOriginalCosponsor>
        <bioguideId>S001156</bioguideId>
        <fullName>Rep. Sanchez, Linda T. [D-CA-38]</fullName>
        <middleName>T.</middleName>
        <sponsorshipWithdrawnDate />
      </item>
      <item>
        <lastName>Hahn</lastName>
        <sponsorshipDate>2013-11-14</sponsorshipDate>
        <firstName>Janice</firstName>
        <identifiers>
          <lisID>2089</lisID>
          <bioguideId>H001063</bioguideId>
          <gpoId>8360</gpoId>
        </identifiers>
        <isOriginalCosponsor>False</isOriginalCosponsor>
        <bioguideId>H001063</bioguideId>
        <fullName>Rep. Hahn, Janice [D-CA-44]</fullName>
        <middleName />
        <sponsorshipWithdrawnDate />
      </item>
      <item>
        <lastName>NOLAN</lastName>
        <sponsorshipDate>2013-11-14</sponsorshipDate>
        <firstName>RICHARD</firstName>
        <identifiers>
          <bioguideId>N000127</bioguideId>
          <lisID>867</lisID>
          <gpoId />
        </identifiers>
        <isOriginalCosponsor>False</isOriginalCosponsor>
        <bioguideId>N000127</bioguideId>
        <fullName>Rep. Nolan, Richard M. [D-MN-8]</fullName>
        <middleName />
        <sponsorshipWithdrawnDate />
      </item>
      <item>
        <lastName>Cicilline</lastName>
        <sponsorshipDate>2013-11-14</sponsorshipDate>
        <firstName>David</firstName>
        <identifiers>
          <bioguideId>C001084</bioguideId>
          <lisID>2055</lisID>
          <gpoId>8139</gpoId>
        </identifiers>
        <isOriginalCosponsor>False</isOriginalCosponsor>
        <bioguideId>C001084</bioguideId>
        <fullName>Rep. Cicilline, David N. [D-RI-1]</fullName>
        <middleName>N.</middleName>
        <sponsorshipWithdrawnDate />
      </item>
      <item>
        <lastName>ROYBAL-ALLARD</lastName>
        <sponsorshipDate>2013-11-14</sponsorshipDate>
        <firstName>LUCILLE</firstName>
        <identifiers>
          <bioguideId>R000486</bioguideId>
          <lisID>997</lisID>
          <gpoId>7839</gpoId>
        </identifiers>
        <isOriginalCosponsor>False</isOriginalCosponsor>
        <bioguideId>R000486</bioguideId>
        <fullName>Rep. Roybal-Allard, Lucille [D-CA-40]</fullName>
        <middleName />
        <sponsorshipWithdrawnDate />
      </item>
      <item>
        <lastName>LANGEVIN</lastName>
        <sponsorshipDate>2013-11-20</sponsorshipDate>
        <firstName>JAMES</firstName>
        <identifiers>
          <bioguideId>L000559</bioguideId>
          <lisID>1668</lisID>
          <gpoId>8140</gpoId>
        </identifiers>
        <isOriginalCosponsor>False</isOriginalCosponsor>
        <bioguideId>L000559</bioguideId>
        <fullName>Rep. Langevin, James R. [D-RI-2]</fullName>
        <middleName>R.</middleName>
        <sponsorshipWithdrawnDate />
      </item>
      <item>
        <lastName>Bass</lastName>
        <sponsorshipDate>2013-11-20</sponsorshipDate>
        <firstName>Karen</firstName>
        <identifiers>
          <lisID>1996</lisID>
          <bioguideId>B001270</bioguideId>
          <gpoId>7838</gpoId>
        </identifiers>
        <isOriginalCosponsor>False</isOriginalCosponsor>
        <bioguideId>B001270</bioguideId>
        <fullName>Rep. Bass, Karen [D-CA-37]</fullName>
        <middleName />
        <sponsorshipWithdrawnDate />
      </item>
      <item>
        <lastName>MILLER</lastName>
        <sponsorshipDate>2013-11-20</sponsorshipDate>
        <firstName>GEORGE</firstName>
        <identifiers>
          <gpoId>7812</gpoId>
          <bioguideId>M000725</bioguideId>
          <lisID>808</lisID>
        </identifiers>
        <isOriginalCosponsor>False</isOriginalCosponsor>
        <bioguideId>M000725</bioguideId>
        <fullName>Rep. Miller, George [D-CA-11]</fullName>
        <middleName />
        <sponsorshipWithdrawnDate />
      </item>
      <item>
        <lastName>WATT</lastName>
        <sponsorshipDate>2013-11-20</sponsorshipDate>
        <firstName>MELVIN</firstName>
        <identifiers>
          <gpoId>8035</gpoId>
          <bioguideId>W000207</bioguideId>
          <lisID>1207</lisID>
        </identifiers>
        <isOriginalCosponsor>False</isOriginalCosponsor>
        <bioguideId>W000207</bioguideId>
        <fullName>Rep. Watt, Melvin L. [D-NC-12]</fullName>
        <middleName />
        <sponsorshipWithdrawnDate />
      </item>
      <item>
        <lastName>Kildee</lastName>
        <sponsorshipDate>2013-12-04</sponsorshipDate>
        <firstName>Daniel</firstName>
        <identifiers>
          <bioguideId>K000380</bioguideId>
          <lisID>2134</lisID>
          <gpoId />
        </identifiers>
        <isOriginalCosponsor>False</isOriginalCosponsor>
        <bioguideId>K000380</bioguideId>
        <fullName>Rep. Kildee, Daniel T [D-MI-5]</fullName>
        <middleName>T.</middleName>
        <sponsorshipWithdrawnDate />
      </item>
      <item>
        <lastName>Garamendi</lastName>
        <sponsorshipDate>2013-12-04</sponsorshipDate>
        <firstName>John</firstName>
        <identifiers>
          <bioguideId>G000559</bioguideId>
          <lisID>1973</lisID>
          <gpoId>7815</gpoId>
        </identifiers>
        <isOriginalCosponsor>False</isOriginalCosponsor>
        <bioguideId>G000559</bioguideId>
        <fullName>Rep. Garamendi, John [D-CA-3]</fullName>
        <middleName />
        <sponsorshipWithdrawnDate />
      </item>
      <item>
        <lastName>Peters</lastName>
        <sponsorshipDate>2013-12-12</sponsorshipDate>
        <firstName>Scott</firstName>
        <identifiers>
          <gpoId />
          <lisID>2113</lisID>
          <bioguideId>P000608</bioguideId>
        </identifiers>
        <isOriginalCosponsor>False</isOriginalCosponsor>
        <bioguideId>P000608</bioguideId>
        <fullName>Rep. Peters, Scott H. [D-CA-52]</fullName>
        <middleName>H.</middleName>
        <sponsorshipWithdrawnDate />
      </item>
      <item>
        <lastName>Swalwell</lastName>
        <sponsorshipDate>2014-03-24</sponsorshipDate>
        <firstName>Eric</firstName>
        <identifiers>
          <lisID>2104</lisID>
          <gpoId />
          <bioguideId>S001193</bioguideId>
        </identifiers>
        <isOriginalCosponsor>False</isOriginalCosponsor>
        <bioguideId>S001193</bioguideId>
        <fullName>Rep. Swalwell, Eric [D-CA-15]</fullName>
        <middleName />
        <sponsorshipWithdrawnDate />
      </item>
    </cosponsors>
  </bill>
  <dublinCore xmlns:dc="http://purl.org/dc/elements/1.1/">
    <dc:format>text/xml</dc:format>
    <dc:language>EN</dc:language>
    <dc:rights>Pursuant to Title 17 Section 105 of the United States Code, this file is not subject to copyright protection and is in the public domain.</dc:rights>
    <dc:contributor>Congressional Research Service, Library of Congress</dc:contributor>
    <dc:description>This file contains bill summaries and statuses for federal legislation. A bill summary describes the most significant provisions of a piece of legislation and details the effects the legislative text may have on current law and federal programs. Bill summaries are authored by the Congressional Research Service (CRS) of the Library of Congress. As stated in Public Law 91-510 (2 USC 166 (d)(6)), one of the duties of CRS is "to prepare summaries and digests of bills and resolutions of a public general nature introduced in the Senate or House of Representatives". For more information, refer to the User Guide that accompanies this file.</dc:description>
  </dublinCore>
</billStatus>

