<?xml version="1.0" encoding="UTF-8"?>
<billStatus>
  <bill>
    <title>Department of Defense Survivor Benefits Continuing Appropriations Resolution, 2014</title>
    <updateDate>2016-10-25T15:56:29Z</updateDate>
    <relatedBills>
      <item>
        <latestTitle>Fallen Heroes and Families Assistance Act</latestTitle>
        <number>3274</number>
        <latestAction>
          <text>Referred to the House Committee on Appropriations.</text>
          <actionDate>2013-10-08</actionDate>
        </latestAction>
        <type>HR</type>
        <congress>113</congress>
        <relationshipDetails>
          <item>
            <identifiedBy>CRS</identifiedBy>
            <type>Related bill</type>
          </item>
        </relationshipDetails>
      </item>
      <item>
        <latestTitle>A joint resolution to amend the Department of Defense Survivor Benefits Continuing Appropriations Resolution, 2014 to make continuing appropriations for death gratuities and related survivor benefits for survivors of deceased members of the Coast Guard.</latestTitle>
        <number>24</number>
        <latestAction>
          <text>Read twice and referred to the Committee on Appropriations.</text>
          <actionDate>2013-10-10</actionDate>
        </latestAction>
        <type>SJRES</type>
        <congress>113</congress>
        <relationshipDetails>
          <item>
            <identifiedBy>CRS</identifiedBy>
            <type>Related bill</type>
          </item>
        </relationshipDetails>
      </item>
      <item>
        <latestTitle>To provide funds during the lapse of appropriations for the payment of military death gratuities and funeral and related transportation and housing expenses through the transfer of unobligated amounts in the Health Insurance Reform Implementation Fund.</latestTitle>
        <number>3289</number>
        <latestAction>
          <text>Referred to the Subcommittee on Health.</text>
          <actionDate>2013-10-18</actionDate>
        </latestAction>
        <type>HR</type>
        <congress>113</congress>
        <relationshipDetails>
          <item>
            <identifiedBy>CRS</identifiedBy>
            <type>Related bill</type>
          </item>
        </relationshipDetails>
      </item>
    </relatedBills>
    <introducedDate>2013-10-08</introducedDate>
    <originChamber>House</originChamber>
    <cboCostEstimates>
      <item>
        <title>H.J. Res. 91, Department of Defense Survivor Benefits Continuing Appropriations Resolution, 2014</title>
        <pubDate>2013-10-10T17:27:00Z</pubDate>
        <url>http://www.cbo.gov/publication/44652</url>
      </item>
      <item>
        <title>H.J. Res. 91, Department of Defense Survivor Benefits Continuing Appropriations Resolution, 2014</title>
        <pubDate>2013-10-10T17:27:00Z</pubDate>
        <url>https://www.cbo.gov/publication/44652</url>
      </item>
    </cboCostEstimates>
    <policyArea>
      <name>Armed Forces and National Security</name>
    </policyArea>
    <congress>113</congress>
    <billNumber>91</billNumber>
    <billType>HJRES</billType>
    <amendments />
    <recordedVotes>
      <recordedVote>
        <rollNumber>538</rollNumber>
        <sessionNumber>1</sessionNumber>
        <date>2013-10-09T18:34:24Z</date>
        <congress>113</congress>
        <fullActionName>Final Passage Under Suspension of the Rules Results</fullActionName>
        <chamber>House</chamber>
        <url>http://clerk.house.gov/evs/2013/roll538.xml</url>
      </recordedVote>
    </recordedVotes>
    <committees>
      <billCommittees>
        <item>
          <systemCode>hsap00</systemCode>
          <name>Appropriations Committee</name>
          <activities>
            <item>
              <name>Referred to</name>
              <date>2013-10-08T14:01:10Z</date>
            </item>
          </activities>
          <type>Standing</type>
          <chamber>House</chamber>
          <subcommittees />
        </item>
      </billCommittees>
    </committees>
    <laws>
      <item>
        <type>Public Law</type>
        <number>113-44</number>
      </item>
    </laws>
    <subjects>
      <billSubjects>
        <legislativeSubjects>
          <item>
            <name>Appropriations</name>
          </item>
          <item>
            <name>Cemeteries and funerals</name>
          </item>
          <item>
            <name>Defense spending</name>
          </item>
          <item>
            <name>Department of Defense</name>
          </item>
          <item>
            <name>Executive agency funding and structure</name>
          </item>
          <item>
            <name>Military personnel and dependents</name>
          </item>
          <item>
            <name>Transportation costs</name>
          </item>
          <item>
            <name>Veterans' pensions and compensation</name>
          </item>
        </legislativeSubjects>
        <policyArea>
          <name>Armed Forces and National Security</name>
        </policyArea>
      </billSubjects>
    </subjects>
    <notes />
    <committeeReports />
    <actions>
      <item>
        <sourceSystem>
          <code>2</code>
          <name>House floor actions</name>
        </sourceSystem>
        <actionDate>2013-10-10</actionDate>
        <links>
          <link>
            <url>https://www.congress.gov/bill/113th-congress/house-joint-resolution/91/text/pl</url>
            <name>Public Law No: 113-44</name>
          </link>
        </links>
        <committee />
        <text>Became Public Law No: 113-44.</text>
        <type>President</type>
        <actionCode>E40000</actionCode>
      </item>
      <item>
        <sourceSystem>
          <code>9</code>
          <name>Library of Congress</name>
        </sourceSystem>
        <actionDate>2013-10-10</actionDate>
        <links>
          <link>
            <url>https://www.congress.gov/bill/113th-congress/house-joint-resolution/91/text/pl</url>
            <name>Public Law No: 113-44</name>
          </link>
        </links>
        <committee />
        <text>Became Public Law No: 113-44.</text>
        <type>BecameLaw</type>
        <actionCode>36000</actionCode>
      </item>
      <item>
        <sourceSystem>
          <code>2</code>
          <name>House floor actions</name>
        </sourceSystem>
        <actionDate>2013-10-10</actionDate>
        <links />
        <committee />
        <text>Signed by President.</text>
        <type>President</type>
        <actionCode>E30000</actionCode>
      </item>
      <item>
        <sourceSystem>
          <code>9</code>
          <name>Library of Congress</name>
        </sourceSystem>
        <actionDate>2013-10-10</actionDate>
        <links />
        <committee />
        <text>Signed by President.</text>
        <type>BecameLaw</type>
        <actionCode>36000</actionCode>
      </item>
      <item>
        <sourceSystem>
          <code>2</code>
          <name>House floor actions</name>
        </sourceSystem>
        <actionDate>2013-10-10</actionDate>
        <links />
        <committee />
        <text>Presented to President.</text>
        <type>Floor</type>
        <actionCode>E20000</actionCode>
      </item>
      <item>
        <sourceSystem>
          <code>9</code>
          <name>Library of Congress</name>
        </sourceSystem>
        <actionDate>2013-10-10</actionDate>
        <links />
        <committee />
        <text>Presented to President.</text>
        <type>President</type>
        <actionCode>28000</actionCode>
      </item>
      <item>
        <actionDate>2013-10-10</actionDate>
        <committee />
        <links />
        <sourceSystem>
          <code>0</code>
          <name>Senate</name>
        </sourceSystem>
        <text>Message on Senate action sent to the House.</text>
        <type>Floor</type>
      </item>
      <item>
        <actionDate>2013-10-10</actionDate>
        <committee />
        <links>
          <link>
            <url>https://www.congress.gov/congressional-record/volume-159/senate-section/page/S7368</url>
            <name>S7368</name>
          </link>
        </links>
        <sourceSystem>
          <code>0</code>
          <name>Senate</name>
        </sourceSystem>
        <text>Passed Senate without amendment by Unanimous Consent. (consideration: CR S7368)</text>
        <type>Floor</type>
      </item>
      <item>
        <sourceSystem>
          <code>9</code>
          <name>Library of Congress</name>
        </sourceSystem>
        <actionDate>2013-10-10</actionDate>
        <links>
          <link>
            <url>https://www.congress.gov/congressional-record/volume-159/senate-section/page/S7368</url>
            <name>S7368</name>
          </link>
        </links>
        <committee />
        <text>Passed/agreed to in Senate: Passed Senate without amendment by Unanimous Consent.(consideration: CR S7368)</text>
        <type>Floor</type>
        <actionCode>17000</actionCode>
      </item>
      <item>
        <actionDate>2013-10-10</actionDate>
        <committee />
        <links />
        <sourceSystem>
          <code>0</code>
          <name>Senate</name>
        </sourceSystem>
        <text>Read the second time. Placed on Senate Legislative Calendar under General Orders. Calendar No. 216.</text>
        <type>Calendars</type>
      </item>
      <item>
        <actionDate>2013-10-09</actionDate>
        <committee />
        <links />
        <sourceSystem>
          <code>0</code>
          <name>Senate</name>
        </sourceSystem>
        <text>Received in the Senate. Read the first time. Placed on Senate Legislative Calendar under Read the First Time.</text>
        <type>Calendars</type>
      </item>
      <item>
        <sourceSystem>
          <code>2</code>
          <name>House floor actions</name>
        </sourceSystem>
        <actionTime>14:34:24</actionTime>
        <actionDate>2013-10-09</actionDate>
        <links>
          <link>
            <url>https://www.congress.gov/congressional-record/volume-159/house-section/page/H6431</url>
            <name>H6431</name>
          </link>
          <link>
            <url>http://clerk.house.gov/evs/2013/roll538.xml</url>
            <name>Roll no. 538</name>
          </link>
        </links>
        <committee />
        <text>On motion to suspend the rules and pass the resolution Agreed to by the Yeas and Nays: (2/3 required): 425 - 0 (Roll no. 538). (text: CR H6431)</text>
        <type>Floor</type>
        <actionCode>H37300</actionCode>
      </item>
      <item>
        <sourceSystem>
          <code>9</code>
          <name>Library of Congress</name>
        </sourceSystem>
        <actionTime>14:34:24</actionTime>
        <actionDate>2013-10-09</actionDate>
        <links>
          <link>
            <url>https://www.congress.gov/congressional-record/volume-159/house-section/page/H6431</url>
            <name>H6431</name>
          </link>
          <link>
            <url>http://clerk.house.gov/evs/2013/roll538.xml</url>
            <name>Roll no. 538</name>
          </link>
        </links>
        <committee />
        <text>Passed/agreed to in House: On motion to suspend the rules and pass the resolution Agreed to by the Yeas and Nays: (2/3 required): 425 - 0 (Roll no. 538).(text: CR H6431)</text>
        <type>Floor</type>
        <actionCode>8000</actionCode>
      </item>
      <item>
        <sourceSystem>
          <code>2</code>
          <name>House floor actions</name>
        </sourceSystem>
        <actionTime>14:21:48</actionTime>
        <actionDate>2013-10-09</actionDate>
        <links>
          <link>
            <url>https://www.congress.gov/congressional-record/volume-159/house-section/page/H6441-6442</url>
            <name>H6441-6442</name>
          </link>
        </links>
        <committee />
        <text>Considered as unfinished business. (consideration: CR H6441-6442)</text>
        <type>Floor</type>
        <actionCode>H30000</actionCode>
      </item>
      <item>
        <sourceSystem>
          <code>2</code>
          <name>House floor actions</name>
        </sourceSystem>
        <actionTime>13:09:50</actionTime>
        <actionDate>2013-10-09</actionDate>
        <links />
        <committee />
        <text>At the conclusion of debate, the Yeas and Nays were demanded and ordered. Pursuant to the provisions of clause 8, rule XX, the Chair announced that further proceedings on the motion would be postponed.</text>
        <type>Floor</type>
        <actionCode>H37220</actionCode>
      </item>
      <item>
        <sourceSystem>
          <code>2</code>
          <name>House floor actions</name>
        </sourceSystem>
        <actionTime>12:43:03</actionTime>
        <actionDate>2013-10-09</actionDate>
        <links>
          <link>
            <url>https://www.congress.gov/bill/113th-congress/house-joint-resolution/91</url>
            <name>H.J. Res. 91</name>
          </link>
        </links>
        <committee />
        <text>DEBATE - The House proceeded with forty minutes of debate on H.J. Res. 91.</text>
        <type>Floor</type>
        <actionCode>H8D000</actionCode>
      </item>
      <item>
        <sourceSystem>
          <code>2</code>
          <name>House floor actions</name>
        </sourceSystem>
        <actionTime>12:43:00</actionTime>
        <actionDate>2013-10-09</actionDate>
        <links>
          <link>
            <url>https://www.congress.gov/congressional-record/volume-159/house-section/page/H6431-6435</url>
            <name>H6431-6435</name>
          </link>
        </links>
        <committee />
        <text>Considered under suspension of the rules. (consideration: CR H6431-6435)</text>
        <type>Floor</type>
        <actionCode>H30000</actionCode>
      </item>
      <item>
        <sourceSystem>
          <code>2</code>
          <name>House floor actions</name>
        </sourceSystem>
        <actionTime>12:43:00</actionTime>
        <actionDate>2013-10-09</actionDate>
        <links>
          <link>
            <url>https://www.congress.gov/congressional-record/volume-159/house-section/page/H6431</url>
            <name>H6431</name>
          </link>
        </links>
        <committee />
        <text>Mr. Frelinghuysen moved to suspend the rules and pass the resolution. (consideration: CR H6431)</text>
        <type>Floor</type>
        <actionCode>H30300</actionCode>
      </item>
      <item>
        <sourceSystem>
          <code>2</code>
          <name>House floor actions</name>
        </sourceSystem>
        <actionDate>2013-10-08</actionDate>
        <links />
        <committee>
          <systemCode>hsap00</systemCode>
          <name>Appropriations Committee</name>
        </committee>
        <text>Referred to the House Committee on Appropriations.</text>
        <type>IntroReferral</type>
        <actionCode>H11100</actionCode>
      </item>
      <item>
        <sourceSystem>
          <code>9</code>
          <name>Library of Congress</name>
        </sourceSystem>
        <actionDate>2013-10-08</actionDate>
        <links />
        <committee />
        <text>Introduced in House</text>
        <type>IntroReferral</type>
        <actionCode>Intro-H</actionCode>
      </item>
      <item>
        <sourceSystem>
          <code>9</code>
          <name>Library of Congress</name>
        </sourceSystem>
        <actionDate>2013-10-08</actionDate>
        <links />
        <committee />
        <text>Introduced in House</text>
        <type>IntroReferral</type>
        <actionCode>1000</actionCode>
      </item>
      <actionTypeCounts>
        <placeholderTextForH>1</placeholderTextForH>
        <passedSenate>1</passedSenate>
        <passedAgreedToInHouse>1</passedAgreedToInHouse>
        <billReferrals>1</billReferrals>
        <presentedToPresident>1</presentedToPresident>
        <placedOnCalendarSection>2</placedOnCalendarSection>
        <introducedInTheHouse>1</introducedInTheHouse>
        <motionMadeToSuspendTheRules>1</motionMadeToSuspendTheRules>
        <generalDebate>1</generalDebate>
        <sentToHouse>1</sentToHouse>
        <introducedInHouse>1</introducedInHouse>
        <finalPassageUnderSuspensionOfTheRulesResults>1</finalPassageUnderSuspensionOfTheRulesResults>
        <placeholderTextForE>3</placeholderTextForE>
        <passedAgreedToInSenate>1</passedAgreedToInSenate>
        <considerationByHouse>2</considerationByHouse>
        <becamePublicLaw>2</becamePublicLaw>
      </actionTypeCounts>
      <actionByCounts>
        <senate>5</senate>
        <houseOfRepresentatives>10</houseOfRepresentatives>
      </actionByCounts>
    </actions>
    <calendarNumbers>
      <item>
        <number>0216</number>
        <calendar>Senate Calendar of Business</calendar>
      </item>
      <item>
        <number />
        <calendar>Senate Calendar of Business</calendar>
      </item>
    </calendarNumbers>
    <latestAction>
      <links>
        <link>
          <name>Public Law No: 113-44</name>
          <url>https://www.congress.gov/bill/113th-congress/house-joint-resolution/91/text/pl</url>
        </link>
      </links>
      <actionDate>2013-10-10</actionDate>
      <text>Became Public Law No: 113-44.</text>
    </latestAction>
    <titles>
      <item>
        <parentTitleType>Popular Title</parentTitleType>
        <sourceSystem>
          <code>9</code>
          <name>Library of Congress</name>
        </sourceSystem>
        <chamberCode />
        <title>Honoring the families of fallen soldiers bill</title>
        <chamberName />
        <titleType>Popular Titles</titleType>
      </item>
      <item>
        <title>Department of Defense Survivor Benefits Continuing Appropriations Resolution, 2014</title>
        <parentTitleType>Short Title</parentTitleType>
        <titleType>Short Titles as Enacted</titleType>
        <chamberCode />
        <chamberName />
      </item>
      <item>
        <title>Department of Defense Survivor Benefits Continuing Appropriations Resolution, 2014</title>
        <parentTitleType>Short Titles Senate</parentTitleType>
        <titleType>Short Titles as Passed Senate</titleType>
        <chamberCode>S</chamberCode>
        <chamberName>Senate</chamberName>
      </item>
      <item>
        <title>Department of Defense Survivor Benefits Continuing Appropriations Resolution, 2014</title>
        <parentTitleType>Short Titles House of Representatives</parentTitleType>
        <titleType>Short Titles as Passed House</titleType>
        <chamberCode>H</chamberCode>
        <chamberName>House</chamberName>
      </item>
      <item>
        <title>Department of Defense Survivor Benefits Continuing Appropriations Resolution, 2014</title>
        <parentTitleType />
        <titleType>Short Titles as Introduced</titleType>
        <chamberCode />
        <chamberName />
      </item>
      <item>
        <title>Making continuing appropriations for death gratuities and related survivor benefits for survivors of deceased military service members of the Department of Defense for fiscal year 2014, and for other purposes.</title>
        <parentTitleType />
        <titleType>Official Title as Introduced</titleType>
        <chamberCode />
        <chamberName />
      </item>
      <item>
        <title>Department of Defense Survivor Benefits Continuing Appropriations Resolution, 2014</title>
        <parentTitleType />
        <titleType>Display Title</titleType>
        <chamberCode />
        <chamberName />
      </item>
    </titles>
    <summaries>
      <billSummaries>
        <item>
          <updateDate>2013-10-08T04:00:00Z</updateDate>
          <versionCode>00</versionCode>
          <lastSummaryUpdateDate>2013-10-10T22:18:27Z</lastSummaryUpdateDate>
          <name>Introduced in House</name>
          <actionDate>2013-10-08</actionDate>
          <actionDesc>Introduced in House</actionDesc>
          <text><![CDATA[<p>Department of Defense Survivor Benefits Continuing Appropriations Resolution, 2014 - Makes appropriations, out of any money in the Treasury not otherwise appropriated, for death gratuities and related benefits for survivors of deceased military service members of the Department of Defense (DOD) for FY2014, and for other purposes, such amounts as may be necessary, at a rate for operations as provided for FY2013 in the Department of Defense Appropriations Act, 2013 (division C of P.L. 113-6), for &quot;Operation and Maintenance&quot; and &quot;Military Personnel&quot; accounts for continuing the following projects and activities that are not otherwise specifically provided for in this joint resolution or the Pay Our Military Act (P.L. 113-39), and for which appropriations, funds, or other authority were made available by the Department of Defense Appropriations Act, 2013: </p> <ul> <li>payment of death gratuities to certain survivors of deceased military service members, including for the death of members on active duty or inactive duty training, the death of members after discharge or release from duty or training, members and employees dying outside the United States while assigned to intelligence duties, and other eligible survivors; </li> <li>funeral and burial expenses; </li> <li>authorized funeral travel and travel related to the dignified transfer of remains and unit memorial services; and </li> <li>temporary continuation of a basic allowance of housing for certain dependents of members dying on active duty. </li> </ul> <p>Requires the rate of operations to be calculated to reflect the full amount of any reduction required in FY2013 pursuant to: (1) the Consolidated and Further Continuing Appropriations Act, 2013 (P.L. 113-6), and (2) the presidential sequestration order dated March 1, 2013, except as attributable to budget authority made available by the Disaster Relief Appropriations Act, 2013 (P.L. 113-2). </p> <p>Makes appropriations and funds made available and authority granted under this joint resolution available until whichever of the following first occurs: (1) enactment into law of an appropriation for any project or activity provided for in this joint resolution, (2) enactment into law of the applicable appropriations Act for FY2014 without any provision for such project or activity, or (3) December 15, 2013. </p> <p>Requires implementation of this joint resolution so that only the most limited funding action be taken in order to provide for continuation of projects and activities. </p> <p>Expresses the sense of Congress that this joint resolution may also be referred to as the Honoring the Families of Fallen Soldiers Act. </p>]]></text>
        </item>
        <item>
          <updateDate>2013-10-09T11:38:19Z</updateDate>
          <versionCode>81</versionCode>
          <lastSummaryUpdateDate>2013-10-15T15:40:56Z</lastSummaryUpdateDate>
          <name>Passed House without amendment</name>
          <actionDate>2013-10-09</actionDate>
          <actionDesc>Passed House without amendment</actionDesc>
          <text><![CDATA[<p><b>(This measure has not been amended since it was introduced. The summary of that version is repeated here.)</b></p> <p>Department of Defense Survivor Benefits Continuing Appropriations Resolution, 2014 - Makes appropriations, out of any money in the Treasury not otherwise appropriated, for death gratuities and related benefits for survivors of deceased military service members of the Department of Defense (DOD) for FY2014, and for other purposes, such amounts as may be necessary, at a rate for operations as provided for FY2013 in the Department of Defense Appropriations Act, 2013 (division C of P.L. 113-6), for "Operation and Maintenance" and "Military Personnel" accounts for continuing the following projects and activities that are not otherwise specifically provided for in this joint resolution or the Pay Our Military Act (P.L. 113-39), and for which appropriations, funds, or other authority were made available by the Department of Defense Appropriations Act, 2013: </p> <ul> <li>payment of death gratuities to certain survivors of deceased military service members, including for the death of members on active duty or inactive duty training, the death of members after discharge or release from duty or training, members and employees dying outside the United States while assigned to intelligence duties, and other eligible survivors; </li> <li>funeral and burial expenses; </li> <li>authorized funeral travel and travel related to the dignified transfer of remains and unit memorial services; and </li> <li>temporary continuation of a basic allowance of housing for certain dependents of members dying on active duty. </li></ul> <p>Requires the rate of operations to be calculated to reflect the full amount of any reduction required in FY2013 pursuant to: (1) the Consolidated and Further Continuing Appropriations Act, 2013 (P.L. 113-6), and (2) the presidential sequestration order dated March 1, 2013, except as attributable to budget authority made available by the Disaster Relief Appropriations Act, 2013 (P.L. 113-2). </p> <p>Makes appropriations and funds made available and authority granted under this joint resolution available until whichever of the following first occurs: (1) enactment into law of an appropriation for any project or activity provided for in this joint resolution, (2) enactment into law of the applicable appropriations Act for FY2014 without any provision for such project or activity, or (3) December 15, 2013. </p> <p>Requires implementation of this joint resolution so that only the most limited funding action be taken in order to provide for continuation of projects and activities. </p> <p>Expresses the sense of Congress that this joint resolution may also be referred to as the Honoring the Families of Fallen Soldiers Act. </p>]]></text>
        </item>
        <item>
          <updateDate>2013-10-10T11:30:54Z</updateDate>
          <versionCode>82</versionCode>
          <lastSummaryUpdateDate>2013-10-11T20:45:04Z</lastSummaryUpdateDate>
          <name>Passed Senate without amendment</name>
          <actionDate>2013-10-10</actionDate>
          <actionDesc>Passed Senate without amendment</actionDesc>
          <text><![CDATA[<p><b>(This measure has not been amended since it was introduced. The summary of that version is repeated here.)</b></p> <p>Department of Defense Survivor Benefits Continuing Appropriations Resolution, 2014 - Makes appropriations, out of any money in the Treasury not otherwise appropriated, for death gratuities and related benefits for survivors of deceased military service members of the Department of Defense (DOD) for FY2014, and for other purposes, such amounts as may be necessary, at a rate for operations as provided for FY2013 in the Department of Defense Appropriations Act, 2013 (division C of P.L. 113-6), for "Operation and Maintenance" and "Military Personnel" accounts for continuing the following projects and activities that are not otherwise specifically provided for in this joint resolution or the Pay Our Military Act (P.L. 113-39), and for which appropriations, funds, or other authority were made available by the Department of Defense Appropriations Act, 2013: </p> <ul> <li>payment of death gratuities to certain survivors of deceased military service members, including for the death of members on active duty or inactive duty training, the death of members after discharge or release from duty or training, members and employees dying outside the United States while assigned to intelligence duties, and other eligible survivors; </li> <li>funeral and burial expenses; </li> <li>authorized funeral travel and travel related to the dignified transfer of remains and unit memorial services; and </li> <li>temporary continuation of a basic allowance of housing for certain dependents of members dying on active duty. </li></ul> <p>Requires the rate of operations to be calculated to reflect the full amount of any reduction required in FY2013 pursuant to: (1) the Consolidated and Further Continuing Appropriations Act, 2013 (P.L. 113-6), and (2) the presidential sequestration order dated March 1, 2013, except as attributable to budget authority made available by the Disaster Relief Appropriations Act, 2013 (P.L. 113-2). </p> <p>Makes appropriations and funds made available and authority granted under this joint resolution available until whichever of the following first occurs: (1) enactment into law of an appropriation for any project or activity provided for in this joint resolution, (2) enactment into law of the applicable appropriations Act for FY2014 without any provision for such project or activity, or (3) December 15, 2013. </p> <p>Requires implementation of this joint resolution so that only the most limited funding action be taken in order to provide for continuation of projects and activities. </p> <p>Expresses the sense of Congress that this joint resolution may also be referred to as the Honoring the Families of Fallen Soldiers Act. </p>]]></text>
        </item>
        <item>
          <updateDate>2013-10-11T03:59:58Z</updateDate>
          <versionCode>49</versionCode>
          <lastSummaryUpdateDate>2013-10-15T15:40:35Z</lastSummaryUpdateDate>
          <name>Public Law</name>
          <actionDate>2013-10-10</actionDate>
          <actionDesc>Public Law</actionDesc>
          <text><![CDATA[<p><b>(This measure has not been amended since it was introduced. The summary of that version is repeated here.)</b></p> <p>Department of Defense Survivor Benefits Continuing Appropriations Resolution, 2014 - Makes appropriations, out of any money in the Treasury not otherwise appropriated, for death gratuities and related benefits for survivors of deceased military service members of the Department of Defense (DOD) for FY2014, and for other purposes, such amounts as may be necessary, at a rate for operations as provided for FY2013 in the Department of Defense Appropriations Act, 2013 (division C of P.L. 113-6), for &quot;Operation and Maintenance&quot; and &quot;Military Personnel&quot; accounts for continuing the following projects and activities that are not otherwise specifically provided for in this joint resolution or the Pay Our Military Act (P.L. 113-39), and for which appropriations, funds, or other authority were made available by the Department of Defense Appropriations Act, 2013: </p> <ul> <li>payment of death gratuities to certain survivors of deceased military service members, including for the death of members on active duty or inactive duty training, the death of members after discharge or release from duty or training, members and employees dying outside the United States while assigned to intelligence duties, and other eligible survivors; </li> <li>funeral and burial expenses; </li> <li>authorized funeral travel and travel related to the dignified transfer of remains and unit memorial services; and </li> <li>temporary continuation of a basic allowance of housing for certain dependents of members dying on active duty. </li> </ul> <p>Requires the rate of operations to be calculated to reflect the full amount of any reduction required in FY2013 pursuant to: (1) the Consolidated and Further Continuing Appropriations Act, 2013 (P.L. 113-6), and (2) the presidential sequestration order dated March 1, 2013, except as attributable to budget authority made available by the Disaster Relief Appropriations Act, 2013 (P.L. 113-2). </p> <p>Makes appropriations and funds made available and authority granted under this joint resolution available until whichever of the following first occurs: (1) enactment into law of an appropriation for any project or activity provided for in this joint resolution, (2) enactment into law of the applicable appropriations Act for FY2014 without any provision for such project or activity, or (3) December 15, 2013. </p> <p>Requires implementation of this joint resolution so that only the most limited funding action be taken in order to provide for continuation of projects and activities. </p> <p>Expresses the sense of Congress that this joint resolution may also be referred to as the Honoring the Families of Fallen Soldiers Act. </p>]]></text>
        </item>
      </billSummaries>
    </summaries>
    <constitutionalAuthorityStatementText><![CDATA[<pre>By Mr. FRELINGHUYSEN:H.J. Res. 91.Congress has the power to enact this legislation pursuantto the following:The principal constitutional authority for this legislationis clause 7 of section 9 of article I of the Constitution ofthe United States (the appropriation power), which states:``No Money shall be drawn from the Treasury, but inConsequence of Appropriations made by Law. . . .'' Inaddition, clause 1 of section 8 of article I of theConstitution (the spending power) provides: ``The Congressshall have the Power . . . to pay the Debts and provide forthe common Defence and general Welfare of the United States.. . .'' Together, these specific constitutional provisionsestablish the congressional power of the purse, grantingCongress the authority to appropriate funds, to determinetheir purpose, amount, and period of availability, and to setforth terms and conditions governing their use.____________________[Page H6412]</pre>]]></constitutionalAuthorityStatementText>
    <createDate>2013-10-09T07:01:07Z</createDate>
    <sponsors>
      <item>
        <state>NJ</state>
        <fullName>Rep. Frelinghuysen, Rodney P. [R-NJ-11]</fullName>
        <middleName />
        <identifiers>
          <bioguideId>F000372</bioguideId>
          <lisID>414</lisID>
          <gpoId>8053</gpoId>
        </identifiers>
        <firstName>RODNEY</firstName>
        <lastName>FRELINGHUYSEN</lastName>
        <bioguideId>F000372</bioguideId>
        <district>11</district>
        <byRequestType />
        <party>R</party>
      </item>
    </sponsors>
    <cosponsors>
      <item>
        <firstName>Ron</firstName>
        <sponsorshipWithdrawnDate />
        <identifiers>
          <lisID>2093</lisID>
          <gpoId>8368</gpoId>
          <bioguideId>B001279</bioguideId>
        </identifiers>
        <party>D</party>
        <isOriginalCosponsor>True</isOriginalCosponsor>
        <fullName>Rep. Barber, Ron [D-AZ-2]</fullName>
        <middleName />
        <sponsorshipDate>2013-10-08</sponsorshipDate>
        <bioguideId>B001279</bioguideId>
        <district>2</district>
        <state>AZ</state>
        <lastName>Barber</lastName>
      </item>
      <item>
        <firstName>PETER</firstName>
        <sponsorshipWithdrawnDate />
        <identifiers>
          <lisID>279</lisID>
          <gpoId>8117</gpoId>
          <bioguideId>D000191</bioguideId>
        </identifiers>
        <party>D</party>
        <isOriginalCosponsor>True</isOriginalCosponsor>
        <fullName>Rep. DeFazio, Peter A. [D-OR-4]</fullName>
        <middleName>A.</middleName>
        <sponsorshipDate>2013-10-08</sponsorshipDate>
        <bioguideId>D000191</bioguideId>
        <district>4</district>
        <state>OR</state>
        <lastName>DEFAZIO</lastName>
      </item>
      <item>
        <firstName>Lou</firstName>
        <sponsorshipWithdrawnDate />
        <identifiers>
          <gpoId>8129</gpoId>
          <lisID>2054</lisID>
          <bioguideId>B001269</bioguideId>
        </identifiers>
        <party>R</party>
        <isOriginalCosponsor>True</isOriginalCosponsor>
        <fullName>Rep. Barletta, Lou [R-PA-11]</fullName>
        <middleName />
        <sponsorshipDate>2013-10-08</sponsorshipDate>
        <bioguideId>B001269</bioguideId>
        <district>11</district>
        <state>PA</state>
        <lastName>Barletta</lastName>
      </item>
      <item>
        <firstName>Gwen</firstName>
        <sponsorshipWithdrawnDate />
        <identifiers>
          <lisID>1811</lisID>
          <bioguideId>M001160</bioguideId>
          <gpoId>8217</gpoId>
        </identifiers>
        <party>D</party>
        <isOriginalCosponsor>True</isOriginalCosponsor>
        <fullName>Rep. Moore, Gwen [D-WI-4]</fullName>
        <middleName />
        <sponsorshipDate>2013-10-08</sponsorshipDate>
        <bioguideId>M001160</bioguideId>
        <district>4</district>
        <state>WI</state>
        <lastName>Moore</lastName>
      </item>
      <item>
        <firstName>Juan</firstName>
        <sponsorshipWithdrawnDate />
        <identifiers>
          <lisID>2112</lisID>
          <gpoId />
          <bioguideId>V000130</bioguideId>
        </identifiers>
        <party>D</party>
        <isOriginalCosponsor>True</isOriginalCosponsor>
        <fullName>Rep. Vargas, Juan [D-CA-51]</fullName>
        <middleName />
        <sponsorshipDate>2013-10-08</sponsorshipDate>
        <bioguideId>V000130</bioguideId>
        <district>51</district>
        <state>CA</state>
        <lastName>Vargas</lastName>
      </item>
      <item>
        <firstName>SANFORD</firstName>
        <sponsorshipWithdrawnDate />
        <identifiers>
          <lisID>91</lisID>
          <gpoId>7899</gpoId>
          <bioguideId>B000490</bioguideId>
        </identifiers>
        <party>D</party>
        <isOriginalCosponsor>True</isOriginalCosponsor>
        <fullName>Rep. Bishop, Sanford D., Jr. [D-GA-2]</fullName>
        <middleName>D.</middleName>
        <sponsorshipDate>2013-10-08</sponsorshipDate>
        <bioguideId>B000490</bioguideId>
        <district>2</district>
        <state>GA</state>
        <lastName>BISHOP</lastName>
      </item>
      <item>
        <firstName>Christopher</firstName>
        <sponsorshipWithdrawnDate />
        <identifiers>
          <lisID>2043</lisID>
          <gpoId>8081</gpoId>
          <bioguideId>G000564</bioguideId>
        </identifiers>
        <party>R</party>
        <isOriginalCosponsor>True</isOriginalCosponsor>
        <fullName>Rep. Gibson, Christopher P. [R-NY-19]</fullName>
        <middleName>P.</middleName>
        <sponsorshipDate>2013-10-08</sponsorshipDate>
        <bioguideId>G000564</bioguideId>
        <district>19</district>
        <state>NY</state>
        <lastName>Gibson</lastName>
      </item>
      <item>
        <firstName>Denny</firstName>
        <sponsorshipWithdrawnDate />
        <identifiers>
          <bioguideId>H001064</bioguideId>
          <gpoId />
          <lisID>2170</lisID>
        </identifiers>
        <party>D</party>
        <isOriginalCosponsor>True</isOriginalCosponsor>
        <fullName>Rep. Heck, Denny [D-WA-10]</fullName>
        <middleName />
        <sponsorshipDate>2013-10-08</sponsorshipDate>
        <bioguideId>H001064</bioguideId>
        <district>10</district>
        <state>WA</state>
        <lastName>Heck</lastName>
      </item>
      <item>
        <firstName>Billy</firstName>
        <sponsorshipWithdrawnDate />
        <identifiers>
          <bioguideId>L000576</bioguideId>
          <lisID>2033</lisID>
          <gpoId>8015</gpoId>
        </identifiers>
        <party>R</party>
        <isOriginalCosponsor>True</isOriginalCosponsor>
        <fullName>Rep. Long, Billy [R-MO-7]</fullName>
        <middleName />
        <sponsorshipDate>2013-10-08</sponsorshipDate>
        <bioguideId>L000576</bioguideId>
        <district>7</district>
        <state>MO</state>
        <lastName>Long</lastName>
      </item>
      <item>
        <firstName>Lynn</firstName>
        <sponsorshipWithdrawnDate />
        <identifiers>
          <bioguideId>J000290</bioguideId>
          <lisID>1921</lisID>
          <gpoId>7950</gpoId>
        </identifiers>
        <party>R</party>
        <isOriginalCosponsor>True</isOriginalCosponsor>
        <fullName>Rep. Jenkins, Lynn [R-KS-2]</fullName>
        <middleName />
        <sponsorshipDate>2013-10-08</sponsorshipDate>
        <bioguideId>J000290</bioguideId>
        <district>2</district>
        <state>KS</state>
        <lastName>Jenkins</lastName>
      </item>
      <item>
        <firstName>HAROLD</firstName>
        <sponsorshipWithdrawnDate />
        <identifiers>
          <bioguideId>R000395</bioguideId>
          <lisID>977</lisID>
          <gpoId>7957</gpoId>
        </identifiers>
        <party>R</party>
        <isOriginalCosponsor>True</isOriginalCosponsor>
        <fullName>Rep. Rogers, Harold [R-KY-5]</fullName>
        <middleName />
        <sponsorshipDate>2013-10-08</sponsorshipDate>
        <bioguideId>R000395</bioguideId>
        <district>5</district>
        <state>KY</state>
        <lastName>ROGERS</lastName>
      </item>
      <item>
        <firstName>C. W.</firstName>
        <sponsorshipWithdrawnDate />
        <identifiers>
          <gpoId>7882</gpoId>
          <lisID>1255</lisID>
          <bioguideId>Y000031</bioguideId>
        </identifiers>
        <party>R</party>
        <isOriginalCosponsor>True</isOriginalCosponsor>
        <fullName>Rep. Young, C. W. Bill [R-FL-13]</fullName>
        <middleName>Bill</middleName>
        <sponsorshipDate>2013-10-08</sponsorshipDate>
        <bioguideId>Y000031</bioguideId>
        <district>13</district>
        <state>FL</state>
        <lastName>Young</lastName>
      </item>
      <item>
        <firstName>Renee</firstName>
        <sponsorshipWithdrawnDate />
        <identifiers>
          <lisID>2036</lisID>
          <gpoId>8025</gpoId>
          <bioguideId>E000291</bioguideId>
        </identifiers>
        <party>R</party>
        <isOriginalCosponsor>True</isOriginalCosponsor>
        <fullName>Rep. Ellmers, Renee L. [R-NC-2]</fullName>
        <middleName>L.</middleName>
        <sponsorshipDate>2013-10-08</sponsorshipDate>
        <bioguideId>E000291</bioguideId>
        <district>2</district>
        <state>NC</state>
        <lastName>Ellmers</lastName>
      </item>
      <item>
        <firstName>SHEILA</firstName>
        <sponsorshipWithdrawnDate />
        <identifiers>
          <gpoId>8174</gpoId>
          <lisID>588</lisID>
          <bioguideId>J000032</bioguideId>
        </identifiers>
        <party>D</party>
        <isOriginalCosponsor>False</isOriginalCosponsor>
        <fullName>Rep. Jackson Lee, Sheila [D-TX-18]</fullName>
        <middleName />
        <sponsorshipDate>2013-10-09</sponsorshipDate>
        <bioguideId>J000032</bioguideId>
        <district>18</district>
        <state>TX</state>
        <lastName>JACKSON LEE</lastName>
      </item>
      <item>
        <firstName>Joe</firstName>
        <sponsorshipWithdrawnDate />
        <identifiers>
          <gpoId>8142</gpoId>
          <lisID>1688</lisID>
          <bioguideId>W000795</bioguideId>
        </identifiers>
        <party>R</party>
        <isOriginalCosponsor>False</isOriginalCosponsor>
        <fullName>Rep. Wilson, Joe [R-SC-2]</fullName>
        <middleName />
        <sponsorshipDate>2013-10-09</sponsorshipDate>
        <bioguideId>W000795</bioguideId>
        <district>2</district>
        <state>SC</state>
        <lastName>Wilson</lastName>
      </item>
      <item>
        <firstName>Jeff</firstName>
        <sponsorshipWithdrawnDate />
        <identifiers>
          <lisID>1685</lisID>
          <gpoId>7873</gpoId>
          <bioguideId>M001144</bioguideId>
        </identifiers>
        <party>R</party>
        <isOriginalCosponsor>False</isOriginalCosponsor>
        <fullName>Rep. Miller, Jeff [R-FL-1]</fullName>
        <middleName />
        <sponsorshipDate>2013-10-09</sponsorshipDate>
        <bioguideId>M001144</bioguideId>
        <district>1</district>
        <state>FL</state>
        <lastName>Miller</lastName>
      </item>
      <item>
        <firstName>Michael</firstName>
        <sponsorshipWithdrawnDate />
        <identifiers>
          <lisID>1741</lisID>
          <bioguideId>T000463</bioguideId>
          <gpoId>8093</gpoId>
        </identifiers>
        <party>R</party>
        <isOriginalCosponsor>False</isOriginalCosponsor>
        <fullName>Rep. Turner, Michael R. [R-OH-10]</fullName>
        <middleName>R.</middleName>
        <sponsorshipDate>2013-10-09</sponsorshipDate>
        <bioguideId>T000463</bioguideId>
        <district>10</district>
        <state>OH</state>
        <lastName>Turner</lastName>
      </item>
      <item>
        <firstName>Michael</firstName>
        <sponsorshipWithdrawnDate />
        <identifiers>
          <lisID>1797</lisID>
          <gpoId>8126</gpoId>
          <bioguideId>F000451</bioguideId>
        </identifiers>
        <party>R</party>
        <isOriginalCosponsor>False</isOriginalCosponsor>
        <fullName>Rep. Fitzpatrick, Michael G. [R-PA-8]</fullName>
        <middleName>G.</middleName>
        <sponsorshipDate>2013-10-09</sponsorshipDate>
        <bioguideId>F000451</bioguideId>
        <district>8</district>
        <state>PA</state>
        <lastName>Fitzpatrick</lastName>
      </item>
      <item>
        <firstName>Daniel</firstName>
        <sponsorshipWithdrawnDate />
        <identifiers>
          <lisID>2134</lisID>
          <gpoId />
          <bioguideId>K000380</bioguideId>
        </identifiers>
        <party>D</party>
        <isOriginalCosponsor>False</isOriginalCosponsor>
        <fullName>Rep. Kildee, Daniel T [D-MI-5]</fullName>
        <middleName>T.</middleName>
        <sponsorshipDate>2013-10-09</sponsorshipDate>
        <bioguideId>K000380</bioguideId>
        <district>5</district>
        <state>MI</state>
        <lastName>Kildee</lastName>
      </item>
      <item>
        <firstName>Terri</firstName>
        <sponsorshipWithdrawnDate />
        <identifiers>
          <bioguideId>S001185</bioguideId>
          <lisID>1988</lisID>
          <gpoId>7792</gpoId>
        </identifiers>
        <party>D</party>
        <isOriginalCosponsor>False</isOriginalCosponsor>
        <fullName>Rep. Sewell, Terri A. [D-AL-7]</fullName>
        <middleName>A.</middleName>
        <sponsorshipDate>2013-10-09</sponsorshipDate>
        <bioguideId>S001185</bioguideId>
        <district>7</district>
        <state>AL</state>
        <lastName>Sewell</lastName>
      </item>
    </cosponsors>
  </bill>
  <dublinCore xmlns:dc="http://purl.org/dc/elements/1.1/">
    <dc:format>text/xml</dc:format>
    <dc:language>EN</dc:language>
    <dc:rights>Pursuant to Title 17 Section 105 of the United States Code, this file is not subject to copyright protection and is in the public domain.</dc:rights>
    <dc:contributor>Congressional Research Service, Library of Congress</dc:contributor>
    <dc:description>This file contains bill summaries and statuses for federal legislation. A bill summary describes the most significant provisions of a piece of legislation and details the effects the legislative text may have on current law and federal programs. Bill summaries are authored by the Congressional Research Service (CRS) of the Library of Congress. As stated in Public Law 91-510 (2 USC 166 (d)(6)), one of the duties of CRS is "to prepare summaries and digests of bills and resolutions of a public general nature introduced in the Senate or House of Representatives". For more information, refer to the User Guide that accompanies this file.</dc:description>
  </dublinCore>
</billStatus>

