<?xml version="1.0" encoding="UTF-8"?>
<billStatus>
  <bill>
    <title>Making further continuing appropriations for fiscal year 2015, and for other purposes.</title>
    <updateDate>2016-10-25T15:56:40Z</updateDate>
    <relatedBills>
      <item>
        <latestTitle>Making further continuing appropriations for fiscal year 2015, and for other purposes.</latestTitle>
        <number>130</number>
        <latestAction>
          <text>Became Public Law No: 113-202.</text>
          <actionDate>2014-12-12</actionDate>
        </latestAction>
        <type>HJRES</type>
        <congress>113</congress>
        <relationshipDetails>
          <item>
            <identifiedBy>CRS</identifiedBy>
            <type>Related bill</type>
          </item>
        </relationshipDetails>
      </item>
    </relatedBills>
    <introducedDate>2014-12-12</introducedDate>
    <originChamber>House</originChamber>
    <cboCostEstimates />
    <policyArea>
      <name>Economics and Public Finance</name>
    </policyArea>
    <congress>113</congress>
    <billNumber>131</billNumber>
    <billType>HJRES</billType>
    <amendments />
    <recordedVotes />
    <committees>
      <billCommittees>
        <item>
          <activities>
            <item>
              <name>Discharged from</name>
              <date>2014-12-12T20:04:20Z</date>
            </item>
            <item>
              <name>Referred to</name>
              <date>2014-12-12T20:03:01Z</date>
            </item>
          </activities>
          <name>Appropriations Committee</name>
          <subcommittees />
          <chamber>House</chamber>
          <type>Standing</type>
          <systemCode>hsap00</systemCode>
        </item>
      </billCommittees>
    </committees>
    <laws>
      <item>
        <type>Public Law</type>
        <number>113-203</number>
      </item>
    </laws>
    <subjects>
      <billSubjects>
        <legislativeSubjects>
          <item>
            <name>Appropriations</name>
          </item>
          <item>
            <name>Executive agency funding and structure</name>
          </item>
        </legislativeSubjects>
        <policyArea>
          <name>Economics and Public Finance</name>
        </policyArea>
      </billSubjects>
    </subjects>
    <notes>
      <item>
        <links />
        <text><![CDATA[Continuing appropriations through 12/17/2014.]]></text>
      </item>
    </notes>
    <committeeReports />
    <actions>
      <actionTypeCounts>
        <introducedInTheHouse>1</introducedInTheHouse>
        <becamePublicLaw>2</becamePublicLaw>
        <introducedInHouse>1</introducedInHouse>
        <presentedToPresident>1</presentedToPresident>
        <passedSenate>1</passedSenate>
        <sentToHouse>1</sentToHouse>
        <passageOfAMeasure>1</passageOfAMeasure>
        <considerationByHouse>1</considerationByHouse>
        <committeeDischarged>1</committeeDischarged>
        <passedAgreedToInSenate>1</passedAgreedToInSenate>
        <passedAgreedToInHouse>1</passedAgreedToInHouse>
        <introducedInSenate>1</introducedInSenate>
        <billReferrals>1</billReferrals>
        <houseCommitteeDischarged>1</houseCommitteeDischarged>
        <placeholderTextForE>3</placeholderTextForE>
        <motionToReconsiderResults>1</motionToReconsiderResults>
        <unanimousConsentRequestToConsider>1</unanimousConsentRequestToConsider>
      </actionTypeCounts>
      <actionByCounts>
        <houseOfRepresentatives>10</houseOfRepresentatives>
        <senate>4</senate>
      </actionByCounts>
      <item>
        <links>
          <link>
            <url>https://www.congress.gov/bill/113th-congress/house-joint-resolution/131/text/pl</url>
            <name>Public Law No: 113-203</name>
          </link>
        </links>
        <committee />
        <actionCode>E40000</actionCode>
        <actionDate>2014-12-13</actionDate>
        <text>Became Public Law No: 113-203.</text>
        <type>President</type>
        <sourceSystem>
          <name>House floor actions</name>
          <code>2</code>
        </sourceSystem>
      </item>
      <item>
        <links>
          <link>
            <url>https://www.congress.gov/bill/113th-congress/house-joint-resolution/131/text/pl</url>
            <name>Public Law No: 113-203</name>
          </link>
        </links>
        <committee />
        <actionCode>36000</actionCode>
        <actionDate>2014-12-13</actionDate>
        <text>Became Public Law No: 113-203.</text>
        <type>BecameLaw</type>
        <sourceSystem>
          <name>Library of Congress</name>
          <code>9</code>
        </sourceSystem>
      </item>
      <item>
        <links />
        <committee />
        <actionCode>E30000</actionCode>
        <actionDate>2014-12-13</actionDate>
        <text>Signed by President.</text>
        <type>President</type>
        <sourceSystem>
          <name>House floor actions</name>
          <code>2</code>
        </sourceSystem>
      </item>
      <item>
        <links />
        <committee />
        <actionCode>36000</actionCode>
        <actionDate>2014-12-13</actionDate>
        <text>Signed by President.</text>
        <type>BecameLaw</type>
        <sourceSystem>
          <name>Library of Congress</name>
          <code>9</code>
        </sourceSystem>
      </item>
      <item>
        <links />
        <committee />
        <actionCode>E20000</actionCode>
        <actionDate>2014-12-13</actionDate>
        <text>Presented to President.</text>
        <type>Floor</type>
        <sourceSystem>
          <name>House floor actions</name>
          <code>2</code>
        </sourceSystem>
      </item>
      <item>
        <links />
        <committee />
        <actionCode>28000</actionCode>
        <actionDate>2014-12-13</actionDate>
        <text>Presented to President.</text>
        <type>President</type>
        <sourceSystem>
          <name>Library of Congress</name>
          <code>9</code>
        </sourceSystem>
      </item>
      <item>
        <actionDate>2014-12-13</actionDate>
        <committee />
        <links />
        <sourceSystem>
          <name>Senate</name>
          <code>0</code>
        </sourceSystem>
        <text>Message on Senate action sent to the House.</text>
        <type>Floor</type>
      </item>
      <item>
        <actionDate>2014-12-13</actionDate>
        <committee />
        <links>
          <link>
            <url>https://www.congress.gov/congressional-record/volume-160/senate-section/page/S6801</url>
            <name>S6801</name>
          </link>
        </links>
        <sourceSystem>
          <name>Senate</name>
          <code>0</code>
        </sourceSystem>
        <text>Passed Senate without amendment by Voice Vote. (consideration: CR S6801)</text>
        <type>Floor</type>
      </item>
      <item>
        <links>
          <link>
            <url>https://www.congress.gov/congressional-record/volume-160/senate-section/page/S6801</url>
            <name>S6801</name>
          </link>
        </links>
        <committee />
        <actionCode>17000</actionCode>
        <actionDate>2014-12-13</actionDate>
        <text>Passed/agreed to in Senate: Passed Senate without amendment by Voice Vote.(consideration: CR S6801)</text>
        <type>Floor</type>
        <sourceSystem>
          <name>Library of Congress</name>
          <code>9</code>
        </sourceSystem>
      </item>
      <item>
        <actionDate>2014-12-12</actionDate>
        <committee />
        <links />
        <sourceSystem>
          <name>Senate</name>
          <code>0</code>
        </sourceSystem>
        <text>Received in the Senate, read twice.</text>
        <type>IntroReferral</type>
      </item>
      <item>
        <links />
        <committee />
        <actionTime>15:04:45</actionTime>
        <actionDate>2014-12-12</actionDate>
        <actionCode>H38310</actionCode>
        <text>Motion to reconsider laid on the table Agreed to without objection.</text>
        <type>Floor</type>
        <sourceSystem>
          <name>House floor actions</name>
          <code>2</code>
        </sourceSystem>
      </item>
      <item>
        <links>
          <link>
            <url>https://www.congress.gov/congressional-record/volume-160/house-section/page/H10314</url>
            <name>H10314</name>
          </link>
        </links>
        <committee />
        <actionTime>15:04:44</actionTime>
        <actionDate>2014-12-12</actionDate>
        <actionCode>H37100</actionCode>
        <text>On passage Passed without objection. (text: CR H10314)</text>
        <type>Floor</type>
        <sourceSystem>
          <name>House floor actions</name>
          <code>2</code>
        </sourceSystem>
      </item>
      <item>
        <links>
          <link>
            <url>https://www.congress.gov/congressional-record/volume-160/house-section/page/H10314</url>
            <name>H10314</name>
          </link>
        </links>
        <committee />
        <actionTime>15:04:44</actionTime>
        <actionDate>2014-12-12</actionDate>
        <actionCode>8000</actionCode>
        <text>Passed/agreed to in House: On passage Passed without objection.(text: CR H10314)</text>
        <type>Floor</type>
        <sourceSystem>
          <name>Library of Congress</name>
          <code>9</code>
        </sourceSystem>
      </item>
      <item>
        <links>
          <link>
            <url>https://www.congress.gov/congressional-record/volume-160/house-section/page/H10314</url>
            <name>H10314</name>
          </link>
        </links>
        <committee />
        <actionTime>15:04:21</actionTime>
        <actionDate>2014-12-12</actionDate>
        <actionCode>H30000</actionCode>
        <text>Considered by unanimous consent. (consideration: CR H10314)</text>
        <type>Floor</type>
        <sourceSystem>
          <name>House floor actions</name>
          <code>2</code>
        </sourceSystem>
      </item>
      <item>
        <links />
        <committee>
          <systemCode>hsap00</systemCode>
          <name>Appropriations Committee</name>
        </committee>
        <actionCode>H12300</actionCode>
        <actionDate>2014-12-12</actionDate>
        <text>Committee on Appropriations discharged.</text>
        <type>Discharge</type>
        <sourceSystem>
          <name>House floor actions</name>
          <code>2</code>
        </sourceSystem>
      </item>
      <item>
        <links />
        <committee>
          <systemCode>hsap00</systemCode>
          <name>Appropriations Committee</name>
        </committee>
        <actionCode>5500</actionCode>
        <actionDate>2014-12-12</actionDate>
        <text>Committee on Appropriations discharged.</text>
        <type>Committee</type>
        <sourceSystem>
          <name>Library of Congress</name>
          <code>9</code>
        </sourceSystem>
      </item>
      <item>
        <links />
        <committee />
        <actionTime>15:04:18</actionTime>
        <actionDate>2014-12-12</actionDate>
        <actionCode>H30200</actionCode>
        <text>Mr. Culberson asked unanimous consent to discharge from committee and consider.</text>
        <type>Floor</type>
        <sourceSystem>
          <name>House floor actions</name>
          <code>2</code>
        </sourceSystem>
      </item>
      <item>
        <links />
        <committee>
          <systemCode>hsap00</systemCode>
          <name>Appropriations Committee</name>
        </committee>
        <actionCode>H11100</actionCode>
        <actionDate>2014-12-12</actionDate>
        <text>Referred to the House Committee on Appropriations.</text>
        <type>IntroReferral</type>
        <sourceSystem>
          <name>House floor actions</name>
          <code>2</code>
        </sourceSystem>
      </item>
      <item>
        <links />
        <committee />
        <actionCode>Intro-H</actionCode>
        <actionDate>2014-12-12</actionDate>
        <text>Introduced in House</text>
        <type>IntroReferral</type>
        <sourceSystem>
          <name>Library of Congress</name>
          <code>9</code>
        </sourceSystem>
      </item>
      <item>
        <links />
        <committee />
        <actionCode>1000</actionCode>
        <actionDate>2014-12-12</actionDate>
        <text>Introduced in House</text>
        <type>IntroReferral</type>
        <sourceSystem>
          <name>Library of Congress</name>
          <code>9</code>
        </sourceSystem>
      </item>
    </actions>
    <calendarNumbers />
    <latestAction>
      <links>
        <link>
          <name>Public Law No: 113-203</name>
          <url>https://www.congress.gov/bill/113th-congress/house-joint-resolution/131/text/pl</url>
        </link>
      </links>
      <actionDate>2014-12-13</actionDate>
      <text>Became Public Law No: 113-203.</text>
    </latestAction>
    <titles>
      <item>
        <chamberName />
        <titleType>Official Title as Introduced</titleType>
        <parentTitleType />
        <title>Making further continuing appropriations for fiscal year 2015, and for other purposes.</title>
        <chamberCode />
      </item>
      <item>
        <chamberName />
        <titleType>Display Title</titleType>
        <parentTitleType />
        <title>Making further continuing appropriations for fiscal year 2015, and for other purposes.</title>
        <chamberCode />
      </item>
    </titles>
    <summaries>
      <billSummaries>
        <item>
          <versionCode>00</versionCode>
          <actionDate>2014-12-12</actionDate>
          <name>Introduced in House</name>
          <lastSummaryUpdateDate>2014-12-15T17:38:26Z</lastSummaryUpdateDate>
          <text><![CDATA[<p>Amends the Continuing Appropriations Resolution, 2015 to extend the continuing FY2015 appropriations to federal agencies at the current annual rate until December 17, 2014, or enactment of specified appropriations legislation.</p>]]></text>
          <actionDesc>Introduced in House</actionDesc>
          <updateDate>2014-12-12T05:00:00Z</updateDate>
        </item>
        <item>
          <versionCode>81</versionCode>
          <actionDate>2014-12-12</actionDate>
          <name>Passed House without amendment</name>
          <lastSummaryUpdateDate>2014-12-15T19:32:31Z</lastSummaryUpdateDate>
          <text><![CDATA[<p><b>(This measure has not been amended since it was introduced. The summary of that version is repeated here.)</b></p> <p>Amends the Continuing Appropriations Resolution, 2015 to extend the continuing FY2015 appropriations to federal agencies at the current annual rate until December 17, 2014, or enactment of specified appropriations legislation.</p>]]></text>
          <actionDesc>Passed House without amendment</actionDesc>
          <updateDate>2014-12-12T14:04:14Z</updateDate>
        </item>
        <item>
          <versionCode>82</versionCode>
          <actionDate>2014-12-13</actionDate>
          <name>Passed Senate without amendment</name>
          <lastSummaryUpdateDate>2014-12-19T18:14:01Z</lastSummaryUpdateDate>
          <text><![CDATA[<p><b>(This measure has not been amended since it was introduced. The summary of that version is repeated here.)</b></p> <p>Amends the Continuing Appropriations Resolution, 2015 to extend the continuing FY2015 appropriations to federal agencies at the current annual rate until December 17, 2014, or enactment of specified appropriations legislation.</p>]]></text>
          <actionDesc>Passed Senate without amendment</actionDesc>
          <updateDate>2014-12-13T15:25:53Z</updateDate>
        </item>
        <item>
          <versionCode>49</versionCode>
          <actionDate>2014-12-13</actionDate>
          <name>Public Law</name>
          <lastSummaryUpdateDate>2014-12-19T18:14:12Z</lastSummaryUpdateDate>
          <text><![CDATA[<p><b>(This measure has not been amended since it was introduced. The summary of that version is repeated here.)</b></p> <p>Amends the Continuing Appropriations Resolution, 2015 to extend the continuing FY2015 appropriations to federal agencies at the current annual rate until December 17, 2014, or enactment of specified appropriations legislation.</p>]]></text>
          <actionDesc>Public Law</actionDesc>
          <updateDate>2014-12-14T04:59:58Z</updateDate>
        </item>
      </billSummaries>
    </summaries>
    <constitutionalAuthorityStatementText><![CDATA[<pre>By Mr. ROGERS of Kentucky:H.J. Res. 131.Congress has the power to enact this legislation pursuantto the following:The principal constitutional authority for this legislationis clause 7 of section 9 of article I of the Constitution ofthe United States (the appropriation power), which states:``No Money shall be drawn from the Treasury, but inConsequence of Appropriations made by Law . . . .'' Inaddition, clause 1 of section 8 of article I of theConstitution (the spending power) provides: ``The Congressshall have the Power. . . to pay the Debts and provide forthe common Defence and general Welfare of the United States .. . .'' Together, these specific constitutional provisionsestablish the congressional power of the purse, grantingCongress the authority to appropriate finds, to determinetheir purpose, amount, and period of availability, and to setforth terms and conditions governing their use.____________________[Page H10318]</pre>]]></constitutionalAuthorityStatementText>
    <createDate>2014-12-13T04:47:32Z</createDate>
    <sponsors>
      <item>
        <state>KY</state>
        <fullName>Rep. Rogers, Harold [R-KY-5]</fullName>
        <middleName />
        <identifiers>
          <lisID>977</lisID>
          <gpoId>7957</gpoId>
          <bioguideId>R000395</bioguideId>
        </identifiers>
        <firstName>HAROLD</firstName>
        <lastName>ROGERS</lastName>
        <bioguideId>R000395</bioguideId>
        <district>5</district>
        <byRequestType />
        <party>R</party>
      </item>
    </sponsors>
    <cosponsors />
  </bill>
  <dublinCore xmlns:dc="http://purl.org/dc/elements/1.1/">
    <dc:format>text/xml</dc:format>
    <dc:language>EN</dc:language>
    <dc:rights>Pursuant to Title 17 Section 105 of the United States Code, this file is not subject to copyright protection and is in the public domain.</dc:rights>
    <dc:contributor>Congressional Research Service, Library of Congress</dc:contributor>
    <dc:description>This file contains bill summaries and statuses for federal legislation. A bill summary describes the most significant provisions of a piece of legislation and details the effects the legislative text may have on current law and federal programs. Bill summaries are authored by the Congressional Research Service (CRS) of the Library of Congress. As stated in Public Law 91-510 (2 USC 166 (d)(6)), one of the duties of CRS is "to prepare summaries and digests of bills and resolutions of a public general nature introduced in the Senate or House of Representatives". For more information, refer to the User Guide that accompanies this file.</dc:description>
  </dublinCore>
</billStatus>

