<?xml version="1.0" encoding="UTF-8"?>
<billStatus>
  <bill>
    <cosponsors />
    <titles>
      <item>
        <chamberCode />
        <titleType>Official Title as Introduced</titleType>
        <chamberName />
        <title>To require zero-based budgeting for departments and agencies of the Government.</title>
        <parentTitleType />
      </item>
      <item>
        <chamberCode />
        <titleType>Display Title</titleType>
        <chamberName />
        <title>To require zero-based budgeting for departments and agencies of the Government.</title>
        <parentTitleType />
      </item>
    </titles>
    <laws />
    <amendments />
    <createDate>2017-01-13T04:55:31Z</createDate>
    <updateDate>2017-01-13T10:07:09Z</updateDate>
    <relatedBills />
    <subjects>
      <billSubjects>
        <legislativeSubjects />
      </billSubjects>
    </subjects>
    <billType>HR</billType>
    <introducedDate>2017-01-12</introducedDate>
    <sponsors>
      <item>
        <byRequestType />
        <firstName>Dennis</firstName>
        <state>FL</state>
        <district>15</district>
        <bioguideId>R000593</bioguideId>
        <lastName>Ross</lastName>
        <fullName>Rep. Ross, Dennis A. [R-FL-15]</fullName>
        <party>R</party>
        <identifiers>
          <lisID>2003</lisID>
          <gpoId>7884</gpoId>
          <bioguideId>R000593</bioguideId>
        </identifiers>
        <middleName>A.</middleName>
      </item>
    </sponsors>
    <recordedVotes />
    <originChamber>House</originChamber>
    <calendarNumbers />
    <congress>115</congress>
    <title>To require zero-based budgeting for departments and agencies of the Government.</title>
    <cboCostEstimates />
    <actions>
      <actionByCounts>
        <houseOfRepresentatives>3</houseOfRepresentatives>
      </actionByCounts>
      <item>
        <actionDate>2017-01-12</actionDate>
        <type>IntroReferral</type>
        <actionCode>H11100</actionCode>
        <committee>
          <name>Budget Committee</name>
          <systemCode>hsbu00</systemCode>
        </committee>
        <text>Referred to the House Committee on the Budget.</text>
        <sourceSystem>
          <name>House floor actions</name>
          <code>2</code>
        </sourceSystem>
        <links />
      </item>
      <item>
        <actionDate>2017-01-12</actionDate>
        <type>IntroReferral</type>
        <actionCode>Intro-H</actionCode>
        <committee />
        <text>Introduced in House</text>
        <sourceSystem>
          <name>Library of Congress</name>
          <code>9</code>
        </sourceSystem>
        <links />
      </item>
      <item>
        <actionDate>2017-01-12</actionDate>
        <type>IntroReferral</type>
        <actionCode>1000</actionCode>
        <committee />
        <text>Introduced in House</text>
        <sourceSystem>
          <name>Library of Congress</name>
          <code>9</code>
        </sourceSystem>
        <links />
      </item>
      <actionTypeCounts>
        <billReferrals>1</billReferrals>
        <introducedInTheHouse>1</introducedInTheHouse>
        <introducedInHouse>1</introducedInHouse>
      </actionTypeCounts>
    </actions>
    <latestAction>
      <actionDate>2017-01-12</actionDate>
      <text>Referred to the House Committee on the Budget.</text>
      <links />
    </latestAction>
    <committeeReports />
    <notes />
    <committees>
      <billCommittees>
        <item>
          <chamber>House</chamber>
          <name>Budget Committee</name>
          <systemCode>hsbu00</systemCode>
          <type>Standing</type>
          <subcommittees />
          <activities>
            <item>
              <date>2017-01-12T15:04:30Z</date>
              <name>Referred to</name>
            </item>
          </activities>
        </item>
      </billCommittees>
    </committees>
    <billNumber>507</billNumber>
    <constitutionalAuthorityStatementText />
    <policyArea />
    <summaries>
      <billSummaries />
    </summaries>
  </bill>
  <dublinCore xmlns:dc="http://purl.org/dc/elements/1.1/">
    <dc:format>text/xml</dc:format>
    <dc:language>EN</dc:language>
    <dc:rights>Pursuant to Title 17 Section 105 of the United States Code, this file is not subject to copyright protection and is in the public domain.</dc:rights>
    <dc:contributor>Congressional Research Service, Library of Congress</dc:contributor>
    <dc:description>This file contains bill summaries and statuses for federal legislation. A bill summary describes the most significant provisions of a piece of legislation and details the effects the legislative text may have on current law and federal programs. Bill summaries are authored by the Congressional Research Service (CRS) of the Library of Congress. As stated in Public Law 91-510 (2 USC 166 (d)(6)), one of the duties of CRS is "to prepare summaries and digests of bills and resolutions of a public general nature introduced in the Senate or House of Representatives". For more information, refer to the User Guide that accompanies this file.</dc:description>
  </dublinCore>
</billStatus>

