<?xml version="1.0" encoding="UTF-8"?>
<billStatus>
  <bill>
    <createDate>2017-01-07T04:48:26Z</createDate>
    <committees>
      <billCommittees>
        <item>
          <subcommittees />
          <type>Standing</type>
          <systemCode>hswm00</systemCode>
          <activities>
            <item>
              <name>Referred to</name>
              <date>2017-01-06T17:02:45Z</date>
            </item>
          </activities>
          <chamber>House</chamber>
          <name>Ways and Means Committee</name>
        </item>
      </billCommittees>
    </committees>
    <updateDate>2017-01-23T17:01:15Z</updateDate>
    <constitutionalAuthorityStatementText><![CDATA[<pre>From the Congressional Record Online through the Government Publishing Office [<a href='http://www.gpo.gov'>www.gpo.gov</a>]By Mr. MESSER:H.R. 363.Congress has the power to enact this legislation pursuantto the following:Article I, Section 8, Clause 1--The Congress shall havepower to lay and collect taxes, duties, imposts and excises,to pay the debts and provide for the common defense andgeneral welfare of the United States; but all duties, impostsand excises shall be uniform throughout the United States;[Page H195]</pre>]]></constitutionalAuthorityStatementText>
    <calendarNumbers />
    <title>Child Tax Credit Integrity Preservation Act of 2017</title>
    <summaries>
      <billSummaries>
        <item>
          <name>Introduced in House</name>
          <text><![CDATA[<p><strong>Child Tax Credit Integrity Preservation Act of 201</strong><b>7</b></p> <p>This bill amends the Internal Revenue Code to expand the identification requirement for the child tax credit to require taxpayers to provide a valid identification number (i.e., a Social Security account number issued by the Social Security Administration) on their tax returns in addition to the name and identification number of each qualifying child.</p>]]></text>
          <updateDate>2017-01-06T05:00:00Z</updateDate>
          <versionCode>00</versionCode>
          <actionDate>2017-01-06</actionDate>
          <actionDesc>Introduced in House</actionDesc>
          <lastSummaryUpdateDate>2017-01-23T16:56:41Z</lastSummaryUpdateDate>
        </item>
      </billSummaries>
    </summaries>
    <originChamber>House</originChamber>
    <billType>HR</billType>
    <recordedVotes />
    <laws />
    <latestAction>
      <links />
      <text>Referred to the House Committee on Ways and Means.</text>
      <actionDate>2017-01-06</actionDate>
    </latestAction>
    <notes />
    <cosponsors />
    <amendments />
    <congress>115</congress>
    <cboCostEstimates />
    <sponsors>
      <item>
        <lastName>Messer</lastName>
        <bioguideId>M001189</bioguideId>
        <byRequestType />
        <fullName>Rep. Messer, Luke [R-IN-6]</fullName>
        <party>R</party>
        <district>6</district>
        <identifiers>
          <bioguideId>M001189</bioguideId>
          <gpoId />
          <lisID>2130</lisID>
        </identifiers>
        <state>IN</state>
        <firstName>Luke</firstName>
        <middleName />
      </item>
    </sponsors>
    <titles>
      <item>
        <parentTitleType />
        <titleType>Short Titles as Introduced</titleType>
        <chamberCode />
        <chamberName />
        <title>Child Tax Credit Integrity Preservation Act of 2017</title>
      </item>
      <item>
        <parentTitleType />
        <titleType>Official Title as Introduced</titleType>
        <chamberCode />
        <chamberName />
        <title>To amend the Internal Revenue Code of 1986 to clarify eligibility for the child tax credit.</title>
      </item>
      <item>
        <parentTitleType />
        <titleType>Display Title</titleType>
        <chamberCode />
        <chamberName />
        <title>Child Tax Credit Integrity Preservation Act of 2017</title>
      </item>
    </titles>
    <introducedDate>2017-01-06</introducedDate>
    <policyArea>
      <name>Taxation</name>
    </policyArea>
    <billNumber>363</billNumber>
    <actions>
      <item>
        <actionDate>2017-01-06</actionDate>
        <actionCode>H11100</actionCode>
        <type>IntroReferral</type>
        <text>Referred to the House Committee on Ways and Means.</text>
        <committee>
          <name>Ways and Means Committee</name>
          <systemCode>hswm00</systemCode>
        </committee>
        <sourceSystem>
          <name>House floor actions</name>
          <code>2</code>
        </sourceSystem>
        <links />
      </item>
      <item>
        <actionDate>2017-01-06</actionDate>
        <actionCode>Intro-H</actionCode>
        <type>IntroReferral</type>
        <text>Introduced in House</text>
        <committee />
        <sourceSystem>
          <name>Library of Congress</name>
          <code>9</code>
        </sourceSystem>
        <links />
      </item>
      <item>
        <actionDate>2017-01-06</actionDate>
        <actionCode>1000</actionCode>
        <type>IntroReferral</type>
        <text>Introduced in House</text>
        <committee />
        <sourceSystem>
          <name>Library of Congress</name>
          <code>9</code>
        </sourceSystem>
        <links />
      </item>
      <actionTypeCounts>
        <introducedInTheHouse>1</introducedInTheHouse>
        <billReferrals>1</billReferrals>
        <introducedInHouse>1</introducedInHouse>
      </actionTypeCounts>
      <actionByCounts>
        <houseOfRepresentatives>3</houseOfRepresentatives>
      </actionByCounts>
    </actions>
    <subjects>
      <billSubjects>
        <policyArea>
          <name>Taxation</name>
        </policyArea>
        <legislativeSubjects>
          <item>
            <name>Income tax credits</name>
          </item>
          <item>
            <name>Tax administration and collection, taxpayers</name>
          </item>
          <item>
            <name>Tax treatment of families</name>
          </item>
        </legislativeSubjects>
      </billSubjects>
    </subjects>
    <relatedBills />
    <committeeReports />
  </bill>
  <dublinCore xmlns:dc="http://purl.org/dc/elements/1.1/">
    <dc:format>text/xml</dc:format>
    <dc:language>EN</dc:language>
    <dc:rights>Pursuant to Title 17 Section 105 of the United States Code, this file is not subject to copyright protection and is in the public domain.</dc:rights>
    <dc:contributor>Congressional Research Service, Library of Congress</dc:contributor>
    <dc:description>This file contains bill summaries and statuses for federal legislation. A bill summary describes the most significant provisions of a piece of legislation and details the effects the legislative text may have on current law and federal programs. Bill summaries are authored by the Congressional Research Service (CRS) of the Library of Congress. As stated in Public Law 91-510 (2 USC 166 (d)(6)), one of the duties of CRS is "to prepare summaries and digests of bills and resolutions of a public general nature introduced in the Senate or House of Representatives". For more information, refer to the User Guide that accompanies this file.</dc:description>
  </dublinCore>
</billStatus>

