<?xml version="1.0" encoding="UTF-8"?>
<billStatus>
  <bill>
    <cosponsors>
      <item>
        <sponsorshipDate>2017-01-03</sponsorshipDate>
        <party>R</party>
        <lastName>Moolenaar</lastName>
        <sponsorshipWithdrawnDate />
        <bioguideId>M001194</bioguideId>
        <isOriginalCosponsor>True</isOriginalCosponsor>
        <district>4</district>
        <state>MI</state>
        <middleName>R.</middleName>
        <identifiers>
          <bioguideId>M001194</bioguideId>
          <gpoId />
          <lisID>2248</lisID>
        </identifiers>
        <fullName>Rep. Moolenaar, John R. [R-MI-4]</fullName>
        <firstName>John</firstName>
      </item>
      <item>
        <sponsorshipDate>2017-01-03</sponsorshipDate>
        <party>R</party>
        <lastName>Guthrie</lastName>
        <sponsorshipWithdrawnDate />
        <bioguideId>G000558</bioguideId>
        <isOriginalCosponsor>True</isOriginalCosponsor>
        <district>2</district>
        <state>KY</state>
        <middleName />
        <identifiers>
          <lisID>1922</lisID>
          <gpoId>7954</gpoId>
          <bioguideId>G000558</bioguideId>
        </identifiers>
        <fullName>Rep. Guthrie, Brett [R-KY-2]</fullName>
        <firstName>Brett</firstName>
      </item>
      <item>
        <sponsorshipDate>2017-01-03</sponsorshipDate>
        <party>R</party>
        <lastName>Carter</lastName>
        <sponsorshipWithdrawnDate />
        <bioguideId>C001103</bioguideId>
        <isOriginalCosponsor>True</isOriginalCosponsor>
        <district>1</district>
        <state>GA</state>
        <middleName>L. "Buddy"</middleName>
        <identifiers>
          <lisID>2236</lisID>
          <gpoId />
          <bioguideId>C001103</bioguideId>
        </identifiers>
        <fullName>Rep. Carter, Earl L. "Buddy" [R-GA-1]</fullName>
        <firstName>Earl</firstName>
      </item>
      <item>
        <sponsorshipDate>2017-01-03</sponsorshipDate>
        <party>R</party>
        <lastName>Mullin</lastName>
        <sponsorshipWithdrawnDate />
        <bioguideId>M001190</bioguideId>
        <isOriginalCosponsor>True</isOriginalCosponsor>
        <district>2</district>
        <state>OK</state>
        <middleName />
        <identifiers>
          <lisID>2156</lisID>
          <gpoId />
          <bioguideId>M001190</bioguideId>
        </identifiers>
        <fullName>Rep. Mullin, Markwayne [R-OK-2]</fullName>
        <firstName>Markwayne</firstName>
      </item>
      <item>
        <sponsorshipDate>2017-01-03</sponsorshipDate>
        <party>R</party>
        <lastName>Buck</lastName>
        <sponsorshipWithdrawnDate />
        <bioguideId>B001297</bioguideId>
        <isOriginalCosponsor>True</isOriginalCosponsor>
        <district>4</district>
        <state>CO</state>
        <middleName />
        <identifiers>
          <bioguideId>B001297</bioguideId>
          <lisID>2233</lisID>
          <gpoId />
        </identifiers>
        <fullName>Rep. Buck, Ken [R-CO-4]</fullName>
        <firstName>Ken</firstName>
      </item>
      <item>
        <sponsorshipDate>2017-01-03</sponsorshipDate>
        <party>R</party>
        <lastName>Foxx</lastName>
        <sponsorshipWithdrawnDate />
        <bioguideId>F000450</bioguideId>
        <isOriginalCosponsor>True</isOriginalCosponsor>
        <district>5</district>
        <state>NC</state>
        <middleName />
        <identifiers>
          <bioguideId>F000450</bioguideId>
          <lisID>1791</lisID>
          <gpoId>8028</gpoId>
        </identifiers>
        <fullName>Rep. Foxx, Virginia [R-NC-5]</fullName>
        <firstName>Virginia</firstName>
      </item>
      <item>
        <sponsorshipDate>2017-01-03</sponsorshipDate>
        <party>R</party>
        <lastName>Amash</lastName>
        <sponsorshipWithdrawnDate />
        <bioguideId>A000367</bioguideId>
        <isOriginalCosponsor>True</isOriginalCosponsor>
        <district>3</district>
        <state>MI</state>
        <middleName />
        <identifiers>
          <gpoId>7988</gpoId>
          <bioguideId>A000367</bioguideId>
          <lisID>2029</lisID>
        </identifiers>
        <fullName>Rep. Amash, Justin [R-MI-3]</fullName>
        <firstName>Justin</firstName>
      </item>
      <item>
        <sponsorshipDate>2017-01-03</sponsorshipDate>
        <party>R</party>
        <lastName>Chaffetz</lastName>
        <sponsorshipWithdrawnDate />
        <bioguideId>C001076</bioguideId>
        <isOriginalCosponsor>True</isOriginalCosponsor>
        <district>3</district>
        <state>UT</state>
        <middleName />
        <identifiers>
          <lisID>1956</lisID>
          <gpoId>8191</gpoId>
          <bioguideId>C001076</bioguideId>
        </identifiers>
        <fullName>Rep. Chaffetz, Jason [R-UT-3]</fullName>
        <firstName>Jason</firstName>
      </item>
      <item>
        <sponsorshipDate>2017-01-03</sponsorshipDate>
        <party>R</party>
        <lastName>Brooks</lastName>
        <sponsorshipWithdrawnDate />
        <bioguideId>B001274</bioguideId>
        <isOriginalCosponsor>True</isOriginalCosponsor>
        <district>5</district>
        <state>AL</state>
        <middleName />
        <identifiers>
          <lisID>1987</lisID>
          <gpoId>7790</gpoId>
          <bioguideId>B001274</bioguideId>
        </identifiers>
        <fullName>Rep. Brooks, Mo [R-AL-5]</fullName>
        <firstName>Mo</firstName>
      </item>
      <item>
        <sponsorshipDate>2017-01-03</sponsorshipDate>
        <party>R</party>
        <lastName>Gosar</lastName>
        <sponsorshipWithdrawnDate />
        <bioguideId>G000565</bioguideId>
        <isOriginalCosponsor>True</isOriginalCosponsor>
        <district>4</district>
        <state>AZ</state>
        <middleName>A.</middleName>
        <identifiers>
          <gpoId>7798</gpoId>
          <bioguideId>G000565</bioguideId>
          <lisID>1992</lisID>
        </identifiers>
        <fullName>Rep. Gosar, Paul A. [R-AZ-4]</fullName>
        <firstName>Paul</firstName>
      </item>
      <item>
        <sponsorshipDate>2017-01-03</sponsorshipDate>
        <party>R</party>
        <lastName>CHABOT</lastName>
        <sponsorshipWithdrawnDate />
        <bioguideId>C000266</bioguideId>
        <isOriginalCosponsor>True</isOriginalCosponsor>
        <district>1</district>
        <state>OH</state>
        <middleName />
        <identifiers>
          <bioguideId>C000266</bioguideId>
          <lisID>186</lisID>
          <gpoId>8091</gpoId>
        </identifiers>
        <fullName>Rep. Chabot, Steve [R-OH-1]</fullName>
        <firstName>STEVE</firstName>
      </item>
      <item>
        <sponsorshipDate>2017-01-03</sponsorshipDate>
        <party>R</party>
        <lastName>Bilirakis</lastName>
        <sponsorshipWithdrawnDate />
        <bioguideId>B001257</bioguideId>
        <isOriginalCosponsor>True</isOriginalCosponsor>
        <district>12</district>
        <state>FL</state>
        <middleName>M.</middleName>
        <identifiers>
          <lisID>1838</lisID>
          <gpoId>7881</gpoId>
          <bioguideId>B001257</bioguideId>
        </identifiers>
        <fullName>Rep. Bilirakis, Gus M. [R-FL-12]</fullName>
        <firstName>Gus</firstName>
      </item>
      <item>
        <sponsorshipDate>2017-01-03</sponsorshipDate>
        <party>R</party>
        <lastName>Rothfus</lastName>
        <sponsorshipWithdrawnDate />
        <bioguideId>R000598</bioguideId>
        <isOriginalCosponsor>True</isOriginalCosponsor>
        <district>12</district>
        <state>PA</state>
        <middleName>J.</middleName>
        <identifiers>
          <lisID>2158</lisID>
          <gpoId />
          <bioguideId>R000598</bioguideId>
        </identifiers>
        <fullName>Rep. Rothfus, Keith J. [R-PA-12]</fullName>
        <firstName>Keith</firstName>
      </item>
      <item>
        <sponsorshipDate>2017-01-03</sponsorshipDate>
        <party>R</party>
        <lastName>Yoho</lastName>
        <sponsorshipWithdrawnDate />
        <bioguideId>Y000065</bioguideId>
        <isOriginalCosponsor>True</isOriginalCosponsor>
        <district>3</district>
        <state>FL</state>
        <middleName>S.</middleName>
        <identifiers>
          <gpoId />
          <bioguideId>Y000065</bioguideId>
          <lisID>2115</lisID>
        </identifiers>
        <fullName>Rep. Yoho, Ted S. [R-FL-3]</fullName>
        <firstName>Ted</firstName>
      </item>
      <item>
        <sponsorshipDate>2017-01-03</sponsorshipDate>
        <party>R</party>
        <lastName>Walorski</lastName>
        <sponsorshipWithdrawnDate />
        <bioguideId>W000813</bioguideId>
        <isOriginalCosponsor>True</isOriginalCosponsor>
        <district>2</district>
        <state>IN</state>
        <middleName />
        <identifiers>
          <lisID>2128</lisID>
          <gpoId />
          <bioguideId>W000813</bioguideId>
        </identifiers>
        <fullName>Rep. Walorski, Jackie [R-IN-2]</fullName>
        <firstName>Jackie</firstName>
      </item>
      <item>
        <sponsorshipDate>2017-01-03</sponsorshipDate>
        <party>R</party>
        <lastName>Walberg</lastName>
        <sponsorshipWithdrawnDate />
        <bioguideId>W000798</bioguideId>
        <isOriginalCosponsor>True</isOriginalCosponsor>
        <district>7</district>
        <state>MI</state>
        <middleName />
        <identifiers>
          <bioguideId>W000798</bioguideId>
          <lisID>1855</lisID>
          <gpoId>7992</gpoId>
        </identifiers>
        <fullName>Rep. Walberg, Tim [R-MI-7]</fullName>
        <firstName>Tim</firstName>
      </item>
      <item>
        <sponsorshipDate>2017-01-03</sponsorshipDate>
        <party>R</party>
        <lastName>Stivers</lastName>
        <sponsorshipWithdrawnDate />
        <bioguideId>S001187</bioguideId>
        <isOriginalCosponsor>True</isOriginalCosponsor>
        <district>15</district>
        <state>OH</state>
        <middleName />
        <identifiers>
          <bioguideId>S001187</bioguideId>
          <lisID>2047</lisID>
          <gpoId>8105</gpoId>
        </identifiers>
        <fullName>Rep. Stivers, Steve [R-OH-15]</fullName>
        <firstName>Steve</firstName>
      </item>
      <item>
        <sponsorshipDate>2017-01-03</sponsorshipDate>
        <party>R</party>
        <lastName>Gohmert</lastName>
        <sponsorshipWithdrawnDate />
        <bioguideId>G000552</bioguideId>
        <isOriginalCosponsor>True</isOriginalCosponsor>
        <district>1</district>
        <state>TX</state>
        <middleName />
        <identifiers>
          <bioguideId>G000552</bioguideId>
          <lisID>1801</lisID>
          <gpoId>8157</gpoId>
        </identifiers>
        <fullName>Rep. Gohmert, Louie [R-TX-1]</fullName>
        <firstName>Louie</firstName>
      </item>
      <item>
        <sponsorshipDate>2017-01-03</sponsorshipDate>
        <party>R</party>
        <lastName>Barletta</lastName>
        <sponsorshipWithdrawnDate />
        <bioguideId>B001269</bioguideId>
        <isOriginalCosponsor>True</isOriginalCosponsor>
        <district>11</district>
        <state>PA</state>
        <middleName />
        <identifiers>
          <gpoId>8129</gpoId>
          <bioguideId>B001269</bioguideId>
          <lisID>2054</lisID>
        </identifiers>
        <fullName>Rep. Barletta, Lou [R-PA-11]</fullName>
        <firstName>Lou</firstName>
      </item>
      <item>
        <sponsorshipDate>2017-01-03</sponsorshipDate>
        <party>R</party>
        <lastName>Emmer</lastName>
        <sponsorshipWithdrawnDate />
        <bioguideId>E000294</bioguideId>
        <isOriginalCosponsor>True</isOriginalCosponsor>
        <district>6</district>
        <state>MN</state>
        <middleName />
        <identifiers>
          <bioguideId>E000294</bioguideId>
          <lisID>2253</lisID>
          <gpoId />
        </identifiers>
        <fullName>Rep. Emmer, Tom [R-MN-6]</fullName>
        <firstName>Tom</firstName>
      </item>
      <item>
        <sponsorshipDate>2017-01-03</sponsorshipDate>
        <party>R</party>
        <lastName>Westerman</lastName>
        <sponsorshipWithdrawnDate />
        <bioguideId>W000821</bioguideId>
        <isOriginalCosponsor>True</isOriginalCosponsor>
        <district>4</district>
        <state>AR</state>
        <middleName />
        <identifiers>
          <lisID>2224</lisID>
          <gpoId />
          <bioguideId>W000821</bioguideId>
        </identifiers>
        <fullName>Rep. Westerman, Bruce [R-AR-4]</fullName>
        <firstName>Bruce</firstName>
      </item>
      <item>
        <sponsorshipDate>2017-01-03</sponsorshipDate>
        <party>R</party>
        <lastName>Franks</lastName>
        <sponsorshipWithdrawnDate />
        <bioguideId>F000448</bioguideId>
        <isOriginalCosponsor>True</isOriginalCosponsor>
        <district>8</district>
        <state>AZ</state>
        <middleName />
        <identifiers>
          <lisID>1707</lisID>
          <gpoId>7799</gpoId>
          <bioguideId>F000448</bioguideId>
        </identifiers>
        <fullName>Rep. Franks, Trent [R-AZ-8]</fullName>
        <firstName>Trent</firstName>
      </item>
      <item>
        <sponsorshipDate>2017-01-03</sponsorshipDate>
        <party>R</party>
        <lastName>JONES</lastName>
        <sponsorshipWithdrawnDate />
        <bioguideId>J000255</bioguideId>
        <isOriginalCosponsor>True</isOriginalCosponsor>
        <district>3</district>
        <state>NC</state>
        <middleName>B.</middleName>
        <identifiers>
          <gpoId>8026</gpoId>
          <bioguideId>J000255</bioguideId>
          <lisID>612</lisID>
        </identifiers>
        <fullName>Rep. Jones, Walter B., Jr. [R-NC-3]</fullName>
        <firstName>WALTER</firstName>
      </item>
      <item>
        <sponsorshipDate>2017-01-03</sponsorshipDate>
        <party>R</party>
        <lastName>Duncan</lastName>
        <sponsorshipWithdrawnDate />
        <bioguideId>D000615</bioguideId>
        <isOriginalCosponsor>True</isOriginalCosponsor>
        <district>3</district>
        <state>SC</state>
        <middleName />
        <identifiers>
          <lisID>2057</lisID>
          <gpoId>8143</gpoId>
          <bioguideId>D000615</bioguideId>
        </identifiers>
        <fullName>Rep. Duncan, Jeff [R-SC-3]</fullName>
        <firstName>Jeff</firstName>
      </item>
      <item>
        <sponsorshipDate>2017-01-03</sponsorshipDate>
        <party>R</party>
        <lastName>Pearce</lastName>
        <sponsorshipWithdrawnDate />
        <bioguideId>P000588</bioguideId>
        <isOriginalCosponsor>True</isOriginalCosponsor>
        <district>2</district>
        <state>NM</state>
        <middleName />
        <identifiers>
          <bioguideId>P000588</bioguideId>
          <lisID>1738</lisID>
          <gpoId>8057</gpoId>
        </identifiers>
        <fullName>Rep. Pearce, Stevan [R-NM-2]</fullName>
        <firstName>Stevan</firstName>
      </item>
      <item>
        <sponsorshipDate>2017-01-03</sponsorshipDate>
        <party>R</party>
        <lastName>King</lastName>
        <sponsorshipWithdrawnDate />
        <bioguideId>K000362</bioguideId>
        <isOriginalCosponsor>True</isOriginalCosponsor>
        <district>4</district>
        <state>IA</state>
        <middleName />
        <identifiers>
          <lisID>1724</lisID>
          <gpoId>7918</gpoId>
          <bioguideId>K000362</bioguideId>
        </identifiers>
        <fullName>Rep. King, Steve [R-IA-4]</fullName>
        <firstName>Steve</firstName>
      </item>
      <item>
        <sponsorshipDate>2017-01-03</sponsorshipDate>
        <party>R</party>
        <lastName>CULBERSON</lastName>
        <sponsorshipWithdrawnDate />
        <bioguideId>C001048</bioguideId>
        <isOriginalCosponsor>True</isOriginalCosponsor>
        <district>7</district>
        <state>TX</state>
        <middleName>ABNEY</middleName>
        <identifiers>
          <bioguideId>C001048</bioguideId>
          <gpoId>8163</gpoId>
          <lisID>1670</lisID>
        </identifiers>
        <fullName>Rep. Culberson, John Abney [R-TX-7]</fullName>
        <firstName>JOHN</firstName>
      </item>
      <item>
        <sponsorshipDate>2017-01-03</sponsorshipDate>
        <party>R</party>
        <lastName>Hunter</lastName>
        <sponsorshipWithdrawnDate />
        <bioguideId>H001048</bioguideId>
        <isOriginalCosponsor>True</isOriginalCosponsor>
        <district>50</district>
        <state>CA</state>
        <middleName>D.</middleName>
        <identifiers>
          <bioguideId>H001048</bioguideId>
          <gpoId>7857</gpoId>
          <lisID>1909</lisID>
        </identifiers>
        <fullName>Rep. Hunter, Duncan D. [R-CA-50]</fullName>
        <firstName>Duncan</firstName>
      </item>
      <item>
        <sponsorshipDate>2017-01-03</sponsorshipDate>
        <party>R</party>
        <lastName>Griffith</lastName>
        <sponsorshipWithdrawnDate />
        <bioguideId>G000568</bioguideId>
        <isOriginalCosponsor>True</isOriginalCosponsor>
        <district>9</district>
        <state>VA</state>
        <middleName>Morgan</middleName>
        <identifiers>
          <lisID>2070</lisID>
          <gpoId>8200</gpoId>
          <bioguideId>G000568</bioguideId>
        </identifiers>
        <fullName>Rep. Griffith, H. Morgan [R-VA-9]</fullName>
        <firstName>H.</firstName>
      </item>
      <item>
        <sponsorshipDate>2017-01-03</sponsorshipDate>
        <party>R</party>
        <lastName>Amodei</lastName>
        <sponsorshipWithdrawnDate />
        <bioguideId>A000369</bioguideId>
        <isOriginalCosponsor>True</isOriginalCosponsor>
        <district>2</district>
        <state>NV</state>
        <middleName>E.</middleName>
        <identifiers>
          <lisID>2090</lisID>
          <gpoId>8366</gpoId>
          <bioguideId>A000369</bioguideId>
        </identifiers>
        <fullName>Rep. Amodei, Mark E. [R-NV-2]</fullName>
        <firstName>Mark</firstName>
      </item>
      <item>
        <sponsorshipDate>2017-01-03</sponsorshipDate>
        <party>R</party>
        <lastName>Beutler</lastName>
        <sponsorshipWithdrawnDate />
        <bioguideId>H001056</bioguideId>
        <isOriginalCosponsor>True</isOriginalCosponsor>
        <district>3</district>
        <state>WA</state>
        <middleName>Herrera</middleName>
        <identifiers>
          <lisID>2071</lisID>
          <gpoId>8207</gpoId>
          <bioguideId>H001056</bioguideId>
        </identifiers>
        <fullName>Rep. Herrera Beutler, Jaime [R-WA-3]</fullName>
        <firstName>Jaime</firstName>
      </item>
      <item>
        <sponsorshipDate>2017-01-03</sponsorshipDate>
        <party>R</party>
        <lastName>Black</lastName>
        <sponsorshipWithdrawnDate />
        <bioguideId>B001273</bioguideId>
        <isOriginalCosponsor>True</isOriginalCosponsor>
        <district>6</district>
        <state>TN</state>
        <middleName />
        <identifiers>
          <gpoId>8153</gpoId>
          <bioguideId>B001273</bioguideId>
          <lisID>2063</lisID>
        </identifiers>
        <fullName>Rep. Black, Diane [R-TN-6]</fullName>
        <firstName>Diane</firstName>
      </item>
      <item>
        <sponsorshipDate>2017-01-03</sponsorshipDate>
        <party>R</party>
        <lastName>Smith</lastName>
        <sponsorshipWithdrawnDate />
        <bioguideId>S001195</bioguideId>
        <isOriginalCosponsor>True</isOriginalCosponsor>
        <district>8</district>
        <state>MO</state>
        <middleName />
        <identifiers>
          <lisID>2191</lisID>
          <gpoId />
          <bioguideId>S001195</bioguideId>
        </identifiers>
        <fullName>Rep. Smith, Jason [R-MO-8]</fullName>
        <firstName>Jason</firstName>
      </item>
      <item>
        <sponsorshipDate>2017-01-03</sponsorshipDate>
        <party>R</party>
        <lastName>Burgess</lastName>
        <sponsorshipWithdrawnDate />
        <bioguideId>B001248</bioguideId>
        <isOriginalCosponsor>True</isOriginalCosponsor>
        <district>26</district>
        <state>TX</state>
        <middleName>C.</middleName>
        <identifiers>
          <lisID>1751</lisID>
          <gpoId>8182</gpoId>
          <bioguideId>B001248</bioguideId>
        </identifiers>
        <fullName>Rep. Burgess, Michael C. [R-TX-26]</fullName>
        <firstName>Michael</firstName>
      </item>
      <item>
        <sponsorshipDate>2017-01-03</sponsorshipDate>
        <party>R</party>
        <lastName>Brat</lastName>
        <sponsorshipWithdrawnDate />
        <bioguideId>B001290</bioguideId>
        <isOriginalCosponsor>True</isOriginalCosponsor>
        <district>7</district>
        <state>VA</state>
        <middleName />
        <identifiers>
          <lisID>2203</lisID>
          <gpoId />
          <bioguideId>B001290</bioguideId>
        </identifiers>
        <fullName>Rep. Brat, Dave [R-VA-7]</fullName>
        <firstName>Dave</firstName>
      </item>
      <item>
        <sponsorshipDate>2017-01-03</sponsorshipDate>
        <party>D</party>
        <lastName>DEFAZIO</lastName>
        <sponsorshipWithdrawnDate />
        <bioguideId>D000191</bioguideId>
        <isOriginalCosponsor>True</isOriginalCosponsor>
        <district>4</district>
        <state>OR</state>
        <middleName>A.</middleName>
        <identifiers>
          <lisID>279</lisID>
          <gpoId>8117</gpoId>
          <bioguideId>D000191</bioguideId>
        </identifiers>
        <fullName>Rep. DeFazio, Peter A. [D-OR-4]</fullName>
        <firstName>PETER</firstName>
      </item>
      <item>
        <sponsorshipDate>2017-01-03</sponsorshipDate>
        <party>R</party>
        <lastName>DeSantis</lastName>
        <sponsorshipWithdrawnDate />
        <bioguideId>D000621</bioguideId>
        <isOriginalCosponsor>True</isOriginalCosponsor>
        <district>6</district>
        <state>FL</state>
        <middleName />
        <identifiers>
          <lisID>2116</lisID>
          <gpoId />
          <bioguideId>D000621</bioguideId>
        </identifiers>
        <fullName>Rep. DeSantis, Ron [R-FL-6]</fullName>
        <firstName>Ron</firstName>
      </item>
      <item>
        <sponsorshipDate>2017-01-03</sponsorshipDate>
        <party>R</party>
        <lastName>Palmer</lastName>
        <sponsorshipWithdrawnDate />
        <bioguideId>P000609</bioguideId>
        <isOriginalCosponsor>True</isOriginalCosponsor>
        <district>6</district>
        <state>AL</state>
        <middleName>J.</middleName>
        <identifiers>
          <bioguideId>P000609</bioguideId>
          <gpoId />
          <lisID>2221</lisID>
        </identifiers>
        <fullName>Rep. Palmer, Gary J. [R-AL-6]</fullName>
        <firstName>Gary</firstName>
      </item>
      <item>
        <sponsorshipDate>2017-01-03</sponsorshipDate>
        <party>R</party>
        <lastName>McKinley</lastName>
        <sponsorshipWithdrawnDate />
        <bioguideId>M001180</bioguideId>
        <isOriginalCosponsor>True</isOriginalCosponsor>
        <district>1</district>
        <state>WV</state>
        <middleName>B.</middleName>
        <identifiers>
          <lisID>2074</lisID>
          <gpoId>8222</gpoId>
          <bioguideId>M001180</bioguideId>
        </identifiers>
        <fullName>Rep. McKinley, David B. [R-WV-1]</fullName>
        <firstName>David</firstName>
      </item>
      <item>
        <sponsorshipDate>2017-01-03</sponsorshipDate>
        <party>R</party>
        <lastName>ROHRABACHER</lastName>
        <sponsorshipWithdrawnDate />
        <bioguideId>R000409</bioguideId>
        <isOriginalCosponsor>True</isOriginalCosponsor>
        <district>48</district>
        <state>CA</state>
        <middleName />
        <identifiers>
          <lisID>979</lisID>
          <gpoId>7851</gpoId>
          <bioguideId>R000409</bioguideId>
        </identifiers>
        <fullName>Rep. Rohrabacher, Dana [R-CA-48]</fullName>
        <firstName>DANA</firstName>
      </item>
      <item>
        <sponsorshipDate>2017-01-03</sponsorshipDate>
        <party>R</party>
        <lastName>Meehan</lastName>
        <sponsorshipWithdrawnDate />
        <bioguideId>M001181</bioguideId>
        <isOriginalCosponsor>True</isOriginalCosponsor>
        <district>7</district>
        <state>PA</state>
        <middleName />
        <identifiers>
          <bioguideId>M001181</bioguideId>
          <gpoId>8125</gpoId>
          <lisID>2052</lisID>
        </identifiers>
        <fullName>Rep. Meehan, Patrick [R-PA-7]</fullName>
        <firstName>Patrick</firstName>
      </item>
      <item>
        <sponsorshipDate>2017-01-03</sponsorshipDate>
        <party>R</party>
        <lastName>Holding</lastName>
        <sponsorshipWithdrawnDate />
        <bioguideId>H001065</bioguideId>
        <isOriginalCosponsor>True</isOriginalCosponsor>
        <district>13</district>
        <state>NC</state>
        <middleName />
        <identifiers>
          <lisID>2143</lisID>
          <gpoId />
          <bioguideId>H001065</bioguideId>
        </identifiers>
        <fullName>Rep. Holding, George [R-NC-13]</fullName>
        <firstName>George</firstName>
      </item>
      <item>
        <sponsorshipDate>2017-01-03</sponsorshipDate>
        <party>R</party>
        <lastName>Labrador</lastName>
        <sponsorshipWithdrawnDate />
        <bioguideId>L000573</bioguideId>
        <isOriginalCosponsor>True</isOriginalCosponsor>
        <district>1</district>
        <state>ID</state>
        <middleName>R.</middleName>
        <identifiers>
          <lisID>2011</lisID>
          <gpoId>7919</gpoId>
          <bioguideId>L000573</bioguideId>
        </identifiers>
        <fullName>Rep. Labrador, Raul R. [R-ID-1]</fullName>
        <firstName>Raul</firstName>
      </item>
      <item>
        <sponsorshipDate>2017-01-03</sponsorshipDate>
        <party>R</party>
        <lastName>Bishop</lastName>
        <sponsorshipWithdrawnDate />
        <bioguideId>B001250</bioguideId>
        <isOriginalCosponsor>True</isOriginalCosponsor>
        <district>1</district>
        <state>UT</state>
        <middleName />
        <identifiers>
          <bioguideId>B001250</bioguideId>
          <lisID>1753</lisID>
          <gpoId>8189</gpoId>
        </identifiers>
        <fullName>Rep. Bishop, Rob [R-UT-1]</fullName>
        <firstName>Rob</firstName>
      </item>
      <item>
        <sponsorshipDate>2017-01-06</sponsorshipDate>
        <party>R</party>
        <lastName>McClintock</lastName>
        <sponsorshipWithdrawnDate />
        <bioguideId>M001177</bioguideId>
        <isOriginalCosponsor>False</isOriginalCosponsor>
        <district>4</district>
        <state>CA</state>
        <middleName />
        <identifiers>
          <lisID>1908</lisID>
          <gpoId>7809</gpoId>
          <bioguideId>M001177</bioguideId>
        </identifiers>
        <fullName>Rep. McClintock, Tom [R-CA-4]</fullName>
        <firstName>Tom</firstName>
      </item>
      <item>
        <sponsorshipDate>2017-01-06</sponsorshipDate>
        <party>R</party>
        <lastName>Harris</lastName>
        <sponsorshipWithdrawnDate />
        <bioguideId>H001052</bioguideId>
        <isOriginalCosponsor>False</isOriginalCosponsor>
        <district>1</district>
        <state>MD</state>
        <middleName />
        <identifiers>
          <lisID>2026</lisID>
          <gpoId>7976</gpoId>
          <bioguideId>H001052</bioguideId>
        </identifiers>
        <fullName>Rep. Harris, Andy [R-MD-1]</fullName>
        <firstName>Andy</firstName>
      </item>
      <item>
        <sponsorshipDate>2017-01-06</sponsorshipDate>
        <party>R</party>
        <lastName>DesJarlais</lastName>
        <sponsorshipWithdrawnDate />
        <bioguideId>D000616</bioguideId>
        <isOriginalCosponsor>False</isOriginalCosponsor>
        <district>4</district>
        <state>TN</state>
        <middleName />
        <identifiers>
          <lisID>2062</lisID>
          <gpoId>8151</gpoId>
          <bioguideId>D000616</bioguideId>
        </identifiers>
        <fullName>Rep. DesJarlais, Scott [R-TN-4]</fullName>
        <firstName>Scott</firstName>
      </item>
      <item>
        <sponsorshipDate>2017-01-06</sponsorshipDate>
        <party>R</party>
        <lastName>Marchant</lastName>
        <sponsorshipWithdrawnDate />
        <bioguideId>M001158</bioguideId>
        <isOriginalCosponsor>False</isOriginalCosponsor>
        <district>24</district>
        <state>TX</state>
        <middleName />
        <identifiers>
          <gpoId>8766</gpoId>
          <bioguideId>M001158</bioguideId>
          <lisID>1806</lisID>
        </identifiers>
        <fullName>Rep. Marchant, Kenny [R-TX-24]</fullName>
        <firstName>Kenny</firstName>
      </item>
      <item>
        <sponsorshipDate>2017-01-06</sponsorshipDate>
        <party>R</party>
        <lastName>Williams</lastName>
        <sponsorshipWithdrawnDate />
        <bioguideId>W000816</bioguideId>
        <isOriginalCosponsor>False</isOriginalCosponsor>
        <district>25</district>
        <state>TX</state>
        <middleName />
        <identifiers>
          <bioguideId>W000816</bioguideId>
          <lisID>2165</lisID>
          <gpoId />
        </identifiers>
        <fullName>Rep. Williams, Roger [R-TX-25]</fullName>
        <firstName>Roger</firstName>
      </item>
      <item>
        <sponsorshipDate>2017-01-06</sponsorshipDate>
        <party>R</party>
        <lastName>LOBIONDO</lastName>
        <sponsorshipWithdrawnDate />
        <bioguideId>L000554</bioguideId>
        <isOriginalCosponsor>False</isOriginalCosponsor>
        <district>2</district>
        <state>NJ</state>
        <middleName>A.</middleName>
        <identifiers>
          <lisID>699</lisID>
          <gpoId>8044</gpoId>
          <bioguideId>L000554</bioguideId>
        </identifiers>
        <fullName>Rep. LoBiondo, Frank A. [R-NJ-2]</fullName>
        <firstName>FRANK</firstName>
      </item>
      <item>
        <sponsorshipDate>2017-01-06</sponsorshipDate>
        <party>R</party>
        <lastName>Jenkins</lastName>
        <sponsorshipWithdrawnDate />
        <bioguideId>J000290</bioguideId>
        <isOriginalCosponsor>False</isOriginalCosponsor>
        <district>2</district>
        <state>KS</state>
        <middleName />
        <identifiers>
          <lisID>1921</lisID>
          <gpoId>7950</gpoId>
          <bioguideId>J000290</bioguideId>
        </identifiers>
        <fullName>Rep. Jenkins, Lynn [R-KS-2]</fullName>
        <firstName>Lynn</firstName>
      </item>
      <item>
        <sponsorshipDate>2017-01-06</sponsorshipDate>
        <party>R</party>
        <lastName>Cramer</lastName>
        <sponsorshipWithdrawnDate />
        <bioguideId>C001096</bioguideId>
        <isOriginalCosponsor>False</isOriginalCosponsor>
        <district>0</district>
        <state>ND</state>
        <middleName />
        <identifiers>
          <lisID>2144</lisID>
          <gpoId />
          <bioguideId>C001096</bioguideId>
        </identifiers>
        <fullName>Rep. Cramer, Kevin [R-ND-At Large]</fullName>
        <firstName>Kevin</firstName>
      </item>
      <item>
        <sponsorshipDate>2017-01-06</sponsorshipDate>
        <party>R</party>
        <lastName>Olson</lastName>
        <sponsorshipWithdrawnDate />
        <bioguideId>O000168</bioguideId>
        <isOriginalCosponsor>False</isOriginalCosponsor>
        <district>22</district>
        <state>TX</state>
        <middleName />
        <identifiers>
          <bioguideId>O000168</bioguideId>
          <gpoId>8178</gpoId>
          <lisID>1955</lisID>
        </identifiers>
        <fullName>Rep. Olson, Pete [R-TX-22]</fullName>
        <firstName>Pete</firstName>
      </item>
      <item>
        <sponsorshipDate>2017-01-06</sponsorshipDate>
        <party>R</party>
        <lastName>Love</lastName>
        <sponsorshipWithdrawnDate />
        <bioguideId>L000584</bioguideId>
        <isOriginalCosponsor>False</isOriginalCosponsor>
        <district>4</district>
        <state>UT</state>
        <middleName>B.</middleName>
        <identifiers>
          <lisID>2271</lisID>
          <gpoId />
          <bioguideId>L000584</bioguideId>
        </identifiers>
        <fullName>Rep. Love, Mia B. [R-UT-4]</fullName>
        <firstName>Mia</firstName>
      </item>
      <item>
        <sponsorshipDate>2017-01-06</sponsorshipDate>
        <party>R</party>
        <lastName>Lewis</lastName>
        <sponsorshipWithdrawnDate />
        <bioguideId>L000587</bioguideId>
        <isOriginalCosponsor>False</isOriginalCosponsor>
        <district>2</district>
        <state>MN</state>
        <middleName />
        <identifiers>
          <lisID>2335</lisID>
          <gpoId />
          <bioguideId>L000587</bioguideId>
        </identifiers>
        <fullName>Rep. Lewis, Jason [R-MN-2]</fullName>
        <firstName>Jason</firstName>
      </item>
      <item>
        <sponsorshipDate>2017-01-06</sponsorshipDate>
        <party>R</party>
        <lastName>SMITH</lastName>
        <sponsorshipWithdrawnDate />
        <bioguideId>S000583</bioguideId>
        <isOriginalCosponsor>False</isOriginalCosponsor>
        <district>21</district>
        <state>TX</state>
        <middleName />
        <identifiers>
          <lisID>1075</lisID>
          <gpoId>8177</gpoId>
          <bioguideId>S000583</bioguideId>
        </identifiers>
        <fullName>Rep. Smith, Lamar [R-TX-21]</fullName>
        <firstName>LAMAR</firstName>
      </item>
      <item>
        <sponsorshipDate>2017-01-06</sponsorshipDate>
        <party>R</party>
        <lastName>Gaetz</lastName>
        <sponsorshipWithdrawnDate />
        <bioguideId>G000578</bioguideId>
        <isOriginalCosponsor>False</isOriginalCosponsor>
        <district>1</district>
        <state>FL</state>
        <middleName />
        <identifiers>
          <gpoId />
          <bioguideId>G000578</bioguideId>
          <lisID>2314</lisID>
        </identifiers>
        <fullName>Rep. Gaetz, Matt [R-FL-1]</fullName>
        <firstName>Matt</firstName>
      </item>
      <item>
        <sponsorshipDate>2017-01-06</sponsorshipDate>
        <party>R</party>
        <lastName>Gibbs</lastName>
        <sponsorshipWithdrawnDate />
        <bioguideId>G000563</bioguideId>
        <isOriginalCosponsor>False</isOriginalCosponsor>
        <district>7</district>
        <state>OH</state>
        <middleName />
        <identifiers>
          <lisID>2049</lisID>
          <gpoId>8108</gpoId>
          <bioguideId>G000563</bioguideId>
        </identifiers>
        <fullName>Rep. Gibbs, Bob [R-OH-7]</fullName>
        <firstName>Bob</firstName>
      </item>
      <item>
        <sponsorshipDate>2017-01-13</sponsorshipDate>
        <party>R</party>
        <lastName>Blum</lastName>
        <sponsorshipWithdrawnDate />
        <bioguideId>B001294</bioguideId>
        <isOriginalCosponsor>False</isOriginalCosponsor>
        <district>1</district>
        <state>IA</state>
        <middleName />
        <identifiers>
          <gpoId />
          <bioguideId>B001294</bioguideId>
          <lisID>2241</lisID>
        </identifiers>
        <fullName>Rep. Blum, Rod [R-IA-1]</fullName>
        <firstName>Rod</firstName>
      </item>
      <item>
        <sponsorshipDate>2017-01-13</sponsorshipDate>
        <party>R</party>
        <lastName>Hurd</lastName>
        <sponsorshipWithdrawnDate />
        <bioguideId>H001073</bioguideId>
        <isOriginalCosponsor>False</isOriginalCosponsor>
        <district>23</district>
        <state>TX</state>
        <middleName />
        <identifiers>
          <lisID>2269</lisID>
          <gpoId />
          <bioguideId>H001073</bioguideId>
        </identifiers>
        <fullName>Rep. Hurd, Will [R-TX-23]</fullName>
        <firstName>Will</firstName>
      </item>
      <item>
        <sponsorshipDate>2017-01-13</sponsorshipDate>
        <party>R</party>
        <lastName>Gowdy</lastName>
        <sponsorshipWithdrawnDate />
        <bioguideId>G000566</bioguideId>
        <isOriginalCosponsor>False</isOriginalCosponsor>
        <district>4</district>
        <state>SC</state>
        <middleName />
        <identifiers>
          <lisID>2058</lisID>
          <gpoId>8144</gpoId>
          <bioguideId>G000566</bioguideId>
        </identifiers>
        <fullName>Rep. Gowdy, Trey [R-SC-4]</fullName>
        <firstName>Trey</firstName>
      </item>
      <item>
        <sponsorshipDate>2017-01-13</sponsorshipDate>
        <party>R</party>
        <lastName>Turner</lastName>
        <sponsorshipWithdrawnDate />
        <bioguideId>T000463</bioguideId>
        <isOriginalCosponsor>False</isOriginalCosponsor>
        <district>10</district>
        <state>OH</state>
        <middleName>R.</middleName>
        <identifiers>
          <gpoId>8093</gpoId>
          <bioguideId>T000463</bioguideId>
          <lisID>1741</lisID>
        </identifiers>
        <fullName>Rep. Turner, Michael R. [R-OH-10]</fullName>
        <firstName>Michael</firstName>
      </item>
      <item>
        <sponsorshipDate>2017-01-13</sponsorshipDate>
        <party>R</party>
        <lastName>Rokita</lastName>
        <sponsorshipWithdrawnDate />
        <bioguideId>R000592</bioguideId>
        <isOriginalCosponsor>False</isOriginalCosponsor>
        <district>4</district>
        <state>IN</state>
        <middleName />
        <identifiers>
          <lisID>2017</lisID>
          <gpoId>7943</gpoId>
          <bioguideId>R000592</bioguideId>
        </identifiers>
        <fullName>Rep. Rokita, Todd [R-IN-4]</fullName>
        <firstName>Todd</firstName>
      </item>
      <item>
        <sponsorshipDate>2017-01-13</sponsorshipDate>
        <party>R</party>
        <lastName>Katko</lastName>
        <sponsorshipWithdrawnDate />
        <bioguideId>K000386</bioguideId>
        <isOriginalCosponsor>False</isOriginalCosponsor>
        <district>24</district>
        <state>NY</state>
        <middleName />
        <identifiers>
          <bioguideId>K000386</bioguideId>
          <lisID>2264</lisID>
          <gpoId />
        </identifiers>
        <fullName>Rep. Katko, John [R-NY-24]</fullName>
        <firstName>John</firstName>
      </item>
      <item>
        <sponsorshipDate>2017-01-13</sponsorshipDate>
        <party>R</party>
        <lastName>Babin</lastName>
        <sponsorshipWithdrawnDate />
        <bioguideId>B001291</bioguideId>
        <isOriginalCosponsor>False</isOriginalCosponsor>
        <district>36</district>
        <state>TX</state>
        <middleName />
        <identifiers>
          <lisID>2270</lisID>
          <gpoId />
          <bioguideId>B001291</bioguideId>
        </identifiers>
        <fullName>Rep. Babin, Brian [R-TX-36]</fullName>
        <firstName>Brian</firstName>
      </item>
      <item>
        <sponsorshipDate>2017-01-13</sponsorshipDate>
        <party>R</party>
        <lastName>Jordan</lastName>
        <sponsorshipWithdrawnDate />
        <bioguideId>J000289</bioguideId>
        <isOriginalCosponsor>False</isOriginalCosponsor>
        <district>4</district>
        <state>OH</state>
        <middleName />
        <identifiers>
          <gpoId>8094</gpoId>
          <bioguideId>J000289</bioguideId>
          <lisID>1868</lisID>
        </identifiers>
        <fullName>Rep. Jordan, Jim [R-OH-4]</fullName>
        <firstName>Jim</firstName>
      </item>
      <item>
        <sponsorshipDate>2017-01-13</sponsorshipDate>
        <party>R</party>
        <lastName>Kelly</lastName>
        <sponsorshipWithdrawnDate />
        <bioguideId>K000376</bioguideId>
        <isOriginalCosponsor>False</isOriginalCosponsor>
        <district>3</district>
        <state>PA</state>
        <middleName />
        <identifiers>
          <gpoId>8708</gpoId>
          <bioguideId>K000376</bioguideId>
          <lisID>2051</lisID>
        </identifiers>
        <fullName>Rep. Kelly, Mike [R-PA-3]</fullName>
        <firstName>Mike</firstName>
      </item>
      <item>
        <sponsorshipDate>2017-01-13</sponsorshipDate>
        <party>R</party>
        <lastName>Wittman</lastName>
        <sponsorshipWithdrawnDate />
        <bioguideId>W000804</bioguideId>
        <isOriginalCosponsor>False</isOriginalCosponsor>
        <district>1</district>
        <state>VA</state>
        <middleName>J.</middleName>
        <identifiers>
          <bioguideId>W000804</bioguideId>
          <lisID>1886</lisID>
          <gpoId>8192</gpoId>
        </identifiers>
        <fullName>Rep. Wittman, Robert J. [R-VA-1]</fullName>
        <firstName>Robert</firstName>
      </item>
    </cosponsors>
    <titles>
      <item>
        <chamberName />
        <title>Federal Reserve Transparency Act of 2017</title>
        <chamberCode />
        <titleType>Short Titles as Introduced</titleType>
        <parentTitleType />
      </item>
      <item>
        <chamberName />
        <title>To require a full audit of the Board of Governors of the Federal Reserve System and the Federal reserve banks by the Comptroller General of the United States, and for other purposes.</title>
        <chamberCode />
        <titleType>Official Title as Introduced</titleType>
        <parentTitleType />
      </item>
      <item>
        <chamberName />
        <title>Federal Reserve Transparency Act of 2017</title>
        <chamberCode />
        <titleType>Display Title</titleType>
        <parentTitleType />
      </item>
    </titles>
    <laws />
    <amendments />
    <createDate>2017-01-04T07:01:08Z</createDate>
    <updateDate>2017-01-14T09:56:21Z</updateDate>
    <relatedBills>
      <item>
        <type>S</type>
        <congress>115</congress>
        <number>16</number>
        <latestAction>
          <text>Read twice and referred to the Committee on Banking, Housing, and Urban Affairs.</text>
          <actionDate>2017-01-03</actionDate>
        </latestAction>
        <relationshipDetails>
          <item>
            <type>Identical bill</type>
            <identifiedBy>CRS</identifiedBy>
          </item>
        </relationshipDetails>
        <latestTitle>Federal Reserve Transparency Act of 2017</latestTitle>
      </item>
    </relatedBills>
    <subjects>
      <billSubjects>
        <policyArea>
          <name>Finance and Financial Sector</name>
        </policyArea>
        <legislativeSubjects>
          <item>
            <name>Accounting and auditing</name>
          </item>
          <item>
            <name>Bank accounts, deposits, capital</name>
          </item>
          <item>
            <name>Congressional oversight</name>
          </item>
          <item>
            <name>Federal Reserve System</name>
          </item>
          <item>
            <name>Government studies and investigations</name>
          </item>
        </legislativeSubjects>
      </billSubjects>
    </subjects>
    <billType>HR</billType>
    <introducedDate>2017-01-03</introducedDate>
    <sponsors>
      <item>
        <byRequestType />
        <firstName>Thomas</firstName>
        <state>KY</state>
        <district>4</district>
        <bioguideId>M001184</bioguideId>
        <lastName>Massie</lastName>
        <fullName>Rep. Massie, Thomas [R-KY-4]</fullName>
        <party>R</party>
        <identifiers>
          <gpoId>8371</gpoId>
          <bioguideId>M001184</bioguideId>
          <lisID>2094</lisID>
        </identifiers>
        <middleName />
      </item>
    </sponsors>
    <recordedVotes />
    <originChamber>House</originChamber>
    <calendarNumbers />
    <congress>115</congress>
    <title>Federal Reserve Transparency Act of 2017</title>
    <cboCostEstimates />
    <actions>
      <actionByCounts>
        <houseOfRepresentatives>3</houseOfRepresentatives>
      </actionByCounts>
      <actionTypeCounts>
        <introducedInTheHouse>1</introducedInTheHouse>
        <introducedInHouse>1</introducedInHouse>
        <billReferrals>1</billReferrals>
      </actionTypeCounts>
      <item>
        <type>IntroReferral</type>
        <text>Referred to the House Committee on Oversight and Government Reform.</text>
        <actionCode>H11100</actionCode>
        <sourceSystem>
          <name>House floor actions</name>
          <code>2</code>
        </sourceSystem>
        <links />
        <committee>
          <systemCode>hsgo00</systemCode>
          <name>Oversight and Government Reform Committee</name>
        </committee>
        <actionDate>2017-01-03</actionDate>
      </item>
      <item>
        <type>IntroReferral</type>
        <text>Introduced in House</text>
        <actionCode>Intro-H</actionCode>
        <sourceSystem>
          <name>Library of Congress</name>
          <code>9</code>
        </sourceSystem>
        <links />
        <committee />
        <actionDate>2017-01-03</actionDate>
      </item>
      <item>
        <type>IntroReferral</type>
        <text>Introduced in House</text>
        <actionCode>1000</actionCode>
        <sourceSystem>
          <name>Library of Congress</name>
          <code>9</code>
        </sourceSystem>
        <links />
        <committee />
        <actionDate>2017-01-03</actionDate>
      </item>
    </actions>
    <latestAction>
      <actionDate>2017-01-03</actionDate>
      <text>Referred to the House Committee on Oversight and Government Reform.</text>
      <links />
    </latestAction>
    <committeeReports />
    <notes />
    <committees>
      <billCommittees>
        <item>
          <chamber>House</chamber>
          <subcommittees />
          <type>Standing</type>
          <name>Oversight and Government Reform Committee</name>
          <activities>
            <item>
              <name>Referred to</name>
              <date>2017-01-03T17:05:35Z</date>
            </item>
          </activities>
          <systemCode>hsgo00</systemCode>
        </item>
      </billCommittees>
    </committees>
    <billNumber>24</billNumber>
    <constitutionalAuthorityStatementText />
    <policyArea>
      <name>Finance and Financial Sector</name>
    </policyArea>
    <summaries>
      <billSummaries>
        <item>
          <text><![CDATA[<p><b>Federal Reserve Transparency Act of 2017 </b></p> <p>This bill directs the Government Accountability Office (GAO) to complete, within 12 months, an audit of the Federal Reserve Board and Federal Reserve banks.</p> <p>In addition, the bill allows the GAO to audit the Federal Reserve Board and Federal Reserve banks with respect to: (1) international financial transactions; (2) deliberations, decisions,&nbsp;or actions on monetary policy matters; (3) transactions made under the direction of the Federal Open Market Committee; and (4) discussions or communications among Federal Reserve officers, board members, and employees regarding any of these matters. </p>]]></text>
          <lastSummaryUpdateDate>2017-01-09T19:17:47Z</lastSummaryUpdateDate>
          <actionDesc>Introduced in House</actionDesc>
          <versionCode>00</versionCode>
          <updateDate>2017-01-03T05:00:00Z</updateDate>
          <name>Introduced in House</name>
          <actionDate>2017-01-03</actionDate>
        </item>
      </billSummaries>
    </summaries>
  </bill>
  <dublinCore xmlns:dc="http://purl.org/dc/elements/1.1/">
    <dc:format>text/xml</dc:format>
    <dc:language>EN</dc:language>
    <dc:rights>Pursuant to Title 17 Section 105 of the United States Code, this file is not subject to copyright protection and is in the public domain.</dc:rights>
    <dc:contributor>Congressional Research Service, Library of Congress</dc:contributor>
    <dc:description>This file contains bill summaries and statuses for federal legislation. A bill summary describes the most significant provisions of a piece of legislation and details the effects the legislative text may have on current law and federal programs. Bill summaries are authored by the Congressional Research Service (CRS) of the Library of Congress. As stated in Public Law 91-510 (2 USC 166 (d)(6)), one of the duties of CRS is "to prepare summaries and digests of bills and resolutions of a public general nature introduced in the Senate or House of Representatives". For more information, refer to the User Guide that accompanies this file.</dc:description>
  </dublinCore>
</billStatus>

