<?xml version="1.0" encoding="UTF-8"?>
<billStatus>
  <bill>
    <titles>
      <item>
        <chamberCode />
        <titleType>Official Title as Introduced</titleType>
        <parentTitleType />
        <chamberName />
        <title>To amend the National Marine Sanctuaries Act to prescribe an additional requirement for the designation of marine sanctuaries off the coast of Alaska, and for other purposes.</title>
      </item>
      <item>
        <chamberCode />
        <titleType>Display Title</titleType>
        <parentTitleType />
        <chamberName />
        <title>To amend the National Marine Sanctuaries Act to prescribe an additional requirement for the designation of marine sanctuaries off the coast of Alaska, and for other purposes.</title>
      </item>
    </titles>
    <notes />
    <latestAction>
      <links />
      <text>Referred to the Subcommittee on Water, Power and Oceans.</text>
      <actionDate>2017-02-10</actionDate>
    </latestAction>
    <constitutionalAuthorityStatementText><![CDATA[<pre>[Congressional Record Volume 163, Number 1 (Tuesday, January 3, 2017)]From the Congressional Record Online through the Government Publishing Office [<a href='http://www.gpo.gov'>www.gpo.gov</a>]By Mr. YOUNG of Alaska:H.R. 222.Congress has the power to enact this legislation pursuantto the following:Article IV, Section 3, Clause 2``The Congress shall have Power to dispose of and make allneedful Rules and Regulations respecting the Territory orother Property belonging to the United States; and nothing inthis Constitution shall be so construed as to Prejudice anyClaims of the United States, or of any particular State.''[Page H53]</pre>]]></constitutionalAuthorityStatementText>
    <committees>
      <billCommittees>
        <item>
          <subcommittees>
            <item>
              <activities>
                <item>
                  <date>2017-02-10T16:59:43Z</date>
                  <name>Referred to</name>
                </item>
              </activities>
              <systemCode>hsii13</systemCode>
              <name>Water, Power and Oceans Subcommittee</name>
            </item>
          </subcommittees>
          <systemCode>hsii00</systemCode>
          <name>Natural Resources Committee</name>
          <activities>
            <item>
              <date>2017-01-03T17:26:00Z</date>
              <name>Referred to</name>
            </item>
          </activities>
          <type>Standing</type>
          <chamber>House</chamber>
        </item>
      </billCommittees>
    </committees>
    <actions>
      <actionTypeCounts>
        <introducedInTheHouse>1</introducedInTheHouse>
        <billReferrals>1</billReferrals>
        <introducedInHouse>1</introducedInHouse>
        <placeholderTextForH>1</placeholderTextForH>
      </actionTypeCounts>
      <item>
        <actionDate>2017-02-10</actionDate>
        <committee>
          <name>Water, Power and Oceans Subcommittee</name>
          <systemCode>hsii13</systemCode>
        </committee>
        <links />
        <sourceSystem>
          <code>1</code>
          <name>House committee actions</name>
        </sourceSystem>
        <text>Referred to the Subcommittee on Water, Power and Oceans.</text>
        <type>Committee</type>
      </item>
      <item>
        <links />
        <type>IntroReferral</type>
        <actionDate>2017-01-03</actionDate>
        <text>Referred to the House Committee on Natural Resources.</text>
        <committee>
          <name>Natural Resources Committee</name>
          <systemCode>hsii00</systemCode>
        </committee>
        <sourceSystem>
          <code>2</code>
          <name>House floor actions</name>
        </sourceSystem>
        <actionCode>H11100</actionCode>
      </item>
      <item>
        <links />
        <type>IntroReferral</type>
        <actionDate>2017-01-03</actionDate>
        <text>Introduced in House</text>
        <committee />
        <sourceSystem>
          <code>9</code>
          <name>Library of Congress</name>
        </sourceSystem>
        <actionCode>Intro-H</actionCode>
      </item>
      <item>
        <links />
        <type>IntroReferral</type>
        <actionDate>2017-01-03</actionDate>
        <text>Introduced in House</text>
        <committee />
        <sourceSystem>
          <code>9</code>
          <name>Library of Congress</name>
        </sourceSystem>
        <actionCode>1000</actionCode>
      </item>
      <actionByCounts>
        <houseOfRepresentatives>4</houseOfRepresentatives>
      </actionByCounts>
    </actions>
    <policyArea>
      <name>Public Lands and Natural Resources</name>
    </policyArea>
    <sponsors>
      <item>
        <fullName>Rep. Young, Don [R-AK-At Large]</fullName>
        <party>R</party>
        <bioguideId>Y000033</bioguideId>
        <identifiers>
          <bioguideId>Y000033</bioguideId>
          <gpoId>7785</gpoId>
          <lisID>1256</lisID>
        </identifiers>
        <lastName>YOUNG</lastName>
        <district>0</district>
        <middleName>E.</middleName>
        <firstName>DON</firstName>
        <byRequestType />
        <state>AK</state>
      </item>
    </sponsors>
    <recordedVotes />
    <updateDate>2018-08-28T19:58:20Z</updateDate>
    <billNumber>222</billNumber>
    <title>To amend the National Marine Sanctuaries Act to prescribe an additional requirement for the designation of marine sanctuaries off the coast of Alaska, and for other purposes.</title>
    <relatedBills />
    <amendments />
    <version>1.0.0</version>
    <laws />
    <cboCostEstimates />
    <billType>HR</billType>
    <createDate>2017-01-04T07:01:13Z</createDate>
    <originChamber>House</originChamber>
    <summaries>
      <billSummaries>
        <item>
          <updateDate>2017-01-03T05:00:00Z</updateDate>
          <actionDate>2017-01-03</actionDate>
          <versionCode>00</versionCode>
          <name>Introduced in House</name>
          <text><![CDATA[<p>This bill amends the National Marine Sanctuaries Act to prohibit the Department of Commerce from designating as a national marine sanctuary an area of the marine environment off the coast of Alaska seaward of the high tide line unless an Act of Congress requires Commerce to make the designation and prescribes the boundaries of the designated area.</p>]]></text>
          <lastSummaryUpdateDate>2017-01-17T22:06:14Z</lastSummaryUpdateDate>
          <actionDesc>Introduced in House</actionDesc>
        </item>
      </billSummaries>
    </summaries>
    <committeeReports />
    <calendarNumbers />
    <cosponsors />
    <introducedDate>2017-01-03</introducedDate>
    <congress>115</congress>
    <subjects>
      <billSubjects>
        <policyArea>
          <name>Public Lands and Natural Resources</name>
        </policyArea>
        <legislativeSubjects>
          <item>
            <name>Administrative law and regulatory procedures</name>
          </item>
          <item>
            <name>Alaska</name>
          </item>
          <item>
            <name>Congressional oversight</name>
          </item>
          <item>
            <name>Department of Commerce</name>
          </item>
          <item>
            <name>Marine and coastal resources, fisheries</name>
          </item>
          <item>
            <name>Wilderness and natural areas, wildlife refuges, wild rivers, habitats</name>
          </item>
        </legislativeSubjects>
      </billSubjects>
    </subjects>
  </bill>
  <dublinCore xmlns:dc="http://purl.org/dc/elements/1.1/">
    <dc:format>text/xml</dc:format>
    <dc:language>EN</dc:language>
    <dc:rights>Pursuant to Title 17 Section 105 of the United States Code, this file is not subject to copyright protection and is in the public domain.</dc:rights>
    <dc:contributor>Congressional Research Service, Library of Congress</dc:contributor>
    <dc:description>This file contains bill summaries and statuses for federal legislation. A bill summary describes the most significant provisions of a piece of legislation and details the effects the legislative text may have on current law and federal programs. Bill summaries are authored by the Congressional Research Service (CRS) of the Library of Congress. As stated in Public Law 91-510 (2 USC 166 (d)(6)), one of the duties of CRS is "to prepare summaries and digests of bills and resolutions of a public general nature introduced in the Senate or House of Representatives". For more information, refer to the User Guide that accompanies this file.</dc:description>
  </dublinCore>
</billStatus>

