<?xml version="1.0" encoding="UTF-8"?>
<billStatus>
  <bill>
    <titles>
      <item>
        <chamberName />
        <chamberCode />
        <titleType>Short Titles as Introduced</titleType>
        <title>Unaffordable Care Act</title>
        <parentTitleType />
      </item>
      <item>
        <chamberName />
        <chamberCode />
        <titleType>Official Title as Introduced</titleType>
        <title>To amend the Internal Revenue Code of 1986 to exempt certain individuals from the individual health insurance mandate.</title>
        <parentTitleType />
      </item>
      <item>
        <chamberName />
        <chamberCode />
        <titleType>Display Title</titleType>
        <title>Unaffordable Care Act</title>
        <parentTitleType />
      </item>
      <item>
        <chamberName />
        <chamberCode />
        <titleType>(Extracted from GPO) Short Titles as Introduced</titleType>
        <title>Unaffordable Care Act</title>
        <parentTitleType />
      </item>
    </titles>
    <notes />
    <latestAction>
      <links />
      <text>Referred to the House Committee on Ways and Means.</text>
      <actionDate>2017-01-13</actionDate>
    </latestAction>
    <constitutionalAuthorityStatementText><![CDATA[<pre>[Congressional Record Volume 163, Number 9 (Friday, January 13, 2017)]From the Congressional Record Online through the Government Publishing Office [<a href='http://www.gpo.gov'>www.gpo.gov</a>]By Mr. MESSER:H.R. 563.Congress has the power toenact this legislation pursuantto the following:Article 1, Section 8, Clause 3 of the U.S. Constitution: Toregulatecommerce with foreign nations, and among the severalstates, and with the Indian tribes.[Page H548]</pre>]]></constitutionalAuthorityStatementText>
    <committees>
      <billCommittees>
        <item>
          <systemCode>hswm00</systemCode>
          <type>Standing</type>
          <activities>
            <item>
              <date>2017-01-13T14:06:05Z</date>
              <name>Referred to</name>
            </item>
          </activities>
          <name>Ways and Means Committee</name>
          <subcommittees />
          <chamber>House</chamber>
        </item>
      </billCommittees>
    </committees>
    <actions>
      <actionTypeCounts>
        <introducedInHouse>1</introducedInHouse>
        <introducedInTheHouse>1</introducedInTheHouse>
        <billReferrals>1</billReferrals>
      </actionTypeCounts>
      <item>
        <actionDate>2017-01-13</actionDate>
        <links />
        <text>Referred to the House Committee on Ways and Means.</text>
        <type>IntroReferral</type>
        <actionCode>H11100</actionCode>
        <sourceSystem>
          <name>House floor actions</name>
          <code>2</code>
        </sourceSystem>
        <committee>
          <systemCode>hswm00</systemCode>
          <name>Ways and Means Committee</name>
        </committee>
      </item>
      <item>
        <actionDate>2017-01-13</actionDate>
        <links />
        <text>Introduced in House</text>
        <type>IntroReferral</type>
        <actionCode>Intro-H</actionCode>
        <sourceSystem>
          <name>Library of Congress</name>
          <code>9</code>
        </sourceSystem>
        <committee />
      </item>
      <item>
        <actionDate>2017-01-13</actionDate>
        <links />
        <text>Introduced in House</text>
        <type>IntroReferral</type>
        <actionCode>1000</actionCode>
        <sourceSystem>
          <name>Library of Congress</name>
          <code>9</code>
        </sourceSystem>
        <committee />
      </item>
      <actionByCounts>
        <houseOfRepresentatives>3</houseOfRepresentatives>
      </actionByCounts>
    </actions>
    <policyArea>
      <name>Taxation</name>
    </policyArea>
    <sponsors>
      <item>
        <fullName>Rep. Messer, Luke [R-IN-6]</fullName>
        <party>R</party>
        <bioguideId>M001189</bioguideId>
        <identifiers>
          <lisID>2130</lisID>
          <bioguideId>M001189</bioguideId>
          <gpoId />
        </identifiers>
        <lastName>Messer</lastName>
        <district>6</district>
        <middleName />
        <firstName>Luke</firstName>
        <byRequestType />
        <state>IN</state>
      </item>
    </sponsors>
    <recordedVotes />
    <updateDate>2018-08-28T20:00:00Z</updateDate>
    <billNumber>563</billNumber>
    <title>Unaffordable Care Act</title>
    <relatedBills />
    <amendments />
    <version>1.0.0</version>
    <laws />
    <cboCostEstimates />
    <billType>HR</billType>
    <createDate>2017-01-14T04:47:33Z</createDate>
    <originChamber>House</originChamber>
    <summaries>
      <billSummaries>
        <item>
          <lastSummaryUpdateDate>2017-01-31T17:10:00Z</lastSummaryUpdateDate>
          <actionDate>2017-01-13</actionDate>
          <text><![CDATA[<p><b>Unaffordable Care Act </b></p> <p>This bill amends the Internal Revenue Code to exempt from the requirement to maintain minimum essential health coverage an individual who: (1) resides in a location with fewer than two qualified health plans offered through an exchange established under the Patient Protection and Affordable Care Act, or (2) was covered under minimum essential coverage for the last month of the preceding year and the premium is at least 125% percent of the premium for that month. </p>]]></text>
          <updateDate>2017-01-13T05:00:00Z</updateDate>
          <name>Introduced in House</name>
          <versionCode>00</versionCode>
          <actionDesc>Introduced in House</actionDesc>
        </item>
      </billSummaries>
    </summaries>
    <committeeReports />
    <calendarNumbers />
    <cosponsors />
    <introducedDate>2017-01-13</introducedDate>
    <congress>115</congress>
    <subjects>
      <billSubjects>
        <policyArea>
          <name>Taxation</name>
        </policyArea>
        <legislativeSubjects>
          <item>
            <name>Health care costs and insurance</name>
          </item>
          <item>
            <name>Health care coverage and access</name>
          </item>
          <item>
            <name>Sales and excise taxes</name>
          </item>
        </legislativeSubjects>
      </billSubjects>
    </subjects>
  </bill>
  <dublinCore xmlns:dc="http://purl.org/dc/elements/1.1/">
    <dc:format>text/xml</dc:format>
    <dc:language>EN</dc:language>
    <dc:rights>Pursuant to Title 17 Section 105 of the United States Code, this file is not subject to copyright protection and is in the public domain.</dc:rights>
    <dc:contributor>Congressional Research Service, Library of Congress</dc:contributor>
    <dc:description>This file contains bill summaries and statuses for federal legislation. A bill summary describes the most significant provisions of a piece of legislation and details the effects the legislative text may have on current law and federal programs. Bill summaries are authored by the Congressional Research Service (CRS) of the Library of Congress. As stated in Public Law 91-510 (2 USC 166 (d)(6)), one of the duties of CRS is "to prepare summaries and digests of bills and resolutions of a public general nature introduced in the Senate or House of Representatives". For more information, refer to the User Guide that accompanies this file.</dc:description>
  </dublinCore>
</billStatus>

