<?xml version="1.0" encoding="UTF-8"?>
<billStatus>
  <bill>
    <subjects>
      <billSubjects>
        <legislativeSubjects />
      </billSubjects>
    </subjects>
    <actions>
      <item>
        <committee>
          <name>House Administration Committee</name>
          <systemCode>hsha00</systemCode>
        </committee>
        <actionDate>2017-01-10</actionDate>
        <text>Referred to the House Committee on House Administration.</text>
        <links />
        <actionCode>H11100</actionCode>
        <type>IntroReferral</type>
        <sourceSystem>
          <name>House floor actions</name>
          <code>2</code>
        </sourceSystem>
      </item>
      <item>
        <committee />
        <actionDate>2017-01-10</actionDate>
        <text>Introduced in House</text>
        <links />
        <actionCode>Intro-H</actionCode>
        <type>IntroReferral</type>
        <sourceSystem>
          <name>Library of Congress</name>
          <code>9</code>
        </sourceSystem>
      </item>
      <item>
        <committee />
        <actionDate>2017-01-10</actionDate>
        <text>Introduced in House</text>
        <links />
        <actionCode>1000</actionCode>
        <type>IntroReferral</type>
        <sourceSystem>
          <name>Library of Congress</name>
          <code>9</code>
        </sourceSystem>
      </item>
      <actionTypeCounts>
        <billReferrals>1</billReferrals>
        <introducedInTheHouse>1</introducedInTheHouse>
        <introducedInHouse>1</introducedInHouse>
      </actionTypeCounts>
      <actionByCounts>
        <houseOfRepresentatives>3</houseOfRepresentatives>
      </actionByCounts>
    </actions>
    <policyArea />
    <notes />
    <createDate>2017-01-11T05:09:43Z</createDate>
    <title>To provide that the salaries of Members of a House of Congress will be held in escrow if that House has not agreed to a concurrent resolution on the budget for fiscal year 2018 by April 15, 2017.</title>
    <relatedBills />
    <cosponsors>
      <item>
        <sponsorshipDate>2017-01-11</sponsorshipDate>
        <party>R</party>
        <lastName>Biggs</lastName>
        <sponsorshipWithdrawnDate />
        <bioguideId>B001302</bioguideId>
        <isOriginalCosponsor>False</isOriginalCosponsor>
        <district>5</district>
        <state>AZ</state>
        <middleName />
        <identifiers>
          <lisID>2307</lisID>
          <gpoId />
          <bioguideId>B001302</bioguideId>
        </identifiers>
        <fullName>Rep. Biggs, Andy [R-AZ-5]</fullName>
        <firstName>Andy</firstName>
      </item>
      <item>
        <sponsorshipDate>2017-01-11</sponsorshipDate>
        <party>R</party>
        <lastName>Pearce</lastName>
        <sponsorshipWithdrawnDate />
        <bioguideId>P000588</bioguideId>
        <isOriginalCosponsor>False</isOriginalCosponsor>
        <district>2</district>
        <state>NM</state>
        <middleName />
        <identifiers>
          <lisID>1738</lisID>
          <gpoId>8057</gpoId>
          <bioguideId>P000588</bioguideId>
        </identifiers>
        <fullName>Rep. Pearce, Stevan [R-NM-2]</fullName>
        <firstName>Stevan</firstName>
      </item>
      <item>
        <sponsorshipDate>2017-01-11</sponsorshipDate>
        <party>R</party>
        <lastName>Comstock</lastName>
        <sponsorshipWithdrawnDate />
        <bioguideId>C001105</bioguideId>
        <isOriginalCosponsor>False</isOriginalCosponsor>
        <district>10</district>
        <state>VA</state>
        <middleName />
        <identifiers>
          <lisID>2273</lisID>
          <gpoId />
          <bioguideId>C001105</bioguideId>
        </identifiers>
        <fullName>Rep. Comstock, Barbara [R-VA-10]</fullName>
        <firstName>Barbara</firstName>
      </item>
    </cosponsors>
    <constitutionalAuthorityStatementText />
    <cboCostEstimates />
    <updateDate>2017-01-12T09:49:59Z</updateDate>
    <laws />
    <summaries>
      <billSummaries />
    </summaries>
    <latestAction>
      <links />
      <actionDate>2017-01-10</actionDate>
      <text>Referred to the House Committee on House Administration.</text>
    </latestAction>
    <originChamber>House</originChamber>
    <introducedDate>2017-01-10</introducedDate>
    <billNumber>429</billNumber>
    <amendments />
    <billType>HR</billType>
    <committees>
      <billCommittees>
        <item>
          <systemCode>hsha00</systemCode>
          <name>House Administration Committee</name>
          <subcommittees />
          <chamber>House</chamber>
          <activities>
            <item>
              <name>Referred to</name>
              <date>2017-01-10T15:01:15Z</date>
            </item>
          </activities>
          <type>Standing</type>
        </item>
      </billCommittees>
    </committees>
    <calendarNumbers />
    <congress>115</congress>
    <committeeReports />
    <recordedVotes />
    <sponsors>
      <item>
        <lastName>Wittman</lastName>
        <state>VA</state>
        <byRequestType />
        <firstName>Robert</firstName>
        <bioguideId>W000804</bioguideId>
        <fullName>Rep. Wittman, Robert J. [R-VA-1]</fullName>
        <identifiers>
          <lisID>1886</lisID>
          <gpoId>8192</gpoId>
          <bioguideId>W000804</bioguideId>
        </identifiers>
        <middleName>J.</middleName>
        <district>1</district>
        <party>R</party>
      </item>
    </sponsors>
    <titles>
      <item>
        <chamberName />
        <title>To provide that the salaries of Members of a House of Congress will be held in escrow if that House has not agreed to a concurrent resolution on the budget for fiscal year 2018 by April 15, 2017.</title>
        <titleType>Official Title as Introduced</titleType>
        <parentTitleType />
        <chamberCode />
      </item>
      <item>
        <chamberName />
        <title>To provide that the salaries of Members of a House of Congress will be held in escrow if that House has not agreed to a concurrent resolution on the budget for fiscal year 2018 by April 15, 2017.</title>
        <titleType>Display Title</titleType>
        <parentTitleType />
        <chamberCode />
      </item>
    </titles>
  </bill>
  <dublinCore xmlns:dc="http://purl.org/dc/elements/1.1/">
    <dc:format>text/xml</dc:format>
    <dc:language>EN</dc:language>
    <dc:rights>Pursuant to Title 17 Section 105 of the United States Code, this file is not subject to copyright protection and is in the public domain.</dc:rights>
    <dc:contributor>Congressional Research Service, Library of Congress</dc:contributor>
    <dc:description>This file contains bill summaries and statuses for federal legislation. A bill summary describes the most significant provisions of a piece of legislation and details the effects the legislative text may have on current law and federal programs. Bill summaries are authored by the Congressional Research Service (CRS) of the Library of Congress. As stated in Public Law 91-510 (2 USC 166 (d)(6)), one of the duties of CRS is "to prepare summaries and digests of bills and resolutions of a public general nature introduced in the Senate or House of Representatives". For more information, refer to the User Guide that accompanies this file.</dc:description>
  </dublinCore>
</billStatus>

