<?xml version="1.0" encoding="UTF-8"?>
<billStatus>
  <bill>
    <laws />
    <committeeReports />
    <recordedVotes />
    <originChamber>House</originChamber>
    <congress>115</congress>
    <title>Genetically Engineered Salmon Labeling Act</title>
    <summaries>
      <billSummaries>
        <item>
          <text><![CDATA[<p><b>Genetically Engineered Salmon Labeling Act</b></p> <p>This bill requires the market name of genetically modified (commonly called &quot;GMO&quot;) salmon to include &quot;Genetically Engineered&quot; or &quot;GE&quot; in front of the existing market name.</p> <p>The Department of Health and Human Services must ensure that an independent scientific organization reviews and reports on the Food and Drug Administration's environmental assessment of AquAdvantage Salmon.</p>]]></text>
          <updateDate>2017-01-03T05:00:00Z</updateDate>
          <actionDesc>Introduced in House</actionDesc>
          <actionDate>2017-01-03</actionDate>
          <versionCode>00</versionCode>
          <name>Introduced in House</name>
          <lastSummaryUpdateDate>2017-01-17T22:25:14Z</lastSummaryUpdateDate>
        </item>
      </billSummaries>
    </summaries>
    <relatedBills />
    <introducedDate>2017-01-03</introducedDate>
    <committees>
      <billCommittees>
        <item>
          <systemCode>hsif00</systemCode>
          <chamber>House</chamber>
          <activities>
            <item>
              <name>Referred to</name>
              <date>2017-01-03T17:29:00Z</date>
            </item>
          </activities>
          <name>Energy and Commerce Committee</name>
          <subcommittees />
          <type>Standing</type>
        </item>
      </billCommittees>
    </committees>
    <updateDate>2017-01-17T22:31:15Z</updateDate>
    <createDate>2017-01-04T07:01:13Z</createDate>
    <policyArea>
      <name>Health</name>
    </policyArea>
    <notes />
    <titles>
      <item>
        <chamberCode />
        <titleType>Short Titles as Introduced</titleType>
        <parentTitleType />
        <chamberName />
        <title>Genetically Engineered Salmon Labeling Act</title>
      </item>
      <item>
        <chamberCode />
        <titleType>Official Title as Introduced</titleType>
        <parentTitleType />
        <chamberName />
        <title>To amend the market name of genetically altered salmon in the United States, and for other purposes.</title>
      </item>
      <item>
        <chamberCode />
        <titleType>Display Title</titleType>
        <parentTitleType />
        <chamberName />
        <title>Genetically Engineered Salmon Labeling Act</title>
      </item>
    </titles>
    <amendments />
    <cboCostEstimates />
    <constitutionalAuthorityStatementText />
    <billNumber>204</billNumber>
    <billType>HR</billType>
    <actions>
      <actionByCounts>
        <houseOfRepresentatives>3</houseOfRepresentatives>
      </actionByCounts>
      <item>
        <text>Referred to the House Committee on Energy and Commerce.</text>
        <links />
        <sourceSystem>
          <code>2</code>
          <name>House floor actions</name>
        </sourceSystem>
        <actionCode>H11100</actionCode>
        <type>IntroReferral</type>
        <actionDate>2017-01-03</actionDate>
        <committee>
          <systemCode>hsif00</systemCode>
          <name>Energy and Commerce Committee</name>
        </committee>
      </item>
      <item>
        <text>Introduced in House</text>
        <links />
        <sourceSystem>
          <code>9</code>
          <name>Library of Congress</name>
        </sourceSystem>
        <actionCode>Intro-H</actionCode>
        <type>IntroReferral</type>
        <actionDate>2017-01-03</actionDate>
        <committee />
      </item>
      <item>
        <text>Introduced in House</text>
        <links />
        <sourceSystem>
          <code>9</code>
          <name>Library of Congress</name>
        </sourceSystem>
        <actionCode>1000</actionCode>
        <type>IntroReferral</type>
        <actionDate>2017-01-03</actionDate>
        <committee />
      </item>
      <actionTypeCounts>
        <introducedInHouse>1</introducedInHouse>
        <billReferrals>1</billReferrals>
        <introducedInTheHouse>1</introducedInTheHouse>
      </actionTypeCounts>
    </actions>
    <calendarNumbers />
    <cosponsors>
      <item>
        <sponsorshipDate>2017-01-03</sponsorshipDate>
        <isOriginalCosponsor>True</isOriginalCosponsor>
        <identifiers>
          <lisID>279</lisID>
          <bioguideId>D000191</bioguideId>
          <gpoId>8117</gpoId>
        </identifiers>
        <firstName>PETER</firstName>
        <party>D</party>
        <middleName>A.</middleName>
        <state>OR</state>
        <sponsorshipWithdrawnDate />
        <lastName>DEFAZIO</lastName>
        <district>4</district>
        <fullName>Rep. DeFazio, Peter A. [D-OR-4]</fullName>
        <bioguideId>D000191</bioguideId>
      </item>
    </cosponsors>
    <latestAction>
      <actionDate>2017-01-03</actionDate>
      <links />
      <text>Referred to the House Committee on Energy and Commerce.</text>
    </latestAction>
    <subjects>
      <billSubjects>
        <policyArea>
          <name>Health</name>
        </policyArea>
        <legislativeSubjects>
          <item>
            <name>Environmental assessment, monitoring, research</name>
          </item>
          <item>
            <name>Fishes</name>
          </item>
          <item>
            <name>Food supply, safety, and labeling</name>
          </item>
          <item>
            <name>Genetics</name>
          </item>
          <item>
            <name>Marine and coastal resources, fisheries</name>
          </item>
          <item>
            <name>Marketing and advertising</name>
          </item>
          <item>
            <name>Seafood</name>
          </item>
        </legislativeSubjects>
      </billSubjects>
    </subjects>
    <sponsors>
      <item>
        <bioguideId>Y000033</bioguideId>
        <lastName>YOUNG</lastName>
        <district>0</district>
        <fullName>Rep. Young, Don [R-AK-At Large]</fullName>
        <state>AK</state>
        <middleName>E.</middleName>
        <byRequestType />
        <firstName>DON</firstName>
        <party>R</party>
        <identifiers>
          <lisID>1256</lisID>
          <gpoId>7785</gpoId>
          <bioguideId>Y000033</bioguideId>
        </identifiers>
      </item>
    </sponsors>
  </bill>
  <dublinCore xmlns:dc="http://purl.org/dc/elements/1.1/">
    <dc:format>text/xml</dc:format>
    <dc:language>EN</dc:language>
    <dc:rights>Pursuant to Title 17 Section 105 of the United States Code, this file is not subject to copyright protection and is in the public domain.</dc:rights>
    <dc:contributor>Congressional Research Service, Library of Congress</dc:contributor>
    <dc:description>This file contains bill summaries and statuses for federal legislation. A bill summary describes the most significant provisions of a piece of legislation and details the effects the legislative text may have on current law and federal programs. Bill summaries are authored by the Congressional Research Service (CRS) of the Library of Congress. As stated in Public Law 91-510 (2 USC 166 (d)(6)), one of the duties of CRS is "to prepare summaries and digests of bills and resolutions of a public general nature introduced in the Senate or House of Representatives". For more information, refer to the User Guide that accompanies this file.</dc:description>
  </dublinCore>
</billStatus>

