<?xml version="1.0" encoding="UTF-8"?>
<billStatus>
  <bill>
    <committeeReports />
    <updateDate>2018-08-28T20:01:09Z</updateDate>
    <laws />
    <billType>HR</billType>
    <subjects>
      <billSubjects>
        <policyArea>
          <name>Health</name>
        </policyArea>
        <legislativeSubjects>
          <item>
            <name>Civil actions and liability</name>
          </item>
          <item>
            <name>Drug safety, medical device, and laboratory regulation</name>
          </item>
          <item>
            <name>Drug therapy</name>
          </item>
          <item>
            <name>Health technology, devices, supplies</name>
          </item>
          <item>
            <name>Licensing and registrations</name>
          </item>
          <item>
            <name>Long-term, rehabilitative, and terminal care</name>
          </item>
          <item>
            <name>Prescription drugs</name>
          </item>
          <item>
            <name>Product safety and quality</name>
          </item>
        </legislativeSubjects>
      </billSubjects>
    </subjects>
    <policyArea>
      <name>Health</name>
    </policyArea>
    <recordedVotes />
    <originChamber>House</originChamber>
    <latestAction>
      <text>Referred to the Subcommittee on Crime, Terrorism, Homeland Security, and Investigations.</text>
      <links />
      <actionDate>2017-03-02</actionDate>
    </latestAction>
    <constitutionalAuthorityStatementText><![CDATA[<pre>[Congressional Record Volume 163, Number 20 (Monday, February 6, 2017)]From the Congressional Record Online through the Government Publishing Office [<a href='http://www.gpo.gov'>www.gpo.gov</a>]By Mr. BIGGS:H.R. 878.Congress has the power to enact this legislation pursuantto the following:Article I, Section 8[Page H1012]</pre>]]></constitutionalAuthorityStatementText>
    <billNumber>878</billNumber>
    <committees>
      <billCommittees>
        <item>
          <activities>
            <item>
              <name>Referred to</name>
              <date>2017-02-06T17:02:40Z</date>
            </item>
          </activities>
          <chamber>House</chamber>
          <systemCode>hsju00</systemCode>
          <name>Judiciary Committee</name>
          <type>Standing</type>
          <subcommittees>
            <item>
              <systemCode>hsju08</systemCode>
              <activities>
                <item>
                  <name>Referred to</name>
                  <date>2017-03-02T15:18:07Z</date>
                </item>
              </activities>
              <name>Crime, Terrorism, Homeland Security, and Investigations Subcommittee</name>
            </item>
            <item>
              <systemCode>hsju10</systemCode>
              <activities>
                <item>
                  <name>Referred to</name>
                  <date>2017-03-02T15:17:27Z</date>
                </item>
              </activities>
              <name>Constitution and Civil Justice Subcommittee</name>
            </item>
          </subcommittees>
        </item>
        <item>
          <activities>
            <item>
              <name>Referred to</name>
              <date>2017-02-06T17:02:35Z</date>
            </item>
          </activities>
          <chamber>House</chamber>
          <systemCode>hsif00</systemCode>
          <name>Energy and Commerce Committee</name>
          <type>Standing</type>
          <subcommittees>
            <item>
              <systemCode>hsif14</systemCode>
              <activities>
                <item>
                  <name>Referred to</name>
                  <date>2017-02-10T17:45:43Z</date>
                </item>
              </activities>
              <name>Health Subcommittee</name>
            </item>
          </subcommittees>
        </item>
      </billCommittees>
    </committees>
    <introducedDate>2017-02-06</introducedDate>
    <cosponsors>
      <item>
        <sponsorshipDate>2017-02-06</sponsorshipDate>
        <party>R</party>
        <fullName>Rep. Fitzpatrick, Brian K. [R-PA-8]</fullName>
        <identifiers>
          <bioguideId>F000466</bioguideId>
          <gpoId />
          <lisID>2345</lisID>
        </identifiers>
        <lastName>Fitzpatrick</lastName>
        <firstName>Brian</firstName>
        <isOriginalCosponsor>True</isOriginalCosponsor>
        <middleName>K.</middleName>
        <sponsorshipWithdrawnDate />
        <state>PA</state>
        <district>8</district>
        <bioguideId>F000466</bioguideId>
      </item>
      <item>
        <sponsorshipDate>2017-02-06</sponsorshipDate>
        <party>R</party>
        <fullName>Rep. Cramer, Kevin [R-ND-At Large]</fullName>
        <identifiers>
          <lisID>2144</lisID>
          <gpoId />
          <bioguideId>C001096</bioguideId>
        </identifiers>
        <lastName>Cramer</lastName>
        <firstName>Kevin</firstName>
        <isOriginalCosponsor>True</isOriginalCosponsor>
        <middleName />
        <sponsorshipWithdrawnDate />
        <state>ND</state>
        <district>0</district>
        <bioguideId>C001096</bioguideId>
      </item>
      <item>
        <sponsorshipDate>2017-02-06</sponsorshipDate>
        <party>R</party>
        <fullName>Rep. Grothman, Glenn [R-WI-6]</fullName>
        <identifiers>
          <lisID>2276</lisID>
          <bioguideId>G000576</bioguideId>
          <gpoId />
        </identifiers>
        <lastName>Grothman</lastName>
        <firstName>Glenn</firstName>
        <isOriginalCosponsor>True</isOriginalCosponsor>
        <middleName />
        <sponsorshipWithdrawnDate />
        <state>WI</state>
        <district>6</district>
        <bioguideId>G000576</bioguideId>
      </item>
      <item>
        <sponsorshipDate>2017-02-06</sponsorshipDate>
        <party>R</party>
        <fullName>Rep. Messer, Luke [R-IN-6]</fullName>
        <identifiers>
          <gpoId />
          <lisID>2130</lisID>
          <bioguideId>M001189</bioguideId>
        </identifiers>
        <lastName>Messer</lastName>
        <firstName>Luke</firstName>
        <isOriginalCosponsor>True</isOriginalCosponsor>
        <middleName />
        <sponsorshipWithdrawnDate />
        <state>IN</state>
        <district>6</district>
        <bioguideId>M001189</bioguideId>
      </item>
      <item>
        <sponsorshipDate>2017-02-06</sponsorshipDate>
        <party>R</party>
        <fullName>Rep. Pittenger, Robert [R-NC-9]</fullName>
        <identifiers>
          <lisID>2141</lisID>
          <bioguideId>P000606</bioguideId>
          <gpoId />
        </identifiers>
        <lastName>Pittenger</lastName>
        <firstName>Robert</firstName>
        <isOriginalCosponsor>True</isOriginalCosponsor>
        <middleName />
        <sponsorshipWithdrawnDate />
        <state>NC</state>
        <district>9</district>
        <bioguideId>P000606</bioguideId>
      </item>
      <item>
        <sponsorshipDate>2017-02-06</sponsorshipDate>
        <party>R</party>
        <fullName>Rep. Stewart, Chris [R-UT-2]</fullName>
        <identifiers>
          <gpoId />
          <lisID>2168</lisID>
          <bioguideId>S001192</bioguideId>
        </identifiers>
        <lastName>Stewart</lastName>
        <firstName>Chris</firstName>
        <isOriginalCosponsor>True</isOriginalCosponsor>
        <middleName />
        <sponsorshipWithdrawnDate />
        <state>UT</state>
        <district>2</district>
        <bioguideId>S001192</bioguideId>
      </item>
      <item>
        <sponsorshipDate>2017-02-06</sponsorshipDate>
        <party>R</party>
        <fullName>Rep. Lance, Leonard [R-NJ-7]</fullName>
        <identifiers>
          <gpoId>8049</gpoId>
          <lisID>1936</lisID>
          <bioguideId>L000567</bioguideId>
        </identifiers>
        <lastName>Lance</lastName>
        <firstName>Leonard</firstName>
        <isOriginalCosponsor>True</isOriginalCosponsor>
        <middleName />
        <sponsorshipWithdrawnDate />
        <state>NJ</state>
        <district>7</district>
        <bioguideId>L000567</bioguideId>
      </item>
      <item>
        <sponsorshipDate>2017-02-06</sponsorshipDate>
        <party>R</party>
        <fullName>Rep. Olson, Pete [R-TX-22]</fullName>
        <identifiers>
          <bioguideId>O000168</bioguideId>
          <gpoId>8178</gpoId>
          <lisID>1955</lisID>
        </identifiers>
        <lastName>Olson</lastName>
        <firstName>Pete</firstName>
        <isOriginalCosponsor>True</isOriginalCosponsor>
        <middleName />
        <sponsorshipWithdrawnDate />
        <state>TX</state>
        <district>22</district>
        <bioguideId>O000168</bioguideId>
      </item>
      <item>
        <sponsorshipDate>2017-02-06</sponsorshipDate>
        <party>R</party>
        <fullName>Rep. Franks, Trent [R-AZ-8]</fullName>
        <identifiers>
          <lisID>1707</lisID>
          <bioguideId>F000448</bioguideId>
          <gpoId>7799</gpoId>
        </identifiers>
        <lastName>Franks</lastName>
        <firstName>Trent</firstName>
        <isOriginalCosponsor>True</isOriginalCosponsor>
        <middleName />
        <sponsorshipWithdrawnDate />
        <state>AZ</state>
        <district>8</district>
        <bioguideId>F000448</bioguideId>
      </item>
      <item>
        <sponsorshipDate>2017-02-06</sponsorshipDate>
        <party>R</party>
        <fullName>Rep. Lamborn, Doug [R-CO-5]</fullName>
        <identifiers>
          <lisID>1834</lisID>
          <gpoId>7863</gpoId>
          <bioguideId>L000564</bioguideId>
        </identifiers>
        <lastName>Lamborn</lastName>
        <firstName>Doug</firstName>
        <isOriginalCosponsor>True</isOriginalCosponsor>
        <middleName />
        <sponsorshipWithdrawnDate />
        <state>CO</state>
        <district>5</district>
        <bioguideId>L000564</bioguideId>
      </item>
      <item>
        <sponsorshipDate>2017-02-06</sponsorshipDate>
        <party>D</party>
        <fullName>Rep. Carson, Andre [D-IN-7]</fullName>
        <identifiers>
          <lisID>1889</lisID>
          <bioguideId>C001072</bioguideId>
          <gpoId>7946</gpoId>
        </identifiers>
        <lastName>Carson</lastName>
        <firstName>Andre</firstName>
        <isOriginalCosponsor>True</isOriginalCosponsor>
        <middleName />
        <sponsorshipWithdrawnDate />
        <state>IN</state>
        <district>7</district>
        <bioguideId>C001072</bioguideId>
      </item>
      <item>
        <sponsorshipDate>2017-02-06</sponsorshipDate>
        <party>R</party>
        <fullName>Rep. McSally, Martha [R-AZ-2]</fullName>
        <identifiers>
          <bioguideId>M001197</bioguideId>
          <gpoId />
          <lisID>2225</lisID>
        </identifiers>
        <lastName>McSally</lastName>
        <firstName>Martha</firstName>
        <isOriginalCosponsor>True</isOriginalCosponsor>
        <middleName />
        <sponsorshipWithdrawnDate />
        <state>AZ</state>
        <district>2</district>
        <bioguideId>M001197</bioguideId>
      </item>
      <item>
        <sponsorshipDate>2017-02-06</sponsorshipDate>
        <party>R</party>
        <fullName>Rep. Yoho, Ted S. [R-FL-3]</fullName>
        <identifiers>
          <gpoId />
          <lisID>2115</lisID>
          <bioguideId>Y000065</bioguideId>
        </identifiers>
        <lastName>Yoho</lastName>
        <firstName>Ted</firstName>
        <isOriginalCosponsor>True</isOriginalCosponsor>
        <middleName>S.</middleName>
        <sponsorshipWithdrawnDate />
        <state>FL</state>
        <district>3</district>
        <bioguideId>Y000065</bioguideId>
      </item>
      <item>
        <sponsorshipDate>2017-02-06</sponsorshipDate>
        <party>R</party>
        <fullName>Rep. Rohrabacher, Dana [R-CA-48]</fullName>
        <identifiers>
          <lisID>979</lisID>
          <gpoId>7851</gpoId>
          <bioguideId>R000409</bioguideId>
        </identifiers>
        <lastName>ROHRABACHER</lastName>
        <firstName>DANA</firstName>
        <isOriginalCosponsor>True</isOriginalCosponsor>
        <middleName />
        <sponsorshipWithdrawnDate />
        <state>CA</state>
        <district>48</district>
        <bioguideId>R000409</bioguideId>
      </item>
      <item>
        <sponsorshipDate>2017-02-06</sponsorshipDate>
        <party>R</party>
        <fullName>Rep. Duncan, Jeff [R-SC-3]</fullName>
        <identifiers>
          <gpoId>8143</gpoId>
          <lisID>2057</lisID>
          <bioguideId>D000615</bioguideId>
        </identifiers>
        <lastName>Duncan</lastName>
        <firstName>Jeff</firstName>
        <isOriginalCosponsor>True</isOriginalCosponsor>
        <middleName />
        <sponsorshipWithdrawnDate />
        <state>SC</state>
        <district>3</district>
        <bioguideId>D000615</bioguideId>
      </item>
      <item>
        <sponsorshipDate>2017-02-06</sponsorshipDate>
        <party>R</party>
        <fullName>Rep. Lewis, Jason [R-MN-2]</fullName>
        <identifiers>
          <bioguideId>L000587</bioguideId>
          <gpoId />
          <lisID>2335</lisID>
        </identifiers>
        <lastName>Lewis</lastName>
        <firstName>Jason</firstName>
        <isOriginalCosponsor>True</isOriginalCosponsor>
        <middleName />
        <sponsorshipWithdrawnDate />
        <state>MN</state>
        <district>2</district>
        <bioguideId>L000587</bioguideId>
      </item>
      <item>
        <sponsorshipDate>2017-02-06</sponsorshipDate>
        <party>R</party>
        <fullName>Rep. Barr, Andy [R-KY-6]</fullName>
        <identifiers>
          <lisID>2131</lisID>
          <bioguideId>B001282</bioguideId>
          <gpoId />
        </identifiers>
        <lastName>Barr</lastName>
        <firstName>Andy</firstName>
        <isOriginalCosponsor>True</isOriginalCosponsor>
        <middleName />
        <sponsorshipWithdrawnDate />
        <state>KY</state>
        <district>6</district>
        <bioguideId>B001282</bioguideId>
      </item>
      <item>
        <sponsorshipDate>2017-02-06</sponsorshipDate>
        <party>R</party>
        <fullName>Rep. Bridenstine, Jim [R-OK-1]</fullName>
        <identifiers>
          <lisID>2155</lisID>
          <bioguideId>B001283</bioguideId>
          <gpoId />
        </identifiers>
        <lastName>Bridenstine</lastName>
        <firstName>Jim</firstName>
        <isOriginalCosponsor>True</isOriginalCosponsor>
        <middleName />
        <sponsorshipWithdrawnDate />
        <state>OK</state>
        <district>1</district>
        <bioguideId>B001283</bioguideId>
      </item>
      <item>
        <sponsorshipDate>2017-02-06</sponsorshipDate>
        <party>R</party>
        <fullName>Rep. Gohmert, Louie [R-TX-1]</fullName>
        <identifiers>
          <gpoId>8157</gpoId>
          <lisID>1801</lisID>
          <bioguideId>G000552</bioguideId>
        </identifiers>
        <lastName>Gohmert</lastName>
        <firstName>Louie</firstName>
        <isOriginalCosponsor>True</isOriginalCosponsor>
        <middleName />
        <sponsorshipWithdrawnDate />
        <state>TX</state>
        <district>1</district>
        <bioguideId>G000552</bioguideId>
      </item>
      <item>
        <sponsorshipDate>2017-02-06</sponsorshipDate>
        <party>R</party>
        <fullName>Rep. Banks, Jim [R-IN-3]</fullName>
        <identifiers>
          <lisID>2326</lisID>
          <bioguideId>B001299</bioguideId>
          <gpoId />
        </identifiers>
        <lastName>Banks</lastName>
        <firstName>Jim</firstName>
        <isOriginalCosponsor>True</isOriginalCosponsor>
        <middleName />
        <sponsorshipWithdrawnDate />
        <state>IN</state>
        <district>3</district>
        <bioguideId>B001299</bioguideId>
      </item>
      <item>
        <sponsorshipDate>2017-02-06</sponsorshipDate>
        <party>R</party>
        <fullName>Rep. Smucker, Lloyd [R-PA-16]</fullName>
        <identifiers>
          <lisID>2346</lisID>
          <bioguideId>S001199</bioguideId>
          <gpoId />
        </identifiers>
        <lastName>Smucker</lastName>
        <firstName>Lloyd</firstName>
        <isOriginalCosponsor>True</isOriginalCosponsor>
        <middleName />
        <sponsorshipWithdrawnDate />
        <state>PA</state>
        <district>16</district>
        <bioguideId>S001199</bioguideId>
      </item>
      <item>
        <sponsorshipDate>2017-02-06</sponsorshipDate>
        <party>R</party>
        <fullName>Rep. Brat, Dave [R-VA-7]</fullName>
        <identifiers>
          <gpoId />
          <lisID>2203</lisID>
          <bioguideId>B001290</bioguideId>
        </identifiers>
        <lastName>Brat</lastName>
        <firstName>Dave</firstName>
        <isOriginalCosponsor>True</isOriginalCosponsor>
        <middleName />
        <sponsorshipWithdrawnDate />
        <state>VA</state>
        <district>7</district>
        <bioguideId>B001290</bioguideId>
      </item>
      <item>
        <sponsorshipDate>2017-02-06</sponsorshipDate>
        <party>R</party>
        <fullName>Rep. Sensenbrenner, F. James, Jr. [R-WI-5]</fullName>
        <identifiers>
          <bioguideId>S000244</bioguideId>
          <lisID>1041</lisID>
          <gpoId>8218</gpoId>
        </identifiers>
        <lastName>SENSENBRENNER</lastName>
        <firstName>F.</firstName>
        <isOriginalCosponsor>True</isOriginalCosponsor>
        <middleName>JAMES</middleName>
        <sponsorshipWithdrawnDate />
        <state>WI</state>
        <district>5</district>
        <bioguideId>S000244</bioguideId>
      </item>
      <item>
        <sponsorshipDate>2017-02-06</sponsorshipDate>
        <party>R</party>
        <fullName>Rep. Schweikert, David [R-AZ-6]</fullName>
        <identifiers>
          <lisID>1994</lisID>
          <bioguideId>S001183</bioguideId>
          <gpoId>7802</gpoId>
        </identifiers>
        <lastName>Schweikert</lastName>
        <firstName>David</firstName>
        <isOriginalCosponsor>True</isOriginalCosponsor>
        <middleName />
        <sponsorshipWithdrawnDate />
        <state>AZ</state>
        <district>6</district>
        <bioguideId>S001183</bioguideId>
      </item>
      <item>
        <sponsorshipDate>2017-02-06</sponsorshipDate>
        <party>R</party>
        <fullName>Rep. Marino, Tom [R-PA-10]</fullName>
        <identifiers>
          <lisID>2053</lisID>
          <bioguideId>M001179</bioguideId>
          <gpoId>8128</gpoId>
        </identifiers>
        <lastName>Marino</lastName>
        <firstName>Tom</firstName>
        <isOriginalCosponsor>True</isOriginalCosponsor>
        <middleName />
        <sponsorshipWithdrawnDate />
        <state>PA</state>
        <district>10</district>
        <bioguideId>M001179</bioguideId>
      </item>
      <item>
        <sponsorshipDate>2017-02-06</sponsorshipDate>
        <party>R</party>
        <fullName>Rep. Rokita, Todd [R-IN-4]</fullName>
        <identifiers>
          <bioguideId>R000592</bioguideId>
          <gpoId>7943</gpoId>
          <lisID>2017</lisID>
        </identifiers>
        <lastName>Rokita</lastName>
        <firstName>Todd</firstName>
        <isOriginalCosponsor>True</isOriginalCosponsor>
        <middleName />
        <sponsorshipWithdrawnDate />
        <state>IN</state>
        <district>4</district>
        <bioguideId>R000592</bioguideId>
      </item>
      <item>
        <sponsorshipDate>2017-02-06</sponsorshipDate>
        <party>R</party>
        <fullName>Rep. Issa, Darrell E. [R-CA-49]</fullName>
        <identifiers>
          <lisID>1640</lisID>
          <bioguideId>I000056</bioguideId>
          <gpoId>7854</gpoId>
        </identifiers>
        <lastName>ISSA</lastName>
        <firstName>DARRELL</firstName>
        <isOriginalCosponsor>True</isOriginalCosponsor>
        <middleName>E.</middleName>
        <sponsorshipWithdrawnDate />
        <state>CA</state>
        <district>49</district>
        <bioguideId>I000056</bioguideId>
      </item>
      <item>
        <sponsorshipDate>2017-02-14</sponsorshipDate>
        <party>R</party>
        <fullName>Rep. Griffith, H. Morgan [R-VA-9]</fullName>
        <identifiers>
          <bioguideId>G000568</bioguideId>
          <lisID>2070</lisID>
          <gpoId>8200</gpoId>
        </identifiers>
        <lastName>Griffith</lastName>
        <firstName>H.</firstName>
        <isOriginalCosponsor>False</isOriginalCosponsor>
        <middleName>Morgan</middleName>
        <sponsorshipWithdrawnDate />
        <state>VA</state>
        <district>9</district>
        <bioguideId>G000568</bioguideId>
      </item>
      <item>
        <sponsorshipDate>2017-02-14</sponsorshipDate>
        <party>R</party>
        <fullName>Rep. Gaetz, Matt [R-FL-1]</fullName>
        <identifiers>
          <lisID>2314</lisID>
          <bioguideId>G000578</bioguideId>
          <gpoId />
        </identifiers>
        <lastName>Gaetz</lastName>
        <firstName>Matt</firstName>
        <isOriginalCosponsor>False</isOriginalCosponsor>
        <middleName />
        <sponsorshipWithdrawnDate />
        <state>FL</state>
        <district>1</district>
        <bioguideId>G000578</bioguideId>
      </item>
      <item>
        <sponsorshipDate>2017-02-14</sponsorshipDate>
        <party>R</party>
        <fullName>Rep. Hensarling, Jeb [R-TX-5]</fullName>
        <identifiers>
          <bioguideId>H001036</bioguideId>
          <gpoId>8161</gpoId>
          <lisID>1749</lisID>
        </identifiers>
        <lastName>Hensarling</lastName>
        <firstName>Jeb</firstName>
        <isOriginalCosponsor>False</isOriginalCosponsor>
        <middleName />
        <sponsorshipWithdrawnDate />
        <state>TX</state>
        <district>5</district>
        <bioguideId>H001036</bioguideId>
      </item>
      <item>
        <sponsorshipDate>2017-02-14</sponsorshipDate>
        <party>R</party>
        <fullName>Rep. Bacon, Don [R-NE-2]</fullName>
        <identifiers>
          <lisID>2337</lisID>
          <bioguideId>B001298</bioguideId>
          <gpoId />
        </identifiers>
        <lastName>Bacon</lastName>
        <firstName>Don</firstName>
        <isOriginalCosponsor>False</isOriginalCosponsor>
        <middleName />
        <sponsorshipWithdrawnDate />
        <state>NE</state>
        <district>2</district>
        <bioguideId>B001298</bioguideId>
      </item>
      <item>
        <sponsorshipDate>2017-02-16</sponsorshipDate>
        <party>R</party>
        <fullName>Rep. Posey, Bill [R-FL-8]</fullName>
        <identifiers>
          <lisID>1915</lisID>
          <bioguideId>P000599</bioguideId>
          <gpoId>7887</gpoId>
        </identifiers>
        <lastName>Posey</lastName>
        <firstName>Bill</firstName>
        <isOriginalCosponsor>False</isOriginalCosponsor>
        <middleName />
        <sponsorshipWithdrawnDate />
        <state>FL</state>
        <district>8</district>
        <bioguideId>P000599</bioguideId>
      </item>
      <item>
        <sponsorshipDate>2017-02-16</sponsorshipDate>
        <party>R</party>
        <fullName>Rep. Abraham, Ralph Lee [R-LA-5]</fullName>
        <identifiers>
          <lisID>2244</lisID>
          <bioguideId>A000374</bioguideId>
          <gpoId />
        </identifiers>
        <lastName>Abraham</lastName>
        <firstName>Ralph</firstName>
        <isOriginalCosponsor>False</isOriginalCosponsor>
        <middleName>Lee</middleName>
        <sponsorshipWithdrawnDate />
        <state>LA</state>
        <district>5</district>
        <bioguideId>A000374</bioguideId>
      </item>
      <item>
        <sponsorshipDate>2017-02-16</sponsorshipDate>
        <party>D</party>
        <fullName>Rep. Sinema, Kyrsten [D-AZ-9]</fullName>
        <identifiers>
          <lisID>2099</lisID>
          <bioguideId>S001191</bioguideId>
          <gpoId />
        </identifiers>
        <lastName>Sinema</lastName>
        <firstName>Kyrsten</firstName>
        <isOriginalCosponsor>False</isOriginalCosponsor>
        <middleName />
        <sponsorshipWithdrawnDate />
        <state>AZ</state>
        <district>9</district>
        <bioguideId>S001191</bioguideId>
      </item>
      <item>
        <sponsorshipDate>2017-02-21</sponsorshipDate>
        <party>R</party>
        <fullName>Rep. Graves, Tom [R-GA-14]</fullName>
        <identifiers>
          <lisID>1979</lisID>
          <bioguideId>G000560</bioguideId>
          <gpoId>7906</gpoId>
        </identifiers>
        <lastName>Graves</lastName>
        <firstName>Tom</firstName>
        <isOriginalCosponsor>False</isOriginalCosponsor>
        <middleName />
        <sponsorshipWithdrawnDate />
        <state>GA</state>
        <district>14</district>
        <bioguideId>G000560</bioguideId>
      </item>
      <item>
        <sponsorshipDate>2017-02-21</sponsorshipDate>
        <party>R</party>
        <fullName>Rep. Tipton, Scott  R. [R-CO-3]</fullName>
        <identifiers>
          <lisID>1997</lisID>
          <bioguideId>T000470</bioguideId>
          <gpoId>7861</gpoId>
        </identifiers>
        <lastName>Tipton</lastName>
        <firstName>Scott</firstName>
        <isOriginalCosponsor>False</isOriginalCosponsor>
        <middleName>R.</middleName>
        <sponsorshipWithdrawnDate />
        <state>CO</state>
        <district>3</district>
        <bioguideId>T000470</bioguideId>
      </item>
      <item>
        <sponsorshipDate>2017-03-07</sponsorshipDate>
        <party>R</party>
        <fullName>Rep. Arrington, Jodey C. [R-TX-19]</fullName>
        <identifiers>
          <lisID>2350</lisID>
          <gpoId />
          <bioguideId>A000375</bioguideId>
        </identifiers>
        <lastName>Arrington</lastName>
        <firstName>Jodey</firstName>
        <isOriginalCosponsor>False</isOriginalCosponsor>
        <middleName>C.</middleName>
        <sponsorshipWithdrawnDate />
        <state>TX</state>
        <district>19</district>
        <bioguideId>A000375</bioguideId>
      </item>
      <item>
        <sponsorshipDate>2017-03-13</sponsorshipDate>
        <party>D</party>
        <fullName>Rep. Correa, J. Luis [D-CA-46]</fullName>
        <identifiers>
          <lisID>2312</lisID>
          <gpoId />
          <bioguideId>C001110</bioguideId>
        </identifiers>
        <lastName>Correa</lastName>
        <firstName>J.</firstName>
        <isOriginalCosponsor>False</isOriginalCosponsor>
        <middleName>Luis</middleName>
        <sponsorshipWithdrawnDate />
        <state>CA</state>
        <district>46</district>
        <bioguideId>C001110</bioguideId>
      </item>
      <item>
        <sponsorshipDate>2017-05-16</sponsorshipDate>
        <party>R</party>
        <fullName>Rep. Faso, John J. [R-NY-19]</fullName>
        <identifiers>
          <lisID>2343</lisID>
          <gpoId />
          <bioguideId>F000464</bioguideId>
        </identifiers>
        <lastName>Faso</lastName>
        <firstName>John</firstName>
        <isOriginalCosponsor>False</isOriginalCosponsor>
        <middleName>J.</middleName>
        <sponsorshipWithdrawnDate />
        <state>NY</state>
        <district>19</district>
        <bioguideId>F000464</bioguideId>
      </item>
      <item>
        <sponsorshipDate>2017-06-06</sponsorshipDate>
        <party>D</party>
        <fullName>Rep. Polis, Jared [D-CO-2]</fullName>
        <identifiers>
          <bioguideId>P000598</bioguideId>
          <lisID>1910</lisID>
          <gpoId>7860</gpoId>
        </identifiers>
        <lastName>Polis</lastName>
        <firstName>Jared</firstName>
        <isOriginalCosponsor>False</isOriginalCosponsor>
        <middleName />
        <sponsorshipWithdrawnDate />
        <state>CO</state>
        <district>2</district>
        <bioguideId>P000598</bioguideId>
      </item>
      <item>
        <sponsorshipDate>2017-06-13</sponsorshipDate>
        <party>R</party>
        <fullName>Rep. Poe, Ted [R-TX-2]</fullName>
        <identifiers>
          <lisID>1802</lisID>
          <bioguideId>P000592</bioguideId>
          <gpoId>8158</gpoId>
        </identifiers>
        <lastName>Poe</lastName>
        <firstName>Ted</firstName>
        <isOriginalCosponsor>False</isOriginalCosponsor>
        <middleName />
        <sponsorshipWithdrawnDate />
        <state>TX</state>
        <district>2</district>
        <bioguideId>P000592</bioguideId>
      </item>
      <item>
        <sponsorshipDate>2017-07-12</sponsorshipDate>
        <party>R</party>
        <fullName>Rep. Hartzler, Vicky [R-MO-4]</fullName>
        <identifiers>
          <lisID>2032</lisID>
          <gpoId>8012</gpoId>
          <bioguideId>H001053</bioguideId>
        </identifiers>
        <lastName>Hartzler</lastName>
        <firstName>Vicky</firstName>
        <isOriginalCosponsor>False</isOriginalCosponsor>
        <middleName />
        <sponsorshipWithdrawnDate />
        <state>MO</state>
        <district>4</district>
        <bioguideId>H001053</bioguideId>
      </item>
      <item>
        <sponsorshipDate>2017-08-08</sponsorshipDate>
        <party>R</party>
        <fullName>Rep. Comstock, Barbara [R-VA-10]</fullName>
        <identifiers>
          <lisID>2273</lisID>
          <gpoId />
          <bioguideId>C001105</bioguideId>
        </identifiers>
        <lastName>Comstock</lastName>
        <firstName>Barbara</firstName>
        <isOriginalCosponsor>False</isOriginalCosponsor>
        <middleName />
        <sponsorshipWithdrawnDate />
        <state>VA</state>
        <district>10</district>
        <bioguideId>C001105</bioguideId>
      </item>
      <item>
        <sponsorshipDate>2017-10-12</sponsorshipDate>
        <party>R</party>
        <fullName>Rep. Gosar, Paul A. [R-AZ-4]</fullName>
        <identifiers>
          <lisID>1992</lisID>
          <bioguideId>G000565</bioguideId>
          <gpoId>7798</gpoId>
        </identifiers>
        <lastName>Gosar</lastName>
        <firstName>Paul</firstName>
        <isOriginalCosponsor>False</isOriginalCosponsor>
        <middleName>A.</middleName>
        <sponsorshipWithdrawnDate />
        <state>AZ</state>
        <district>4</district>
        <bioguideId>G000565</bioguideId>
      </item>
      <item>
        <sponsorshipDate>2017-10-31</sponsorshipDate>
        <party>R</party>
        <fullName>Rep. Meadows, Mark [R-NC-11]</fullName>
        <identifiers>
          <lisID>2142</lisID>
          <bioguideId>M001187</bioguideId>
          <gpoId />
        </identifiers>
        <lastName>Meadows</lastName>
        <firstName>Mark</firstName>
        <isOriginalCosponsor>False</isOriginalCosponsor>
        <middleName />
        <sponsorshipWithdrawnDate />
        <state>NC</state>
        <district>11</district>
        <bioguideId>M001187</bioguideId>
      </item>
      <item>
        <sponsorshipDate>2017-11-29</sponsorshipDate>
        <party>R</party>
        <fullName>Rep. Brooks, Mo [R-AL-5]</fullName>
        <identifiers>
          <lisID>1987</lisID>
          <gpoId>7790</gpoId>
          <bioguideId>B001274</bioguideId>
        </identifiers>
        <lastName>Brooks</lastName>
        <firstName>Mo</firstName>
        <isOriginalCosponsor>False</isOriginalCosponsor>
        <middleName />
        <sponsorshipWithdrawnDate />
        <state>AL</state>
        <district>5</district>
        <bioguideId>B001274</bioguideId>
      </item>
      <item>
        <sponsorshipDate>2018-01-12</sponsorshipDate>
        <party>R</party>
        <fullName>Rep. Rothfus, Keith J. [R-PA-12]</fullName>
        <identifiers>
          <bioguideId>R000598</bioguideId>
          <lisID>2158</lisID>
          <gpoId />
        </identifiers>
        <lastName>Rothfus</lastName>
        <firstName>Keith</firstName>
        <isOriginalCosponsor>False</isOriginalCosponsor>
        <middleName>J.</middleName>
        <sponsorshipWithdrawnDate />
        <state>PA</state>
        <district>12</district>
        <bioguideId>R000598</bioguideId>
      </item>
      <item>
        <sponsorshipDate>2018-01-12</sponsorshipDate>
        <party>R</party>
        <fullName>Rep. Allen, Rick W. [R-GA-12]</fullName>
        <identifiers>
          <bioguideId>A000372</bioguideId>
          <lisID>2239</lisID>
          <gpoId />
        </identifiers>
        <lastName>Allen</lastName>
        <firstName>Rick</firstName>
        <isOriginalCosponsor>False</isOriginalCosponsor>
        <middleName>W.</middleName>
        <sponsorshipWithdrawnDate />
        <state>GA</state>
        <district>12</district>
        <bioguideId>A000372</bioguideId>
      </item>
      <item>
        <sponsorshipDate>2018-01-12</sponsorshipDate>
        <party>R</party>
        <fullName>Rep. Harris, Andy [R-MD-1]</fullName>
        <identifiers>
          <lisID>2026</lisID>
          <bioguideId>H001052</bioguideId>
          <gpoId>7976</gpoId>
        </identifiers>
        <lastName>Harris</lastName>
        <firstName>Andy</firstName>
        <isOriginalCosponsor>False</isOriginalCosponsor>
        <middleName />
        <sponsorshipWithdrawnDate />
        <state>MD</state>
        <district>1</district>
        <bioguideId>H001052</bioguideId>
      </item>
      <item>
        <sponsorshipDate>2018-01-12</sponsorshipDate>
        <party>R</party>
        <fullName>Rep. Norman, Ralph [R-SC-5]</fullName>
        <identifiers>
          <lisID>2361</lisID>
          <gpoId />
          <bioguideId>N000190</bioguideId>
        </identifiers>
        <lastName>Norman</lastName>
        <firstName>Ralph</firstName>
        <isOriginalCosponsor>False</isOriginalCosponsor>
        <middleName />
        <sponsorshipWithdrawnDate />
        <state>SC</state>
        <district>5</district>
        <bioguideId>N000190</bioguideId>
      </item>
      <item>
        <sponsorshipDate>2018-01-12</sponsorshipDate>
        <party>R</party>
        <fullName>Rep. Yoder, Kevin [R-KS-3]</fullName>
        <identifiers>
          <lisID>2021</lisID>
          <bioguideId>Y000063</bioguideId>
          <gpoId>7951</gpoId>
        </identifiers>
        <lastName>Yoder</lastName>
        <firstName>Kevin</firstName>
        <isOriginalCosponsor>False</isOriginalCosponsor>
        <middleName />
        <sponsorshipWithdrawnDate />
        <state>KS</state>
        <district>3</district>
        <bioguideId>Y000063</bioguideId>
      </item>
      <item>
        <sponsorshipDate>2018-01-12</sponsorshipDate>
        <party>R</party>
        <fullName>Rep. LaMalfa, Doug [R-CA-1]</fullName>
        <identifiers>
          <lisID>2100</lisID>
          <gpoId />
          <bioguideId>L000578</bioguideId>
        </identifiers>
        <lastName>LaMalfa</lastName>
        <firstName>Doug</firstName>
        <isOriginalCosponsor>False</isOriginalCosponsor>
        <middleName />
        <sponsorshipWithdrawnDate />
        <state>CA</state>
        <district>1</district>
        <bioguideId>L000578</bioguideId>
      </item>
      <item>
        <sponsorshipDate>2018-01-12</sponsorshipDate>
        <party>R</party>
        <fullName>Rep. Chabot, Steve [R-OH-1]</fullName>
        <identifiers>
          <bioguideId>C000266</bioguideId>
          <lisID>186</lisID>
          <gpoId>8091</gpoId>
        </identifiers>
        <lastName>CHABOT</lastName>
        <firstName>STEVE</firstName>
        <isOriginalCosponsor>False</isOriginalCosponsor>
        <middleName />
        <sponsorshipWithdrawnDate />
        <state>OH</state>
        <district>1</district>
        <bioguideId>C000266</bioguideId>
      </item>
      <item>
        <sponsorshipDate>2018-01-16</sponsorshipDate>
        <party>R</party>
        <fullName>Rep. Roe, David P. [R-TN-1]</fullName>
        <identifiers>
          <bioguideId>R000582</bioguideId>
          <lisID>1954</lisID>
          <gpoId>8148</gpoId>
        </identifiers>
        <lastName>Roe</lastName>
        <firstName>David</firstName>
        <isOriginalCosponsor>False</isOriginalCosponsor>
        <middleName>P.</middleName>
        <sponsorshipWithdrawnDate />
        <state>TN</state>
        <district>1</district>
        <bioguideId>R000582</bioguideId>
      </item>
      <item>
        <sponsorshipDate>2018-01-16</sponsorshipDate>
        <party>R</party>
        <fullName>Rep. Marshall, Roger W. [R-KS-1]</fullName>
        <identifiers>
          <lisID>2328</lisID>
          <gpoId />
          <bioguideId>M001198</bioguideId>
        </identifiers>
        <lastName>Marshall</lastName>
        <firstName>Roger</firstName>
        <isOriginalCosponsor>False</isOriginalCosponsor>
        <middleName>W.</middleName>
        <sponsorshipWithdrawnDate />
        <state>KS</state>
        <district>1</district>
        <bioguideId>M001198</bioguideId>
      </item>
      <item>
        <sponsorshipDate>2018-02-02</sponsorshipDate>
        <party>R</party>
        <fullName>Rep. Barletta, Lou [R-PA-11]</fullName>
        <identifiers>
          <bioguideId>B001269</bioguideId>
          <lisID>2054</lisID>
          <gpoId>8129</gpoId>
        </identifiers>
        <lastName>Barletta</lastName>
        <firstName>Lou</firstName>
        <isOriginalCosponsor>False</isOriginalCosponsor>
        <middleName />
        <sponsorshipWithdrawnDate />
        <state>PA</state>
        <district>11</district>
        <bioguideId>B001269</bioguideId>
      </item>
      <item>
        <sponsorshipDate>2018-02-02</sponsorshipDate>
        <party>R</party>
        <fullName>Rep. Hill, J. French [R-AR-2]</fullName>
        <identifiers>
          <gpoId />
          <lisID>2223</lisID>
          <bioguideId>H001072</bioguideId>
        </identifiers>
        <lastName>Hill</lastName>
        <firstName>J.</firstName>
        <isOriginalCosponsor>False</isOriginalCosponsor>
        <middleName>French</middleName>
        <sponsorshipWithdrawnDate />
        <state>AR</state>
        <district>2</district>
        <bioguideId>H001072</bioguideId>
      </item>
      <item>
        <sponsorshipDate>2018-02-02</sponsorshipDate>
        <party>R</party>
        <fullName>Rep. Budd, Ted [R-NC-13]</fullName>
        <identifiers>
          <lisID>2336</lisID>
          <bioguideId>B001305</bioguideId>
          <gpoId />
        </identifiers>
        <lastName>Budd</lastName>
        <firstName>Ted</firstName>
        <isOriginalCosponsor>False</isOriginalCosponsor>
        <middleName />
        <sponsorshipWithdrawnDate />
        <state>NC</state>
        <district>13</district>
        <bioguideId>B001305</bioguideId>
      </item>
      <item>
        <sponsorshipDate>2018-02-02</sponsorshipDate>
        <party>R</party>
        <fullName>Rep. Tenney, Claudia [R-NY-22]</fullName>
        <identifiers>
          <bioguideId>T000478</bioguideId>
          <lisID>2344</lisID>
          <gpoId />
        </identifiers>
        <lastName>Tenney</lastName>
        <firstName>Claudia</firstName>
        <isOriginalCosponsor>False</isOriginalCosponsor>
        <middleName />
        <sponsorshipWithdrawnDate />
        <state>NY</state>
        <district>22</district>
        <bioguideId>T000478</bioguideId>
      </item>
      <item>
        <sponsorshipDate>2018-02-02</sponsorshipDate>
        <party>R</party>
        <fullName>Rep. Labrador, Raul R. [R-ID-1]</fullName>
        <identifiers>
          <lisID>2011</lisID>
          <bioguideId>L000573</bioguideId>
          <gpoId>7919</gpoId>
        </identifiers>
        <lastName>Labrador</lastName>
        <firstName>Raul</firstName>
        <isOriginalCosponsor>False</isOriginalCosponsor>
        <middleName>R.</middleName>
        <sponsorshipWithdrawnDate />
        <state>ID</state>
        <district>1</district>
        <bioguideId>L000573</bioguideId>
      </item>
      <item>
        <sponsorshipDate>2018-02-02</sponsorshipDate>
        <party>R</party>
        <fullName>Rep. Hice, Jody B. [R-GA-10]</fullName>
        <identifiers>
          <bioguideId>H001071</bioguideId>
          <lisID>2237</lisID>
          <gpoId />
        </identifiers>
        <lastName>Hice</lastName>
        <firstName>Jody</firstName>
        <isOriginalCosponsor>False</isOriginalCosponsor>
        <middleName>B.</middleName>
        <sponsorshipWithdrawnDate />
        <state>GA</state>
        <district>10</district>
        <bioguideId>H001071</bioguideId>
      </item>
      <item>
        <sponsorshipDate>2018-02-02</sponsorshipDate>
        <party>R</party>
        <fullName>Rep. Garrett, Thomas A., Jr. [R-VA-5]</fullName>
        <identifiers>
          <lisID>2353</lisID>
          <bioguideId>G000580</bioguideId>
          <gpoId />
        </identifiers>
        <lastName>Garrett</lastName>
        <firstName>Thomas</firstName>
        <isOriginalCosponsor>False</isOriginalCosponsor>
        <middleName>A.</middleName>
        <sponsorshipWithdrawnDate />
        <state>VA</state>
        <district>5</district>
        <bioguideId>G000580</bioguideId>
      </item>
      <item>
        <sponsorshipDate>2018-02-02</sponsorshipDate>
        <party>R</party>
        <fullName>Rep. Thompson, Glenn [R-PA-5]</fullName>
        <identifiers>
          <lisID>1952</lisID>
          <bioguideId>T000467</bioguideId>
          <gpoId>8123</gpoId>
        </identifiers>
        <lastName>Thompson</lastName>
        <firstName>Glenn</firstName>
        <isOriginalCosponsor>False</isOriginalCosponsor>
        <middleName />
        <sponsorshipWithdrawnDate />
        <state>PA</state>
        <district>5</district>
        <bioguideId>T000467</bioguideId>
      </item>
      <item>
        <sponsorshipDate>2018-02-02</sponsorshipDate>
        <party>R</party>
        <fullName>Rep. Walberg, Tim [R-MI-7]</fullName>
        <identifiers>
          <bioguideId>W000798</bioguideId>
          <lisID>1855</lisID>
          <gpoId>7992</gpoId>
        </identifiers>
        <lastName>Walberg</lastName>
        <firstName>Tim</firstName>
        <isOriginalCosponsor>False</isOriginalCosponsor>
        <middleName />
        <sponsorshipWithdrawnDate />
        <state>MI</state>
        <district>7</district>
        <bioguideId>W000798</bioguideId>
      </item>
      <item>
        <sponsorshipDate>2018-02-05</sponsorshipDate>
        <party>R</party>
        <fullName>Rep. King, Peter T. [R-NY-2]</fullName>
        <identifiers>
          <lisID>635</lisID>
          <bioguideId>K000210</bioguideId>
          <gpoId>8064</gpoId>
        </identifiers>
        <lastName>KING</lastName>
        <firstName>PETER</firstName>
        <isOriginalCosponsor>False</isOriginalCosponsor>
        <middleName>T.</middleName>
        <sponsorshipWithdrawnDate />
        <state>NY</state>
        <district>2</district>
        <bioguideId>K000210</bioguideId>
      </item>
      <item>
        <sponsorshipDate>2018-02-06</sponsorshipDate>
        <party>R</party>
        <fullName>Rep. Weber, Randy K., Sr. [R-TX-14]</fullName>
        <identifiers>
          <lisID>2161</lisID>
          <bioguideId>W000814</bioguideId>
          <gpoId />
        </identifiers>
        <lastName>Weber</lastName>
        <firstName>Randy</firstName>
        <isOriginalCosponsor>False</isOriginalCosponsor>
        <middleName>K.</middleName>
        <sponsorshipWithdrawnDate />
        <state>TX</state>
        <district>14</district>
        <bioguideId>W000814</bioguideId>
      </item>
      <item>
        <sponsorshipDate>2018-02-06</sponsorshipDate>
        <party>R</party>
        <fullName>Rep. DesJarlais, Scott [R-TN-4]</fullName>
        <identifiers>
          <bioguideId>D000616</bioguideId>
          <lisID>2062</lisID>
          <gpoId>8151</gpoId>
        </identifiers>
        <lastName>DesJarlais</lastName>
        <firstName>Scott</firstName>
        <isOriginalCosponsor>False</isOriginalCosponsor>
        <middleName />
        <sponsorshipWithdrawnDate />
        <state>TN</state>
        <district>4</district>
        <bioguideId>D000616</bioguideId>
      </item>
      <item>
        <sponsorshipDate>2018-02-06</sponsorshipDate>
        <party>R</party>
        <fullName>Rep. Mooney, Alexander X. [R-WV-2]</fullName>
        <identifiers>
          <lisID>2277</lisID>
          <bioguideId>M001195</bioguideId>
          <gpoId />
        </identifiers>
        <lastName>Mooney</lastName>
        <firstName>Alexander</firstName>
        <isOriginalCosponsor>False</isOriginalCosponsor>
        <middleName>X.</middleName>
        <sponsorshipWithdrawnDate />
        <state>WV</state>
        <district>2</district>
        <bioguideId>M001195</bioguideId>
      </item>
      <item>
        <sponsorshipDate>2018-02-06</sponsorshipDate>
        <party>R</party>
        <fullName>Rep. Higgins, Clay [R-LA-3]</fullName>
        <identifiers>
          <gpoId />
          <lisID>2329</lisID>
          <bioguideId>H001077</bioguideId>
        </identifiers>
        <lastName>Higgins</lastName>
        <firstName>Clay</firstName>
        <isOriginalCosponsor>False</isOriginalCosponsor>
        <middleName />
        <sponsorshipWithdrawnDate />
        <state>LA</state>
        <district>3</district>
        <bioguideId>H001077</bioguideId>
      </item>
      <item>
        <sponsorshipDate>2018-02-06</sponsorshipDate>
        <party>R</party>
        <fullName>Rep. Gallagher, Mike [R-WI-8]</fullName>
        <identifiers>
          <lisID>2355</lisID>
          <bioguideId>G000579</bioguideId>
          <gpoId />
        </identifiers>
        <lastName>Gallagher</lastName>
        <firstName>Mike</firstName>
        <isOriginalCosponsor>False</isOriginalCosponsor>
        <middleName />
        <sponsorshipWithdrawnDate />
        <state>WI</state>
        <district>8</district>
        <bioguideId>G000579</bioguideId>
      </item>
      <item>
        <sponsorshipDate>2018-02-06</sponsorshipDate>
        <party>R</party>
        <fullName>Rep. Gibbs, Bob [R-OH-7]</fullName>
        <identifiers>
          <lisID>2049</lisID>
          <gpoId>8108</gpoId>
          <bioguideId>G000563</bioguideId>
        </identifiers>
        <lastName>Gibbs</lastName>
        <firstName>Bob</firstName>
        <isOriginalCosponsor>False</isOriginalCosponsor>
        <middleName />
        <sponsorshipWithdrawnDate />
        <state>OH</state>
        <district>7</district>
        <bioguideId>G000563</bioguideId>
      </item>
      <item>
        <sponsorshipDate>2018-02-07</sponsorshipDate>
        <party>R</party>
        <fullName>Rep. Johnson, Mike [R-LA-4]</fullName>
        <identifiers>
          <lisID>2330</lisID>
          <bioguideId>J000299</bioguideId>
          <gpoId />
        </identifiers>
        <lastName>Johnson</lastName>
        <firstName>Mike</firstName>
        <isOriginalCosponsor>False</isOriginalCosponsor>
        <middleName />
        <sponsorshipWithdrawnDate />
        <state>LA</state>
        <district>4</district>
        <bioguideId>J000299</bioguideId>
      </item>
      <item>
        <sponsorshipDate>2018-02-07</sponsorshipDate>
        <party>R</party>
        <fullName>Rep. Blum, Rod [R-IA-1]</fullName>
        <identifiers>
          <lisID>2241</lisID>
          <gpoId />
          <bioguideId>B001294</bioguideId>
        </identifiers>
        <lastName>Blum</lastName>
        <firstName>Rod</firstName>
        <isOriginalCosponsor>False</isOriginalCosponsor>
        <middleName />
        <sponsorshipWithdrawnDate />
        <state>IA</state>
        <district>1</district>
        <bioguideId>B001294</bioguideId>
      </item>
      <item>
        <sponsorshipDate>2018-02-07</sponsorshipDate>
        <party>R</party>
        <fullName>Rep. Jordan, Jim [R-OH-4]</fullName>
        <identifiers>
          <lisID>1868</lisID>
          <bioguideId>J000289</bioguideId>
          <gpoId>8094</gpoId>
        </identifiers>
        <lastName>Jordan</lastName>
        <firstName>Jim</firstName>
        <isOriginalCosponsor>False</isOriginalCosponsor>
        <middleName />
        <sponsorshipWithdrawnDate />
        <state>OH</state>
        <district>4</district>
        <bioguideId>J000289</bioguideId>
      </item>
      <item>
        <sponsorshipDate>2018-02-07</sponsorshipDate>
        <party>R</party>
        <fullName>Rep. Perry, Scott [R-PA-4]</fullName>
        <identifiers>
          <lisID>2157</lisID>
          <gpoId />
          <bioguideId>P000605</bioguideId>
        </identifiers>
        <lastName>Perry</lastName>
        <firstName>Scott</firstName>
        <isOriginalCosponsor>False</isOriginalCosponsor>
        <middleName />
        <sponsorshipWithdrawnDate />
        <state>PA</state>
        <district>4</district>
        <bioguideId>P000605</bioguideId>
      </item>
      <item>
        <sponsorshipDate>2018-02-07</sponsorshipDate>
        <party>R</party>
        <fullName>Rep. Sanford, Mark [R-SC-1]</fullName>
        <identifiers>
          <lisID>1012</lisID>
          <gpoId />
          <bioguideId>S000051</bioguideId>
        </identifiers>
        <lastName>Sanford</lastName>
        <firstName>Mark</firstName>
        <isOriginalCosponsor>False</isOriginalCosponsor>
        <middleName />
        <sponsorshipWithdrawnDate />
        <state>SC</state>
        <district>1</district>
        <bioguideId>S000051</bioguideId>
      </item>
      <item>
        <sponsorshipDate>2018-02-07</sponsorshipDate>
        <party>R</party>
        <fullName>Rep. Ratcliffe, John [R-TX-4]</fullName>
        <identifiers>
          <lisID>2268</lisID>
          <gpoId />
          <bioguideId>R000601</bioguideId>
        </identifiers>
        <lastName>Ratcliffe</lastName>
        <firstName>John</firstName>
        <isOriginalCosponsor>False</isOriginalCosponsor>
        <middleName />
        <sponsorshipWithdrawnDate />
        <state>TX</state>
        <district>4</district>
        <bioguideId>R000601</bioguideId>
      </item>
      <item>
        <sponsorshipDate>2018-02-08</sponsorshipDate>
        <party>R</party>
        <fullName>Rep. Luetkemeyer, Blaine [R-MO-3]</fullName>
        <identifiers>
          <lisID>1931</lisID>
          <gpoId>8017</gpoId>
          <bioguideId>L000569</bioguideId>
        </identifiers>
        <lastName>Luetkemeyer</lastName>
        <firstName>Blaine</firstName>
        <isOriginalCosponsor>False</isOriginalCosponsor>
        <middleName />
        <sponsorshipWithdrawnDate />
        <state>MO</state>
        <district>3</district>
        <bioguideId>L000569</bioguideId>
      </item>
      <item>
        <sponsorshipDate>2018-02-14</sponsorshipDate>
        <party>R</party>
        <fullName>Rep. Buck, Ken [R-CO-4]</fullName>
        <identifiers>
          <bioguideId>B001297</bioguideId>
          <lisID>2233</lisID>
          <gpoId />
        </identifiers>
        <lastName>Buck</lastName>
        <firstName>Ken</firstName>
        <isOriginalCosponsor>False</isOriginalCosponsor>
        <middleName />
        <sponsorshipWithdrawnDate />
        <state>CO</state>
        <district>4</district>
        <bioguideId>B001297</bioguideId>
      </item>
      <item>
        <sponsorshipDate>2018-02-15</sponsorshipDate>
        <party>R</party>
        <fullName>Rep. Byrne, Bradley [R-AL-1]</fullName>
        <identifiers>
          <lisID>2197</lisID>
          <bioguideId>B001289</bioguideId>
          <gpoId />
        </identifiers>
        <lastName>Byrne</lastName>
        <firstName>Bradley</firstName>
        <isOriginalCosponsor>False</isOriginalCosponsor>
        <middleName />
        <sponsorshipWithdrawnDate />
        <state>AL</state>
        <district>1</district>
        <bioguideId>B001289</bioguideId>
      </item>
      <item>
        <sponsorshipDate>2018-02-16</sponsorshipDate>
        <party>R</party>
        <fullName>Rep. Handel, Karen C. [R-GA-6]</fullName>
        <identifiers>
          <bioguideId>H001078</bioguideId>
          <lisID>2360</lisID>
          <gpoId />
        </identifiers>
        <lastName>Handel</lastName>
        <firstName>Karen</firstName>
        <isOriginalCosponsor>False</isOriginalCosponsor>
        <middleName>C.</middleName>
        <sponsorshipWithdrawnDate />
        <state>GA</state>
        <district>6</district>
        <bioguideId>H001078</bioguideId>
      </item>
      <item>
        <sponsorshipDate>2018-02-16</sponsorshipDate>
        <party>R</party>
        <fullName>Rep. Bost, Mike [R-IL-12]</fullName>
        <identifiers>
          <lisID>2243</lisID>
          <gpoId />
          <bioguideId>B001295</bioguideId>
        </identifiers>
        <lastName>Bost</lastName>
        <firstName>Mike</firstName>
        <isOriginalCosponsor>False</isOriginalCosponsor>
        <middleName />
        <sponsorshipWithdrawnDate />
        <state>IL</state>
        <district>12</district>
        <bioguideId>B001295</bioguideId>
      </item>
      <item>
        <sponsorshipDate>2018-02-20</sponsorshipDate>
        <party>R</party>
        <fullName>Rep. Coffman, Mike [R-CO-6]</fullName>
        <identifiers>
          <bioguideId>C001077</bioguideId>
          <gpoId>7864</gpoId>
          <lisID>1912</lisID>
        </identifiers>
        <lastName>Coffman</lastName>
        <firstName>Mike</firstName>
        <isOriginalCosponsor>False</isOriginalCosponsor>
        <middleName />
        <sponsorshipWithdrawnDate />
        <state>CO</state>
        <district>6</district>
        <bioguideId>C001077</bioguideId>
      </item>
      <item>
        <sponsorshipDate>2018-02-23</sponsorshipDate>
        <party>R</party>
        <fullName>Rep. Comer, James [R-KY-1]</fullName>
        <identifiers>
          <lisID>2297</lisID>
          <bioguideId>C001108</bioguideId>
          <gpoId />
        </identifiers>
        <lastName>Comer</lastName>
        <firstName>James</firstName>
        <isOriginalCosponsor>False</isOriginalCosponsor>
        <middleName />
        <sponsorshipWithdrawnDate />
        <state>KY</state>
        <district>1</district>
        <bioguideId>C001108</bioguideId>
      </item>
      <item>
        <sponsorshipDate>2018-02-23</sponsorshipDate>
        <party>R</party>
        <fullName>Rep. Buchanan, Vern [R-FL-16]</fullName>
        <identifiers>
          <lisID>1840</lisID>
          <gpoId>7885</gpoId>
          <bioguideId>B001260</bioguideId>
        </identifiers>
        <lastName>Buchanan</lastName>
        <firstName>Vern</firstName>
        <isOriginalCosponsor>False</isOriginalCosponsor>
        <middleName />
        <sponsorshipWithdrawnDate />
        <state>FL</state>
        <district>16</district>
        <bioguideId>B001260</bioguideId>
      </item>
      <item>
        <sponsorshipDate>2018-02-27</sponsorshipDate>
        <party>R</party>
        <fullName>Rep. Pearce, Stevan [R-NM-2]</fullName>
        <identifiers>
          <lisID>1738</lisID>
          <bioguideId>P000588</bioguideId>
          <gpoId>8057</gpoId>
        </identifiers>
        <lastName>Pearce</lastName>
        <firstName>Stevan</firstName>
        <isOriginalCosponsor>False</isOriginalCosponsor>
        <middleName />
        <sponsorshipWithdrawnDate />
        <state>NM</state>
        <district>2</district>
        <bioguideId>P000588</bioguideId>
      </item>
      <item>
        <sponsorshipDate>2018-03-05</sponsorshipDate>
        <party>R</party>
        <fullName>Rep. Herrera Beutler, Jaime [R-WA-3]</fullName>
        <identifiers>
          <lisID>2071</lisID>
          <bioguideId>H001056</bioguideId>
          <gpoId>8207</gpoId>
        </identifiers>
        <lastName>Herrera Beutler</lastName>
        <firstName>Jaime</firstName>
        <isOriginalCosponsor>False</isOriginalCosponsor>
        <middleName />
        <sponsorshipWithdrawnDate />
        <state>WA</state>
        <district>3</district>
        <bioguideId>H001056</bioguideId>
      </item>
      <item>
        <sponsorshipDate>2018-03-05</sponsorshipDate>
        <party>R</party>
        <fullName>Rep. Black, Diane [R-TN-6]</fullName>
        <identifiers>
          <lisID>2063</lisID>
          <gpoId>8153</gpoId>
          <bioguideId>B001273</bioguideId>
        </identifiers>
        <lastName>Black</lastName>
        <firstName>Diane</firstName>
        <isOriginalCosponsor>False</isOriginalCosponsor>
        <middleName />
        <sponsorshipWithdrawnDate />
        <state>TN</state>
        <district>6</district>
        <bioguideId>B001273</bioguideId>
      </item>
      <item>
        <sponsorshipDate>2018-05-21</sponsorshipDate>
        <party>R</party>
        <fullName>Rep. Culberson, John Abney [R-TX-7]</fullName>
        <identifiers>
          <lisID>1670</lisID>
          <bioguideId>C001048</bioguideId>
          <gpoId>8163</gpoId>
        </identifiers>
        <lastName>CULBERSON</lastName>
        <firstName>JOHN</firstName>
        <isOriginalCosponsor>False</isOriginalCosponsor>
        <middleName>ABNEY</middleName>
        <sponsorshipWithdrawnDate />
        <state>TX</state>
        <district>7</district>
        <bioguideId>C001048</bioguideId>
      </item>
    </cosponsors>
    <notes />
    <relatedBills>
      <item>
        <congress>115</congress>
        <number>204</number>
        <type>S</type>
        <latestTitle>Trickett Wendler, Frank Mongiello, Jordan McLinn, and Matthew Bellina Right to Try Act of 2017</latestTitle>
        <relationshipDetails>
          <item>
            <type>Related bill</type>
            <identifiedBy>CRS</identifiedBy>
          </item>
        </relationshipDetails>
        <latestAction>
          <text>Became Public Law No: 115-176.</text>
          <actionDate>2018-05-30</actionDate>
        </latestAction>
      </item>
      <item>
        <congress>115</congress>
        <number>2368</number>
        <type>HR</type>
        <latestTitle>Right to Try Act</latestTitle>
        <relationshipDetails>
          <item>
            <type>Related bill</type>
            <identifiedBy>CRS</identifiedBy>
          </item>
        </relationshipDetails>
        <latestAction>
          <text>Referred to the Subcommittee on Crime, Terrorism, Homeland Security, and Investigations.</text>
          <actionDate>2017-06-07</actionDate>
        </latestAction>
      </item>
    </relatedBills>
    <title>Right to Try Act of 2017</title>
    <sponsors>
      <item>
        <district>5</district>
        <fullName>Rep. Biggs, Andy [R-AZ-5]</fullName>
        <firstName>Andy</firstName>
        <lastName>Biggs</lastName>
        <state>AZ</state>
        <bioguideId>B001302</bioguideId>
        <party>R</party>
        <identifiers>
          <lisID>2307</lisID>
          <bioguideId>B001302</bioguideId>
          <gpoId />
        </identifiers>
        <byRequestType />
        <middleName />
      </item>
    </sponsors>
    <congress>115</congress>
    <version>1.0.0</version>
    <amendments />
    <titles>
      <item>
        <chamberName />
        <parentTitleType />
        <titleType>Short Titles as Introduced</titleType>
        <title>Right to Try Act of 2017</title>
        <chamberCode />
      </item>
      <item>
        <chamberName />
        <parentTitleType />
        <titleType>Official Title as Introduced</titleType>
        <title>To authorize the use of unapproved medical products by patients diagnosed with a terminal illness in accordance with State law, and for other purposes.</title>
        <chamberCode />
      </item>
      <item>
        <chamberName />
        <parentTitleType />
        <titleType>Display Title</titleType>
        <title>Right to Try Act of 2017</title>
        <chamberCode />
      </item>
      <item>
        <chamberName />
        <parentTitleType />
        <titleType>(Extracted from GPO) Short Titles as Introduced</titleType>
        <title>Right to Try Act of 2017</title>
        <chamberCode />
      </item>
    </titles>
    <createDate>2017-02-07T04:46:14Z</createDate>
    <cboCostEstimates />
    <calendarNumbers />
    <actions>
      <item>
        <actionDate>2017-03-02</actionDate>
        <committee>
          <systemCode>hsju08</systemCode>
          <name>Crime, Terrorism, Homeland Security, and Investigations Subcommittee</name>
        </committee>
        <links />
        <sourceSystem>
          <code>1</code>
          <name>House committee actions</name>
        </sourceSystem>
        <text>Referred to the Subcommittee on Crime, Terrorism, Homeland Security, and Investigations.</text>
        <type>Committee</type>
      </item>
      <item>
        <actionDate>2017-03-02</actionDate>
        <committee>
          <systemCode>hsju10</systemCode>
          <name>Constitution and Civil Justice Subcommittee</name>
        </committee>
        <links />
        <sourceSystem>
          <code>1</code>
          <name>House committee actions</name>
        </sourceSystem>
        <text>Referred to the Subcommittee on the Constitution and Civil Justice.</text>
        <type>Committee</type>
      </item>
      <item>
        <actionDate>2017-02-10</actionDate>
        <committee>
          <systemCode>hsif14</systemCode>
          <name>Health Subcommittee</name>
        </committee>
        <links />
        <sourceSystem>
          <code>1</code>
          <name>House committee actions</name>
        </sourceSystem>
        <text>Referred to the Subcommittee on Health.</text>
        <type>Committee</type>
      </item>
      <item>
        <text>Referred to the Committee on Energy and Commerce, and in addition to the Committee on the Judiciary, for a period to be subsequently determined by the Speaker, in each case for consideration of such provisions as fall within the jurisdiction of the committee concerned.</text>
        <type>IntroReferral</type>
        <committee>
          <systemCode>hsju00</systemCode>
          <name>Judiciary Committee</name>
        </committee>
        <actionDate>2017-02-06</actionDate>
        <links />
        <actionCode>H11100</actionCode>
        <sourceSystem>
          <code>2</code>
          <name>House floor actions</name>
        </sourceSystem>
      </item>
      <item>
        <text>Referred to the Committee on Energy and Commerce, and in addition to the Committee on the Judiciary, for a period to be subsequently determined by the Speaker, in each case for consideration of such provisions as fall within the jurisdiction of the committee concerned.</text>
        <type>IntroReferral</type>
        <committee />
        <actionDate>2017-02-06</actionDate>
        <links />
        <actionCode>H11100-A</actionCode>
        <sourceSystem>
          <code>9</code>
          <name>Library of Congress</name>
        </sourceSystem>
      </item>
      <item>
        <text>Referred to the Committee on Energy and Commerce, and in addition to the Committee on the Judiciary, for a period to be subsequently determined by the Speaker, in each case for consideration of such provisions as fall within the jurisdiction of the committee concerned.</text>
        <type>IntroReferral</type>
        <committee>
          <systemCode>hsif00</systemCode>
          <name>Energy and Commerce Committee</name>
        </committee>
        <actionDate>2017-02-06</actionDate>
        <links />
        <actionCode>H11100</actionCode>
        <sourceSystem>
          <code>2</code>
          <name>House floor actions</name>
        </sourceSystem>
      </item>
      <item>
        <text>Introduced in House</text>
        <type>IntroReferral</type>
        <committee />
        <actionDate>2017-02-06</actionDate>
        <links />
        <actionCode>Intro-H</actionCode>
        <sourceSystem>
          <code>9</code>
          <name>Library of Congress</name>
        </sourceSystem>
      </item>
      <item>
        <text>Introduced in House</text>
        <type>IntroReferral</type>
        <committee />
        <actionDate>2017-02-06</actionDate>
        <links />
        <actionCode>1000</actionCode>
        <sourceSystem>
          <code>9</code>
          <name>Library of Congress</name>
        </sourceSystem>
      </item>
      <actionByCounts>
        <houseOfRepresentatives>8</houseOfRepresentatives>
      </actionByCounts>
      <actionTypeCounts>
        <billReferralsAggregate>1</billReferralsAggregate>
        <introducedInHouse>1</introducedInHouse>
        <placeholderTextForH>3</placeholderTextForH>
        <billReferrals>2</billReferrals>
        <introducedInTheHouse>1</introducedInTheHouse>
      </actionTypeCounts>
    </actions>
    <summaries>
      <billSummaries>
        <item>
          <actionDesc>Introduced in House</actionDesc>
          <actionDate>2017-02-06</actionDate>
          <lastSummaryUpdateDate>2017-02-16T14:54:46Z</lastSummaryUpdateDate>
          <name>Introduced in House</name>
          <text><![CDATA[<p><b>Right to Try Act of 2017</b></p> <p>This bill requires the federal government to allow unrestricted manufacturing, distribution, prescribing, and dispensing of experimental drugs, biological products, and medical devices that are: (1) intended to treat a patient who has been diagnosed with a terminal illness, and (2) authorized by state law. The federal government must allow unrestricted possession and use of such treatments by patients certified by a physician as having exhausted all other treatment options.</p> <p>A manufacturer, distributor, prescriber, dispenser, possessor, or user of such a treatment has no liability regarding the treatment.</p> <p>The outcome of manufacture, distribution, prescribing, dispensing, possession, or use of such a treatment may not be used by a federal agency to adversely impact review or approval of the treatment.</p> <p>The treatment must: (1) have successfully completed a phase 1 (initial, small scale) clinical trial; (2) remain under investigation in a clinical trial approved by the Food and Drug Administration; and (3) not be approved, licensed, or cleared for sale under the Federal Food, Drug, or Cosmetic Act or the Public Health Service Act.</p> <ul> </ul>]]></text>
          <versionCode>00</versionCode>
          <updateDate>2017-02-06T05:00:00Z</updateDate>
        </item>
      </billSummaries>
    </summaries>
  </bill>
  <dublinCore xmlns:dc="http://purl.org/dc/elements/1.1/">
    <dc:format>text/xml</dc:format>
    <dc:language>EN</dc:language>
    <dc:rights>Pursuant to Title 17 Section 105 of the United States Code, this file is not subject to copyright protection and is in the public domain.</dc:rights>
    <dc:contributor>Congressional Research Service, Library of Congress</dc:contributor>
    <dc:description>This file contains bill summaries and statuses for federal legislation. A bill summary describes the most significant provisions of a piece of legislation and details the effects the legislative text may have on current law and federal programs. Bill summaries are authored by the Congressional Research Service (CRS) of the Library of Congress. As stated in Public Law 91-510 (2 USC 166 (d)(6)), one of the duties of CRS is "to prepare summaries and digests of bills and resolutions of a public general nature introduced in the Senate or House of Representatives". For more information, refer to the User Guide that accompanies this file.</dc:description>
  </dublinCore>
</billStatus>

