<?xml version="1.0" encoding="UTF-8"?>
<billStatus>
  <bill>
    <constitutionalAuthorityStatementText><![CDATA[<pre>[Congressional Record Volume 164, Number 80 (Wednesday, May 16, 2018)]From the Congressional Record Online through the Government Publishing Office [<a href='http://www.gpo.gov'>www.gpo.gov</a>]By Mr. WEBSTER of Florida:H.R. 5856.Congress has the power to enact this legislation pursuantto the following:Article I, Section 8, Clause 1____________________[Page H4139]</pre>]]></constitutionalAuthorityStatementText>
    <sponsors>
      <item>
        <middleName />
        <party>R</party>
        <bioguideId>W000806</bioguideId>
        <lastName>Webster</lastName>
        <firstName>Daniel</firstName>
        <state>FL</state>
        <identifiers>
          <lisID>2002</lisID>
          <bioguideId>W000806</bioguideId>
          <gpoId>7880</gpoId>
        </identifiers>
        <district>11</district>
        <fullName>Rep. Webster, Daniel [R-FL-11]</fullName>
        <byRequestType />
      </item>
    </sponsors>
    <version>1.0.0</version>
    <createDate>2018-05-17T07:10:51Z</createDate>
    <committeeReports />
    <latestAction>
      <text>Referred to the Committee on Ways and Means, and in addition to the Committee on Energy and Commerce, for a period to be subsequently determined by the Speaker, in each case for consideration of such provisions as fall within the jurisdiction of the committee concerned.</text>
      <links />
      <actionDate>2018-05-16</actionDate>
    </latestAction>
    <billNumber>5856</billNumber>
    <notes />
    <introducedDate>2018-05-16</introducedDate>
    <committees>
      <billCommittees>
        <item>
          <systemCode>hsif00</systemCode>
          <type>Standing</type>
          <activities>
            <item>
              <date>2018-05-16T14:01:45Z</date>
              <name>Referred to</name>
            </item>
          </activities>
          <name>Energy and Commerce Committee</name>
          <subcommittees />
          <chamber>House</chamber>
        </item>
        <item>
          <systemCode>hswm00</systemCode>
          <type>Standing</type>
          <activities>
            <item>
              <date>2018-05-16T14:01:40Z</date>
              <name>Referred to</name>
            </item>
          </activities>
          <name>Ways and Means Committee</name>
          <subcommittees />
          <chamber>House</chamber>
        </item>
      </billCommittees>
    </committees>
    <relatedBills />
    <congress>115</congress>
    <subjects>
      <billSubjects>
        <legislativeSubjects />
        <policyArea>
          <name>Health</name>
        </policyArea>
      </billSubjects>
    </subjects>
    <amendments />
    <originChamber>House</originChamber>
    <cboCostEstimates />
    <policyArea>
      <name>Health</name>
    </policyArea>
    <actions>
      <item>
        <text>Referred to the Committee on Ways and Means, and in addition to the Committee on Energy and Commerce, for a period to be subsequently determined by the Speaker, in each case for consideration of such provisions as fall within the jurisdiction of the committee concerned.</text>
        <links />
        <type>IntroReferral</type>
        <sourceSystem>
          <code>2</code>
          <name>House floor actions</name>
        </sourceSystem>
        <committee>
          <systemCode>hsif00</systemCode>
          <name>Energy and Commerce Committee</name>
        </committee>
        <actionDate>2018-05-16</actionDate>
        <actionCode>H11100</actionCode>
      </item>
      <item>
        <text>Referred to the Committee on Ways and Means, and in addition to the Committee on Energy and Commerce, for a period to be subsequently determined by the Speaker, in each case for consideration of such provisions as fall within the jurisdiction of the committee concerned.</text>
        <links />
        <type>IntroReferral</type>
        <sourceSystem>
          <code>2</code>
          <name>House floor actions</name>
        </sourceSystem>
        <committee>
          <systemCode>hswm00</systemCode>
          <name>Ways and Means Committee</name>
        </committee>
        <actionDate>2018-05-16</actionDate>
        <actionCode>H11100</actionCode>
      </item>
      <item>
        <text>Introduced in House</text>
        <links />
        <type>IntroReferral</type>
        <sourceSystem>
          <code>9</code>
          <name>Library of Congress</name>
        </sourceSystem>
        <committee />
        <actionDate>2018-05-16</actionDate>
        <actionCode>Intro-H</actionCode>
      </item>
      <item>
        <text>Introduced in House</text>
        <links />
        <type>IntroReferral</type>
        <sourceSystem>
          <code>9</code>
          <name>Library of Congress</name>
        </sourceSystem>
        <committee />
        <actionDate>2018-05-16</actionDate>
        <actionCode>1000</actionCode>
      </item>
      <actionTypeCounts>
        <introducedInTheHouse>1</introducedInTheHouse>
        <billReferrals>2</billReferrals>
        <introducedInHouse>1</introducedInHouse>
      </actionTypeCounts>
      <actionByCounts>
        <houseOfRepresentatives>4</houseOfRepresentatives>
      </actionByCounts>
    </actions>
    <recordedVotes />
    <laws />
    <cosponsors>
      <item>
        <party>R</party>
        <state>NC</state>
        <bioguideId>M001187</bioguideId>
        <sponsorshipWithdrawnDate />
        <isOriginalCosponsor>False</isOriginalCosponsor>
        <identifiers>
          <lisID>2142</lisID>
          <bioguideId>M001187</bioguideId>
          <gpoId />
        </identifiers>
        <fullName>Rep. Meadows, Mark [R-NC-11]</fullName>
        <lastName>Meadows</lastName>
        <sponsorshipDate>2018-05-18</sponsorshipDate>
        <firstName>Mark</firstName>
        <district>11</district>
        <middleName />
      </item>
      <item>
        <party>R</party>
        <state>GA</state>
        <bioguideId>A000372</bioguideId>
        <sponsorshipWithdrawnDate />
        <isOriginalCosponsor>False</isOriginalCosponsor>
        <identifiers>
          <gpoId />
          <lisID>2239</lisID>
          <bioguideId>A000372</bioguideId>
        </identifiers>
        <fullName>Rep. Allen, Rick W. [R-GA-12]</fullName>
        <lastName>Allen</lastName>
        <sponsorshipDate>2018-07-16</sponsorshipDate>
        <firstName>Rick</firstName>
        <district>12</district>
        <middleName>W.</middleName>
      </item>
      <item>
        <party>R</party>
        <state>WV</state>
        <bioguideId>M001195</bioguideId>
        <sponsorshipWithdrawnDate />
        <isOriginalCosponsor>False</isOriginalCosponsor>
        <identifiers>
          <lisID>2277</lisID>
          <bioguideId>M001195</bioguideId>
          <gpoId />
        </identifiers>
        <fullName>Rep. Mooney, Alexander X. [R-WV-2]</fullName>
        <lastName>Mooney</lastName>
        <sponsorshipDate>2018-07-16</sponsorshipDate>
        <firstName>Alexander</firstName>
        <district>2</district>
        <middleName>X.</middleName>
      </item>
      <item>
        <party>R</party>
        <state>MT</state>
        <bioguideId>G000584</bioguideId>
        <sponsorshipWithdrawnDate />
        <isOriginalCosponsor>False</isOriginalCosponsor>
        <identifiers>
          <bioguideId>G000584</bioguideId>
          <lisID>2359</lisID>
          <gpoId />
        </identifiers>
        <fullName>Rep. Gianforte, Greg [R-MT-At Large]</fullName>
        <lastName>Gianforte</lastName>
        <sponsorshipDate>2018-07-18</sponsorshipDate>
        <firstName>Greg</firstName>
        <district>0</district>
        <middleName />
      </item>
      <item>
        <party>R</party>
        <state>MN</state>
        <bioguideId>L000587</bioguideId>
        <sponsorshipWithdrawnDate />
        <isOriginalCosponsor>False</isOriginalCosponsor>
        <identifiers>
          <lisID>2335</lisID>
          <gpoId />
          <bioguideId>L000587</bioguideId>
        </identifiers>
        <fullName>Rep. Lewis, Jason [R-MN-2]</fullName>
        <lastName>Lewis</lastName>
        <sponsorshipDate>2018-07-24</sponsorshipDate>
        <firstName>Jason</firstName>
        <district>2</district>
        <middleName />
      </item>
    </cosponsors>
    <titles>
      <item>
        <titleType>Short Titles as Introduced</titleType>
        <title>Good Samaritan Charitable Physicians' Services Act of 2018</title>
        <parentTitleType />
        <chamberCode />
        <chamberName />
      </item>
      <item>
        <titleType>Official Title as Introduced</titleType>
        <title>To amend the Internal Revenue Code of 1986 to provide a deduction for certain charity care furnished by physicians, and for other purposes.</title>
        <parentTitleType />
        <chamberCode />
        <chamberName />
      </item>
      <item>
        <titleType>Display Title</titleType>
        <title>Good Samaritan Charitable Physicians' Services Act of 2018</title>
        <parentTitleType />
        <chamberCode />
        <chamberName />
      </item>
      <item>
        <titleType>(Extracted from GPO) Short Titles as Introduced</titleType>
        <title>Good Samaritan Charitable Physicians’ Services Act of 2018</title>
        <parentTitleType />
        <chamberCode />
        <chamberName />
      </item>
    </titles>
    <updateDate>2018-08-28T20:18:24Z</updateDate>
    <calendarNumbers />
    <billType>HR</billType>
    <summaries>
      <billSummaries />
    </summaries>
    <title>Good Samaritan Charitable Physicians' Services Act of 2018</title>
  </bill>
  <dublinCore xmlns:dc="http://purl.org/dc/elements/1.1/">
    <dc:format>text/xml</dc:format>
    <dc:language>EN</dc:language>
    <dc:rights>Pursuant to Title 17 Section 105 of the United States Code, this file is not subject to copyright protection and is in the public domain.</dc:rights>
    <dc:contributor>Congressional Research Service, Library of Congress</dc:contributor>
    <dc:description>This file contains bill summaries and statuses for federal legislation. A bill summary describes the most significant provisions of a piece of legislation and details the effects the legislative text may have on current law and federal programs. Bill summaries are authored by the Congressional Research Service (CRS) of the Library of Congress. As stated in Public Law 91-510 (2 USC 166 (d)(6)), one of the duties of CRS is "to prepare summaries and digests of bills and resolutions of a public general nature introduced in the Senate or House of Representatives". For more information, refer to the User Guide that accompanies this file.</dc:description>
  </dublinCore>
</billStatus>

