<?xml version="1.0" encoding="UTF-8"?>
<billStatus>
  <bill>
    <committees>
      <billCommittees>
        <item>
          <systemCode>hsju00</systemCode>
          <type>Standing</type>
          <activities>
            <item>
              <date>2017-01-11T15:02:50Z</date>
              <name>Referred to</name>
            </item>
          </activities>
          <name>Judiciary Committee</name>
          <subcommittees>
            <item>
              <systemCode>hsju01</systemCode>
              <name>Immigration and Border Security Subcommittee</name>
              <activities>
                <item>
                  <date>2017-02-06T22:32:58Z</date>
                  <name>Referred to</name>
                </item>
              </activities>
            </item>
          </subcommittees>
          <chamber>House</chamber>
        </item>
      </billCommittees>
    </committees>
    <recordedVotes />
    <laws />
    <summaries>
      <billSummaries>
        <item>
          <lastSummaryUpdateDate>2017-01-31T16:03:22Z</lastSummaryUpdateDate>
          <actionDate>2017-01-11</actionDate>
          <text><![CDATA[<p><strong>Secure Accountability for Emigres and Refugees Act of 2017 or the SAFER Act of 2017</strong></p> <p>This bill requires that, before the U.S. refugee admission of a covered alien, the Department of Homeland Security (DHS) shall ensure that such person: </p> <ul> <li>has passed a lie detector test; </li> <li>has submitted to DHS biometric identification information, including DNA, which DHS has compared against all relevant databases and determined that the person has no known history of terrorist activity; and </li> <li>does not pose a threat to U.S. national security based on a background check that includes a review of the person's Internet interactions, including social media services. </li> </ul> <p>&quot;Covered alien&quot; means an alien applying for U.S. refugee admission who: (1) is a national of Iraq or Syria, (2) has no nationality and whose last habitual residence was in Iraq or Syria, or (3) has been present in Iraq or Syria at any time on or after March 1, 2011.</p>]]></text>
          <updateDate>2017-01-11T05:00:00Z</updateDate>
          <name>Introduced in House</name>
          <versionCode>00</versionCode>
          <actionDesc>Introduced in House</actionDesc>
        </item>
      </billSummaries>
    </summaries>
    <calendarNumbers />
    <titles>
      <item>
        <title>SAFER Act of 2017</title>
        <titleType>Short Titles as Introduced</titleType>
        <parentTitleType />
        <chamberCode />
        <chamberName />
      </item>
      <item>
        <title>Secure Accountability for Emigres and Refugees Act of 2017</title>
        <titleType>Short Titles as Introduced</titleType>
        <parentTitleType />
        <chamberCode />
        <chamberName />
      </item>
      <item>
        <title>To provide for additional security requirements for Syrian and Iraqi refugees, and for other purposes.</title>
        <titleType>Official Title as Introduced</titleType>
        <parentTitleType />
        <chamberCode />
        <chamberName />
      </item>
      <item>
        <title>SAFER Act of 2017</title>
        <titleType>Display Title</titleType>
        <parentTitleType />
        <chamberCode />
        <chamberName />
      </item>
      <item>
        <title>SAFER Act of 2017</title>
        <titleType>(Extracted from GPO) Short Titles as Introduced</titleType>
        <parentTitleType />
        <chamberCode />
        <chamberName />
      </item>
      <item>
        <title>Secure Accountability for Emigres and Refugees Act of 2017</title>
        <titleType>(Extracted from GPO) Short Titles as Introduced</titleType>
        <parentTitleType />
        <chamberCode />
        <chamberName />
      </item>
    </titles>
    <cosponsors>
      <item>
        <bioguideId>R000409</bioguideId>
        <lastName>ROHRABACHER</lastName>
        <isOriginalCosponsor>True</isOriginalCosponsor>
        <identifiers>
          <lisID>979</lisID>
          <bioguideId>R000409</bioguideId>
          <gpoId>7851</gpoId>
        </identifiers>
        <district>48</district>
        <middleName />
        <sponsorshipWithdrawnDate />
        <fullName>Rep. Rohrabacher, Dana [R-CA-48]</fullName>
        <sponsorshipDate>2017-01-11</sponsorshipDate>
        <state>CA</state>
        <firstName>DANA</firstName>
        <party>R</party>
      </item>
      <item>
        <bioguideId>K000387</bioguideId>
        <lastName>Knight</lastName>
        <isOriginalCosponsor>True</isOriginalCosponsor>
        <identifiers>
          <gpoId />
          <lisID>2228</lisID>
          <bioguideId>K000387</bioguideId>
        </identifiers>
        <district>25</district>
        <middleName />
        <sponsorshipWithdrawnDate />
        <fullName>Rep. Knight, Stephen [R-CA-25]</fullName>
        <sponsorshipDate>2017-01-11</sponsorshipDate>
        <state>CA</state>
        <firstName>Stephen</firstName>
        <party>R</party>
      </item>
      <item>
        <bioguideId>H001048</bioguideId>
        <lastName>Hunter</lastName>
        <isOriginalCosponsor>True</isOriginalCosponsor>
        <identifiers>
          <bioguideId>H001048</bioguideId>
          <lisID>1909</lisID>
          <gpoId>7857</gpoId>
        </identifiers>
        <district>50</district>
        <middleName>D.</middleName>
        <sponsorshipWithdrawnDate />
        <fullName>Rep. Hunter, Duncan D. [R-CA-50]</fullName>
        <sponsorshipDate>2017-01-11</sponsorshipDate>
        <state>CA</state>
        <firstName>Duncan</firstName>
        <party>R</party>
      </item>
      <item>
        <bioguideId>C001096</bioguideId>
        <lastName>Cramer</lastName>
        <isOriginalCosponsor>False</isOriginalCosponsor>
        <identifiers>
          <bioguideId>C001096</bioguideId>
          <lisID>2144</lisID>
          <gpoId />
        </identifiers>
        <district>0</district>
        <middleName />
        <sponsorshipWithdrawnDate />
        <fullName>Rep. Cramer, Kevin [R-ND-At Large]</fullName>
        <sponsorshipDate>2017-01-13</sponsorshipDate>
        <state>ND</state>
        <firstName>Kevin</firstName>
        <party>R</party>
      </item>
    </cosponsors>
    <cboCostEstimates />
    <latestAction>
      <text>Referred to the Subcommittee on Immigration and Border Security.</text>
      <links />
      <actionDate>2017-02-06</actionDate>
    </latestAction>
    <updateDate>2018-08-28T19:59:11Z</updateDate>
    <version>1.0.0</version>
    <constitutionalAuthorityStatementText><![CDATA[<pre>[Congressional Record Volume 163, Number 7 (Wednesday, January 11, 2017)]From the Congressional Record Online through the Government Publishing Office [<a href='http://www.gpo.gov'>www.gpo.gov</a>]By Mr. CALVERT:H.R. 441.Congress has the power to enactthis legislation pursuantto the following:The constitutional authority of Congress to enact thislegislation is Section 8of Article I of the Constitution,specifically Clauses 1 (relating to providing for the generalwelfare of the United States)and 18 (relating to the power tomake all laws necessary and proper for carrying out thepowers vested in Congress) of suchsection.ORThe constitutional authority of Congress to enact thislegislation is Article I, Section 8, Clause 1 andClause 18.[Page H391]</pre>]]></constitutionalAuthorityStatementText>
    <policyArea>
      <name>Immigration</name>
    </policyArea>
    <billType>HR</billType>
    <billNumber>441</billNumber>
    <originChamber>House</originChamber>
    <relatedBills />
    <title>SAFER Act of 2017</title>
    <congress>115</congress>
    <actions>
      <actionByCounts>
        <houseOfRepresentatives>4</houseOfRepresentatives>
      </actionByCounts>
      <item>
        <actionDate>2017-02-06</actionDate>
        <committee>
          <systemCode>hsju01</systemCode>
          <name>Immigration and Border Security Subcommittee</name>
        </committee>
        <links />
        <sourceSystem>
          <code>1</code>
          <name>House committee actions</name>
        </sourceSystem>
        <text>Referred to the Subcommittee on Immigration and Border Security.</text>
        <type>Committee</type>
      </item>
      <item>
        <committee>
          <systemCode>hsju00</systemCode>
          <name>Judiciary Committee</name>
        </committee>
        <links />
        <type>IntroReferral</type>
        <text>Referred to the House Committee on the Judiciary.</text>
        <actionDate>2017-01-11</actionDate>
        <actionCode>H11100</actionCode>
        <sourceSystem>
          <code>2</code>
          <name>House floor actions</name>
        </sourceSystem>
      </item>
      <item>
        <committee />
        <links />
        <type>IntroReferral</type>
        <text>Introduced in House</text>
        <actionDate>2017-01-11</actionDate>
        <actionCode>Intro-H</actionCode>
        <sourceSystem>
          <code>9</code>
          <name>Library of Congress</name>
        </sourceSystem>
      </item>
      <item>
        <committee />
        <links />
        <type>IntroReferral</type>
        <text>Introduced in House</text>
        <actionDate>2017-01-11</actionDate>
        <actionCode>1000</actionCode>
        <sourceSystem>
          <code>9</code>
          <name>Library of Congress</name>
        </sourceSystem>
      </item>
      <actionTypeCounts>
        <placeholderTextForH>1</placeholderTextForH>
        <introducedInHouse>1</introducedInHouse>
        <billReferrals>1</billReferrals>
        <introducedInTheHouse>1</introducedInTheHouse>
      </actionTypeCounts>
    </actions>
    <subjects>
      <billSubjects>
        <policyArea>
          <name>Immigration</name>
        </policyArea>
        <legislativeSubjects>
          <item>
            <name>Criminal justice information and records</name>
          </item>
          <item>
            <name>Immigration status and procedures</name>
          </item>
          <item>
            <name>Internet and video services</name>
          </item>
          <item>
            <name>Iraq</name>
          </item>
          <item>
            <name>Middle East</name>
          </item>
          <item>
            <name>Refugees, asylum, displaced persons</name>
          </item>
          <item>
            <name>Syria</name>
          </item>
          <item>
            <name>Terrorism</name>
          </item>
        </legislativeSubjects>
      </billSubjects>
    </subjects>
    <committeeReports />
    <introducedDate>2017-01-11</introducedDate>
    <sponsors>
      <item>
        <bioguideId>C000059</bioguideId>
        <middleName />
        <byRequestType />
        <fullName>Rep. Calvert, Ken [R-CA-42]</fullName>
        <lastName>CALVERT</lastName>
        <state>CA</state>
        <district>42</district>
        <party>R</party>
        <identifiers>
          <lisID>165</lisID>
          <gpoId>7849</gpoId>
          <bioguideId>C000059</bioguideId>
        </identifiers>
        <firstName>KEN</firstName>
      </item>
    </sponsors>
    <notes />
    <createDate>2017-01-12T04:45:49Z</createDate>
    <amendments />
  </bill>
  <dublinCore xmlns:dc="http://purl.org/dc/elements/1.1/">
    <dc:format>text/xml</dc:format>
    <dc:language>EN</dc:language>
    <dc:rights>Pursuant to Title 17 Section 105 of the United States Code, this file is not subject to copyright protection and is in the public domain.</dc:rights>
    <dc:contributor>Congressional Research Service, Library of Congress</dc:contributor>
    <dc:description>This file contains bill summaries and statuses for federal legislation. A bill summary describes the most significant provisions of a piece of legislation and details the effects the legislative text may have on current law and federal programs. Bill summaries are authored by the Congressional Research Service (CRS) of the Library of Congress. As stated in Public Law 91-510 (2 USC 166 (d)(6)), one of the duties of CRS is "to prepare summaries and digests of bills and resolutions of a public general nature introduced in the Senate or House of Representatives". For more information, refer to the User Guide that accompanies this file.</dc:description>
  </dublinCore>
</billStatus>

