<?xml version="1.0" encoding="UTF-8"?>
<billStatus>
  <bill>
    <policyArea>
      <name>Labor and Employment</name>
    </policyArea>
    <congress>115</congress>
    <cosponsors />
    <relatedBills />
    <title>Labor Relations First Contract Negotiations Act of 2017</title>
    <originChamber>House</originChamber>
    <subjects>
      <billSubjects>
        <legislativeSubjects>
          <item>
            <name>Contracts and agency</name>
          </item>
          <item>
            <name>Labor-management relations</name>
          </item>
        </legislativeSubjects>
        <policyArea>
          <name>Labor and Employment</name>
        </policyArea>
      </billSubjects>
    </subjects>
    <committeeReports />
    <constitutionalAuthorityStatementText />
    <notes />
    <billType>HR</billType>
    <titles>
      <item>
        <titleType>Short Titles as Introduced</titleType>
        <title>Labor Relations First Contract Negotiations Act of 2017</title>
        <chamberCode />
        <chamberName />
        <parentTitleType />
      </item>
      <item>
        <titleType>Official Title as Introduced</titleType>
        <title>To amend the National Labor Relations Act to require the arbitration of initial contract negotiation disputes, and for other purposes.</title>
        <chamberCode />
        <chamberName />
        <parentTitleType />
      </item>
      <item>
        <titleType>Display Title</titleType>
        <title>Labor Relations First Contract Negotiations Act of 2017</title>
        <chamberCode />
        <chamberName />
        <parentTitleType />
      </item>
    </titles>
    <latestAction>
      <links />
      <actionDate>2017-01-03</actionDate>
      <text>Referred to the House Committee on Education and the Workforce.</text>
    </latestAction>
    <introducedDate>2017-01-03</introducedDate>
    <amendments />
    <createDate>2017-01-04T07:01:12Z</createDate>
    <cboCostEstimates />
    <recordedVotes />
    <sponsors>
      <item>
        <state>TX</state>
        <party>D</party>
        <district>29</district>
        <lastName>GREEN</lastName>
        <middleName />
        <fullName>Rep. Green, Gene [D-TX-29]</fullName>
        <identifiers>
          <lisID>462</lisID>
          <bioguideId>G000410</bioguideId>
          <gpoId>8185</gpoId>
        </identifiers>
        <bioguideId>G000410</bioguideId>
        <firstName>GENE</firstName>
        <byRequestType />
      </item>
    </sponsors>
    <calendarNumbers />
    <updateDate>2017-01-18T17:31:16Z</updateDate>
    <billNumber>156</billNumber>
    <laws />
    <committees>
      <billCommittees>
        <item>
          <type>Standing</type>
          <activities>
            <item>
              <name>Referred to</name>
              <date>2017-01-03T17:24:15Z</date>
            </item>
          </activities>
          <subcommittees />
          <systemCode>hsed00</systemCode>
          <chamber>House</chamber>
          <name>Education and the Workforce Committee</name>
        </item>
      </billCommittees>
    </committees>
    <actions>
      <actionByCounts>
        <houseOfRepresentatives>3</houseOfRepresentatives>
      </actionByCounts>
      <item>
        <text>Referred to the House Committee on Education and the Workforce.</text>
        <links />
        <sourceSystem>
          <code>2</code>
          <name>House floor actions</name>
        </sourceSystem>
        <actionCode>H11100</actionCode>
        <type>IntroReferral</type>
        <actionDate>2017-01-03</actionDate>
        <committee>
          <systemCode>hsed00</systemCode>
          <name>Education and the Workforce Committee</name>
        </committee>
      </item>
      <item>
        <text>Introduced in House</text>
        <links />
        <sourceSystem>
          <code>9</code>
          <name>Library of Congress</name>
        </sourceSystem>
        <actionCode>Intro-H</actionCode>
        <type>IntroReferral</type>
        <actionDate>2017-01-03</actionDate>
        <committee />
      </item>
      <item>
        <text>Introduced in House</text>
        <links />
        <sourceSystem>
          <code>9</code>
          <name>Library of Congress</name>
        </sourceSystem>
        <actionCode>1000</actionCode>
        <type>IntroReferral</type>
        <actionDate>2017-01-03</actionDate>
        <committee />
      </item>
      <actionTypeCounts>
        <introducedInHouse>1</introducedInHouse>
        <billReferrals>1</billReferrals>
        <introducedInTheHouse>1</introducedInTheHouse>
      </actionTypeCounts>
    </actions>
    <summaries>
      <billSummaries />
    </summaries>
  </bill>
  <dublinCore xmlns:dc="http://purl.org/dc/elements/1.1/">
    <dc:format>text/xml</dc:format>
    <dc:language>EN</dc:language>
    <dc:rights>Pursuant to Title 17 Section 105 of the United States Code, this file is not subject to copyright protection and is in the public domain.</dc:rights>
    <dc:contributor>Congressional Research Service, Library of Congress</dc:contributor>
    <dc:description>This file contains bill summaries and statuses for federal legislation. A bill summary describes the most significant provisions of a piece of legislation and details the effects the legislative text may have on current law and federal programs. Bill summaries are authored by the Congressional Research Service (CRS) of the Library of Congress. As stated in Public Law 91-510 (2 USC 166 (d)(6)), one of the duties of CRS is "to prepare summaries and digests of bills and resolutions of a public general nature introduced in the Senate or House of Representatives". For more information, refer to the User Guide that accompanies this file.</dc:description>
  </dublinCore>
</billStatus>

