<?xml version="1.0" encoding="UTF-8"?>
<billStatus>
  <bill>
    <calendarNumbers />
    <amendments />
    <committeeReports />
    <constitutionalAuthorityStatementText><![CDATA[<pre>[Congressional Record Volume 163, Number 19 (Friday, February 3, 2017)]From the Congressional Record Online through the Government Publishing Office [<a href='http://www.gpo.gov'>www.gpo.gov</a>]By Ms. MENG:H.R. 867.Congress has the power to enact this legislation pursuantto the following:Article I, section 8 of the Constitution.[Page H978]</pre>]]></constitutionalAuthorityStatementText>
    <laws />
    <summaries>
      <billSummaries>
        <item>
          <lastSummaryUpdateDate>2017-09-27T19:04:17Z</lastSummaryUpdateDate>
          <actionDate>2017-02-03</actionDate>
          <text><![CDATA[<p><b>Notch Fairness Act of 2017 </b></p> <p> This bill amends title II (Old Age, Survivors and Disability Insurance) of the Social Security Act to revise the formula for the computation of minimum Old Age Insurance benefits for individuals who reached age 65 in or after 1979, and to whom applies the 15-year transition period for the changes in benefit computation rules enacted in the Social Security Amendments of 1977.</p> <p>("Notch" refers to individuals born between 1917 and 1921 who as retirees received lower Social Security cost-of-living increases than others after Congress readjusted Social Security benefits in 1977.)</p> <p> This bill sets forth a schedule of additional benefit increases for such beneficiaries (and related beneficiaries), with percentages declining from 55% to 5% and keyed to the year an individual became eligible for such benefits between 1979 and 1988. </p> <p> This bill allows such beneficiaries, in the alternative, to receive lump sum payments over four years totaling $5,000. </p>]]></text>
          <updateDate>2017-02-03T05:00:00Z</updateDate>
          <name>Introduced in House</name>
          <versionCode>00</versionCode>
          <actionDesc>Introduced in House</actionDesc>
        </item>
      </billSummaries>
    </summaries>
    <relatedBills />
    <createDate>2017-02-04T05:07:04Z</createDate>
    <latestAction>
      <links />
      <actionDate>2017-02-16</actionDate>
      <text>Referred to the Subcommittee on Social Security.</text>
    </latestAction>
    <sponsors>
      <item>
        <party>D</party>
        <state>NY</state>
        <bioguideId>M001188</bioguideId>
        <middleName />
        <lastName>Meng</lastName>
        <fullName>Rep. Meng, Grace [D-NY-6]</fullName>
        <firstName>Grace</firstName>
        <district>6</district>
        <byRequestType />
        <identifiers>
          <bioguideId>M001188</bioguideId>
          <gpoId />
          <lisID>2148</lisID>
        </identifiers>
      </item>
    </sponsors>
    <billNumber>867</billNumber>
    <updateDate>2018-08-28T20:01:06Z</updateDate>
    <cboCostEstimates />
    <notes />
    <titles>
      <item>
        <chamberCode />
        <titleType>Short Titles as Introduced</titleType>
        <chamberName />
        <title>Notch Fairness Act of 2017</title>
        <parentTitleType />
      </item>
      <item>
        <chamberCode />
        <titleType>Official Title as Introduced</titleType>
        <chamberName />
        <title>To amend title II of the Social Security Act to allow workers who attain age 65 after 1981 and before 1992 to choose either lump sum payments over four years totaling $5,000 or an improved benefit computation formula under a new 10-year rule governing the transition to the changes in benefit computation rules enacted in the Social Security Amendments of 1977, and for other purposes.</title>
        <parentTitleType />
      </item>
      <item>
        <chamberCode />
        <titleType>Display Title</titleType>
        <chamberName />
        <title>Notch Fairness Act of 2017</title>
        <parentTitleType />
      </item>
      <item>
        <chamberCode />
        <titleType>(Extracted from GPO) Short Titles as Introduced</titleType>
        <chamberName />
        <title>Notch Fairness Act of 2017</title>
        <parentTitleType />
      </item>
    </titles>
    <introducedDate>2017-02-03</introducedDate>
    <subjects>
      <billSubjects>
        <policyArea>
          <name>Social Welfare</name>
        </policyArea>
        <legislativeSubjects>
          <item>
            <name>Inflation and prices</name>
          </item>
          <item>
            <name>Social security and elderly assistance</name>
          </item>
        </legislativeSubjects>
      </billSubjects>
    </subjects>
    <billType>HR</billType>
    <originChamber>House</originChamber>
    <title>Notch Fairness Act of 2017</title>
    <cosponsors>
      <item>
        <district>29</district>
        <firstName>GENE</firstName>
        <identifiers>
          <lisID>462</lisID>
          <bioguideId>G000410</bioguideId>
          <gpoId>8185</gpoId>
        </identifiers>
        <isOriginalCosponsor>True</isOriginalCosponsor>
        <bioguideId>G000410</bioguideId>
        <state>TX</state>
        <fullName>Rep. Green, Gene [D-TX-29]</fullName>
        <party>D</party>
        <lastName>GREEN</lastName>
        <sponsorshipDate>2017-02-03</sponsorshipDate>
        <middleName />
        <sponsorshipWithdrawnDate />
      </item>
      <item>
        <district>7</district>
        <firstName>ELIJAH</firstName>
        <identifiers>
          <bioguideId>C000984</bioguideId>
          <lisID>256</lisID>
          <gpoId>7982</gpoId>
        </identifiers>
        <isOriginalCosponsor>True</isOriginalCosponsor>
        <bioguideId>C000984</bioguideId>
        <state>MD</state>
        <fullName>Rep. Cummings, Elijah E. [D-MD-7]</fullName>
        <party>D</party>
        <lastName>CUMMINGS</lastName>
        <sponsorshipDate>2017-02-03</sponsorshipDate>
        <middleName>E.</middleName>
        <sponsorshipWithdrawnDate />
      </item>
      <item>
        <district>2</district>
        <firstName>SANFORD</firstName>
        <identifiers>
          <lisID>91</lisID>
          <bioguideId>B000490</bioguideId>
          <gpoId>7899</gpoId>
        </identifiers>
        <isOriginalCosponsor>True</isOriginalCosponsor>
        <bioguideId>B000490</bioguideId>
        <state>GA</state>
        <fullName>Rep. Bishop, Sanford D., Jr. [D-GA-2]</fullName>
        <party>D</party>
        <lastName>BISHOP</lastName>
        <sponsorshipDate>2017-02-03</sponsorshipDate>
        <middleName>D.</middleName>
        <sponsorshipWithdrawnDate />
      </item>
      <item>
        <district>3</district>
        <firstName>Raul</firstName>
        <identifiers>
          <lisID>1708</lisID>
          <gpoId>7804</gpoId>
          <bioguideId>G000551</bioguideId>
        </identifiers>
        <isOriginalCosponsor>True</isOriginalCosponsor>
        <bioguideId>G000551</bioguideId>
        <state>AZ</state>
        <fullName>Rep. Grijalva, Raul M. [D-AZ-3]</fullName>
        <party>D</party>
        <lastName>Grijalva</lastName>
        <sponsorshipDate>2017-02-03</sponsorshipDate>
        <middleName>M.</middleName>
        <sponsorshipWithdrawnDate />
      </item>
      <item>
        <district>19</district>
        <firstName>ZOE</firstName>
        <identifiers>
          <bioguideId>L000397</bioguideId>
          <lisID>701</lisID>
          <gpoId>7821</gpoId>
        </identifiers>
        <isOriginalCosponsor>True</isOriginalCosponsor>
        <bioguideId>L000397</bioguideId>
        <state>CA</state>
        <fullName>Rep. Lofgren, Zoe [D-CA-19]</fullName>
        <party>D</party>
        <lastName>LOFGREN</lastName>
        <sponsorshipDate>2017-02-03</sponsorshipDate>
        <middleName />
        <sponsorshipWithdrawnDate />
      </item>
      <item>
        <district>2</district>
        <firstName>JAMES</firstName>
        <identifiers>
          <lisID>1504</lisID>
          <bioguideId>M000312</bioguideId>
          <gpoId>7968</gpoId>
        </identifiers>
        <isOriginalCosponsor>True</isOriginalCosponsor>
        <bioguideId>M000312</bioguideId>
        <state>MA</state>
        <fullName>Rep. McGovern, James P. [D-MA-2]</fullName>
        <party>D</party>
        <lastName>MCGOVERN</lastName>
        <sponsorshipDate>2017-02-03</sponsorshipDate>
        <middleName>P.</middleName>
        <sponsorshipWithdrawnDate />
      </item>
      <item>
        <district>3</district>
        <firstName>John</firstName>
        <identifiers>
          <bioguideId>Y000062</bioguideId>
          <lisID>1853</lisID>
          <gpoId>7955</gpoId>
        </identifiers>
        <isOriginalCosponsor>False</isOriginalCosponsor>
        <bioguideId>Y000062</bioguideId>
        <state>KY</state>
        <fullName>Rep. Yarmuth, John A. [D-KY-3]</fullName>
        <party>D</party>
        <lastName>Yarmuth</lastName>
        <sponsorshipDate>2017-03-01</sponsorshipDate>
        <middleName>A.</middleName>
        <sponsorshipWithdrawnDate />
      </item>
      <item>
        <district>1</district>
        <firstName>WM.</firstName>
        <identifiers>
          <lisID>1654</lisID>
          <bioguideId>C001049</bioguideId>
          <gpoId>8009</gpoId>
        </identifiers>
        <isOriginalCosponsor>False</isOriginalCosponsor>
        <bioguideId>C001049</bioguideId>
        <state>MO</state>
        <fullName>Rep. Clay, Wm. Lacy [D-MO-1]</fullName>
        <party>D</party>
        <lastName>CLAY</lastName>
        <sponsorshipDate>2017-12-07</sponsorshipDate>
        <middleName>LACY</middleName>
        <sponsorshipWithdrawnDate />
      </item>
    </cosponsors>
    <recordedVotes />
    <policyArea>
      <name>Social Welfare</name>
    </policyArea>
    <committees>
      <billCommittees>
        <item>
          <activities>
            <item>
              <name>Referred to</name>
              <date>2017-02-03T14:03:15Z</date>
            </item>
          </activities>
          <name>Ways and Means Committee</name>
          <type>Standing</type>
          <chamber>House</chamber>
          <subcommittees>
            <item>
              <activities>
                <item>
                  <name>Referred to</name>
                  <date>2017-02-16T21:50:36Z</date>
                </item>
              </activities>
              <name>Social Security Subcommittee</name>
              <systemCode>hswm01</systemCode>
            </item>
          </subcommittees>
          <systemCode>hswm00</systemCode>
        </item>
      </billCommittees>
    </committees>
    <actions>
      <item>
        <actionDate>2017-02-16</actionDate>
        <committee>
          <systemCode>hswm01</systemCode>
          <name>Social Security Subcommittee</name>
        </committee>
        <links />
        <sourceSystem>
          <code>1</code>
          <name>House committee actions</name>
        </sourceSystem>
        <text>Referred to the Subcommittee on Social Security.</text>
        <type>Committee</type>
      </item>
      <item>
        <actionDate>2017-02-03</actionDate>
        <actionCode>H11100</actionCode>
        <text>Referred to the House Committee on Ways and Means.</text>
        <committee>
          <systemCode>hswm00</systemCode>
          <name>Ways and Means Committee</name>
        </committee>
        <links />
        <type>IntroReferral</type>
        <sourceSystem>
          <code>2</code>
          <name>House floor actions</name>
        </sourceSystem>
      </item>
      <item>
        <actionDate>2017-02-03</actionDate>
        <actionCode>Intro-H</actionCode>
        <text>Introduced in House</text>
        <committee />
        <links />
        <type>IntroReferral</type>
        <sourceSystem>
          <code>9</code>
          <name>Library of Congress</name>
        </sourceSystem>
      </item>
      <item>
        <actionDate>2017-02-03</actionDate>
        <actionCode>1000</actionCode>
        <text>Introduced in House</text>
        <committee />
        <links />
        <type>IntroReferral</type>
        <sourceSystem>
          <code>9</code>
          <name>Library of Congress</name>
        </sourceSystem>
      </item>
      <actionTypeCounts>
        <placeholderTextForH>1</placeholderTextForH>
        <billReferrals>1</billReferrals>
        <introducedInHouse>1</introducedInHouse>
        <introducedInTheHouse>1</introducedInTheHouse>
      </actionTypeCounts>
      <actionByCounts>
        <houseOfRepresentatives>4</houseOfRepresentatives>
      </actionByCounts>
    </actions>
    <version>1.0.0</version>
    <congress>115</congress>
  </bill>
  <dublinCore xmlns:dc="http://purl.org/dc/elements/1.1/">
    <dc:format>text/xml</dc:format>
    <dc:language>EN</dc:language>
    <dc:rights>Pursuant to Title 17 Section 105 of the United States Code, this file is not subject to copyright protection and is in the public domain.</dc:rights>
    <dc:contributor>Congressional Research Service, Library of Congress</dc:contributor>
    <dc:description>This file contains bill summaries and statuses for federal legislation. A bill summary describes the most significant provisions of a piece of legislation and details the effects the legislative text may have on current law and federal programs. Bill summaries are authored by the Congressional Research Service (CRS) of the Library of Congress. As stated in Public Law 91-510 (2 USC 166 (d)(6)), one of the duties of CRS is "to prepare summaries and digests of bills and resolutions of a public general nature introduced in the Senate or House of Representatives". For more information, refer to the User Guide that accompanies this file.</dc:description>
  </dublinCore>
</billStatus>

