<?xml version="1.0" encoding="UTF-8"?>
<billStatus>
  <bill>
    <actions>
      <actionTypeCounts>
        <billReferrals>1</billReferrals>
        <introducedInHouse>1</introducedInHouse>
        <introducedInTheHouse>1</introducedInTheHouse>
      </actionTypeCounts>
      <item>
        <text>Referred to the House Committee on Energy and Commerce.</text>
        <committee>
          <systemCode>hsif00</systemCode>
          <name>Energy and Commerce Committee</name>
        </committee>
        <sourceSystem>
          <code>2</code>
          <name>House floor actions</name>
        </sourceSystem>
        <actionDate>2017-01-12</actionDate>
        <actionCode>H11100</actionCode>
        <type>IntroReferral</type>
        <links />
      </item>
      <item>
        <text>Introduced in House</text>
        <committee />
        <sourceSystem>
          <code>9</code>
          <name>Library of Congress</name>
        </sourceSystem>
        <actionDate>2017-01-12</actionDate>
        <actionCode>Intro-H</actionCode>
        <type>IntroReferral</type>
        <links />
      </item>
      <item>
        <text>Introduced in House</text>
        <committee />
        <sourceSystem>
          <code>9</code>
          <name>Library of Congress</name>
        </sourceSystem>
        <actionDate>2017-01-12</actionDate>
        <actionCode>1000</actionCode>
        <type>IntroReferral</type>
        <links />
      </item>
      <actionByCounts>
        <houseOfRepresentatives>3</houseOfRepresentatives>
      </actionByCounts>
    </actions>
    <billType>HR</billType>
    <billNumber>511</billNumber>
    <cboCostEstimates />
    <originChamber>House</originChamber>
    <createDate>2017-01-13T04:55:32Z</createDate>
    <constitutionalAuthorityStatementText><![CDATA[<pre>From the Congressional Record Online through the Government Publishing Office [<a href='http://www.gpo.gov'>www.gpo.gov</a>]By Mr. WELCH:H.R. 511.Congress has the power to enact this legislation pursuantto the following:Article 1, Section 8, Clause 3: The Congress shall havePower To . . . regulate commerce with foreign nations, andamong the several states, and with the Indian tribes[Page H473]</pre>]]></constitutionalAuthorityStatementText>
    <title>Power And Security Systems (PASS) Act</title>
    <subjects>
      <billSubjects>
        <legislativeSubjects />
        <policyArea>
          <name>Energy</name>
        </policyArea>
      </billSubjects>
    </subjects>
    <relatedBills />
    <summaries>
      <billSummaries />
    </summaries>
    <congress>115</congress>
    <laws />
    <updateDate>2017-01-23T18:01:16Z</updateDate>
    <notes />
    <introducedDate>2017-01-12</introducedDate>
    <calendarNumbers />
    <committees>
      <billCommittees>
        <item>
          <systemCode>hsif00</systemCode>
          <name>Energy and Commerce Committee</name>
          <subcommittees />
          <activities>
            <item>
              <date>2017-01-12T15:02:20Z</date>
              <name>Referred to</name>
            </item>
          </activities>
          <type>Standing</type>
          <chamber>House</chamber>
        </item>
      </billCommittees>
    </committees>
    <latestAction>
      <actionDate>2017-01-12</actionDate>
      <text>Referred to the House Committee on Energy and Commerce.</text>
      <links />
    </latestAction>
    <cosponsors>
      <item>
        <fullName>Rep. Brooks, Susan W. [R-IN-5]</fullName>
        <lastName>Brooks</lastName>
        <party>R</party>
        <bioguideId>B001284</bioguideId>
        <identifiers>
          <gpoId />
          <lisID>2129</lisID>
          <bioguideId>B001284</bioguideId>
        </identifiers>
        <middleName>W.</middleName>
        <state>IN</state>
        <sponsorshipWithdrawnDate />
        <firstName>Susan</firstName>
        <sponsorshipDate>2017-01-12</sponsorshipDate>
        <district>5</district>
        <isOriginalCosponsor>True</isOriginalCosponsor>
      </item>
    </cosponsors>
    <committeeReports />
    <amendments />
    <sponsors>
      <item>
        <state>VT</state>
        <middleName />
        <party>D</party>
        <identifiers>
          <gpoId>8204</gpoId>
          <lisID>1879</lisID>
          <bioguideId>W000800</bioguideId>
        </identifiers>
        <bioguideId>W000800</bioguideId>
        <byRequestType />
        <firstName>Peter</firstName>
        <lastName>Welch</lastName>
        <fullName>Rep. Welch, Peter [D-VT-At Large]</fullName>
        <district>0</district>
      </item>
    </sponsors>
    <recordedVotes />
    <policyArea>
      <name>Energy</name>
    </policyArea>
    <titles>
      <item>
        <chamberCode />
        <titleType>Short Titles as Introduced</titleType>
        <chamberName />
        <parentTitleType />
        <title>Power And Security Systems (PASS) Act</title>
      </item>
      <item>
        <chamberCode />
        <titleType>Official Title as Introduced</titleType>
        <chamberName />
        <parentTitleType />
        <title>To provide for consideration of the extension under the Energy Policy and Conservation Act of nonapplication of No-Load Mode energy efficiency standards to certain security or life safety alarms or surveillance systems, and for other purposes.</title>
      </item>
      <item>
        <chamberCode />
        <titleType>Display Title</titleType>
        <chamberName />
        <parentTitleType />
        <title>Power And Security Systems (PASS) Act</title>
      </item>
    </titles>
  </bill>
  <dublinCore xmlns:dc="http://purl.org/dc/elements/1.1/">
    <dc:format>text/xml</dc:format>
    <dc:language>EN</dc:language>
    <dc:rights>Pursuant to Title 17 Section 105 of the United States Code, this file is not subject to copyright protection and is in the public domain.</dc:rights>
    <dc:contributor>Congressional Research Service, Library of Congress</dc:contributor>
    <dc:description>This file contains bill summaries and statuses for federal legislation. A bill summary describes the most significant provisions of a piece of legislation and details the effects the legislative text may have on current law and federal programs. Bill summaries are authored by the Congressional Research Service (CRS) of the Library of Congress. As stated in Public Law 91-510 (2 USC 166 (d)(6)), one of the duties of CRS is "to prepare summaries and digests of bills and resolutions of a public general nature introduced in the Senate or House of Representatives". For more information, refer to the User Guide that accompanies this file.</dc:description>
  </dublinCore>
</billStatus>

