<?xml version="1.0" encoding="UTF-8"?>
<billStatus>
  <bill>
    <constitutionalAuthorityStatementText><![CDATA[<pre>From the Congressional Record Online through the Government Publishing Office [<a href='http://www.gpo.gov'>www.gpo.gov</a>]By Ms. STEFANIK:H.R. 284.Congress has the power to enact this legislation pursuantto the following:Article I of the Constitution grants Congress the authorityto regulate interstate commerce.[Page H97]</pre>]]></constitutionalAuthorityStatementText>
    <sponsors>
      <item>
        <middleName>M.</middleName>
        <party>R</party>
        <bioguideId>S001196</bioguideId>
        <lastName>Stefanik</lastName>
        <firstName>Elise</firstName>
        <state>NY</state>
        <identifiers>
          <lisID>2263</lisID>
          <bioguideId>S001196</bioguideId>
          <gpoId />
        </identifiers>
        <district>21</district>
        <fullName>Rep. Stefanik, Elise M. [R-NY-21]</fullName>
        <byRequestType />
      </item>
    </sponsors>
    <version>1.0.0</version>
    <createDate>2017-01-05T04:47:33Z</createDate>
    <committeeReports />
    <latestAction>
      <text>Referred to the Subcommittee on Health.</text>
      <links />
      <actionDate>2017-01-25</actionDate>
    </latestAction>
    <billNumber>284</billNumber>
    <notes />
    <introducedDate>2017-01-04</introducedDate>
    <committees>
      <billCommittees>
        <item>
          <type>Standing</type>
          <name>Energy and Commerce Committee</name>
          <systemCode>hsif00</systemCode>
          <chamber>House</chamber>
          <activities>
            <item>
              <name>Referred to</name>
              <date>2017-01-04T15:01:25Z</date>
            </item>
          </activities>
          <subcommittees>
            <item>
              <name>Health Subcommittee</name>
              <systemCode>hsif14</systemCode>
              <activities>
                <item>
                  <name>Referred to</name>
                  <date>2017-01-25T14:22:19Z</date>
                </item>
              </activities>
            </item>
          </subcommittees>
        </item>
        <item>
          <type>Standing</type>
          <name>Ways and Means Committee</name>
          <systemCode>hswm00</systemCode>
          <chamber>House</chamber>
          <activities>
            <item>
              <name>Referred to</name>
              <date>2017-01-04T15:01:20Z</date>
            </item>
          </activities>
          <subcommittees>
            <item>
              <name>Health Subcommittee</name>
              <systemCode>hswm02</systemCode>
              <activities>
                <item>
                  <name>Referred to</name>
                  <date>2017-01-18T22:01:35Z</date>
                </item>
              </activities>
            </item>
          </subcommittees>
        </item>
      </billCommittees>
    </committees>
    <relatedBills>
      <item>
        <latestTitle>Advancing Medical Resident Training in Community Hospitals Act of 2017</latestTitle>
        <number>1291</number>
        <latestAction>
          <text>Read twice and referred to the Committee on Finance.</text>
          <actionDate>2017-06-06</actionDate>
        </latestAction>
        <type>S</type>
        <congress>115</congress>
        <relationshipDetails>
          <item>
            <identifiedBy>CRS</identifiedBy>
            <type>Related bill</type>
          </item>
        </relationshipDetails>
      </item>
      <item>
        <latestTitle>Advancing Medical Resident Training in Community Hospitals Act of 2017</latestTitle>
        <number>4552</number>
        <latestAction>
          <text>Referred to the Subcommittee on Health.</text>
          <actionDate>2017-12-08</actionDate>
        </latestAction>
        <type>HR</type>
        <congress>115</congress>
        <relationshipDetails>
          <item>
            <identifiedBy>CRS</identifiedBy>
            <type>Related bill</type>
          </item>
        </relationshipDetails>
      </item>
      <item>
        <latestTitle>Advancing Medical Resident Training in Community Hospitals Act of 2018</latestTitle>
        <number>6056</number>
        <latestAction>
          <text>Referred to the Subcommittee on Health.</text>
          <actionDate>2018-06-14</actionDate>
        </latestAction>
        <type>HR</type>
        <congress>115</congress>
        <relationshipDetails>
          <item>
            <identifiedBy>CRS</identifiedBy>
            <type>Related bill</type>
          </item>
        </relationshipDetails>
      </item>
    </relatedBills>
    <congress>115</congress>
    <subjects>
      <billSubjects>
        <policyArea>
          <name>Health</name>
        </policyArea>
        <legislativeSubjects>
          <item>
            <name>Education programs funding</name>
          </item>
          <item>
            <name>Health facilities and institutions</name>
          </item>
          <item>
            <name>Health programs administration and funding</name>
          </item>
          <item>
            <name>Hospital care</name>
          </item>
          <item>
            <name>Medical education</name>
          </item>
          <item>
            <name>Medicare</name>
          </item>
        </legislativeSubjects>
      </billSubjects>
    </subjects>
    <amendments />
    <originChamber>House</originChamber>
    <cboCostEstimates />
    <policyArea>
      <name>Health</name>
    </policyArea>
    <actions>
      <actionByCounts>
        <houseOfRepresentatives>7</houseOfRepresentatives>
      </actionByCounts>
      <item>
        <actionDate>2017-01-25</actionDate>
        <committee>
          <name>Health Subcommittee</name>
          <systemCode>hsif14</systemCode>
        </committee>
        <links />
        <sourceSystem>
          <name>House committee actions</name>
          <code>1</code>
        </sourceSystem>
        <text>Referred to the Subcommittee on Health.</text>
        <type>Committee</type>
      </item>
      <item>
        <actionDate>2017-01-18</actionDate>
        <committee>
          <name>Health Subcommittee</name>
          <systemCode>hswm02</systemCode>
        </committee>
        <links />
        <sourceSystem>
          <name>House committee actions</name>
          <code>1</code>
        </sourceSystem>
        <text>Referred to the Subcommittee on Health.</text>
        <type>Committee</type>
      </item>
      <item>
        <type>IntroReferral</type>
        <links />
        <sourceSystem>
          <name>House floor actions</name>
          <code>2</code>
        </sourceSystem>
        <committee>
          <name>Energy and Commerce Committee</name>
          <systemCode>hsif00</systemCode>
        </committee>
        <text>Referred to the Committee on Ways and Means, and in addition to the Committee on Energy and Commerce, for a period to be subsequently determined by the Speaker, in each case for consideration of such provisions as fall within the jurisdiction of the committee concerned.</text>
        <actionCode>H11100</actionCode>
        <actionDate>2017-01-04</actionDate>
      </item>
      <item>
        <type>IntroReferral</type>
        <links />
        <sourceSystem>
          <name>Library of Congress</name>
          <code>9</code>
        </sourceSystem>
        <committee />
        <text>Referred to the Committee on Ways and Means, and in addition to the Committee on Energy and Commerce, for a period to be subsequently determined by the Speaker, in each case for consideration of such provisions as fall within the jurisdiction of the committee concerned.</text>
        <actionCode>H11100-A</actionCode>
        <actionDate>2017-01-04</actionDate>
      </item>
      <item>
        <type>IntroReferral</type>
        <links />
        <sourceSystem>
          <name>House floor actions</name>
          <code>2</code>
        </sourceSystem>
        <committee>
          <name>Ways and Means Committee</name>
          <systemCode>hswm00</systemCode>
        </committee>
        <text>Referred to the Committee on Ways and Means, and in addition to the Committee on Energy and Commerce, for a period to be subsequently determined by the Speaker, in each case for consideration of such provisions as fall within the jurisdiction of the committee concerned.</text>
        <actionCode>H11100</actionCode>
        <actionDate>2017-01-04</actionDate>
      </item>
      <item>
        <type>IntroReferral</type>
        <links />
        <sourceSystem>
          <name>Library of Congress</name>
          <code>9</code>
        </sourceSystem>
        <committee />
        <text>Introduced in House</text>
        <actionCode>Intro-H</actionCode>
        <actionDate>2017-01-04</actionDate>
      </item>
      <item>
        <type>IntroReferral</type>
        <links />
        <sourceSystem>
          <name>Library of Congress</name>
          <code>9</code>
        </sourceSystem>
        <committee />
        <text>Introduced in House</text>
        <actionCode>1000</actionCode>
        <actionDate>2017-01-04</actionDate>
      </item>
      <actionTypeCounts>
        <placeholderTextForH>2</placeholderTextForH>
        <introducedInTheHouse>1</introducedInTheHouse>
        <billReferrals>2</billReferrals>
        <billReferralsAggregate>1</billReferralsAggregate>
        <introducedInHouse>1</introducedInHouse>
      </actionTypeCounts>
    </actions>
    <recordedVotes />
    <laws />
    <cosponsors>
      <item>
        <lastName>Kilmer</lastName>
        <state>WA</state>
        <firstName>Derek</firstName>
        <sponsorshipDate>2017-09-12</sponsorshipDate>
        <district>6</district>
        <fullName>Rep. Kilmer, Derek [D-WA-6]</fullName>
        <identifiers>
          <lisID>2169</lisID>
          <bioguideId>K000381</bioguideId>
          <gpoId />
        </identifiers>
        <bioguideId>K000381</bioguideId>
        <sponsorshipWithdrawnDate />
        <party>D</party>
        <isOriginalCosponsor>False</isOriginalCosponsor>
        <middleName />
      </item>
    </cosponsors>
    <titles>
      <item>
        <title>Advancing Medical Resident Training in Community Hospitals Act of 2017</title>
        <chamberCode />
        <titleType>Short Titles as Introduced</titleType>
        <parentTitleType />
        <chamberName />
      </item>
      <item>
        <title>To amend title XVIII of the Social Security Act to establish rules for payment for graduate medical education (GME) costs for hospitals that establish a new medical residency training program after hosting resident rotators for short durations.</title>
        <chamberCode />
        <titleType>Official Title as Introduced</titleType>
        <parentTitleType />
        <chamberName />
      </item>
      <item>
        <title>Advancing Medical Resident Training in Community Hospitals Act of 2017</title>
        <chamberCode />
        <titleType>Display Title</titleType>
        <parentTitleType />
        <chamberName />
      </item>
      <item>
        <title>Advancing Medical Resident Training in Community Hospitals Act of 2017</title>
        <chamberCode />
        <titleType>(Extracted from GPO) Short Titles as Introduced</titleType>
        <parentTitleType />
        <chamberName />
      </item>
    </titles>
    <updateDate>2018-08-28T19:58:40Z</updateDate>
    <calendarNumbers />
    <billType>HR</billType>
    <summaries>
      <billSummaries>
        <item>
          <versionCode>00</versionCode>
          <actionDate>2017-01-04</actionDate>
          <actionDesc>Introduced in House</actionDesc>
          <name>Introduced in House</name>
          <lastSummaryUpdateDate>2017-02-01T20:56:45Z</lastSummaryUpdateDate>
          <text><![CDATA[<p><strong>Advancing Medical Resident Training in Community Hospitals Act of 2017</strong></p> <p>This bill amends title XVIII (Medicare) of the Social Security Act to&nbsp;revise payment rules for graduate medical education (GME) costs with respect to a hospital that establishes a new medical residency training program. </p> <p>With respect to a hospital that has not entered into a GME affiliation agreement, the Centers for Medicare &amp; Medicaid Services (CMS) shall establish the hospital's full-time equivalent (FTE) resident amount only after determining that the hospital's medical residency training program trains more than 1.0 FTE resident in a cost reporting period. In the case of a hospital with an approved FTE resident amount based on the training of no more than 1.0 FTE resident in a cost reporting period before October 1, 1997, or 3.0 FTE residents in a cost reporting period after that date, CMS shall provide the hospital an opportunity to have its FTE resident amount reestablished when the hospital begins&nbsp;training FTE residents&nbsp;in excess of&nbsp;the&nbsp;applicable threshold. </p> <p>Current law limits the number, subject to&nbsp;the application of&nbsp;certain adjustments,&nbsp;of FTE residents a hospital may have in allopathic and osteopathic medicine for purposes of Medicare payment. The bill specifies that CMS shall determine a hospital's&nbsp;limitation&nbsp;adjustment only after determining that the hospital's medical residency training program trains&nbsp;more than 1.0 FTE residents in a cost reporting period. In the case of a hospital with a limitation adjustment based on the training of no more than 1.0 FTE resident in a cost reporting period before October 1, 1997, or 3.0 FTE residents in a cost reporting period after that date, CMS shall provide the hospital an opportunity to have its&nbsp;adjustment re-determined&nbsp;when the hospital begins&nbsp;training FTE residents&nbsp;in excess of&nbsp;the&nbsp;applicable threshold. </p>]]></text>
          <updateDate>2017-01-04T05:00:00Z</updateDate>
        </item>
      </billSummaries>
    </summaries>
    <title>Advancing Medical Resident Training in Community Hospitals Act of 2017</title>
  </bill>
  <dublinCore xmlns:dc="http://purl.org/dc/elements/1.1/">
    <dc:format>text/xml</dc:format>
    <dc:language>EN</dc:language>
    <dc:rights>Pursuant to Title 17 Section 105 of the United States Code, this file is not subject to copyright protection and is in the public domain.</dc:rights>
    <dc:contributor>Congressional Research Service, Library of Congress</dc:contributor>
    <dc:description>This file contains bill summaries and statuses for federal legislation. A bill summary describes the most significant provisions of a piece of legislation and details the effects the legislative text may have on current law and federal programs. Bill summaries are authored by the Congressional Research Service (CRS) of the Library of Congress. As stated in Public Law 91-510 (2 USC 166 (d)(6)), one of the duties of CRS is "to prepare summaries and digests of bills and resolutions of a public general nature introduced in the Senate or House of Representatives". For more information, refer to the User Guide that accompanies this file.</dc:description>
  </dublinCore>
</billStatus>

