<?xml version="1.0" encoding="UTF-8"?>
<billStatus>
  <bill>
    <createDate>2017-01-07T04:48:26Z</createDate>
    <committees>
      <billCommittees>
        <item>
          <name>Ways and Means Committee</name>
          <systemCode>hswm00</systemCode>
          <chamber>House</chamber>
          <type>Standing</type>
          <subcommittees />
          <activities>
            <item>
              <date>2017-01-06T17:00:15Z</date>
              <name>Referred to</name>
            </item>
          </activities>
        </item>
      </billCommittees>
    </committees>
    <updateDate>2017-01-23T18:01:17Z</updateDate>
    <constitutionalAuthorityStatementText><![CDATA[<pre>From the Congressional Record Online through the Government Publishing Office [<a href='http://www.gpo.gov'>www.gpo.gov</a>]By Mr. GRIFFITH:H.R. 359.Congress has the power to enact this legislation pursuantto the following:This bill is enacted pursuant to the power granted toCongress under Article I, Section 8 of the United StatesConstitution as well as Amendment XVI[Page H195]</pre>]]></constitutionalAuthorityStatementText>
    <calendarNumbers />
    <title>To amend the Internal Revenue Code of 1986 to provide for waivers of user fees imposed with respect to applications for reinstatement of tax-exempt status of small, subsidiary tax-exempt organizations.</title>
    <summaries>
      <billSummaries>
        <item>
          <actionDate>2017-01-06</actionDate>
          <name>Introduced in House</name>
          <actionDesc>Introduced in House</actionDesc>
          <text><![CDATA[<p>This bill amends the Internal Revenue Code to require: (1) the reinstatement of the tax-exempt status of a tax-exempt subsidiary organization with fewer than 50 members whose tax-exempt status was revoked due to failure to file required tax returns or notices, and (2) a waiver of any user fee charged in connection with a reinstatement application. As a condition for reinstatement, the organization must file any required returns or notices. </p>]]></text>
          <versionCode>00</versionCode>
          <lastSummaryUpdateDate>2017-01-23T17:54:08Z</lastSummaryUpdateDate>
          <updateDate>2017-01-06T05:00:00Z</updateDate>
        </item>
      </billSummaries>
    </summaries>
    <originChamber>House</originChamber>
    <billType>HR</billType>
    <recordedVotes />
    <laws />
    <latestAction>
      <links />
      <text>Referred to the House Committee on Ways and Means.</text>
      <actionDate>2017-01-06</actionDate>
    </latestAction>
    <notes />
    <cosponsors />
    <amendments />
    <congress>115</congress>
    <cboCostEstimates />
    <sponsors>
      <item>
        <lastName>Griffith</lastName>
        <bioguideId>G000568</bioguideId>
        <byRequestType />
        <fullName>Rep. Griffith, H. Morgan [R-VA-9]</fullName>
        <party>R</party>
        <district>9</district>
        <identifiers>
          <lisID>2070</lisID>
          <bioguideId>G000568</bioguideId>
          <gpoId>8200</gpoId>
        </identifiers>
        <state>VA</state>
        <firstName>H.</firstName>
        <middleName>Morgan</middleName>
      </item>
    </sponsors>
    <titles>
      <item>
        <parentTitleType />
        <titleType>Official Title as Introduced</titleType>
        <chamberCode />
        <chamberName />
        <title>To amend the Internal Revenue Code of 1986 to provide for waivers of user fees imposed with respect to applications for reinstatement of tax-exempt status of small, subsidiary tax-exempt organizations.</title>
      </item>
      <item>
        <parentTitleType />
        <titleType>Display Title</titleType>
        <chamberCode />
        <chamberName />
        <title>To amend the Internal Revenue Code of 1986 to provide for waivers of user fees imposed with respect to applications for reinstatement of tax-exempt status of small, subsidiary tax-exempt organizations.</title>
      </item>
    </titles>
    <introducedDate>2017-01-06</introducedDate>
    <policyArea>
      <name>Taxation</name>
    </policyArea>
    <billNumber>359</billNumber>
    <actions>
      <item>
        <committee>
          <systemCode>hswm00</systemCode>
          <name>Ways and Means Committee</name>
        </committee>
        <sourceSystem>
          <name>House floor actions</name>
          <code>2</code>
        </sourceSystem>
        <links />
        <type>IntroReferral</type>
        <actionCode>H11100</actionCode>
        <actionDate>2017-01-06</actionDate>
        <text>Referred to the House Committee on Ways and Means.</text>
      </item>
      <item>
        <committee />
        <sourceSystem>
          <name>Library of Congress</name>
          <code>9</code>
        </sourceSystem>
        <links />
        <type>IntroReferral</type>
        <actionCode>Intro-H</actionCode>
        <actionDate>2017-01-06</actionDate>
        <text>Introduced in House</text>
      </item>
      <item>
        <committee />
        <sourceSystem>
          <name>Library of Congress</name>
          <code>9</code>
        </sourceSystem>
        <links />
        <type>IntroReferral</type>
        <actionCode>1000</actionCode>
        <actionDate>2017-01-06</actionDate>
        <text>Introduced in House</text>
      </item>
      <actionTypeCounts>
        <introducedInTheHouse>1</introducedInTheHouse>
        <introducedInHouse>1</introducedInHouse>
        <billReferrals>1</billReferrals>
      </actionTypeCounts>
      <actionByCounts>
        <houseOfRepresentatives>3</houseOfRepresentatives>
      </actionByCounts>
    </actions>
    <subjects>
      <billSubjects>
        <policyArea>
          <name>Taxation</name>
        </policyArea>
        <legislativeSubjects>
          <item>
            <name>Small business</name>
          </item>
          <item>
            <name>Tax-exempt organizations</name>
          </item>
          <item>
            <name>User charges and fees</name>
          </item>
        </legislativeSubjects>
      </billSubjects>
    </subjects>
    <relatedBills />
    <committeeReports />
  </bill>
  <dublinCore xmlns:dc="http://purl.org/dc/elements/1.1/">
    <dc:format>text/xml</dc:format>
    <dc:language>EN</dc:language>
    <dc:rights>Pursuant to Title 17 Section 105 of the United States Code, this file is not subject to copyright protection and is in the public domain.</dc:rights>
    <dc:contributor>Congressional Research Service, Library of Congress</dc:contributor>
    <dc:description>This file contains bill summaries and statuses for federal legislation. A bill summary describes the most significant provisions of a piece of legislation and details the effects the legislative text may have on current law and federal programs. Bill summaries are authored by the Congressional Research Service (CRS) of the Library of Congress. As stated in Public Law 91-510 (2 USC 166 (d)(6)), one of the duties of CRS is "to prepare summaries and digests of bills and resolutions of a public general nature introduced in the Senate or House of Representatives". For more information, refer to the User Guide that accompanies this file.</dc:description>
  </dublinCore>
</billStatus>

