<?xml version="1.0" encoding="UTF-8"?>
<billStatus>
  <bill>
    <titles>
      <item>
        <parentTitleType />
        <titleType>Official Title as Introduced</titleType>
        <chamberCode />
        <title>To prohibit the use of United States Government funds to provide assistance to Al Qaeda, Jabhat Fateh al-Sham, and the Islamic State of Iraq and the Levant (ISIL) and to countries supporting those organizations, and for other purposes.</title>
        <chamberName />
      </item>
      <item>
        <parentTitleType />
        <titleType>Display Title</titleType>
        <chamberCode />
        <title>To prohibit the use of United States Government funds to provide assistance to Al Qaeda, Jabhat Fateh al-Sham, and the Islamic State of Iraq and the Levant (ISIL) and to countries supporting those organizations, and for other purposes.</title>
        <chamberName />
      </item>
    </titles>
    <notes />
    <latestAction>
      <links />
      <text>Sponsor introductory remarks on measure. (CR H477)</text>
      <actionDate>2017-01-13</actionDate>
    </latestAction>
    <constitutionalAuthorityStatementText><![CDATA[<pre>[Pages H96-H97]From the Congressional Record Online through the Government Publishing Office [<a href='http://www.gpo.gov'>www.gpo.gov</a>]By Ms. GABBARD:H.R. 258.Congress has the power to enact this legislation pursuantto the following:Article 1, Section 9, Clause 7Article 1, Section 8, Clause 1Article 1, Section 8, Clause 18[[Page H97]]By Miss GONZALEZ-COLON of Puerto Rico:H.R. 259.Congress has the power to enact this legislation pursuantto the following:Article 4, Section 3, Clause 2By Miss GONZALEZ-COLON of Puerto Rico:H.R. 260.Congress has the power to enact this legislation pursuantto the following:Article IV, Section 3, Clause 2By Miss GONZALEZ-COLON of Puerto Rico:H.R. 261.Congress has the power to enact this legislation pursuantto the following:Article 4, Section 3, Clause 2</pre>]]></constitutionalAuthorityStatementText>
    <committees>
      <billCommittees>
        <item>
          <systemCode>hlig00</systemCode>
          <subcommittees />
          <activities>
            <item>
              <name>Referred to</name>
              <date>2017-01-04T15:03:35Z</date>
            </item>
          </activities>
          <name>Intelligence (Permanent Select) Committee</name>
          <chamber>House</chamber>
          <type>Select</type>
        </item>
        <item>
          <systemCode>hsfa00</systemCode>
          <subcommittees />
          <activities>
            <item>
              <name>Referred to</name>
              <date>2017-01-04T15:03:30Z</date>
            </item>
          </activities>
          <name>Foreign Affairs Committee</name>
          <chamber>House</chamber>
          <type>Standing</type>
        </item>
      </billCommittees>
    </committees>
    <actions>
      <item>
        <text>Sponsor introductory remarks on measure. (CR H477)</text>
        <type>IntroReferral</type>
        <committee />
        <actionDate>2017-01-13</actionDate>
        <links>
          <link>
            <name>H477</name>
            <url>https://www.congress.gov/congressional-record/volume-163/house-section/page/H477</url>
          </link>
        </links>
        <actionCode>B00100</actionCode>
        <sourceSystem>
          <code>9</code>
          <name>Library of Congress</name>
        </sourceSystem>
      </item>
      <item>
        <text>Referred to the Committee on Foreign Affairs, and in addition to the Committee on Intelligence (Permanent Select), for a period to be subsequently determined by the Speaker, in each case for consideration of such provisions as fall within the jurisdiction of the committee concerned.</text>
        <type>IntroReferral</type>
        <committee>
          <systemCode>hlig00</systemCode>
          <name>Intelligence (Permanent Select) Committee</name>
        </committee>
        <actionDate>2017-01-04</actionDate>
        <links />
        <actionCode>H11100</actionCode>
        <sourceSystem>
          <code>2</code>
          <name>House floor actions</name>
        </sourceSystem>
      </item>
      <item>
        <text>Referred to the Committee on Foreign Affairs, and in addition to the Committee on Intelligence (Permanent Select), for a period to be subsequently determined by the Speaker, in each case for consideration of such provisions as fall within the jurisdiction of the committee concerned.</text>
        <type>IntroReferral</type>
        <committee />
        <actionDate>2017-01-04</actionDate>
        <links />
        <actionCode>H11100-A</actionCode>
        <sourceSystem>
          <code>9</code>
          <name>Library of Congress</name>
        </sourceSystem>
      </item>
      <item>
        <text>Referred to the Committee on Foreign Affairs, and in addition to the Committee on Intelligence (Permanent Select), for a period to be subsequently determined by the Speaker, in each case for consideration of such provisions as fall within the jurisdiction of the committee concerned.</text>
        <type>IntroReferral</type>
        <committee>
          <systemCode>hsfa00</systemCode>
          <name>Foreign Affairs Committee</name>
        </committee>
        <actionDate>2017-01-04</actionDate>
        <links />
        <actionCode>H11100</actionCode>
        <sourceSystem>
          <code>2</code>
          <name>House floor actions</name>
        </sourceSystem>
      </item>
      <item>
        <text>Introduced in House</text>
        <type>IntroReferral</type>
        <committee />
        <actionDate>2017-01-04</actionDate>
        <links />
        <actionCode>Intro-H</actionCode>
        <sourceSystem>
          <code>9</code>
          <name>Library of Congress</name>
        </sourceSystem>
      </item>
      <item>
        <text>Introduced in House</text>
        <type>IntroReferral</type>
        <committee />
        <actionDate>2017-01-04</actionDate>
        <links />
        <actionCode>1000</actionCode>
        <sourceSystem>
          <code>9</code>
          <name>Library of Congress</name>
        </sourceSystem>
      </item>
      <actionByCounts>
        <houseOfRepresentatives>5</houseOfRepresentatives>
      </actionByCounts>
      <actionTypeCounts>
        <billReferralsAggregate>1</billReferralsAggregate>
        <introducedInHouse>1</introducedInHouse>
        <placeholderTextForB>1</placeholderTextForB>
        <introducedInTheHouse>1</introducedInTheHouse>
        <billReferrals>2</billReferrals>
      </actionTypeCounts>
    </actions>
    <policyArea>
      <name>International Affairs</name>
    </policyArea>
    <sponsors>
      <item>
        <fullName>Rep. Gabbard, Tulsi [D-HI-2]</fullName>
        <party>D</party>
        <bioguideId>G000571</bioguideId>
        <identifiers>
          <gpoId />
          <lisID>2122</lisID>
          <bioguideId>G000571</bioguideId>
        </identifiers>
        <lastName>Gabbard</lastName>
        <district>2</district>
        <middleName />
        <firstName>Tulsi</firstName>
        <byRequestType />
        <state>HI</state>
      </item>
    </sponsors>
    <recordedVotes />
    <updateDate>2018-08-28T19:58:34Z</updateDate>
    <billNumber>258</billNumber>
    <title>To prohibit the use of United States Government funds to provide assistance to Al Qaeda, Jabhat Fateh al-Sham, and the Islamic State of Iraq and the Levant (ISIL) and to countries supporting those organizations, and for other purposes.</title>
    <relatedBills>
      <item>
        <latestTitle>Stop Arming Terrorists Act</latestTitle>
        <relationshipDetails>
          <item>
            <type>Related bill</type>
            <identifiedBy>CRS</identifiedBy>
          </item>
        </relationshipDetails>
        <number>608</number>
        <latestAction>
          <actionDate>2017-01-23</actionDate>
          <text>Referred to the Committee on Foreign Affairs, and in addition to the Committee on Intelligence (Permanent Select), for a period to be subsequently determined by the Speaker, in each case for consideration of such provisions as fall within the jurisdiction of the committee concerned.</text>
        </latestAction>
        <congress>115</congress>
        <type>HR</type>
      </item>
    </relatedBills>
    <amendments />
    <version>1.0.0</version>
    <laws />
    <cboCostEstimates />
    <billType>HR</billType>
    <createDate>2017-01-05T04:47:33Z</createDate>
    <originChamber>House</originChamber>
    <summaries>
      <billSummaries>
        <item>
          <actionDesc>Introduced in House</actionDesc>
          <actionDate>2017-01-04</actionDate>
          <lastSummaryUpdateDate>2017-02-03T19:30:36Z</lastSummaryUpdateDate>
          <name>Introduced in House</name>
          <text><![CDATA[<p>This bill prohibits the use of federal agency funds to provide covered assistance to: (1) Al Qaeda, Jabhat Fateh al-Sham, the Islamic State of Iraq and the Levant (ISIL), or any individual or group that is affiliated with, associated with, cooperating with, or adherents to such groups; or (2) the government of any country that the Office of the Director of National Intelligence (ODNI) determines has, within the most recent 12 months, provided covered assistance to such a group or individual.</p> <p>&quot;Covered assistance&quot; is defined as:</p> <ul> <li>defense articles, defense services, training or logistical support, or any other military assistance provided by grant, loan, credit, transfer, or cash sales; </li> <li> intelligence sharing; or </li> <li> cash assistance. </li> </ul> <p>The ODNI shall:</p> <ul> <li> make, within 90 days after this bill's enactment, initial determinations about such countries and about whether an individual or group is, or has been within the most recent 12 months, affiliated with, associated with, cooperating with, or an adherent to Al Qaeda, Jabhat Fateh al-Sham, or ISIL;</li> <li>review and make subsequent determinations regarding such countries, groups, or individuals every 6 months in consultation with specified congressional committees; </li> <li> brief such committees on each determination; and</li> <li> brief such committees on any other country, individual, or group that the ODNI considered but did not make a determination that the the country provided covered assistance to, or that the group or individual is affiliated with, associated with, cooperating with, or an adherent to, Al Qaeda, Jabhat Fateh al-Sham, or ISIL.</li> </ul>]]></text>
          <versionCode>00</versionCode>
          <updateDate>2017-01-04T05:00:00Z</updateDate>
        </item>
      </billSummaries>
    </summaries>
    <committeeReports />
    <calendarNumbers />
    <cosponsors>
      <item>
        <middleName />
        <identifiers>
          <bioguideId>W000800</bioguideId>
          <lisID>1879</lisID>
          <gpoId>8204</gpoId>
        </identifiers>
        <firstName>Peter</firstName>
        <state>VT</state>
        <bioguideId>W000800</bioguideId>
        <district>0</district>
        <fullName>Rep. Welch, Peter [D-VT-At Large]</fullName>
        <isOriginalCosponsor>True</isOriginalCosponsor>
        <party>D</party>
        <sponsorshipWithdrawnDate />
        <lastName>Welch</lastName>
        <sponsorshipDate>2017-01-04</sponsorshipDate>
      </item>
      <item>
        <middleName>B.</middleName>
        <identifiers>
          <lisID>612</lisID>
          <bioguideId>J000255</bioguideId>
          <gpoId>8026</gpoId>
        </identifiers>
        <firstName>WALTER</firstName>
        <state>NC</state>
        <bioguideId>J000255</bioguideId>
        <district>3</district>
        <fullName>Rep. Jones, Walter B., Jr. [R-NC-3]</fullName>
        <isOriginalCosponsor>True</isOriginalCosponsor>
        <party>R</party>
        <sponsorshipWithdrawnDate />
        <lastName>JONES</lastName>
        <sponsorshipDate>2017-01-04</sponsorshipDate>
      </item>
      <item>
        <middleName />
        <identifiers>
          <lisID>2094</lisID>
          <gpoId>8371</gpoId>
          <bioguideId>M001184</bioguideId>
        </identifiers>
        <firstName>Thomas</firstName>
        <state>KY</state>
        <bioguideId>M001184</bioguideId>
        <district>4</district>
        <fullName>Rep. Massie, Thomas [R-KY-4]</fullName>
        <isOriginalCosponsor>True</isOriginalCosponsor>
        <party>R</party>
        <sponsorshipWithdrawnDate />
        <lastName>Massie</lastName>
        <sponsorshipDate>2017-01-04</sponsorshipDate>
      </item>
      <item>
        <middleName />
        <identifiers>
          <lisID>1501</lisID>
          <bioguideId>L000551</bioguideId>
          <gpoId>7814</gpoId>
        </identifiers>
        <firstName>BARBARA</firstName>
        <state>CA</state>
        <bioguideId>L000551</bioguideId>
        <district>13</district>
        <fullName>Rep. Lee, Barbara [D-CA-13]</fullName>
        <isOriginalCosponsor>True</isOriginalCosponsor>
        <party>D</party>
        <sponsorshipWithdrawnDate />
        <lastName>LEE</lastName>
        <sponsorshipDate>2017-01-04</sponsorshipDate>
      </item>
      <item>
        <middleName>S.</middleName>
        <identifiers>
          <lisID>2115</lisID>
          <bioguideId>Y000065</bioguideId>
          <gpoId />
        </identifiers>
        <firstName>Ted</firstName>
        <state>FL</state>
        <bioguideId>Y000065</bioguideId>
        <district>3</district>
        <fullName>Rep. Yoho, Ted S. [R-FL-3]</fullName>
        <isOriginalCosponsor>True</isOriginalCosponsor>
        <party>R</party>
        <sponsorshipWithdrawnDate />
        <lastName>Yoho</lastName>
        <sponsorshipDate>2017-01-04</sponsorshipDate>
      </item>
      <item>
        <middleName>A.</middleName>
        <identifiers>
          <lisID>2353</lisID>
          <gpoId />
          <bioguideId>G000580</bioguideId>
        </identifiers>
        <firstName>Thomas</firstName>
        <state>VA</state>
        <bioguideId>G000580</bioguideId>
        <district>5</district>
        <fullName>Rep. Garrett, Thomas A., Jr. [R-VA-5]</fullName>
        <isOriginalCosponsor>False</isOriginalCosponsor>
        <party>R</party>
        <sponsorshipWithdrawnDate />
        <lastName>Garrett</lastName>
        <sponsorshipDate>2017-01-10</sponsorshipDate>
      </item>
    </cosponsors>
    <introducedDate>2017-01-04</introducedDate>
    <congress>115</congress>
    <subjects>
      <billSubjects>
        <legislativeSubjects>
          <item>
            <name>Congressional oversight</name>
          </item>
          <item>
            <name>Foreign aid and international relief</name>
          </item>
          <item>
            <name>Intelligence activities, surveillance, classified information</name>
          </item>
          <item>
            <name>Iraq</name>
          </item>
          <item>
            <name>Middle East</name>
          </item>
          <item>
            <name>Military assistance, sales, and agreements</name>
          </item>
          <item>
            <name>Military education and training</name>
          </item>
          <item>
            <name>Political movements and philosophies</name>
          </item>
          <item>
            <name>Syria</name>
          </item>
          <item>
            <name>Terrorism</name>
          </item>
        </legislativeSubjects>
        <policyArea>
          <name>International Affairs</name>
        </policyArea>
      </billSubjects>
    </subjects>
  </bill>
  <dublinCore xmlns:dc="http://purl.org/dc/elements/1.1/">
    <dc:format>text/xml</dc:format>
    <dc:language>EN</dc:language>
    <dc:rights>Pursuant to Title 17 Section 105 of the United States Code, this file is not subject to copyright protection and is in the public domain.</dc:rights>
    <dc:contributor>Congressional Research Service, Library of Congress</dc:contributor>
    <dc:description>This file contains bill summaries and statuses for federal legislation. A bill summary describes the most significant provisions of a piece of legislation and details the effects the legislative text may have on current law and federal programs. Bill summaries are authored by the Congressional Research Service (CRS) of the Library of Congress. As stated in Public Law 91-510 (2 USC 166 (d)(6)), one of the duties of CRS is "to prepare summaries and digests of bills and resolutions of a public general nature introduced in the Senate or House of Representatives". For more information, refer to the User Guide that accompanies this file.</dc:description>
  </dublinCore>
</billStatus>

