<?xml version="1.0" encoding="UTF-8"?>
<billStatus>
  <bill>
    <committees>
      <billCommittees>
        <item>
          <systemCode>hsgo00</systemCode>
          <name>Oversight and Government Reform Committee</name>
          <subcommittees />
          <chamber>House</chamber>
          <activities>
            <item>
              <name>Referred to</name>
              <date>2017-01-05T15:04:50Z</date>
            </item>
          </activities>
          <type>Standing</type>
        </item>
        <item>
          <systemCode>hsha00</systemCode>
          <name>House Administration Committee</name>
          <subcommittees />
          <chamber>House</chamber>
          <activities>
            <item>
              <name>Referred to</name>
              <date>2017-01-05T15:04:45Z</date>
            </item>
          </activities>
          <type>Standing</type>
        </item>
      </billCommittees>
    </committees>
    <calendarNumbers />
    <sponsors>
      <item>
        <identifiers>
          <lisID>1564</lisID>
          <gpoId>7973</gpoId>
          <bioguideId>C001037</bioguideId>
        </identifiers>
        <district>7</district>
        <fullName>Rep. Capuano, Michael E. [D-MA-7]</fullName>
        <lastName>CAPUANO</lastName>
        <middleName>E.</middleName>
        <bioguideId>C001037</bioguideId>
        <party>D</party>
        <firstName>MICHAEL</firstName>
        <state>MA</state>
        <byRequestType />
      </item>
    </sponsors>
    <billType>HR</billType>
    <summaries>
      <billSummaries />
    </summaries>
    <titles>
      <item>
        <parentTitleType />
        <chamberCode />
        <chamberName />
        <titleType>Official Title as Introduced</titleType>
        <title>To amend title 5, United States Code, to give members of the United States Capitol Police the option to delay mandatory retirement until age 60.</title>
      </item>
      <item>
        <parentTitleType />
        <chamberCode />
        <chamberName />
        <titleType>Display Title</titleType>
        <title>To amend title 5, United States Code, to give members of the United States Capitol Police the option to delay mandatory retirement until age 60.</title>
      </item>
    </titles>
    <billNumber>320</billNumber>
    <constitutionalAuthorityStatementText />
    <cboCostEstimates />
    <title>To amend title 5, United States Code, to give members of the United States Capitol Police the option to delay mandatory retirement until age 60.</title>
    <amendments />
    <actions>
      <actionByCounts>
        <houseOfRepresentatives>5</houseOfRepresentatives>
      </actionByCounts>
      <item>
        <committee>
          <systemCode>hsgo00</systemCode>
          <name>Oversight and Government Reform Committee</name>
        </committee>
        <actionCode>H11100</actionCode>
        <type>IntroReferral</type>
        <text>Referred to House Oversight and Government Reform</text>
        <actionDate>2017-01-05</actionDate>
        <sourceSystem>
          <name>House floor actions</name>
          <code>2</code>
        </sourceSystem>
        <links />
      </item>
      <item>
        <committee />
        <actionCode>H11100-A</actionCode>
        <type>IntroReferral</type>
        <text>Referred to the Committee on House Administration, and in addition to the Committee on Oversight and Government Reform, for a period to be subsequently determined by the Speaker, in each case for consideration of such provisions as fall within the jurisdiction of the committee concerned.</text>
        <actionDate>2017-01-05</actionDate>
        <sourceSystem>
          <name>Library of Congress</name>
          <code>9</code>
        </sourceSystem>
        <links />
      </item>
      <item>
        <committee>
          <systemCode>hsha00</systemCode>
          <name>House Administration Committee</name>
        </committee>
        <actionCode>H11100</actionCode>
        <type>IntroReferral</type>
        <text>Referred to House Administration</text>
        <actionDate>2017-01-05</actionDate>
        <sourceSystem>
          <name>House floor actions</name>
          <code>2</code>
        </sourceSystem>
        <links />
      </item>
      <item>
        <committee />
        <actionCode>Intro-H</actionCode>
        <type>IntroReferral</type>
        <text>Introduced in House</text>
        <actionDate>2017-01-05</actionDate>
        <sourceSystem>
          <name>Library of Congress</name>
          <code>9</code>
        </sourceSystem>
        <links />
      </item>
      <item>
        <committee />
        <actionCode>1000</actionCode>
        <type>IntroReferral</type>
        <text>Introduced in House</text>
        <actionDate>2017-01-05</actionDate>
        <sourceSystem>
          <name>Library of Congress</name>
          <code>9</code>
        </sourceSystem>
        <links />
      </item>
      <actionTypeCounts>
        <billReferrals>2</billReferrals>
        <billReferralsAggregate>1</billReferralsAggregate>
        <introducedInHouse>1</introducedInHouse>
        <introducedInTheHouse>1</introducedInTheHouse>
      </actionTypeCounts>
    </actions>
    <notes />
    <updateDate>2017-01-09T15:31:13Z</updateDate>
    <createDate>2017-01-06T04:57:26Z</createDate>
    <recordedVotes />
    <introducedDate>2017-01-05</introducedDate>
    <congress>115</congress>
    <committeeReports />
    <laws />
    <cosponsors />
    <originChamber>House</originChamber>
    <latestAction>
      <links />
      <text>Referred to House Oversight and Government Reform</text>
      <actionDate>2017-01-05</actionDate>
    </latestAction>
    <policyArea>
      <name>Government Operations and Politics</name>
    </policyArea>
    <relatedBills />
    <subjects>
      <billSubjects>
        <policyArea>
          <name>Government Operations and Politics</name>
        </policyArea>
        <legislativeSubjects />
      </billSubjects>
    </subjects>
  </bill>
  <dublinCore xmlns:dc="http://purl.org/dc/elements/1.1/">
    <dc:format>text/xml</dc:format>
    <dc:language>EN</dc:language>
    <dc:rights>Pursuant to Title 17 Section 105 of the United States Code, this file is not subject to copyright protection and is in the public domain.</dc:rights>
    <dc:contributor>Congressional Research Service, Library of Congress</dc:contributor>
    <dc:description>This file contains bill summaries and statuses for federal legislation. A bill summary describes the most significant provisions of a piece of legislation and details the effects the legislative text may have on current law and federal programs. Bill summaries are authored by the Congressional Research Service (CRS) of the Library of Congress. As stated in Public Law 91-510 (2 USC 166 (d)(6)), one of the duties of CRS is "to prepare summaries and digests of bills and resolutions of a public general nature introduced in the Senate or House of Representatives". For more information, refer to the User Guide that accompanies this file.</dc:description>
  </dublinCore>
</billStatus>

