<?xml version="1.0" encoding="UTF-8"?>
<billStatus>
  <bill>
    <congress>115</congress>
    <calendarNumbers />
    <cboCostEstimates />
    <actions>
      <item>
        <links />
        <type>IntroReferral</type>
        <actionCode>H11100</actionCode>
        <committee>
          <systemCode>hsif00</systemCode>
          <name>Energy and Commerce Committee</name>
        </committee>
        <text>Referred to the House Committee on Energy and Commerce.</text>
        <sourceSystem>
          <code>2</code>
          <name>House floor actions</name>
        </sourceSystem>
        <actionDate>2017-01-11</actionDate>
      </item>
      <item>
        <links />
        <type>IntroReferral</type>
        <actionCode>Intro-H</actionCode>
        <committee />
        <text>Introduced in House</text>
        <sourceSystem>
          <code>9</code>
          <name>Library of Congress</name>
        </sourceSystem>
        <actionDate>2017-01-11</actionDate>
      </item>
      <item>
        <links />
        <type>IntroReferral</type>
        <actionCode>1000</actionCode>
        <committee />
        <text>Introduced in House</text>
        <sourceSystem>
          <code>9</code>
          <name>Library of Congress</name>
        </sourceSystem>
        <actionDate>2017-01-11</actionDate>
      </item>
      <actionByCounts>
        <houseOfRepresentatives>3</houseOfRepresentatives>
      </actionByCounts>
      <actionTypeCounts>
        <billReferrals>1</billReferrals>
        <introducedInHouse>1</introducedInHouse>
        <introducedInTheHouse>1</introducedInTheHouse>
      </actionTypeCounts>
    </actions>
    <relatedBills />
    <latestAction>
      <text>Referred to the House Committee on Energy and Commerce.</text>
      <links />
      <actionDate>2017-01-11</actionDate>
    </latestAction>
    <originChamber>House</originChamber>
    <title>To establish an advisory office within the Bureau of Consumer Protection of the Federal Trade Commission to prevent fraud targeting seniors, and for other purposes.</title>
    <titles>
      <item>
        <chamberCode />
        <title>To establish an advisory office within the Bureau of Consumer Protection of the Federal Trade Commission to prevent fraud targeting seniors, and for other purposes.</title>
        <parentTitleType />
        <titleType>Official Title as Introduced</titleType>
        <chamberName />
      </item>
      <item>
        <chamberCode />
        <title>To establish an advisory office within the Bureau of Consumer Protection of the Federal Trade Commission to prevent fraud targeting seniors, and for other purposes.</title>
        <parentTitleType />
        <titleType>Display Title</titleType>
        <chamberName />
      </item>
    </titles>
    <committeeReports />
    <updateDate>2017-01-12T09:58:02Z</updateDate>
    <billType>HR</billType>
    <recordedVotes />
    <subjects>
      <billSubjects>
        <legislativeSubjects />
      </billSubjects>
    </subjects>
    <policyArea />
    <laws />
    <amendments />
    <committees>
      <billCommittees>
        <item>
          <chamber>House</chamber>
          <type>Standing</type>
          <name>Energy and Commerce Committee</name>
          <activities>
            <item>
              <name>Referred to</name>
              <date>2017-01-11T15:01:05Z</date>
            </item>
          </activities>
          <subcommittees />
          <systemCode>hsif00</systemCode>
        </item>
      </billCommittees>
    </committees>
    <sponsors>
      <item>
        <identifiers>
          <gpoId>7891</gpoId>
          <bioguideId>D000610</bioguideId>
          <lisID>1976</lisID>
        </identifiers>
        <state>FL</state>
        <bioguideId>D000610</bioguideId>
        <lastName>Deutch</lastName>
        <middleName>E.</middleName>
        <party>D</party>
        <district>22</district>
        <fullName>Rep. Deutch, Theodore E. [D-FL-22]</fullName>
        <byRequestType />
        <firstName>Theodore</firstName>
      </item>
    </sponsors>
    <introducedDate>2017-01-11</introducedDate>
    <summaries>
      <billSummaries />
    </summaries>
    <notes />
    <createDate>2017-01-12T04:45:49Z</createDate>
    <billNumber>444</billNumber>
    <cosponsors>
      <item>
        <lastName>Buchanan</lastName>
        <state>FL</state>
        <bioguideId>B001260</bioguideId>
        <firstName>Vern</firstName>
        <identifiers>
          <lisID>1840</lisID>
          <gpoId>7885</gpoId>
          <bioguideId>B001260</bioguideId>
        </identifiers>
        <sponsorshipDate>2017-01-11</sponsorshipDate>
        <party>R</party>
        <isOriginalCosponsor>True</isOriginalCosponsor>
        <sponsorshipWithdrawnDate />
        <district>16</district>
        <fullName>Rep. Buchanan, Vern [R-FL-16]</fullName>
        <middleName />
      </item>
      <item>
        <lastName>Welch</lastName>
        <state>VT</state>
        <bioguideId>W000800</bioguideId>
        <firstName>Peter</firstName>
        <identifiers>
          <gpoId>8204</gpoId>
          <bioguideId>W000800</bioguideId>
          <lisID>1879</lisID>
        </identifiers>
        <sponsorshipDate>2017-01-11</sponsorshipDate>
        <party>D</party>
        <isOriginalCosponsor>True</isOriginalCosponsor>
        <sponsorshipWithdrawnDate />
        <district>0</district>
        <fullName>Rep. Welch, Peter [D-VT-At Large]</fullName>
        <middleName />
      </item>
    </cosponsors>
    <constitutionalAuthorityStatementText />
  </bill>
  <dublinCore xmlns:dc="http://purl.org/dc/elements/1.1/">
    <dc:format>text/xml</dc:format>
    <dc:language>EN</dc:language>
    <dc:rights>Pursuant to Title 17 Section 105 of the United States Code, this file is not subject to copyright protection and is in the public domain.</dc:rights>
    <dc:contributor>Congressional Research Service, Library of Congress</dc:contributor>
    <dc:description>This file contains bill summaries and statuses for federal legislation. A bill summary describes the most significant provisions of a piece of legislation and details the effects the legislative text may have on current law and federal programs. Bill summaries are authored by the Congressional Research Service (CRS) of the Library of Congress. As stated in Public Law 91-510 (2 USC 166 (d)(6)), one of the duties of CRS is "to prepare summaries and digests of bills and resolutions of a public general nature introduced in the Senate or House of Representatives". For more information, refer to the User Guide that accompanies this file.</dc:description>
  </dublinCore>
</billStatus>

