<?xml version="1.0" encoding="UTF-8"?>
<billStatus>
  <bill>
    <cboCostEstimates />
    <relatedBills />
    <constitutionalAuthorityStatementText />
    <congress>115</congress>
    <introducedDate>2017-01-05</introducedDate>
    <recordedVotes>
      <recordedVote>
        <fullActionName>Final Passage Under Suspension of the Rules Results</fullActionName>
        <rollNumber>24</rollNumber>
        <congress>115</congress>
        <url>http://clerk.house.gov/evs/2017/roll024.xml</url>
        <sessionNumber>1</sessionNumber>
        <chamber>House</chamber>
        <date>2017-01-09T23:54:10Z</date>
      </recordedVote>
    </recordedVotes>
    <titles>
      <item>
        <titleType>Short Titles as Passed House</titleType>
        <chamberName>House</chamberName>
        <chamberCode>H</chamberCode>
        <parentTitleType>Short Titles House of Representatives</parentTitleType>
        <title>Improving Access to Maternity Care Act</title>
      </item>
      <item>
        <titleType>Short Titles as Introduced</titleType>
        <chamberName />
        <chamberCode />
        <parentTitleType />
        <title>Improving Access to Maternity Care Act</title>
      </item>
      <item>
        <titleType>Official Title as Introduced</titleType>
        <chamberName />
        <chamberCode />
        <parentTitleType />
        <title>To amend the Public Health Service Act to distribute maternity care health professionals to health professional shortage areas identified as in need of maternity care health services.</title>
      </item>
      <item>
        <titleType>Display Title</titleType>
        <chamberName />
        <chamberCode />
        <parentTitleType />
        <title>Improving Access to Maternity Care Act</title>
      </item>
    </titles>
    <summaries>
      <billSummaries>
        <item>
          <versionCode>00</versionCode>
          <lastSummaryUpdateDate>2017-01-11T21:10:07Z</lastSummaryUpdateDate>
          <actionDesc>Introduced in House</actionDesc>
          <text><![CDATA[<p><b>Improving Access to Maternity Care Act</b></p> <p>This bill amends the Public Health Service Act to require the Health Resources and Services Administration (HRSA) to identify maternity care health professional target areas, which are areas within health professional shortage areas that have a shortage of maternity care health professionals, for purposes of assigning maternity care health professionals to those areas.</p> HRSA must collect and publish data comparing the availability of and need for maternity care health services in health professional shortage areas and areas within those areas.]]></text>
          <actionDate>2017-01-05</actionDate>
          <updateDate>2017-01-05T05:00:00Z</updateDate>
          <name>Introduced in House</name>
        </item>
        <item>
          <versionCode>81</versionCode>
          <lastSummaryUpdateDate>2017-01-17T19:16:41Z</lastSummaryUpdateDate>
          <actionDesc>Passed House without amendment</actionDesc>
          <text><![CDATA[<p>(This measure has not been amended since it was introduced. The summary has been expanded because action occurred on the measure.)</p> <p><b>Improving Access to Maternity Care Act</b></p> <p>(Sec. 2) This bill amends the Public Health Service Act to require the Health Resources and Services Administration (HRSA) to identify maternity care health professional target areas, which are areas within health professional shortage areas that have a shortage of maternity care health professionals, for purposes of assigning maternity care health professionals to those areas.</p> HRSA must collect and publish data comparing the availability of and need for maternity care health services in health professional shortage areas and areas within those areas.]]></text>
          <actionDate>2017-01-09</actionDate>
          <updateDate>2017-01-09T13:43:49Z</updateDate>
          <name>Passed House without amendment</name>
        </item>
      </billSummaries>
    </summaries>
    <policyArea>
      <name>Health</name>
    </policyArea>
    <subjects>
      <billSubjects>
        <policyArea>
          <name>Health</name>
        </policyArea>
        <legislativeSubjects />
      </billSubjects>
    </subjects>
    <amendments />
    <actions>
      <actionTypeCounts>
        <passedAgreedToInHouse>1</passedAgreedToInHouse>
        <placeholderTextForH>1</placeholderTextForH>
        <considerationByHouse>2</considerationByHouse>
        <generalDebate>1</generalDebate>
        <finalPassageUnderSuspensionOfTheRulesResults>1</finalPassageUnderSuspensionOfTheRulesResults>
        <motionToReconsiderResults>1</motionToReconsiderResults>
        <introducedInHouse>1</introducedInHouse>
        <motionMadeToSuspendTheRules>1</motionMadeToSuspendTheRules>
        <billReferrals>1</billReferrals>
        <introducedInTheHouse>1</introducedInTheHouse>
        <referredToCommittee>1</referredToCommittee>
      </actionTypeCounts>
      <actionByCounts>
        <houseOfRepresentatives>11</houseOfRepresentatives>
        <senate>1</senate>
      </actionByCounts>
      <item>
        <actionDate>2017-01-10</actionDate>
        <committee>
          <systemCode>sshr00</systemCode>
          <name>Health, Education, Labor, and Pensions Committee</name>
        </committee>
        <links />
        <sourceSystem>
          <name>Senate</name>
          <code>0</code>
        </sourceSystem>
        <text>Received in the Senate and Read twice and referred to the Committee on Health, Education, Labor, and Pensions.</text>
        <type>IntroReferral</type>
      </item>
      <item>
        <links />
        <sourceSystem>
          <name>House floor actions</name>
          <code>2</code>
        </sourceSystem>
        <actionCode>H38310</actionCode>
        <actionTime>18:54:11</actionTime>
        <text>Motion to reconsider laid on the table Agreed to without objection.</text>
        <actionDate>2017-01-09</actionDate>
        <committee />
        <type>Floor</type>
      </item>
      <item>
        <links>
          <link>
            <url>https://www.congress.gov/congressional-record/volume-163/house-section/page/H203</url>
            <name>H203</name>
          </link>
          <link>
            <url>http://clerk.house.gov/evs/2017/roll024.xml</url>
            <name>Roll no. 24</name>
          </link>
        </links>
        <sourceSystem>
          <name>House floor actions</name>
          <code>2</code>
        </sourceSystem>
        <actionCode>H37300</actionCode>
        <actionTime>18:54:10</actionTime>
        <text>On motion to suspend the rules and pass the bill Agreed to by the Yeas and Nays: (2/3 required): 405 - 0 (Roll no. 24). (text: CR H203)</text>
        <actionDate>2017-01-09</actionDate>
        <committee />
        <type>Floor</type>
      </item>
      <item>
        <links>
          <link>
            <url>http://clerk.house.gov/evs/2017/roll024.xml</url>
            <name>Roll no. 24</name>
          </link>
        </links>
        <sourceSystem>
          <name>Library of Congress</name>
          <code>9</code>
        </sourceSystem>
        <actionCode>8000</actionCode>
        <actionTime>18:54:10</actionTime>
        <text>Passed/agreed to in House: On motion to suspend the rules and pass the bill Agreed to by the Yeas and Nays: (2/3 required): 405 - 0 (Roll no. 24).</text>
        <actionDate>2017-01-09</actionDate>
        <committee />
        <type>Floor</type>
      </item>
      <item>
        <links>
          <link>
            <url>https://www.congress.gov/congressional-record/volume-163/house-section/page/H217-218</url>
            <name>H217-218</name>
          </link>
        </links>
        <sourceSystem>
          <name>House floor actions</name>
          <code>2</code>
        </sourceSystem>
        <actionCode>H30000</actionCode>
        <actionTime>18:31:54</actionTime>
        <text>Considered as unfinished business. (consideration: CR H217-218)</text>
        <actionDate>2017-01-09</actionDate>
        <committee />
        <type>Floor</type>
      </item>
      <item>
        <links />
        <sourceSystem>
          <name>House floor actions</name>
          <code>2</code>
        </sourceSystem>
        <actionCode>H37220</actionCode>
        <actionTime>16:50:10</actionTime>
        <text>At the conclusion of debate, the Yeas and Nays were demanded and ordered. Pursuant to the provisions of clause 8, rule XX, the Chair announced that further proceedings on the motion would be postponed.</text>
        <actionDate>2017-01-09</actionDate>
        <committee />
        <type>Floor</type>
      </item>
      <item>
        <links>
          <link>
            <url>https://www.congress.gov/bill/115th-congress/house-bill/315</url>
            <name>H.R. 315</name>
          </link>
        </links>
        <sourceSystem>
          <name>House floor actions</name>
          <code>2</code>
        </sourceSystem>
        <actionCode>H8D000</actionCode>
        <actionTime>16:41:51</actionTime>
        <text>DEBATE - The House proceeded with forty minutes of debate on H.R. 315.</text>
        <actionDate>2017-01-09</actionDate>
        <committee />
        <type>Floor</type>
      </item>
      <item>
        <links>
          <link>
            <url>https://www.congress.gov/congressional-record/volume-163/house-section/page/H203-204</url>
            <name>H203-204</name>
          </link>
        </links>
        <sourceSystem>
          <name>House floor actions</name>
          <code>2</code>
        </sourceSystem>
        <actionCode>H30000</actionCode>
        <actionTime>16:41:28</actionTime>
        <text>Considered under suspension of the rules. (consideration: CR H203-204)</text>
        <actionDate>2017-01-09</actionDate>
        <committee />
        <type>Floor</type>
      </item>
      <item>
        <links />
        <sourceSystem>
          <name>House floor actions</name>
          <code>2</code>
        </sourceSystem>
        <actionCode>H30300</actionCode>
        <actionTime>16:41:19</actionTime>
        <text>Mr. Burgess moved to suspend the rules and pass the bill.</text>
        <actionDate>2017-01-09</actionDate>
        <committee />
        <type>Floor</type>
      </item>
      <item>
        <links />
        <sourceSystem>
          <name>House floor actions</name>
          <code>2</code>
        </sourceSystem>
        <actionCode>H11100</actionCode>
        <type>IntroReferral</type>
        <actionDate>2017-01-05</actionDate>
        <committee>
          <systemCode>hsif00</systemCode>
          <name>Energy and Commerce Committee</name>
        </committee>
        <text>Referred to the House Committee on Energy and Commerce.</text>
      </item>
      <item>
        <links />
        <sourceSystem>
          <name>Library of Congress</name>
          <code>9</code>
        </sourceSystem>
        <actionCode>Intro-H</actionCode>
        <type>IntroReferral</type>
        <actionDate>2017-01-05</actionDate>
        <committee />
        <text>Introduced in House</text>
      </item>
      <item>
        <links />
        <sourceSystem>
          <name>Library of Congress</name>
          <code>9</code>
        </sourceSystem>
        <actionCode>1000</actionCode>
        <type>IntroReferral</type>
        <actionDate>2017-01-05</actionDate>
        <committee />
        <text>Introduced in House</text>
      </item>
    </actions>
    <committees>
      <billCommittees>
        <item>
          <type>Standing</type>
          <name>Health, Education, Labor, and Pensions Committee</name>
          <chamber>Senate</chamber>
          <subcommittees />
          <activities>
            <item>
              <name>Referred to</name>
              <date>2017-01-10T18:13:15Z</date>
            </item>
          </activities>
          <systemCode>sshr00</systemCode>
        </item>
        <item>
          <type>Standing</type>
          <name>Energy and Commerce Committee</name>
          <chamber>House</chamber>
          <subcommittees />
          <activities>
            <item>
              <name>Referred to</name>
              <date>2017-01-05T15:03:45Z</date>
            </item>
          </activities>
          <systemCode>hsif00</systemCode>
        </item>
      </billCommittees>
    </committees>
    <billNumber>315</billNumber>
    <updateDate>2017-01-20T09:55:46Z</updateDate>
    <title>Improving Access to Maternity Care Act</title>
    <billType>HR</billType>
    <laws />
    <originChamber>House</originChamber>
    <latestAction>
      <actionDate>2017-01-10</actionDate>
      <text>Received in the Senate and Read twice and referred to the Committee on Health, Education, Labor, and Pensions.</text>
      <links />
    </latestAction>
    <committeeReports />
    <sponsors>
      <item>
        <middleName>C.</middleName>
        <state>TX</state>
        <bioguideId>B001248</bioguideId>
        <fullName>Rep. Burgess, Michael C. [R-TX-26]</fullName>
        <identifiers>
          <lisID>1751</lisID>
          <bioguideId>B001248</bioguideId>
          <gpoId>8182</gpoId>
        </identifiers>
        <lastName>Burgess</lastName>
        <byRequestType />
        <firstName>Michael</firstName>
        <party>R</party>
        <district>26</district>
      </item>
    </sponsors>
    <cosponsors>
      <item>
        <sponsorshipDate>2017-01-05</sponsorshipDate>
        <isOriginalCosponsor>True</isOriginalCosponsor>
        <identifiers>
          <bioguideId>E000215</bioguideId>
          <lisID>355</lisID>
          <gpoId>7819</gpoId>
        </identifiers>
        <firstName>ANNA</firstName>
        <party>D</party>
        <middleName>G.</middleName>
        <state>CA</state>
        <sponsorshipWithdrawnDate />
        <lastName>ESHOO</lastName>
        <district>18</district>
        <fullName>Rep. Eshoo, Anna G. [D-CA-18]</fullName>
        <bioguideId>E000215</bioguideId>
      </item>
      <item>
        <sponsorshipDate>2017-01-05</sponsorshipDate>
        <isOriginalCosponsor>True</isOriginalCosponsor>
        <identifiers>
          <gpoId>7839</gpoId>
          <lisID>997</lisID>
          <bioguideId>R000486</bioguideId>
        </identifiers>
        <firstName>LUCILLE</firstName>
        <party>D</party>
        <middleName />
        <state>CA</state>
        <sponsorshipWithdrawnDate />
        <lastName>ROYBAL-ALLARD</lastName>
        <district>40</district>
        <fullName>Rep. Roybal-Allard, Lucille [D-CA-40]</fullName>
        <bioguideId>R000486</bioguideId>
      </item>
      <item>
        <sponsorshipDate>2017-01-09</sponsorshipDate>
        <isOriginalCosponsor>False</isOriginalCosponsor>
        <identifiers>
          <lisID>2242</lisID>
          <bioguideId>Y000066</bioguideId>
          <gpoId />
        </identifiers>
        <firstName>David</firstName>
        <party>R</party>
        <middleName />
        <state>IA</state>
        <sponsorshipWithdrawnDate />
        <lastName>Young</lastName>
        <district>3</district>
        <fullName>Rep. Young, David [R-IA-3]</fullName>
        <bioguideId>Y000066</bioguideId>
      </item>
      <item>
        <sponsorshipDate>2017-01-09</sponsorshipDate>
        <isOriginalCosponsor>False</isOriginalCosponsor>
        <identifiers>
          <gpoId />
          <bioguideId>R000602</bioguideId>
          <lisID>2262</lisID>
        </identifiers>
        <firstName>Kathleen</firstName>
        <party>D</party>
        <middleName>M.</middleName>
        <state>NY</state>
        <sponsorshipWithdrawnDate />
        <lastName>Rice</lastName>
        <district>4</district>
        <fullName>Rep. Rice, Kathleen M. [D-NY-4]</fullName>
        <bioguideId>R000602</bioguideId>
      </item>
      <item>
        <sponsorshipDate>2017-01-09</sponsorshipDate>
        <isOriginalCosponsor>False</isOriginalCosponsor>
        <identifiers>
          <bioguideId>H001056</bioguideId>
          <lisID>2071</lisID>
          <gpoId>8207</gpoId>
        </identifiers>
        <firstName>Jaime</firstName>
        <party>R</party>
        <middleName>Herrera</middleName>
        <state>WA</state>
        <sponsorshipWithdrawnDate />
        <lastName>Beutler</lastName>
        <district>3</district>
        <fullName>Rep. Herrera Beutler, Jaime [R-WA-3]</fullName>
        <bioguideId>H001056</bioguideId>
      </item>
      <item>
        <sponsorshipDate>2017-01-09</sponsorshipDate>
        <isOriginalCosponsor>False</isOriginalCosponsor>
        <identifiers>
          <gpoId />
          <lisID>2222</lisID>
          <bioguideId>R000600</bioguideId>
        </identifiers>
        <firstName>Aumua Amata</firstName>
        <party>R</party>
        <middleName>Coleman</middleName>
        <state>AS</state>
        <sponsorshipWithdrawnDate />
        <lastName>Radewagen</lastName>
        <district>0</district>
        <fullName>Rep. Radewagen, Aumua Amata Coleman [R-AS-At Large]</fullName>
        <bioguideId>R000600</bioguideId>
      </item>
      <item>
        <sponsorshipDate>2017-01-09</sponsorshipDate>
        <isOriginalCosponsor>False</isOriginalCosponsor>
        <identifiers>
          <lisID>279</lisID>
          <gpoId>8117</gpoId>
          <bioguideId>D000191</bioguideId>
        </identifiers>
        <firstName>PETER</firstName>
        <party>D</party>
        <middleName>A.</middleName>
        <state>OR</state>
        <sponsorshipWithdrawnDate />
        <lastName>DEFAZIO</lastName>
        <district>4</district>
        <fullName>Rep. DeFazio, Peter A. [D-OR-4]</fullName>
        <bioguideId>D000191</bioguideId>
      </item>
      <item>
        <sponsorshipDate>2017-01-09</sponsorshipDate>
        <isOriginalCosponsor>False</isOriginalCosponsor>
        <identifiers>
          <bioguideId>R000582</bioguideId>
          <lisID>1954</lisID>
          <gpoId>8148</gpoId>
        </identifiers>
        <firstName>David</firstName>
        <party>R</party>
        <middleName>P.</middleName>
        <state>TN</state>
        <sponsorshipWithdrawnDate />
        <lastName>Roe</lastName>
        <district>1</district>
        <fullName>Rep. Roe, David P. [R-TN-1]</fullName>
        <bioguideId>R000582</bioguideId>
      </item>
    </cosponsors>
    <createDate>2017-01-06T04:57:26Z</createDate>
    <calendarNumbers />
    <notes />
  </bill>
  <dublinCore xmlns:dc="http://purl.org/dc/elements/1.1/">
    <dc:format>text/xml</dc:format>
    <dc:language>EN</dc:language>
    <dc:rights>Pursuant to Title 17 Section 105 of the United States Code, this file is not subject to copyright protection and is in the public domain.</dc:rights>
    <dc:contributor>Congressional Research Service, Library of Congress</dc:contributor>
    <dc:description>This file contains bill summaries and statuses for federal legislation. A bill summary describes the most significant provisions of a piece of legislation and details the effects the legislative text may have on current law and federal programs. Bill summaries are authored by the Congressional Research Service (CRS) of the Library of Congress. As stated in Public Law 91-510 (2 USC 166 (d)(6)), one of the duties of CRS is "to prepare summaries and digests of bills and resolutions of a public general nature introduced in the Senate or House of Representatives". For more information, refer to the User Guide that accompanies this file.</dc:description>
  </dublinCore>
</billStatus>

