<?xml version="1.0" encoding="UTF-8"?>
<billStatus>
  <bill>
    <amendments />
    <actions>
      <item>
        <links />
        <actionDate>2017-01-10</actionDate>
        <committee>
          <systemCode>hsju00</systemCode>
          <name>Judiciary Committee</name>
        </committee>
        <sourceSystem>
          <name>House floor actions</name>
          <code>2</code>
        </sourceSystem>
        <text>Referred to the House Committee on the Judiciary.</text>
        <actionCode>H11100</actionCode>
        <type>IntroReferral</type>
      </item>
      <item>
        <links />
        <actionDate>2017-01-10</actionDate>
        <committee />
        <sourceSystem>
          <name>Library of Congress</name>
          <code>9</code>
        </sourceSystem>
        <text>Introduced in House</text>
        <actionCode>Intro-H</actionCode>
        <type>IntroReferral</type>
      </item>
      <item>
        <links />
        <actionDate>2017-01-10</actionDate>
        <committee />
        <sourceSystem>
          <name>Library of Congress</name>
          <code>9</code>
        </sourceSystem>
        <text>Introduced in House</text>
        <actionCode>1000</actionCode>
        <type>IntroReferral</type>
      </item>
      <actionTypeCounts>
        <introducedInHouse>1</introducedInHouse>
        <billReferrals>1</billReferrals>
        <introducedInTheHouse>1</introducedInTheHouse>
      </actionTypeCounts>
      <actionByCounts>
        <houseOfRepresentatives>3</houseOfRepresentatives>
      </actionByCounts>
    </actions>
    <committees>
      <billCommittees>
        <item>
          <subcommittees />
          <type>Standing</type>
          <name>Judiciary Committee</name>
          <systemCode>hsju00</systemCode>
          <chamber>House</chamber>
          <activities>
            <item>
              <name>Referred to</name>
              <date>2017-01-10T15:04:25Z</date>
            </item>
          </activities>
        </item>
      </billCommittees>
    </committees>
    <billNumber>398</billNumber>
    <policyArea>
      <name>Crime and Law Enforcement</name>
    </policyArea>
    <subjects>
      <billSubjects>
        <policyArea>
          <name>Crime and Law Enforcement</name>
        </policyArea>
        <legislativeSubjects />
      </billSubjects>
    </subjects>
    <relatedBills />
    <updateDate>2017-01-23T15:31:19Z</updateDate>
    <laws />
    <createDate>2017-01-11T05:09:43Z</createDate>
    <constitutionalAuthorityStatementText><![CDATA[<pre>From the Congressional Record Online through the Government Publishing Office [<a href='http://www.gpo.gov'>www.gpo.gov</a>]By Mr. KATKO:H.R. 398.Congress has the power to enact this legislation pursuantto the following:Article I, Section 8, Clause 1 of the U.S. Constitution(relating to the general welfare of the United States).Article I, Section 8, Clause 9 of the Constitution of theUnited States; the power to constitute Tribunals inferior tothe Supreme Court.[Page H299]</pre>]]></constitutionalAuthorityStatementText>
    <introducedDate>2017-01-10</introducedDate>
    <cosponsors>
      <item>
        <sponsorshipDate>2017-01-10</sponsorshipDate>
        <isOriginalCosponsor>True</isOriginalCosponsor>
        <middleName />
        <lastName>Chu</lastName>
        <identifiers>
          <gpoId>7837</gpoId>
          <lisID>1970</lisID>
          <bioguideId>C001080</bioguideId>
        </identifiers>
        <party>D</party>
        <bioguideId>C001080</bioguideId>
        <firstName>Judy</firstName>
        <sponsorshipWithdrawnDate />
        <fullName>Rep. Chu, Judy [D-CA-27]</fullName>
        <district>27</district>
        <state>CA</state>
      </item>
      <item>
        <sponsorshipDate>2017-01-10</sponsorshipDate>
        <isOriginalCosponsor>True</isOriginalCosponsor>
        <middleName>JAMES</middleName>
        <lastName>SENSENBRENNER</lastName>
        <identifiers>
          <gpoId>8218</gpoId>
          <lisID>1041</lisID>
          <bioguideId>S000244</bioguideId>
        </identifiers>
        <party>R</party>
        <bioguideId>S000244</bioguideId>
        <firstName>F.</firstName>
        <sponsorshipWithdrawnDate />
        <fullName>Rep. Sensenbrenner, F. James, Jr. [R-WI-5]</fullName>
        <district>5</district>
        <state>WI</state>
      </item>
      <item>
        <sponsorshipDate>2017-01-10</sponsorshipDate>
        <isOriginalCosponsor>True</isOriginalCosponsor>
        <middleName />
        <lastName>JACKSON LEE</lastName>
        <identifiers>
          <lisID>588</lisID>
          <bioguideId>J000032</bioguideId>
          <gpoId>8174</gpoId>
        </identifiers>
        <party>D</party>
        <bioguideId>J000032</bioguideId>
        <firstName>SHEILA</firstName>
        <sponsorshipWithdrawnDate />
        <fullName>Rep. Jackson Lee, Sheila [D-TX-18]</fullName>
        <district>18</district>
        <state>TX</state>
      </item>
    </cosponsors>
    <sponsors>
      <item>
        <party>R</party>
        <lastName>Katko</lastName>
        <fullName>Rep. Katko, John [R-NY-24]</fullName>
        <bioguideId>K000386</bioguideId>
        <middleName />
        <district>24</district>
        <byRequestType />
        <identifiers>
          <gpoId />
          <lisID>2264</lisID>
          <bioguideId>K000386</bioguideId>
        </identifiers>
        <state>NY</state>
        <firstName>John</firstName>
      </item>
    </sponsors>
    <cboCostEstimates />
    <billType>HR</billType>
    <recordedVotes />
    <notes />
    <originChamber>House</originChamber>
    <summaries>
      <billSummaries />
    </summaries>
    <latestAction>
      <links />
      <text>Referred to the House Committee on the Judiciary.</text>
      <actionDate>2017-01-10</actionDate>
    </latestAction>
    <titles>
      <item>
        <parentTitleType />
        <titleType>Short Titles as Introduced</titleType>
        <chamberCode />
        <chamberName />
        <title>HEART Act of 2017</title>
      </item>
      <item>
        <parentTitleType />
        <titleType>Short Titles as Introduced</titleType>
        <chamberCode />
        <chamberName />
        <title>Help Extract Animals from Red Tape Act of 2017</title>
      </item>
      <item>
        <parentTitleType />
        <titleType>Official Title as Introduced</titleType>
        <chamberCode />
        <chamberName />
        <title>To amend title 18, United States Code, with respect to civil forfeitures relating to certain seized animals.</title>
      </item>
      <item>
        <parentTitleType />
        <titleType>Display Title</titleType>
        <chamberCode />
        <chamberName />
        <title>HEART Act of 2017</title>
      </item>
    </titles>
    <title>HEART Act of 2017</title>
    <calendarNumbers />
    <committeeReports />
    <congress>115</congress>
  </bill>
  <dublinCore xmlns:dc="http://purl.org/dc/elements/1.1/">
    <dc:format>text/xml</dc:format>
    <dc:language>EN</dc:language>
    <dc:rights>Pursuant to Title 17 Section 105 of the United States Code, this file is not subject to copyright protection and is in the public domain.</dc:rights>
    <dc:contributor>Congressional Research Service, Library of Congress</dc:contributor>
    <dc:description>This file contains bill summaries and statuses for federal legislation. A bill summary describes the most significant provisions of a piece of legislation and details the effects the legislative text may have on current law and federal programs. Bill summaries are authored by the Congressional Research Service (CRS) of the Library of Congress. As stated in Public Law 91-510 (2 USC 166 (d)(6)), one of the duties of CRS is "to prepare summaries and digests of bills and resolutions of a public general nature introduced in the Senate or House of Representatives". For more information, refer to the User Guide that accompanies this file.</dc:description>
  </dublinCore>
</billStatus>

