<?xml version="1.0" encoding="UTF-8"?>
<billStatus>
  <bill>
    <policyArea>
      <name>Public Lands and Natural Resources</name>
    </policyArea>
    <billNumber>267</billNumber>
    <laws>
      <item>
        <type>Public Law</type>
        <number>115-108</number>
      </item>
    </laws>
    <constitutionalAuthorityStatementText><![CDATA[<pre>[Congressional Record Volume 163, Number 89 (Tuesday, May 23, 2017)]From the Congressional Record Online through the Government Publishing Office [<a href='http://www.gpo.gov'>www.gpo.gov</a>]By Mr. HILL:H.R. 2611.Congress has the power to enact this legislation pursuantto the following:Article I Section 8 of the U.S. Constitution.[Page H4504]</pre>]]></constitutionalAuthorityStatementText>
    <originChamber>House</originChamber>
    <billType>HR</billType>
    <summaries>
      <billSummaries>
        <item>
          <name>Introduced in House</name>
          <actionDesc>Introduced in House</actionDesc>
          <actionDate>2017-01-04</actionDate>
          <lastSummaryUpdateDate>2017-01-26T22:15:44Z</lastSummaryUpdateDate>
          <versionCode>00</versionCode>
          <updateDate>2017-01-04T05:00:00Z</updateDate>
          <text><![CDATA[<p><strong>Martin Luther King, Jr. National Historical Park Act of 2017</strong></p> <p>This bill redesignates the Martin Luther King, Junior, National Historic Site in the state of Georgia as the "Martin Luther King, Jr. National Historical Park." The bill replaces the current boundary map with a map of a proposed boundary revision dated June 2015.</p>]]></text>
        </item>
        <item>
          <name>Passed House amended</name>
          <actionDesc>Passed House amended</actionDesc>
          <actionDate>2017-03-15</actionDate>
          <lastSummaryUpdateDate>2017-05-03T20:23:03Z</lastSummaryUpdateDate>
          <versionCode>36</versionCode>
          <updateDate>2017-03-15T13:46:37Z</updateDate>
          <text><![CDATA[<p><strong>Martin Luther King, Jr. National Historical Park Act of 2017</strong></p> <p>(Sec. 2) This bill redesignates the Martin Luther King, Junior, National Historic Site in the state of Georgia as the "Martin Luther King, Jr. National Historical Park." The bill replaces the current boundary map with a map of a proposed boundary revision dated June 2015.</p>]]></text>
        </item>
        <item>
          <name>Reported to Senate without amendment</name>
          <actionDesc>Reported to Senate without amendment</actionDesc>
          <actionDate>2017-05-09</actionDate>
          <lastSummaryUpdateDate>2017-05-25T20:33:54Z</lastSummaryUpdateDate>
          <versionCode>80</versionCode>
          <updateDate>2017-05-09T13:39:07Z</updateDate>
          <text><![CDATA[<p>(This measure has not been amended since it was passed by the House on March 15, 2017. The summary of that version is repeated here.) </p> <p><strong>Martin Luther King, Jr. National Historical Park Act of 2017</strong></p> <p>(Sec. 2) This bill redesignates the Martin Luther King, Junior, National Historic Site in the state of Georgia as the "Martin Luther King, Jr. National Historical Park." The bill replaces the current boundary map with a map of a proposed boundary revision dated June 2015.</p>]]></text>
        </item>
        <item>
          <name>Passed Senate without amendment</name>
          <actionDesc>Passed Senate without amendment</actionDesc>
          <actionDate>2017-12-21</actionDate>
          <lastSummaryUpdateDate>2018-01-02T17:56:17Z</lastSummaryUpdateDate>
          <versionCode>82</versionCode>
          <updateDate>2017-12-21T15:54:49Z</updateDate>
          <text><![CDATA[<p>(This measure has not been amended since it was passed by the House on March 15, 2017. The summary of that version is repeated here.)</p> <p><strong>Martin Luther King, Jr. National Historical Park Act of 2017</strong></p> <p>(Sec. 2) This bill redesignates the Martin Luther King, Junior, National Historic Site in the state of Georgia as the "Martin Luther King, Jr. National Historical Park." The bill replaces the current boundary map with a map of a proposed boundary revision dated June 2015.</p>]]></text>
        </item>
        <item>
          <name>Public Law</name>
          <actionDesc>Public Law</actionDesc>
          <actionDate>2018-01-08</actionDate>
          <lastSummaryUpdateDate>2018-01-31T18:21:18Z</lastSummaryUpdateDate>
          <versionCode>49</versionCode>
          <updateDate>2018-01-09T04:59:58Z</updateDate>
          <text><![CDATA[<p>(This measure has not been amended since it was passed by the House on March 15, 2017. The summary of that version is repeated here.)</p> <p><strong>Martin Luther King, Jr. National Historical Park Act of 2017</strong></p> <p>(Sec. 2) This bill redesignates the Martin Luther King, Junior, National Historic Site in the state of Georgia as the "Martin Luther King, Jr. National Historical Park." The bill replaces the current boundary map with a map of a proposed boundary revision dated June 2015.</p>]]></text>
        </item>
      </billSummaries>
    </summaries>
    <relatedBills />
    <createDate>2017-01-05T04:47:33Z</createDate>
    <sponsors>
      <item>
        <lastName>LEWIS</lastName>
        <party>D</party>
        <middleName />
        <fullName>Rep. Lewis, John [D-GA-5]</fullName>
        <identifiers>
          <lisID>688</lisID>
          <gpoId>7902</gpoId>
          <bioguideId>L000287</bioguideId>
        </identifiers>
        <state>GA</state>
        <firstName>JOHN</firstName>
        <byRequestType />
        <district>5</district>
        <bioguideId>L000287</bioguideId>
      </item>
    </sponsors>
    <notes />
    <updateDate>2018-08-28T19:58:36Z</updateDate>
    <committeeReports>
      <committeeReport>
        <citation>S. Rept. 115-49</citation>
      </committeeReport>
    </committeeReports>
    <actions>
      <item>
        <text>Became Public Law No: 115-108.</text>
        <type>President</type>
        <committee />
        <actionDate>2018-01-08</actionDate>
        <links>
          <link>
            <name>Public Law No: 115-108</name>
            <url>https://www.congress.gov/bill/115th-congress/house-bill/267/text/pl</url>
          </link>
        </links>
        <actionCode>E40000</actionCode>
        <sourceSystem>
          <code>2</code>
          <name>House floor actions</name>
        </sourceSystem>
      </item>
      <item>
        <text>Became Public Law No: 115-108.</text>
        <type>BecameLaw</type>
        <committee />
        <actionDate>2018-01-08</actionDate>
        <links>
          <link>
            <name>Public Law No: 115-108</name>
            <url>https://www.congress.gov/bill/115th-congress/house-bill/267/text/pl</url>
          </link>
        </links>
        <actionCode>36000</actionCode>
        <sourceSystem>
          <code>9</code>
          <name>Library of Congress</name>
        </sourceSystem>
      </item>
      <item>
        <text>Signed by President.</text>
        <type>President</type>
        <committee />
        <actionDate>2018-01-08</actionDate>
        <links />
        <actionCode>E30000</actionCode>
        <sourceSystem>
          <code>2</code>
          <name>House floor actions</name>
        </sourceSystem>
      </item>
      <item>
        <text>Signed by President.</text>
        <type>BecameLaw</type>
        <committee />
        <actionDate>2018-01-08</actionDate>
        <links />
        <actionCode>36000</actionCode>
        <sourceSystem>
          <code>9</code>
          <name>Library of Congress</name>
        </sourceSystem>
      </item>
      <item>
        <text>Presented to President.</text>
        <type>Floor</type>
        <committee />
        <actionDate>2017-12-27</actionDate>
        <links />
        <actionCode>E20000</actionCode>
        <sourceSystem>
          <code>2</code>
          <name>House floor actions</name>
        </sourceSystem>
      </item>
      <item>
        <text>Presented to President.</text>
        <type>President</type>
        <committee />
        <actionDate>2017-12-27</actionDate>
        <links />
        <actionCode>28000</actionCode>
        <sourceSystem>
          <code>9</code>
          <name>Library of Congress</name>
        </sourceSystem>
      </item>
      <item>
        <actionDate>2017-12-22</actionDate>
        <committee />
        <links />
        <sourceSystem>
          <code>0</code>
          <name>Senate</name>
        </sourceSystem>
        <text>Message on Senate action sent to the House.</text>
        <type>Floor</type>
      </item>
      <item>
        <actionDate>2017-12-21</actionDate>
        <committee />
        <links>
          <link>
            <name>S8267-8269</name>
            <url>https://www.congress.gov/congressional-record/volume-163/senate-section/page/S8267-8269</url>
          </link>
        </links>
        <sourceSystem>
          <code>0</code>
          <name>Senate</name>
        </sourceSystem>
        <text>Passed Senate without amendment by Voice Vote. (consideration: CR S8267-8269)</text>
        <type>Floor</type>
      </item>
      <item>
        <text>Passed/agreed to in Senate: Passed Senate without amendment by Voice Vote.(consideration: CR S8267-8269)</text>
        <type>Floor</type>
        <committee />
        <actionDate>2017-12-21</actionDate>
        <links>
          <link>
            <name>S8267-8269</name>
            <url>https://www.congress.gov/congressional-record/volume-163/senate-section/page/S8267-8269</url>
          </link>
        </links>
        <actionCode>17000</actionCode>
        <sourceSystem>
          <code>9</code>
          <name>Library of Congress</name>
        </sourceSystem>
      </item>
      <item>
        <actionDate>2017-05-09</actionDate>
        <committee />
        <links />
        <sourceSystem>
          <code>0</code>
          <name>Senate</name>
        </sourceSystem>
        <text>Placed on Senate Legislative Calendar under General Orders. Calendar No. 62.</text>
        <type>Calendars</type>
      </item>
      <item>
        <actionDate>2017-05-09</actionDate>
        <committee>
          <systemCode>sseg00</systemCode>
          <name>Energy and Natural Resources Committee</name>
        </committee>
        <links>
          <link>
            <name>report No. 115-49</name>
            <url>https://www.congress.gov/congressional-report/115th-congress/senate-report/49</url>
          </link>
        </links>
        <sourceSystem>
          <code>0</code>
          <name>Senate</name>
        </sourceSystem>
        <text>Committee on Energy and Natural Resources. Reported by Senator Murkowski without amendment. With written report No. 115-49.</text>
        <type>Committee</type>
      </item>
      <item>
        <text>Committee on Energy and Natural Resources. Reported by Senator Murkowski without amendment. With written report No. 115-49.</text>
        <type>Committee</type>
        <committee>
          <systemCode>sseg00</systemCode>
          <name>Energy and Natural Resources Committee</name>
        </committee>
        <actionDate>2017-05-09</actionDate>
        <links>
          <link>
            <name>report No. 115-49</name>
            <url>https://www.congress.gov/congressional-report/115th-congress/senate-report/49</url>
          </link>
        </links>
        <actionCode>14000</actionCode>
        <sourceSystem>
          <code>9</code>
          <name>Library of Congress</name>
        </sourceSystem>
      </item>
      <item>
        <actionDate>2017-03-30</actionDate>
        <committee>
          <systemCode>sseg00</systemCode>
          <name>Energy and Natural Resources Committee</name>
        </committee>
        <links />
        <sourceSystem>
          <code>0</code>
          <name>Senate</name>
        </sourceSystem>
        <text>Committee on Energy and Natural Resources. Ordered to be reported without amendment favorably.</text>
        <type>Committee</type>
      </item>
      <item>
        <actionDate>2017-03-21</actionDate>
        <committee>
          <systemCode>sseg00</systemCode>
          <name>Energy and Natural Resources Committee</name>
        </committee>
        <links />
        <sourceSystem>
          <code>0</code>
          <name>Senate</name>
        </sourceSystem>
        <text>Received in the Senate and Read twice and referred to the Committee on Energy and Natural Resources.</text>
        <type>IntroReferral</type>
      </item>
      <item>
        <text>Motion to reconsider laid on the table Agreed to without objection.</text>
        <actionTime>19:49:05</actionTime>
        <type>Floor</type>
        <committee />
        <sourceSystem>
          <code>2</code>
          <name>House floor actions</name>
        </sourceSystem>
        <links />
        <actionCode>H38310</actionCode>
        <actionDate>2017-03-15</actionDate>
      </item>
      <item>
        <text>On motion to suspend the rules and pass the bill, as amended Agreed to by voice vote. (text: CR H2065)</text>
        <actionTime>19:49:01</actionTime>
        <type>Floor</type>
        <committee />
        <sourceSystem>
          <code>2</code>
          <name>House floor actions</name>
        </sourceSystem>
        <links>
          <link>
            <name>H2065</name>
            <url>https://www.congress.gov/congressional-record/volume-163/house-section/page/H2065</url>
          </link>
        </links>
        <actionCode>H37300</actionCode>
        <actionDate>2017-03-15</actionDate>
      </item>
      <item>
        <text>Passed/agreed to in House: On motion to suspend the rules and pass the bill, as amended Agreed to by voice vote.(text: CR H2065)</text>
        <actionTime>19:49:01</actionTime>
        <type>Floor</type>
        <committee />
        <sourceSystem>
          <code>9</code>
          <name>Library of Congress</name>
        </sourceSystem>
        <links>
          <link>
            <name>H2065</name>
            <url>https://www.congress.gov/congressional-record/volume-163/house-section/page/H2065</url>
          </link>
        </links>
        <actionCode>8000</actionCode>
        <actionDate>2017-03-15</actionDate>
      </item>
      <item>
        <text>Considered as unfinished business. (consideration: CR H2071)</text>
        <actionTime>19:48:38</actionTime>
        <type>Floor</type>
        <committee />
        <sourceSystem>
          <code>2</code>
          <name>House floor actions</name>
        </sourceSystem>
        <links>
          <link>
            <name>H2071</name>
            <url>https://www.congress.gov/congressional-record/volume-163/house-section/page/H2071</url>
          </link>
        </links>
        <actionCode>H30000</actionCode>
        <actionDate>2017-03-15</actionDate>
      </item>
      <item>
        <text>At the conclusion of debate, the chair put the question on the motion to suspend the rules. Mr. Tipton objected to the vote on the grounds that a quorum was not present. Further proceedings on the motion were postponed. The point of no quorum was considered as withdrawn.</text>
        <actionTime>17:05:16</actionTime>
        <type>Floor</type>
        <committee />
        <sourceSystem>
          <code>2</code>
          <name>House floor actions</name>
        </sourceSystem>
        <links />
        <actionCode>H37210</actionCode>
        <actionDate>2017-03-15</actionDate>
      </item>
      <item>
        <text>DEBATE - The House proceeded with forty minutes of debate on H.R. 267.</text>
        <actionTime>16:56:46</actionTime>
        <type>Floor</type>
        <committee />
        <sourceSystem>
          <code>2</code>
          <name>House floor actions</name>
        </sourceSystem>
        <links>
          <link>
            <name>H.R. 267</name>
            <url>https://www.congress.gov/bill/115th-congress/house-bill/267</url>
          </link>
        </links>
        <actionCode>H8D000</actionCode>
        <actionDate>2017-03-15</actionDate>
      </item>
      <item>
        <text>Considered under suspension of the rules. (consideration: CR H2065-2066)</text>
        <actionTime>16:56:44</actionTime>
        <type>Floor</type>
        <committee />
        <sourceSystem>
          <code>2</code>
          <name>House floor actions</name>
        </sourceSystem>
        <links>
          <link>
            <name>H2065-2066</name>
            <url>https://www.congress.gov/congressional-record/volume-163/house-section/page/H2065-2066</url>
          </link>
        </links>
        <actionCode>H30000</actionCode>
        <actionDate>2017-03-15</actionDate>
      </item>
      <item>
        <text>Mr. Tipton moved to suspend the rules and pass the bill, as amended.</text>
        <actionTime>16:56:20</actionTime>
        <type>Floor</type>
        <committee />
        <sourceSystem>
          <code>2</code>
          <name>House floor actions</name>
        </sourceSystem>
        <links />
        <actionCode>H30300</actionCode>
        <actionDate>2017-03-15</actionDate>
      </item>
      <item>
        <actionDate>2017-02-10</actionDate>
        <committee>
          <systemCode>hsii10</systemCode>
          <name>Federal Lands Subcommittee</name>
        </committee>
        <links />
        <sourceSystem>
          <code>1</code>
          <name>House committee actions</name>
        </sourceSystem>
        <text>Referred to the Subcommittee on Federal Lands.</text>
        <type>Committee</type>
      </item>
      <item>
        <text>Referred to the House Committee on Natural Resources.</text>
        <type>IntroReferral</type>
        <committee>
          <systemCode>hsii00</systemCode>
          <name>Natural Resources Committee</name>
        </committee>
        <actionDate>2017-01-04</actionDate>
        <links />
        <actionCode>H11100</actionCode>
        <sourceSystem>
          <code>2</code>
          <name>House floor actions</name>
        </sourceSystem>
      </item>
      <item>
        <text>Introduced in House</text>
        <type>IntroReferral</type>
        <committee />
        <actionDate>2017-01-04</actionDate>
        <links />
        <actionCode>Intro-H</actionCode>
        <sourceSystem>
          <code>9</code>
          <name>Library of Congress</name>
        </sourceSystem>
      </item>
      <item>
        <text>Introduced in House</text>
        <type>IntroReferral</type>
        <committee />
        <actionDate>2017-01-04</actionDate>
        <links />
        <actionCode>1000</actionCode>
        <sourceSystem>
          <code>9</code>
          <name>Library of Congress</name>
        </sourceSystem>
      </item>
      <actionByCounts>
        <senate>8</senate>
        <houseOfRepresentatives>12</houseOfRepresentatives>
      </actionByCounts>
      <actionTypeCounts>
        <presentedToPresident>1</presentedToPresident>
        <finalPassageUnderSuspensionOfTheRulesResults>1</finalPassageUnderSuspensionOfTheRulesResults>
        <introducedInTheHouse>1</introducedInTheHouse>
        <passedSenate>1</passedSenate>
        <orderedReported>1</orderedReported>
        <passedAgreedToInHouse>1</passedAgreedToInHouse>
        <becamePublicLaw>2</becamePublicLaw>
        <referredToCommittee>1</referredToCommittee>
        <billReferrals>1</billReferrals>
        <reportedToSenate>2</reportedToSenate>
        <passedAgreedToInSenate>1</passedAgreedToInSenate>
        <considerationByHouse>2</considerationByHouse>
        <placeholderTextForE>3</placeholderTextForE>
        <motionMadeToSuspendTheRules>1</motionMadeToSuspendTheRules>
        <generalDebate>1</generalDebate>
        <introducedInHouse>1</introducedInHouse>
        <placedOnCalendarGeneralOrders>1</placedOnCalendarGeneralOrders>
        <placeholderTextForH>2</placeholderTextForH>
        <motionToReconsiderResults>1</motionToReconsiderResults>
        <sentToHouse>1</sentToHouse>
      </actionTypeCounts>
    </actions>
    <title>Martin Luther King, Jr. National Historical Park Act of 2017</title>
    <cosponsors>
      <item>
        <bioguideId>H001071</bioguideId>
        <lastName>Hice</lastName>
        <isOriginalCosponsor>False</isOriginalCosponsor>
        <identifiers>
          <lisID>2237</lisID>
          <bioguideId>H001071</bioguideId>
          <gpoId />
        </identifiers>
        <district>10</district>
        <middleName>B.</middleName>
        <sponsorshipWithdrawnDate />
        <fullName>Rep. Hice, Jody B. [R-GA-10]</fullName>
        <sponsorshipDate>2017-01-27</sponsorshipDate>
        <state>GA</state>
        <firstName>Jody</firstName>
        <party>R</party>
      </item>
      <item>
        <bioguideId>B000490</bioguideId>
        <lastName>BISHOP</lastName>
        <isOriginalCosponsor>False</isOriginalCosponsor>
        <identifiers>
          <lisID>91</lisID>
          <gpoId>7899</gpoId>
          <bioguideId>B000490</bioguideId>
        </identifiers>
        <district>2</district>
        <middleName>D.</middleName>
        <sponsorshipWithdrawnDate />
        <fullName>Rep. Bishop, Sanford D., Jr. [D-GA-2]</fullName>
        <sponsorshipDate>2017-01-27</sponsorshipDate>
        <state>GA</state>
        <firstName>SANFORD</firstName>
        <party>D</party>
      </item>
      <item>
        <bioguideId>S001150</bioguideId>
        <lastName>SCHIFF</lastName>
        <isOriginalCosponsor>False</isOriginalCosponsor>
        <identifiers>
          <lisID>1635</lisID>
          <gpoId>7834</gpoId>
          <bioguideId>S001150</bioguideId>
        </identifiers>
        <district>28</district>
        <middleName>B.</middleName>
        <sponsorshipWithdrawnDate />
        <fullName>Rep. Schiff, Adam B. [D-CA-28]</fullName>
        <sponsorshipDate>2017-01-27</sponsorshipDate>
        <state>CA</state>
        <firstName>ADAM</firstName>
        <party>D</party>
      </item>
      <item>
        <bioguideId>G000574</bioguideId>
        <lastName>Gallego</lastName>
        <isOriginalCosponsor>False</isOriginalCosponsor>
        <identifiers>
          <lisID>2226</lisID>
          <gpoId />
          <bioguideId>G000574</bioguideId>
        </identifiers>
        <district>7</district>
        <middleName />
        <sponsorshipWithdrawnDate />
        <fullName>Rep. Gallego, Ruben [D-AZ-7]</fullName>
        <sponsorshipDate>2017-01-27</sponsorshipDate>
        <state>AZ</state>
        <firstName>Ruben</firstName>
        <party>D</party>
      </item>
      <item>
        <bioguideId>R000588</bioguideId>
        <lastName>Richmond</lastName>
        <isOriginalCosponsor>False</isOriginalCosponsor>
        <identifiers>
          <bioguideId>R000588</bioguideId>
          <gpoId>7960</gpoId>
          <lisID>2023</lisID>
        </identifiers>
        <district>2</district>
        <middleName>L.</middleName>
        <sponsorshipWithdrawnDate />
        <fullName>Rep. Richmond, Cedric L. [D-LA-2]</fullName>
        <sponsorshipDate>2017-01-27</sponsorshipDate>
        <state>LA</state>
        <firstName>Cedric</firstName>
        <party>D</party>
      </item>
      <item>
        <bioguideId>P000610</bioguideId>
        <lastName>Plaskett</lastName>
        <isOriginalCosponsor>False</isOriginalCosponsor>
        <identifiers>
          <bioguideId>P000610</bioguideId>
          <lisID>2274</lisID>
          <gpoId />
        </identifiers>
        <district>0</district>
        <middleName>E.</middleName>
        <sponsorshipWithdrawnDate />
        <fullName>Rep. Plaskett, Stacey E. [D-VI-At Large]</fullName>
        <sponsorshipDate>2017-01-27</sponsorshipDate>
        <state>VI</state>
        <firstName>Stacey</firstName>
        <party>D</party>
      </item>
      <item>
        <bioguideId>T000193</bioguideId>
        <lastName>THOMPSON</lastName>
        <isOriginalCosponsor>False</isOriginalCosponsor>
        <identifiers>
          <gpoId>8020</gpoId>
          <lisID>1151</lisID>
          <bioguideId>T000193</bioguideId>
        </identifiers>
        <district>2</district>
        <middleName />
        <sponsorshipWithdrawnDate />
        <fullName>Rep. Thompson, Bennie G. [D-MS-2]</fullName>
        <sponsorshipDate>2017-01-27</sponsorshipDate>
        <state>MS</state>
        <firstName>BENNIE</firstName>
        <party>D</party>
      </item>
      <item>
        <bioguideId>B001251</bioguideId>
        <lastName>Butterfield</lastName>
        <isOriginalCosponsor>False</isOriginalCosponsor>
        <identifiers>
          <lisID>1761</lisID>
          <gpoId>8024</gpoId>
          <bioguideId>B001251</bioguideId>
        </identifiers>
        <district>1</district>
        <middleName />
        <sponsorshipWithdrawnDate />
        <fullName>Rep. Butterfield, G. K. [D-NC-1]</fullName>
        <sponsorshipDate>2017-01-27</sponsorshipDate>
        <state>NC</state>
        <firstName>G. K.</firstName>
        <party>D</party>
      </item>
      <item>
        <bioguideId>H001068</bioguideId>
        <lastName>Huffman</lastName>
        <isOriginalCosponsor>False</isOriginalCosponsor>
        <identifiers>
          <lisID>2101</lisID>
          <bioguideId>H001068</bioguideId>
          <gpoId />
        </identifiers>
        <district>2</district>
        <middleName />
        <sponsorshipWithdrawnDate />
        <fullName>Rep. Huffman, Jared [D-CA-2]</fullName>
        <sponsorshipDate>2017-01-27</sponsorshipDate>
        <state>CA</state>
        <firstName>Jared</firstName>
        <party>D</party>
      </item>
      <item>
        <bioguideId>N000147</bioguideId>
        <lastName>NORTON</lastName>
        <isOriginalCosponsor>False</isOriginalCosponsor>
        <identifiers>
          <lisID>868</lisID>
          <gpoId>7871</gpoId>
          <bioguideId>N000147</bioguideId>
        </identifiers>
        <district>0</district>
        <middleName>HOLMES</middleName>
        <sponsorshipWithdrawnDate />
        <fullName>Rep. Norton, Eleanor Holmes [D-DC-At Large]</fullName>
        <sponsorshipDate>2017-01-27</sponsorshipDate>
        <state>DC</state>
        <firstName>ELEANOR</firstName>
        <party>D</party>
      </item>
      <item>
        <bioguideId>C001068</bioguideId>
        <lastName>Cohen</lastName>
        <isOriginalCosponsor>False</isOriginalCosponsor>
        <identifiers>
          <gpoId>8156</gpoId>
          <lisID>1878</lisID>
          <bioguideId>C001068</bioguideId>
        </identifiers>
        <district>9</district>
        <middleName />
        <sponsorshipWithdrawnDate />
        <fullName>Rep. Cohen, Steve [D-TN-9]</fullName>
        <sponsorshipDate>2017-01-27</sponsorshipDate>
        <state>TN</state>
        <firstName>Steve</firstName>
        <party>D</party>
      </item>
      <item>
        <bioguideId>J000032</bioguideId>
        <lastName>JACKSON LEE</lastName>
        <isOriginalCosponsor>False</isOriginalCosponsor>
        <identifiers>
          <lisID>588</lisID>
          <gpoId>8174</gpoId>
          <bioguideId>J000032</bioguideId>
        </identifiers>
        <district>18</district>
        <middleName />
        <sponsorshipWithdrawnDate />
        <fullName>Rep. Jackson Lee, Sheila [D-TX-18]</fullName>
        <sponsorshipDate>2017-01-27</sponsorshipDate>
        <state>TX</state>
        <firstName>SHEILA</firstName>
        <party>D</party>
      </item>
      <item>
        <bioguideId>L000263</bioguideId>
        <lastName>LEVIN</lastName>
        <isOriginalCosponsor>False</isOriginalCosponsor>
        <identifiers>
          <lisID>683</lisID>
          <bioguideId>L000263</bioguideId>
          <gpoId>7997</gpoId>
        </identifiers>
        <district>9</district>
        <middleName>M.</middleName>
        <sponsorshipWithdrawnDate />
        <fullName>Rep. Levin, Sander M. [D-MI-9]</fullName>
        <sponsorshipDate>2017-01-27</sponsorshipDate>
        <state>MI</state>
        <firstName>SANDER</firstName>
        <party>D</party>
      </item>
      <item>
        <bioguideId>H000324</bioguideId>
        <lastName>HASTINGS</lastName>
        <isOriginalCosponsor>False</isOriginalCosponsor>
        <identifiers>
          <gpoId>7895</gpoId>
          <lisID>511</lisID>
          <bioguideId>H000324</bioguideId>
        </identifiers>
        <district>20</district>
        <middleName>L.</middleName>
        <sponsorshipWithdrawnDate />
        <fullName>Rep. Hastings, Alcee L. [D-FL-20]</fullName>
        <sponsorshipDate>2017-01-27</sponsorshipDate>
        <state>FL</state>
        <firstName>ALCEE</firstName>
        <party>D</party>
      </item>
      <item>
        <bioguideId>L000551</bioguideId>
        <lastName>LEE</lastName>
        <isOriginalCosponsor>False</isOriginalCosponsor>
        <identifiers>
          <lisID>1501</lisID>
          <bioguideId>L000551</bioguideId>
          <gpoId>7814</gpoId>
        </identifiers>
        <district>13</district>
        <middleName />
        <sponsorshipWithdrawnDate />
        <fullName>Rep. Lee, Barbara [D-CA-13]</fullName>
        <sponsorshipDate>2017-01-27</sponsorshipDate>
        <state>CA</state>
        <firstName>BARBARA</firstName>
        <party>D</party>
      </item>
      <item>
        <bioguideId>B001227</bioguideId>
        <lastName>BRADY</lastName>
        <isOriginalCosponsor>False</isOriginalCosponsor>
        <identifiers>
          <lisID>1469</lisID>
          <gpoId>8119</gpoId>
          <bioguideId>B001227</bioguideId>
        </identifiers>
        <district>1</district>
        <middleName>A.</middleName>
        <sponsorshipWithdrawnDate />
        <fullName>Rep. Brady, Robert A. [D-PA-1]</fullName>
        <sponsorshipDate>2017-01-27</sponsorshipDate>
        <state>PA</state>
        <firstName>ROBERT</firstName>
        <party>D</party>
      </item>
      <item>
        <bioguideId>S000185</bioguideId>
        <lastName>Scott</lastName>
        <isOriginalCosponsor>False</isOriginalCosponsor>
        <identifiers>
          <bioguideId>S000185</bioguideId>
          <gpoId>8194</gpoId>
          <lisID>1037</lisID>
        </identifiers>
        <district>3</district>
        <middleName>C. "Bobby"</middleName>
        <sponsorshipWithdrawnDate />
        <fullName>Rep. Scott, Robert C. "Bobby" [D-VA-3]</fullName>
        <sponsorshipDate>2017-01-27</sponsorshipDate>
        <state>VA</state>
        <firstName>Robert</firstName>
        <party>D</party>
      </item>
      <item>
        <bioguideId>M000312</bioguideId>
        <lastName>MCGOVERN</lastName>
        <isOriginalCosponsor>False</isOriginalCosponsor>
        <identifiers>
          <bioguideId>M000312</bioguideId>
          <lisID>1504</lisID>
          <gpoId>7968</gpoId>
        </identifiers>
        <district>2</district>
        <middleName>P.</middleName>
        <sponsorshipWithdrawnDate />
        <fullName>Rep. McGovern, James P. [D-MA-2]</fullName>
        <sponsorshipDate>2017-01-27</sponsorshipDate>
        <state>MA</state>
        <firstName>JAMES</firstName>
        <party>D</party>
      </item>
      <item>
        <bioguideId>T000468</bioguideId>
        <lastName>Titus</lastName>
        <isOriginalCosponsor>False</isOriginalCosponsor>
        <identifiers>
          <lisID>1940</lisID>
          <gpoId>7493</gpoId>
          <bioguideId>T000468</bioguideId>
        </identifiers>
        <district>1</district>
        <middleName />
        <sponsorshipWithdrawnDate />
        <fullName>Rep. Titus, Dina [D-NV-1]</fullName>
        <sponsorshipDate>2017-01-27</sponsorshipDate>
        <state>NV</state>
        <firstName>Dina</firstName>
        <party>D</party>
      </item>
      <item>
        <bioguideId>Y000062</bioguideId>
        <lastName>Yarmuth</lastName>
        <isOriginalCosponsor>False</isOriginalCosponsor>
        <identifiers>
          <lisID>1853</lisID>
          <gpoId>7955</gpoId>
          <bioguideId>Y000062</bioguideId>
        </identifiers>
        <district>3</district>
        <middleName>A.</middleName>
        <sponsorshipWithdrawnDate />
        <fullName>Rep. Yarmuth, John A. [D-KY-3]</fullName>
        <sponsorshipDate>2017-01-27</sponsorshipDate>
        <state>KY</state>
        <firstName>John</firstName>
        <party>D</party>
      </item>
      <item>
        <bioguideId>V000131</bioguideId>
        <lastName>Veasey</lastName>
        <isOriginalCosponsor>False</isOriginalCosponsor>
        <identifiers>
          <lisID>2166</lisID>
          <gpoId />
          <bioguideId>V000131</bioguideId>
        </identifiers>
        <district>33</district>
        <middleName>A.</middleName>
        <sponsorshipWithdrawnDate />
        <fullName>Rep. Veasey, Marc A. [D-TX-33]</fullName>
        <sponsorshipDate>2017-01-27</sponsorshipDate>
        <state>TX</state>
        <firstName>Marc</firstName>
        <party>D</party>
      </item>
      <item>
        <bioguideId>C000984</bioguideId>
        <lastName>CUMMINGS</lastName>
        <isOriginalCosponsor>False</isOriginalCosponsor>
        <identifiers>
          <gpoId>7982</gpoId>
          <lisID>256</lisID>
          <bioguideId>C000984</bioguideId>
        </identifiers>
        <district>7</district>
        <middleName>E.</middleName>
        <sponsorshipWithdrawnDate />
        <fullName>Rep. Cummings, Elijah E. [D-MD-7]</fullName>
        <sponsorshipDate>2017-01-27</sponsorshipDate>
        <state>MD</state>
        <firstName>ELIJAH</firstName>
        <party>D</party>
      </item>
      <item>
        <bioguideId>C001078</bioguideId>
        <lastName>Connolly</lastName>
        <isOriginalCosponsor>False</isOriginalCosponsor>
        <identifiers>
          <lisID>1959</lisID>
          <gpoId>8202</gpoId>
          <bioguideId>C001078</bioguideId>
        </identifiers>
        <district>11</district>
        <middleName>E.</middleName>
        <sponsorshipWithdrawnDate />
        <fullName>Rep. Connolly, Gerald E. [D-VA-11]</fullName>
        <sponsorshipDate>2017-01-27</sponsorshipDate>
        <state>VA</state>
        <firstName>Gerald</firstName>
        <party>D</party>
      </item>
      <item>
        <bioguideId>S000248</bioguideId>
        <lastName>SERRANO</lastName>
        <isOriginalCosponsor>False</isOriginalCosponsor>
        <identifiers>
          <bioguideId>S000248</bioguideId>
          <lisID>1042</lisID>
          <gpoId>8077</gpoId>
        </identifiers>
        <district>15</district>
        <middleName>E.</middleName>
        <sponsorshipWithdrawnDate />
        <fullName>Rep. Serrano, Jose E. [D-NY-15]</fullName>
        <sponsorshipDate>2017-01-27</sponsorshipDate>
        <state>NY</state>
        <firstName>JOSE</firstName>
        <party>D</party>
      </item>
      <item>
        <bioguideId>A000370</bioguideId>
        <lastName>Adams</lastName>
        <isOriginalCosponsor>False</isOriginalCosponsor>
        <identifiers>
          <bioguideId>A000370</bioguideId>
          <lisID>2201</lisID>
          <gpoId />
        </identifiers>
        <district>12</district>
        <middleName>S.</middleName>
        <sponsorshipWithdrawnDate />
        <fullName>Rep. Adams, Alma S. [D-NC-12]</fullName>
        <sponsorshipDate>2017-01-27</sponsorshipDate>
        <state>NC</state>
        <firstName>Alma</firstName>
        <party>D</party>
      </item>
      <item>
        <bioguideId>C001072</bioguideId>
        <lastName>Carson</lastName>
        <isOriginalCosponsor>False</isOriginalCosponsor>
        <identifiers>
          <lisID>1889</lisID>
          <bioguideId>C001072</bioguideId>
          <gpoId>7946</gpoId>
        </identifiers>
        <district>7</district>
        <middleName />
        <sponsorshipWithdrawnDate />
        <fullName>Rep. Carson, Andre [D-IN-7]</fullName>
        <sponsorshipDate>2017-01-27</sponsorshipDate>
        <state>IN</state>
        <firstName>Andre</firstName>
        <party>D</party>
      </item>
      <item>
        <bioguideId>C001103</bioguideId>
        <lastName>Carter</lastName>
        <isOriginalCosponsor>False</isOriginalCosponsor>
        <identifiers>
          <lisID>2236</lisID>
          <bioguideId>C001103</bioguideId>
          <gpoId />
        </identifiers>
        <district>1</district>
        <middleName>L. "Buddy"</middleName>
        <sponsorshipWithdrawnDate />
        <fullName>Rep. Carter, Earl L. "Buddy" [R-GA-1]</fullName>
        <sponsorshipDate>2017-01-27</sponsorshipDate>
        <state>GA</state>
        <firstName>Earl</firstName>
        <party>R</party>
      </item>
      <item>
        <bioguideId>P000598</bioguideId>
        <lastName>Polis</lastName>
        <isOriginalCosponsor>False</isOriginalCosponsor>
        <identifiers>
          <lisID>1910</lisID>
          <gpoId>7860</gpoId>
          <bioguideId>P000598</bioguideId>
        </identifiers>
        <district>2</district>
        <middleName />
        <sponsorshipWithdrawnDate />
        <fullName>Rep. Polis, Jared [D-CO-2]</fullName>
        <sponsorshipDate>2017-01-27</sponsorshipDate>
        <state>CO</state>
        <firstName>Jared</firstName>
        <party>D</party>
      </item>
      <item>
        <bioguideId>S001193</bioguideId>
        <lastName>Swalwell</lastName>
        <isOriginalCosponsor>False</isOriginalCosponsor>
        <identifiers>
          <lisID>2104</lisID>
          <gpoId />
          <bioguideId>S001193</bioguideId>
        </identifiers>
        <district>15</district>
        <middleName />
        <sponsorshipWithdrawnDate />
        <fullName>Rep. Swalwell, Eric [D-CA-15]</fullName>
        <sponsorshipDate>2017-02-03</sponsorshipDate>
        <state>CA</state>
        <firstName>Eric</firstName>
        <party>D</party>
      </item>
      <item>
        <bioguideId>P000604</bioguideId>
        <lastName>Payne</lastName>
        <isOriginalCosponsor>False</isOriginalCosponsor>
        <identifiers>
          <lisID>2097</lisID>
          <bioguideId>P000604</bioguideId>
          <gpoId>8373</gpoId>
        </identifiers>
        <district>10</district>
        <middleName>M.</middleName>
        <sponsorshipWithdrawnDate />
        <fullName>Rep. Payne, Donald M., Jr. [D-NJ-10]</fullName>
        <sponsorshipDate>2017-02-03</sponsorshipDate>
        <state>NJ</state>
        <firstName>Donald</firstName>
        <party>D</party>
      </item>
    </cosponsors>
    <introducedDate>2017-01-04</introducedDate>
    <recordedVotes />
    <congress>115</congress>
    <amendments />
    <version>1.0.0</version>
    <calendarNumbers>
      <item>
        <calendar>Senate Calendar of Business</calendar>
        <number>0062</number>
      </item>
    </calendarNumbers>
    <latestAction>
      <actionDate>2018-01-08</actionDate>
      <links>
        <link>
          <url>https://www.congress.gov/bill/115th-congress/house-bill/267/text/pl</url>
          <name>Public Law No: 115-108</name>
        </link>
      </links>
      <text>Became Public Law No: 115-108.</text>
    </latestAction>
    <titles>
      <item>
        <parentTitleType>Short Title</parentTitleType>
        <titleType>Short Titles as Enacted</titleType>
        <chamberCode />
        <title>Martin Luther King, Jr. National Historical Park Act of 2017</title>
        <chamberName />
      </item>
      <item>
        <parentTitleType>Short Titles Senate</parentTitleType>
        <titleType>Short Titles as Passed Senate</titleType>
        <chamberCode>S</chamberCode>
        <title>Martin Luther King, Jr. National Historical Park Act of 2017</title>
        <chamberName>Senate</chamberName>
      </item>
      <item>
        <parentTitleType>Short Titles House of Representatives</parentTitleType>
        <titleType>Short Titles as Passed House</titleType>
        <chamberCode>H</chamberCode>
        <title>Martin Luther King, Jr. National Historical Park Act of 2017</title>
        <chamberName>House</chamberName>
      </item>
      <item>
        <parentTitleType>Short Titles Senate</parentTitleType>
        <titleType>Short Titles as Reported to Senate</titleType>
        <chamberCode>S</chamberCode>
        <title>Martin Luther King, Jr. National Historical Park Act of 2017</title>
        <chamberName>Senate</chamberName>
      </item>
      <item>
        <parentTitleType />
        <titleType>Short Titles as Introduced</titleType>
        <chamberCode />
        <title>Martin Luther King, Jr. National Historical Park Act of 2017</title>
        <chamberName />
      </item>
      <item>
        <parentTitleType />
        <titleType>Official Title as Introduced</titleType>
        <chamberCode />
        <title>To redesignate the Martin Luther King, Junior, National Historic Site in the State of Georgia, and for other purposes.</title>
        <chamberName />
      </item>
      <item>
        <parentTitleType />
        <titleType>Display Title</titleType>
        <chamberCode />
        <title>Martin Luther King, Jr. National Historical Park Act of 2017</title>
        <chamberName />
      </item>
      <item>
        <parentTitleType />
        <titleType>(Extracted from GPO) Short Titles as Reported to Senate</titleType>
        <chamberCode>S</chamberCode>
        <title>Martin Luther King, Jr. National Historical Park Act of 2017</title>
        <chamberName>Senate</chamberName>
      </item>
      <item>
        <parentTitleType />
        <titleType>(Extracted from GPO) Short Titles as Passed House</titleType>
        <chamberCode>H</chamberCode>
        <title>Martin Luther King, Jr. National Historical Park Act of 2017</title>
        <chamberName>House</chamberName>
      </item>
      <item>
        <parentTitleType />
        <titleType>(Extracted from GPO) Short Titles as Introduced</titleType>
        <chamberCode />
        <title>Martin Luther King, Jr. National Historical Park Act of 2017</title>
        <chamberName />
      </item>
    </titles>
    <cboCostEstimates>
      <item>
        <url>https://www.cbo.gov/publication/52602</url>
        <pubDate>2017-04-10T20:12:38Z</pubDate>
        <title>H.R. 267, Martin Luther King, Jr. National Historical Park Act of 2017</title>
      </item>
    </cboCostEstimates>
    <committees>
      <billCommittees>
        <item>
          <type>Standing</type>
          <name>Energy and Natural Resources Committee</name>
          <systemCode>sseg00</systemCode>
          <chamber>Senate</chamber>
          <activities>
            <item>
              <name>Reported by</name>
              <date>2017-05-09T15:17:53Z</date>
            </item>
            <item>
              <name>Markup by</name>
              <date>2017-03-30T13:30:00Z</date>
            </item>
            <item>
              <name>Referred to</name>
              <date>2017-03-21T15:27:59Z</date>
            </item>
          </activities>
          <subcommittees />
        </item>
        <item>
          <type>Standing</type>
          <name>Natural Resources Committee</name>
          <systemCode>hsii00</systemCode>
          <chamber>House</chamber>
          <activities>
            <item>
              <name>Referred to</name>
              <date>2017-01-04T15:07:25Z</date>
            </item>
          </activities>
          <subcommittees>
            <item>
              <name>Federal Lands Subcommittee</name>
              <systemCode>hsii10</systemCode>
              <activities>
                <item>
                  <name>Referred to</name>
                  <date>2017-02-10T16:48:55Z</date>
                </item>
              </activities>
            </item>
          </subcommittees>
        </item>
      </billCommittees>
    </committees>
    <subjects>
      <billSubjects>
        <policyArea>
          <name>Public Lands and Natural Resources</name>
        </policyArea>
        <legislativeSubjects>
          <item>
            <name>Georgia</name>
          </item>
          <item>
            <name>Historic sites and heritage areas</name>
          </item>
          <item>
            <name>Parks, recreation areas, trails</name>
          </item>
          <item>
            <name>Racial and ethnic relations</name>
          </item>
        </legislativeSubjects>
      </billSubjects>
    </subjects>
  </bill>
  <dublinCore xmlns:dc="http://purl.org/dc/elements/1.1/">
    <dc:format>text/xml</dc:format>
    <dc:language>EN</dc:language>
    <dc:rights>Pursuant to Title 17 Section 105 of the United States Code, this file is not subject to copyright protection and is in the public domain.</dc:rights>
    <dc:contributor>Congressional Research Service, Library of Congress</dc:contributor>
    <dc:description>This file contains bill summaries and statuses for federal legislation. A bill summary describes the most significant provisions of a piece of legislation and details the effects the legislative text may have on current law and federal programs. Bill summaries are authored by the Congressional Research Service (CRS) of the Library of Congress. As stated in Public Law 91-510 (2 USC 166 (d)(6)), one of the duties of CRS is "to prepare summaries and digests of bills and resolutions of a public general nature introduced in the Senate or House of Representatives". For more information, refer to the User Guide that accompanies this file.</dc:description>
  </dublinCore>
</billStatus>

