<?xml version="1.0" encoding="UTF-8"?>
<billStatus>
  <bill>
    <congress>115</congress>
    <calendarNumbers />
    <cboCostEstimates />
    <actions>
      <item>
        <committee>
          <name>Ways and Means Committee</name>
          <systemCode>hswm00</systemCode>
        </committee>
        <actionDate>2017-01-10</actionDate>
        <text>Referred to the House Committee on Ways and Means.</text>
        <links />
        <actionCode>H11100</actionCode>
        <type>IntroReferral</type>
        <sourceSystem>
          <name>House floor actions</name>
          <code>2</code>
        </sourceSystem>
      </item>
      <item>
        <committee />
        <actionDate>2017-01-10</actionDate>
        <text>Introduced in House</text>
        <links />
        <actionCode>Intro-H</actionCode>
        <type>IntroReferral</type>
        <sourceSystem>
          <name>Library of Congress</name>
          <code>9</code>
        </sourceSystem>
      </item>
      <item>
        <committee />
        <actionDate>2017-01-10</actionDate>
        <text>Introduced in House</text>
        <links />
        <actionCode>1000</actionCode>
        <type>IntroReferral</type>
        <sourceSystem>
          <name>Library of Congress</name>
          <code>9</code>
        </sourceSystem>
      </item>
      <actionTypeCounts>
        <billReferrals>1</billReferrals>
        <introducedInTheHouse>1</introducedInTheHouse>
        <introducedInHouse>1</introducedInHouse>
      </actionTypeCounts>
      <actionByCounts>
        <houseOfRepresentatives>3</houseOfRepresentatives>
      </actionByCounts>
    </actions>
    <relatedBills />
    <latestAction>
      <text>Referred to the House Committee on Ways and Means.</text>
      <links />
      <actionDate>2017-01-10</actionDate>
    </latestAction>
    <originChamber>House</originChamber>
    <title>To amend the Internal Revenue Code of 1986 to provide additional new markets tax credits for distressed coal communities.</title>
    <titles>
      <item>
        <title>To amend the Internal Revenue Code of 1986 to provide additional new markets tax credits for distressed coal communities.</title>
        <titleType>Official Title as Introduced</titleType>
        <parentTitleType />
        <chamberCode />
        <chamberName />
      </item>
      <item>
        <title>To amend the Internal Revenue Code of 1986 to provide additional new markets tax credits for distressed coal communities.</title>
        <titleType>Display Title</titleType>
        <parentTitleType />
        <chamberCode />
        <chamberName />
      </item>
    </titles>
    <committeeReports />
    <updateDate>2017-01-11T10:17:53Z</updateDate>
    <billType>HR</billType>
    <recordedVotes />
    <subjects>
      <billSubjects>
        <legislativeSubjects />
      </billSubjects>
    </subjects>
    <policyArea />
    <laws />
    <amendments />
    <committees>
      <billCommittees>
        <item>
          <chamber>House</chamber>
          <systemCode>hswm00</systemCode>
          <type>Standing</type>
          <name>Ways and Means Committee</name>
          <activities>
            <item>
              <name>Referred to</name>
              <date>2017-01-10T15:03:15Z</date>
            </item>
          </activities>
          <subcommittees />
        </item>
      </billCommittees>
    </committees>
    <sponsors>
      <item>
        <identifiers>
          <lisID>2278</lisID>
          <gpoId />
          <bioguideId>J000297</bioguideId>
        </identifiers>
        <state>WV</state>
        <bioguideId>J000297</bioguideId>
        <lastName>Jenkins</lastName>
        <middleName>H.</middleName>
        <party>R</party>
        <district>3</district>
        <fullName>Rep. Jenkins, Evan H. [R-WV-3]</fullName>
        <byRequestType />
        <firstName>Evan</firstName>
      </item>
    </sponsors>
    <introducedDate>2017-01-10</introducedDate>
    <summaries>
      <billSummaries />
    </summaries>
    <notes />
    <createDate>2017-01-11T05:09:43Z</createDate>
    <billNumber>405</billNumber>
    <cosponsors />
    <constitutionalAuthorityStatementText />
  </bill>
  <dublinCore xmlns:dc="http://purl.org/dc/elements/1.1/">
    <dc:format>text/xml</dc:format>
    <dc:language>EN</dc:language>
    <dc:rights>Pursuant to Title 17 Section 105 of the United States Code, this file is not subject to copyright protection and is in the public domain.</dc:rights>
    <dc:contributor>Congressional Research Service, Library of Congress</dc:contributor>
    <dc:description>This file contains bill summaries and statuses for federal legislation. A bill summary describes the most significant provisions of a piece of legislation and details the effects the legislative text may have on current law and federal programs. Bill summaries are authored by the Congressional Research Service (CRS) of the Library of Congress. As stated in Public Law 91-510 (2 USC 166 (d)(6)), one of the duties of CRS is "to prepare summaries and digests of bills and resolutions of a public general nature introduced in the Senate or House of Representatives". For more information, refer to the User Guide that accompanies this file.</dc:description>
  </dublinCore>
</billStatus>

