<?xml version="1.0" encoding="UTF-8"?>
<billStatus>
  <bill>
    <policyArea>
      <name>Crime and Law Enforcement</name>
    </policyArea>
    <billNumber>445</billNumber>
    <laws />
    <constitutionalAuthorityStatementText><![CDATA[<pre>[Congressional Record Volume 163, Number 7 (Wednesday, January 11, 2017)]From the Congressional Record Online through the Government Publishing Office [<a href='http://www.gpo.gov'>www.gpo.gov</a>]Mr. DEUTCH:H.R. 445.Congress has the power to enact this legislation pursuantto thefollowing:Article I, Section 8, Clause 3 of the U.S. Constitution.[Page H391]</pre>]]></constitutionalAuthorityStatementText>
    <originChamber>House</originChamber>
    <billType>HR</billType>
    <summaries>
      <billSummaries>
        <item>
          <lastSummaryUpdateDate>2017-02-01T17:20:18Z</lastSummaryUpdateDate>
          <actionDate>2017-01-11</actionDate>
          <text><![CDATA[<p><strong></strong></p> <p> <p><b>Buyback Our Safety Act</b> <p>This bill authorizes the Department of Justice's Office of Justice Programs (OJP) to establish a gun buyback grant program for state, local, and tribal law enforcement agencies. <p>The OJP must enter into an arrangement with the National Academy of Sciences to develop standards to identify the guns likely to be used in violent crimes and to establish a pricing scale for guns purchased through a gun buyback program. <p>]]></text>
          <updateDate>2017-01-11T05:00:00Z</updateDate>
          <name>Introduced in House</name>
          <versionCode>00</versionCode>
          <actionDesc>Introduced in House</actionDesc>
        </item>
      </billSummaries>
    </summaries>
    <relatedBills />
    <createDate>2017-01-12T04:45:49Z</createDate>
    <sponsors>
      <item>
        <lastName>Deutch</lastName>
        <party>D</party>
        <middleName>E.</middleName>
        <fullName>Rep. Deutch, Theodore E. [D-FL-22]</fullName>
        <identifiers>
          <gpoId>7891</gpoId>
          <lisID>1976</lisID>
          <bioguideId>D000610</bioguideId>
        </identifiers>
        <state>FL</state>
        <firstName>Theodore</firstName>
        <byRequestType />
        <district>22</district>
        <bioguideId>D000610</bioguideId>
      </item>
    </sponsors>
    <notes />
    <updateDate>2018-08-28T19:59:16Z</updateDate>
    <committeeReports />
    <actions>
      <item>
        <actionDate>2017-02-06</actionDate>
        <committee>
          <systemCode>hsju08</systemCode>
          <name>Crime, Terrorism, Homeland Security, and Investigations Subcommittee</name>
        </committee>
        <links />
        <sourceSystem>
          <code>1</code>
          <name>House committee actions</name>
        </sourceSystem>
        <text>Referred to the Subcommittee on Crime, Terrorism, Homeland Security, and Investigations.</text>
        <type>Committee</type>
      </item>
      <item>
        <text>Referred to the House Committee on the Judiciary.</text>
        <links />
        <type>IntroReferral</type>
        <sourceSystem>
          <code>2</code>
          <name>House floor actions</name>
        </sourceSystem>
        <committee>
          <systemCode>hsju00</systemCode>
          <name>Judiciary Committee</name>
        </committee>
        <actionDate>2017-01-11</actionDate>
        <actionCode>H11100</actionCode>
      </item>
      <item>
        <text>Introduced in House</text>
        <links />
        <type>IntroReferral</type>
        <sourceSystem>
          <code>9</code>
          <name>Library of Congress</name>
        </sourceSystem>
        <committee />
        <actionDate>2017-01-11</actionDate>
        <actionCode>Intro-H</actionCode>
      </item>
      <item>
        <text>Introduced in House</text>
        <links />
        <type>IntroReferral</type>
        <sourceSystem>
          <code>9</code>
          <name>Library of Congress</name>
        </sourceSystem>
        <committee />
        <actionDate>2017-01-11</actionDate>
        <actionCode>1000</actionCode>
      </item>
      <actionTypeCounts>
        <billReferrals>1</billReferrals>
        <introducedInTheHouse>1</introducedInTheHouse>
        <introducedInHouse>1</introducedInHouse>
        <placeholderTextForH>1</placeholderTextForH>
      </actionTypeCounts>
      <actionByCounts>
        <houseOfRepresentatives>4</houseOfRepresentatives>
      </actionByCounts>
    </actions>
    <title>Buyback Our Safety Act</title>
    <cosponsors>
      <item>
        <lastName>Quigley</lastName>
        <state>IL</state>
        <firstName>Mike</firstName>
        <sponsorshipDate>2017-01-11</sponsorshipDate>
        <district>5</district>
        <fullName>Rep. Quigley, Mike [D-IL-5]</fullName>
        <identifiers>
          <lisID>1967</lisID>
          <bioguideId>Q000023</bioguideId>
          <gpoId>7925</gpoId>
        </identifiers>
        <bioguideId>Q000023</bioguideId>
        <sponsorshipWithdrawnDate />
        <party>D</party>
        <isOriginalCosponsor>True</isOriginalCosponsor>
        <middleName />
      </item>
      <item>
        <lastName>Connolly</lastName>
        <state>VA</state>
        <firstName>Gerald</firstName>
        <sponsorshipDate>2017-01-11</sponsorshipDate>
        <district>11</district>
        <fullName>Rep. Connolly, Gerald E. [D-VA-11]</fullName>
        <identifiers>
          <bioguideId>C001078</bioguideId>
          <lisID>1959</lisID>
          <gpoId>8202</gpoId>
        </identifiers>
        <bioguideId>C001078</bioguideId>
        <sponsorshipWithdrawnDate />
        <party>D</party>
        <isOriginalCosponsor>True</isOriginalCosponsor>
        <middleName>E.</middleName>
      </item>
      <item>
        <lastName>Cohen</lastName>
        <state>TN</state>
        <firstName>Steve</firstName>
        <sponsorshipDate>2017-06-06</sponsorshipDate>
        <district>9</district>
        <fullName>Rep. Cohen, Steve [D-TN-9]</fullName>
        <identifiers>
          <lisID>1878</lisID>
          <bioguideId>C001068</bioguideId>
          <gpoId>8156</gpoId>
        </identifiers>
        <bioguideId>C001068</bioguideId>
        <sponsorshipWithdrawnDate />
        <party>D</party>
        <isOriginalCosponsor>False</isOriginalCosponsor>
        <middleName />
      </item>
      <item>
        <lastName>BLUMENAUER</lastName>
        <state>OR</state>
        <firstName>EARL</firstName>
        <sponsorshipDate>2017-10-03</sponsorshipDate>
        <district>3</district>
        <fullName>Rep. Blumenauer, Earl [D-OR-3]</fullName>
        <identifiers>
          <lisID>99</lisID>
          <bioguideId>B000574</bioguideId>
          <gpoId>8116</gpoId>
        </identifiers>
        <bioguideId>B000574</bioguideId>
        <sponsorshipWithdrawnDate />
        <party>D</party>
        <isOriginalCosponsor>False</isOriginalCosponsor>
        <middleName />
      </item>
      <item>
        <lastName>DEGETTE</lastName>
        <state>CO</state>
        <firstName>DIANA</firstName>
        <sponsorshipDate>2017-10-04</sponsorshipDate>
        <district>1</district>
        <fullName>Rep. DeGette, Diana [D-CO-1]</fullName>
        <identifiers>
          <bioguideId>D000197</bioguideId>
          <lisID>1479</lisID>
          <gpoId>7859</gpoId>
        </identifiers>
        <bioguideId>D000197</bioguideId>
        <sponsorshipWithdrawnDate />
        <party>D</party>
        <isOriginalCosponsor>False</isOriginalCosponsor>
        <middleName />
      </item>
      <item>
        <lastName>Ruiz</lastName>
        <state>CA</state>
        <firstName>Raul</firstName>
        <sponsorshipDate>2017-10-23</sponsorshipDate>
        <district>36</district>
        <fullName>Rep. Ruiz, Raul [D-CA-36]</fullName>
        <identifiers>
          <lisID>2109</lisID>
          <gpoId />
          <bioguideId>R000599</bioguideId>
        </identifiers>
        <bioguideId>R000599</bioguideId>
        <sponsorshipWithdrawnDate />
        <party>D</party>
        <isOriginalCosponsor>False</isOriginalCosponsor>
        <middleName />
      </item>
      <item>
        <lastName>DAVIS</lastName>
        <state>CA</state>
        <firstName>SUSAN</firstName>
        <sponsorshipDate>2018-04-10</sponsorshipDate>
        <district>53</district>
        <fullName>Rep. Davis, Susan A. [D-CA-53]</fullName>
        <identifiers>
          <bioguideId>D000598</bioguideId>
          <gpoId>7858</gpoId>
          <lisID>1641</lisID>
        </identifiers>
        <bioguideId>D000598</bioguideId>
        <sponsorshipWithdrawnDate />
        <party>D</party>
        <isOriginalCosponsor>False</isOriginalCosponsor>
        <middleName>A.</middleName>
      </item>
      <item>
        <lastName>NORTON</lastName>
        <state>DC</state>
        <firstName>ELEANOR</firstName>
        <sponsorshipDate>2018-06-19</sponsorshipDate>
        <district>0</district>
        <fullName>Rep. Norton, Eleanor Holmes [D-DC-At Large]</fullName>
        <identifiers>
          <lisID>868</lisID>
          <gpoId>7871</gpoId>
          <bioguideId>N000147</bioguideId>
        </identifiers>
        <bioguideId>N000147</bioguideId>
        <sponsorshipWithdrawnDate />
        <party>D</party>
        <isOriginalCosponsor>False</isOriginalCosponsor>
        <middleName>HOLMES</middleName>
      </item>
    </cosponsors>
    <introducedDate>2017-01-11</introducedDate>
    <recordedVotes />
    <congress>115</congress>
    <amendments />
    <version>1.0.0</version>
    <calendarNumbers />
    <latestAction>
      <actionDate>2017-02-06</actionDate>
      <links />
      <text>Referred to the Subcommittee on Crime, Terrorism, Homeland Security, and Investigations.</text>
    </latestAction>
    <titles>
      <item>
        <chamberCode />
        <titleType>Short Titles as Introduced</titleType>
        <chamberName />
        <title>Buyback Our Safety Act</title>
        <parentTitleType />
      </item>
      <item>
        <chamberCode />
        <titleType>Official Title as Introduced</titleType>
        <chamberName />
        <title>To establish a gun buyback grant program.</title>
        <parentTitleType />
      </item>
      <item>
        <chamberCode />
        <titleType>Display Title</titleType>
        <chamberName />
        <title>Buyback Our Safety Act</title>
        <parentTitleType />
      </item>
      <item>
        <chamberCode />
        <titleType>(Extracted from GPO) Short Titles as Introduced</titleType>
        <chamberName />
        <title>Buyback Our Safety Act</title>
        <parentTitleType />
      </item>
    </titles>
    <cboCostEstimates />
    <committees>
      <billCommittees>
        <item>
          <systemCode>hsju00</systemCode>
          <subcommittees>
            <item>
              <activities>
                <item>
                  <name>Referred to</name>
                  <date>2017-02-06T22:33:12Z</date>
                </item>
              </activities>
              <name>Crime, Terrorism, Homeland Security, and Investigations Subcommittee</name>
              <systemCode>hsju08</systemCode>
            </item>
          </subcommittees>
          <activities>
            <item>
              <name>Referred to</name>
              <date>2017-01-11T15:01:10Z</date>
            </item>
          </activities>
          <name>Judiciary Committee</name>
          <chamber>House</chamber>
          <type>Standing</type>
        </item>
      </billCommittees>
    </committees>
    <subjects>
      <billSubjects>
        <legislativeSubjects>
          <item>
            <name>Congressional oversight</name>
          </item>
          <item>
            <name>Crime prevention</name>
          </item>
          <item>
            <name>Firearms and explosives</name>
          </item>
          <item>
            <name>Law enforcement administration and funding</name>
          </item>
          <item>
            <name>Violent crime</name>
          </item>
        </legislativeSubjects>
        <policyArea>
          <name>Crime and Law Enforcement</name>
        </policyArea>
      </billSubjects>
    </subjects>
  </bill>
  <dublinCore xmlns:dc="http://purl.org/dc/elements/1.1/">
    <dc:format>text/xml</dc:format>
    <dc:language>EN</dc:language>
    <dc:rights>Pursuant to Title 17 Section 105 of the United States Code, this file is not subject to copyright protection and is in the public domain.</dc:rights>
    <dc:contributor>Congressional Research Service, Library of Congress</dc:contributor>
    <dc:description>This file contains bill summaries and statuses for federal legislation. A bill summary describes the most significant provisions of a piece of legislation and details the effects the legislative text may have on current law and federal programs. Bill summaries are authored by the Congressional Research Service (CRS) of the Library of Congress. As stated in Public Law 91-510 (2 USC 166 (d)(6)), one of the duties of CRS is "to prepare summaries and digests of bills and resolutions of a public general nature introduced in the Senate or House of Representatives". For more information, refer to the User Guide that accompanies this file.</dc:description>
  </dublinCore>
</billStatus>

