<?xml version="1.0" encoding="UTF-8"?>
<billStatus>
  <bill>
    <amendments />
    <actions>
      <item>
        <actionDate>2017-01-13</actionDate>
        <committee>
          <name>Immigration and Border Security Subcommittee</name>
          <systemCode>hsju01</systemCode>
        </committee>
        <links />
        <sourceSystem>
          <name>House committee actions</name>
          <code>1</code>
        </sourceSystem>
        <text>Referred to the Subcommittee on Immigration and Border Security.</text>
        <type>Committee</type>
      </item>
      <item>
        <sourceSystem>
          <name>House floor actions</name>
          <code>2</code>
        </sourceSystem>
        <text>Referred to the House Committee on the Judiciary.</text>
        <committee>
          <name>Judiciary Committee</name>
          <systemCode>hsju00</systemCode>
        </committee>
        <actionCode>H11100</actionCode>
        <actionDate>2017-01-03</actionDate>
        <type>IntroReferral</type>
        <links />
      </item>
      <item>
        <sourceSystem>
          <name>Library of Congress</name>
          <code>9</code>
        </sourceSystem>
        <text>Introduced in House</text>
        <committee />
        <actionCode>Intro-H</actionCode>
        <actionDate>2017-01-03</actionDate>
        <type>IntroReferral</type>
        <links />
      </item>
      <item>
        <sourceSystem>
          <name>Library of Congress</name>
          <code>9</code>
        </sourceSystem>
        <text>Introduced in House</text>
        <committee />
        <actionCode>1000</actionCode>
        <actionDate>2017-01-03</actionDate>
        <type>IntroReferral</type>
        <links />
      </item>
      <actionTypeCounts>
        <introducedInHouse>1</introducedInHouse>
        <introducedInTheHouse>1</introducedInTheHouse>
        <placeholderTextForH>1</placeholderTextForH>
        <billReferrals>1</billReferrals>
      </actionTypeCounts>
      <actionByCounts>
        <houseOfRepresentatives>4</houseOfRepresentatives>
      </actionByCounts>
    </actions>
    <committees>
      <billCommittees>
        <item>
          <name>Judiciary Committee</name>
          <chamber>House</chamber>
          <activities>
            <item>
              <name>Referred to</name>
              <date>2017-01-03T17:14:50Z</date>
            </item>
          </activities>
          <type>Standing</type>
          <systemCode>hsju00</systemCode>
          <subcommittees>
            <item>
              <name>Immigration and Border Security Subcommittee</name>
              <activities>
                <item>
                  <name>Referred to</name>
                  <date>2017-01-13T14:23:18Z</date>
                </item>
              </activities>
              <systemCode>hsju01</systemCode>
            </item>
          </subcommittees>
        </item>
      </billCommittees>
    </committees>
    <billNumber>170</billNumber>
    <policyArea>
      <name>Immigration</name>
    </policyArea>
    <subjects>
      <billSubjects>
        <legislativeSubjects>
          <item>
            <name>Employee hiring</name>
          </item>
          <item>
            <name>Foreign labor</name>
          </item>
          <item>
            <name>Inflation and prices</name>
          </item>
          <item>
            <name>Visas and passports</name>
          </item>
          <item>
            <name>Wages and earnings</name>
          </item>
        </legislativeSubjects>
        <policyArea>
          <name>Immigration</name>
        </policyArea>
      </billSubjects>
    </subjects>
    <relatedBills />
    <updateDate>2017-01-23T17:01:16Z</updateDate>
    <laws />
    <createDate>2017-01-04T07:01:12Z</createDate>
    <constitutionalAuthorityStatementText><![CDATA[<pre>From the Congressional Record Online through the Government Publishing Office [<a href='http://www.gpo.gov'>www.gpo.gov</a>]By Mr. ISSA:H.R. 170.Congress has the power to enact this legislation pursuantto the following:Article 1 Section 8 to establish an uniform Rule ofNaturalization[Page H51]</pre>]]></constitutionalAuthorityStatementText>
    <introducedDate>2017-01-03</introducedDate>
    <cosponsors>
      <item>
        <sponsorshipWithdrawnDate />
        <isOriginalCosponsor>True</isOriginalCosponsor>
        <sponsorshipDate>2017-01-03</sponsorshipDate>
        <party>D</party>
        <district>52</district>
        <state>CA</state>
        <fullName>Rep. Peters, Scott H. [D-CA-52]</fullName>
        <identifiers>
          <bioguideId>P000608</bioguideId>
          <gpoId />
          <lisID>2113</lisID>
        </identifiers>
        <lastName>Peters</lastName>
        <middleName>H.</middleName>
        <bioguideId>P000608</bioguideId>
        <firstName>Scott</firstName>
      </item>
      <item>
        <sponsorshipWithdrawnDate />
        <isOriginalCosponsor>True</isOriginalCosponsor>
        <sponsorshipDate>2017-01-03</sponsorshipDate>
        <party>R</party>
        <district>50</district>
        <state>CA</state>
        <fullName>Rep. Hunter, Duncan D. [R-CA-50]</fullName>
        <identifiers>
          <lisID>1909</lisID>
          <bioguideId>H001048</bioguideId>
          <gpoId>7857</gpoId>
        </identifiers>
        <lastName>Hunter</lastName>
        <middleName>D.</middleName>
        <bioguideId>H001048</bioguideId>
        <firstName>Duncan</firstName>
      </item>
      <item>
        <sponsorshipWithdrawnDate />
        <isOriginalCosponsor>True</isOriginalCosponsor>
        <sponsorshipDate>2017-01-03</sponsorshipDate>
        <party>R</party>
        <district>27</district>
        <state>TX</state>
        <fullName>Rep. Farenthold, Blake [R-TX-27]</fullName>
        <identifiers>
          <lisID>2067</lisID>
          <bioguideId>F000460</bioguideId>
          <gpoId>8183</gpoId>
        </identifiers>
        <lastName>Farenthold</lastName>
        <middleName />
        <bioguideId>F000460</bioguideId>
        <firstName>Blake</firstName>
      </item>
      <item>
        <sponsorshipWithdrawnDate />
        <isOriginalCosponsor>True</isOriginalCosponsor>
        <sponsorshipDate>2017-01-03</sponsorshipDate>
        <party>R</party>
        <district>1</district>
        <state>ID</state>
        <fullName>Rep. Labrador, Raul R. [R-ID-1]</fullName>
        <identifiers>
          <lisID>2011</lisID>
          <gpoId>7919</gpoId>
          <bioguideId>L000573</bioguideId>
        </identifiers>
        <lastName>Labrador</lastName>
        <middleName>R.</middleName>
        <bioguideId>L000573</bioguideId>
        <firstName>Raul</firstName>
      </item>
      <item>
        <sponsorshipWithdrawnDate />
        <isOriginalCosponsor>True</isOriginalCosponsor>
        <sponsorshipDate>2017-01-03</sponsorshipDate>
        <party>R</party>
        <district>21</district>
        <state>TX</state>
        <fullName>Rep. Smith, Lamar [R-TX-21]</fullName>
        <identifiers>
          <gpoId>8177</gpoId>
          <lisID>1075</lisID>
          <bioguideId>S000583</bioguideId>
        </identifiers>
        <lastName>SMITH</lastName>
        <middleName />
        <bioguideId>S000583</bioguideId>
        <firstName>LAMAR</firstName>
      </item>
      <item>
        <sponsorshipWithdrawnDate />
        <isOriginalCosponsor>True</isOriginalCosponsor>
        <sponsorshipDate>2017-01-03</sponsorshipDate>
        <party>D</party>
        <district>2</district>
        <state>CO</state>
        <fullName>Rep. Polis, Jared [D-CO-2]</fullName>
        <identifiers>
          <lisID>1910</lisID>
          <gpoId>7860</gpoId>
          <bioguideId>P000598</bioguideId>
        </identifiers>
        <lastName>Polis</lastName>
        <middleName />
        <bioguideId>P000598</bioguideId>
        <firstName>Jared</firstName>
      </item>
    </cosponsors>
    <sponsors>
      <item>
        <party>R</party>
        <lastName>ISSA</lastName>
        <fullName>Rep. Issa, Darrell E. [R-CA-49]</fullName>
        <bioguideId>I000056</bioguideId>
        <middleName>E.</middleName>
        <district>49</district>
        <byRequestType />
        <identifiers>
          <gpoId>7854</gpoId>
          <lisID>1640</lisID>
          <bioguideId>I000056</bioguideId>
        </identifiers>
        <state>CA</state>
        <firstName>DARRELL</firstName>
      </item>
    </sponsors>
    <cboCostEstimates />
    <billType>HR</billType>
    <recordedVotes />
    <notes />
    <originChamber>House</originChamber>
    <summaries>
      <billSummaries>
        <item>
          <updateDate>2017-01-03T05:00:00Z</updateDate>
          <actionDesc>Introduced in House</actionDesc>
          <text><![CDATA[<p><strong>Protect and Grow American Jobs Act</strong></p> <p>This bill amends the Immigration and Nationality Act to revise the definition of &quot;exempt H-1B nonimmigrant&quot; to eliminate the masters or higher degree requirement and raise the annual salary threshold requirement from $60,000 to $100,000. </p> <p>(An exempt H-1B nonimmigrant is a nonimmigrant H-1B [specialty occupation] worker meeting certain criteria whom an H-1B dependent employer may hire without having to satisfy certain otherwise applicable H-1B hiring criteria. An H-1B dependent employer is generally one whose H-1B workers comprise 15% or more of the employer's total workforce, with different thresholds applying to smaller employers.)</p> <p>The bill requires an inflation adjustment to the salary threshold every third fiscal year.</p>]]></text>
          <versionCode>00</versionCode>
          <actionDate>2017-01-03</actionDate>
          <lastSummaryUpdateDate>2017-01-13T16:37:01Z</lastSummaryUpdateDate>
          <name>Introduced in House</name>
        </item>
      </billSummaries>
    </summaries>
    <latestAction>
      <links />
      <text>Referred to the Subcommittee on Immigration and Border Security.</text>
      <actionDate>2017-01-13</actionDate>
    </latestAction>
    <titles>
      <item>
        <chamberCode />
        <titleType>Short Titles as Introduced</titleType>
        <chamberName />
        <parentTitleType />
        <title>Protect and Grow American Jobs Act</title>
      </item>
      <item>
        <chamberCode />
        <titleType>Official Title as Introduced</titleType>
        <chamberName />
        <parentTitleType />
        <title>To amend the Immigration and Nationality Act to modify the definition of "exempt H-1B nonimmigrant".</title>
      </item>
      <item>
        <chamberCode />
        <titleType>Display Title</titleType>
        <chamberName />
        <parentTitleType />
        <title>Protect and Grow American Jobs Act</title>
      </item>
    </titles>
    <title>Protect and Grow American Jobs Act</title>
    <calendarNumbers />
    <committeeReports />
    <congress>115</congress>
  </bill>
  <dublinCore xmlns:dc="http://purl.org/dc/elements/1.1/">
    <dc:format>text/xml</dc:format>
    <dc:language>EN</dc:language>
    <dc:rights>Pursuant to Title 17 Section 105 of the United States Code, this file is not subject to copyright protection and is in the public domain.</dc:rights>
    <dc:contributor>Congressional Research Service, Library of Congress</dc:contributor>
    <dc:description>This file contains bill summaries and statuses for federal legislation. A bill summary describes the most significant provisions of a piece of legislation and details the effects the legislative text may have on current law and federal programs. Bill summaries are authored by the Congressional Research Service (CRS) of the Library of Congress. As stated in Public Law 91-510 (2 USC 166 (d)(6)), one of the duties of CRS is "to prepare summaries and digests of bills and resolutions of a public general nature introduced in the Senate or House of Representatives". For more information, refer to the User Guide that accompanies this file.</dc:description>
  </dublinCore>
</billStatus>

