<?xml version="1.0" encoding="UTF-8"?>
<billStatus>
  <bill>
    <congress>115</congress>
    <calendarNumbers />
    <cboCostEstimates />
    <actions>
      <actionByCounts>
        <houseOfRepresentatives>4</houseOfRepresentatives>
      </actionByCounts>
      <item>
        <actionDate>2017-01-05</actionDate>
        <committee>
          <systemCode>hsju05</systemCode>
          <name>Regulatory Reform, Commercial And Antitrust Law Subcommittee</name>
        </committee>
        <links />
        <sourceSystem>
          <name>House committee actions</name>
          <code>1</code>
        </sourceSystem>
        <text>Referred to the Subcommittee on Regulatory Reform, Commercial And Antitrust Law.</text>
        <type>Committee</type>
      </item>
      <item>
        <committee>
          <systemCode>hsju00</systemCode>
          <name>Judiciary Committee</name>
        </committee>
        <actionCode>H11100</actionCode>
        <type>IntroReferral</type>
        <text>Referred to the House Committee on the Judiciary.</text>
        <actionDate>2017-01-03</actionDate>
        <sourceSystem>
          <name>House floor actions</name>
          <code>2</code>
        </sourceSystem>
        <links />
      </item>
      <item>
        <committee />
        <actionCode>Intro-H</actionCode>
        <type>IntroReferral</type>
        <text>Introduced in House</text>
        <actionDate>2017-01-03</actionDate>
        <sourceSystem>
          <name>Library of Congress</name>
          <code>9</code>
        </sourceSystem>
        <links />
      </item>
      <item>
        <committee />
        <actionCode>1000</actionCode>
        <type>IntroReferral</type>
        <text>Introduced in House</text>
        <actionDate>2017-01-03</actionDate>
        <sourceSystem>
          <name>Library of Congress</name>
          <code>9</code>
        </sourceSystem>
        <links />
      </item>
      <actionTypeCounts>
        <billReferrals>1</billReferrals>
        <placeholderTextForH>1</placeholderTextForH>
        <introducedInHouse>1</introducedInHouse>
        <introducedInTheHouse>1</introducedInTheHouse>
      </actionTypeCounts>
    </actions>
    <relatedBills>
      <item>
        <latestTitle>Regulatory Accountability Act of 2017</latestTitle>
        <type>HR</type>
        <relationshipDetails>
          <item>
            <type>Related bill</type>
            <identifiedBy>CRS</identifiedBy>
          </item>
        </relationshipDetails>
        <number>5</number>
        <congress>115</congress>
        <latestAction>
          <actionDate>2017-01-11</actionDate>
          <actionTime>18:46:59</actionTime>
          <text>Motion to reconsider laid on the table Agreed to without objection.</text>
        </latestAction>
      </item>
    </relatedBills>
    <latestAction>
      <text>Referred to the Subcommittee on Regulatory Reform, Commercial And Antitrust Law.</text>
      <links />
      <actionDate>2017-01-05</actionDate>
    </latestAction>
    <originChamber>House</originChamber>
    <title>REVIEW Act of 2017</title>
    <titles>
      <item>
        <title>REVIEW Act of 2017</title>
        <parentTitleType />
        <chamberName />
        <titleType>Short Titles as Introduced</titleType>
        <chamberCode />
      </item>
      <item>
        <title>Require Evaluation before Implementing Executive Wishlists Act of 2017</title>
        <parentTitleType />
        <chamberName />
        <titleType>Short Titles as Introduced</titleType>
        <chamberCode />
      </item>
      <item>
        <title>To amend title 5, United States Code, to postpone the effective date of high-impact rules pending judicial review.</title>
        <parentTitleType />
        <chamberName />
        <titleType>Official Title as Introduced</titleType>
        <chamberCode />
      </item>
      <item>
        <title>REVIEW Act of 2017</title>
        <parentTitleType />
        <chamberName />
        <titleType>Display Title</titleType>
        <chamberCode />
      </item>
    </titles>
    <committeeReports />
    <updateDate>2017-01-12T09:57:49Z</updateDate>
    <billType>HR</billType>
    <recordedVotes />
    <subjects>
      <billSubjects>
        <legislativeSubjects>
          <item>
            <name>Administrative law and regulatory procedures</name>
          </item>
          <item>
            <name>Judicial review and appeals</name>
          </item>
        </legislativeSubjects>
        <policyArea>
          <name>Government Operations and Politics</name>
        </policyArea>
      </billSubjects>
    </subjects>
    <policyArea>
      <name>Government Operations and Politics</name>
    </policyArea>
    <laws />
    <amendments />
    <committees>
      <billCommittees>
        <item>
          <systemCode>hsju00</systemCode>
          <name>Judiciary Committee</name>
          <subcommittees>
            <item>
              <systemCode>hsju05</systemCode>
              <activities>
                <item>
                  <name>Referred to</name>
                  <date>2017-01-05T18:59:19Z</date>
                </item>
              </activities>
              <name>Regulatory Reform, Commercial And Antitrust Law Subcommittee</name>
            </item>
          </subcommittees>
          <chamber>House</chamber>
          <activities>
            <item>
              <name>Referred to</name>
              <date>2017-01-03T17:12:45Z</date>
            </item>
          </activities>
          <type>Standing</type>
        </item>
      </billCommittees>
    </committees>
    <sponsors>
      <item>
        <identifiers>
          <lisID>2053</lisID>
          <gpoId>8128</gpoId>
          <bioguideId>M001179</bioguideId>
        </identifiers>
        <state>PA</state>
        <bioguideId>M001179</bioguideId>
        <lastName>Marino</lastName>
        <middleName />
        <party>R</party>
        <district>10</district>
        <fullName>Rep. Marino, Tom [R-PA-10]</fullName>
        <byRequestType />
        <firstName>Tom</firstName>
      </item>
    </sponsors>
    <introducedDate>2017-01-03</introducedDate>
    <summaries>
      <billSummaries />
    </summaries>
    <notes />
    <createDate>2017-01-04T07:01:10Z</createDate>
    <billNumber>74</billNumber>
    <cosponsors>
      <item>
        <lastName>Bishop</lastName>
        <state>MI</state>
        <bioguideId>B001293</bioguideId>
        <firstName>Mike</firstName>
        <identifiers>
          <gpoId />
          <bioguideId>B001293</bioguideId>
          <lisID>2249</lisID>
        </identifiers>
        <sponsorshipDate>2017-01-03</sponsorshipDate>
        <party>R</party>
        <isOriginalCosponsor>True</isOriginalCosponsor>
        <sponsorshipWithdrawnDate />
        <district>8</district>
        <fullName>Rep. Bishop, Mike [R-MI-8]</fullName>
        <middleName />
      </item>
      <item>
        <lastName>Collins</lastName>
        <state>GA</state>
        <bioguideId>C001093</bioguideId>
        <firstName>Doug</firstName>
        <identifiers>
          <gpoId />
          <bioguideId>C001093</bioguideId>
          <lisID>2121</lisID>
        </identifiers>
        <sponsorshipDate>2017-01-03</sponsorshipDate>
        <party>R</party>
        <isOriginalCosponsor>True</isOriginalCosponsor>
        <sponsorshipWithdrawnDate />
        <district>9</district>
        <fullName>Rep. Collins, Doug [R-GA-9]</fullName>
        <middleName />
      </item>
      <item>
        <lastName>Gohmert</lastName>
        <state>TX</state>
        <bioguideId>G000552</bioguideId>
        <firstName>Louie</firstName>
        <identifiers>
          <bioguideId>G000552</bioguideId>
          <gpoId>8157</gpoId>
          <lisID>1801</lisID>
        </identifiers>
        <sponsorshipDate>2017-01-03</sponsorshipDate>
        <party>R</party>
        <isOriginalCosponsor>True</isOriginalCosponsor>
        <sponsorshipWithdrawnDate />
        <district>1</district>
        <fullName>Rep. Gohmert, Louie [R-TX-1]</fullName>
        <middleName />
      </item>
      <item>
        <lastName>GOODLATTE</lastName>
        <state>VA</state>
        <bioguideId>G000289</bioguideId>
        <firstName>ROBERT</firstName>
        <identifiers>
          <lisID>446</lisID>
          <gpoId>8197</gpoId>
          <bioguideId>G000289</bioguideId>
        </identifiers>
        <sponsorshipDate>2017-01-03</sponsorshipDate>
        <party>R</party>
        <isOriginalCosponsor>True</isOriginalCosponsor>
        <sponsorshipWithdrawnDate />
        <district>6</district>
        <fullName>Rep. Goodlatte, Bob [R-VA-6]</fullName>
        <middleName>W.</middleName>
      </item>
      <item>
        <lastName>Jenkins</lastName>
        <state>WV</state>
        <bioguideId>J000297</bioguideId>
        <firstName>Evan</firstName>
        <identifiers>
          <gpoId />
          <bioguideId>J000297</bioguideId>
          <lisID>2278</lisID>
        </identifiers>
        <sponsorshipDate>2017-01-03</sponsorshipDate>
        <party>R</party>
        <isOriginalCosponsor>True</isOriginalCosponsor>
        <sponsorshipWithdrawnDate />
        <district>3</district>
        <fullName>Rep. Jenkins, Evan H. [R-WV-3]</fullName>
        <middleName>H.</middleName>
      </item>
      <item>
        <lastName>SMITH</lastName>
        <state>TX</state>
        <bioguideId>S000583</bioguideId>
        <firstName>LAMAR</firstName>
        <identifiers>
          <lisID>1075</lisID>
          <gpoId>8177</gpoId>
          <bioguideId>S000583</bioguideId>
        </identifiers>
        <sponsorshipDate>2017-01-03</sponsorshipDate>
        <party>R</party>
        <isOriginalCosponsor>True</isOriginalCosponsor>
        <sponsorshipWithdrawnDate />
        <district>21</district>
        <fullName>Rep. Smith, Lamar [R-TX-21]</fullName>
        <middleName />
      </item>
      <item>
        <lastName>Wagner</lastName>
        <state>MO</state>
        <bioguideId>W000812</bioguideId>
        <firstName>Ann</firstName>
        <identifiers>
          <lisID>2137</lisID>
          <gpoId />
          <bioguideId>W000812</bioguideId>
        </identifiers>
        <sponsorshipDate>2017-01-03</sponsorshipDate>
        <party>R</party>
        <isOriginalCosponsor>True</isOriginalCosponsor>
        <sponsorshipWithdrawnDate />
        <district>2</district>
        <fullName>Rep. Wagner, Ann [R-MO-2]</fullName>
        <middleName />
      </item>
      <item>
        <lastName>Duffy</lastName>
        <state>WI</state>
        <bioguideId>D000614</bioguideId>
        <firstName>Sean</firstName>
        <identifiers>
          <lisID>2072</lisID>
          <gpoId>8220</gpoId>
          <bioguideId>D000614</bioguideId>
        </identifiers>
        <sponsorshipDate>2017-01-03</sponsorshipDate>
        <party>R</party>
        <isOriginalCosponsor>True</isOriginalCosponsor>
        <sponsorshipWithdrawnDate />
        <district>7</district>
        <fullName>Rep. Duffy, Sean P. [R-WI-7]</fullName>
        <middleName>P.</middleName>
      </item>
      <item>
        <lastName>Ratcliffe</lastName>
        <state>TX</state>
        <bioguideId>R000601</bioguideId>
        <firstName>John</firstName>
        <identifiers>
          <lisID>2268</lisID>
          <gpoId />
          <bioguideId>R000601</bioguideId>
        </identifiers>
        <sponsorshipDate>2017-01-03</sponsorshipDate>
        <party>R</party>
        <isOriginalCosponsor>True</isOriginalCosponsor>
        <sponsorshipWithdrawnDate />
        <district>4</district>
        <fullName>Rep. Ratcliffe, John [R-TX-4]</fullName>
        <middleName />
      </item>
      <item>
        <lastName>Griffith</lastName>
        <state>VA</state>
        <bioguideId>G000568</bioguideId>
        <firstName>H.</firstName>
        <identifiers>
          <gpoId>8200</gpoId>
          <bioguideId>G000568</bioguideId>
          <lisID>2070</lisID>
        </identifiers>
        <sponsorshipDate>2017-01-03</sponsorshipDate>
        <party>R</party>
        <isOriginalCosponsor>True</isOriginalCosponsor>
        <sponsorshipWithdrawnDate />
        <district>9</district>
        <fullName>Rep. Griffith, H. Morgan [R-VA-9]</fullName>
        <middleName>Morgan</middleName>
      </item>
      <item>
        <lastName>ISSA</lastName>
        <state>CA</state>
        <bioguideId>I000056</bioguideId>
        <firstName>DARRELL</firstName>
        <identifiers>
          <lisID>1640</lisID>
          <gpoId>7854</gpoId>
          <bioguideId>I000056</bioguideId>
        </identifiers>
        <sponsorshipDate>2017-01-03</sponsorshipDate>
        <party>R</party>
        <isOriginalCosponsor>True</isOriginalCosponsor>
        <sponsorshipWithdrawnDate />
        <district>49</district>
        <fullName>Rep. Issa, Darrell E. [R-CA-49]</fullName>
        <middleName>E.</middleName>
      </item>
      <item>
        <lastName>Grothman</lastName>
        <state>WI</state>
        <bioguideId>G000576</bioguideId>
        <firstName>Glenn</firstName>
        <identifiers>
          <lisID>2276</lisID>
          <gpoId />
          <bioguideId>G000576</bioguideId>
        </identifiers>
        <sponsorshipDate>2017-01-03</sponsorshipDate>
        <party>R</party>
        <isOriginalCosponsor>True</isOriginalCosponsor>
        <sponsorshipWithdrawnDate />
        <district>6</district>
        <fullName>Rep. Grothman, Glenn [R-WI-6]</fullName>
        <middleName />
      </item>
      <item>
        <lastName>Rokita</lastName>
        <state>IN</state>
        <bioguideId>R000592</bioguideId>
        <firstName>Todd</firstName>
        <identifiers>
          <bioguideId>R000592</bioguideId>
          <lisID>2017</lisID>
          <gpoId>7943</gpoId>
        </identifiers>
        <sponsorshipDate>2017-01-03</sponsorshipDate>
        <party>R</party>
        <isOriginalCosponsor>True</isOriginalCosponsor>
        <sponsorshipWithdrawnDate />
        <district>4</district>
        <fullName>Rep. Rokita, Todd [R-IN-4]</fullName>
        <middleName />
      </item>
      <item>
        <lastName>Franks</lastName>
        <state>AZ</state>
        <bioguideId>F000448</bioguideId>
        <firstName>Trent</firstName>
        <identifiers>
          <bioguideId>F000448</bioguideId>
          <lisID>1707</lisID>
          <gpoId>7799</gpoId>
        </identifiers>
        <sponsorshipDate>2017-01-03</sponsorshipDate>
        <party>R</party>
        <isOriginalCosponsor>True</isOriginalCosponsor>
        <sponsorshipWithdrawnDate />
        <district>8</district>
        <fullName>Rep. Franks, Trent [R-AZ-8]</fullName>
        <middleName />
      </item>
      <item>
        <lastName>Walters</lastName>
        <state>CA</state>
        <bioguideId>W000820</bioguideId>
        <firstName>Mimi</firstName>
        <identifiers>
          <gpoId />
          <bioguideId>W000820</bioguideId>
          <lisID>2232</lisID>
        </identifiers>
        <sponsorshipDate>2017-01-03</sponsorshipDate>
        <party>R</party>
        <isOriginalCosponsor>True</isOriginalCosponsor>
        <sponsorshipWithdrawnDate />
        <district>45</district>
        <fullName>Rep. Walters, Mimi [R-CA-45]</fullName>
        <middleName />
      </item>
      <item>
        <lastName>Hultgren</lastName>
        <state>IL</state>
        <bioguideId>H001059</bioguideId>
        <firstName>Randy</firstName>
        <identifiers>
          <lisID>2015</lisID>
          <gpoId>7934</gpoId>
          <bioguideId>H001059</bioguideId>
        </identifiers>
        <sponsorshipDate>2017-01-03</sponsorshipDate>
        <party>R</party>
        <isOriginalCosponsor>True</isOriginalCosponsor>
        <sponsorshipWithdrawnDate />
        <district>14</district>
        <fullName>Rep. Hultgren, Randy [R-IL-14]</fullName>
        <middleName />
      </item>
      <item>
        <lastName>Tipton</lastName>
        <state>CO</state>
        <bioguideId>T000470</bioguideId>
        <firstName>Scott</firstName>
        <identifiers>
          <bioguideId>T000470</bioguideId>
          <lisID>1997</lisID>
          <gpoId>7861</gpoId>
        </identifiers>
        <sponsorshipDate>2017-01-03</sponsorshipDate>
        <party>R</party>
        <isOriginalCosponsor>True</isOriginalCosponsor>
        <sponsorshipWithdrawnDate />
        <district>3</district>
        <fullName>Rep. Tipton, Scott  R. [R-CO-3]</fullName>
        <middleName>R.</middleName>
      </item>
      <item>
        <lastName>Kelly</lastName>
        <state>PA</state>
        <bioguideId>K000376</bioguideId>
        <firstName>Mike</firstName>
        <identifiers>
          <gpoId>8708</gpoId>
          <bioguideId>K000376</bioguideId>
          <lisID>2051</lisID>
        </identifiers>
        <sponsorshipDate>2017-01-03</sponsorshipDate>
        <party>R</party>
        <isOriginalCosponsor>True</isOriginalCosponsor>
        <sponsorshipWithdrawnDate />
        <district>3</district>
        <fullName>Rep. Kelly, Mike [R-PA-3]</fullName>
        <middleName />
      </item>
      <item>
        <lastName>McClintock</lastName>
        <state>CA</state>
        <bioguideId>M001177</bioguideId>
        <firstName>Tom</firstName>
        <identifiers>
          <lisID>1908</lisID>
          <gpoId>7809</gpoId>
          <bioguideId>M001177</bioguideId>
        </identifiers>
        <sponsorshipDate>2017-01-03</sponsorshipDate>
        <party>R</party>
        <isOriginalCosponsor>True</isOriginalCosponsor>
        <sponsorshipWithdrawnDate />
        <district>4</district>
        <fullName>Rep. McClintock, Tom [R-CA-4]</fullName>
        <middleName />
      </item>
      <item>
        <lastName>Yoho</lastName>
        <state>FL</state>
        <bioguideId>Y000065</bioguideId>
        <firstName>Ted</firstName>
        <identifiers>
          <bioguideId>Y000065</bioguideId>
          <gpoId />
          <lisID>2115</lisID>
        </identifiers>
        <sponsorshipDate>2017-01-03</sponsorshipDate>
        <party>R</party>
        <isOriginalCosponsor>True</isOriginalCosponsor>
        <sponsorshipWithdrawnDate />
        <district>3</district>
        <fullName>Rep. Yoho, Ted S. [R-FL-3]</fullName>
        <middleName>S.</middleName>
      </item>
      <item>
        <lastName>Labrador</lastName>
        <state>ID</state>
        <bioguideId>L000573</bioguideId>
        <firstName>Raul</firstName>
        <identifiers>
          <lisID>2011</lisID>
          <gpoId>7919</gpoId>
          <bioguideId>L000573</bioguideId>
        </identifiers>
        <sponsorshipDate>2017-01-03</sponsorshipDate>
        <party>R</party>
        <isOriginalCosponsor>True</isOriginalCosponsor>
        <sponsorshipWithdrawnDate />
        <district>1</district>
        <fullName>Rep. Labrador, Raul R. [R-ID-1]</fullName>
        <middleName>R.</middleName>
      </item>
      <item>
        <lastName>Brat</lastName>
        <state>VA</state>
        <bioguideId>B001290</bioguideId>
        <firstName>Dave</firstName>
        <identifiers>
          <bioguideId>B001290</bioguideId>
          <lisID>2203</lisID>
          <gpoId />
        </identifiers>
        <sponsorshipDate>2017-01-03</sponsorshipDate>
        <party>R</party>
        <isOriginalCosponsor>True</isOriginalCosponsor>
        <sponsorshipWithdrawnDate />
        <district>7</district>
        <fullName>Rep. Brat, Dave [R-VA-7]</fullName>
        <middleName />
      </item>
      <item>
        <lastName>Brooks</lastName>
        <state>AL</state>
        <bioguideId>B001274</bioguideId>
        <firstName>Mo</firstName>
        <identifiers>
          <lisID>1987</lisID>
          <gpoId>7790</gpoId>
          <bioguideId>B001274</bioguideId>
        </identifiers>
        <sponsorshipDate>2017-01-03</sponsorshipDate>
        <party>R</party>
        <isOriginalCosponsor>True</isOriginalCosponsor>
        <sponsorshipWithdrawnDate />
        <district>5</district>
        <fullName>Rep. Brooks, Mo [R-AL-5]</fullName>
        <middleName />
      </item>
      <item>
        <lastName>Lamborn</lastName>
        <state>CO</state>
        <bioguideId>L000564</bioguideId>
        <firstName>Doug</firstName>
        <identifiers>
          <gpoId>7863</gpoId>
          <bioguideId>L000564</bioguideId>
          <lisID>1834</lisID>
        </identifiers>
        <sponsorshipDate>2017-01-03</sponsorshipDate>
        <party>R</party>
        <isOriginalCosponsor>True</isOriginalCosponsor>
        <sponsorshipWithdrawnDate />
        <district>5</district>
        <fullName>Rep. Lamborn, Doug [R-CO-5]</fullName>
        <middleName />
      </item>
      <item>
        <lastName>Emmer</lastName>
        <state>MN</state>
        <bioguideId>E000294</bioguideId>
        <firstName>Tom</firstName>
        <identifiers>
          <bioguideId>E000294</bioguideId>
          <gpoId />
          <lisID>2253</lisID>
        </identifiers>
        <sponsorshipDate>2017-01-03</sponsorshipDate>
        <party>R</party>
        <isOriginalCosponsor>True</isOriginalCosponsor>
        <sponsorshipWithdrawnDate />
        <district>6</district>
        <fullName>Rep. Emmer, Tom [R-MN-6]</fullName>
        <middleName />
      </item>
      <item>
        <lastName>DeSantis</lastName>
        <state>FL</state>
        <bioguideId>D000621</bioguideId>
        <firstName>Ron</firstName>
        <identifiers>
          <gpoId />
          <bioguideId>D000621</bioguideId>
          <lisID>2116</lisID>
        </identifiers>
        <sponsorshipDate>2017-01-03</sponsorshipDate>
        <party>R</party>
        <isOriginalCosponsor>True</isOriginalCosponsor>
        <sponsorshipWithdrawnDate />
        <district>6</district>
        <fullName>Rep. DeSantis, Ron [R-FL-6]</fullName>
        <middleName />
      </item>
      <item>
        <lastName>SENSENBRENNER</lastName>
        <state>WI</state>
        <bioguideId>S000244</bioguideId>
        <firstName>F.</firstName>
        <identifiers>
          <lisID>1041</lisID>
          <gpoId>8218</gpoId>
          <bioguideId>S000244</bioguideId>
        </identifiers>
        <sponsorshipDate>2017-01-05</sponsorshipDate>
        <party>R</party>
        <isOriginalCosponsor>False</isOriginalCosponsor>
        <sponsorshipWithdrawnDate />
        <district>5</district>
        <fullName>Rep. Sensenbrenner, F. James, Jr. [R-WI-5]</fullName>
        <middleName>JAMES</middleName>
      </item>
      <item>
        <lastName>Trott</lastName>
        <state>MI</state>
        <bioguideId>T000475</bioguideId>
        <firstName>David</firstName>
        <identifiers>
          <lisID>2250</lisID>
          <gpoId />
          <bioguideId>T000475</bioguideId>
        </identifiers>
        <sponsorshipDate>2017-01-05</sponsorshipDate>
        <party>R</party>
        <isOriginalCosponsor>False</isOriginalCosponsor>
        <sponsorshipWithdrawnDate />
        <district>11</district>
        <fullName>Rep. Trott, David A. [R-MI-11]</fullName>
        <middleName>A.</middleName>
      </item>
      <item>
        <lastName>Garrett</lastName>
        <state>VA</state>
        <bioguideId>G000580</bioguideId>
        <firstName>Thomas</firstName>
        <identifiers>
          <gpoId />
          <bioguideId>G000580</bioguideId>
          <lisID>2353</lisID>
        </identifiers>
        <sponsorshipDate>2017-01-09</sponsorshipDate>
        <party>R</party>
        <isOriginalCosponsor>False</isOriginalCosponsor>
        <sponsorshipWithdrawnDate />
        <district>5</district>
        <fullName>Rep. Garrett, Thomas A., Jr. [R-VA-5]</fullName>
        <middleName>A.</middleName>
      </item>
      <item>
        <lastName>Black</lastName>
        <state>TN</state>
        <bioguideId>B001273</bioguideId>
        <firstName>Diane</firstName>
        <identifiers>
          <lisID>2063</lisID>
          <gpoId>8153</gpoId>
          <bioguideId>B001273</bioguideId>
        </identifiers>
        <sponsorshipDate>2017-01-09</sponsorshipDate>
        <party>R</party>
        <isOriginalCosponsor>False</isOriginalCosponsor>
        <sponsorshipWithdrawnDate />
        <district>6</district>
        <fullName>Rep. Black, Diane [R-TN-6]</fullName>
        <middleName />
      </item>
    </cosponsors>
    <constitutionalAuthorityStatementText />
  </bill>
  <dublinCore xmlns:dc="http://purl.org/dc/elements/1.1/">
    <dc:format>text/xml</dc:format>
    <dc:language>EN</dc:language>
    <dc:rights>Pursuant to Title 17 Section 105 of the United States Code, this file is not subject to copyright protection and is in the public domain.</dc:rights>
    <dc:contributor>Congressional Research Service, Library of Congress</dc:contributor>
    <dc:description>This file contains bill summaries and statuses for federal legislation. A bill summary describes the most significant provisions of a piece of legislation and details the effects the legislative text may have on current law and federal programs. Bill summaries are authored by the Congressional Research Service (CRS) of the Library of Congress. As stated in Public Law 91-510 (2 USC 166 (d)(6)), one of the duties of CRS is "to prepare summaries and digests of bills and resolutions of a public general nature introduced in the Senate or House of Representatives". For more information, refer to the User Guide that accompanies this file.</dc:description>
  </dublinCore>
</billStatus>

