<?xml version="1.0" encoding="UTF-8"?>
<billStatus>
  <bill>
    <congress>115</congress>
    <billNumber>527</billNumber>
    <cosponsors>
      <item>
        <sponsorshipDate>2017-01-13</sponsorshipDate>
        <party>R</party>
        <fullName>Rep. Simpson, Michael K. [R-ID-2]</fullName>
        <sponsorshipWithdrawnDate />
        <identifiers>
          <bioguideId>S001148</bioguideId>
          <gpoId>7920</gpoId>
          <lisID>1590</lisID>
        </identifiers>
        <firstName>MICHAEL</firstName>
        <state>ID</state>
        <district>2</district>
        <isOriginalCosponsor>True</isOriginalCosponsor>
        <bioguideId>S001148</bioguideId>
        <lastName>SIMPSON</lastName>
        <middleName>K.</middleName>
      </item>
      <item>
        <sponsorshipDate>2017-01-13</sponsorshipDate>
        <party>R</party>
        <fullName>Rep. Amodei, Mark E. [R-NV-2]</fullName>
        <sponsorshipWithdrawnDate />
        <identifiers>
          <bioguideId>A000369</bioguideId>
          <lisID>2090</lisID>
          <gpoId>8366</gpoId>
        </identifiers>
        <firstName>Mark</firstName>
        <state>NV</state>
        <district>2</district>
        <isOriginalCosponsor>True</isOriginalCosponsor>
        <bioguideId>A000369</bioguideId>
        <lastName>Amodei</lastName>
        <middleName>E.</middleName>
      </item>
      <item>
        <sponsorshipDate>2017-01-13</sponsorshipDate>
        <party>R</party>
        <fullName>Rep. Gosar, Paul A. [R-AZ-4]</fullName>
        <sponsorshipWithdrawnDate />
        <identifiers>
          <bioguideId>G000565</bioguideId>
          <lisID>1992</lisID>
          <gpoId>7798</gpoId>
        </identifiers>
        <firstName>Paul</firstName>
        <state>AZ</state>
        <district>4</district>
        <isOriginalCosponsor>True</isOriginalCosponsor>
        <bioguideId>G000565</bioguideId>
        <lastName>Gosar</lastName>
        <middleName>A.</middleName>
      </item>
      <item>
        <sponsorshipDate>2017-01-13</sponsorshipDate>
        <party>R</party>
        <fullName>Rep. Stewart, Chris [R-UT-2]</fullName>
        <sponsorshipWithdrawnDate />
        <identifiers>
          <bioguideId>S001192</bioguideId>
          <gpoId />
          <lisID>2168</lisID>
        </identifiers>
        <firstName>Chris</firstName>
        <state>UT</state>
        <district>2</district>
        <isOriginalCosponsor>True</isOriginalCosponsor>
        <bioguideId>S001192</bioguideId>
        <lastName>Stewart</lastName>
        <middleName />
      </item>
      <item>
        <sponsorshipDate>2017-01-13</sponsorshipDate>
        <party>R</party>
        <fullName>Rep. Love, Mia B. [R-UT-4]</fullName>
        <sponsorshipWithdrawnDate />
        <identifiers>
          <lisID>2271</lisID>
          <gpoId />
          <bioguideId>L000584</bioguideId>
        </identifiers>
        <firstName>Mia</firstName>
        <state>UT</state>
        <district>4</district>
        <isOriginalCosponsor>True</isOriginalCosponsor>
        <bioguideId>L000584</bioguideId>
        <lastName>Love</lastName>
        <middleName>B.</middleName>
      </item>
      <item>
        <sponsorshipDate>2017-01-13</sponsorshipDate>
        <party>R</party>
        <fullName>Rep. Labrador, Raul R. [R-ID-1]</fullName>
        <sponsorshipWithdrawnDate />
        <identifiers>
          <lisID>2011</lisID>
          <gpoId>7919</gpoId>
          <bioguideId>L000573</bioguideId>
        </identifiers>
        <firstName>Raul</firstName>
        <state>ID</state>
        <district>1</district>
        <isOriginalCosponsor>True</isOriginalCosponsor>
        <bioguideId>L000573</bioguideId>
        <lastName>Labrador</lastName>
        <middleName>R.</middleName>
      </item>
      <item>
        <sponsorshipDate>2017-01-13</sponsorshipDate>
        <party>R</party>
        <fullName>Rep. Chaffetz, Jason [R-UT-3]</fullName>
        <sponsorshipWithdrawnDate />
        <identifiers>
          <lisID>1956</lisID>
          <gpoId>8191</gpoId>
          <bioguideId>C001076</bioguideId>
        </identifiers>
        <firstName>Jason</firstName>
        <state>UT</state>
        <district>3</district>
        <isOriginalCosponsor>True</isOriginalCosponsor>
        <bioguideId>C001076</bioguideId>
        <lastName>Chaffetz</lastName>
        <middleName />
      </item>
      <item>
        <sponsorshipDate>2017-01-13</sponsorshipDate>
        <party>R</party>
        <fullName>Rep. McMorris Rodgers, Cathy [R-WA-5]</fullName>
        <sponsorshipWithdrawnDate />
        <identifiers>
          <gpoId>8209</gpoId>
          <bioguideId>M001159</bioguideId>
          <lisID>1809</lisID>
        </identifiers>
        <firstName>Cathy</firstName>
        <state>WA</state>
        <district>5</district>
        <isOriginalCosponsor>True</isOriginalCosponsor>
        <bioguideId>M001159</bioguideId>
        <lastName>McMorris Rodgers</lastName>
        <middleName />
      </item>
      <item>
        <sponsorshipDate>2017-01-13</sponsorshipDate>
        <party>R</party>
        <fullName>Rep. Tipton, Scott  R. [R-CO-3]</fullName>
        <sponsorshipWithdrawnDate />
        <identifiers>
          <lisID>1997</lisID>
          <gpoId>7861</gpoId>
          <bioguideId>T000470</bioguideId>
        </identifiers>
        <firstName>Scott</firstName>
        <state>CO</state>
        <district>3</district>
        <isOriginalCosponsor>True</isOriginalCosponsor>
        <bioguideId>T000470</bioguideId>
        <lastName>Tipton</lastName>
        <middleName>R.</middleName>
      </item>
      <item>
        <sponsorshipDate>2017-01-13</sponsorshipDate>
        <party>R</party>
        <fullName>Rep. Cheney, Liz [R-WY-At Large]</fullName>
        <sponsorshipWithdrawnDate />
        <identifiers>
          <lisID>2356</lisID>
          <gpoId />
          <bioguideId>C001109</bioguideId>
        </identifiers>
        <firstName>Liz</firstName>
        <state>WY</state>
        <district>0</district>
        <isOriginalCosponsor>True</isOriginalCosponsor>
        <bioguideId>C001109</bioguideId>
        <lastName>Cheney</lastName>
        <middleName />
      </item>
    </cosponsors>
    <subjects>
      <billSubjects>
        <legislativeSubjects />
      </billSubjects>
    </subjects>
    <relatedBills />
    <constitutionalAuthorityStatementText />
    <updateDate>2017-01-14T09:58:29Z</updateDate>
    <actions>
      <actionByCounts>
        <houseOfRepresentatives>3</houseOfRepresentatives>
      </actionByCounts>
      <item>
        <sourceSystem>
          <code>2</code>
          <name>House floor actions</name>
        </sourceSystem>
        <type>IntroReferral</type>
        <text>Referred to the House Committee on Natural Resources.</text>
        <committee>
          <systemCode>hsii00</systemCode>
          <name>Natural Resources Committee</name>
        </committee>
        <links />
        <actionDate>2017-01-13</actionDate>
        <actionCode>H11100</actionCode>
      </item>
      <item>
        <sourceSystem>
          <code>9</code>
          <name>Library of Congress</name>
        </sourceSystem>
        <type>IntroReferral</type>
        <text>Introduced in House</text>
        <committee />
        <links />
        <actionDate>2017-01-13</actionDate>
        <actionCode>Intro-H</actionCode>
      </item>
      <item>
        <sourceSystem>
          <code>9</code>
          <name>Library of Congress</name>
        </sourceSystem>
        <type>IntroReferral</type>
        <text>Introduced in House</text>
        <committee />
        <links />
        <actionDate>2017-01-13</actionDate>
        <actionCode>1000</actionCode>
      </item>
      <actionTypeCounts>
        <billReferrals>1</billReferrals>
        <introducedInTheHouse>1</introducedInTheHouse>
        <introducedInHouse>1</introducedInHouse>
      </actionTypeCounts>
    </actions>
    <summaries>
      <billSummaries />
    </summaries>
    <billType>HR</billType>
    <committeeReports />
    <originChamber>House</originChamber>
    <notes />
    <policyArea />
    <title>To provide for the conservation and preservation of the Greater Sage Grouse by facilitating State recovery plans, and for other purposes.</title>
    <createDate>2017-01-14T04:47:32Z</createDate>
    <sponsors>
      <item>
        <lastName>Bishop</lastName>
        <identifiers>
          <lisID>1753</lisID>
          <gpoId>8189</gpoId>
          <bioguideId>B001250</bioguideId>
        </identifiers>
        <byRequestType />
        <middleName />
        <state>UT</state>
        <firstName>Rob</firstName>
        <party>R</party>
        <fullName>Rep. Bishop, Rob [R-UT-1]</fullName>
        <district>1</district>
        <bioguideId>B001250</bioguideId>
      </item>
    </sponsors>
    <committees>
      <billCommittees>
        <item>
          <activities>
            <item>
              <name>Referred to</name>
              <date>2017-01-13T14:06:50Z</date>
            </item>
          </activities>
          <chamber>House</chamber>
          <systemCode>hsii00</systemCode>
          <name>Natural Resources Committee</name>
          <subcommittees />
          <type>Standing</type>
        </item>
      </billCommittees>
    </committees>
    <titles>
      <item>
        <chamberName />
        <title>To provide for the conservation and preservation of the Greater Sage Grouse by facilitating State recovery plans, and for other purposes.</title>
        <chamberCode />
        <titleType>Official Title as Introduced</titleType>
        <parentTitleType />
      </item>
      <item>
        <chamberName />
        <title>To provide for the conservation and preservation of the Greater Sage Grouse by facilitating State recovery plans, and for other purposes.</title>
        <chamberCode />
        <titleType>Display Title</titleType>
        <parentTitleType />
      </item>
    </titles>
    <recordedVotes />
    <cboCostEstimates />
    <laws />
    <latestAction>
      <links />
      <text>Referred to the House Committee on Natural Resources.</text>
      <actionDate>2017-01-13</actionDate>
    </latestAction>
    <calendarNumbers />
    <introducedDate>2017-01-13</introducedDate>
    <amendments />
  </bill>
  <dublinCore xmlns:dc="http://purl.org/dc/elements/1.1/">
    <dc:format>text/xml</dc:format>
    <dc:language>EN</dc:language>
    <dc:rights>Pursuant to Title 17 Section 105 of the United States Code, this file is not subject to copyright protection and is in the public domain.</dc:rights>
    <dc:contributor>Congressional Research Service, Library of Congress</dc:contributor>
    <dc:description>This file contains bill summaries and statuses for federal legislation. A bill summary describes the most significant provisions of a piece of legislation and details the effects the legislative text may have on current law and federal programs. Bill summaries are authored by the Congressional Research Service (CRS) of the Library of Congress. As stated in Public Law 91-510 (2 USC 166 (d)(6)), one of the duties of CRS is "to prepare summaries and digests of bills and resolutions of a public general nature introduced in the Senate or House of Representatives". For more information, refer to the User Guide that accompanies this file.</dc:description>
  </dublinCore>
</billStatus>

