<?xml version="1.0" encoding="UTF-8"?>
<billStatus>
  <bill>
    <actions>
      <item>
        <links />
        <type>IntroReferral</type>
        <actionCode>H11100</actionCode>
        <committee>
          <systemCode>hsif00</systemCode>
          <name>Energy and Commerce Committee</name>
        </committee>
        <text>Referred to the House Committee on Energy and Commerce.</text>
        <sourceSystem>
          <code>2</code>
          <name>House floor actions</name>
        </sourceSystem>
        <actionDate>2017-01-11</actionDate>
      </item>
      <item>
        <links />
        <type>IntroReferral</type>
        <actionCode>Intro-H</actionCode>
        <committee />
        <text>Introduced in House</text>
        <sourceSystem>
          <code>9</code>
          <name>Library of Congress</name>
        </sourceSystem>
        <actionDate>2017-01-11</actionDate>
      </item>
      <item>
        <links />
        <type>IntroReferral</type>
        <actionCode>1000</actionCode>
        <committee />
        <text>Introduced in House</text>
        <sourceSystem>
          <code>9</code>
          <name>Library of Congress</name>
        </sourceSystem>
        <actionDate>2017-01-11</actionDate>
      </item>
      <actionByCounts>
        <houseOfRepresentatives>3</houseOfRepresentatives>
      </actionByCounts>
      <actionTypeCounts>
        <billReferrals>1</billReferrals>
        <introducedInHouse>1</introducedInHouse>
        <introducedInTheHouse>1</introducedInTheHouse>
      </actionTypeCounts>
    </actions>
    <amendments />
    <updateDate>2017-01-12T09:58:09Z</updateDate>
    <titles>
      <item>
        <parentTitleType />
        <chamberCode />
        <chamberName />
        <titleType>Official Title as Introduced</titleType>
        <title>To deem the Step 2 compliance date for standards of performance for new residential wood heaters, new residential hydronic heaters, and forced-air furnaces to be May 15, 2023.</title>
      </item>
      <item>
        <parentTitleType />
        <chamberCode />
        <chamberName />
        <titleType>Display Title</titleType>
        <title>To deem the Step 2 compliance date for standards of performance for new residential wood heaters, new residential hydronic heaters, and forced-air furnaces to be May 15, 2023.</title>
      </item>
    </titles>
    <notes />
    <originChamber>House</originChamber>
    <committeeReports />
    <introducedDate>2017-01-11</introducedDate>
    <sponsors>
      <item>
        <middleName>C.</middleName>
        <firstName>COLLIN</firstName>
        <bioguideId>P000258</bioguideId>
        <district>7</district>
        <byRequestType />
        <state>MN</state>
        <identifiers>
          <lisID>910</lisID>
          <gpoId>8007</gpoId>
          <bioguideId>P000258</bioguideId>
        </identifiers>
        <party>D</party>
        <lastName>PETERSON</lastName>
        <fullName>Rep. Peterson, Collin C. [D-MN-7]</fullName>
      </item>
    </sponsors>
    <summaries>
      <billSummaries />
    </summaries>
    <calendarNumbers />
    <latestAction>
      <actionDate>2017-01-11</actionDate>
      <links />
      <text>Referred to the House Committee on Energy and Commerce.</text>
    </latestAction>
    <congress>115</congress>
    <cosponsors>
      <item>
        <bioguideId>G000289</bioguideId>
        <firstName>ROBERT</firstName>
        <party>R</party>
        <lastName>GOODLATTE</lastName>
        <sponsorshipDate>2017-01-11</sponsorshipDate>
        <middleName>W.</middleName>
        <state>VA</state>
        <district>6</district>
        <isOriginalCosponsor>True</isOriginalCosponsor>
        <sponsorshipWithdrawnDate />
        <identifiers>
          <lisID>446</lisID>
          <gpoId>8197</gpoId>
          <bioguideId>G000289</bioguideId>
        </identifiers>
        <fullName>Rep. Goodlatte, Bob [R-VA-6]</fullName>
      </item>
      <item>
        <bioguideId>S001195</bioguideId>
        <firstName>Jason</firstName>
        <party>R</party>
        <lastName>Smith</lastName>
        <sponsorshipDate>2017-01-11</sponsorshipDate>
        <middleName />
        <state>MO</state>
        <district>8</district>
        <isOriginalCosponsor>True</isOriginalCosponsor>
        <sponsorshipWithdrawnDate />
        <identifiers>
          <bioguideId>S001195</bioguideId>
          <lisID>2191</lisID>
          <gpoId />
        </identifiers>
        <fullName>Rep. Smith, Jason [R-MO-8]</fullName>
      </item>
      <item>
        <bioguideId>L000576</bioguideId>
        <firstName>Billy</firstName>
        <party>R</party>
        <lastName>Long</lastName>
        <sponsorshipDate>2017-01-11</sponsorshipDate>
        <middleName />
        <state>MO</state>
        <district>7</district>
        <isOriginalCosponsor>True</isOriginalCosponsor>
        <sponsorshipWithdrawnDate />
        <identifiers>
          <lisID>2033</lisID>
          <gpoId>8015</gpoId>
          <bioguideId>L000576</bioguideId>
        </identifiers>
        <fullName>Rep. Long, Billy [R-MO-7]</fullName>
      </item>
      <item>
        <bioguideId>L000587</bioguideId>
        <firstName>Jason</firstName>
        <party>R</party>
        <lastName>Lewis</lastName>
        <sponsorshipDate>2017-01-11</sponsorshipDate>
        <middleName />
        <state>MN</state>
        <district>2</district>
        <isOriginalCosponsor>True</isOriginalCosponsor>
        <sponsorshipWithdrawnDate />
        <identifiers>
          <bioguideId>L000587</bioguideId>
          <gpoId />
          <lisID>2335</lisID>
        </identifiers>
        <fullName>Rep. Lewis, Jason [R-MN-2]</fullName>
      </item>
      <item>
        <bioguideId>E000294</bioguideId>
        <firstName>Tom</firstName>
        <party>R</party>
        <lastName>Emmer</lastName>
        <sponsorshipDate>2017-01-11</sponsorshipDate>
        <middleName />
        <state>MN</state>
        <district>6</district>
        <isOriginalCosponsor>True</isOriginalCosponsor>
        <sponsorshipWithdrawnDate />
        <identifiers>
          <bioguideId>E000294</bioguideId>
          <gpoId />
          <lisID>2253</lisID>
        </identifiers>
        <fullName>Rep. Emmer, Tom [R-MN-6]</fullName>
      </item>
      <item>
        <bioguideId>S000244</bioguideId>
        <firstName>F.</firstName>
        <party>R</party>
        <lastName>SENSENBRENNER</lastName>
        <sponsorshipDate>2017-01-11</sponsorshipDate>
        <middleName>JAMES</middleName>
        <state>WI</state>
        <district>5</district>
        <isOriginalCosponsor>True</isOriginalCosponsor>
        <sponsorshipWithdrawnDate />
        <identifiers>
          <lisID>1041</lisID>
          <gpoId>8218</gpoId>
          <bioguideId>S000244</bioguideId>
        </identifiers>
        <fullName>Rep. Sensenbrenner, F. James, Jr. [R-WI-5]</fullName>
      </item>
      <item>
        <bioguideId>K000188</bioguideId>
        <firstName>RON</firstName>
        <party>D</party>
        <lastName>KIND</lastName>
        <sponsorshipDate>2017-01-11</sponsorshipDate>
        <middleName />
        <state>WI</state>
        <district>3</district>
        <isOriginalCosponsor>True</isOriginalCosponsor>
        <sponsorshipWithdrawnDate />
        <identifiers>
          <gpoId>8216</gpoId>
          <bioguideId>K000188</bioguideId>
          <lisID>1498</lisID>
        </identifiers>
        <fullName>Rep. Kind, Ron [D-WI-3]</fullName>
      </item>
    </cosponsors>
    <relatedBills />
    <subjects>
      <billSubjects>
        <legislativeSubjects />
      </billSubjects>
    </subjects>
    <laws />
    <constitutionalAuthorityStatementText />
    <title>To deem the Step 2 compliance date for standards of performance for new residential wood heaters, new residential hydronic heaters, and forced-air furnaces to be May 15, 2023.</title>
    <recordedVotes />
    <cboCostEstimates />
    <committees>
      <billCommittees>
        <item>
          <name>Energy and Commerce Committee</name>
          <activities>
            <item>
              <name>Referred to</name>
              <date>2017-01-11T15:01:45Z</date>
            </item>
          </activities>
          <subcommittees />
          <chamber>House</chamber>
          <type>Standing</type>
          <systemCode>hsif00</systemCode>
        </item>
      </billCommittees>
    </committees>
    <createDate>2017-01-12T04:45:50Z</createDate>
    <billType>HR</billType>
    <billNumber>453</billNumber>
    <policyArea />
  </bill>
  <dublinCore xmlns:dc="http://purl.org/dc/elements/1.1/">
    <dc:format>text/xml</dc:format>
    <dc:language>EN</dc:language>
    <dc:rights>Pursuant to Title 17 Section 105 of the United States Code, this file is not subject to copyright protection and is in the public domain.</dc:rights>
    <dc:contributor>Congressional Research Service, Library of Congress</dc:contributor>
    <dc:description>This file contains bill summaries and statuses for federal legislation. A bill summary describes the most significant provisions of a piece of legislation and details the effects the legislative text may have on current law and federal programs. Bill summaries are authored by the Congressional Research Service (CRS) of the Library of Congress. As stated in Public Law 91-510 (2 USC 166 (d)(6)), one of the duties of CRS is "to prepare summaries and digests of bills and resolutions of a public general nature introduced in the Senate or House of Representatives". For more information, refer to the User Guide that accompanies this file.</dc:description>
  </dublinCore>
</billStatus>

