<?xml version="1.0" encoding="UTF-8"?>
<billStatus>
  <bill>
    <committeeReports />
    <updateDate>2018-08-28T19:58:25Z</updateDate>
    <laws />
    <billType>HR</billType>
    <subjects>
      <billSubjects>
        <policyArea>
          <name>Immigration</name>
        </policyArea>
        <legislativeSubjects>
          <item>
            <name>Congressional oversight</name>
          </item>
          <item>
            <name>Crime victims</name>
          </item>
          <item>
            <name>Criminal justice information and records</name>
          </item>
          <item>
            <name>Immigration status and procedures</name>
          </item>
          <item>
            <name>Sanctions</name>
          </item>
          <item>
            <name>Visas and passports</name>
          </item>
        </legislativeSubjects>
      </billSubjects>
    </subjects>
    <policyArea>
      <name>Immigration</name>
    </policyArea>
    <recordedVotes />
    <originChamber>House</originChamber>
    <latestAction>
      <text>Referred to the Subcommittee on Immigration and Border Security.</text>
      <links />
      <actionDate>2017-01-31</actionDate>
    </latestAction>
    <constitutionalAuthorityStatementText><![CDATA[<pre>From the Congressional Record Online through the Government Publishing Office [<a href='http://www.gpo.gov'>www.gpo.gov</a>]By Mr. POE of Texas:H.R. 241.Congress has the power to enact this legislation pursuantto the following:Article 1, Section 8, Clause 4[Page H96]</pre>]]></constitutionalAuthorityStatementText>
    <billNumber>241</billNumber>
    <committees>
      <billCommittees>
        <item>
          <subcommittees>
            <item>
              <systemCode>hsju01</systemCode>
              <name>Immigration and Border Security Subcommittee</name>
              <activities>
                <item>
                  <date>2017-01-31T14:29:32Z</date>
                  <name>Referred to</name>
                </item>
              </activities>
            </item>
          </subcommittees>
          <type>Standing</type>
          <systemCode>hsju00</systemCode>
          <name>Judiciary Committee</name>
          <activities>
            <item>
              <date>2017-01-04T15:00:25Z</date>
              <name>Referred to</name>
            </item>
          </activities>
          <chamber>House</chamber>
        </item>
        <item>
          <subcommittees />
          <type>Standing</type>
          <systemCode>hsfa00</systemCode>
          <name>Foreign Affairs Committee</name>
          <activities>
            <item>
              <date>2017-01-04T15:00:30Z</date>
              <name>Referred to</name>
            </item>
          </activities>
          <chamber>House</chamber>
        </item>
      </billCommittees>
    </committees>
    <introducedDate>2017-01-04</introducedDate>
    <cosponsors>
      <item>
        <bioguideId>B001248</bioguideId>
        <lastName>Burgess</lastName>
        <isOriginalCosponsor>True</isOriginalCosponsor>
        <identifiers>
          <bioguideId>B001248</bioguideId>
          <lisID>1751</lisID>
          <gpoId>8182</gpoId>
        </identifiers>
        <district>26</district>
        <middleName>C.</middleName>
        <sponsorshipWithdrawnDate />
        <fullName>Rep. Burgess, Michael C. [R-TX-26]</fullName>
        <sponsorshipDate>2017-01-04</sponsorshipDate>
        <state>TX</state>
        <firstName>Michael</firstName>
        <party>R</party>
      </item>
      <item>
        <bioguideId>H001071</bioguideId>
        <lastName>Hice</lastName>
        <isOriginalCosponsor>True</isOriginalCosponsor>
        <identifiers>
          <lisID>2237</lisID>
          <bioguideId>H001071</bioguideId>
          <gpoId />
        </identifiers>
        <district>10</district>
        <middleName>B.</middleName>
        <sponsorshipWithdrawnDate />
        <fullName>Rep. Hice, Jody B. [R-GA-10]</fullName>
        <sponsorshipDate>2017-01-04</sponsorshipDate>
        <state>GA</state>
        <firstName>Jody</firstName>
        <party>R</party>
      </item>
      <item>
        <bioguideId>G000565</bioguideId>
        <lastName>Gosar</lastName>
        <isOriginalCosponsor>True</isOriginalCosponsor>
        <identifiers>
          <bioguideId>G000565</bioguideId>
          <lisID>1992</lisID>
          <gpoId>7798</gpoId>
        </identifiers>
        <district>4</district>
        <middleName>A.</middleName>
        <sponsorshipWithdrawnDate />
        <fullName>Rep. Gosar, Paul A. [R-AZ-4]</fullName>
        <sponsorshipDate>2017-01-04</sponsorshipDate>
        <state>AZ</state>
        <firstName>Paul</firstName>
        <party>R</party>
      </item>
      <item>
        <bioguideId>W000814</bioguideId>
        <lastName>Weber</lastName>
        <isOriginalCosponsor>True</isOriginalCosponsor>
        <identifiers>
          <lisID>2161</lisID>
          <gpoId />
          <bioguideId>W000814</bioguideId>
        </identifiers>
        <district>14</district>
        <middleName>K.</middleName>
        <sponsorshipWithdrawnDate />
        <fullName>Rep. Weber, Randy K., Sr. [R-TX-14]</fullName>
        <sponsorshipDate>2017-01-04</sponsorshipDate>
        <state>TX</state>
        <firstName>Randy</firstName>
        <party>R</party>
      </item>
      <item>
        <bioguideId>B001274</bioguideId>
        <lastName>Brooks</lastName>
        <isOriginalCosponsor>True</isOriginalCosponsor>
        <identifiers>
          <lisID>1987</lisID>
          <gpoId>7790</gpoId>
          <bioguideId>B001274</bioguideId>
        </identifiers>
        <district>5</district>
        <middleName />
        <sponsorshipWithdrawnDate />
        <fullName>Rep. Brooks, Mo [R-AL-5]</fullName>
        <sponsorshipDate>2017-01-04</sponsorshipDate>
        <state>AL</state>
        <firstName>Mo</firstName>
        <party>R</party>
      </item>
      <item>
        <bioguideId>F000448</bioguideId>
        <lastName>Franks</lastName>
        <isOriginalCosponsor>True</isOriginalCosponsor>
        <identifiers>
          <gpoId>7799</gpoId>
          <lisID>1707</lisID>
          <bioguideId>F000448</bioguideId>
        </identifiers>
        <district>8</district>
        <middleName />
        <sponsorshipWithdrawnDate />
        <fullName>Rep. Franks, Trent [R-AZ-8]</fullName>
        <sponsorshipDate>2017-01-04</sponsorshipDate>
        <state>AZ</state>
        <firstName>Trent</firstName>
        <party>R</party>
      </item>
      <item>
        <bioguideId>F000460</bioguideId>
        <lastName>Farenthold</lastName>
        <isOriginalCosponsor>True</isOriginalCosponsor>
        <identifiers>
          <bioguideId>F000460</bioguideId>
          <lisID>2067</lisID>
          <gpoId>8183</gpoId>
        </identifiers>
        <district>27</district>
        <middleName />
        <sponsorshipWithdrawnDate />
        <fullName>Rep. Farenthold, Blake [R-TX-27]</fullName>
        <sponsorshipDate>2017-01-04</sponsorshipDate>
        <state>TX</state>
        <firstName>Blake</firstName>
        <party>R</party>
      </item>
      <item>
        <bioguideId>B001273</bioguideId>
        <lastName>Black</lastName>
        <isOriginalCosponsor>True</isOriginalCosponsor>
        <identifiers>
          <lisID>2063</lisID>
          <bioguideId>B001273</bioguideId>
          <gpoId>8153</gpoId>
        </identifiers>
        <district>6</district>
        <middleName />
        <sponsorshipWithdrawnDate />
        <fullName>Rep. Black, Diane [R-TN-6]</fullName>
        <sponsorshipDate>2017-01-04</sponsorshipDate>
        <state>TN</state>
        <firstName>Diane</firstName>
        <party>R</party>
      </item>
      <item>
        <bioguideId>J000255</bioguideId>
        <lastName>JONES</lastName>
        <isOriginalCosponsor>False</isOriginalCosponsor>
        <identifiers>
          <lisID>612</lisID>
          <bioguideId>J000255</bioguideId>
          <gpoId>8026</gpoId>
        </identifiers>
        <district>3</district>
        <middleName>B.</middleName>
        <sponsorshipWithdrawnDate />
        <fullName>Rep. Jones, Walter B., Jr. [R-NC-3]</fullName>
        <sponsorshipDate>2017-01-11</sponsorshipDate>
        <state>NC</state>
        <firstName>WALTER</firstName>
        <party>R</party>
      </item>
      <item>
        <bioguideId>M001158</bioguideId>
        <lastName>Marchant</lastName>
        <isOriginalCosponsor>False</isOriginalCosponsor>
        <identifiers>
          <bioguideId>M001158</bioguideId>
          <lisID>1806</lisID>
          <gpoId>8766</gpoId>
        </identifiers>
        <district>24</district>
        <middleName />
        <sponsorshipWithdrawnDate />
        <fullName>Rep. Marchant, Kenny [R-TX-24]</fullName>
        <sponsorshipDate>2017-01-12</sponsorshipDate>
        <state>TX</state>
        <firstName>Kenny</firstName>
        <party>R</party>
      </item>
      <item>
        <bioguideId>G000552</bioguideId>
        <lastName>Gohmert</lastName>
        <isOriginalCosponsor>False</isOriginalCosponsor>
        <identifiers>
          <lisID>1801</lisID>
          <gpoId>8157</gpoId>
          <bioguideId>G000552</bioguideId>
        </identifiers>
        <district>1</district>
        <middleName />
        <sponsorshipWithdrawnDate />
        <fullName>Rep. Gohmert, Louie [R-TX-1]</fullName>
        <sponsorshipDate>2017-01-12</sponsorshipDate>
        <state>TX</state>
        <firstName>Louie</firstName>
        <party>R</party>
      </item>
      <item>
        <bioguideId>G000576</bioguideId>
        <lastName>Grothman</lastName>
        <isOriginalCosponsor>False</isOriginalCosponsor>
        <identifiers>
          <lisID>2276</lisID>
          <gpoId />
          <bioguideId>G000576</bioguideId>
        </identifiers>
        <district>6</district>
        <middleName />
        <sponsorshipWithdrawnDate />
        <fullName>Rep. Grothman, Glenn [R-WI-6]</fullName>
        <sponsorshipDate>2017-01-12</sponsorshipDate>
        <state>WI</state>
        <firstName>Glenn</firstName>
        <party>R</party>
      </item>
      <item>
        <bioguideId>B001289</bioguideId>
        <lastName>Byrne</lastName>
        <isOriginalCosponsor>False</isOriginalCosponsor>
        <identifiers>
          <lisID>2197</lisID>
          <gpoId />
          <bioguideId>B001289</bioguideId>
        </identifiers>
        <district>1</district>
        <middleName />
        <sponsorshipWithdrawnDate />
        <fullName>Rep. Byrne, Bradley [R-AL-1]</fullName>
        <sponsorshipDate>2017-02-01</sponsorshipDate>
        <state>AL</state>
        <firstName>Bradley</firstName>
        <party>R</party>
      </item>
      <item>
        <bioguideId>S000583</bioguideId>
        <lastName>SMITH</lastName>
        <isOriginalCosponsor>False</isOriginalCosponsor>
        <identifiers>
          <lisID>1075</lisID>
          <bioguideId>S000583</bioguideId>
          <gpoId>8177</gpoId>
        </identifiers>
        <district>21</district>
        <middleName />
        <sponsorshipWithdrawnDate />
        <fullName>Rep. Smith, Lamar [R-TX-21]</fullName>
        <sponsorshipDate>2017-02-01</sponsorshipDate>
        <state>TX</state>
        <firstName>LAMAR</firstName>
        <party>R</party>
      </item>
      <item>
        <bioguideId>K000362</bioguideId>
        <lastName>King</lastName>
        <isOriginalCosponsor>False</isOriginalCosponsor>
        <identifiers>
          <lisID>1724</lisID>
          <gpoId>7918</gpoId>
          <bioguideId>K000362</bioguideId>
        </identifiers>
        <district>4</district>
        <middleName />
        <sponsorshipWithdrawnDate />
        <fullName>Rep. King, Steve [R-IA-4]</fullName>
        <sponsorshipDate>2017-02-14</sponsorshipDate>
        <state>IA</state>
        <firstName>Steve</firstName>
        <party>R</party>
      </item>
      <item>
        <bioguideId>H001036</bioguideId>
        <lastName>Hensarling</lastName>
        <isOriginalCosponsor>False</isOriginalCosponsor>
        <identifiers>
          <lisID>1749</lisID>
          <bioguideId>H001036</bioguideId>
          <gpoId>8161</gpoId>
        </identifiers>
        <district>5</district>
        <middleName />
        <sponsorshipWithdrawnDate />
        <fullName>Rep. Hensarling, Jeb [R-TX-5]</fullName>
        <sponsorshipDate>2017-02-14</sponsorshipDate>
        <state>TX</state>
        <firstName>Jeb</firstName>
        <party>R</party>
      </item>
      <item>
        <bioguideId>O000168</bioguideId>
        <lastName>Olson</lastName>
        <isOriginalCosponsor>False</isOriginalCosponsor>
        <identifiers>
          <lisID>1955</lisID>
          <bioguideId>O000168</bioguideId>
          <gpoId>8178</gpoId>
        </identifiers>
        <district>22</district>
        <middleName />
        <sponsorshipWithdrawnDate />
        <fullName>Rep. Olson, Pete [R-TX-22]</fullName>
        <sponsorshipDate>2017-09-26</sponsorshipDate>
        <state>TX</state>
        <firstName>Pete</firstName>
        <party>R</party>
      </item>
    </cosponsors>
    <notes />
    <relatedBills>
      <item>
        <type>HR</type>
        <number>2431</number>
        <latestAction>
          <actionDate>2017-05-24</actionDate>
          <text>Ordered to be Reported (Amended) by the Yeas and Nays: 19 - 13.</text>
        </latestAction>
        <congress>115</congress>
        <relationshipDetails>
          <item>
            <type>Related bill</type>
            <identifiedBy>CRS</identifiedBy>
          </item>
        </relationshipDetails>
        <latestTitle>Michael Davis, Jr. and Danny Oliver in Honor of State and Local Law Enforcement Act</latestTitle>
      </item>
      <item>
        <type>HR</type>
        <number>4760</number>
        <latestAction>
          <actionDate>2018-06-21</actionDate>
          <text>Motion to reconsider laid on the table Agreed to without objection.</text>
          <actionTime>14:13:10</actionTime>
        </latestAction>
        <congress>115</congress>
        <relationshipDetails>
          <item>
            <type>Related bill</type>
            <identifiedBy>CRS</identifiedBy>
          </item>
        </relationshipDetails>
        <latestTitle>Securing America's Future Act of 2018</latestTitle>
      </item>
    </relatedBills>
    <title>Timely Repatriation Act</title>
    <sponsors>
      <item>
        <district>2</district>
        <fullName>Rep. Poe, Ted [R-TX-2]</fullName>
        <firstName>Ted</firstName>
        <lastName>Poe</lastName>
        <state>TX</state>
        <bioguideId>P000592</bioguideId>
        <party>R</party>
        <identifiers>
          <lisID>1802</lisID>
          <bioguideId>P000592</bioguideId>
          <gpoId>8158</gpoId>
        </identifiers>
        <byRequestType />
        <middleName />
      </item>
    </sponsors>
    <congress>115</congress>
    <version>1.0.0</version>
    <amendments />
    <titles>
      <item>
        <chamberCode />
        <titleType>Short Titles as Introduced</titleType>
        <parentTitleType />
        <chamberName />
        <title>Timely Repatriation Act</title>
      </item>
      <item>
        <chamberCode />
        <titleType>Official Title as Introduced</titleType>
        <parentTitleType />
        <chamberName />
        <title>To provide for sanctions on countries that have refused or unreasonably delayed repatriation of an alien who is a national of that country, or that have an excessive repatriation failure rate, and for other purposes.</title>
      </item>
      <item>
        <chamberCode />
        <titleType>Display Title</titleType>
        <parentTitleType />
        <chamberName />
        <title>Timely Repatriation Act</title>
      </item>
      <item>
        <chamberCode />
        <titleType>(Extracted from GPO) Short Titles as Introduced</titleType>
        <parentTitleType />
        <chamberName />
        <title>Timely Repatriation Act</title>
      </item>
    </titles>
    <createDate>2017-01-05T04:47:32Z</createDate>
    <cboCostEstimates />
    <calendarNumbers />
    <actions>
      <item>
        <actionDate>2017-01-31</actionDate>
        <committee>
          <systemCode>hsju01</systemCode>
          <name>Immigration and Border Security Subcommittee</name>
        </committee>
        <links />
        <sourceSystem>
          <code>1</code>
          <name>House committee actions</name>
        </sourceSystem>
        <text>Referred to the Subcommittee on Immigration and Border Security.</text>
        <type>Committee</type>
      </item>
      <item>
        <actionDate>2017-01-04</actionDate>
        <actionCode>H11100</actionCode>
        <text>Referred to the Committee on the Judiciary, and in addition to the Committee on Foreign Affairs, for a period to be subsequently determined by the Speaker, in each case for consideration of such provisions as fall within the jurisdiction of the committee concerned.</text>
        <committee>
          <systemCode>hsfa00</systemCode>
          <name>Foreign Affairs Committee</name>
        </committee>
        <links />
        <type>IntroReferral</type>
        <sourceSystem>
          <code>2</code>
          <name>House floor actions</name>
        </sourceSystem>
      </item>
      <item>
        <actionDate>2017-01-04</actionDate>
        <actionCode>H11100-A</actionCode>
        <text>Referred to the Committee on the Judiciary, and in addition to the Committee on Foreign Affairs, for a period to be subsequently determined by the Speaker, in each case for consideration of such provisions as fall within the jurisdiction of the committee concerned.</text>
        <committee />
        <links />
        <type>IntroReferral</type>
        <sourceSystem>
          <code>9</code>
          <name>Library of Congress</name>
        </sourceSystem>
      </item>
      <item>
        <actionDate>2017-01-04</actionDate>
        <actionCode>H11100</actionCode>
        <text>Referred to the Committee on the Judiciary, and in addition to the Committee on Foreign Affairs, for a period to be subsequently determined by the Speaker, in each case for consideration of such provisions as fall within the jurisdiction of the committee concerned.</text>
        <committee>
          <systemCode>hsju00</systemCode>
          <name>Judiciary Committee</name>
        </committee>
        <links />
        <type>IntroReferral</type>
        <sourceSystem>
          <code>2</code>
          <name>House floor actions</name>
        </sourceSystem>
      </item>
      <item>
        <actionDate>2017-01-04</actionDate>
        <actionCode>Intro-H</actionCode>
        <text>Introduced in House</text>
        <committee />
        <links />
        <type>IntroReferral</type>
        <sourceSystem>
          <code>9</code>
          <name>Library of Congress</name>
        </sourceSystem>
      </item>
      <item>
        <actionDate>2017-01-04</actionDate>
        <actionCode>1000</actionCode>
        <text>Introduced in House</text>
        <committee />
        <links />
        <type>IntroReferral</type>
        <sourceSystem>
          <code>9</code>
          <name>Library of Congress</name>
        </sourceSystem>
      </item>
      <actionTypeCounts>
        <placeholderTextForH>1</placeholderTextForH>
        <billReferralsAggregate>1</billReferralsAggregate>
        <billReferrals>2</billReferrals>
        <introducedInHouse>1</introducedInHouse>
        <introducedInTheHouse>1</introducedInTheHouse>
      </actionTypeCounts>
      <actionByCounts>
        <houseOfRepresentatives>6</houseOfRepresentatives>
      </actionByCounts>
    </actions>
    <summaries>
      <billSummaries>
        <item>
          <updateDate>2017-01-04T05:00:00Z</updateDate>
          <versionCode>00</versionCode>
          <name>Introduced in House</name>
          <text><![CDATA[<p> <strong>Timely Repatriation Act </strong></p> <p>This bill directs the Department of Homeland Security (DHS) to publish a report every six months listing: (1) countries that have refused or unreasonably delayed repatriation of an alien who is a national of that country (the report must include the total number of such aliens) and countries that have an excessive repatriation failure rate, and (2) each country that was included in both the report preceding the current report and the current report (DHS may exclude a country if the total number of nonrepatriations outstanding is less than 10 for the preceding three-year period).</p> <p>The Department of State, with respect to a listed country: (1) may not issue visas to attendants, servants, and personal employees of such country's officials and employees who receive nonimmigrant status; and (2) shall reduce the number of visas available for such country's diplomats and officials/employees by 10% for each six months that a country is listed.</p>]]></text>
          <actionDate>2017-01-04</actionDate>
          <actionDesc>Introduced in House</actionDesc>
          <lastSummaryUpdateDate>2017-01-30T21:24:58Z</lastSummaryUpdateDate>
        </item>
      </billSummaries>
    </summaries>
  </bill>
  <dublinCore xmlns:dc="http://purl.org/dc/elements/1.1/">
    <dc:format>text/xml</dc:format>
    <dc:language>EN</dc:language>
    <dc:rights>Pursuant to Title 17 Section 105 of the United States Code, this file is not subject to copyright protection and is in the public domain.</dc:rights>
    <dc:contributor>Congressional Research Service, Library of Congress</dc:contributor>
    <dc:description>This file contains bill summaries and statuses for federal legislation. A bill summary describes the most significant provisions of a piece of legislation and details the effects the legislative text may have on current law and federal programs. Bill summaries are authored by the Congressional Research Service (CRS) of the Library of Congress. As stated in Public Law 91-510 (2 USC 166 (d)(6)), one of the duties of CRS is "to prepare summaries and digests of bills and resolutions of a public general nature introduced in the Senate or House of Representatives". For more information, refer to the User Guide that accompanies this file.</dc:description>
  </dublinCore>
</billStatus>

