<?xml version="1.0" encoding="UTF-8"?>
<billStatus>
  <bill>
    <amendments />
    <actions>
      <item>
        <links />
        <actionDate>2017-01-06</actionDate>
        <committee>
          <systemCode>hsii00</systemCode>
          <name>Natural Resources Committee</name>
        </committee>
        <sourceSystem>
          <name>House floor actions</name>
          <code>2</code>
        </sourceSystem>
        <text>Referred to the House Committee on Natural Resources.</text>
        <actionCode>H11100</actionCode>
        <type>IntroReferral</type>
      </item>
      <item>
        <links />
        <actionDate>2017-01-06</actionDate>
        <committee />
        <sourceSystem>
          <name>Library of Congress</name>
          <code>9</code>
        </sourceSystem>
        <text>Introduced in House</text>
        <actionCode>Intro-H</actionCode>
        <type>IntroReferral</type>
      </item>
      <item>
        <links />
        <actionDate>2017-01-06</actionDate>
        <committee />
        <sourceSystem>
          <name>Library of Congress</name>
          <code>9</code>
        </sourceSystem>
        <text>Introduced in House</text>
        <actionCode>1000</actionCode>
        <type>IntroReferral</type>
      </item>
      <actionTypeCounts>
        <introducedInHouse>1</introducedInHouse>
        <billReferrals>1</billReferrals>
        <introducedInTheHouse>1</introducedInTheHouse>
      </actionTypeCounts>
      <actionByCounts>
        <houseOfRepresentatives>3</houseOfRepresentatives>
      </actionByCounts>
    </actions>
    <committees>
      <billCommittees>
        <item>
          <subcommittees />
          <type>Standing</type>
          <systemCode>hsii00</systemCode>
          <activities>
            <item>
              <name>Referred to</name>
              <date>2017-01-06T17:02:10Z</date>
            </item>
          </activities>
          <chamber>House</chamber>
          <name>Natural Resources Committee</name>
        </item>
      </billCommittees>
    </committees>
    <billNumber>360</billNumber>
    <policyArea>
      <name>Public Lands and Natural Resources</name>
    </policyArea>
    <subjects>
      <billSubjects>
        <policyArea>
          <name>Public Lands and Natural Resources</name>
        </policyArea>
        <legislativeSubjects />
      </billSubjects>
    </subjects>
    <relatedBills />
    <updateDate>2017-01-23T16:31:16Z</updateDate>
    <laws />
    <createDate>2017-01-07T04:48:26Z</createDate>
    <constitutionalAuthorityStatementText><![CDATA[<pre>From the Congressional Record Online through the Government Publishing Office [<a href='http://www.gpo.gov'>www.gpo.gov</a>]By Mr. GRIJALVA:H.R. 360.Congress has the power to enact this legislation pursuantto the following:U.S. Const. art. I, sec. 8, cl. 3To regulate Commerce with foreign Nations, and among theseveral States, and with the Indian tribes;U.S. Cont. art. IV, sec. 3, cl. 2, sen. aThe Congress shall have Power to dispose of and make allneedful Rules and Regulations respecting the Territory orother Property belonging to the United States;[Page H195]</pre>]]></constitutionalAuthorityStatementText>
    <introducedDate>2017-01-06</introducedDate>
    <cosponsors>
      <item>
        <fullName>Rep. Napolitano, Grace F. [D-CA-32]</fullName>
        <lastName>NAPOLITANO</lastName>
        <party>D</party>
        <bioguideId>N000179</bioguideId>
        <identifiers>
          <bioguideId>N000179</bioguideId>
          <gpoId>7843</gpoId>
          <lisID>1602</lisID>
        </identifiers>
        <middleName>F.</middleName>
        <state>CA</state>
        <sponsorshipWithdrawnDate />
        <firstName>GRACE</firstName>
        <sponsorshipDate>2017-01-13</sponsorshipDate>
        <district>32</district>
        <isOriginalCosponsor>False</isOriginalCosponsor>
      </item>
      <item>
        <fullName>Rep. Norton, Eleanor Holmes [D-DC-At Large]</fullName>
        <lastName>NORTON</lastName>
        <party>D</party>
        <bioguideId>N000147</bioguideId>
        <identifiers>
          <lisID>868</lisID>
          <bioguideId>N000147</bioguideId>
          <gpoId>7871</gpoId>
        </identifiers>
        <middleName>HOLMES</middleName>
        <state>DC</state>
        <sponsorshipWithdrawnDate />
        <firstName>ELEANOR</firstName>
        <sponsorshipDate>2017-01-13</sponsorshipDate>
        <district>0</district>
        <isOriginalCosponsor>False</isOriginalCosponsor>
      </item>
      <item>
        <fullName>Rep. Tsongas, Niki [D-MA-3]</fullName>
        <lastName>Tsongas</lastName>
        <party>D</party>
        <bioguideId>T000465</bioguideId>
        <identifiers>
          <lisID>1884</lisID>
          <bioguideId>T000465</bioguideId>
          <gpoId>7970</gpoId>
        </identifiers>
        <middleName />
        <state>MA</state>
        <sponsorshipWithdrawnDate />
        <firstName>Niki</firstName>
        <sponsorshipDate>2017-01-13</sponsorshipDate>
        <district>3</district>
        <isOriginalCosponsor>False</isOriginalCosponsor>
      </item>
      <item>
        <fullName>Rep. Clay, Wm. Lacy [D-MO-1]</fullName>
        <lastName>CLAY</lastName>
        <party>D</party>
        <bioguideId>C001049</bioguideId>
        <identifiers>
          <gpoId>8009</gpoId>
          <lisID>1654</lisID>
          <bioguideId>C001049</bioguideId>
        </identifiers>
        <middleName>LACY</middleName>
        <state>MO</state>
        <sponsorshipWithdrawnDate />
        <firstName>WM.</firstName>
        <sponsorshipDate>2017-01-13</sponsorshipDate>
        <district>1</district>
        <isOriginalCosponsor>False</isOriginalCosponsor>
      </item>
      <item>
        <fullName>Rep. Soto, Darren [D-FL-9]</fullName>
        <lastName>Soto</lastName>
        <party>D</party>
        <bioguideId>S001200</bioguideId>
        <identifiers>
          <gpoId />
          <bioguideId>S001200</bioguideId>
          <lisID>2319</lisID>
        </identifiers>
        <middleName />
        <state>FL</state>
        <sponsorshipWithdrawnDate />
        <firstName>Darren</firstName>
        <sponsorshipDate>2017-01-13</sponsorshipDate>
        <district>9</district>
        <isOriginalCosponsor>False</isOriginalCosponsor>
      </item>
    </cosponsors>
    <sponsors>
      <item>
        <party>D</party>
        <lastName>Grijalva</lastName>
        <fullName>Rep. Grijalva, Raul M. [D-AZ-3]</fullName>
        <bioguideId>G000551</bioguideId>
        <middleName>M.</middleName>
        <district>3</district>
        <byRequestType />
        <identifiers>
          <gpoId>7804</gpoId>
          <lisID>1708</lisID>
          <bioguideId>G000551</bioguideId>
        </identifiers>
        <state>AZ</state>
        <firstName>Raul</firstName>
      </item>
    </sponsors>
    <cboCostEstimates />
    <billType>HR</billType>
    <recordedVotes />
    <notes />
    <originChamber>House</originChamber>
    <summaries>
      <billSummaries />
    </summaries>
    <latestAction>
      <links />
      <text>Referred to the House Committee on Natural Resources.</text>
      <actionDate>2017-01-06</actionDate>
    </latestAction>
    <titles>
      <item>
        <titleType>Short Titles as Introduced</titleType>
        <parentTitleType />
        <title>Greater Grand Canyon Heritage National Monument Act</title>
        <chamberCode />
        <chamberName />
      </item>
      <item>
        <titleType>Official Title as Introduced</titleType>
        <parentTitleType />
        <title>To designate the Greater Grand Canyon Heritage National Monument in the State of Arizona, and for other purposes.</title>
        <chamberCode />
        <chamberName />
      </item>
      <item>
        <titleType>Display Title</titleType>
        <parentTitleType />
        <title>Greater Grand Canyon Heritage National Monument Act</title>
        <chamberCode />
        <chamberName />
      </item>
    </titles>
    <title>Greater Grand Canyon Heritage National Monument Act</title>
    <calendarNumbers />
    <committeeReports />
    <congress>115</congress>
  </bill>
  <dublinCore xmlns:dc="http://purl.org/dc/elements/1.1/">
    <dc:format>text/xml</dc:format>
    <dc:language>EN</dc:language>
    <dc:rights>Pursuant to Title 17 Section 105 of the United States Code, this file is not subject to copyright protection and is in the public domain.</dc:rights>
    <dc:contributor>Congressional Research Service, Library of Congress</dc:contributor>
    <dc:description>This file contains bill summaries and statuses for federal legislation. A bill summary describes the most significant provisions of a piece of legislation and details the effects the legislative text may have on current law and federal programs. Bill summaries are authored by the Congressional Research Service (CRS) of the Library of Congress. As stated in Public Law 91-510 (2 USC 166 (d)(6)), one of the duties of CRS is "to prepare summaries and digests of bills and resolutions of a public general nature introduced in the Senate or House of Representatives". For more information, refer to the User Guide that accompanies this file.</dc:description>
  </dublinCore>
</billStatus>

