<?xml version="1.0" encoding="UTF-8"?>
<billStatus>
  <bill>
    <updateDate>2017-01-18T10:17:56Z</updateDate>
    <relatedBills />
    <policyArea>
      <name>Crime and Law Enforcement</name>
    </policyArea>
    <calendarNumbers />
    <cboCostEstimates />
    <committeeReports />
    <sponsors>
      <item>
        <bioguideId>G000553</bioguideId>
        <middleName />
        <party>D</party>
        <firstName>Al</firstName>
        <lastName>Green</lastName>
        <district>9</district>
        <fullName>Rep. Green, Al [D-TX-9]</fullName>
        <identifiers>
          <gpoId>8165</gpoId>
          <lisID>1803</lisID>
          <bioguideId>G000553</bioguideId>
        </identifiers>
        <state>TX</state>
        <byRequestType />
      </item>
    </sponsors>
    <latestAction>
      <actionDate>2017-01-13</actionDate>
      <text>Referred to the Subcommittee on Crime, Terrorism, Homeland Security, and Investigations.</text>
      <links />
    </latestAction>
    <summaries>
      <billSummaries />
    </summaries>
    <billType>HR</billType>
    <constitutionalAuthorityStatementText />
    <createDate>2017-01-04T07:01:11Z</createDate>
    <originChamber>House</originChamber>
    <introducedDate>2017-01-03</introducedDate>
    <titles>
      <item>
        <chamberCode />
        <titleType>Short Titles as Introduced</titleType>
        <title>PROTECT Act of 2017</title>
        <chamberName />
        <parentTitleType />
      </item>
      <item>
        <chamberCode />
        <titleType>Short Titles as Introduced</titleType>
        <title>Providing Rewards for Outstanding Tips to Expose Crimes in Technology Act of 2017</title>
        <chamberName />
        <parentTitleType />
      </item>
      <item>
        <chamberCode />
        <titleType>Official Title as Introduced</titleType>
        <title>To direct the Attorney General to create a special reward program for individuals providing information leading to the apprehension and conviction of persons committing offenses under section 1030 of title 18, United States Code, and for other purposes.</title>
        <chamberName />
        <parentTitleType />
      </item>
      <item>
        <chamberCode />
        <titleType>Display Title</titleType>
        <title>PROTECT Act of 2017</title>
        <chamberName />
        <parentTitleType />
      </item>
    </titles>
    <committees>
      <billCommittees>
        <item>
          <type>Standing</type>
          <subcommittees>
            <item>
              <systemCode>hsju08</systemCode>
              <name>Crime, Terrorism, Homeland Security, and Investigations Subcommittee</name>
              <activities>
                <item>
                  <date>2017-01-13T14:22:26Z</date>
                  <name>Referred to</name>
                </item>
              </activities>
            </item>
          </subcommittees>
          <systemCode>hsju00</systemCode>
          <name>Judiciary Committee</name>
          <chamber>House</chamber>
          <activities>
            <item>
              <date>2017-01-03T17:02:35Z</date>
              <name>Referred to</name>
            </item>
          </activities>
        </item>
      </billCommittees>
    </committees>
    <cosponsors />
    <notes />
    <amendments />
    <actions>
      <actionTypeCounts>
        <introducedInHouse>1</introducedInHouse>
        <placeholderTextForH>1</placeholderTextForH>
        <introducedInTheHouse>1</introducedInTheHouse>
        <billReferrals>1</billReferrals>
      </actionTypeCounts>
      <actionByCounts>
        <houseOfRepresentatives>4</houseOfRepresentatives>
      </actionByCounts>
      <item>
        <actionDate>2017-01-13</actionDate>
        <committee>
          <systemCode>hsju08</systemCode>
          <name>Crime, Terrorism, Homeland Security, and Investigations Subcommittee</name>
        </committee>
        <links />
        <sourceSystem>
          <name>House committee actions</name>
          <code>1</code>
        </sourceSystem>
        <text>Referred to the Subcommittee on Crime, Terrorism, Homeland Security, and Investigations.</text>
        <type>Committee</type>
      </item>
      <item>
        <links />
        <sourceSystem>
          <name>House floor actions</name>
          <code>2</code>
        </sourceSystem>
        <actionCode>H11100</actionCode>
        <type>IntroReferral</type>
        <actionDate>2017-01-03</actionDate>
        <committee>
          <systemCode>hsju00</systemCode>
          <name>Judiciary Committee</name>
        </committee>
        <text>Referred to the House Committee on the Judiciary.</text>
      </item>
      <item>
        <links />
        <sourceSystem>
          <name>Library of Congress</name>
          <code>9</code>
        </sourceSystem>
        <actionCode>Intro-H</actionCode>
        <type>IntroReferral</type>
        <actionDate>2017-01-03</actionDate>
        <committee />
        <text>Introduced in House</text>
      </item>
      <item>
        <links />
        <sourceSystem>
          <name>Library of Congress</name>
          <code>9</code>
        </sourceSystem>
        <actionCode>1000</actionCode>
        <type>IntroReferral</type>
        <actionDate>2017-01-03</actionDate>
        <committee />
        <text>Introduced in House</text>
      </item>
    </actions>
    <congress>115</congress>
    <subjects>
      <billSubjects>
        <policyArea>
          <name>Crime and Law Enforcement</name>
        </policyArea>
        <legislativeSubjects>
          <item>
            <name>Computer security and identity theft</name>
          </item>
          <item>
            <name>Criminal investigation, prosecution, interrogation</name>
          </item>
          <item>
            <name>Evidence and witnesses</name>
          </item>
        </legislativeSubjects>
      </billSubjects>
    </subjects>
    <billNumber>150</billNumber>
    <recordedVotes />
    <title>PROTECT Act of 2017</title>
    <laws />
  </bill>
  <dublinCore xmlns:dc="http://purl.org/dc/elements/1.1/">
    <dc:format>text/xml</dc:format>
    <dc:language>EN</dc:language>
    <dc:rights>Pursuant to Title 17 Section 105 of the United States Code, this file is not subject to copyright protection and is in the public domain.</dc:rights>
    <dc:contributor>Congressional Research Service, Library of Congress</dc:contributor>
    <dc:description>This file contains bill summaries and statuses for federal legislation. A bill summary describes the most significant provisions of a piece of legislation and details the effects the legislative text may have on current law and federal programs. Bill summaries are authored by the Congressional Research Service (CRS) of the Library of Congress. As stated in Public Law 91-510 (2 USC 166 (d)(6)), one of the duties of CRS is "to prepare summaries and digests of bills and resolutions of a public general nature introduced in the Senate or House of Representatives". For more information, refer to the User Guide that accompanies this file.</dc:description>
  </dublinCore>
</billStatus>

