<?xml version="1.0" encoding="UTF-8"?>
<billStatus>
  <bill>
    <recordedVotes />
    <latestAction>
      <text>Referred to the House Committee on Financial Services.</text>
      <actionDate>2017-01-12</actionDate>
      <links />
    </latestAction>
    <summaries>
      <billSummaries />
    </summaries>
    <sponsors>
      <item>
        <party>R</party>
        <identifiers>
          <lisID>1992</lisID>
          <bioguideId>G000565</bioguideId>
          <gpoId>7798</gpoId>
        </identifiers>
        <bioguideId>G000565</bioguideId>
        <lastName>Gosar</lastName>
        <fullName>Rep. Gosar, Paul A. [R-AZ-4]</fullName>
        <district>4</district>
        <middleName>A.</middleName>
        <state>AZ</state>
        <byRequestType />
        <firstName>Paul</firstName>
      </item>
    </sponsors>
    <laws />
    <originChamber>House</originChamber>
    <cboCostEstimates />
    <notes />
    <title>To nullify certain regulations and notices of the Department of Housing and Urban Development, and for other purposes.</title>
    <relatedBills />
    <congress>115</congress>
    <titles>
      <item>
        <parentTitleType />
        <title>To nullify certain regulations and notices of the Department of Housing and Urban Development, and for other purposes.</title>
        <chamberCode />
        <chamberName />
        <titleType>Official Title as Introduced</titleType>
      </item>
      <item>
        <parentTitleType />
        <title>To nullify certain regulations and notices of the Department of Housing and Urban Development, and for other purposes.</title>
        <chamberCode />
        <chamberName />
        <titleType>Display Title</titleType>
      </item>
    </titles>
    <introducedDate>2017-01-12</introducedDate>
    <committeeReports />
    <billType>HR</billType>
    <policyArea>
      <name>Housing and Community Development</name>
    </policyArea>
    <amendments />
    <committees>
      <billCommittees>
        <item>
          <subcommittees />
          <type>Standing</type>
          <systemCode>hsba00</systemCode>
          <name>Financial Services Committee</name>
          <activities>
            <item>
              <name>Referred to</name>
              <date>2017-01-12T15:03:35Z</date>
            </item>
          </activities>
          <chamber>House</chamber>
        </item>
      </billCommittees>
    </committees>
    <actions>
      <actionTypeCounts>
        <billReferrals>1</billReferrals>
        <introducedInTheHouse>1</introducedInTheHouse>
        <introducedInHouse>1</introducedInHouse>
      </actionTypeCounts>
      <item>
        <sourceSystem>
          <code>2</code>
          <name>House floor actions</name>
        </sourceSystem>
        <committee>
          <name>Financial Services Committee</name>
          <systemCode>hsba00</systemCode>
        </committee>
        <actionDate>2017-01-12</actionDate>
        <actionCode>H11100</actionCode>
        <text>Referred to the House Committee on Financial Services.</text>
        <links />
        <type>IntroReferral</type>
      </item>
      <item>
        <sourceSystem>
          <code>9</code>
          <name>Library of Congress</name>
        </sourceSystem>
        <committee />
        <actionDate>2017-01-12</actionDate>
        <actionCode>Intro-H</actionCode>
        <text>Introduced in House</text>
        <links />
        <type>IntroReferral</type>
      </item>
      <item>
        <sourceSystem>
          <code>9</code>
          <name>Library of Congress</name>
        </sourceSystem>
        <committee />
        <actionDate>2017-01-12</actionDate>
        <actionCode>1000</actionCode>
        <text>Introduced in House</text>
        <links />
        <type>IntroReferral</type>
      </item>
      <actionByCounts>
        <houseOfRepresentatives>3</houseOfRepresentatives>
      </actionByCounts>
    </actions>
    <calendarNumbers />
    <updateDate>2017-01-21T09:59:46Z</updateDate>
    <billNumber>482</billNumber>
    <cosponsors>
      <item>
        <middleName />
        <state>TX</state>
        <bioguideId>B001291</bioguideId>
        <isOriginalCosponsor>True</isOriginalCosponsor>
        <lastName>Babin</lastName>
        <district>36</district>
        <sponsorshipWithdrawnDate />
        <party>R</party>
        <identifiers>
          <bioguideId>B001291</bioguideId>
          <lisID>2270</lisID>
          <gpoId />
        </identifiers>
        <firstName>Brian</firstName>
        <sponsorshipDate>2017-01-12</sponsorshipDate>
        <fullName>Rep. Babin, Brian [R-TX-36]</fullName>
      </item>
      <item>
        <middleName />
        <state>TN</state>
        <bioguideId>B001243</bioguideId>
        <isOriginalCosponsor>True</isOriginalCosponsor>
        <lastName>Blackburn</lastName>
        <district>7</district>
        <sponsorshipWithdrawnDate />
        <party>R</party>
        <identifiers>
          <lisID>1748</lisID>
          <bioguideId>B001243</bioguideId>
          <gpoId>8154</gpoId>
        </identifiers>
        <firstName>Marsha</firstName>
        <sponsorshipDate>2017-01-12</sponsorshipDate>
        <fullName>Rep. Blackburn, Marsha [R-TN-7]</fullName>
      </item>
      <item>
        <middleName />
        <state>IA</state>
        <bioguideId>B001294</bioguideId>
        <isOriginalCosponsor>True</isOriginalCosponsor>
        <lastName>Blum</lastName>
        <district>1</district>
        <sponsorshipWithdrawnDate />
        <party>R</party>
        <identifiers>
          <lisID>2241</lisID>
          <bioguideId>B001294</bioguideId>
          <gpoId />
        </identifiers>
        <firstName>Rod</firstName>
        <sponsorshipDate>2017-01-12</sponsorshipDate>
        <fullName>Rep. Blum, Rod [R-IA-1]</fullName>
      </item>
      <item>
        <middleName />
        <state>CO</state>
        <bioguideId>B001297</bioguideId>
        <isOriginalCosponsor>True</isOriginalCosponsor>
        <lastName>Buck</lastName>
        <district>4</district>
        <sponsorshipWithdrawnDate />
        <party>R</party>
        <identifiers>
          <gpoId />
          <lisID>2233</lisID>
          <bioguideId>B001297</bioguideId>
        </identifiers>
        <firstName>Ken</firstName>
        <sponsorshipDate>2017-01-12</sponsorshipDate>
        <fullName>Rep. Buck, Ken [R-CO-4]</fullName>
      </item>
      <item>
        <middleName>C.</middleName>
        <state>TX</state>
        <bioguideId>B001248</bioguideId>
        <isOriginalCosponsor>True</isOriginalCosponsor>
        <lastName>Burgess</lastName>
        <district>26</district>
        <sponsorshipWithdrawnDate />
        <party>R</party>
        <identifiers>
          <bioguideId>B001248</bioguideId>
          <gpoId>8182</gpoId>
          <lisID>1751</lisID>
        </identifiers>
        <firstName>Michael</firstName>
        <sponsorshipDate>2017-01-12</sponsorshipDate>
        <fullName>Rep. Burgess, Michael C. [R-TX-26]</fullName>
      </item>
      <item>
        <middleName />
        <state>TN</state>
        <bioguideId>D000616</bioguideId>
        <isOriginalCosponsor>True</isOriginalCosponsor>
        <lastName>DesJarlais</lastName>
        <district>4</district>
        <sponsorshipWithdrawnDate />
        <party>R</party>
        <identifiers>
          <bioguideId>D000616</bioguideId>
          <lisID>2062</lisID>
          <gpoId>8151</gpoId>
        </identifiers>
        <firstName>Scott</firstName>
        <sponsorshipDate>2017-01-12</sponsorshipDate>
        <fullName>Rep. DesJarlais, Scott [R-TN-4]</fullName>
      </item>
      <item>
        <middleName />
        <state>SC</state>
        <bioguideId>D000615</bioguideId>
        <isOriginalCosponsor>True</isOriginalCosponsor>
        <lastName>Duncan</lastName>
        <district>3</district>
        <sponsorshipWithdrawnDate />
        <party>R</party>
        <identifiers>
          <lisID>2057</lisID>
          <bioguideId>D000615</bioguideId>
          <gpoId>8143</gpoId>
        </identifiers>
        <firstName>Jeff</firstName>
        <sponsorshipDate>2017-01-12</sponsorshipDate>
        <fullName>Rep. Duncan, Jeff [R-SC-3]</fullName>
      </item>
      <item>
        <middleName>J.</middleName>
        <state>TN</state>
        <bioguideId>D000533</bioguideId>
        <isOriginalCosponsor>True</isOriginalCosponsor>
        <lastName>DUNCAN</lastName>
        <district>2</district>
        <sponsorshipWithdrawnDate />
        <party>R</party>
        <identifiers>
          <gpoId>8149</gpoId>
          <bioguideId>D000533</bioguideId>
          <lisID>322</lisID>
        </identifiers>
        <firstName>JOHN</firstName>
        <sponsorshipDate>2017-01-12</sponsorshipDate>
        <fullName>Rep. Duncan, John J., Jr. [R-TN-2]</fullName>
      </item>
      <item>
        <middleName />
        <state>AZ</state>
        <bioguideId>F000448</bioguideId>
        <isOriginalCosponsor>True</isOriginalCosponsor>
        <lastName>Franks</lastName>
        <district>8</district>
        <sponsorshipWithdrawnDate />
        <party>R</party>
        <identifiers>
          <gpoId>7799</gpoId>
          <lisID>1707</lisID>
          <bioguideId>F000448</bioguideId>
        </identifiers>
        <firstName>Trent</firstName>
        <sponsorshipDate>2017-01-12</sponsorshipDate>
        <fullName>Rep. Franks, Trent [R-AZ-8]</fullName>
      </item>
      <item>
        <middleName />
        <state>WI</state>
        <bioguideId>G000576</bioguideId>
        <isOriginalCosponsor>True</isOriginalCosponsor>
        <lastName>Grothman</lastName>
        <district>6</district>
        <sponsorshipWithdrawnDate />
        <party>R</party>
        <identifiers>
          <lisID>2276</lisID>
          <gpoId />
          <bioguideId>G000576</bioguideId>
        </identifiers>
        <firstName>Glenn</firstName>
        <sponsorshipDate>2017-01-12</sponsorshipDate>
        <fullName>Rep. Grothman, Glenn [R-WI-6]</fullName>
      </item>
      <item>
        <middleName />
        <state>IA</state>
        <bioguideId>K000362</bioguideId>
        <isOriginalCosponsor>True</isOriginalCosponsor>
        <lastName>King</lastName>
        <district>4</district>
        <sponsorshipWithdrawnDate />
        <party>R</party>
        <identifiers>
          <gpoId>7918</gpoId>
          <bioguideId>K000362</bioguideId>
          <lisID>1724</lisID>
        </identifiers>
        <firstName>Steve</firstName>
        <sponsorshipDate>2017-01-12</sponsorshipDate>
        <fullName>Rep. King, Steve [R-IA-4]</fullName>
      </item>
      <item>
        <middleName />
        <state>KY</state>
        <bioguideId>M001184</bioguideId>
        <isOriginalCosponsor>True</isOriginalCosponsor>
        <lastName>Massie</lastName>
        <district>4</district>
        <sponsorshipWithdrawnDate />
        <party>R</party>
        <identifiers>
          <lisID>2094</lisID>
          <gpoId>8371</gpoId>
          <bioguideId>M001184</bioguideId>
        </identifiers>
        <firstName>Thomas</firstName>
        <sponsorshipDate>2017-01-12</sponsorshipDate>
        <fullName>Rep. Massie, Thomas [R-KY-4]</fullName>
      </item>
      <item>
        <middleName />
        <state>CA</state>
        <bioguideId>M001177</bioguideId>
        <isOriginalCosponsor>True</isOriginalCosponsor>
        <lastName>McClintock</lastName>
        <district>4</district>
        <sponsorshipWithdrawnDate />
        <party>R</party>
        <identifiers>
          <lisID>1908</lisID>
          <bioguideId>M001177</bioguideId>
          <gpoId>7809</gpoId>
        </identifiers>
        <firstName>Tom</firstName>
        <sponsorshipDate>2017-01-12</sponsorshipDate>
        <fullName>Rep. McClintock, Tom [R-CA-4]</fullName>
      </item>
      <item>
        <middleName />
        <state>TX</state>
        <bioguideId>P000592</bioguideId>
        <isOriginalCosponsor>True</isOriginalCosponsor>
        <lastName>Poe</lastName>
        <district>2</district>
        <sponsorshipWithdrawnDate />
        <party>R</party>
        <identifiers>
          <lisID>1802</lisID>
          <bioguideId>P000592</bioguideId>
          <gpoId>8158</gpoId>
        </identifiers>
        <firstName>Ted</firstName>
        <sponsorshipDate>2017-01-12</sponsorshipDate>
        <fullName>Rep. Poe, Ted [R-TX-2]</fullName>
      </item>
      <item>
        <middleName />
        <state>CA</state>
        <bioguideId>R000409</bioguideId>
        <isOriginalCosponsor>True</isOriginalCosponsor>
        <lastName>ROHRABACHER</lastName>
        <district>48</district>
        <sponsorshipWithdrawnDate />
        <party>R</party>
        <identifiers>
          <lisID>979</lisID>
          <bioguideId>R000409</bioguideId>
          <gpoId>7851</gpoId>
        </identifiers>
        <firstName>DANA</firstName>
        <sponsorshipDate>2017-01-12</sponsorshipDate>
        <fullName>Rep. Rohrabacher, Dana [R-CA-48]</fullName>
      </item>
      <item>
        <middleName />
        <state>TX</state>
        <bioguideId>S000250</bioguideId>
        <isOriginalCosponsor>True</isOriginalCosponsor>
        <lastName>SESSIONS</lastName>
        <district>32</district>
        <sponsorshipWithdrawnDate />
        <party>R</party>
        <identifiers>
          <bioguideId>S000250</bioguideId>
          <lisID>1525</lisID>
          <gpoId>8188</gpoId>
        </identifiers>
        <firstName>PETE</firstName>
        <sponsorshipDate>2017-01-12</sponsorshipDate>
        <fullName>Rep. Sessions, Pete [R-TX-32]</fullName>
      </item>
      <item>
        <middleName />
        <state>MO</state>
        <bioguideId>S001195</bioguideId>
        <isOriginalCosponsor>True</isOriginalCosponsor>
        <lastName>Smith</lastName>
        <district>8</district>
        <sponsorshipWithdrawnDate />
        <party>R</party>
        <identifiers>
          <bioguideId>S001195</bioguideId>
          <lisID>2191</lisID>
          <gpoId />
        </identifiers>
        <firstName>Jason</firstName>
        <sponsorshipDate>2017-01-12</sponsorshipDate>
        <fullName>Rep. Smith, Jason [R-MO-8]</fullName>
      </item>
      <item>
        <middleName />
        <state>FL</state>
        <bioguideId>W000806</bioguideId>
        <isOriginalCosponsor>True</isOriginalCosponsor>
        <lastName>Webster</lastName>
        <district>11</district>
        <sponsorshipWithdrawnDate />
        <party>R</party>
        <identifiers>
          <gpoId>7880</gpoId>
          <lisID>2002</lisID>
          <bioguideId>W000806</bioguideId>
        </identifiers>
        <firstName>Daniel</firstName>
        <sponsorshipDate>2017-01-12</sponsorshipDate>
        <fullName>Rep. Webster, Daniel [R-FL-11]</fullName>
      </item>
      <item>
        <middleName>S.</middleName>
        <state>FL</state>
        <bioguideId>Y000065</bioguideId>
        <isOriginalCosponsor>True</isOriginalCosponsor>
        <lastName>Yoho</lastName>
        <district>3</district>
        <sponsorshipWithdrawnDate />
        <party>R</party>
        <identifiers>
          <lisID>2115</lisID>
          <bioguideId>Y000065</bioguideId>
          <gpoId />
        </identifiers>
        <firstName>Ted</firstName>
        <sponsorshipDate>2017-01-12</sponsorshipDate>
        <fullName>Rep. Yoho, Ted S. [R-FL-3]</fullName>
      </item>
      <item>
        <middleName />
        <state>VA</state>
        <bioguideId>B001290</bioguideId>
        <isOriginalCosponsor>True</isOriginalCosponsor>
        <lastName>Brat</lastName>
        <district>7</district>
        <sponsorshipWithdrawnDate />
        <party>R</party>
        <identifiers>
          <bioguideId>B001290</bioguideId>
          <lisID>2203</lisID>
          <gpoId />
        </identifiers>
        <firstName>Dave</firstName>
        <sponsorshipDate>2017-01-12</sponsorshipDate>
        <fullName>Rep. Brat, Dave [R-VA-7]</fullName>
      </item>
      <item>
        <middleName>P.</middleName>
        <state>OH</state>
        <bioguideId>J000295</bioguideId>
        <isOriginalCosponsor>False</isOriginalCosponsor>
        <lastName>Joyce</lastName>
        <district>14</district>
        <sponsorshipWithdrawnDate />
        <party>R</party>
        <identifiers>
          <gpoId />
          <bioguideId>J000295</bioguideId>
          <lisID>2154</lisID>
        </identifiers>
        <firstName>David</firstName>
        <sponsorshipDate>2017-01-20</sponsorshipDate>
        <fullName>Rep. Joyce, David P. [R-OH-14]</fullName>
      </item>
    </cosponsors>
    <createDate>2017-01-13T04:55:31Z</createDate>
    <subjects>
      <billSubjects>
        <policyArea>
          <name>Housing and Community Development</name>
        </policyArea>
        <legislativeSubjects />
      </billSubjects>
    </subjects>
    <constitutionalAuthorityStatementText />
  </bill>
  <dublinCore xmlns:dc="http://purl.org/dc/elements/1.1/">
    <dc:format>text/xml</dc:format>
    <dc:language>EN</dc:language>
    <dc:rights>Pursuant to Title 17 Section 105 of the United States Code, this file is not subject to copyright protection and is in the public domain.</dc:rights>
    <dc:contributor>Congressional Research Service, Library of Congress</dc:contributor>
    <dc:description>This file contains bill summaries and statuses for federal legislation. A bill summary describes the most significant provisions of a piece of legislation and details the effects the legislative text may have on current law and federal programs. Bill summaries are authored by the Congressional Research Service (CRS) of the Library of Congress. As stated in Public Law 91-510 (2 USC 166 (d)(6)), one of the duties of CRS is "to prepare summaries and digests of bills and resolutions of a public general nature introduced in the Senate or House of Representatives". For more information, refer to the User Guide that accompanies this file.</dc:description>
  </dublinCore>
</billStatus>

