<?xml version="1.0" encoding="UTF-8"?>
<billStatus>
  <bill>
    <policyArea>
      <name>Congress</name>
    </policyArea>
    <billType>HR</billType>
    <latestAction>
      <links />
      <actionDate>2017-02-14</actionDate>
      <text>Referred to the Subcommittee on the Constitution and Civil Justice.</text>
    </latestAction>
    <createDate>2017-01-28T04:53:23Z</createDate>
    <notes />
    <actions>
      <actionTypeCounts>
        <introducedInHouse>1</introducedInHouse>
        <introducedInTheHouse>1</introducedInTheHouse>
        <billReferrals>1</billReferrals>
        <placeholderTextForH>1</placeholderTextForH>
      </actionTypeCounts>
      <item>
        <actionDate>2017-02-14</actionDate>
        <committee>
          <systemCode>hsju10</systemCode>
          <name>Constitution and Civil Justice Subcommittee</name>
        </committee>
        <links />
        <sourceSystem>
          <name>House committee actions</name>
          <code>1</code>
        </sourceSystem>
        <text>Referred to the Subcommittee on the Constitution and Civil Justice.</text>
        <type>Committee</type>
      </item>
      <item>
        <actionDate>2017-01-27</actionDate>
        <links />
        <text>Referred to the House Committee on the Judiciary.</text>
        <type>IntroReferral</type>
        <actionCode>H11100</actionCode>
        <sourceSystem>
          <name>House floor actions</name>
          <code>2</code>
        </sourceSystem>
        <committee>
          <systemCode>hsju00</systemCode>
          <name>Judiciary Committee</name>
        </committee>
      </item>
      <item>
        <actionDate>2017-01-27</actionDate>
        <links />
        <text>Introduced in House</text>
        <type>IntroReferral</type>
        <actionCode>Intro-H</actionCode>
        <sourceSystem>
          <name>Library of Congress</name>
          <code>9</code>
        </sourceSystem>
        <committee />
      </item>
      <item>
        <actionDate>2017-01-27</actionDate>
        <links />
        <text>Introduced in House</text>
        <type>IntroReferral</type>
        <actionCode>1000</actionCode>
        <sourceSystem>
          <name>Library of Congress</name>
          <code>9</code>
        </sourceSystem>
        <committee />
      </item>
      <actionByCounts>
        <houseOfRepresentatives>4</houseOfRepresentatives>
      </actionByCounts>
    </actions>
    <calendarNumbers />
    <congress>115</congress>
    <subjects>
      <billSubjects>
        <policyArea>
          <name>Congress</name>
        </policyArea>
        <legislativeSubjects>
          <item>
            <name>Congressional elections</name>
          </item>
          <item>
            <name>Congressional operations and organization</name>
          </item>
          <item>
            <name>House of Representatives</name>
          </item>
          <item>
            <name>Internet and video services</name>
          </item>
          <item>
            <name>Public participation and lobbying</name>
          </item>
          <item>
            <name>State and local government operations</name>
          </item>
        </legislativeSubjects>
      </billSubjects>
    </subjects>
    <billNumber>713</billNumber>
    <title>Redistricting Transparency Act of 2017</title>
    <constitutionalAuthorityStatementText><![CDATA[<pre>[Congressional Record Volume 163, Number 14 (Friday, January 27, 2017)]From the Congressional Record Online through the Government Publishing Office [<a href='http://www.gpo.gov'>www.gpo.gov</a>]By Mr. COOPER:H.R. 713.Congress has the power to enact this legislation pursuantto the following:Article I, Section 4 of the Constitution of the UnitedStates[Page H702]</pre>]]></constitutionalAuthorityStatementText>
    <committees>
      <billCommittees>
        <item>
          <systemCode>hsju00</systemCode>
          <subcommittees>
            <item>
              <activities>
                <item>
                  <name>Referred to</name>
                  <date>2017-02-14T20:01:43Z</date>
                </item>
              </activities>
              <name>Constitution and Civil Justice Subcommittee</name>
              <systemCode>hsju10</systemCode>
            </item>
          </subcommittees>
          <activities>
            <item>
              <name>Referred to</name>
              <date>2017-01-27T19:01:20Z</date>
            </item>
          </activities>
          <name>Judiciary Committee</name>
          <chamber>House</chamber>
          <type>Standing</type>
        </item>
      </billCommittees>
    </committees>
    <cboCostEstimates />
    <version>1.0.0</version>
    <cosponsors>
      <item>
        <party>D</party>
        <state>MN</state>
        <sponsorshipDate>2017-01-27</sponsorshipDate>
        <district>7</district>
        <isOriginalCosponsor>True</isOriginalCosponsor>
        <fullName>Rep. Peterson, Collin C. [D-MN-7]</fullName>
        <middleName>C.</middleName>
        <bioguideId>P000258</bioguideId>
        <firstName>COLLIN</firstName>
        <sponsorshipWithdrawnDate />
        <lastName>PETERSON</lastName>
        <identifiers>
          <lisID>910</lisID>
          <bioguideId>P000258</bioguideId>
          <gpoId>8007</gpoId>
        </identifiers>
      </item>
      <item>
        <party>D</party>
        <state>AZ</state>
        <sponsorshipDate>2017-01-27</sponsorshipDate>
        <district>9</district>
        <isOriginalCosponsor>True</isOriginalCosponsor>
        <fullName>Rep. Sinema, Kyrsten [D-AZ-9]</fullName>
        <middleName />
        <bioguideId>S001191</bioguideId>
        <firstName>Kyrsten</firstName>
        <sponsorshipWithdrawnDate />
        <lastName>Sinema</lastName>
        <identifiers>
          <lisID>2099</lisID>
          <bioguideId>S001191</bioguideId>
          <gpoId />
        </identifiers>
      </item>
      <item>
        <party>D</party>
        <state>CA</state>
        <sponsorshipDate>2017-01-27</sponsorshipDate>
        <district>16</district>
        <isOriginalCosponsor>True</isOriginalCosponsor>
        <fullName>Rep. Costa, Jim [D-CA-16]</fullName>
        <middleName />
        <bioguideId>C001059</bioguideId>
        <firstName>Jim</firstName>
        <sponsorshipWithdrawnDate />
        <lastName>Costa</lastName>
        <identifiers>
          <lisID>1774</lisID>
          <bioguideId>C001059</bioguideId>
          <gpoId>7825</gpoId>
        </identifiers>
      </item>
      <item>
        <party>D</party>
        <state>OR</state>
        <sponsorshipDate>2017-01-27</sponsorshipDate>
        <district>5</district>
        <isOriginalCosponsor>True</isOriginalCosponsor>
        <fullName>Rep. Schrader, Kurt [D-OR-5]</fullName>
        <middleName />
        <bioguideId>S001180</bioguideId>
        <firstName>Kurt</firstName>
        <sponsorshipWithdrawnDate />
        <lastName>Schrader</lastName>
        <identifiers>
          <bioguideId>S001180</bioguideId>
          <lisID>1950</lisID>
          <gpoId>8118</gpoId>
        </identifiers>
      </item>
      <item>
        <party>D</party>
        <state>FL</state>
        <sponsorshipDate>2017-01-27</sponsorshipDate>
        <district>7</district>
        <isOriginalCosponsor>True</isOriginalCosponsor>
        <fullName>Rep. Murphy, Stephanie N. [D-FL-7]</fullName>
        <middleName>N.</middleName>
        <bioguideId>M001202</bioguideId>
        <firstName>Stephanie</firstName>
        <sponsorshipWithdrawnDate />
        <lastName>Murphy</lastName>
        <identifiers>
          <lisID>2318</lisID>
          <bioguideId>M001202</bioguideId>
          <gpoId />
        </identifiers>
      </item>
      <item>
        <party>D</party>
        <state>AZ</state>
        <sponsorshipDate>2017-01-27</sponsorshipDate>
        <district>1</district>
        <isOriginalCosponsor>True</isOriginalCosponsor>
        <fullName>Rep. O'Halleran, Tom [D-AZ-1]</fullName>
        <middleName />
        <bioguideId>O000171</bioguideId>
        <firstName>Tom</firstName>
        <sponsorshipWithdrawnDate />
        <lastName>O'Halleran</lastName>
        <identifiers>
          <bioguideId>O000171</bioguideId>
          <lisID>2306</lisID>
          <gpoId />
        </identifiers>
      </item>
      <item>
        <party>D</party>
        <state>CA</state>
        <sponsorshipDate>2017-02-06</sponsorshipDate>
        <district>5</district>
        <isOriginalCosponsor>False</isOriginalCosponsor>
        <fullName>Rep. Thompson, Mike [D-CA-5]</fullName>
        <middleName />
        <bioguideId>T000460</bioguideId>
        <firstName>MIKE</firstName>
        <sponsorshipWithdrawnDate />
        <lastName>THOMPSON</lastName>
        <identifiers>
          <gpoId>7806</gpoId>
          <lisID>1593</lisID>
          <bioguideId>T000460</bioguideId>
        </identifiers>
      </item>
      <item>
        <party>D</party>
        <state>TX</state>
        <sponsorshipDate>2017-07-12</sponsorshipDate>
        <district>28</district>
        <isOriginalCosponsor>False</isOriginalCosponsor>
        <fullName>Rep. Cuellar, Henry [D-TX-28]</fullName>
        <middleName />
        <bioguideId>C001063</bioguideId>
        <firstName>Henry</firstName>
        <sponsorshipWithdrawnDate />
        <lastName>Cuellar</lastName>
        <identifiers>
          <bioguideId>C001063</bioguideId>
          <lisID>1807</lisID>
          <gpoId>8184</gpoId>
        </identifiers>
      </item>
      <item>
        <party>D</party>
        <state>IL</state>
        <sponsorshipDate>2017-07-18</sponsorshipDate>
        <district>3</district>
        <isOriginalCosponsor>False</isOriginalCosponsor>
        <fullName>Rep. Lipinski, Daniel [D-IL-3]</fullName>
        <middleName>William</middleName>
        <bioguideId>L000563</bioguideId>
        <firstName>Daniel</firstName>
        <sponsorshipWithdrawnDate />
        <lastName>Lipinski</lastName>
        <identifiers>
          <gpoId>7923</gpoId>
          <lisID>1781</lisID>
          <bioguideId>L000563</bioguideId>
        </identifiers>
      </item>
      <item>
        <party>D</party>
        <state>IL</state>
        <sponsorshipDate>2017-07-18</sponsorshipDate>
        <district>10</district>
        <isOriginalCosponsor>False</isOriginalCosponsor>
        <fullName>Rep. Schneider, Bradley Scott [D-IL-10]</fullName>
        <middleName>Scott</middleName>
        <bioguideId>S001190</bioguideId>
        <firstName>Bradley</firstName>
        <sponsorshipWithdrawnDate />
        <lastName>Schneider</lastName>
        <identifiers>
          <gpoId />
          <lisID>2124</lisID>
          <bioguideId>S001190</bioguideId>
        </identifiers>
      </item>
      <item>
        <party>D</party>
        <state>GA</state>
        <sponsorshipDate>2017-07-20</sponsorshipDate>
        <district>2</district>
        <isOriginalCosponsor>False</isOriginalCosponsor>
        <fullName>Rep. Bishop, Sanford D., Jr. [D-GA-2]</fullName>
        <middleName>D.</middleName>
        <bioguideId>B000490</bioguideId>
        <firstName>SANFORD</firstName>
        <sponsorshipWithdrawnDate />
        <lastName>BISHOP</lastName>
        <identifiers>
          <bioguideId>B000490</bioguideId>
          <lisID>91</lisID>
          <gpoId>7899</gpoId>
        </identifiers>
      </item>
      <item>
        <party>D</party>
        <state>NY</state>
        <sponsorshipDate>2018-02-26</sponsorshipDate>
        <district>9</district>
        <isOriginalCosponsor>False</isOriginalCosponsor>
        <fullName>Rep. Clarke, Yvette D. [D-NY-9]</fullName>
        <middleName>D.</middleName>
        <bioguideId>C001067</bioguideId>
        <firstName>Yvette</firstName>
        <sponsorshipWithdrawnDate />
        <lastName>Clarke</lastName>
        <identifiers>
          <bioguideId>C001067</bioguideId>
          <gpoId>8072</gpoId>
          <lisID>1864</lisID>
        </identifiers>
      </item>
    </cosponsors>
    <updateDate>2018-08-28T20:00:35Z</updateDate>
    <laws />
    <originChamber>House</originChamber>
    <introducedDate>2017-01-27</introducedDate>
    <sponsors>
      <item>
        <middleName>H.</middleName>
        <bioguideId>C000754</bioguideId>
        <identifiers>
          <lisID>231</lisID>
          <bioguideId>C000754</bioguideId>
          <gpoId>8152</gpoId>
        </identifiers>
        <fullName>Rep. Cooper, Jim [D-TN-5]</fullName>
        <byRequestType />
        <party>D</party>
        <firstName>JAMES</firstName>
        <state>TN</state>
        <lastName>COOPER</lastName>
        <district>5</district>
      </item>
    </sponsors>
    <relatedBills />
    <committeeReports />
    <titles>
      <item>
        <titleType>Short Titles as Introduced</titleType>
        <title>Redistricting Transparency Act of 2017</title>
        <parentTitleType />
        <chamberCode />
        <chamberName />
      </item>
      <item>
        <titleType>Official Title as Introduced</titleType>
        <title>To require States to carry out Congressional redistricting in accordance with a process under which members of the public are informed of redistricting proposals and have the opportunity to participate in the development of such proposals prior to their adoption, and for other purposes.</title>
        <parentTitleType />
        <chamberCode />
        <chamberName />
      </item>
      <item>
        <titleType>Display Title</titleType>
        <title>Redistricting Transparency Act of 2017</title>
        <parentTitleType />
        <chamberCode />
        <chamberName />
      </item>
      <item>
        <titleType>(Extracted from GPO) Short Titles as Introduced</titleType>
        <title>Redistricting Transparency Act of 2017</title>
        <parentTitleType />
        <chamberCode />
        <chamberName />
      </item>
    </titles>
    <recordedVotes />
    <summaries>
      <billSummaries>
        <item>
          <updateDate>2017-01-27T05:00:00Z</updateDate>
          <actionDate>2017-01-27</actionDate>
          <lastSummaryUpdateDate>2017-10-03T20:47:58Z</lastSummaryUpdateDate>
          <text><![CDATA[<p><b>Redistricting Transparency Act of 2017</b></p> <p> This bill requires states to carry out congressional redistricting in accordance with a process under which members of the public are informed of redistricting proposals via the Internet and have the opportunity to participate in the development of such proposals prior to their adoption.</p> <p> The bill requires each state redistricting entity to establish and maintain a public Internet site meeting specified requirements.</p> <p> The state redistricting entity must: (1) solicit the input of members of the public in its work to develop initial congressional redistricting plans for the state; and (2) post the proposed final plan on the Internet site at least 10 days before its adoption, as well as no later than 7 days after its adoption, together with a map, the reasons for adoption, dissenting opinions, and certain other information.</p>]]></text>
          <actionDesc>Introduced in House</actionDesc>
          <versionCode>00</versionCode>
          <name>Introduced in House</name>
        </item>
      </billSummaries>
    </summaries>
    <amendments />
  </bill>
  <dublinCore xmlns:dc="http://purl.org/dc/elements/1.1/">
    <dc:format>text/xml</dc:format>
    <dc:language>EN</dc:language>
    <dc:rights>Pursuant to Title 17 Section 105 of the United States Code, this file is not subject to copyright protection and is in the public domain.</dc:rights>
    <dc:contributor>Congressional Research Service, Library of Congress</dc:contributor>
    <dc:description>This file contains bill summaries and statuses for federal legislation. A bill summary describes the most significant provisions of a piece of legislation and details the effects the legislative text may have on current law and federal programs. Bill summaries are authored by the Congressional Research Service (CRS) of the Library of Congress. As stated in Public Law 91-510 (2 USC 166 (d)(6)), one of the duties of CRS is "to prepare summaries and digests of bills and resolutions of a public general nature introduced in the Senate or House of Representatives". For more information, refer to the User Guide that accompanies this file.</dc:description>
  </dublinCore>
</billStatus>

