<?xml version="1.0" encoding="UTF-8"?>
<billStatus>
  <bill>
    <amendments />
    <latestAction>
      <actionDate>2018-07-20</actionDate>
      <text>Became Public Law No: 115-201.</text>
      <links />
    </latestAction>
    <congress>115</congress>
    <subjects>
      <billSubjects>
        <policyArea>
          <name>Energy</name>
        </policyArea>
        <legislativeSubjects>
          <item>
            <name>Alaska</name>
          </item>
          <item>
            <name>Alternative and renewable resources</name>
          </item>
          <item>
            <name>Dams and canals</name>
          </item>
          <item>
            <name>Electric power generation and transmission</name>
          </item>
          <item>
            <name>Lakes and rivers</name>
          </item>
          <item>
            <name>Licensing and registrations</name>
          </item>
          <item>
            <name>Water use and supply</name>
          </item>
        </legislativeSubjects>
      </billSubjects>
    </subjects>
    <laws>
      <item>
        <type>Public Law</type>
        <number>115-201</number>
      </item>
    </laws>
    <notes />
    <billType>HR</billType>
    <sponsors>
      <item>
        <lastName>YOUNG</lastName>
        <middleName>E.</middleName>
        <bioguideId>Y000033</bioguideId>
        <fullName>Rep. Young, Don [R-AK-At Large]</fullName>
        <identifiers>
          <bioguideId>Y000033</bioguideId>
          <gpoId>7785</gpoId>
          <lisID>1256</lisID>
        </identifiers>
        <byRequestType />
        <state>AK</state>
        <firstName>DON</firstName>
        <party>R</party>
        <district>0</district>
      </item>
    </sponsors>
    <recordedVotes>
      <recordedVote>
        <rollNumber>330</rollNumber>
        <date>2017-06-27T20:30:56Z</date>
        <fullActionName>Final Passage Under Suspension of the Rules Results</fullActionName>
        <congress>115</congress>
        <url>http://clerk.house.gov/evs/2017/roll330.xml</url>
        <sessionNumber>1</sessionNumber>
        <chamber>House</chamber>
      </recordedVote>
    </recordedVotes>
    <committeeReports>
      <committeeReport>
        <citation>H. Rept. 115-154</citation>
      </committeeReport>
    </committeeReports>
    <introducedDate>2017-01-03</introducedDate>
    <relatedBills>
      <item>
        <latestTitle>A bill to authorize the expansion of an existing hydroelectric project.</latestTitle>
        <number>214</number>
        <latestAction>
          <text>Placed on Senate Legislative Calendar under General Orders. Calendar No. 141.</text>
          <actionDate>2017-06-13</actionDate>
        </latestAction>
        <type>S</type>
        <congress>115</congress>
        <relationshipDetails>
          <item>
            <identifiedBy>CRS</identifiedBy>
            <type>Identical bill</type>
          </item>
          <item>
            <identifiedBy>House</identifiedBy>
            <type>Related bill</type>
          </item>
        </relationshipDetails>
      </item>
    </relatedBills>
    <cosponsors />
    <actions>
      <actionTypeCounts>
        <passedSenate>1</passedSenate>
        <passedAgreedToInHouse>1</passedAgreedToInHouse>
        <presentedToPresident>1</presentedToPresident>
        <becamePublicLaw>2</becamePublicLaw>
        <introducedInTheHouse>1</introducedInTheHouse>
        <prayer>1</prayer>
        <motionToReconsiderResults>1</motionToReconsiderResults>
        <motionMadeToSuspendTheRules>1</motionMadeToSuspendTheRules>
        <considerationByHouse>2</considerationByHouse>
        <reportedToHouse>1</reportedToHouse>
        <committeeReportOfABill>1</committeeReportOfABill>
        <finalPassageUnderSuspensionOfTheRulesResults>1</finalPassageUnderSuspensionOfTheRulesResults>
        <billReferrals>1</billReferrals>
        <sentToHouse>1</sentToHouse>
        <actionStageOverride>1</actionStageOverride>
        <introducedInHouse>1</introducedInHouse>
        <placeholderTextForE>3</placeholderTextForE>
        <placeholderTextForH>6</placeholderTextForH>
        <unionCalendarAssignment>1</unionCalendarAssignment>
        <placedOnCalendarSection>1</placedOnCalendarSection>
        <passedAgreedToInSenate>1</passedAgreedToInSenate>
        <generalDebate>1</generalDebate>
      </actionTypeCounts>
      <item>
        <actionDate>2018-07-20</actionDate>
        <links />
        <text>Became Public Law No: 115-201.</text>
        <type>President</type>
        <actionCode>E40000</actionCode>
        <sourceSystem>
          <name>House floor actions</name>
          <code>2</code>
        </sourceSystem>
        <committee />
      </item>
      <item>
        <actionDate>2018-07-20</actionDate>
        <links />
        <text>Became Public Law No: 115-201.</text>
        <type>BecameLaw</type>
        <actionCode>36000</actionCode>
        <sourceSystem>
          <name>Library of Congress</name>
          <code>9</code>
        </sourceSystem>
        <committee />
      </item>
      <item>
        <actionDate>2018-07-20</actionDate>
        <links />
        <text>Signed by President.</text>
        <type>President</type>
        <actionCode>E30000</actionCode>
        <sourceSystem>
          <name>House floor actions</name>
          <code>2</code>
        </sourceSystem>
        <committee />
      </item>
      <item>
        <actionDate>2018-07-20</actionDate>
        <links />
        <text>Signed by President.</text>
        <type>BecameLaw</type>
        <actionCode>36000</actionCode>
        <sourceSystem>
          <name>Library of Congress</name>
          <code>9</code>
        </sourceSystem>
        <committee />
      </item>
      <item>
        <actionDate>2018-07-12</actionDate>
        <links />
        <text>Presented to President.</text>
        <type>Floor</type>
        <actionCode>E20000</actionCode>
        <sourceSystem>
          <name>House floor actions</name>
          <code>2</code>
        </sourceSystem>
        <committee />
      </item>
      <item>
        <actionDate>2018-07-12</actionDate>
        <links />
        <text>Presented to President.</text>
        <type>President</type>
        <actionCode>28000</actionCode>
        <sourceSystem>
          <name>Library of Congress</name>
          <code>9</code>
        </sourceSystem>
        <committee />
      </item>
      <item>
        <actionDate>2018-06-29</actionDate>
        <committee />
        <links />
        <sourceSystem>
          <name>Senate</name>
          <code>0</code>
        </sourceSystem>
        <text>Message on Senate action sent to the House.</text>
        <type>Floor</type>
      </item>
      <item>
        <actionDate>2018-06-28</actionDate>
        <committee />
        <links>
          <link>
            <name>S4809</name>
            <url>https://www.congress.gov/congressional-record/volume-164/senate-section/page/S4809</url>
          </link>
        </links>
        <sourceSystem>
          <name>Senate</name>
          <code>0</code>
        </sourceSystem>
        <text>Passed Senate without amendment by Unanimous Consent. (consideration: CR S4809)</text>
        <type>Floor</type>
      </item>
      <item>
        <actionDate>2018-06-28</actionDate>
        <links />
        <text>Passed/agreed to in Senate: Passed Senate without amendment by Unanimous Consent.</text>
        <type>Floor</type>
        <actionCode>17000</actionCode>
        <sourceSystem>
          <name>Library of Congress</name>
          <code>9</code>
        </sourceSystem>
        <committee />
      </item>
      <item>
        <actionDate>2017-06-28</actionDate>
        <committee />
        <links />
        <sourceSystem>
          <name>Senate</name>
          <code>0</code>
        </sourceSystem>
        <text>Received in the Senate. Read twice. Placed on Senate Legislative Calendar under General Orders. Calendar No. 159.</text>
        <type>Calendars</type>
      </item>
      <item>
        <actionDate>2017-06-27</actionDate>
        <actionTime>16:30:57</actionTime>
        <committee />
        <links />
        <text>Motion to reconsider laid on the table Agreed to without objection.</text>
        <actionCode>H38310</actionCode>
        <sourceSystem>
          <name>House floor actions</name>
          <code>2</code>
        </sourceSystem>
        <type>Floor</type>
      </item>
      <item>
        <actionDate>2017-06-27</actionDate>
        <actionTime>16:30:56</actionTime>
        <committee />
        <links>
          <link>
            <name>H5204</name>
            <url>https://www.congress.gov/congressional-record/volume-163/house-section/page/H5204</url>
          </link>
          <link>
            <name>Roll no. 330</name>
            <url>http://clerk.house.gov/evs/2017/roll330.xml</url>
          </link>
        </links>
        <text>On motion to suspend the rules and pass the bill, as amended Agreed to by the Yeas and Nays: (2/3 required): 424 - 1 (Roll no. 330). (text: CR H5204)</text>
        <actionCode>H37300</actionCode>
        <sourceSystem>
          <name>House floor actions</name>
          <code>2</code>
        </sourceSystem>
        <type>Floor</type>
      </item>
      <item>
        <actionDate>2017-06-27</actionDate>
        <actionTime>16:30:56</actionTime>
        <committee />
        <links>
          <link>
            <name>H5204</name>
            <url>https://www.congress.gov/congressional-record/volume-163/house-section/page/H5204</url>
          </link>
          <link>
            <name>Roll no. 330</name>
            <url>http://clerk.house.gov/evs/2017/roll330.xml</url>
          </link>
        </links>
        <text>Passed/agreed to in House: On motion to suspend the rules and pass the bill, as amended Agreed to by the Yeas and Nays: (2/3 required): 424 - 1 (Roll no. 330).(text: CR H5204)</text>
        <actionCode>8000</actionCode>
        <sourceSystem>
          <name>Library of Congress</name>
          <code>9</code>
        </sourceSystem>
        <type>Floor</type>
      </item>
      <item>
        <actionDate>2017-06-27</actionDate>
        <actionTime>16:21:42</actionTime>
        <committee />
        <links>
          <link>
            <name>H5218-5219</name>
            <url>https://www.congress.gov/congressional-record/volume-163/house-section/page/H5218-5219</url>
          </link>
        </links>
        <text>Considered as unfinished business. (consideration: CR H5218-5219)</text>
        <actionCode>H30000</actionCode>
        <sourceSystem>
          <name>House floor actions</name>
          <code>2</code>
        </sourceSystem>
        <type>Floor</type>
      </item>
      <item>
        <actionDate>2017-06-27</actionDate>
        <actionTime>14:13:57</actionTime>
        <committee />
        <links />
        <text>At the conclusion of debate, the Yeas and Nays were demanded and ordered. Pursuant to the provisions of clause 8, rule XX, the Chair announced that further proceedings on the motion would be postponed.</text>
        <actionCode>H37220</actionCode>
        <sourceSystem>
          <name>House floor actions</name>
          <code>2</code>
        </sourceSystem>
        <type>Floor</type>
      </item>
      <item>
        <actionDate>2017-06-27</actionDate>
        <actionTime>14:09:07</actionTime>
        <committee />
        <links>
          <link>
            <name>H.R. 220</name>
            <url>https://www.congress.gov/bill/115th-congress/house-bill/220</url>
          </link>
        </links>
        <text>DEBATE - The House proceeded with forty minutes of debate on H.R. 220.</text>
        <actionCode>H8D000</actionCode>
        <sourceSystem>
          <name>House floor actions</name>
          <code>2</code>
        </sourceSystem>
        <type>Floor</type>
      </item>
      <item>
        <actionDate>2017-06-27</actionDate>
        <actionTime>14:09:05</actionTime>
        <committee />
        <links>
          <link>
            <name>H5204-5205</name>
            <url>https://www.congress.gov/congressional-record/volume-163/house-section/page/H5204-5205</url>
          </link>
        </links>
        <text>Considered under suspension of the rules. (consideration: CR H5204-5205)</text>
        <actionCode>H30000</actionCode>
        <sourceSystem>
          <name>House floor actions</name>
          <code>2</code>
        </sourceSystem>
        <type>Floor</type>
      </item>
      <item>
        <actionDate>2017-06-27</actionDate>
        <actionTime>14:09:01</actionTime>
        <committee />
        <links />
        <text>Mr. Cook moved to suspend the rules and pass the bill, as amended.</text>
        <actionCode>H30300</actionCode>
        <sourceSystem>
          <name>House floor actions</name>
          <code>2</code>
        </sourceSystem>
        <type>Floor</type>
      </item>
      <item>
        <actionDate>2017-06-02</actionDate>
        <links />
        <text>Placed on the Union Calendar, Calendar No. 101.</text>
        <type>Calendars</type>
        <actionCode>H12410</actionCode>
        <sourceSystem>
          <name>House floor actions</name>
          <code>2</code>
        </sourceSystem>
        <committee />
      </item>
      <item>
        <actionDate>2017-06-02</actionDate>
        <links>
          <link>
            <name>H. Rept. 115-154</name>
            <url>https://www.congress.gov/congressional-report/115th-congress/house-report/154</url>
          </link>
        </links>
        <text>Reported (Amended) by the Committee on Natural Resources. H. Rept. 115-154.</text>
        <type>Committee</type>
        <actionCode>H12200</actionCode>
        <sourceSystem>
          <name>House floor actions</name>
          <code>2</code>
        </sourceSystem>
        <committee>
          <systemCode>hsii00</systemCode>
          <name>Natural Resources Committee</name>
        </committee>
      </item>
      <item>
        <actionDate>2017-06-02</actionDate>
        <links>
          <link>
            <name>H. Rept. 115-154</name>
            <url>https://www.congress.gov/congressional-report/115th-congress/house-report/154</url>
          </link>
        </links>
        <text>Reported (Amended) by the Committee on Natural Resources. H. Rept. 115-154.</text>
        <type>Committee</type>
        <actionCode>5000</actionCode>
        <sourceSystem>
          <name>Library of Congress</name>
          <code>9</code>
        </sourceSystem>
        <committee>
          <systemCode>hsii00</systemCode>
          <name>Natural Resources Committee</name>
        </committee>
      </item>
      <item>
        <actionDate>2017-04-27</actionDate>
        <committee>
          <systemCode>hsii00</systemCode>
          <name>Natural Resources Committee</name>
        </committee>
        <links />
        <sourceSystem>
          <name>House committee actions</name>
          <code>1</code>
        </sourceSystem>
        <text>Committee Consideration and Mark-up Session Held.</text>
        <type>Committee</type>
      </item>
      <item>
        <actionDate>2017-04-27</actionDate>
        <committee>
          <systemCode>hsii00</systemCode>
          <name>Natural Resources Committee</name>
        </committee>
        <links />
        <sourceSystem>
          <name>House committee actions</name>
          <code>1</code>
        </sourceSystem>
        <text>Ordered to be Reported (Amended) by Unanimous Consent.</text>
        <type>Committee</type>
      </item>
      <item>
        <actionDate>2017-04-27</actionDate>
        <committee>
          <systemCode>hsii00</systemCode>
          <name>Natural Resources Committee</name>
        </committee>
        <links />
        <sourceSystem>
          <name>House committee actions</name>
          <code>1</code>
        </sourceSystem>
        <text>Subcommittee on Water, Power and Oceans Discharged.</text>
        <type>Committee</type>
      </item>
      <item>
        <actionDate>2017-04-27</actionDate>
        <committee>
          <systemCode>hsii00</systemCode>
          <name>Natural Resources Committee</name>
        </committee>
        <links />
        <sourceSystem>
          <name>House committee actions</name>
          <code>1</code>
        </sourceSystem>
        <text>Subcommittee on Federal Lands Discharged.</text>
        <type>Committee</type>
      </item>
      <item>
        <actionDate>2017-04-03</actionDate>
        <committee>
          <systemCode>hsii13</systemCode>
          <name>Water, Power and Oceans Subcommittee</name>
        </committee>
        <links />
        <sourceSystem>
          <name>House committee actions</name>
          <code>1</code>
        </sourceSystem>
        <text>Subcommittee Hearings Held.</text>
        <type>Committee</type>
      </item>
      <item>
        <actionDate>2017-02-10</actionDate>
        <committee>
          <systemCode>hsii10</systemCode>
          <name>Federal Lands Subcommittee</name>
        </committee>
        <links />
        <sourceSystem>
          <name>House committee actions</name>
          <code>1</code>
        </sourceSystem>
        <text>Referred to the Subcommittee on Federal Lands.</text>
        <type>Committee</type>
      </item>
      <item>
        <actionDate>2017-02-10</actionDate>
        <committee>
          <systemCode>hsii13</systemCode>
          <name>Water, Power and Oceans Subcommittee</name>
        </committee>
        <links />
        <sourceSystem>
          <name>House committee actions</name>
          <code>1</code>
        </sourceSystem>
        <text>Referred to the Subcommittee on Water, Power and Oceans.</text>
        <type>Committee</type>
      </item>
      <item>
        <actionDate>2017-01-03</actionDate>
        <links />
        <text>Referred to the House Committee on Natural Resources.</text>
        <type>IntroReferral</type>
        <actionCode>H11100</actionCode>
        <sourceSystem>
          <name>House floor actions</name>
          <code>2</code>
        </sourceSystem>
        <committee>
          <systemCode>hsii00</systemCode>
          <name>Natural Resources Committee</name>
        </committee>
      </item>
      <item>
        <actionDate>2017-01-03</actionDate>
        <links />
        <text>Introduced in House</text>
        <type>IntroReferral</type>
        <actionCode>Intro-H</actionCode>
        <sourceSystem>
          <name>Library of Congress</name>
          <code>9</code>
        </sourceSystem>
        <committee />
      </item>
      <item>
        <actionDate>2017-01-03</actionDate>
        <links />
        <text>Introduced in House</text>
        <type>IntroReferral</type>
        <actionCode>1000</actionCode>
        <sourceSystem>
          <name>Library of Congress</name>
          <code>9</code>
        </sourceSystem>
        <committee />
      </item>
      <actionByCounts>
        <senate>4</senate>
        <houseOfRepresentatives>21</houseOfRepresentatives>
      </actionByCounts>
    </actions>
    <committees>
      <billCommittees>
        <item>
          <activities>
            <item>
              <name>Reported by</name>
              <date>2017-06-02T14:53:37Z</date>
            </item>
            <item>
              <name>Markup by</name>
              <date>2017-04-27T19:20:16Z</date>
            </item>
            <item>
              <name>Referred to</name>
              <date>2017-01-03T17:25:10Z</date>
            </item>
          </activities>
          <name>Natural Resources Committee</name>
          <type>Standing</type>
          <chamber>House</chamber>
          <subcommittees>
            <item>
              <activities>
                <item>
                  <name>Discharged from</name>
                  <date>2017-04-27T17:55:50Z</date>
                </item>
                <item>
                  <name>Hearings by</name>
                  <date>2017-04-03T16:05:00Z</date>
                </item>
                <item>
                  <name>Referred to</name>
                  <date>2017-02-10T16:32:38Z</date>
                </item>
              </activities>
              <name>Water, Power and Oceans Subcommittee</name>
              <systemCode>hsii13</systemCode>
            </item>
            <item>
              <activities>
                <item>
                  <name>Discharged from</name>
                  <date>2017-04-27T17:55:43Z</date>
                </item>
                <item>
                  <name>Referred to</name>
                  <date>2017-02-10T16:32:49Z</date>
                </item>
              </activities>
              <name>Federal Lands Subcommittee</name>
              <systemCode>hsii10</systemCode>
            </item>
          </subcommittees>
          <systemCode>hsii00</systemCode>
        </item>
      </billCommittees>
    </committees>
    <updateDate>2018-08-28T19:58:20Z</updateDate>
    <version>1.0.0</version>
    <title>To authorize the expansion of an existing hydroelectric project, and for other purposes.</title>
    <createDate>2017-01-04T07:01:13Z</createDate>
    <billNumber>220</billNumber>
    <constitutionalAuthorityStatementText><![CDATA[<pre>[Congressional Record Volume 163, Number 1 (Tuesday, January 3, 2017)]From the Congressional Record Online through the Government Publishing Office [<a href='http://www.gpo.gov'>www.gpo.gov</a>]By Mr. YOUNG of Alaska:H.R. 220.Congress has the power to enact this legislation pursuantto the following:Article 1, Section 8,Clause I. & Article I, Section 8, Clause 3The Congress shall have Power To lay and collect Taxes,Duties, Imposts and Excises, to pay the Debts and provide forthe common Defense and general Welfare of the United States;but all Duties, Imposts and Excises shall be uniformthroughout the United StatesThe Congress shall have Power to regulate Commerce withforeign Nations, and among the several States, and with theIndian Tribes;[Page H53]</pre>]]></constitutionalAuthorityStatementText>
    <cboCostEstimates>
      <item>
        <title>H.R. 220, a bill to authorize the expansion of an existing hydroelectric project, and for other purposes</title>
        <url>https://www.cbo.gov/publication/52698</url>
        <pubDate>2017-05-08T15:00:34Z</pubDate>
      </item>
    </cboCostEstimates>
    <calendarNumbers>
      <item>
        <calendar>Senate Calendar of Business</calendar>
        <number>0159</number>
      </item>
      <item>
        <calendar>U00101</calendar>
        <number />
      </item>
    </calendarNumbers>
    <policyArea>
      <name>Energy</name>
    </policyArea>
    <summaries>
      <billSummaries>
        <item>
          <updateDate>2017-01-03T05:00:00Z</updateDate>
          <actionDate>2017-01-03</actionDate>
          <lastSummaryUpdateDate>2017-04-07T15:41:32Z</lastSummaryUpdateDate>
          <text><![CDATA[<p>This bill authorizes the licensee for the Terror Lake Hydroelectric Project in Kodiak Island, Alaska, to occupy not more than 20 acres of federal land to construct, operate, and maintain the Upper Hidden Basin Diversion Expansion without further authorization under the Alaska National Interest Lands Conservation Act or from the Department of the Interior.</p>]]></text>
          <actionDesc>Introduced in House</actionDesc>
          <versionCode>00</versionCode>
          <name>Introduced in House</name>
        </item>
        <item>
          <updateDate>2017-06-02T13:03:50Z</updateDate>
          <actionDate>2017-06-02</actionDate>
          <lastSummaryUpdateDate>2017-07-06T14:43:18Z</lastSummaryUpdateDate>
          <text><![CDATA[<p>(Sec.1)This bill authorizes the licensee for the Terror Lake Hydroelectric Project in Kodiak Island, Alaska, to occupy not more than 20 acres of federal land to construct, operate, and maintain the Upper Hidden Basin Diversion Expansion without further authorization under the Alaska National Interest Lands Conservation Act or from the Department of the Interior.</p>]]></text>
          <actionDesc>Reported to House with amendment(s)</actionDesc>
          <versionCode>17</versionCode>
          <name>Reported to House with amendment(s)</name>
        </item>
        <item>
          <updateDate>2017-06-27T12:47:58Z</updateDate>
          <actionDate>2017-06-27</actionDate>
          <lastSummaryUpdateDate>2017-08-29T14:46:29Z</lastSummaryUpdateDate>
          <text><![CDATA[<p>(This measure has not been amended since it was reported to the House on June 2, 2017. The summary of that version is repeated here.)</p> <p>(Sec.1)This bill authorizes the licensee for the Terror Lake Hydroelectric Project in Kodiak Island, Alaska, to occupy not more than 20 acres of federal land to construct, operate, and maintain the Upper Hidden Basin Diversion Expansion without further authorization under the Alaska National Interest Lands Conservation Act or from the Department of the Interior.</p>]]></text>
          <actionDesc>Passed House amended</actionDesc>
          <versionCode>36</versionCode>
          <name>Passed House amended</name>
        </item>
        <item>
          <updateDate>2018-06-28T12:16:18Z</updateDate>
          <actionDate>2018-06-28</actionDate>
          <lastSummaryUpdateDate>2018-07-17T15:51:54Z</lastSummaryUpdateDate>
          <text><![CDATA[<p>(Sec.1)This bill authorizes the licensee for the Terror Lake Hydroelectric Project in Kodiak Island, Alaska, to occupy not more than 20 acres of federal land to construct, operate, and maintain the Upper Hidden Basin Diversion Expansion without further authorization under the Alaska National Interest Lands Conservation Act or from the Department of the Interior.</p>]]></text>
          <actionDesc>Passed Senate without amendment</actionDesc>
          <versionCode>82</versionCode>
          <name>Passed Senate without amendment</name>
        </item>
        <item>
          <updateDate>2018-07-21T03:59:58Z</updateDate>
          <actionDate>2018-07-20</actionDate>
          <lastSummaryUpdateDate>2018-07-31T14:36:32Z</lastSummaryUpdateDate>
          <text><![CDATA[<p>(Sec.1)This bill authorizes the licensee for the Terror Lake Hydroelectric Project in Kodiak Island, Alaska, to occupy not more than 20 acres of federal land to construct, operate, and maintain the Upper Hidden Basin Diversion Expansion without further authorization under the Alaska National Interest Lands Conservation Act or from the Department of the Interior.</p>]]></text>
          <actionDesc>Public Law</actionDesc>
          <versionCode>49</versionCode>
          <name>Public Law</name>
        </item>
      </billSummaries>
    </summaries>
    <originChamber>House</originChamber>
    <titles>
      <item>
        <title>To authorize the expansion of an existing hydroelectric project, and for other purposes.</title>
        <titleType>Official Title as Introduced</titleType>
        <parentTitleType />
        <chamberCode />
        <chamberName />
      </item>
      <item>
        <title>To authorize the expansion of an existing hydroelectric project, and for other purposes.</title>
        <titleType>Display Title</titleType>
        <parentTitleType />
        <chamberCode />
        <chamberName />
      </item>
    </titles>
  </bill>
  <dublinCore xmlns:dc="http://purl.org/dc/elements/1.1/">
    <dc:format>text/xml</dc:format>
    <dc:language>EN</dc:language>
    <dc:rights>Pursuant to Title 17 Section 105 of the United States Code, this file is not subject to copyright protection and is in the public domain.</dc:rights>
    <dc:contributor>Congressional Research Service, Library of Congress</dc:contributor>
    <dc:description>This file contains bill summaries and statuses for federal legislation. A bill summary describes the most significant provisions of a piece of legislation and details the effects the legislative text may have on current law and federal programs. Bill summaries are authored by the Congressional Research Service (CRS) of the Library of Congress. As stated in Public Law 91-510 (2 USC 166 (d)(6)), one of the duties of CRS is "to prepare summaries and digests of bills and resolutions of a public general nature introduced in the Senate or House of Representatives". For more information, refer to the User Guide that accompanies this file.</dc:description>
  </dublinCore>
</billStatus>

