<?xml version="1.0" encoding="UTF-8"?>
<billStatus>
  <bill>
    <policyArea>
      <name>Armed Forces and National Security</name>
    </policyArea>
    <billNumber>877</billNumber>
    <laws />
    <constitutionalAuthorityStatementText><![CDATA[<pre>[Congressional Record Volume 163, Number 20 (Monday, February 6, 2017)]From the Congressional Record Online through the Government Publishing Office [<a href='http://www.gpo.gov'>www.gpo.gov</a>]By Mr. AMODEI:H.R. 877.Congress has the power to enact this legislation pursuantto the following:The constitutional authority of Congress to enact thislegislation is provided by Article I, Section 8 of the UnitedStates Constitution, specifically clause 1 (relating toproviding for the general welfare of the United States) andclause 18 (relating to the power to make all laws necessaryand proper for carrying out the powers vested in Congress),and Article IV, Section 3, Clause 2 (relating to the power ofCongress to dispose of and make all needful rules andregulations respecting the territory or other propertybelonging to the United States).[Page H1012]</pre>]]></constitutionalAuthorityStatementText>
    <originChamber>House</originChamber>
    <billType>HR</billType>
    <summaries>
      <billSummaries>
        <item>
          <actionDesc>Introduced in House</actionDesc>
          <name>Introduced in House</name>
          <text><![CDATA[<p><strong>Vietnam Helicopter Crew Monument Act</strong></p> <p>This bill directs the Department of the Army to place in Arlington National Cemetery a monument honoring helicopter pilots and crew members who were killed while serving on active duty in the Armed Forces during the Vietnam era, subject to an agreement with the Vietnam Helicopter Pilots Association under which the association shall pay all site preparation, construction, installation, and maintenance costs for the memorial.</p> <p> The Army shall remove the Vietnam Helicopter Pilots Association Memorial Tree and place the monument where the tree stood.</p>]]></text>
          <versionCode>00</versionCode>
          <lastSummaryUpdateDate>2017-03-04T17:21:27Z</lastSummaryUpdateDate>
          <updateDate>2017-02-06T05:00:00Z</updateDate>
          <actionDate>2017-02-06</actionDate>
        </item>
      </billSummaries>
    </summaries>
    <relatedBills>
      <item>
        <congress>115</congress>
        <number>315</number>
        <type>S</type>
        <latestTitle>Vietnam Helicopter Crew Monument Act</latestTitle>
        <relationshipDetails>
          <item>
            <type>Identical bill</type>
            <identifiedBy>CRS</identifiedBy>
          </item>
        </relationshipDetails>
        <latestAction>
          <text>Read twice and referred to the Committee on Veterans' Affairs.</text>
          <actionDate>2017-02-06</actionDate>
        </latestAction>
      </item>
    </relatedBills>
    <createDate>2017-02-07T04:46:14Z</createDate>
    <sponsors>
      <item>
        <lastName>Amodei</lastName>
        <party>R</party>
        <middleName>E.</middleName>
        <fullName>Rep. Amodei, Mark E. [R-NV-2]</fullName>
        <identifiers>
          <lisID>2090</lisID>
          <bioguideId>A000369</bioguideId>
          <gpoId>8366</gpoId>
        </identifiers>
        <state>NV</state>
        <firstName>Mark</firstName>
        <byRequestType />
        <district>2</district>
        <bioguideId>A000369</bioguideId>
      </item>
    </sponsors>
    <notes />
    <updateDate>2018-08-28T20:01:09Z</updateDate>
    <committeeReports />
    <actions>
      <item>
        <actionDate>2017-02-24</actionDate>
        <committee>
          <systemCode>hsas02</systemCode>
          <name>Military Personnel Subcommittee</name>
        </committee>
        <links />
        <sourceSystem>
          <code>1</code>
          <name>House committee actions</name>
        </sourceSystem>
        <text>Referred to the Subcommittee on Military Personnel.</text>
        <type>Committee</type>
      </item>
      <item>
        <actionDate>2017-02-06</actionDate>
        <committee>
          <systemCode>hsvr09</systemCode>
          <name>Disability Assistance and Memorial Affairs Subcommittee</name>
        </committee>
        <links />
        <sourceSystem>
          <code>1</code>
          <name>House committee actions</name>
        </sourceSystem>
        <text>Referred to the Subcommittee on Disability Assistance and Memorial Affairs.</text>
        <type>Committee</type>
      </item>
      <item>
        <actionDate>2017-02-06</actionDate>
        <actionCode>H11100</actionCode>
        <text>Referred to the Committee on Veterans' Affairs, and in addition to the Committee on Armed Services, for a period to be subsequently determined by the Speaker, in each case for consideration of such provisions as fall within the jurisdiction of the committee concerned.</text>
        <committee>
          <systemCode>hsas00</systemCode>
          <name>Armed Services Committee</name>
        </committee>
        <links />
        <type>IntroReferral</type>
        <sourceSystem>
          <code>2</code>
          <name>House floor actions</name>
        </sourceSystem>
      </item>
      <item>
        <actionDate>2017-02-06</actionDate>
        <actionCode>H11100-A</actionCode>
        <text>Referred to the Committee on Veterans' Affairs, and in addition to the Committee on Armed Services, for a period to be subsequently determined by the Speaker, in each case for consideration of such provisions as fall within the jurisdiction of the committee concerned.</text>
        <committee />
        <links />
        <type>IntroReferral</type>
        <sourceSystem>
          <code>9</code>
          <name>Library of Congress</name>
        </sourceSystem>
      </item>
      <item>
        <actionDate>2017-02-06</actionDate>
        <actionCode>H11100</actionCode>
        <text>Referred to the Committee on Veterans' Affairs, and in addition to the Committee on Armed Services, for a period to be subsequently determined by the Speaker, in each case for consideration of such provisions as fall within the jurisdiction of the committee concerned.</text>
        <committee>
          <systemCode>hsvr00</systemCode>
          <name>Veterans' Affairs Committee</name>
        </committee>
        <links />
        <type>IntroReferral</type>
        <sourceSystem>
          <code>2</code>
          <name>House floor actions</name>
        </sourceSystem>
      </item>
      <item>
        <actionDate>2017-02-06</actionDate>
        <actionCode>Intro-H</actionCode>
        <text>Introduced in House</text>
        <committee />
        <links />
        <type>IntroReferral</type>
        <sourceSystem>
          <code>9</code>
          <name>Library of Congress</name>
        </sourceSystem>
      </item>
      <item>
        <actionDate>2017-02-06</actionDate>
        <actionCode>1000</actionCode>
        <text>Introduced in House</text>
        <committee />
        <links />
        <type>IntroReferral</type>
        <sourceSystem>
          <code>9</code>
          <name>Library of Congress</name>
        </sourceSystem>
      </item>
      <actionTypeCounts>
        <placeholderTextForH>2</placeholderTextForH>
        <billReferralsAggregate>1</billReferralsAggregate>
        <billReferrals>2</billReferrals>
        <introducedInHouse>1</introducedInHouse>
        <introducedInTheHouse>1</introducedInTheHouse>
      </actionTypeCounts>
      <actionByCounts>
        <houseOfRepresentatives>7</houseOfRepresentatives>
      </actionByCounts>
    </actions>
    <title>Vietnam Helicopter Crew Monument Act</title>
    <cosponsors>
      <item>
        <lastName>Abraham</lastName>
        <state>LA</state>
        <firstName>Ralph</firstName>
        <sponsorshipDate>2017-02-06</sponsorshipDate>
        <district>5</district>
        <fullName>Rep. Abraham, Ralph Lee [R-LA-5]</fullName>
        <identifiers>
          <lisID>2244</lisID>
          <bioguideId>A000374</bioguideId>
          <gpoId />
        </identifiers>
        <bioguideId>A000374</bioguideId>
        <sponsorshipWithdrawnDate />
        <party>R</party>
        <isOriginalCosponsor>True</isOriginalCosponsor>
        <middleName>Lee</middleName>
      </item>
      <item>
        <lastName>Burgess</lastName>
        <state>TX</state>
        <firstName>Michael</firstName>
        <sponsorshipDate>2017-02-06</sponsorshipDate>
        <district>26</district>
        <fullName>Rep. Burgess, Michael C. [R-TX-26]</fullName>
        <identifiers>
          <lisID>1751</lisID>
          <gpoId>8182</gpoId>
          <bioguideId>B001248</bioguideId>
        </identifiers>
        <bioguideId>B001248</bioguideId>
        <sponsorshipWithdrawnDate />
        <party>R</party>
        <isOriginalCosponsor>True</isOriginalCosponsor>
        <middleName>C.</middleName>
      </item>
      <item>
        <lastName>Kilmer</lastName>
        <state>WA</state>
        <firstName>Derek</firstName>
        <sponsorshipDate>2017-02-06</sponsorshipDate>
        <district>6</district>
        <fullName>Rep. Kilmer, Derek [D-WA-6]</fullName>
        <identifiers>
          <lisID>2169</lisID>
          <gpoId />
          <bioguideId>K000381</bioguideId>
        </identifiers>
        <bioguideId>K000381</bioguideId>
        <sponsorshipWithdrawnDate />
        <party>D</party>
        <isOriginalCosponsor>True</isOriginalCosponsor>
        <middleName />
      </item>
      <item>
        <lastName>Barletta</lastName>
        <state>PA</state>
        <firstName>Lou</firstName>
        <sponsorshipDate>2017-02-06</sponsorshipDate>
        <district>11</district>
        <fullName>Rep. Barletta, Lou [R-PA-11]</fullName>
        <identifiers>
          <bioguideId>B001269</bioguideId>
          <lisID>2054</lisID>
          <gpoId>8129</gpoId>
        </identifiers>
        <bioguideId>B001269</bioguideId>
        <sponsorshipWithdrawnDate />
        <party>R</party>
        <isOriginalCosponsor>True</isOriginalCosponsor>
        <middleName />
      </item>
      <item>
        <lastName>Webster</lastName>
        <state>FL</state>
        <firstName>Daniel</firstName>
        <sponsorshipDate>2017-02-06</sponsorshipDate>
        <district>11</district>
        <fullName>Rep. Webster, Daniel [R-FL-11]</fullName>
        <identifiers>
          <lisID>2002</lisID>
          <gpoId>7880</gpoId>
          <bioguideId>W000806</bioguideId>
        </identifiers>
        <bioguideId>W000806</bioguideId>
        <sponsorshipWithdrawnDate />
        <party>R</party>
        <isOriginalCosponsor>True</isOriginalCosponsor>
        <middleName />
      </item>
      <item>
        <lastName>DEFAZIO</lastName>
        <state>OR</state>
        <firstName>PETER</firstName>
        <sponsorshipDate>2017-02-06</sponsorshipDate>
        <district>4</district>
        <fullName>Rep. DeFazio, Peter A. [D-OR-4]</fullName>
        <identifiers>
          <bioguideId>D000191</bioguideId>
          <lisID>279</lisID>
          <gpoId>8117</gpoId>
        </identifiers>
        <bioguideId>D000191</bioguideId>
        <sponsorshipWithdrawnDate />
        <party>D</party>
        <isOriginalCosponsor>True</isOriginalCosponsor>
        <middleName>A.</middleName>
      </item>
      <item>
        <lastName>Bucshon</lastName>
        <state>IN</state>
        <firstName>Larry</firstName>
        <sponsorshipDate>2017-02-06</sponsorshipDate>
        <district>8</district>
        <fullName>Rep. Bucshon, Larry [R-IN-8]</fullName>
        <identifiers>
          <lisID>2018</lisID>
          <bioguideId>B001275</bioguideId>
          <gpoId>7947</gpoId>
        </identifiers>
        <bioguideId>B001275</bioguideId>
        <sponsorshipWithdrawnDate />
        <party>R</party>
        <isOriginalCosponsor>True</isOriginalCosponsor>
        <middleName />
      </item>
      <item>
        <lastName>Rooney</lastName>
        <state>FL</state>
        <firstName>Thomas</firstName>
        <sponsorshipDate>2017-02-06</sponsorshipDate>
        <district>17</district>
        <fullName>Rep. Rooney, Thomas J. [R-FL-17]</fullName>
        <identifiers>
          <lisID>1916</lisID>
          <gpoId>7888</gpoId>
          <bioguideId>R000583</bioguideId>
        </identifiers>
        <bioguideId>R000583</bioguideId>
        <sponsorshipWithdrawnDate />
        <party>R</party>
        <isOriginalCosponsor>True</isOriginalCosponsor>
        <middleName>J.</middleName>
      </item>
      <item>
        <lastName>JONES</lastName>
        <state>NC</state>
        <firstName>WALTER</firstName>
        <sponsorshipDate>2017-02-06</sponsorshipDate>
        <district>3</district>
        <fullName>Rep. Jones, Walter B., Jr. [R-NC-3]</fullName>
        <identifiers>
          <bioguideId>J000255</bioguideId>
          <lisID>612</lisID>
          <gpoId>8026</gpoId>
        </identifiers>
        <bioguideId>J000255</bioguideId>
        <sponsorshipWithdrawnDate />
        <party>R</party>
        <isOriginalCosponsor>True</isOriginalCosponsor>
        <middleName>B.</middleName>
      </item>
      <item>
        <lastName>Rice</lastName>
        <state>NY</state>
        <firstName>Kathleen</firstName>
        <sponsorshipDate>2017-02-06</sponsorshipDate>
        <district>4</district>
        <fullName>Rep. Rice, Kathleen M. [D-NY-4]</fullName>
        <identifiers>
          <bioguideId>R000602</bioguideId>
          <gpoId />
          <lisID>2262</lisID>
        </identifiers>
        <bioguideId>R000602</bioguideId>
        <sponsorshipWithdrawnDate />
        <party>D</party>
        <isOriginalCosponsor>True</isOriginalCosponsor>
        <middleName>M.</middleName>
      </item>
      <item>
        <lastName>Clark</lastName>
        <state>MA</state>
        <firstName>Katherine</firstName>
        <sponsorshipDate>2017-02-06</sponsorshipDate>
        <district>5</district>
        <fullName>Rep. Clark, Katherine M. [D-MA-5]</fullName>
        <identifiers>
          <lisID>2196</lisID>
          <bioguideId>C001101</bioguideId>
          <gpoId />
        </identifiers>
        <bioguideId>C001101</bioguideId>
        <sponsorshipWithdrawnDate />
        <party>D</party>
        <isOriginalCosponsor>True</isOriginalCosponsor>
        <middleName>M.</middleName>
      </item>
      <item>
        <lastName>Kuster</lastName>
        <state>NH</state>
        <firstName>Ann</firstName>
        <sponsorshipDate>2017-02-06</sponsorshipDate>
        <district>2</district>
        <fullName>Rep. Kuster, Ann M. [D-NH-2]</fullName>
        <identifiers>
          <bioguideId>K000382</bioguideId>
          <gpoId />
          <lisID>2145</lisID>
        </identifiers>
        <bioguideId>K000382</bioguideId>
        <sponsorshipWithdrawnDate />
        <party>D</party>
        <isOriginalCosponsor>True</isOriginalCosponsor>
        <middleName>M.</middleName>
      </item>
      <item>
        <lastName>Heck</lastName>
        <state>WA</state>
        <firstName>Denny</firstName>
        <sponsorshipDate>2017-02-06</sponsorshipDate>
        <district>10</district>
        <fullName>Rep. Heck, Denny [D-WA-10]</fullName>
        <identifiers>
          <bioguideId>H001064</bioguideId>
          <lisID>2170</lisID>
          <gpoId />
        </identifiers>
        <bioguideId>H001064</bioguideId>
        <sponsorshipWithdrawnDate />
        <party>D</party>
        <isOriginalCosponsor>True</isOriginalCosponsor>
        <middleName />
      </item>
      <item>
        <lastName>Blackburn</lastName>
        <state>TN</state>
        <firstName>Marsha</firstName>
        <sponsorshipDate>2017-02-06</sponsorshipDate>
        <district>7</district>
        <fullName>Rep. Blackburn, Marsha [R-TN-7]</fullName>
        <identifiers>
          <bioguideId>B001243</bioguideId>
          <lisID>1748</lisID>
          <gpoId>8154</gpoId>
        </identifiers>
        <bioguideId>B001243</bioguideId>
        <sponsorshipWithdrawnDate />
        <party>R</party>
        <isOriginalCosponsor>True</isOriginalCosponsor>
        <middleName />
      </item>
      <item>
        <lastName>Hill</lastName>
        <state>AR</state>
        <firstName>J.</firstName>
        <sponsorshipDate>2017-02-06</sponsorshipDate>
        <district>2</district>
        <fullName>Rep. Hill, J. French [R-AR-2]</fullName>
        <identifiers>
          <gpoId />
          <lisID>2223</lisID>
          <bioguideId>H001072</bioguideId>
        </identifiers>
        <bioguideId>H001072</bioguideId>
        <sponsorshipWithdrawnDate />
        <party>R</party>
        <isOriginalCosponsor>True</isOriginalCosponsor>
        <middleName>French</middleName>
      </item>
      <item>
        <lastName>Kelly</lastName>
        <state>PA</state>
        <firstName>Mike</firstName>
        <sponsorshipDate>2017-02-06</sponsorshipDate>
        <district>3</district>
        <fullName>Rep. Kelly, Mike [R-PA-3]</fullName>
        <identifiers>
          <bioguideId>K000376</bioguideId>
          <lisID>2051</lisID>
          <gpoId>8708</gpoId>
        </identifiers>
        <bioguideId>K000376</bioguideId>
        <sponsorshipWithdrawnDate />
        <party>R</party>
        <isOriginalCosponsor>True</isOriginalCosponsor>
        <middleName />
      </item>
      <item>
        <lastName>LOBIONDO</lastName>
        <state>NJ</state>
        <firstName>FRANK</firstName>
        <sponsorshipDate>2017-02-06</sponsorshipDate>
        <district>2</district>
        <fullName>Rep. LoBiondo, Frank A. [R-NJ-2]</fullName>
        <identifiers>
          <bioguideId>L000554</bioguideId>
          <lisID>699</lisID>
          <gpoId>8044</gpoId>
        </identifiers>
        <bioguideId>L000554</bioguideId>
        <sponsorshipWithdrawnDate />
        <party>R</party>
        <isOriginalCosponsor>True</isOriginalCosponsor>
        <middleName>A.</middleName>
      </item>
      <item>
        <lastName>Brooks</lastName>
        <state>IN</state>
        <firstName>Susan</firstName>
        <sponsorshipDate>2017-02-06</sponsorshipDate>
        <district>5</district>
        <fullName>Rep. Brooks, Susan W. [R-IN-5]</fullName>
        <identifiers>
          <bioguideId>B001284</bioguideId>
          <lisID>2129</lisID>
          <gpoId />
        </identifiers>
        <bioguideId>B001284</bioguideId>
        <sponsorshipWithdrawnDate />
        <party>R</party>
        <isOriginalCosponsor>True</isOriginalCosponsor>
        <middleName>W.</middleName>
      </item>
      <item>
        <lastName>Renacci</lastName>
        <state>OH</state>
        <firstName>James</firstName>
        <sponsorshipDate>2017-02-06</sponsorshipDate>
        <district>16</district>
        <fullName>Rep. Renacci, James B. [R-OH-16]</fullName>
        <identifiers>
          <lisID>2048</lisID>
          <bioguideId>R000586</bioguideId>
          <gpoId>8106</gpoId>
        </identifiers>
        <bioguideId>R000586</bioguideId>
        <sponsorshipWithdrawnDate />
        <party>R</party>
        <isOriginalCosponsor>True</isOriginalCosponsor>
        <middleName>B.</middleName>
      </item>
      <item>
        <lastName>Cramer</lastName>
        <state>ND</state>
        <firstName>Kevin</firstName>
        <sponsorshipDate>2017-02-06</sponsorshipDate>
        <district>0</district>
        <fullName>Rep. Cramer, Kevin [R-ND-At Large]</fullName>
        <identifiers>
          <lisID>2144</lisID>
          <gpoId />
          <bioguideId>C001096</bioguideId>
        </identifiers>
        <bioguideId>C001096</bioguideId>
        <sponsorshipWithdrawnDate />
        <party>R</party>
        <isOriginalCosponsor>True</isOriginalCosponsor>
        <middleName />
      </item>
      <item>
        <lastName>Maloney</lastName>
        <state>NY</state>
        <firstName>Sean</firstName>
        <sponsorshipDate>2017-02-06</sponsorshipDate>
        <district>18</district>
        <fullName>Rep. Maloney, Sean Patrick [D-NY-18]</fullName>
        <identifiers>
          <lisID>2150</lisID>
          <bioguideId>M001185</bioguideId>
          <gpoId />
        </identifiers>
        <bioguideId>M001185</bioguideId>
        <sponsorshipWithdrawnDate />
        <party>D</party>
        <isOriginalCosponsor>True</isOriginalCosponsor>
        <middleName>Patrick</middleName>
      </item>
      <item>
        <lastName>Byrne</lastName>
        <state>AL</state>
        <firstName>Bradley</firstName>
        <sponsorshipDate>2017-02-06</sponsorshipDate>
        <district>1</district>
        <fullName>Rep. Byrne, Bradley [R-AL-1]</fullName>
        <identifiers>
          <lisID>2197</lisID>
          <bioguideId>B001289</bioguideId>
          <gpoId />
        </identifiers>
        <bioguideId>B001289</bioguideId>
        <sponsorshipWithdrawnDate />
        <party>R</party>
        <isOriginalCosponsor>True</isOriginalCosponsor>
        <middleName />
      </item>
      <item>
        <lastName>Rouzer</lastName>
        <state>NC</state>
        <firstName>David</firstName>
        <sponsorshipDate>2017-02-06</sponsorshipDate>
        <district>7</district>
        <fullName>Rep. Rouzer, David [R-NC-7]</fullName>
        <identifiers>
          <lisID>2256</lisID>
          <bioguideId>R000603</bioguideId>
          <gpoId />
        </identifiers>
        <bioguideId>R000603</bioguideId>
        <sponsorshipWithdrawnDate />
        <party>R</party>
        <isOriginalCosponsor>True</isOriginalCosponsor>
        <middleName />
      </item>
      <item>
        <lastName>Loudermilk</lastName>
        <state>GA</state>
        <firstName>Barry</firstName>
        <sponsorshipDate>2017-02-06</sponsorshipDate>
        <district>11</district>
        <fullName>Rep. Loudermilk, Barry [R-GA-11]</fullName>
        <identifiers>
          <bioguideId>L000583</bioguideId>
          <lisID>2238</lisID>
          <gpoId />
        </identifiers>
        <bioguideId>L000583</bioguideId>
        <sponsorshipWithdrawnDate />
        <party>R</party>
        <isOriginalCosponsor>True</isOriginalCosponsor>
        <middleName />
      </item>
      <item>
        <lastName>Cartwright</lastName>
        <state>PA</state>
        <firstName>Matt</firstName>
        <sponsorshipDate>2017-02-06</sponsorshipDate>
        <district>17</district>
        <fullName>Rep. Cartwright, Matt [D-PA-17]</fullName>
        <identifiers>
          <lisID>2159</lisID>
          <bioguideId>C001090</bioguideId>
          <gpoId />
        </identifiers>
        <bioguideId>C001090</bioguideId>
        <sponsorshipWithdrawnDate />
        <party>D</party>
        <isOriginalCosponsor>True</isOriginalCosponsor>
        <middleName />
      </item>
      <item>
        <lastName>Marino</lastName>
        <state>PA</state>
        <firstName>Tom</firstName>
        <sponsorshipDate>2017-02-06</sponsorshipDate>
        <district>10</district>
        <fullName>Rep. Marino, Tom [R-PA-10]</fullName>
        <identifiers>
          <lisID>2053</lisID>
          <bioguideId>M001179</bioguideId>
          <gpoId>8128</gpoId>
        </identifiers>
        <bioguideId>M001179</bioguideId>
        <sponsorshipWithdrawnDate />
        <party>R</party>
        <isOriginalCosponsor>True</isOriginalCosponsor>
        <middleName />
      </item>
      <item>
        <lastName>Scott</lastName>
        <state>GA</state>
        <firstName>Austin</firstName>
        <sponsorshipDate>2017-02-06</sponsorshipDate>
        <district>8</district>
        <fullName>Rep. Scott, Austin [R-GA-8]</fullName>
        <identifiers>
          <lisID>2009</lisID>
          <gpoId>7905</gpoId>
          <bioguideId>S001189</bioguideId>
        </identifiers>
        <bioguideId>S001189</bioguideId>
        <sponsorshipWithdrawnDate />
        <party>R</party>
        <isOriginalCosponsor>True</isOriginalCosponsor>
        <middleName />
      </item>
      <item>
        <lastName>Stewart</lastName>
        <state>UT</state>
        <firstName>Chris</firstName>
        <sponsorshipDate>2017-02-06</sponsorshipDate>
        <district>2</district>
        <fullName>Rep. Stewart, Chris [R-UT-2]</fullName>
        <identifiers>
          <gpoId />
          <lisID>2168</lisID>
          <bioguideId>S001192</bioguideId>
        </identifiers>
        <bioguideId>S001192</bioguideId>
        <sponsorshipWithdrawnDate />
        <party>R</party>
        <isOriginalCosponsor>True</isOriginalCosponsor>
        <middleName />
      </item>
      <item>
        <lastName>Pocan</lastName>
        <state>WI</state>
        <firstName>Mark</firstName>
        <sponsorshipDate>2017-02-06</sponsorshipDate>
        <district>2</district>
        <fullName>Rep. Pocan, Mark [D-WI-2]</fullName>
        <identifiers>
          <lisID>2171</lisID>
          <gpoId />
          <bioguideId>P000607</bioguideId>
        </identifiers>
        <bioguideId>P000607</bioguideId>
        <sponsorshipWithdrawnDate />
        <party>D</party>
        <isOriginalCosponsor>True</isOriginalCosponsor>
        <middleName />
      </item>
      <item>
        <lastName>Franks</lastName>
        <state>AZ</state>
        <firstName>Trent</firstName>
        <sponsorshipDate>2017-02-06</sponsorshipDate>
        <district>8</district>
        <fullName>Rep. Franks, Trent [R-AZ-8]</fullName>
        <identifiers>
          <lisID>1707</lisID>
          <bioguideId>F000448</bioguideId>
          <gpoId>7799</gpoId>
        </identifiers>
        <bioguideId>F000448</bioguideId>
        <sponsorshipWithdrawnDate />
        <party>R</party>
        <isOriginalCosponsor>True</isOriginalCosponsor>
        <middleName />
      </item>
      <item>
        <lastName>KIND</lastName>
        <state>WI</state>
        <firstName>RON</firstName>
        <sponsorshipDate>2017-02-06</sponsorshipDate>
        <district>3</district>
        <fullName>Rep. Kind, Ron [D-WI-3]</fullName>
        <identifiers>
          <bioguideId>K000188</bioguideId>
          <lisID>1498</lisID>
          <gpoId>8216</gpoId>
        </identifiers>
        <bioguideId>K000188</bioguideId>
        <sponsorshipWithdrawnDate />
        <party>D</party>
        <isOriginalCosponsor>True</isOriginalCosponsor>
        <middleName />
      </item>
      <item>
        <lastName>Carter</lastName>
        <state>TX</state>
        <firstName>John</firstName>
        <sponsorshipDate>2017-02-06</sponsorshipDate>
        <district>31</district>
        <fullName>Rep. Carter, John R. [R-TX-31]</fullName>
        <identifiers>
          <lisID>1752</lisID>
          <bioguideId>C001051</bioguideId>
          <gpoId>8187</gpoId>
        </identifiers>
        <bioguideId>C001051</bioguideId>
        <sponsorshipWithdrawnDate />
        <party>R</party>
        <isOriginalCosponsor>True</isOriginalCosponsor>
        <middleName>R.</middleName>
      </item>
      <item>
        <lastName>Ross</lastName>
        <state>FL</state>
        <firstName>Dennis</firstName>
        <sponsorshipDate>2017-02-06</sponsorshipDate>
        <district>15</district>
        <fullName>Rep. Ross, Dennis A. [R-FL-15]</fullName>
        <identifiers>
          <lisID>2003</lisID>
          <gpoId>7884</gpoId>
          <bioguideId>R000593</bioguideId>
        </identifiers>
        <bioguideId>R000593</bioguideId>
        <sponsorshipWithdrawnDate />
        <party>R</party>
        <isOriginalCosponsor>True</isOriginalCosponsor>
        <middleName>A.</middleName>
      </item>
      <item>
        <lastName>KING</lastName>
        <state>NY</state>
        <firstName>PETER</firstName>
        <sponsorshipDate>2017-02-06</sponsorshipDate>
        <district>2</district>
        <fullName>Rep. King, Peter T. [R-NY-2]</fullName>
        <identifiers>
          <lisID>635</lisID>
          <bioguideId>K000210</bioguideId>
          <gpoId>8064</gpoId>
        </identifiers>
        <bioguideId>K000210</bioguideId>
        <sponsorshipWithdrawnDate />
        <party>R</party>
        <isOriginalCosponsor>True</isOriginalCosponsor>
        <middleName>T.</middleName>
      </item>
      <item>
        <lastName>Wittman</lastName>
        <state>VA</state>
        <firstName>Robert</firstName>
        <sponsorshipDate>2017-02-06</sponsorshipDate>
        <district>1</district>
        <fullName>Rep. Wittman, Robert J. [R-VA-1]</fullName>
        <identifiers>
          <bioguideId>W000804</bioguideId>
          <lisID>1886</lisID>
          <gpoId>8192</gpoId>
        </identifiers>
        <bioguideId>W000804</bioguideId>
        <sponsorshipWithdrawnDate />
        <party>R</party>
        <isOriginalCosponsor>True</isOriginalCosponsor>
        <middleName>J.</middleName>
      </item>
      <item>
        <lastName>Roby</lastName>
        <state>AL</state>
        <firstName>Martha</firstName>
        <sponsorshipDate>2017-02-06</sponsorshipDate>
        <district>2</district>
        <fullName>Rep. Roby, Martha [R-AL-2]</fullName>
        <identifiers>
          <gpoId>7787</gpoId>
          <lisID>1986</lisID>
          <bioguideId>R000591</bioguideId>
        </identifiers>
        <bioguideId>R000591</bioguideId>
        <sponsorshipWithdrawnDate />
        <party>R</party>
        <isOriginalCosponsor>True</isOriginalCosponsor>
        <middleName />
      </item>
      <item>
        <lastName>Pearce</lastName>
        <state>NM</state>
        <firstName>Stevan</firstName>
        <sponsorshipDate>2017-02-06</sponsorshipDate>
        <district>2</district>
        <fullName>Rep. Pearce, Stevan [R-NM-2]</fullName>
        <identifiers>
          <lisID>1738</lisID>
          <bioguideId>P000588</bioguideId>
          <gpoId>8057</gpoId>
        </identifiers>
        <bioguideId>P000588</bioguideId>
        <sponsorshipWithdrawnDate />
        <party>R</party>
        <isOriginalCosponsor>True</isOriginalCosponsor>
        <middleName />
      </item>
      <item>
        <lastName>Wenstrup</lastName>
        <state>OH</state>
        <firstName>Brad</firstName>
        <sponsorshipDate>2017-02-06</sponsorshipDate>
        <district>2</district>
        <fullName>Rep. Wenstrup, Brad R. [R-OH-2]</fullName>
        <identifiers>
          <lisID>2152</lisID>
          <bioguideId>W000815</bioguideId>
          <gpoId />
        </identifiers>
        <bioguideId>W000815</bioguideId>
        <sponsorshipWithdrawnDate />
        <party>R</party>
        <isOriginalCosponsor>True</isOriginalCosponsor>
        <middleName>R.</middleName>
      </item>
      <item>
        <lastName>PASCRELL</lastName>
        <state>NJ</state>
        <firstName>WILLIAM</firstName>
        <sponsorshipDate>2017-03-08</sponsorshipDate>
        <district>9</district>
        <fullName>Rep. Pascrell, Bill, Jr. [D-NJ-9]</fullName>
        <identifiers>
          <lisID>1510</lisID>
          <gpoId>8050</gpoId>
          <bioguideId>P000096</bioguideId>
        </identifiers>
        <bioguideId>P000096</bioguideId>
        <sponsorshipWithdrawnDate />
        <party>D</party>
        <isOriginalCosponsor>False</isOriginalCosponsor>
        <middleName>J.</middleName>
      </item>
      <item>
        <lastName>Rogers</lastName>
        <state>AL</state>
        <firstName>Mike</firstName>
        <sponsorshipDate>2017-03-08</sponsorshipDate>
        <district>3</district>
        <fullName>Rep. Rogers, Mike D. [R-AL-3]</fullName>
        <identifiers>
          <gpoId>7788</gpoId>
          <lisID>1704</lisID>
          <bioguideId>R000575</bioguideId>
        </identifiers>
        <bioguideId>R000575</bioguideId>
        <sponsorshipWithdrawnDate />
        <party>R</party>
        <isOriginalCosponsor>False</isOriginalCosponsor>
        <middleName />
      </item>
      <item>
        <lastName>Perry</lastName>
        <state>PA</state>
        <firstName>Scott</firstName>
        <sponsorshipDate>2017-03-08</sponsorshipDate>
        <district>4</district>
        <fullName>Rep. Perry, Scott [R-PA-4]</fullName>
        <identifiers>
          <lisID>2157</lisID>
          <gpoId />
          <bioguideId>P000605</bioguideId>
        </identifiers>
        <bioguideId>P000605</bioguideId>
        <sponsorshipWithdrawnDate />
        <party>R</party>
        <isOriginalCosponsor>False</isOriginalCosponsor>
        <middleName />
      </item>
      <item>
        <lastName>Griffith</lastName>
        <state>VA</state>
        <firstName>H.</firstName>
        <sponsorshipDate>2017-03-27</sponsorshipDate>
        <district>9</district>
        <fullName>Rep. Griffith, H. Morgan [R-VA-9]</fullName>
        <identifiers>
          <bioguideId>G000568</bioguideId>
          <lisID>2070</lisID>
          <gpoId>8200</gpoId>
        </identifiers>
        <bioguideId>G000568</bioguideId>
        <sponsorshipWithdrawnDate />
        <party>R</party>
        <isOriginalCosponsor>False</isOriginalCosponsor>
        <middleName>Morgan</middleName>
      </item>
      <item>
        <lastName>Mast</lastName>
        <state>FL</state>
        <firstName>Brian</firstName>
        <sponsorshipDate>2017-03-27</sponsorshipDate>
        <district>18</district>
        <fullName>Rep. Mast, Brian J. [R-FL-18]</fullName>
        <identifiers>
          <lisID>2322</lisID>
          <gpoId />
          <bioguideId>M001199</bioguideId>
        </identifiers>
        <bioguideId>M001199</bioguideId>
        <sponsorshipWithdrawnDate />
        <party>R</party>
        <isOriginalCosponsor>False</isOriginalCosponsor>
        <middleName>J.</middleName>
      </item>
      <item>
        <lastName>Brownley</lastName>
        <state>CA</state>
        <firstName>Julia</firstName>
        <sponsorshipDate>2017-03-27</sponsorshipDate>
        <district>26</district>
        <fullName>Rep. Brownley, Julia [D-CA-26]</fullName>
        <identifiers>
          <lisID>2106</lisID>
          <gpoId />
          <bioguideId>B001285</bioguideId>
        </identifiers>
        <bioguideId>B001285</bioguideId>
        <sponsorshipWithdrawnDate />
        <party>D</party>
        <isOriginalCosponsor>False</isOriginalCosponsor>
        <middleName />
      </item>
      <item>
        <lastName>Young</lastName>
        <state>IA</state>
        <firstName>David</firstName>
        <sponsorshipDate>2017-03-27</sponsorshipDate>
        <district>3</district>
        <fullName>Rep. Young, David [R-IA-3]</fullName>
        <identifiers>
          <bioguideId>Y000066</bioguideId>
          <gpoId />
          <lisID>2242</lisID>
        </identifiers>
        <bioguideId>Y000066</bioguideId>
        <sponsorshipWithdrawnDate />
        <party>R</party>
        <isOriginalCosponsor>False</isOriginalCosponsor>
        <middleName />
      </item>
      <item>
        <lastName>Olson</lastName>
        <state>TX</state>
        <firstName>Pete</firstName>
        <sponsorshipDate>2017-04-04</sponsorshipDate>
        <district>22</district>
        <fullName>Rep. Olson, Pete [R-TX-22]</fullName>
        <identifiers>
          <bioguideId>O000168</bioguideId>
          <gpoId>8178</gpoId>
          <lisID>1955</lisID>
        </identifiers>
        <bioguideId>O000168</bioguideId>
        <sponsorshipWithdrawnDate />
        <party>R</party>
        <isOriginalCosponsor>False</isOriginalCosponsor>
        <middleName />
      </item>
      <item>
        <lastName>DelBene</lastName>
        <state>WA</state>
        <firstName>Suzan</firstName>
        <sponsorshipDate>2017-04-04</sponsorshipDate>
        <district>1</district>
        <fullName>Rep. DelBene, Suzan K. [D-WA-1]</fullName>
        <identifiers>
          <bioguideId>D000617</bioguideId>
          <lisID>2096</lisID>
          <gpoId>8374</gpoId>
        </identifiers>
        <bioguideId>D000617</bioguideId>
        <sponsorshipWithdrawnDate />
        <party>D</party>
        <isOriginalCosponsor>False</isOriginalCosponsor>
        <middleName>K.</middleName>
      </item>
      <item>
        <lastName>Duffy</lastName>
        <state>WI</state>
        <firstName>Sean</firstName>
        <sponsorshipDate>2017-04-06</sponsorshipDate>
        <district>7</district>
        <fullName>Rep. Duffy, Sean P. [R-WI-7]</fullName>
        <identifiers>
          <lisID>2072</lisID>
          <bioguideId>D000614</bioguideId>
          <gpoId>8220</gpoId>
        </identifiers>
        <bioguideId>D000614</bioguideId>
        <sponsorshipWithdrawnDate />
        <party>R</party>
        <isOriginalCosponsor>False</isOriginalCosponsor>
        <middleName>P.</middleName>
      </item>
      <item>
        <lastName>Delaney</lastName>
        <state>MD</state>
        <firstName>John</firstName>
        <sponsorshipDate>2017-10-19</sponsorshipDate>
        <district>6</district>
        <fullName>Rep. Delaney, John K. [D-MD-6]</fullName>
        <identifiers>
          <lisID>2133</lisID>
          <bioguideId>D000620</bioguideId>
          <gpoId />
        </identifiers>
        <bioguideId>D000620</bioguideId>
        <sponsorshipWithdrawnDate />
        <party>D</party>
        <isOriginalCosponsor>False</isOriginalCosponsor>
        <middleName>K.</middleName>
      </item>
    </cosponsors>
    <introducedDate>2017-02-06</introducedDate>
    <recordedVotes />
    <congress>115</congress>
    <amendments />
    <version>1.0.0</version>
    <calendarNumbers />
    <latestAction>
      <actionDate>2017-02-24</actionDate>
      <links />
      <text>Referred to the Subcommittee on Military Personnel.</text>
    </latestAction>
    <titles>
      <item>
        <titleType>Short Titles as Introduced</titleType>
        <title>Vietnam Helicopter Crew Monument Act</title>
        <parentTitleType />
        <chamberCode />
        <chamberName />
      </item>
      <item>
        <titleType>Official Title as Introduced</titleType>
        <title>To direct the Secretary of the Army to place in Arlington National Cemetery a monument honoring the helicopter pilots and crewmembers who were killed while serving on active duty in the Armed Forces during the Vietnam era, and for other purposes.</title>
        <parentTitleType />
        <chamberCode />
        <chamberName />
      </item>
      <item>
        <titleType>Display Title</titleType>
        <title>Vietnam Helicopter Crew Monument Act</title>
        <parentTitleType />
        <chamberCode />
        <chamberName />
      </item>
      <item>
        <titleType>(Extracted from GPO) Short Titles as Introduced</titleType>
        <title>Vietnam Helicopter Crew Monument Act</title>
        <parentTitleType />
        <chamberCode />
        <chamberName />
      </item>
    </titles>
    <cboCostEstimates />
    <committees>
      <billCommittees>
        <item>
          <systemCode>hsas00</systemCode>
          <type>Standing</type>
          <activities>
            <item>
              <date>2017-02-06T17:01:30Z</date>
              <name>Referred to</name>
            </item>
          </activities>
          <name>Armed Services Committee</name>
          <subcommittees>
            <item>
              <systemCode>hsas02</systemCode>
              <name>Military Personnel Subcommittee</name>
              <activities>
                <item>
                  <date>2017-02-24T19:24:48Z</date>
                  <name>Referred to</name>
                </item>
              </activities>
            </item>
          </subcommittees>
          <chamber>House</chamber>
        </item>
        <item>
          <systemCode>hsvr00</systemCode>
          <type>Standing</type>
          <activities>
            <item>
              <date>2017-02-06T17:01:25Z</date>
              <name>Referred to</name>
            </item>
          </activities>
          <name>Veterans' Affairs Committee</name>
          <subcommittees>
            <item>
              <systemCode>hsvr09</systemCode>
              <name>Disability Assistance and Memorial Affairs Subcommittee</name>
              <activities>
                <item>
                  <date>2017-02-06T18:10:01Z</date>
                  <name>Referred to</name>
                </item>
              </activities>
            </item>
          </subcommittees>
          <chamber>House</chamber>
        </item>
      </billCommittees>
    </committees>
    <subjects>
      <billSubjects>
        <policyArea>
          <name>Armed Forces and National Security</name>
        </policyArea>
        <legislativeSubjects>
          <item>
            <name>Asia</name>
          </item>
          <item>
            <name>Aviation and airports</name>
          </item>
          <item>
            <name>Cemeteries and funerals</name>
          </item>
          <item>
            <name>Conflicts and wars</name>
          </item>
          <item>
            <name>Forests, forestry, trees</name>
          </item>
          <item>
            <name>Monuments and memorials</name>
          </item>
          <item>
            <name>Veterans' organizations and recognition</name>
          </item>
          <item>
            <name>Vietnam</name>
          </item>
          <item>
            <name>Virginia</name>
          </item>
        </legislativeSubjects>
      </billSubjects>
    </subjects>
  </bill>
  <dublinCore xmlns:dc="http://purl.org/dc/elements/1.1/">
    <dc:format>text/xml</dc:format>
    <dc:language>EN</dc:language>
    <dc:rights>Pursuant to Title 17 Section 105 of the United States Code, this file is not subject to copyright protection and is in the public domain.</dc:rights>
    <dc:contributor>Congressional Research Service, Library of Congress</dc:contributor>
    <dc:description>This file contains bill summaries and statuses for federal legislation. A bill summary describes the most significant provisions of a piece of legislation and details the effects the legislative text may have on current law and federal programs. Bill summaries are authored by the Congressional Research Service (CRS) of the Library of Congress. As stated in Public Law 91-510 (2 USC 166 (d)(6)), one of the duties of CRS is "to prepare summaries and digests of bills and resolutions of a public general nature introduced in the Senate or House of Representatives". For more information, refer to the User Guide that accompanies this file.</dc:description>
  </dublinCore>
</billStatus>

