<?xml version="1.0" encoding="UTF-8"?>
<billStatus>
  <bill>
    <policyArea>
      <name>Commerce</name>
    </policyArea>
    <billNumber>736</billNumber>
    <laws />
    <constitutionalAuthorityStatementText><![CDATA[<pre>[Congressional Record Volume 163, Number 15 (Monday, January 30, 2017)]From the Congressional Record Online through the Government Publishing Office [<a href='http://www.gpo.gov'>www.gpo.gov</a>]By Mr. CAPUANO:H.R. 736.Congress has the power to enact this legislation pursuantto the following:Article I, section 8, clause 1 (relating to the generalwelfare of the United States); and Article I, section 8,clause 3 (relating to the power to regulate interstatecommerce).[Page H746]</pre>]]></constitutionalAuthorityStatementText>
    <originChamber>House</originChamber>
    <billType>HR</billType>
    <summaries>
      <billSummaries>
        <item>
          <updateDate>2017-01-30T05:00:00Z</updateDate>
          <lastSummaryUpdateDate>2017-02-22T19:23:25Z</lastSummaryUpdateDate>
          <text><![CDATA[<p><b>Black Box Privacy Protection Act</b></p> <p>This bill amends the Automobile Information Disclosure Act to require manufacturers of new automobiles to disclose on the information label affixed to the window of the automobile: (1) the presence and location of an event data recorder (commonly referred to as a &quot;black box&quot;), (2) the type of information recorded and how such information is recorded, and (3) that the recording may be used in a law enforcement proceeding.</p> <p>The bill sets forth similar requirements for motorcycle manufacturers. </p> <p>An &quot;event data recorder&quot; is any device or means of technology installed in an automobile that records information such as automobile or motorcycle speed, seatbelt use, application of brakes, or other information pertinent to the operation of the automobile or motorcycle.</p> <p>The bill prohibits the manufacture, sale, offering for sale, or import into the United States of an automobile manufactured after 2015 (bearing a model year of 2016 or later) that is equipped with an event data recorder, unless the consumer can control the recording of information. Violators are liable to the U.S. government for a civil penalty of up to $5,000 for each violation with a maximum penalty of $35 million for a related series of violations. </p> <p>The event data recorder in an automobile or motorcycle, and any data recorded, shall be considered the property of the owner of the automobile or motorcycle. Retrieval or downloading of recorded data by any other person is unlawful, except: (1) with the owner's consent, (2) in response to a court order, or (3) by a dealer or automotive technician to service the vehicle. </p> <p>Certain violations are to be treated as unfair or deceptive acts or practices under the Federal Trade Commission Act. </p>]]></text>
          <actionDate>2017-01-30</actionDate>
          <actionDesc>Introduced in House</actionDesc>
          <name>Introduced in House</name>
          <versionCode>00</versionCode>
        </item>
      </billSummaries>
    </summaries>
    <relatedBills>
      <item>
        <latestTitle>Black Box Privacy Protection Act</latestTitle>
        <relationshipDetails>
          <item>
            <type>Related bill</type>
            <identifiedBy>CRS</identifiedBy>
          </item>
        </relationshipDetails>
        <number>3568</number>
        <latestAction>
          <actionDate>2017-08-04</actionDate>
          <text>Referred to the Subcommittee on Digital Commerce and Consumer Protection.</text>
        </latestAction>
        <congress>115</congress>
        <type>HR</type>
      </item>
    </relatedBills>
    <createDate>2017-01-31T05:23:09Z</createDate>
    <sponsors>
      <item>
        <lastName>CAPUANO</lastName>
        <party>D</party>
        <middleName>E.</middleName>
        <fullName>Rep. Capuano, Michael E. [D-MA-7]</fullName>
        <identifiers>
          <lisID>1564</lisID>
          <gpoId>7973</gpoId>
          <bioguideId>C001037</bioguideId>
        </identifiers>
        <state>MA</state>
        <firstName>MICHAEL</firstName>
        <byRequestType />
        <district>7</district>
        <bioguideId>C001037</bioguideId>
      </item>
    </sponsors>
    <notes />
    <updateDate>2018-08-28T20:00:42Z</updateDate>
    <committeeReports />
    <actions>
      <actionTypeCounts>
        <introducedInHouse>1</introducedInHouse>
        <introducedInTheHouse>1</introducedInTheHouse>
        <billReferrals>1</billReferrals>
        <placeholderTextForH>1</placeholderTextForH>
      </actionTypeCounts>
      <item>
        <actionDate>2017-02-03</actionDate>
        <committee>
          <systemCode>hsif17</systemCode>
          <name>Commerce, Manufacturing, and Trade Subcommittee</name>
        </committee>
        <links />
        <sourceSystem>
          <name>House committee actions</name>
          <code>1</code>
        </sourceSystem>
        <text>Referred to the Subcommittee on Digital Commerce and Consumer Protection.</text>
        <type>Committee</type>
      </item>
      <item>
        <actionDate>2017-01-30</actionDate>
        <links />
        <text>Referred to the House Committee on Energy and Commerce.</text>
        <type>IntroReferral</type>
        <actionCode>H11100</actionCode>
        <sourceSystem>
          <name>House floor actions</name>
          <code>2</code>
        </sourceSystem>
        <committee>
          <systemCode>hsif00</systemCode>
          <name>Energy and Commerce Committee</name>
        </committee>
      </item>
      <item>
        <actionDate>2017-01-30</actionDate>
        <links />
        <text>Introduced in House</text>
        <type>IntroReferral</type>
        <actionCode>Intro-H</actionCode>
        <sourceSystem>
          <name>Library of Congress</name>
          <code>9</code>
        </sourceSystem>
        <committee />
      </item>
      <item>
        <actionDate>2017-01-30</actionDate>
        <links />
        <text>Introduced in House</text>
        <type>IntroReferral</type>
        <actionCode>1000</actionCode>
        <sourceSystem>
          <name>Library of Congress</name>
          <code>9</code>
        </sourceSystem>
        <committee />
      </item>
      <actionByCounts>
        <houseOfRepresentatives>4</houseOfRepresentatives>
      </actionByCounts>
    </actions>
    <title>Black Box Privacy Protection Act</title>
    <cosponsors />
    <introducedDate>2017-01-30</introducedDate>
    <recordedVotes />
    <congress>115</congress>
    <amendments />
    <version>1.0.0</version>
    <calendarNumbers />
    <latestAction>
      <actionDate>2017-02-03</actionDate>
      <links />
      <text>Referred to the Subcommittee on Digital Commerce and Consumer Protection.</text>
    </latestAction>
    <titles>
      <item>
        <title>Black Box Privacy Protection Act</title>
        <titleType>Short Titles as Introduced</titleType>
        <parentTitleType />
        <chamberCode />
        <chamberName />
      </item>
      <item>
        <title>To require automobile manufacturers to disclose to consumers the presence of event data recorders, or "black boxes", on new automobiles, and to require manufacturers to provide the consumer with the option to enable and disable such devices on future automobiles.</title>
        <titleType>Official Title as Introduced</titleType>
        <parentTitleType />
        <chamberCode />
        <chamberName />
      </item>
      <item>
        <title>Black Box Privacy Protection Act</title>
        <titleType>Display Title</titleType>
        <parentTitleType />
        <chamberCode />
        <chamberName />
      </item>
      <item>
        <title>Black Box Privacy Protection Act</title>
        <titleType>(Extracted from GPO) Short Titles as Introduced</titleType>
        <parentTitleType />
        <chamberCode />
        <chamberName />
      </item>
    </titles>
    <cboCostEstimates />
    <committees>
      <billCommittees>
        <item>
          <systemCode>hsif00</systemCode>
          <subcommittees>
            <item>
              <activities>
                <item>
                  <name>Referred to</name>
                  <date>2017-02-03T15:55:05Z</date>
                </item>
              </activities>
              <name>Commerce, Manufacturing, and Trade Subcommittee</name>
              <systemCode>hsif17</systemCode>
            </item>
          </subcommittees>
          <activities>
            <item>
              <name>Referred to</name>
              <date>2017-01-30T17:02:50Z</date>
            </item>
          </activities>
          <name>Energy and Commerce Committee</name>
          <chamber>House</chamber>
          <type>Standing</type>
        </item>
      </billCommittees>
    </committees>
    <subjects>
      <billSubjects>
        <legislativeSubjects>
          <item>
            <name>Computers and information technology</name>
          </item>
          <item>
            <name>Consumer affairs</name>
          </item>
          <item>
            <name>Motor vehicles</name>
          </item>
          <item>
            <name>Right of privacy</name>
          </item>
        </legislativeSubjects>
        <policyArea>
          <name>Commerce</name>
        </policyArea>
      </billSubjects>
    </subjects>
  </bill>
  <dublinCore xmlns:dc="http://purl.org/dc/elements/1.1/">
    <dc:format>text/xml</dc:format>
    <dc:language>EN</dc:language>
    <dc:rights>Pursuant to Title 17 Section 105 of the United States Code, this file is not subject to copyright protection and is in the public domain.</dc:rights>
    <dc:contributor>Congressional Research Service, Library of Congress</dc:contributor>
    <dc:description>This file contains bill summaries and statuses for federal legislation. A bill summary describes the most significant provisions of a piece of legislation and details the effects the legislative text may have on current law and federal programs. Bill summaries are authored by the Congressional Research Service (CRS) of the Library of Congress. As stated in Public Law 91-510 (2 USC 166 (d)(6)), one of the duties of CRS is "to prepare summaries and digests of bills and resolutions of a public general nature introduced in the Senate or House of Representatives". For more information, refer to the User Guide that accompanies this file.</dc:description>
  </dublinCore>
</billStatus>

