<?xml version="1.0" encoding="UTF-8"?>
<billStatus>
  <bill>
    <cosponsors />
    <laws />
    <congress>115</congress>
    <billNumber>117</billNumber>
    <billType>HR</billType>
    <cboCostEstimates />
    <policyArea>
      <name>Energy</name>
    </policyArea>
    <amendments />
    <notes />
    <constitutionalAuthorityStatementText />
    <recordedVotes />
    <summaries>
      <billSummaries />
    </summaries>
    <updateDate>2017-01-10T16:01:22Z</updateDate>
    <originChamber>House</originChamber>
    <actions>
      <item>
        <committee>
          <name>Energy and Commerce Committee</name>
          <systemCode>hsif00</systemCode>
        </committee>
        <actionDate>2017-01-03</actionDate>
        <text>Referred to the House Committee on Energy and Commerce.</text>
        <links />
        <actionCode>H11100</actionCode>
        <type>IntroReferral</type>
        <sourceSystem>
          <name>House floor actions</name>
          <code>2</code>
        </sourceSystem>
      </item>
      <item>
        <committee />
        <actionDate>2017-01-03</actionDate>
        <text>Introduced in House</text>
        <links />
        <actionCode>Intro-H</actionCode>
        <type>IntroReferral</type>
        <sourceSystem>
          <name>Library of Congress</name>
          <code>9</code>
        </sourceSystem>
      </item>
      <item>
        <committee />
        <actionDate>2017-01-03</actionDate>
        <text>Introduced in House</text>
        <links />
        <actionCode>1000</actionCode>
        <type>IntroReferral</type>
        <sourceSystem>
          <name>Library of Congress</name>
          <code>9</code>
        </sourceSystem>
      </item>
      <actionTypeCounts>
        <billReferrals>1</billReferrals>
        <introducedInTheHouse>1</introducedInTheHouse>
        <introducedInHouse>1</introducedInHouse>
      </actionTypeCounts>
      <actionByCounts>
        <houseOfRepresentatives>3</houseOfRepresentatives>
      </actionByCounts>
    </actions>
    <committeeReports />
    <subjects>
      <billSubjects>
        <legislativeSubjects>
          <item>
            <name>Administrative law and regulatory procedures</name>
          </item>
          <item>
            <name>Consumer affairs</name>
          </item>
          <item>
            <name>Department of Energy</name>
          </item>
          <item>
            <name>Energy efficiency and conservation</name>
          </item>
          <item>
            <name>Federal Trade Commission (FTC)</name>
          </item>
          <item>
            <name>Industrial facilities</name>
          </item>
          <item>
            <name>Manufacturing</name>
          </item>
          <item>
            <name>Product safety and quality</name>
          </item>
          <item>
            <name>State and local government operations</name>
          </item>
        </legislativeSubjects>
        <policyArea>
          <name>Energy</name>
        </policyArea>
      </billSubjects>
    </subjects>
    <titles>
      <item>
        <chamberCode />
        <title>Energy Efficiency Free Market Act of 2017</title>
        <parentTitleType />
        <titleType>Short Titles as Introduced</titleType>
        <chamberName />
      </item>
      <item>
        <chamberCode />
        <title>To repeal Federal energy conservation standards, and for other purposes.</title>
        <parentTitleType />
        <titleType>Official Title as Introduced</titleType>
        <chamberName />
      </item>
      <item>
        <chamberCode />
        <title>Energy Efficiency Free Market Act of 2017</title>
        <parentTitleType />
        <titleType>Display Title</titleType>
        <chamberName />
      </item>
    </titles>
    <relatedBills />
    <calendarNumbers />
    <title>Energy Efficiency Free Market Act of 2017</title>
    <introducedDate>2017-01-03</introducedDate>
    <latestAction>
      <actionDate>2017-01-03</actionDate>
      <text>Referred to the House Committee on Energy and Commerce.</text>
      <links />
    </latestAction>
    <createDate>2017-01-04T07:01:11Z</createDate>
    <committees>
      <billCommittees>
        <item>
          <systemCode>hsif00</systemCode>
          <name>Energy and Commerce Committee</name>
          <subcommittees />
          <chamber>House</chamber>
          <activities>
            <item>
              <name>Referred to</name>
              <date>2017-01-03T17:12:50Z</date>
            </item>
          </activities>
          <type>Standing</type>
        </item>
      </billCommittees>
    </committees>
    <sponsors>
      <item>
        <fullName>Rep. Burgess, Michael C. [R-TX-26]</fullName>
        <firstName>Michael</firstName>
        <bioguideId>B001248</bioguideId>
        <party>R</party>
        <middleName>C.</middleName>
        <byRequestType />
        <district>26</district>
        <state>TX</state>
        <lastName>Burgess</lastName>
        <identifiers>
          <bioguideId>B001248</bioguideId>
          <lisID>1751</lisID>
          <gpoId>8182</gpoId>
        </identifiers>
      </item>
    </sponsors>
  </bill>
  <dublinCore xmlns:dc="http://purl.org/dc/elements/1.1/">
    <dc:format>text/xml</dc:format>
    <dc:language>EN</dc:language>
    <dc:rights>Pursuant to Title 17 Section 105 of the United States Code, this file is not subject to copyright protection and is in the public domain.</dc:rights>
    <dc:contributor>Congressional Research Service, Library of Congress</dc:contributor>
    <dc:description>This file contains bill summaries and statuses for federal legislation. A bill summary describes the most significant provisions of a piece of legislation and details the effects the legislative text may have on current law and federal programs. Bill summaries are authored by the Congressional Research Service (CRS) of the Library of Congress. As stated in Public Law 91-510 (2 USC 166 (d)(6)), one of the duties of CRS is "to prepare summaries and digests of bills and resolutions of a public general nature introduced in the Senate or House of Representatives". For more information, refer to the User Guide that accompanies this file.</dc:description>
  </dublinCore>
</billStatus>

