<?xml version="1.0" encoding="UTF-8"?>
<billStatus>
  <bill>
    <cosponsors />
    <titles>
      <item>
        <title>American Dream Employment Act of 2017</title>
        <parentTitleType />
        <chamberName />
        <titleType>Short Titles as Introduced</titleType>
        <chamberCode />
      </item>
      <item>
        <title>To amend the Consolidated and Further Continuing Appropriations Act, 2016, to enable the payment of certain officers and employees of the United States whose employment is authorized under the Deferred Action for Childhood Arrivals program, and for other purposes.</title>
        <parentTitleType />
        <chamberName />
        <titleType>Official Title as Introduced</titleType>
        <chamberCode />
      </item>
      <item>
        <title>American Dream Employment Act of 2017</title>
        <parentTitleType />
        <chamberName />
        <titleType>Display Title</titleType>
        <chamberCode />
      </item>
    </titles>
    <laws />
    <amendments />
    <createDate>2017-01-04T07:01:10Z</createDate>
    <updateDate>2017-01-11T21:31:13Z</updateDate>
    <relatedBills />
    <subjects>
      <billSubjects>
        <legislativeSubjects>
          <item>
            <name>Border security and unlawful immigration</name>
          </item>
          <item>
            <name>Congressional officers and employees</name>
          </item>
          <item>
            <name>Foreign labor</name>
          </item>
          <item>
            <name>Immigration status and procedures</name>
          </item>
        </legislativeSubjects>
        <policyArea>
          <name>Congress</name>
        </policyArea>
      </billSubjects>
    </subjects>
    <billType>HR</billType>
    <introducedDate>2017-01-03</introducedDate>
    <sponsors>
      <item>
        <byRequestType />
        <firstName>Julia</firstName>
        <state>CA</state>
        <district>26</district>
        <bioguideId>B001285</bioguideId>
        <lastName>Brownley</lastName>
        <fullName>Rep. Brownley, Julia [D-CA-26]</fullName>
        <party>D</party>
        <identifiers>
          <bioguideId>B001285</bioguideId>
          <lisID>2106</lisID>
          <gpoId />
        </identifiers>
        <middleName />
      </item>
    </sponsors>
    <recordedVotes />
    <originChamber>House</originChamber>
    <calendarNumbers />
    <congress>115</congress>
    <title>American Dream Employment Act of 2017</title>
    <cboCostEstimates />
    <actions>
      <actionByCounts>
        <houseOfRepresentatives>3</houseOfRepresentatives>
      </actionByCounts>
      <item>
        <committee>
          <systemCode>hsha00</systemCode>
          <name>House Administration Committee</name>
        </committee>
        <actionCode>H11100</actionCode>
        <type>IntroReferral</type>
        <text>Referred to the House Committee on House Administration.</text>
        <actionDate>2017-01-03</actionDate>
        <sourceSystem>
          <name>House floor actions</name>
          <code>2</code>
        </sourceSystem>
        <links />
      </item>
      <item>
        <committee />
        <actionCode>Intro-H</actionCode>
        <type>IntroReferral</type>
        <text>Introduced in House</text>
        <actionDate>2017-01-03</actionDate>
        <sourceSystem>
          <name>Library of Congress</name>
          <code>9</code>
        </sourceSystem>
        <links />
      </item>
      <item>
        <committee />
        <actionCode>1000</actionCode>
        <type>IntroReferral</type>
        <text>Introduced in House</text>
        <actionDate>2017-01-03</actionDate>
        <sourceSystem>
          <name>Library of Congress</name>
          <code>9</code>
        </sourceSystem>
        <links />
      </item>
      <actionTypeCounts>
        <billReferrals>1</billReferrals>
        <introducedInHouse>1</introducedInHouse>
        <introducedInTheHouse>1</introducedInTheHouse>
      </actionTypeCounts>
    </actions>
    <latestAction>
      <actionDate>2017-01-03</actionDate>
      <text>Referred to the House Committee on House Administration.</text>
      <links />
    </latestAction>
    <committeeReports />
    <notes />
    <committees>
      <billCommittees>
        <item>
          <activities>
            <item>
              <name>Referred to</name>
              <date>2017-01-03T17:23:50Z</date>
            </item>
          </activities>
          <chamber>House</chamber>
          <systemCode>hsha00</systemCode>
          <name>House Administration Committee</name>
          <subcommittees />
          <type>Standing</type>
        </item>
      </billCommittees>
    </committees>
    <billNumber>97</billNumber>
    <constitutionalAuthorityStatementText />
    <policyArea>
      <name>Congress</name>
    </policyArea>
    <summaries>
      <billSummaries>
        <item>
          <actionDate>2017-01-03</actionDate>
          <text><![CDATA[<p><b>American Dream Employment Act of 2017</b></p> <p>This bill amends the Consolidated Appropriations Act, 2016 to permit the compensation of congressional employees who have been issued employment authorization documents under the Department of Homeland Security's Deferred Action for Childhood Arrivals Program. </p> <p>The program enables many unlawfully present aliens who came to the United States as children to be granted deferred action (a type of relief from removal which does not confer immigration status) and work authorization.</p>]]></text>
          <name>Introduced in House</name>
          <versionCode>00</versionCode>
          <actionDesc>Introduced in House</actionDesc>
          <updateDate>2017-01-03T05:00:00Z</updateDate>
          <lastSummaryUpdateDate>2017-01-11T21:07:30Z</lastSummaryUpdateDate>
        </item>
      </billSummaries>
    </summaries>
  </bill>
  <dublinCore xmlns:dc="http://purl.org/dc/elements/1.1/">
    <dc:format>text/xml</dc:format>
    <dc:language>EN</dc:language>
    <dc:rights>Pursuant to Title 17 Section 105 of the United States Code, this file is not subject to copyright protection and is in the public domain.</dc:rights>
    <dc:contributor>Congressional Research Service, Library of Congress</dc:contributor>
    <dc:description>This file contains bill summaries and statuses for federal legislation. A bill summary describes the most significant provisions of a piece of legislation and details the effects the legislative text may have on current law and federal programs. Bill summaries are authored by the Congressional Research Service (CRS) of the Library of Congress. As stated in Public Law 91-510 (2 USC 166 (d)(6)), one of the duties of CRS is "to prepare summaries and digests of bills and resolutions of a public general nature introduced in the Senate or House of Representatives". For more information, refer to the User Guide that accompanies this file.</dc:description>
  </dublinCore>
</billStatus>

