<?xml version="1.0" encoding="UTF-8"?>
<billStatus>
  <bill>
    <policyArea />
    <updateDate>2017-01-14T09:58:35Z</updateDate>
    <billType>HR</billType>
    <laws />
    <sponsors>
      <item>
        <fullName>Rep. Biggs, Andy [R-AZ-5]</fullName>
        <identifiers>
          <gpoId />
          <bioguideId>B001302</bioguideId>
          <lisID>2307</lisID>
        </identifiers>
        <byRequestType />
        <firstName>Andy</firstName>
        <bioguideId>B001302</bioguideId>
        <lastName>Biggs</lastName>
        <state>AZ</state>
        <district>5</district>
        <party>R</party>
        <middleName />
      </item>
    </sponsors>
    <congress>115</congress>
    <latestAction>
      <actionDate>2017-01-13</actionDate>
      <text>Referred to House Oversight and Government Reform</text>
      <links />
    </latestAction>
    <recordedVotes />
    <calendarNumbers />
    <cboCostEstimates />
    <title>To provide that the salaries of Members of a House of Congress will be held in escrow if that House has not agreed to a concurrent resolution on the budget for fiscal year 2018 by April 15, 2017 and to withhold the salary of the Director of OMB upon failure to submit the President's budget to Congress as required by section 1105 of title 31, United States Code.</title>
    <actions>
      <actionByCounts>
        <houseOfRepresentatives>6</houseOfRepresentatives>
      </actionByCounts>
      <item>
        <sourceSystem>
          <code>2</code>
          <name>House floor actions</name>
        </sourceSystem>
        <type>IntroReferral</type>
        <text>Referred to House Oversight and Government Reform</text>
        <committee>
          <systemCode>hsgo00</systemCode>
          <name>Oversight and Government Reform Committee</name>
        </committee>
        <links />
        <actionDate>2017-01-13</actionDate>
        <actionCode>H11100</actionCode>
      </item>
      <item>
        <sourceSystem>
          <code>2</code>
          <name>House floor actions</name>
        </sourceSystem>
        <type>IntroReferral</type>
        <text>Referred to House Budget</text>
        <committee>
          <systemCode>hsbu00</systemCode>
          <name>Budget Committee</name>
        </committee>
        <links />
        <actionDate>2017-01-13</actionDate>
        <actionCode>H11100</actionCode>
      </item>
      <item>
        <sourceSystem>
          <code>9</code>
          <name>Library of Congress</name>
        </sourceSystem>
        <type>IntroReferral</type>
        <text>Referred to the Committee on House Administration, and in addition to the Committees on the Budget, and Oversight and Government Reform, for a period to be subsequently determined by the Speaker, in each case for consideration of such provisions as fall within the jurisdiction of the committee concerned.</text>
        <committee />
        <links />
        <actionDate>2017-01-13</actionDate>
        <actionCode>H11100-A</actionCode>
      </item>
      <item>
        <sourceSystem>
          <code>2</code>
          <name>House floor actions</name>
        </sourceSystem>
        <type>IntroReferral</type>
        <text>Referred to House Administration</text>
        <committee>
          <systemCode>hsha00</systemCode>
          <name>House Administration Committee</name>
        </committee>
        <links />
        <actionDate>2017-01-13</actionDate>
        <actionCode>H11100</actionCode>
      </item>
      <item>
        <sourceSystem>
          <code>9</code>
          <name>Library of Congress</name>
        </sourceSystem>
        <type>IntroReferral</type>
        <text>Introduced in House</text>
        <committee />
        <links />
        <actionDate>2017-01-13</actionDate>
        <actionCode>Intro-H</actionCode>
      </item>
      <item>
        <sourceSystem>
          <code>9</code>
          <name>Library of Congress</name>
        </sourceSystem>
        <type>IntroReferral</type>
        <text>Introduced in House</text>
        <committee />
        <links />
        <actionDate>2017-01-13</actionDate>
        <actionCode>1000</actionCode>
      </item>
      <actionTypeCounts>
        <billReferralsAggregate>1</billReferralsAggregate>
        <billReferrals>3</billReferrals>
        <introducedInTheHouse>1</introducedInTheHouse>
        <introducedInHouse>1</introducedInHouse>
      </actionTypeCounts>
    </actions>
    <amendments />
    <introducedDate>2017-01-13</introducedDate>
    <billNumber>536</billNumber>
    <relatedBills />
    <titles>
      <item>
        <chamberCode />
        <titleType>Official Title as Introduced</titleType>
        <chamberName />
        <title>To provide that the salaries of Members of a House of Congress will be held in escrow if that House has not agreed to a concurrent resolution on the budget for fiscal year 2018 by April 15, 2017 and to withhold the salary of the Director of OMB upon failure to submit the President's budget to Congress as required by section 1105 of title 31, United States Code.</title>
        <parentTitleType />
      </item>
      <item>
        <chamberCode />
        <titleType>Display Title</titleType>
        <chamberName />
        <title>To provide that the salaries of Members of a House of Congress will be held in escrow if that House has not agreed to a concurrent resolution on the budget for fiscal year 2018 by April 15, 2017 and to withhold the salary of the Director of OMB upon failure to submit the President's budget to Congress as required by section 1105 of title 31, United States Code.</title>
        <parentTitleType />
      </item>
    </titles>
    <cosponsors />
    <constitutionalAuthorityStatementText />
    <committeeReports />
    <originChamber>House</originChamber>
    <summaries>
      <billSummaries />
    </summaries>
    <subjects>
      <billSubjects>
        <legislativeSubjects />
      </billSubjects>
    </subjects>
    <createDate>2017-01-14T04:47:32Z</createDate>
    <notes />
    <committees>
      <billCommittees>
        <item>
          <chamber>House</chamber>
          <systemCode>hsgo00</systemCode>
          <type>Standing</type>
          <name>Oversight and Government Reform Committee</name>
          <activities>
            <item>
              <name>Referred to</name>
              <date>2017-01-13T14:10:00Z</date>
            </item>
          </activities>
          <subcommittees />
        </item>
        <item>
          <chamber>House</chamber>
          <systemCode>hsbu00</systemCode>
          <type>Standing</type>
          <name>Budget Committee</name>
          <activities>
            <item>
              <name>Referred to</name>
              <date>2017-01-13T14:09:50Z</date>
            </item>
          </activities>
          <subcommittees />
        </item>
        <item>
          <chamber>House</chamber>
          <systemCode>hsha00</systemCode>
          <type>Standing</type>
          <name>House Administration Committee</name>
          <activities>
            <item>
              <name>Referred to</name>
              <date>2017-01-13T14:09:45Z</date>
            </item>
          </activities>
          <subcommittees />
        </item>
      </billCommittees>
    </committees>
  </bill>
  <dublinCore xmlns:dc="http://purl.org/dc/elements/1.1/">
    <dc:format>text/xml</dc:format>
    <dc:language>EN</dc:language>
    <dc:rights>Pursuant to Title 17 Section 105 of the United States Code, this file is not subject to copyright protection and is in the public domain.</dc:rights>
    <dc:contributor>Congressional Research Service, Library of Congress</dc:contributor>
    <dc:description>This file contains bill summaries and statuses for federal legislation. A bill summary describes the most significant provisions of a piece of legislation and details the effects the legislative text may have on current law and federal programs. Bill summaries are authored by the Congressional Research Service (CRS) of the Library of Congress. As stated in Public Law 91-510 (2 USC 166 (d)(6)), one of the duties of CRS is "to prepare summaries and digests of bills and resolutions of a public general nature introduced in the Senate or House of Representatives". For more information, refer to the User Guide that accompanies this file.</dc:description>
  </dublinCore>
</billStatus>

