<?xml version="1.0" encoding="UTF-8"?>
<billStatus>
  <bill>
    <amendments />
    <latestAction>
      <actionDate>2017-02-03</actionDate>
      <text>Referred to the Subcommittee on Digital Commerce and Consumer Protection.</text>
      <links />
    </latestAction>
    <congress>115</congress>
    <subjects>
      <billSubjects>
        <legislativeSubjects>
          <item>
            <name>Administrative law and regulatory procedures</name>
          </item>
          <item>
            <name>Federal Trade Commission (FTC)</name>
          </item>
          <item>
            <name>Political advertising</name>
          </item>
          <item>
            <name>Telephone and wireless communication</name>
          </item>
        </legislativeSubjects>
        <policyArea>
          <name>Science, Technology, Communications</name>
        </policyArea>
      </billSubjects>
    </subjects>
    <laws />
    <notes />
    <billType>HR</billType>
    <sponsors>
      <item>
        <lastName>Foxx</lastName>
        <middleName />
        <bioguideId>F000450</bioguideId>
        <fullName>Rep. Foxx, Virginia [R-NC-5]</fullName>
        <identifiers>
          <bioguideId>F000450</bioguideId>
          <lisID>1791</lisID>
          <gpoId>8028</gpoId>
        </identifiers>
        <byRequestType />
        <state>NC</state>
        <firstName>Virginia</firstName>
        <party>R</party>
        <district>5</district>
      </item>
    </sponsors>
    <recordedVotes />
    <committeeReports />
    <introducedDate>2017-01-30</introducedDate>
    <relatedBills />
    <cosponsors>
      <item>
        <middleName />
        <identifiers>
          <lisID>2249</lisID>
          <gpoId />
          <bioguideId>B001293</bioguideId>
        </identifiers>
        <firstName>Mike</firstName>
        <state>MI</state>
        <bioguideId>B001293</bioguideId>
        <district>8</district>
        <fullName>Rep. Bishop, Mike [R-MI-8]</fullName>
        <isOriginalCosponsor>False</isOriginalCosponsor>
        <party>R</party>
        <sponsorshipWithdrawnDate />
        <lastName>Bishop</lastName>
        <sponsorshipDate>2017-06-07</sponsorshipDate>
      </item>
      <item>
        <middleName />
        <identifiers>
          <gpoId />
          <lisID>2323</lisID>
          <bioguideId>R000607</bioguideId>
        </identifiers>
        <firstName>Francis</firstName>
        <state>FL</state>
        <bioguideId>R000607</bioguideId>
        <district>19</district>
        <fullName>Rep. Rooney, Francis [R-FL-19]</fullName>
        <isOriginalCosponsor>False</isOriginalCosponsor>
        <party>R</party>
        <sponsorshipWithdrawnDate />
        <lastName>Rooney</lastName>
        <sponsorshipDate>2017-07-11</sponsorshipDate>
      </item>
      <item>
        <middleName>HOLMES</middleName>
        <identifiers>
          <lisID>868</lisID>
          <gpoId>7871</gpoId>
          <bioguideId>N000147</bioguideId>
        </identifiers>
        <firstName>ELEANOR</firstName>
        <state>DC</state>
        <bioguideId>N000147</bioguideId>
        <district>0</district>
        <fullName>Rep. Norton, Eleanor Holmes [D-DC-At Large]</fullName>
        <isOriginalCosponsor>False</isOriginalCosponsor>
        <party>D</party>
        <sponsorshipWithdrawnDate />
        <lastName>NORTON</lastName>
        <sponsorshipDate>2017-10-31</sponsorshipDate>
      </item>
    </cosponsors>
    <actions>
      <actionTypeCounts>
        <introducedInTheHouse>1</introducedInTheHouse>
        <introducedInHouse>1</introducedInHouse>
        <placeholderTextForH>1</placeholderTextForH>
        <placeholderTextForB>1</placeholderTextForB>
        <billReferrals>1</billReferrals>
      </actionTypeCounts>
      <item>
        <actionDate>2017-02-03</actionDate>
        <committee>
          <name>Commerce, Manufacturing, and Trade Subcommittee</name>
          <systemCode>hsif17</systemCode>
        </committee>
        <links />
        <sourceSystem>
          <code>1</code>
          <name>House committee actions</name>
        </sourceSystem>
        <text>Referred to the Subcommittee on Digital Commerce and Consumer Protection.</text>
        <type>Committee</type>
      </item>
      <item>
        <links>
          <link>
            <url>https://www.congress.gov/congressional-record/volume-163/house-section/page/H802</url>
            <name>H802</name>
          </link>
        </links>
        <type>IntroReferral</type>
        <actionDate>2017-01-31</actionDate>
        <text>Sponsor introductory remarks on measure. (CR H802)</text>
        <committee />
        <sourceSystem>
          <code>9</code>
          <name>Library of Congress</name>
        </sourceSystem>
        <actionCode>B00100</actionCode>
      </item>
      <item>
        <links />
        <type>IntroReferral</type>
        <actionDate>2017-01-30</actionDate>
        <text>Referred to the House Committee on Energy and Commerce.</text>
        <committee>
          <name>Energy and Commerce Committee</name>
          <systemCode>hsif00</systemCode>
        </committee>
        <sourceSystem>
          <code>2</code>
          <name>House floor actions</name>
        </sourceSystem>
        <actionCode>H11100</actionCode>
      </item>
      <item>
        <links />
        <type>IntroReferral</type>
        <actionDate>2017-01-30</actionDate>
        <text>Introduced in House</text>
        <committee />
        <sourceSystem>
          <code>9</code>
          <name>Library of Congress</name>
        </sourceSystem>
        <actionCode>Intro-H</actionCode>
      </item>
      <item>
        <links />
        <type>IntroReferral</type>
        <actionDate>2017-01-30</actionDate>
        <text>Introduced in House</text>
        <committee />
        <sourceSystem>
          <code>9</code>
          <name>Library of Congress</name>
        </sourceSystem>
        <actionCode>1000</actionCode>
      </item>
      <actionByCounts>
        <houseOfRepresentatives>4</houseOfRepresentatives>
      </actionByCounts>
    </actions>
    <committees>
      <billCommittees>
        <item>
          <activities>
            <item>
              <date>2017-01-30T17:01:00Z</date>
              <name>Referred to</name>
            </item>
          </activities>
          <type>Standing</type>
          <chamber>House</chamber>
          <systemCode>hsif00</systemCode>
          <name>Energy and Commerce Committee</name>
          <subcommittees>
            <item>
              <systemCode>hsif17</systemCode>
              <name>Commerce, Manufacturing, and Trade Subcommittee</name>
              <activities>
                <item>
                  <date>2017-02-03T15:55:29Z</date>
                  <name>Referred to</name>
                </item>
              </activities>
            </item>
          </subcommittees>
        </item>
      </billCommittees>
    </committees>
    <updateDate>2018-08-28T20:00:43Z</updateDate>
    <version>1.0.0</version>
    <title>Robo COP Act</title>
    <createDate>2017-01-31T05:23:09Z</createDate>
    <billNumber>740</billNumber>
    <constitutionalAuthorityStatementText><![CDATA[<pre>[Congressional Record Volume 163, Number 15 (Monday, January 30, 2017)]From the Congressional Record Online through the Government Publishing Office [<a href='http://www.gpo.gov'>www.gpo.gov</a>]By Ms. FOXX:H.R. 740.Congress has the power to enact this legislation pursuantto the following:Clause 3 of Section 8 of Article 1 of the Constitutionwhich states ``Congress shall have power to regulate commercewith foreign Nations, and among the several States, and withthe Indian Tribes.''[Page H746]</pre>]]></constitutionalAuthorityStatementText>
    <cboCostEstimates />
    <calendarNumbers />
    <policyArea>
      <name>Science, Technology, Communications</name>
    </policyArea>
    <summaries>
      <billSummaries>
        <item>
          <text><![CDATA[<p><strong>Robo Calls Off Phones Act or the Robo COP Act</strong></p> <p>This bill directs the Federal Trade Commission to revise the do-not-call registry provisions of the Telemarketing Sales Rule to prohibit politically-oriented recorded message telephone calls to telephone numbers listed on that registry. </p> <p>A "politically-oriented recorded message telephone call" is an outbound telephone call that plays a recorded message that: (1) promotes, advertises, campaigns, or solicits donations for or against a political candidate or regarding a political issue; or (2) uses a political candidate's name.</p>]]></text>
          <lastSummaryUpdateDate>2017-02-22T19:24:20Z</lastSummaryUpdateDate>
          <actionDesc>Introduced in House</actionDesc>
          <updateDate>2017-01-30T05:00:00Z</updateDate>
          <name>Introduced in House</name>
          <versionCode>00</versionCode>
          <actionDate>2017-01-30</actionDate>
        </item>
      </billSummaries>
    </summaries>
    <originChamber>House</originChamber>
    <titles>
      <item>
        <title>Robo COP Act</title>
        <chamberCode />
        <titleType>Short Titles as Introduced</titleType>
        <parentTitleType />
        <chamberName />
      </item>
      <item>
        <title>Robo Calls Off Phones Act</title>
        <chamberCode />
        <titleType>Short Titles as Introduced</titleType>
        <parentTitleType />
        <chamberName />
      </item>
      <item>
        <title>To direct the Federal Trade Commission to revise the regulations regarding the "do-not-call" registry to prohibit politically-oriented recorded message telephone calls to telephone numbers listed on that registry.</title>
        <chamberCode />
        <titleType>Official Title as Introduced</titleType>
        <parentTitleType />
        <chamberName />
      </item>
      <item>
        <title>Robo COP Act</title>
        <chamberCode />
        <titleType>Display Title</titleType>
        <parentTitleType />
        <chamberName />
      </item>
      <item>
        <title>Robo COP Act</title>
        <chamberCode />
        <titleType>(Extracted from GPO) Short Titles as Introduced</titleType>
        <parentTitleType />
        <chamberName />
      </item>
      <item>
        <title>Robo Calls Off Phones Act</title>
        <chamberCode />
        <titleType>(Extracted from GPO) Short Titles as Introduced</titleType>
        <parentTitleType />
        <chamberName />
      </item>
    </titles>
  </bill>
  <dublinCore xmlns:dc="http://purl.org/dc/elements/1.1/">
    <dc:format>text/xml</dc:format>
    <dc:language>EN</dc:language>
    <dc:rights>Pursuant to Title 17 Section 105 of the United States Code, this file is not subject to copyright protection and is in the public domain.</dc:rights>
    <dc:contributor>Congressional Research Service, Library of Congress</dc:contributor>
    <dc:description>This file contains bill summaries and statuses for federal legislation. A bill summary describes the most significant provisions of a piece of legislation and details the effects the legislative text may have on current law and federal programs. Bill summaries are authored by the Congressional Research Service (CRS) of the Library of Congress. As stated in Public Law 91-510 (2 USC 166 (d)(6)), one of the duties of CRS is "to prepare summaries and digests of bills and resolutions of a public general nature introduced in the Senate or House of Representatives". For more information, refer to the User Guide that accompanies this file.</dc:description>
  </dublinCore>
</billStatus>

