<?xml version="1.0" encoding="UTF-8"?>
<billStatus>
  <bill>
    <billNumber>399</billNumber>
    <congress>115</congress>
    <originChamber>House</originChamber>
    <constitutionalAuthorityStatementText><![CDATA[<pre>From the Congressional Record Online through the Government Publishing Office [<a href='http://www.gpo.gov'>www.gpo.gov</a>]By Mr. DOGGETT:H.R. 399.Congress has the power to enact this legislation pursuantto the following:Clause 1 of Section 8 of Article I of the United StatesConstitution.[Page H299]</pre>]]></constitutionalAuthorityStatementText>
    <actions>
      <item>
        <actionCode>H11100</actionCode>
        <links />
        <text>Referred to the House Committee on Ways and Means.</text>
        <type>IntroReferral</type>
        <committee>
          <name>Ways and Means Committee</name>
          <systemCode>hswm00</systemCode>
        </committee>
        <sourceSystem>
          <name>House floor actions</name>
          <code>2</code>
        </sourceSystem>
        <actionDate>2017-01-10</actionDate>
      </item>
      <item>
        <actionCode>Intro-H</actionCode>
        <links />
        <text>Introduced in House</text>
        <type>IntroReferral</type>
        <committee />
        <sourceSystem>
          <name>Library of Congress</name>
          <code>9</code>
        </sourceSystem>
        <actionDate>2017-01-10</actionDate>
      </item>
      <item>
        <actionCode>1000</actionCode>
        <links />
        <text>Introduced in House</text>
        <type>IntroReferral</type>
        <committee />
        <sourceSystem>
          <name>Library of Congress</name>
          <code>9</code>
        </sourceSystem>
        <actionDate>2017-01-10</actionDate>
      </item>
      <actionTypeCounts>
        <introducedInHouse>1</introducedInHouse>
        <billReferrals>1</billReferrals>
        <introducedInTheHouse>1</introducedInTheHouse>
      </actionTypeCounts>
      <actionByCounts>
        <houseOfRepresentatives>3</houseOfRepresentatives>
      </actionByCounts>
    </actions>
    <amendments />
    <cboCostEstimates />
    <committeeReports />
    <laws />
    <createDate>2017-01-11T05:09:43Z</createDate>
    <latestAction>
      <actionDate>2017-01-10</actionDate>
      <text>Referred to the House Committee on Ways and Means.</text>
      <links />
    </latestAction>
    <subjects>
      <billSubjects>
        <legislativeSubjects>
          <item>
            <name>Administrative law and regulatory procedures</name>
          </item>
          <item>
            <name>Corporate finance and management</name>
          </item>
          <item>
            <name>Department of the Treasury</name>
          </item>
          <item>
            <name>Income tax deductions</name>
          </item>
          <item>
            <name>Wages and earnings</name>
          </item>
        </legislativeSubjects>
        <policyArea>
          <name>Taxation</name>
        </policyArea>
      </billSubjects>
    </subjects>
    <title>Stop Subsidizing Multimillion Dollar Corporate Bonuses Act</title>
    <sponsors>
      <item>
        <fullName>Rep. Doggett, Lloyd [D-TX-35]</fullName>
        <byRequestType />
        <lastName>DOGGETT</lastName>
        <party>D</party>
        <bioguideId>D000399</bioguideId>
        <identifiers>
          <gpoId>8181</gpoId>
          <lisID>303</lisID>
          <bioguideId>D000399</bioguideId>
        </identifiers>
        <middleName />
        <district>35</district>
        <state>TX</state>
        <firstName>LLOYD</firstName>
      </item>
    </sponsors>
    <committees>
      <billCommittees>
        <item>
          <systemCode>hswm00</systemCode>
          <name>Ways and Means Committee</name>
          <subcommittees />
          <activities>
            <item>
              <date>2017-01-10T15:05:25Z</date>
              <name>Referred to</name>
            </item>
          </activities>
          <type>Standing</type>
          <chamber>House</chamber>
        </item>
      </billCommittees>
    </committees>
    <updateDate>2017-01-23T18:31:16Z</updateDate>
    <notes />
    <recordedVotes />
    <billType>HR</billType>
    <cosponsors>
      <item>
        <fullName>Rep. Beyer, Donald S., Jr. [D-VA-8]</fullName>
        <lastName>Beyer</lastName>
        <party>D</party>
        <bioguideId>B001292</bioguideId>
        <identifiers>
          <lisID>2272</lisID>
          <bioguideId>B001292</bioguideId>
          <gpoId />
        </identifiers>
        <middleName>S.</middleName>
        <state>VA</state>
        <sponsorshipWithdrawnDate />
        <firstName>Donald</firstName>
        <sponsorshipDate>2017-01-10</sponsorshipDate>
        <district>8</district>
        <isOriginalCosponsor>True</isOriginalCosponsor>
      </item>
      <item>
        <fullName>Rep. Brady, Robert A. [D-PA-1]</fullName>
        <lastName>BRADY</lastName>
        <party>D</party>
        <bioguideId>B001227</bioguideId>
        <identifiers>
          <gpoId>8119</gpoId>
          <lisID>1469</lisID>
          <bioguideId>B001227</bioguideId>
        </identifiers>
        <middleName>A.</middleName>
        <state>PA</state>
        <sponsorshipWithdrawnDate />
        <firstName>ROBERT</firstName>
        <sponsorshipDate>2017-01-10</sponsorshipDate>
        <district>1</district>
        <isOriginalCosponsor>True</isOriginalCosponsor>
      </item>
      <item>
        <fullName>Rep. Brownley, Julia [D-CA-26]</fullName>
        <lastName>Brownley</lastName>
        <party>D</party>
        <bioguideId>B001285</bioguideId>
        <identifiers>
          <gpoId />
          <lisID>2106</lisID>
          <bioguideId>B001285</bioguideId>
        </identifiers>
        <middleName />
        <state>CA</state>
        <sponsorshipWithdrawnDate />
        <firstName>Julia</firstName>
        <sponsorshipDate>2017-01-10</sponsorshipDate>
        <district>26</district>
        <isOriginalCosponsor>True</isOriginalCosponsor>
      </item>
      <item>
        <fullName>Rep. Cicilline, David N. [D-RI-1]</fullName>
        <lastName>Cicilline</lastName>
        <party>D</party>
        <bioguideId>C001084</bioguideId>
        <identifiers>
          <lisID>2055</lisID>
          <gpoId>8139</gpoId>
          <bioguideId>C001084</bioguideId>
        </identifiers>
        <middleName>N.</middleName>
        <state>RI</state>
        <sponsorshipWithdrawnDate />
        <firstName>David</firstName>
        <sponsorshipDate>2017-01-10</sponsorshipDate>
        <district>1</district>
        <isOriginalCosponsor>True</isOriginalCosponsor>
      </item>
      <item>
        <fullName>Rep. Conyers, John, Jr. [D-MI-13]</fullName>
        <lastName>CONYERS</lastName>
        <party>D</party>
        <bioguideId>C000714</bioguideId>
        <identifiers>
          <gpoId>7999</gpoId>
          <lisID>229</lisID>
          <bioguideId>C000714</bioguideId>
        </identifiers>
        <middleName />
        <state>MI</state>
        <sponsorshipWithdrawnDate />
        <firstName>JOHN</firstName>
        <sponsorshipDate>2017-01-10</sponsorshipDate>
        <district>13</district>
        <isOriginalCosponsor>True</isOriginalCosponsor>
      </item>
      <item>
        <fullName>Rep. Cummings, Elijah E. [D-MD-7]</fullName>
        <lastName>CUMMINGS</lastName>
        <party>D</party>
        <bioguideId>C000984</bioguideId>
        <identifiers>
          <lisID>256</lisID>
          <bioguideId>C000984</bioguideId>
          <gpoId>7982</gpoId>
        </identifiers>
        <middleName>E.</middleName>
        <state>MD</state>
        <sponsorshipWithdrawnDate />
        <firstName>ELIJAH</firstName>
        <sponsorshipDate>2017-01-10</sponsorshipDate>
        <district>7</district>
        <isOriginalCosponsor>True</isOriginalCosponsor>
      </item>
      <item>
        <fullName>Rep. DeFazio, Peter A. [D-OR-4]</fullName>
        <lastName>DEFAZIO</lastName>
        <party>D</party>
        <bioguideId>D000191</bioguideId>
        <identifiers>
          <lisID>279</lisID>
          <bioguideId>D000191</bioguideId>
          <gpoId>8117</gpoId>
        </identifiers>
        <middleName>A.</middleName>
        <state>OR</state>
        <sponsorshipWithdrawnDate />
        <firstName>PETER</firstName>
        <sponsorshipDate>2017-01-10</sponsorshipDate>
        <district>4</district>
        <isOriginalCosponsor>True</isOriginalCosponsor>
      </item>
      <item>
        <fullName>Rep. DeLauro, Rosa L. [D-CT-3]</fullName>
        <lastName>DELAURO</lastName>
        <party>D</party>
        <bioguideId>D000216</bioguideId>
        <identifiers>
          <lisID>281</lisID>
          <bioguideId>D000216</bioguideId>
          <gpoId>7868</gpoId>
        </identifiers>
        <middleName />
        <state>CT</state>
        <sponsorshipWithdrawnDate />
        <firstName>ROSA</firstName>
        <sponsorshipDate>2017-01-10</sponsorshipDate>
        <district>3</district>
        <isOriginalCosponsor>True</isOriginalCosponsor>
      </item>
      <item>
        <fullName>Rep. Ellison, Keith [D-MN-5]</fullName>
        <lastName>Ellison</lastName>
        <party>D</party>
        <bioguideId>E000288</bioguideId>
        <identifiers>
          <lisID>1857</lisID>
          <bioguideId>E000288</bioguideId>
          <gpoId>8005</gpoId>
        </identifiers>
        <middleName />
        <state>MN</state>
        <sponsorshipWithdrawnDate />
        <firstName>Keith</firstName>
        <sponsorshipDate>2017-01-10</sponsorshipDate>
        <district>5</district>
        <isOriginalCosponsor>True</isOriginalCosponsor>
      </item>
      <item>
        <fullName>Rep. Gallego, Ruben [D-AZ-7]</fullName>
        <lastName>Gallego</lastName>
        <party>D</party>
        <bioguideId>G000574</bioguideId>
        <identifiers>
          <lisID>2226</lisID>
          <gpoId />
          <bioguideId>G000574</bioguideId>
        </identifiers>
        <middleName />
        <state>AZ</state>
        <sponsorshipWithdrawnDate />
        <firstName>Ruben</firstName>
        <sponsorshipDate>2017-01-10</sponsorshipDate>
        <district>7</district>
        <isOriginalCosponsor>True</isOriginalCosponsor>
      </item>
      <item>
        <fullName>Rep. Garamendi, John [D-CA-3]</fullName>
        <lastName>Garamendi</lastName>
        <party>D</party>
        <bioguideId>G000559</bioguideId>
        <identifiers>
          <gpoId>7815</gpoId>
          <lisID>1973</lisID>
          <bioguideId>G000559</bioguideId>
        </identifiers>
        <middleName />
        <state>CA</state>
        <sponsorshipWithdrawnDate />
        <firstName>John</firstName>
        <sponsorshipDate>2017-01-10</sponsorshipDate>
        <district>3</district>
        <isOriginalCosponsor>True</isOriginalCosponsor>
      </item>
      <item>
        <fullName>Rep. Grijalva, Raul M. [D-AZ-3]</fullName>
        <lastName>Grijalva</lastName>
        <party>D</party>
        <bioguideId>G000551</bioguideId>
        <identifiers>
          <lisID>1708</lisID>
          <bioguideId>G000551</bioguideId>
          <gpoId>7804</gpoId>
        </identifiers>
        <middleName>M.</middleName>
        <state>AZ</state>
        <sponsorshipWithdrawnDate />
        <firstName>Raul</firstName>
        <sponsorshipDate>2017-01-10</sponsorshipDate>
        <district>3</district>
        <isOriginalCosponsor>True</isOriginalCosponsor>
      </item>
      <item>
        <fullName>Rep. Hastings, Alcee L. [D-FL-20]</fullName>
        <lastName>HASTINGS</lastName>
        <party>D</party>
        <bioguideId>H000324</bioguideId>
        <identifiers>
          <gpoId>7895</gpoId>
          <lisID>511</lisID>
          <bioguideId>H000324</bioguideId>
        </identifiers>
        <middleName>L.</middleName>
        <state>FL</state>
        <sponsorshipWithdrawnDate />
        <firstName>ALCEE</firstName>
        <sponsorshipDate>2017-01-10</sponsorshipDate>
        <district>20</district>
        <isOriginalCosponsor>True</isOriginalCosponsor>
      </item>
      <item>
        <fullName>Rep. Higgins, Brian [D-NY-26]</fullName>
        <lastName>Higgins</lastName>
        <party>D</party>
        <bioguideId>H001038</bioguideId>
        <identifiers>
          <lisID>1794</lisID>
          <bioguideId>H001038</bioguideId>
          <gpoId>8088</gpoId>
        </identifiers>
        <middleName />
        <state>NY</state>
        <sponsorshipWithdrawnDate />
        <firstName>Brian</firstName>
        <sponsorshipDate>2017-01-10</sponsorshipDate>
        <district>26</district>
        <isOriginalCosponsor>True</isOriginalCosponsor>
      </item>
      <item>
        <fullName>Rep. Langevin, James R. [D-RI-2]</fullName>
        <lastName>LANGEVIN</lastName>
        <party>D</party>
        <bioguideId>L000559</bioguideId>
        <identifiers>
          <bioguideId>L000559</bioguideId>
          <gpoId>8140</gpoId>
          <lisID>1668</lisID>
        </identifiers>
        <middleName>R.</middleName>
        <state>RI</state>
        <sponsorshipWithdrawnDate />
        <firstName>JAMES</firstName>
        <sponsorshipDate>2017-01-10</sponsorshipDate>
        <district>2</district>
        <isOriginalCosponsor>True</isOriginalCosponsor>
      </item>
      <item>
        <fullName>Rep. Lee, Barbara [D-CA-13]</fullName>
        <lastName>LEE</lastName>
        <party>D</party>
        <bioguideId>L000551</bioguideId>
        <identifiers>
          <lisID>1501</lisID>
          <bioguideId>L000551</bioguideId>
          <gpoId>7814</gpoId>
        </identifiers>
        <middleName />
        <state>CA</state>
        <sponsorshipWithdrawnDate />
        <firstName>BARBARA</firstName>
        <sponsorshipDate>2017-01-10</sponsorshipDate>
        <district>13</district>
        <isOriginalCosponsor>True</isOriginalCosponsor>
      </item>
      <item>
        <fullName>Rep. Lieu, Ted [D-CA-33]</fullName>
        <lastName>Lieu</lastName>
        <party>D</party>
        <bioguideId>L000582</bioguideId>
        <identifiers>
          <lisID>2230</lisID>
          <bioguideId>L000582</bioguideId>
          <gpoId />
        </identifiers>
        <middleName />
        <state>CA</state>
        <sponsorshipWithdrawnDate />
        <firstName>Ted</firstName>
        <sponsorshipDate>2017-01-10</sponsorshipDate>
        <district>33</district>
        <isOriginalCosponsor>True</isOriginalCosponsor>
      </item>
      <item>
        <fullName>Rep. Lipinski, Daniel [D-IL-3]</fullName>
        <lastName>Lipinski</lastName>
        <party>D</party>
        <bioguideId>L000563</bioguideId>
        <identifiers>
          <gpoId>7923</gpoId>
          <bioguideId>L000563</bioguideId>
          <lisID>1781</lisID>
        </identifiers>
        <middleName>William</middleName>
        <state>IL</state>
        <sponsorshipWithdrawnDate />
        <firstName>Daniel</firstName>
        <sponsorshipDate>2017-01-10</sponsorshipDate>
        <district>3</district>
        <isOriginalCosponsor>True</isOriginalCosponsor>
      </item>
      <item>
        <fullName>Rep. Loebsack, David [D-IA-2]</fullName>
        <lastName>Loebsack</lastName>
        <party>D</party>
        <bioguideId>L000565</bioguideId>
        <identifiers>
          <lisID>1846</lisID>
          <bioguideId>L000565</bioguideId>
          <gpoId>7915</gpoId>
        </identifiers>
        <middleName />
        <state>IA</state>
        <sponsorshipWithdrawnDate />
        <firstName>David</firstName>
        <sponsorshipDate>2017-01-10</sponsorshipDate>
        <district>2</district>
        <isOriginalCosponsor>True</isOriginalCosponsor>
      </item>
      <item>
        <fullName>Rep. Lowenthal, Alan S. [D-CA-47]</fullName>
        <lastName>Lowenthal</lastName>
        <party>D</party>
        <bioguideId>L000579</bioguideId>
        <identifiers>
          <lisID>2111</lisID>
          <bioguideId>L000579</bioguideId>
          <gpoId />
        </identifiers>
        <middleName>S.</middleName>
        <state>CA</state>
        <sponsorshipWithdrawnDate />
        <firstName>Alan</firstName>
        <sponsorshipDate>2017-01-10</sponsorshipDate>
        <district>47</district>
        <isOriginalCosponsor>True</isOriginalCosponsor>
      </item>
      <item>
        <fullName>Rep. Maloney, Sean Patrick [D-NY-18]</fullName>
        <lastName>Maloney</lastName>
        <party>D</party>
        <bioguideId>M001185</bioguideId>
        <identifiers>
          <gpoId />
          <lisID>2150</lisID>
          <bioguideId>M001185</bioguideId>
        </identifiers>
        <middleName>Patrick</middleName>
        <state>NY</state>
        <sponsorshipWithdrawnDate />
        <firstName>Sean</firstName>
        <sponsorshipDate>2017-01-10</sponsorshipDate>
        <district>18</district>
        <isOriginalCosponsor>True</isOriginalCosponsor>
      </item>
      <item>
        <fullName>Rep. McGovern, James P. [D-MA-2]</fullName>
        <lastName>MCGOVERN</lastName>
        <party>D</party>
        <bioguideId>M000312</bioguideId>
        <identifiers>
          <lisID>1504</lisID>
          <bioguideId>M000312</bioguideId>
          <gpoId>7968</gpoId>
        </identifiers>
        <middleName>P.</middleName>
        <state>MA</state>
        <sponsorshipWithdrawnDate />
        <firstName>JAMES</firstName>
        <sponsorshipDate>2017-01-10</sponsorshipDate>
        <district>2</district>
        <isOriginalCosponsor>True</isOriginalCosponsor>
      </item>
      <item>
        <fullName>Rep. Moore, Gwen [D-WI-4]</fullName>
        <lastName>Moore</lastName>
        <party>D</party>
        <bioguideId>M001160</bioguideId>
        <identifiers>
          <gpoId>8217</gpoId>
          <lisID>1811</lisID>
          <bioguideId>M001160</bioguideId>
        </identifiers>
        <middleName />
        <state>WI</state>
        <sponsorshipWithdrawnDate />
        <firstName>Gwen</firstName>
        <sponsorshipDate>2017-01-10</sponsorshipDate>
        <district>4</district>
        <isOriginalCosponsor>True</isOriginalCosponsor>
      </item>
      <item>
        <fullName>Rep. Napolitano, Grace F. [D-CA-32]</fullName>
        <lastName>NAPOLITANO</lastName>
        <party>D</party>
        <bioguideId>N000179</bioguideId>
        <identifiers>
          <bioguideId>N000179</bioguideId>
          <gpoId>7843</gpoId>
          <lisID>1602</lisID>
        </identifiers>
        <middleName>F.</middleName>
        <state>CA</state>
        <sponsorshipWithdrawnDate />
        <firstName>GRACE</firstName>
        <sponsorshipDate>2017-01-10</sponsorshipDate>
        <district>32</district>
        <isOriginalCosponsor>True</isOriginalCosponsor>
      </item>
      <item>
        <fullName>Rep. Norton, Eleanor Holmes [D-DC-At Large]</fullName>
        <lastName>NORTON</lastName>
        <party>D</party>
        <bioguideId>N000147</bioguideId>
        <identifiers>
          <lisID>868</lisID>
          <bioguideId>N000147</bioguideId>
          <gpoId>7871</gpoId>
        </identifiers>
        <middleName>HOLMES</middleName>
        <state>DC</state>
        <sponsorshipWithdrawnDate />
        <firstName>ELEANOR</firstName>
        <sponsorshipDate>2017-01-10</sponsorshipDate>
        <district>0</district>
        <isOriginalCosponsor>True</isOriginalCosponsor>
      </item>
      <item>
        <fullName>Rep. Payne, Donald M., Jr. [D-NJ-10]</fullName>
        <lastName>Payne</lastName>
        <party>D</party>
        <bioguideId>P000604</bioguideId>
        <identifiers>
          <gpoId>8373</gpoId>
          <bioguideId>P000604</bioguideId>
          <lisID>2097</lisID>
        </identifiers>
        <middleName>M.</middleName>
        <state>NJ</state>
        <sponsorshipWithdrawnDate />
        <firstName>Donald</firstName>
        <sponsorshipDate>2017-01-10</sponsorshipDate>
        <district>10</district>
        <isOriginalCosponsor>True</isOriginalCosponsor>
      </item>
      <item>
        <fullName>Rep. Pocan, Mark [D-WI-2]</fullName>
        <lastName>Pocan</lastName>
        <party>D</party>
        <bioguideId>P000607</bioguideId>
        <identifiers>
          <lisID>2171</lisID>
          <bioguideId>P000607</bioguideId>
          <gpoId />
        </identifiers>
        <middleName />
        <state>WI</state>
        <sponsorshipWithdrawnDate />
        <firstName>Mark</firstName>
        <sponsorshipDate>2017-01-10</sponsorshipDate>
        <district>2</district>
        <isOriginalCosponsor>True</isOriginalCosponsor>
      </item>
      <item>
        <fullName>Rep. Price, David E. [D-NC-4]</fullName>
        <lastName>PRICE</lastName>
        <party>D</party>
        <bioguideId>P000523</bioguideId>
        <identifiers>
          <lisID>930</lisID>
          <gpoId>8027</gpoId>
          <bioguideId>P000523</bioguideId>
        </identifiers>
        <middleName>E.</middleName>
        <state>NC</state>
        <sponsorshipWithdrawnDate />
        <firstName>DAVID</firstName>
        <sponsorshipDate>2017-01-10</sponsorshipDate>
        <district>4</district>
        <isOriginalCosponsor>True</isOriginalCosponsor>
      </item>
      <item>
        <fullName>Rep. Roybal-Allard, Lucille [D-CA-40]</fullName>
        <lastName>ROYBAL-ALLARD</lastName>
        <party>D</party>
        <bioguideId>R000486</bioguideId>
        <identifiers>
          <lisID>997</lisID>
          <bioguideId>R000486</bioguideId>
          <gpoId>7839</gpoId>
        </identifiers>
        <middleName />
        <state>CA</state>
        <sponsorshipWithdrawnDate />
        <firstName>LUCILLE</firstName>
        <sponsorshipDate>2017-01-10</sponsorshipDate>
        <district>40</district>
        <isOriginalCosponsor>True</isOriginalCosponsor>
      </item>
      <item>
        <fullName>Rep. Schakowsky, Janice D. [D-IL-9]</fullName>
        <lastName>SCHAKOWSKY</lastName>
        <party>D</party>
        <bioguideId>S001145</bioguideId>
        <identifiers>
          <lisID>1588</lisID>
          <bioguideId>S001145</bioguideId>
          <gpoId>7929</gpoId>
        </identifiers>
        <middleName>D.</middleName>
        <state>IL</state>
        <sponsorshipWithdrawnDate />
        <firstName>JANICE</firstName>
        <sponsorshipDate>2017-01-10</sponsorshipDate>
        <district>9</district>
        <isOriginalCosponsor>True</isOriginalCosponsor>
      </item>
      <item>
        <fullName>Rep. Serrano, Jose E. [D-NY-15]</fullName>
        <lastName>SERRANO</lastName>
        <party>D</party>
        <bioguideId>S000248</bioguideId>
        <identifiers>
          <gpoId>8077</gpoId>
          <lisID>1042</lisID>
          <bioguideId>S000248</bioguideId>
        </identifiers>
        <middleName>E.</middleName>
        <state>NY</state>
        <sponsorshipWithdrawnDate />
        <firstName>JOSE</firstName>
        <sponsorshipDate>2017-01-10</sponsorshipDate>
        <district>15</district>
        <isOriginalCosponsor>True</isOriginalCosponsor>
      </item>
      <item>
        <fullName>Rep. Slaughter, Louise McIntosh [D-NY-25]</fullName>
        <lastName>SLAUGHTER</lastName>
        <party>D</party>
        <bioguideId>S000480</bioguideId>
        <identifiers>
          <lisID>1069</lisID>
          <bioguideId>S000480</bioguideId>
          <gpoId>8089</gpoId>
        </identifiers>
        <middleName>M.</middleName>
        <state>NY</state>
        <sponsorshipWithdrawnDate />
        <firstName>LOUISE</firstName>
        <sponsorshipDate>2017-01-10</sponsorshipDate>
        <district>25</district>
        <isOriginalCosponsor>True</isOriginalCosponsor>
      </item>
      <item>
        <fullName>Rep. Tonko, Paul [D-NY-20]</fullName>
        <lastName>Tonko</lastName>
        <party>D</party>
        <bioguideId>T000469</bioguideId>
        <identifiers>
          <lisID>1942</lisID>
          <bioguideId>T000469</bioguideId>
          <gpoId>8082</gpoId>
        </identifiers>
        <middleName />
        <state>NY</state>
        <sponsorshipWithdrawnDate />
        <firstName>Paul</firstName>
        <sponsorshipDate>2017-01-10</sponsorshipDate>
        <district>20</district>
        <isOriginalCosponsor>True</isOriginalCosponsor>
      </item>
      <item>
        <fullName>Rep. Tsongas, Niki [D-MA-3]</fullName>
        <lastName>Tsongas</lastName>
        <party>D</party>
        <bioguideId>T000465</bioguideId>
        <identifiers>
          <lisID>1884</lisID>
          <bioguideId>T000465</bioguideId>
          <gpoId>7970</gpoId>
        </identifiers>
        <middleName />
        <state>MA</state>
        <sponsorshipWithdrawnDate />
        <firstName>Niki</firstName>
        <sponsorshipDate>2017-01-10</sponsorshipDate>
        <district>3</district>
        <isOriginalCosponsor>True</isOriginalCosponsor>
      </item>
      <item>
        <fullName>Rep. Velazquez, Nydia M. [D-NY-7]</fullName>
        <lastName>VELAZQUEZ</lastName>
        <party>D</party>
        <bioguideId>V000081</bioguideId>
        <identifiers>
          <bioguideId>V000081</bioguideId>
          <gpoId>8073</gpoId>
          <lisID>1184</lisID>
        </identifiers>
        <middleName>M.</middleName>
        <state>NY</state>
        <sponsorshipWithdrawnDate />
        <firstName>NYDIA</firstName>
        <sponsorshipDate>2017-01-10</sponsorshipDate>
        <district>7</district>
        <isOriginalCosponsor>True</isOriginalCosponsor>
      </item>
      <item>
        <fullName>Rep. Visclosky, Peter J. [D-IN-1]</fullName>
        <lastName>VISCLOSKY</lastName>
        <party>D</party>
        <bioguideId>V000108</bioguideId>
        <identifiers>
          <lisID>1188</lisID>
          <bioguideId>V000108</bioguideId>
          <gpoId>7940</gpoId>
        </identifiers>
        <middleName>J.</middleName>
        <state>IN</state>
        <sponsorshipWithdrawnDate />
        <firstName>PETER</firstName>
        <sponsorshipDate>2017-01-10</sponsorshipDate>
        <district>1</district>
        <isOriginalCosponsor>True</isOriginalCosponsor>
      </item>
      <item>
        <fullName>Rep. Watson Coleman, Bonnie [D-NJ-12]</fullName>
        <lastName>Watson Coleman</lastName>
        <party>D</party>
        <bioguideId>W000822</bioguideId>
        <identifiers>
          <lisID>2259</lisID>
          <bioguideId>W000822</bioguideId>
          <gpoId />
        </identifiers>
        <middleName />
        <state>NJ</state>
        <sponsorshipWithdrawnDate />
        <firstName>Bonnie</firstName>
        <sponsorshipDate>2017-01-10</sponsorshipDate>
        <district>12</district>
        <isOriginalCosponsor>True</isOriginalCosponsor>
      </item>
      <item>
        <fullName>Rep. Yarmuth, John A. [D-KY-3]</fullName>
        <lastName>Yarmuth</lastName>
        <party>D</party>
        <bioguideId>Y000062</bioguideId>
        <identifiers>
          <lisID>1853</lisID>
          <gpoId>7955</gpoId>
          <bioguideId>Y000062</bioguideId>
        </identifiers>
        <middleName>A.</middleName>
        <state>KY</state>
        <sponsorshipWithdrawnDate />
        <firstName>John</firstName>
        <sponsorshipDate>2017-01-10</sponsorshipDate>
        <district>3</district>
        <isOriginalCosponsor>True</isOriginalCosponsor>
      </item>
      <item>
        <fullName>Rep. Raskin, Jamie [D-MD-8]</fullName>
        <lastName>Raskin</lastName>
        <party>D</party>
        <bioguideId>R000606</bioguideId>
        <identifiers>
          <gpoId />
          <lisID>2332</lisID>
          <bioguideId>R000606</bioguideId>
        </identifiers>
        <middleName />
        <state>MD</state>
        <sponsorshipWithdrawnDate />
        <firstName>Jamie</firstName>
        <sponsorshipDate>2017-01-10</sponsorshipDate>
        <district>8</district>
        <isOriginalCosponsor>True</isOriginalCosponsor>
      </item>
      <item>
        <fullName>Rep. Kaptur, Marcy [D-OH-9]</fullName>
        <lastName>KAPTUR</lastName>
        <party>D</party>
        <bioguideId>K000009</bioguideId>
        <identifiers>
          <lisID>616</lisID>
          <bioguideId>K000009</bioguideId>
          <gpoId>8099</gpoId>
        </identifiers>
        <middleName />
        <state>OH</state>
        <sponsorshipWithdrawnDate />
        <firstName>MARCY</firstName>
        <sponsorshipDate>2017-01-10</sponsorshipDate>
        <district>9</district>
        <isOriginalCosponsor>True</isOriginalCosponsor>
      </item>
      <item>
        <fullName>Rep. DeSaulnier, Mark [D-CA-11]</fullName>
        <lastName>DeSaulnier</lastName>
        <party>D</party>
        <bioguideId>D000623</bioguideId>
        <identifiers>
          <gpoId />
          <bioguideId>D000623</bioguideId>
          <lisID>2227</lisID>
        </identifiers>
        <middleName />
        <state>CA</state>
        <sponsorshipWithdrawnDate />
        <firstName>Mark</firstName>
        <sponsorshipDate>2017-01-10</sponsorshipDate>
        <district>11</district>
        <isOriginalCosponsor>True</isOriginalCosponsor>
      </item>
      <item>
        <fullName>Rep. Huffman, Jared [D-CA-2]</fullName>
        <lastName>Huffman</lastName>
        <party>D</party>
        <bioguideId>H001068</bioguideId>
        <identifiers>
          <lisID>2101</lisID>
          <bioguideId>H001068</bioguideId>
          <gpoId />
        </identifiers>
        <middleName />
        <state>CA</state>
        <sponsorshipWithdrawnDate />
        <firstName>Jared</firstName>
        <sponsorshipDate>2017-01-10</sponsorshipDate>
        <district>2</district>
        <isOriginalCosponsor>True</isOriginalCosponsor>
      </item>
    </cosponsors>
    <relatedBills />
    <summaries>
      <billSummaries>
        <item>
          <updateDate>2017-01-10T05:00:00Z</updateDate>
          <actionDesc>Introduced in House</actionDesc>
          <text><![CDATA[<p><strong>Stop Subsidizing Multimillion Dollar Corporate Bonuses Act </strong></p> <p>This bill amends the Internal Revenue Code, with respect to the $1 million limitation on the deductibility of employee compensation, to: (1) extend such limitation to any individual who is a current or former officer, director, or employee of a publicly-held corporation; (2) eliminate the exemption from such limitation for compensation payable on a commission basis or upon the attainment of a performance goal; and (3) make such limitation applicable to all publicly-held corporations that are required by the Securities and Exchange Commission to register securities and provide periodic reports to their investors. </p>]]></text>
          <versionCode>00</versionCode>
          <actionDate>2017-01-10</actionDate>
          <lastSummaryUpdateDate>2017-01-23T18:03:52Z</lastSummaryUpdateDate>
          <name>Introduced in House</name>
        </item>
      </billSummaries>
    </summaries>
    <introducedDate>2017-01-10</introducedDate>
    <titles>
      <item>
        <parentTitleType />
        <titleType>Short Titles as Introduced</titleType>
        <chamberCode />
        <chamberName />
        <title>Stop Subsidizing Multimillion Dollar Corporate Bonuses Act</title>
      </item>
      <item>
        <parentTitleType />
        <titleType>Official Title as Introduced</titleType>
        <chamberCode />
        <chamberName />
        <title>To amend the Internal Revenue Code of 1986 to expand the denial of deduction for certain excessive employee remuneration, and for other purposes.</title>
      </item>
      <item>
        <parentTitleType />
        <titleType>Display Title</titleType>
        <chamberCode />
        <chamberName />
        <title>Stop Subsidizing Multimillion Dollar Corporate Bonuses Act</title>
      </item>
    </titles>
    <policyArea>
      <name>Taxation</name>
    </policyArea>
    <calendarNumbers />
  </bill>
  <dublinCore xmlns:dc="http://purl.org/dc/elements/1.1/">
    <dc:format>text/xml</dc:format>
    <dc:language>EN</dc:language>
    <dc:rights>Pursuant to Title 17 Section 105 of the United States Code, this file is not subject to copyright protection and is in the public domain.</dc:rights>
    <dc:contributor>Congressional Research Service, Library of Congress</dc:contributor>
    <dc:description>This file contains bill summaries and statuses for federal legislation. A bill summary describes the most significant provisions of a piece of legislation and details the effects the legislative text may have on current law and federal programs. Bill summaries are authored by the Congressional Research Service (CRS) of the Library of Congress. As stated in Public Law 91-510 (2 USC 166 (d)(6)), one of the duties of CRS is "to prepare summaries and digests of bills and resolutions of a public general nature introduced in the Senate or House of Representatives". For more information, refer to the User Guide that accompanies this file.</dc:description>
  </dublinCore>
</billStatus>

