<?xml version="1.0" encoding="UTF-8"?>
<billStatus>
  <bill>
    <policyArea>
      <name>Government Operations and Politics</name>
    </policyArea>
    <billType>HR</billType>
    <latestAction>
      <links />
      <actionDate>2017-01-05</actionDate>
      <text>Received in the Senate and Read twice and referred to the Committee on Homeland Security and Governmental Affairs.</text>
    </latestAction>
    <createDate>2017-01-04T07:01:10Z</createDate>
    <notes />
    <actions>
      <item>
        <actionDate>2017-01-05</actionDate>
        <committee>
          <systemCode>ssga00</systemCode>
          <name>Homeland Security and Governmental Affairs Committee</name>
        </committee>
        <links />
        <sourceSystem>
          <code>0</code>
          <name>Senate</name>
        </sourceSystem>
        <text>Received in the Senate and Read twice and referred to the Committee on Homeland Security and Governmental Affairs.</text>
        <type>IntroReferral</type>
      </item>
      <item>
        <actionTime>13:00:14</actionTime>
        <links />
        <text>Motion to reconsider laid on the table Agreed to without objection.</text>
        <committee />
        <actionDate>2017-01-04</actionDate>
        <sourceSystem>
          <code>2</code>
          <name>House floor actions</name>
        </sourceSystem>
        <type>Floor</type>
        <actionCode>H38310</actionCode>
      </item>
      <item>
        <actionTime>13:00:11</actionTime>
        <links>
          <link>
            <url>https://www.congress.gov/congressional-record/volume-163/house-section/page/H65</url>
            <name>H65</name>
          </link>
        </links>
        <text>On motion to suspend the rules and pass the bill Agreed to by voice vote. (text: CR H65)</text>
        <committee />
        <actionDate>2017-01-04</actionDate>
        <sourceSystem>
          <code>2</code>
          <name>House floor actions</name>
        </sourceSystem>
        <type>Floor</type>
        <actionCode>H37300</actionCode>
      </item>
      <item>
        <actionTime>13:00:11</actionTime>
        <links>
          <link>
            <url>https://www.congress.gov/congressional-record/volume-163/house-section/page/H65</url>
            <name>H65</name>
          </link>
        </links>
        <text>Passed/agreed to in House: On motion to suspend the rules and pass the bill Agreed to by voice vote.(text: CR H65)</text>
        <committee />
        <actionDate>2017-01-04</actionDate>
        <sourceSystem>
          <code>9</code>
          <name>Library of Congress</name>
        </sourceSystem>
        <type>Floor</type>
        <actionCode>8000</actionCode>
      </item>
      <item>
        <actionTime>12:48:12</actionTime>
        <links>
          <link>
            <url>https://www.congress.gov/bill/115th-congress/house-bill/73</url>
            <name>H.R. 73</name>
          </link>
        </links>
        <text>DEBATE - The House proceeded with forty minutes of debate on H.R. 73.</text>
        <committee />
        <actionDate>2017-01-04</actionDate>
        <sourceSystem>
          <code>2</code>
          <name>House floor actions</name>
        </sourceSystem>
        <type>Floor</type>
        <actionCode>H8D000</actionCode>
      </item>
      <item>
        <actionTime>12:48:10</actionTime>
        <links>
          <link>
            <url>https://www.congress.gov/congressional-record/volume-163/house-section/page/H65-67</url>
            <name>H65-67</name>
          </link>
        </links>
        <text>Considered under suspension of the rules. (consideration: CR H65-67)</text>
        <committee />
        <actionDate>2017-01-04</actionDate>
        <sourceSystem>
          <code>2</code>
          <name>House floor actions</name>
        </sourceSystem>
        <type>Floor</type>
        <actionCode>H30000</actionCode>
      </item>
      <item>
        <actionTime>12:48:00</actionTime>
        <links />
        <text>Mr. Chaffetz moved to suspend the rules and pass the bill.</text>
        <committee />
        <actionDate>2017-01-04</actionDate>
        <sourceSystem>
          <code>2</code>
          <name>House floor actions</name>
        </sourceSystem>
        <type>Floor</type>
        <actionCode>H30300</actionCode>
      </item>
      <item>
        <actionDate>2017-01-03</actionDate>
        <links />
        <sourceSystem>
          <code>2</code>
          <name>House floor actions</name>
        </sourceSystem>
        <committee>
          <systemCode>hsgo00</systemCode>
          <name>Oversight and Government Reform Committee</name>
        </committee>
        <text>Referred to the House Committee on Oversight and Government Reform.</text>
        <type>IntroReferral</type>
        <actionCode>H11100</actionCode>
      </item>
      <item>
        <actionDate>2017-01-03</actionDate>
        <links />
        <sourceSystem>
          <code>9</code>
          <name>Library of Congress</name>
        </sourceSystem>
        <committee />
        <text>Introduced in House</text>
        <type>IntroReferral</type>
        <actionCode>Intro-H</actionCode>
      </item>
      <item>
        <actionDate>2017-01-03</actionDate>
        <links />
        <sourceSystem>
          <code>9</code>
          <name>Library of Congress</name>
        </sourceSystem>
        <committee />
        <text>Introduced in House</text>
        <type>IntroReferral</type>
        <actionCode>1000</actionCode>
      </item>
      <actionByCounts>
        <senate>1</senate>
        <houseOfRepresentatives>9</houseOfRepresentatives>
      </actionByCounts>
      <actionTypeCounts>
        <motionToReconsiderResults>1</motionToReconsiderResults>
        <finalPassageUnderSuspensionOfTheRulesResults>1</finalPassageUnderSuspensionOfTheRulesResults>
        <motionMadeToSuspendTheRules>1</motionMadeToSuspendTheRules>
        <referredToCommittee>1</referredToCommittee>
        <introducedInTheHouse>1</introducedInTheHouse>
        <considerationByHouse>1</considerationByHouse>
        <introducedInHouse>1</introducedInHouse>
        <generalDebate>1</generalDebate>
        <billReferrals>1</billReferrals>
        <passedAgreedToInHouse>1</passedAgreedToInHouse>
      </actionTypeCounts>
    </actions>
    <calendarNumbers />
    <congress>115</congress>
    <subjects>
      <billSubjects>
        <policyArea>
          <name>Government Operations and Politics</name>
        </policyArea>
        <legislativeSubjects>
          <item>
            <name>Fraud offenses and financial crimes</name>
          </item>
          <item>
            <name>Government ethics and transparency, public corruption</name>
          </item>
          <item>
            <name>Government information and archives</name>
          </item>
          <item>
            <name>Libraries and archives</name>
          </item>
          <item>
            <name>Presidential administrations</name>
          </item>
          <item>
            <name>Presidents and presidential powers, Vice Presidents</name>
          </item>
        </legislativeSubjects>
      </billSubjects>
    </subjects>
    <billNumber>73</billNumber>
    <title>Presidential Library Donation Reform Act of 2017</title>
    <constitutionalAuthorityStatementText><![CDATA[<pre>[Congressional Record Volume 163, Number 1 (Tuesday, January 3, 2017)]From the Congressional Record Online through the Government Publishing Office [<a href='http://www.gpo.gov'>www.gpo.gov</a>]By Mr. DUNCAN of Tennessee:H.R. 73.Congress has the power to enact this legislation pursuantto the following:Article IV, Section 3, Clause 2. The Congress shall havePower to dispose of and make all, needful Rules andRegulations respecting the Territory or other Propertybelonging to the United States; and nothing in thisConstitution shall be so construed as to Prejudice any Claimsof the United States, or of any particular State.[Page H48]</pre>]]></constitutionalAuthorityStatementText>
    <committees>
      <billCommittees>
        <item>
          <activities>
            <item>
              <name>Referred to</name>
              <date>2017-01-05T18:23:52Z</date>
            </item>
          </activities>
          <name>Homeland Security and Governmental Affairs Committee</name>
          <type>Standing</type>
          <chamber>Senate</chamber>
          <subcommittees />
          <systemCode>ssga00</systemCode>
        </item>
        <item>
          <activities>
            <item>
              <name>Referred to</name>
              <date>2017-01-03T17:11:05Z</date>
            </item>
          </activities>
          <name>Oversight and Government Reform Committee</name>
          <type>Standing</type>
          <chamber>House</chamber>
          <subcommittees />
          <systemCode>hsgo00</systemCode>
        </item>
      </billCommittees>
    </committees>
    <cboCostEstimates />
    <version>1.0.0</version>
    <cosponsors>
      <item>
        <bioguideId>C000984</bioguideId>
        <lastName>CUMMINGS</lastName>
        <isOriginalCosponsor>True</isOriginalCosponsor>
        <identifiers>
          <lisID>256</lisID>
          <bioguideId>C000984</bioguideId>
          <gpoId>7982</gpoId>
        </identifiers>
        <district>7</district>
        <middleName>E.</middleName>
        <sponsorshipWithdrawnDate />
        <fullName>Rep. Cummings, Elijah E. [D-MD-7]</fullName>
        <sponsorshipDate>2017-01-03</sponsorshipDate>
        <state>MD</state>
        <firstName>ELIJAH</firstName>
        <party>D</party>
      </item>
    </cosponsors>
    <updateDate>2018-08-28T19:57:49Z</updateDate>
    <laws />
    <originChamber>House</originChamber>
    <introducedDate>2017-01-03</introducedDate>
    <sponsors>
      <item>
        <middleName>J.</middleName>
        <bioguideId>D000533</bioguideId>
        <identifiers>
          <bioguideId>D000533</bioguideId>
          <lisID>322</lisID>
          <gpoId>8149</gpoId>
        </identifiers>
        <fullName>Rep. Duncan, John J., Jr. [R-TN-2]</fullName>
        <byRequestType />
        <party>R</party>
        <firstName>JOHN</firstName>
        <state>TN</state>
        <lastName>DUNCAN</lastName>
        <district>2</district>
      </item>
    </sponsors>
    <relatedBills />
    <committeeReports />
    <titles>
      <item>
        <chamberCode />
        <titleType>Short Titles as Introduced</titleType>
        <parentTitleType />
        <chamberName />
        <title>Presidential Library Donation Reform Act of 2017</title>
      </item>
      <item>
        <chamberCode />
        <titleType>Official Title as Introduced</titleType>
        <parentTitleType />
        <chamberName />
        <title>To amend title 44, United States Code, to require information on contributors to Presidential library fundraising organizations, and for other purposes.</title>
      </item>
      <item>
        <chamberCode />
        <titleType>Display Title</titleType>
        <parentTitleType />
        <chamberName />
        <title>Presidential Library Donation Reform Act of 2017</title>
      </item>
      <item>
        <chamberCode />
        <titleType>(Extracted from GPO) Short Titles as Introduced</titleType>
        <parentTitleType />
        <chamberName />
        <title>Presidential Library Donation Reform Act of 2017</title>
      </item>
      <item>
        <chamberCode>H</chamberCode>
        <titleType>(Extracted from GPO) Short Titles as Passed House</titleType>
        <parentTitleType />
        <chamberName>House</chamberName>
        <title>Presidential Library Donation Reform Act of 2017</title>
      </item>
    </titles>
    <recordedVotes />
    <summaries>
      <billSummaries>
        <item>
          <updateDate>2017-01-03T05:00:00Z</updateDate>
          <versionCode>00</versionCode>
          <name>Introduced in House</name>
          <text><![CDATA[<p><b>Presidential Library Donation Reform Act of 2017</b></p> <p> This bill requires each presidential library fundraising organization to submit quarterly reports to the National Archives and Records Administration (NARA) on every contributor who gave the organization a contribution or contributions (whether monetary or in-kind) totaling $200 or more for the quarterly period. </p> <p>NARA shall publish such information on its website within 30 days after each quarterly filing. </p> <p>It shall be unlawful for contributors or fundraising organizations to knowingly and willfully submit false information or omit material information. </p>]]></text>
          <actionDate>2017-01-03</actionDate>
          <actionDesc>Introduced in House</actionDesc>
          <lastSummaryUpdateDate>2017-01-04T16:32:15Z</lastSummaryUpdateDate>
        </item>
        <item>
          <updateDate>2017-01-04T14:39:07Z</updateDate>
          <versionCode>81</versionCode>
          <name>Passed House without amendment</name>
          <text><![CDATA[<p>(This measure has not been amended since it was introduced. The summary has been expanded because action occurred on the measure.)</p> <p><b>Presidential Library Donation Reform Act of 2017</b></p> <p> (Sec. 2) This bill requires each presidential library fundraising organization to submit quarterly reports to the National Archives and Records Administration (National Archives) on every contributor who gave the organization a contribution or contributions (whether monetary or in-kind) totaling $200 or more for the quarterly period. </p> <p> The Archivist of the United States shall publish such information on the website of the National Archives within 30 days after each quarterly filing. </p> <p> It shall be unlawful for contributors or fundraising organizations knowingly and willfully to submit false information or omit material information. Prescribes criminal penalties for violation of this prohibition.</p> <p>(Sec. 3) No additional funds are authorized to carry out this Act's requirements. Such requirements shall be carried out using amounts otherwise authorized.</p>]]></text>
          <actionDate>2017-01-04</actionDate>
          <actionDesc>Passed House without amendment</actionDesc>
          <lastSummaryUpdateDate>2017-01-06T22:36:33Z</lastSummaryUpdateDate>
        </item>
      </billSummaries>
    </summaries>
    <amendments />
  </bill>
  <dublinCore xmlns:dc="http://purl.org/dc/elements/1.1/">
    <dc:format>text/xml</dc:format>
    <dc:language>EN</dc:language>
    <dc:rights>Pursuant to Title 17 Section 105 of the United States Code, this file is not subject to copyright protection and is in the public domain.</dc:rights>
    <dc:contributor>Congressional Research Service, Library of Congress</dc:contributor>
    <dc:description>This file contains bill summaries and statuses for federal legislation. A bill summary describes the most significant provisions of a piece of legislation and details the effects the legislative text may have on current law and federal programs. Bill summaries are authored by the Congressional Research Service (CRS) of the Library of Congress. As stated in Public Law 91-510 (2 USC 166 (d)(6)), one of the duties of CRS is "to prepare summaries and digests of bills and resolutions of a public general nature introduced in the Senate or House of Representatives". For more information, refer to the User Guide that accompanies this file.</dc:description>
  </dublinCore>
</billStatus>

