<?xml version="1.0" encoding="UTF-8"?>
<billStatus>
  <bill>
    <introducedDate>2017-01-04</introducedDate>
    <laws />
    <createDate>2017-01-05T04:47:33Z</createDate>
    <titles>
      <item>
        <chamberCode />
        <titleType>Short Titles as Introduced</titleType>
        <chamberName />
        <parentTitleType />
        <title>Student Debt Repayment Fairness Act</title>
      </item>
      <item>
        <chamberCode />
        <titleType>Official Title as Introduced</titleType>
        <chamberName />
        <parentTitleType />
        <title>To amend the Internal Revenue Code of 1986 to allow without penalty any 529 plan distributions used for student loan payments.</title>
      </item>
      <item>
        <chamberCode />
        <titleType>Display Title</titleType>
        <chamberName />
        <parentTitleType />
        <title>Student Debt Repayment Fairness Act</title>
      </item>
    </titles>
    <subjects>
      <billSubjects>
        <policyArea>
          <name>Taxation</name>
        </policyArea>
        <legislativeSubjects>
          <item>
            <name>Higher education</name>
          </item>
          <item>
            <name>Income tax exclusion</name>
          </item>
          <item>
            <name>Student aid and college costs</name>
          </item>
        </legislativeSubjects>
      </billSubjects>
    </subjects>
    <title>Student Debt Repayment Fairness Act</title>
    <constitutionalAuthorityStatementText><![CDATA[<pre>From the Congressional Record Online through the Government Publishing Office [<a href='http://www.gpo.gov'>www.gpo.gov</a>]By Ms. STEFANIK:H.R. 283.Congress has the power to enact this legislation pursuantto the following:Article 1, Section 8[Page H97]</pre>]]></constitutionalAuthorityStatementText>
    <updateDate>2017-01-23T18:01:16Z</updateDate>
    <cosponsors />
    <sponsors>
      <item>
        <state>NY</state>
        <bioguideId>S001196</bioguideId>
        <party>R</party>
        <middleName>M.</middleName>
        <byRequestType />
        <fullName>Rep. Stefanik, Elise M. [R-NY-21]</fullName>
        <lastName>Stefanik</lastName>
        <identifiers>
          <bioguideId>S001196</bioguideId>
          <gpoId />
          <lisID>2263</lisID>
        </identifiers>
        <firstName>Elise</firstName>
        <district>21</district>
      </item>
    </sponsors>
    <congress>115</congress>
    <notes />
    <committeeReports />
    <relatedBills />
    <latestAction>
      <actionDate>2017-01-04</actionDate>
      <text>Referred to the House Committee on Ways and Means.</text>
      <links />
    </latestAction>
    <calendarNumbers />
    <committees>
      <billCommittees>
        <item>
          <name>Ways and Means Committee</name>
          <systemCode>hswm00</systemCode>
          <chamber>House</chamber>
          <type>Standing</type>
          <subcommittees />
          <activities>
            <item>
              <date>2017-01-04T15:01:50Z</date>
              <name>Referred to</name>
            </item>
          </activities>
        </item>
      </billCommittees>
    </committees>
    <recordedVotes />
    <actions>
      <actionTypeCounts>
        <billReferrals>1</billReferrals>
        <introducedInHouse>1</introducedInHouse>
        <introducedInTheHouse>1</introducedInTheHouse>
      </actionTypeCounts>
      <item>
        <actionCode>H11100</actionCode>
        <committee>
          <systemCode>hswm00</systemCode>
          <name>Ways and Means Committee</name>
        </committee>
        <type>IntroReferral</type>
        <links />
        <text>Referred to the House Committee on Ways and Means.</text>
        <sourceSystem>
          <code>2</code>
          <name>House floor actions</name>
        </sourceSystem>
        <actionDate>2017-01-04</actionDate>
      </item>
      <item>
        <actionCode>Intro-H</actionCode>
        <committee />
        <type>IntroReferral</type>
        <links />
        <text>Introduced in House</text>
        <sourceSystem>
          <code>9</code>
          <name>Library of Congress</name>
        </sourceSystem>
        <actionDate>2017-01-04</actionDate>
      </item>
      <item>
        <actionCode>1000</actionCode>
        <committee />
        <type>IntroReferral</type>
        <links />
        <text>Introduced in House</text>
        <sourceSystem>
          <code>9</code>
          <name>Library of Congress</name>
        </sourceSystem>
        <actionDate>2017-01-04</actionDate>
      </item>
      <actionByCounts>
        <houseOfRepresentatives>3</houseOfRepresentatives>
      </actionByCounts>
    </actions>
    <summaries>
      <billSummaries>
        <item>
          <lastSummaryUpdateDate>2017-01-23T17:31:54Z</lastSummaryUpdateDate>
          <versionCode>00</versionCode>
          <actionDesc>Introduced in House</actionDesc>
          <updateDate>2017-01-04T05:00:00Z</updateDate>
          <text><![CDATA[<p><strong>Student Debt Repayment Fairness Act </strong></p> <p>This bill amends the Internal Revenue Code to allow penalty-free distributions from qualified tuition programs (i.e., 529 plans) to pay student loan indebtedness.</p>]]></text>
          <actionDate>2017-01-04</actionDate>
          <name>Introduced in House</name>
        </item>
      </billSummaries>
    </summaries>
    <billType>HR</billType>
    <cboCostEstimates />
    <amendments />
    <policyArea>
      <name>Taxation</name>
    </policyArea>
    <originChamber>House</originChamber>
    <billNumber>283</billNumber>
  </bill>
  <dublinCore xmlns:dc="http://purl.org/dc/elements/1.1/">
    <dc:format>text/xml</dc:format>
    <dc:language>EN</dc:language>
    <dc:rights>Pursuant to Title 17 Section 105 of the United States Code, this file is not subject to copyright protection and is in the public domain.</dc:rights>
    <dc:contributor>Congressional Research Service, Library of Congress</dc:contributor>
    <dc:description>This file contains bill summaries and statuses for federal legislation. A bill summary describes the most significant provisions of a piece of legislation and details the effects the legislative text may have on current law and federal programs. Bill summaries are authored by the Congressional Research Service (CRS) of the Library of Congress. As stated in Public Law 91-510 (2 USC 166 (d)(6)), one of the duties of CRS is "to prepare summaries and digests of bills and resolutions of a public general nature introduced in the Senate or House of Representatives". For more information, refer to the User Guide that accompanies this file.</dc:description>
  </dublinCore>
</billStatus>

