<?xml version="1.0" encoding="UTF-8"?>
<billStatus>
  <bill>
    <titles>
      <item>
        <chamberCode />
        <titleType>Short Titles as Introduced</titleType>
        <chamberName />
        <parentTitleType />
        <title>Ukpeagvik Inupiat Corporation Gravel Exchange Amendment Act</title>
      </item>
      <item>
        <chamberCode />
        <titleType>Official Title as Introduced</titleType>
        <chamberName />
        <parentTitleType />
        <title>To more accurately identify and transfer subsurface gravel sources originally intended to be made available to the Ukpeagvik Inupiat Corporation in exchange for its relinquishment of related property rights.</title>
      </item>
      <item>
        <chamberCode />
        <titleType>Display Title</titleType>
        <chamberName />
        <parentTitleType />
        <title>Ukpeagvik Inupiat Corporation Gravel Exchange Amendment Act</title>
      </item>
    </titles>
    <billType>HR</billType>
    <calendarNumbers />
    <relatedBills />
    <sponsors>
      <item>
        <state>AK</state>
        <firstName>DON</firstName>
        <fullName>Rep. Young, Don [R-AK-At Large]</fullName>
        <party>R</party>
        <identifiers>
          <lisID>1256</lisID>
          <bioguideId>Y000033</bioguideId>
          <gpoId>7785</gpoId>
        </identifiers>
        <bioguideId>Y000033</bioguideId>
        <district>0</district>
        <lastName>YOUNG</lastName>
        <middleName>E.</middleName>
        <byRequestType />
      </item>
    </sponsors>
    <subjects>
      <billSubjects>
        <legislativeSubjects />
        <policyArea>
          <name>Public Lands and Natural Resources</name>
        </policyArea>
      </billSubjects>
    </subjects>
    <notes />
    <updateDate>2017-01-23T16:01:18Z</updateDate>
    <actions>
      <item>
        <links />
        <actionDate>2017-01-05</actionDate>
        <committee>
          <systemCode>hsii00</systemCode>
          <name>Natural Resources Committee</name>
        </committee>
        <sourceSystem>
          <name>House floor actions</name>
          <code>2</code>
        </sourceSystem>
        <text>Referred to the House Committee on Natural Resources.</text>
        <actionCode>H11100</actionCode>
        <type>IntroReferral</type>
      </item>
      <item>
        <links />
        <actionDate>2017-01-05</actionDate>
        <committee />
        <sourceSystem>
          <name>Library of Congress</name>
          <code>9</code>
        </sourceSystem>
        <text>Introduced in House</text>
        <actionCode>Intro-H</actionCode>
        <type>IntroReferral</type>
      </item>
      <item>
        <links />
        <actionDate>2017-01-05</actionDate>
        <committee />
        <sourceSystem>
          <name>Library of Congress</name>
          <code>9</code>
        </sourceSystem>
        <text>Introduced in House</text>
        <actionCode>1000</actionCode>
        <type>IntroReferral</type>
      </item>
      <actionTypeCounts>
        <introducedInHouse>1</introducedInHouse>
        <billReferrals>1</billReferrals>
        <introducedInTheHouse>1</introducedInTheHouse>
      </actionTypeCounts>
      <actionByCounts>
        <houseOfRepresentatives>3</houseOfRepresentatives>
      </actionByCounts>
    </actions>
    <introducedDate>2017-01-05</introducedDate>
    <laws />
    <cosponsors />
    <createDate>2017-01-06T04:57:26Z</createDate>
    <committeeReports />
    <constitutionalAuthorityStatementText><![CDATA[<pre>From the Congressional Record Online through the Government Publishing Office [<a href='http://www.gpo.gov'>www.gpo.gov</a>]By Mr. YOUNG of Alaska:H.R. 348.Congress has the power to enact this legislation pursuantto the following:Article IV, Section 3, Clause 2 & Article 1, Section 8,Clause 3``The Congress shall have Power to dispose of and make allneedful Rules and Regulations respecting the Territory orother Property belonging to the United States; and nothing inthis Constitution shall be so construed as to Prejudice anyClaims of the United States, or of any particular State.''``The Congress shall have the power to regulate commercewith foreign nations, and among the several states, and withthe Indian tribes''[Page H184]</pre>]]></constitutionalAuthorityStatementText>
    <cboCostEstimates />
    <policyArea>
      <name>Public Lands and Natural Resources</name>
    </policyArea>
    <originChamber>House</originChamber>
    <congress>115</congress>
    <billNumber>348</billNumber>
    <latestAction>
      <links />
      <actionDate>2017-01-05</actionDate>
      <text>Referred to the House Committee on Natural Resources.</text>
    </latestAction>
    <committees>
      <billCommittees>
        <item>
          <subcommittees />
          <type>Standing</type>
          <chamber>House</chamber>
          <systemCode>hsii00</systemCode>
          <name>Natural Resources Committee</name>
          <activities>
            <item>
              <name>Referred to</name>
              <date>2017-01-05T15:07:25Z</date>
            </item>
          </activities>
        </item>
      </billCommittees>
    </committees>
    <recordedVotes />
    <amendments />
    <title>Ukpeagvik Inupiat Corporation Gravel Exchange Amendment Act</title>
    <summaries>
      <billSummaries />
    </summaries>
  </bill>
  <dublinCore xmlns:dc="http://purl.org/dc/elements/1.1/">
    <dc:format>text/xml</dc:format>
    <dc:language>EN</dc:language>
    <dc:rights>Pursuant to Title 17 Section 105 of the United States Code, this file is not subject to copyright protection and is in the public domain.</dc:rights>
    <dc:contributor>Congressional Research Service, Library of Congress</dc:contributor>
    <dc:description>This file contains bill summaries and statuses for federal legislation. A bill summary describes the most significant provisions of a piece of legislation and details the effects the legislative text may have on current law and federal programs. Bill summaries are authored by the Congressional Research Service (CRS) of the Library of Congress. As stated in Public Law 91-510 (2 USC 166 (d)(6)), one of the duties of CRS is "to prepare summaries and digests of bills and resolutions of a public general nature introduced in the Senate or House of Representatives". For more information, refer to the User Guide that accompanies this file.</dc:description>
  </dublinCore>
</billStatus>

