<?xml version="1.0" encoding="UTF-8"?>
<billStatus>
  <bill>
    <policyArea />
    <congress>115</congress>
    <cosponsors />
    <relatedBills />
    <title>Military Residency Choice Act</title>
    <originChamber>House</originChamber>
    <subjects>
      <billSubjects>
        <legislativeSubjects />
      </billSubjects>
    </subjects>
    <committeeReports />
    <constitutionalAuthorityStatementText />
    <notes />
    <billType>HR</billType>
    <titles>
      <item>
        <titleType>Short Titles as Introduced</titleType>
        <parentTitleType />
        <title>Military Residency Choice Act</title>
        <chamberCode />
        <chamberName />
      </item>
      <item>
        <titleType>Official Title as Introduced</titleType>
        <parentTitleType />
        <title>To amend the Servicemembers Civil Relief Act to authorize spouses of servicemembers to elect to use the same residences as the servicemembers.</title>
        <chamberCode />
        <chamberName />
      </item>
      <item>
        <titleType>Display Title</titleType>
        <parentTitleType />
        <title>Military Residency Choice Act</title>
        <chamberCode />
        <chamberName />
      </item>
    </titles>
    <latestAction>
      <links />
      <actionDate>2017-01-04</actionDate>
      <text>Referred to the House Committee on Veterans' Affairs.</text>
    </latestAction>
    <introducedDate>2017-01-04</introducedDate>
    <amendments />
    <createDate>2017-01-05T04:47:33Z</createDate>
    <cboCostEstimates />
    <recordedVotes />
    <sponsors>
      <item>
        <state>NY</state>
        <party>R</party>
        <district>21</district>
        <lastName>Stefanik</lastName>
        <middleName>M.</middleName>
        <fullName>Rep. Stefanik, Elise M. [R-NY-21]</fullName>
        <identifiers>
          <lisID>2263</lisID>
          <gpoId />
          <bioguideId>S001196</bioguideId>
        </identifiers>
        <bioguideId>S001196</bioguideId>
        <firstName>Elise</firstName>
        <byRequestType />
      </item>
    </sponsors>
    <calendarNumbers />
    <updateDate>2017-01-17T12:31:30Z</updateDate>
    <billNumber>282</billNumber>
    <laws />
    <committees>
      <billCommittees>
        <item>
          <subcommittees />
          <type>Standing</type>
          <systemCode>hsvr00</systemCode>
          <name>Veterans' Affairs Committee</name>
          <activities>
            <item>
              <name>Referred to</name>
              <date>2017-01-04T15:01:35Z</date>
            </item>
          </activities>
          <chamber>House</chamber>
        </item>
      </billCommittees>
    </committees>
    <actions>
      <actionByCounts>
        <houseOfRepresentatives>3</houseOfRepresentatives>
      </actionByCounts>
      <item>
        <text>Referred to the House Committee on Veterans' Affairs.</text>
        <actionDate>2017-01-04</actionDate>
        <actionCode>H11100</actionCode>
        <committee>
          <name>Veterans' Affairs Committee</name>
          <systemCode>hsvr00</systemCode>
        </committee>
        <type>IntroReferral</type>
        <sourceSystem>
          <name>House floor actions</name>
          <code>2</code>
        </sourceSystem>
        <links />
      </item>
      <item>
        <text>Introduced in House</text>
        <actionDate>2017-01-04</actionDate>
        <actionCode>Intro-H</actionCode>
        <committee />
        <type>IntroReferral</type>
        <sourceSystem>
          <name>Library of Congress</name>
          <code>9</code>
        </sourceSystem>
        <links />
      </item>
      <item>
        <text>Introduced in House</text>
        <actionDate>2017-01-04</actionDate>
        <actionCode>1000</actionCode>
        <committee />
        <type>IntroReferral</type>
        <sourceSystem>
          <name>Library of Congress</name>
          <code>9</code>
        </sourceSystem>
        <links />
      </item>
      <actionTypeCounts>
        <introducedInTheHouse>1</introducedInTheHouse>
        <billReferrals>1</billReferrals>
        <introducedInHouse>1</introducedInHouse>
      </actionTypeCounts>
    </actions>
    <summaries>
      <billSummaries />
    </summaries>
  </bill>
  <dublinCore xmlns:dc="http://purl.org/dc/elements/1.1/">
    <dc:format>text/xml</dc:format>
    <dc:language>EN</dc:language>
    <dc:rights>Pursuant to Title 17 Section 105 of the United States Code, this file is not subject to copyright protection and is in the public domain.</dc:rights>
    <dc:contributor>Congressional Research Service, Library of Congress</dc:contributor>
    <dc:description>This file contains bill summaries and statuses for federal legislation. A bill summary describes the most significant provisions of a piece of legislation and details the effects the legislative text may have on current law and federal programs. Bill summaries are authored by the Congressional Research Service (CRS) of the Library of Congress. As stated in Public Law 91-510 (2 USC 166 (d)(6)), one of the duties of CRS is "to prepare summaries and digests of bills and resolutions of a public general nature introduced in the Senate or House of Representatives". For more information, refer to the User Guide that accompanies this file.</dc:description>
  </dublinCore>
</billStatus>

