<?xml version="1.0" encoding="UTF-8"?>
<billStatus>
  <bill>
    <calendarNumbers />
    <amendments />
    <committeeReports />
    <constitutionalAuthorityStatementText><![CDATA[<pre>[Congressional Record Volume 163, Number 6 (Tuesday, January 10, 2017)]From the Congressional Record Online through the Government Publishing Office [<a href='http://www.gpo.gov'>www.gpo.gov</a>]By Mrs. LOVE:H.R. 421.Congress has the power to enact this legislation pursuantto the following:The Constitutional authority in which this bill rests is inthe power of the Congress To regulate Commerce as enumeratedby Article 1, section 8 of the United States Constitution asapplied to providing for the general Welfare of the UnitedStates through the administration of the Federal DrugAdministration, and in the power of Congress To lay andcollect Taxes, Duties, Imposts and Excises, to pay the Debtsand provide for the common Defense and general Welfare of theUnited States as enumerated by Article 1, section 8 of theUnited States Constitution.[Page H300]</pre>]]></constitutionalAuthorityStatementText>
    <laws />
    <summaries>
      <billSummaries>
        <item>
          <updateDate>2017-01-10T05:00:00Z</updateDate>
          <actionDate>2017-01-10</actionDate>
          <lastSummaryUpdateDate>2017-02-01T17:21:17Z</lastSummaryUpdateDate>
          <text><![CDATA[<p><b>Allowing Greater Access to Safe and Effective Contraception Act</b></p> <p>This bill requires the Food and Drug Administration (FDA) to prioritize review of supplemental drug applications (applications to modify the approved use of a drug) for contraceptive drugs intended for routine use that would be available to individuals aged 18 and older without a prescription. The FDA must waive user fees for such supplemental drug applications. Any drug that is eligible for this priority review must be a prescription drug for individuals under age 18.</p> This bill repeals provisions of the Patient Protection and Affordable Care Act and the Health Care and Education Reconciliation Act of 2010 to allow health savings accounts and health flexible spending accounts (HFSAs) to be used to pay for medicine without a prescription and to remove the limit on salary reduction contributions to a HFSA under a cafeteria plan, effective as if the provisions had never been enacted.]]></text>
          <actionDesc>Introduced in House</actionDesc>
          <versionCode>00</versionCode>
          <name>Introduced in House</name>
        </item>
      </billSummaries>
    </summaries>
    <relatedBills>
      <item>
        <latestAction>
          <text>Read twice and referred to the Committee on Finance.</text>
          <actionDate>2017-01-10</actionDate>
        </latestAction>
        <type>S</type>
        <number>93</number>
        <latestTitle>Allowing Greater Access to Safe and Effective Contraception Act</latestTitle>
        <relationshipDetails>
          <item>
            <type>Identical bill</type>
            <identifiedBy>CRS</identifiedBy>
          </item>
        </relationshipDetails>
        <congress>115</congress>
      </item>
    </relatedBills>
    <createDate>2017-01-11T05:09:43Z</createDate>
    <latestAction>
      <links />
      <actionDate>2017-01-26</actionDate>
      <text>Referred to the Subcommittee on Health.</text>
    </latestAction>
    <sponsors>
      <item>
        <party>R</party>
        <state>UT</state>
        <bioguideId>L000584</bioguideId>
        <middleName>B.</middleName>
        <lastName>Love</lastName>
        <fullName>Rep. Love, Mia B. [R-UT-4]</fullName>
        <firstName>Mia</firstName>
        <district>4</district>
        <byRequestType />
        <identifiers>
          <lisID>2271</lisID>
          <gpoId />
          <bioguideId>L000584</bioguideId>
        </identifiers>
      </item>
    </sponsors>
    <billNumber>421</billNumber>
    <updateDate>2018-08-28T19:59:07Z</updateDate>
    <cboCostEstimates />
    <notes />
    <titles>
      <item>
        <title>Allowing Greater Access to Safe and Effective Contraception Act</title>
        <titleType>Short Titles as Introduced</titleType>
        <parentTitleType />
        <chamberCode />
        <chamberName />
      </item>
      <item>
        <title>To allow women greater access to safe and effective contraception.</title>
        <titleType>Official Title as Introduced</titleType>
        <parentTitleType />
        <chamberCode />
        <chamberName />
      </item>
      <item>
        <title>Allowing Greater Access to Safe and Effective Contraception Act</title>
        <titleType>Display Title</titleType>
        <parentTitleType />
        <chamberCode />
        <chamberName />
      </item>
      <item>
        <title>Allowing Greater Access to Safe and Effective Contraception Act</title>
        <titleType>(Extracted from GPO) Short Titles as Introduced</titleType>
        <parentTitleType />
        <chamberCode />
        <chamberName />
      </item>
    </titles>
    <introducedDate>2017-01-10</introducedDate>
    <subjects>
      <billSubjects>
        <policyArea>
          <name>Health</name>
        </policyArea>
        <legislativeSubjects>
          <item>
            <name>Drug safety, medical device, and laboratory regulation</name>
          </item>
          <item>
            <name>Employee benefits and pensions</name>
          </item>
          <item>
            <name>Family planning and birth control</name>
          </item>
          <item>
            <name>Health care costs and insurance</name>
          </item>
          <item>
            <name>Prescription drugs</name>
          </item>
          <item>
            <name>User charges and fees</name>
          </item>
        </legislativeSubjects>
      </billSubjects>
    </subjects>
    <billType>HR</billType>
    <originChamber>House</originChamber>
    <title>Allowing Greater Access to Safe and Effective Contraception Act</title>
    <cosponsors>
      <item>
        <district>10</district>
        <firstName>Barbara</firstName>
        <identifiers>
          <lisID>2273</lisID>
          <bioguideId>C001105</bioguideId>
          <gpoId />
        </identifiers>
        <isOriginalCosponsor>True</isOriginalCosponsor>
        <bioguideId>C001105</bioguideId>
        <state>VA</state>
        <fullName>Rep. Comstock, Barbara [R-VA-10]</fullName>
        <party>R</party>
        <lastName>Comstock</lastName>
        <sponsorshipDate>2017-01-10</sponsorshipDate>
        <middleName />
        <sponsorshipWithdrawnDate />
      </item>
      <item>
        <district>2</district>
        <firstName>Chris</firstName>
        <identifiers>
          <lisID>2168</lisID>
          <bioguideId>S001192</bioguideId>
          <gpoId />
        </identifiers>
        <isOriginalCosponsor>True</isOriginalCosponsor>
        <bioguideId>S001192</bioguideId>
        <state>UT</state>
        <fullName>Rep. Stewart, Chris [R-UT-2]</fullName>
        <party>R</party>
        <lastName>Stewart</lastName>
        <sponsorshipDate>2017-01-10</sponsorshipDate>
        <middleName />
        <sponsorshipWithdrawnDate />
      </item>
      <item>
        <district>6</district>
        <firstName>Mike</firstName>
        <identifiers>
          <lisID>1912</lisID>
          <bioguideId>C001077</bioguideId>
          <gpoId>7864</gpoId>
        </identifiers>
        <isOriginalCosponsor>True</isOriginalCosponsor>
        <bioguideId>C001077</bioguideId>
        <state>CO</state>
        <fullName>Rep. Coffman, Mike [R-CO-6]</fullName>
        <party>R</party>
        <lastName>Coffman</lastName>
        <sponsorshipDate>2017-01-10</sponsorshipDate>
        <middleName />
        <sponsorshipWithdrawnDate />
      </item>
      <item>
        <district>16</district>
        <firstName>Adam</firstName>
        <identifiers>
          <lisID>2014</lisID>
          <gpoId>7931</gpoId>
          <bioguideId>K000378</bioguideId>
        </identifiers>
        <isOriginalCosponsor>True</isOriginalCosponsor>
        <bioguideId>K000378</bioguideId>
        <state>IL</state>
        <fullName>Rep. Kinzinger, Adam [R-IL-16]</fullName>
        <party>R</party>
        <lastName>Kinzinger</lastName>
        <sponsorshipDate>2017-01-10</sponsorshipDate>
        <middleName />
        <sponsorshipWithdrawnDate />
      </item>
      <item>
        <district>3</district>
        <firstName>David</firstName>
        <identifiers>
          <gpoId />
          <lisID>2242</lisID>
          <bioguideId>Y000066</bioguideId>
        </identifiers>
        <isOriginalCosponsor>False</isOriginalCosponsor>
        <bioguideId>Y000066</bioguideId>
        <state>IA</state>
        <fullName>Rep. Young, David [R-IA-3]</fullName>
        <party>R</party>
        <lastName>Young</lastName>
        <sponsorshipDate>2017-02-06</sponsorshipDate>
        <middleName />
        <sponsorshipWithdrawnDate />
      </item>
      <item>
        <district>2</district>
        <firstName>Don</firstName>
        <identifiers>
          <lisID>2337</lisID>
          <bioguideId>B001298</bioguideId>
          <gpoId />
        </identifiers>
        <isOriginalCosponsor>False</isOriginalCosponsor>
        <bioguideId>B001298</bioguideId>
        <state>NE</state>
        <fullName>Rep. Bacon, Don [R-NE-2]</fullName>
        <party>R</party>
        <lastName>Bacon</lastName>
        <sponsorshipDate>2017-02-13</sponsorshipDate>
        <middleName />
        <sponsorshipWithdrawnDate />
      </item>
      <item>
        <district>1</district>
        <firstName>Doug</firstName>
        <identifiers>
          <lisID>2100</lisID>
          <bioguideId>L000578</bioguideId>
          <gpoId />
        </identifiers>
        <isOriginalCosponsor>False</isOriginalCosponsor>
        <bioguideId>L000578</bioguideId>
        <state>CA</state>
        <fullName>Rep. LaMalfa, Doug [R-CA-1]</fullName>
        <party>R</party>
        <lastName>LaMalfa</lastName>
        <sponsorshipDate>2017-02-27</sponsorshipDate>
        <middleName />
        <sponsorshipWithdrawnDate />
      </item>
      <item>
        <district>19</district>
        <firstName>John</firstName>
        <identifiers>
          <bioguideId>F000464</bioguideId>
          <lisID>2343</lisID>
          <gpoId />
        </identifiers>
        <isOriginalCosponsor>False</isOriginalCosponsor>
        <bioguideId>F000464</bioguideId>
        <state>NY</state>
        <fullName>Rep. Faso, John J. [R-NY-19]</fullName>
        <party>R</party>
        <lastName>Faso</lastName>
        <sponsorshipDate>2017-02-27</sponsorshipDate>
        <middleName>J.</middleName>
        <sponsorshipWithdrawnDate />
      </item>
      <item>
        <district>2</district>
        <firstName>Martha</firstName>
        <identifiers>
          <lisID>2225</lisID>
          <bioguideId>M001197</bioguideId>
          <gpoId />
        </identifiers>
        <isOriginalCosponsor>False</isOriginalCosponsor>
        <bioguideId>M001197</bioguideId>
        <state>AZ</state>
        <fullName>Rep. McSally, Martha [R-AZ-2]</fullName>
        <party>R</party>
        <lastName>McSally</lastName>
        <sponsorshipDate>2017-03-06</sponsorshipDate>
        <middleName />
        <sponsorshipWithdrawnDate />
      </item>
      <item>
        <district>5</district>
        <firstName>Thomas</firstName>
        <identifiers>
          <lisID>2353</lisID>
          <bioguideId>G000580</bioguideId>
          <gpoId />
        </identifiers>
        <isOriginalCosponsor>False</isOriginalCosponsor>
        <bioguideId>G000580</bioguideId>
        <state>VA</state>
        <fullName>Rep. Garrett, Thomas A., Jr. [R-VA-5]</fullName>
        <party>R</party>
        <lastName>Garrett</lastName>
        <sponsorshipDate>2017-03-21</sponsorshipDate>
        <middleName>A.</middleName>
        <sponsorshipWithdrawnDate />
      </item>
      <item>
        <district>3</district>
        <firstName>Jaime</firstName>
        <identifiers>
          <bioguideId>H001056</bioguideId>
          <lisID>2071</lisID>
          <gpoId>8207</gpoId>
        </identifiers>
        <isOriginalCosponsor>False</isOriginalCosponsor>
        <bioguideId>H001056</bioguideId>
        <state>WA</state>
        <fullName>Rep. Herrera Beutler, Jaime [R-WA-3]</fullName>
        <party>R</party>
        <lastName>Herrera Beutler</lastName>
        <sponsorshipDate>2017-04-03</sponsorshipDate>
        <middleName />
        <sponsorshipWithdrawnDate />
      </item>
      <item>
        <district>3</district>
        <firstName>Jason</firstName>
        <identifiers>
          <lisID>1956</lisID>
          <gpoId>8191</gpoId>
          <bioguideId>C001076</bioguideId>
        </identifiers>
        <isOriginalCosponsor>False</isOriginalCosponsor>
        <bioguideId>C001076</bioguideId>
        <state>UT</state>
        <fullName>Rep. Chaffetz, Jason [R-UT-3]</fullName>
        <party>R</party>
        <lastName>Chaffetz</lastName>
        <sponsorshipDate>2017-05-24</sponsorshipDate>
        <middleName />
        <sponsorshipWithdrawnDate />
      </item>
      <item>
        <district>21</district>
        <firstName>Elise</firstName>
        <identifiers>
          <bioguideId>S001196</bioguideId>
          <lisID>2263</lisID>
          <gpoId />
        </identifiers>
        <isOriginalCosponsor>False</isOriginalCosponsor>
        <bioguideId>S001196</bioguideId>
        <state>NY</state>
        <fullName>Rep. Stefanik, Elise M. [R-NY-21]</fullName>
        <party>R</party>
        <lastName>Stefanik</lastName>
        <sponsorshipDate>2017-11-14</sponsorshipDate>
        <middleName>M.</middleName>
        <sponsorshipWithdrawnDate />
      </item>
      <item>
        <district>3</district>
        <firstName>John</firstName>
        <identifiers>
          <lisID>2363</lisID>
          <gpoId />
          <bioguideId>C001114</bioguideId>
        </identifiers>
        <isOriginalCosponsor>False</isOriginalCosponsor>
        <bioguideId>C001114</bioguideId>
        <state>UT</state>
        <fullName>Rep. Curtis, John R. [R-UT-3]</fullName>
        <party>R</party>
        <lastName>Curtis</lastName>
        <sponsorshipDate>2018-01-08</sponsorshipDate>
        <middleName>R.</middleName>
        <sponsorshipWithdrawnDate />
      </item>
      <item>
        <district>49</district>
        <firstName>DARRELL</firstName>
        <identifiers>
          <gpoId>7854</gpoId>
          <lisID>1640</lisID>
          <bioguideId>I000056</bioguideId>
        </identifiers>
        <isOriginalCosponsor>False</isOriginalCosponsor>
        <bioguideId>I000056</bioguideId>
        <state>CA</state>
        <fullName>Rep. Issa, Darrell E. [R-CA-49]</fullName>
        <party>R</party>
        <lastName>ISSA</lastName>
        <sponsorshipDate>2018-04-25</sponsorshipDate>
        <middleName>E.</middleName>
        <sponsorshipWithdrawnDate />
      </item>
    </cosponsors>
    <recordedVotes />
    <policyArea>
      <name>Health</name>
    </policyArea>
    <committees>
      <billCommittees>
        <item>
          <chamber>House</chamber>
          <systemCode>hswm00</systemCode>
          <subcommittees>
            <item>
              <systemCode>hswm02</systemCode>
              <name>Health Subcommittee</name>
              <activities>
                <item>
                  <name>Referred to</name>
                  <date>2017-01-26T22:02:35Z</date>
                </item>
              </activities>
            </item>
          </subcommittees>
          <type>Standing</type>
          <name>Ways and Means Committee</name>
          <activities>
            <item>
              <name>Referred to</name>
              <date>2017-01-10T15:03:25Z</date>
            </item>
          </activities>
        </item>
        <item>
          <chamber>House</chamber>
          <systemCode>hsif00</systemCode>
          <subcommittees>
            <item>
              <systemCode>hsif14</systemCode>
              <name>Health Subcommittee</name>
              <activities>
                <item>
                  <name>Referred to</name>
                  <date>2017-01-25T14:31:55Z</date>
                </item>
              </activities>
            </item>
          </subcommittees>
          <type>Standing</type>
          <name>Energy and Commerce Committee</name>
          <activities>
            <item>
              <name>Referred to</name>
              <date>2017-01-10T15:03:30Z</date>
            </item>
          </activities>
        </item>
      </billCommittees>
    </committees>
    <actions>
      <actionByCounts>
        <houseOfRepresentatives>7</houseOfRepresentatives>
      </actionByCounts>
      <item>
        <actionDate>2017-01-26</actionDate>
        <committee>
          <systemCode>hswm02</systemCode>
          <name>Health Subcommittee</name>
        </committee>
        <links />
        <sourceSystem>
          <code>1</code>
          <name>House committee actions</name>
        </sourceSystem>
        <text>Referred to the Subcommittee on Health.</text>
        <type>Committee</type>
      </item>
      <item>
        <actionDate>2017-01-25</actionDate>
        <committee>
          <systemCode>hsif14</systemCode>
          <name>Health Subcommittee</name>
        </committee>
        <links />
        <sourceSystem>
          <code>1</code>
          <name>House committee actions</name>
        </sourceSystem>
        <text>Referred to the Subcommittee on Health.</text>
        <type>Committee</type>
      </item>
      <item>
        <committee>
          <systemCode>hsif00</systemCode>
          <name>Energy and Commerce Committee</name>
        </committee>
        <links />
        <type>IntroReferral</type>
        <text>Referred to the Committee on Ways and Means, and in addition to the Committee on Energy and Commerce, for a period to be subsequently determined by the Speaker, in each case for consideration of such provisions as fall within the jurisdiction of the committee concerned.</text>
        <actionDate>2017-01-10</actionDate>
        <actionCode>H11100</actionCode>
        <sourceSystem>
          <code>2</code>
          <name>House floor actions</name>
        </sourceSystem>
      </item>
      <item>
        <committee />
        <links />
        <type>IntroReferral</type>
        <text>Referred to the Committee on Ways and Means, and in addition to the Committee on Energy and Commerce, for a period to be subsequently determined by the Speaker, in each case for consideration of such provisions as fall within the jurisdiction of the committee concerned.</text>
        <actionDate>2017-01-10</actionDate>
        <actionCode>H11100-A</actionCode>
        <sourceSystem>
          <code>9</code>
          <name>Library of Congress</name>
        </sourceSystem>
      </item>
      <item>
        <committee>
          <systemCode>hswm00</systemCode>
          <name>Ways and Means Committee</name>
        </committee>
        <links />
        <type>IntroReferral</type>
        <text>Referred to the Committee on Ways and Means, and in addition to the Committee on Energy and Commerce, for a period to be subsequently determined by the Speaker, in each case for consideration of such provisions as fall within the jurisdiction of the committee concerned.</text>
        <actionDate>2017-01-10</actionDate>
        <actionCode>H11100</actionCode>
        <sourceSystem>
          <code>2</code>
          <name>House floor actions</name>
        </sourceSystem>
      </item>
      <item>
        <committee />
        <links />
        <type>IntroReferral</type>
        <text>Introduced in House</text>
        <actionDate>2017-01-10</actionDate>
        <actionCode>Intro-H</actionCode>
        <sourceSystem>
          <code>9</code>
          <name>Library of Congress</name>
        </sourceSystem>
      </item>
      <item>
        <committee />
        <links />
        <type>IntroReferral</type>
        <text>Introduced in House</text>
        <actionDate>2017-01-10</actionDate>
        <actionCode>1000</actionCode>
        <sourceSystem>
          <code>9</code>
          <name>Library of Congress</name>
        </sourceSystem>
      </item>
      <actionTypeCounts>
        <placeholderTextForH>2</placeholderTextForH>
        <introducedInHouse>1</introducedInHouse>
        <billReferrals>2</billReferrals>
        <introducedInTheHouse>1</introducedInTheHouse>
        <billReferralsAggregate>1</billReferralsAggregate>
      </actionTypeCounts>
    </actions>
    <version>1.0.0</version>
    <congress>115</congress>
  </bill>
  <dublinCore xmlns:dc="http://purl.org/dc/elements/1.1/">
    <dc:format>text/xml</dc:format>
    <dc:language>EN</dc:language>
    <dc:rights>Pursuant to Title 17 Section 105 of the United States Code, this file is not subject to copyright protection and is in the public domain.</dc:rights>
    <dc:contributor>Congressional Research Service, Library of Congress</dc:contributor>
    <dc:description>This file contains bill summaries and statuses for federal legislation. A bill summary describes the most significant provisions of a piece of legislation and details the effects the legislative text may have on current law and federal programs. Bill summaries are authored by the Congressional Research Service (CRS) of the Library of Congress. As stated in Public Law 91-510 (2 USC 166 (d)(6)), one of the duties of CRS is "to prepare summaries and digests of bills and resolutions of a public general nature introduced in the Senate or House of Representatives". For more information, refer to the User Guide that accompanies this file.</dc:description>
  </dublinCore>
</billStatus>

