<?xml version="1.0" encoding="UTF-8"?>
<billStatus>
  <bill>
    <recordedVotes />
    <latestAction>
      <text>Referred to the House Committee on Energy and Commerce.</text>
      <actionDate>2017-01-03</actionDate>
      <links />
    </latestAction>
    <summaries>
      <billSummaries>
        <item>
          <text><![CDATA[<p><b>Health and Human Services Hiree Clarification Act</b></p> <p>This bill amends the Public Health Service Act to state that provisions authorizing the appointment of special consultants or authorizing individual scientists to receive fellowships do not authorize the designation, appointment, or employment of any special consultant, fellow, or other employee by an agency outside of the Department of Health and Human Services. </p>]]></text>
          <updateDate>2017-01-03T05:00:00Z</updateDate>
          <actionDate>2017-01-03</actionDate>
          <versionCode>00</versionCode>
          <actionDesc>Introduced in House</actionDesc>
          <lastSummaryUpdateDate>2017-01-17T22:23:25Z</lastSummaryUpdateDate>
          <name>Introduced in House</name>
        </item>
      </billSummaries>
    </summaries>
    <sponsors>
      <item>
        <party>R</party>
        <identifiers>
          <gpoId>8182</gpoId>
          <lisID>1751</lisID>
          <bioguideId>B001248</bioguideId>
        </identifiers>
        <bioguideId>B001248</bioguideId>
        <lastName>Burgess</lastName>
        <fullName>Rep. Burgess, Michael C. [R-TX-26]</fullName>
        <district>26</district>
        <middleName>C.</middleName>
        <state>TX</state>
        <byRequestType />
        <firstName>Michael</firstName>
      </item>
    </sponsors>
    <laws />
    <originChamber>House</originChamber>
    <cboCostEstimates />
    <notes />
    <title>Health and Human Services Hiree Clarification Act</title>
    <relatedBills />
    <congress>115</congress>
    <titles>
      <item>
        <titleType>Short Titles as Introduced</titleType>
        <chamberName />
        <chamberCode />
        <parentTitleType />
        <title>Health and Human Services Hiree Clarification Act</title>
      </item>
      <item>
        <titleType>Official Title as Introduced</titleType>
        <chamberName />
        <chamberCode />
        <parentTitleType />
        <title>To make clear that an agency outside of the Department of Health and Human Services may not designate, appoint, or employ special consultants, fellows, or other employees under subsection (f) or (g) of section 207 of the Public Health Service Act.</title>
      </item>
      <item>
        <titleType>Display Title</titleType>
        <chamberName />
        <chamberCode />
        <parentTitleType />
        <title>Health and Human Services Hiree Clarification Act</title>
      </item>
    </titles>
    <introducedDate>2017-01-03</introducedDate>
    <committeeReports />
    <billType>HR</billType>
    <policyArea>
      <name>Health</name>
    </policyArea>
    <amendments />
    <committees>
      <billCommittees>
        <item>
          <name>Energy and Commerce Committee</name>
          <systemCode>hsif00</systemCode>
          <activities>
            <item>
              <name>Referred to</name>
              <date>2017-01-03T17:13:00Z</date>
            </item>
          </activities>
          <subcommittees />
          <chamber>House</chamber>
          <type>Standing</type>
        </item>
      </billCommittees>
    </committees>
    <actions>
      <actionByCounts>
        <houseOfRepresentatives>3</houseOfRepresentatives>
      </actionByCounts>
      <item>
        <text>Referred to the House Committee on Energy and Commerce.</text>
        <links />
        <sourceSystem>
          <code>2</code>
          <name>House floor actions</name>
        </sourceSystem>
        <actionCode>H11100</actionCode>
        <type>IntroReferral</type>
        <actionDate>2017-01-03</actionDate>
        <committee>
          <systemCode>hsif00</systemCode>
          <name>Energy and Commerce Committee</name>
        </committee>
      </item>
      <item>
        <text>Introduced in House</text>
        <links />
        <sourceSystem>
          <code>9</code>
          <name>Library of Congress</name>
        </sourceSystem>
        <actionCode>Intro-H</actionCode>
        <type>IntroReferral</type>
        <actionDate>2017-01-03</actionDate>
        <committee />
      </item>
      <item>
        <text>Introduced in House</text>
        <links />
        <sourceSystem>
          <code>9</code>
          <name>Library of Congress</name>
        </sourceSystem>
        <actionCode>1000</actionCode>
        <type>IntroReferral</type>
        <actionDate>2017-01-03</actionDate>
        <committee />
      </item>
      <actionTypeCounts>
        <introducedInHouse>1</introducedInHouse>
        <billReferrals>1</billReferrals>
        <introducedInTheHouse>1</introducedInTheHouse>
      </actionTypeCounts>
    </actions>
    <calendarNumbers />
    <updateDate>2017-01-17T22:31:14Z</updateDate>
    <billNumber>118</billNumber>
    <cosponsors />
    <createDate>2017-01-04T07:01:11Z</createDate>
    <subjects>
      <billSubjects>
        <policyArea>
          <name>Health</name>
        </policyArea>
        <legislativeSubjects>
          <item>
            <name>Department of Health and Human Services</name>
          </item>
          <item>
            <name>Government employee pay, benefits, personnel management</name>
          </item>
          <item>
            <name>Health personnel</name>
          </item>
          <item>
            <name>Public contracts and procurement</name>
          </item>
        </legislativeSubjects>
      </billSubjects>
    </subjects>
    <constitutionalAuthorityStatementText />
  </bill>
  <dublinCore xmlns:dc="http://purl.org/dc/elements/1.1/">
    <dc:format>text/xml</dc:format>
    <dc:language>EN</dc:language>
    <dc:rights>Pursuant to Title 17 Section 105 of the United States Code, this file is not subject to copyright protection and is in the public domain.</dc:rights>
    <dc:contributor>Congressional Research Service, Library of Congress</dc:contributor>
    <dc:description>This file contains bill summaries and statuses for federal legislation. A bill summary describes the most significant provisions of a piece of legislation and details the effects the legislative text may have on current law and federal programs. Bill summaries are authored by the Congressional Research Service (CRS) of the Library of Congress. As stated in Public Law 91-510 (2 USC 166 (d)(6)), one of the duties of CRS is "to prepare summaries and digests of bills and resolutions of a public general nature introduced in the Senate or House of Representatives". For more information, refer to the User Guide that accompanies this file.</dc:description>
  </dublinCore>
</billStatus>

