<?xml version="1.0" encoding="UTF-8"?>
<billStatus>
  <bill>
    <introducedDate>2017-01-10</introducedDate>
    <committeeReports />
    <laws />
    <createDate>2017-01-11T05:09:43Z</createDate>
    <actions>
      <actionByCounts>
        <houseOfRepresentatives>3</houseOfRepresentatives>
      </actionByCounts>
      <item>
        <committee>
          <systemCode>hsii00</systemCode>
          <name>Natural Resources Committee</name>
        </committee>
        <actionCode>H11100</actionCode>
        <type>IntroReferral</type>
        <text>Referred to the House Committee on Natural Resources.</text>
        <actionDate>2017-01-10</actionDate>
        <sourceSystem>
          <name>House floor actions</name>
          <code>2</code>
        </sourceSystem>
        <links />
      </item>
      <item>
        <committee />
        <actionCode>Intro-H</actionCode>
        <type>IntroReferral</type>
        <text>Introduced in House</text>
        <actionDate>2017-01-10</actionDate>
        <sourceSystem>
          <name>Library of Congress</name>
          <code>9</code>
        </sourceSystem>
        <links />
      </item>
      <item>
        <committee />
        <actionCode>1000</actionCode>
        <type>IntroReferral</type>
        <text>Introduced in House</text>
        <actionDate>2017-01-10</actionDate>
        <sourceSystem>
          <name>Library of Congress</name>
          <code>9</code>
        </sourceSystem>
        <links />
      </item>
      <actionTypeCounts>
        <billReferrals>1</billReferrals>
        <introducedInHouse>1</introducedInHouse>
        <introducedInTheHouse>1</introducedInTheHouse>
      </actionTypeCounts>
    </actions>
    <recordedVotes />
    <relatedBills />
    <cosponsors />
    <billNumber>401</billNumber>
    <amendments />
    <subjects>
      <billSubjects>
        <legislativeSubjects />
      </billSubjects>
    </subjects>
    <sponsors>
      <item>
        <party>R</party>
        <state>WY</state>
        <middleName />
        <bioguideId>C001109</bioguideId>
        <lastName>Cheney</lastName>
        <firstName>Liz</firstName>
        <identifiers>
          <gpoId />
          <bioguideId>C001109</bioguideId>
          <lisID>2356</lisID>
        </identifiers>
        <fullName>Rep. Cheney, Liz [R-WY-At Large]</fullName>
        <district>0</district>
        <byRequestType />
      </item>
    </sponsors>
    <summaries>
      <billSummaries />
    </summaries>
    <constitutionalAuthorityStatementText />
    <billType>HR</billType>
    <title>To designate the mountain at the Devils Tower National Monument, Wyoming, as Devils Tower, and for other purposes.</title>
    <policyArea />
    <congress>115</congress>
    <latestAction>
      <text>Referred to the House Committee on Natural Resources.</text>
      <actionDate>2017-01-10</actionDate>
      <links />
    </latestAction>
    <cboCostEstimates />
    <originChamber>House</originChamber>
    <notes />
    <committees>
      <billCommittees>
        <item>
          <systemCode>hsii00</systemCode>
          <subcommittees />
          <type>Standing</type>
          <chamber>House</chamber>
          <name>Natural Resources Committee</name>
          <activities>
            <item>
              <name>Referred to</name>
              <date>2017-01-10T15:04:20Z</date>
            </item>
          </activities>
        </item>
      </billCommittees>
    </committees>
    <calendarNumbers />
    <updateDate>2017-01-11T10:17:53Z</updateDate>
    <titles>
      <item>
        <titleType>Official Title as Introduced</titleType>
        <chamberName />
        <title>To designate the mountain at the Devils Tower National Monument, Wyoming, as Devils Tower, and for other purposes.</title>
        <chamberCode />
        <parentTitleType />
      </item>
      <item>
        <titleType>Display Title</titleType>
        <chamberName />
        <title>To designate the mountain at the Devils Tower National Monument, Wyoming, as Devils Tower, and for other purposes.</title>
        <chamberCode />
        <parentTitleType />
      </item>
    </titles>
  </bill>
  <dublinCore xmlns:dc="http://purl.org/dc/elements/1.1/">
    <dc:format>text/xml</dc:format>
    <dc:language>EN</dc:language>
    <dc:rights>Pursuant to Title 17 Section 105 of the United States Code, this file is not subject to copyright protection and is in the public domain.</dc:rights>
    <dc:contributor>Congressional Research Service, Library of Congress</dc:contributor>
    <dc:description>This file contains bill summaries and statuses for federal legislation. A bill summary describes the most significant provisions of a piece of legislation and details the effects the legislative text may have on current law and federal programs. Bill summaries are authored by the Congressional Research Service (CRS) of the Library of Congress. As stated in Public Law 91-510 (2 USC 166 (d)(6)), one of the duties of CRS is "to prepare summaries and digests of bills and resolutions of a public general nature introduced in the Senate or House of Representatives". For more information, refer to the User Guide that accompanies this file.</dc:description>
  </dublinCore>
</billStatus>

