<?xml version="1.0" encoding="UTF-8"?>
<billStatus>
  <bill>
    <notes />
    <title>Honoring Our Fallen TSA Officers Act</title>
    <committees>
      <billCommittees>
        <item>
          <chamber>House</chamber>
          <systemCode>hsju00</systemCode>
          <subcommittees>
            <item>
              <systemCode>hsju08</systemCode>
              <name>Crime, Terrorism, Homeland Security, and Investigations Subcommittee</name>
              <activities>
                <item>
                  <name>Referred to</name>
                  <date>2017-01-23T16:26:11Z</date>
                </item>
              </activities>
            </item>
          </subcommittees>
          <type>Standing</type>
          <name>Judiciary Committee</name>
          <activities>
            <item>
              <name>Referred to</name>
              <date>2017-01-03T17:26:15Z</date>
            </item>
          </activities>
        </item>
      </billCommittees>
    </committees>
    <committeeReports />
    <cboCostEstimates />
    <congress>115</congress>
    <laws />
    <updateDate>2018-08-28T19:57:54Z</updateDate>
    <relatedBills />
    <version>1.0.0</version>
    <actions>
      <item>
        <actionDate>2017-01-23</actionDate>
        <committee>
          <systemCode>hsju08</systemCode>
          <name>Crime, Terrorism, Homeland Security, and Investigations Subcommittee</name>
        </committee>
        <links />
        <sourceSystem>
          <code>1</code>
          <name>House committee actions</name>
        </sourceSystem>
        <text>Referred to the Subcommittee on Crime, Terrorism, Homeland Security, and Investigations.</text>
        <type>Committee</type>
      </item>
      <item>
        <text>Referred to the House Committee on the Judiciary.</text>
        <links />
        <type>IntroReferral</type>
        <sourceSystem>
          <code>2</code>
          <name>House floor actions</name>
        </sourceSystem>
        <committee>
          <systemCode>hsju00</systemCode>
          <name>Judiciary Committee</name>
        </committee>
        <actionDate>2017-01-03</actionDate>
        <actionCode>H11100</actionCode>
      </item>
      <item>
        <text>Introduced in House</text>
        <links />
        <type>IntroReferral</type>
        <sourceSystem>
          <code>9</code>
          <name>Library of Congress</name>
        </sourceSystem>
        <committee />
        <actionDate>2017-01-03</actionDate>
        <actionCode>Intro-H</actionCode>
      </item>
      <item>
        <text>Introduced in House</text>
        <links />
        <type>IntroReferral</type>
        <sourceSystem>
          <code>9</code>
          <name>Library of Congress</name>
        </sourceSystem>
        <committee />
        <actionDate>2017-01-03</actionDate>
        <actionCode>1000</actionCode>
      </item>
      <actionTypeCounts>
        <billReferrals>1</billReferrals>
        <introducedInTheHouse>1</introducedInTheHouse>
        <introducedInHouse>1</introducedInHouse>
        <placeholderTextForH>1</placeholderTextForH>
      </actionTypeCounts>
      <actionByCounts>
        <houseOfRepresentatives>4</houseOfRepresentatives>
      </actionByCounts>
    </actions>
    <sponsors>
      <item>
        <fullName>Rep. Brownley, Julia [D-CA-26]</fullName>
        <identifiers>
          <bioguideId>B001285</bioguideId>
          <lisID>2106</lisID>
          <gpoId />
        </identifiers>
        <bioguideId>B001285</bioguideId>
        <lastName>Brownley</lastName>
        <firstName>Julia</firstName>
        <party>D</party>
        <byRequestType />
        <middleName />
        <state>CA</state>
        <district>26</district>
      </item>
    </sponsors>
    <billType>HR</billType>
    <constitutionalAuthorityStatementText><![CDATA[<pre>[Congressional Record Volume 163, Number 1 (Tuesday, January 3, 2017)]From the Congressional Record Online through the Government Publishing Office [<a href='http://www.gpo.gov'>www.gpo.gov</a>]By Ms. BROWNLEY of California:H.R. 99.Congress has the power to enact this legislation pursuantto the following:Article I, Section 8[Page H49]</pre>]]></constitutionalAuthorityStatementText>
    <policyArea>
      <name>Transportation and Public Works</name>
    </policyArea>
    <recordedVotes />
    <billNumber>99</billNumber>
    <titles>
      <item>
        <title>Honoring Our Fallen TSA Officers Act</title>
        <titleType>Short Titles as Introduced</titleType>
        <parentTitleType />
        <chamberCode />
        <chamberName />
      </item>
      <item>
        <title>To amend the Omnibus Crime Control and Safe Streets Act of 1968 to provide for the eligibility of Transportation Security Administration employees to receive public safety officers' death benefits, and for other purposes.</title>
        <titleType>Official Title as Introduced</titleType>
        <parentTitleType />
        <chamberCode />
        <chamberName />
      </item>
      <item>
        <title>Honoring Our Fallen TSA Officers Act</title>
        <titleType>Display Title</titleType>
        <parentTitleType />
        <chamberCode />
        <chamberName />
      </item>
      <item>
        <title>Honoring Our Fallen TSA Officers Act</title>
        <titleType>(Extracted from GPO) Short Titles as Introduced</titleType>
        <parentTitleType />
        <chamberCode />
        <chamberName />
      </item>
    </titles>
    <originChamber>House</originChamber>
    <subjects>
      <billSubjects>
        <policyArea>
          <name>Transportation and Public Works</name>
        </policyArea>
        <legislativeSubjects>
          <item>
            <name>Department of Homeland Security</name>
          </item>
          <item>
            <name>Government employee pay, benefits, personnel management</name>
          </item>
          <item>
            <name>Law enforcement officers</name>
          </item>
          <item>
            <name>Transportation safety and security</name>
          </item>
        </legislativeSubjects>
      </billSubjects>
    </subjects>
    <cosponsors>
      <item>
        <fullName>Rep. Thompson, Bennie G. [D-MS-2]</fullName>
        <sponsorshipDate>2017-01-05</sponsorshipDate>
        <lastName>THOMPSON</lastName>
        <state>MS</state>
        <party>D</party>
        <bioguideId>T000193</bioguideId>
        <identifiers>
          <bioguideId>T000193</bioguideId>
          <lisID>1151</lisID>
          <gpoId>8020</gpoId>
        </identifiers>
        <isOriginalCosponsor>False</isOriginalCosponsor>
        <firstName>BENNIE</firstName>
        <sponsorshipWithdrawnDate />
        <middleName />
        <district>2</district>
      </item>
      <item>
        <fullName>Rep. Lipinski, Daniel [D-IL-3]</fullName>
        <sponsorshipDate>2017-01-05</sponsorshipDate>
        <lastName>Lipinski</lastName>
        <state>IL</state>
        <party>D</party>
        <bioguideId>L000563</bioguideId>
        <identifiers>
          <gpoId>7923</gpoId>
          <lisID>1781</lisID>
          <bioguideId>L000563</bioguideId>
        </identifiers>
        <isOriginalCosponsor>False</isOriginalCosponsor>
        <firstName>Daniel</firstName>
        <sponsorshipWithdrawnDate />
        <middleName>William</middleName>
        <district>3</district>
      </item>
      <item>
        <fullName>Rep. Soto, Darren [D-FL-9]</fullName>
        <sponsorshipDate>2017-01-09</sponsorshipDate>
        <lastName>Soto</lastName>
        <state>FL</state>
        <party>D</party>
        <bioguideId>S001200</bioguideId>
        <identifiers>
          <lisID>2319</lisID>
          <bioguideId>S001200</bioguideId>
          <gpoId />
        </identifiers>
        <isOriginalCosponsor>False</isOriginalCosponsor>
        <firstName>Darren</firstName>
        <sponsorshipWithdrawnDate />
        <middleName />
        <district>9</district>
      </item>
      <item>
        <fullName>Rep. Lowenthal, Alan S. [D-CA-47]</fullName>
        <sponsorshipDate>2017-01-23</sponsorshipDate>
        <lastName>Lowenthal</lastName>
        <state>CA</state>
        <party>D</party>
        <bioguideId>L000579</bioguideId>
        <identifiers>
          <lisID>2111</lisID>
          <gpoId />
          <bioguideId>L000579</bioguideId>
        </identifiers>
        <isOriginalCosponsor>False</isOriginalCosponsor>
        <firstName>Alan</firstName>
        <sponsorshipWithdrawnDate />
        <middleName>S.</middleName>
        <district>47</district>
      </item>
      <item>
        <fullName>Rep. Lowey, Nita M. [D-NY-17]</fullName>
        <sponsorshipDate>2017-01-30</sponsorshipDate>
        <lastName>LOWEY</lastName>
        <state>NY</state>
        <party>D</party>
        <bioguideId>L000480</bioguideId>
        <identifiers>
          <lisID>709</lisID>
          <bioguideId>L000480</bioguideId>
          <gpoId>8079</gpoId>
        </identifiers>
        <isOriginalCosponsor>False</isOriginalCosponsor>
        <firstName>NITA</firstName>
        <sponsorshipWithdrawnDate />
        <middleName>M.</middleName>
        <district>17</district>
      </item>
      <item>
        <fullName>Rep. Norton, Eleanor Holmes [D-DC-At Large]</fullName>
        <sponsorshipDate>2017-02-07</sponsorshipDate>
        <lastName>NORTON</lastName>
        <state>DC</state>
        <party>D</party>
        <bioguideId>N000147</bioguideId>
        <identifiers>
          <lisID>868</lisID>
          <bioguideId>N000147</bioguideId>
          <gpoId>7871</gpoId>
        </identifiers>
        <isOriginalCosponsor>False</isOriginalCosponsor>
        <firstName>ELEANOR</firstName>
        <sponsorshipWithdrawnDate />
        <middleName>HOLMES</middleName>
        <district>0</district>
      </item>
      <item>
        <fullName>Rep. Bordallo, Madeleine Z. [D-GU-At Large]</fullName>
        <sponsorshipDate>2017-02-07</sponsorshipDate>
        <lastName>Bordallo</lastName>
        <state>GU</state>
        <party>D</party>
        <bioguideId>B001245</bioguideId>
        <identifiers>
          <lisID>1723</lisID>
          <bioguideId>B001245</bioguideId>
          <gpoId>7911</gpoId>
        </identifiers>
        <isOriginalCosponsor>False</isOriginalCosponsor>
        <firstName>Madeleine</firstName>
        <sponsorshipWithdrawnDate />
        <middleName>Z.</middleName>
        <district>0</district>
      </item>
      <item>
        <fullName>Rep. Nolan, Richard M. [D-MN-8]</fullName>
        <sponsorshipDate>2017-02-07</sponsorshipDate>
        <lastName>NOLAN</lastName>
        <state>MN</state>
        <party>D</party>
        <bioguideId>N000127</bioguideId>
        <identifiers>
          <lisID>867</lisID>
          <gpoId />
          <bioguideId>N000127</bioguideId>
        </identifiers>
        <isOriginalCosponsor>False</isOriginalCosponsor>
        <firstName>RICHARD</firstName>
        <sponsorshipWithdrawnDate />
        <middleName />
        <district>8</district>
      </item>
      <item>
        <fullName>Rep. Keating, William R. [D-MA-9]</fullName>
        <sponsorshipDate>2017-02-14</sponsorshipDate>
        <lastName>Keating</lastName>
        <state>MA</state>
        <party>D</party>
        <bioguideId>K000375</bioguideId>
        <identifiers>
          <bioguideId>K000375</bioguideId>
          <lisID>2025</lisID>
          <gpoId>7975</gpoId>
        </identifiers>
        <isOriginalCosponsor>False</isOriginalCosponsor>
        <firstName>William</firstName>
        <sponsorshipWithdrawnDate />
        <middleName>R.</middleName>
        <district>9</district>
      </item>
      <item>
        <fullName>Rep. Ryan, Tim [D-OH-13]</fullName>
        <sponsorshipDate>2017-02-14</sponsorshipDate>
        <lastName>RYAN</lastName>
        <state>OH</state>
        <party>D</party>
        <bioguideId>R000577</bioguideId>
        <identifiers>
          <lisID>1756</lisID>
          <bioguideId>R000577</bioguideId>
          <gpoId>8107</gpoId>
        </identifiers>
        <isOriginalCosponsor>False</isOriginalCosponsor>
        <firstName>TIM</firstName>
        <sponsorshipWithdrawnDate />
        <middleName />
        <district>13</district>
      </item>
      <item>
        <fullName>Rep. Moore, Gwen [D-WI-4]</fullName>
        <sponsorshipDate>2017-02-14</sponsorshipDate>
        <lastName>Moore</lastName>
        <state>WI</state>
        <party>D</party>
        <bioguideId>M001160</bioguideId>
        <identifiers>
          <lisID>1811</lisID>
          <bioguideId>M001160</bioguideId>
          <gpoId>8217</gpoId>
        </identifiers>
        <isOriginalCosponsor>False</isOriginalCosponsor>
        <firstName>Gwen</firstName>
        <sponsorshipWithdrawnDate />
        <middleName />
        <district>4</district>
      </item>
      <item>
        <fullName>Rep. Clarke, Yvette D. [D-NY-9]</fullName>
        <sponsorshipDate>2017-02-14</sponsorshipDate>
        <lastName>Clarke</lastName>
        <state>NY</state>
        <party>D</party>
        <bioguideId>C001067</bioguideId>
        <identifiers>
          <bioguideId>C001067</bioguideId>
          <lisID>1864</lisID>
          <gpoId>8072</gpoId>
        </identifiers>
        <isOriginalCosponsor>False</isOriginalCosponsor>
        <firstName>Yvette</firstName>
        <sponsorshipWithdrawnDate />
        <middleName>D.</middleName>
        <district>9</district>
      </item>
      <item>
        <fullName>Rep. Perlmutter, Ed [D-CO-7]</fullName>
        <sponsorshipDate>2017-02-14</sponsorshipDate>
        <lastName>Perlmutter</lastName>
        <state>CO</state>
        <party>D</party>
        <bioguideId>P000593</bioguideId>
        <identifiers>
          <lisID>1835</lisID>
          <gpoId>7865</gpoId>
          <bioguideId>P000593</bioguideId>
        </identifiers>
        <isOriginalCosponsor>False</isOriginalCosponsor>
        <firstName>Ed</firstName>
        <sponsorshipWithdrawnDate />
        <middleName />
        <district>7</district>
      </item>
      <item>
        <fullName>Rep. Pingree, Chellie [D-ME-1]</fullName>
        <sponsorshipDate>2017-02-27</sponsorshipDate>
        <lastName>Pingree</lastName>
        <state>ME</state>
        <party>D</party>
        <bioguideId>P000597</bioguideId>
        <identifiers>
          <lisID>1927</lisID>
          <bioguideId>P000597</bioguideId>
          <gpoId>7984</gpoId>
        </identifiers>
        <isOriginalCosponsor>False</isOriginalCosponsor>
        <firstName>Chellie</firstName>
        <sponsorshipWithdrawnDate />
        <middleName />
        <district>1</district>
      </item>
      <item>
        <fullName>Rep. Capuano, Michael E. [D-MA-7]</fullName>
        <sponsorshipDate>2017-03-13</sponsorshipDate>
        <lastName>CAPUANO</lastName>
        <state>MA</state>
        <party>D</party>
        <bioguideId>C001037</bioguideId>
        <identifiers>
          <lisID>1564</lisID>
          <bioguideId>C001037</bioguideId>
          <gpoId>7973</gpoId>
        </identifiers>
        <isOriginalCosponsor>False</isOriginalCosponsor>
        <firstName>MICHAEL</firstName>
        <sponsorshipWithdrawnDate />
        <middleName>E.</middleName>
        <district>7</district>
      </item>
      <item>
        <fullName>Rep. Jackson Lee, Sheila [D-TX-18]</fullName>
        <sponsorshipDate>2017-05-16</sponsorshipDate>
        <lastName>JACKSON LEE</lastName>
        <state>TX</state>
        <party>D</party>
        <bioguideId>J000032</bioguideId>
        <identifiers>
          <lisID>588</lisID>
          <bioguideId>J000032</bioguideId>
          <gpoId>8174</gpoId>
        </identifiers>
        <isOriginalCosponsor>False</isOriginalCosponsor>
        <firstName>SHEILA</firstName>
        <sponsorshipWithdrawnDate />
        <middleName />
        <district>18</district>
      </item>
      <item>
        <fullName>Rep. Murphy, Stephanie N. [D-FL-7]</fullName>
        <sponsorshipDate>2018-02-14</sponsorshipDate>
        <lastName>Murphy</lastName>
        <state>FL</state>
        <party>D</party>
        <bioguideId>M001202</bioguideId>
        <identifiers>
          <lisID>2318</lisID>
          <bioguideId>M001202</bioguideId>
          <gpoId />
        </identifiers>
        <isOriginalCosponsor>False</isOriginalCosponsor>
        <firstName>Stephanie</firstName>
        <sponsorshipWithdrawnDate />
        <middleName>N.</middleName>
        <district>7</district>
      </item>
      <item>
        <fullName>Rep. Matsui, Doris O. [D-CA-6]</fullName>
        <sponsorshipDate>2018-02-16</sponsorshipDate>
        <lastName>Matsui</lastName>
        <state>CA</state>
        <party>D</party>
        <bioguideId>M001163</bioguideId>
        <identifiers>
          <lisID>1814</lisID>
          <bioguideId>M001163</bioguideId>
          <gpoId>7810</gpoId>
        </identifiers>
        <isOriginalCosponsor>False</isOriginalCosponsor>
        <firstName>Doris</firstName>
        <sponsorshipWithdrawnDate />
        <middleName>O.</middleName>
        <district>6</district>
      </item>
      <item>
        <fullName>Rep. Khanna, Ro [D-CA-17]</fullName>
        <sponsorshipDate>2018-02-16</sponsorshipDate>
        <lastName>Khanna</lastName>
        <state>CA</state>
        <party>D</party>
        <bioguideId>K000389</bioguideId>
        <identifiers>
          <lisID>2308</lisID>
          <bioguideId>K000389</bioguideId>
          <gpoId />
        </identifiers>
        <isOriginalCosponsor>False</isOriginalCosponsor>
        <firstName>Ro</firstName>
        <sponsorshipWithdrawnDate />
        <middleName />
        <district>17</district>
      </item>
      <item>
        <fullName>Rep. Brooks, Mo [R-AL-5]</fullName>
        <sponsorshipDate>2018-03-01</sponsorshipDate>
        <lastName>Brooks</lastName>
        <state>AL</state>
        <party>R</party>
        <bioguideId>B001274</bioguideId>
        <identifiers>
          <lisID>1987</lisID>
          <bioguideId>B001274</bioguideId>
          <gpoId>7790</gpoId>
        </identifiers>
        <isOriginalCosponsor>False</isOriginalCosponsor>
        <firstName>Mo</firstName>
        <sponsorshipWithdrawnDate />
        <middleName />
        <district>5</district>
      </item>
      <item>
        <fullName>Rep. Shea-Porter, Carol [D-NH-1]</fullName>
        <sponsorshipDate>2018-03-01</sponsorshipDate>
        <lastName>Shea-Porter</lastName>
        <state>NH</state>
        <party>D</party>
        <bioguideId>S001170</bioguideId>
        <identifiers>
          <bioguideId>S001170</bioguideId>
          <gpoId>7528</gpoId>
          <lisID>1861</lisID>
        </identifiers>
        <isOriginalCosponsor>False</isOriginalCosponsor>
        <firstName>Carol</firstName>
        <sponsorshipWithdrawnDate />
        <middleName />
        <district>1</district>
      </item>
      <item>
        <fullName>Rep. Lofgren, Zoe [D-CA-19]</fullName>
        <sponsorshipDate>2018-03-01</sponsorshipDate>
        <lastName>LOFGREN</lastName>
        <state>CA</state>
        <party>D</party>
        <bioguideId>L000397</bioguideId>
        <identifiers>
          <bioguideId>L000397</bioguideId>
          <gpoId>7821</gpoId>
          <lisID>701</lisID>
        </identifiers>
        <isOriginalCosponsor>False</isOriginalCosponsor>
        <firstName>ZOE</firstName>
        <sponsorshipWithdrawnDate />
        <middleName />
        <district>19</district>
      </item>
      <item>
        <fullName>Rep. Napolitano, Grace F. [D-CA-32]</fullName>
        <sponsorshipDate>2018-04-24</sponsorshipDate>
        <lastName>NAPOLITANO</lastName>
        <state>CA</state>
        <party>D</party>
        <bioguideId>N000179</bioguideId>
        <identifiers>
          <lisID>1602</lisID>
          <gpoId>7843</gpoId>
          <bioguideId>N000179</bioguideId>
        </identifiers>
        <isOriginalCosponsor>False</isOriginalCosponsor>
        <firstName>GRACE</firstName>
        <sponsorshipWithdrawnDate />
        <middleName>F.</middleName>
        <district>32</district>
      </item>
      <item>
        <fullName>Rep. Beatty, Joyce [D-OH-3]</fullName>
        <sponsorshipDate>2018-05-17</sponsorshipDate>
        <lastName>Beatty</lastName>
        <state>OH</state>
        <party>D</party>
        <bioguideId>B001281</bioguideId>
        <identifiers>
          <bioguideId>B001281</bioguideId>
          <lisID>2153</lisID>
          <gpoId />
        </identifiers>
        <isOriginalCosponsor>False</isOriginalCosponsor>
        <firstName>Joyce</firstName>
        <sponsorshipWithdrawnDate />
        <middleName />
        <district>3</district>
      </item>
      <item>
        <fullName>Rep. Aguilar, Pete [D-CA-31]</fullName>
        <sponsorshipDate>2018-05-18</sponsorshipDate>
        <lastName>Aguilar</lastName>
        <state>CA</state>
        <party>D</party>
        <bioguideId>A000371</bioguideId>
        <identifiers>
          <lisID>2229</lisID>
          <bioguideId>A000371</bioguideId>
          <gpoId />
        </identifiers>
        <isOriginalCosponsor>False</isOriginalCosponsor>
        <firstName>Pete</firstName>
        <sponsorshipWithdrawnDate />
        <middleName />
        <district>31</district>
      </item>
      <item>
        <fullName>Rep. Gallego, Ruben [D-AZ-7]</fullName>
        <sponsorshipDate>2018-06-01</sponsorshipDate>
        <lastName>Gallego</lastName>
        <state>AZ</state>
        <party>D</party>
        <bioguideId>G000574</bioguideId>
        <identifiers>
          <bioguideId>G000574</bioguideId>
          <lisID>2226</lisID>
          <gpoId />
        </identifiers>
        <isOriginalCosponsor>False</isOriginalCosponsor>
        <firstName>Ruben</firstName>
        <sponsorshipWithdrawnDate />
        <middleName />
        <district>7</district>
      </item>
      <item>
        <fullName>Rep. Carbajal, Salud O. [D-CA-24]</fullName>
        <sponsorshipDate>2018-06-01</sponsorshipDate>
        <lastName>Carbajal</lastName>
        <state>CA</state>
        <party>D</party>
        <bioguideId>C001112</bioguideId>
        <identifiers>
          <lisID>2310</lisID>
          <bioguideId>C001112</bioguideId>
          <gpoId />
        </identifiers>
        <isOriginalCosponsor>False</isOriginalCosponsor>
        <firstName>Salud</firstName>
        <sponsorshipWithdrawnDate />
        <middleName>O.</middleName>
        <district>24</district>
      </item>
      <item>
        <fullName>Rep. Brady, Robert A. [D-PA-1]</fullName>
        <sponsorshipDate>2018-06-01</sponsorshipDate>
        <lastName>BRADY</lastName>
        <state>PA</state>
        <party>D</party>
        <bioguideId>B001227</bioguideId>
        <identifiers>
          <lisID>1469</lisID>
          <gpoId>8119</gpoId>
          <bioguideId>B001227</bioguideId>
        </identifiers>
        <isOriginalCosponsor>False</isOriginalCosponsor>
        <firstName>ROBERT</firstName>
        <sponsorshipWithdrawnDate />
        <middleName>A.</middleName>
        <district>1</district>
      </item>
      <item>
        <fullName>Rep. Titus, Dina [D-NV-1]</fullName>
        <sponsorshipDate>2018-06-07</sponsorshipDate>
        <lastName>Titus</lastName>
        <state>NV</state>
        <party>D</party>
        <bioguideId>T000468</bioguideId>
        <identifiers>
          <gpoId>7493</gpoId>
          <lisID>1940</lisID>
          <bioguideId>T000468</bioguideId>
        </identifiers>
        <isOriginalCosponsor>False</isOriginalCosponsor>
        <firstName>Dina</firstName>
        <sponsorshipWithdrawnDate />
        <middleName />
        <district>1</district>
      </item>
      <item>
        <fullName>Rep. Grijalva, Raul M. [D-AZ-3]</fullName>
        <sponsorshipDate>2018-06-13</sponsorshipDate>
        <lastName>Grijalva</lastName>
        <state>AZ</state>
        <party>D</party>
        <bioguideId>G000551</bioguideId>
        <identifiers>
          <bioguideId>G000551</bioguideId>
          <lisID>1708</lisID>
          <gpoId>7804</gpoId>
        </identifiers>
        <isOriginalCosponsor>False</isOriginalCosponsor>
        <firstName>Raul</firstName>
        <sponsorshipWithdrawnDate />
        <middleName>M.</middleName>
        <district>3</district>
      </item>
      <item>
        <fullName>Rep. Hastings, Alcee L. [D-FL-20]</fullName>
        <sponsorshipDate>2018-06-14</sponsorshipDate>
        <lastName>HASTINGS</lastName>
        <state>FL</state>
        <party>D</party>
        <bioguideId>H000324</bioguideId>
        <identifiers>
          <lisID>511</lisID>
          <gpoId>7895</gpoId>
          <bioguideId>H000324</bioguideId>
        </identifiers>
        <isOriginalCosponsor>False</isOriginalCosponsor>
        <firstName>ALCEE</firstName>
        <sponsorshipWithdrawnDate />
        <middleName>L.</middleName>
        <district>20</district>
      </item>
      <item>
        <fullName>Rep. McEachin, A. Donald [D-VA-4]</fullName>
        <sponsorshipDate>2018-06-15</sponsorshipDate>
        <lastName>McEachin</lastName>
        <state>VA</state>
        <party>D</party>
        <bioguideId>M001200</bioguideId>
        <identifiers>
          <lisID>2352</lisID>
          <bioguideId>M001200</bioguideId>
          <gpoId />
        </identifiers>
        <isOriginalCosponsor>False</isOriginalCosponsor>
        <firstName>A.</firstName>
        <sponsorshipWithdrawnDate />
        <middleName>Donald</middleName>
        <district>4</district>
      </item>
      <item>
        <fullName>Rep. Wasserman Schultz, Debbie [D-FL-23]</fullName>
        <sponsorshipDate>2018-06-19</sponsorshipDate>
        <lastName>Wasserman Schultz</lastName>
        <state>FL</state>
        <party>D</party>
        <bioguideId>W000797</bioguideId>
        <identifiers>
          <bioguideId>W000797</bioguideId>
          <gpoId>7892</gpoId>
          <lisID>1777</lisID>
        </identifiers>
        <isOriginalCosponsor>False</isOriginalCosponsor>
        <firstName>Debbie</firstName>
        <sponsorshipWithdrawnDate />
        <middleName />
        <district>23</district>
      </item>
      <item>
        <fullName>Rep. Bonamici, Suzanne [D-OR-1]</fullName>
        <sponsorshipDate>2018-06-25</sponsorshipDate>
        <lastName>Bonamici</lastName>
        <state>OR</state>
        <party>D</party>
        <bioguideId>B001278</bioguideId>
        <identifiers>
          <lisID>2092</lisID>
          <gpoId>8367</gpoId>
          <bioguideId>B001278</bioguideId>
        </identifiers>
        <isOriginalCosponsor>False</isOriginalCosponsor>
        <firstName>Suzanne</firstName>
        <sponsorshipWithdrawnDate />
        <middleName />
        <district>1</district>
      </item>
      <item>
        <fullName>Rep. Blumenauer, Earl [D-OR-3]</fullName>
        <sponsorshipDate>2018-06-25</sponsorshipDate>
        <lastName>BLUMENAUER</lastName>
        <state>OR</state>
        <party>D</party>
        <bioguideId>B000574</bioguideId>
        <identifiers>
          <bioguideId>B000574</bioguideId>
          <lisID>99</lisID>
          <gpoId>8116</gpoId>
        </identifiers>
        <isOriginalCosponsor>False</isOriginalCosponsor>
        <firstName>EARL</firstName>
        <sponsorshipWithdrawnDate />
        <middleName />
        <district>3</district>
      </item>
      <item>
        <fullName>Rep. Gosar, Paul A. [R-AZ-4]</fullName>
        <sponsorshipDate>2018-07-24</sponsorshipDate>
        <lastName>Gosar</lastName>
        <state>AZ</state>
        <party>R</party>
        <bioguideId>G000565</bioguideId>
        <identifiers>
          <lisID>1992</lisID>
          <gpoId>7798</gpoId>
          <bioguideId>G000565</bioguideId>
        </identifiers>
        <isOriginalCosponsor>False</isOriginalCosponsor>
        <firstName>Paul</firstName>
        <sponsorshipWithdrawnDate />
        <middleName>A.</middleName>
        <district>4</district>
      </item>
      <item>
        <fullName>Rep. McNerney, Jerry [D-CA-9]</fullName>
        <sponsorshipDate>2018-07-27</sponsorshipDate>
        <lastName>McNerney</lastName>
        <state>CA</state>
        <party>D</party>
        <bioguideId>M001166</bioguideId>
        <identifiers>
          <lisID>1832</lisID>
          <gpoId>7816</gpoId>
          <bioguideId>M001166</bioguideId>
        </identifiers>
        <isOriginalCosponsor>False</isOriginalCosponsor>
        <firstName>Jerry</firstName>
        <sponsorshipWithdrawnDate />
        <middleName />
        <district>9</district>
      </item>
      <item>
        <fullName>Rep. Kilmer, Derek [D-WA-6]</fullName>
        <sponsorshipDate>2018-07-31</sponsorshipDate>
        <lastName>Kilmer</lastName>
        <state>WA</state>
        <party>D</party>
        <bioguideId>K000381</bioguideId>
        <identifiers>
          <lisID>2169</lisID>
          <bioguideId>K000381</bioguideId>
          <gpoId />
        </identifiers>
        <isOriginalCosponsor>False</isOriginalCosponsor>
        <firstName>Derek</firstName>
        <sponsorshipWithdrawnDate />
        <middleName />
        <district>6</district>
      </item>
      <item>
        <fullName>Rep. Bustos, Cheri [D-IL-17]</fullName>
        <sponsorshipDate>2018-08-24</sponsorshipDate>
        <lastName>Bustos</lastName>
        <state>IL</state>
        <party>D</party>
        <bioguideId>B001286</bioguideId>
        <identifiers>
          <bioguideId>B001286</bioguideId>
          <lisID>2127</lisID>
          <gpoId />
        </identifiers>
        <isOriginalCosponsor>False</isOriginalCosponsor>
        <firstName>Cheri</firstName>
        <sponsorshipWithdrawnDate />
        <middleName />
        <district>17</district>
      </item>
    </cosponsors>
    <introducedDate>2017-01-03</introducedDate>
    <calendarNumbers />
    <latestAction>
      <actionDate>2017-01-23</actionDate>
      <links />
      <text>Referred to the Subcommittee on Crime, Terrorism, Homeland Security, and Investigations.</text>
    </latestAction>
    <amendments />
    <summaries>
      <billSummaries>
        <item>
          <lastSummaryUpdateDate>2017-01-10T22:29:19Z</lastSummaryUpdateDate>
          <actionDate>2017-01-03</actionDate>
          <text><![CDATA[<p><b>Honoring Our Fallen TSA Officers Act</b></p> <p>This bill amends the Omnibus Crime Control and Safe Streets Act of 1968 to extend public safety officers' death benefits to Transportation Security Administration employees who are responsible for protecting the nation's transportation systems.</p>]]></text>
          <updateDate>2017-01-03T05:00:00Z</updateDate>
          <name>Introduced in House</name>
          <versionCode>00</versionCode>
          <actionDesc>Introduced in House</actionDesc>
        </item>
      </billSummaries>
    </summaries>
    <createDate>2017-01-04T07:01:10Z</createDate>
  </bill>
  <dublinCore xmlns:dc="http://purl.org/dc/elements/1.1/">
    <dc:format>text/xml</dc:format>
    <dc:language>EN</dc:language>
    <dc:rights>Pursuant to Title 17 Section 105 of the United States Code, this file is not subject to copyright protection and is in the public domain.</dc:rights>
    <dc:contributor>Congressional Research Service, Library of Congress</dc:contributor>
    <dc:description>This file contains bill summaries and statuses for federal legislation. A bill summary describes the most significant provisions of a piece of legislation and details the effects the legislative text may have on current law and federal programs. Bill summaries are authored by the Congressional Research Service (CRS) of the Library of Congress. As stated in Public Law 91-510 (2 USC 166 (d)(6)), one of the duties of CRS is "to prepare summaries and digests of bills and resolutions of a public general nature introduced in the Senate or House of Representatives". For more information, refer to the User Guide that accompanies this file.</dc:description>
  </dublinCore>
</billStatus>

