<?xml version="1.0" encoding="UTF-8"?>
<billStatus>
  <bill>
    <subjects>
      <billSubjects>
        <policyArea>
          <name>Environmental Protection</name>
        </policyArea>
        <legislativeSubjects>
          <item>
            <name>Administrative law and regulatory procedures</name>
          </item>
          <item>
            <name>Air quality</name>
          </item>
          <item>
            <name>Environmental Protection Agency (EPA)</name>
          </item>
          <item>
            <name>Environmental regulatory procedures</name>
          </item>
          <item>
            <name>Motor vehicles</name>
          </item>
          <item>
            <name>Professional sports</name>
          </item>
        </legislativeSubjects>
      </billSubjects>
    </subjects>
    <recordedVotes />
    <congress>115</congress>
    <updateDate>2017-01-23T17:31:18Z</updateDate>
    <policyArea>
      <name>Environmental Protection</name>
    </policyArea>
    <notes />
    <constitutionalAuthorityStatementText><![CDATA[<pre>From the Congressional Record Online through the Government Publishing Office [<a href='http://www.gpo.gov'>www.gpo.gov</a>]By Mr. McHENRY:H.R. 350.Congress has the power to enact this legislation pursuantto the following:Article I, Section 8, Clause 3: ``To regulate Commerce withforeign nations, and among the several states, and with theIndian Tribes.''Because the federal government has extended Article I,Section 8, Clause 3 beyond its intended boundaries, itfollows that efforts to rein in excessive federal governmentencroachment in this area can be justified by Article I,Section 8, Clause 3.[Page H195]</pre>]]></constitutionalAuthorityStatementText>
    <laws />
    <latestAction>
      <links />
      <text>Referred to the House Committee on Energy and Commerce.</text>
      <actionDate>2017-01-06</actionDate>
    </latestAction>
    <introducedDate>2017-01-06</introducedDate>
    <title>RPM Act of 2017</title>
    <relatedBills />
    <createDate>2017-01-07T04:48:26Z</createDate>
    <amendments />
    <sponsors>
      <item>
        <lastName>McHenry</lastName>
        <state>NC</state>
        <middleName />
        <byRequestType />
        <bioguideId>M001156</bioguideId>
        <firstName>Patrick</firstName>
        <party>R</party>
        <identifiers>
          <lisID>1792</lisID>
          <gpoId>8033</gpoId>
          <bioguideId>M001156</bioguideId>
        </identifiers>
        <fullName>Rep. McHenry, Patrick T. [R-NC-10]</fullName>
        <district>10</district>
      </item>
    </sponsors>
    <cosponsors>
      <item>
        <lastName>Abraham</lastName>
        <isOriginalCosponsor>True</isOriginalCosponsor>
        <sponsorshipWithdrawnDate />
        <sponsorshipDate>2017-01-06</sponsorshipDate>
        <bioguideId>A000374</bioguideId>
        <party>R</party>
        <identifiers>
          <gpoId />
          <bioguideId>A000374</bioguideId>
          <lisID>2244</lisID>
        </identifiers>
        <fullName>Rep. Abraham, Ralph Lee [R-LA-5]</fullName>
        <district>5</district>
        <state>LA</state>
        <middleName>Lee</middleName>
        <firstName>Ralph</firstName>
      </item>
      <item>
        <lastName>Bost</lastName>
        <isOriginalCosponsor>True</isOriginalCosponsor>
        <sponsorshipWithdrawnDate />
        <sponsorshipDate>2017-01-06</sponsorshipDate>
        <bioguideId>B001295</bioguideId>
        <party>R</party>
        <identifiers>
          <lisID>2243</lisID>
          <bioguideId>B001295</bioguideId>
          <gpoId />
        </identifiers>
        <fullName>Rep. Bost, Mike [R-IL-12]</fullName>
        <district>12</district>
        <state>IL</state>
        <middleName />
        <firstName>Mike</firstName>
      </item>
      <item>
        <lastName>Bucshon</lastName>
        <isOriginalCosponsor>True</isOriginalCosponsor>
        <sponsorshipWithdrawnDate />
        <sponsorshipDate>2017-01-06</sponsorshipDate>
        <bioguideId>B001275</bioguideId>
        <party>R</party>
        <identifiers>
          <lisID>2018</lisID>
          <bioguideId>B001275</bioguideId>
          <gpoId>7947</gpoId>
        </identifiers>
        <fullName>Rep. Bucshon, Larry [R-IN-8]</fullName>
        <district>8</district>
        <state>IN</state>
        <middleName />
        <firstName>Larry</firstName>
      </item>
      <item>
        <lastName>Burgess</lastName>
        <isOriginalCosponsor>True</isOriginalCosponsor>
        <sponsorshipWithdrawnDate />
        <sponsorshipDate>2017-01-06</sponsorshipDate>
        <bioguideId>B001248</bioguideId>
        <party>R</party>
        <identifiers>
          <lisID>1751</lisID>
          <bioguideId>B001248</bioguideId>
          <gpoId>8182</gpoId>
        </identifiers>
        <fullName>Rep. Burgess, Michael C. [R-TX-26]</fullName>
        <district>26</district>
        <state>TX</state>
        <middleName>C.</middleName>
        <firstName>Michael</firstName>
      </item>
      <item>
        <lastName>Carter</lastName>
        <isOriginalCosponsor>True</isOriginalCosponsor>
        <sponsorshipWithdrawnDate />
        <sponsorshipDate>2017-01-06</sponsorshipDate>
        <bioguideId>C001103</bioguideId>
        <party>R</party>
        <identifiers>
          <gpoId />
          <bioguideId>C001103</bioguideId>
          <lisID>2236</lisID>
        </identifiers>
        <fullName>Rep. Carter, Earl L. "Buddy" [R-GA-1]</fullName>
        <district>1</district>
        <state>GA</state>
        <middleName>L. "Buddy"</middleName>
        <firstName>Earl</firstName>
      </item>
      <item>
        <lastName>Cramer</lastName>
        <isOriginalCosponsor>True</isOriginalCosponsor>
        <sponsorshipWithdrawnDate />
        <sponsorshipDate>2017-01-06</sponsorshipDate>
        <bioguideId>C001096</bioguideId>
        <party>R</party>
        <identifiers>
          <lisID>2144</lisID>
          <bioguideId>C001096</bioguideId>
          <gpoId />
        </identifiers>
        <fullName>Rep. Cramer, Kevin [R-ND-At Large]</fullName>
        <district>0</district>
        <state>ND</state>
        <middleName />
        <firstName>Kevin</firstName>
      </item>
      <item>
        <lastName>Foxx</lastName>
        <isOriginalCosponsor>True</isOriginalCosponsor>
        <sponsorshipWithdrawnDate />
        <sponsorshipDate>2017-01-06</sponsorshipDate>
        <bioguideId>F000450</bioguideId>
        <party>R</party>
        <identifiers>
          <lisID>1791</lisID>
          <gpoId>8028</gpoId>
          <bioguideId>F000450</bioguideId>
        </identifiers>
        <fullName>Rep. Foxx, Virginia [R-NC-5]</fullName>
        <district>5</district>
        <state>NC</state>
        <middleName />
        <firstName>Virginia</firstName>
      </item>
      <item>
        <lastName>Gosar</lastName>
        <isOriginalCosponsor>True</isOriginalCosponsor>
        <sponsorshipWithdrawnDate />
        <sponsorshipDate>2017-01-06</sponsorshipDate>
        <bioguideId>G000565</bioguideId>
        <party>R</party>
        <identifiers>
          <bioguideId>G000565</bioguideId>
          <gpoId>7798</gpoId>
          <lisID>1992</lisID>
        </identifiers>
        <fullName>Rep. Gosar, Paul A. [R-AZ-4]</fullName>
        <district>4</district>
        <state>AZ</state>
        <middleName>A.</middleName>
        <firstName>Paul</firstName>
      </item>
      <item>
        <lastName>Griffith</lastName>
        <isOriginalCosponsor>True</isOriginalCosponsor>
        <sponsorshipWithdrawnDate />
        <sponsorshipDate>2017-01-06</sponsorshipDate>
        <bioguideId>G000568</bioguideId>
        <party>R</party>
        <identifiers>
          <lisID>2070</lisID>
          <bioguideId>G000568</bioguideId>
          <gpoId>8200</gpoId>
        </identifiers>
        <fullName>Rep. Griffith, H. Morgan [R-VA-9]</fullName>
        <district>9</district>
        <state>VA</state>
        <middleName>Morgan</middleName>
        <firstName>H.</firstName>
      </item>
      <item>
        <lastName>Grothman</lastName>
        <isOriginalCosponsor>True</isOriginalCosponsor>
        <sponsorshipWithdrawnDate />
        <sponsorshipDate>2017-01-06</sponsorshipDate>
        <bioguideId>G000576</bioguideId>
        <party>R</party>
        <identifiers>
          <lisID>2276</lisID>
          <gpoId />
          <bioguideId>G000576</bioguideId>
        </identifiers>
        <fullName>Rep. Grothman, Glenn [R-WI-6]</fullName>
        <district>6</district>
        <state>WI</state>
        <middleName />
        <firstName>Glenn</firstName>
      </item>
      <item>
        <lastName>Hudson</lastName>
        <isOriginalCosponsor>True</isOriginalCosponsor>
        <sponsorshipWithdrawnDate />
        <sponsorshipDate>2017-01-06</sponsorshipDate>
        <bioguideId>H001067</bioguideId>
        <party>R</party>
        <identifiers>
          <gpoId />
          <lisID>2140</lisID>
          <bioguideId>H001067</bioguideId>
        </identifiers>
        <fullName>Rep. Hudson, Richard [R-NC-8]</fullName>
        <district>8</district>
        <state>NC</state>
        <middleName />
        <firstName>Richard</firstName>
      </item>
      <item>
        <lastName>Huizenga</lastName>
        <isOriginalCosponsor>True</isOriginalCosponsor>
        <sponsorshipWithdrawnDate />
        <sponsorshipDate>2017-01-06</sponsorshipDate>
        <bioguideId>H001058</bioguideId>
        <party>R</party>
        <identifiers>
          <gpoId>7987</gpoId>
          <lisID>2028</lisID>
          <bioguideId>H001058</bioguideId>
        </identifiers>
        <fullName>Rep. Huizenga, Bill [R-MI-2]</fullName>
        <district>2</district>
        <state>MI</state>
        <middleName />
        <firstName>Bill</firstName>
      </item>
      <item>
        <lastName>JONES</lastName>
        <isOriginalCosponsor>True</isOriginalCosponsor>
        <sponsorshipWithdrawnDate />
        <sponsorshipDate>2017-01-06</sponsorshipDate>
        <bioguideId>J000255</bioguideId>
        <party>R</party>
        <identifiers>
          <lisID>612</lisID>
          <bioguideId>J000255</bioguideId>
          <gpoId>8026</gpoId>
        </identifiers>
        <fullName>Rep. Jones, Walter B., Jr. [R-NC-3]</fullName>
        <district>3</district>
        <state>NC</state>
        <middleName>B.</middleName>
        <firstName>WALTER</firstName>
      </item>
      <item>
        <lastName>LaMalfa</lastName>
        <isOriginalCosponsor>True</isOriginalCosponsor>
        <sponsorshipWithdrawnDate />
        <sponsorshipDate>2017-01-06</sponsorshipDate>
        <bioguideId>L000578</bioguideId>
        <party>R</party>
        <identifiers>
          <bioguideId>L000578</bioguideId>
          <gpoId />
          <lisID>2100</lisID>
        </identifiers>
        <fullName>Rep. LaMalfa, Doug [R-CA-1]</fullName>
        <district>1</district>
        <state>CA</state>
        <middleName />
        <firstName>Doug</firstName>
      </item>
      <item>
        <lastName>Loudermilk</lastName>
        <isOriginalCosponsor>True</isOriginalCosponsor>
        <sponsorshipWithdrawnDate />
        <sponsorshipDate>2017-01-06</sponsorshipDate>
        <bioguideId>L000583</bioguideId>
        <party>R</party>
        <identifiers>
          <lisID>2238</lisID>
          <bioguideId>L000583</bioguideId>
          <gpoId />
        </identifiers>
        <fullName>Rep. Loudermilk, Barry [R-GA-11]</fullName>
        <district>11</district>
        <state>GA</state>
        <middleName />
        <firstName>Barry</firstName>
      </item>
      <item>
        <lastName>Moolenaar</lastName>
        <isOriginalCosponsor>True</isOriginalCosponsor>
        <sponsorshipWithdrawnDate />
        <sponsorshipDate>2017-01-06</sponsorshipDate>
        <bioguideId>M001194</bioguideId>
        <party>R</party>
        <identifiers>
          <gpoId />
          <lisID>2248</lisID>
          <bioguideId>M001194</bioguideId>
        </identifiers>
        <fullName>Rep. Moolenaar, John R. [R-MI-4]</fullName>
        <district>4</district>
        <state>MI</state>
        <middleName>R.</middleName>
        <firstName>John</firstName>
      </item>
      <item>
        <lastName>Mullin</lastName>
        <isOriginalCosponsor>True</isOriginalCosponsor>
        <sponsorshipWithdrawnDate />
        <sponsorshipDate>2017-01-06</sponsorshipDate>
        <bioguideId>M001190</bioguideId>
        <party>R</party>
        <identifiers>
          <lisID>2156</lisID>
          <bioguideId>M001190</bioguideId>
          <gpoId />
        </identifiers>
        <fullName>Rep. Mullin, Markwayne [R-OK-2]</fullName>
        <district>2</district>
        <state>OK</state>
        <middleName />
        <firstName>Markwayne</firstName>
      </item>
      <item>
        <lastName>Pittenger</lastName>
        <isOriginalCosponsor>True</isOriginalCosponsor>
        <sponsorshipWithdrawnDate />
        <sponsorshipDate>2017-01-06</sponsorshipDate>
        <bioguideId>P000606</bioguideId>
        <party>R</party>
        <identifiers>
          <gpoId />
          <lisID>2141</lisID>
          <bioguideId>P000606</bioguideId>
        </identifiers>
        <fullName>Rep. Pittenger, Robert [R-NC-9]</fullName>
        <district>9</district>
        <state>NC</state>
        <middleName />
        <firstName>Robert</firstName>
      </item>
      <item>
        <lastName>Posey</lastName>
        <isOriginalCosponsor>True</isOriginalCosponsor>
        <sponsorshipWithdrawnDate />
        <sponsorshipDate>2017-01-06</sponsorshipDate>
        <bioguideId>P000599</bioguideId>
        <party>R</party>
        <identifiers>
          <lisID>1915</lisID>
          <bioguideId>P000599</bioguideId>
          <gpoId>7887</gpoId>
        </identifiers>
        <fullName>Rep. Posey, Bill [R-FL-8]</fullName>
        <district>8</district>
        <state>FL</state>
        <middleName />
        <firstName>Bill</firstName>
      </item>
      <item>
        <lastName>Roe</lastName>
        <isOriginalCosponsor>True</isOriginalCosponsor>
        <sponsorshipWithdrawnDate />
        <sponsorshipDate>2017-01-06</sponsorshipDate>
        <bioguideId>R000582</bioguideId>
        <party>R</party>
        <identifiers>
          <gpoId>8148</gpoId>
          <lisID>1954</lisID>
          <bioguideId>R000582</bioguideId>
        </identifiers>
        <fullName>Rep. Roe, David P. [R-TN-1]</fullName>
        <district>1</district>
        <state>TN</state>
        <middleName>P.</middleName>
        <firstName>David</firstName>
      </item>
      <item>
        <lastName>Rogers</lastName>
        <isOriginalCosponsor>True</isOriginalCosponsor>
        <sponsorshipWithdrawnDate />
        <sponsorshipDate>2017-01-06</sponsorshipDate>
        <bioguideId>R000575</bioguideId>
        <party>R</party>
        <identifiers>
          <gpoId>7788</gpoId>
          <lisID>1704</lisID>
          <bioguideId>R000575</bioguideId>
        </identifiers>
        <fullName>Rep. Rogers, Mike D. [R-AL-3]</fullName>
        <district>3</district>
        <state>AL</state>
        <middleName />
        <firstName>Mike</firstName>
      </item>
      <item>
        <lastName>Rokita</lastName>
        <isOriginalCosponsor>True</isOriginalCosponsor>
        <sponsorshipWithdrawnDate />
        <sponsorshipDate>2017-01-06</sponsorshipDate>
        <bioguideId>R000592</bioguideId>
        <party>R</party>
        <identifiers>
          <lisID>2017</lisID>
          <gpoId>7943</gpoId>
          <bioguideId>R000592</bioguideId>
        </identifiers>
        <fullName>Rep. Rokita, Todd [R-IN-4]</fullName>
        <district>4</district>
        <state>IN</state>
        <middleName />
        <firstName>Todd</firstName>
      </item>
      <item>
        <lastName>RYAN</lastName>
        <isOriginalCosponsor>True</isOriginalCosponsor>
        <sponsorshipWithdrawnDate />
        <sponsorshipDate>2017-01-06</sponsorshipDate>
        <bioguideId>R000577</bioguideId>
        <party>D</party>
        <identifiers>
          <gpoId>8107</gpoId>
          <lisID>1756</lisID>
          <bioguideId>R000577</bioguideId>
        </identifiers>
        <fullName>Rep. Ryan, Tim [D-OH-13]</fullName>
        <district>13</district>
        <state>OH</state>
        <middleName />
        <firstName>TIM</firstName>
      </item>
      <item>
        <lastName>Walberg</lastName>
        <isOriginalCosponsor>True</isOriginalCosponsor>
        <sponsorshipWithdrawnDate />
        <sponsorshipDate>2017-01-06</sponsorshipDate>
        <bioguideId>W000798</bioguideId>
        <party>R</party>
        <identifiers>
          <lisID>1855</lisID>
          <bioguideId>W000798</bioguideId>
          <gpoId>7992</gpoId>
        </identifiers>
        <fullName>Rep. Walberg, Tim [R-MI-7]</fullName>
        <district>7</district>
        <state>MI</state>
        <middleName />
        <firstName>Tim</firstName>
      </item>
      <item>
        <lastName>Walorski</lastName>
        <isOriginalCosponsor>True</isOriginalCosponsor>
        <sponsorshipWithdrawnDate />
        <sponsorshipDate>2017-01-06</sponsorshipDate>
        <bioguideId>W000813</bioguideId>
        <party>R</party>
        <identifiers>
          <lisID>2128</lisID>
          <bioguideId>W000813</bioguideId>
          <gpoId />
        </identifiers>
        <fullName>Rep. Walorski, Jackie [R-IN-2]</fullName>
        <district>2</district>
        <state>IN</state>
        <middleName />
        <firstName>Jackie</firstName>
      </item>
      <item>
        <lastName>Walters</lastName>
        <isOriginalCosponsor>True</isOriginalCosponsor>
        <sponsorshipWithdrawnDate />
        <sponsorshipDate>2017-01-06</sponsorshipDate>
        <bioguideId>W000820</bioguideId>
        <party>R</party>
        <identifiers>
          <gpoId />
          <lisID>2232</lisID>
          <bioguideId>W000820</bioguideId>
        </identifiers>
        <fullName>Rep. Walters, Mimi [R-CA-45]</fullName>
        <district>45</district>
        <state>CA</state>
        <middleName />
        <firstName>Mimi</firstName>
      </item>
      <item>
        <lastName>Westerman</lastName>
        <isOriginalCosponsor>True</isOriginalCosponsor>
        <sponsorshipWithdrawnDate />
        <sponsorshipDate>2017-01-06</sponsorshipDate>
        <bioguideId>W000821</bioguideId>
        <party>R</party>
        <identifiers>
          <gpoId />
          <lisID>2224</lisID>
          <bioguideId>W000821</bioguideId>
        </identifiers>
        <fullName>Rep. Westerman, Bruce [R-AR-4]</fullName>
        <district>4</district>
        <state>AR</state>
        <middleName />
        <firstName>Bruce</firstName>
      </item>
      <item>
        <lastName>McClintock</lastName>
        <isOriginalCosponsor>True</isOriginalCosponsor>
        <sponsorshipWithdrawnDate />
        <sponsorshipDate>2017-01-06</sponsorshipDate>
        <bioguideId>M001177</bioguideId>
        <party>R</party>
        <identifiers>
          <lisID>1908</lisID>
          <bioguideId>M001177</bioguideId>
          <gpoId>7809</gpoId>
        </identifiers>
        <fullName>Rep. McClintock, Tom [R-CA-4]</fullName>
        <district>4</district>
        <state>CA</state>
        <middleName />
        <firstName>Tom</firstName>
      </item>
      <item>
        <lastName>Zeldin</lastName>
        <isOriginalCosponsor>True</isOriginalCosponsor>
        <sponsorshipWithdrawnDate />
        <sponsorshipDate>2017-01-06</sponsorshipDate>
        <bioguideId>Z000017</bioguideId>
        <party>R</party>
        <identifiers>
          <lisID>2261</lisID>
          <bioguideId>Z000017</bioguideId>
          <gpoId />
        </identifiers>
        <fullName>Rep. Zeldin, Lee M. [R-NY-1]</fullName>
        <district>1</district>
        <state>NY</state>
        <middleName>M.</middleName>
        <firstName>Lee</firstName>
      </item>
      <item>
        <lastName>NOLAN</lastName>
        <isOriginalCosponsor>True</isOriginalCosponsor>
        <sponsorshipWithdrawnDate />
        <sponsorshipDate>2017-01-06</sponsorshipDate>
        <bioguideId>N000127</bioguideId>
        <party>D</party>
        <identifiers>
          <lisID>867</lisID>
          <bioguideId>N000127</bioguideId>
          <gpoId />
        </identifiers>
        <fullName>Rep. Nolan, Richard M. [D-MN-8]</fullName>
        <district>8</district>
        <state>MN</state>
        <middleName />
        <firstName>RICHARD</firstName>
      </item>
      <item>
        <lastName>Holding</lastName>
        <isOriginalCosponsor>True</isOriginalCosponsor>
        <sponsorshipWithdrawnDate />
        <sponsorshipDate>2017-01-06</sponsorshipDate>
        <bioguideId>H001065</bioguideId>
        <party>R</party>
        <identifiers>
          <lisID>2143</lisID>
          <bioguideId>H001065</bioguideId>
          <gpoId />
        </identifiers>
        <fullName>Rep. Holding, George [R-NC-2]</fullName>
        <district>2</district>
        <state>NC</state>
        <middleName />
        <firstName>George</firstName>
      </item>
      <item>
        <lastName>Brooks</lastName>
        <isOriginalCosponsor>True</isOriginalCosponsor>
        <sponsorshipWithdrawnDate />
        <sponsorshipDate>2017-01-06</sponsorshipDate>
        <bioguideId>B001274</bioguideId>
        <party>R</party>
        <identifiers>
          <lisID>1987</lisID>
          <bioguideId>B001274</bioguideId>
          <gpoId>7790</gpoId>
        </identifiers>
        <fullName>Rep. Brooks, Mo [R-AL-5]</fullName>
        <district>5</district>
        <state>AL</state>
        <middleName />
        <firstName>Mo</firstName>
      </item>
      <item>
        <lastName>Cook</lastName>
        <isOriginalCosponsor>True</isOriginalCosponsor>
        <sponsorshipWithdrawnDate />
        <sponsorshipDate>2017-01-06</sponsorshipDate>
        <bioguideId>C001094</bioguideId>
        <party>R</party>
        <identifiers>
          <lisID>2103</lisID>
          <bioguideId>C001094</bioguideId>
          <gpoId />
        </identifiers>
        <fullName>Rep. Cook, Paul [R-CA-8]</fullName>
        <district>8</district>
        <state>CA</state>
        <middleName />
        <firstName>Paul</firstName>
      </item>
      <item>
        <lastName>Emmer</lastName>
        <isOriginalCosponsor>True</isOriginalCosponsor>
        <sponsorshipWithdrawnDate />
        <sponsorshipDate>2017-01-06</sponsorshipDate>
        <bioguideId>E000294</bioguideId>
        <party>R</party>
        <identifiers>
          <lisID>2253</lisID>
          <bioguideId>E000294</bioguideId>
          <gpoId />
        </identifiers>
        <fullName>Rep. Emmer, Tom [R-MN-6]</fullName>
        <district>6</district>
        <state>MN</state>
        <middleName />
        <firstName>Tom</firstName>
      </item>
      <item>
        <lastName>Renacci</lastName>
        <isOriginalCosponsor>True</isOriginalCosponsor>
        <sponsorshipWithdrawnDate />
        <sponsorshipDate>2017-01-06</sponsorshipDate>
        <bioguideId>R000586</bioguideId>
        <party>R</party>
        <identifiers>
          <lisID>2048</lisID>
          <bioguideId>R000586</bioguideId>
          <gpoId>8106</gpoId>
        </identifiers>
        <fullName>Rep. Renacci, James B. [R-OH-16]</fullName>
        <district>16</district>
        <state>OH</state>
        <middleName>B.</middleName>
        <firstName>James</firstName>
      </item>
      <item>
        <lastName>COOPER</lastName>
        <isOriginalCosponsor>True</isOriginalCosponsor>
        <sponsorshipWithdrawnDate />
        <sponsorshipDate>2017-01-06</sponsorshipDate>
        <bioguideId>C000754</bioguideId>
        <party>D</party>
        <identifiers>
          <lisID>231</lisID>
          <gpoId>8152</gpoId>
          <bioguideId>C000754</bioguideId>
        </identifiers>
        <fullName>Rep. Cooper, Jim [D-TN-5]</fullName>
        <district>5</district>
        <state>TN</state>
        <middleName>H.</middleName>
        <firstName>JAMES</firstName>
      </item>
      <item>
        <lastName>Cuellar</lastName>
        <isOriginalCosponsor>True</isOriginalCosponsor>
        <sponsorshipWithdrawnDate />
        <sponsorshipDate>2017-01-06</sponsorshipDate>
        <bioguideId>C001063</bioguideId>
        <party>D</party>
        <identifiers>
          <lisID>1807</lisID>
          <bioguideId>C001063</bioguideId>
          <gpoId>8184</gpoId>
        </identifiers>
        <fullName>Rep. Cuellar, Henry [D-TX-28]</fullName>
        <district>28</district>
        <state>TX</state>
        <middleName />
        <firstName>Henry</firstName>
      </item>
      <item>
        <lastName>Long</lastName>
        <isOriginalCosponsor>True</isOriginalCosponsor>
        <sponsorshipWithdrawnDate />
        <sponsorshipDate>2017-01-06</sponsorshipDate>
        <bioguideId>L000576</bioguideId>
        <party>R</party>
        <identifiers>
          <lisID>2033</lisID>
          <gpoId>8015</gpoId>
          <bioguideId>L000576</bioguideId>
        </identifiers>
        <fullName>Rep. Long, Billy [R-MO-7]</fullName>
        <district>7</district>
        <state>MO</state>
        <middleName />
        <firstName>Billy</firstName>
      </item>
      <item>
        <lastName>SENSENBRENNER</lastName>
        <isOriginalCosponsor>True</isOriginalCosponsor>
        <sponsorshipWithdrawnDate />
        <sponsorshipDate>2017-01-06</sponsorshipDate>
        <bioguideId>S000244</bioguideId>
        <party>R</party>
        <identifiers>
          <gpoId>8218</gpoId>
          <lisID>1041</lisID>
          <bioguideId>S000244</bioguideId>
        </identifiers>
        <fullName>Rep. Sensenbrenner, F. James, Jr. [R-WI-5]</fullName>
        <district>5</district>
        <state>WI</state>
        <middleName>JAMES</middleName>
        <firstName>F.</firstName>
      </item>
      <item>
        <lastName>Brat</lastName>
        <isOriginalCosponsor>True</isOriginalCosponsor>
        <sponsorshipWithdrawnDate />
        <sponsorshipDate>2017-01-06</sponsorshipDate>
        <bioguideId>B001290</bioguideId>
        <party>R</party>
        <identifiers>
          <lisID>2203</lisID>
          <gpoId />
          <bioguideId>B001290</bioguideId>
        </identifiers>
        <fullName>Rep. Brat, Dave [R-VA-7]</fullName>
        <district>7</district>
        <state>VA</state>
        <middleName />
        <firstName>Dave</firstName>
      </item>
      <item>
        <lastName>Wagner</lastName>
        <isOriginalCosponsor>True</isOriginalCosponsor>
        <sponsorshipWithdrawnDate />
        <sponsorshipDate>2017-01-06</sponsorshipDate>
        <bioguideId>W000812</bioguideId>
        <party>R</party>
        <identifiers>
          <lisID>2137</lisID>
          <bioguideId>W000812</bioguideId>
          <gpoId />
        </identifiers>
        <fullName>Rep. Wagner, Ann [R-MO-2]</fullName>
        <district>2</district>
        <state>MO</state>
        <middleName />
        <firstName>Ann</firstName>
      </item>
      <item>
        <lastName>TIBERI</lastName>
        <isOriginalCosponsor>True</isOriginalCosponsor>
        <sponsorshipWithdrawnDate />
        <sponsorshipDate>2017-01-06</sponsorshipDate>
        <bioguideId>T000462</bioguideId>
        <party>R</party>
        <identifiers>
          <gpoId>8102</gpoId>
          <lisID>1664</lisID>
          <bioguideId>T000462</bioguideId>
        </identifiers>
        <fullName>Rep. Tiberi, Patrick J. [R-OH-12]</fullName>
        <district>12</district>
        <state>OH</state>
        <middleName>J.</middleName>
        <firstName>PATRICK</firstName>
      </item>
      <item>
        <lastName>Jenkins</lastName>
        <isOriginalCosponsor>True</isOriginalCosponsor>
        <sponsorshipWithdrawnDate />
        <sponsorshipDate>2017-01-06</sponsorshipDate>
        <bioguideId>J000290</bioguideId>
        <party>R</party>
        <identifiers>
          <lisID>1921</lisID>
          <gpoId>7950</gpoId>
          <bioguideId>J000290</bioguideId>
        </identifiers>
        <fullName>Rep. Jenkins, Lynn [R-KS-2]</fullName>
        <district>2</district>
        <state>KS</state>
        <middleName />
        <firstName>Lynn</firstName>
      </item>
      <item>
        <lastName>SMITH</lastName>
        <isOriginalCosponsor>True</isOriginalCosponsor>
        <sponsorshipWithdrawnDate />
        <sponsorshipDate>2017-01-06</sponsorshipDate>
        <bioguideId>S000583</bioguideId>
        <party>R</party>
        <identifiers>
          <gpoId>8177</gpoId>
          <lisID>1075</lisID>
          <bioguideId>S000583</bioguideId>
        </identifiers>
        <fullName>Rep. Smith, Lamar [R-TX-21]</fullName>
        <district>21</district>
        <state>TX</state>
        <middleName />
        <firstName>LAMAR</firstName>
      </item>
      <item>
        <lastName>Sanford</lastName>
        <isOriginalCosponsor>False</isOriginalCosponsor>
        <sponsorshipWithdrawnDate />
        <sponsorshipDate>2017-01-09</sponsorshipDate>
        <bioguideId>S000051</bioguideId>
        <party>R</party>
        <identifiers>
          <gpoId />
          <lisID>1012</lisID>
          <bioguideId>S000051</bioguideId>
        </identifiers>
        <fullName>Rep. Sanford, Mark [R-SC-1]</fullName>
        <district>1</district>
        <state>SC</state>
        <middleName />
        <firstName>Mark</firstName>
      </item>
      <item>
        <lastName>Garrett</lastName>
        <isOriginalCosponsor>False</isOriginalCosponsor>
        <sponsorshipWithdrawnDate />
        <sponsorshipDate>2017-01-09</sponsorshipDate>
        <bioguideId>G000580</bioguideId>
        <party>R</party>
        <identifiers>
          <lisID>2353</lisID>
          <bioguideId>G000580</bioguideId>
          <gpoId />
        </identifiers>
        <fullName>Rep. Garrett, Thomas A., Jr. [R-VA-5]</fullName>
        <district>5</district>
        <state>VA</state>
        <middleName>A.</middleName>
        <firstName>Thomas</firstName>
      </item>
      <item>
        <lastName>BISHOP</lastName>
        <isOriginalCosponsor>False</isOriginalCosponsor>
        <sponsorshipWithdrawnDate />
        <sponsorshipDate>2017-01-09</sponsorshipDate>
        <bioguideId>B000490</bioguideId>
        <party>D</party>
        <identifiers>
          <gpoId>7899</gpoId>
          <bioguideId>B000490</bioguideId>
          <lisID>91</lisID>
        </identifiers>
        <fullName>Rep. Bishop, Sanford D., Jr. [D-GA-2]</fullName>
        <district>2</district>
        <state>GA</state>
        <middleName>D.</middleName>
        <firstName>SANFORD</firstName>
      </item>
      <item>
        <lastName>Mooney</lastName>
        <isOriginalCosponsor>False</isOriginalCosponsor>
        <sponsorshipWithdrawnDate />
        <sponsorshipDate>2017-01-09</sponsorshipDate>
        <bioguideId>M001195</bioguideId>
        <party>R</party>
        <identifiers>
          <lisID>2277</lisID>
          <gpoId />
          <bioguideId>M001195</bioguideId>
        </identifiers>
        <fullName>Rep. Mooney, Alexander X. [R-WV-2]</fullName>
        <district>2</district>
        <state>WV</state>
        <middleName>X.</middleName>
        <firstName>Alexander</firstName>
      </item>
      <item>
        <lastName>LOBIONDO</lastName>
        <isOriginalCosponsor>False</isOriginalCosponsor>
        <sponsorshipWithdrawnDate />
        <sponsorshipDate>2017-01-09</sponsorshipDate>
        <bioguideId>L000554</bioguideId>
        <party>R</party>
        <identifiers>
          <lisID>699</lisID>
          <gpoId>8044</gpoId>
          <bioguideId>L000554</bioguideId>
        </identifiers>
        <fullName>Rep. LoBiondo, Frank A. [R-NJ-2]</fullName>
        <district>2</district>
        <state>NJ</state>
        <middleName>A.</middleName>
        <firstName>FRANK</firstName>
      </item>
      <item>
        <lastName>Buck</lastName>
        <isOriginalCosponsor>False</isOriginalCosponsor>
        <sponsorshipWithdrawnDate />
        <sponsorshipDate>2017-01-11</sponsorshipDate>
        <bioguideId>B001297</bioguideId>
        <party>R</party>
        <identifiers>
          <lisID>2233</lisID>
          <bioguideId>B001297</bioguideId>
          <gpoId />
        </identifiers>
        <fullName>Rep. Buck, Ken [R-CO-4]</fullName>
        <district>4</district>
        <state>CO</state>
        <middleName />
        <firstName>Ken</firstName>
      </item>
      <item>
        <lastName>Kelly</lastName>
        <isOriginalCosponsor>False</isOriginalCosponsor>
        <sponsorshipWithdrawnDate />
        <sponsorshipDate>2017-01-11</sponsorshipDate>
        <bioguideId>K000376</bioguideId>
        <party>R</party>
        <identifiers>
          <bioguideId>K000376</bioguideId>
          <gpoId>8708</gpoId>
          <lisID>2051</lisID>
        </identifiers>
        <fullName>Rep. Kelly, Mike [R-PA-3]</fullName>
        <district>3</district>
        <state>PA</state>
        <middleName />
        <firstName>Mike</firstName>
      </item>
      <item>
        <lastName>Kelly</lastName>
        <isOriginalCosponsor>False</isOriginalCosponsor>
        <sponsorshipWithdrawnDate />
        <sponsorshipDate>2017-01-11</sponsorshipDate>
        <bioguideId>K000388</bioguideId>
        <party>R</party>
        <identifiers>
          <gpoId />
          <lisID>2294</lisID>
          <bioguideId>K000388</bioguideId>
        </identifiers>
        <fullName>Rep. Kelly, Trent [R-MS-1]</fullName>
        <district>1</district>
        <state>MS</state>
        <middleName />
        <firstName>Trent</firstName>
      </item>
      <item>
        <lastName>Wenstrup</lastName>
        <isOriginalCosponsor>False</isOriginalCosponsor>
        <sponsorshipWithdrawnDate />
        <sponsorshipDate>2017-01-11</sponsorshipDate>
        <bioguideId>W000815</bioguideId>
        <party>R</party>
        <identifiers>
          <lisID>2152</lisID>
          <bioguideId>W000815</bioguideId>
          <gpoId />
        </identifiers>
        <fullName>Rep. Wenstrup, Brad R. [R-OH-2]</fullName>
        <district>2</district>
        <state>OH</state>
        <middleName>R.</middleName>
        <firstName>Brad</firstName>
      </item>
      <item>
        <lastName>Black</lastName>
        <isOriginalCosponsor>False</isOriginalCosponsor>
        <sponsorshipWithdrawnDate />
        <sponsorshipDate>2017-01-11</sponsorshipDate>
        <bioguideId>B001273</bioguideId>
        <party>R</party>
        <identifiers>
          <lisID>2063</lisID>
          <bioguideId>B001273</bioguideId>
          <gpoId>8153</gpoId>
        </identifiers>
        <fullName>Rep. Black, Diane [R-TN-6]</fullName>
        <district>6</district>
        <state>TN</state>
        <middleName />
        <firstName>Diane</firstName>
      </item>
      <item>
        <lastName>Sinema</lastName>
        <isOriginalCosponsor>False</isOriginalCosponsor>
        <sponsorshipWithdrawnDate />
        <sponsorshipDate>2017-01-11</sponsorshipDate>
        <bioguideId>S001191</bioguideId>
        <party>D</party>
        <identifiers>
          <lisID>2099</lisID>
          <bioguideId>S001191</bioguideId>
          <gpoId />
        </identifiers>
        <fullName>Rep. Sinema, Kyrsten [D-AZ-9]</fullName>
        <district>9</district>
        <state>AZ</state>
        <middleName />
        <firstName>Kyrsten</firstName>
      </item>
      <item>
        <lastName>Cohen</lastName>
        <isOriginalCosponsor>False</isOriginalCosponsor>
        <sponsorshipWithdrawnDate />
        <sponsorshipDate>2017-01-11</sponsorshipDate>
        <bioguideId>C001068</bioguideId>
        <party>D</party>
        <identifiers>
          <lisID>1878</lisID>
          <bioguideId>C001068</bioguideId>
          <gpoId>8156</gpoId>
        </identifiers>
        <fullName>Rep. Cohen, Steve [D-TN-9]</fullName>
        <district>9</district>
        <state>TN</state>
        <middleName />
        <firstName>Steve</firstName>
      </item>
      <item>
        <lastName>Tipton</lastName>
        <isOriginalCosponsor>False</isOriginalCosponsor>
        <sponsorshipWithdrawnDate />
        <sponsorshipDate>2017-01-11</sponsorshipDate>
        <bioguideId>T000470</bioguideId>
        <party>R</party>
        <identifiers>
          <lisID>1997</lisID>
          <bioguideId>T000470</bioguideId>
          <gpoId>7861</gpoId>
        </identifiers>
        <fullName>Rep. Tipton, Scott  R. [R-CO-3]</fullName>
        <district>3</district>
        <state>CO</state>
        <middleName>R.</middleName>
        <firstName>Scott</firstName>
      </item>
      <item>
        <lastName>Hurd</lastName>
        <isOriginalCosponsor>False</isOriginalCosponsor>
        <sponsorshipWithdrawnDate />
        <sponsorshipDate>2017-01-11</sponsorshipDate>
        <bioguideId>H001073</bioguideId>
        <party>R</party>
        <identifiers>
          <lisID>2269</lisID>
          <bioguideId>H001073</bioguideId>
          <gpoId />
        </identifiers>
        <fullName>Rep. Hurd, Will [R-TX-23]</fullName>
        <district>23</district>
        <state>TX</state>
        <middleName />
        <firstName>Will</firstName>
      </item>
      <item>
        <lastName>Valadao</lastName>
        <isOriginalCosponsor>False</isOriginalCosponsor>
        <sponsorshipWithdrawnDate />
        <sponsorshipDate>2017-01-11</sponsorshipDate>
        <bioguideId>V000129</bioguideId>
        <party>R</party>
        <identifiers>
          <gpoId />
          <bioguideId>V000129</bioguideId>
          <lisID>2105</lisID>
        </identifiers>
        <fullName>Rep. Valadao, David G. [R-CA-21]</fullName>
        <district>21</district>
        <state>CA</state>
        <middleName>G.</middleName>
        <firstName>David</firstName>
      </item>
      <item>
        <lastName>Joyce</lastName>
        <isOriginalCosponsor>False</isOriginalCosponsor>
        <sponsorshipWithdrawnDate />
        <sponsorshipDate>2017-01-11</sponsorshipDate>
        <bioguideId>J000295</bioguideId>
        <party>R</party>
        <identifiers>
          <gpoId />
          <bioguideId>J000295</bioguideId>
          <lisID>2154</lisID>
        </identifiers>
        <fullName>Rep. Joyce, David P. [R-OH-14]</fullName>
        <district>14</district>
        <state>OH</state>
        <middleName>P.</middleName>
        <firstName>David</firstName>
      </item>
      <item>
        <lastName>Babin</lastName>
        <isOriginalCosponsor>False</isOriginalCosponsor>
        <sponsorshipWithdrawnDate />
        <sponsorshipDate>2017-01-11</sponsorshipDate>
        <bioguideId>B001291</bioguideId>
        <party>R</party>
        <identifiers>
          <lisID>2270</lisID>
          <bioguideId>B001291</bioguideId>
          <gpoId />
        </identifiers>
        <fullName>Rep. Babin, Brian [R-TX-36]</fullName>
        <district>36</district>
        <state>TX</state>
        <middleName />
        <firstName>Brian</firstName>
      </item>
      <item>
        <lastName>Meadows</lastName>
        <isOriginalCosponsor>False</isOriginalCosponsor>
        <sponsorshipWithdrawnDate />
        <sponsorshipDate>2017-01-12</sponsorshipDate>
        <bioguideId>M001187</bioguideId>
        <party>R</party>
        <identifiers>
          <gpoId />
          <bioguideId>M001187</bioguideId>
          <lisID>2142</lisID>
        </identifiers>
        <fullName>Rep. Meadows, Mark [R-NC-11]</fullName>
        <district>11</district>
        <state>NC</state>
        <middleName />
        <firstName>Mark</firstName>
      </item>
      <item>
        <lastName>Amodei</lastName>
        <isOriginalCosponsor>False</isOriginalCosponsor>
        <sponsorshipWithdrawnDate />
        <sponsorshipDate>2017-01-12</sponsorshipDate>
        <bioguideId>A000369</bioguideId>
        <party>R</party>
        <identifiers>
          <lisID>2090</lisID>
          <bioguideId>A000369</bioguideId>
          <gpoId>8366</gpoId>
        </identifiers>
        <fullName>Rep. Amodei, Mark E. [R-NV-2]</fullName>
        <district>2</district>
        <state>NV</state>
        <middleName>E.</middleName>
        <firstName>Mark</firstName>
      </item>
      <item>
        <lastName>Crawford</lastName>
        <isOriginalCosponsor>False</isOriginalCosponsor>
        <sponsorshipWithdrawnDate />
        <sponsorshipDate>2017-01-12</sponsorshipDate>
        <bioguideId>C001087</bioguideId>
        <party>R</party>
        <identifiers>
          <bioguideId>C001087</bioguideId>
          <gpoId>7793</gpoId>
          <lisID>1989</lisID>
        </identifiers>
        <fullName>Rep. Crawford, Eric A. "Rick" [R-AR-1]</fullName>
        <district>1</district>
        <state>AR</state>
        <middleName>A. "Rick"</middleName>
        <firstName>Eric</firstName>
      </item>
      <item>
        <lastName>Schweikert</lastName>
        <isOriginalCosponsor>False</isOriginalCosponsor>
        <sponsorshipWithdrawnDate />
        <sponsorshipDate>2017-01-12</sponsorshipDate>
        <bioguideId>S001183</bioguideId>
        <party>R</party>
        <identifiers>
          <lisID>1994</lisID>
          <bioguideId>S001183</bioguideId>
          <gpoId>7802</gpoId>
        </identifiers>
        <fullName>Rep. Schweikert, David [R-AZ-6]</fullName>
        <district>6</district>
        <state>AZ</state>
        <middleName />
        <firstName>David</firstName>
      </item>
      <item>
        <lastName>Rouzer</lastName>
        <isOriginalCosponsor>False</isOriginalCosponsor>
        <sponsorshipWithdrawnDate />
        <sponsorshipDate>2017-01-12</sponsorshipDate>
        <bioguideId>R000603</bioguideId>
        <party>R</party>
        <identifiers>
          <gpoId />
          <lisID>2256</lisID>
          <bioguideId>R000603</bioguideId>
        </identifiers>
        <fullName>Rep. Rouzer, David [R-NC-7]</fullName>
        <district>7</district>
        <state>NC</state>
        <middleName />
        <firstName>David</firstName>
      </item>
      <item>
        <lastName>Thompson</lastName>
        <isOriginalCosponsor>False</isOriginalCosponsor>
        <sponsorshipWithdrawnDate />
        <sponsorshipDate>2017-01-12</sponsorshipDate>
        <bioguideId>T000467</bioguideId>
        <party>R</party>
        <identifiers>
          <gpoId>8123</gpoId>
          <lisID>1952</lisID>
          <bioguideId>T000467</bioguideId>
        </identifiers>
        <fullName>Rep. Thompson, Glenn [R-PA-5]</fullName>
        <district>5</district>
        <state>PA</state>
        <middleName />
        <firstName>Glenn</firstName>
      </item>
      <item>
        <lastName>PETERSON</lastName>
        <isOriginalCosponsor>False</isOriginalCosponsor>
        <sponsorshipWithdrawnDate />
        <sponsorshipDate>2017-01-12</sponsorshipDate>
        <bioguideId>P000258</bioguideId>
        <party>D</party>
        <identifiers>
          <bioguideId>P000258</bioguideId>
          <gpoId>8007</gpoId>
          <lisID>910</lisID>
        </identifiers>
        <fullName>Rep. Peterson, Collin C. [D-MN-7]</fullName>
        <district>7</district>
        <state>MN</state>
        <middleName>C.</middleName>
        <firstName>COLLIN</firstName>
      </item>
      <item>
        <lastName>Johnson</lastName>
        <isOriginalCosponsor>False</isOriginalCosponsor>
        <sponsorshipWithdrawnDate />
        <sponsorshipDate>2017-01-13</sponsorshipDate>
        <bioguideId>J000292</bioguideId>
        <party>R</party>
        <identifiers>
          <lisID>2046</lisID>
          <bioguideId>J000292</bioguideId>
          <gpoId>8096</gpoId>
        </identifiers>
        <fullName>Rep. Johnson, Bill [R-OH-6]</fullName>
        <district>6</district>
        <state>OH</state>
        <middleName />
        <firstName>Bill</firstName>
      </item>
      <item>
        <lastName>King</lastName>
        <isOriginalCosponsor>False</isOriginalCosponsor>
        <sponsorshipWithdrawnDate />
        <sponsorshipDate>2017-01-13</sponsorshipDate>
        <bioguideId>K000362</bioguideId>
        <party>R</party>
        <identifiers>
          <gpoId>7918</gpoId>
          <lisID>1724</lisID>
          <bioguideId>K000362</bioguideId>
        </identifiers>
        <fullName>Rep. King, Steve [R-IA-4]</fullName>
        <district>4</district>
        <state>IA</state>
        <middleName />
        <firstName>Steve</firstName>
      </item>
      <item>
        <lastName>Bishop</lastName>
        <isOriginalCosponsor>False</isOriginalCosponsor>
        <sponsorshipWithdrawnDate />
        <sponsorshipDate>2017-01-13</sponsorshipDate>
        <bioguideId>B001293</bioguideId>
        <party>R</party>
        <identifiers>
          <gpoId />
          <lisID>2249</lisID>
          <bioguideId>B001293</bioguideId>
        </identifiers>
        <fullName>Rep. Bishop, Mike [R-MI-8]</fullName>
        <district>8</district>
        <state>MI</state>
        <middleName />
        <firstName>Mike</firstName>
      </item>
      <item>
        <lastName>MacArthur</lastName>
        <isOriginalCosponsor>False</isOriginalCosponsor>
        <sponsorshipWithdrawnDate />
        <sponsorshipDate>2017-01-13</sponsorshipDate>
        <bioguideId>M001193</bioguideId>
        <party>R</party>
        <identifiers>
          <gpoId />
          <lisID>2258</lisID>
          <bioguideId>M001193</bioguideId>
        </identifiers>
        <fullName>Rep. MacArthur, Thomas [R-NJ-3]</fullName>
        <district>3</district>
        <state>NJ</state>
        <middleName />
        <firstName>Thomas</firstName>
      </item>
    </cosponsors>
    <billNumber>350</billNumber>
    <cboCostEstimates />
    <actions>
      <item>
        <actionDate>2017-01-06</actionDate>
        <actionCode>H11100</actionCode>
        <type>IntroReferral</type>
        <text>Referred to the House Committee on Energy and Commerce.</text>
        <committee>
          <name>Energy and Commerce Committee</name>
          <systemCode>hsif00</systemCode>
        </committee>
        <sourceSystem>
          <name>House floor actions</name>
          <code>2</code>
        </sourceSystem>
        <links />
      </item>
      <item>
        <actionDate>2017-01-06</actionDate>
        <actionCode>Intro-H</actionCode>
        <type>IntroReferral</type>
        <text>Introduced in House</text>
        <committee />
        <sourceSystem>
          <name>Library of Congress</name>
          <code>9</code>
        </sourceSystem>
        <links />
      </item>
      <item>
        <actionDate>2017-01-06</actionDate>
        <actionCode>1000</actionCode>
        <type>IntroReferral</type>
        <text>Introduced in House</text>
        <committee />
        <sourceSystem>
          <name>Library of Congress</name>
          <code>9</code>
        </sourceSystem>
        <links />
      </item>
      <actionTypeCounts>
        <introducedInTheHouse>1</introducedInTheHouse>
        <billReferrals>1</billReferrals>
        <introducedInHouse>1</introducedInHouse>
      </actionTypeCounts>
      <actionByCounts>
        <houseOfRepresentatives>3</houseOfRepresentatives>
      </actionByCounts>
    </actions>
    <committees>
      <billCommittees>
        <item>
          <systemCode>hsif00</systemCode>
          <name>Energy and Commerce Committee</name>
          <subcommittees />
          <activities>
            <item>
              <date>2017-01-06T17:00:05Z</date>
              <name>Referred to</name>
            </item>
          </activities>
          <type>Standing</type>
          <chamber>House</chamber>
        </item>
      </billCommittees>
    </committees>
    <originChamber>House</originChamber>
    <calendarNumbers />
    <committeeReports />
    <summaries>
      <billSummaries />
    </summaries>
    <billType>HR</billType>
    <titles>
      <item>
        <chamberName />
        <titleType>Short Titles as Introduced</titleType>
        <parentTitleType />
        <title>RPM Act of 2017</title>
        <chamberCode />
      </item>
      <item>
        <chamberName />
        <titleType>Short Titles as Introduced</titleType>
        <parentTitleType />
        <title>Recognizing the Protection of Motorsports Act of 2017</title>
        <chamberCode />
      </item>
      <item>
        <chamberName />
        <titleType>Official Title as Introduced</titleType>
        <parentTitleType />
        <title>To exclude vehicles used solely for competition from certain provisions of the Clean Air Act, and for other purposes.</title>
        <chamberCode />
      </item>
      <item>
        <chamberName />
        <titleType>Display Title</titleType>
        <parentTitleType />
        <title>RPM Act of 2017</title>
        <chamberCode />
      </item>
    </titles>
  </bill>
  <dublinCore xmlns:dc="http://purl.org/dc/elements/1.1/">
    <dc:format>text/xml</dc:format>
    <dc:language>EN</dc:language>
    <dc:rights>Pursuant to Title 17 Section 105 of the United States Code, this file is not subject to copyright protection and is in the public domain.</dc:rights>
    <dc:contributor>Congressional Research Service, Library of Congress</dc:contributor>
    <dc:description>This file contains bill summaries and statuses for federal legislation. A bill summary describes the most significant provisions of a piece of legislation and details the effects the legislative text may have on current law and federal programs. Bill summaries are authored by the Congressional Research Service (CRS) of the Library of Congress. As stated in Public Law 91-510 (2 USC 166 (d)(6)), one of the duties of CRS is "to prepare summaries and digests of bills and resolutions of a public general nature introduced in the Senate or House of Representatives". For more information, refer to the User Guide that accompanies this file.</dc:description>
  </dublinCore>
</billStatus>

