<?xml version="1.0" encoding="UTF-8"?>
<billStatus>
  <bill>
    <calendarNumbers />
    <amendments />
    <committeeReports />
    <constitutionalAuthorityStatementText><![CDATA[<pre>[Congressional Record Volume 163, Number 14 (Friday, January 27, 2017)]From the Congressional Record Online through the Government Publishing Office [<a href='http://www.gpo.gov'>www.gpo.gov</a>]By Mr. GRIFFITH:H.R. 715.Congress has the power to enact this legislation pursuantto the following:This bill is enacted pursuant to the power granted toCongress under Article I, Section 8 of the United StatesConstitution.[Page H702]</pre>]]></constitutionalAuthorityStatementText>
    <laws />
    <summaries>
      <billSummaries>
        <item>
          <updateDate>2017-01-27T05:00:00Z</updateDate>
          <lastSummaryUpdateDate>2017-02-07T19:29:05Z</lastSummaryUpdateDate>
          <text><![CDATA[<p><b>Compassionate Access Act </b></p> <p>This bill directs the Department of Health and Human Services to submit to the Drug Enforcement Administration (DEA) a recommendation to transfer marijuana from schedule I to another controlled substances schedule. The DEA must consider the recommendation and issue a final rule to reclassify marijuana. </p> <p>It permits, for reclassification purposes, consideration of scientifically sound research conducted in a state that allows medical marijuana and in accordance with state law, even if such research uses non-federally approved marijuana.</p> <p>The legislation amends the Controlled Substances Act (CSA) to:</p> <ul> <li>exclude "cannabidiol" (CBD) from the definition of "marijuana" and remove it from coverage under the CSA;</li> <li>limit the concentration of delta-9-tetrahydrocannabinol (THC) in CBD to 0.3% on a dry weight basis; and</li> <li>deem marijuana grown or processed to make CBD, in accordance with state law, to comply with the THC concentration limit unless the DEA determines state law to be unreasonable. </li> </ul> <p>No provision of the CSA or Federal Food, Drug, and Cosmetic Act prohibits or restricts a physician from prescribing; a patient, caregiver, or guardian from obtaining, possessing, or transporting; an entity from producing, processing, manufacturing, or distributing; a pharmacy from dispensing; or a laboratory from testing medical marijuana or CBD in compliance with a state's medical marijuana law. </p> <p>The bill requires the Attorney General to delegate responsibility for registering marijuana researchers to an executive branch agency that supports research on substances' medical value. Such agency must ensure adequate marijuana supply for medical research. </p> <p><br /></p>]]></text>
          <actionDate>2017-01-27</actionDate>
          <actionDesc>Introduced in House</actionDesc>
          <name>Introduced in House</name>
          <versionCode>00</versionCode>
        </item>
      </billSummaries>
    </summaries>
    <relatedBills />
    <createDate>2017-01-28T04:53:23Z</createDate>
    <latestAction>
      <links />
      <actionDate>2017-02-14</actionDate>
      <text>Referred to the Subcommittee on Crime, Terrorism, Homeland Security, and Investigations.</text>
    </latestAction>
    <sponsors>
      <item>
        <party>R</party>
        <state>VA</state>
        <bioguideId>G000568</bioguideId>
        <middleName>Morgan</middleName>
        <lastName>Griffith</lastName>
        <fullName>Rep. Griffith, H. Morgan [R-VA-9]</fullName>
        <firstName>H.</firstName>
        <district>9</district>
        <byRequestType />
        <identifiers>
          <bioguideId>G000568</bioguideId>
          <lisID>2070</lisID>
          <gpoId>8200</gpoId>
        </identifiers>
      </item>
    </sponsors>
    <billNumber>715</billNumber>
    <updateDate>2018-08-28T20:00:36Z</updateDate>
    <cboCostEstimates />
    <notes />
    <titles>
      <item>
        <titleType>Short Titles as Introduced</titleType>
        <title>Compassionate Access Act</title>
        <parentTitleType />
        <chamberCode />
        <chamberName />
      </item>
      <item>
        <titleType>Official Title as Introduced</titleType>
        <title>To provide for the rescheduling of marihuana, the medical use of marihuana in accordance with State law, and the exclusion of cannabidiol from the definition of marihuana, and for other purposes.</title>
        <parentTitleType />
        <chamberCode />
        <chamberName />
      </item>
      <item>
        <titleType>Display Title</titleType>
        <title>Compassionate Access Act</title>
        <parentTitleType />
        <chamberCode />
        <chamberName />
      </item>
      <item>
        <titleType>(Extracted from GPO) Short Titles as Introduced</titleType>
        <title>Compassionate Access Act</title>
        <parentTitleType />
        <chamberCode />
        <chamberName />
      </item>
    </titles>
    <introducedDate>2017-01-27</introducedDate>
    <subjects>
      <billSubjects>
        <legislativeSubjects>
          <item>
            <name>Administrative law and regulatory procedures</name>
          </item>
          <item>
            <name>Alternative treatments</name>
          </item>
          <item>
            <name>Department of Justice</name>
          </item>
          <item>
            <name>Drug Enforcement Administration (DEA)</name>
          </item>
          <item>
            <name>Drug trafficking and controlled substances</name>
          </item>
          <item>
            <name>Drug, alcohol, tobacco use</name>
          </item>
          <item>
            <name>Intergovernmental relations</name>
          </item>
          <item>
            <name>Medical research</name>
          </item>
          <item>
            <name>Prescription drugs</name>
          </item>
          <item>
            <name>Research administration and funding</name>
          </item>
          <item>
            <name>State and local government operations</name>
          </item>
        </legislativeSubjects>
        <policyArea>
          <name>Health</name>
        </policyArea>
      </billSubjects>
    </subjects>
    <billType>HR</billType>
    <originChamber>House</originChamber>
    <title>Compassionate Access Act</title>
    <cosponsors>
      <item>
        <bioguideId>B000574</bioguideId>
        <lastName>BLUMENAUER</lastName>
        <isOriginalCosponsor>True</isOriginalCosponsor>
        <identifiers>
          <bioguideId>B000574</bioguideId>
          <lisID>99</lisID>
          <gpoId>8116</gpoId>
        </identifiers>
        <district>3</district>
        <middleName />
        <sponsorshipWithdrawnDate />
        <fullName>Rep. Blumenauer, Earl [D-OR-3]</fullName>
        <sponsorshipDate>2017-01-27</sponsorshipDate>
        <state>OR</state>
        <firstName>EARL</firstName>
        <party>D</party>
      </item>
      <item>
        <bioguideId>G000580</bioguideId>
        <lastName>Garrett</lastName>
        <isOriginalCosponsor>False</isOriginalCosponsor>
        <identifiers>
          <bioguideId>G000580</bioguideId>
          <lisID>2353</lisID>
          <gpoId />
        </identifiers>
        <district>5</district>
        <middleName>A.</middleName>
        <sponsorshipWithdrawnDate />
        <fullName>Rep. Garrett, Thomas A., Jr. [R-VA-5]</fullName>
        <sponsorshipDate>2017-02-03</sponsorshipDate>
        <state>VA</state>
        <firstName>Thomas</firstName>
        <party>R</party>
      </item>
      <item>
        <bioguideId>L000587</bioguideId>
        <lastName>Lewis</lastName>
        <isOriginalCosponsor>False</isOriginalCosponsor>
        <identifiers>
          <lisID>2335</lisID>
          <bioguideId>L000587</bioguideId>
          <gpoId />
        </identifiers>
        <district>2</district>
        <middleName />
        <sponsorshipWithdrawnDate />
        <fullName>Rep. Lewis, Jason [R-MN-2]</fullName>
        <sponsorshipDate>2017-03-20</sponsorshipDate>
        <state>MN</state>
        <firstName>Jason</firstName>
        <party>R</party>
      </item>
    </cosponsors>
    <recordedVotes />
    <policyArea>
      <name>Health</name>
    </policyArea>
    <committees>
      <billCommittees>
        <item>
          <subcommittees>
            <item>
              <activities>
                <item>
                  <date>2017-02-14T20:01:58Z</date>
                  <name>Referred to</name>
                </item>
              </activities>
              <systemCode>hsju08</systemCode>
              <name>Crime, Terrorism, Homeland Security, and Investigations Subcommittee</name>
            </item>
          </subcommittees>
          <systemCode>hsju00</systemCode>
          <name>Judiciary Committee</name>
          <activities>
            <item>
              <date>2017-01-27T19:01:40Z</date>
              <name>Referred to</name>
            </item>
          </activities>
          <type>Standing</type>
          <chamber>House</chamber>
        </item>
        <item>
          <subcommittees>
            <item>
              <activities>
                <item>
                  <date>2017-02-03T15:52:57Z</date>
                  <name>Referred to</name>
                </item>
              </activities>
              <systemCode>hsif14</systemCode>
              <name>Health Subcommittee</name>
            </item>
          </subcommittees>
          <systemCode>hsif00</systemCode>
          <name>Energy and Commerce Committee</name>
          <activities>
            <item>
              <date>2017-01-27T19:01:35Z</date>
              <name>Referred to</name>
            </item>
          </activities>
          <type>Standing</type>
          <chamber>House</chamber>
        </item>
      </billCommittees>
    </committees>
    <actions>
      <actionByCounts>
        <houseOfRepresentatives>7</houseOfRepresentatives>
      </actionByCounts>
      <item>
        <actionDate>2017-02-14</actionDate>
        <committee>
          <systemCode>hsju08</systemCode>
          <name>Crime, Terrorism, Homeland Security, and Investigations Subcommittee</name>
        </committee>
        <links />
        <sourceSystem>
          <code>1</code>
          <name>House committee actions</name>
        </sourceSystem>
        <text>Referred to the Subcommittee on Crime, Terrorism, Homeland Security, and Investigations.</text>
        <type>Committee</type>
      </item>
      <item>
        <actionDate>2017-02-03</actionDate>
        <committee>
          <systemCode>hsif14</systemCode>
          <name>Health Subcommittee</name>
        </committee>
        <links />
        <sourceSystem>
          <code>1</code>
          <name>House committee actions</name>
        </sourceSystem>
        <text>Referred to the Subcommittee on Health.</text>
        <type>Committee</type>
      </item>
      <item>
        <committee>
          <systemCode>hsju00</systemCode>
          <name>Judiciary Committee</name>
        </committee>
        <links />
        <type>IntroReferral</type>
        <text>Referred to the Committee on Energy and Commerce, and in addition to the Committee on the Judiciary, for a period to be subsequently determined by the Speaker, in each case for consideration of such provisions as fall within the jurisdiction of the committee concerned.</text>
        <actionDate>2017-01-27</actionDate>
        <actionCode>H11100</actionCode>
        <sourceSystem>
          <code>2</code>
          <name>House floor actions</name>
        </sourceSystem>
      </item>
      <item>
        <committee />
        <links />
        <type>IntroReferral</type>
        <text>Referred to the Committee on Energy and Commerce, and in addition to the Committee on the Judiciary, for a period to be subsequently determined by the Speaker, in each case for consideration of such provisions as fall within the jurisdiction of the committee concerned.</text>
        <actionDate>2017-01-27</actionDate>
        <actionCode>H11100-A</actionCode>
        <sourceSystem>
          <code>9</code>
          <name>Library of Congress</name>
        </sourceSystem>
      </item>
      <item>
        <committee>
          <systemCode>hsif00</systemCode>
          <name>Energy and Commerce Committee</name>
        </committee>
        <links />
        <type>IntroReferral</type>
        <text>Referred to the Committee on Energy and Commerce, and in addition to the Committee on the Judiciary, for a period to be subsequently determined by the Speaker, in each case for consideration of such provisions as fall within the jurisdiction of the committee concerned.</text>
        <actionDate>2017-01-27</actionDate>
        <actionCode>H11100</actionCode>
        <sourceSystem>
          <code>2</code>
          <name>House floor actions</name>
        </sourceSystem>
      </item>
      <item>
        <committee />
        <links />
        <type>IntroReferral</type>
        <text>Introduced in House</text>
        <actionDate>2017-01-27</actionDate>
        <actionCode>Intro-H</actionCode>
        <sourceSystem>
          <code>9</code>
          <name>Library of Congress</name>
        </sourceSystem>
      </item>
      <item>
        <committee />
        <links />
        <type>IntroReferral</type>
        <text>Introduced in House</text>
        <actionDate>2017-01-27</actionDate>
        <actionCode>1000</actionCode>
        <sourceSystem>
          <code>9</code>
          <name>Library of Congress</name>
        </sourceSystem>
      </item>
      <actionTypeCounts>
        <placeholderTextForH>2</placeholderTextForH>
        <introducedInHouse>1</introducedInHouse>
        <billReferrals>2</billReferrals>
        <introducedInTheHouse>1</introducedInTheHouse>
        <billReferralsAggregate>1</billReferralsAggregate>
      </actionTypeCounts>
    </actions>
    <version>1.0.0</version>
    <congress>115</congress>
  </bill>
  <dublinCore xmlns:dc="http://purl.org/dc/elements/1.1/">
    <dc:format>text/xml</dc:format>
    <dc:language>EN</dc:language>
    <dc:rights>Pursuant to Title 17 Section 105 of the United States Code, this file is not subject to copyright protection and is in the public domain.</dc:rights>
    <dc:contributor>Congressional Research Service, Library of Congress</dc:contributor>
    <dc:description>This file contains bill summaries and statuses for federal legislation. A bill summary describes the most significant provisions of a piece of legislation and details the effects the legislative text may have on current law and federal programs. Bill summaries are authored by the Congressional Research Service (CRS) of the Library of Congress. As stated in Public Law 91-510 (2 USC 166 (d)(6)), one of the duties of CRS is "to prepare summaries and digests of bills and resolutions of a public general nature introduced in the Senate or House of Representatives". For more information, refer to the User Guide that accompanies this file.</dc:description>
  </dublinCore>
</billStatus>

