<?xml version="1.0" encoding="UTF-8"?>
<billStatus>
  <bill>
    <committees>
      <billCommittees>
        <item>
          <activities>
            <item>
              <name>Referred to</name>
              <date>2017-02-01T15:00:13Z</date>
            </item>
          </activities>
          <chamber>House</chamber>
          <systemCode>hswm00</systemCode>
          <name>Ways and Means Committee</name>
          <type>Standing</type>
          <subcommittees />
        </item>
      </billCommittees>
    </committees>
    <recordedVotes />
    <laws />
    <summaries>
      <billSummaries>
        <item>
          <actionDesc>Introduced in House</actionDesc>
          <name>Introduced in House</name>
          <text><![CDATA[<p><b>No Tax Subsidies for Stadiums Act </b></p> <p>This bill amends the Internal Revenue Code, with respect to the tax exemption requirements for state and local bonds, to specify that bonds issued to finance professional sports stadiums meet the private security or payment test. (A state or local bond that satisfies both the private business use test and the private security or payment test is considered a private activity bond that is taxable unless it is used for certain qualified private activities.) </p>]]></text>
          <versionCode>00</versionCode>
          <lastSummaryUpdateDate>2017-04-26T16:36:03Z</lastSummaryUpdateDate>
          <updateDate>2017-02-01T05:00:00Z</updateDate>
          <actionDate>2017-02-01</actionDate>
        </item>
      </billSummaries>
    </summaries>
    <calendarNumbers />
    <titles>
      <item>
        <chamberName />
        <chamberCode />
        <titleType>Short Titles as Introduced</titleType>
        <title>No Tax Subsidies for Stadiums Act</title>
        <parentTitleType />
      </item>
      <item>
        <chamberName />
        <chamberCode />
        <titleType>Official Title as Introduced</titleType>
        <title>To amend the Internal Revenue Code of 1986 to treat obligations financing professional sports stadiums as private activity bonds if such obligations meet the private business use test.</title>
        <parentTitleType />
      </item>
      <item>
        <chamberName />
        <chamberCode />
        <titleType>Display Title</titleType>
        <title>No Tax Subsidies for Stadiums Act</title>
        <parentTitleType />
      </item>
      <item>
        <chamberName />
        <chamberCode />
        <titleType>(Extracted from GPO) Short Titles as Introduced</titleType>
        <title>No Tax Subsidies for Stadiums Act</title>
        <parentTitleType />
      </item>
    </titles>
    <cosponsors>
      <item>
        <party>R</party>
        <state>NC</state>
        <sponsorshipDate>2017-02-01</sponsorshipDate>
        <district>11</district>
        <isOriginalCosponsor>True</isOriginalCosponsor>
        <fullName>Rep. Meadows, Mark [R-NC-11]</fullName>
        <middleName />
        <bioguideId>M001187</bioguideId>
        <firstName>Mark</firstName>
        <sponsorshipWithdrawnDate />
        <lastName>Meadows</lastName>
        <identifiers>
          <gpoId />
          <lisID>2142</lisID>
          <bioguideId>M001187</bioguideId>
        </identifiers>
      </item>
      <item>
        <party>D</party>
        <state>OR</state>
        <sponsorshipDate>2017-02-01</sponsorshipDate>
        <district>3</district>
        <isOriginalCosponsor>True</isOriginalCosponsor>
        <fullName>Rep. Blumenauer, Earl [D-OR-3]</fullName>
        <middleName />
        <bioguideId>B000574</bioguideId>
        <firstName>EARL</firstName>
        <sponsorshipWithdrawnDate />
        <lastName>BLUMENAUER</lastName>
        <identifiers>
          <bioguideId>B000574</bioguideId>
          <lisID>99</lisID>
          <gpoId>8116</gpoId>
        </identifiers>
      </item>
      <item>
        <party>D</party>
        <state>OH</state>
        <sponsorshipDate>2017-09-28</sponsorshipDate>
        <district>13</district>
        <isOriginalCosponsor>False</isOriginalCosponsor>
        <fullName>Rep. Ryan, Tim [D-OH-13]</fullName>
        <middleName />
        <bioguideId>R000577</bioguideId>
        <firstName>TIM</firstName>
        <sponsorshipWithdrawnDate />
        <lastName>RYAN</lastName>
        <identifiers>
          <gpoId>8107</gpoId>
          <lisID>1756</lisID>
          <bioguideId>R000577</bioguideId>
        </identifiers>
      </item>
      <item>
        <party>R</party>
        <state>FL</state>
        <sponsorshipDate>2017-10-19</sponsorshipDate>
        <district>1</district>
        <isOriginalCosponsor>False</isOriginalCosponsor>
        <fullName>Rep. Gaetz, Matt [R-FL-1]</fullName>
        <middleName />
        <bioguideId>G000578</bioguideId>
        <firstName>Matt</firstName>
        <sponsorshipWithdrawnDate />
        <lastName>Gaetz</lastName>
        <identifiers>
          <bioguideId>G000578</bioguideId>
          <lisID>2314</lisID>
          <gpoId />
        </identifiers>
      </item>
      <item>
        <party>D</party>
        <state>VA</state>
        <sponsorshipDate>2017-10-19</sponsorshipDate>
        <district>8</district>
        <isOriginalCosponsor>False</isOriginalCosponsor>
        <fullName>Rep. Beyer, Donald S., Jr. [D-VA-8]</fullName>
        <middleName>S.</middleName>
        <bioguideId>B001292</bioguideId>
        <firstName>Donald</firstName>
        <sponsorshipWithdrawnDate />
        <lastName>Beyer</lastName>
        <identifiers>
          <lisID>2272</lisID>
          <gpoId />
          <bioguideId>B001292</bioguideId>
        </identifiers>
      </item>
      <item>
        <party>R</party>
        <state>SC</state>
        <sponsorshipDate>2017-10-24</sponsorshipDate>
        <district>5</district>
        <isOriginalCosponsor>False</isOriginalCosponsor>
        <fullName>Rep. Norman, Ralph [R-SC-5]</fullName>
        <middleName />
        <bioguideId>N000190</bioguideId>
        <firstName>Ralph</firstName>
        <sponsorshipWithdrawnDate />
        <lastName>Norman</lastName>
        <identifiers>
          <lisID>2361</lisID>
          <gpoId />
          <bioguideId>N000190</bioguideId>
        </identifiers>
      </item>
      <item>
        <party>R</party>
        <state>MS</state>
        <sponsorshipDate>2017-11-01</sponsorshipDate>
        <district>4</district>
        <isOriginalCosponsor>False</isOriginalCosponsor>
        <fullName>Rep. Palazzo, Steven M. [R-MS-4]</fullName>
        <middleName>M.</middleName>
        <bioguideId>P000601</bioguideId>
        <firstName>Steven</firstName>
        <sponsorshipWithdrawnDate />
        <lastName>Palazzo</lastName>
        <identifiers>
          <lisID>2035</lisID>
          <gpoId>8022</gpoId>
          <bioguideId>P000601</bioguideId>
        </identifiers>
      </item>
      <item>
        <party>D</party>
        <state>CA</state>
        <sponsorshipDate>2018-03-09</sponsorshipDate>
        <district>17</district>
        <isOriginalCosponsor>False</isOriginalCosponsor>
        <fullName>Rep. Khanna, Ro [D-CA-17]</fullName>
        <middleName />
        <bioguideId>K000389</bioguideId>
        <firstName>Ro</firstName>
        <sponsorshipWithdrawnDate />
        <lastName>Khanna</lastName>
        <identifiers>
          <lisID>2308</lisID>
          <gpoId />
          <bioguideId>K000389</bioguideId>
        </identifiers>
      </item>
      <item>
        <party>D</party>
        <state>MD</state>
        <sponsorshipDate>2018-04-24</sponsorshipDate>
        <district>8</district>
        <isOriginalCosponsor>False</isOriginalCosponsor>
        <fullName>Rep. Raskin, Jamie [D-MD-8]</fullName>
        <middleName />
        <bioguideId>R000606</bioguideId>
        <firstName>Jamie</firstName>
        <sponsorshipWithdrawnDate />
        <lastName>Raskin</lastName>
        <identifiers>
          <gpoId />
          <lisID>2332</lisID>
          <bioguideId>R000606</bioguideId>
        </identifiers>
      </item>
      <item>
        <party>R</party>
        <state>GA</state>
        <sponsorshipDate>2018-04-24</sponsorshipDate>
        <district>6</district>
        <isOriginalCosponsor>False</isOriginalCosponsor>
        <fullName>Rep. Handel, Karen C. [R-GA-6]</fullName>
        <middleName>C.</middleName>
        <bioguideId>H001078</bioguideId>
        <firstName>Karen</firstName>
        <sponsorshipWithdrawnDate />
        <lastName>Handel</lastName>
        <identifiers>
          <bioguideId>H001078</bioguideId>
          <gpoId />
          <lisID>2360</lisID>
        </identifiers>
      </item>
      <item>
        <party>R</party>
        <state>NC</state>
        <sponsorshipDate>2018-04-24</sponsorshipDate>
        <district>3</district>
        <isOriginalCosponsor>False</isOriginalCosponsor>
        <fullName>Rep. Jones, Walter B., Jr. [R-NC-3]</fullName>
        <middleName>B.</middleName>
        <bioguideId>J000255</bioguideId>
        <firstName>WALTER</firstName>
        <sponsorshipWithdrawnDate />
        <lastName>JONES</lastName>
        <identifiers>
          <lisID>612</lisID>
          <bioguideId>J000255</bioguideId>
          <gpoId>8026</gpoId>
        </identifiers>
      </item>
      <item>
        <party>R</party>
        <state>LA</state>
        <sponsorshipDate>2018-04-27</sponsorshipDate>
        <district>5</district>
        <isOriginalCosponsor>False</isOriginalCosponsor>
        <fullName>Rep. Abraham, Ralph Lee [R-LA-5]</fullName>
        <middleName>Lee</middleName>
        <bioguideId>A000374</bioguideId>
        <firstName>Ralph</firstName>
        <sponsorshipWithdrawnDate />
        <lastName>Abraham</lastName>
        <identifiers>
          <bioguideId>A000374</bioguideId>
          <lisID>2244</lisID>
          <gpoId />
        </identifiers>
      </item>
      <item>
        <party>R</party>
        <state>PA</state>
        <sponsorshipDate>2018-04-27</sponsorshipDate>
        <district>3</district>
        <isOriginalCosponsor>False</isOriginalCosponsor>
        <fullName>Rep. Kelly, Mike [R-PA-3]</fullName>
        <middleName />
        <bioguideId>K000376</bioguideId>
        <firstName>Mike</firstName>
        <sponsorshipWithdrawnDate />
        <lastName>Kelly</lastName>
        <identifiers>
          <bioguideId>K000376</bioguideId>
          <lisID>2051</lisID>
          <gpoId>8708</gpoId>
        </identifiers>
      </item>
      <item>
        <party>R</party>
        <state>OH</state>
        <sponsorshipDate>2018-05-16</sponsorshipDate>
        <district>4</district>
        <isOriginalCosponsor>False</isOriginalCosponsor>
        <fullName>Rep. Jordan, Jim [R-OH-4]</fullName>
        <middleName />
        <bioguideId>J000289</bioguideId>
        <firstName>Jim</firstName>
        <sponsorshipWithdrawnDate />
        <lastName>Jordan</lastName>
        <identifiers>
          <lisID>1868</lisID>
          <bioguideId>J000289</bioguideId>
          <gpoId>8094</gpoId>
        </identifiers>
      </item>
      <item>
        <party>R</party>
        <state>FL</state>
        <sponsorshipDate>2018-05-16</sponsorshipDate>
        <district>26</district>
        <isOriginalCosponsor>False</isOriginalCosponsor>
        <fullName>Rep. Curbelo, Carlos [R-FL-26]</fullName>
        <middleName />
        <bioguideId>C001107</bioguideId>
        <firstName>Carlos</firstName>
        <sponsorshipWithdrawnDate />
        <lastName>Curbelo</lastName>
        <identifiers>
          <lisID>2235</lisID>
          <gpoId />
          <bioguideId>C001107</bioguideId>
        </identifiers>
      </item>
      <item>
        <party>R</party>
        <state>AZ</state>
        <sponsorshipDate>2018-07-24</sponsorshipDate>
        <district>4</district>
        <isOriginalCosponsor>False</isOriginalCosponsor>
        <fullName>Rep. Gosar, Paul A. [R-AZ-4]</fullName>
        <middleName>A.</middleName>
        <bioguideId>G000565</bioguideId>
        <firstName>Paul</firstName>
        <sponsorshipWithdrawnDate />
        <lastName>Gosar</lastName>
        <identifiers>
          <bioguideId>G000565</bioguideId>
          <lisID>1992</lisID>
          <gpoId>7798</gpoId>
        </identifiers>
      </item>
    </cosponsors>
    <cboCostEstimates />
    <latestAction>
      <text>Referred to the House Committee on Ways and Means.</text>
      <links />
      <actionDate>2017-02-01</actionDate>
    </latestAction>
    <updateDate>2018-08-28T20:00:55Z</updateDate>
    <version>1.0.0</version>
    <constitutionalAuthorityStatementText><![CDATA[<pre>[Congressional Record Volume 163, Number 17 (Wednesday, February 1, 2017)]From the Congressional Record Online through the Government Publishing Office [<a href='http://www.gpo.gov'>www.gpo.gov</a>]By Mr. RUSSELL:H.R. 811.Congress has the power to enact this legislation pursuantto the following:.Article I, Section 8, Clause 1 of the United StatesConstitution.[Page H878]</pre>]]></constitutionalAuthorityStatementText>
    <policyArea>
      <name>Taxation</name>
    </policyArea>
    <billType>HR</billType>
    <billNumber>811</billNumber>
    <originChamber>House</originChamber>
    <relatedBills>
      <item>
        <latestAction>
          <actionDate>2017-06-12</actionDate>
          <text>Read twice and referred to the Committee on Finance.</text>
        </latestAction>
        <relationshipDetails>
          <item>
            <identifiedBy>CRS</identifiedBy>
            <type>Related bill</type>
          </item>
        </relationshipDetails>
        <congress>115</congress>
        <latestTitle>Eliminating Federal Tax Subsidies for Stadiums Act of 2017</latestTitle>
        <type>S</type>
        <number>1342</number>
      </item>
    </relatedBills>
    <title>No Tax Subsidies for Stadiums Act</title>
    <congress>115</congress>
    <actions>
      <actionTypeCounts>
        <introducedInTheHouse>1</introducedInTheHouse>
        <billReferrals>1</billReferrals>
        <introducedInHouse>1</introducedInHouse>
      </actionTypeCounts>
      <item>
        <actionDate>2017-02-01</actionDate>
        <actionCode>H11100</actionCode>
        <committee>
          <systemCode>hswm00</systemCode>
          <name>Ways and Means Committee</name>
        </committee>
        <text>Referred to the House Committee on Ways and Means.</text>
        <links />
        <type>IntroReferral</type>
        <sourceSystem>
          <name>House floor actions</name>
          <code>2</code>
        </sourceSystem>
      </item>
      <item>
        <actionDate>2017-02-01</actionDate>
        <actionCode>Intro-H</actionCode>
        <committee />
        <text>Introduced in House</text>
        <links />
        <type>IntroReferral</type>
        <sourceSystem>
          <name>Library of Congress</name>
          <code>9</code>
        </sourceSystem>
      </item>
      <item>
        <actionDate>2017-02-01</actionDate>
        <actionCode>1000</actionCode>
        <committee />
        <text>Introduced in House</text>
        <links />
        <type>IntroReferral</type>
        <sourceSystem>
          <name>Library of Congress</name>
          <code>9</code>
        </sourceSystem>
      </item>
      <actionByCounts>
        <houseOfRepresentatives>3</houseOfRepresentatives>
      </actionByCounts>
    </actions>
    <subjects>
      <billSubjects>
        <legislativeSubjects>
          <item>
            <name>Income tax exclusion</name>
          </item>
          <item>
            <name>Professional sports</name>
          </item>
          <item>
            <name>Securities</name>
          </item>
          <item>
            <name>Sports and recreation facilities</name>
          </item>
          <item>
            <name>State and local finance</name>
          </item>
        </legislativeSubjects>
        <policyArea>
          <name>Taxation</name>
        </policyArea>
      </billSubjects>
    </subjects>
    <committeeReports />
    <introducedDate>2017-02-01</introducedDate>
    <sponsors>
      <item>
        <bioguideId>R000604</bioguideId>
        <middleName />
        <byRequestType />
        <fullName>Rep. Russell, Steve [R-OK-5]</fullName>
        <lastName>Russell</lastName>
        <state>OK</state>
        <district>5</district>
        <party>R</party>
        <identifiers>
          <gpoId />
          <lisID>2265</lisID>
          <bioguideId>R000604</bioguideId>
        </identifiers>
        <firstName>Steve</firstName>
      </item>
    </sponsors>
    <notes />
    <createDate>2017-02-02T05:28:45Z</createDate>
    <amendments />
  </bill>
  <dublinCore xmlns:dc="http://purl.org/dc/elements/1.1/">
    <dc:format>text/xml</dc:format>
    <dc:language>EN</dc:language>
    <dc:rights>Pursuant to Title 17 Section 105 of the United States Code, this file is not subject to copyright protection and is in the public domain.</dc:rights>
    <dc:contributor>Congressional Research Service, Library of Congress</dc:contributor>
    <dc:description>This file contains bill summaries and statuses for federal legislation. A bill summary describes the most significant provisions of a piece of legislation and details the effects the legislative text may have on current law and federal programs. Bill summaries are authored by the Congressional Research Service (CRS) of the Library of Congress. As stated in Public Law 91-510 (2 USC 166 (d)(6)), one of the duties of CRS is "to prepare summaries and digests of bills and resolutions of a public general nature introduced in the Senate or House of Representatives". For more information, refer to the User Guide that accompanies this file.</dc:description>
  </dublinCore>
</billStatus>

