<?xml version="1.0" encoding="UTF-8"?>
<billStatus>
  <bill>
    <createDate>2017-01-13T04:55:31Z</createDate>
    <introducedDate>2017-01-12</introducedDate>
    <cosponsors>
      <item>
        <lastName>Amash</lastName>
        <state>MI</state>
        <bioguideId>A000367</bioguideId>
        <firstName>Justin</firstName>
        <identifiers>
          <bioguideId>A000367</bioguideId>
          <lisID>2029</lisID>
          <gpoId>7988</gpoId>
        </identifiers>
        <sponsorshipDate>2017-01-12</sponsorshipDate>
        <party>R</party>
        <isOriginalCosponsor>True</isOriginalCosponsor>
        <sponsorshipWithdrawnDate />
        <district>3</district>
        <fullName>Rep. Amash, Justin [R-MI-3]</fullName>
        <middleName />
      </item>
    </cosponsors>
    <calendarNumbers />
    <policyArea />
    <billType>HR</billType>
    <summaries>
      <billSummaries />
    </summaries>
    <notes />
    <congress>115</congress>
    <recordedVotes />
    <sponsors>
      <item>
        <party>R</party>
        <middleName>C.</middleName>
        <lastName>Burgess</lastName>
        <fullName>Rep. Burgess, Michael C. [R-TX-26]</fullName>
        <bioguideId>B001248</bioguideId>
        <state>TX</state>
        <byRequestType />
        <district>26</district>
        <identifiers>
          <gpoId>8182</gpoId>
          <bioguideId>B001248</bioguideId>
          <lisID>1751</lisID>
        </identifiers>
        <firstName>Michael</firstName>
      </item>
    </sponsors>
    <titles>
      <item>
        <chamberCode />
        <chamberName />
        <parentTitleType />
        <titleType>Official Title as Introduced</titleType>
        <title>To prohibit the Central Intelligence Agency from using an unmanned aerial vehicle to carry out a weapons strike or other deliberately lethal action and to transfer the authority to conduct such strikes or lethal action to the Department of Defense.</title>
      </item>
      <item>
        <chamberCode />
        <chamberName />
        <parentTitleType />
        <titleType>Display Title</titleType>
        <title>To prohibit the Central Intelligence Agency from using an unmanned aerial vehicle to carry out a weapons strike or other deliberately lethal action and to transfer the authority to conduct such strikes or lethal action to the Department of Defense.</title>
      </item>
    </titles>
    <billNumber>487</billNumber>
    <relatedBills />
    <subjects>
      <billSubjects>
        <legislativeSubjects />
      </billSubjects>
    </subjects>
    <amendments />
    <originChamber>House</originChamber>
    <updateDate>2017-01-13T10:07:05Z</updateDate>
    <latestAction>
      <actionDate>2017-01-12</actionDate>
      <links />
      <text>Referred to House Armed Services</text>
    </latestAction>
    <committees>
      <billCommittees>
        <item>
          <chamber>House</chamber>
          <subcommittees />
          <type>Standing</type>
          <name>Armed Services Committee</name>
          <activities>
            <item>
              <name>Referred to</name>
              <date>2017-01-12T15:06:05Z</date>
            </item>
          </activities>
          <systemCode>hsas00</systemCode>
        </item>
        <item>
          <chamber>House</chamber>
          <subcommittees />
          <type>Select</type>
          <name>Intelligence (Permanent) Committee</name>
          <activities>
            <item>
              <name>Referred to</name>
              <date>2017-01-12T15:06:00Z</date>
            </item>
          </activities>
          <systemCode>hlig00</systemCode>
        </item>
      </billCommittees>
    </committees>
    <committeeReports />
    <constitutionalAuthorityStatementText />
    <actions>
      <item>
        <type>IntroReferral</type>
        <committee>
          <name>Armed Services Committee</name>
          <systemCode>hsas00</systemCode>
        </committee>
        <links />
        <actionDate>2017-01-12</actionDate>
        <text>Referred to House Armed Services</text>
        <actionCode>H11100</actionCode>
        <sourceSystem>
          <name>House floor actions</name>
          <code>2</code>
        </sourceSystem>
      </item>
      <item>
        <type>IntroReferral</type>
        <committee />
        <links />
        <actionDate>2017-01-12</actionDate>
        <text>Referred to the Committee on Intelligence (Permanent Select), and in addition to the Committee on Armed Services, for a period to be subsequently determined by the Speaker, in each case for consideration of such provisions as fall within the jurisdiction of the committee concerned.</text>
        <actionCode>H11100-A</actionCode>
        <sourceSystem>
          <name>Library of Congress</name>
          <code>9</code>
        </sourceSystem>
      </item>
      <item>
        <type>IntroReferral</type>
        <committee>
          <name>Intelligence (Permanent) Committee</name>
          <systemCode>hlig00</systemCode>
        </committee>
        <links />
        <actionDate>2017-01-12</actionDate>
        <text>Referred to House Intelligence (Permanent)</text>
        <actionCode>H11100</actionCode>
        <sourceSystem>
          <name>House floor actions</name>
          <code>2</code>
        </sourceSystem>
      </item>
      <item>
        <type>IntroReferral</type>
        <committee />
        <links />
        <actionDate>2017-01-12</actionDate>
        <text>Introduced in House</text>
        <actionCode>Intro-H</actionCode>
        <sourceSystem>
          <name>Library of Congress</name>
          <code>9</code>
        </sourceSystem>
      </item>
      <item>
        <type>IntroReferral</type>
        <committee />
        <links />
        <actionDate>2017-01-12</actionDate>
        <text>Introduced in House</text>
        <actionCode>1000</actionCode>
        <sourceSystem>
          <name>Library of Congress</name>
          <code>9</code>
        </sourceSystem>
      </item>
      <actionByCounts>
        <houseOfRepresentatives>5</houseOfRepresentatives>
      </actionByCounts>
      <actionTypeCounts>
        <billReferralsAggregate>1</billReferralsAggregate>
        <billReferrals>2</billReferrals>
        <introducedInTheHouse>1</introducedInTheHouse>
        <introducedInHouse>1</introducedInHouse>
      </actionTypeCounts>
    </actions>
    <laws />
    <cboCostEstimates />
    <title>To prohibit the Central Intelligence Agency from using an unmanned aerial vehicle to carry out a weapons strike or other deliberately lethal action and to transfer the authority to conduct such strikes or lethal action to the Department of Defense.</title>
  </bill>
  <dublinCore xmlns:dc="http://purl.org/dc/elements/1.1/">
    <dc:format>text/xml</dc:format>
    <dc:language>EN</dc:language>
    <dc:rights>Pursuant to Title 17 Section 105 of the United States Code, this file is not subject to copyright protection and is in the public domain.</dc:rights>
    <dc:contributor>Congressional Research Service, Library of Congress</dc:contributor>
    <dc:description>This file contains bill summaries and statuses for federal legislation. A bill summary describes the most significant provisions of a piece of legislation and details the effects the legislative text may have on current law and federal programs. Bill summaries are authored by the Congressional Research Service (CRS) of the Library of Congress. As stated in Public Law 91-510 (2 USC 166 (d)(6)), one of the duties of CRS is "to prepare summaries and digests of bills and resolutions of a public general nature introduced in the Senate or House of Representatives". For more information, refer to the User Guide that accompanies this file.</dc:description>
  </dublinCore>
</billStatus>

