<?xml version="1.0" encoding="UTF-8"?>
<billStatus>
  <bill>
    <title>To amend the Immigration and Nationality Act to extend honorary citizenship to otherwise qualified noncitizens who enlisted in the Philippines and died while serving on active duty with the United States Armed Forces during certain periods of hostilities, and for other purposes.</title>
    <originChamber>House</originChamber>
    <updateDate>2018-08-28T20:01:10Z</updateDate>
    <constitutionalAuthorityStatementText><![CDATA[<pre>[Congressional Record Volume 163, Number 20 (Monday, February 6, 2017)]From the Congressional Record Online through the Government Publishing Office [<a href='http://www.gpo.gov'>www.gpo.gov</a>]By Mr. JONES:H.R. 887.Congress has the power to enact this legislation pursuantto the following:Article I, section 8 of the United States Constitutiongives Congress the authority to ``establish an uniform ruleof naturalization'' and to ``make rules for the governmentand regulation of the land and naval forces''.[Page H1013]</pre>]]></constitutionalAuthorityStatementText>
    <calendarNumbers />
    <subjects>
      <billSubjects>
        <legislativeSubjects>
          <item>
            <name>Asia</name>
          </item>
          <item>
            <name>Citizenship and naturalization</name>
          </item>
          <item>
            <name>Conflicts and wars</name>
          </item>
          <item>
            <name>Military personnel and dependents</name>
          </item>
          <item>
            <name>Philippines</name>
          </item>
        </legislativeSubjects>
        <policyArea>
          <name>Immigration</name>
        </policyArea>
      </billSubjects>
    </subjects>
    <version>1.0.0</version>
    <summaries>
      <billSummaries>
        <item>
          <name>Introduced in House</name>
          <actionDesc>Introduced in House</actionDesc>
          <actionDate>2017-02-06</actionDate>
          <lastSummaryUpdateDate>2017-02-22T20:23:10Z</lastSummaryUpdateDate>
          <versionCode>00</versionCode>
          <updateDate>2017-02-06T05:00:00Z</updateDate>
          <text><![CDATA[<p>This bill amends the Immigration and Nationality Act to extend posthumous citizenship to an otherwise qualified noncitizen who enlisted, reenlisted, extended enlistment, or was inducted into the U.S. Armed Forces in the Philippines and died as a result of such active duty service during the period September 1, 1939-December 31, 1946.</p> <p>The executive department under which a person served shall determine whether the person satisfied the requirements for posthumous citizenship.</p> <p>Specified naturalization and other posthumous benefit provisions shall not apply to the surviving spouse, child, or parent of such a person.</p>]]></text>
        </item>
      </billSummaries>
    </summaries>
    <billType>HR</billType>
    <latestAction>
      <text>Referred to the Subcommittee on Immigration and Border Security.</text>
      <links />
      <actionDate>2017-03-09</actionDate>
    </latestAction>
    <policyArea>
      <name>Immigration</name>
    </policyArea>
    <relatedBills />
    <introducedDate>2017-02-06</introducedDate>
    <actions>
      <actionTypeCounts>
        <introducedInHouse>1</introducedInHouse>
        <introducedInTheHouse>1</introducedInTheHouse>
        <billReferrals>1</billReferrals>
        <placeholderTextForH>1</placeholderTextForH>
      </actionTypeCounts>
      <item>
        <actionDate>2017-03-09</actionDate>
        <committee>
          <systemCode>hsju01</systemCode>
          <name>Immigration and Border Security Subcommittee</name>
        </committee>
        <links />
        <sourceSystem>
          <name>House committee actions</name>
          <code>1</code>
        </sourceSystem>
        <text>Referred to the Subcommittee on Immigration and Border Security.</text>
        <type>Committee</type>
      </item>
      <item>
        <actionDate>2017-02-06</actionDate>
        <links />
        <text>Referred to the House Committee on the Judiciary.</text>
        <type>IntroReferral</type>
        <actionCode>H11100</actionCode>
        <sourceSystem>
          <name>House floor actions</name>
          <code>2</code>
        </sourceSystem>
        <committee>
          <systemCode>hsju00</systemCode>
          <name>Judiciary Committee</name>
        </committee>
      </item>
      <item>
        <actionDate>2017-02-06</actionDate>
        <links />
        <text>Introduced in House</text>
        <type>IntroReferral</type>
        <actionCode>Intro-H</actionCode>
        <sourceSystem>
          <name>Library of Congress</name>
          <code>9</code>
        </sourceSystem>
        <committee />
      </item>
      <item>
        <actionDate>2017-02-06</actionDate>
        <links />
        <text>Introduced in House</text>
        <type>IntroReferral</type>
        <actionCode>1000</actionCode>
        <sourceSystem>
          <name>Library of Congress</name>
          <code>9</code>
        </sourceSystem>
        <committee />
      </item>
      <actionByCounts>
        <houseOfRepresentatives>4</houseOfRepresentatives>
      </actionByCounts>
    </actions>
    <laws />
    <congress>115</congress>
    <committeeReports />
    <billNumber>887</billNumber>
    <cboCostEstimates />
    <cosponsors>
      <item>
        <sponsorshipDate>2017-08-11</sponsorshipDate>
        <party>R</party>
        <fullName>Rep. Sessions, Pete [R-TX-32]</fullName>
        <identifiers>
          <bioguideId>S000250</bioguideId>
          <gpoId>8188</gpoId>
          <lisID>1525</lisID>
        </identifiers>
        <lastName>SESSIONS</lastName>
        <firstName>PETE</firstName>
        <isOriginalCosponsor>False</isOriginalCosponsor>
        <middleName />
        <sponsorshipWithdrawnDate />
        <state>TX</state>
        <district>32</district>
        <bioguideId>S000250</bioguideId>
      </item>
    </cosponsors>
    <committees>
      <billCommittees>
        <item>
          <subcommittees>
            <item>
              <systemCode>hsju01</systemCode>
              <name>Immigration and Border Security Subcommittee</name>
              <activities>
                <item>
                  <date>2017-03-09T20:11:15Z</date>
                  <name>Referred to</name>
                </item>
              </activities>
            </item>
          </subcommittees>
          <type>Standing</type>
          <systemCode>hsju00</systemCode>
          <name>Judiciary Committee</name>
          <activities>
            <item>
              <date>2017-02-06T17:03:05Z</date>
              <name>Referred to</name>
            </item>
          </activities>
          <chamber>House</chamber>
        </item>
      </billCommittees>
    </committees>
    <notes />
    <amendments />
    <recordedVotes />
    <createDate>2017-02-07T04:46:14Z</createDate>
    <sponsors>
      <item>
        <bioguideId>J000255</bioguideId>
        <party>R</party>
        <firstName>WALTER</firstName>
        <fullName>Rep. Jones, Walter B., Jr. [R-NC-3]</fullName>
        <state>NC</state>
        <district>3</district>
        <lastName>JONES</lastName>
        <middleName>B.</middleName>
        <identifiers>
          <bioguideId>J000255</bioguideId>
          <lisID>612</lisID>
          <gpoId>8026</gpoId>
        </identifiers>
        <byRequestType />
      </item>
    </sponsors>
    <titles>
      <item>
        <titleType>Official Title as Introduced</titleType>
        <chamberName />
        <chamberCode />
        <parentTitleType />
        <title>To amend the Immigration and Nationality Act to extend honorary citizenship to otherwise qualified noncitizens who enlisted in the Philippines and died while serving on active duty with the United States Armed Forces during certain periods of hostilities, and for other purposes.</title>
      </item>
      <item>
        <titleType>Display Title</titleType>
        <chamberName />
        <chamberCode />
        <parentTitleType />
        <title>To amend the Immigration and Nationality Act to extend honorary citizenship to otherwise qualified noncitizens who enlisted in the Philippines and died while serving on active duty with the United States Armed Forces during certain periods of hostilities, and for other purposes.</title>
      </item>
    </titles>
  </bill>
  <dublinCore xmlns:dc="http://purl.org/dc/elements/1.1/">
    <dc:format>text/xml</dc:format>
    <dc:language>EN</dc:language>
    <dc:rights>Pursuant to Title 17 Section 105 of the United States Code, this file is not subject to copyright protection and is in the public domain.</dc:rights>
    <dc:contributor>Congressional Research Service, Library of Congress</dc:contributor>
    <dc:description>This file contains bill summaries and statuses for federal legislation. A bill summary describes the most significant provisions of a piece of legislation and details the effects the legislative text may have on current law and federal programs. Bill summaries are authored by the Congressional Research Service (CRS) of the Library of Congress. As stated in Public Law 91-510 (2 USC 166 (d)(6)), one of the duties of CRS is "to prepare summaries and digests of bills and resolutions of a public general nature introduced in the Senate or House of Representatives". For more information, refer to the User Guide that accompanies this file.</dc:description>
  </dublinCore>
</billStatus>

