<?xml version="1.0" encoding="UTF-8"?>
<billStatus>
  <bill>
    <title>Free Speech Fairness Act</title>
    <originChamber>House</originChamber>
    <updateDate>2018-08-28T20:00:49Z</updateDate>
    <constitutionalAuthorityStatementText><![CDATA[<pre>[Congressional Record Volume 163, Number 17 (Wednesday, February 1, 2017)]From the Congressional Record Online through the Government Publishing Office [<a href='http://www.gpo.gov'>www.gpo.gov</a>]By Mr. SCALISE:H.R. 781.Congress has the power to enact this legislation pursuantto the following:The First Amendment guarantees both free speech and thefree exercise of religion.The Free Speech Fairness Act restores these fundamentalliberties to churches and nonprofits.[Page H878]</pre>]]></constitutionalAuthorityStatementText>
    <calendarNumbers />
    <subjects>
      <billSubjects>
        <policyArea>
          <name>Taxation</name>
        </policyArea>
        <legislativeSubjects>
          <item>
            <name>Elections, voting, political campaign regulation</name>
          </item>
          <item>
            <name>Public participation and lobbying</name>
          </item>
          <item>
            <name>Social work, volunteer service, charitable organizations</name>
          </item>
          <item>
            <name>Tax-exempt organizations</name>
          </item>
        </legislativeSubjects>
      </billSubjects>
    </subjects>
    <version>1.0.0</version>
    <summaries>
      <billSummaries>
        <item>
          <text><![CDATA[<p><b>Free Speech Fairness Act </b></p> <p>This bill amends the Internal Revenue Code to permit a tax-exempt organization to make certain statements related to a political campaign without losing its tax-exempt status. An organization may not lose its tax-exempt status under section 501(c)(3) or be deemed to have participated in, or intervened in any political campaign on behalf of (or in opposition to) any candidate for public office, solely because of the content of any statement that: (1) is made in the ordinary course of the organization's regular and customary activities in carrying out its exempt purpose, and (2) results in the organization incurring not more than de minimis incremental expenses.</p>]]></text>
          <lastSummaryUpdateDate>2017-02-08T15:15:34Z</lastSummaryUpdateDate>
          <actionDesc>Introduced in House</actionDesc>
          <updateDate>2017-02-01T05:00:00Z</updateDate>
          <name>Introduced in House</name>
          <versionCode>00</versionCode>
          <actionDate>2017-02-01</actionDate>
        </item>
      </billSummaries>
    </summaries>
    <billType>HR</billType>
    <latestAction>
      <text>Referred to the House Committee on Ways and Means.</text>
      <links />
      <actionDate>2017-02-01</actionDate>
    </latestAction>
    <policyArea>
      <name>Taxation</name>
    </policyArea>
    <relatedBills>
      <item>
        <latestTitle>The Free Speech Fairness Act</latestTitle>
        <number>264</number>
        <latestAction>
          <text>Read twice and referred to the Committee on Finance.</text>
          <actionDate>2017-02-01</actionDate>
        </latestAction>
        <type>S</type>
        <congress>115</congress>
        <relationshipDetails>
          <item>
            <identifiedBy>CRS</identifiedBy>
            <type>Identical bill</type>
          </item>
        </relationshipDetails>
      </item>
    </relatedBills>
    <introducedDate>2017-02-01</introducedDate>
    <actions>
      <actionByCounts>
        <houseOfRepresentatives>3</houseOfRepresentatives>
      </actionByCounts>
      <item>
        <committee>
          <systemCode>hswm00</systemCode>
          <name>Ways and Means Committee</name>
        </committee>
        <links />
        <type>IntroReferral</type>
        <text>Referred to the House Committee on Ways and Means.</text>
        <actionDate>2017-02-01</actionDate>
        <actionCode>H11100</actionCode>
        <sourceSystem>
          <code>2</code>
          <name>House floor actions</name>
        </sourceSystem>
      </item>
      <item>
        <committee />
        <links />
        <type>IntroReferral</type>
        <text>Introduced in House</text>
        <actionDate>2017-02-01</actionDate>
        <actionCode>Intro-H</actionCode>
        <sourceSystem>
          <code>9</code>
          <name>Library of Congress</name>
        </sourceSystem>
      </item>
      <item>
        <committee />
        <links />
        <type>IntroReferral</type>
        <text>Introduced in House</text>
        <actionDate>2017-02-01</actionDate>
        <actionCode>1000</actionCode>
        <sourceSystem>
          <code>9</code>
          <name>Library of Congress</name>
        </sourceSystem>
      </item>
      <actionTypeCounts>
        <introducedInHouse>1</introducedInHouse>
        <billReferrals>1</billReferrals>
        <introducedInTheHouse>1</introducedInTheHouse>
      </actionTypeCounts>
    </actions>
    <laws />
    <congress>115</congress>
    <committeeReports />
    <billNumber>781</billNumber>
    <cboCostEstimates />
    <cosponsors>
      <item>
        <bioguideId>H001071</bioguideId>
        <lastName>Hice</lastName>
        <isOriginalCosponsor>True</isOriginalCosponsor>
        <identifiers>
          <bioguideId>H001071</bioguideId>
          <lisID>2237</lisID>
          <gpoId />
        </identifiers>
        <district>10</district>
        <middleName>B.</middleName>
        <sponsorshipWithdrawnDate />
        <fullName>Rep. Hice, Jody B. [R-GA-10]</fullName>
        <sponsorshipDate>2017-02-01</sponsorshipDate>
        <state>GA</state>
        <firstName>Jody</firstName>
        <party>R</party>
      </item>
      <item>
        <bioguideId>M001151</bioguideId>
        <lastName>Murphy</lastName>
        <isOriginalCosponsor>False</isOriginalCosponsor>
        <identifiers>
          <lisID>1744</lisID>
          <bioguideId>M001151</bioguideId>
          <gpoId>8723</gpoId>
        </identifiers>
        <district>18</district>
        <middleName />
        <sponsorshipWithdrawnDate />
        <fullName>Rep. Murphy, Tim [R-PA-18]</fullName>
        <sponsorshipDate>2017-02-06</sponsorshipDate>
        <state>PA</state>
        <firstName>Tim</firstName>
        <party>R</party>
      </item>
      <item>
        <bioguideId>J000299</bioguideId>
        <lastName>Johnson</lastName>
        <isOriginalCosponsor>False</isOriginalCosponsor>
        <identifiers>
          <lisID>2330</lisID>
          <bioguideId>J000299</bioguideId>
          <gpoId />
        </identifiers>
        <district>4</district>
        <middleName />
        <sponsorshipWithdrawnDate />
        <fullName>Rep. Johnson, Mike [R-LA-4]</fullName>
        <sponsorshipDate>2017-02-06</sponsorshipDate>
        <state>LA</state>
        <firstName>Mike</firstName>
        <party>R</party>
      </item>
      <item>
        <bioguideId>B001299</bioguideId>
        <lastName>Banks</lastName>
        <isOriginalCosponsor>False</isOriginalCosponsor>
        <identifiers>
          <lisID>2326</lisID>
          <gpoId />
          <bioguideId>B001299</bioguideId>
        </identifiers>
        <district>3</district>
        <middleName />
        <sponsorshipWithdrawnDate />
        <fullName>Rep. Banks, Jim [R-IN-3]</fullName>
        <sponsorshipDate>2017-02-06</sponsorshipDate>
        <state>IN</state>
        <firstName>Jim</firstName>
        <party>R</party>
      </item>
      <item>
        <bioguideId>M001184</bioguideId>
        <lastName>Massie</lastName>
        <isOriginalCosponsor>False</isOriginalCosponsor>
        <identifiers>
          <bioguideId>M001184</bioguideId>
          <lisID>2094</lisID>
          <gpoId>8371</gpoId>
        </identifiers>
        <district>4</district>
        <middleName />
        <sponsorshipWithdrawnDate />
        <fullName>Rep. Massie, Thomas [R-KY-4]</fullName>
        <sponsorshipDate>2017-02-06</sponsorshipDate>
        <state>KY</state>
        <firstName>Thomas</firstName>
        <party>R</party>
      </item>
      <item>
        <bioguideId>D000615</bioguideId>
        <lastName>Duncan</lastName>
        <isOriginalCosponsor>False</isOriginalCosponsor>
        <identifiers>
          <lisID>2057</lisID>
          <gpoId>8143</gpoId>
          <bioguideId>D000615</bioguideId>
        </identifiers>
        <district>3</district>
        <middleName />
        <sponsorshipWithdrawnDate />
        <fullName>Rep. Duncan, Jeff [R-SC-3]</fullName>
        <sponsorshipDate>2017-02-06</sponsorshipDate>
        <state>SC</state>
        <firstName>Jeff</firstName>
        <party>R</party>
      </item>
      <item>
        <bioguideId>P000606</bioguideId>
        <lastName>Pittenger</lastName>
        <isOriginalCosponsor>False</isOriginalCosponsor>
        <identifiers>
          <lisID>2141</lisID>
          <bioguideId>P000606</bioguideId>
          <gpoId />
        </identifiers>
        <district>9</district>
        <middleName />
        <sponsorshipWithdrawnDate />
        <fullName>Rep. Pittenger, Robert [R-NC-9]</fullName>
        <sponsorshipDate>2017-02-06</sponsorshipDate>
        <state>NC</state>
        <firstName>Robert</firstName>
        <party>R</party>
      </item>
      <item>
        <bioguideId>R000575</bioguideId>
        <lastName>Rogers</lastName>
        <isOriginalCosponsor>False</isOriginalCosponsor>
        <identifiers>
          <gpoId>7788</gpoId>
          <lisID>1704</lisID>
          <bioguideId>R000575</bioguideId>
        </identifiers>
        <district>3</district>
        <middleName />
        <sponsorshipWithdrawnDate />
        <fullName>Rep. Rogers, Mike D. [R-AL-3]</fullName>
        <sponsorshipDate>2017-02-06</sponsorshipDate>
        <state>AL</state>
        <firstName>Mike</firstName>
        <party>R</party>
      </item>
      <item>
        <bioguideId>P000609</bioguideId>
        <lastName>Palmer</lastName>
        <isOriginalCosponsor>False</isOriginalCosponsor>
        <identifiers>
          <lisID>2221</lisID>
          <gpoId />
          <bioguideId>P000609</bioguideId>
        </identifiers>
        <district>6</district>
        <middleName>J.</middleName>
        <sponsorshipWithdrawnDate />
        <fullName>Rep. Palmer, Gary J. [R-AL-6]</fullName>
        <sponsorshipDate>2017-02-06</sponsorshipDate>
        <state>AL</state>
        <firstName>Gary</firstName>
        <party>R</party>
      </item>
      <item>
        <bioguideId>R000586</bioguideId>
        <lastName>Renacci</lastName>
        <isOriginalCosponsor>False</isOriginalCosponsor>
        <identifiers>
          <lisID>2048</lisID>
          <bioguideId>R000586</bioguideId>
          <gpoId>8106</gpoId>
        </identifiers>
        <district>16</district>
        <middleName>B.</middleName>
        <sponsorshipWithdrawnDate />
        <fullName>Rep. Renacci, James B. [R-OH-16]</fullName>
        <sponsorshipDate>2017-02-06</sponsorshipDate>
        <state>OH</state>
        <firstName>James</firstName>
        <party>R</party>
      </item>
      <item>
        <bioguideId>B001289</bioguideId>
        <lastName>Byrne</lastName>
        <isOriginalCosponsor>False</isOriginalCosponsor>
        <identifiers>
          <lisID>2197</lisID>
          <gpoId />
          <bioguideId>B001289</bioguideId>
        </identifiers>
        <district>1</district>
        <middleName />
        <sponsorshipWithdrawnDate />
        <fullName>Rep. Byrne, Bradley [R-AL-1]</fullName>
        <sponsorshipDate>2017-02-06</sponsorshipDate>
        <state>AL</state>
        <firstName>Bradley</firstName>
        <party>R</party>
      </item>
      <item>
        <bioguideId>G000578</bioguideId>
        <lastName>Gaetz</lastName>
        <isOriginalCosponsor>False</isOriginalCosponsor>
        <identifiers>
          <bioguideId>G000578</bioguideId>
          <lisID>2314</lisID>
          <gpoId />
        </identifiers>
        <district>1</district>
        <middleName />
        <sponsorshipWithdrawnDate />
        <fullName>Rep. Gaetz, Matt [R-FL-1]</fullName>
        <sponsorshipDate>2017-02-06</sponsorshipDate>
        <state>FL</state>
        <firstName>Matt</firstName>
        <party>R</party>
      </item>
      <item>
        <bioguideId>S001195</bioguideId>
        <lastName>Smith</lastName>
        <isOriginalCosponsor>False</isOriginalCosponsor>
        <identifiers>
          <lisID>2191</lisID>
          <gpoId />
          <bioguideId>S001195</bioguideId>
        </identifiers>
        <district>8</district>
        <middleName />
        <sponsorshipWithdrawnDate />
        <fullName>Rep. Smith, Jason [R-MO-8]</fullName>
        <sponsorshipDate>2017-02-07</sponsorshipDate>
        <state>MO</state>
        <firstName>Jason</firstName>
        <party>R</party>
      </item>
      <item>
        <bioguideId>F000460</bioguideId>
        <lastName>Farenthold</lastName>
        <isOriginalCosponsor>False</isOriginalCosponsor>
        <identifiers>
          <lisID>2067</lisID>
          <gpoId>8183</gpoId>
          <bioguideId>F000460</bioguideId>
        </identifiers>
        <district>27</district>
        <middleName />
        <sponsorshipWithdrawnDate />
        <fullName>Rep. Farenthold, Blake [R-TX-27]</fullName>
        <sponsorshipDate>2017-02-07</sponsorshipDate>
        <state>TX</state>
        <firstName>Blake</firstName>
        <party>R</party>
      </item>
      <item>
        <bioguideId>A000374</bioguideId>
        <lastName>Abraham</lastName>
        <isOriginalCosponsor>False</isOriginalCosponsor>
        <identifiers>
          <bioguideId>A000374</bioguideId>
          <lisID>2244</lisID>
          <gpoId />
        </identifiers>
        <district>5</district>
        <middleName>Lee</middleName>
        <sponsorshipWithdrawnDate />
        <fullName>Rep. Abraham, Ralph Lee [R-LA-5]</fullName>
        <sponsorshipDate>2017-02-14</sponsorshipDate>
        <state>LA</state>
        <firstName>Ralph</firstName>
        <party>R</party>
      </item>
      <item>
        <bioguideId>F000461</bioguideId>
        <lastName>Flores</lastName>
        <isOriginalCosponsor>False</isOriginalCosponsor>
        <identifiers>
          <lisID>2065</lisID>
          <bioguideId>F000461</bioguideId>
          <gpoId>8173</gpoId>
        </identifiers>
        <district>17</district>
        <middleName />
        <sponsorshipWithdrawnDate />
        <fullName>Rep. Flores, Bill [R-TX-17]</fullName>
        <sponsorshipDate>2017-02-14</sponsorshipDate>
        <state>TX</state>
        <firstName>Bill</firstName>
        <party>R</party>
      </item>
      <item>
        <bioguideId>A000055</bioguideId>
        <lastName>ADERHOLT</lastName>
        <isOriginalCosponsor>False</isOriginalCosponsor>
        <identifiers>
          <lisID>1460</lisID>
          <gpoId>7789</gpoId>
          <bioguideId>A000055</bioguideId>
        </identifiers>
        <district>4</district>
        <middleName>B.</middleName>
        <sponsorshipWithdrawnDate />
        <fullName>Rep. Aderholt, Robert B. [R-AL-4]</fullName>
        <sponsorshipDate>2017-02-14</sponsorshipDate>
        <state>AL</state>
        <firstName>ROBERT</firstName>
        <party>R</party>
      </item>
      <item>
        <bioguideId>A000372</bioguideId>
        <lastName>Allen</lastName>
        <isOriginalCosponsor>False</isOriginalCosponsor>
        <identifiers>
          <lisID>2239</lisID>
          <gpoId />
          <bioguideId>A000372</bioguideId>
        </identifiers>
        <district>12</district>
        <middleName>W.</middleName>
        <sponsorshipWithdrawnDate />
        <fullName>Rep. Allen, Rick W. [R-GA-12]</fullName>
        <sponsorshipDate>2017-02-14</sponsorshipDate>
        <state>GA</state>
        <firstName>Rick</firstName>
        <party>R</party>
      </item>
      <item>
        <bioguideId>B001305</bioguideId>
        <lastName>Budd</lastName>
        <isOriginalCosponsor>False</isOriginalCosponsor>
        <identifiers>
          <bioguideId>B001305</bioguideId>
          <gpoId />
          <lisID>2336</lisID>
        </identifiers>
        <district>13</district>
        <middleName />
        <sponsorshipWithdrawnDate />
        <fullName>Rep. Budd, Ted [R-NC-13]</fullName>
        <sponsorshipDate>2017-02-14</sponsorshipDate>
        <state>NC</state>
        <firstName>Ted</firstName>
        <party>R</party>
      </item>
      <item>
        <bioguideId>C001053</bioguideId>
        <lastName>Cole</lastName>
        <isOriginalCosponsor>False</isOriginalCosponsor>
        <identifiers>
          <bioguideId>C001053</bioguideId>
          <lisID>1742</lisID>
          <gpoId>8112</gpoId>
        </identifiers>
        <district>4</district>
        <middleName />
        <sponsorshipWithdrawnDate />
        <fullName>Rep. Cole, Tom [R-OK-4]</fullName>
        <sponsorshipDate>2017-02-14</sponsorshipDate>
        <state>OK</state>
        <firstName>Tom</firstName>
        <party>R</party>
      </item>
      <item>
        <bioguideId>C001093</bioguideId>
        <lastName>Collins</lastName>
        <isOriginalCosponsor>False</isOriginalCosponsor>
        <identifiers>
          <lisID>2121</lisID>
          <gpoId />
          <bioguideId>C001093</bioguideId>
        </identifiers>
        <district>9</district>
        <middleName />
        <sponsorshipWithdrawnDate />
        <fullName>Rep. Collins, Doug [R-GA-9]</fullName>
        <sponsorshipDate>2017-02-14</sponsorshipDate>
        <state>GA</state>
        <firstName>Doug</firstName>
        <party>R</party>
      </item>
      <item>
        <bioguideId>C001096</bioguideId>
        <lastName>Cramer</lastName>
        <isOriginalCosponsor>False</isOriginalCosponsor>
        <identifiers>
          <lisID>2144</lisID>
          <gpoId />
          <bioguideId>C001096</bioguideId>
        </identifiers>
        <district>0</district>
        <middleName />
        <sponsorshipWithdrawnDate />
        <fullName>Rep. Cramer, Kevin [R-ND-At Large]</fullName>
        <sponsorshipDate>2017-02-14</sponsorshipDate>
        <state>ND</state>
        <firstName>Kevin</firstName>
        <party>R</party>
      </item>
      <item>
        <bioguideId>G000552</bioguideId>
        <lastName>Gohmert</lastName>
        <isOriginalCosponsor>False</isOriginalCosponsor>
        <identifiers>
          <gpoId>8157</gpoId>
          <lisID>1801</lisID>
          <bioguideId>G000552</bioguideId>
        </identifiers>
        <district>1</district>
        <middleName />
        <sponsorshipWithdrawnDate />
        <fullName>Rep. Gohmert, Louie [R-TX-1]</fullName>
        <sponsorshipDate>2017-02-14</sponsorshipDate>
        <state>TX</state>
        <firstName>Louie</firstName>
        <party>R</party>
      </item>
      <item>
        <bioguideId>G000568</bioguideId>
        <lastName>Griffith</lastName>
        <isOriginalCosponsor>False</isOriginalCosponsor>
        <identifiers>
          <bioguideId>G000568</bioguideId>
          <lisID>2070</lisID>
          <gpoId>8200</gpoId>
        </identifiers>
        <district>9</district>
        <middleName>Morgan</middleName>
        <sponsorshipWithdrawnDate />
        <fullName>Rep. Griffith, H. Morgan [R-VA-9]</fullName>
        <sponsorshipDate>2017-02-14</sponsorshipDate>
        <state>VA</state>
        <firstName>H.</firstName>
        <party>R</party>
      </item>
      <item>
        <bioguideId>G000576</bioguideId>
        <lastName>Grothman</lastName>
        <isOriginalCosponsor>False</isOriginalCosponsor>
        <identifiers>
          <bioguideId>G000576</bioguideId>
          <lisID>2276</lisID>
          <gpoId />
        </identifiers>
        <district>6</district>
        <middleName />
        <sponsorshipWithdrawnDate />
        <fullName>Rep. Grothman, Glenn [R-WI-6]</fullName>
        <sponsorshipDate>2017-02-14</sponsorshipDate>
        <state>WI</state>
        <firstName>Glenn</firstName>
        <party>R</party>
      </item>
      <item>
        <bioguideId>H001052</bioguideId>
        <lastName>Harris</lastName>
        <isOriginalCosponsor>False</isOriginalCosponsor>
        <identifiers>
          <bioguideId>H001052</bioguideId>
          <lisID>2026</lisID>
          <gpoId>7976</gpoId>
        </identifiers>
        <district>1</district>
        <middleName />
        <sponsorshipWithdrawnDate />
        <fullName>Rep. Harris, Andy [R-MD-1]</fullName>
        <sponsorshipDate>2017-02-14</sponsorshipDate>
        <state>MD</state>
        <firstName>Andy</firstName>
        <party>R</party>
      </item>
      <item>
        <bioguideId>H001036</bioguideId>
        <lastName>Hensarling</lastName>
        <isOriginalCosponsor>False</isOriginalCosponsor>
        <identifiers>
          <lisID>1749</lisID>
          <bioguideId>H001036</bioguideId>
          <gpoId>8161</gpoId>
        </identifiers>
        <district>5</district>
        <middleName />
        <sponsorshipWithdrawnDate />
        <fullName>Rep. Hensarling, Jeb [R-TX-5]</fullName>
        <sponsorshipDate>2017-02-14</sponsorshipDate>
        <state>TX</state>
        <firstName>Jeb</firstName>
        <party>R</party>
      </item>
      <item>
        <bioguideId>J000289</bioguideId>
        <lastName>Jordan</lastName>
        <isOriginalCosponsor>False</isOriginalCosponsor>
        <identifiers>
          <lisID>1868</lisID>
          <bioguideId>J000289</bioguideId>
          <gpoId>8094</gpoId>
        </identifiers>
        <district>4</district>
        <middleName />
        <sponsorshipWithdrawnDate />
        <fullName>Rep. Jordan, Jim [R-OH-4]</fullName>
        <sponsorshipDate>2017-02-14</sponsorshipDate>
        <state>OH</state>
        <firstName>Jim</firstName>
        <party>R</party>
      </item>
      <item>
        <bioguideId>K000362</bioguideId>
        <lastName>King</lastName>
        <isOriginalCosponsor>False</isOriginalCosponsor>
        <identifiers>
          <bioguideId>K000362</bioguideId>
          <gpoId>7918</gpoId>
          <lisID>1724</lisID>
        </identifiers>
        <district>4</district>
        <middleName />
        <sponsorshipWithdrawnDate />
        <fullName>Rep. King, Steve [R-IA-4]</fullName>
        <sponsorshipDate>2017-02-14</sponsorshipDate>
        <state>IA</state>
        <firstName>Steve</firstName>
        <party>R</party>
      </item>
      <item>
        <bioguideId>L000573</bioguideId>
        <lastName>Labrador</lastName>
        <isOriginalCosponsor>False</isOriginalCosponsor>
        <identifiers>
          <lisID>2011</lisID>
          <bioguideId>L000573</bioguideId>
          <gpoId>7919</gpoId>
        </identifiers>
        <district>1</district>
        <middleName>R.</middleName>
        <sponsorshipWithdrawnDate />
        <fullName>Rep. Labrador, Raul R. [R-ID-1]</fullName>
        <sponsorshipDate>2017-02-14</sponsorshipDate>
        <state>ID</state>
        <firstName>Raul</firstName>
        <party>R</party>
      </item>
      <item>
        <bioguideId>L000583</bioguideId>
        <lastName>Loudermilk</lastName>
        <isOriginalCosponsor>False</isOriginalCosponsor>
        <identifiers>
          <bioguideId>L000583</bioguideId>
          <lisID>2238</lisID>
          <gpoId />
        </identifiers>
        <district>11</district>
        <middleName />
        <sponsorshipWithdrawnDate />
        <fullName>Rep. Loudermilk, Barry [R-GA-11]</fullName>
        <sponsorshipDate>2017-02-14</sponsorshipDate>
        <state>GA</state>
        <firstName>Barry</firstName>
        <party>R</party>
      </item>
      <item>
        <bioguideId>M001187</bioguideId>
        <lastName>Meadows</lastName>
        <isOriginalCosponsor>False</isOriginalCosponsor>
        <identifiers>
          <gpoId />
          <lisID>2142</lisID>
          <bioguideId>M001187</bioguideId>
        </identifiers>
        <district>11</district>
        <middleName />
        <sponsorshipWithdrawnDate />
        <fullName>Rep. Meadows, Mark [R-NC-11]</fullName>
        <sponsorshipDate>2017-02-14</sponsorshipDate>
        <state>NC</state>
        <firstName>Mark</firstName>
        <party>R</party>
      </item>
      <item>
        <bioguideId>P000588</bioguideId>
        <lastName>Pearce</lastName>
        <isOriginalCosponsor>False</isOriginalCosponsor>
        <identifiers>
          <bioguideId>P000588</bioguideId>
          <lisID>1738</lisID>
          <gpoId>8057</gpoId>
        </identifiers>
        <district>2</district>
        <middleName />
        <sponsorshipWithdrawnDate />
        <fullName>Rep. Pearce, Stevan [R-NM-2]</fullName>
        <sponsorshipDate>2017-02-14</sponsorshipDate>
        <state>NM</state>
        <firstName>Stevan</firstName>
        <party>R</party>
      </item>
      <item>
        <bioguideId>R000598</bioguideId>
        <lastName>Rothfus</lastName>
        <isOriginalCosponsor>False</isOriginalCosponsor>
        <identifiers>
          <lisID>2158</lisID>
          <gpoId />
          <bioguideId>R000598</bioguideId>
        </identifiers>
        <district>12</district>
        <middleName>J.</middleName>
        <sponsorshipWithdrawnDate />
        <fullName>Rep. Rothfus, Keith J. [R-PA-12]</fullName>
        <sponsorshipDate>2017-02-14</sponsorshipDate>
        <state>PA</state>
        <firstName>Keith</firstName>
        <party>R</party>
      </item>
      <item>
        <bioguideId>R000603</bioguideId>
        <lastName>Rouzer</lastName>
        <isOriginalCosponsor>False</isOriginalCosponsor>
        <identifiers>
          <lisID>2256</lisID>
          <bioguideId>R000603</bioguideId>
          <gpoId />
        </identifiers>
        <district>7</district>
        <middleName />
        <sponsorshipWithdrawnDate />
        <fullName>Rep. Rouzer, David [R-NC-7]</fullName>
        <sponsorshipDate>2017-02-14</sponsorshipDate>
        <state>NC</state>
        <firstName>David</firstName>
        <party>R</party>
      </item>
      <item>
        <bioguideId>S001189</bioguideId>
        <lastName>Scott</lastName>
        <isOriginalCosponsor>False</isOriginalCosponsor>
        <identifiers>
          <gpoId>7905</gpoId>
          <lisID>2009</lisID>
          <bioguideId>S001189</bioguideId>
        </identifiers>
        <district>8</district>
        <middleName />
        <sponsorshipWithdrawnDate />
        <fullName>Rep. Scott, Austin [R-GA-8]</fullName>
        <sponsorshipDate>2017-02-14</sponsorshipDate>
        <state>GA</state>
        <firstName>Austin</firstName>
        <party>R</party>
      </item>
      <item>
        <bioguideId>W000798</bioguideId>
        <lastName>Walberg</lastName>
        <isOriginalCosponsor>False</isOriginalCosponsor>
        <identifiers>
          <lisID>1855</lisID>
          <bioguideId>W000798</bioguideId>
          <gpoId>7992</gpoId>
        </identifiers>
        <district>7</district>
        <middleName />
        <sponsorshipWithdrawnDate />
        <fullName>Rep. Walberg, Tim [R-MI-7]</fullName>
        <sponsorshipDate>2017-02-14</sponsorshipDate>
        <state>MI</state>
        <firstName>Tim</firstName>
        <party>R</party>
      </item>
      <item>
        <bioguideId>W000814</bioguideId>
        <lastName>Weber</lastName>
        <isOriginalCosponsor>False</isOriginalCosponsor>
        <identifiers>
          <lisID>2161</lisID>
          <bioguideId>W000814</bioguideId>
          <gpoId />
        </identifiers>
        <district>14</district>
        <middleName>K.</middleName>
        <sponsorshipWithdrawnDate />
        <fullName>Rep. Weber, Randy K., Sr. [R-TX-14]</fullName>
        <sponsorshipDate>2017-02-14</sponsorshipDate>
        <state>TX</state>
        <firstName>Randy</firstName>
        <party>R</party>
      </item>
      <item>
        <bioguideId>W000821</bioguideId>
        <lastName>Westerman</lastName>
        <isOriginalCosponsor>False</isOriginalCosponsor>
        <identifiers>
          <lisID>2224</lisID>
          <gpoId />
          <bioguideId>W000821</bioguideId>
        </identifiers>
        <district>4</district>
        <middleName />
        <sponsorshipWithdrawnDate />
        <fullName>Rep. Westerman, Bruce [R-AR-4]</fullName>
        <sponsorshipDate>2017-02-14</sponsorshipDate>
        <state>AR</state>
        <firstName>Bruce</firstName>
        <party>R</party>
      </item>
      <item>
        <bioguideId>L000569</bioguideId>
        <lastName>Luetkemeyer</lastName>
        <isOriginalCosponsor>False</isOriginalCosponsor>
        <identifiers>
          <gpoId>8017</gpoId>
          <lisID>1931</lisID>
          <bioguideId>L000569</bioguideId>
        </identifiers>
        <district>3</district>
        <middleName />
        <sponsorshipWithdrawnDate />
        <fullName>Rep. Luetkemeyer, Blaine [R-MO-3]</fullName>
        <sponsorshipDate>2017-02-14</sponsorshipDate>
        <state>MO</state>
        <firstName>Blaine</firstName>
        <party>R</party>
      </item>
      <item>
        <bioguideId>H001053</bioguideId>
        <lastName>Hartzler</lastName>
        <isOriginalCosponsor>False</isOriginalCosponsor>
        <identifiers>
          <lisID>2032</lisID>
          <gpoId>8012</gpoId>
          <bioguideId>H001053</bioguideId>
        </identifiers>
        <district>4</district>
        <middleName />
        <sponsorshipWithdrawnDate />
        <fullName>Rep. Hartzler, Vicky [R-MO-4]</fullName>
        <sponsorshipDate>2017-02-16</sponsorshipDate>
        <state>MO</state>
        <firstName>Vicky</firstName>
        <party>R</party>
      </item>
      <item>
        <bioguideId>H001067</bioguideId>
        <lastName>Hudson</lastName>
        <isOriginalCosponsor>False</isOriginalCosponsor>
        <identifiers>
          <lisID>2140</lisID>
          <gpoId />
          <bioguideId>H001067</bioguideId>
        </identifiers>
        <district>8</district>
        <middleName />
        <sponsorshipWithdrawnDate />
        <fullName>Rep. Hudson, Richard [R-NC-8]</fullName>
        <sponsorshipDate>2017-02-24</sponsorshipDate>
        <state>NC</state>
        <firstName>Richard</firstName>
        <party>R</party>
      </item>
      <item>
        <bioguideId>B001282</bioguideId>
        <lastName>Barr</lastName>
        <isOriginalCosponsor>False</isOriginalCosponsor>
        <identifiers>
          <lisID>2131</lisID>
          <gpoId />
          <bioguideId>B001282</bioguideId>
        </identifiers>
        <district>6</district>
        <middleName />
        <sponsorshipWithdrawnDate />
        <fullName>Rep. Barr, Andy [R-KY-6]</fullName>
        <sponsorshipDate>2017-02-24</sponsorshipDate>
        <state>KY</state>
        <firstName>Andy</firstName>
        <party>R</party>
      </item>
      <item>
        <bioguideId>L000578</bioguideId>
        <lastName>LaMalfa</lastName>
        <isOriginalCosponsor>False</isOriginalCosponsor>
        <identifiers>
          <lisID>2100</lisID>
          <gpoId />
          <bioguideId>L000578</bioguideId>
        </identifiers>
        <district>1</district>
        <middleName />
        <sponsorshipWithdrawnDate />
        <fullName>Rep. LaMalfa, Doug [R-CA-1]</fullName>
        <sponsorshipDate>2017-02-24</sponsorshipDate>
        <state>CA</state>
        <firstName>Doug</firstName>
        <party>R</party>
      </item>
      <item>
        <bioguideId>D000616</bioguideId>
        <lastName>DesJarlais</lastName>
        <isOriginalCosponsor>False</isOriginalCosponsor>
        <identifiers>
          <gpoId>8151</gpoId>
          <lisID>2062</lisID>
          <bioguideId>D000616</bioguideId>
        </identifiers>
        <district>4</district>
        <middleName />
        <sponsorshipWithdrawnDate />
        <fullName>Rep. DesJarlais, Scott [R-TN-4]</fullName>
        <sponsorshipDate>2017-02-24</sponsorshipDate>
        <state>TN</state>
        <firstName>Scott</firstName>
        <party>R</party>
      </item>
      <item>
        <bioguideId>Y000065</bioguideId>
        <lastName>Yoho</lastName>
        <isOriginalCosponsor>False</isOriginalCosponsor>
        <identifiers>
          <lisID>2115</lisID>
          <bioguideId>Y000065</bioguideId>
          <gpoId />
        </identifiers>
        <district>3</district>
        <middleName>S.</middleName>
        <sponsorshipWithdrawnDate />
        <fullName>Rep. Yoho, Ted S. [R-FL-3]</fullName>
        <sponsorshipDate>2017-02-24</sponsorshipDate>
        <state>FL</state>
        <firstName>Ted</firstName>
        <party>R</party>
      </item>
      <item>
        <bioguideId>W000795</bioguideId>
        <lastName>Wilson</lastName>
        <isOriginalCosponsor>False</isOriginalCosponsor>
        <identifiers>
          <bioguideId>W000795</bioguideId>
          <lisID>1688</lisID>
          <gpoId>8142</gpoId>
        </identifiers>
        <district>2</district>
        <middleName />
        <sponsorshipWithdrawnDate />
        <fullName>Rep. Wilson, Joe [R-SC-2]</fullName>
        <sponsorshipDate>2017-02-24</sponsorshipDate>
        <state>SC</state>
        <firstName>Joe</firstName>
        <party>R</party>
      </item>
      <item>
        <bioguideId>S000364</bioguideId>
        <lastName>SHIMKUS</lastName>
        <isOriginalCosponsor>False</isOriginalCosponsor>
        <identifiers>
          <lisID>1527</lisID>
          <bioguideId>S000364</bioguideId>
          <gpoId>7939</gpoId>
        </identifiers>
        <district>15</district>
        <middleName>M.</middleName>
        <sponsorshipWithdrawnDate />
        <fullName>Rep. Shimkus, John [R-IL-15]</fullName>
        <sponsorshipDate>2017-02-27</sponsorshipDate>
        <state>IL</state>
        <firstName>JOHN</firstName>
        <party>R</party>
      </item>
      <item>
        <bioguideId>M001189</bioguideId>
        <lastName>Messer</lastName>
        <isOriginalCosponsor>False</isOriginalCosponsor>
        <identifiers>
          <lisID>2130</lisID>
          <gpoId />
          <bioguideId>M001189</bioguideId>
        </identifiers>
        <district>6</district>
        <middleName />
        <sponsorshipWithdrawnDate />
        <fullName>Rep. Messer, Luke [R-IN-6]</fullName>
        <sponsorshipDate>2017-02-27</sponsorshipDate>
        <state>IN</state>
        <firstName>Luke</firstName>
        <party>R</party>
      </item>
      <item>
        <bioguideId>B001290</bioguideId>
        <lastName>Brat</lastName>
        <isOriginalCosponsor>False</isOriginalCosponsor>
        <identifiers>
          <gpoId />
          <lisID>2203</lisID>
          <bioguideId>B001290</bioguideId>
        </identifiers>
        <district>7</district>
        <middleName />
        <sponsorshipWithdrawnDate />
        <fullName>Rep. Brat, Dave [R-VA-7]</fullName>
        <sponsorshipDate>2017-03-02</sponsorshipDate>
        <state>VA</state>
        <firstName>Dave</firstName>
        <party>R</party>
      </item>
      <item>
        <bioguideId>D000628</bioguideId>
        <lastName>Dunn</lastName>
        <isOriginalCosponsor>False</isOriginalCosponsor>
        <identifiers>
          <lisID>2315</lisID>
          <gpoId />
          <bioguideId>D000628</bioguideId>
        </identifiers>
        <district>2</district>
        <middleName>P.</middleName>
        <sponsorshipWithdrawnDate />
        <fullName>Rep. Dunn, Neal P. [R-FL-2]</fullName>
        <sponsorshipDate>2017-03-07</sponsorshipDate>
        <state>FL</state>
        <firstName>Neal</firstName>
        <party>R</party>
      </item>
      <item>
        <bioguideId>B001291</bioguideId>
        <lastName>Babin</lastName>
        <isOriginalCosponsor>False</isOriginalCosponsor>
        <identifiers>
          <bioguideId>B001291</bioguideId>
          <gpoId />
          <lisID>2270</lisID>
        </identifiers>
        <district>36</district>
        <middleName />
        <sponsorshipWithdrawnDate />
        <fullName>Rep. Babin, Brian [R-TX-36]</fullName>
        <sponsorshipDate>2017-03-23</sponsorshipDate>
        <state>TX</state>
        <firstName>Brian</firstName>
        <party>R</party>
      </item>
      <item>
        <bioguideId>A000375</bioguideId>
        <lastName>Arrington</lastName>
        <isOriginalCosponsor>False</isOriginalCosponsor>
        <identifiers>
          <lisID>2350</lisID>
          <bioguideId>A000375</bioguideId>
          <gpoId />
        </identifiers>
        <district>19</district>
        <middleName>C.</middleName>
        <sponsorshipWithdrawnDate />
        <fullName>Rep. Arrington, Jodey C. [R-TX-19]</fullName>
        <sponsorshipDate>2017-03-23</sponsorshipDate>
        <state>TX</state>
        <firstName>Jodey</firstName>
        <party>R</party>
      </item>
      <item>
        <bioguideId>M001198</bioguideId>
        <lastName>Marshall</lastName>
        <isOriginalCosponsor>False</isOriginalCosponsor>
        <identifiers>
          <lisID>2328</lisID>
          <gpoId />
          <bioguideId>M001198</bioguideId>
        </identifiers>
        <district>1</district>
        <middleName>W.</middleName>
        <sponsorshipWithdrawnDate />
        <fullName>Rep. Marshall, Roger W. [R-KS-1]</fullName>
        <sponsorshipDate>2017-04-25</sponsorshipDate>
        <state>KS</state>
        <firstName>Roger</firstName>
        <party>R</party>
      </item>
      <item>
        <bioguideId>H001059</bioguideId>
        <lastName>Hultgren</lastName>
        <isOriginalCosponsor>False</isOriginalCosponsor>
        <identifiers>
          <bioguideId>H001059</bioguideId>
          <lisID>2015</lisID>
          <gpoId>7934</gpoId>
        </identifiers>
        <district>14</district>
        <middleName />
        <sponsorshipWithdrawnDate />
        <fullName>Rep. Hultgren, Randy [R-IL-14]</fullName>
        <sponsorshipDate>2017-04-25</sponsorshipDate>
        <state>IL</state>
        <firstName>Randy</firstName>
        <party>R</party>
      </item>
      <item>
        <bioguideId>G000560</bioguideId>
        <lastName>Graves</lastName>
        <isOriginalCosponsor>False</isOriginalCosponsor>
        <identifiers>
          <lisID>1979</lisID>
          <gpoId>7906</gpoId>
          <bioguideId>G000560</bioguideId>
        </identifiers>
        <district>14</district>
        <middleName />
        <sponsorshipWithdrawnDate />
        <fullName>Rep. Graves, Tom [R-GA-14]</fullName>
        <sponsorshipDate>2017-04-25</sponsorshipDate>
        <state>GA</state>
        <firstName>Tom</firstName>
        <party>R</party>
      </item>
      <item>
        <bioguideId>W000806</bioguideId>
        <lastName>Webster</lastName>
        <isOriginalCosponsor>False</isOriginalCosponsor>
        <identifiers>
          <lisID>2002</lisID>
          <bioguideId>W000806</bioguideId>
          <gpoId>7880</gpoId>
        </identifiers>
        <district>11</district>
        <middleName />
        <sponsorshipWithdrawnDate />
        <fullName>Rep. Webster, Daniel [R-FL-11]</fullName>
        <sponsorshipDate>2017-06-06</sponsorshipDate>
        <state>FL</state>
        <firstName>Daniel</firstName>
        <party>R</party>
      </item>
      <item>
        <bioguideId>R000607</bioguideId>
        <lastName>Rooney</lastName>
        <isOriginalCosponsor>False</isOriginalCosponsor>
        <identifiers>
          <gpoId />
          <lisID>2323</lisID>
          <bioguideId>R000607</bioguideId>
        </identifiers>
        <district>19</district>
        <middleName />
        <sponsorshipWithdrawnDate />
        <fullName>Rep. Rooney, Francis [R-FL-19]</fullName>
        <sponsorshipDate>2017-10-23</sponsorshipDate>
        <state>FL</state>
        <firstName>Francis</firstName>
        <party>R</party>
      </item>
      <item>
        <bioguideId>W000804</bioguideId>
        <lastName>Wittman</lastName>
        <isOriginalCosponsor>False</isOriginalCosponsor>
        <identifiers>
          <lisID>1886</lisID>
          <bioguideId>W000804</bioguideId>
          <gpoId>8192</gpoId>
        </identifiers>
        <district>1</district>
        <middleName>J.</middleName>
        <sponsorshipWithdrawnDate />
        <fullName>Rep. Wittman, Robert J. [R-VA-1]</fullName>
        <sponsorshipDate>2017-10-23</sponsorshipDate>
        <state>VA</state>
        <firstName>Robert</firstName>
        <party>R</party>
      </item>
      <item>
        <bioguideId>G000289</bioguideId>
        <lastName>GOODLATTE</lastName>
        <isOriginalCosponsor>False</isOriginalCosponsor>
        <identifiers>
          <bioguideId>G000289</bioguideId>
          <lisID>446</lisID>
          <gpoId>8197</gpoId>
        </identifiers>
        <district>6</district>
        <middleName>W.</middleName>
        <sponsorshipWithdrawnDate />
        <fullName>Rep. Goodlatte, Bob [R-VA-6]</fullName>
        <sponsorshipDate>2017-10-23</sponsorshipDate>
        <state>VA</state>
        <firstName>ROBERT</firstName>
        <party>R</party>
      </item>
      <item>
        <bioguideId>J000297</bioguideId>
        <lastName>Jenkins</lastName>
        <isOriginalCosponsor>False</isOriginalCosponsor>
        <identifiers>
          <lisID>2278</lisID>
          <gpoId />
          <bioguideId>J000297</bioguideId>
        </identifiers>
        <district>3</district>
        <middleName>H.</middleName>
        <sponsorshipWithdrawnDate />
        <fullName>Rep. Jenkins, Evan H. [R-WV-3]</fullName>
        <sponsorshipDate>2017-10-23</sponsorshipDate>
        <state>WV</state>
        <firstName>Evan</firstName>
        <party>R</party>
      </item>
      <item>
        <bioguideId>S001187</bioguideId>
        <lastName>Stivers</lastName>
        <isOriginalCosponsor>False</isOriginalCosponsor>
        <identifiers>
          <bioguideId>S001187</bioguideId>
          <lisID>2047</lisID>
          <gpoId>8105</gpoId>
        </identifiers>
        <district>15</district>
        <middleName />
        <sponsorshipWithdrawnDate />
        <fullName>Rep. Stivers, Steve [R-OH-15]</fullName>
        <sponsorshipDate>2018-05-16</sponsorshipDate>
        <state>OH</state>
        <firstName>Steve</firstName>
        <party>R</party>
      </item>
      <item>
        <bioguideId>L000566</bioguideId>
        <lastName>Latta</lastName>
        <isOriginalCosponsor>False</isOriginalCosponsor>
        <identifiers>
          <bioguideId>L000566</bioguideId>
          <gpoId>8095</gpoId>
          <lisID>1885</lisID>
        </identifiers>
        <district>5</district>
        <middleName>E.</middleName>
        <sponsorshipWithdrawnDate />
        <fullName>Rep. Latta, Robert E. [R-OH-5]</fullName>
        <sponsorshipDate>2018-05-17</sponsorshipDate>
        <state>OH</state>
        <firstName>Robert</firstName>
        <party>R</party>
      </item>
    </cosponsors>
    <committees>
      <billCommittees>
        <item>
          <chamber>House</chamber>
          <systemCode>hswm00</systemCode>
          <subcommittees />
          <type>Standing</type>
          <name>Ways and Means Committee</name>
          <activities>
            <item>
              <name>Referred to</name>
              <date>2017-02-01T15:00:18Z</date>
            </item>
          </activities>
        </item>
      </billCommittees>
    </committees>
    <notes />
    <amendments />
    <recordedVotes />
    <createDate>2017-02-02T05:28:45Z</createDate>
    <sponsors>
      <item>
        <bioguideId>S001176</bioguideId>
        <party>R</party>
        <firstName>Steve</firstName>
        <fullName>Rep. Scalise, Steve [R-LA-1]</fullName>
        <state>LA</state>
        <district>1</district>
        <lastName>Scalise</lastName>
        <middleName />
        <identifiers>
          <lisID>1892</lisID>
          <gpoId>7959</gpoId>
          <bioguideId>S001176</bioguideId>
        </identifiers>
        <byRequestType />
      </item>
    </sponsors>
    <titles>
      <item>
        <chamberCode />
        <titleType>Short Titles as Introduced</titleType>
        <parentTitleType />
        <chamberName />
        <title>Free Speech Fairness Act</title>
      </item>
      <item>
        <chamberCode />
        <titleType>Official Title as Introduced</titleType>
        <parentTitleType />
        <chamberName />
        <title>To amend the Internal Revenue Code of 1986 to allow charitable organizations to make statements relating to political campaigns if such statements are made in the ordinary course of carrying out its tax exempt purpose.</title>
      </item>
      <item>
        <chamberCode />
        <titleType>Display Title</titleType>
        <parentTitleType />
        <chamberName />
        <title>Free Speech Fairness Act</title>
      </item>
      <item>
        <chamberCode />
        <titleType>(Extracted from GPO) Short Titles as Introduced</titleType>
        <parentTitleType />
        <chamberName />
        <title>Free Speech Fairness Act</title>
      </item>
    </titles>
  </bill>
  <dublinCore xmlns:dc="http://purl.org/dc/elements/1.1/">
    <dc:format>text/xml</dc:format>
    <dc:language>EN</dc:language>
    <dc:rights>Pursuant to Title 17 Section 105 of the United States Code, this file is not subject to copyright protection and is in the public domain.</dc:rights>
    <dc:contributor>Congressional Research Service, Library of Congress</dc:contributor>
    <dc:description>This file contains bill summaries and statuses for federal legislation. A bill summary describes the most significant provisions of a piece of legislation and details the effects the legislative text may have on current law and federal programs. Bill summaries are authored by the Congressional Research Service (CRS) of the Library of Congress. As stated in Public Law 91-510 (2 USC 166 (d)(6)), one of the duties of CRS is "to prepare summaries and digests of bills and resolutions of a public general nature introduced in the Senate or House of Representatives". For more information, refer to the User Guide that accompanies this file.</dc:description>
  </dublinCore>
</billStatus>

