<?xml version="1.0" encoding="UTF-8"?>
<billStatus>
  <bill>
    <committees>
      <billCommittees>
        <item>
          <chamber>House</chamber>
          <systemCode>hsju00</systemCode>
          <type>Standing</type>
          <name>Judiciary Committee</name>
          <activities>
            <item>
              <name>Referred to</name>
              <date>2017-01-12T15:03:25Z</date>
            </item>
          </activities>
          <subcommittees />
        </item>
      </billCommittees>
    </committees>
    <calendarNumbers />
    <sponsors>
      <item>
        <identifiers>
          <bioguideId>D000191</bioguideId>
          <lisID>279</lisID>
          <gpoId>8117</gpoId>
        </identifiers>
        <district>4</district>
        <fullName>Rep. DeFazio, Peter A. [D-OR-4]</fullName>
        <lastName>DEFAZIO</lastName>
        <middleName>A.</middleName>
        <bioguideId>D000191</bioguideId>
        <party>D</party>
        <firstName>PETER</firstName>
        <state>OR</state>
        <byRequestType />
      </item>
    </sponsors>
    <billType>HR</billType>
    <summaries>
      <billSummaries />
    </summaries>
    <titles>
      <item>
        <chamberName />
        <title>To amend the Lobbying Disclosure Act of 1995 and the Foreign Agents Registration Act of 1938 to restrict the lobbying activities of former political appointees, and for other purposes.</title>
        <chamberCode />
        <titleType>Official Title as Introduced</titleType>
        <parentTitleType />
      </item>
      <item>
        <chamberName />
        <title>To amend the Lobbying Disclosure Act of 1995 and the Foreign Agents Registration Act of 1938 to restrict the lobbying activities of former political appointees, and for other purposes.</title>
        <chamberCode />
        <titleType>Display Title</titleType>
        <parentTitleType />
      </item>
    </titles>
    <billNumber>484</billNumber>
    <constitutionalAuthorityStatementText />
    <cboCostEstimates />
    <title>To amend the Lobbying Disclosure Act of 1995 and the Foreign Agents Registration Act of 1938 to restrict the lobbying activities of former political appointees, and for other purposes.</title>
    <amendments />
    <actions>
      <actionTypeCounts>
        <introducedInTheHouse>1</introducedInTheHouse>
        <billReferrals>1</billReferrals>
        <introducedInHouse>1</introducedInHouse>
      </actionTypeCounts>
      <item>
        <text>Referred to the House Committee on the Judiciary.</text>
        <committee>
          <name>Judiciary Committee</name>
          <systemCode>hsju00</systemCode>
        </committee>
        <type>IntroReferral</type>
        <actionDate>2017-01-12</actionDate>
        <sourceSystem>
          <code>2</code>
          <name>House floor actions</name>
        </sourceSystem>
        <links />
        <actionCode>H11100</actionCode>
      </item>
      <item>
        <text>Introduced in House</text>
        <committee />
        <type>IntroReferral</type>
        <actionDate>2017-01-12</actionDate>
        <sourceSystem>
          <code>9</code>
          <name>Library of Congress</name>
        </sourceSystem>
        <links />
        <actionCode>Intro-H</actionCode>
      </item>
      <item>
        <text>Introduced in House</text>
        <committee />
        <type>IntroReferral</type>
        <actionDate>2017-01-12</actionDate>
        <sourceSystem>
          <code>9</code>
          <name>Library of Congress</name>
        </sourceSystem>
        <links />
        <actionCode>1000</actionCode>
      </item>
      <actionByCounts>
        <houseOfRepresentatives>3</houseOfRepresentatives>
      </actionByCounts>
    </actions>
    <notes />
    <updateDate>2017-01-13T10:07:05Z</updateDate>
    <createDate>2017-01-13T04:55:31Z</createDate>
    <recordedVotes />
    <introducedDate>2017-01-12</introducedDate>
    <congress>115</congress>
    <committeeReports />
    <laws />
    <cosponsors>
      <item>
        <lastName>SLAUGHTER</lastName>
        <state>NY</state>
        <bioguideId>S000480</bioguideId>
        <firstName>LOUISE</firstName>
        <identifiers>
          <bioguideId>S000480</bioguideId>
          <gpoId>8089</gpoId>
          <lisID>1069</lisID>
        </identifiers>
        <sponsorshipDate>2017-01-12</sponsorshipDate>
        <party>D</party>
        <isOriginalCosponsor>True</isOriginalCosponsor>
        <sponsorshipWithdrawnDate />
        <district>25</district>
        <fullName>Rep. Slaughter, Louise McIntosh [D-NY-25]</fullName>
        <middleName>M.</middleName>
      </item>
    </cosponsors>
    <originChamber>House</originChamber>
    <latestAction>
      <links />
      <text>Referred to the House Committee on the Judiciary.</text>
      <actionDate>2017-01-12</actionDate>
    </latestAction>
    <policyArea />
    <relatedBills />
    <subjects>
      <billSubjects>
        <legislativeSubjects />
      </billSubjects>
    </subjects>
  </bill>
  <dublinCore xmlns:dc="http://purl.org/dc/elements/1.1/">
    <dc:format>text/xml</dc:format>
    <dc:language>EN</dc:language>
    <dc:rights>Pursuant to Title 17 Section 105 of the United States Code, this file is not subject to copyright protection and is in the public domain.</dc:rights>
    <dc:contributor>Congressional Research Service, Library of Congress</dc:contributor>
    <dc:description>This file contains bill summaries and statuses for federal legislation. A bill summary describes the most significant provisions of a piece of legislation and details the effects the legislative text may have on current law and federal programs. Bill summaries are authored by the Congressional Research Service (CRS) of the Library of Congress. As stated in Public Law 91-510 (2 USC 166 (d)(6)), one of the duties of CRS is "to prepare summaries and digests of bills and resolutions of a public general nature introduced in the Senate or House of Representatives". For more information, refer to the User Guide that accompanies this file.</dc:description>
  </dublinCore>
</billStatus>

