<?xml version="1.0" encoding="UTF-8"?>
<billStatus>
  <bill>
    <policyArea />
    <updateDate>2017-01-11T10:17:53Z</updateDate>
    <billType>HR</billType>
    <laws />
    <sponsors>
      <item>
        <fullName>Rep. Lawrence, Brenda L. [D-MI-14]</fullName>
        <identifiers>
          <gpoId />
          <bioguideId>L000581</bioguideId>
          <lisID>2252</lisID>
        </identifiers>
        <byRequestType />
        <firstName>Brenda</firstName>
        <bioguideId>L000581</bioguideId>
        <lastName>Lawrence</lastName>
        <state>MI</state>
        <district>14</district>
        <party>D</party>
        <middleName>L.</middleName>
      </item>
    </sponsors>
    <congress>115</congress>
    <latestAction>
      <actionDate>2017-01-10</actionDate>
      <text>Referred to the House Committee on Energy and Commerce.</text>
      <links />
    </latestAction>
    <recordedVotes />
    <calendarNumbers />
    <cboCostEstimates />
    <title>To amend the Safe Drinking Water Act to require the improvement of consumer confidence reports, and for other purposes.</title>
    <actions>
      <actionByCounts>
        <houseOfRepresentatives>3</houseOfRepresentatives>
      </actionByCounts>
      <item>
        <sourceSystem>
          <code>2</code>
          <name>House floor actions</name>
        </sourceSystem>
        <type>IntroReferral</type>
        <text>Referred to the House Committee on Energy and Commerce.</text>
        <committee>
          <systemCode>hsif00</systemCode>
          <name>Energy and Commerce Committee</name>
        </committee>
        <links />
        <actionDate>2017-01-10</actionDate>
        <actionCode>H11100</actionCode>
      </item>
      <item>
        <sourceSystem>
          <code>9</code>
          <name>Library of Congress</name>
        </sourceSystem>
        <type>IntroReferral</type>
        <text>Introduced in House</text>
        <committee />
        <links />
        <actionDate>2017-01-10</actionDate>
        <actionCode>Intro-H</actionCode>
      </item>
      <item>
        <sourceSystem>
          <code>9</code>
          <name>Library of Congress</name>
        </sourceSystem>
        <type>IntroReferral</type>
        <text>Introduced in House</text>
        <committee />
        <links />
        <actionDate>2017-01-10</actionDate>
        <actionCode>1000</actionCode>
      </item>
      <actionTypeCounts>
        <billReferrals>1</billReferrals>
        <introducedInTheHouse>1</introducedInTheHouse>
        <introducedInHouse>1</introducedInHouse>
      </actionTypeCounts>
    </actions>
    <amendments />
    <introducedDate>2017-01-10</introducedDate>
    <billNumber>417</billNumber>
    <relatedBills />
    <titles>
      <item>
        <title>To amend the Safe Drinking Water Act to require the improvement of consumer confidence reports, and for other purposes.</title>
        <chamberCode />
        <parentTitleType />
        <chamberName />
        <titleType>Official Title as Introduced</titleType>
      </item>
      <item>
        <title>To amend the Safe Drinking Water Act to require the improvement of consumer confidence reports, and for other purposes.</title>
        <chamberCode />
        <parentTitleType />
        <chamberName />
        <titleType>Display Title</titleType>
      </item>
    </titles>
    <cosponsors />
    <constitutionalAuthorityStatementText />
    <committeeReports />
    <originChamber>House</originChamber>
    <summaries>
      <billSummaries />
    </summaries>
    <subjects>
      <billSubjects>
        <legislativeSubjects />
      </billSubjects>
    </subjects>
    <createDate>2017-01-11T05:09:43Z</createDate>
    <notes />
    <committees>
      <billCommittees>
        <item>
          <subcommittees />
          <name>Energy and Commerce Committee</name>
          <systemCode>hsif00</systemCode>
          <type>Standing</type>
          <activities>
            <item>
              <date>2017-01-10T15:02:10Z</date>
              <name>Referred to</name>
            </item>
          </activities>
          <chamber>House</chamber>
        </item>
      </billCommittees>
    </committees>
  </bill>
  <dublinCore xmlns:dc="http://purl.org/dc/elements/1.1/">
    <dc:format>text/xml</dc:format>
    <dc:language>EN</dc:language>
    <dc:rights>Pursuant to Title 17 Section 105 of the United States Code, this file is not subject to copyright protection and is in the public domain.</dc:rights>
    <dc:contributor>Congressional Research Service, Library of Congress</dc:contributor>
    <dc:description>This file contains bill summaries and statuses for federal legislation. A bill summary describes the most significant provisions of a piece of legislation and details the effects the legislative text may have on current law and federal programs. Bill summaries are authored by the Congressional Research Service (CRS) of the Library of Congress. As stated in Public Law 91-510 (2 USC 166 (d)(6)), one of the duties of CRS is "to prepare summaries and digests of bills and resolutions of a public general nature introduced in the Senate or House of Representatives". For more information, refer to the User Guide that accompanies this file.</dc:description>
  </dublinCore>
</billStatus>

