<?xml version="1.0" encoding="UTF-8"?>
<billStatus>
  <bill>
    <subjects>
      <billSubjects>
        <legislativeSubjects />
      </billSubjects>
    </subjects>
    <recordedVotes />
    <congress>115</congress>
    <updateDate>2017-01-23T14:31:28Z</updateDate>
    <policyArea />
    <notes />
    <constitutionalAuthorityStatementText />
    <laws />
    <latestAction>
      <links />
      <text>Referred to House Oversight and Government Reform</text>
      <actionDate>2017-01-09</actionDate>
    </latestAction>
    <introducedDate>2017-01-09</introducedDate>
    <title>End the Congressional Revolving Door Act</title>
    <relatedBills />
    <createDate>2017-01-10T05:15:44Z</createDate>
    <amendments />
    <sponsors>
      <item>
        <lastName>Posey</lastName>
        <state>FL</state>
        <middleName />
        <byRequestType />
        <bioguideId>P000599</bioguideId>
        <firstName>Bill</firstName>
        <party>R</party>
        <identifiers>
          <lisID>1915</lisID>
          <bioguideId>P000599</bioguideId>
          <gpoId>7887</gpoId>
        </identifiers>
        <fullName>Rep. Posey, Bill [R-FL-8]</fullName>
        <district>8</district>
      </item>
    </sponsors>
    <cosponsors />
    <billNumber>384</billNumber>
    <cboCostEstimates />
    <actions>
      <item>
        <actionCode>H11100</actionCode>
        <links />
        <text>Referred to House Oversight and Government Reform</text>
        <type>IntroReferral</type>
        <committee>
          <name>Oversight and Government Reform Committee</name>
          <systemCode>hsgo00</systemCode>
        </committee>
        <sourceSystem>
          <name>House floor actions</name>
          <code>2</code>
        </sourceSystem>
        <actionDate>2017-01-09</actionDate>
      </item>
      <item>
        <actionCode>H11100-A</actionCode>
        <links />
        <text>Referred to the Committee on House Administration, and in addition to the Committee on Oversight and Government Reform, for a period to be subsequently determined by the Speaker, in each case for consideration of such provisions as fall within the jurisdiction of the committee concerned.</text>
        <type>IntroReferral</type>
        <committee />
        <sourceSystem>
          <name>Library of Congress</name>
          <code>9</code>
        </sourceSystem>
        <actionDate>2017-01-09</actionDate>
      </item>
      <item>
        <actionCode>H11100</actionCode>
        <links />
        <text>Referred to House Administration</text>
        <type>IntroReferral</type>
        <committee>
          <name>House Administration Committee</name>
          <systemCode>hsha00</systemCode>
        </committee>
        <sourceSystem>
          <name>House floor actions</name>
          <code>2</code>
        </sourceSystem>
        <actionDate>2017-01-09</actionDate>
      </item>
      <item>
        <actionCode>Intro-H</actionCode>
        <links />
        <text>Introduced in House</text>
        <type>IntroReferral</type>
        <committee />
        <sourceSystem>
          <name>Library of Congress</name>
          <code>9</code>
        </sourceSystem>
        <actionDate>2017-01-09</actionDate>
      </item>
      <item>
        <actionCode>1000</actionCode>
        <links />
        <text>Introduced in House</text>
        <type>IntroReferral</type>
        <committee />
        <sourceSystem>
          <name>Library of Congress</name>
          <code>9</code>
        </sourceSystem>
        <actionDate>2017-01-09</actionDate>
      </item>
      <actionTypeCounts>
        <introducedInHouse>1</introducedInHouse>
        <billReferrals>2</billReferrals>
        <billReferralsAggregate>1</billReferralsAggregate>
        <introducedInTheHouse>1</introducedInTheHouse>
      </actionTypeCounts>
      <actionByCounts>
        <houseOfRepresentatives>5</houseOfRepresentatives>
      </actionByCounts>
    </actions>
    <committees>
      <billCommittees>
        <item>
          <name>Oversight and Government Reform Committee</name>
          <chamber>House</chamber>
          <activities>
            <item>
              <name>Referred to</name>
              <date>2017-01-09T17:03:40Z</date>
            </item>
          </activities>
          <type>Standing</type>
          <systemCode>hsgo00</systemCode>
          <subcommittees />
        </item>
        <item>
          <name>House Administration Committee</name>
          <chamber>House</chamber>
          <activities>
            <item>
              <name>Referred to</name>
              <date>2017-01-09T17:03:35Z</date>
            </item>
          </activities>
          <type>Standing</type>
          <systemCode>hsha00</systemCode>
          <subcommittees />
        </item>
      </billCommittees>
    </committees>
    <originChamber>House</originChamber>
    <calendarNumbers />
    <committeeReports />
    <summaries>
      <billSummaries />
    </summaries>
    <billType>HR</billType>
    <titles>
      <item>
        <titleType>Short Titles as Introduced</titleType>
        <parentTitleType />
        <title>End the Congressional Revolving Door Act</title>
        <chamberCode />
        <chamberName />
      </item>
      <item>
        <titleType>Official Title as Introduced</titleType>
        <parentTitleType />
        <title>To provide that a former Member of Congress or former senior Congressional employee who receives compensation as a lobbyist shall not be eligible for retirement benefits or certain other Federal benefits.</title>
        <chamberCode />
        <chamberName />
      </item>
      <item>
        <titleType>Display Title</titleType>
        <parentTitleType />
        <title>End the Congressional Revolving Door Act</title>
        <chamberCode />
        <chamberName />
      </item>
    </titles>
  </bill>
  <dublinCore xmlns:dc="http://purl.org/dc/elements/1.1/">
    <dc:format>text/xml</dc:format>
    <dc:language>EN</dc:language>
    <dc:rights>Pursuant to Title 17 Section 105 of the United States Code, this file is not subject to copyright protection and is in the public domain.</dc:rights>
    <dc:contributor>Congressional Research Service, Library of Congress</dc:contributor>
    <dc:description>This file contains bill summaries and statuses for federal legislation. A bill summary describes the most significant provisions of a piece of legislation and details the effects the legislative text may have on current law and federal programs. Bill summaries are authored by the Congressional Research Service (CRS) of the Library of Congress. As stated in Public Law 91-510 (2 USC 166 (d)(6)), one of the duties of CRS is "to prepare summaries and digests of bills and resolutions of a public general nature introduced in the Senate or House of Representatives". For more information, refer to the User Guide that accompanies this file.</dc:description>
  </dublinCore>
</billStatus>

