<?xml version="1.0" encoding="UTF-8"?>
<billStatus>
  <bill>
    <laws />
    <committeeReports />
    <recordedVotes />
    <originChamber>House</originChamber>
    <congress>115</congress>
    <title>EPIC Act</title>
    <summaries>
      <billSummaries />
    </summaries>
    <relatedBills>
      <item>
        <type>HR</type>
        <congress>115</congress>
        <latestTitle>CLEAN Act</latestTitle>
        <relationshipDetails>
          <item>
            <type>Related bill</type>
            <identifiedBy>CRS</identifiedBy>
          </item>
        </relationshipDetails>
        <number>145</number>
        <latestAction>
          <actionDate>2017-01-03</actionDate>
          <text>Referred to House Oversight and Government Reform</text>
        </latestAction>
      </item>
    </relatedBills>
    <introducedDate>2017-01-05</introducedDate>
    <committees>
      <billCommittees>
        <item>
          <activities>
            <item>
              <name>Referred to</name>
              <date>2017-01-05T15:00:40Z</date>
            </item>
          </activities>
          <subcommittees />
          <type>Standing</type>
          <systemCode>hsgo00</systemCode>
          <name>Oversight and Government Reform Committee</name>
          <chamber>House</chamber>
        </item>
        <item>
          <activities>
            <item>
              <name>Referred to</name>
              <date>2017-01-05T15:00:35Z</date>
            </item>
          </activities>
          <subcommittees />
          <type>Standing</type>
          <systemCode>hsha00</systemCode>
          <name>House Administration Committee</name>
          <chamber>House</chamber>
        </item>
      </billCommittees>
    </committees>
    <updateDate>2017-01-18T16:31:20Z</updateDate>
    <createDate>2017-01-06T04:57:26Z</createDate>
    <policyArea>
      <name>Congress</name>
    </policyArea>
    <notes />
    <titles>
      <item>
        <parentTitleType />
        <chamberName />
        <titleType>Short Titles as Introduced</titleType>
        <title>EPIC Act</title>
        <chamberCode />
      </item>
      <item>
        <parentTitleType />
        <chamberName />
        <titleType>Short Titles as Introduced</titleType>
        <title>End Pensions in Congress Act</title>
        <chamberCode />
      </item>
      <item>
        <parentTitleType />
        <chamberName />
        <titleType>Official Title as Introduced</titleType>
        <title>To amend title 5, United States Code, to provide for the termination of certain retirement benefits for Members of Congress, except the right to continue participating in the Thrift Savings Plan, and for other purposes.</title>
        <chamberCode />
      </item>
      <item>
        <parentTitleType />
        <chamberName />
        <titleType>Display Title</titleType>
        <title>EPIC Act</title>
        <chamberCode />
      </item>
    </titles>
    <amendments />
    <cboCostEstimates />
    <constitutionalAuthorityStatementText />
    <billNumber>322</billNumber>
    <billType>HR</billType>
    <actions>
      <actionTypeCounts>
        <billReferralsAggregate>1</billReferralsAggregate>
        <billReferrals>2</billReferrals>
        <introducedInTheHouse>1</introducedInTheHouse>
        <introducedInHouse>1</introducedInHouse>
      </actionTypeCounts>
      <actionByCounts>
        <houseOfRepresentatives>5</houseOfRepresentatives>
      </actionByCounts>
      <item>
        <links />
        <sourceSystem>
          <name>House floor actions</name>
          <code>2</code>
        </sourceSystem>
        <actionCode>H11100</actionCode>
        <type>IntroReferral</type>
        <actionDate>2017-01-05</actionDate>
        <committee>
          <systemCode>hsgo00</systemCode>
          <name>Oversight and Government Reform Committee</name>
        </committee>
        <text>Referred to House Oversight and Government Reform</text>
      </item>
      <item>
        <links />
        <sourceSystem>
          <name>Library of Congress</name>
          <code>9</code>
        </sourceSystem>
        <actionCode>H11100-A</actionCode>
        <type>IntroReferral</type>
        <actionDate>2017-01-05</actionDate>
        <committee />
        <text>Referred to the Committee on House Administration, and in addition to the Committee on Oversight and Government Reform, for a period to be subsequently determined by the Speaker, in each case for consideration of such provisions as fall within the jurisdiction of the committee concerned.</text>
      </item>
      <item>
        <links />
        <sourceSystem>
          <name>House floor actions</name>
          <code>2</code>
        </sourceSystem>
        <actionCode>H11100</actionCode>
        <type>IntroReferral</type>
        <actionDate>2017-01-05</actionDate>
        <committee>
          <systemCode>hsha00</systemCode>
          <name>House Administration Committee</name>
        </committee>
        <text>Referred to House Administration</text>
      </item>
      <item>
        <links />
        <sourceSystem>
          <name>Library of Congress</name>
          <code>9</code>
        </sourceSystem>
        <actionCode>Intro-H</actionCode>
        <type>IntroReferral</type>
        <actionDate>2017-01-05</actionDate>
        <committee />
        <text>Introduced in House</text>
      </item>
      <item>
        <links />
        <sourceSystem>
          <name>Library of Congress</name>
          <code>9</code>
        </sourceSystem>
        <actionCode>1000</actionCode>
        <type>IntroReferral</type>
        <actionDate>2017-01-05</actionDate>
        <committee />
        <text>Introduced in House</text>
      </item>
    </actions>
    <calendarNumbers />
    <cosponsors>
      <item>
        <sponsorshipDate>2017-01-05</sponsorshipDate>
        <isOriginalCosponsor>True</isOriginalCosponsor>
        <identifiers>
          <lisID>1791</lisID>
          <bioguideId>F000450</bioguideId>
          <gpoId>8028</gpoId>
        </identifiers>
        <firstName>Virginia</firstName>
        <party>R</party>
        <middleName />
        <state>NC</state>
        <sponsorshipWithdrawnDate />
        <lastName>Foxx</lastName>
        <district>5</district>
        <fullName>Rep. Foxx, Virginia [R-NC-5]</fullName>
        <bioguideId>F000450</bioguideId>
      </item>
      <item>
        <sponsorshipDate>2017-01-05</sponsorshipDate>
        <isOriginalCosponsor>True</isOriginalCosponsor>
        <identifiers>
          <lisID>2094</lisID>
          <bioguideId>M001184</bioguideId>
          <gpoId>8371</gpoId>
        </identifiers>
        <firstName>Thomas</firstName>
        <party>R</party>
        <middleName />
        <state>KY</state>
        <sponsorshipWithdrawnDate />
        <lastName>Massie</lastName>
        <district>4</district>
        <fullName>Rep. Massie, Thomas [R-KY-4]</fullName>
        <bioguideId>M001184</bioguideId>
      </item>
      <item>
        <sponsorshipDate>2017-01-05</sponsorshipDate>
        <isOriginalCosponsor>True</isOriginalCosponsor>
        <identifiers>
          <bioguideId>P000601</bioguideId>
          <gpoId>8022</gpoId>
          <lisID>2035</lisID>
        </identifiers>
        <firstName>Steven</firstName>
        <party>R</party>
        <middleName>M.</middleName>
        <state>MS</state>
        <sponsorshipWithdrawnDate />
        <lastName>Palazzo</lastName>
        <district>4</district>
        <fullName>Rep. Palazzo, Steven M. [R-MS-4]</fullName>
        <bioguideId>P000601</bioguideId>
      </item>
      <item>
        <sponsorshipDate>2017-01-05</sponsorshipDate>
        <isOriginalCosponsor>True</isOriginalCosponsor>
        <identifiers>
          <gpoId />
          <lisID>2241</lisID>
          <bioguideId>B001294</bioguideId>
        </identifiers>
        <firstName>Rod</firstName>
        <party>R</party>
        <middleName />
        <state>IA</state>
        <sponsorshipWithdrawnDate />
        <lastName>Blum</lastName>
        <district>1</district>
        <fullName>Rep. Blum, Rod [R-IA-1]</fullName>
        <bioguideId>B001294</bioguideId>
      </item>
    </cosponsors>
    <latestAction>
      <actionDate>2017-01-05</actionDate>
      <links />
      <text>Referred to House Oversight and Government Reform</text>
    </latestAction>
    <subjects>
      <billSubjects>
        <policyArea>
          <name>Congress</name>
        </policyArea>
        <legislativeSubjects>
          <item>
            <name>Government employee pay, benefits, personnel management</name>
          </item>
          <item>
            <name>Members of Congress</name>
          </item>
        </legislativeSubjects>
      </billSubjects>
    </subjects>
    <sponsors>
      <item>
        <bioguideId>D000621</bioguideId>
        <lastName>DeSantis</lastName>
        <district>6</district>
        <fullName>Rep. DeSantis, Ron [R-FL-6]</fullName>
        <state>FL</state>
        <middleName />
        <byRequestType />
        <firstName>Ron</firstName>
        <party>R</party>
        <identifiers>
          <gpoId />
          <bioguideId>D000621</bioguideId>
          <lisID>2116</lisID>
        </identifiers>
      </item>
    </sponsors>
  </bill>
  <dublinCore xmlns:dc="http://purl.org/dc/elements/1.1/">
    <dc:format>text/xml</dc:format>
    <dc:language>EN</dc:language>
    <dc:rights>Pursuant to Title 17 Section 105 of the United States Code, this file is not subject to copyright protection and is in the public domain.</dc:rights>
    <dc:contributor>Congressional Research Service, Library of Congress</dc:contributor>
    <dc:description>This file contains bill summaries and statuses for federal legislation. A bill summary describes the most significant provisions of a piece of legislation and details the effects the legislative text may have on current law and federal programs. Bill summaries are authored by the Congressional Research Service (CRS) of the Library of Congress. As stated in Public Law 91-510 (2 USC 166 (d)(6)), one of the duties of CRS is "to prepare summaries and digests of bills and resolutions of a public general nature introduced in the Senate or House of Representatives". For more information, refer to the User Guide that accompanies this file.</dc:description>
  </dublinCore>
</billStatus>

