<?xml version="1.0" encoding="UTF-8"?>
<billStatus>
  <bill>
    <introducedDate>2017-01-04</introducedDate>
    <laws />
    <createDate>2017-01-05T04:47:32Z</createDate>
    <titles>
      <item>
        <titleType>Short Titles as Introduced</titleType>
        <parentTitleType />
        <title>Veterans' Education Equity Act</title>
        <chamberCode />
        <chamberName />
      </item>
      <item>
        <titleType>Official Title as Introduced</titleType>
        <parentTitleType />
        <title>To amend title 38, United States Code, to provide for the calculation of the amount of the monthly housing stipend payable under the Post-9/11 Educational Assistance Program of the Department of Veterans Affairs based on the location of the campus where classes are attended.</title>
        <chamberCode />
        <chamberName />
      </item>
      <item>
        <titleType>Display Title</titleType>
        <parentTitleType />
        <title>Veterans' Education Equity Act</title>
        <chamberCode />
        <chamberName />
      </item>
    </titles>
    <subjects>
      <billSubjects>
        <policyArea>
          <name>Armed Forces and National Security</name>
        </policyArea>
        <legislativeSubjects />
      </billSubjects>
    </subjects>
    <title>Veterans' Education Equity Act</title>
    <constitutionalAuthorityStatementText><![CDATA[<pre>From the Congressional Record Online through the Government Publishing Office [<a href='http://www.gpo.gov'>www.gpo.gov</a>]By Mr. COOK:H.R. 245.Congress has the power to enact this legislation pursuantto the following:Article 1 Section 8[Page H96]</pre>]]></constitutionalAuthorityStatementText>
    <updateDate>2017-01-23T18:01:16Z</updateDate>
    <cosponsors>
      <item>
        <isOriginalCosponsor>True</isOriginalCosponsor>
        <bioguideId>T000472</bioguideId>
        <party>D</party>
        <district>41</district>
        <fullName>Rep. Takano, Mark [D-CA-41]</fullName>
        <lastName>Takano</lastName>
        <sponsorshipDate>2017-01-04</sponsorshipDate>
        <state>CA</state>
        <sponsorshipWithdrawnDate />
        <middleName />
        <identifiers>
          <lisID>2110</lisID>
          <bioguideId>T000472</bioguideId>
          <gpoId />
        </identifiers>
        <firstName>Mark</firstName>
      </item>
      <item>
        <isOriginalCosponsor>False</isOriginalCosponsor>
        <bioguideId>R000600</bioguideId>
        <party>R</party>
        <district>0</district>
        <fullName>Rep. Radewagen, Aumua Amata Coleman [R-AS-At Large]</fullName>
        <lastName>Radewagen</lastName>
        <sponsorshipDate>2017-01-06</sponsorshipDate>
        <state>AS</state>
        <sponsorshipWithdrawnDate />
        <middleName>Coleman</middleName>
        <identifiers>
          <gpoId />
          <lisID>2222</lisID>
          <bioguideId>R000600</bioguideId>
        </identifiers>
        <firstName>Aumua Amata</firstName>
      </item>
    </cosponsors>
    <sponsors>
      <item>
        <state>CA</state>
        <bioguideId>C001094</bioguideId>
        <party>R</party>
        <middleName />
        <byRequestType />
        <fullName>Rep. Cook, Paul [R-CA-8]</fullName>
        <lastName>Cook</lastName>
        <identifiers>
          <lisID>2103</lisID>
          <bioguideId>C001094</bioguideId>
          <gpoId />
        </identifiers>
        <firstName>Paul</firstName>
        <district>8</district>
      </item>
    </sponsors>
    <congress>115</congress>
    <notes />
    <committeeReports />
    <relatedBills />
    <latestAction>
      <actionDate>2017-01-04</actionDate>
      <text>Referred to the House Committee on Veterans' Affairs.</text>
      <links />
    </latestAction>
    <calendarNumbers />
    <committees>
      <billCommittees>
        <item>
          <name>Veterans' Affairs Committee</name>
          <systemCode>hsvr00</systemCode>
          <chamber>House</chamber>
          <type>Standing</type>
          <subcommittees />
          <activities>
            <item>
              <date>2017-01-04T15:03:15Z</date>
              <name>Referred to</name>
            </item>
          </activities>
        </item>
      </billCommittees>
    </committees>
    <recordedVotes />
    <actions>
      <item>
        <sourceSystem>
          <name>House floor actions</name>
          <code>2</code>
        </sourceSystem>
        <text>Referred to the House Committee on Veterans' Affairs.</text>
        <committee>
          <name>Veterans' Affairs Committee</name>
          <systemCode>hsvr00</systemCode>
        </committee>
        <actionCode>H11100</actionCode>
        <actionDate>2017-01-04</actionDate>
        <type>IntroReferral</type>
        <links />
      </item>
      <item>
        <sourceSystem>
          <name>Library of Congress</name>
          <code>9</code>
        </sourceSystem>
        <text>Introduced in House</text>
        <committee />
        <actionCode>Intro-H</actionCode>
        <actionDate>2017-01-04</actionDate>
        <type>IntroReferral</type>
        <links />
      </item>
      <item>
        <sourceSystem>
          <name>Library of Congress</name>
          <code>9</code>
        </sourceSystem>
        <text>Introduced in House</text>
        <committee />
        <actionCode>1000</actionCode>
        <actionDate>2017-01-04</actionDate>
        <type>IntroReferral</type>
        <links />
      </item>
      <actionTypeCounts>
        <introducedInHouse>1</introducedInHouse>
        <introducedInTheHouse>1</introducedInTheHouse>
        <billReferrals>1</billReferrals>
      </actionTypeCounts>
      <actionByCounts>
        <houseOfRepresentatives>3</houseOfRepresentatives>
      </actionByCounts>
    </actions>
    <summaries>
      <billSummaries />
    </summaries>
    <billType>HR</billType>
    <cboCostEstimates />
    <amendments />
    <policyArea>
      <name>Armed Forces and National Security</name>
    </policyArea>
    <originChamber>House</originChamber>
    <billNumber>245</billNumber>
  </bill>
  <dublinCore xmlns:dc="http://purl.org/dc/elements/1.1/">
    <dc:format>text/xml</dc:format>
    <dc:language>EN</dc:language>
    <dc:rights>Pursuant to Title 17 Section 105 of the United States Code, this file is not subject to copyright protection and is in the public domain.</dc:rights>
    <dc:contributor>Congressional Research Service, Library of Congress</dc:contributor>
    <dc:description>This file contains bill summaries and statuses for federal legislation. A bill summary describes the most significant provisions of a piece of legislation and details the effects the legislative text may have on current law and federal programs. Bill summaries are authored by the Congressional Research Service (CRS) of the Library of Congress. As stated in Public Law 91-510 (2 USC 166 (d)(6)), one of the duties of CRS is "to prepare summaries and digests of bills and resolutions of a public general nature introduced in the Senate or House of Representatives". For more information, refer to the User Guide that accompanies this file.</dc:description>
  </dublinCore>
</billStatus>

