<?xml version="1.0" encoding="UTF-8"?>
<billStatus>
  <bill>
    <policyArea>
      <name>Finance and Financial Sector</name>
    </policyArea>
    <billType>HR</billType>
    <latestAction>
      <links />
      <actionDate>2017-02-06</actionDate>
      <text>Referred to the House Committee on Financial Services.</text>
    </latestAction>
    <createDate>2017-02-07T04:46:14Z</createDate>
    <notes />
    <actions>
      <actionTypeCounts>
        <introducedInTheHouse>1</introducedInTheHouse>
        <billReferrals>1</billReferrals>
        <introducedInHouse>1</introducedInHouse>
      </actionTypeCounts>
      <item>
        <links />
        <type>IntroReferral</type>
        <actionDate>2017-02-06</actionDate>
        <text>Referred to the House Committee on Financial Services.</text>
        <committee>
          <name>Financial Services Committee</name>
          <systemCode>hsba00</systemCode>
        </committee>
        <sourceSystem>
          <code>2</code>
          <name>House floor actions</name>
        </sourceSystem>
        <actionCode>H11100</actionCode>
      </item>
      <item>
        <links />
        <type>IntroReferral</type>
        <actionDate>2017-02-06</actionDate>
        <text>Introduced in House</text>
        <committee />
        <sourceSystem>
          <code>9</code>
          <name>Library of Congress</name>
        </sourceSystem>
        <actionCode>Intro-H</actionCode>
      </item>
      <item>
        <links />
        <type>IntroReferral</type>
        <actionDate>2017-02-06</actionDate>
        <text>Introduced in House</text>
        <committee />
        <sourceSystem>
          <code>9</code>
          <name>Library of Congress</name>
        </sourceSystem>
        <actionCode>1000</actionCode>
      </item>
      <actionByCounts>
        <houseOfRepresentatives>3</houseOfRepresentatives>
      </actionByCounts>
    </actions>
    <calendarNumbers />
    <congress>115</congress>
    <subjects>
      <billSubjects>
        <legislativeSubjects>
          <item>
            <name>Congressional oversight</name>
          </item>
          <item>
            <name>Disaster relief and insurance</name>
          </item>
          <item>
            <name>Floods and storm protection</name>
          </item>
          <item>
            <name>Government information and archives</name>
          </item>
          <item>
            <name>Government studies and investigations</name>
          </item>
        </legislativeSubjects>
        <policyArea>
          <name>Finance and Financial Sector</name>
        </policyArea>
      </billSubjects>
    </subjects>
    <billNumber>879</billNumber>
    <title>Flood Insurance Integrity Act of 2017</title>
    <constitutionalAuthorityStatementText><![CDATA[<pre>[Congressional Record Volume 163, Number 20 (Monday, February 6, 2017)][Pages H1012-H1013]From the Congressional Record Online through the Government Publishing Office [<a href='http://www.gpo.gov'>www.gpo.gov</a>]By Mr. BILIRAKIS:H.R. 879.Congress has the power to enact this legislation pursuantto the following:This bill is enacted pursuant to Article I, Section 8,Clause 1 of the Constitution of the[[Page H1013]]United States and Article I, Section 8, Clause 18 of theConstitution of the United States.</pre>]]></constitutionalAuthorityStatementText>
    <committees>
      <billCommittees>
        <item>
          <chamber>House</chamber>
          <systemCode>hsba00</systemCode>
          <subcommittees />
          <type>Standing</type>
          <name>Financial Services Committee</name>
          <activities>
            <item>
              <name>Referred to</name>
              <date>2017-02-06T17:01:40Z</date>
            </item>
          </activities>
        </item>
      </billCommittees>
    </committees>
    <cboCostEstimates />
    <version>1.0.0</version>
    <cosponsors>
      <item>
        <district>5</district>
        <firstName>Elizabeth</firstName>
        <identifiers>
          <bioguideId>E000293</bioguideId>
          <gpoId />
          <lisID>2114</lisID>
        </identifiers>
        <isOriginalCosponsor>True</isOriginalCosponsor>
        <bioguideId>E000293</bioguideId>
        <state>CT</state>
        <fullName>Rep. Esty, Elizabeth H. [D-CT-5]</fullName>
        <party>D</party>
        <lastName>Esty</lastName>
        <sponsorshipDate>2017-02-06</sponsorshipDate>
        <middleName>H.</middleName>
        <sponsorshipWithdrawnDate />
      </item>
      <item>
        <district>13</district>
        <firstName>Charlie</firstName>
        <identifiers>
          <bioguideId>C001111</bioguideId>
          <gpoId />
          <lisID>2321</lisID>
        </identifiers>
        <isOriginalCosponsor>False</isOriginalCosponsor>
        <bioguideId>C001111</bioguideId>
        <state>FL</state>
        <fullName>Rep. Crist, Charlie [D-FL-13]</fullName>
        <party>D</party>
        <lastName>Crist</lastName>
        <sponsorshipDate>2017-02-28</sponsorshipDate>
        <middleName />
        <sponsorshipWithdrawnDate />
      </item>
      <item>
        <district>7</district>
        <firstName>David</firstName>
        <identifiers>
          <lisID>2256</lisID>
          <bioguideId>R000603</bioguideId>
          <gpoId />
        </identifiers>
        <isOriginalCosponsor>False</isOriginalCosponsor>
        <bioguideId>R000603</bioguideId>
        <state>NC</state>
        <fullName>Rep. Rouzer, David [R-NC-7]</fullName>
        <party>R</party>
        <lastName>Rouzer</lastName>
        <sponsorshipDate>2017-03-28</sponsorshipDate>
        <middleName />
        <sponsorshipWithdrawnDate />
      </item>
    </cosponsors>
    <updateDate>2018-08-28T23:10:30Z</updateDate>
    <laws />
    <originChamber>House</originChamber>
    <introducedDate>2017-02-06</introducedDate>
    <sponsors>
      <item>
        <middleName>M.</middleName>
        <bioguideId>B001257</bioguideId>
        <identifiers>
          <gpoId>7881</gpoId>
          <lisID>1838</lisID>
          <bioguideId>B001257</bioguideId>
        </identifiers>
        <fullName>Rep. Bilirakis, Gus M. [R-FL-12]</fullName>
        <byRequestType />
        <party>R</party>
        <firstName>Gus</firstName>
        <state>FL</state>
        <lastName>Bilirakis</lastName>
        <district>12</district>
      </item>
    </sponsors>
    <relatedBills />
    <committeeReports />
    <titles>
      <item>
        <parentTitleType />
        <titleType>Short Titles as Introduced</titleType>
        <chamberCode />
        <title>Flood Insurance Integrity Act of 2017</title>
        <chamberName />
      </item>
      <item>
        <parentTitleType />
        <titleType>Official Title as Introduced</titleType>
        <chamberCode />
        <title>To require the Government Accountability Office to conduct periodic reviews of the flood insurance rates and flood insurance rate maps under the national flood insurance program, and for other purposes.</title>
        <chamberName />
      </item>
      <item>
        <parentTitleType />
        <titleType>Display Title</titleType>
        <chamberCode />
        <title>Flood Insurance Integrity Act of 2017</title>
        <chamberName />
      </item>
      <item>
        <parentTitleType />
        <titleType>(Extracted from GPO) Short Titles as Introduced</titleType>
        <chamberCode />
        <title>Flood Insurance Integrity Act of 2017</title>
        <chamberName />
      </item>
    </titles>
    <recordedVotes />
    <summaries>
      <billSummaries>
        <item>
          <updateDate>2017-02-06T05:00:00Z</updateDate>
          <actionDate>2017-02-06</actionDate>
          <lastSummaryUpdateDate>2018-05-22T22:04:05Z</lastSummaryUpdateDate>
          <text><![CDATA[<p><b>Flood Insurance Integrity Act of 2017</b></p> <p> This bill directs the Government Accountability Office (GAO) to review every four years the rate tables established by the Federal Emergency Management Agency (FEMA) for implementing the National Flood Insurance Program (NFIP) under the National Flood Insurance Act of 1968 and determine whether: (1) the chargeable premium rates for flood insurance coverage are actuarially sound, based on standard actuarial practices used in the private sector; and (2) such chargeable premium rates are sufficient to ensure the long-term financial sustainability of NFIP.</p> <p>The bill also directs the GAO to review annually the process for establishing and updating flood insurance rate maps and determine the degree of accuracy of the mapping process.</p>]]></text>
          <actionDesc>Introduced in House</actionDesc>
          <versionCode>00</versionCode>
          <name>Introduced in House</name>
        </item>
      </billSummaries>
    </summaries>
    <amendments />
  </bill>
  <dublinCore xmlns:dc="http://purl.org/dc/elements/1.1/">
    <dc:format>text/xml</dc:format>
    <dc:language>EN</dc:language>
    <dc:rights>Pursuant to Title 17 Section 105 of the United States Code, this file is not subject to copyright protection and is in the public domain.</dc:rights>
    <dc:contributor>Congressional Research Service, Library of Congress</dc:contributor>
    <dc:description>This file contains bill summaries and statuses for federal legislation. A bill summary describes the most significant provisions of a piece of legislation and details the effects the legislative text may have on current law and federal programs. Bill summaries are authored by the Congressional Research Service (CRS) of the Library of Congress. As stated in Public Law 91-510 (2 USC 166 (d)(6)), one of the duties of CRS is "to prepare summaries and digests of bills and resolutions of a public general nature introduced in the Senate or House of Representatives". For more information, refer to the User Guide that accompanies this file.</dc:description>
  </dublinCore>
</billStatus>

