<?xml version="1.0" encoding="UTF-8"?>
<billStatus>
  <bill>
    <congress>115</congress>
    <calendarNumbers />
    <cboCostEstimates />
    <actions>
      <actionByCounts>
        <houseOfRepresentatives>3</houseOfRepresentatives>
      </actionByCounts>
      <actionTypeCounts>
        <introducedInTheHouse>1</introducedInTheHouse>
        <introducedInHouse>1</introducedInHouse>
        <billReferrals>1</billReferrals>
      </actionTypeCounts>
      <item>
        <type>IntroReferral</type>
        <text>Referred to the House Committee on Homeland Security.</text>
        <actionCode>H11100</actionCode>
        <sourceSystem>
          <name>House floor actions</name>
          <code>2</code>
        </sourceSystem>
        <links />
        <committee>
          <systemCode>hshm00</systemCode>
          <name>Homeland Security Committee</name>
        </committee>
        <actionDate>2017-01-13</actionDate>
      </item>
      <item>
        <type>IntroReferral</type>
        <text>Introduced in House</text>
        <actionCode>Intro-H</actionCode>
        <sourceSystem>
          <name>Library of Congress</name>
          <code>9</code>
        </sourceSystem>
        <links />
        <committee />
        <actionDate>2017-01-13</actionDate>
      </item>
      <item>
        <type>IntroReferral</type>
        <text>Introduced in House</text>
        <actionCode>1000</actionCode>
        <sourceSystem>
          <name>Library of Congress</name>
          <code>9</code>
        </sourceSystem>
        <links />
        <committee />
        <actionDate>2017-01-13</actionDate>
      </item>
    </actions>
    <relatedBills />
    <latestAction>
      <text>Referred to the House Committee on Homeland Security.</text>
      <links />
      <actionDate>2017-01-13</actionDate>
    </latestAction>
    <originChamber>House</originChamber>
    <title>To amend the Homeland Security Act of 2002 to establish in the Department of Homeland Security a board to coordinate and integrate departmental intelligence, activities, and policy related to counterterrorism, and for other purposes.</title>
    <titles>
      <item>
        <title>To amend the Homeland Security Act of 2002 to establish in the Department of Homeland Security a board to coordinate and integrate departmental intelligence, activities, and policy related to counterterrorism, and for other purposes.</title>
        <titleType>Official Title as Introduced</titleType>
        <parentTitleType />
        <chamberCode />
        <chamberName />
      </item>
      <item>
        <title>To amend the Homeland Security Act of 2002 to establish in the Department of Homeland Security a board to coordinate and integrate departmental intelligence, activities, and policy related to counterterrorism, and for other purposes.</title>
        <titleType>Display Title</titleType>
        <parentTitleType />
        <chamberCode />
        <chamberName />
      </item>
    </titles>
    <committeeReports />
    <updateDate>2017-01-14T09:58:28Z</updateDate>
    <billType>HR</billType>
    <recordedVotes />
    <subjects>
      <billSubjects>
        <legislativeSubjects />
      </billSubjects>
    </subjects>
    <policyArea />
    <laws />
    <amendments />
    <committees>
      <billCommittees>
        <item>
          <chamber>House</chamber>
          <name>Homeland Security Committee</name>
          <systemCode>hshm00</systemCode>
          <type>Standing</type>
          <subcommittees />
          <activities>
            <item>
              <date>2017-01-13T14:07:00Z</date>
              <name>Referred to</name>
            </item>
          </activities>
        </item>
      </billCommittees>
    </committees>
    <sponsors>
      <item>
        <identifiers>
          <gpoId />
          <bioguideId>K000386</bioguideId>
          <lisID>2264</lisID>
        </identifiers>
        <state>NY</state>
        <bioguideId>K000386</bioguideId>
        <lastName>Katko</lastName>
        <middleName />
        <party>R</party>
        <district>24</district>
        <fullName>Rep. Katko, John [R-NY-24]</fullName>
        <byRequestType />
        <firstName>John</firstName>
      </item>
    </sponsors>
    <introducedDate>2017-01-13</introducedDate>
    <summaries>
      <billSummaries />
    </summaries>
    <notes />
    <createDate>2017-01-14T04:47:32Z</createDate>
    <billNumber>526</billNumber>
    <cosponsors>
      <item>
        <middleName />
        <identifiers>
          <gpoId />
          <bioguideId>H001073</bioguideId>
          <lisID>2269</lisID>
        </identifiers>
        <isOriginalCosponsor>True</isOriginalCosponsor>
        <sponsorshipWithdrawnDate />
        <party>R</party>
        <fullName>Rep. Hurd, Will [R-TX-23]</fullName>
        <state>TX</state>
        <sponsorshipDate>2017-01-13</sponsorshipDate>
        <firstName>Will</firstName>
        <lastName>Hurd</lastName>
        <district>23</district>
        <bioguideId>H001073</bioguideId>
      </item>
      <item>
        <middleName>M.</middleName>
        <identifiers>
          <lisID>2293</lisID>
          <gpoId />
          <bioguideId>D000625</bioguideId>
        </identifiers>
        <isOriginalCosponsor>True</isOriginalCosponsor>
        <sponsorshipWithdrawnDate />
        <party>R</party>
        <fullName>Rep. Donovan, Daniel M., Jr. [R-NY-11]</fullName>
        <state>NY</state>
        <sponsorshipDate>2017-01-13</sponsorshipDate>
        <firstName>Daniel</firstName>
        <lastName>Donovan</lastName>
        <district>11</district>
        <bioguideId>D000625</bioguideId>
      </item>
      <item>
        <middleName />
        <identifiers>
          <bioguideId>V000132</bioguideId>
          <gpoId />
          <lisID>2167</lisID>
        </identifiers>
        <isOriginalCosponsor>True</isOriginalCosponsor>
        <sponsorshipWithdrawnDate />
        <party>D</party>
        <fullName>Rep. Vela, Filemon [D-TX-34]</fullName>
        <state>TX</state>
        <sponsorshipDate>2017-01-13</sponsorshipDate>
        <firstName>Filemon</firstName>
        <lastName>Vela</lastName>
        <district>34</district>
        <bioguideId>V000132</bioguideId>
      </item>
      <item>
        <middleName>R.</middleName>
        <identifiers>
          <bioguideId>K000375</bioguideId>
          <lisID>2025</lisID>
          <gpoId>7975</gpoId>
        </identifiers>
        <isOriginalCosponsor>True</isOriginalCosponsor>
        <sponsorshipWithdrawnDate />
        <party>D</party>
        <fullName>Rep. Keating, William R. [D-MA-9]</fullName>
        <state>MA</state>
        <sponsorshipDate>2017-01-13</sponsorshipDate>
        <firstName>William</firstName>
        <lastName>Keating</lastName>
        <district>9</district>
        <bioguideId>K000375</bioguideId>
      </item>
      <item>
        <middleName>T.</middleName>
        <identifiers>
          <gpoId>8166</gpoId>
          <bioguideId>M001157</bioguideId>
          <lisID>1804</lisID>
        </identifiers>
        <isOriginalCosponsor>True</isOriginalCosponsor>
        <sponsorshipWithdrawnDate />
        <party>R</party>
        <fullName>Rep. McCaul, Michael T. [R-TX-10]</fullName>
        <state>TX</state>
        <sponsorshipDate>2017-01-13</sponsorshipDate>
        <firstName>Michael</firstName>
        <lastName>McCaul</lastName>
        <district>10</district>
        <bioguideId>M001157</bioguideId>
      </item>
      <item>
        <middleName>M.</middleName>
        <identifiers>
          <lisID>2097</lisID>
          <gpoId>8373</gpoId>
          <bioguideId>P000604</bioguideId>
        </identifiers>
        <isOriginalCosponsor>True</isOriginalCosponsor>
        <sponsorshipWithdrawnDate />
        <party>D</party>
        <fullName>Rep. Payne, Donald M., Jr. [D-NJ-10]</fullName>
        <state>NJ</state>
        <sponsorshipDate>2017-01-13</sponsorshipDate>
        <firstName>Donald</firstName>
        <lastName>Payne</lastName>
        <district>10</district>
        <bioguideId>P000604</bioguideId>
      </item>
      <item>
        <middleName />
        <identifiers>
          <gpoId />
          <bioguideId>M001197</bioguideId>
          <lisID>2225</lisID>
        </identifiers>
        <isOriginalCosponsor>True</isOriginalCosponsor>
        <sponsorshipWithdrawnDate />
        <party>R</party>
        <fullName>Rep. McSally, Martha [R-AZ-2]</fullName>
        <state>AZ</state>
        <sponsorshipDate>2017-01-13</sponsorshipDate>
        <firstName>Martha</firstName>
        <lastName>McSally</lastName>
        <district>2</district>
        <bioguideId>M001197</bioguideId>
      </item>
      <item>
        <middleName />
        <identifiers>
          <bioguideId>R000601</bioguideId>
          <lisID>2268</lisID>
          <gpoId />
        </identifiers>
        <isOriginalCosponsor>True</isOriginalCosponsor>
        <sponsorshipWithdrawnDate />
        <party>R</party>
        <fullName>Rep. Ratcliffe, John [R-TX-4]</fullName>
        <state>TX</state>
        <sponsorshipDate>2017-01-13</sponsorshipDate>
        <firstName>John</firstName>
        <lastName>Ratcliffe</lastName>
        <district>4</district>
        <bioguideId>R000601</bioguideId>
      </item>
    </cosponsors>
    <constitutionalAuthorityStatementText />
  </bill>
  <dublinCore xmlns:dc="http://purl.org/dc/elements/1.1/">
    <dc:format>text/xml</dc:format>
    <dc:language>EN</dc:language>
    <dc:rights>Pursuant to Title 17 Section 105 of the United States Code, this file is not subject to copyright protection and is in the public domain.</dc:rights>
    <dc:contributor>Congressional Research Service, Library of Congress</dc:contributor>
    <dc:description>This file contains bill summaries and statuses for federal legislation. A bill summary describes the most significant provisions of a piece of legislation and details the effects the legislative text may have on current law and federal programs. Bill summaries are authored by the Congressional Research Service (CRS) of the Library of Congress. As stated in Public Law 91-510 (2 USC 166 (d)(6)), one of the duties of CRS is "to prepare summaries and digests of bills and resolutions of a public general nature introduced in the Senate or House of Representatives". For more information, refer to the User Guide that accompanies this file.</dc:description>
  </dublinCore>
</billStatus>

