<?xml version="1.0" encoding="UTF-8"?>
<billStatus>
  <bill>
    <notes />
    <title>American Health Care Reform Act of 2017</title>
    <committees>
      <billCommittees>
        <item>
          <type>Standing</type>
          <name>Natural Resources Committee</name>
          <systemCode>hsii00</systemCode>
          <chamber>House</chamber>
          <activities>
            <item>
              <name>Referred to</name>
              <date>2017-01-04T15:05:50Z</date>
            </item>
          </activities>
          <subcommittees>
            <item>
              <name>Indian, Insular and Alaska Native Affairs Subcommittee</name>
              <systemCode>hsii24</systemCode>
              <activities>
                <item>
                  <name>Referred to</name>
                  <date>2017-02-10T16:57:00Z</date>
                </item>
              </activities>
            </item>
          </subcommittees>
        </item>
        <item>
          <type>Standing</type>
          <name>Energy and Commerce Committee</name>
          <systemCode>hsif00</systemCode>
          <chamber>House</chamber>
          <activities>
            <item>
              <name>Referred to</name>
              <date>2017-01-04T15:05:25Z</date>
            </item>
          </activities>
          <subcommittees>
            <item>
              <name>Health Subcommittee</name>
              <systemCode>hsif14</systemCode>
              <activities>
                <item>
                  <name>Referred to</name>
                  <date>2017-01-25T14:21:59Z</date>
                </item>
              </activities>
            </item>
          </subcommittees>
        </item>
        <item>
          <type>Standing</type>
          <name>Veterans' Affairs Committee</name>
          <systemCode>hsvr00</systemCode>
          <chamber>House</chamber>
          <activities>
            <item>
              <name>Referred to</name>
              <date>2017-01-04T15:06:15Z</date>
            </item>
          </activities>
          <subcommittees>
            <item>
              <name>Health Subcommittee</name>
              <systemCode>hsvr03</systemCode>
              <activities>
                <item>
                  <name>Referred to</name>
                  <date>2017-01-19T20:18:37Z</date>
                </item>
              </activities>
            </item>
          </subcommittees>
        </item>
        <item>
          <type>Standing</type>
          <name>Ways and Means Committee</name>
          <systemCode>hswm00</systemCode>
          <chamber>House</chamber>
          <activities>
            <item>
              <name>Referred to</name>
              <date>2017-01-04T15:05:35Z</date>
            </item>
          </activities>
          <subcommittees>
            <item>
              <name>Health Subcommittee</name>
              <systemCode>hswm02</systemCode>
              <activities>
                <item>
                  <name>Referred to</name>
                  <date>2017-01-18T22:01:43Z</date>
                </item>
              </activities>
            </item>
          </subcommittees>
        </item>
        <item>
          <type>Standing</type>
          <name>Appropriations Committee</name>
          <systemCode>hsap00</systemCode>
          <chamber>House</chamber>
          <activities>
            <item>
              <name>Referred to</name>
              <date>2017-01-04T15:06:10Z</date>
            </item>
          </activities>
          <subcommittees />
        </item>
        <item>
          <type>Standing</type>
          <name>Rules Committee</name>
          <systemCode>hsru00</systemCode>
          <chamber>House</chamber>
          <activities>
            <item>
              <name>Referred to</name>
              <date>2017-01-04T15:06:05Z</date>
            </item>
          </activities>
          <subcommittees />
        </item>
        <item>
          <type>Standing</type>
          <name>House Administration Committee</name>
          <systemCode>hsha00</systemCode>
          <chamber>House</chamber>
          <activities>
            <item>
              <name>Referred to</name>
              <date>2017-01-04T15:06:00Z</date>
            </item>
          </activities>
          <subcommittees />
        </item>
        <item>
          <type>Standing</type>
          <name>Judiciary Committee</name>
          <systemCode>hsju00</systemCode>
          <chamber>House</chamber>
          <activities>
            <item>
              <name>Referred to</name>
              <date>2017-01-04T15:05:45Z</date>
            </item>
          </activities>
          <subcommittees />
        </item>
        <item>
          <type>Standing</type>
          <name>Education and the Workforce Committee</name>
          <systemCode>hsed00</systemCode>
          <chamber>House</chamber>
          <activities>
            <item>
              <name>Referred to</name>
              <date>2017-01-04T15:05:40Z</date>
            </item>
          </activities>
          <subcommittees />
        </item>
        <item>
          <type>Standing</type>
          <name>Budget Committee</name>
          <systemCode>hsbu00</systemCode>
          <chamber>House</chamber>
          <activities>
            <item>
              <name>Referred to</name>
              <date>2017-01-04T15:05:30Z</date>
            </item>
          </activities>
          <subcommittees />
        </item>
      </billCommittees>
    </committees>
    <committeeReports />
    <cboCostEstimates />
    <congress>115</congress>
    <laws />
    <updateDate>2018-08-28T19:58:38Z</updateDate>
    <relatedBills>
      <item>
        <congress>115</congress>
        <latestAction>
          <actionDate>2017-07-31</actionDate>
          <text>Referred to the Subcommittee on Health.</text>
        </latestAction>
        <relationshipDetails>
          <item>
            <type>Related bill</type>
            <identifiedBy>CRS</identifiedBy>
          </item>
        </relationshipDetails>
        <type>HR</type>
        <latestTitle>Responsible Path to Full Obamacare Repeal Act</latestTitle>
        <number>3276</number>
      </item>
      <item>
        <congress>115</congress>
        <latestAction>
          <actionDate>2018-07-25</actionDate>
          <text>Received in the Senate and Read twice and referred to the Committee on Finance.</text>
        </latestAction>
        <relationshipDetails>
          <item>
            <type>Related bill</type>
            <identifiedBy>CRS</identifiedBy>
          </item>
        </relationshipDetails>
        <type>HR</type>
        <latestTitle>Native American Health Savings Improvement Act</latestTitle>
        <number>1476</number>
      </item>
      <item>
        <congress>115</congress>
        <latestAction>
          <actionDate>2017-02-10</actionDate>
          <text>Referred to the Subcommittee on Indian, Insular and Alaska Native Affairs.</text>
        </latestAction>
        <relationshipDetails>
          <item>
            <type>Related bill</type>
            <identifiedBy>CRS</identifiedBy>
          </item>
        </relationshipDetails>
        <type>HR</type>
        <latestTitle>ObamaCare Repeal Act</latestTitle>
        <number>175</number>
      </item>
      <item>
        <congress>115</congress>
        <latestAction>
          <actionDate>2017-01-25</actionDate>
          <text>Referred to the Subcommittee on Health.</text>
        </latestAction>
        <relationshipDetails>
          <item>
            <type>Related bill</type>
            <identifiedBy>CRS</identifiedBy>
          </item>
        </relationshipDetails>
        <type>HR</type>
        <latestTitle>Health Care Choice Act of 2017</latestTitle>
        <number>314</number>
      </item>
      <item>
        <congress>115</congress>
        <latestAction>
          <actionDate>2017-01-06</actionDate>
          <text>Referred to the House Committee on Ways and Means.</text>
        </latestAction>
        <relationshipDetails>
          <item>
            <type>Related bill</type>
            <identifiedBy>CRS</identifiedBy>
          </item>
        </relationshipDetails>
        <type>HR</type>
        <latestTitle>Primary Care Enhancement Act of 2017</latestTitle>
        <number>365</number>
      </item>
      <item>
        <congress>115</congress>
        <latestAction>
          <actionDate>2017-02-10</actionDate>
          <text>Referred to the Subcommittee on Indian, Insular and Alaska Native Affairs.</text>
        </latestAction>
        <relationshipDetails>
          <item>
            <type>Related bill</type>
            <identifiedBy>CRS</identifiedBy>
          </item>
        </relationshipDetails>
        <type>HR</type>
        <latestTitle>To repeal the Patient Protection and Affordable Care Act and health care-related provisions in the Health Care and Education Reconciliation Act of 2010, and for other purposes.</latestTitle>
        <number>370</number>
      </item>
      <item>
        <congress>115</congress>
        <latestAction>
          <actionDate>2017-03-23</actionDate>
          <text>Received in the Senate and Read twice and referred to the Committee on Health, Education, Labor, and Pensions.</text>
        </latestAction>
        <relationshipDetails>
          <item>
            <type>Related bill</type>
            <identifiedBy>CRS</identifiedBy>
          </item>
        </relationshipDetails>
        <type>HR</type>
        <latestTitle>Small Business Health Fairness Act of 2017</latestTitle>
        <number>1101</number>
      </item>
      <item>
        <congress>115</congress>
        <latestAction>
          <actionDate>2017-03-31</actionDate>
          <text>Referred to the Subcommittee on the Constitution and Civil Justice.</text>
        </latestAction>
        <relationshipDetails>
          <item>
            <type>Related bill</type>
            <identifiedBy>CRS</identifiedBy>
          </item>
        </relationshipDetails>
        <type>HR</type>
        <latestTitle>Saving Lives, Saving Costs Act</latestTitle>
        <number>1565</number>
      </item>
      <item>
        <congress>115</congress>
        <latestAction>
          <actionDate>2017-03-31</actionDate>
          <text>Referred to the Subcommittee on Health.</text>
        </latestAction>
        <relationshipDetails>
          <item>
            <type>Related bill</type>
            <identifiedBy>CRS</identifiedBy>
          </item>
        </relationshipDetails>
        <type>HR</type>
        <latestTitle>ObamaCare Repeal Act</latestTitle>
        <number>1718</number>
      </item>
      <item>
        <congress>115</congress>
        <latestAction>
          <actionDate>2017-01-05</actionDate>
          <text>Read twice and referred to the Committee on Finance.</text>
        </latestAction>
        <relationshipDetails>
          <item>
            <type>Related bill</type>
            <identifiedBy>CRS</identifiedBy>
          </item>
        </relationshipDetails>
        <type>S</type>
        <latestTitle>Native American Health Savings Improvement Act</latestTitle>
        <number>43</number>
      </item>
      <item>
        <congress>115</congress>
        <latestAction>
          <actionDate>2017-07-18</actionDate>
          <text>Referred to the House Committee on Energy and Commerce.</text>
        </latestAction>
        <relationshipDetails>
          <item>
            <type>Related bill</type>
            <identifiedBy>CRS</identifiedBy>
          </item>
        </relationshipDetails>
        <type>HR</type>
        <latestTitle>To amend the Public Health Service Act to provide for cooperative governing of individual health insurance coverage.</latestTitle>
        <number>3278</number>
      </item>
      <item>
        <congress>115</congress>
        <latestAction>
          <actionDate>2017-06-29</actionDate>
          <text>Read twice and referred to the Committee on Health, Education, Labor, and Pensions.</text>
        </latestAction>
        <relationshipDetails>
          <item>
            <type>Related bill</type>
            <identifiedBy>CRS</identifiedBy>
          </item>
        </relationshipDetails>
        <type>S</type>
        <latestTitle>A bill to expand health care choices by allowing Americans to buy health care coverage across State lines.</latestTitle>
        <number>1516</number>
      </item>
    </relatedBills>
    <version>1.0.0</version>
    <actions>
      <actionTypeCounts>
        <introducedInTheHouse>1</introducedInTheHouse>
        <billReferrals>10</billReferrals>
        <billReferralsAggregate>1</billReferralsAggregate>
        <introducedInHouse>1</introducedInHouse>
        <placeholderTextForH>4</placeholderTextForH>
      </actionTypeCounts>
      <item>
        <actionDate>2017-02-10</actionDate>
        <committee>
          <name>Indian, Insular and Alaska Native Affairs Subcommittee</name>
          <systemCode>hsii24</systemCode>
        </committee>
        <links />
        <sourceSystem>
          <code>1</code>
          <name>House committee actions</name>
        </sourceSystem>
        <text>Referred to the Subcommittee on Indian, Insular and Alaska Native Affairs.</text>
        <type>Committee</type>
      </item>
      <item>
        <actionDate>2017-01-25</actionDate>
        <committee>
          <name>Health Subcommittee</name>
          <systemCode>hsif14</systemCode>
        </committee>
        <links />
        <sourceSystem>
          <code>1</code>
          <name>House committee actions</name>
        </sourceSystem>
        <text>Referred to the Subcommittee on Health.</text>
        <type>Committee</type>
      </item>
      <item>
        <actionDate>2017-01-19</actionDate>
        <committee>
          <name>Health Subcommittee</name>
          <systemCode>hsvr03</systemCode>
        </committee>
        <links />
        <sourceSystem>
          <code>1</code>
          <name>House committee actions</name>
        </sourceSystem>
        <text>Referred to the Subcommittee on Health.</text>
        <type>Committee</type>
      </item>
      <item>
        <actionDate>2017-01-18</actionDate>
        <committee>
          <name>Health Subcommittee</name>
          <systemCode>hswm02</systemCode>
        </committee>
        <links />
        <sourceSystem>
          <code>1</code>
          <name>House committee actions</name>
        </sourceSystem>
        <text>Referred to the Subcommittee on Health.</text>
        <type>Committee</type>
      </item>
      <item>
        <links />
        <type>IntroReferral</type>
        <actionDate>2017-01-04</actionDate>
        <text>Referred to the Committee on Energy and Commerce, and in addition to the Committees on the Budget, Ways and Means, Education and the Workforce, the Judiciary, Natural Resources, House Administration, Rules, Appropriations, and Veterans' Affairs, for a period to be subsequently determined by the Speaker, in each case for consideration of such provisions as fall within the jurisdiction of the committee concerned.</text>
        <committee>
          <name>Veterans' Affairs Committee</name>
          <systemCode>hsvr00</systemCode>
        </committee>
        <sourceSystem>
          <code>2</code>
          <name>House floor actions</name>
        </sourceSystem>
        <actionCode>H11100</actionCode>
      </item>
      <item>
        <links />
        <type>IntroReferral</type>
        <actionDate>2017-01-04</actionDate>
        <text>Referred to the Committee on Energy and Commerce, and in addition to the Committees on the Budget, Ways and Means, Education and the Workforce, the Judiciary, Natural Resources, House Administration, Rules, Appropriations, and Veterans' Affairs, for a period to be subsequently determined by the Speaker, in each case for consideration of such provisions as fall within the jurisdiction of the committee concerned.</text>
        <committee>
          <name>Appropriations Committee</name>
          <systemCode>hsap00</systemCode>
        </committee>
        <sourceSystem>
          <code>2</code>
          <name>House floor actions</name>
        </sourceSystem>
        <actionCode>H11100</actionCode>
      </item>
      <item>
        <links />
        <type>IntroReferral</type>
        <actionDate>2017-01-04</actionDate>
        <text>Referred to the Committee on Energy and Commerce, and in addition to the Committees on the Budget, Ways and Means, Education and the Workforce, the Judiciary, Natural Resources, House Administration, Rules, Appropriations, and Veterans' Affairs, for a period to be subsequently determined by the Speaker, in each case for consideration of such provisions as fall within the jurisdiction of the committee concerned.</text>
        <committee>
          <name>Rules Committee</name>
          <systemCode>hsru00</systemCode>
        </committee>
        <sourceSystem>
          <code>2</code>
          <name>House floor actions</name>
        </sourceSystem>
        <actionCode>H11100</actionCode>
      </item>
      <item>
        <links />
        <type>IntroReferral</type>
        <actionDate>2017-01-04</actionDate>
        <text>Referred to the Committee on Energy and Commerce, and in addition to the Committees on the Budget, Ways and Means, Education and the Workforce, the Judiciary, Natural Resources, House Administration, Rules, Appropriations, and Veterans' Affairs, for a period to be subsequently determined by the Speaker, in each case for consideration of such provisions as fall within the jurisdiction of the committee concerned.</text>
        <committee>
          <name>House Administration Committee</name>
          <systemCode>hsha00</systemCode>
        </committee>
        <sourceSystem>
          <code>2</code>
          <name>House floor actions</name>
        </sourceSystem>
        <actionCode>H11100</actionCode>
      </item>
      <item>
        <links />
        <type>IntroReferral</type>
        <actionDate>2017-01-04</actionDate>
        <text>Referred to the Committee on Energy and Commerce, and in addition to the Committees on the Budget, Ways and Means, Education and the Workforce, the Judiciary, Natural Resources, House Administration, Rules, Appropriations, and Veterans' Affairs, for a period to be subsequently determined by the Speaker, in each case for consideration of such provisions as fall within the jurisdiction of the committee concerned.</text>
        <committee>
          <name>Natural Resources Committee</name>
          <systemCode>hsii00</systemCode>
        </committee>
        <sourceSystem>
          <code>2</code>
          <name>House floor actions</name>
        </sourceSystem>
        <actionCode>H11100</actionCode>
      </item>
      <item>
        <links />
        <type>IntroReferral</type>
        <actionDate>2017-01-04</actionDate>
        <text>Referred to the Committee on Energy and Commerce, and in addition to the Committees on the Budget, Ways and Means, Education and the Workforce, the Judiciary, Natural Resources, House Administration, Rules, Appropriations, and Veterans' Affairs, for a period to be subsequently determined by the Speaker, in each case for consideration of such provisions as fall within the jurisdiction of the committee concerned.</text>
        <committee>
          <name>Judiciary Committee</name>
          <systemCode>hsju00</systemCode>
        </committee>
        <sourceSystem>
          <code>2</code>
          <name>House floor actions</name>
        </sourceSystem>
        <actionCode>H11100</actionCode>
      </item>
      <item>
        <links />
        <type>IntroReferral</type>
        <actionDate>2017-01-04</actionDate>
        <text>Referred to the Committee on Energy and Commerce, and in addition to the Committees on the Budget, Ways and Means, Education and the Workforce, the Judiciary, Natural Resources, House Administration, Rules, Appropriations, and Veterans' Affairs, for a period to be subsequently determined by the Speaker, in each case for consideration of such provisions as fall within the jurisdiction of the committee concerned.</text>
        <committee>
          <name>Education and the Workforce Committee</name>
          <systemCode>hsed00</systemCode>
        </committee>
        <sourceSystem>
          <code>2</code>
          <name>House floor actions</name>
        </sourceSystem>
        <actionCode>H11100</actionCode>
      </item>
      <item>
        <links />
        <type>IntroReferral</type>
        <actionDate>2017-01-04</actionDate>
        <text>Referred to the Committee on Energy and Commerce, and in addition to the Committees on the Budget, Ways and Means, Education and the Workforce, the Judiciary, Natural Resources, House Administration, Rules, Appropriations, and Veterans' Affairs, for a period to be subsequently determined by the Speaker, in each case for consideration of such provisions as fall within the jurisdiction of the committee concerned.</text>
        <committee>
          <name>Ways and Means Committee</name>
          <systemCode>hswm00</systemCode>
        </committee>
        <sourceSystem>
          <code>2</code>
          <name>House floor actions</name>
        </sourceSystem>
        <actionCode>H11100</actionCode>
      </item>
      <item>
        <links />
        <type>IntroReferral</type>
        <actionDate>2017-01-04</actionDate>
        <text>Referred to the Committee on Energy and Commerce, and in addition to the Committees on the Budget, Ways and Means, Education and the Workforce, the Judiciary, Natural Resources, House Administration, Rules, Appropriations, and Veterans' Affairs, for a period to be subsequently determined by the Speaker, in each case for consideration of such provisions as fall within the jurisdiction of the committee concerned.</text>
        <committee>
          <name>Budget Committee</name>
          <systemCode>hsbu00</systemCode>
        </committee>
        <sourceSystem>
          <code>2</code>
          <name>House floor actions</name>
        </sourceSystem>
        <actionCode>H11100</actionCode>
      </item>
      <item>
        <links />
        <type>IntroReferral</type>
        <actionDate>2017-01-04</actionDate>
        <text>Referred to the Committee on Energy and Commerce, and in addition to the Committees on the Budget, Ways and Means, Education and the Workforce, the Judiciary, Natural Resources, House Administration, Rules, Appropriations, and Veterans' Affairs, for a period to be subsequently determined by the Speaker, in each case for consideration of such provisions as fall within the jurisdiction of the committee concerned.</text>
        <committee />
        <sourceSystem>
          <code>9</code>
          <name>Library of Congress</name>
        </sourceSystem>
        <actionCode>H11100-A</actionCode>
      </item>
      <item>
        <links />
        <type>IntroReferral</type>
        <actionDate>2017-01-04</actionDate>
        <text>Referred to the Committee on Energy and Commerce, and in addition to the Committees on the Budget, Ways and Means, Education and the Workforce, the Judiciary, Natural Resources, House Administration, Rules, Appropriations, and Veterans' Affairs, for a period to be subsequently determined by the Speaker, in each case for consideration of such provisions as fall within the jurisdiction of the committee concerned.</text>
        <committee>
          <name>Energy and Commerce Committee</name>
          <systemCode>hsif00</systemCode>
        </committee>
        <sourceSystem>
          <code>2</code>
          <name>House floor actions</name>
        </sourceSystem>
        <actionCode>H11100</actionCode>
      </item>
      <item>
        <links />
        <type>IntroReferral</type>
        <actionDate>2017-01-04</actionDate>
        <text>Introduced in House</text>
        <committee />
        <sourceSystem>
          <code>9</code>
          <name>Library of Congress</name>
        </sourceSystem>
        <actionCode>Intro-H</actionCode>
      </item>
      <item>
        <links />
        <type>IntroReferral</type>
        <actionDate>2017-01-04</actionDate>
        <text>Introduced in House</text>
        <committee />
        <sourceSystem>
          <code>9</code>
          <name>Library of Congress</name>
        </sourceSystem>
        <actionCode>1000</actionCode>
      </item>
      <actionByCounts>
        <houseOfRepresentatives>17</houseOfRepresentatives>
      </actionByCounts>
    </actions>
    <sponsors>
      <item>
        <fullName>Rep. Roe, David P. [R-TN-1]</fullName>
        <identifiers>
          <bioguideId>R000582</bioguideId>
          <gpoId>8148</gpoId>
          <lisID>1954</lisID>
        </identifiers>
        <bioguideId>R000582</bioguideId>
        <lastName>Roe</lastName>
        <firstName>David</firstName>
        <party>R</party>
        <byRequestType />
        <middleName>P.</middleName>
        <state>TN</state>
        <district>1</district>
      </item>
    </sponsors>
    <billType>HR</billType>
    <constitutionalAuthorityStatementText><![CDATA[<pre>From the Congressional Record Online through the Government Publishing Office [<a href='http://www.gpo.gov'>www.gpo.gov</a>]By Mr. ROE of Tennessee:H.R. 277.Congress has the power to enact this legislation pursuantto the following:Article 1, Section 8, Clause 1, with respect to the powerto ``lay and collect Taxes, Duties, Imposts, and Excises,''and to provide for the ``general Welfare of the UnitedStates.'' Article 1, Section 8, Clause 3 of the U.S.Constitution gives Congress the power to ``regulate Commercewith foreign Nations, and among the several States, and withthe Indian Tribes.''[Page H97]</pre>]]></constitutionalAuthorityStatementText>
    <policyArea>
      <name>Health</name>
    </policyArea>
    <recordedVotes />
    <billNumber>277</billNumber>
    <titles>
      <item>
        <titleType>Short Titles as Introduced</titleType>
        <title>American Health Care Reform Act of 2017</title>
        <parentTitleType />
        <chamberCode />
        <chamberName />
      </item>
      <item>
        <titleType>Official Title as Introduced</titleType>
        <title>To repeal the Patient Protection and Affordable Care Act and related reconciliation provisions, to promote patient-centered health care, to provide for the creation of a safe harbor for defendants in medical malpractice actions who demonstrate adherence to clinical practice guidelines, and for other purposes.</title>
        <parentTitleType />
        <chamberCode />
        <chamberName />
      </item>
      <item>
        <titleType>Display Title</titleType>
        <title>American Health Care Reform Act of 2017</title>
        <parentTitleType />
        <chamberCode />
        <chamberName />
      </item>
      <item>
        <titleType>(Extracted from GPO) Short Titles as Introduced</titleType>
        <title>American Health Care Reform Act of 2017</title>
        <parentTitleType />
        <chamberCode />
        <chamberName />
      </item>
    </titles>
    <originChamber>House</originChamber>
    <subjects>
      <billSubjects>
        <policyArea>
          <name>Health</name>
        </policyArea>
        <legislativeSubjects>
          <item>
            <name>Abortion</name>
          </item>
          <item>
            <name>Accounting and auditing</name>
          </item>
          <item>
            <name>Administrative law and regulatory procedures</name>
          </item>
          <item>
            <name>Advisory bodies</name>
          </item>
          <item>
            <name>Cell biology and embryology</name>
          </item>
          <item>
            <name>Child health</name>
          </item>
          <item>
            <name>Civil actions and liability</name>
          </item>
          <item>
            <name>Competition and antitrust</name>
          </item>
          <item>
            <name>Comprehensive health care</name>
          </item>
          <item>
            <name>Congressional oversight</name>
          </item>
          <item>
            <name>Department of Labor</name>
          </item>
          <item>
            <name>Employee benefits and pensions</name>
          </item>
          <item>
            <name>Federal district courts</name>
          </item>
          <item>
            <name>Federal preemption</name>
          </item>
          <item>
            <name>Government information and archives</name>
          </item>
          <item>
            <name>Government trust funds</name>
          </item>
          <item>
            <name>Health care costs and insurance</name>
          </item>
          <item>
            <name>Health care coverage and access</name>
          </item>
          <item>
            <name>Health care quality</name>
          </item>
          <item>
            <name>Health information and medical records</name>
          </item>
          <item>
            <name>Health personnel</name>
          </item>
          <item>
            <name>Health programs administration and funding</name>
          </item>
          <item>
            <name>Income tax deductions</name>
          </item>
          <item>
            <name>Income tax deferral</name>
          </item>
          <item>
            <name>Insurance industry and regulation</name>
          </item>
          <item>
            <name>Intergovernmental relations</name>
          </item>
          <item>
            <name>Jurisdiction and venue</name>
          </item>
          <item>
            <name>Licensing and registrations</name>
          </item>
          <item>
            <name>Medical research</name>
          </item>
          <item>
            <name>Medicare</name>
          </item>
          <item>
            <name>Nutrition and diet</name>
          </item>
          <item>
            <name>Small business</name>
          </item>
          <item>
            <name>State and local courts</name>
          </item>
          <item>
            <name>State and local government operations</name>
          </item>
          <item>
            <name>State and local taxation</name>
          </item>
          <item>
            <name>User charges and fees</name>
          </item>
        </legislativeSubjects>
      </billSubjects>
    </subjects>
    <cosponsors>
      <item>
        <fullName>Rep. Walker, Mark [R-NC-6]</fullName>
        <sponsorshipDate>2017-01-04</sponsorshipDate>
        <lastName>Walker</lastName>
        <state>NC</state>
        <party>R</party>
        <bioguideId>W000819</bioguideId>
        <identifiers>
          <lisID>2255</lisID>
          <bioguideId>W000819</bioguideId>
          <gpoId />
        </identifiers>
        <isOriginalCosponsor>True</isOriginalCosponsor>
        <firstName>Mark</firstName>
        <sponsorshipWithdrawnDate />
        <middleName />
        <district>6</district>
      </item>
      <item>
        <fullName>Rep. Rokita, Todd [R-IN-4]</fullName>
        <sponsorshipDate>2017-01-04</sponsorshipDate>
        <lastName>Rokita</lastName>
        <state>IN</state>
        <party>R</party>
        <bioguideId>R000592</bioguideId>
        <identifiers>
          <lisID>2017</lisID>
          <bioguideId>R000592</bioguideId>
          <gpoId>7943</gpoId>
        </identifiers>
        <isOriginalCosponsor>True</isOriginalCosponsor>
        <firstName>Todd</firstName>
        <sponsorshipWithdrawnDate />
        <middleName />
        <district>4</district>
      </item>
      <item>
        <fullName>Rep. Gosar, Paul A. [R-AZ-4]</fullName>
        <sponsorshipDate>2017-01-04</sponsorshipDate>
        <lastName>Gosar</lastName>
        <state>AZ</state>
        <party>R</party>
        <bioguideId>G000565</bioguideId>
        <identifiers>
          <bioguideId>G000565</bioguideId>
          <lisID>1992</lisID>
          <gpoId>7798</gpoId>
        </identifiers>
        <isOriginalCosponsor>True</isOriginalCosponsor>
        <firstName>Paul</firstName>
        <sponsorshipWithdrawnDate />
        <middleName>A.</middleName>
        <district>4</district>
      </item>
      <item>
        <fullName>Rep. Flores, Bill [R-TX-17]</fullName>
        <sponsorshipDate>2017-01-04</sponsorshipDate>
        <lastName>Flores</lastName>
        <state>TX</state>
        <party>R</party>
        <bioguideId>F000461</bioguideId>
        <identifiers>
          <gpoId>8173</gpoId>
          <lisID>2065</lisID>
          <bioguideId>F000461</bioguideId>
        </identifiers>
        <isOriginalCosponsor>True</isOriginalCosponsor>
        <firstName>Bill</firstName>
        <sponsorshipWithdrawnDate />
        <middleName />
        <district>17</district>
      </item>
      <item>
        <fullName>Rep. Barr, Andy [R-KY-6]</fullName>
        <sponsorshipDate>2017-01-04</sponsorshipDate>
        <lastName>Barr</lastName>
        <state>KY</state>
        <party>R</party>
        <bioguideId>B001282</bioguideId>
        <identifiers>
          <bioguideId>B001282</bioguideId>
          <lisID>2131</lisID>
          <gpoId />
        </identifiers>
        <isOriginalCosponsor>True</isOriginalCosponsor>
        <firstName>Andy</firstName>
        <sponsorshipWithdrawnDate />
        <middleName />
        <district>6</district>
      </item>
      <item>
        <fullName>Rep. Carter, Earl L. "Buddy" [R-GA-1]</fullName>
        <sponsorshipDate>2017-01-04</sponsorshipDate>
        <lastName>Carter</lastName>
        <state>GA</state>
        <party>R</party>
        <bioguideId>C001103</bioguideId>
        <identifiers>
          <lisID>2236</lisID>
          <bioguideId>C001103</bioguideId>
          <gpoId />
        </identifiers>
        <isOriginalCosponsor>True</isOriginalCosponsor>
        <firstName>Earl</firstName>
        <sponsorshipWithdrawnDate />
        <middleName>L. "Buddy"</middleName>
        <district>1</district>
      </item>
      <item>
        <fullName>Rep. Scott, Austin [R-GA-8]</fullName>
        <sponsorshipDate>2017-01-04</sponsorshipDate>
        <lastName>Scott</lastName>
        <state>GA</state>
        <party>R</party>
        <bioguideId>S001189</bioguideId>
        <identifiers>
          <bioguideId>S001189</bioguideId>
          <gpoId>7905</gpoId>
          <lisID>2009</lisID>
        </identifiers>
        <isOriginalCosponsor>True</isOriginalCosponsor>
        <firstName>Austin</firstName>
        <sponsorshipWithdrawnDate />
        <middleName />
        <district>8</district>
      </item>
      <item>
        <fullName>Rep. Duncan, John J., Jr. [R-TN-2]</fullName>
        <sponsorshipDate>2017-01-04</sponsorshipDate>
        <lastName>DUNCAN</lastName>
        <state>TN</state>
        <party>R</party>
        <bioguideId>D000533</bioguideId>
        <identifiers>
          <lisID>322</lisID>
          <gpoId>8149</gpoId>
          <bioguideId>D000533</bioguideId>
        </identifiers>
        <isOriginalCosponsor>True</isOriginalCosponsor>
        <firstName>JOHN</firstName>
        <sponsorshipWithdrawnDate />
        <middleName>J.</middleName>
        <district>2</district>
      </item>
      <item>
        <fullName>Rep. Hill, J. French [R-AR-2]</fullName>
        <sponsorshipDate>2017-01-04</sponsorshipDate>
        <lastName>Hill</lastName>
        <state>AR</state>
        <party>R</party>
        <bioguideId>H001072</bioguideId>
        <identifiers>
          <lisID>2223</lisID>
          <gpoId />
          <bioguideId>H001072</bioguideId>
        </identifiers>
        <isOriginalCosponsor>True</isOriginalCosponsor>
        <firstName>J.</firstName>
        <sponsorshipWithdrawnDate />
        <middleName>French</middleName>
        <district>2</district>
      </item>
      <item>
        <fullName>Rep. Chabot, Steve [R-OH-1]</fullName>
        <sponsorshipDate>2017-01-04</sponsorshipDate>
        <lastName>CHABOT</lastName>
        <state>OH</state>
        <party>R</party>
        <bioguideId>C000266</bioguideId>
        <identifiers>
          <lisID>186</lisID>
          <bioguideId>C000266</bioguideId>
          <gpoId>8091</gpoId>
        </identifiers>
        <isOriginalCosponsor>True</isOriginalCosponsor>
        <firstName>STEVE</firstName>
        <sponsorshipWithdrawnDate />
        <middleName />
        <district>1</district>
      </item>
      <item>
        <fullName>Rep. Blackburn, Marsha [R-TN-7]</fullName>
        <sponsorshipDate>2017-01-04</sponsorshipDate>
        <lastName>Blackburn</lastName>
        <state>TN</state>
        <party>R</party>
        <bioguideId>B001243</bioguideId>
        <identifiers>
          <gpoId>8154</gpoId>
          <lisID>1748</lisID>
          <bioguideId>B001243</bioguideId>
        </identifiers>
        <isOriginalCosponsor>True</isOriginalCosponsor>
        <firstName>Marsha</firstName>
        <sponsorshipWithdrawnDate />
        <middleName />
        <district>7</district>
      </item>
      <item>
        <fullName>Rep. Rouzer, David [R-NC-7]</fullName>
        <sponsorshipDate>2017-01-04</sponsorshipDate>
        <lastName>Rouzer</lastName>
        <state>NC</state>
        <party>R</party>
        <bioguideId>R000603</bioguideId>
        <identifiers>
          <lisID>2256</lisID>
          <gpoId />
          <bioguideId>R000603</bioguideId>
        </identifiers>
        <isOriginalCosponsor>True</isOriginalCosponsor>
        <firstName>David</firstName>
        <sponsorshipWithdrawnDate />
        <middleName />
        <district>7</district>
      </item>
      <item>
        <fullName>Rep. Culberson, John Abney [R-TX-7]</fullName>
        <sponsorshipDate>2017-01-04</sponsorshipDate>
        <lastName>CULBERSON</lastName>
        <state>TX</state>
        <party>R</party>
        <bioguideId>C001048</bioguideId>
        <identifiers>
          <lisID>1670</lisID>
          <bioguideId>C001048</bioguideId>
          <gpoId>8163</gpoId>
        </identifiers>
        <isOriginalCosponsor>True</isOriginalCosponsor>
        <firstName>JOHN</firstName>
        <sponsorshipWithdrawnDate />
        <middleName>ABNEY</middleName>
        <district>7</district>
      </item>
      <item>
        <fullName>Rep. Hartzler, Vicky [R-MO-4]</fullName>
        <sponsorshipDate>2017-01-04</sponsorshipDate>
        <lastName>Hartzler</lastName>
        <state>MO</state>
        <party>R</party>
        <bioguideId>H001053</bioguideId>
        <identifiers>
          <bioguideId>H001053</bioguideId>
          <lisID>2032</lisID>
          <gpoId>8012</gpoId>
        </identifiers>
        <isOriginalCosponsor>True</isOriginalCosponsor>
        <firstName>Vicky</firstName>
        <sponsorshipWithdrawnDate />
        <middleName />
        <district>4</district>
      </item>
      <item>
        <fullName>Rep. Babin, Brian [R-TX-36]</fullName>
        <sponsorshipDate>2017-01-04</sponsorshipDate>
        <lastName>Babin</lastName>
        <state>TX</state>
        <party>R</party>
        <bioguideId>B001291</bioguideId>
        <identifiers>
          <lisID>2270</lisID>
          <bioguideId>B001291</bioguideId>
          <gpoId />
        </identifiers>
        <isOriginalCosponsor>True</isOriginalCosponsor>
        <firstName>Brian</firstName>
        <sponsorshipWithdrawnDate />
        <middleName />
        <district>36</district>
      </item>
      <item>
        <fullName>Rep. Bucshon, Larry [R-IN-8]</fullName>
        <sponsorshipDate>2017-01-04</sponsorshipDate>
        <lastName>Bucshon</lastName>
        <state>IN</state>
        <party>R</party>
        <bioguideId>B001275</bioguideId>
        <identifiers>
          <lisID>2018</lisID>
          <gpoId>7947</gpoId>
          <bioguideId>B001275</bioguideId>
        </identifiers>
        <isOriginalCosponsor>True</isOriginalCosponsor>
        <firstName>Larry</firstName>
        <sponsorshipWithdrawnDate />
        <middleName />
        <district>8</district>
      </item>
      <item>
        <fullName>Rep. Scalise, Steve [R-LA-1]</fullName>
        <sponsorshipDate>2017-01-04</sponsorshipDate>
        <lastName>Scalise</lastName>
        <state>LA</state>
        <party>R</party>
        <bioguideId>S001176</bioguideId>
        <identifiers>
          <lisID>1892</lisID>
          <gpoId>7959</gpoId>
          <bioguideId>S001176</bioguideId>
        </identifiers>
        <isOriginalCosponsor>True</isOriginalCosponsor>
        <firstName>Steve</firstName>
        <sponsorshipWithdrawnDate />
        <middleName />
        <district>1</district>
      </item>
      <item>
        <fullName>Rep. Duncan, Jeff [R-SC-3]</fullName>
        <sponsorshipDate>2017-01-06</sponsorshipDate>
        <lastName>Duncan</lastName>
        <state>SC</state>
        <party>R</party>
        <bioguideId>D000615</bioguideId>
        <identifiers>
          <lisID>2057</lisID>
          <bioguideId>D000615</bioguideId>
          <gpoId>8143</gpoId>
        </identifiers>
        <isOriginalCosponsor>False</isOriginalCosponsor>
        <firstName>Jeff</firstName>
        <sponsorshipWithdrawnDate />
        <middleName />
        <district>3</district>
      </item>
      <item>
        <fullName>Rep. Stewart, Chris [R-UT-2]</fullName>
        <sponsorshipDate>2017-01-06</sponsorshipDate>
        <lastName>Stewart</lastName>
        <state>UT</state>
        <party>R</party>
        <bioguideId>S001192</bioguideId>
        <identifiers>
          <lisID>2168</lisID>
          <bioguideId>S001192</bioguideId>
          <gpoId />
        </identifiers>
        <isOriginalCosponsor>False</isOriginalCosponsor>
        <firstName>Chris</firstName>
        <sponsorshipWithdrawnDate />
        <middleName />
        <district>2</district>
      </item>
      <item>
        <fullName>Rep. Allen, Rick W. [R-GA-12]</fullName>
        <sponsorshipDate>2017-01-06</sponsorshipDate>
        <lastName>Allen</lastName>
        <state>GA</state>
        <party>R</party>
        <bioguideId>A000372</bioguideId>
        <identifiers>
          <lisID>2239</lisID>
          <gpoId />
          <bioguideId>A000372</bioguideId>
        </identifiers>
        <isOriginalCosponsor>False</isOriginalCosponsor>
        <firstName>Rick</firstName>
        <sponsorshipWithdrawnDate />
        <middleName>W.</middleName>
        <district>12</district>
      </item>
      <item>
        <fullName>Rep. Loudermilk, Barry [R-GA-11]</fullName>
        <sponsorshipDate>2017-01-09</sponsorshipDate>
        <lastName>Loudermilk</lastName>
        <state>GA</state>
        <party>R</party>
        <bioguideId>L000583</bioguideId>
        <identifiers>
          <bioguideId>L000583</bioguideId>
          <lisID>2238</lisID>
          <gpoId />
        </identifiers>
        <isOriginalCosponsor>False</isOriginalCosponsor>
        <firstName>Barry</firstName>
        <sponsorshipWithdrawnDate />
        <middleName />
        <district>11</district>
      </item>
      <item>
        <fullName>Rep. Bishop, Rob [R-UT-1]</fullName>
        <sponsorshipDate>2017-01-09</sponsorshipDate>
        <lastName>Bishop</lastName>
        <state>UT</state>
        <party>R</party>
        <bioguideId>B001250</bioguideId>
        <identifiers>
          <lisID>1753</lisID>
          <gpoId>8189</gpoId>
          <bioguideId>B001250</bioguideId>
        </identifiers>
        <isOriginalCosponsor>False</isOriginalCosponsor>
        <firstName>Rob</firstName>
        <sponsorshipWithdrawnDate />
        <middleName />
        <district>1</district>
      </item>
      <item>
        <fullName>Rep. Wittman, Robert J. [R-VA-1]</fullName>
        <sponsorshipDate>2017-01-10</sponsorshipDate>
        <lastName>Wittman</lastName>
        <state>VA</state>
        <party>R</party>
        <bioguideId>W000804</bioguideId>
        <identifiers>
          <lisID>1886</lisID>
          <bioguideId>W000804</bioguideId>
          <gpoId>8192</gpoId>
        </identifiers>
        <isOriginalCosponsor>False</isOriginalCosponsor>
        <firstName>Robert</firstName>
        <sponsorshipWithdrawnDate />
        <middleName>J.</middleName>
        <district>1</district>
      </item>
      <item>
        <fullName>Rep. Abraham, Ralph Lee [R-LA-5]</fullName>
        <sponsorshipDate>2017-01-10</sponsorshipDate>
        <lastName>Abraham</lastName>
        <state>LA</state>
        <party>R</party>
        <bioguideId>A000374</bioguideId>
        <identifiers>
          <lisID>2244</lisID>
          <gpoId />
          <bioguideId>A000374</bioguideId>
        </identifiers>
        <isOriginalCosponsor>False</isOriginalCosponsor>
        <firstName>Ralph</firstName>
        <sponsorshipWithdrawnDate />
        <middleName>Lee</middleName>
        <district>5</district>
      </item>
      <item>
        <fullName>Rep. McClintock, Tom [R-CA-4]</fullName>
        <sponsorshipDate>2017-01-12</sponsorshipDate>
        <lastName>McClintock</lastName>
        <state>CA</state>
        <party>R</party>
        <bioguideId>M001177</bioguideId>
        <identifiers>
          <lisID>1908</lisID>
          <bioguideId>M001177</bioguideId>
          <gpoId>7809</gpoId>
        </identifiers>
        <isOriginalCosponsor>False</isOriginalCosponsor>
        <firstName>Tom</firstName>
        <sponsorshipWithdrawnDate />
        <middleName />
        <district>4</district>
      </item>
      <item>
        <fullName>Rep. Banks, Jim [R-IN-3]</fullName>
        <sponsorshipDate>2017-01-23</sponsorshipDate>
        <lastName>Banks</lastName>
        <state>IN</state>
        <party>R</party>
        <bioguideId>B001299</bioguideId>
        <identifiers>
          <lisID>2326</lisID>
          <bioguideId>B001299</bioguideId>
          <gpoId />
        </identifiers>
        <isOriginalCosponsor>False</isOriginalCosponsor>
        <firstName>Jim</firstName>
        <sponsorshipWithdrawnDate />
        <middleName />
        <district>3</district>
      </item>
      <item>
        <fullName>Rep. Johnson, Sam [R-TX-3]</fullName>
        <sponsorshipDate>2017-01-23</sponsorshipDate>
        <lastName>JOHNSON</lastName>
        <state>TX</state>
        <party>R</party>
        <bioguideId>J000174</bioguideId>
        <identifiers>
          <lisID>603</lisID>
          <gpoId>8159</gpoId>
          <bioguideId>J000174</bioguideId>
        </identifiers>
        <isOriginalCosponsor>False</isOriginalCosponsor>
        <firstName>SAM</firstName>
        <sponsorshipWithdrawnDate />
        <middleName />
        <district>3</district>
      </item>
      <item>
        <fullName>Rep. Pittenger, Robert [R-NC-9]</fullName>
        <sponsorshipDate>2017-01-23</sponsorshipDate>
        <lastName>Pittenger</lastName>
        <state>NC</state>
        <party>R</party>
        <bioguideId>P000606</bioguideId>
        <identifiers>
          <lisID>2141</lisID>
          <bioguideId>P000606</bioguideId>
          <gpoId />
        </identifiers>
        <isOriginalCosponsor>False</isOriginalCosponsor>
        <firstName>Robert</firstName>
        <sponsorshipWithdrawnDate />
        <middleName />
        <district>9</district>
      </item>
      <item>
        <fullName>Rep. Sanford, Mark [R-SC-1]</fullName>
        <sponsorshipDate>2017-01-23</sponsorshipDate>
        <lastName>Sanford</lastName>
        <state>SC</state>
        <party>R</party>
        <bioguideId>S000051</bioguideId>
        <identifiers>
          <lisID>1012</lisID>
          <bioguideId>S000051</bioguideId>
          <gpoId />
        </identifiers>
        <isOriginalCosponsor>False</isOriginalCosponsor>
        <firstName>Mark</firstName>
        <sponsorshipWithdrawnDate />
        <middleName />
        <district>1</district>
      </item>
    </cosponsors>
    <introducedDate>2017-01-04</introducedDate>
    <calendarNumbers />
    <latestAction>
      <actionDate>2017-02-10</actionDate>
      <links />
      <text>Referred to the Subcommittee on Indian, Insular and Alaska Native Affairs.</text>
    </latestAction>
    <amendments />
    <summaries>
      <billSummaries>
        <item>
          <versionCode>00</versionCode>
          <actionDate>2017-01-04</actionDate>
          <actionDesc>Introduced in House</actionDesc>
          <name>Introduced in House</name>
          <lastSummaryUpdateDate>2017-04-03T13:06:47Z</lastSummaryUpdateDate>
          <text><![CDATA[<p><b>American Health Care Reform Act of 2017</b></p> <p>This bill repeals the Patient Protection and Affordable Care Act and the health care provisions of the Health Care and Education Reconciliation Act of 2010, effective January 1, 2018. The bill restores provisions amended by the repealed provisions.</p> <p>This bill amends the Internal Revenue Code to allow an income tax standard deduction for health insurance.</p> <p>Provisions regarding health savings accounts (HSAs) are revised, including to raise contribution limits and to expand the products and services that may be paid for using an HSA.</p> <p>Group health plans may vary premiums and cost-sharing based on participation in a wellness program.</p> <p>This bill amends the Public Health Service Act to require the Department of Health and Human Services (HHS) to provide grants to states for high risk health insurance pools.</p> <p>Individual health insurance coverage is governed by the laws of a state designated by the health insurance issuer.</p> <p>The Center for Medicare and Medicaid Services must publish Medicare claims and payment data.</p> <p>This bill amends the Employee Retirement Income Security Act of 1974 (ERISA) to provide for association health plans, which are group health plans sponsored by certain business associations.</p> <p>Veterans with certain service-related disabilities or who have been awarded a medal of honor must be provided access to medical services though specified entities other than the Department of Veterans Affairs.</p> <p>Independent medical review panels must review health care lawsuits in which the defendant alleges adherence to clinical practice guidelines.</p> <p>Federal courts have jurisdiction over health care lawsuits.</p> This bill amends the Balanced Budget and Emergency Deficit Control Act of 1985 to revise non-security discretionary spending limits. <div> <div> </div> </div>]]></text>
          <updateDate>2017-01-04T05:00:00Z</updateDate>
        </item>
      </billSummaries>
    </summaries>
    <createDate>2017-01-05T04:47:33Z</createDate>
  </bill>
  <dublinCore xmlns:dc="http://purl.org/dc/elements/1.1/">
    <dc:format>text/xml</dc:format>
    <dc:language>EN</dc:language>
    <dc:rights>Pursuant to Title 17 Section 105 of the United States Code, this file is not subject to copyright protection and is in the public domain.</dc:rights>
    <dc:contributor>Congressional Research Service, Library of Congress</dc:contributor>
    <dc:description>This file contains bill summaries and statuses for federal legislation. A bill summary describes the most significant provisions of a piece of legislation and details the effects the legislative text may have on current law and federal programs. Bill summaries are authored by the Congressional Research Service (CRS) of the Library of Congress. As stated in Public Law 91-510 (2 USC 166 (d)(6)), one of the duties of CRS is "to prepare summaries and digests of bills and resolutions of a public general nature introduced in the Senate or House of Representatives". For more information, refer to the User Guide that accompanies this file.</dc:description>
  </dublinCore>
</billStatus>

