<?xml version="1.0" encoding="UTF-8"?>
<billStatus>
  <bill>
    <amendments />
    <latestAction>
      <actionDate>2017-10-25</actionDate>
      <text>Referred to the House Committee on Foreign Affairs.</text>
      <links />
    </latestAction>
    <congress>115</congress>
    <subjects>
      <billSubjects>
        <policyArea>
          <name>International Affairs</name>
        </policyArea>
        <legislativeSubjects>
          <item>
            <name>Advanced technology and technological innovations</name>
          </item>
          <item>
            <name>Executive agency funding and structure</name>
          </item>
          <item>
            <name>Foreign aid and international relief</name>
          </item>
          <item>
            <name>Research administration and funding</name>
          </item>
          <item>
            <name>U.S. Agency for International Development (USAID)</name>
          </item>
        </legislativeSubjects>
      </billSubjects>
    </subjects>
    <laws />
    <notes />
    <billType>HR</billType>
    <sponsors>
      <item>
        <lastName>Castro</lastName>
        <middleName />
        <bioguideId>C001091</bioguideId>
        <fullName>Rep. Castro, Joaquin [D-TX-20]</fullName>
        <identifiers>
          <lisID>2163</lisID>
          <bioguideId>C001091</bioguideId>
          <gpoId />
        </identifiers>
        <byRequestType />
        <state>TX</state>
        <firstName>Joaquin</firstName>
        <party>D</party>
        <district>20</district>
      </item>
    </sponsors>
    <recordedVotes />
    <committeeReports />
    <introducedDate>2017-10-25</introducedDate>
    <relatedBills />
    <cosponsors>
      <item>
        <party>R</party>
        <state>TX</state>
        <bioguideId>M001157</bioguideId>
        <sponsorshipWithdrawnDate />
        <isOriginalCosponsor>True</isOriginalCosponsor>
        <identifiers>
          <lisID>1804</lisID>
          <bioguideId>M001157</bioguideId>
          <gpoId>8166</gpoId>
        </identifiers>
        <fullName>Rep. McCaul, Michael T. [R-TX-10]</fullName>
        <lastName>McCaul</lastName>
        <sponsorshipDate>2017-10-25</sponsorshipDate>
        <firstName>Michael</firstName>
        <district>10</district>
        <middleName>T.</middleName>
      </item>
      <item>
        <party>D</party>
        <state>RI</state>
        <bioguideId>C001084</bioguideId>
        <sponsorshipWithdrawnDate />
        <isOriginalCosponsor>False</isOriginalCosponsor>
        <identifiers>
          <lisID>2055</lisID>
          <bioguideId>C001084</bioguideId>
          <gpoId>8139</gpoId>
        </identifiers>
        <fullName>Rep. Cicilline, David N. [D-RI-1]</fullName>
        <lastName>Cicilline</lastName>
        <sponsorshipDate>2017-11-06</sponsorshipDate>
        <firstName>David</firstName>
        <district>1</district>
        <middleName>N.</middleName>
      </item>
      <item>
        <party>D</party>
        <state>CA</state>
        <bioguideId>S000344</bioguideId>
        <sponsorshipWithdrawnDate />
        <isOriginalCosponsor>False</isOriginalCosponsor>
        <identifiers>
          <gpoId>7832</gpoId>
          <lisID>1526</lisID>
          <bioguideId>S000344</bioguideId>
        </identifiers>
        <fullName>Rep. Sherman, Brad [D-CA-30]</fullName>
        <lastName>SHERMAN</lastName>
        <sponsorshipDate>2017-11-15</sponsorshipDate>
        <firstName>BRAD</firstName>
        <district>30</district>
        <middleName />
      </item>
      <item>
        <party>R</party>
        <state>IL</state>
        <bioguideId>K000378</bioguideId>
        <sponsorshipWithdrawnDate />
        <isOriginalCosponsor>False</isOriginalCosponsor>
        <identifiers>
          <lisID>2014</lisID>
          <gpoId>7931</gpoId>
          <bioguideId>K000378</bioguideId>
        </identifiers>
        <fullName>Rep. Kinzinger, Adam [R-IL-16]</fullName>
        <lastName>Kinzinger</lastName>
        <sponsorshipDate>2017-11-21</sponsorshipDate>
        <firstName>Adam</firstName>
        <district>16</district>
        <middleName />
      </item>
    </cosponsors>
    <actions>
      <actionByCounts>
        <houseOfRepresentatives>3</houseOfRepresentatives>
      </actionByCounts>
      <item>
        <committee>
          <systemCode>hsfa00</systemCode>
          <name>Foreign Affairs Committee</name>
        </committee>
        <links />
        <type>IntroReferral</type>
        <text>Referred to the House Committee on Foreign Affairs.</text>
        <actionDate>2017-10-25</actionDate>
        <actionCode>H11100</actionCode>
        <sourceSystem>
          <code>2</code>
          <name>House floor actions</name>
        </sourceSystem>
      </item>
      <item>
        <committee />
        <links />
        <type>IntroReferral</type>
        <text>Introduced in House</text>
        <actionDate>2017-10-25</actionDate>
        <actionCode>Intro-H</actionCode>
        <sourceSystem>
          <code>9</code>
          <name>Library of Congress</name>
        </sourceSystem>
      </item>
      <item>
        <committee />
        <links />
        <type>IntroReferral</type>
        <text>Introduced in House</text>
        <actionDate>2017-10-25</actionDate>
        <actionCode>1000</actionCode>
        <sourceSystem>
          <code>9</code>
          <name>Library of Congress</name>
        </sourceSystem>
      </item>
      <actionTypeCounts>
        <introducedInHouse>1</introducedInHouse>
        <billReferrals>1</billReferrals>
        <introducedInTheHouse>1</introducedInTheHouse>
      </actionTypeCounts>
    </actions>
    <committees>
      <billCommittees>
        <item>
          <systemCode>hsfa00</systemCode>
          <chamber>House</chamber>
          <type>Standing</type>
          <subcommittees />
          <name>Foreign Affairs Committee</name>
          <activities>
            <item>
              <date>2017-10-25T14:03:40Z</date>
              <name>Referred to</name>
            </item>
          </activities>
        </item>
      </billCommittees>
    </committees>
    <updateDate>2018-08-28T20:13:51Z</updateDate>
    <version>1.0.0</version>
    <title>Global Development Lab Act of 2017</title>
    <createDate>2017-10-26T03:11:20Z</createDate>
    <billNumber>4121</billNumber>
    <constitutionalAuthorityStatementText><![CDATA[<pre>[Congressional Record Volume 163, Number 172 (Wednesday, October 25, 2017)]From the Congressional Record Online through the Government Publishing Office [<a href='http://www.gpo.gov'>www.gpo.gov</a>]By Mr. CASTRO of Texas:H.R. 4121.Congress has the power to enact this legislation pursuantto the following:Constitutional Authority--Necessary and Proper Clause(Art. I, Sec. 8, Clause 18)THE U.S. CONSTITUTIONARTICLE I, SECTION 8: POWERS OF CONGRESSCLAUSE 18The Congress shall have power . . . To make all laws whichshall be necessary and proper for carrying into execution theforegoing powers, and all other powers vested by thisConstitution in the government of the United States, or inany department or officer thereof.[Page H8226]</pre>]]></constitutionalAuthorityStatementText>
    <cboCostEstimates />
    <calendarNumbers />
    <policyArea>
      <name>International Affairs</name>
    </policyArea>
    <summaries>
      <billSummaries>
        <item>
          <text><![CDATA[<p><strong>Global Development Lab Act of 2017</strong></p> <p>This bill establishes in the U.S. Agency for International Development (USAID) the United States Global Development Lab, the duties of which shall include: </p> <ul> <li> increasing the application of science, technology, innovation and partnerships to develop new solutions to end extreme poverty; </li> <li> discovering and testing development innovations to increase cost effectiveness and support U.S. foreign policy and development goals; </li> <li>leveraging the expertise, resources, and investment of businesses, nongovernmental organizations, science and research organizations, and universities to increase program impact and sustainability; </li> <li>utilizing innovation-driven competitions to expand the number and diversity of solutions to development challenges; and </li> <li>supporting USAID missions and bureaus in applying science, technology, innovation, and partnership approaches to decision making, procurement, and program design.</li> </ul> <p>The lab is authorized to provide innovation incentive awards on a competitive basis that: (1) encourages and rewards the development of solutions for a particular, well-defined problem relating to the alleviation of poverty; or (2) helps identify and promote a broad range of ideas and practices, facilitating further development of an idea or practice by third parties.</p>]]></text>
          <lastSummaryUpdateDate>2018-03-08T19:43:24Z</lastSummaryUpdateDate>
          <actionDesc>Introduced in House</actionDesc>
          <updateDate>2017-10-25T04:00:00Z</updateDate>
          <name>Introduced in House</name>
          <versionCode>00</versionCode>
          <actionDate>2017-10-25</actionDate>
        </item>
      </billSummaries>
    </summaries>
    <originChamber>House</originChamber>
    <titles>
      <item>
        <titleType>Short Titles as Introduced</titleType>
        <title>Global Development Lab Act of 2017</title>
        <parentTitleType />
        <chamberCode />
        <chamberName />
      </item>
      <item>
        <titleType>Official Title as Introduced</titleType>
        <title>To establish in the United States Agency for International Development an entity to be known as the United States Global Development Lab, and for other purposes.</title>
        <parentTitleType />
        <chamberCode />
        <chamberName />
      </item>
      <item>
        <titleType>Display Title</titleType>
        <title>Global Development Lab Act of 2017</title>
        <parentTitleType />
        <chamberCode />
        <chamberName />
      </item>
      <item>
        <titleType>(Extracted from GPO) Short Titles as Introduced</titleType>
        <title>Global Development Lab Act of 2017</title>
        <parentTitleType />
        <chamberCode />
        <chamberName />
      </item>
    </titles>
  </bill>
  <dublinCore xmlns:dc="http://purl.org/dc/elements/1.1/">
    <dc:format>text/xml</dc:format>
    <dc:language>EN</dc:language>
    <dc:rights>Pursuant to Title 17 Section 105 of the United States Code, this file is not subject to copyright protection and is in the public domain.</dc:rights>
    <dc:contributor>Congressional Research Service, Library of Congress</dc:contributor>
    <dc:description>This file contains bill summaries and statuses for federal legislation. A bill summary describes the most significant provisions of a piece of legislation and details the effects the legislative text may have on current law and federal programs. Bill summaries are authored by the Congressional Research Service (CRS) of the Library of Congress. As stated in Public Law 91-510 (2 USC 166 (d)(6)), one of the duties of CRS is "to prepare summaries and digests of bills and resolutions of a public general nature introduced in the Senate or House of Representatives". For more information, refer to the User Guide that accompanies this file.</dc:description>
  </dublinCore>
</billStatus>

