<?xml version="1.0" encoding="UTF-8"?>
<billStatus>
  <bill>
    <createDate>2017-01-04T07:01:13Z</createDate>
    <introducedDate>2017-01-03</introducedDate>
    <cosponsors />
    <calendarNumbers />
    <policyArea>
      <name>Public Lands and Natural Resources</name>
    </policyArea>
    <billType>HR</billType>
    <summaries>
      <billSummaries />
    </summaries>
    <notes />
    <congress>115</congress>
    <recordedVotes />
    <sponsors>
      <item>
        <party>R</party>
        <middleName>E.</middleName>
        <lastName>YOUNG</lastName>
        <fullName>Rep. Young, Don [R-AK-At Large]</fullName>
        <bioguideId>Y000033</bioguideId>
        <state>AK</state>
        <byRequestType />
        <district>0</district>
        <identifiers>
          <lisID>1256</lisID>
          <gpoId>7785</gpoId>
          <bioguideId>Y000033</bioguideId>
        </identifiers>
        <firstName>DON</firstName>
      </item>
    </sponsors>
    <titles>
      <item>
        <title>King Cove Road Land Exchange Act</title>
        <parentTitleType />
        <chamberName />
        <titleType>Short Titles as Introduced</titleType>
        <chamberCode />
      </item>
      <item>
        <title>To provide for the exchange of Federal land and non-Federal land in the State of Alaska for the construction of a road between King Cove and Cold Bay.</title>
        <parentTitleType />
        <chamberName />
        <titleType>Official Title as Introduced</titleType>
        <chamberCode />
      </item>
      <item>
        <title>King Cove Road Land Exchange Act</title>
        <parentTitleType />
        <chamberName />
        <titleType>Display Title</titleType>
        <chamberCode />
      </item>
    </titles>
    <billNumber>218</billNumber>
    <relatedBills />
    <subjects>
      <billSubjects>
        <legislativeSubjects />
        <policyArea>
          <name>Public Lands and Natural Resources</name>
        </policyArea>
      </billSubjects>
    </subjects>
    <amendments />
    <originChamber>House</originChamber>
    <updateDate>2017-01-12T21:01:16Z</updateDate>
    <latestAction>
      <actionDate>2017-01-03</actionDate>
      <links />
      <text>Referred to the House Committee on Natural Resources.</text>
    </latestAction>
    <committees>
      <billCommittees>
        <item>
          <systemCode>hsii00</systemCode>
          <subcommittees />
          <type>Standing</type>
          <chamber>House</chamber>
          <name>Natural Resources Committee</name>
          <activities>
            <item>
              <name>Referred to</name>
              <date>2017-01-03T17:24:25Z</date>
            </item>
          </activities>
        </item>
      </billCommittees>
    </committees>
    <committeeReports />
    <constitutionalAuthorityStatementText />
    <actions>
      <item>
        <committee>
          <name>Natural Resources Committee</name>
          <systemCode>hsii00</systemCode>
        </committee>
        <actionDate>2017-01-03</actionDate>
        <text>Referred to the House Committee on Natural Resources.</text>
        <links />
        <actionCode>H11100</actionCode>
        <type>IntroReferral</type>
        <sourceSystem>
          <name>House floor actions</name>
          <code>2</code>
        </sourceSystem>
      </item>
      <item>
        <committee />
        <actionDate>2017-01-03</actionDate>
        <text>Introduced in House</text>
        <links />
        <actionCode>Intro-H</actionCode>
        <type>IntroReferral</type>
        <sourceSystem>
          <name>Library of Congress</name>
          <code>9</code>
        </sourceSystem>
      </item>
      <item>
        <committee />
        <actionDate>2017-01-03</actionDate>
        <text>Introduced in House</text>
        <links />
        <actionCode>1000</actionCode>
        <type>IntroReferral</type>
        <sourceSystem>
          <name>Library of Congress</name>
          <code>9</code>
        </sourceSystem>
      </item>
      <actionTypeCounts>
        <billReferrals>1</billReferrals>
        <introducedInTheHouse>1</introducedInTheHouse>
        <introducedInHouse>1</introducedInHouse>
      </actionTypeCounts>
      <actionByCounts>
        <houseOfRepresentatives>3</houseOfRepresentatives>
      </actionByCounts>
    </actions>
    <laws />
    <cboCostEstimates />
    <title>King Cove Road Land Exchange Act</title>
  </bill>
  <dublinCore xmlns:dc="http://purl.org/dc/elements/1.1/">
    <dc:format>text/xml</dc:format>
    <dc:language>EN</dc:language>
    <dc:rights>Pursuant to Title 17 Section 105 of the United States Code, this file is not subject to copyright protection and is in the public domain.</dc:rights>
    <dc:contributor>Congressional Research Service, Library of Congress</dc:contributor>
    <dc:description>This file contains bill summaries and statuses for federal legislation. A bill summary describes the most significant provisions of a piece of legislation and details the effects the legislative text may have on current law and federal programs. Bill summaries are authored by the Congressional Research Service (CRS) of the Library of Congress. As stated in Public Law 91-510 (2 USC 166 (d)(6)), one of the duties of CRS is "to prepare summaries and digests of bills and resolutions of a public general nature introduced in the Senate or House of Representatives". For more information, refer to the User Guide that accompanies this file.</dc:description>
  </dublinCore>
</billStatus>

