<?xml version="1.0" encoding="UTF-8"?>
<billStatus>
  <bill>
    <titles>
      <item>
        <parentTitleType />
        <title>Honoring our Heroes Act</title>
        <chamberCode />
        <titleType>Short Titles as Introduced</titleType>
        <chamberName />
      </item>
      <item>
        <parentTitleType />
        <title>To amend title 10, United States Code, to facilitate the replacement of military decorations for relatives of deceased members of the Armed Forces.</title>
        <chamberCode />
        <titleType>Official Title as Introduced</titleType>
        <chamberName />
      </item>
      <item>
        <parentTitleType />
        <title>Honoring our Heroes Act</title>
        <chamberCode />
        <titleType>Display Title</titleType>
        <chamberName />
      </item>
    </titles>
    <billType>HR</billType>
    <calendarNumbers />
    <relatedBills />
    <sponsors>
      <item>
        <state>WI</state>
        <firstName>RON</firstName>
        <fullName>Rep. Kind, Ron [D-WI-3]</fullName>
        <party>D</party>
        <identifiers>
          <lisID>1498</lisID>
          <bioguideId>K000188</bioguideId>
          <gpoId>8216</gpoId>
        </identifiers>
        <bioguideId>K000188</bioguideId>
        <district>3</district>
        <lastName>KIND</lastName>
        <middleName />
        <byRequestType />
      </item>
    </sponsors>
    <subjects>
      <billSubjects>
        <legislativeSubjects />
      </billSubjects>
    </subjects>
    <notes />
    <updateDate>2017-01-23T15:01:30Z</updateDate>
    <actions>
      <actionTypeCounts>
        <billReferrals>1</billReferrals>
        <introducedInHouse>1</introducedInHouse>
        <introducedInTheHouse>1</introducedInTheHouse>
      </actionTypeCounts>
      <item>
        <text>Referred to the House Committee on Armed Services.</text>
        <committee>
          <systemCode>hsas00</systemCode>
          <name>Armed Services Committee</name>
        </committee>
        <sourceSystem>
          <code>2</code>
          <name>House floor actions</name>
        </sourceSystem>
        <actionDate>2017-01-10</actionDate>
        <actionCode>H11100</actionCode>
        <type>IntroReferral</type>
        <links />
      </item>
      <item>
        <text>Introduced in House</text>
        <committee />
        <sourceSystem>
          <code>9</code>
          <name>Library of Congress</name>
        </sourceSystem>
        <actionDate>2017-01-10</actionDate>
        <actionCode>Intro-H</actionCode>
        <type>IntroReferral</type>
        <links />
      </item>
      <item>
        <text>Introduced in House</text>
        <committee />
        <sourceSystem>
          <code>9</code>
          <name>Library of Congress</name>
        </sourceSystem>
        <actionDate>2017-01-10</actionDate>
        <actionCode>1000</actionCode>
        <type>IntroReferral</type>
        <links />
      </item>
      <actionByCounts>
        <houseOfRepresentatives>3</houseOfRepresentatives>
      </actionByCounts>
    </actions>
    <introducedDate>2017-01-10</introducedDate>
    <laws />
    <cosponsors>
      <item>
        <lastName>LANGEVIN</lastName>
        <isOriginalCosponsor>True</isOriginalCosponsor>
        <sponsorshipWithdrawnDate />
        <sponsorshipDate>2017-01-10</sponsorshipDate>
        <bioguideId>L000559</bioguideId>
        <party>D</party>
        <identifiers>
          <lisID>1668</lisID>
          <gpoId>8140</gpoId>
          <bioguideId>L000559</bioguideId>
        </identifiers>
        <fullName>Rep. Langevin, James R. [D-RI-2]</fullName>
        <district>2</district>
        <state>RI</state>
        <middleName>R.</middleName>
        <firstName>JAMES</firstName>
      </item>
      <item>
        <lastName>JONES</lastName>
        <isOriginalCosponsor>True</isOriginalCosponsor>
        <sponsorshipWithdrawnDate />
        <sponsorshipDate>2017-01-10</sponsorshipDate>
        <bioguideId>J000255</bioguideId>
        <party>R</party>
        <identifiers>
          <bioguideId>J000255</bioguideId>
          <gpoId>8026</gpoId>
          <lisID>612</lisID>
        </identifiers>
        <fullName>Rep. Jones, Walter B., Jr. [R-NC-3]</fullName>
        <district>3</district>
        <state>NC</state>
        <middleName>B.</middleName>
        <firstName>WALTER</firstName>
      </item>
      <item>
        <lastName>Byrne</lastName>
        <isOriginalCosponsor>True</isOriginalCosponsor>
        <sponsorshipWithdrawnDate />
        <sponsorshipDate>2017-01-10</sponsorshipDate>
        <bioguideId>B001289</bioguideId>
        <party>R</party>
        <identifiers>
          <lisID>2197</lisID>
          <bioguideId>B001289</bioguideId>
          <gpoId />
        </identifiers>
        <fullName>Rep. Byrne, Bradley [R-AL-1]</fullName>
        <district>1</district>
        <state>AL</state>
        <middleName />
        <firstName>Bradley</firstName>
      </item>
      <item>
        <lastName>Gabbard</lastName>
        <isOriginalCosponsor>False</isOriginalCosponsor>
        <sponsorshipWithdrawnDate />
        <sponsorshipDate>2017-01-11</sponsorshipDate>
        <bioguideId>G000571</bioguideId>
        <party>D</party>
        <identifiers>
          <lisID>2122</lisID>
          <bioguideId>G000571</bioguideId>
          <gpoId />
        </identifiers>
        <fullName>Rep. Gabbard, Tulsi [D-HI-2]</fullName>
        <district>2</district>
        <state>HI</state>
        <middleName />
        <firstName>Tulsi</firstName>
      </item>
      <item>
        <lastName>Moulton</lastName>
        <isOriginalCosponsor>False</isOriginalCosponsor>
        <sponsorshipWithdrawnDate />
        <sponsorshipDate>2017-01-13</sponsorshipDate>
        <bioguideId>M001196</bioguideId>
        <party>D</party>
        <identifiers>
          <gpoId />
          <bioguideId>M001196</bioguideId>
          <lisID>2246</lisID>
        </identifiers>
        <fullName>Rep. Moulton, Seth [D-MA-6]</fullName>
        <district>6</district>
        <state>MA</state>
        <middleName />
        <firstName>Seth</firstName>
      </item>
      <item>
        <lastName>Radewagen</lastName>
        <isOriginalCosponsor>False</isOriginalCosponsor>
        <sponsorshipWithdrawnDate />
        <sponsorshipDate>2017-01-13</sponsorshipDate>
        <bioguideId>R000600</bioguideId>
        <party>R</party>
        <identifiers>
          <gpoId />
          <lisID>2222</lisID>
          <bioguideId>R000600</bioguideId>
        </identifiers>
        <fullName>Rep. Radewagen, Aumua Amata Coleman [R-AS-At Large]</fullName>
        <district>0</district>
        <state>AS</state>
        <middleName>Coleman</middleName>
        <firstName>Aumua Amata</firstName>
      </item>
      <item>
        <lastName>RYAN</lastName>
        <isOriginalCosponsor>False</isOriginalCosponsor>
        <sponsorshipWithdrawnDate />
        <sponsorshipDate>2017-01-13</sponsorshipDate>
        <bioguideId>R000577</bioguideId>
        <party>D</party>
        <identifiers>
          <lisID>1756</lisID>
          <bioguideId>R000577</bioguideId>
          <gpoId>8107</gpoId>
        </identifiers>
        <fullName>Rep. Ryan, Tim [D-OH-13]</fullName>
        <district>13</district>
        <state>OH</state>
        <middleName />
        <firstName>TIM</firstName>
      </item>
    </cosponsors>
    <createDate>2017-01-11T05:09:43Z</createDate>
    <committeeReports />
    <constitutionalAuthorityStatementText />
    <cboCostEstimates />
    <policyArea />
    <originChamber>House</originChamber>
    <congress>115</congress>
    <billNumber>406</billNumber>
    <latestAction>
      <links />
      <actionDate>2017-01-10</actionDate>
      <text>Referred to the House Committee on Armed Services.</text>
    </latestAction>
    <committees>
      <billCommittees>
        <item>
          <subcommittees />
          <type>Standing</type>
          <chamber>House</chamber>
          <systemCode>hsas00</systemCode>
          <name>Armed Services Committee</name>
          <activities>
            <item>
              <name>Referred to</name>
              <date>2017-01-10T15:01:50Z</date>
            </item>
          </activities>
        </item>
      </billCommittees>
    </committees>
    <recordedVotes />
    <amendments />
    <title>Honoring our Heroes Act</title>
    <summaries>
      <billSummaries />
    </summaries>
  </bill>
  <dublinCore xmlns:dc="http://purl.org/dc/elements/1.1/">
    <dc:format>text/xml</dc:format>
    <dc:language>EN</dc:language>
    <dc:rights>Pursuant to Title 17 Section 105 of the United States Code, this file is not subject to copyright protection and is in the public domain.</dc:rights>
    <dc:contributor>Congressional Research Service, Library of Congress</dc:contributor>
    <dc:description>This file contains bill summaries and statuses for federal legislation. A bill summary describes the most significant provisions of a piece of legislation and details the effects the legislative text may have on current law and federal programs. Bill summaries are authored by the Congressional Research Service (CRS) of the Library of Congress. As stated in Public Law 91-510 (2 USC 166 (d)(6)), one of the duties of CRS is "to prepare summaries and digests of bills and resolutions of a public general nature introduced in the Senate or House of Representatives". For more information, refer to the User Guide that accompanies this file.</dc:description>
  </dublinCore>
</billStatus>

