<?xml version="1.0" encoding="UTF-8"?>
<billStatus>
  <bill>
    <title>Hadiya Pendleton and Nyasia Pryear-Yard Stop Illegal Trafficking in Firearms Act of 2017</title>
    <originChamber>House</originChamber>
    <updateDate>2018-08-28T20:00:55Z</updateDate>
    <constitutionalAuthorityStatementText><![CDATA[<pre>[Congressional Record Volume 163, Number 17 (Wednesday, February 1, 2017)]From the Congressional Record Online through the Government Publishing Office [<a href='http://www.gpo.gov'>www.gpo.gov</a>]By Mr. RUSH:H.R. 810.Congress has the power to enact this legislation pursuantto the following:Article I, Section 8, Clause 3: ``The Congress shall havepower to . . . regulate commerce . . . among the severalstates. . .''[Page H878]</pre>]]></constitutionalAuthorityStatementText>
    <calendarNumbers />
    <subjects>
      <billSubjects>
        <legislativeSubjects>
          <item>
            <name>Administrative law and regulatory procedures</name>
          </item>
          <item>
            <name>Citizenship and naturalization</name>
          </item>
          <item>
            <name>Criminal procedure and sentencing</name>
          </item>
          <item>
            <name>Currency</name>
          </item>
          <item>
            <name>Drug trafficking and controlled substances</name>
          </item>
          <item>
            <name>Firearms and explosives</name>
          </item>
          <item>
            <name>Immigration status and procedures</name>
          </item>
          <item>
            <name>Organized crime</name>
          </item>
          <item>
            <name>Smuggling and trafficking</name>
          </item>
          <item>
            <name>U.S. Sentencing Commission</name>
          </item>
          <item>
            <name>Violent crime</name>
          </item>
        </legislativeSubjects>
        <policyArea>
          <name>Crime and Law Enforcement</name>
        </policyArea>
      </billSubjects>
    </subjects>
    <version>1.0.0</version>
    <summaries>
      <billSummaries>
        <item>
          <versionCode>00</versionCode>
          <actionDate>2017-02-01</actionDate>
          <actionDesc>Introduced in House</actionDesc>
          <name>Introduced in House</name>
          <lastSummaryUpdateDate>2017-11-06T16:20:21Z</lastSummaryUpdateDate>
          <text><![CDATA[<p><b>Hadiya Pendleton and Nyasia Pryear-Yard Stop Illegal Trafficking in Firearms Act of 2017</b></p> <p>This bill amends the federal criminal code to establish stand-alone criminal offenses for trafficking in firearms and straw purchasing of firearms. <p>The bill expands the categories of prohibited persons (i.e., persons barred from receiving or possessing a firearm or ammunition) to include persons who intend: (1) to sell or transfer a firearm or ammunition to a prohibited person, (2) to sell or transfer a firearm to further a crime of violence or drug trafficking offense, or (3) to unlawfully export.</p> <p>It increases the maximum prison term for the sale or transfer of a firearm to or the receipt or possession of a firearm by a prohibited person.</p> <p>The bill revises the existing prohibition on transferring a firearm knowing that it will be used to commit a crime of violence or drug trafficking offense. It broadens the scope of the prohibition and increases the maximum prison term for a violator.</p> <p>The bill also revises the existing prohibition on smuggling a firearm into the United States with the intent to unlawfully import or to promote a crime of violence or drug trafficking offense. It broadens the scope of the prohibition and increases the maximum prison term for a violator.</p> <p>Finally, the bill makes it a crime to smuggle a firearm or ammunition out of the United States, or conspire or attempt to do so, with the intent to unlawfully export or to promote a crime of violence or drug trafficking offense.</p>]]></text>
          <updateDate>2017-02-01T05:00:00Z</updateDate>
        </item>
      </billSummaries>
    </summaries>
    <billType>HR</billType>
    <latestAction>
      <text>Referred to the Subcommittee on Crime, Terrorism, Homeland Security, and Investigations.</text>
      <links />
      <actionDate>2017-03-02</actionDate>
    </latestAction>
    <policyArea>
      <name>Crime and Law Enforcement</name>
    </policyArea>
    <relatedBills>
      <item>
        <congress>115</congress>
        <latestAction>
          <actionDate>2017-05-18</actionDate>
          <text>Read twice and referred to the Committee on the Judiciary. (Sponsor introductory remarks on measure: CR S3043-3044)</text>
        </latestAction>
        <relationshipDetails>
          <item>
            <type>Related bill</type>
            <identifiedBy>CRS</identifiedBy>
          </item>
        </relationshipDetails>
        <type>S</type>
        <latestTitle>Stop Illegal Trafficking in Firearms Act of 2017</latestTitle>
        <number>1185</number>
      </item>
    </relatedBills>
    <introducedDate>2017-02-01</introducedDate>
    <actions>
      <actionTypeCounts>
        <introducedInHouse>1</introducedInHouse>
        <introducedInTheHouse>1</introducedInTheHouse>
        <billReferrals>1</billReferrals>
        <placeholderTextForH>1</placeholderTextForH>
      </actionTypeCounts>
      <item>
        <actionDate>2017-03-02</actionDate>
        <committee>
          <systemCode>hsju08</systemCode>
          <name>Crime, Terrorism, Homeland Security, and Investigations Subcommittee</name>
        </committee>
        <links />
        <sourceSystem>
          <name>House committee actions</name>
          <code>1</code>
        </sourceSystem>
        <text>Referred to the Subcommittee on Crime, Terrorism, Homeland Security, and Investigations.</text>
        <type>Committee</type>
      </item>
      <item>
        <actionDate>2017-02-01</actionDate>
        <links />
        <text>Referred to the House Committee on the Judiciary.</text>
        <type>IntroReferral</type>
        <actionCode>H11100</actionCode>
        <sourceSystem>
          <name>House floor actions</name>
          <code>2</code>
        </sourceSystem>
        <committee>
          <systemCode>hsju00</systemCode>
          <name>Judiciary Committee</name>
        </committee>
      </item>
      <item>
        <actionDate>2017-02-01</actionDate>
        <links />
        <text>Introduced in House</text>
        <type>IntroReferral</type>
        <actionCode>Intro-H</actionCode>
        <sourceSystem>
          <name>Library of Congress</name>
          <code>9</code>
        </sourceSystem>
        <committee />
      </item>
      <item>
        <actionDate>2017-02-01</actionDate>
        <links />
        <text>Introduced in House</text>
        <type>IntroReferral</type>
        <actionCode>1000</actionCode>
        <sourceSystem>
          <name>Library of Congress</name>
          <code>9</code>
        </sourceSystem>
        <committee />
      </item>
      <actionByCounts>
        <houseOfRepresentatives>4</houseOfRepresentatives>
      </actionByCounts>
    </actions>
    <laws />
    <congress>115</congress>
    <committeeReports />
    <billNumber>810</billNumber>
    <cboCostEstimates />
    <cosponsors>
      <item>
        <fullName>Rep. Davis, Danny K. [D-IL-7]</fullName>
        <sponsorshipDate>2017-02-27</sponsorshipDate>
        <lastName>DAVIS</lastName>
        <state>IL</state>
        <party>D</party>
        <bioguideId>D000096</bioguideId>
        <identifiers>
          <bioguideId>D000096</bioguideId>
          <lisID>1477</lisID>
          <gpoId>7927</gpoId>
        </identifiers>
        <isOriginalCosponsor>False</isOriginalCosponsor>
        <firstName>DANNY</firstName>
        <sponsorshipWithdrawnDate />
        <middleName>K.</middleName>
        <district>7</district>
      </item>
      <item>
        <fullName>Rep. Kelly, Robin L. [D-IL-2]</fullName>
        <sponsorshipDate>2017-02-27</sponsorshipDate>
        <lastName>Kelly</lastName>
        <state>IL</state>
        <party>D</party>
        <bioguideId>K000385</bioguideId>
        <identifiers>
          <bioguideId>K000385</bioguideId>
          <lisID>2190</lisID>
          <gpoId />
        </identifiers>
        <isOriginalCosponsor>False</isOriginalCosponsor>
        <firstName>Robin</firstName>
        <sponsorshipWithdrawnDate />
        <middleName>L.</middleName>
        <district>2</district>
      </item>
      <item>
        <fullName>Rep. Cartwright, Matt [D-PA-17]</fullName>
        <sponsorshipDate>2017-02-27</sponsorshipDate>
        <lastName>Cartwright</lastName>
        <state>PA</state>
        <party>D</party>
        <bioguideId>C001090</bioguideId>
        <identifiers>
          <lisID>2159</lisID>
          <gpoId />
          <bioguideId>C001090</bioguideId>
        </identifiers>
        <isOriginalCosponsor>False</isOriginalCosponsor>
        <firstName>Matt</firstName>
        <sponsorshipWithdrawnDate />
        <middleName />
        <district>17</district>
      </item>
      <item>
        <fullName>Rep. Cohen, Steve [D-TN-9]</fullName>
        <sponsorshipDate>2017-02-27</sponsorshipDate>
        <lastName>Cohen</lastName>
        <state>TN</state>
        <party>D</party>
        <bioguideId>C001068</bioguideId>
        <identifiers>
          <lisID>1878</lisID>
          <gpoId>8156</gpoId>
          <bioguideId>C001068</bioguideId>
        </identifiers>
        <isOriginalCosponsor>False</isOriginalCosponsor>
        <firstName>Steve</firstName>
        <sponsorshipWithdrawnDate />
        <middleName />
        <district>9</district>
      </item>
      <item>
        <fullName>Rep. Norton, Eleanor Holmes [D-DC-At Large]</fullName>
        <sponsorshipDate>2017-03-07</sponsorshipDate>
        <lastName>NORTON</lastName>
        <state>DC</state>
        <party>D</party>
        <bioguideId>N000147</bioguideId>
        <identifiers>
          <lisID>868</lisID>
          <gpoId>7871</gpoId>
          <bioguideId>N000147</bioguideId>
        </identifiers>
        <isOriginalCosponsor>False</isOriginalCosponsor>
        <firstName>ELEANOR</firstName>
        <sponsorshipWithdrawnDate />
        <middleName>HOLMES</middleName>
        <district>0</district>
      </item>
      <item>
        <fullName>Rep. Hastings, Alcee L. [D-FL-20]</fullName>
        <sponsorshipDate>2017-03-07</sponsorshipDate>
        <lastName>HASTINGS</lastName>
        <state>FL</state>
        <party>D</party>
        <bioguideId>H000324</bioguideId>
        <identifiers>
          <lisID>511</lisID>
          <gpoId>7895</gpoId>
          <bioguideId>H000324</bioguideId>
        </identifiers>
        <isOriginalCosponsor>False</isOriginalCosponsor>
        <firstName>ALCEE</firstName>
        <sponsorshipWithdrawnDate />
        <middleName>L.</middleName>
        <district>20</district>
      </item>
      <item>
        <fullName>Rep. Raskin, Jamie [D-MD-8]</fullName>
        <sponsorshipDate>2017-03-07</sponsorshipDate>
        <lastName>Raskin</lastName>
        <state>MD</state>
        <party>D</party>
        <bioguideId>R000606</bioguideId>
        <identifiers>
          <gpoId />
          <lisID>2332</lisID>
          <bioguideId>R000606</bioguideId>
        </identifiers>
        <isOriginalCosponsor>False</isOriginalCosponsor>
        <firstName>Jamie</firstName>
        <sponsorshipWithdrawnDate />
        <middleName />
        <district>8</district>
      </item>
      <item>
        <fullName>Rep. Meeks, Gregory W. [D-NY-5]</fullName>
        <sponsorshipDate>2017-03-07</sponsorshipDate>
        <lastName>MEEKS</lastName>
        <state>NY</state>
        <party>D</party>
        <bioguideId>M001137</bioguideId>
        <identifiers>
          <bioguideId>M001137</bioguideId>
          <lisID>1506</lisID>
          <gpoId>8067</gpoId>
        </identifiers>
        <isOriginalCosponsor>False</isOriginalCosponsor>
        <firstName>GREGORY</firstName>
        <sponsorshipWithdrawnDate />
        <middleName>W.</middleName>
        <district>5</district>
      </item>
      <item>
        <fullName>Rep. Deutch, Theodore E. [D-FL-22]</fullName>
        <sponsorshipDate>2017-03-07</sponsorshipDate>
        <lastName>Deutch</lastName>
        <state>FL</state>
        <party>D</party>
        <bioguideId>D000610</bioguideId>
        <identifiers>
          <lisID>1976</lisID>
          <bioguideId>D000610</bioguideId>
          <gpoId>7891</gpoId>
        </identifiers>
        <isOriginalCosponsor>False</isOriginalCosponsor>
        <firstName>Theodore</firstName>
        <sponsorshipWithdrawnDate />
        <middleName>E.</middleName>
        <district>22</district>
      </item>
      <item>
        <fullName>Rep. Johnson, Henry C. "Hank," Jr. [D-GA-4]</fullName>
        <sponsorshipDate>2017-03-07</sponsorshipDate>
        <lastName>Johnson</lastName>
        <state>GA</state>
        <party>D</party>
        <bioguideId>J000288</bioguideId>
        <identifiers>
          <lisID>1843</lisID>
          <gpoId>7901</gpoId>
          <bioguideId>J000288</bioguideId>
        </identifiers>
        <isOriginalCosponsor>False</isOriginalCosponsor>
        <firstName>Henry</firstName>
        <sponsorshipWithdrawnDate />
        <middleName>C. "Hank"</middleName>
        <district>4</district>
      </item>
      <item>
        <fullName>Rep. Gutierrez, Luis V. [D-IL-4]</fullName>
        <sponsorshipDate>2017-03-22</sponsorshipDate>
        <lastName>GUTIERREZ</lastName>
        <state>IL</state>
        <party>D</party>
        <bioguideId>G000535</bioguideId>
        <identifiers>
          <lisID>478</lisID>
          <bioguideId>G000535</bioguideId>
          <gpoId>7924</gpoId>
        </identifiers>
        <isOriginalCosponsor>False</isOriginalCosponsor>
        <firstName>LUIS</firstName>
        <sponsorshipWithdrawnDate />
        <middleName>V.</middleName>
        <district>4</district>
      </item>
      <item>
        <fullName>Rep. Wasserman Schultz, Debbie [D-FL-23]</fullName>
        <sponsorshipDate>2017-03-22</sponsorshipDate>
        <lastName>Wasserman Schultz</lastName>
        <state>FL</state>
        <party>D</party>
        <bioguideId>W000797</bioguideId>
        <identifiers>
          <lisID>1777</lisID>
          <bioguideId>W000797</bioguideId>
          <gpoId>7892</gpoId>
        </identifiers>
        <isOriginalCosponsor>False</isOriginalCosponsor>
        <firstName>Debbie</firstName>
        <sponsorshipWithdrawnDate />
        <middleName />
        <district>23</district>
      </item>
      <item>
        <fullName>Rep. Torres, Norma J. [D-CA-35]</fullName>
        <sponsorshipDate>2017-03-22</sponsorshipDate>
        <lastName>Torres</lastName>
        <state>CA</state>
        <party>D</party>
        <bioguideId>T000474</bioguideId>
        <identifiers>
          <lisID>2231</lisID>
          <bioguideId>T000474</bioguideId>
          <gpoId />
        </identifiers>
        <isOriginalCosponsor>False</isOriginalCosponsor>
        <firstName>Norma</firstName>
        <sponsorshipWithdrawnDate />
        <middleName>J.</middleName>
        <district>35</district>
      </item>
      <item>
        <fullName>Rep. Quigley, Mike [D-IL-5]</fullName>
        <sponsorshipDate>2017-03-22</sponsorshipDate>
        <lastName>Quigley</lastName>
        <state>IL</state>
        <party>D</party>
        <bioguideId>Q000023</bioguideId>
        <identifiers>
          <lisID>1967</lisID>
          <gpoId>7925</gpoId>
          <bioguideId>Q000023</bioguideId>
        </identifiers>
        <isOriginalCosponsor>False</isOriginalCosponsor>
        <firstName>Mike</firstName>
        <sponsorshipWithdrawnDate />
        <middleName />
        <district>5</district>
      </item>
      <item>
        <fullName>Rep. Jayapal, Pramila [D-WA-7]</fullName>
        <sponsorshipDate>2017-04-06</sponsorshipDate>
        <lastName>Jayapal</lastName>
        <state>WA</state>
        <party>D</party>
        <bioguideId>J000298</bioguideId>
        <identifiers>
          <lisID>2354</lisID>
          <gpoId />
          <bioguideId>J000298</bioguideId>
        </identifiers>
        <isOriginalCosponsor>False</isOriginalCosponsor>
        <firstName>Pramila</firstName>
        <sponsorshipWithdrawnDate />
        <middleName />
        <district>7</district>
      </item>
      <item>
        <fullName>Rep. Cicilline, David N. [D-RI-1]</fullName>
        <sponsorshipDate>2017-04-26</sponsorshipDate>
        <lastName>Cicilline</lastName>
        <state>RI</state>
        <party>D</party>
        <bioguideId>C001084</bioguideId>
        <identifiers>
          <lisID>2055</lisID>
          <bioguideId>C001084</bioguideId>
          <gpoId>8139</gpoId>
        </identifiers>
        <isOriginalCosponsor>False</isOriginalCosponsor>
        <firstName>David</firstName>
        <sponsorshipWithdrawnDate />
        <middleName>N.</middleName>
        <district>1</district>
      </item>
      <item>
        <fullName>Rep. Blumenauer, Earl [D-OR-3]</fullName>
        <sponsorshipDate>2017-10-03</sponsorshipDate>
        <lastName>BLUMENAUER</lastName>
        <state>OR</state>
        <party>D</party>
        <bioguideId>B000574</bioguideId>
        <identifiers>
          <bioguideId>B000574</bioguideId>
          <lisID>99</lisID>
          <gpoId>8116</gpoId>
        </identifiers>
        <isOriginalCosponsor>False</isOriginalCosponsor>
        <firstName>EARL</firstName>
        <sponsorshipWithdrawnDate />
        <middleName />
        <district>3</district>
      </item>
      <item>
        <fullName>Rep. Evans, Dwight [D-PA-2]</fullName>
        <sponsorshipDate>2017-11-01</sponsorshipDate>
        <lastName>Evans</lastName>
        <state>PA</state>
        <party>D</party>
        <bioguideId>E000296</bioguideId>
        <identifiers>
          <lisID>2298</lisID>
          <bioguideId>E000296</bioguideId>
          <gpoId />
        </identifiers>
        <isOriginalCosponsor>False</isOriginalCosponsor>
        <firstName>Dwight</firstName>
        <sponsorshipWithdrawnDate />
        <middleName />
        <district>2</district>
      </item>
      <item>
        <fullName>Rep. Lowenthal, Alan S. [D-CA-47]</fullName>
        <sponsorshipDate>2018-04-10</sponsorshipDate>
        <lastName>Lowenthal</lastName>
        <state>CA</state>
        <party>D</party>
        <bioguideId>L000579</bioguideId>
        <identifiers>
          <lisID>2111</lisID>
          <bioguideId>L000579</bioguideId>
          <gpoId />
        </identifiers>
        <isOriginalCosponsor>False</isOriginalCosponsor>
        <firstName>Alan</firstName>
        <sponsorshipWithdrawnDate />
        <middleName>S.</middleName>
        <district>47</district>
      </item>
      <item>
        <fullName>Rep. Khanna, Ro [D-CA-17]</fullName>
        <sponsorshipDate>2018-04-24</sponsorshipDate>
        <lastName>Khanna</lastName>
        <state>CA</state>
        <party>D</party>
        <bioguideId>K000389</bioguideId>
        <identifiers>
          <lisID>2308</lisID>
          <gpoId />
          <bioguideId>K000389</bioguideId>
        </identifiers>
        <isOriginalCosponsor>False</isOriginalCosponsor>
        <firstName>Ro</firstName>
        <sponsorshipWithdrawnDate />
        <middleName />
        <district>17</district>
      </item>
      <item>
        <fullName>Rep. Schakowsky, Janice D. [D-IL-9]</fullName>
        <sponsorshipDate>2018-04-24</sponsorshipDate>
        <lastName>SCHAKOWSKY</lastName>
        <state>IL</state>
        <party>D</party>
        <bioguideId>S001145</bioguideId>
        <identifiers>
          <lisID>1588</lisID>
          <bioguideId>S001145</bioguideId>
          <gpoId>7929</gpoId>
        </identifiers>
        <isOriginalCosponsor>False</isOriginalCosponsor>
        <firstName>JANICE</firstName>
        <sponsorshipWithdrawnDate />
        <middleName>D.</middleName>
        <district>9</district>
      </item>
      <item>
        <fullName>Rep. Wilson, Frederica S. [D-FL-24]</fullName>
        <sponsorshipDate>2018-04-24</sponsorshipDate>
        <lastName>Wilson</lastName>
        <state>FL</state>
        <party>D</party>
        <bioguideId>W000808</bioguideId>
        <identifiers>
          <lisID>2004</lisID>
          <bioguideId>W000808</bioguideId>
          <gpoId>7889</gpoId>
        </identifiers>
        <isOriginalCosponsor>False</isOriginalCosponsor>
        <firstName>Frederica</firstName>
        <sponsorshipWithdrawnDate />
        <middleName>S.</middleName>
        <district>24</district>
      </item>
      <item>
        <fullName>Rep. McGovern, James P. [D-MA-2]</fullName>
        <sponsorshipDate>2018-05-21</sponsorshipDate>
        <lastName>MCGOVERN</lastName>
        <state>MA</state>
        <party>D</party>
        <bioguideId>M000312</bioguideId>
        <identifiers>
          <lisID>1504</lisID>
          <bioguideId>M000312</bioguideId>
          <gpoId>7968</gpoId>
        </identifiers>
        <isOriginalCosponsor>False</isOriginalCosponsor>
        <firstName>JAMES</firstName>
        <sponsorshipWithdrawnDate />
        <middleName>P.</middleName>
        <district>2</district>
      </item>
      <item>
        <fullName>Rep. DeSaulnier, Mark [D-CA-11]</fullName>
        <sponsorshipDate>2018-05-21</sponsorshipDate>
        <lastName>DeSaulnier</lastName>
        <state>CA</state>
        <party>D</party>
        <bioguideId>D000623</bioguideId>
        <identifiers>
          <lisID>2227</lisID>
          <bioguideId>D000623</bioguideId>
          <gpoId />
        </identifiers>
        <isOriginalCosponsor>False</isOriginalCosponsor>
        <firstName>Mark</firstName>
        <sponsorshipWithdrawnDate />
        <middleName />
        <district>11</district>
      </item>
      <item>
        <fullName>Rep. Moore, Gwen [D-WI-4]</fullName>
        <sponsorshipDate>2018-06-14</sponsorshipDate>
        <lastName>Moore</lastName>
        <state>WI</state>
        <party>D</party>
        <bioguideId>M001160</bioguideId>
        <identifiers>
          <lisID>1811</lisID>
          <bioguideId>M001160</bioguideId>
          <gpoId>8217</gpoId>
        </identifiers>
        <isOriginalCosponsor>False</isOriginalCosponsor>
        <firstName>Gwen</firstName>
        <sponsorshipWithdrawnDate />
        <middleName />
        <district>4</district>
      </item>
    </cosponsors>
    <committees>
      <billCommittees>
        <item>
          <systemCode>hsju00</systemCode>
          <type>Standing</type>
          <activities>
            <item>
              <date>2017-02-01T15:03:45Z</date>
              <name>Referred to</name>
            </item>
          </activities>
          <name>Judiciary Committee</name>
          <subcommittees>
            <item>
              <systemCode>hsju08</systemCode>
              <name>Crime, Terrorism, Homeland Security, and Investigations Subcommittee</name>
              <activities>
                <item>
                  <date>2017-03-02T14:55:38Z</date>
                  <name>Referred to</name>
                </item>
              </activities>
            </item>
          </subcommittees>
          <chamber>House</chamber>
        </item>
      </billCommittees>
    </committees>
    <notes />
    <amendments />
    <recordedVotes />
    <createDate>2017-02-02T05:28:45Z</createDate>
    <sponsors>
      <item>
        <bioguideId>R000515</bioguideId>
        <party>D</party>
        <firstName>BOBBY</firstName>
        <fullName>Rep. Rush, Bobby L. [D-IL-1]</fullName>
        <state>IL</state>
        <district>1</district>
        <lastName>RUSH</lastName>
        <middleName>L.</middleName>
        <identifiers>
          <bioguideId>R000515</bioguideId>
          <lisID>1003</lisID>
          <gpoId>7921</gpoId>
        </identifiers>
        <byRequestType />
      </item>
    </sponsors>
    <titles>
      <item>
        <chamberName />
        <parentTitleType />
        <titleType>Short Titles as Introduced</titleType>
        <title>Hadiya Pendleton and Nyasia Pryear-Yard Stop Illegal Trafficking in Firearms Act of 2017</title>
        <chamberCode />
      </item>
      <item>
        <chamberName />
        <parentTitleType />
        <titleType>Official Title as Introduced</titleType>
        <title>To increase public safety by punishing and deterring firearms trafficking.</title>
        <chamberCode />
      </item>
      <item>
        <chamberName />
        <parentTitleType />
        <titleType>Display Title</titleType>
        <title>Hadiya Pendleton and Nyasia Pryear-Yard Stop Illegal Trafficking in Firearms Act of 2017</title>
        <chamberCode />
      </item>
      <item>
        <chamberName />
        <parentTitleType />
        <titleType>(Extracted from GPO) Short Titles as Introduced</titleType>
        <title>Hadiya Pendleton and Nyasia Pryear-Yard Stop Illegal Trafficking in Firearms Act of 2017</title>
        <chamberCode />
      </item>
    </titles>
  </bill>
  <dublinCore xmlns:dc="http://purl.org/dc/elements/1.1/">
    <dc:format>text/xml</dc:format>
    <dc:language>EN</dc:language>
    <dc:rights>Pursuant to Title 17 Section 105 of the United States Code, this file is not subject to copyright protection and is in the public domain.</dc:rights>
    <dc:contributor>Congressional Research Service, Library of Congress</dc:contributor>
    <dc:description>This file contains bill summaries and statuses for federal legislation. A bill summary describes the most significant provisions of a piece of legislation and details the effects the legislative text may have on current law and federal programs. Bill summaries are authored by the Congressional Research Service (CRS) of the Library of Congress. As stated in Public Law 91-510 (2 USC 166 (d)(6)), one of the duties of CRS is "to prepare summaries and digests of bills and resolutions of a public general nature introduced in the Senate or House of Representatives". For more information, refer to the User Guide that accompanies this file.</dc:description>
  </dublinCore>
</billStatus>

