<?xml version="1.0" encoding="UTF-8"?>
<billStatus>
  <bill>
    <congress>115</congress>
    <billNumber>139</billNumber>
    <cosponsors>
      <item>
        <lastName>Cohen</lastName>
        <state>TN</state>
        <bioguideId>C001068</bioguideId>
        <firstName>Steve</firstName>
        <identifiers>
          <bioguideId>C001068</bioguideId>
          <lisID>1878</lisID>
          <gpoId>8156</gpoId>
        </identifiers>
        <sponsorshipDate>2017-01-03</sponsorshipDate>
        <party>D</party>
        <isOriginalCosponsor>True</isOriginalCosponsor>
        <sponsorshipWithdrawnDate />
        <district>9</district>
        <fullName>Rep. Cohen, Steve [D-TN-9]</fullName>
        <middleName />
      </item>
      <item>
        <lastName>Johnson</lastName>
        <state>GA</state>
        <bioguideId>J000288</bioguideId>
        <firstName>Henry</firstName>
        <identifiers>
          <lisID>1843</lisID>
          <gpoId>7901</gpoId>
          <bioguideId>J000288</bioguideId>
        </identifiers>
        <sponsorshipDate>2017-01-03</sponsorshipDate>
        <party>D</party>
        <isOriginalCosponsor>True</isOriginalCosponsor>
        <sponsorshipWithdrawnDate />
        <district>4</district>
        <fullName>Rep. Johnson, Henry C. "Hank," Jr. [D-GA-4]</fullName>
        <middleName>C. "Hank"</middleName>
      </item>
      <item>
        <lastName>JACKSON LEE</lastName>
        <state>TX</state>
        <bioguideId>J000032</bioguideId>
        <firstName>SHEILA</firstName>
        <identifiers>
          <lisID>588</lisID>
          <gpoId>8174</gpoId>
          <bioguideId>J000032</bioguideId>
        </identifiers>
        <sponsorshipDate>2017-01-03</sponsorshipDate>
        <party>D</party>
        <isOriginalCosponsor>True</isOriginalCosponsor>
        <sponsorshipWithdrawnDate />
        <district>18</district>
        <fullName>Rep. Jackson Lee, Sheila [D-TX-18]</fullName>
        <middleName />
      </item>
    </cosponsors>
    <subjects>
      <billSubjects>
        <legislativeSubjects>
          <item>
            <name>Bankruptcy</name>
          </item>
          <item>
            <name>Federal appellate courts</name>
          </item>
          <item>
            <name>Government employee pay, benefits, personnel management</name>
          </item>
          <item>
            <name>Jurisdiction and venue</name>
          </item>
          <item>
            <name>Labor-management relations</name>
          </item>
          <item>
            <name>Specialized courts</name>
          </item>
          <item>
            <name>State and local finance</name>
          </item>
        </legislativeSubjects>
        <policyArea>
          <name>Finance and Financial Sector</name>
        </policyArea>
      </billSubjects>
    </subjects>
    <relatedBills />
    <constitutionalAuthorityStatementText />
    <updateDate>2017-01-11T17:01:15Z</updateDate>
    <actions>
      <item>
        <sourceSystem>
          <code>2</code>
          <name>House floor actions</name>
        </sourceSystem>
        <type>IntroReferral</type>
        <actionDate>2017-01-03</actionDate>
        <committee>
          <systemCode>hsju00</systemCode>
          <name>Judiciary Committee</name>
        </committee>
        <text>Referred to the House Committee on the Judiciary.</text>
        <actionCode>H11100</actionCode>
        <links />
      </item>
      <item>
        <sourceSystem>
          <code>9</code>
          <name>Library of Congress</name>
        </sourceSystem>
        <type>IntroReferral</type>
        <actionDate>2017-01-03</actionDate>
        <committee />
        <text>Introduced in House</text>
        <actionCode>Intro-H</actionCode>
        <links />
      </item>
      <item>
        <sourceSystem>
          <code>9</code>
          <name>Library of Congress</name>
        </sourceSystem>
        <type>IntroReferral</type>
        <actionDate>2017-01-03</actionDate>
        <committee />
        <text>Introduced in House</text>
        <actionCode>1000</actionCode>
        <links />
      </item>
      <actionByCounts>
        <houseOfRepresentatives>3</houseOfRepresentatives>
      </actionByCounts>
      <actionTypeCounts>
        <introducedInTheHouse>1</introducedInTheHouse>
        <introducedInHouse>1</introducedInHouse>
        <billReferrals>1</billReferrals>
      </actionTypeCounts>
    </actions>
    <summaries>
      <billSummaries />
    </summaries>
    <billType>HR</billType>
    <committeeReports />
    <originChamber>House</originChamber>
    <notes />
    <policyArea>
      <name>Finance and Financial Sector</name>
    </policyArea>
    <title>Protecting Employees and Retirees in Municipal Bankruptcies Act of 2017</title>
    <createDate>2017-01-04T07:01:11Z</createDate>
    <sponsors>
      <item>
        <lastName>CONYERS</lastName>
        <identifiers>
          <lisID>229</lisID>
          <gpoId>7999</gpoId>
          <bioguideId>C000714</bioguideId>
        </identifiers>
        <byRequestType />
        <middleName />
        <state>MI</state>
        <firstName>JOHN</firstName>
        <party>D</party>
        <fullName>Rep. Conyers, John, Jr. [D-MI-13]</fullName>
        <district>13</district>
        <bioguideId>C000714</bioguideId>
      </item>
    </sponsors>
    <committees>
      <billCommittees>
        <item>
          <type>Standing</type>
          <chamber>House</chamber>
          <activities>
            <item>
              <date>2017-01-03T17:19:35Z</date>
              <name>Referred to</name>
            </item>
          </activities>
          <subcommittees />
          <systemCode>hsju00</systemCode>
          <name>Judiciary Committee</name>
        </item>
      </billCommittees>
    </committees>
    <titles>
      <item>
        <chamberCode />
        <titleType>Short Titles as Introduced</titleType>
        <chamberName />
        <title>Protecting Employees and Retirees in Municipal Bankruptcies Act of 2017</title>
        <parentTitleType />
      </item>
      <item>
        <chamberCode />
        <titleType>Official Title as Introduced</titleType>
        <chamberName />
        <title>To amend chapter 9 of title 11 of the United States Code to improve protections for employees and retirees in municipal bankruptcies.</title>
        <parentTitleType />
      </item>
      <item>
        <chamberCode />
        <titleType>Display Title</titleType>
        <chamberName />
        <title>Protecting Employees and Retirees in Municipal Bankruptcies Act of 2017</title>
        <parentTitleType />
      </item>
    </titles>
    <recordedVotes />
    <cboCostEstimates />
    <laws />
    <latestAction>
      <links />
      <text>Referred to the House Committee on the Judiciary.</text>
      <actionDate>2017-01-03</actionDate>
    </latestAction>
    <calendarNumbers />
    <introducedDate>2017-01-03</introducedDate>
    <amendments />
  </bill>
  <dublinCore xmlns:dc="http://purl.org/dc/elements/1.1/">
    <dc:format>text/xml</dc:format>
    <dc:language>EN</dc:language>
    <dc:rights>Pursuant to Title 17 Section 105 of the United States Code, this file is not subject to copyright protection and is in the public domain.</dc:rights>
    <dc:contributor>Congressional Research Service, Library of Congress</dc:contributor>
    <dc:description>This file contains bill summaries and statuses for federal legislation. A bill summary describes the most significant provisions of a piece of legislation and details the effects the legislative text may have on current law and federal programs. Bill summaries are authored by the Congressional Research Service (CRS) of the Library of Congress. As stated in Public Law 91-510 (2 USC 166 (d)(6)), one of the duties of CRS is "to prepare summaries and digests of bills and resolutions of a public general nature introduced in the Senate or House of Representatives". For more information, refer to the User Guide that accompanies this file.</dc:description>
  </dublinCore>
</billStatus>

