<?xml version="1.0" encoding="UTF-8"?>
<billStatus>
  <bill>
    <committees>
      <billCommittees>
        <item>
          <type>Standing</type>
          <name>Judiciary Committee</name>
          <systemCode>ssju00</systemCode>
          <chamber>Senate</chamber>
          <activities>
            <item>
              <name>Referred to</name>
              <date>2018-05-16T14:22:36Z</date>
            </item>
          </activities>
          <subcommittees />
        </item>
        <item>
          <type>Standing</type>
          <name>Judiciary Committee</name>
          <systemCode>hsju00</systemCode>
          <chamber>House</chamber>
          <activities>
            <item>
              <name>Reported by</name>
              <date>2018-05-15T16:12:06Z</date>
            </item>
            <item>
              <name>Markup by</name>
              <date>2017-04-27T20:42:01Z</date>
            </item>
            <item>
              <name>Referred to</name>
              <date>2017-01-23T17:01:05Z</date>
            </item>
          </activities>
          <subcommittees>
            <item>
              <name>Crime, Terrorism, Homeland Security, and Investigations Subcommittee</name>
              <systemCode>hsju08</systemCode>
              <activities>
                <item>
                  <name>Referred to</name>
                  <date>2017-02-08T21:36:05Z</date>
                </item>
              </activities>
            </item>
          </subcommittees>
        </item>
      </billCommittees>
    </committees>
    <recordedVotes>
      <recordedVote>
        <chamber>House</chamber>
        <date>2018-05-15T22:55:53Z</date>
        <fullActionName>Final Passage Under Suspension of the Rules Results</fullActionName>
        <url>http://clerk.house.gov/evs/2018/roll181.xml</url>
        <congress>115</congress>
        <rollNumber>181</rollNumber>
        <sessionNumber>2</sessionNumber>
      </recordedVote>
    </recordedVotes>
    <laws />
    <summaries>
      <billSummaries>
        <item>
          <updateDate>2017-01-23T05:00:00Z</updateDate>
          <lastSummaryUpdateDate>2017-04-12T14:39:20Z</lastSummaryUpdateDate>
          <text><![CDATA[<p><b>Lieutenant Osvaldo Albarati Correctional Officer Self-Protection Act of 2017</b></p> <p>This bill amends the federal criminal code to require the Bureau of Prisons (BOP) to allow a correctional officer at a federal prison or correctional institution to: (1) store firearms on BOP premises in a secure storage area outside the security perimeter of the institution or in a vehicle lockbox, and (2) carry a concealed firearm on BOP premises outside the security perimeter of the institution.</p> <ul> </ul>]]></text>
          <actionDate>2017-01-23</actionDate>
          <actionDesc>Introduced in House</actionDesc>
          <name>Introduced in House</name>
          <versionCode>00</versionCode>
        </item>
      </billSummaries>
    </summaries>
    <calendarNumbers>
      <item>
        <calendar>U00519</calendar>
        <number />
      </item>
    </calendarNumbers>
    <titles>
      <item>
        <chamberCode>H</chamberCode>
        <titleType>Short Titles as Passed House</titleType>
        <parentTitleType>Short Titles House of Representatives</parentTitleType>
        <chamberName>House</chamberName>
        <title>Lieutenant Osvaldo Albarati Correctional Officer Self-Protection Act of 2017</title>
      </item>
      <item>
        <chamberCode />
        <titleType>Short Titles as Introduced</titleType>
        <parentTitleType />
        <chamberName />
        <title>Lieutenant Osvaldo Albarati Correctional Officer Self-Protection Act of 2017</title>
      </item>
      <item>
        <chamberCode />
        <titleType>Official Title as Introduced</titleType>
        <parentTitleType />
        <chamberName />
        <title>To amend title 18, United States Code, to require that the Director of the Bureau of Prisons ensure that each chief executive officer of a Federal penal or correctional institution provides a secure storage area located outside of the secure perimeter of the Federal penal or correctional institution for firearms carried by certain employees of the Bureau of Prisons, and for other purposes.</title>
      </item>
      <item>
        <chamberCode />
        <titleType>Display Title</titleType>
        <parentTitleType />
        <chamberName />
        <title>Lieutenant Osvaldo Albarati Correctional Officer Self-Protection Act of 2017</title>
      </item>
      <item>
        <chamberCode>H</chamberCode>
        <titleType>(Extracted from GPO) Short Titles as Passed House</titleType>
        <parentTitleType />
        <chamberName>House</chamberName>
        <title>Lieutenant Osvaldo Albarati Correctional Officer Self-Protection Act of 2017</title>
      </item>
      <item>
        <chamberCode>H</chamberCode>
        <titleType>(Extracted from GPO) Short Titles as Reported to House</titleType>
        <parentTitleType />
        <chamberName>House</chamberName>
        <title>Lieutenant Osvaldo Albarati Correctional Officer Self-Protection Act of 2017</title>
      </item>
      <item>
        <chamberCode />
        <titleType>(Extracted from GPO) Short Titles as Introduced</titleType>
        <parentTitleType />
        <chamberName />
        <title>Lieutenant Osvaldo Albarati Correctional Officer Self-Protection Act of 2017</title>
      </item>
    </titles>
    <cosponsors>
      <item>
        <district>10</district>
        <firstName>Tom</firstName>
        <identifiers>
          <lisID>2053</lisID>
          <bioguideId>M001179</bioguideId>
          <gpoId>8128</gpoId>
        </identifiers>
        <isOriginalCosponsor>True</isOriginalCosponsor>
        <bioguideId>M001179</bioguideId>
        <state>PA</state>
        <fullName>Rep. Marino, Tom [R-PA-10]</fullName>
        <party>R</party>
        <lastName>Marino</lastName>
        <sponsorshipDate>2017-01-23</sponsorshipDate>
        <middleName />
        <sponsorshipWithdrawnDate />
      </item>
      <item>
        <district>8</district>
        <firstName>RICHARD</firstName>
        <identifiers>
          <lisID>867</lisID>
          <bioguideId>N000127</bioguideId>
          <gpoId />
        </identifiers>
        <isOriginalCosponsor>True</isOriginalCosponsor>
        <bioguideId>N000127</bioguideId>
        <state>MN</state>
        <fullName>Rep. Nolan, Richard M. [D-MN-8]</fullName>
        <party>D</party>
        <lastName>NOLAN</lastName>
        <sponsorshipDate>2017-01-23</sponsorshipDate>
        <middleName />
        <sponsorshipWithdrawnDate />
      </item>
      <item>
        <district>6</district>
        <firstName>Tom</firstName>
        <identifiers>
          <bioguideId>E000294</bioguideId>
          <gpoId />
          <lisID>2253</lisID>
        </identifiers>
        <isOriginalCosponsor>True</isOriginalCosponsor>
        <bioguideId>E000294</bioguideId>
        <state>MN</state>
        <fullName>Rep. Emmer, Tom [R-MN-6]</fullName>
        <party>R</party>
        <lastName>Emmer</lastName>
        <sponsorshipDate>2017-01-23</sponsorshipDate>
        <middleName />
        <sponsorshipWithdrawnDate />
      </item>
      <item>
        <district>3</district>
        <firstName>Evan</firstName>
        <identifiers>
          <lisID>2278</lisID>
          <bioguideId>J000297</bioguideId>
          <gpoId />
        </identifiers>
        <isOriginalCosponsor>False</isOriginalCosponsor>
        <bioguideId>J000297</bioguideId>
        <state>WV</state>
        <fullName>Rep. Jenkins, Evan H. [R-WV-3]</fullName>
        <party>R</party>
        <lastName>Jenkins</lastName>
        <sponsorshipDate>2017-01-31</sponsorshipDate>
        <middleName>H.</middleName>
        <sponsorshipWithdrawnDate />
      </item>
      <item>
        <district>9</district>
        <firstName>H.</firstName>
        <identifiers>
          <lisID>2070</lisID>
          <gpoId>8200</gpoId>
          <bioguideId>G000568</bioguideId>
        </identifiers>
        <isOriginalCosponsor>False</isOriginalCosponsor>
        <bioguideId>G000568</bioguideId>
        <state>VA</state>
        <fullName>Rep. Griffith, H. Morgan [R-VA-9]</fullName>
        <party>R</party>
        <lastName>Griffith</lastName>
        <sponsorshipDate>2017-02-07</sponsorshipDate>
        <middleName>Morgan</middleName>
        <sponsorshipWithdrawnDate />
      </item>
      <item>
        <district>3</district>
        <firstName>WALTER</firstName>
        <identifiers>
          <bioguideId>J000255</bioguideId>
          <lisID>612</lisID>
          <gpoId>8026</gpoId>
        </identifiers>
        <isOriginalCosponsor>False</isOriginalCosponsor>
        <bioguideId>J000255</bioguideId>
        <state>NC</state>
        <fullName>Rep. Jones, Walter B., Jr. [R-NC-3]</fullName>
        <party>R</party>
        <lastName>JONES</lastName>
        <sponsorshipDate>2017-02-07</sponsorshipDate>
        <middleName>B.</middleName>
        <sponsorshipWithdrawnDate />
      </item>
      <item>
        <district>1</district>
        <firstName>Donald</firstName>
        <identifiers>
          <bioguideId>N000188</bioguideId>
          <gpoId />
          <lisID>2202</lisID>
        </identifiers>
        <isOriginalCosponsor>False</isOriginalCosponsor>
        <bioguideId>N000188</bioguideId>
        <state>NJ</state>
        <fullName>Rep. Norcross, Donald [D-NJ-1]</fullName>
        <party>D</party>
        <lastName>Norcross</lastName>
        <sponsorshipDate>2017-02-13</sponsorshipDate>
        <middleName />
        <sponsorshipWithdrawnDate />
      </item>
      <item>
        <district>5</district>
        <firstName>Steve</firstName>
        <identifiers>
          <lisID>2265</lisID>
          <gpoId />
          <bioguideId>R000604</bioguideId>
        </identifiers>
        <isOriginalCosponsor>False</isOriginalCosponsor>
        <bioguideId>R000604</bioguideId>
        <state>OK</state>
        <fullName>Rep. Russell, Steve [R-OK-5]</fullName>
        <party>R</party>
        <lastName>Russell</lastName>
        <sponsorshipDate>2017-02-13</sponsorshipDate>
        <middleName />
        <sponsorshipWithdrawnDate />
      </item>
      <item>
        <district>11</district>
        <firstName>K.</firstName>
        <identifiers>
          <bioguideId>C001062</bioguideId>
          <gpoId>8167</gpoId>
          <lisID>1805</lisID>
        </identifiers>
        <isOriginalCosponsor>False</isOriginalCosponsor>
        <bioguideId>C001062</bioguideId>
        <state>TX</state>
        <fullName>Rep. Conaway, K. Michael [R-TX-11]</fullName>
        <party>R</party>
        <lastName>Conaway</lastName>
        <sponsorshipDate>2017-02-13</sponsorshipDate>
        <middleName>Michael</middleName>
        <sponsorshipWithdrawnDate />
      </item>
      <item>
        <district>11</district>
        <firstName>Lou</firstName>
        <identifiers>
          <lisID>2054</lisID>
          <bioguideId>B001269</bioguideId>
          <gpoId>8129</gpoId>
        </identifiers>
        <isOriginalCosponsor>False</isOriginalCosponsor>
        <bioguideId>B001269</bioguideId>
        <state>PA</state>
        <fullName>Rep. Barletta, Lou [R-PA-11]</fullName>
        <party>R</party>
        <lastName>Barletta</lastName>
        <sponsorshipDate>2017-02-13</sponsorshipDate>
        <middleName />
        <sponsorshipWithdrawnDate />
      </item>
      <item>
        <district>48</district>
        <firstName>DANA</firstName>
        <identifiers>
          <bioguideId>R000409</bioguideId>
          <lisID>979</lisID>
          <gpoId>7851</gpoId>
        </identifiers>
        <isOriginalCosponsor>False</isOriginalCosponsor>
        <bioguideId>R000409</bioguideId>
        <state>CA</state>
        <fullName>Rep. Rohrabacher, Dana [R-CA-48]</fullName>
        <party>R</party>
        <lastName>ROHRABACHER</lastName>
        <sponsorshipDate>2017-02-13</sponsorshipDate>
        <middleName />
        <sponsorshipWithdrawnDate />
      </item>
      <item>
        <district>5</district>
        <firstName>HAROLD</firstName>
        <identifiers>
          <bioguideId>R000395</bioguideId>
          <lisID>977</lisID>
          <gpoId>7957</gpoId>
        </identifiers>
        <isOriginalCosponsor>False</isOriginalCosponsor>
        <bioguideId>R000395</bioguideId>
        <state>KY</state>
        <fullName>Rep. Rogers, Harold [R-KY-5]</fullName>
        <party>R</party>
        <lastName>ROGERS</lastName>
        <sponsorshipDate>2017-02-13</sponsorshipDate>
        <middleName />
        <sponsorshipWithdrawnDate />
      </item>
      <item>
        <district>9</district>
        <firstName>ADAM</firstName>
        <identifiers>
          <bioguideId>S000510</bioguideId>
          <lisID>1528</lisID>
          <gpoId>8213</gpoId>
        </identifiers>
        <isOriginalCosponsor>False</isOriginalCosponsor>
        <bioguideId>S000510</bioguideId>
        <state>WA</state>
        <fullName>Rep. Smith, Adam [D-WA-9]</fullName>
        <party>D</party>
        <lastName>SMITH</lastName>
        <sponsorshipDate>2017-02-15</sponsorshipDate>
        <middleName />
        <sponsorshipWithdrawnDate />
      </item>
      <item>
        <district>5</district>
        <firstName>Glenn</firstName>
        <identifiers>
          <bioguideId>T000467</bioguideId>
          <lisID>1952</lisID>
          <gpoId>8123</gpoId>
        </identifiers>
        <isOriginalCosponsor>False</isOriginalCosponsor>
        <bioguideId>T000467</bioguideId>
        <state>PA</state>
        <fullName>Rep. Thompson, Glenn [R-PA-5]</fullName>
        <party>R</party>
        <lastName>Thompson</lastName>
        <sponsorshipDate>2017-02-28</sponsorshipDate>
        <middleName />
        <sponsorshipWithdrawnDate />
      </item>
      <item>
        <district>7</district>
        <firstName>Billy</firstName>
        <identifiers>
          <bioguideId>L000576</bioguideId>
          <gpoId>8015</gpoId>
          <lisID>2033</lisID>
        </identifiers>
        <isOriginalCosponsor>False</isOriginalCosponsor>
        <bioguideId>L000576</bioguideId>
        <state>MO</state>
        <fullName>Rep. Long, Billy [R-MO-7]</fullName>
        <party>R</party>
        <lastName>Long</lastName>
        <sponsorshipDate>2017-02-28</sponsorshipDate>
        <middleName />
        <sponsorshipWithdrawnDate />
      </item>
      <item>
        <district>36</district>
        <firstName>Brian</firstName>
        <identifiers>
          <lisID>2270</lisID>
          <bioguideId>B001291</bioguideId>
          <gpoId />
        </identifiers>
        <isOriginalCosponsor>False</isOriginalCosponsor>
        <bioguideId>B001291</bioguideId>
        <state>TX</state>
        <fullName>Rep. Babin, Brian [R-TX-36]</fullName>
        <party>R</party>
        <lastName>Babin</lastName>
        <sponsorshipDate>2017-02-28</sponsorshipDate>
        <middleName />
        <sponsorshipWithdrawnDate />
      </item>
      <item>
        <district>14</district>
        <firstName>Randy</firstName>
        <identifiers>
          <lisID>2161</lisID>
          <bioguideId>W000814</bioguideId>
          <gpoId />
        </identifiers>
        <isOriginalCosponsor>False</isOriginalCosponsor>
        <bioguideId>W000814</bioguideId>
        <state>TX</state>
        <fullName>Rep. Weber, Randy K., Sr. [R-TX-14]</fullName>
        <party>R</party>
        <lastName>Weber</lastName>
        <sponsorshipDate>2017-02-28</sponsorshipDate>
        <middleName>K.</middleName>
        <sponsorshipWithdrawnDate />
      </item>
      <item>
        <district>18</district>
        <firstName>Brian</firstName>
        <identifiers>
          <gpoId />
          <lisID>2322</lisID>
          <bioguideId>M001199</bioguideId>
        </identifiers>
        <isOriginalCosponsor>False</isOriginalCosponsor>
        <bioguideId>M001199</bioguideId>
        <state>FL</state>
        <fullName>Rep. Mast, Brian J. [R-FL-18]</fullName>
        <party>R</party>
        <lastName>Mast</lastName>
        <sponsorshipDate>2017-02-28</sponsorshipDate>
        <middleName>J.</middleName>
        <sponsorshipWithdrawnDate />
      </item>
      <item>
        <district>12</district>
        <firstName>KAY</firstName>
        <identifiers>
          <lisID>1487</lisID>
          <gpoId>8168</gpoId>
          <bioguideId>G000377</bioguideId>
        </identifiers>
        <isOriginalCosponsor>False</isOriginalCosponsor>
        <bioguideId>G000377</bioguideId>
        <state>TX</state>
        <fullName>Rep. Granger, Kay [R-TX-12]</fullName>
        <party>R</party>
        <lastName>GRANGER</lastName>
        <sponsorshipDate>2017-03-08</sponsorshipDate>
        <middleName />
        <sponsorshipWithdrawnDate />
      </item>
      <item>
        <district>5</district>
        <firstName>Ralph</firstName>
        <identifiers>
          <bioguideId>A000374</bioguideId>
          <lisID>2244</lisID>
          <gpoId />
        </identifiers>
        <isOriginalCosponsor>False</isOriginalCosponsor>
        <bioguideId>A000374</bioguideId>
        <state>LA</state>
        <fullName>Rep. Abraham, Ralph Lee [R-LA-5]</fullName>
        <party>R</party>
        <lastName>Abraham</lastName>
        <sponsorshipDate>2017-03-08</sponsorshipDate>
        <middleName>Lee</middleName>
        <sponsorshipWithdrawnDate />
      </item>
      <item>
        <district>8</district>
        <firstName>Paul</firstName>
        <identifiers>
          <bioguideId>C001094</bioguideId>
          <gpoId />
          <lisID>2103</lisID>
        </identifiers>
        <isOriginalCosponsor>False</isOriginalCosponsor>
        <bioguideId>C001094</bioguideId>
        <state>CA</state>
        <fullName>Rep. Cook, Paul [R-CA-8]</fullName>
        <party>R</party>
        <lastName>Cook</lastName>
        <sponsorshipDate>2017-03-08</sponsorshipDate>
        <middleName />
        <sponsorshipWithdrawnDate />
      </item>
      <item>
        <district>15</district>
        <firstName>Dennis</firstName>
        <identifiers>
          <bioguideId>R000593</bioguideId>
          <lisID>2003</lisID>
          <gpoId>7884</gpoId>
        </identifiers>
        <isOriginalCosponsor>False</isOriginalCosponsor>
        <bioguideId>R000593</bioguideId>
        <state>FL</state>
        <fullName>Rep. Ross, Dennis A. [R-FL-15]</fullName>
        <party>R</party>
        <lastName>Ross</lastName>
        <sponsorshipDate>2017-03-08</sponsorshipDate>
        <middleName>A.</middleName>
        <sponsorshipWithdrawnDate />
      </item>
      <item>
        <district>4</district>
        <firstName>Tom</firstName>
        <identifiers>
          <lisID>1742</lisID>
          <gpoId>8112</gpoId>
          <bioguideId>C001053</bioguideId>
        </identifiers>
        <isOriginalCosponsor>False</isOriginalCosponsor>
        <bioguideId>C001053</bioguideId>
        <state>OK</state>
        <fullName>Rep. Cole, Tom [R-OK-4]</fullName>
        <party>R</party>
        <lastName>Cole</lastName>
        <sponsorshipDate>2017-03-08</sponsorshipDate>
        <middleName />
        <sponsorshipWithdrawnDate />
      </item>
      <item>
        <district>1</district>
        <firstName>Timothy</firstName>
        <identifiers>
          <lisID>1856</lisID>
          <bioguideId>W000799</bioguideId>
          <gpoId>8001</gpoId>
        </identifiers>
        <isOriginalCosponsor>False</isOriginalCosponsor>
        <bioguideId>W000799</bioguideId>
        <state>MN</state>
        <fullName>Rep. Walz, Timothy J. [D-MN-1]</fullName>
        <party>D</party>
        <lastName>Walz</lastName>
        <sponsorshipDate>2017-03-08</sponsorshipDate>
        <middleName>J.</middleName>
        <sponsorshipWithdrawnDate />
      </item>
      <item>
        <district>13</district>
        <firstName>TIM</firstName>
        <identifiers>
          <gpoId>8107</gpoId>
          <lisID>1756</lisID>
          <bioguideId>R000577</bioguideId>
        </identifiers>
        <isOriginalCosponsor>False</isOriginalCosponsor>
        <bioguideId>R000577</bioguideId>
        <state>OH</state>
        <fullName>Rep. Ryan, Tim [D-OH-13]</fullName>
        <party>D</party>
        <lastName>RYAN</lastName>
        <sponsorshipDate>2017-03-08</sponsorshipDate>
        <middleName />
        <sponsorshipWithdrawnDate />
      </item>
      <item>
        <district>1</district>
        <firstName>PETER</firstName>
        <identifiers>
          <lisID>1188</lisID>
          <gpoId>7940</gpoId>
          <bioguideId>V000108</bioguideId>
        </identifiers>
        <isOriginalCosponsor>False</isOriginalCosponsor>
        <bioguideId>V000108</bioguideId>
        <state>IN</state>
        <fullName>Rep. Visclosky, Peter J. [D-IN-1]</fullName>
        <party>D</party>
        <lastName>VISCLOSKY</lastName>
        <sponsorshipDate>2017-03-15</sponsorshipDate>
        <middleName>J.</middleName>
        <sponsorshipWithdrawnDate />
      </item>
      <item>
        <district>6</district>
        <firstName>Andy</firstName>
        <identifiers>
          <bioguideId>B001282</bioguideId>
          <lisID>2131</lisID>
          <gpoId />
        </identifiers>
        <isOriginalCosponsor>False</isOriginalCosponsor>
        <bioguideId>B001282</bioguideId>
        <state>KY</state>
        <fullName>Rep. Barr, Andy [R-KY-6]</fullName>
        <party>R</party>
        <lastName>Barr</lastName>
        <sponsorshipDate>2017-03-21</sponsorshipDate>
        <middleName />
        <sponsorshipWithdrawnDate />
      </item>
      <item>
        <district>19</district>
        <firstName>John</firstName>
        <identifiers>
          <bioguideId>F000464</bioguideId>
          <lisID>2343</lisID>
          <gpoId />
        </identifiers>
        <isOriginalCosponsor>False</isOriginalCosponsor>
        <bioguideId>F000464</bioguideId>
        <state>NY</state>
        <fullName>Rep. Faso, John J. [R-NY-19]</fullName>
        <party>R</party>
        <lastName>Faso</lastName>
        <sponsorshipDate>2017-03-29</sponsorshipDate>
        <middleName>J.</middleName>
        <sponsorshipWithdrawnDate />
      </item>
      <item>
        <district>4</district>
        <firstName>John</firstName>
        <identifiers>
          <bioguideId>R000609</bioguideId>
          <lisID>2316</lisID>
          <gpoId />
        </identifiers>
        <isOriginalCosponsor>False</isOriginalCosponsor>
        <bioguideId>R000609</bioguideId>
        <state>FL</state>
        <fullName>Rep. Rutherford, John H. [R-FL-4]</fullName>
        <party>R</party>
        <lastName>Rutherford</lastName>
        <sponsorshipDate>2017-03-29</sponsorshipDate>
        <middleName>H.</middleName>
        <sponsorshipWithdrawnDate />
      </item>
      <item>
        <district>3</district>
        <firstName>Jeff</firstName>
        <identifiers>
          <bioguideId>D000615</bioguideId>
          <gpoId>8143</gpoId>
          <lisID>2057</lisID>
        </identifiers>
        <isOriginalCosponsor>False</isOriginalCosponsor>
        <bioguideId>D000615</bioguideId>
        <state>SC</state>
        <fullName>Rep. Duncan, Jeff [R-SC-3]</fullName>
        <party>R</party>
        <lastName>Duncan</lastName>
        <sponsorshipDate>2017-03-29</sponsorshipDate>
        <middleName />
        <sponsorshipWithdrawnDate />
      </item>
      <item>
        <district>26</district>
        <firstName>Michael</firstName>
        <identifiers>
          <bioguideId>B001248</bioguideId>
          <lisID>1751</lisID>
          <gpoId>8182</gpoId>
        </identifiers>
        <isOriginalCosponsor>False</isOriginalCosponsor>
        <bioguideId>B001248</bioguideId>
        <state>TX</state>
        <fullName>Rep. Burgess, Michael C. [R-TX-26]</fullName>
        <party>R</party>
        <lastName>Burgess</lastName>
        <sponsorshipDate>2017-04-04</sponsorshipDate>
        <middleName>C.</middleName>
        <sponsorshipWithdrawnDate />
      </item>
      <item>
        <district>7</district>
        <firstName>Dave</firstName>
        <identifiers>
          <lisID>2203</lisID>
          <gpoId />
          <bioguideId>B001290</bioguideId>
        </identifiers>
        <isOriginalCosponsor>False</isOriginalCosponsor>
        <bioguideId>B001290</bioguideId>
        <state>VA</state>
        <fullName>Rep. Brat, Dave [R-VA-7]</fullName>
        <party>R</party>
        <lastName>Brat</lastName>
        <sponsorshipDate>2017-04-04</sponsorshipDate>
        <middleName />
        <sponsorshipWithdrawnDate />
      </item>
      <item>
        <district>8</district>
        <firstName>David</firstName>
        <identifiers>
          <bioguideId>R000578</bioguideId>
          <lisID>1810</lisID>
          <gpoId>8212</gpoId>
        </identifiers>
        <isOriginalCosponsor>False</isOriginalCosponsor>
        <bioguideId>R000578</bioguideId>
        <state>WA</state>
        <fullName>Rep. Reichert, David G. [R-WA-8]</fullName>
        <party>R</party>
        <lastName>Reichert</lastName>
        <sponsorshipDate>2017-04-26</sponsorshipDate>
        <middleName>G.</middleName>
        <sponsorshipWithdrawnDate />
      </item>
      <item>
        <district>21</district>
        <firstName>David</firstName>
        <identifiers>
          <lisID>2105</lisID>
          <gpoId />
          <bioguideId>V000129</bioguideId>
        </identifiers>
        <isOriginalCosponsor>False</isOriginalCosponsor>
        <bioguideId>V000129</bioguideId>
        <state>CA</state>
        <fullName>Rep. Valadao, David G. [R-CA-21]</fullName>
        <party>R</party>
        <lastName>Valadao</lastName>
        <sponsorshipDate>2017-04-26</sponsorshipDate>
        <middleName>G.</middleName>
        <sponsorshipWithdrawnDate />
      </item>
      <item>
        <district>2</district>
        <firstName>Ted</firstName>
        <identifiers>
          <gpoId>8158</gpoId>
          <lisID>1802</lisID>
          <bioguideId>P000592</bioguideId>
        </identifiers>
        <isOriginalCosponsor>False</isOriginalCosponsor>
        <bioguideId>P000592</bioguideId>
        <state>TX</state>
        <fullName>Rep. Poe, Ted [R-TX-2]</fullName>
        <party>R</party>
        <lastName>Poe</lastName>
        <sponsorshipDate>2017-04-26</sponsorshipDate>
        <middleName />
        <sponsorshipWithdrawnDate />
      </item>
      <item>
        <district>27</district>
        <firstName>Blake</firstName>
        <identifiers>
          <bioguideId>F000460</bioguideId>
          <lisID>2067</lisID>
          <gpoId>8183</gpoId>
        </identifiers>
        <isOriginalCosponsor>False</isOriginalCosponsor>
        <bioguideId>F000460</bioguideId>
        <state>TX</state>
        <fullName>Rep. Farenthold, Blake [R-TX-27]</fullName>
        <party>R</party>
        <lastName>Farenthold</lastName>
        <sponsorshipDate>2017-04-27</sponsorshipDate>
        <middleName />
        <sponsorshipWithdrawnDate />
      </item>
      <item>
        <district>5</district>
        <firstName>Andy</firstName>
        <identifiers>
          <bioguideId>B001302</bioguideId>
          <lisID>2307</lisID>
          <gpoId />
        </identifiers>
        <isOriginalCosponsor>False</isOriginalCosponsor>
        <bioguideId>B001302</bioguideId>
        <state>AZ</state>
        <fullName>Rep. Biggs, Andy [R-AZ-5]</fullName>
        <party>R</party>
        <lastName>Biggs</lastName>
        <sponsorshipDate>2017-04-27</sponsorshipDate>
        <middleName />
        <sponsorshipWithdrawnDate />
      </item>
      <item>
        <district>6</district>
        <firstName>Bill</firstName>
        <identifiers>
          <gpoId>8096</gpoId>
          <lisID>2046</lisID>
          <bioguideId>J000292</bioguideId>
        </identifiers>
        <isOriginalCosponsor>False</isOriginalCosponsor>
        <bioguideId>J000292</bioguideId>
        <state>OH</state>
        <fullName>Rep. Johnson, Bill [R-OH-6]</fullName>
        <party>R</party>
        <lastName>Johnson</lastName>
        <sponsorshipDate>2017-05-02</sponsorshipDate>
        <middleName />
        <sponsorshipWithdrawnDate />
      </item>
      <item>
        <district>2</district>
        <firstName>Markwayne</firstName>
        <identifiers>
          <lisID>2156</lisID>
          <bioguideId>M001190</bioguideId>
          <gpoId />
        </identifiers>
        <isOriginalCosponsor>False</isOriginalCosponsor>
        <bioguideId>M001190</bioguideId>
        <state>OK</state>
        <fullName>Rep. Mullin, Markwayne [R-OK-2]</fullName>
        <party>R</party>
        <lastName>Mullin</lastName>
        <sponsorshipDate>2017-05-11</sponsorshipDate>
        <middleName />
        <sponsorshipWithdrawnDate />
      </item>
      <item>
        <district>1</district>
        <firstName>Doug</firstName>
        <identifiers>
          <lisID>2100</lisID>
          <gpoId />
          <bioguideId>L000578</bioguideId>
        </identifiers>
        <isOriginalCosponsor>False</isOriginalCosponsor>
        <bioguideId>L000578</bioguideId>
        <state>CA</state>
        <fullName>Rep. LaMalfa, Doug [R-CA-1]</fullName>
        <party>R</party>
        <lastName>LaMalfa</lastName>
        <sponsorshipDate>2017-05-17</sponsorshipDate>
        <middleName />
        <sponsorshipWithdrawnDate />
      </item>
      <item>
        <district>3</district>
        <firstName>RON</firstName>
        <identifiers>
          <lisID>1498</lisID>
          <gpoId>8216</gpoId>
          <bioguideId>K000188</bioguideId>
        </identifiers>
        <isOriginalCosponsor>False</isOriginalCosponsor>
        <bioguideId>K000188</bioguideId>
        <state>WI</state>
        <fullName>Rep. Kind, Ron [D-WI-3]</fullName>
        <party>D</party>
        <lastName>KIND</lastName>
        <sponsorshipDate>2017-07-12</sponsorshipDate>
        <middleName />
        <sponsorshipWithdrawnDate />
      </item>
      <item>
        <district>3</district>
        <firstName>Scott</firstName>
        <identifiers>
          <lisID>1997</lisID>
          <gpoId>7861</gpoId>
          <bioguideId>T000470</bioguideId>
        </identifiers>
        <isOriginalCosponsor>False</isOriginalCosponsor>
        <bioguideId>T000470</bioguideId>
        <state>CO</state>
        <fullName>Rep. Tipton, Scott  R. [R-CO-3]</fullName>
        <party>R</party>
        <lastName>Tipton</lastName>
        <sponsorshipDate>2017-08-04</sponsorshipDate>
        <middleName>R.</middleName>
        <sponsorshipWithdrawnDate />
      </item>
      <item>
        <district>2</district>
        <firstName>Neal</firstName>
        <identifiers>
          <lisID>2315</lisID>
          <gpoId />
          <bioguideId>D000628</bioguideId>
        </identifiers>
        <isOriginalCosponsor>False</isOriginalCosponsor>
        <bioguideId>D000628</bioguideId>
        <state>FL</state>
        <fullName>Rep. Dunn, Neal P. [R-FL-2]</fullName>
        <party>R</party>
        <lastName>Dunn</lastName>
        <sponsorshipDate>2017-10-04</sponsorshipDate>
        <middleName>P.</middleName>
        <sponsorshipWithdrawnDate />
      </item>
      <item>
        <district>25</district>
        <firstName>Roger</firstName>
        <identifiers>
          <lisID>2165</lisID>
          <gpoId />
          <bioguideId>W000816</bioguideId>
        </identifiers>
        <isOriginalCosponsor>False</isOriginalCosponsor>
        <bioguideId>W000816</bioguideId>
        <state>TX</state>
        <fullName>Rep. Williams, Roger [R-TX-25]</fullName>
        <party>R</party>
        <lastName>Williams</lastName>
        <sponsorshipDate>2017-10-10</sponsorshipDate>
        <middleName />
        <sponsorshipWithdrawnDate />
      </item>
      <item>
        <district>3</district>
        <firstName>FRANK</firstName>
        <identifiers>
          <lisID>711</lisID>
          <gpoId>8111</gpoId>
          <bioguideId>L000491</bioguideId>
        </identifiers>
        <isOriginalCosponsor>False</isOriginalCosponsor>
        <bioguideId>L000491</bioguideId>
        <state>OK</state>
        <fullName>Rep. Lucas, Frank D. [R-OK-3]</fullName>
        <party>R</party>
        <lastName>LUCAS</lastName>
        <sponsorshipDate>2017-10-23</sponsorshipDate>
        <middleName>D.</middleName>
        <sponsorshipWithdrawnDate />
      </item>
      <item>
        <district>9</district>
        <firstName>Robert</firstName>
        <identifiers>
          <bioguideId>P000606</bioguideId>
          <lisID>2141</lisID>
          <gpoId />
        </identifiers>
        <isOriginalCosponsor>False</isOriginalCosponsor>
        <bioguideId>P000606</bioguideId>
        <state>NC</state>
        <fullName>Rep. Pittenger, Robert [R-NC-9]</fullName>
        <party>R</party>
        <lastName>Pittenger</lastName>
        <sponsorshipDate>2017-10-23</sponsorshipDate>
        <middleName />
        <sponsorshipWithdrawnDate />
      </item>
      <item>
        <district>34</district>
        <firstName>Filemon</firstName>
        <identifiers>
          <bioguideId>V000132</bioguideId>
          <gpoId />
          <lisID>2167</lisID>
        </identifiers>
        <isOriginalCosponsor>False</isOriginalCosponsor>
        <bioguideId>V000132</bioguideId>
        <state>TX</state>
        <fullName>Rep. Vela, Filemon [D-TX-34]</fullName>
        <party>D</party>
        <lastName>Vela</lastName>
        <sponsorshipDate>2017-10-23</sponsorshipDate>
        <middleName />
        <sponsorshipWithdrawnDate />
      </item>
      <item>
        <district>5</district>
        <firstName>Ralph</firstName>
        <identifiers>
          <lisID>2361</lisID>
          <bioguideId>N000190</bioguideId>
          <gpoId />
        </identifiers>
        <isOriginalCosponsor>False</isOriginalCosponsor>
        <bioguideId>N000190</bioguideId>
        <state>SC</state>
        <fullName>Rep. Norman, Ralph [R-SC-5]</fullName>
        <party>R</party>
        <lastName>Norman</lastName>
        <sponsorshipDate>2017-10-31</sponsorshipDate>
        <middleName />
        <sponsorshipWithdrawnDate />
      </item>
      <item>
        <district>12</district>
        <firstName>Keith</firstName>
        <identifiers>
          <lisID>2158</lisID>
          <bioguideId>R000598</bioguideId>
          <gpoId />
        </identifiers>
        <isOriginalCosponsor>False</isOriginalCosponsor>
        <bioguideId>R000598</bioguideId>
        <state>PA</state>
        <fullName>Rep. Rothfus, Keith J. [R-PA-12]</fullName>
        <party>R</party>
        <lastName>Rothfus</lastName>
        <sponsorshipDate>2018-02-14</sponsorshipDate>
        <middleName>J.</middleName>
        <sponsorshipWithdrawnDate />
      </item>
      <item>
        <district>12</district>
        <firstName>Rick</firstName>
        <identifiers>
          <lisID>2239</lisID>
          <bioguideId>A000372</bioguideId>
          <gpoId />
        </identifiers>
        <isOriginalCosponsor>False</isOriginalCosponsor>
        <bioguideId>A000372</bioguideId>
        <state>GA</state>
        <fullName>Rep. Allen, Rick W. [R-GA-12]</fullName>
        <party>R</party>
        <lastName>Allen</lastName>
        <sponsorshipDate>2018-02-23</sponsorshipDate>
        <middleName>W.</middleName>
        <sponsorshipWithdrawnDate />
      </item>
      <item>
        <district>2</district>
        <firstName>PETER</firstName>
        <identifiers>
          <gpoId>8064</gpoId>
          <lisID>635</lisID>
          <bioguideId>K000210</bioguideId>
        </identifiers>
        <isOriginalCosponsor>False</isOriginalCosponsor>
        <bioguideId>K000210</bioguideId>
        <state>NY</state>
        <fullName>Rep. King, Peter T. [R-NY-2]</fullName>
        <party>R</party>
        <lastName>KING</lastName>
        <sponsorshipDate>2018-02-23</sponsorshipDate>
        <middleName>T.</middleName>
        <sponsorshipWithdrawnDate />
      </item>
      <item>
        <district>3</district>
        <firstName>Thomas</firstName>
        <identifiers>
          <lisID>2258</lisID>
          <bioguideId>M001193</bioguideId>
          <gpoId />
        </identifiers>
        <isOriginalCosponsor>False</isOriginalCosponsor>
        <bioguideId>M001193</bioguideId>
        <state>NJ</state>
        <fullName>Rep. MacArthur, Thomas [R-NJ-3]</fullName>
        <party>R</party>
        <lastName>MacArthur</lastName>
        <sponsorshipDate>2018-03-05</sponsorshipDate>
        <middleName />
        <sponsorshipWithdrawnDate />
      </item>
      <item>
        <district>19</district>
        <firstName>ZOE</firstName>
        <identifiers>
          <lisID>701</lisID>
          <gpoId>7821</gpoId>
          <bioguideId>L000397</bioguideId>
        </identifiers>
        <isOriginalCosponsor>False</isOriginalCosponsor>
        <bioguideId>L000397</bioguideId>
        <state>CA</state>
        <fullName>Rep. Lofgren, Zoe [D-CA-19]</fullName>
        <party>D</party>
        <lastName>LOFGREN</lastName>
        <sponsorshipDate>2018-03-05</sponsorshipDate>
        <middleName />
        <sponsorshipWithdrawnDate />
      </item>
      <item>
        <district>8</district>
        <firstName>Richard</firstName>
        <identifiers>
          <lisID>2140</lisID>
          <gpoId />
          <bioguideId>H001067</bioguideId>
        </identifiers>
        <isOriginalCosponsor>False</isOriginalCosponsor>
        <bioguideId>H001067</bioguideId>
        <state>NC</state>
        <fullName>Rep. Hudson, Richard [R-NC-8]</fullName>
        <party>R</party>
        <lastName>Hudson</lastName>
        <sponsorshipDate>2018-03-20</sponsorshipDate>
        <middleName />
        <sponsorshipWithdrawnDate />
      </item>
    </cosponsors>
    <cboCostEstimates>
      <item>
        <title>H.R. 613, Lieutenant Osvaldo Albarati Correctional Officer Self-Protection Act of 2017</title>
        <pubDate>2017-06-07T20:25:21Z</pubDate>
        <url>https://www.cbo.gov/publication/52792</url>
      </item>
    </cboCostEstimates>
    <latestAction>
      <text>Received in the Senate and Read twice and referred to the Committee on the Judiciary.</text>
      <links />
      <actionDate>2018-05-16</actionDate>
    </latestAction>
    <updateDate>2018-08-28T20:00:14Z</updateDate>
    <version>1.0.0</version>
    <constitutionalAuthorityStatementText><![CDATA[<pre>[Congressional Record Volume 163, Number 12 (Monday, January 23, 2017)]From the Congressional Record Online through the Government Publishing Office [<a href='http://www.gpo.gov'>www.gpo.gov</a>]By Mr. McKINLEY:H.R. 613.Congress has the power to enact this legislation pursuantto the following:According to Article I, Section 8, Clause 18 of theConstitution, ``To make all Laws which shall be necessary andproper for carrying into Execution the foregoing Powers, andall other Powers vested by this Constitution in theGovernment of the United States, or in any Department orOfficer thereof.''[Page H608]</pre>]]></constitutionalAuthorityStatementText>
    <policyArea>
      <name>Crime and Law Enforcement</name>
    </policyArea>
    <billType>HR</billType>
    <billNumber>613</billNumber>
    <originChamber>House</originChamber>
    <relatedBills>
      <item>
        <congress>115</congress>
        <number>1084</number>
        <type>S</type>
        <latestTitle>Lieutenant Osvaldo Albarati Correctional Officer Self-Protection Act of 2017</latestTitle>
        <relationshipDetails>
          <item>
            <type>Related bill</type>
            <identifiedBy>CRS</identifiedBy>
          </item>
        </relationshipDetails>
        <latestAction>
          <text>Read twice and referred to the Committee on the Judiciary.</text>
          <actionDate>2017-05-10</actionDate>
        </latestAction>
      </item>
      <item>
        <congress>115</congress>
        <number>5682</number>
        <type>HR</type>
        <latestTitle>FIRST STEP Act</latestTitle>
        <relationshipDetails>
          <item>
            <type>Related bill</type>
            <identifiedBy>CRS</identifiedBy>
          </item>
        </relationshipDetails>
        <latestAction>
          <text>Received in the Senate.</text>
          <actionDate>2018-05-23</actionDate>
        </latestAction>
      </item>
      <item>
        <congress>115</congress>
        <number>3356</number>
        <type>HR</type>
        <latestTitle>Prison Reform and Redemption Act</latestTitle>
        <relationshipDetails>
          <item>
            <type>Related bill</type>
            <identifiedBy>CRS</identifiedBy>
          </item>
        </relationshipDetails>
        <latestAction>
          <text>Referred to the Subcommittee on Crime, Terrorism, Homeland Security, and Investigations.</text>
          <actionDate>2017-09-06</actionDate>
        </latestAction>
      </item>
      <item>
        <congress>115</congress>
        <number>1994</number>
        <type>S</type>
        <latestTitle>CORRECTIONS Act</latestTitle>
        <relationshipDetails>
          <item>
            <type>Related bill</type>
            <identifiedBy>CRS</identifiedBy>
          </item>
        </relationshipDetails>
        <latestAction>
          <text>Read twice and referred to the Committee on the Judiciary. (text of measure as introduced: CR S6646-6655)</text>
          <actionDate>2017-10-19</actionDate>
        </latestAction>
      </item>
      <item>
        <congress>115</congress>
        <number>2795</number>
        <type>S</type>
        <latestTitle>FIRST STEP Act</latestTitle>
        <relationshipDetails>
          <item>
            <type>Related bill</type>
            <identifiedBy>CRS</identifiedBy>
          </item>
        </relationshipDetails>
        <latestAction>
          <text>Read twice and referred to the Committee on the Judiciary. (Sponsor introductory remarks on measure: CR 5/9/2018 S2580-2581; text of measure as introduced: CR S2518-2527)</text>
          <actionDate>2018-05-07</actionDate>
        </latestAction>
      </item>
    </relatedBills>
    <title>Lieutenant Osvaldo Albarati Correctional Officer Self-Protection Act of 2017</title>
    <congress>115</congress>
    <actions>
      <item>
        <actionDate>2018-05-16</actionDate>
        <committee>
          <systemCode>ssju00</systemCode>
          <name>Judiciary Committee</name>
        </committee>
        <links />
        <sourceSystem>
          <code>0</code>
          <name>Senate</name>
        </sourceSystem>
        <text>Received in the Senate and Read twice and referred to the Committee on the Judiciary.</text>
        <type>IntroReferral</type>
      </item>
      <item>
        <text>Motion to reconsider laid on the table Agreed to without objection.</text>
        <links />
        <type>Floor</type>
        <sourceSystem>
          <code>2</code>
          <name>House floor actions</name>
        </sourceSystem>
        <committee />
        <actionTime>18:55:54</actionTime>
        <actionDate>2018-05-15</actionDate>
        <actionCode>H38310</actionCode>
      </item>
      <item>
        <text>On motion to suspend the rules and pass the bill Agreed to by the Yeas and Nays: (2/3 required): 378 - 0 (Roll no. 181). (text: CR H3955)</text>
        <links>
          <link>
            <url>https://www.congress.gov/congressional-record/volume-164/house-section/page/H3955</url>
            <name>H3955</name>
          </link>
          <link>
            <url>http://clerk.house.gov/evs/2018/roll181.xml</url>
            <name>Roll no. 181</name>
          </link>
        </links>
        <type>Floor</type>
        <sourceSystem>
          <code>2</code>
          <name>House floor actions</name>
        </sourceSystem>
        <committee />
        <actionTime>18:55:53</actionTime>
        <actionDate>2018-05-15</actionDate>
        <actionCode>H37300</actionCode>
      </item>
      <item>
        <text>Passed/agreed to in House: On motion to suspend the rules and pass the bill Agreed to by the Yeas and Nays: (2/3 required): 378 - 0 (Roll no. 181).(text: CR H3955)</text>
        <links>
          <link>
            <url>https://www.congress.gov/congressional-record/volume-164/house-section/page/H3955</url>
            <name>H3955</name>
          </link>
          <link>
            <url>http://clerk.house.gov/evs/2018/roll181.xml</url>
            <name>Roll no. 181</name>
          </link>
        </links>
        <type>Floor</type>
        <sourceSystem>
          <code>9</code>
          <name>Library of Congress</name>
        </sourceSystem>
        <committee />
        <actionTime>18:55:53</actionTime>
        <actionDate>2018-05-15</actionDate>
        <actionCode>8000</actionCode>
      </item>
      <item>
        <text>Considered as unfinished business. (consideration: CR H3955-3956)</text>
        <links>
          <link>
            <url>https://www.congress.gov/congressional-record/volume-164/house-section/page/H3955-3956</url>
            <name>H3955-3956</name>
          </link>
        </links>
        <type>Floor</type>
        <sourceSystem>
          <code>2</code>
          <name>House floor actions</name>
        </sourceSystem>
        <committee />
        <actionTime>18:31:19</actionTime>
        <actionDate>2018-05-15</actionDate>
        <actionCode>H30000</actionCode>
      </item>
      <item>
        <text>At the conclusion of debate, the Yeas and Nays were demanded and ordered. Pursuant to the provisions of clause 8, rule XX, the Chair announced that further proceedings on the motion would be postponed.</text>
        <links />
        <type>Floor</type>
        <sourceSystem>
          <code>2</code>
          <name>House floor actions</name>
        </sourceSystem>
        <committee />
        <actionTime>16:12:22</actionTime>
        <actionDate>2018-05-15</actionDate>
        <actionCode>H37220</actionCode>
      </item>
      <item>
        <text>DEBATE - The House proceeded with forty minutes of debate on H.R. 613.</text>
        <links>
          <link>
            <url>https://www.congress.gov/bill/115th-congress/house-bill/613</url>
            <name>H.R. 613</name>
          </link>
        </links>
        <type>Floor</type>
        <sourceSystem>
          <code>2</code>
          <name>House floor actions</name>
        </sourceSystem>
        <committee />
        <actionTime>15:53:53</actionTime>
        <actionDate>2018-05-15</actionDate>
        <actionCode>H8D000</actionCode>
      </item>
      <item>
        <text>Considered under suspension of the rules. (consideration: CR H3940-3942)</text>
        <links>
          <link>
            <url>https://www.congress.gov/congressional-record/volume-164/house-section/page/H3940-3942</url>
            <name>H3940-3942</name>
          </link>
        </links>
        <type>Floor</type>
        <sourceSystem>
          <code>2</code>
          <name>House floor actions</name>
        </sourceSystem>
        <committee />
        <actionTime>15:53:42</actionTime>
        <actionDate>2018-05-15</actionDate>
        <actionCode>H30000</actionCode>
      </item>
      <item>
        <text>Mr. Goodlatte moved to suspend the rules and pass the bill.</text>
        <links />
        <type>Floor</type>
        <sourceSystem>
          <code>2</code>
          <name>House floor actions</name>
        </sourceSystem>
        <committee />
        <actionTime>15:53:26</actionTime>
        <actionDate>2018-05-15</actionDate>
        <actionCode>H30300</actionCode>
      </item>
      <item>
        <text>Placed on the Union Calendar, Calendar No. 519.</text>
        <links />
        <type>Calendars</type>
        <sourceSystem>
          <code>2</code>
          <name>House floor actions</name>
        </sourceSystem>
        <committee />
        <actionDate>2018-05-15</actionDate>
        <actionCode>H12410</actionCode>
      </item>
      <item>
        <text>Reported by the Committee on Judiciary. H. Rept. 115-674.</text>
        <links>
          <link>
            <url>https://www.congress.gov/congressional-report/115th-congress/house-report/674</url>
            <name>H. Rept. 115-674</name>
          </link>
        </links>
        <type>Committee</type>
        <sourceSystem>
          <code>2</code>
          <name>House floor actions</name>
        </sourceSystem>
        <committee>
          <systemCode>hsju00</systemCode>
          <name>Judiciary Committee</name>
        </committee>
        <actionDate>2018-05-15</actionDate>
        <actionCode>H12200</actionCode>
      </item>
      <item>
        <text>Reported by the Committee on Judiciary. H. Rept. 115-674.</text>
        <links>
          <link>
            <url>https://www.congress.gov/congressional-report/115th-congress/house-report/674</url>
            <name>H. Rept. 115-674</name>
          </link>
        </links>
        <type>Committee</type>
        <sourceSystem>
          <code>9</code>
          <name>Library of Congress</name>
        </sourceSystem>
        <committee>
          <systemCode>hsju00</systemCode>
          <name>Judiciary Committee</name>
        </committee>
        <actionDate>2018-05-15</actionDate>
        <actionCode>5000</actionCode>
      </item>
      <item>
        <actionDate>2017-04-27</actionDate>
        <committee>
          <systemCode>hsju00</systemCode>
          <name>Judiciary Committee</name>
        </committee>
        <links />
        <sourceSystem>
          <code>1</code>
          <name>House committee actions</name>
        </sourceSystem>
        <text>Ordered to be Reported by Voice Vote.</text>
        <type>Committee</type>
      </item>
      <item>
        <actionDate>2017-04-27</actionDate>
        <committee>
          <systemCode>hsju00</systemCode>
          <name>Judiciary Committee</name>
        </committee>
        <links />
        <sourceSystem>
          <code>1</code>
          <name>House committee actions</name>
        </sourceSystem>
        <text>Committee Consideration and Mark-up Session Held.</text>
        <type>Committee</type>
      </item>
      <item>
        <actionDate>2017-02-08</actionDate>
        <committee>
          <systemCode>hsju08</systemCode>
          <name>Crime, Terrorism, Homeland Security, and Investigations Subcommittee</name>
        </committee>
        <links />
        <sourceSystem>
          <code>1</code>
          <name>House committee actions</name>
        </sourceSystem>
        <text>Referred to the Subcommittee on Crime, Terrorism, Homeland Security, and Investigations.</text>
        <type>Committee</type>
      </item>
      <item>
        <text>Referred to the House Committee on the Judiciary.</text>
        <links />
        <type>IntroReferral</type>
        <sourceSystem>
          <code>2</code>
          <name>House floor actions</name>
        </sourceSystem>
        <committee>
          <systemCode>hsju00</systemCode>
          <name>Judiciary Committee</name>
        </committee>
        <actionDate>2017-01-23</actionDate>
        <actionCode>H11100</actionCode>
      </item>
      <item>
        <text>Introduced in House</text>
        <links />
        <type>IntroReferral</type>
        <sourceSystem>
          <code>9</code>
          <name>Library of Congress</name>
        </sourceSystem>
        <committee />
        <actionDate>2017-01-23</actionDate>
        <actionCode>Intro-H</actionCode>
      </item>
      <item>
        <text>Introduced in House</text>
        <links />
        <type>IntroReferral</type>
        <sourceSystem>
          <code>9</code>
          <name>Library of Congress</name>
        </sourceSystem>
        <committee />
        <actionDate>2017-01-23</actionDate>
        <actionCode>1000</actionCode>
      </item>
      <actionTypeCounts>
        <motionMadeToSuspendTheRules>1</motionMadeToSuspendTheRules>
        <placeholderTextForH>3</placeholderTextForH>
        <introducedInTheHouse>1</introducedInTheHouse>
        <passedAgreedToInHouse>1</passedAgreedToInHouse>
        <reportedToHouse>1</reportedToHouse>
        <considerationByHouse>2</considerationByHouse>
        <introducedInHouse>1</introducedInHouse>
        <committeeReportOfABill>1</committeeReportOfABill>
        <referredToCommittee>1</referredToCommittee>
        <motionToReconsiderResults>1</motionToReconsiderResults>
        <unionCalendarAssignment>1</unionCalendarAssignment>
        <finalPassageUnderSuspensionOfTheRulesResults>1</finalPassageUnderSuspensionOfTheRulesResults>
        <billReferrals>1</billReferrals>
        <actionStageOverride>1</actionStageOverride>
        <generalDebate>1</generalDebate>
      </actionTypeCounts>
      <actionByCounts>
        <senate>1</senate>
        <houseOfRepresentatives>17</houseOfRepresentatives>
      </actionByCounts>
    </actions>
    <subjects>
      <billSubjects>
        <legislativeSubjects>
          <item>
            <name>Correctional facilities and imprisonment</name>
          </item>
          <item>
            <name>Firearms and explosives</name>
          </item>
          <item>
            <name>Law enforcement officers</name>
          </item>
        </legislativeSubjects>
        <policyArea>
          <name>Crime and Law Enforcement</name>
        </policyArea>
      </billSubjects>
    </subjects>
    <committeeReports>
      <committeeReport>
        <citation>H. Rept. 115-674</citation>
      </committeeReport>
    </committeeReports>
    <introducedDate>2017-01-23</introducedDate>
    <sponsors>
      <item>
        <bioguideId>M001180</bioguideId>
        <middleName>B.</middleName>
        <byRequestType />
        <fullName>Rep. McKinley, David B. [R-WV-1]</fullName>
        <lastName>McKinley</lastName>
        <state>WV</state>
        <district>1</district>
        <party>R</party>
        <identifiers>
          <bioguideId>M001180</bioguideId>
          <lisID>2074</lisID>
          <gpoId>8222</gpoId>
        </identifiers>
        <firstName>David</firstName>
      </item>
    </sponsors>
    <notes />
    <createDate>2017-01-24T05:12:19Z</createDate>
    <amendments />
  </bill>
  <dublinCore xmlns:dc="http://purl.org/dc/elements/1.1/">
    <dc:format>text/xml</dc:format>
    <dc:language>EN</dc:language>
    <dc:rights>Pursuant to Title 17 Section 105 of the United States Code, this file is not subject to copyright protection and is in the public domain.</dc:rights>
    <dc:contributor>Congressional Research Service, Library of Congress</dc:contributor>
    <dc:description>This file contains bill summaries and statuses for federal legislation. A bill summary describes the most significant provisions of a piece of legislation and details the effects the legislative text may have on current law and federal programs. Bill summaries are authored by the Congressional Research Service (CRS) of the Library of Congress. As stated in Public Law 91-510 (2 USC 166 (d)(6)), one of the duties of CRS is "to prepare summaries and digests of bills and resolutions of a public general nature introduced in the Senate or House of Representatives". For more information, refer to the User Guide that accompanies this file.</dc:description>
  </dublinCore>
</billStatus>

