<?xml version="1.0" encoding="UTF-8"?>
<billStatus>
  <bill>
    <cboCostEstimates />
    <committeeReports />
    <policyArea>
      <name>Government Operations and Politics</name>
    </policyArea>
    <recordedVotes />
    <billNumber>294</billNumber>
    <relatedBills />
    <amendments />
    <titles>
      <item>
        <titleType>Official Title as Introduced</titleType>
        <chamberCode />
        <parentTitleType />
        <chamberName />
        <title>To designate the facility of the United States Postal Service located at 2700 Cullen Boulevard in Pearland, Texas, as the "Endy Nddiobong Ekpanya Post Office Building".</title>
      </item>
      <item>
        <titleType>Display Title</titleType>
        <chamberCode />
        <parentTitleType />
        <chamberName />
        <title>To designate the facility of the United States Postal Service located at 2700 Cullen Boulevard in Pearland, Texas, as the "Endy Nddiobong Ekpanya Post Office Building".</title>
      </item>
    </titles>
    <subjects>
      <billSubjects>
        <legislativeSubjects>
          <item>
            <name>Congressional tributes</name>
          </item>
          <item>
            <name>Congressional tributes</name>
          </item>
          <item>
            <name>Government buildings, facilities, and property</name>
          </item>
          <item>
            <name>Government buildings, facilities, and property</name>
          </item>
          <item>
            <name>Postal service</name>
          </item>
          <item>
            <name>Postal service</name>
          </item>
          <item>
            <name>Texas</name>
          </item>
        </legislativeSubjects>
        <policyArea>
          <name>Government Operations and Politics</name>
        </policyArea>
      </billSubjects>
    </subjects>
    <congress>115</congress>
    <version>1.0.0</version>
    <introducedDate>2017-01-05</introducedDate>
    <title>To designate the facility of the United States Postal Service located at 2700 Cullen Boulevard in Pearland, Texas, as the "Endy Nddiobong Ekpanya Post Office Building".</title>
    <summaries>
      <billSummaries>
        <item>
          <text><![CDATA[Designates the facility of the United States Postal Service located at 2700 Cullen Boulevard in Pearland, Texas, as the "Endy Nddiobong Ekpanya Post Office Building."]]></text>
          <actionDate>2017-01-05</actionDate>
          <versionCode>00</versionCode>
          <lastSummaryUpdateDate>2017-10-10T14:25:53Z</lastSummaryUpdateDate>
          <name>Introduced in House</name>
          <updateDate>2017-01-05T05:00:00Z</updateDate>
          <actionDesc>Introduced in House</actionDesc>
        </item>
        <item>
          <text><![CDATA[<p>Designates the facility of the United States Postal Service located at 2700 Cullen Boulevard in Pearland, Texas, as the "Endy Nddiobong Ekpanya Post Office Building."</p>]]></text>
          <actionDate>2018-03-16</actionDate>
          <versionCode>49</versionCode>
          <lastSummaryUpdateDate>2018-03-22T22:05:54Z</lastSummaryUpdateDate>
          <name>Public Law</name>
          <updateDate>2018-03-17T03:59:59Z</updateDate>
          <actionDesc>Public Law</actionDesc>
        </item>
      </billSummaries>
    </summaries>
    <cosponsors>
      <item>
        <firstName>Louie</firstName>
        <bioguideId>G000552</bioguideId>
        <state>TX</state>
        <district>1</district>
        <isOriginalCosponsor>True</isOriginalCosponsor>
        <sponsorshipWithdrawnDate />
        <party>R</party>
        <identifiers>
          <lisID>1801</lisID>
          <gpoId>8157</gpoId>
          <bioguideId>G000552</bioguideId>
        </identifiers>
        <sponsorshipDate>2017-01-05</sponsorshipDate>
        <fullName>Rep. Gohmert, Louie [R-TX-1]</fullName>
        <lastName>Gohmert</lastName>
        <middleName />
      </item>
      <item>
        <firstName>Randy</firstName>
        <bioguideId>W000814</bioguideId>
        <state>TX</state>
        <district>14</district>
        <isOriginalCosponsor>True</isOriginalCosponsor>
        <sponsorshipWithdrawnDate />
        <party>R</party>
        <identifiers>
          <bioguideId>W000814</bioguideId>
          <gpoId />
          <lisID>2161</lisID>
        </identifiers>
        <sponsorshipDate>2017-01-05</sponsorshipDate>
        <fullName>Rep. Weber, Randy K., Sr. [R-TX-14]</fullName>
        <lastName>Weber</lastName>
        <middleName>K.</middleName>
      </item>
      <item>
        <firstName>SHEILA</firstName>
        <bioguideId>J000032</bioguideId>
        <state>TX</state>
        <district>18</district>
        <isOriginalCosponsor>True</isOriginalCosponsor>
        <sponsorshipWithdrawnDate />
        <party>D</party>
        <identifiers>
          <bioguideId>J000032</bioguideId>
          <gpoId>8174</gpoId>
          <lisID>588</lisID>
        </identifiers>
        <sponsorshipDate>2017-01-05</sponsorshipDate>
        <fullName>Rep. Jackson Lee, Sheila [D-TX-18]</fullName>
        <lastName>JACKSON LEE</lastName>
        <middleName />
      </item>
      <item>
        <firstName>LLOYD</firstName>
        <bioguideId>D000399</bioguideId>
        <state>TX</state>
        <district>35</district>
        <isOriginalCosponsor>True</isOriginalCosponsor>
        <sponsorshipWithdrawnDate />
        <party>D</party>
        <identifiers>
          <lisID>303</lisID>
          <gpoId>8181</gpoId>
          <bioguideId>D000399</bioguideId>
        </identifiers>
        <sponsorshipDate>2017-01-05</sponsorshipDate>
        <fullName>Rep. Doggett, Lloyd [D-TX-35]</fullName>
        <lastName>DOGGETT</lastName>
        <middleName />
      </item>
      <item>
        <firstName>Marc</firstName>
        <bioguideId>V000131</bioguideId>
        <state>TX</state>
        <district>33</district>
        <isOriginalCosponsor>True</isOriginalCosponsor>
        <sponsorshipWithdrawnDate />
        <party>D</party>
        <identifiers>
          <lisID>2166</lisID>
          <gpoId />
          <bioguideId>V000131</bioguideId>
        </identifiers>
        <sponsorshipDate>2017-01-05</sponsorshipDate>
        <fullName>Rep. Veasey, Marc A. [D-TX-33]</fullName>
        <lastName>Veasey</lastName>
        <middleName>A.</middleName>
      </item>
      <item>
        <firstName>Henry</firstName>
        <bioguideId>C001063</bioguideId>
        <state>TX</state>
        <district>28</district>
        <isOriginalCosponsor>True</isOriginalCosponsor>
        <sponsorshipWithdrawnDate />
        <party>D</party>
        <identifiers>
          <lisID>1807</lisID>
          <bioguideId>C001063</bioguideId>
          <gpoId>8184</gpoId>
        </identifiers>
        <sponsorshipDate>2017-01-05</sponsorshipDate>
        <fullName>Rep. Cuellar, Henry [D-TX-28]</fullName>
        <lastName>Cuellar</lastName>
        <middleName />
      </item>
      <item>
        <firstName>Filemon</firstName>
        <bioguideId>V000132</bioguideId>
        <state>TX</state>
        <district>34</district>
        <isOriginalCosponsor>True</isOriginalCosponsor>
        <sponsorshipWithdrawnDate />
        <party>D</party>
        <identifiers>
          <lisID>2167</lisID>
          <gpoId />
          <bioguideId>V000132</bioguideId>
        </identifiers>
        <sponsorshipDate>2017-01-05</sponsorshipDate>
        <fullName>Rep. Vela, Filemon [D-TX-34]</fullName>
        <lastName>Vela</lastName>
        <middleName />
      </item>
      <item>
        <firstName>Vicente</firstName>
        <bioguideId>G000581</bioguideId>
        <state>TX</state>
        <district>15</district>
        <isOriginalCosponsor>True</isOriginalCosponsor>
        <sponsorshipWithdrawnDate />
        <party>D</party>
        <identifiers>
          <bioguideId>G000581</bioguideId>
          <gpoId />
          <lisID>2349</lisID>
        </identifiers>
        <sponsorshipDate>2017-01-05</sponsorshipDate>
        <fullName>Rep. Gonzalez, Vicente [D-TX-15]</fullName>
        <lastName>Gonzalez</lastName>
        <middleName />
      </item>
      <item>
        <firstName>KAY</firstName>
        <bioguideId>G000377</bioguideId>
        <state>TX</state>
        <district>12</district>
        <isOriginalCosponsor>True</isOriginalCosponsor>
        <sponsorshipWithdrawnDate />
        <party>R</party>
        <identifiers>
          <lisID>1487</lisID>
          <bioguideId>G000377</bioguideId>
          <gpoId>8168</gpoId>
        </identifiers>
        <sponsorshipDate>2017-01-05</sponsorshipDate>
        <fullName>Rep. Granger, Kay [R-TX-12]</fullName>
        <lastName>GRANGER</lastName>
        <middleName />
      </item>
      <item>
        <firstName>John</firstName>
        <bioguideId>C001051</bioguideId>
        <state>TX</state>
        <district>31</district>
        <isOriginalCosponsor>True</isOriginalCosponsor>
        <sponsorshipWithdrawnDate />
        <party>R</party>
        <identifiers>
          <bioguideId>C001051</bioguideId>
          <gpoId>8187</gpoId>
          <lisID>1752</lisID>
        </identifiers>
        <sponsorshipDate>2017-01-05</sponsorshipDate>
        <fullName>Rep. Carter, John R. [R-TX-31]</fullName>
        <lastName>Carter</lastName>
        <middleName>R.</middleName>
      </item>
      <item>
        <firstName>Blake</firstName>
        <bioguideId>F000460</bioguideId>
        <state>TX</state>
        <district>27</district>
        <isOriginalCosponsor>True</isOriginalCosponsor>
        <sponsorshipWithdrawnDate />
        <party>R</party>
        <identifiers>
          <lisID>2067</lisID>
          <bioguideId>F000460</bioguideId>
          <gpoId>8183</gpoId>
        </identifiers>
        <sponsorshipDate>2017-01-05</sponsorshipDate>
        <fullName>Rep. Farenthold, Blake [R-TX-27]</fullName>
        <lastName>Farenthold</lastName>
        <middleName />
      </item>
      <item>
        <firstName>Kenny</firstName>
        <bioguideId>M001158</bioguideId>
        <state>TX</state>
        <district>24</district>
        <isOriginalCosponsor>True</isOriginalCosponsor>
        <sponsorshipWithdrawnDate />
        <party>R</party>
        <identifiers>
          <bioguideId>M001158</bioguideId>
          <gpoId>8766</gpoId>
          <lisID>1806</lisID>
        </identifiers>
        <sponsorshipDate>2017-01-05</sponsorshipDate>
        <fullName>Rep. Marchant, Kenny [R-TX-24]</fullName>
        <lastName>Marchant</lastName>
        <middleName />
      </item>
      <item>
        <firstName>Roger</firstName>
        <bioguideId>W000816</bioguideId>
        <state>TX</state>
        <district>25</district>
        <isOriginalCosponsor>True</isOriginalCosponsor>
        <sponsorshipWithdrawnDate />
        <party>R</party>
        <identifiers>
          <bioguideId>W000816</bioguideId>
          <lisID>2165</lisID>
          <gpoId />
        </identifiers>
        <sponsorshipDate>2017-01-05</sponsorshipDate>
        <fullName>Rep. Williams, Roger [R-TX-25]</fullName>
        <lastName>Williams</lastName>
        <middleName />
      </item>
      <item>
        <firstName>JOHN</firstName>
        <bioguideId>C001048</bioguideId>
        <state>TX</state>
        <district>7</district>
        <isOriginalCosponsor>True</isOriginalCosponsor>
        <sponsorshipWithdrawnDate />
        <party>R</party>
        <identifiers>
          <lisID>1670</lisID>
          <bioguideId>C001048</bioguideId>
          <gpoId>8163</gpoId>
        </identifiers>
        <sponsorshipDate>2017-01-05</sponsorshipDate>
        <fullName>Rep. Culberson, John Abney [R-TX-7]</fullName>
        <lastName>CULBERSON</lastName>
        <middleName>ABNEY</middleName>
      </item>
      <item>
        <firstName>Michael</firstName>
        <bioguideId>M001157</bioguideId>
        <state>TX</state>
        <district>10</district>
        <isOriginalCosponsor>True</isOriginalCosponsor>
        <sponsorshipWithdrawnDate />
        <party>R</party>
        <identifiers>
          <lisID>1804</lisID>
          <bioguideId>M001157</bioguideId>
          <gpoId>8166</gpoId>
        </identifiers>
        <sponsorshipDate>2017-01-05</sponsorshipDate>
        <fullName>Rep. McCaul, Michael T. [R-TX-10]</fullName>
        <lastName>McCaul</lastName>
        <middleName>T.</middleName>
      </item>
      <item>
        <firstName>GENE</firstName>
        <bioguideId>G000410</bioguideId>
        <state>TX</state>
        <district>29</district>
        <isOriginalCosponsor>True</isOriginalCosponsor>
        <sponsorshipWithdrawnDate />
        <party>D</party>
        <identifiers>
          <lisID>462</lisID>
          <gpoId>8185</gpoId>
          <bioguideId>G000410</bioguideId>
        </identifiers>
        <sponsorshipDate>2017-01-05</sponsorshipDate>
        <fullName>Rep. Green, Gene [D-TX-29]</fullName>
        <lastName>GREEN</lastName>
        <middleName />
      </item>
      <item>
        <firstName>JOE</firstName>
        <bioguideId>B000213</bioguideId>
        <state>TX</state>
        <district>6</district>
        <isOriginalCosponsor>True</isOriginalCosponsor>
        <sponsorshipWithdrawnDate />
        <party>R</party>
        <identifiers>
          <bioguideId>B000213</bioguideId>
          <gpoId>8162</gpoId>
          <lisID>62</lisID>
        </identifiers>
        <sponsorshipDate>2017-01-05</sponsorshipDate>
        <fullName>Rep. Barton, Joe [R-TX-6]</fullName>
        <lastName>BARTON</lastName>
        <middleName>L.</middleName>
      </item>
      <item>
        <firstName>K.</firstName>
        <bioguideId>C001062</bioguideId>
        <state>TX</state>
        <district>11</district>
        <isOriginalCosponsor>True</isOriginalCosponsor>
        <sponsorshipWithdrawnDate />
        <party>R</party>
        <identifiers>
          <lisID>1805</lisID>
          <gpoId>8167</gpoId>
          <bioguideId>C001062</bioguideId>
        </identifiers>
        <sponsorshipDate>2017-01-05</sponsorshipDate>
        <fullName>Rep. Conaway, K. Michael [R-TX-11]</fullName>
        <lastName>Conaway</lastName>
        <middleName>Michael</middleName>
      </item>
      <item>
        <firstName>Brian</firstName>
        <bioguideId>B001291</bioguideId>
        <state>TX</state>
        <district>36</district>
        <isOriginalCosponsor>True</isOriginalCosponsor>
        <sponsorshipWithdrawnDate />
        <party>R</party>
        <identifiers>
          <bioguideId>B001291</bioguideId>
          <gpoId />
          <lisID>2270</lisID>
        </identifiers>
        <sponsorshipDate>2017-01-05</sponsorshipDate>
        <fullName>Rep. Babin, Brian [R-TX-36]</fullName>
        <lastName>Babin</lastName>
        <middleName />
      </item>
      <item>
        <firstName>John</firstName>
        <bioguideId>R000601</bioguideId>
        <state>TX</state>
        <district>4</district>
        <isOriginalCosponsor>True</isOriginalCosponsor>
        <sponsorshipWithdrawnDate />
        <party>R</party>
        <identifiers>
          <lisID>2268</lisID>
          <bioguideId>R000601</bioguideId>
          <gpoId />
        </identifiers>
        <sponsorshipDate>2017-01-05</sponsorshipDate>
        <fullName>Rep. Ratcliffe, John [R-TX-4]</fullName>
        <lastName>Ratcliffe</lastName>
        <middleName />
      </item>
      <item>
        <firstName>Ted</firstName>
        <bioguideId>P000592</bioguideId>
        <state>TX</state>
        <district>2</district>
        <isOriginalCosponsor>True</isOriginalCosponsor>
        <sponsorshipWithdrawnDate />
        <party>R</party>
        <identifiers>
          <lisID>1802</lisID>
          <bioguideId>P000592</bioguideId>
          <gpoId>8158</gpoId>
        </identifiers>
        <sponsorshipDate>2017-01-05</sponsorshipDate>
        <fullName>Rep. Poe, Ted [R-TX-2]</fullName>
        <lastName>Poe</lastName>
        <middleName />
      </item>
      <item>
        <firstName>Joaquin</firstName>
        <bioguideId>C001091</bioguideId>
        <state>TX</state>
        <district>20</district>
        <isOriginalCosponsor>True</isOriginalCosponsor>
        <sponsorshipWithdrawnDate />
        <party>D</party>
        <identifiers>
          <lisID>2163</lisID>
          <gpoId />
          <bioguideId>C001091</bioguideId>
        </identifiers>
        <sponsorshipDate>2017-01-05</sponsorshipDate>
        <fullName>Rep. Castro, Joaquin [D-TX-20]</fullName>
        <lastName>Castro</lastName>
        <middleName />
      </item>
      <item>
        <firstName>WILLIAM</firstName>
        <bioguideId>T000238</bioguideId>
        <state>TX</state>
        <district>13</district>
        <isOriginalCosponsor>True</isOriginalCosponsor>
        <sponsorshipWithdrawnDate />
        <party>R</party>
        <identifiers>
          <bioguideId>T000238</bioguideId>
          <gpoId>8755</gpoId>
          <lisID>1155</lisID>
        </identifiers>
        <sponsorshipDate>2017-01-05</sponsorshipDate>
        <fullName>Rep. Thornberry, Mac [R-TX-13]</fullName>
        <lastName>THORNBERRY</lastName>
        <middleName>M.</middleName>
      </item>
      <item>
        <firstName>Michael</firstName>
        <bioguideId>B001248</bioguideId>
        <state>TX</state>
        <district>26</district>
        <isOriginalCosponsor>True</isOriginalCosponsor>
        <sponsorshipWithdrawnDate />
        <party>R</party>
        <identifiers>
          <bioguideId>B001248</bioguideId>
          <gpoId>8182</gpoId>
          <lisID>1751</lisID>
        </identifiers>
        <sponsorshipDate>2017-01-05</sponsorshipDate>
        <fullName>Rep. Burgess, Michael C. [R-TX-26]</fullName>
        <lastName>Burgess</lastName>
        <middleName>C.</middleName>
      </item>
      <item>
        <firstName>Al</firstName>
        <bioguideId>G000553</bioguideId>
        <state>TX</state>
        <district>9</district>
        <isOriginalCosponsor>True</isOriginalCosponsor>
        <sponsorshipWithdrawnDate />
        <party>D</party>
        <identifiers>
          <lisID>1803</lisID>
          <bioguideId>G000553</bioguideId>
          <gpoId>8165</gpoId>
        </identifiers>
        <sponsorshipDate>2017-01-05</sponsorshipDate>
        <fullName>Rep. Green, Al [D-TX-9]</fullName>
        <lastName>Green</lastName>
        <middleName />
      </item>
      <item>
        <firstName>SAM</firstName>
        <bioguideId>J000174</bioguideId>
        <state>TX</state>
        <district>3</district>
        <isOriginalCosponsor>True</isOriginalCosponsor>
        <sponsorshipWithdrawnDate />
        <party>R</party>
        <identifiers>
          <lisID>603</lisID>
          <gpoId>8159</gpoId>
          <bioguideId>J000174</bioguideId>
        </identifiers>
        <sponsorshipDate>2017-01-05</sponsorshipDate>
        <fullName>Rep. Johnson, Sam [R-TX-3]</fullName>
        <lastName>JOHNSON</lastName>
        <middleName />
      </item>
      <item>
        <firstName>EDDIE</firstName>
        <bioguideId>J000126</bioguideId>
        <state>TX</state>
        <district>30</district>
        <isOriginalCosponsor>True</isOriginalCosponsor>
        <sponsorshipWithdrawnDate />
        <party>D</party>
        <identifiers>
          <lisID>599</lisID>
          <gpoId>8186</gpoId>
          <bioguideId>J000126</bioguideId>
        </identifiers>
        <sponsorshipDate>2017-01-05</sponsorshipDate>
        <fullName>Rep. Johnson, Eddie Bernice [D-TX-30]</fullName>
        <lastName>JOHNSON</lastName>
        <middleName>BERNICE</middleName>
      </item>
      <item>
        <firstName>Will</firstName>
        <bioguideId>H001073</bioguideId>
        <state>TX</state>
        <district>23</district>
        <isOriginalCosponsor>True</isOriginalCosponsor>
        <sponsorshipWithdrawnDate />
        <party>R</party>
        <identifiers>
          <lisID>2269</lisID>
          <bioguideId>H001073</bioguideId>
          <gpoId />
        </identifiers>
        <sponsorshipDate>2017-01-05</sponsorshipDate>
        <fullName>Rep. Hurd, Will [R-TX-23]</fullName>
        <lastName>Hurd</lastName>
        <middleName />
      </item>
      <item>
        <firstName>Jeb</firstName>
        <bioguideId>H001036</bioguideId>
        <state>TX</state>
        <district>5</district>
        <isOriginalCosponsor>True</isOriginalCosponsor>
        <sponsorshipWithdrawnDate />
        <party>R</party>
        <identifiers>
          <lisID>1749</lisID>
          <bioguideId>H001036</bioguideId>
          <gpoId>8161</gpoId>
        </identifiers>
        <sponsorshipDate>2017-01-05</sponsorshipDate>
        <fullName>Rep. Hensarling, Jeb [R-TX-5]</fullName>
        <lastName>Hensarling</lastName>
        <middleName />
      </item>
      <item>
        <firstName>KEVIN</firstName>
        <bioguideId>B000755</bioguideId>
        <state>TX</state>
        <district>8</district>
        <isOriginalCosponsor>True</isOriginalCosponsor>
        <sponsorshipWithdrawnDate />
        <party>R</party>
        <identifiers>
          <bioguideId>B000755</bioguideId>
          <gpoId>8164</gpoId>
          <lisID>1468</lisID>
        </identifiers>
        <sponsorshipDate>2017-01-05</sponsorshipDate>
        <fullName>Rep. Brady, Kevin [R-TX-8]</fullName>
        <lastName>BRADY</lastName>
        <middleName />
      </item>
      <item>
        <firstName>LAMAR</firstName>
        <bioguideId>S000583</bioguideId>
        <state>TX</state>
        <district>21</district>
        <isOriginalCosponsor>True</isOriginalCosponsor>
        <sponsorshipWithdrawnDate />
        <party>R</party>
        <identifiers>
          <lisID>1075</lisID>
          <bioguideId>S000583</bioguideId>
          <gpoId>8177</gpoId>
        </identifiers>
        <sponsorshipDate>2017-01-05</sponsorshipDate>
        <fullName>Rep. Smith, Lamar [R-TX-21]</fullName>
        <lastName>SMITH</lastName>
        <middleName />
      </item>
      <item>
        <firstName>PETE</firstName>
        <bioguideId>S000250</bioguideId>
        <state>TX</state>
        <district>32</district>
        <isOriginalCosponsor>True</isOriginalCosponsor>
        <sponsorshipWithdrawnDate />
        <party>R</party>
        <identifiers>
          <lisID>1525</lisID>
          <bioguideId>S000250</bioguideId>
          <gpoId>8188</gpoId>
        </identifiers>
        <sponsorshipDate>2017-01-05</sponsorshipDate>
        <fullName>Rep. Sessions, Pete [R-TX-32]</fullName>
        <lastName>SESSIONS</lastName>
        <middleName />
      </item>
      <item>
        <firstName>Bill</firstName>
        <bioguideId>F000461</bioguideId>
        <state>TX</state>
        <district>17</district>
        <isOriginalCosponsor>True</isOriginalCosponsor>
        <sponsorshipWithdrawnDate />
        <party>R</party>
        <identifiers>
          <bioguideId>F000461</bioguideId>
          <gpoId>8173</gpoId>
          <lisID>2065</lisID>
        </identifiers>
        <sponsorshipDate>2017-01-05</sponsorshipDate>
        <fullName>Rep. Flores, Bill [R-TX-17]</fullName>
        <lastName>Flores</lastName>
        <middleName />
      </item>
      <item>
        <firstName>Jodey</firstName>
        <bioguideId>A000375</bioguideId>
        <state>TX</state>
        <district>19</district>
        <isOriginalCosponsor>True</isOriginalCosponsor>
        <sponsorshipWithdrawnDate />
        <party>R</party>
        <identifiers>
          <lisID>2350</lisID>
          <gpoId />
          <bioguideId>A000375</bioguideId>
        </identifiers>
        <sponsorshipDate>2017-01-05</sponsorshipDate>
        <fullName>Rep. Arrington, Jodey C. [R-TX-19]</fullName>
        <lastName>Arrington</lastName>
        <middleName>C.</middleName>
      </item>
      <item>
        <firstName>Beto</firstName>
        <bioguideId>O000170</bioguideId>
        <state>TX</state>
        <district>16</district>
        <isOriginalCosponsor>True</isOriginalCosponsor>
        <sponsorshipWithdrawnDate />
        <party>D</party>
        <identifiers>
          <bioguideId>O000170</bioguideId>
          <gpoId />
          <lisID>2162</lisID>
        </identifiers>
        <sponsorshipDate>2017-01-05</sponsorshipDate>
        <fullName>Rep. O'Rourke, Beto [D-TX-16]</fullName>
        <lastName>O'Rourke</lastName>
        <middleName />
      </item>
    </cosponsors>
    <createDate>2017-01-06T04:57:25Z</createDate>
    <committees>
      <billCommittees>
        <item>
          <name>Homeland Security and Governmental Affairs Committee</name>
          <systemCode>ssga00</systemCode>
          <chamber>Senate</chamber>
          <subcommittees />
          <type>Standing</type>
          <activities>
            <item>
              <date>2018-02-15T22:37:32Z</date>
              <name>Reported by</name>
            </item>
            <item>
              <date>2018-02-14T15:00:54Z</date>
              <name>Markup by</name>
            </item>
            <item>
              <date>2017-10-16T22:28:18Z</date>
              <name>Referred to</name>
            </item>
          </activities>
        </item>
        <item>
          <name>Oversight and Government Reform Committee</name>
          <systemCode>hsgo00</systemCode>
          <chamber>House</chamber>
          <subcommittees />
          <type>Standing</type>
          <activities>
            <item>
              <date>2017-09-13T16:46:44Z</date>
              <name>Markup by</name>
            </item>
            <item>
              <date>2017-01-05T15:01:10Z</date>
              <name>Referred to</name>
            </item>
          </activities>
        </item>
      </billCommittees>
    </committees>
    <calendarNumbers>
      <item>
        <calendar>Senate Calendar of Business</calendar>
        <number>0315</number>
      </item>
    </calendarNumbers>
    <actions>
      <actionByCounts>
        <houseOfRepresentatives>11</houseOfRepresentatives>
        <senate>8</senate>
      </actionByCounts>
      <actionTypeCounts>
        <passedAgreedToInHouse>1</passedAgreedToInHouse>
        <passedSenate>1</passedSenate>
        <passedAgreedToInSenate>1</passedAgreedToInSenate>
        <generalDebate>1</generalDebate>
        <presentedToPresident>1</presentedToPresident>
        <placeholderTextForE>3</placeholderTextForE>
        <introducedInTheHouse>1</introducedInTheHouse>
        <placedOnCalendarGeneralOrders>1</placedOnCalendarGeneralOrders>
        <introducedInHouse>1</introducedInHouse>
        <becamePublicLaw>2</becamePublicLaw>
        <reportedToSenate>2</reportedToSenate>
        <placeholderTextForH>1</placeholderTextForH>
        <orderedReported>1</orderedReported>
        <referredToCommittee>1</referredToCommittee>
        <motionMadeToSuspendTheRules>1</motionMadeToSuspendTheRules>
        <finalPassageUnderSuspensionOfTheRulesResults>1</finalPassageUnderSuspensionOfTheRulesResults>
        <sentToHouse>1</sentToHouse>
        <motionToReconsiderResults>1</motionToReconsiderResults>
        <billReferrals>1</billReferrals>
        <considerationByHouse>1</considerationByHouse>
        <actionStageOverride>1</actionStageOverride>
      </actionTypeCounts>
      <item>
        <actionDate>2018-03-16</actionDate>
        <type>President</type>
        <committee />
        <text>Became Public Law No: 115-133.</text>
        <actionCode>E40000</actionCode>
        <sourceSystem>
          <name>House floor actions</name>
          <code>2</code>
        </sourceSystem>
        <links>
          <link>
            <name>Public Law No: 115-133</name>
            <url>https://www.congress.gov/bill/115th-congress/house-bill/294/text/pl</url>
          </link>
        </links>
      </item>
      <item>
        <actionDate>2018-03-16</actionDate>
        <type>BecameLaw</type>
        <committee />
        <text>Became Public Law No: 115-133.</text>
        <actionCode>36000</actionCode>
        <sourceSystem>
          <name>Library of Congress</name>
          <code>9</code>
        </sourceSystem>
        <links>
          <link>
            <name>Public Law No: 115-133</name>
            <url>https://www.congress.gov/bill/115th-congress/house-bill/294/text/pl</url>
          </link>
        </links>
      </item>
      <item>
        <actionDate>2018-03-16</actionDate>
        <type>President</type>
        <committee />
        <text>Signed by President.</text>
        <actionCode>E30000</actionCode>
        <sourceSystem>
          <name>House floor actions</name>
          <code>2</code>
        </sourceSystem>
        <links />
      </item>
      <item>
        <actionDate>2018-03-16</actionDate>
        <type>BecameLaw</type>
        <committee />
        <text>Signed by President.</text>
        <actionCode>36000</actionCode>
        <sourceSystem>
          <name>Library of Congress</name>
          <code>9</code>
        </sourceSystem>
        <links />
      </item>
      <item>
        <actionDate>2018-03-13</actionDate>
        <type>Floor</type>
        <committee />
        <text>Presented to President.</text>
        <actionCode>E20000</actionCode>
        <sourceSystem>
          <name>House floor actions</name>
          <code>2</code>
        </sourceSystem>
        <links />
      </item>
      <item>
        <actionDate>2018-03-13</actionDate>
        <type>President</type>
        <committee />
        <text>Presented to President.</text>
        <actionCode>28000</actionCode>
        <sourceSystem>
          <name>Library of Congress</name>
          <code>9</code>
        </sourceSystem>
        <links />
      </item>
      <item>
        <actionDate>2018-03-08</actionDate>
        <committee />
        <links />
        <sourceSystem>
          <name>Senate</name>
          <code>0</code>
        </sourceSystem>
        <text>Message on Senate action sent to the House.</text>
        <type>Floor</type>
      </item>
      <item>
        <actionDate>2018-03-07</actionDate>
        <committee />
        <links>
          <link>
            <name>S1525-1527</name>
            <url>https://www.congress.gov/congressional-record/volume-164/senate-section/page/S1525-1527</url>
          </link>
        </links>
        <sourceSystem>
          <name>Senate</name>
          <code>0</code>
        </sourceSystem>
        <text>Passed Senate without amendment by Voice Vote. (consideration: CR S1525-1527)</text>
        <type>Floor</type>
      </item>
      <item>
        <actionDate>2018-03-07</actionDate>
        <type>Floor</type>
        <committee />
        <text>Passed/agreed to in Senate: Passed Senate without amendment by Voice Vote.(consideration: CR S1525-1527)</text>
        <actionCode>17000</actionCode>
        <sourceSystem>
          <name>Library of Congress</name>
          <code>9</code>
        </sourceSystem>
        <links>
          <link>
            <name>S1525-1527</name>
            <url>https://www.congress.gov/congressional-record/volume-164/senate-section/page/S1525-1527</url>
          </link>
        </links>
      </item>
      <item>
        <actionDate>2018-02-15</actionDate>
        <committee />
        <links />
        <sourceSystem>
          <name>Senate</name>
          <code>0</code>
        </sourceSystem>
        <text>Placed on Senate Legislative Calendar under General Orders. Calendar No. 315.</text>
        <type>Calendars</type>
      </item>
      <item>
        <actionDate>2018-02-15</actionDate>
        <committee>
          <name>Homeland Security and Governmental Affairs Committee</name>
          <systemCode>ssga00</systemCode>
        </committee>
        <links />
        <sourceSystem>
          <name>Senate</name>
          <code>0</code>
        </sourceSystem>
        <text>Committee on Homeland Security and Governmental Affairs. Reported by Senator Johnson without amendment. Without written report.</text>
        <type>Committee</type>
      </item>
      <item>
        <actionDate>2018-02-15</actionDate>
        <type>Committee</type>
        <committee>
          <name>Homeland Security and Governmental Affairs Committee</name>
          <systemCode>ssga00</systemCode>
        </committee>
        <text>Committee on Homeland Security and Governmental Affairs. Reported by Senator Johnson without amendment. Without written report.</text>
        <actionCode>14000</actionCode>
        <sourceSystem>
          <name>Library of Congress</name>
          <code>9</code>
        </sourceSystem>
        <links />
      </item>
      <item>
        <actionDate>2018-02-14</actionDate>
        <committee>
          <name>Homeland Security and Governmental Affairs Committee</name>
          <systemCode>ssga00</systemCode>
        </committee>
        <links />
        <sourceSystem>
          <name>Senate</name>
          <code>0</code>
        </sourceSystem>
        <text>Committee on Homeland Security and Governmental Affairs. Ordered to be reported without amendment favorably.</text>
        <type>Committee</type>
      </item>
      <item>
        <actionDate>2017-10-16</actionDate>
        <committee>
          <name>Homeland Security and Governmental Affairs Committee</name>
          <systemCode>ssga00</systemCode>
        </committee>
        <links />
        <sourceSystem>
          <name>Senate</name>
          <code>0</code>
        </sourceSystem>
        <text>Received in the Senate and Read twice and referred to the Committee on Homeland Security and Governmental Affairs.</text>
        <type>IntroReferral</type>
      </item>
      <item>
        <actionDate>2017-10-10</actionDate>
        <actionTime>17:36:12</actionTime>
        <committee />
        <type>Floor</type>
        <text>Motion to reconsider laid on the table Agreed to without objection.</text>
        <actionCode>H38310</actionCode>
        <sourceSystem>
          <name>House floor actions</name>
          <code>2</code>
        </sourceSystem>
        <links />
      </item>
      <item>
        <actionDate>2017-10-10</actionDate>
        <actionTime>17:36:10</actionTime>
        <committee />
        <type>Floor</type>
        <text>On motion to suspend the rules and pass the bill Agreed to by voice vote. (text: CR H7899)</text>
        <actionCode>H37300</actionCode>
        <sourceSystem>
          <name>House floor actions</name>
          <code>2</code>
        </sourceSystem>
        <links>
          <link>
            <name>H7899</name>
            <url>https://www.congress.gov/congressional-record/volume-163/house-section/page/H7899</url>
          </link>
        </links>
      </item>
      <item>
        <actionDate>2017-10-10</actionDate>
        <actionTime>17:36:10</actionTime>
        <committee />
        <type>Floor</type>
        <text>Passed/agreed to in House: On motion to suspend the rules and pass the bill Agreed to by voice vote.(text: CR H7899)</text>
        <actionCode>8000</actionCode>
        <sourceSystem>
          <name>Library of Congress</name>
          <code>9</code>
        </sourceSystem>
        <links>
          <link>
            <name>H7899</name>
            <url>https://www.congress.gov/congressional-record/volume-163/house-section/page/H7899</url>
          </link>
        </links>
      </item>
      <item>
        <actionDate>2017-10-10</actionDate>
        <actionTime>17:28:41</actionTime>
        <committee />
        <type>Floor</type>
        <text>DEBATE - The House proceeded with forty minutes of debate on H.R. 294.</text>
        <actionCode>H8D000</actionCode>
        <sourceSystem>
          <name>House floor actions</name>
          <code>2</code>
        </sourceSystem>
        <links>
          <link>
            <name>H.R. 294</name>
            <url>https://www.congress.gov/bill/115th-congress/house-bill/294</url>
          </link>
        </links>
      </item>
      <item>
        <actionDate>2017-10-10</actionDate>
        <actionTime>17:28:40</actionTime>
        <committee />
        <type>Floor</type>
        <text>Considered under suspension of the rules. (consideration: CR H7899-7900)</text>
        <actionCode>H30000</actionCode>
        <sourceSystem>
          <name>House floor actions</name>
          <code>2</code>
        </sourceSystem>
        <links>
          <link>
            <name>H7899-7900</name>
            <url>https://www.congress.gov/congressional-record/volume-163/house-section/page/H7899-7900</url>
          </link>
        </links>
      </item>
      <item>
        <actionDate>2017-10-10</actionDate>
        <actionTime>17:28:27</actionTime>
        <committee />
        <type>Floor</type>
        <text>Mr. Gianforte moved to suspend the rules and pass the bill.</text>
        <actionCode>H30300</actionCode>
        <sourceSystem>
          <name>House floor actions</name>
          <code>2</code>
        </sourceSystem>
        <links />
      </item>
      <item>
        <actionDate>2017-09-13</actionDate>
        <committee>
          <name>Oversight and Government Reform Committee</name>
          <systemCode>hsgo00</systemCode>
        </committee>
        <links />
        <sourceSystem>
          <name>House committee actions</name>
          <code>1</code>
        </sourceSystem>
        <text>Ordered to be Reported by Unanimous Consent.</text>
        <type>Committee</type>
      </item>
      <item>
        <actionDate>2017-09-13</actionDate>
        <committee>
          <name>Oversight and Government Reform Committee</name>
          <systemCode>hsgo00</systemCode>
        </committee>
        <links />
        <sourceSystem>
          <name>House committee actions</name>
          <code>1</code>
        </sourceSystem>
        <text>Committee Consideration and Mark-up Session Held.</text>
        <type>Committee</type>
      </item>
      <item>
        <actionDate>2017-01-05</actionDate>
        <type>IntroReferral</type>
        <committee>
          <name>Oversight and Government Reform Committee</name>
          <systemCode>hsgo00</systemCode>
        </committee>
        <text>Referred to the House Committee on Oversight and Government Reform.</text>
        <actionCode>H11100</actionCode>
        <sourceSystem>
          <name>House floor actions</name>
          <code>2</code>
        </sourceSystem>
        <links />
      </item>
      <item>
        <actionDate>2017-01-05</actionDate>
        <type>IntroReferral</type>
        <committee />
        <text>Introduced in House</text>
        <actionCode>Intro-H</actionCode>
        <sourceSystem>
          <name>Library of Congress</name>
          <code>9</code>
        </sourceSystem>
        <links />
      </item>
      <item>
        <actionDate>2017-01-05</actionDate>
        <type>IntroReferral</type>
        <committee />
        <text>Introduced in House</text>
        <actionCode>1000</actionCode>
        <sourceSystem>
          <name>Library of Congress</name>
          <code>9</code>
        </sourceSystem>
        <links />
      </item>
    </actions>
    <notes />
    <updateDate>2018-08-16T22:46:03Z</updateDate>
    <laws>
      <item>
        <number>115-133</number>
        <type>Public Law</type>
      </item>
    </laws>
    <billType>HR</billType>
    <sponsors>
      <item>
        <identifiers>
          <lisID>1955</lisID>
          <gpoId>8178</gpoId>
          <bioguideId>O000168</bioguideId>
        </identifiers>
        <district>22</district>
        <party>R</party>
        <fullName>Rep. Olson, Pete [R-TX-22]</fullName>
        <bioguideId>O000168</bioguideId>
        <firstName>Pete</firstName>
        <state>TX</state>
        <byRequestType />
        <lastName>Olson</lastName>
        <middleName />
      </item>
    </sponsors>
    <originChamber>House</originChamber>
    <latestAction>
      <text>Became Public Law No: 115-133.</text>
      <links>
        <link>
          <url>https://www.congress.gov/bill/115th-congress/house-bill/294/text/pl</url>
          <name>Public Law No: 115-133</name>
        </link>
      </links>
      <actionDate>2018-03-16</actionDate>
    </latestAction>
    <constitutionalAuthorityStatementText><![CDATA[<pre>[Congressional Record Volume 163, Number 3 (Thursday, January 5, 2017)]From the Congressional Record Online through the Government Publishing Office [<a href='http://www.gpo.gov'>www.gpo.gov</a>]By Mr. OLSON:H.R. 294.Congress has the power to enact this legislation pursuantto the following:Article 1, Section 8[Page H182]</pre>]]></constitutionalAuthorityStatementText>
  </bill>
  <dublinCore xmlns:dc="http://purl.org/dc/elements/1.1/">
    <dc:format>text/xml</dc:format>
    <dc:language>EN</dc:language>
    <dc:rights>Pursuant to Title 17 Section 105 of the United States Code, this file is not subject to copyright protection and is in the public domain.</dc:rights>
    <dc:contributor>Congressional Research Service, Library of Congress</dc:contributor>
    <dc:description>This file contains bill summaries and statuses for federal legislation. A bill summary describes the most significant provisions of a piece of legislation and details the effects the legislative text may have on current law and federal programs. Bill summaries are authored by the Congressional Research Service (CRS) of the Library of Congress. As stated in Public Law 91-510 (2 USC 166 (d)(6)), one of the duties of CRS is "to prepare summaries and digests of bills and resolutions of a public general nature introduced in the Senate or House of Representatives". For more information, refer to the User Guide that accompanies this file.</dc:description>
  </dublinCore>
</billStatus>

