<?xml version="1.0" encoding="UTF-8"?>
<billStatus>
  <bill>
    <cosponsors>
      <item>
        <identifiers>
          <gpoId>8182</gpoId>
          <bioguideId>B001248</bioguideId>
          <lisID>1751</lisID>
        </identifiers>
        <state>TX</state>
        <sponsorshipDate>2017-01-04</sponsorshipDate>
        <district>26</district>
        <middleName>C.</middleName>
        <party>R</party>
        <sponsorshipWithdrawnDate />
        <bioguideId>B001248</bioguideId>
        <lastName>Burgess</lastName>
        <isOriginalCosponsor>True</isOriginalCosponsor>
        <fullName>Rep. Burgess, Michael C. [R-TX-26]</fullName>
        <firstName>Michael</firstName>
      </item>
      <item>
        <identifiers>
          <lisID>2237</lisID>
          <gpoId />
          <bioguideId>H001071</bioguideId>
        </identifiers>
        <state>GA</state>
        <sponsorshipDate>2017-01-04</sponsorshipDate>
        <district>10</district>
        <middleName>B.</middleName>
        <party>R</party>
        <sponsorshipWithdrawnDate />
        <bioguideId>H001071</bioguideId>
        <lastName>Hice</lastName>
        <isOriginalCosponsor>True</isOriginalCosponsor>
        <fullName>Rep. Hice, Jody B. [R-GA-10]</fullName>
        <firstName>Jody</firstName>
      </item>
      <item>
        <identifiers>
          <lisID>1992</lisID>
          <gpoId>7798</gpoId>
          <bioguideId>G000565</bioguideId>
        </identifiers>
        <state>AZ</state>
        <sponsorshipDate>2017-01-04</sponsorshipDate>
        <district>4</district>
        <middleName>A.</middleName>
        <party>R</party>
        <sponsorshipWithdrawnDate />
        <bioguideId>G000565</bioguideId>
        <lastName>Gosar</lastName>
        <isOriginalCosponsor>True</isOriginalCosponsor>
        <fullName>Rep. Gosar, Paul A. [R-AZ-4]</fullName>
        <firstName>Paul</firstName>
      </item>
      <item>
        <identifiers>
          <bioguideId>W000814</bioguideId>
          <lisID>2161</lisID>
          <gpoId />
        </identifiers>
        <state>TX</state>
        <sponsorshipDate>2017-01-04</sponsorshipDate>
        <district>14</district>
        <middleName>K.</middleName>
        <party>R</party>
        <sponsorshipWithdrawnDate />
        <bioguideId>W000814</bioguideId>
        <lastName>Weber</lastName>
        <isOriginalCosponsor>True</isOriginalCosponsor>
        <fullName>Rep. Weber, Randy K., Sr. [R-TX-14]</fullName>
        <firstName>Randy</firstName>
      </item>
      <item>
        <identifiers>
          <gpoId>7790</gpoId>
          <bioguideId>B001274</bioguideId>
          <lisID>1987</lisID>
        </identifiers>
        <state>AL</state>
        <sponsorshipDate>2017-01-04</sponsorshipDate>
        <district>5</district>
        <middleName />
        <party>R</party>
        <sponsorshipWithdrawnDate />
        <bioguideId>B001274</bioguideId>
        <lastName>Brooks</lastName>
        <isOriginalCosponsor>True</isOriginalCosponsor>
        <fullName>Rep. Brooks, Mo [R-AL-5]</fullName>
        <firstName>Mo</firstName>
      </item>
      <item>
        <identifiers>
          <bioguideId>F000448</bioguideId>
          <gpoId>7799</gpoId>
          <lisID>1707</lisID>
        </identifiers>
        <state>AZ</state>
        <sponsorshipDate>2017-01-04</sponsorshipDate>
        <district>8</district>
        <middleName />
        <party>R</party>
        <sponsorshipWithdrawnDate />
        <bioguideId>F000448</bioguideId>
        <lastName>Franks</lastName>
        <isOriginalCosponsor>True</isOriginalCosponsor>
        <fullName>Rep. Franks, Trent [R-AZ-8]</fullName>
        <firstName>Trent</firstName>
      </item>
      <item>
        <identifiers>
          <lisID>2067</lisID>
          <gpoId>8183</gpoId>
          <bioguideId>F000460</bioguideId>
        </identifiers>
        <state>TX</state>
        <sponsorshipDate>2017-01-04</sponsorshipDate>
        <district>27</district>
        <middleName />
        <party>R</party>
        <sponsorshipWithdrawnDate />
        <bioguideId>F000460</bioguideId>
        <lastName>Farenthold</lastName>
        <isOriginalCosponsor>True</isOriginalCosponsor>
        <fullName>Rep. Farenthold, Blake [R-TX-27]</fullName>
        <firstName>Blake</firstName>
      </item>
      <item>
        <identifiers>
          <bioguideId>B001273</bioguideId>
          <lisID>2063</lisID>
          <gpoId>8153</gpoId>
        </identifiers>
        <state>TN</state>
        <sponsorshipDate>2017-01-04</sponsorshipDate>
        <district>6</district>
        <middleName />
        <party>R</party>
        <sponsorshipWithdrawnDate />
        <bioguideId>B001273</bioguideId>
        <lastName>Black</lastName>
        <isOriginalCosponsor>True</isOriginalCosponsor>
        <fullName>Rep. Black, Diane [R-TN-6]</fullName>
        <firstName>Diane</firstName>
      </item>
      <item>
        <identifiers>
          <gpoId>8026</gpoId>
          <bioguideId>J000255</bioguideId>
          <lisID>612</lisID>
        </identifiers>
        <state>NC</state>
        <sponsorshipDate>2017-01-11</sponsorshipDate>
        <district>3</district>
        <middleName>B.</middleName>
        <party>R</party>
        <sponsorshipWithdrawnDate />
        <bioguideId>J000255</bioguideId>
        <lastName>JONES</lastName>
        <isOriginalCosponsor>False</isOriginalCosponsor>
        <fullName>Rep. Jones, Walter B., Jr. [R-NC-3]</fullName>
        <firstName>WALTER</firstName>
      </item>
      <item>
        <identifiers>
          <gpoId>8766</gpoId>
          <bioguideId>M001158</bioguideId>
          <lisID>1806</lisID>
        </identifiers>
        <state>TX</state>
        <sponsorshipDate>2017-01-12</sponsorshipDate>
        <district>24</district>
        <middleName />
        <party>R</party>
        <sponsorshipWithdrawnDate />
        <bioguideId>M001158</bioguideId>
        <lastName>Marchant</lastName>
        <isOriginalCosponsor>False</isOriginalCosponsor>
        <fullName>Rep. Marchant, Kenny [R-TX-24]</fullName>
        <firstName>Kenny</firstName>
      </item>
      <item>
        <identifiers>
          <bioguideId>G000552</bioguideId>
          <gpoId>8157</gpoId>
          <lisID>1801</lisID>
        </identifiers>
        <state>TX</state>
        <sponsorshipDate>2017-01-12</sponsorshipDate>
        <district>1</district>
        <middleName />
        <party>R</party>
        <sponsorshipWithdrawnDate />
        <bioguideId>G000552</bioguideId>
        <lastName>Gohmert</lastName>
        <isOriginalCosponsor>False</isOriginalCosponsor>
        <fullName>Rep. Gohmert, Louie [R-TX-1]</fullName>
        <firstName>Louie</firstName>
      </item>
      <item>
        <identifiers>
          <lisID>2276</lisID>
          <gpoId />
          <bioguideId>G000576</bioguideId>
        </identifiers>
        <state>WI</state>
        <sponsorshipDate>2017-01-12</sponsorshipDate>
        <district>6</district>
        <middleName />
        <party>R</party>
        <sponsorshipWithdrawnDate />
        <bioguideId>G000576</bioguideId>
        <lastName>Grothman</lastName>
        <isOriginalCosponsor>False</isOriginalCosponsor>
        <fullName>Rep. Grothman, Glenn [R-WI-6]</fullName>
        <firstName>Glenn</firstName>
      </item>
    </cosponsors>
    <laws />
    <congress>115</congress>
    <billNumber>241</billNumber>
    <billType>HR</billType>
    <cboCostEstimates />
    <policyArea />
    <amendments />
    <notes />
    <constitutionalAuthorityStatementText />
    <recordedVotes />
    <summaries>
      <billSummaries />
    </summaries>
    <updateDate>2017-01-13T10:03:31Z</updateDate>
    <originChamber>House</originChamber>
    <actions>
      <item>
        <sourceSystem>
          <code>2</code>
          <name>House floor actions</name>
        </sourceSystem>
        <type>IntroReferral</type>
        <actionDate>2017-01-04</actionDate>
        <committee>
          <systemCode>hsfa00</systemCode>
          <name>Foreign Affairs Committee</name>
        </committee>
        <text>Referred to House Foreign Affairs</text>
        <actionCode>H11100</actionCode>
        <links />
      </item>
      <item>
        <sourceSystem>
          <code>9</code>
          <name>Library of Congress</name>
        </sourceSystem>
        <type>IntroReferral</type>
        <actionDate>2017-01-04</actionDate>
        <committee />
        <text>Referred to the Committee on the Judiciary, and in addition to the Committee on Foreign Affairs, for a period to be subsequently determined by the Speaker, in each case for consideration of such provisions as fall within the jurisdiction of the committee concerned.</text>
        <actionCode>H11100-A</actionCode>
        <links />
      </item>
      <item>
        <sourceSystem>
          <code>2</code>
          <name>House floor actions</name>
        </sourceSystem>
        <type>IntroReferral</type>
        <actionDate>2017-01-04</actionDate>
        <committee>
          <systemCode>hsju00</systemCode>
          <name>Judiciary Committee</name>
        </committee>
        <text>Referred to House Judiciary</text>
        <actionCode>H11100</actionCode>
        <links />
      </item>
      <item>
        <sourceSystem>
          <code>9</code>
          <name>Library of Congress</name>
        </sourceSystem>
        <type>IntroReferral</type>
        <actionDate>2017-01-04</actionDate>
        <committee />
        <text>Introduced in House</text>
        <actionCode>Intro-H</actionCode>
        <links />
      </item>
      <item>
        <sourceSystem>
          <code>9</code>
          <name>Library of Congress</name>
        </sourceSystem>
        <type>IntroReferral</type>
        <actionDate>2017-01-04</actionDate>
        <committee />
        <text>Introduced in House</text>
        <actionCode>1000</actionCode>
        <links />
      </item>
      <actionByCounts>
        <houseOfRepresentatives>5</houseOfRepresentatives>
      </actionByCounts>
      <actionTypeCounts>
        <introducedInTheHouse>1</introducedInTheHouse>
        <billReferrals>2</billReferrals>
        <introducedInHouse>1</introducedInHouse>
        <billReferralsAggregate>1</billReferralsAggregate>
      </actionTypeCounts>
    </actions>
    <committeeReports />
    <subjects>
      <billSubjects>
        <legislativeSubjects />
      </billSubjects>
    </subjects>
    <titles>
      <item>
        <title>Timely Repatriation Act</title>
        <chamberCode />
        <parentTitleType />
        <chamberName />
        <titleType>Short Titles as Introduced</titleType>
      </item>
      <item>
        <title>To provide for sanctions on countries that have refused or unreasonably delayed repatriation of an alien who is a national of that country, or that have an excessive repatriation failure rate, and for other purposes.</title>
        <chamberCode />
        <parentTitleType />
        <chamberName />
        <titleType>Official Title as Introduced</titleType>
      </item>
      <item>
        <title>Timely Repatriation Act</title>
        <chamberCode />
        <parentTitleType />
        <chamberName />
        <titleType>Display Title</titleType>
      </item>
    </titles>
    <relatedBills />
    <calendarNumbers />
    <title>Timely Repatriation Act</title>
    <introducedDate>2017-01-04</introducedDate>
    <latestAction>
      <actionDate>2017-01-04</actionDate>
      <text>Referred to House Foreign Affairs</text>
      <links />
    </latestAction>
    <createDate>2017-01-05T04:47:32Z</createDate>
    <committees>
      <billCommittees>
        <item>
          <chamber>House</chamber>
          <subcommittees />
          <type>Standing</type>
          <name>Foreign Affairs Committee</name>
          <activities>
            <item>
              <name>Referred to</name>
              <date>2017-01-04T15:00:30Z</date>
            </item>
          </activities>
          <systemCode>hsfa00</systemCode>
        </item>
        <item>
          <chamber>House</chamber>
          <subcommittees />
          <type>Standing</type>
          <name>Judiciary Committee</name>
          <activities>
            <item>
              <name>Referred to</name>
              <date>2017-01-04T15:00:25Z</date>
            </item>
          </activities>
          <systemCode>hsju00</systemCode>
        </item>
      </billCommittees>
    </committees>
    <sponsors>
      <item>
        <fullName>Rep. Poe, Ted [R-TX-2]</fullName>
        <firstName>Ted</firstName>
        <bioguideId>P000592</bioguideId>
        <party>R</party>
        <middleName />
        <byRequestType />
        <district>2</district>
        <state>TX</state>
        <lastName>Poe</lastName>
        <identifiers>
          <bioguideId>P000592</bioguideId>
          <gpoId>8158</gpoId>
          <lisID>1802</lisID>
        </identifiers>
      </item>
    </sponsors>
  </bill>
  <dublinCore xmlns:dc="http://purl.org/dc/elements/1.1/">
    <dc:format>text/xml</dc:format>
    <dc:language>EN</dc:language>
    <dc:rights>Pursuant to Title 17 Section 105 of the United States Code, this file is not subject to copyright protection and is in the public domain.</dc:rights>
    <dc:contributor>Congressional Research Service, Library of Congress</dc:contributor>
    <dc:description>This file contains bill summaries and statuses for federal legislation. A bill summary describes the most significant provisions of a piece of legislation and details the effects the legislative text may have on current law and federal programs. Bill summaries are authored by the Congressional Research Service (CRS) of the Library of Congress. As stated in Public Law 91-510 (2 USC 166 (d)(6)), one of the duties of CRS is "to prepare summaries and digests of bills and resolutions of a public general nature introduced in the Senate or House of Representatives". For more information, refer to the User Guide that accompanies this file.</dc:description>
  </dublinCore>
</billStatus>

