<?xml version="1.0" encoding="UTF-8"?>
<billStatus>
  <bill>
    <constitutionalAuthorityStatementText />
    <billType>HR</billType>
    <summaries>
      <billSummaries />
    </summaries>
    <titles>
      <item>
        <chamberCode />
        <titleType>Official Title as Introduced</titleType>
        <parentTitleType />
        <chamberName />
        <title>To amend the Internal Revenue Code of 1986 to provide a tax credit for expenses for household and elder care services necessary for gainful employment.</title>
      </item>
      <item>
        <chamberCode />
        <titleType>Display Title</titleType>
        <parentTitleType />
        <chamberName />
        <title>To amend the Internal Revenue Code of 1986 to provide a tax credit for expenses for household and elder care services necessary for gainful employment.</title>
      </item>
    </titles>
    <relatedBills />
    <calendarNumbers />
    <recordedVotes />
    <cboCostEstimates />
    <actions>
      <actionTypeCounts>
        <introducedInTheHouse>1</introducedInTheHouse>
        <introducedInHouse>1</introducedInHouse>
        <billReferrals>1</billReferrals>
      </actionTypeCounts>
      <actionByCounts>
        <houseOfRepresentatives>3</houseOfRepresentatives>
      </actionByCounts>
      <item>
        <committee>
          <name>Ways and Means Committee</name>
          <systemCode>hswm00</systemCode>
        </committee>
        <links />
        <actionCode>H11100</actionCode>
        <type>IntroReferral</type>
        <sourceSystem>
          <code>2</code>
          <name>House floor actions</name>
        </sourceSystem>
        <actionDate>2017-01-05</actionDate>
        <text>Referred to the House Committee on Ways and Means.</text>
      </item>
      <item>
        <committee />
        <links />
        <actionCode>Intro-H</actionCode>
        <type>IntroReferral</type>
        <sourceSystem>
          <code>9</code>
          <name>Library of Congress</name>
        </sourceSystem>
        <actionDate>2017-01-05</actionDate>
        <text>Introduced in House</text>
      </item>
      <item>
        <committee />
        <links />
        <actionCode>1000</actionCode>
        <type>IntroReferral</type>
        <sourceSystem>
          <code>9</code>
          <name>Library of Congress</name>
        </sourceSystem>
        <actionDate>2017-01-05</actionDate>
        <text>Introduced in House</text>
      </item>
    </actions>
    <originChamber>House</originChamber>
    <updateDate>2017-01-19T13:31:16Z</updateDate>
    <laws />
    <createDate>2017-01-06T04:57:26Z</createDate>
    <notes />
    <committees>
      <billCommittees>
        <item>
          <systemCode>hswm00</systemCode>
          <chamber>House</chamber>
          <activities>
            <item>
              <name>Referred to</name>
              <date>2017-01-05T15:04:35Z</date>
            </item>
          </activities>
          <name>Ways and Means Committee</name>
          <subcommittees />
          <type>Standing</type>
        </item>
      </billCommittees>
    </committees>
    <congress>115</congress>
    <amendments />
    <cosponsors>
      <item>
        <sponsorshipDate>2017-01-09</sponsorshipDate>
        <isOriginalCosponsor>False</isOriginalCosponsor>
        <district>0</district>
        <bioguideId>R000600</bioguideId>
        <identifiers>
          <bioguideId>R000600</bioguideId>
          <gpoId />
          <lisID>2222</lisID>
        </identifiers>
        <firstName>Aumua Amata</firstName>
        <sponsorshipWithdrawnDate />
        <party>R</party>
        <fullName>Rep. Radewagen, Aumua Amata Coleman [R-AS-At Large]</fullName>
        <state>AS</state>
        <middleName>Coleman</middleName>
        <lastName>Radewagen</lastName>
      </item>
      <item>
        <sponsorshipDate>2017-01-09</sponsorshipDate>
        <isOriginalCosponsor>False</isOriginalCosponsor>
        <district>3</district>
        <bioguideId>G000551</bioguideId>
        <identifiers>
          <bioguideId>G000551</bioguideId>
          <lisID>1708</lisID>
          <gpoId>7804</gpoId>
        </identifiers>
        <firstName>Raul</firstName>
        <sponsorshipWithdrawnDate />
        <party>D</party>
        <fullName>Rep. Grijalva, Raul M. [D-AZ-3]</fullName>
        <state>AZ</state>
        <middleName>M.</middleName>
        <lastName>Grijalva</lastName>
      </item>
      <item>
        <sponsorshipDate>2017-01-11</sponsorshipDate>
        <isOriginalCosponsor>False</isOriginalCosponsor>
        <district>0</district>
        <bioguideId>N000147</bioguideId>
        <identifiers>
          <lisID>868</lisID>
          <bioguideId>N000147</bioguideId>
          <gpoId>7871</gpoId>
        </identifiers>
        <firstName>ELEANOR</firstName>
        <sponsorshipWithdrawnDate />
        <party>D</party>
        <fullName>Rep. Norton, Eleanor Holmes [D-DC-At Large]</fullName>
        <state>DC</state>
        <middleName>HOLMES</middleName>
        <lastName>NORTON</lastName>
      </item>
    </cosponsors>
    <billNumber>329</billNumber>
    <sponsors>
      <item>
        <middleName />
        <district>13</district>
        <fullName>Rep. Lee, Barbara [D-CA-13]</fullName>
        <firstName>BARBARA</firstName>
        <bioguideId>L000551</bioguideId>
        <lastName>LEE</lastName>
        <party>D</party>
        <state>CA</state>
        <identifiers>
          <lisID>1501</lisID>
          <bioguideId>L000551</bioguideId>
          <gpoId>7814</gpoId>
        </identifiers>
        <byRequestType />
      </item>
    </sponsors>
    <introducedDate>2017-01-05</introducedDate>
    <committeeReports />
    <policyArea>
      <name>Taxation</name>
    </policyArea>
    <title>To amend the Internal Revenue Code of 1986 to provide a tax credit for expenses for household and elder care services necessary for gainful employment.</title>
    <subjects>
      <billSubjects>
        <policyArea>
          <name>Taxation</name>
        </policyArea>
        <legislativeSubjects>
          <item>
            <name>Adult day care</name>
          </item>
          <item>
            <name>Income tax credits</name>
          </item>
          <item>
            <name>Long-term, rehabilitative, and terminal care</name>
          </item>
          <item>
            <name>Tax treatment of families</name>
          </item>
        </legislativeSubjects>
      </billSubjects>
    </subjects>
    <latestAction>
      <links />
      <text>Referred to the House Committee on Ways and Means.</text>
      <actionDate>2017-01-05</actionDate>
    </latestAction>
  </bill>
  <dublinCore xmlns:dc="http://purl.org/dc/elements/1.1/">
    <dc:format>text/xml</dc:format>
    <dc:language>EN</dc:language>
    <dc:rights>Pursuant to Title 17 Section 105 of the United States Code, this file is not subject to copyright protection and is in the public domain.</dc:rights>
    <dc:contributor>Congressional Research Service, Library of Congress</dc:contributor>
    <dc:description>This file contains bill summaries and statuses for federal legislation. A bill summary describes the most significant provisions of a piece of legislation and details the effects the legislative text may have on current law and federal programs. Bill summaries are authored by the Congressional Research Service (CRS) of the Library of Congress. As stated in Public Law 91-510 (2 USC 166 (d)(6)), one of the duties of CRS is "to prepare summaries and digests of bills and resolutions of a public general nature introduced in the Senate or House of Representatives". For more information, refer to the User Guide that accompanies this file.</dc:description>
  </dublinCore>
</billStatus>

