<?xml version="1.0" encoding="UTF-8"?>
<billStatus>
  <bill>
    <calendarNumbers />
    <amendments />
    <committeeReports />
    <constitutionalAuthorityStatementText><![CDATA[<pre>[Congressional Record Volume 163, Number 13 (Tuesday, January 24, 2017)]From the Congressional Record Online through the Government Publishing Office [<a href='http://www.gpo.gov'>www.gpo.gov</a>]By Mr. HARPER:H.R. 634.Congress has the power to enact this legislation pursuantto the following:Article I, Section 4 of the U.S. Constitution grantingCongress the authority to make laws governing the time,place, and manner of holding federal elections.[Page H687]</pre>]]></constitutionalAuthorityStatementText>
    <laws />
    <summaries>
      <billSummaries>
        <item>
          <lastSummaryUpdateDate>2017-10-04T15:24:55Z</lastSummaryUpdateDate>
          <actionDate>2017-01-24</actionDate>
          <text><![CDATA[<p><b>Election Assistance Commission Termination Act</b></p> <p> This bill amends the Help America Vote Act of 2002 to terminate the Election Assistance Commission (EAC), including the EAC Standards Board and the EAC Board of Advisors. The Office of Management and Budget must perform EAC functions with respect to existing contracts and agreements and must wind up EAC affairs.</p> <p> This bill transfers specified election administration functions of the EAC to the Federal Election Commission.</p> <p> This bill terminates the Technical Guidelines Development Committee.</p>]]></text>
          <updateDate>2017-01-24T05:00:00Z</updateDate>
          <name>Introduced in House</name>
          <versionCode>00</versionCode>
          <actionDesc>Introduced in House</actionDesc>
        </item>
      </billSummaries>
    </summaries>
    <relatedBills>
      <item>
        <type>HR</type>
        <number>4974</number>
        <latestTitle>To amend the Immigration and Nationality Act to render overstaying a visa a criminal offense, and for other purposes.</latestTitle>
        <congress>115</congress>
        <latestAction>
          <actionDate>2018-02-07</actionDate>
          <text>Referred to the House Committee on the Judiciary.</text>
        </latestAction>
        <relationshipDetails>
          <item>
            <type>Related bill</type>
            <identifiedBy>CRS</identifiedBy>
          </item>
        </relationshipDetails>
      </item>
    </relatedBills>
    <createDate>2017-01-25T04:45:55Z</createDate>
    <latestAction>
      <links />
      <actionDate>2017-02-07</actionDate>
      <text>Ordered to be Reported by the Yeas and Nays: 6 - 3.</text>
    </latestAction>
    <sponsors>
      <item>
        <party>R</party>
        <state>MS</state>
        <bioguideId>H001045</bioguideId>
        <middleName />
        <lastName>Harper</lastName>
        <fullName>Rep. Harper, Gregg [R-MS-3]</fullName>
        <firstName>Gregg</firstName>
        <district>3</district>
        <byRequestType />
        <identifiers>
          <bioguideId>H001045</bioguideId>
          <lisID>1933</lisID>
          <gpoId>8021</gpoId>
        </identifiers>
      </item>
    </sponsors>
    <billNumber>634</billNumber>
    <updateDate>2018-08-28T20:00:17Z</updateDate>
    <cboCostEstimates>
      <item>
        <pubDate>2017-03-01T21:36:29Z</pubDate>
        <title>H.R. 634, Election Assistance Commission Termination Act</title>
        <url>https://www.cbo.gov/publication/52467</url>
      </item>
    </cboCostEstimates>
    <notes />
    <titles>
      <item>
        <chamberName />
        <chamberCode />
        <titleType>Short Titles as Introduced</titleType>
        <title>Election Assistance Commission Termination Act</title>
        <parentTitleType />
      </item>
      <item>
        <chamberName />
        <chamberCode />
        <titleType>Official Title as Introduced</titleType>
        <title>To terminate the Election Assistance Commission.</title>
        <parentTitleType />
      </item>
      <item>
        <chamberName />
        <chamberCode />
        <titleType>Display Title</titleType>
        <title>Election Assistance Commission Termination Act</title>
        <parentTitleType />
      </item>
      <item>
        <chamberName />
        <chamberCode />
        <titleType>(Extracted from GPO) Short Titles as Introduced</titleType>
        <title>Election Assistance Commission Termination Act</title>
        <parentTitleType />
      </item>
    </titles>
    <introducedDate>2017-01-24</introducedDate>
    <subjects>
      <billSubjects>
        <policyArea>
          <name>Government Operations and Politics</name>
        </policyArea>
        <legislativeSubjects>
          <item>
            <name>Congressional elections</name>
          </item>
          <item>
            <name>Election Assistance Commission</name>
          </item>
          <item>
            <name>Elections, voting, political campaign regulation</name>
          </item>
          <item>
            <name>Executive agency funding and structure</name>
          </item>
          <item>
            <name>Federal Election Commission (FEC)</name>
          </item>
          <item>
            <name>Office of Management and Budget (OMB)</name>
          </item>
        </legislativeSubjects>
      </billSubjects>
    </subjects>
    <billType>HR</billType>
    <originChamber>House</originChamber>
    <title>Election Assistance Commission Termination Act</title>
    <cosponsors />
    <recordedVotes />
    <policyArea>
      <name>Government Operations and Politics</name>
    </policyArea>
    <committees>
      <billCommittees>
        <item>
          <activities>
            <item>
              <name>Markup by</name>
              <date>2017-02-07T18:57:50Z</date>
            </item>
            <item>
              <name>Referred to</name>
              <date>2017-01-24T15:07:50Z</date>
            </item>
          </activities>
          <name>House Administration Committee</name>
          <type>Standing</type>
          <chamber>House</chamber>
          <subcommittees />
          <systemCode>hsha00</systemCode>
        </item>
      </billCommittees>
    </committees>
    <actions>
      <item>
        <actionDate>2017-02-07</actionDate>
        <committee>
          <systemCode>hsha00</systemCode>
          <name>House Administration Committee</name>
        </committee>
        <links />
        <sourceSystem>
          <code>1</code>
          <name>House committee actions</name>
        </sourceSystem>
        <text>Ordered to be Reported by the Yeas and Nays: 6 - 3.</text>
        <type>Committee</type>
      </item>
      <item>
        <actionDate>2017-02-07</actionDate>
        <committee>
          <systemCode>hsha00</systemCode>
          <name>House Administration Committee</name>
        </committee>
        <links />
        <sourceSystem>
          <code>1</code>
          <name>House committee actions</name>
        </sourceSystem>
        <text>Committee Consideration and Mark-up Session Held.</text>
        <type>Committee</type>
      </item>
      <item>
        <actionDate>2017-01-24</actionDate>
        <actionCode>H11100</actionCode>
        <text>Referred to the House Committee on House Administration.</text>
        <committee>
          <systemCode>hsha00</systemCode>
          <name>House Administration Committee</name>
        </committee>
        <links />
        <type>IntroReferral</type>
        <sourceSystem>
          <code>2</code>
          <name>House floor actions</name>
        </sourceSystem>
      </item>
      <item>
        <actionDate>2017-01-24</actionDate>
        <actionCode>Intro-H</actionCode>
        <text>Introduced in House</text>
        <committee />
        <links />
        <type>IntroReferral</type>
        <sourceSystem>
          <code>9</code>
          <name>Library of Congress</name>
        </sourceSystem>
      </item>
      <item>
        <actionDate>2017-01-24</actionDate>
        <actionCode>1000</actionCode>
        <text>Introduced in House</text>
        <committee />
        <links />
        <type>IntroReferral</type>
        <sourceSystem>
          <code>9</code>
          <name>Library of Congress</name>
        </sourceSystem>
      </item>
      <actionTypeCounts>
        <placeholderTextForH>1</placeholderTextForH>
        <actionStageOverride>1</actionStageOverride>
        <billReferrals>1</billReferrals>
        <introducedInHouse>1</introducedInHouse>
        <introducedInTheHouse>1</introducedInTheHouse>
      </actionTypeCounts>
      <actionByCounts>
        <houseOfRepresentatives>5</houseOfRepresentatives>
      </actionByCounts>
    </actions>
    <version>1.0.0</version>
    <congress>115</congress>
  </bill>
  <dublinCore xmlns:dc="http://purl.org/dc/elements/1.1/">
    <dc:format>text/xml</dc:format>
    <dc:language>EN</dc:language>
    <dc:rights>Pursuant to Title 17 Section 105 of the United States Code, this file is not subject to copyright protection and is in the public domain.</dc:rights>
    <dc:contributor>Congressional Research Service, Library of Congress</dc:contributor>
    <dc:description>This file contains bill summaries and statuses for federal legislation. A bill summary describes the most significant provisions of a piece of legislation and details the effects the legislative text may have on current law and federal programs. Bill summaries are authored by the Congressional Research Service (CRS) of the Library of Congress. As stated in Public Law 91-510 (2 USC 166 (d)(6)), one of the duties of CRS is "to prepare summaries and digests of bills and resolutions of a public general nature introduced in the Senate or House of Representatives". For more information, refer to the User Guide that accompanies this file.</dc:description>
  </dublinCore>
</billStatus>

