<?xml version="1.0" encoding="UTF-8"?>
<billStatus>
  <bill>
    <committees>
      <billCommittees>
        <item>
          <systemCode>hsed00</systemCode>
          <chamber>House</chamber>
          <type>Standing</type>
          <subcommittees />
          <name>Education and the Workforce Committee</name>
          <activities>
            <item>
              <date>2017-01-24T15:10:20Z</date>
              <name>Referred to</name>
            </item>
          </activities>
        </item>
      </billCommittees>
    </committees>
    <recordedVotes />
    <laws />
    <summaries>
      <billSummaries>
        <item>
          <actionDesc>Introduced in House</actionDesc>
          <name>Introduced in House</name>
          <text><![CDATA[<p><b>Unpaid Intern Protection Act of</b> <b>2017</b></p> <p>This bill prohibits employers from discriminating against unpaid interns on the basis of: (1) race, color, religion, sex, national origin, or age; or (2) disability if such intern can perform the essential functions of the position with or without reasonable accommodation.</p> <p> The bill applies procedures from the Civil Rights Act of 1964, the Age Discrimination in Employment Act of 1967, and the Americans with Disabilities Act of 1990 to claims for a violation of this bill. </p> <p>Federal courts may grant legal and equitable relief.</p> <p>The bill prohibits states from being immune under the Eleventh Amendment to the Constitution from an action in a federal court for a violation of this bill.</p>]]></text>
          <versionCode>00</versionCode>
          <lastSummaryUpdateDate>2017-02-15T22:46:35Z</lastSummaryUpdateDate>
          <updateDate>2017-01-24T05:00:00Z</updateDate>
          <actionDate>2017-01-24</actionDate>
        </item>
      </billSummaries>
    </summaries>
    <calendarNumbers />
    <titles>
      <item>
        <title>Unpaid Intern Protection Act of 2017</title>
        <chamberCode />
        <titleType>Short Titles as Introduced</titleType>
        <parentTitleType />
        <chamberName />
      </item>
      <item>
        <title>To protect unpaid interns from workplace harassment and discrimination.</title>
        <chamberCode />
        <titleType>Official Title as Introduced</titleType>
        <parentTitleType />
        <chamberName />
      </item>
      <item>
        <title>Unpaid Intern Protection Act of 2017</title>
        <chamberCode />
        <titleType>Display Title</titleType>
        <parentTitleType />
        <chamberName />
      </item>
      <item>
        <title>Unpaid Intern Protection Act of 2017</title>
        <chamberCode />
        <titleType>(Extracted from GPO) Short Titles as Introduced</titleType>
        <parentTitleType />
        <chamberName />
      </item>
    </titles>
    <cosponsors>
      <item>
        <firstName>Grace</firstName>
        <lastName>Meng</lastName>
        <sponsorshipWithdrawnDate />
        <sponsorshipDate>2017-01-24</sponsorshipDate>
        <bioguideId>M001188</bioguideId>
        <district>6</district>
        <middleName />
        <isOriginalCosponsor>True</isOriginalCosponsor>
        <fullName>Rep. Meng, Grace [D-NY-6]</fullName>
        <state>NY</state>
        <party>D</party>
        <identifiers>
          <bioguideId>M001188</bioguideId>
          <gpoId />
          <lisID>2148</lisID>
        </identifiers>
      </item>
      <item>
        <firstName>Robert</firstName>
        <lastName>Scott</lastName>
        <sponsorshipWithdrawnDate />
        <sponsorshipDate>2017-01-24</sponsorshipDate>
        <bioguideId>S000185</bioguideId>
        <district>3</district>
        <middleName>C. "Bobby"</middleName>
        <isOriginalCosponsor>True</isOriginalCosponsor>
        <fullName>Rep. Scott, Robert C. "Bobby" [D-VA-3]</fullName>
        <state>VA</state>
        <party>D</party>
        <identifiers>
          <gpoId>8194</gpoId>
          <lisID>1037</lisID>
          <bioguideId>S000185</bioguideId>
        </identifiers>
      </item>
      <item>
        <firstName>ELEANOR</firstName>
        <lastName>NORTON</lastName>
        <sponsorshipWithdrawnDate />
        <sponsorshipDate>2017-01-24</sponsorshipDate>
        <bioguideId>N000147</bioguideId>
        <district>0</district>
        <middleName>HOLMES</middleName>
        <isOriginalCosponsor>True</isOriginalCosponsor>
        <fullName>Rep. Norton, Eleanor Holmes [D-DC-At Large]</fullName>
        <state>DC</state>
        <party>D</party>
        <identifiers>
          <lisID>868</lisID>
          <gpoId>7871</gpoId>
          <bioguideId>N000147</bioguideId>
        </identifiers>
      </item>
    </cosponsors>
    <cboCostEstimates />
    <latestAction>
      <text>Referred to the House Committee on Education and the Workforce.</text>
      <links />
      <actionDate>2017-01-24</actionDate>
    </latestAction>
    <updateDate>2018-08-28T20:00:21Z</updateDate>
    <version>1.0.0</version>
    <constitutionalAuthorityStatementText><![CDATA[<pre>[Congressional Record Volume 163, Number 13 (Tuesday, January 24, 2017)]From the Congressional Record Online through the Government Publishing Office [<a href='http://www.gpo.gov'>www.gpo.gov</a>]By Mr. CUMMINGS:H.R. 651.Congress has the power to enact this legislation pursuantto the following:Article 1, Section 8, Clause 18 [Page H5590][Page H688]</pre>]]></constitutionalAuthorityStatementText>
    <policyArea>
      <name>Civil Rights and Liberties, Minority Issues</name>
    </policyArea>
    <billType>HR</billType>
    <billNumber>651</billNumber>
    <originChamber>House</originChamber>
    <relatedBills />
    <title>Unpaid Intern Protection Act of 2017</title>
    <congress>115</congress>
    <actions>
      <item>
        <text>Referred to the House Committee on Education and the Workforce.</text>
        <links />
        <type>IntroReferral</type>
        <sourceSystem>
          <code>2</code>
          <name>House floor actions</name>
        </sourceSystem>
        <committee>
          <systemCode>hsed00</systemCode>
          <name>Education and the Workforce Committee</name>
        </committee>
        <actionDate>2017-01-24</actionDate>
        <actionCode>H11100</actionCode>
      </item>
      <item>
        <text>Introduced in House</text>
        <links />
        <type>IntroReferral</type>
        <sourceSystem>
          <code>9</code>
          <name>Library of Congress</name>
        </sourceSystem>
        <committee />
        <actionDate>2017-01-24</actionDate>
        <actionCode>Intro-H</actionCode>
      </item>
      <item>
        <text>Introduced in House</text>
        <links />
        <type>IntroReferral</type>
        <sourceSystem>
          <code>9</code>
          <name>Library of Congress</name>
        </sourceSystem>
        <committee />
        <actionDate>2017-01-24</actionDate>
        <actionCode>1000</actionCode>
      </item>
      <actionTypeCounts>
        <introducedInTheHouse>1</introducedInTheHouse>
        <billReferrals>1</billReferrals>
        <introducedInHouse>1</introducedInHouse>
      </actionTypeCounts>
      <actionByCounts>
        <houseOfRepresentatives>3</houseOfRepresentatives>
      </actionByCounts>
    </actions>
    <subjects>
      <billSubjects>
        <legislativeSubjects>
          <item>
            <name>Age discrimination</name>
          </item>
          <item>
            <name>Civil actions and liability</name>
          </item>
          <item>
            <name>Disability and health-based discrimination</name>
          </item>
          <item>
            <name>Employment discrimination and employee rights</name>
          </item>
          <item>
            <name>Government liability</name>
          </item>
          <item>
            <name>Racial and ethnic relations</name>
          </item>
          <item>
            <name>Religion</name>
          </item>
          <item>
            <name>Social work, volunteer service, charitable organizations</name>
          </item>
          <item>
            <name>State and local government operations</name>
          </item>
          <item>
            <name>Temporary and part-time employment</name>
          </item>
        </legislativeSubjects>
        <policyArea>
          <name>Civil Rights and Liberties, Minority Issues</name>
        </policyArea>
      </billSubjects>
    </subjects>
    <committeeReports />
    <introducedDate>2017-01-24</introducedDate>
    <sponsors>
      <item>
        <bioguideId>C000984</bioguideId>
        <middleName>E.</middleName>
        <byRequestType />
        <fullName>Rep. Cummings, Elijah E. [D-MD-7]</fullName>
        <lastName>CUMMINGS</lastName>
        <state>MD</state>
        <district>7</district>
        <party>D</party>
        <identifiers>
          <lisID>256</lisID>
          <bioguideId>C000984</bioguideId>
          <gpoId>7982</gpoId>
        </identifiers>
        <firstName>ELIJAH</firstName>
      </item>
    </sponsors>
    <notes />
    <createDate>2017-01-25T04:45:55Z</createDate>
    <amendments />
  </bill>
  <dublinCore xmlns:dc="http://purl.org/dc/elements/1.1/">
    <dc:format>text/xml</dc:format>
    <dc:language>EN</dc:language>
    <dc:rights>Pursuant to Title 17 Section 105 of the United States Code, this file is not subject to copyright protection and is in the public domain.</dc:rights>
    <dc:contributor>Congressional Research Service, Library of Congress</dc:contributor>
    <dc:description>This file contains bill summaries and statuses for federal legislation. A bill summary describes the most significant provisions of a piece of legislation and details the effects the legislative text may have on current law and federal programs. Bill summaries are authored by the Congressional Research Service (CRS) of the Library of Congress. As stated in Public Law 91-510 (2 USC 166 (d)(6)), one of the duties of CRS is "to prepare summaries and digests of bills and resolutions of a public general nature introduced in the Senate or House of Representatives". For more information, refer to the User Guide that accompanies this file.</dc:description>
  </dublinCore>
</billStatus>

