<?xml version="1.0" encoding="UTF-8"?>
<billStatus>
  <bill>
    <introducedDate>2017-01-03</introducedDate>
    <committeeReports />
    <laws />
    <createDate>2017-01-04T07:01:13Z</createDate>
    <actions>
      <item>
        <sourceSystem>
          <code>2</code>
          <name>House floor actions</name>
        </sourceSystem>
        <type>IntroReferral</type>
        <actionDate>2017-01-03</actionDate>
        <committee>
          <systemCode>hsii00</systemCode>
          <name>Natural Resources Committee</name>
        </committee>
        <text>Referred to the House Committee on Natural Resources.</text>
        <actionCode>H11100</actionCode>
        <links />
      </item>
      <item>
        <sourceSystem>
          <code>9</code>
          <name>Library of Congress</name>
        </sourceSystem>
        <type>IntroReferral</type>
        <actionDate>2017-01-03</actionDate>
        <committee />
        <text>Introduced in House</text>
        <actionCode>Intro-H</actionCode>
        <links />
      </item>
      <item>
        <sourceSystem>
          <code>9</code>
          <name>Library of Congress</name>
        </sourceSystem>
        <type>IntroReferral</type>
        <actionDate>2017-01-03</actionDate>
        <committee />
        <text>Introduced in House</text>
        <actionCode>1000</actionCode>
        <links />
      </item>
      <actionByCounts>
        <houseOfRepresentatives>3</houseOfRepresentatives>
      </actionByCounts>
      <actionTypeCounts>
        <introducedInTheHouse>1</introducedInTheHouse>
        <introducedInHouse>1</introducedInHouse>
        <billReferrals>1</billReferrals>
      </actionTypeCounts>
    </actions>
    <recordedVotes />
    <relatedBills />
    <cosponsors />
    <billNumber>225</billNumber>
    <amendments />
    <subjects>
      <billSubjects>
        <legislativeSubjects>
          <item>
            <name>Animal protection and human-animal relationships</name>
          </item>
          <item>
            <name>Canada</name>
          </item>
          <item>
            <name>Endangered and threatened species</name>
          </item>
          <item>
            <name>Hunting and fishing</name>
          </item>
          <item>
            <name>Mammals</name>
          </item>
          <item>
            <name>Outdoor recreation</name>
          </item>
          <item>
            <name>Trade restrictions</name>
          </item>
        </legislativeSubjects>
        <policyArea>
          <name>Animals</name>
        </policyArea>
      </billSubjects>
    </subjects>
    <sponsors>
      <item>
        <party>R</party>
        <state>AK</state>
        <middleName>E.</middleName>
        <bioguideId>Y000033</bioguideId>
        <lastName>YOUNG</lastName>
        <firstName>DON</firstName>
        <identifiers>
          <gpoId>7785</gpoId>
          <bioguideId>Y000033</bioguideId>
          <lisID>1256</lisID>
        </identifiers>
        <fullName>Rep. Young, Don [R-AK-At Large]</fullName>
        <district>0</district>
        <byRequestType />
      </item>
    </sponsors>
    <summaries>
      <billSummaries />
    </summaries>
    <constitutionalAuthorityStatementText />
    <billType>HR</billType>
    <title>Restoration of the U.S.-Russia Polar Bear Conservation Fund Act</title>
    <policyArea>
      <name>Animals</name>
    </policyArea>
    <congress>115</congress>
    <latestAction>
      <text>Referred to the House Committee on Natural Resources.</text>
      <actionDate>2017-01-03</actionDate>
      <links />
    </latestAction>
    <cboCostEstimates />
    <originChamber>House</originChamber>
    <notes />
    <committees>
      <billCommittees>
        <item>
          <chamber>House</chamber>
          <type>Standing</type>
          <name>Natural Resources Committee</name>
          <activities>
            <item>
              <name>Referred to</name>
              <date>2017-01-03T17:26:50Z</date>
            </item>
          </activities>
          <subcommittees />
          <systemCode>hsii00</systemCode>
        </item>
      </billCommittees>
    </committees>
    <calendarNumbers />
    <updateDate>2017-01-11T17:01:17Z</updateDate>
    <titles>
      <item>
        <title>Restoration of the U.S.-Russia Polar Bear Conservation Fund Act</title>
        <parentTitleType />
        <chamberName />
        <titleType>Short Titles as Introduced</titleType>
        <chamberCode />
      </item>
      <item>
        <title>To amend the Marine Mammal Protection Act of 1972 to allow the importation of polar bear trophies taken in sport hunts in Canada.</title>
        <parentTitleType />
        <chamberName />
        <titleType>Official Title as Introduced</titleType>
        <chamberCode />
      </item>
      <item>
        <title>Restoration of the U.S.-Russia Polar Bear Conservation Fund Act</title>
        <parentTitleType />
        <chamberName />
        <titleType>Display Title</titleType>
        <chamberCode />
      </item>
    </titles>
  </bill>
  <dublinCore xmlns:dc="http://purl.org/dc/elements/1.1/">
    <dc:format>text/xml</dc:format>
    <dc:language>EN</dc:language>
    <dc:rights>Pursuant to Title 17 Section 105 of the United States Code, this file is not subject to copyright protection and is in the public domain.</dc:rights>
    <dc:contributor>Congressional Research Service, Library of Congress</dc:contributor>
    <dc:description>This file contains bill summaries and statuses for federal legislation. A bill summary describes the most significant provisions of a piece of legislation and details the effects the legislative text may have on current law and federal programs. Bill summaries are authored by the Congressional Research Service (CRS) of the Library of Congress. As stated in Public Law 91-510 (2 USC 166 (d)(6)), one of the duties of CRS is "to prepare summaries and digests of bills and resolutions of a public general nature introduced in the Senate or House of Representatives". For more information, refer to the User Guide that accompanies this file.</dc:description>
  </dublinCore>
</billStatus>

