<?xml version="1.0" encoding="UTF-8"?>
<billStatus>
  <bill>
    <committeeReports />
    <sponsors>
      <item>
        <middleName />
        <party>R</party>
        <fullName>Rep. King, Steve [R-IA-4]</fullName>
        <state>IA</state>
        <byRequestType />
        <lastName>King</lastName>
        <district>4</district>
        <identifiers>
          <gpoId>7918</gpoId>
          <bioguideId>K000362</bioguideId>
          <lisID>1724</lisID>
        </identifiers>
        <firstName>Steve</firstName>
        <bioguideId>K000362</bioguideId>
      </item>
    </sponsors>
    <recordedVotes />
    <updateDate>2017-01-21T09:59:45Z</updateDate>
    <actions>
      <item>
        <actionCode>H11100</actionCode>
        <actionDate>2017-01-03</actionDate>
        <text>Referred to the House Committee on the Judiciary.</text>
        <sourceSystem>
          <code>2</code>
          <name>House floor actions</name>
        </sourceSystem>
        <committee>
          <systemCode>hsju00</systemCode>
          <name>Judiciary Committee</name>
        </committee>
        <links />
        <type>IntroReferral</type>
      </item>
      <item>
        <actionCode>Intro-H</actionCode>
        <actionDate>2017-01-03</actionDate>
        <text>Introduced in House</text>
        <sourceSystem>
          <code>9</code>
          <name>Library of Congress</name>
        </sourceSystem>
        <committee />
        <links />
        <type>IntroReferral</type>
      </item>
      <item>
        <actionCode>1000</actionCode>
        <actionDate>2017-01-03</actionDate>
        <text>Introduced in House</text>
        <sourceSystem>
          <code>9</code>
          <name>Library of Congress</name>
        </sourceSystem>
        <committee />
        <links />
        <type>IntroReferral</type>
      </item>
      <actionTypeCounts>
        <introducedInTheHouse>1</introducedInTheHouse>
        <billReferrals>1</billReferrals>
        <introducedInHouse>1</introducedInHouse>
      </actionTypeCounts>
      <actionByCounts>
        <houseOfRepresentatives>3</houseOfRepresentatives>
      </actionByCounts>
    </actions>
    <createDate>2017-01-04T07:01:11Z</createDate>
    <introducedDate>2017-01-03</introducedDate>
    <constitutionalAuthorityStatementText />
    <title>Birthright Citizenship Act of 2017</title>
    <latestAction>
      <actionDate>2017-01-03</actionDate>
      <links />
      <text>Referred to the House Committee on the Judiciary.</text>
    </latestAction>
    <cosponsors>
      <item>
        <firstName>Jeff</firstName>
        <district>3</district>
        <middleName />
        <state>SC</state>
        <bioguideId>D000615</bioguideId>
        <identifiers>
          <lisID>2057</lisID>
          <bioguideId>D000615</bioguideId>
          <gpoId>8143</gpoId>
        </identifiers>
        <lastName>Duncan</lastName>
        <party>R</party>
        <fullName>Rep. Duncan, Jeff [R-SC-3]</fullName>
        <isOriginalCosponsor>True</isOriginalCosponsor>
        <sponsorshipDate>2017-01-03</sponsorshipDate>
        <sponsorshipWithdrawnDate />
      </item>
      <item>
        <firstName>Paul</firstName>
        <district>4</district>
        <middleName>A.</middleName>
        <state>AZ</state>
        <bioguideId>G000565</bioguideId>
        <identifiers>
          <lisID>1992</lisID>
          <bioguideId>G000565</bioguideId>
          <gpoId>7798</gpoId>
        </identifiers>
        <lastName>Gosar</lastName>
        <party>R</party>
        <fullName>Rep. Gosar, Paul A. [R-AZ-4]</fullName>
        <isOriginalCosponsor>True</isOriginalCosponsor>
        <sponsorshipDate>2017-01-03</sponsorshipDate>
        <sponsorshipWithdrawnDate />
      </item>
      <item>
        <firstName>Louie</firstName>
        <district>1</district>
        <middleName />
        <state>TX</state>
        <bioguideId>G000552</bioguideId>
        <identifiers>
          <lisID>1801</lisID>
          <bioguideId>G000552</bioguideId>
          <gpoId>8157</gpoId>
        </identifiers>
        <lastName>Gohmert</lastName>
        <party>R</party>
        <fullName>Rep. Gohmert, Louie [R-TX-1]</fullName>
        <isOriginalCosponsor>True</isOriginalCosponsor>
        <sponsorshipDate>2017-01-03</sponsorshipDate>
        <sponsorshipWithdrawnDate />
      </item>
      <item>
        <firstName>WALTER</firstName>
        <district>3</district>
        <middleName>B.</middleName>
        <state>NC</state>
        <bioguideId>J000255</bioguideId>
        <identifiers>
          <bioguideId>J000255</bioguideId>
          <lisID>612</lisID>
          <gpoId>8026</gpoId>
        </identifiers>
        <lastName>JONES</lastName>
        <party>R</party>
        <fullName>Rep. Jones, Walter B., Jr. [R-NC-3]</fullName>
        <isOriginalCosponsor>True</isOriginalCosponsor>
        <sponsorshipDate>2017-01-03</sponsorshipDate>
        <sponsorshipWithdrawnDate />
      </item>
      <item>
        <firstName>LAMAR</firstName>
        <district>21</district>
        <middleName />
        <state>TX</state>
        <bioguideId>S000583</bioguideId>
        <identifiers>
          <gpoId>8177</gpoId>
          <lisID>1075</lisID>
          <bioguideId>S000583</bioguideId>
        </identifiers>
        <lastName>SMITH</lastName>
        <party>R</party>
        <fullName>Rep. Smith, Lamar [R-TX-21]</fullName>
        <isOriginalCosponsor>True</isOriginalCosponsor>
        <sponsorshipDate>2017-01-03</sponsorshipDate>
        <sponsorshipWithdrawnDate />
      </item>
      <item>
        <firstName>Mo</firstName>
        <district>5</district>
        <middleName />
        <state>AL</state>
        <bioguideId>B001274</bioguideId>
        <identifiers>
          <lisID>1987</lisID>
          <bioguideId>B001274</bioguideId>
          <gpoId>7790</gpoId>
        </identifiers>
        <lastName>Brooks</lastName>
        <party>R</party>
        <fullName>Rep. Brooks, Mo [R-AL-5]</fullName>
        <isOriginalCosponsor>True</isOriginalCosponsor>
        <sponsorshipDate>2017-01-03</sponsorshipDate>
        <sponsorshipWithdrawnDate />
      </item>
      <item>
        <firstName>Brian</firstName>
        <district>36</district>
        <middleName />
        <state>TX</state>
        <bioguideId>B001291</bioguideId>
        <identifiers>
          <bioguideId>B001291</bioguideId>
          <lisID>2270</lisID>
          <gpoId />
        </identifiers>
        <lastName>Babin</lastName>
        <party>R</party>
        <fullName>Rep. Babin, Brian [R-TX-36]</fullName>
        <isOriginalCosponsor>True</isOriginalCosponsor>
        <sponsorshipDate>2017-01-03</sponsorshipDate>
        <sponsorshipWithdrawnDate />
      </item>
      <item>
        <firstName>Blake</firstName>
        <district>27</district>
        <middleName />
        <state>TX</state>
        <bioguideId>F000460</bioguideId>
        <identifiers>
          <gpoId>8183</gpoId>
          <lisID>2067</lisID>
          <bioguideId>F000460</bioguideId>
        </identifiers>
        <lastName>Farenthold</lastName>
        <party>R</party>
        <fullName>Rep. Farenthold, Blake [R-TX-27]</fullName>
        <isOriginalCosponsor>True</isOriginalCosponsor>
        <sponsorshipDate>2017-01-03</sponsorshipDate>
        <sponsorshipWithdrawnDate />
      </item>
      <item>
        <firstName>Lou</firstName>
        <district>11</district>
        <middleName />
        <state>PA</state>
        <bioguideId>B001269</bioguideId>
        <identifiers>
          <bioguideId>B001269</bioguideId>
          <gpoId>8129</gpoId>
          <lisID>2054</lisID>
        </identifiers>
        <lastName>Barletta</lastName>
        <party>R</party>
        <fullName>Rep. Barletta, Lou [R-PA-11]</fullName>
        <isOriginalCosponsor>True</isOriginalCosponsor>
        <sponsorshipDate>2017-01-03</sponsorshipDate>
        <sponsorshipWithdrawnDate />
      </item>
      <item>
        <firstName>DANA</firstName>
        <district>48</district>
        <middleName />
        <state>CA</state>
        <bioguideId>R000409</bioguideId>
        <identifiers>
          <lisID>979</lisID>
          <bioguideId>R000409</bioguideId>
          <gpoId>7851</gpoId>
        </identifiers>
        <lastName>ROHRABACHER</lastName>
        <party>R</party>
        <fullName>Rep. Rohrabacher, Dana [R-CA-48]</fullName>
        <isOriginalCosponsor>True</isOriginalCosponsor>
        <sponsorshipDate>2017-01-03</sponsorshipDate>
        <sponsorshipWithdrawnDate />
      </item>
      <item>
        <firstName>Rob</firstName>
        <district>7</district>
        <middleName />
        <state>GA</state>
        <bioguideId>W000810</bioguideId>
        <identifiers>
          <bioguideId>W000810</bioguideId>
          <lisID>2008</lisID>
          <gpoId>7904</gpoId>
        </identifiers>
        <lastName>Woodall</lastName>
        <party>R</party>
        <fullName>Rep. Woodall, Rob [R-GA-7]</fullName>
        <isOriginalCosponsor>True</isOriginalCosponsor>
        <sponsorshipDate>2017-01-03</sponsorshipDate>
        <sponsorshipWithdrawnDate />
      </item>
      <item>
        <firstName>Trent</firstName>
        <district>8</district>
        <middleName />
        <state>AZ</state>
        <bioguideId>F000448</bioguideId>
        <identifiers>
          <gpoId>7799</gpoId>
          <lisID>1707</lisID>
          <bioguideId>F000448</bioguideId>
        </identifiers>
        <lastName>Franks</lastName>
        <party>R</party>
        <fullName>Rep. Franks, Trent [R-AZ-8]</fullName>
        <isOriginalCosponsor>False</isOriginalCosponsor>
        <sponsorshipDate>2017-01-04</sponsorshipDate>
        <sponsorshipWithdrawnDate />
      </item>
      <item>
        <firstName>JOHN</firstName>
        <district>2</district>
        <middleName>J.</middleName>
        <state>TN</state>
        <bioguideId>D000533</bioguideId>
        <identifiers>
          <gpoId>8149</gpoId>
          <bioguideId>D000533</bioguideId>
          <lisID>322</lisID>
        </identifiers>
        <lastName>DUNCAN</lastName>
        <party>R</party>
        <fullName>Rep. Duncan, John J., Jr. [R-TN-2]</fullName>
        <isOriginalCosponsor>False</isOriginalCosponsor>
        <sponsorshipDate>2017-01-06</sponsorshipDate>
        <sponsorshipWithdrawnDate />
      </item>
      <item>
        <firstName>Warren</firstName>
        <district>8</district>
        <middleName />
        <state>OH</state>
        <bioguideId>D000626</bioguideId>
        <identifiers>
          <lisID>2296</lisID>
          <bioguideId>D000626</bioguideId>
          <gpoId />
        </identifiers>
        <lastName>Davidson</lastName>
        <party>R</party>
        <fullName>Rep. Davidson, Warren [R-OH-8]</fullName>
        <isOriginalCosponsor>False</isOriginalCosponsor>
        <sponsorshipDate>2017-01-06</sponsorshipDate>
        <sponsorshipWithdrawnDate />
      </item>
      <item>
        <firstName>Steven</firstName>
        <district>4</district>
        <middleName>M.</middleName>
        <state>MS</state>
        <bioguideId>P000601</bioguideId>
        <identifiers>
          <bioguideId>P000601</bioguideId>
          <gpoId>8022</gpoId>
          <lisID>2035</lisID>
        </identifiers>
        <lastName>Palazzo</lastName>
        <party>R</party>
        <fullName>Rep. Palazzo, Steven M. [R-MS-4]</fullName>
        <isOriginalCosponsor>False</isOriginalCosponsor>
        <sponsorshipDate>2017-01-09</sponsorshipDate>
        <sponsorshipWithdrawnDate />
      </item>
      <item>
        <firstName>David</firstName>
        <district>1</district>
        <middleName>P.</middleName>
        <state>TN</state>
        <bioguideId>R000582</bioguideId>
        <identifiers>
          <gpoId>8148</gpoId>
          <lisID>1954</lisID>
          <bioguideId>R000582</bioguideId>
        </identifiers>
        <lastName>Roe</lastName>
        <party>R</party>
        <fullName>Rep. Roe, David P. [R-TN-1]</fullName>
        <isOriginalCosponsor>False</isOriginalCosponsor>
        <sponsorshipDate>2017-01-20</sponsorshipDate>
        <sponsorshipWithdrawnDate />
      </item>
      <item>
        <firstName>ROBERT</firstName>
        <district>6</district>
        <middleName>W.</middleName>
        <state>VA</state>
        <bioguideId>G000289</bioguideId>
        <identifiers>
          <gpoId>8197</gpoId>
          <bioguideId>G000289</bioguideId>
          <lisID>446</lisID>
        </identifiers>
        <lastName>GOODLATTE</lastName>
        <party>R</party>
        <fullName>Rep. Goodlatte, Bob [R-VA-6]</fullName>
        <isOriginalCosponsor>False</isOriginalCosponsor>
        <sponsorshipDate>2017-01-20</sponsorshipDate>
        <sponsorshipWithdrawnDate />
      </item>
    </cosponsors>
    <originChamber>House</originChamber>
    <subjects>
      <billSubjects>
        <policyArea>
          <name>Immigration</name>
        </policyArea>
        <legislativeSubjects>
          <item>
            <name>Citizenship and naturalization</name>
          </item>
          <item>
            <name>Military personnel and dependents</name>
          </item>
        </legislativeSubjects>
      </billSubjects>
    </subjects>
    <billType>HR</billType>
    <policyArea>
      <name>Immigration</name>
    </policyArea>
    <laws />
    <cboCostEstimates />
    <calendarNumbers />
    <amendments />
    <summaries>
      <billSummaries>
        <item>
          <updateDate>2017-01-03T05:00:00Z</updateDate>
          <text><![CDATA[<p><strong>Birthright Citizenship Act of 2017</strong></p> <p> This bill amends the Immigration and Nationality Act to consider a person born in the United States &quot;subject to the jurisdiction&quot; of the United States for citizenship at birth purposes if the person is born in the United States of parents, one of whom is: (1) a U.S. citizen or national, (2) a lawful permanent resident alien whose residence is in the United States, or (3) an alien performing active service in the U.S. Armed Forces.</p> <p> This Act shall not be construed to affect the citizenship or nationality status of any person born before the date of its enactment. </p>]]></text>
          <actionDate>2017-01-03</actionDate>
          <actionDesc>Introduced in House</actionDesc>
          <lastSummaryUpdateDate>2017-01-12T23:20:35Z</lastSummaryUpdateDate>
          <name>Introduced in House</name>
          <versionCode>00</versionCode>
        </item>
      </billSummaries>
    </summaries>
    <titles>
      <item>
        <parentTitleType />
        <chamberName />
        <titleType>Short Titles as Introduced</titleType>
        <title>Birthright Citizenship Act of 2017</title>
        <chamberCode />
      </item>
      <item>
        <parentTitleType />
        <chamberName />
        <titleType>Official Title as Introduced</titleType>
        <title>To amend section 301 of the Immigration and Nationality Act to clarify those classes of individuals born in the United States who are nationals and citizens of the United States at birth.</title>
        <chamberCode />
      </item>
      <item>
        <parentTitleType />
        <chamberName />
        <titleType>Display Title</titleType>
        <title>Birthright Citizenship Act of 2017</title>
        <chamberCode />
      </item>
    </titles>
    <committees>
      <billCommittees>
        <item>
          <systemCode>hsju00</systemCode>
          <chamber>House</chamber>
          <activities>
            <item>
              <name>Referred to</name>
              <date>2017-01-03T17:08:45Z</date>
            </item>
          </activities>
          <name>Judiciary Committee</name>
          <subcommittees />
          <type>Standing</type>
        </item>
      </billCommittees>
    </committees>
    <billNumber>140</billNumber>
    <relatedBills />
    <notes />
    <congress>115</congress>
  </bill>
  <dublinCore xmlns:dc="http://purl.org/dc/elements/1.1/">
    <dc:format>text/xml</dc:format>
    <dc:language>EN</dc:language>
    <dc:rights>Pursuant to Title 17 Section 105 of the United States Code, this file is not subject to copyright protection and is in the public domain.</dc:rights>
    <dc:contributor>Congressional Research Service, Library of Congress</dc:contributor>
    <dc:description>This file contains bill summaries and statuses for federal legislation. A bill summary describes the most significant provisions of a piece of legislation and details the effects the legislative text may have on current law and federal programs. Bill summaries are authored by the Congressional Research Service (CRS) of the Library of Congress. As stated in Public Law 91-510 (2 USC 166 (d)(6)), one of the duties of CRS is "to prepare summaries and digests of bills and resolutions of a public general nature introduced in the Senate or House of Representatives". For more information, refer to the User Guide that accompanies this file.</dc:description>
  </dublinCore>
</billStatus>

