<?xml version="1.0" encoding="UTF-8"?>
<billStatus>
  <bill>
    <constitutionalAuthorityStatementText><![CDATA[<pre>From the Congressional Record Online through the Government Publishing Office [<a href='http://www.gpo.gov'>www.gpo.gov</a>]By Mr. LANCE:H.R. 265.Congress has the power to enact this legislation pursuantto the following:Article 1 Section 8 Clause 1: Congress shall have power tolay and collect taxes, duties, imposts and excises, to paythe debts and provide for the common defence and generalwelfare of the United States; but all duties, imposts andexcises shall be uniform throughout the United States.[Page H97]</pre>]]></constitutionalAuthorityStatementText>
    <sponsors>
      <item>
        <middleName />
        <party>R</party>
        <bioguideId>L000567</bioguideId>
        <lastName>Lance</lastName>
        <firstName>Leonard</firstName>
        <state>NJ</state>
        <identifiers>
          <lisID>1936</lisID>
          <bioguideId>L000567</bioguideId>
          <gpoId>8049</gpoId>
        </identifiers>
        <district>7</district>
        <fullName>Rep. Lance, Leonard [R-NJ-7]</fullName>
        <byRequestType />
      </item>
    </sponsors>
    <version>1.0.0</version>
    <createDate>2017-01-05T04:47:33Z</createDate>
    <committeeReports />
    <latestAction>
      <text>Referred to the House Committee on Foreign Affairs.</text>
      <links />
      <actionDate>2017-01-04</actionDate>
    </latestAction>
    <billNumber>265</billNumber>
    <notes />
    <introducedDate>2017-01-04</introducedDate>
    <committees>
      <billCommittees>
        <item>
          <activities>
            <item>
              <name>Referred to</name>
              <date>2017-01-04T15:07:20Z</date>
            </item>
          </activities>
          <name>Foreign Affairs Committee</name>
          <type>Standing</type>
          <chamber>House</chamber>
          <subcommittees />
          <systemCode>hsfa00</systemCode>
        </item>
      </billCommittees>
    </committees>
    <relatedBills />
    <congress>115</congress>
    <subjects>
      <billSubjects>
        <policyArea>
          <name>International Affairs</name>
        </policyArea>
        <legislativeSubjects>
          <item>
            <name>Appropriations</name>
          </item>
          <item>
            <name>Arab-Israeli relations</name>
          </item>
          <item>
            <name>Building construction</name>
          </item>
          <item>
            <name>Congressional oversight</name>
          </item>
          <item>
            <name>Department of State</name>
          </item>
          <item>
            <name>Diplomacy, foreign officials, Americans abroad</name>
          </item>
          <item>
            <name>Government buildings, facilities, and property</name>
          </item>
          <item>
            <name>Government information and archives</name>
          </item>
          <item>
            <name>Israel</name>
          </item>
          <item>
            <name>Middle East</name>
          </item>
          <item>
            <name>Presidents and presidential powers, Vice Presidents</name>
          </item>
          <item>
            <name>Sovereignty, recognition, national governance and status</name>
          </item>
        </legislativeSubjects>
      </billSubjects>
    </subjects>
    <amendments />
    <originChamber>House</originChamber>
    <cboCostEstimates />
    <policyArea>
      <name>International Affairs</name>
    </policyArea>
    <actions>
      <item>
        <text>Referred to the House Committee on Foreign Affairs.</text>
        <type>IntroReferral</type>
        <links />
        <actionDate>2017-01-04</actionDate>
        <sourceSystem>
          <code>2</code>
          <name>House floor actions</name>
        </sourceSystem>
        <committee>
          <systemCode>hsfa00</systemCode>
          <name>Foreign Affairs Committee</name>
        </committee>
        <actionCode>H11100</actionCode>
      </item>
      <item>
        <text>Introduced in House</text>
        <type>IntroReferral</type>
        <links />
        <actionDate>2017-01-04</actionDate>
        <sourceSystem>
          <code>9</code>
          <name>Library of Congress</name>
        </sourceSystem>
        <committee />
        <actionCode>Intro-H</actionCode>
      </item>
      <item>
        <text>Introduced in House</text>
        <type>IntroReferral</type>
        <links />
        <actionDate>2017-01-04</actionDate>
        <sourceSystem>
          <code>9</code>
          <name>Library of Congress</name>
        </sourceSystem>
        <committee />
        <actionCode>1000</actionCode>
      </item>
      <actionByCounts>
        <houseOfRepresentatives>3</houseOfRepresentatives>
      </actionByCounts>
      <actionTypeCounts>
        <billReferrals>1</billReferrals>
        <introducedInTheHouse>1</introducedInTheHouse>
        <introducedInHouse>1</introducedInHouse>
      </actionTypeCounts>
    </actions>
    <recordedVotes />
    <laws />
    <cosponsors>
      <item>
        <bioguideId>H001067</bioguideId>
        <lastName>Hudson</lastName>
        <isOriginalCosponsor>False</isOriginalCosponsor>
        <identifiers>
          <lisID>2140</lisID>
          <gpoId />
          <bioguideId>H001067</bioguideId>
        </identifiers>
        <district>8</district>
        <middleName />
        <sponsorshipWithdrawnDate />
        <fullName>Rep. Hudson, Richard [R-NC-8]</fullName>
        <sponsorshipDate>2017-03-10</sponsorshipDate>
        <state>NC</state>
        <firstName>Richard</firstName>
        <party>R</party>
      </item>
      <item>
        <bioguideId>M001189</bioguideId>
        <lastName>Messer</lastName>
        <isOriginalCosponsor>False</isOriginalCosponsor>
        <identifiers>
          <lisID>2130</lisID>
          <bioguideId>M001189</bioguideId>
          <gpoId />
        </identifiers>
        <district>6</district>
        <middleName />
        <sponsorshipWithdrawnDate />
        <fullName>Rep. Messer, Luke [R-IN-6]</fullName>
        <sponsorshipDate>2017-09-05</sponsorshipDate>
        <state>IN</state>
        <firstName>Luke</firstName>
        <party>R</party>
      </item>
    </cosponsors>
    <titles>
      <item>
        <chamberCode />
        <titleType>Short Titles as Introduced</titleType>
        <parentTitleType />
        <chamberName />
        <title>Jerusalem Embassy and Recognition Act of 2017</title>
      </item>
      <item>
        <chamberCode />
        <titleType>Official Title as Introduced</titleType>
        <parentTitleType />
        <chamberName />
        <title>To recognize Jerusalem as the capital of Israel, to relocate to Jerusalem the United States Embassy in Israel, and for other purposes.</title>
      </item>
      <item>
        <chamberCode />
        <titleType>Display Title</titleType>
        <parentTitleType />
        <chamberName />
        <title>Jerusalem Embassy and Recognition Act of 2017</title>
      </item>
      <item>
        <chamberCode />
        <titleType>(Extracted from GPO) Short Titles as Introduced</titleType>
        <parentTitleType />
        <chamberName />
        <title>Jerusalem Embassy and Recognition Act of 2017</title>
      </item>
    </titles>
    <updateDate>2018-08-28T19:58:35Z</updateDate>
    <calendarNumbers />
    <billType>HR</billType>
    <summaries>
      <billSummaries>
        <item>
          <updateDate>2017-01-04T05:00:00Z</updateDate>
          <lastSummaryUpdateDate>2017-01-30T23:30:41Z</lastSummaryUpdateDate>
          <text><![CDATA[<p><strong>Jerusalem Embassy and Recognition Act of 2017</strong></p> <p> This bill states that it is U.S. policy: (1) to recognize Jerusalem as the undivided capital of Israel, and (2) that the U.S. Embassy in Israel should be established in Jerusalem not later than January 1, 2019.</p> <p> The Jerusalem Embassy Act of 1995 is amended to eliminate the President's authority to waive certain funding limitations for Department of State acquisition and maintenance of buildings abroad until the U.S. Embassy in Jerusalem has officially opened.</p> <p>Any official U.S. document that lists countries and their capital cities must identify Jerusalem as Israel's capital.</p> <p>The bill limits appropriations that may be obligated in FY2017 for State Department acquisition and maintenance of buildings abroad until the U.S. Embassy in Jerusalem has officially opened.</p> <p>Of the funds authorized to be appropriated for FY2017 and FY2018 for State Department acquisition and maintenance of buildings abroad, necessary sums should be made available until expended only for construction and other costs associated with the establishment in Jerusalem of the U.S. Embassy in Israel.</p>]]></text>
          <actionDate>2017-01-04</actionDate>
          <actionDesc>Introduced in House</actionDesc>
          <name>Introduced in House</name>
          <versionCode>00</versionCode>
        </item>
      </billSummaries>
    </summaries>
    <title>Jerusalem Embassy and Recognition Act of 2017</title>
  </bill>
  <dublinCore xmlns:dc="http://purl.org/dc/elements/1.1/">
    <dc:format>text/xml</dc:format>
    <dc:language>EN</dc:language>
    <dc:rights>Pursuant to Title 17 Section 105 of the United States Code, this file is not subject to copyright protection and is in the public domain.</dc:rights>
    <dc:contributor>Congressional Research Service, Library of Congress</dc:contributor>
    <dc:description>This file contains bill summaries and statuses for federal legislation. A bill summary describes the most significant provisions of a piece of legislation and details the effects the legislative text may have on current law and federal programs. Bill summaries are authored by the Congressional Research Service (CRS) of the Library of Congress. As stated in Public Law 91-510 (2 USC 166 (d)(6)), one of the duties of CRS is "to prepare summaries and digests of bills and resolutions of a public general nature introduced in the Senate or House of Representatives". For more information, refer to the User Guide that accompanies this file.</dc:description>
  </dublinCore>
</billStatus>

