<?xml version="1.0" encoding="UTF-8"?>
<billStatus>
  <bill>
    <calendarNumbers />
    <amendments />
    <committeeReports />
    <constitutionalAuthorityStatementText><![CDATA[<pre>[Congressional Record Volume 163, Number 3 (Thursday, January 5, 2017)]From the Congressional Record Online through the Government Publishing Office [<a href='http://www.gpo.gov'>www.gpo.gov</a>]By Mr. CAPUANO:H.R. 319.Congress has the power to enact this legislation pursuantto the following:ARTICLE 1, SECTION 4, CLAUSE 1[Page H183]</pre>]]></constitutionalAuthorityStatementText>
    <laws />
    <summaries>
      <billSummaries>
        <item>
          <updateDate>2017-01-05T05:00:00Z</updateDate>
          <actionDate>2017-01-05</actionDate>
          <versionCode>00</versionCode>
          <name>Introduced in House</name>
          <text><![CDATA[<p> This bill amends the Federal Election Campaign Act of 1971 to reduce from $2,000 to $1,000 the maximum contribution that may be made to candidates for federal office for elections occurring after 2018. An increase to this reduced contribution level, based on increases in the price index, must be made in calendar years after 2018. </p>]]></text>
          <lastSummaryUpdateDate>2017-08-30T16:31:37Z</lastSummaryUpdateDate>
          <actionDesc>Introduced in House</actionDesc>
        </item>
      </billSummaries>
    </summaries>
    <relatedBills />
    <createDate>2017-01-06T04:57:26Z</createDate>
    <latestAction>
      <links />
      <actionDate>2017-01-05</actionDate>
      <text>Referred to the House Committee on House Administration.</text>
    </latestAction>
    <sponsors>
      <item>
        <party>D</party>
        <state>MA</state>
        <bioguideId>C001037</bioguideId>
        <middleName>E.</middleName>
        <lastName>CAPUANO</lastName>
        <fullName>Rep. Capuano, Michael E. [D-MA-7]</fullName>
        <firstName>MICHAEL</firstName>
        <district>7</district>
        <byRequestType />
        <identifiers>
          <bioguideId>C001037</bioguideId>
          <gpoId>7973</gpoId>
          <lisID>1564</lisID>
        </identifiers>
      </item>
    </sponsors>
    <billNumber>319</billNumber>
    <updateDate>2018-08-28T19:58:48Z</updateDate>
    <cboCostEstimates />
    <notes />
    <titles>
      <item>
        <parentTitleType />
        <titleType>Official Title as Introduced</titleType>
        <chamberCode />
        <title>To amend the Federal Election Campaign Act of 1971 to reduce the limit on the amount of certain contributions which may be made to a candidate with respect to an election for Federal office.</title>
        <chamberName />
      </item>
      <item>
        <parentTitleType />
        <titleType>Display Title</titleType>
        <chamberCode />
        <title>To amend the Federal Election Campaign Act of 1971 to reduce the limit on the amount of certain contributions which may be made to a candidate with respect to an election for Federal office.</title>
        <chamberName />
      </item>
    </titles>
    <introducedDate>2017-01-05</introducedDate>
    <subjects>
      <billSubjects>
        <policyArea>
          <name>Government Operations and Politics</name>
        </policyArea>
        <legislativeSubjects>
          <item>
            <name>Congressional elections</name>
          </item>
          <item>
            <name>Elections, voting, political campaign regulation</name>
          </item>
        </legislativeSubjects>
      </billSubjects>
    </subjects>
    <billType>HR</billType>
    <originChamber>House</originChamber>
    <title>To amend the Federal Election Campaign Act of 1971 to reduce the limit on the amount of certain contributions which may be made to a candidate with respect to an election for Federal office.</title>
    <cosponsors />
    <recordedVotes />
    <policyArea>
      <name>Government Operations and Politics</name>
    </policyArea>
    <committees>
      <billCommittees>
        <item>
          <systemCode>hsha00</systemCode>
          <chamber>House</chamber>
          <type>Standing</type>
          <subcommittees />
          <name>House Administration Committee</name>
          <activities>
            <item>
              <date>2017-01-05T15:05:15Z</date>
              <name>Referred to</name>
            </item>
          </activities>
        </item>
      </billCommittees>
    </committees>
    <actions>
      <actionByCounts>
        <houseOfRepresentatives>3</houseOfRepresentatives>
      </actionByCounts>
      <item>
        <type>IntroReferral</type>
        <links />
        <sourceSystem>
          <name>House floor actions</name>
          <code>2</code>
        </sourceSystem>
        <committee>
          <name>House Administration Committee</name>
          <systemCode>hsha00</systemCode>
        </committee>
        <text>Referred to the House Committee on House Administration.</text>
        <actionCode>H11100</actionCode>
        <actionDate>2017-01-05</actionDate>
      </item>
      <item>
        <type>IntroReferral</type>
        <links />
        <sourceSystem>
          <name>Library of Congress</name>
          <code>9</code>
        </sourceSystem>
        <committee />
        <text>Introduced in House</text>
        <actionCode>Intro-H</actionCode>
        <actionDate>2017-01-05</actionDate>
      </item>
      <item>
        <type>IntroReferral</type>
        <links />
        <sourceSystem>
          <name>Library of Congress</name>
          <code>9</code>
        </sourceSystem>
        <committee />
        <text>Introduced in House</text>
        <actionCode>1000</actionCode>
        <actionDate>2017-01-05</actionDate>
      </item>
      <actionTypeCounts>
        <billReferrals>1</billReferrals>
        <introducedInTheHouse>1</introducedInTheHouse>
        <introducedInHouse>1</introducedInHouse>
      </actionTypeCounts>
    </actions>
    <version>1.0.0</version>
    <congress>115</congress>
  </bill>
  <dublinCore xmlns:dc="http://purl.org/dc/elements/1.1/">
    <dc:format>text/xml</dc:format>
    <dc:language>EN</dc:language>
    <dc:rights>Pursuant to Title 17 Section 105 of the United States Code, this file is not subject to copyright protection and is in the public domain.</dc:rights>
    <dc:contributor>Congressional Research Service, Library of Congress</dc:contributor>
    <dc:description>This file contains bill summaries and statuses for federal legislation. A bill summary describes the most significant provisions of a piece of legislation and details the effects the legislative text may have on current law and federal programs. Bill summaries are authored by the Congressional Research Service (CRS) of the Library of Congress. As stated in Public Law 91-510 (2 USC 166 (d)(6)), one of the duties of CRS is "to prepare summaries and digests of bills and resolutions of a public general nature introduced in the Senate or House of Representatives". For more information, refer to the User Guide that accompanies this file.</dc:description>
  </dublinCore>
</billStatus>

