<?xml version="1.0" encoding="UTF-8"?>
<billStatus>
  <bill>
    <titles>
      <item>
        <titleType>Short Titles as Introduced</titleType>
        <chamberCode />
        <parentTitleType />
        <title>Tsunami Warning, Education, and Research Act of 2017</title>
        <chamberName />
      </item>
      <item>
        <titleType>Official Title as Introduced</titleType>
        <chamberCode />
        <parentTitleType />
        <title>To authorize and strengthen the tsunami detection, forecast, warning, research, and mitigation program of the National Oceanic and Atmospheric Administration, and for other purposes.</title>
        <chamberName />
      </item>
      <item>
        <titleType>Display Title</titleType>
        <chamberCode />
        <parentTitleType />
        <title>Tsunami Warning, Education, and Research Act of 2017</title>
        <chamberName />
      </item>
    </titles>
    <cosponsors>
      <item>
        <district>48</district>
        <party>R</party>
        <identifiers>
          <gpoId>7851</gpoId>
          <lisID>979</lisID>
          <bioguideId>R000409</bioguideId>
        </identifiers>
        <lastName>ROHRABACHER</lastName>
        <bioguideId>R000409</bioguideId>
        <middleName />
        <fullName>Rep. Rohrabacher, Dana [R-CA-48]</fullName>
        <firstName>DANA</firstName>
        <sponsorshipWithdrawnDate />
        <state>CA</state>
        <isOriginalCosponsor>True</isOriginalCosponsor>
        <sponsorshipDate>2017-01-05</sponsorshipDate>
      </item>
      <item>
        <district>3</district>
        <party>R</party>
        <identifiers>
          <gpoId>8207</gpoId>
          <bioguideId>H001056</bioguideId>
          <lisID>2071</lisID>
        </identifiers>
        <lastName>Beutler</lastName>
        <bioguideId>H001056</bioguideId>
        <middleName>Herrera</middleName>
        <fullName>Rep. Herrera Beutler, Jaime [R-WA-3]</fullName>
        <firstName>Jaime</firstName>
        <sponsorshipWithdrawnDate />
        <state>WA</state>
        <isOriginalCosponsor>True</isOriginalCosponsor>
        <sponsorshipDate>2017-01-05</sponsorshipDate>
      </item>
      <item>
        <district>0</district>
        <party>R</party>
        <identifiers>
          <gpoId>7785</gpoId>
          <bioguideId>Y000033</bioguideId>
          <lisID>1256</lisID>
        </identifiers>
        <lastName>YOUNG</lastName>
        <bioguideId>Y000033</bioguideId>
        <middleName>E.</middleName>
        <fullName>Rep. Young, Don [R-AK-At Large]</fullName>
        <firstName>DON</firstName>
        <sponsorshipWithdrawnDate />
        <state>AK</state>
        <isOriginalCosponsor>True</isOriginalCosponsor>
        <sponsorshipDate>2017-01-05</sponsorshipDate>
      </item>
      <item>
        <district>13</district>
        <party>D</party>
        <identifiers>
          <gpoId />
          <lisID>2321</lisID>
          <bioguideId>C001111</bioguideId>
        </identifiers>
        <lastName>Crist</lastName>
        <bioguideId>C001111</bioguideId>
        <middleName />
        <fullName>Rep. Crist, Charlie [D-FL-13]</fullName>
        <firstName>Charlie</firstName>
        <sponsorshipWithdrawnDate />
        <state>FL</state>
        <isOriginalCosponsor>True</isOriginalCosponsor>
        <sponsorshipDate>2017-01-05</sponsorshipDate>
      </item>
      <item>
        <district>30</district>
        <party>D</party>
        <identifiers>
          <lisID>599</lisID>
          <bioguideId>J000126</bioguideId>
          <gpoId>8186</gpoId>
        </identifiers>
        <lastName>JOHNSON</lastName>
        <bioguideId>J000126</bioguideId>
        <middleName>BERNICE</middleName>
        <fullName>Rep. Johnson, Eddie Bernice [D-TX-30]</fullName>
        <firstName>EDDIE</firstName>
        <sponsorshipWithdrawnDate />
        <state>TX</state>
        <isOriginalCosponsor>True</isOriginalCosponsor>
        <sponsorshipDate>2017-01-05</sponsorshipDate>
      </item>
      <item>
        <district>49</district>
        <party>R</party>
        <identifiers>
          <gpoId>7854</gpoId>
          <lisID>1640</lisID>
          <bioguideId>I000056</bioguideId>
        </identifiers>
        <lastName>ISSA</lastName>
        <bioguideId>I000056</bioguideId>
        <middleName>E.</middleName>
        <fullName>Rep. Issa, Darrell E. [R-CA-49]</fullName>
        <firstName>DARRELL</firstName>
        <sponsorshipWithdrawnDate />
        <state>CA</state>
        <isOriginalCosponsor>True</isOriginalCosponsor>
        <sponsorshipDate>2017-01-05</sponsorshipDate>
      </item>
      <item>
        <district>4</district>
        <party>D</party>
        <identifiers>
          <lisID>279</lisID>
          <bioguideId>D000191</bioguideId>
          <gpoId>8117</gpoId>
        </identifiers>
        <lastName>DEFAZIO</lastName>
        <bioguideId>D000191</bioguideId>
        <middleName>A.</middleName>
        <fullName>Rep. DeFazio, Peter A. [D-OR-4]</fullName>
        <firstName>PETER</firstName>
        <sponsorshipWithdrawnDate />
        <state>OR</state>
        <isOriginalCosponsor>True</isOriginalCosponsor>
        <sponsorshipDate>2017-01-05</sponsorshipDate>
      </item>
      <item>
        <district>7</district>
        <party>D</party>
        <identifiers>
          <lisID>2354</lisID>
          <bioguideId>J000298</bioguideId>
          <gpoId />
        </identifiers>
        <lastName>Jayapal</lastName>
        <bioguideId>J000298</bioguideId>
        <middleName />
        <fullName>Rep. Jayapal, Pramila [D-WA-7]</fullName>
        <firstName>Pramila</firstName>
        <sponsorshipWithdrawnDate />
        <state>WA</state>
        <isOriginalCosponsor>True</isOriginalCosponsor>
        <sponsorshipDate>2017-01-05</sponsorshipDate>
      </item>
      <item>
        <district>6</district>
        <party>D</party>
        <identifiers>
          <lisID>2169</lisID>
          <bioguideId>K000381</bioguideId>
          <gpoId />
        </identifiers>
        <lastName>Kilmer</lastName>
        <bioguideId>K000381</bioguideId>
        <middleName />
        <fullName>Rep. Kilmer, Derek [D-WA-6]</fullName>
        <firstName>Derek</firstName>
        <sponsorshipWithdrawnDate />
        <state>WA</state>
        <isOriginalCosponsor>False</isOriginalCosponsor>
        <sponsorshipDate>2017-01-06</sponsorshipDate>
      </item>
      <item>
        <district>10</district>
        <party>D</party>
        <identifiers>
          <gpoId />
          <lisID>2170</lisID>
          <bioguideId>H001064</bioguideId>
        </identifiers>
        <lastName>Heck</lastName>
        <bioguideId>H001064</bioguideId>
        <middleName />
        <fullName>Rep. Heck, Denny [D-WA-10]</fullName>
        <firstName>Denny</firstName>
        <sponsorshipWithdrawnDate />
        <state>WA</state>
        <isOriginalCosponsor>False</isOriginalCosponsor>
        <sponsorshipDate>2017-01-09</sponsorshipDate>
      </item>
      <item>
        <district>3</district>
        <party>D</party>
        <identifiers>
          <lisID>99</lisID>
          <gpoId>8116</gpoId>
          <bioguideId>B000574</bioguideId>
        </identifiers>
        <lastName>BLUMENAUER</lastName>
        <bioguideId>B000574</bioguideId>
        <middleName />
        <fullName>Rep. Blumenauer, Earl [D-OR-3]</fullName>
        <firstName>EARL</firstName>
        <sponsorshipWithdrawnDate />
        <state>OR</state>
        <isOriginalCosponsor>False</isOriginalCosponsor>
        <sponsorshipDate>2017-01-09</sponsorshipDate>
      </item>
      <item>
        <district>5</district>
        <party>D</party>
        <identifiers>
          <lisID>1950</lisID>
          <bioguideId>S001180</bioguideId>
          <gpoId>8118</gpoId>
        </identifiers>
        <lastName>Schrader</lastName>
        <bioguideId>S001180</bioguideId>
        <middleName />
        <fullName>Rep. Schrader, Kurt [D-OR-5]</fullName>
        <firstName>Kurt</firstName>
        <sponsorshipWithdrawnDate />
        <state>OR</state>
        <isOriginalCosponsor>False</isOriginalCosponsor>
        <sponsorshipDate>2017-01-10</sponsorshipDate>
      </item>
    </cosponsors>
    <originChamber>House</originChamber>
    <billType>HR</billType>
    <notes />
    <relatedBills>
      <item>
        <congress>115</congress>
        <type>S</type>
        <number>53</number>
        <relationshipDetails>
          <item>
            <identifiedBy>CRS</identifiedBy>
            <type>Related bill</type>
          </item>
        </relationshipDetails>
        <latestTitle>Tsunami Warning, Education, and Research Act of 2017</latestTitle>
        <latestAction>
          <text>Read twice and referred to the Committee on Commerce, Science, and Transportation.</text>
          <actionDate>2017-01-05</actionDate>
        </latestAction>
      </item>
    </relatedBills>
    <cboCostEstimates />
    <actions>
      <item>
        <actionCode>H11100</actionCode>
        <links />
        <text>Referred to the House Committee on Science, Space, and Technology.</text>
        <type>IntroReferral</type>
        <committee>
          <name>Science, Space, and Technology Committee</name>
          <systemCode>hssy00</systemCode>
        </committee>
        <sourceSystem>
          <name>House floor actions</name>
          <code>2</code>
        </sourceSystem>
        <actionDate>2017-01-05</actionDate>
      </item>
      <item>
        <actionCode>Intro-H</actionCode>
        <links />
        <text>Introduced in House</text>
        <type>IntroReferral</type>
        <committee />
        <sourceSystem>
          <name>Library of Congress</name>
          <code>9</code>
        </sourceSystem>
        <actionDate>2017-01-05</actionDate>
      </item>
      <item>
        <actionCode>1000</actionCode>
        <links />
        <text>Introduced in House</text>
        <type>IntroReferral</type>
        <committee />
        <sourceSystem>
          <name>Library of Congress</name>
          <code>9</code>
        </sourceSystem>
        <actionDate>2017-01-05</actionDate>
      </item>
      <actionTypeCounts>
        <introducedInHouse>1</introducedInHouse>
        <billReferrals>1</billReferrals>
        <introducedInTheHouse>1</introducedInTheHouse>
      </actionTypeCounts>
      <actionByCounts>
        <houseOfRepresentatives>3</houseOfRepresentatives>
      </actionByCounts>
    </actions>
    <title>Tsunami Warning, Education, and Research Act of 2017</title>
    <sponsors>
      <item>
        <district>1</district>
        <firstName>Suzanne</firstName>
        <identifiers>
          <gpoId>8367</gpoId>
          <lisID>2092</lisID>
          <bioguideId>B001278</bioguideId>
        </identifiers>
        <middleName />
        <lastName>Bonamici</lastName>
        <byRequestType />
        <bioguideId>B001278</bioguideId>
        <state>OR</state>
        <party>D</party>
        <fullName>Rep. Bonamici, Suzanne [D-OR-1]</fullName>
      </item>
    </sponsors>
    <calendarNumbers />
    <committeeReports />
    <latestAction>
      <actionDate>2017-01-05</actionDate>
      <links />
      <text>Referred to the House Committee on Science, Space, and Technology.</text>
    </latestAction>
    <congress>115</congress>
    <billNumber>312</billNumber>
    <updateDate>2017-01-23T12:31:14Z</updateDate>
    <committees>
      <billCommittees>
        <item>
          <subcommittees />
          <systemCode>hssy00</systemCode>
          <chamber>House</chamber>
          <name>Science, Space, and Technology Committee</name>
          <type>Standing</type>
          <activities>
            <item>
              <date>2017-01-05T15:07:45Z</date>
              <name>Referred to</name>
            </item>
          </activities>
        </item>
      </billCommittees>
    </committees>
    <laws />
    <recordedVotes />
    <summaries>
      <billSummaries />
    </summaries>
    <amendments />
    <policyArea>
      <name>Science, Technology, Communications</name>
    </policyArea>
    <constitutionalAuthorityStatementText />
    <subjects>
      <billSubjects>
        <policyArea>
          <name>Science, Technology, Communications</name>
        </policyArea>
        <legislativeSubjects>
          <item>
            <name>Advisory bodies</name>
          </item>
          <item>
            <name>Alaska</name>
          </item>
          <item>
            <name>Atlantic Ocean</name>
          </item>
          <item>
            <name>Atmospheric science and weather</name>
          </item>
          <item>
            <name>California</name>
          </item>
          <item>
            <name>Caribbean Sea</name>
          </item>
          <item>
            <name>Computers and information technology</name>
          </item>
          <item>
            <name>Congressional oversight</name>
          </item>
          <item>
            <name>Emergency planning and evacuation</name>
          </item>
          <item>
            <name>Floods and storm protection</name>
          </item>
          <item>
            <name>Government studies and investigations</name>
          </item>
          <item>
            <name>Gulf of Mexico</name>
          </item>
          <item>
            <name>Hawaii</name>
          </item>
          <item>
            <name>Idaho</name>
          </item>
          <item>
            <name>International organizations and cooperation</name>
          </item>
          <item>
            <name>Marine and coastal resources, fisheries</name>
          </item>
          <item>
            <name>Natural disasters</name>
          </item>
          <item>
            <name>Navigation, waterways, harbors</name>
          </item>
          <item>
            <name>Oregon</name>
          </item>
          <item>
            <name>Pacific Ocean</name>
          </item>
          <item>
            <name>Research administration and funding</name>
          </item>
          <item>
            <name>Technology transfer and commercialization</name>
          </item>
          <item>
            <name>Washington State</name>
          </item>
        </legislativeSubjects>
      </billSubjects>
    </subjects>
    <introducedDate>2017-01-05</introducedDate>
    <createDate>2017-01-06T04:57:26Z</createDate>
  </bill>
  <dublinCore xmlns:dc="http://purl.org/dc/elements/1.1/">
    <dc:format>text/xml</dc:format>
    <dc:language>EN</dc:language>
    <dc:rights>Pursuant to Title 17 Section 105 of the United States Code, this file is not subject to copyright protection and is in the public domain.</dc:rights>
    <dc:contributor>Congressional Research Service, Library of Congress</dc:contributor>
    <dc:description>This file contains bill summaries and statuses for federal legislation. A bill summary describes the most significant provisions of a piece of legislation and details the effects the legislative text may have on current law and federal programs. Bill summaries are authored by the Congressional Research Service (CRS) of the Library of Congress. As stated in Public Law 91-510 (2 USC 166 (d)(6)), one of the duties of CRS is "to prepare summaries and digests of bills and resolutions of a public general nature introduced in the Senate or House of Representatives". For more information, refer to the User Guide that accompanies this file.</dc:description>
  </dublinCore>
</billStatus>

