<?xml version="1.0" encoding="UTF-8"?>
<billStatus>
  <bill>
    <subjects>
      <billSubjects>
        <policyArea>
          <name>Crime and Law Enforcement</name>
        </policyArea>
        <legislativeSubjects>
          <item>
            <name>Child safety and welfare</name>
          </item>
          <item>
            <name>Educational facilities and institutions</name>
          </item>
          <item>
            <name>Elementary and secondary education</name>
          </item>
          <item>
            <name>Firearms and explosives</name>
          </item>
        </legislativeSubjects>
      </billSubjects>
    </subjects>
    <actions>
      <actionByCounts>
        <houseOfRepresentatives>4</houseOfRepresentatives>
      </actionByCounts>
      <item>
        <actionDate>2017-01-12</actionDate>
        <committee>
          <name>Crime, Terrorism, Homeland Security, and Investigations Subcommittee</name>
          <systemCode>hsju08</systemCode>
        </committee>
        <links />
        <sourceSystem>
          <code>1</code>
          <name>House committee actions</name>
        </sourceSystem>
        <text>Referred to the Subcommittee on Crime, Terrorism, Homeland Security, and Investigations.</text>
        <type>Committee</type>
      </item>
      <item>
        <text>Referred to the House Committee on the Judiciary.</text>
        <actionCode>H11100</actionCode>
        <sourceSystem>
          <code>2</code>
          <name>House floor actions</name>
        </sourceSystem>
        <committee>
          <name>Judiciary Committee</name>
          <systemCode>hsju00</systemCode>
        </committee>
        <type>IntroReferral</type>
        <actionDate>2017-01-03</actionDate>
        <links />
      </item>
      <item>
        <text>Introduced in House</text>
        <actionCode>Intro-H</actionCode>
        <sourceSystem>
          <code>9</code>
          <name>Library of Congress</name>
        </sourceSystem>
        <committee />
        <type>IntroReferral</type>
        <actionDate>2017-01-03</actionDate>
        <links />
      </item>
      <item>
        <text>Introduced in House</text>
        <actionCode>1000</actionCode>
        <sourceSystem>
          <code>9</code>
          <name>Library of Congress</name>
        </sourceSystem>
        <committee />
        <type>IntroReferral</type>
        <actionDate>2017-01-03</actionDate>
        <links />
      </item>
      <actionTypeCounts>
        <placeholderTextForH>1</placeholderTextForH>
        <introducedInTheHouse>1</introducedInTheHouse>
        <billReferrals>1</billReferrals>
        <introducedInHouse>1</introducedInHouse>
      </actionTypeCounts>
    </actions>
    <policyArea>
      <name>Crime and Law Enforcement</name>
    </policyArea>
    <notes />
    <createDate>2017-01-04T07:01:08Z</createDate>
    <title>Safe Students Act</title>
    <relatedBills />
    <cosponsors>
      <item>
        <middleName />
        <identifiers>
          <lisID>1801</lisID>
          <gpoId>8157</gpoId>
          <bioguideId>G000552</bioguideId>
        </identifiers>
        <isOriginalCosponsor>True</isOriginalCosponsor>
        <sponsorshipWithdrawnDate />
        <party>R</party>
        <fullName>Rep. Gohmert, Louie [R-TX-1]</fullName>
        <state>TX</state>
        <sponsorshipDate>2017-01-03</sponsorshipDate>
        <firstName>Louie</firstName>
        <lastName>Gohmert</lastName>
        <district>1</district>
        <bioguideId>G000552</bioguideId>
      </item>
    </cosponsors>
    <constitutionalAuthorityStatementText />
    <cboCostEstimates />
    <updateDate>2017-01-14T09:58:13Z</updateDate>
    <laws />
    <summaries>
      <billSummaries>
        <item>
          <lastSummaryUpdateDate>2017-01-10T14:28:59Z</lastSummaryUpdateDate>
          <updateDate>2017-01-03T05:00:00Z</updateDate>
          <name>Introduced in House</name>
          <actionDate>2017-01-03</actionDate>
          <text><![CDATA[<p><b>Safe Students Act</b></p> <p>This bill amends the federal criminal code to repeal provisions that prohibit the possession or discharge of a firearm in a school zone.</p>]]></text>
          <actionDesc>Introduced in House</actionDesc>
          <versionCode>00</versionCode>
        </item>
      </billSummaries>
    </summaries>
    <latestAction>
      <links />
      <actionDate>2017-01-12</actionDate>
      <text>Referred to the Subcommittee on Crime, Terrorism, Homeland Security, and Investigations.</text>
    </latestAction>
    <originChamber>House</originChamber>
    <introducedDate>2017-01-03</introducedDate>
    <billNumber>34</billNumber>
    <amendments />
    <billType>HR</billType>
    <committees>
      <billCommittees>
        <item>
          <chamber>House</chamber>
          <type>Standing</type>
          <name>Judiciary Committee</name>
          <activities>
            <item>
              <name>Referred to</name>
              <date>2017-01-03T17:05:40Z</date>
            </item>
          </activities>
          <subcommittees>
            <item>
              <name>Crime, Terrorism, Homeland Security, and Investigations Subcommittee</name>
              <systemCode>hsju08</systemCode>
              <activities>
                <item>
                  <name>Referred to</name>
                  <date>2017-01-12T15:56:15Z</date>
                </item>
              </activities>
            </item>
          </subcommittees>
          <systemCode>hsju00</systemCode>
        </item>
      </billCommittees>
    </committees>
    <calendarNumbers />
    <congress>115</congress>
    <committeeReports />
    <recordedVotes />
    <sponsors>
      <item>
        <lastName>Massie</lastName>
        <state>KY</state>
        <byRequestType />
        <firstName>Thomas</firstName>
        <bioguideId>M001184</bioguideId>
        <fullName>Rep. Massie, Thomas [R-KY-4]</fullName>
        <identifiers>
          <gpoId>8371</gpoId>
          <bioguideId>M001184</bioguideId>
          <lisID>2094</lisID>
        </identifiers>
        <middleName />
        <district>4</district>
        <party>R</party>
      </item>
    </sponsors>
    <titles>
      <item>
        <chamberCode />
        <titleType>Short Titles as Introduced</titleType>
        <chamberName />
        <title>Safe Students Act</title>
        <parentTitleType />
      </item>
      <item>
        <chamberCode />
        <titleType>Official Title as Introduced</titleType>
        <chamberName />
        <title>To repeal the Gun-Free School Zones Act of 1990 and amendments to that Act.</title>
        <parentTitleType />
      </item>
      <item>
        <chamberCode />
        <titleType>Display Title</titleType>
        <chamberName />
        <title>Safe Students Act</title>
        <parentTitleType />
      </item>
    </titles>
  </bill>
  <dublinCore xmlns:dc="http://purl.org/dc/elements/1.1/">
    <dc:format>text/xml</dc:format>
    <dc:language>EN</dc:language>
    <dc:rights>Pursuant to Title 17 Section 105 of the United States Code, this file is not subject to copyright protection and is in the public domain.</dc:rights>
    <dc:contributor>Congressional Research Service, Library of Congress</dc:contributor>
    <dc:description>This file contains bill summaries and statuses for federal legislation. A bill summary describes the most significant provisions of a piece of legislation and details the effects the legislative text may have on current law and federal programs. Bill summaries are authored by the Congressional Research Service (CRS) of the Library of Congress. As stated in Public Law 91-510 (2 USC 166 (d)(6)), one of the duties of CRS is "to prepare summaries and digests of bills and resolutions of a public general nature introduced in the Senate or House of Representatives". For more information, refer to the User Guide that accompanies this file.</dc:description>
  </dublinCore>
</billStatus>

