<?xml version="1.0" encoding="UTF-8"?>
<billStatus>
  <bill>
    <titles>
      <item>
        <parentTitleType />
        <titleType>Short Titles as Introduced</titleType>
        <chamberCode />
        <chamberName />
        <title>Email Privacy Act</title>
      </item>
      <item>
        <parentTitleType />
        <titleType>Official Title as Introduced</titleType>
        <chamberCode />
        <chamberName />
        <title>To amend title 18, United States Code, to update the privacy protections for electronic communications information that is stored by third-party service providers in order to protect consumer privacy interests while meeting law enforcement needs, and for other purposes.</title>
      </item>
      <item>
        <parentTitleType />
        <titleType>Display Title</titleType>
        <chamberCode />
        <chamberName />
        <title>Email Privacy Act</title>
      </item>
    </titles>
    <cosponsors>
      <item>
        <fullName>Rep. Polis, Jared [D-CO-2]</fullName>
        <lastName>Polis</lastName>
        <party>D</party>
        <bioguideId>P000598</bioguideId>
        <identifiers>
          <lisID>1910</lisID>
          <bioguideId>P000598</bioguideId>
          <gpoId>7860</gpoId>
        </identifiers>
        <middleName />
        <state>CO</state>
        <sponsorshipWithdrawnDate />
        <firstName>Jared</firstName>
        <sponsorshipDate>2017-01-09</sponsorshipDate>
        <district>2</district>
        <isOriginalCosponsor>True</isOriginalCosponsor>
      </item>
      <item>
        <fullName>Rep. Goodlatte, Bob [R-VA-6]</fullName>
        <lastName>GOODLATTE</lastName>
        <party>R</party>
        <bioguideId>G000289</bioguideId>
        <identifiers>
          <lisID>446</lisID>
          <bioguideId>G000289</bioguideId>
          <gpoId>8197</gpoId>
        </identifiers>
        <middleName>W.</middleName>
        <state>VA</state>
        <sponsorshipWithdrawnDate />
        <firstName>ROBERT</firstName>
        <sponsorshipDate>2017-01-09</sponsorshipDate>
        <district>6</district>
        <isOriginalCosponsor>True</isOriginalCosponsor>
      </item>
      <item>
        <fullName>Rep. Conyers, John, Jr. [D-MI-13]</fullName>
        <lastName>CONYERS</lastName>
        <party>D</party>
        <bioguideId>C000714</bioguideId>
        <identifiers>
          <lisID>229</lisID>
          <gpoId>7999</gpoId>
          <bioguideId>C000714</bioguideId>
        </identifiers>
        <middleName />
        <state>MI</state>
        <sponsorshipWithdrawnDate />
        <firstName>JOHN</firstName>
        <sponsorshipDate>2017-01-09</sponsorshipDate>
        <district>13</district>
        <isOriginalCosponsor>True</isOriginalCosponsor>
      </item>
      <item>
        <fullName>Rep. Poe, Ted [R-TX-2]</fullName>
        <lastName>Poe</lastName>
        <party>R</party>
        <bioguideId>P000592</bioguideId>
        <identifiers>
          <lisID>1802</lisID>
          <bioguideId>P000592</bioguideId>
          <gpoId>8158</gpoId>
        </identifiers>
        <middleName />
        <state>TX</state>
        <sponsorshipWithdrawnDate />
        <firstName>Ted</firstName>
        <sponsorshipDate>2017-01-09</sponsorshipDate>
        <district>2</district>
        <isOriginalCosponsor>True</isOriginalCosponsor>
      </item>
      <item>
        <fullName>Rep. DelBene, Suzan K. [D-WA-1]</fullName>
        <lastName>DelBene</lastName>
        <party>D</party>
        <bioguideId>D000617</bioguideId>
        <identifiers>
          <lisID>2096</lisID>
          <bioguideId>D000617</bioguideId>
          <gpoId>8374</gpoId>
        </identifiers>
        <middleName>K.</middleName>
        <state>WA</state>
        <sponsorshipWithdrawnDate />
        <firstName>Suzan</firstName>
        <sponsorshipDate>2017-01-09</sponsorshipDate>
        <district>1</district>
        <isOriginalCosponsor>True</isOriginalCosponsor>
      </item>
      <item>
        <fullName>Rep. Hurd, Will [R-TX-23]</fullName>
        <lastName>Hurd</lastName>
        <party>R</party>
        <bioguideId>H001073</bioguideId>
        <identifiers>
          <gpoId />
          <lisID>2269</lisID>
          <bioguideId>H001073</bioguideId>
        </identifiers>
        <middleName />
        <state>TX</state>
        <sponsorshipWithdrawnDate />
        <firstName>Will</firstName>
        <sponsorshipDate>2017-01-09</sponsorshipDate>
        <district>23</district>
        <isOriginalCosponsor>True</isOriginalCosponsor>
      </item>
      <item>
        <fullName>Rep. Nadler, Jerrold [D-NY-10]</fullName>
        <lastName>NADLER</lastName>
        <party>D</party>
        <bioguideId>N000002</bioguideId>
        <identifiers>
          <gpoId>8069</gpoId>
          <lisID>850</lisID>
          <bioguideId>N000002</bioguideId>
        </identifiers>
        <middleName />
        <state>NY</state>
        <sponsorshipWithdrawnDate />
        <firstName>JERROLD</firstName>
        <sponsorshipDate>2017-01-09</sponsorshipDate>
        <district>10</district>
        <isOriginalCosponsor>True</isOriginalCosponsor>
      </item>
      <item>
        <fullName>Rep. Collins, Doug [R-GA-9]</fullName>
        <lastName>Collins</lastName>
        <party>R</party>
        <bioguideId>C001093</bioguideId>
        <identifiers>
          <gpoId />
          <lisID>2121</lisID>
          <bioguideId>C001093</bioguideId>
        </identifiers>
        <middleName />
        <state>GA</state>
        <sponsorshipWithdrawnDate />
        <firstName>Doug</firstName>
        <sponsorshipDate>2017-01-09</sponsorshipDate>
        <district>9</district>
        <isOriginalCosponsor>True</isOriginalCosponsor>
      </item>
      <item>
        <fullName>Rep. Chu, Judy [D-CA-27]</fullName>
        <lastName>Chu</lastName>
        <party>D</party>
        <bioguideId>C001080</bioguideId>
        <identifiers>
          <lisID>1970</lisID>
          <bioguideId>C001080</bioguideId>
          <gpoId>7837</gpoId>
        </identifiers>
        <middleName />
        <state>CA</state>
        <sponsorshipWithdrawnDate />
        <firstName>Judy</firstName>
        <sponsorshipDate>2017-01-09</sponsorshipDate>
        <district>27</district>
        <isOriginalCosponsor>True</isOriginalCosponsor>
      </item>
    </cosponsors>
    <originChamber>House</originChamber>
    <billType>HR</billType>
    <notes />
    <relatedBills />
    <cboCostEstimates />
    <actions>
      <item>
        <actionDate>2017-01-09</actionDate>
        <actionCode>H11100</actionCode>
        <type>IntroReferral</type>
        <text>Referred to the House Committee on the Judiciary.</text>
        <committee>
          <name>Judiciary Committee</name>
          <systemCode>hsju00</systemCode>
        </committee>
        <sourceSystem>
          <name>House floor actions</name>
          <code>2</code>
        </sourceSystem>
        <links />
      </item>
      <item>
        <actionDate>2017-01-09</actionDate>
        <actionCode>Intro-H</actionCode>
        <type>IntroReferral</type>
        <text>Introduced in House</text>
        <committee />
        <sourceSystem>
          <name>Library of Congress</name>
          <code>9</code>
        </sourceSystem>
        <links />
      </item>
      <item>
        <actionDate>2017-01-09</actionDate>
        <actionCode>1000</actionCode>
        <type>IntroReferral</type>
        <text>Introduced in House</text>
        <committee />
        <sourceSystem>
          <name>Library of Congress</name>
          <code>9</code>
        </sourceSystem>
        <links />
      </item>
      <actionTypeCounts>
        <introducedInTheHouse>1</introducedInTheHouse>
        <billReferrals>1</billReferrals>
        <introducedInHouse>1</introducedInHouse>
      </actionTypeCounts>
      <actionByCounts>
        <houseOfRepresentatives>3</houseOfRepresentatives>
      </actionByCounts>
    </actions>
    <title>Email Privacy Act</title>
    <sponsors>
      <item>
        <district>3</district>
        <firstName>Kevin</firstName>
        <identifiers>
          <gpoId>7951</gpoId>
          <bioguideId>Y000063</bioguideId>
          <lisID>2021</lisID>
        </identifiers>
        <middleName />
        <lastName>Yoder</lastName>
        <byRequestType />
        <bioguideId>Y000063</bioguideId>
        <state>KS</state>
        <party>R</party>
        <fullName>Rep. Yoder, Kevin [R-KS-3]</fullName>
      </item>
    </sponsors>
    <calendarNumbers />
    <committeeReports />
    <latestAction>
      <actionDate>2017-01-09</actionDate>
      <links />
      <text>Referred to the House Committee on the Judiciary.</text>
    </latestAction>
    <congress>115</congress>
    <billNumber>387</billNumber>
    <updateDate>2017-01-23T14:31:28Z</updateDate>
    <committees>
      <billCommittees>
        <item>
          <name>Judiciary Committee</name>
          <chamber>House</chamber>
          <activities>
            <item>
              <name>Referred to</name>
              <date>2017-01-09T17:01:25Z</date>
            </item>
          </activities>
          <type>Standing</type>
          <systemCode>hsju00</systemCode>
          <subcommittees />
        </item>
      </billCommittees>
    </committees>
    <laws />
    <recordedVotes />
    <summaries>
      <billSummaries />
    </summaries>
    <amendments />
    <policyArea />
    <constitutionalAuthorityStatementText />
    <subjects>
      <billSubjects>
        <legislativeSubjects />
      </billSubjects>
    </subjects>
    <introducedDate>2017-01-09</introducedDate>
    <createDate>2017-01-10T05:15:45Z</createDate>
  </bill>
  <dublinCore xmlns:dc="http://purl.org/dc/elements/1.1/">
    <dc:format>text/xml</dc:format>
    <dc:language>EN</dc:language>
    <dc:rights>Pursuant to Title 17 Section 105 of the United States Code, this file is not subject to copyright protection and is in the public domain.</dc:rights>
    <dc:contributor>Congressional Research Service, Library of Congress</dc:contributor>
    <dc:description>This file contains bill summaries and statuses for federal legislation. A bill summary describes the most significant provisions of a piece of legislation and details the effects the legislative text may have on current law and federal programs. Bill summaries are authored by the Congressional Research Service (CRS) of the Library of Congress. As stated in Public Law 91-510 (2 USC 166 (d)(6)), one of the duties of CRS is "to prepare summaries and digests of bills and resolutions of a public general nature introduced in the Senate or House of Representatives". For more information, refer to the User Guide that accompanies this file.</dc:description>
  </dublinCore>
</billStatus>

