<?xml version="1.0" encoding="UTF-8"?>
<billStatus>
  <bill>
    <congress>115</congress>
    <calendarNumbers />
    <cboCostEstimates />
    <actions>
      <item>
        <sourceSystem>
          <code>2</code>
          <name>House floor actions</name>
        </sourceSystem>
        <type>IntroReferral</type>
        <actionDate>2017-01-04</actionDate>
        <committee>
          <systemCode>hssm00</systemCode>
          <name>Small Business Committee</name>
        </committee>
        <text>Referred to the House Committee on Small Business.</text>
        <actionCode>H11100</actionCode>
        <links />
      </item>
      <item>
        <sourceSystem>
          <code>9</code>
          <name>Library of Congress</name>
        </sourceSystem>
        <type>IntroReferral</type>
        <actionDate>2017-01-04</actionDate>
        <committee />
        <text>Introduced in House</text>
        <actionCode>Intro-H</actionCode>
        <links />
      </item>
      <item>
        <sourceSystem>
          <code>9</code>
          <name>Library of Congress</name>
        </sourceSystem>
        <type>IntroReferral</type>
        <actionDate>2017-01-04</actionDate>
        <committee />
        <text>Introduced in House</text>
        <actionCode>1000</actionCode>
        <links />
      </item>
      <actionByCounts>
        <houseOfRepresentatives>3</houseOfRepresentatives>
      </actionByCounts>
      <actionTypeCounts>
        <introducedInTheHouse>1</introducedInTheHouse>
        <introducedInHouse>1</introducedInHouse>
        <billReferrals>1</billReferrals>
      </actionTypeCounts>
    </actions>
    <relatedBills />
    <latestAction>
      <text>Referred to the House Committee on Small Business.</text>
      <links />
      <actionDate>2017-01-04</actionDate>
    </latestAction>
    <originChamber>House</originChamber>
    <title>Startup in a Day Act of 2017</title>
    <titles>
      <item>
        <title>Startup in a Day Act of 2017</title>
        <chamberCode />
        <parentTitleType />
        <chamberName />
        <titleType>Short Titles as Introduced</titleType>
      </item>
      <item>
        <title>To direct the Administrator of the Small Business Administration to establish a competitive grant program to award grants to States and local governments for purposes of assisting entrepreneurs planning to start a small business concern.</title>
        <chamberCode />
        <parentTitleType />
        <chamberName />
        <titleType>Official Title as Introduced</titleType>
      </item>
      <item>
        <title>Startup in a Day Act of 2017</title>
        <chamberCode />
        <parentTitleType />
        <chamberName />
        <titleType>Display Title</titleType>
      </item>
    </titles>
    <committeeReports />
    <updateDate>2017-01-13T13:02:19Z</updateDate>
    <billType>HR</billType>
    <recordedVotes />
    <subjects>
      <billSubjects>
        <policyArea>
          <name>Commerce</name>
        </policyArea>
        <legislativeSubjects />
      </billSubjects>
    </subjects>
    <policyArea>
      <name>Commerce</name>
    </policyArea>
    <laws />
    <amendments />
    <committees>
      <billCommittees>
        <item>
          <systemCode>hssm00</systemCode>
          <subcommittees />
          <type>Standing</type>
          <chamber>House</chamber>
          <name>Small Business Committee</name>
          <activities>
            <item>
              <name>Referred to</name>
              <date>2017-01-04T15:05:15Z</date>
            </item>
          </activities>
        </item>
      </billCommittees>
    </committees>
    <sponsors>
      <item>
        <identifiers>
          <lisID>2106</lisID>
          <gpoId />
          <bioguideId>B001285</bioguideId>
        </identifiers>
        <state>CA</state>
        <bioguideId>B001285</bioguideId>
        <lastName>Brownley</lastName>
        <middleName />
        <party>D</party>
        <district>26</district>
        <fullName>Rep. Brownley, Julia [D-CA-26]</fullName>
        <byRequestType />
        <firstName>Julia</firstName>
      </item>
    </sponsors>
    <introducedDate>2017-01-04</introducedDate>
    <summaries>
      <billSummaries />
    </summaries>
    <notes />
    <createDate>2017-01-05T04:47:32Z</createDate>
    <billNumber>251</billNumber>
    <cosponsors />
    <constitutionalAuthorityStatementText />
  </bill>
  <dublinCore xmlns:dc="http://purl.org/dc/elements/1.1/">
    <dc:format>text/xml</dc:format>
    <dc:language>EN</dc:language>
    <dc:rights>Pursuant to Title 17 Section 105 of the United States Code, this file is not subject to copyright protection and is in the public domain.</dc:rights>
    <dc:contributor>Congressional Research Service, Library of Congress</dc:contributor>
    <dc:description>This file contains bill summaries and statuses for federal legislation. A bill summary describes the most significant provisions of a piece of legislation and details the effects the legislative text may have on current law and federal programs. Bill summaries are authored by the Congressional Research Service (CRS) of the Library of Congress. As stated in Public Law 91-510 (2 USC 166 (d)(6)), one of the duties of CRS is "to prepare summaries and digests of bills and resolutions of a public general nature introduced in the Senate or House of Representatives". For more information, refer to the User Guide that accompanies this file.</dc:description>
  </dublinCore>
</billStatus>

