<?xml version="1.0" encoding="UTF-8"?>
<billStatus>
  <bill>
    <laws />
    <createDate>2017-01-05T04:47:33Z</createDate>
    <actions>
      <actionTypeCounts>
        <introducedInTheHouse>1</introducedInTheHouse>
        <introducedInHouse>1</introducedInHouse>
        <billReferrals>1</billReferrals>
      </actionTypeCounts>
      <actionByCounts>
        <houseOfRepresentatives>3</houseOfRepresentatives>
      </actionByCounts>
      <item>
        <committee>
          <name>Judiciary Committee</name>
          <systemCode>hsju00</systemCode>
        </committee>
        <links />
        <actionCode>H11100</actionCode>
        <type>IntroReferral</type>
        <sourceSystem>
          <code>2</code>
          <name>House floor actions</name>
        </sourceSystem>
        <actionDate>2017-01-04</actionDate>
        <text>Referred to the House Committee on the Judiciary.</text>
      </item>
      <item>
        <committee />
        <links />
        <actionCode>Intro-H</actionCode>
        <type>IntroReferral</type>
        <sourceSystem>
          <code>9</code>
          <name>Library of Congress</name>
        </sourceSystem>
        <actionDate>2017-01-04</actionDate>
        <text>Introduced in House</text>
      </item>
      <item>
        <committee />
        <links />
        <actionCode>1000</actionCode>
        <type>IntroReferral</type>
        <sourceSystem>
          <code>9</code>
          <name>Library of Congress</name>
        </sourceSystem>
        <actionDate>2017-01-04</actionDate>
        <text>Introduced in House</text>
      </item>
    </actions>
    <subjects>
      <billSubjects>
        <policyArea>
          <name>Crime and Law Enforcement</name>
        </policyArea>
        <legislativeSubjects />
      </billSubjects>
    </subjects>
    <relatedBills />
    <constitutionalAuthorityStatementText />
    <committees>
      <billCommittees>
        <item>
          <type>Standing</type>
          <name>Judiciary Committee</name>
          <chamber>House</chamber>
          <subcommittees />
          <activities>
            <item>
              <name>Referred to</name>
              <date>2017-01-04T15:03:20Z</date>
            </item>
          </activities>
          <systemCode>hsju00</systemCode>
        </item>
      </billCommittees>
    </committees>
    <cosponsors />
    <latestAction>
      <text>Referred to the House Committee on the Judiciary.</text>
      <actionDate>2017-01-04</actionDate>
      <links />
    </latestAction>
    <title>Law Enforcement Inclusion Act of 2016</title>
    <sponsors>
      <item>
        <lastName>LEWIS</lastName>
        <bioguideId>L000287</bioguideId>
        <fullName>Rep. Lewis, John [D-GA-5]</fullName>
        <byRequestType />
        <firstName>JOHN</firstName>
        <identifiers>
          <gpoId>7902</gpoId>
          <lisID>688</lisID>
          <bioguideId>L000287</bioguideId>
        </identifiers>
        <party>D</party>
        <state>GA</state>
        <middleName />
        <district>5</district>
      </item>
    </sponsors>
    <introducedDate>2017-01-04</introducedDate>
    <summaries>
      <billSummaries />
    </summaries>
    <notes />
    <recordedVotes />
    <titles>
      <item>
        <titleType>Short Titles as Introduced</titleType>
        <title>Law Enforcement Inclusion Act of 2016</title>
        <chamberCode />
        <chamberName />
        <parentTitleType />
      </item>
      <item>
        <titleType>Official Title as Introduced</titleType>
        <title>To amend the Omnibus Crime Control and Safe Streets Act of 1968 to provide that COPS grant fundsmay be used to hire and train new, additional career law enforcement officers who are residents of the communities they serve, and for other purposes.</title>
        <chamberCode />
        <chamberName />
        <parentTitleType />
      </item>
      <item>
        <titleType>Display Title</titleType>
        <title>Law Enforcement Inclusion Act of 2016</title>
        <chamberCode />
        <chamberName />
        <parentTitleType />
      </item>
    </titles>
    <amendments />
    <cboCostEstimates />
    <policyArea>
      <name>Crime and Law Enforcement</name>
    </policyArea>
    <calendarNumbers />
    <billNumber>266</billNumber>
    <congress>115</congress>
    <originChamber>House</originChamber>
    <billType>HR</billType>
    <updateDate>2017-01-17T21:31:17Z</updateDate>
    <committeeReports />
  </bill>
  <dublinCore xmlns:dc="http://purl.org/dc/elements/1.1/">
    <dc:format>text/xml</dc:format>
    <dc:language>EN</dc:language>
    <dc:rights>Pursuant to Title 17 Section 105 of the United States Code, this file is not subject to copyright protection and is in the public domain.</dc:rights>
    <dc:contributor>Congressional Research Service, Library of Congress</dc:contributor>
    <dc:description>This file contains bill summaries and statuses for federal legislation. A bill summary describes the most significant provisions of a piece of legislation and details the effects the legislative text may have on current law and federal programs. Bill summaries are authored by the Congressional Research Service (CRS) of the Library of Congress. As stated in Public Law 91-510 (2 USC 166 (d)(6)), one of the duties of CRS is "to prepare summaries and digests of bills and resolutions of a public general nature introduced in the Senate or House of Representatives". For more information, refer to the User Guide that accompanies this file.</dc:description>
  </dublinCore>
</billStatus>

