<?xml version="1.0" encoding="UTF-8"?>
<billStatus>
  <bill>
    <constitutionalAuthorityStatementText><![CDATA[<pre>[Congressional Record Volume 163, Number 15 (Monday, January 30, 2017)]From the Congressional Record Online through the Government Publishing Office [<a href='http://www.gpo.gov'>www.gpo.gov</a>]By Mrs. LAWRENCE:H.R. 729.Congress has the power to enact this legislation pursuantto the following:Article I, Section 8, clause 3: The Congress shall havePower To lay and collect Taxes, Duties, Imposts and Excises,to pay the Debts and provide for the common Defence andgeneral Welfare of the United States; but all Duties, Impostsand Excises shall be uniform throughout the United States.[Page H745]</pre>]]></constitutionalAuthorityStatementText>
    <sponsors>
      <item>
        <middleName>L.</middleName>
        <party>D</party>
        <bioguideId>L000581</bioguideId>
        <lastName>Lawrence</lastName>
        <firstName>Brenda</firstName>
        <state>MI</state>
        <identifiers>
          <lisID>2252</lisID>
          <bioguideId>L000581</bioguideId>
          <gpoId />
        </identifiers>
        <district>14</district>
        <fullName>Rep. Lawrence, Brenda L. [D-MI-14]</fullName>
        <byRequestType />
      </item>
    </sponsors>
    <version>1.0.0</version>
    <createDate>2017-01-31T05:23:09Z</createDate>
    <committeeReports />
    <latestAction>
      <text>Referred to the House Committee on Ways and Means.</text>
      <links />
      <actionDate>2017-01-30</actionDate>
    </latestAction>
    <billNumber>729</billNumber>
    <notes />
    <introducedDate>2017-01-30</introducedDate>
    <committees>
      <billCommittees>
        <item>
          <activities>
            <item>
              <date>2017-01-30T17:05:15Z</date>
              <name>Referred to</name>
            </item>
          </activities>
          <type>Standing</type>
          <chamber>House</chamber>
          <systemCode>hswm00</systemCode>
          <name>Ways and Means Committee</name>
          <subcommittees />
        </item>
      </billCommittees>
    </committees>
    <relatedBills>
      <item>
        <type>S</type>
        <number>1837</number>
        <latestAction>
          <actionDate>2017-09-19</actionDate>
          <text>Read twice and referred to the Committee on Finance. (text of measure as introduced: CR S5864)</text>
        </latestAction>
        <congress>115</congress>
        <relationshipDetails>
          <item>
            <type>Related bill</type>
            <identifiedBy>CRS</identifiedBy>
          </item>
        </relationshipDetails>
        <latestTitle>Tobacco Tax Equity Act of 2017</latestTitle>
      </item>
    </relatedBills>
    <congress>115</congress>
    <subjects>
      <billSubjects>
        <legislativeSubjects>
          <item>
            <name>Administrative law and regulatory procedures</name>
          </item>
          <item>
            <name>Business records</name>
          </item>
          <item>
            <name>Department of the Treasury</name>
          </item>
          <item>
            <name>Drug, alcohol, tobacco use</name>
          </item>
          <item>
            <name>Fraud offenses and financial crimes</name>
          </item>
          <item>
            <name>Indian lands and resources rights</name>
          </item>
          <item>
            <name>Inflation and prices</name>
          </item>
          <item>
            <name>Law enforcement administration and funding</name>
          </item>
          <item>
            <name>Licensing and registrations</name>
          </item>
          <item>
            <name>Manufacturing</name>
          </item>
          <item>
            <name>Retail and wholesale trades</name>
          </item>
          <item>
            <name>Sales and excise taxes</name>
          </item>
          <item>
            <name>Smuggling and trafficking</name>
          </item>
          <item>
            <name>Tax administration and collection, taxpayers</name>
          </item>
        </legislativeSubjects>
        <policyArea>
          <name>Taxation</name>
        </policyArea>
      </billSubjects>
    </subjects>
    <amendments />
    <originChamber>House</originChamber>
    <cboCostEstimates />
    <policyArea>
      <name>Taxation</name>
    </policyArea>
    <actions>
      <item>
        <actionDate>2017-01-30</actionDate>
        <links />
        <sourceSystem>
          <code>2</code>
          <name>House floor actions</name>
        </sourceSystem>
        <committee>
          <systemCode>hswm00</systemCode>
          <name>Ways and Means Committee</name>
        </committee>
        <text>Referred to the House Committee on Ways and Means.</text>
        <type>IntroReferral</type>
        <actionCode>H11100</actionCode>
      </item>
      <item>
        <actionDate>2017-01-30</actionDate>
        <links />
        <sourceSystem>
          <code>9</code>
          <name>Library of Congress</name>
        </sourceSystem>
        <committee />
        <text>Introduced in House</text>
        <type>IntroReferral</type>
        <actionCode>Intro-H</actionCode>
      </item>
      <item>
        <actionDate>2017-01-30</actionDate>
        <links />
        <sourceSystem>
          <code>9</code>
          <name>Library of Congress</name>
        </sourceSystem>
        <committee />
        <text>Introduced in House</text>
        <type>IntroReferral</type>
        <actionCode>1000</actionCode>
      </item>
      <actionByCounts>
        <houseOfRepresentatives>3</houseOfRepresentatives>
      </actionByCounts>
      <actionTypeCounts>
        <billReferrals>1</billReferrals>
        <introducedInHouse>1</introducedInHouse>
        <introducedInTheHouse>1</introducedInTheHouse>
      </actionTypeCounts>
    </actions>
    <recordedVotes />
    <laws />
    <cosponsors />
    <titles>
      <item>
        <chamberCode />
        <titleType>Short Titles as Introduced</titleType>
        <chamberName />
        <title>Tobacco Excise Tax and Parity Act of 2017</title>
        <parentTitleType />
      </item>
      <item>
        <chamberCode />
        <titleType>Official Title as Introduced</titleType>
        <chamberName />
        <title>To amend the Internal Revenue Code of 1986 to reform and enforce taxation of tobacco products.</title>
        <parentTitleType />
      </item>
      <item>
        <chamberCode />
        <titleType>Display Title</titleType>
        <chamberName />
        <title>Tobacco Excise Tax and Parity Act of 2017</title>
        <parentTitleType />
      </item>
      <item>
        <chamberCode />
        <titleType>(Extracted from GPO) Short Titles as Introduced</titleType>
        <chamberName />
        <title>Tobacco Excise Tax and Parity Act of 2017</title>
        <parentTitleType />
      </item>
    </titles>
    <updateDate>2018-08-28T20:00:39Z</updateDate>
    <calendarNumbers />
    <billType>HR</billType>
    <summaries>
      <billSummaries>
        <item>
          <updateDate>2017-01-30T05:00:00Z</updateDate>
          <actionDate>2017-01-30</actionDate>
          <versionCode>00</versionCode>
          <name>Introduced in House</name>
          <text><![CDATA[<p><strong></strong><b>Tobacco Excise Tax and Parity Act of 2017</b></p> <p> This bill amends the Internal Revenue Code, with respect to the taxation of tobacco products, to: </p> <ul> <li> increase or equalize excise taxes on small cigars, cigarettes, pipe tobacco, roll-your-own tobacco, large cigars, and smokeless tobacco;</li> <li>impose an excise tax on smokeless tobacco sold in discrete single-use units;</li> <li>tax other tobacco products at a level equivalent to the tax rate for cigarettes on an estimated per use basis;</li> <li>provide for annual inflation adjustments for excise tax rates on cigarettes and tobacco products; </li> <li> restrict the sale, lease, export, import, or delivery of tobacco production machines to persons lawfully engaged in: (1) the sale, lease, export, import, or delivery of such machines; (2) the manufacture or packaging of tobacco products or processed tobacco; or (3) the application of unique identification markings onto tobacco products or processed tobacco packages; </li> <li>specify marking and labeling requirements; </li> <li>require manufacturers, sellers, or importers of tobacco production machines to obtain permits; </li> <li>establish new criminal offenses relating to the licensing and distribution of tobacco products or processed tobacco; </li> <li>increase the civil penalty for tobacco-related infractions; and </li> <li>allow sharing of tax return information with government officials for the administration of laws relating to tobacco products and processed tobacco.</li> </ul> <p>The bill also: (1) requires the Department of the Treasury to coordinate with other government officials in addressing tobacco tax evasion and conducting other enforcement activities, (2) amends the Tariff Act of 1930 to impose a civil penalty for the importation of tobacco products and cigarette papers and tubes by fraudulent means, and (3) provides for the enforcement of this bill in Indian tribal areas.</p>]]></text>
          <lastSummaryUpdateDate>2017-04-25T20:55:41Z</lastSummaryUpdateDate>
          <actionDesc>Introduced in House</actionDesc>
        </item>
      </billSummaries>
    </summaries>
    <title>Tobacco Excise Tax and Parity Act of 2017</title>
  </bill>
  <dublinCore xmlns:dc="http://purl.org/dc/elements/1.1/">
    <dc:format>text/xml</dc:format>
    <dc:language>EN</dc:language>
    <dc:rights>Pursuant to Title 17 Section 105 of the United States Code, this file is not subject to copyright protection and is in the public domain.</dc:rights>
    <dc:contributor>Congressional Research Service, Library of Congress</dc:contributor>
    <dc:description>This file contains bill summaries and statuses for federal legislation. A bill summary describes the most significant provisions of a piece of legislation and details the effects the legislative text may have on current law and federal programs. Bill summaries are authored by the Congressional Research Service (CRS) of the Library of Congress. As stated in Public Law 91-510 (2 USC 166 (d)(6)), one of the duties of CRS is "to prepare summaries and digests of bills and resolutions of a public general nature introduced in the Senate or House of Representatives". For more information, refer to the User Guide that accompanies this file.</dc:description>
  </dublinCore>
</billStatus>

