<?xml version="1.0" encoding="UTF-8"?>
<billStatus>
  <bill>
    <titles>
      <item>
        <titleType>Short Titles as Introduced</titleType>
        <chamberName />
        <chamberCode />
        <parentTitleType />
        <title>No Fly for Terrorists Act</title>
      </item>
      <item>
        <titleType>Official Title as Introduced</titleType>
        <chamberName />
        <chamberCode />
        <parentTitleType />
        <title>To limit the authority of personnel of the Department of Homeland Security to prohibit a citizen or permanent resident of the United States from boarding as a passenger on an aircraft or cruise ship based on inclusion of the individual in a watchlist, and for other purposes.</title>
      </item>
      <item>
        <titleType>Display Title</titleType>
        <chamberName />
        <chamberCode />
        <parentTitleType />
        <title>No Fly for Terrorists Act</title>
      </item>
      <item>
        <titleType>(Extracted from GPO) Short Titles as Introduced</titleType>
        <chamberName />
        <chamberCode />
        <parentTitleType />
        <title>No Fly for Terrorists Act</title>
      </item>
    </titles>
    <notes />
    <latestAction>
      <links />
      <text>Referred to the Subcommittee on Transportation and Protective Security.</text>
      <actionDate>2017-02-02</actionDate>
    </latestAction>
    <constitutionalAuthorityStatementText><![CDATA[<pre>From the Congressional Record Online through the Government Publishing Office [<a href='http://www.gpo.gov'>www.gpo.gov</a>]By Mr. AMASH:H.R. 248.Congress has the power to enact this legislation pursuantto the following:The Due Process Clause (``[N]or shall any person . . . bedeprived of life, liberty, or property, without due processof law . . . .'')Article I, Section 8, Clause 18 (``The Congress shall havePower . . . To make all Laws which shall be necessary andproper for carrying into Execution . . . all other Powersvested by this Constitution in the Government of the UnitedStates or in any Department or Officer thereof.'')[Page H96]</pre>]]></constitutionalAuthorityStatementText>
    <committees>
      <billCommittees>
        <item>
          <chamber>House</chamber>
          <systemCode>hshm00</systemCode>
          <subcommittees>
            <item>
              <systemCode>hshm07</systemCode>
              <name>Transportation Security Subcommittee</name>
              <activities>
                <item>
                  <name>Referred to</name>
                  <date>2017-02-02T14:25:21Z</date>
                </item>
              </activities>
            </item>
          </subcommittees>
          <type>Standing</type>
          <name>Homeland Security Committee</name>
          <activities>
            <item>
              <name>Referred to</name>
              <date>2017-01-04T15:04:15Z</date>
            </item>
          </activities>
        </item>
      </billCommittees>
    </committees>
    <actions>
      <item>
        <actionDate>2017-02-02</actionDate>
        <committee>
          <systemCode>hshm07</systemCode>
          <name>Transportation Security Subcommittee</name>
        </committee>
        <links />
        <sourceSystem>
          <code>1</code>
          <name>House committee actions</name>
        </sourceSystem>
        <text>Referred to the Subcommittee on Transportation and Protective Security.</text>
        <type>Committee</type>
      </item>
      <item>
        <actionDate>2017-01-04</actionDate>
        <links />
        <sourceSystem>
          <code>2</code>
          <name>House floor actions</name>
        </sourceSystem>
        <committee>
          <systemCode>hshm00</systemCode>
          <name>Homeland Security Committee</name>
        </committee>
        <text>Referred to the House Committee on Homeland Security.</text>
        <type>IntroReferral</type>
        <actionCode>H11100</actionCode>
      </item>
      <item>
        <actionDate>2017-01-04</actionDate>
        <links />
        <sourceSystem>
          <code>9</code>
          <name>Library of Congress</name>
        </sourceSystem>
        <committee />
        <text>Introduced in House</text>
        <type>IntroReferral</type>
        <actionCode>Intro-H</actionCode>
      </item>
      <item>
        <actionDate>2017-01-04</actionDate>
        <links />
        <sourceSystem>
          <code>9</code>
          <name>Library of Congress</name>
        </sourceSystem>
        <committee />
        <text>Introduced in House</text>
        <type>IntroReferral</type>
        <actionCode>1000</actionCode>
      </item>
      <actionByCounts>
        <houseOfRepresentatives>4</houseOfRepresentatives>
      </actionByCounts>
      <actionTypeCounts>
        <billReferrals>1</billReferrals>
        <introducedInHouse>1</introducedInHouse>
        <placeholderTextForH>1</placeholderTextForH>
        <introducedInTheHouse>1</introducedInTheHouse>
      </actionTypeCounts>
    </actions>
    <policyArea>
      <name>Transportation and Public Works</name>
    </policyArea>
    <sponsors>
      <item>
        <fullName>Rep. Amash, Justin [R-MI-3]</fullName>
        <party>R</party>
        <bioguideId>A000367</bioguideId>
        <identifiers>
          <lisID>2029</lisID>
          <bioguideId>A000367</bioguideId>
          <gpoId>7988</gpoId>
        </identifiers>
        <lastName>Amash</lastName>
        <district>3</district>
        <middleName />
        <firstName>Justin</firstName>
        <byRequestType />
        <state>MI</state>
      </item>
    </sponsors>
    <recordedVotes />
    <updateDate>2018-08-28T19:58:33Z</updateDate>
    <billNumber>248</billNumber>
    <title>No Fly for Terrorists Act</title>
    <relatedBills />
    <amendments />
    <version>1.0.0</version>
    <laws />
    <cboCostEstimates />
    <billType>HR</billType>
    <createDate>2017-01-05T04:47:32Z</createDate>
    <originChamber>House</originChamber>
    <summaries>
      <billSummaries>
        <item>
          <updateDate>2017-01-04T05:00:00Z</updateDate>
          <lastSummaryUpdateDate>2017-01-30T22:48:28Z</lastSummaryUpdateDate>
          <text><![CDATA[<p><strong>No Fly for Terrorists Act</strong></p> <p>This bill amends federal transportation provisions and the Intelligence Reform and Terrorism Prevention Act of 2004 to prohibit Department of Homeland Security personnel from prohibiting a citizen or permanent resident of the United States from boarding a flight or a cruise ship as a passenger based on his or her inclusion on any no fly list, no transport list, automatic selectee list, consolidated and integrated terrorist watchlist, or other similar list maintained by the government unless the individual has been convicted of a federal crime of terrorism.</p>]]></text>
          <actionDate>2017-01-04</actionDate>
          <actionDesc>Introduced in House</actionDesc>
          <name>Introduced in House</name>
          <versionCode>00</versionCode>
        </item>
      </billSummaries>
    </summaries>
    <committeeReports />
    <calendarNumbers />
    <cosponsors />
    <introducedDate>2017-01-04</introducedDate>
    <congress>115</congress>
    <subjects>
      <billSubjects>
        <policyArea>
          <name>Transportation and Public Works</name>
        </policyArea>
        <legislativeSubjects>
          <item>
            <name>Aviation and airports</name>
          </item>
          <item>
            <name>Criminal justice information and records</name>
          </item>
          <item>
            <name>Marine and inland water transportation</name>
          </item>
          <item>
            <name>Terrorism</name>
          </item>
          <item>
            <name>Transportation safety and security</name>
          </item>
          <item>
            <name>Travel and tourism</name>
          </item>
        </legislativeSubjects>
      </billSubjects>
    </subjects>
  </bill>
  <dublinCore xmlns:dc="http://purl.org/dc/elements/1.1/">
    <dc:format>text/xml</dc:format>
    <dc:language>EN</dc:language>
    <dc:rights>Pursuant to Title 17 Section 105 of the United States Code, this file is not subject to copyright protection and is in the public domain.</dc:rights>
    <dc:contributor>Congressional Research Service, Library of Congress</dc:contributor>
    <dc:description>This file contains bill summaries and statuses for federal legislation. A bill summary describes the most significant provisions of a piece of legislation and details the effects the legislative text may have on current law and federal programs. Bill summaries are authored by the Congressional Research Service (CRS) of the Library of Congress. As stated in Public Law 91-510 (2 USC 166 (d)(6)), one of the duties of CRS is "to prepare summaries and digests of bills and resolutions of a public general nature introduced in the Senate or House of Representatives". For more information, refer to the User Guide that accompanies this file.</dc:description>
  </dublinCore>
</billStatus>

