<?xml version="1.0" encoding="UTF-8"?>
<billStatus>
  <bill>
    <updateDate>2017-01-17T22:31:15Z</updateDate>
    <relatedBills />
    <policyArea>
      <name>Health</name>
    </policyArea>
    <calendarNumbers />
    <cboCostEstimates />
    <committeeReports />
    <sponsors>
      <item>
        <bioguideId>H000324</bioguideId>
        <middleName>L.</middleName>
        <party>D</party>
        <firstName>ALCEE</firstName>
        <lastName>HASTINGS</lastName>
        <district>20</district>
        <fullName>Rep. Hastings, Alcee L. [D-FL-20]</fullName>
        <identifiers>
          <lisID>511</lisID>
          <gpoId>7895</gpoId>
          <bioguideId>H000324</bioguideId>
        </identifiers>
        <state>FL</state>
        <byRequestType />
      </item>
    </sponsors>
    <latestAction>
      <actionDate>2017-01-03</actionDate>
      <text>Referred to House Ways and Means</text>
      <links />
    </latestAction>
    <summaries>
      <billSummaries>
        <item>
          <versionCode>00</versionCode>
          <lastSummaryUpdateDate>2017-01-17T22:22:28Z</lastSummaryUpdateDate>
          <actionDesc>Introduced in House</actionDesc>
          <text><![CDATA[<p><strong>Restoring the Partnership for County Health Care Costs Act of 2017</strong></p> <p>This bill amends titles XVI (Supplemental Security Income [SSI]), XVIII (Medicare), XIX (Medicaid), and XXI (Children's Health Insurance Program [CHIP]) to allow an otherwise eligible individual who&nbsp;is in custody pending charges to receive SSI, Medicare, Medicaid, or CHIP benefits.</p> <p>Any SSI benefits payable to such an individual: (1)&nbsp;must be withheld until the individual is no longer in custody;&nbsp;and (2) if the individual dies while in custody, shall be paid to the individual's estate.&nbsp;</p>]]></text>
          <actionDate>2017-01-03</actionDate>
          <updateDate>2017-01-03T05:00:00Z</updateDate>
          <name>Introduced in House</name>
        </item>
      </billSummaries>
    </summaries>
    <billType>HR</billType>
    <constitutionalAuthorityStatementText />
    <createDate>2017-01-04T07:01:12Z</createDate>
    <originChamber>House</originChamber>
    <introducedDate>2017-01-03</introducedDate>
    <titles>
      <item>
        <parentTitleType />
        <chamberName />
        <titleType>Short Titles as Introduced</titleType>
        <title>Restoring the Partnership for County Health Care Costs Act of 2017</title>
        <chamberCode />
      </item>
      <item>
        <parentTitleType />
        <chamberName />
        <titleType>Official Title as Introduced</titleType>
        <title>To amend titles XVI, XVIII, XIX, and XXI of the Social Security Act to remove limitations on Medicaid, Medicare, SSI, and CHIP benefits for persons in custody pending disposition of charges.</title>
        <chamberCode />
      </item>
      <item>
        <parentTitleType />
        <chamberName />
        <titleType>Display Title</titleType>
        <title>Restoring the Partnership for County Health Care Costs Act of 2017</title>
        <chamberCode />
      </item>
    </titles>
    <committees>
      <billCommittees>
        <item>
          <type>Standing</type>
          <subcommittees />
          <systemCode>hswm00</systemCode>
          <name>Ways and Means Committee</name>
          <chamber>House</chamber>
          <activities>
            <item>
              <date>2017-01-03T17:14:45Z</date>
              <name>Referred to</name>
            </item>
          </activities>
        </item>
        <item>
          <type>Standing</type>
          <subcommittees />
          <systemCode>hsif00</systemCode>
          <name>Energy and Commerce Committee</name>
          <chamber>House</chamber>
          <activities>
            <item>
              <date>2017-01-03T17:14:40Z</date>
              <name>Referred to</name>
            </item>
          </activities>
        </item>
      </billCommittees>
    </committees>
    <cosponsors>
      <item>
        <sponsorshipDate>2017-01-06</sponsorshipDate>
        <isOriginalCosponsor>False</isOriginalCosponsor>
        <district>3</district>
        <bioguideId>G000551</bioguideId>
        <identifiers>
          <gpoId>7804</gpoId>
          <lisID>1708</lisID>
          <bioguideId>G000551</bioguideId>
        </identifiers>
        <firstName>Raul</firstName>
        <sponsorshipWithdrawnDate />
        <party>D</party>
        <fullName>Rep. Grijalva, Raul M. [D-AZ-3]</fullName>
        <state>AZ</state>
        <middleName>M.</middleName>
        <lastName>Grijalva</lastName>
      </item>
      <item>
        <sponsorshipDate>2017-01-11</sponsorshipDate>
        <isOriginalCosponsor>False</isOriginalCosponsor>
        <district>0</district>
        <bioguideId>N000147</bioguideId>
        <identifiers>
          <bioguideId>N000147</bioguideId>
          <gpoId>7871</gpoId>
          <lisID>868</lisID>
        </identifiers>
        <firstName>ELEANOR</firstName>
        <sponsorshipWithdrawnDate />
        <party>D</party>
        <fullName>Rep. Norton, Eleanor Holmes [D-DC-At Large]</fullName>
        <state>DC</state>
        <middleName>HOLMES</middleName>
        <lastName>NORTON</lastName>
      </item>
      <item>
        <sponsorshipDate>2017-01-11</sponsorshipDate>
        <isOriginalCosponsor>False</isOriginalCosponsor>
        <district>9</district>
        <bioguideId>S001200</bioguideId>
        <identifiers>
          <gpoId />
          <lisID>2319</lisID>
          <bioguideId>S001200</bioguideId>
        </identifiers>
        <firstName>Darren</firstName>
        <sponsorshipWithdrawnDate />
        <party>D</party>
        <fullName>Rep. Soto, Darren [D-FL-9]</fullName>
        <state>FL</state>
        <middleName />
        <lastName>Soto</lastName>
      </item>
    </cosponsors>
    <notes />
    <amendments />
    <actions>
      <actionByCounts>
        <houseOfRepresentatives>5</houseOfRepresentatives>
      </actionByCounts>
      <actionTypeCounts>
        <introducedInTheHouse>1</introducedInTheHouse>
        <billReferrals>2</billReferrals>
        <billReferralsAggregate>1</billReferralsAggregate>
        <introducedInHouse>1</introducedInHouse>
      </actionTypeCounts>
      <item>
        <sourceSystem>
          <name>House floor actions</name>
          <code>2</code>
        </sourceSystem>
        <text>Referred to House Ways and Means</text>
        <links />
        <type>IntroReferral</type>
        <actionCode>H11100</actionCode>
        <actionDate>2017-01-03</actionDate>
        <committee>
          <name>Ways and Means Committee</name>
          <systemCode>hswm00</systemCode>
        </committee>
      </item>
      <item>
        <sourceSystem>
          <name>Library of Congress</name>
          <code>9</code>
        </sourceSystem>
        <text>Referred to the Committee on Energy and Commerce, and in addition to the Committee on Ways and Means, for a period to be subsequently determined by the Speaker, in each case for consideration of such provisions as fall within the jurisdiction of the committee concerned.</text>
        <links />
        <type>IntroReferral</type>
        <actionCode>H11100-A</actionCode>
        <actionDate>2017-01-03</actionDate>
        <committee />
      </item>
      <item>
        <sourceSystem>
          <name>House floor actions</name>
          <code>2</code>
        </sourceSystem>
        <text>Referred to House Energy and Commerce</text>
        <links />
        <type>IntroReferral</type>
        <actionCode>H11100</actionCode>
        <actionDate>2017-01-03</actionDate>
        <committee>
          <name>Energy and Commerce Committee</name>
          <systemCode>hsif00</systemCode>
        </committee>
      </item>
      <item>
        <sourceSystem>
          <name>Library of Congress</name>
          <code>9</code>
        </sourceSystem>
        <text>Introduced in House</text>
        <links />
        <type>IntroReferral</type>
        <actionCode>Intro-H</actionCode>
        <actionDate>2017-01-03</actionDate>
        <committee />
      </item>
      <item>
        <sourceSystem>
          <name>Library of Congress</name>
          <code>9</code>
        </sourceSystem>
        <text>Introduced in House</text>
        <links />
        <type>IntroReferral</type>
        <actionCode>1000</actionCode>
        <actionDate>2017-01-03</actionDate>
        <committee />
      </item>
    </actions>
    <congress>115</congress>
    <subjects>
      <billSubjects>
        <legislativeSubjects>
          <item>
            <name>Child health</name>
          </item>
          <item>
            <name>Correctional facilities and imprisonment</name>
          </item>
          <item>
            <name>Health care costs and insurance</name>
          </item>
          <item>
            <name>Health care coverage and access</name>
          </item>
          <item>
            <name>Medicaid</name>
          </item>
          <item>
            <name>Medicare</name>
          </item>
          <item>
            <name>Poverty and welfare assistance</name>
          </item>
        </legislativeSubjects>
        <policyArea>
          <name>Health</name>
        </policyArea>
      </billSubjects>
    </subjects>
    <billNumber>165</billNumber>
    <recordedVotes />
    <title>Restoring the Partnership for County Health Care Costs Act of 2017</title>
    <laws />
  </bill>
  <dublinCore xmlns:dc="http://purl.org/dc/elements/1.1/">
    <dc:format>text/xml</dc:format>
    <dc:language>EN</dc:language>
    <dc:rights>Pursuant to Title 17 Section 105 of the United States Code, this file is not subject to copyright protection and is in the public domain.</dc:rights>
    <dc:contributor>Congressional Research Service, Library of Congress</dc:contributor>
    <dc:description>This file contains bill summaries and statuses for federal legislation. A bill summary describes the most significant provisions of a piece of legislation and details the effects the legislative text may have on current law and federal programs. Bill summaries are authored by the Congressional Research Service (CRS) of the Library of Congress. As stated in Public Law 91-510 (2 USC 166 (d)(6)), one of the duties of CRS is "to prepare summaries and digests of bills and resolutions of a public general nature introduced in the Senate or House of Representatives". For more information, refer to the User Guide that accompanies this file.</dc:description>
  </dublinCore>
</billStatus>

