<?xml version="1.0" encoding="UTF-8"?>
<billStatus>
  <bill>
    <committeeReports>
      <committeeReport>
        <citation>H. Rept. 115-715</citation>
      </committeeReport>
    </committeeReports>
    <updateDate>2018-08-28T20:17:52Z</updateDate>
    <laws />
    <billType>HR</billType>
    <subjects>
      <billSubjects>
        <policyArea>
          <name>Health</name>
        </policyArea>
        <legislativeSubjects>
          <item>
            <name>Alternative treatments</name>
          </item>
          <item>
            <name>Drug therapy</name>
          </item>
          <item>
            <name>Drug trafficking and controlled substances</name>
          </item>
          <item>
            <name>Government information and archives</name>
          </item>
          <item>
            <name>Health promotion and preventive care</name>
          </item>
          <item>
            <name>Medicare</name>
          </item>
          <item>
            <name>Prescription drugs</name>
          </item>
        </legislativeSubjects>
      </billSubjects>
    </subjects>
    <policyArea>
      <name>Health</name>
    </policyArea>
    <recordedVotes />
    <originChamber>House</originChamber>
    <latestAction>
      <text>Received in the Senate and Read twice and referred to the Committee on Finance.</text>
      <links />
      <actionDate>2018-06-13</actionDate>
    </latestAction>
    <constitutionalAuthorityStatementText><![CDATA[<pre>[Congressional Record Volume 164, Number 73 (Monday, May 7, 2018)]From the Congressional Record Online through the Government Publishing Office [<a href='http://www.gpo.gov'>www.gpo.gov</a>]By Mr. FASO:H.R. 5685.Congress has the power to enact this legislation pursuantto the following:Article 1, Section 8 of the United States Constitution[Page H3782]</pre>]]></constitutionalAuthorityStatementText>
    <billNumber>5685</billNumber>
    <committees>
      <billCommittees>
        <item>
          <activities>
            <item>
              <name>Referred to</name>
              <date>2018-06-13T17:20:12Z</date>
            </item>
          </activities>
          <name>Finance Committee</name>
          <type>Standing</type>
          <chamber>Senate</chamber>
          <subcommittees />
          <systemCode>ssfi00</systemCode>
        </item>
        <item>
          <activities>
            <item>
              <name>Reported by</name>
              <date>2018-06-08T16:20:04Z</date>
            </item>
            <item>
              <name>Markup by</name>
              <date>2018-05-09T15:44:00Z</date>
            </item>
            <item>
              <name>Referred to</name>
              <date>2018-05-07T16:02:25Z</date>
            </item>
          </activities>
          <name>Energy and Commerce Committee</name>
          <type>Standing</type>
          <chamber>House</chamber>
          <subcommittees />
          <systemCode>hsif00</systemCode>
        </item>
        <item>
          <activities>
            <item>
              <name>Referred to</name>
              <date>2018-05-07T16:02:20Z</date>
            </item>
          </activities>
          <name>Ways and Means Committee</name>
          <type>Standing</type>
          <chamber>House</chamber>
          <subcommittees>
            <item>
              <activities>
                <item>
                  <name>Referred to</name>
                  <date>2018-05-11T16:58:10Z</date>
                </item>
              </activities>
              <name>Health Subcommittee</name>
              <systemCode>hswm02</systemCode>
            </item>
          </subcommittees>
          <systemCode>hswm00</systemCode>
        </item>
      </billCommittees>
    </committees>
    <introducedDate>2018-05-07</introducedDate>
    <cosponsors>
      <item>
        <middleName>B.</middleName>
        <identifiers>
          <lisID>2048</lisID>
          <bioguideId>R000586</bioguideId>
          <gpoId>8106</gpoId>
        </identifiers>
        <firstName>James</firstName>
        <state>OH</state>
        <bioguideId>R000586</bioguideId>
        <district>16</district>
        <fullName>Rep. Renacci, James B. [R-OH-16]</fullName>
        <isOriginalCosponsor>True</isOriginalCosponsor>
        <party>R</party>
        <sponsorshipWithdrawnDate />
        <lastName>Renacci</lastName>
        <sponsorshipDate>2018-05-07</sponsorshipDate>
      </item>
      <item>
        <middleName />
        <identifiers>
          <lisID>1879</lisID>
          <bioguideId>W000800</bioguideId>
          <gpoId>8204</gpoId>
        </identifiers>
        <firstName>Peter</firstName>
        <state>VT</state>
        <bioguideId>W000800</bioguideId>
        <district>0</district>
        <fullName>Rep. Welch, Peter [D-VT-At Large]</fullName>
        <isOriginalCosponsor>True</isOriginalCosponsor>
        <party>D</party>
        <sponsorshipWithdrawnDate />
        <lastName>Welch</lastName>
        <sponsorshipDate>2018-05-07</sponsorshipDate>
      </item>
      <item>
        <middleName />
        <identifiers>
          <bioguideId>S001176</bioguideId>
          <lisID>1892</lisID>
          <gpoId>7959</gpoId>
        </identifiers>
        <firstName>Steve</firstName>
        <state>LA</state>
        <bioguideId>S001176</bioguideId>
        <district>1</district>
        <fullName>Rep. Scalise, Steve [R-LA-1]</fullName>
        <isOriginalCosponsor>False</isOriginalCosponsor>
        <party>R</party>
        <sponsorshipWithdrawnDate />
        <lastName>Scalise</lastName>
        <sponsorshipDate>2018-05-08</sponsorshipDate>
      </item>
      <item>
        <middleName />
        <identifiers>
          <lisID>1748</lisID>
          <bioguideId>B001243</bioguideId>
          <gpoId>8154</gpoId>
        </identifiers>
        <firstName>Marsha</firstName>
        <state>TN</state>
        <bioguideId>B001243</bioguideId>
        <district>7</district>
        <fullName>Rep. Blackburn, Marsha [R-TN-7]</fullName>
        <isOriginalCosponsor>False</isOriginalCosponsor>
        <party>R</party>
        <sponsorshipWithdrawnDate />
        <lastName>Blackburn</lastName>
        <sponsorshipDate>2018-05-09</sponsorshipDate>
      </item>
      <item>
        <middleName />
        <identifiers>
          <lisID>1596</lisID>
          <gpoId>8115</gpoId>
          <bioguideId>W000791</bioguideId>
        </identifiers>
        <firstName>GREG</firstName>
        <state>OR</state>
        <bioguideId>W000791</bioguideId>
        <district>2</district>
        <fullName>Rep. Walden, Greg [R-OR-2]</fullName>
        <isOriginalCosponsor>False</isOriginalCosponsor>
        <party>R</party>
        <sponsorshipWithdrawnDate />
        <lastName>WALDEN</lastName>
        <sponsorshipDate>2018-05-23</sponsorshipDate>
      </item>
      <item>
        <middleName />
        <identifiers>
          <lisID>1915</lisID>
          <gpoId>7887</gpoId>
          <bioguideId>P000599</bioguideId>
        </identifiers>
        <firstName>Bill</firstName>
        <state>FL</state>
        <bioguideId>P000599</bioguideId>
        <district>8</district>
        <fullName>Rep. Posey, Bill [R-FL-8]</fullName>
        <isOriginalCosponsor>False</isOriginalCosponsor>
        <party>R</party>
        <sponsorshipWithdrawnDate />
        <lastName>Posey</lastName>
        <sponsorshipDate>2018-06-01</sponsorshipDate>
      </item>
    </cosponsors>
    <notes />
    <relatedBills>
      <item>
        <latestTitle>SUPPORT for Patients and Communities Act</latestTitle>
        <number>6</number>
        <latestAction>
          <text>Read the second time. Placed on Senate Legislative Calendar under General Orders. Calendar No. 485.</text>
          <actionDate>2018-06-26</actionDate>
        </latestAction>
        <type>HR</type>
        <congress>115</congress>
        <relationshipDetails>
          <item>
            <identifiedBy>CRS</identifiedBy>
            <type>Related bill</type>
          </item>
        </relationshipDetails>
      </item>
      <item>
        <latestTitle>Informing Seniors about Opioids Act of 2018</latestTitle>
        <number>2707</number>
        <latestAction>
          <text>Read twice and referred to the Committee on Finance.</text>
          <actionDate>2018-04-18</actionDate>
        </latestAction>
        <type>S</type>
        <congress>115</congress>
        <relationshipDetails>
          <item>
            <identifiedBy>CRS</identifiedBy>
            <type>Related bill</type>
          </item>
        </relationshipDetails>
      </item>
    </relatedBills>
    <title>Medicare Opioid Safety Education Act of 2018</title>
    <sponsors>
      <item>
        <district>19</district>
        <fullName>Rep. Faso, John J. [R-NY-19]</fullName>
        <firstName>John</firstName>
        <lastName>Faso</lastName>
        <state>NY</state>
        <bioguideId>F000464</bioguideId>
        <party>R</party>
        <identifiers>
          <gpoId />
          <lisID>2343</lisID>
          <bioguideId>F000464</bioguideId>
        </identifiers>
        <byRequestType />
        <middleName>J.</middleName>
      </item>
    </sponsors>
    <congress>115</congress>
    <version>1.0.0</version>
    <amendments />
    <titles>
      <item>
        <titleType>Short Titles as Passed House</titleType>
        <chamberName>House</chamberName>
        <chamberCode>H</chamberCode>
        <parentTitleType>Short Titles House of Representatives</parentTitleType>
        <title>Medicare Opioid Safety Education Act of 2018</title>
      </item>
      <item>
        <titleType>Short Titles as Reported to House</titleType>
        <chamberName>House</chamberName>
        <chamberCode>H</chamberCode>
        <parentTitleType>Short Titles House of Representatives</parentTitleType>
        <title>Medicare Opioid Safety Education Act of 2018</title>
      </item>
      <item>
        <titleType>Short Titles as Introduced</titleType>
        <chamberName />
        <chamberCode />
        <parentTitleType />
        <title>Medicare Opioid Safety Education Act of 2018</title>
      </item>
      <item>
        <titleType>Official Title as Introduced</titleType>
        <chamberName />
        <chamberCode />
        <parentTitleType />
        <title>To amend title XVIII of the Social Security Act to provide educational resources regarding opioid use and pain management as part of the Medicare &amp; You handbook.</title>
      </item>
      <item>
        <titleType>Display Title</titleType>
        <chamberName />
        <chamberCode />
        <parentTitleType />
        <title>Medicare Opioid Safety Education Act of 2018</title>
      </item>
      <item>
        <titleType>(Extracted from GPO) Short Titles as Passed House</titleType>
        <chamberName>House</chamberName>
        <chamberCode>H</chamberCode>
        <parentTitleType />
        <title>Medicare Opioid Safety Education Act of 2018</title>
      </item>
      <item>
        <titleType>(Extracted from GPO) Short Titles as Introduced</titleType>
        <chamberName />
        <chamberCode />
        <parentTitleType />
        <title>Medicare Opioid Safety Education Act of 2018</title>
      </item>
    </titles>
    <createDate>2018-05-08T07:10:54Z</createDate>
    <cboCostEstimates>
      <item>
        <pubDate>2018-06-11T19:56:00Z</pubDate>
        <url>https://www.cbo.gov/publication/54001</url>
        <title>H.R. 5685, the Medicare Opioid Safety Education Act of 2018</title>
      </item>
    </cboCostEstimates>
    <calendarNumbers />
    <actions>
      <item>
        <actionDate>2018-06-13</actionDate>
        <committee>
          <systemCode>ssfi00</systemCode>
          <name>Finance Committee</name>
        </committee>
        <links />
        <sourceSystem>
          <code>0</code>
          <name>Senate</name>
        </sourceSystem>
        <text>Received in the Senate and Read twice and referred to the Committee on Finance.</text>
        <type>IntroReferral</type>
      </item>
      <item>
        <text>Motion to reconsider laid on the table Agreed to without objection.</text>
        <actionTime>17:31:58</actionTime>
        <type>Floor</type>
        <committee />
        <sourceSystem>
          <code>2</code>
          <name>House floor actions</name>
        </sourceSystem>
        <links />
        <actionCode>H38310</actionCode>
        <actionDate>2018-06-12</actionDate>
      </item>
      <item>
        <text>On motion to suspend the rules and pass the bill Agreed to by voice vote. (text: CR H5064)</text>
        <actionTime>17:31:55</actionTime>
        <type>Floor</type>
        <committee />
        <sourceSystem>
          <code>2</code>
          <name>House floor actions</name>
        </sourceSystem>
        <links>
          <link>
            <name>H5064</name>
            <url>https://www.congress.gov/congressional-record/volume-164/house-section/page/H5064</url>
          </link>
        </links>
        <actionCode>H37300</actionCode>
        <actionDate>2018-06-12</actionDate>
      </item>
      <item>
        <text>Passed/agreed to in House: On motion to suspend the rules and pass the bill Agreed to by voice vote.</text>
        <actionTime>17:31:55</actionTime>
        <type>Floor</type>
        <committee />
        <sourceSystem>
          <code>9</code>
          <name>Library of Congress</name>
        </sourceSystem>
        <links />
        <actionCode>8000</actionCode>
        <actionDate>2018-06-12</actionDate>
      </item>
      <item>
        <text>DEBATE - The House proceeded with forty minutes of debate on H.R. 5685.</text>
        <actionTime>17:24:54</actionTime>
        <type>Floor</type>
        <committee />
        <sourceSystem>
          <code>2</code>
          <name>House floor actions</name>
        </sourceSystem>
        <links>
          <link>
            <name>H.R. 5685</name>
            <url>https://www.congress.gov/bill/115th-congress/house-bill/5685</url>
          </link>
        </links>
        <actionCode>H8D000</actionCode>
        <actionDate>2018-06-12</actionDate>
      </item>
      <item>
        <text>Considered under suspension of the rules. (consideration: CR H5064-5066)</text>
        <actionTime>17:24:53</actionTime>
        <type>Floor</type>
        <committee />
        <sourceSystem>
          <code>2</code>
          <name>House floor actions</name>
        </sourceSystem>
        <links>
          <link>
            <name>H5064-5066</name>
            <url>https://www.congress.gov/congressional-record/volume-164/house-section/page/H5064-5066</url>
          </link>
        </links>
        <actionCode>H30000</actionCode>
        <actionDate>2018-06-12</actionDate>
      </item>
      <item>
        <text>Mr. Walden moved to suspend the rules and pass the bill.</text>
        <actionTime>17:24:34</actionTime>
        <type>Floor</type>
        <committee />
        <sourceSystem>
          <code>2</code>
          <name>House floor actions</name>
        </sourceSystem>
        <links />
        <actionCode>H30300</actionCode>
        <actionDate>2018-06-12</actionDate>
      </item>
      <item>
        <text>Reported by the Committee on Energy and Commerce. H. Rept. 115-715, Part I.</text>
        <type>Committee</type>
        <committee>
          <systemCode>hsif00</systemCode>
          <name>Energy and Commerce Committee</name>
        </committee>
        <actionDate>2018-06-08</actionDate>
        <links>
          <link>
            <name>H. Rept. 115-715</name>
            <url>https://www.congress.gov/congressional-report/115th-congress/house-report/715</url>
          </link>
        </links>
        <actionCode>H12200</actionCode>
        <sourceSystem>
          <code>2</code>
          <name>House floor actions</name>
        </sourceSystem>
      </item>
      <item>
        <text>Reported by the Committee on Energy and Commerce. H. Rept. 115-715, Part I.</text>
        <type>Committee</type>
        <committee>
          <systemCode>hsif00</systemCode>
          <name>Energy and Commerce Committee</name>
        </committee>
        <actionDate>2018-06-08</actionDate>
        <links>
          <link>
            <name>H. Rept. 115-715</name>
            <url>https://www.congress.gov/congressional-report/115th-congress/house-report/715</url>
          </link>
        </links>
        <actionCode>5000</actionCode>
        <sourceSystem>
          <code>9</code>
          <name>Library of Congress</name>
        </sourceSystem>
      </item>
      <item>
        <actionDate>2018-05-11</actionDate>
        <committee>
          <systemCode>hswm02</systemCode>
          <name>Health Subcommittee</name>
        </committee>
        <links />
        <sourceSystem>
          <code>1</code>
          <name>House committee actions</name>
        </sourceSystem>
        <text>Referred to the Subcommittee on Health.</text>
        <type>Committee</type>
      </item>
      <item>
        <actionDate>2018-05-09</actionDate>
        <committee>
          <systemCode>hsif00</systemCode>
          <name>Energy and Commerce Committee</name>
        </committee>
        <links />
        <sourceSystem>
          <code>1</code>
          <name>House committee actions</name>
        </sourceSystem>
        <text>Ordered to be Reported by Voice Vote.</text>
        <type>Committee</type>
      </item>
      <item>
        <actionDate>2018-05-09</actionDate>
        <committee>
          <systemCode>hsif00</systemCode>
          <name>Energy and Commerce Committee</name>
        </committee>
        <links />
        <sourceSystem>
          <code>1</code>
          <name>House committee actions</name>
        </sourceSystem>
        <text>Committee Consideration and Mark-up Session Held.</text>
        <type>Committee</type>
      </item>
      <item>
        <text>Referred to the Committee on Ways and Means, and in addition to the Committee on Energy and Commerce, for a period to be subsequently determined by the Speaker, in each case for consideration of such provisions as fall within the jurisdiction of the committee concerned.</text>
        <type>IntroReferral</type>
        <committee>
          <systemCode>hsif00</systemCode>
          <name>Energy and Commerce Committee</name>
        </committee>
        <actionDate>2018-05-07</actionDate>
        <links />
        <actionCode>H11100</actionCode>
        <sourceSystem>
          <code>2</code>
          <name>House floor actions</name>
        </sourceSystem>
      </item>
      <item>
        <text>Referred to the Committee on Ways and Means, and in addition to the Committee on Energy and Commerce, for a period to be subsequently determined by the Speaker, in each case for consideration of such provisions as fall within the jurisdiction of the committee concerned.</text>
        <type>IntroReferral</type>
        <committee>
          <systemCode>hswm00</systemCode>
          <name>Ways and Means Committee</name>
        </committee>
        <actionDate>2018-05-07</actionDate>
        <links />
        <actionCode>H11100</actionCode>
        <sourceSystem>
          <code>2</code>
          <name>House floor actions</name>
        </sourceSystem>
      </item>
      <item>
        <text>Introduced in House</text>
        <type>IntroReferral</type>
        <committee />
        <actionDate>2018-05-07</actionDate>
        <links />
        <actionCode>Intro-H</actionCode>
        <sourceSystem>
          <code>9</code>
          <name>Library of Congress</name>
        </sourceSystem>
      </item>
      <item>
        <text>Introduced in House</text>
        <type>IntroReferral</type>
        <committee />
        <actionDate>2018-05-07</actionDate>
        <links />
        <actionCode>1000</actionCode>
        <sourceSystem>
          <code>9</code>
          <name>Library of Congress</name>
        </sourceSystem>
      </item>
      <actionByCounts>
        <senate>1</senate>
        <houseOfRepresentatives>15</houseOfRepresentatives>
      </actionByCounts>
      <actionTypeCounts>
        <finalPassageUnderSuspensionOfTheRulesResults>1</finalPassageUnderSuspensionOfTheRulesResults>
        <introducedInTheHouse>1</introducedInTheHouse>
        <considerationByHouse>1</considerationByHouse>
        <referredToCommittee>1</referredToCommittee>
        <billReferrals>2</billReferrals>
        <passedAgreedToInHouse>1</passedAgreedToInHouse>
        <actionStageOverride>1</actionStageOverride>
        <committeeReportOfABill>1</committeeReportOfABill>
        <motionMadeToSuspendTheRules>1</motionMadeToSuspendTheRules>
        <motionToReconsiderResults>1</motionToReconsiderResults>
        <reportedToHouse>1</reportedToHouse>
        <introducedInHouse>1</introducedInHouse>
        <placeholderTextForH>2</placeholderTextForH>
        <generalDebate>1</generalDebate>
      </actionTypeCounts>
    </actions>
    <summaries>
      <billSummaries>
        <item>
          <updateDate>2018-05-07T04:00:00Z</updateDate>
          <actionDate>2018-05-07</actionDate>
          <versionCode>00</versionCode>
          <name>Introduced in House</name>
          <text><![CDATA[<p><b>Medicare Opioid Safety Education Act of 2018</b></p> <p>This bill requires the Centers for Medicare &amp; Medicaid Services to provide Medicare beneficiaries with educational resources regarding opioid use and pain management, as well as descriptions of covered alternative (non-opioid) pain-management treatments.<br /></p>]]></text>
          <lastSummaryUpdateDate>2018-05-11T18:35:49Z</lastSummaryUpdateDate>
          <actionDesc>Introduced in House</actionDesc>
        </item>
        <item>
          <updateDate>2018-06-08T12:41:39Z</updateDate>
          <actionDate>2018-06-08</actionDate>
          <versionCode>28</versionCode>
          <name>Reported to House without amendment, Part I</name>
          <text><![CDATA[<p><b>Medicare Opioid Safety Education Act of 2018</b></p> <p>This bill requires the Centers for Medicare &amp; Medicaid Services to provide Medicare beneficiaries with educational resources regarding opioid use and pain management, as well as descriptions of covered alternative (non-opioid) pain-management treatments.<br /></p>]]></text>
          <lastSummaryUpdateDate>2018-06-15T16:53:12Z</lastSummaryUpdateDate>
          <actionDesc>Reported to House without amendment, Part I</actionDesc>
        </item>
        <item>
          <updateDate>2018-06-12T13:16:54Z</updateDate>
          <actionDate>2018-06-12</actionDate>
          <versionCode>81</versionCode>
          <name>Passed House without amendment</name>
          <text><![CDATA[<p><b>Medicare Opioid Safety Education Act of 2018</b></p> <p>(Sec. 2) This bill requires the Centers for Medicare &amp; Medicaid Services to provide Medicare beneficiaries with educational resources regarding opioid use and pain management, as well as descriptions of covered alternative (non-opioid) pain-management treatments.<br /></p>]]></text>
          <lastSummaryUpdateDate>2018-06-15T20:42:26Z</lastSummaryUpdateDate>
          <actionDesc>Passed House without amendment</actionDesc>
        </item>
      </billSummaries>
    </summaries>
  </bill>
  <dublinCore xmlns:dc="http://purl.org/dc/elements/1.1/">
    <dc:format>text/xml</dc:format>
    <dc:language>EN</dc:language>
    <dc:rights>Pursuant to Title 17 Section 105 of the United States Code, this file is not subject to copyright protection and is in the public domain.</dc:rights>
    <dc:contributor>Congressional Research Service, Library of Congress</dc:contributor>
    <dc:description>This file contains bill summaries and statuses for federal legislation. A bill summary describes the most significant provisions of a piece of legislation and details the effects the legislative text may have on current law and federal programs. Bill summaries are authored by the Congressional Research Service (CRS) of the Library of Congress. As stated in Public Law 91-510 (2 USC 166 (d)(6)), one of the duties of CRS is "to prepare summaries and digests of bills and resolutions of a public general nature introduced in the Senate or House of Representatives". For more information, refer to the User Guide that accompanies this file.</dc:description>
  </dublinCore>
</billStatus>

