<?xml version="1.0" encoding="UTF-8"?>
<billStatus>
  <bill>
    <subjects>
      <billSubjects>
        <legislativeSubjects>
          <item>
            <name>Income tax rates</name>
          </item>
          <item>
            <name>Tax administration and collection, taxpayers</name>
          </item>
        </legislativeSubjects>
        <policyArea>
          <name>Taxation</name>
        </policyArea>
      </billSubjects>
    </subjects>
    <actions>
      <actionByCounts>
        <houseOfRepresentatives>3</houseOfRepresentatives>
      </actionByCounts>
      <item>
        <actionDate>2017-01-03</actionDate>
        <type>IntroReferral</type>
        <actionCode>H11100</actionCode>
        <committee>
          <name>Ways and Means Committee</name>
          <systemCode>hswm00</systemCode>
        </committee>
        <text>Referred to the House Committee on Ways and Means.</text>
        <sourceSystem>
          <name>House floor actions</name>
          <code>2</code>
        </sourceSystem>
        <links />
      </item>
      <item>
        <actionDate>2017-01-03</actionDate>
        <type>IntroReferral</type>
        <actionCode>Intro-H</actionCode>
        <committee />
        <text>Introduced in House</text>
        <sourceSystem>
          <name>Library of Congress</name>
          <code>9</code>
        </sourceSystem>
        <links />
      </item>
      <item>
        <actionDate>2017-01-03</actionDate>
        <type>IntroReferral</type>
        <actionCode>1000</actionCode>
        <committee />
        <text>Introduced in House</text>
        <sourceSystem>
          <name>Library of Congress</name>
          <code>9</code>
        </sourceSystem>
        <links />
      </item>
      <actionTypeCounts>
        <billReferrals>1</billReferrals>
        <introducedInTheHouse>1</introducedInTheHouse>
        <introducedInHouse>1</introducedInHouse>
      </actionTypeCounts>
    </actions>
    <policyArea>
      <name>Taxation</name>
    </policyArea>
    <notes />
    <createDate>2017-01-04T07:01:11Z</createDate>
    <title>Main Street Fairness Act</title>
    <relatedBills />
    <cosponsors>
      <item>
        <middleName>J.</middleName>
        <identifiers>
          <bioguideId>W000804</bioguideId>
          <lisID>1886</lisID>
          <gpoId>8192</gpoId>
        </identifiers>
        <isOriginalCosponsor>False</isOriginalCosponsor>
        <sponsorshipWithdrawnDate />
        <party>R</party>
        <fullName>Rep. Wittman, Robert J. [R-VA-1]</fullName>
        <state>VA</state>
        <sponsorshipDate>2017-01-13</sponsorshipDate>
        <firstName>Robert</firstName>
        <lastName>Wittman</lastName>
        <district>1</district>
        <bioguideId>W000804</bioguideId>
      </item>
    </cosponsors>
    <constitutionalAuthorityStatementText />
    <cboCostEstimates />
    <updateDate>2017-01-14T09:56:27Z</updateDate>
    <laws />
    <summaries>
      <billSummaries>
        <item>
          <actionDate>2017-01-03</actionDate>
          <text><![CDATA[<p><b>Main Street Fairness Act </b></p> <p>This bill amends the Internal Revenue Code to prevent qualified business income attributed to individuals from being taxed at a higher rate than corporate income.</p> <p>(Under current law, business income attributed to individuals is taxed using individual income tax rates rather than the corporate tax rate.)</p> <p>Qualified business income is all items of income, deduction, loss, or credit properly attributable to the taxpayer from the active conduct of a trade or business, including:</p> <ul> <li> a partnership in which the taxpayer holds a capital or profits interest; </li> <li> an S corporation in which the taxpayer is a shareholder;</li> <li> a sole proprietorship or an entity otherwise disregarded as separate from its sole owner, in which the taxpayer is the sole owner; and </li> <li> a trust or estate in which the taxpayer is a beneficiary. </li> </ul> <p>Qualified business income does not include any item taken into account in determining net capital gain or the financial services income of partnerships. </p>]]></text>
          <name>Introduced in House</name>
          <versionCode>00</versionCode>
          <actionDesc>Introduced in House</actionDesc>
          <updateDate>2017-01-03T05:00:00Z</updateDate>
          <lastSummaryUpdateDate>2017-01-10T14:40:33Z</lastSummaryUpdateDate>
        </item>
      </billSummaries>
    </summaries>
    <latestAction>
      <links />
      <actionDate>2017-01-03</actionDate>
      <text>Referred to the House Committee on Ways and Means.</text>
    </latestAction>
    <originChamber>House</originChamber>
    <introducedDate>2017-01-03</introducedDate>
    <billNumber>116</billNumber>
    <amendments />
    <billType>HR</billType>
    <committees>
      <billCommittees>
        <item>
          <chamber>House</chamber>
          <systemCode>hswm00</systemCode>
          <type>Standing</type>
          <name>Ways and Means Committee</name>
          <activities>
            <item>
              <name>Referred to</name>
              <date>2017-01-03T17:05:10Z</date>
            </item>
          </activities>
          <subcommittees />
        </item>
      </billCommittees>
    </committees>
    <calendarNumbers />
    <congress>115</congress>
    <committeeReports />
    <recordedVotes />
    <sponsors>
      <item>
        <lastName>Buchanan</lastName>
        <state>FL</state>
        <byRequestType />
        <firstName>Vern</firstName>
        <bioguideId>B001260</bioguideId>
        <fullName>Rep. Buchanan, Vern [R-FL-16]</fullName>
        <identifiers>
          <gpoId>7885</gpoId>
          <bioguideId>B001260</bioguideId>
          <lisID>1840</lisID>
        </identifiers>
        <middleName />
        <district>16</district>
        <party>R</party>
      </item>
    </sponsors>
    <titles>
      <item>
        <title>Main Street Fairness Act</title>
        <parentTitleType />
        <chamberName />
        <titleType>Short Titles as Introduced</titleType>
        <chamberCode />
      </item>
      <item>
        <title>To amend the Internal Revenue Code of 1986 to ensure that pass-through businesses do not pay tax at a higher rate than corporations.</title>
        <parentTitleType />
        <chamberName />
        <titleType>Official Title as Introduced</titleType>
        <chamberCode />
      </item>
      <item>
        <title>Main Street Fairness Act</title>
        <parentTitleType />
        <chamberName />
        <titleType>Display Title</titleType>
        <chamberCode />
      </item>
    </titles>
  </bill>
  <dublinCore xmlns:dc="http://purl.org/dc/elements/1.1/">
    <dc:format>text/xml</dc:format>
    <dc:language>EN</dc:language>
    <dc:rights>Pursuant to Title 17 Section 105 of the United States Code, this file is not subject to copyright protection and is in the public domain.</dc:rights>
    <dc:contributor>Congressional Research Service, Library of Congress</dc:contributor>
    <dc:description>This file contains bill summaries and statuses for federal legislation. A bill summary describes the most significant provisions of a piece of legislation and details the effects the legislative text may have on current law and federal programs. Bill summaries are authored by the Congressional Research Service (CRS) of the Library of Congress. As stated in Public Law 91-510 (2 USC 166 (d)(6)), one of the duties of CRS is "to prepare summaries and digests of bills and resolutions of a public general nature introduced in the Senate or House of Representatives". For more information, refer to the User Guide that accompanies this file.</dc:description>
  </dublinCore>
</billStatus>

