<?xml version="1.0" encoding="UTF-8"?>
<billStatus>
  <bill>
    <actions>
      <item>
        <actionDate>2017-01-09</actionDate>
        <actionCode>H11100</actionCode>
        <type>IntroReferral</type>
        <text>Referred to the House Committee on Agriculture.</text>
        <committee>
          <name>Agriculture Committee</name>
          <systemCode>hsag00</systemCode>
        </committee>
        <sourceSystem>
          <name>House floor actions</name>
          <code>2</code>
        </sourceSystem>
        <links />
      </item>
      <item>
        <actionDate>2017-01-09</actionDate>
        <actionCode>Intro-H</actionCode>
        <type>IntroReferral</type>
        <text>Introduced in House</text>
        <committee />
        <sourceSystem>
          <name>Library of Congress</name>
          <code>9</code>
        </sourceSystem>
        <links />
      </item>
      <item>
        <actionDate>2017-01-09</actionDate>
        <actionCode>1000</actionCode>
        <type>IntroReferral</type>
        <text>Introduced in House</text>
        <committee />
        <sourceSystem>
          <name>Library of Congress</name>
          <code>9</code>
        </sourceSystem>
        <links />
      </item>
      <actionTypeCounts>
        <introducedInTheHouse>1</introducedInTheHouse>
        <billReferrals>1</billReferrals>
        <introducedInHouse>1</introducedInHouse>
      </actionTypeCounts>
      <actionByCounts>
        <houseOfRepresentatives>3</houseOfRepresentatives>
      </actionByCounts>
    </actions>
    <billType>HR</billType>
    <billNumber>382</billNumber>
    <cboCostEstimates />
    <originChamber>House</originChamber>
    <createDate>2017-01-10T05:15:44Z</createDate>
    <constitutionalAuthorityStatementText><![CDATA[<pre>From the Congressional Record Online through the Government Publishing Office [<a href='http://www.gpo.gov'>www.gpo.gov</a>]By Ms. MENG:H.R. 382.Congress has the power to enact this legislation pursuantto the following:Article 1, Section 8 of the U.S. Constitution.[Page H235]</pre>]]></constitutionalAuthorityStatementText>
    <title>100 Years of Women in Congress Act</title>
    <subjects>
      <billSubjects>
        <policyArea>
          <name>Agriculture and Food</name>
        </policyArea>
        <legislativeSubjects />
      </billSubjects>
    </subjects>
    <relatedBills />
    <summaries>
      <billSummaries />
    </summaries>
    <congress>115</congress>
    <laws />
    <updateDate>2017-01-23T17:01:18Z</updateDate>
    <notes />
    <introducedDate>2017-01-09</introducedDate>
    <calendarNumbers />
    <committees>
      <billCommittees>
        <item>
          <systemCode>hsag00</systemCode>
          <chamber>House</chamber>
          <type>Standing</type>
          <activities>
            <item>
              <date>2017-01-09T17:01:05Z</date>
              <name>Referred to</name>
            </item>
          </activities>
          <subcommittees />
          <name>Agriculture Committee</name>
        </item>
      </billCommittees>
    </committees>
    <latestAction>
      <actionDate>2017-01-09</actionDate>
      <text>Referred to the House Committee on Agriculture.</text>
      <links />
    </latestAction>
    <cosponsors>
      <item>
        <party>R</party>
        <district>0</district>
        <middleName>K.</middleName>
        <bioguideId>Z000018</bioguideId>
        <sponsorshipDate>2017-01-09</sponsorshipDate>
        <isOriginalCosponsor>True</isOriginalCosponsor>
        <firstName>Ryan</firstName>
        <fullName>Rep. Zinke, Ryan K. [R-MT-At Large]</fullName>
        <sponsorshipWithdrawnDate />
        <identifiers>
          <gpoId />
          <lisID>2254</lisID>
          <bioguideId>Z000018</bioguideId>
        </identifiers>
        <lastName>Zinke</lastName>
        <state>MT</state>
      </item>
      <item>
        <party>D</party>
        <district>25</district>
        <middleName>M.</middleName>
        <bioguideId>S000480</bioguideId>
        <sponsorshipDate>2017-01-12</sponsorshipDate>
        <isOriginalCosponsor>False</isOriginalCosponsor>
        <firstName>LOUISE</firstName>
        <fullName>Rep. Slaughter, Louise McIntosh [D-NY-25]</fullName>
        <sponsorshipWithdrawnDate />
        <identifiers>
          <lisID>1069</lisID>
          <bioguideId>S000480</bioguideId>
          <gpoId>8089</gpoId>
        </identifiers>
        <lastName>SLAUGHTER</lastName>
        <state>NY</state>
      </item>
    </cosponsors>
    <committeeReports />
    <amendments />
    <sponsors>
      <item>
        <state>NY</state>
        <middleName />
        <party>D</party>
        <identifiers>
          <gpoId />
          <lisID>2148</lisID>
          <bioguideId>M001188</bioguideId>
        </identifiers>
        <bioguideId>M001188</bioguideId>
        <byRequestType />
        <firstName>Grace</firstName>
        <lastName>Meng</lastName>
        <fullName>Rep. Meng, Grace [D-NY-6]</fullName>
        <district>6</district>
      </item>
    </sponsors>
    <recordedVotes />
    <policyArea>
      <name>Agriculture and Food</name>
    </policyArea>
    <titles>
      <item>
        <chamberName />
        <titleType>Short Titles as Introduced</titleType>
        <parentTitleType />
        <title>100 Years of Women in Congress Act</title>
        <chamberCode />
      </item>
      <item>
        <chamberName />
        <titleType>Official Title as Introduced</titleType>
        <parentTitleType />
        <title>To amend the Department of Agriculture program for research and extension grants to increase participation by women and underrepresented minorities in the fields of science, technology, engineering, and mathematics to redesignate the program as the "Jeannette Rankin Women and Minorities in STEM Fields Program".</title>
        <chamberCode />
      </item>
      <item>
        <chamberName />
        <titleType>Display Title</titleType>
        <parentTitleType />
        <title>100 Years of Women in Congress Act</title>
        <chamberCode />
      </item>
    </titles>
  </bill>
  <dublinCore xmlns:dc="http://purl.org/dc/elements/1.1/">
    <dc:format>text/xml</dc:format>
    <dc:language>EN</dc:language>
    <dc:rights>Pursuant to Title 17 Section 105 of the United States Code, this file is not subject to copyright protection and is in the public domain.</dc:rights>
    <dc:contributor>Congressional Research Service, Library of Congress</dc:contributor>
    <dc:description>This file contains bill summaries and statuses for federal legislation. A bill summary describes the most significant provisions of a piece of legislation and details the effects the legislative text may have on current law and federal programs. Bill summaries are authored by the Congressional Research Service (CRS) of the Library of Congress. As stated in Public Law 91-510 (2 USC 166 (d)(6)), one of the duties of CRS is "to prepare summaries and digests of bills and resolutions of a public general nature introduced in the Senate or House of Representatives". For more information, refer to the User Guide that accompanies this file.</dc:description>
  </dublinCore>
</billStatus>

