<?xml version="1.0" encoding="UTF-8"?>
<billStatus>
  <bill>
    <committeeReports />
    <updateDate>2018-08-28T19:58:40Z</updateDate>
    <laws />
    <billType>HR</billType>
    <subjects>
      <billSubjects>
        <policyArea>
          <name>Health</name>
        </policyArea>
        <legislativeSubjects>
          <item>
            <name>Employee benefits and pensions</name>
          </item>
          <item>
            <name>Health care costs and insurance</name>
          </item>
          <item>
            <name>Health care coverage and access</name>
          </item>
          <item>
            <name>Sales and excise taxes</name>
          </item>
        </legislativeSubjects>
      </billSubjects>
    </subjects>
    <policyArea>
      <name>Health</name>
    </policyArea>
    <recordedVotes />
    <originChamber>House</originChamber>
    <latestAction>
      <text>Referred to the House Committee on Ways and Means.</text>
      <links />
      <actionDate>2017-01-04</actionDate>
    </latestAction>
    <constitutionalAuthorityStatementText><![CDATA[<pre>From the Congressional Record Online through the Government Publishing Office [<a href='http://www.gpo.gov'>www.gpo.gov</a>]By Mr. TURNER:H.R. 285.Congress has the power to enact this legislation pursuantto the following:Article I, Section, 8, Clause 1 of the United StatesConstitution, as the Supreme Court of the United States hasheld that the imposition of the burdensome mandate onhardworking American taxpayers is an action Congress may takeunder its power to tax, and that this bill seeks to repealsections of title 26 U.S.C., the Internal Revenue Code.Article I, Section 8, Clause 18 of the United StatesConstitution--To make all Laws which shall be necessary andproper for carrying into Execution the foregoing Powers, andall other Powers vested by this Constitution in theGovernment of the United States, or in any Department orOfficer thereof.[Page H97]</pre>]]></constitutionalAuthorityStatementText>
    <billNumber>285</billNumber>
    <committees>
      <billCommittees>
        <item>
          <activities>
            <item>
              <name>Referred to</name>
              <date>2017-01-04T15:04:20Z</date>
            </item>
          </activities>
          <chamber>House</chamber>
          <systemCode>hswm00</systemCode>
          <name>Ways and Means Committee</name>
          <type>Standing</type>
          <subcommittees />
        </item>
      </billCommittees>
    </committees>
    <introducedDate>2017-01-04</introducedDate>
    <cosponsors>
      <item>
        <firstName>Blake</firstName>
        <lastName>Farenthold</lastName>
        <sponsorshipWithdrawnDate />
        <sponsorshipDate>2017-01-04</sponsorshipDate>
        <bioguideId>F000460</bioguideId>
        <district>27</district>
        <middleName />
        <isOriginalCosponsor>True</isOriginalCosponsor>
        <fullName>Rep. Farenthold, Blake [R-TX-27]</fullName>
        <state>TX</state>
        <party>R</party>
        <identifiers>
          <gpoId>8183</gpoId>
          <lisID>2067</lisID>
          <bioguideId>F000460</bioguideId>
        </identifiers>
      </item>
      <item>
        <firstName>Jeff</firstName>
        <lastName>Duncan</lastName>
        <sponsorshipWithdrawnDate />
        <sponsorshipDate>2017-01-04</sponsorshipDate>
        <bioguideId>D000615</bioguideId>
        <district>3</district>
        <middleName />
        <isOriginalCosponsor>True</isOriginalCosponsor>
        <fullName>Rep. Duncan, Jeff [R-SC-3]</fullName>
        <state>SC</state>
        <party>R</party>
        <identifiers>
          <lisID>2057</lisID>
          <bioguideId>D000615</bioguideId>
          <gpoId>8143</gpoId>
        </identifiers>
      </item>
      <item>
        <firstName>Scott</firstName>
        <lastName>DesJarlais</lastName>
        <sponsorshipWithdrawnDate />
        <sponsorshipDate>2017-01-04</sponsorshipDate>
        <bioguideId>D000616</bioguideId>
        <district>4</district>
        <middleName />
        <isOriginalCosponsor>True</isOriginalCosponsor>
        <fullName>Rep. DesJarlais, Scott [R-TN-4]</fullName>
        <state>TN</state>
        <party>R</party>
        <identifiers>
          <gpoId>8151</gpoId>
          <lisID>2062</lisID>
          <bioguideId>D000616</bioguideId>
        </identifiers>
      </item>
      <item>
        <firstName>Tom</firstName>
        <lastName>McClintock</lastName>
        <sponsorshipWithdrawnDate />
        <sponsorshipDate>2017-01-04</sponsorshipDate>
        <bioguideId>M001177</bioguideId>
        <district>4</district>
        <middleName />
        <isOriginalCosponsor>True</isOriginalCosponsor>
        <fullName>Rep. McClintock, Tom [R-CA-4]</fullName>
        <state>CA</state>
        <party>R</party>
        <identifiers>
          <lisID>1908</lisID>
          <bioguideId>M001177</bioguideId>
          <gpoId>7809</gpoId>
        </identifiers>
      </item>
      <item>
        <firstName>Markwayne</firstName>
        <lastName>Mullin</lastName>
        <sponsorshipWithdrawnDate />
        <sponsorshipDate>2017-01-04</sponsorshipDate>
        <bioguideId>M001190</bioguideId>
        <district>2</district>
        <middleName />
        <isOriginalCosponsor>True</isOriginalCosponsor>
        <fullName>Rep. Mullin, Markwayne [R-OK-2]</fullName>
        <state>OK</state>
        <party>R</party>
        <identifiers>
          <gpoId />
          <lisID>2156</lisID>
          <bioguideId>M001190</bioguideId>
        </identifiers>
      </item>
      <item>
        <firstName>David</firstName>
        <lastName>Roe</lastName>
        <sponsorshipWithdrawnDate />
        <sponsorshipDate>2017-01-04</sponsorshipDate>
        <bioguideId>R000582</bioguideId>
        <district>1</district>
        <middleName>P.</middleName>
        <isOriginalCosponsor>True</isOriginalCosponsor>
        <fullName>Rep. Roe, David P. [R-TN-1]</fullName>
        <state>TN</state>
        <party>R</party>
        <identifiers>
          <bioguideId>R000582</bioguideId>
          <gpoId>8148</gpoId>
          <lisID>1954</lisID>
        </identifiers>
      </item>
      <item>
        <firstName>Mike</firstName>
        <lastName>Rogers</lastName>
        <sponsorshipWithdrawnDate />
        <sponsorshipDate>2017-01-04</sponsorshipDate>
        <bioguideId>R000575</bioguideId>
        <district>3</district>
        <middleName />
        <isOriginalCosponsor>True</isOriginalCosponsor>
        <fullName>Rep. Rogers, Mike D. [R-AL-3]</fullName>
        <state>AL</state>
        <party>R</party>
        <identifiers>
          <gpoId>7788</gpoId>
          <lisID>1704</lisID>
          <bioguideId>R000575</bioguideId>
        </identifiers>
      </item>
      <item>
        <firstName>Jeb</firstName>
        <lastName>Hensarling</lastName>
        <sponsorshipWithdrawnDate />
        <sponsorshipDate>2017-01-10</sponsorshipDate>
        <bioguideId>H001036</bioguideId>
        <district>5</district>
        <middleName />
        <isOriginalCosponsor>False</isOriginalCosponsor>
        <fullName>Rep. Hensarling, Jeb [R-TX-5]</fullName>
        <state>TX</state>
        <party>R</party>
        <identifiers>
          <lisID>1749</lisID>
          <bioguideId>H001036</bioguideId>
          <gpoId>8161</gpoId>
        </identifiers>
      </item>
      <item>
        <firstName>John</firstName>
        <lastName>Ratcliffe</lastName>
        <sponsorshipWithdrawnDate />
        <sponsorshipDate>2017-04-25</sponsorshipDate>
        <bioguideId>R000601</bioguideId>
        <district>4</district>
        <middleName />
        <isOriginalCosponsor>False</isOriginalCosponsor>
        <fullName>Rep. Ratcliffe, John [R-TX-4]</fullName>
        <state>TX</state>
        <party>R</party>
        <identifiers>
          <gpoId />
          <lisID>2268</lisID>
          <bioguideId>R000601</bioguideId>
        </identifiers>
      </item>
      <item>
        <firstName>Lloyd</firstName>
        <lastName>Smucker</lastName>
        <sponsorshipWithdrawnDate />
        <sponsorshipDate>2017-07-28</sponsorshipDate>
        <bioguideId>S001199</bioguideId>
        <district>16</district>
        <middleName />
        <isOriginalCosponsor>False</isOriginalCosponsor>
        <fullName>Rep. Smucker, Lloyd [R-PA-16]</fullName>
        <state>PA</state>
        <party>R</party>
        <identifiers>
          <bioguideId>S001199</bioguideId>
          <lisID>2346</lisID>
          <gpoId />
        </identifiers>
      </item>
      <item>
        <firstName>Jeff</firstName>
        <lastName>Denham</lastName>
        <sponsorshipWithdrawnDate />
        <sponsorshipDate>2017-08-11</sponsorshipDate>
        <bioguideId>D000612</bioguideId>
        <district>10</district>
        <middleName />
        <isOriginalCosponsor>False</isOriginalCosponsor>
        <fullName>Rep. Denham, Jeff [R-CA-10]</fullName>
        <state>CA</state>
        <party>R</party>
        <identifiers>
          <lisID>1995</lisID>
          <bioguideId>D000612</bioguideId>
          <gpoId>7824</gpoId>
        </identifiers>
      </item>
      <item>
        <firstName>Luke</firstName>
        <lastName>Messer</lastName>
        <sponsorshipWithdrawnDate />
        <sponsorshipDate>2017-11-01</sponsorshipDate>
        <bioguideId>M001189</bioguideId>
        <district>6</district>
        <middleName />
        <isOriginalCosponsor>False</isOriginalCosponsor>
        <fullName>Rep. Messer, Luke [R-IN-6]</fullName>
        <state>IN</state>
        <party>R</party>
        <identifiers>
          <lisID>2130</lisID>
          <bioguideId>M001189</bioguideId>
          <gpoId />
        </identifiers>
      </item>
    </cosponsors>
    <notes />
    <relatedBills />
    <title>Healthcare Tax Relief and Mandate Repeal Act</title>
    <sponsors>
      <item>
        <district>10</district>
        <fullName>Rep. Turner, Michael R. [R-OH-10]</fullName>
        <firstName>Michael</firstName>
        <lastName>Turner</lastName>
        <state>OH</state>
        <bioguideId>T000463</bioguideId>
        <party>R</party>
        <identifiers>
          <lisID>1741</lisID>
          <gpoId>8093</gpoId>
          <bioguideId>T000463</bioguideId>
        </identifiers>
        <byRequestType />
        <middleName>R.</middleName>
      </item>
    </sponsors>
    <congress>115</congress>
    <version>1.0.0</version>
    <amendments />
    <titles>
      <item>
        <title>Healthcare Tax Relief and Mandate Repeal Act</title>
        <chamberCode />
        <titleType>Short Titles as Introduced</titleType>
        <parentTitleType />
        <chamberName />
      </item>
      <item>
        <title>To amend the Internal Revenue Code of 1986 to repeal the individual and employer health insurance mandates.</title>
        <chamberCode />
        <titleType>Official Title as Introduced</titleType>
        <parentTitleType />
        <chamberName />
      </item>
      <item>
        <title>Healthcare Tax Relief and Mandate Repeal Act</title>
        <chamberCode />
        <titleType>Display Title</titleType>
        <parentTitleType />
        <chamberName />
      </item>
      <item>
        <title>Healthcare Tax Relief and Mandate Repeal Act</title>
        <chamberCode />
        <titleType>(Extracted from GPO) Short Titles as Introduced</titleType>
        <parentTitleType />
        <chamberName />
      </item>
    </titles>
    <createDate>2017-01-05T04:47:33Z</createDate>
    <cboCostEstimates />
    <calendarNumbers />
    <actions>
      <actionByCounts>
        <houseOfRepresentatives>3</houseOfRepresentatives>
      </actionByCounts>
      <item>
        <type>IntroReferral</type>
        <links />
        <sourceSystem>
          <name>House floor actions</name>
          <code>2</code>
        </sourceSystem>
        <committee>
          <name>Ways and Means Committee</name>
          <systemCode>hswm00</systemCode>
        </committee>
        <text>Referred to the House Committee on Ways and Means.</text>
        <actionCode>H11100</actionCode>
        <actionDate>2017-01-04</actionDate>
      </item>
      <item>
        <type>IntroReferral</type>
        <links />
        <sourceSystem>
          <name>Library of Congress</name>
          <code>9</code>
        </sourceSystem>
        <committee />
        <text>Introduced in House</text>
        <actionCode>Intro-H</actionCode>
        <actionDate>2017-01-04</actionDate>
      </item>
      <item>
        <type>IntroReferral</type>
        <links />
        <sourceSystem>
          <name>Library of Congress</name>
          <code>9</code>
        </sourceSystem>
        <committee />
        <text>Introduced in House</text>
        <actionCode>1000</actionCode>
        <actionDate>2017-01-04</actionDate>
      </item>
      <actionTypeCounts>
        <billReferrals>1</billReferrals>
        <introducedInTheHouse>1</introducedInTheHouse>
        <introducedInHouse>1</introducedInHouse>
      </actionTypeCounts>
    </actions>
    <summaries>
      <billSummaries>
        <item>
          <updateDate>2017-01-04T05:00:00Z</updateDate>
          <actionDate>2017-01-04</actionDate>
          <lastSummaryUpdateDate>2017-01-13T14:52:13Z</lastSummaryUpdateDate>
          <text><![CDATA[<p><strong>Healthcare Tax Relief and Mandate Repeal Act</strong></p> <p>This bill amends the Internal Revenue Code to repeal the requirements added by the Patient Protection and Affordable Care Act that: (1) individuals purchase and maintain minimum essential health care coverage, and (2) employers&nbsp;who have a workforce of 50 or more full-time employees provide health insurance coverage for their employees.</p>]]></text>
          <actionDesc>Introduced in House</actionDesc>
          <versionCode>00</versionCode>
          <name>Introduced in House</name>
        </item>
      </billSummaries>
    </summaries>
  </bill>
  <dublinCore xmlns:dc="http://purl.org/dc/elements/1.1/">
    <dc:format>text/xml</dc:format>
    <dc:language>EN</dc:language>
    <dc:rights>Pursuant to Title 17 Section 105 of the United States Code, this file is not subject to copyright protection and is in the public domain.</dc:rights>
    <dc:contributor>Congressional Research Service, Library of Congress</dc:contributor>
    <dc:description>This file contains bill summaries and statuses for federal legislation. A bill summary describes the most significant provisions of a piece of legislation and details the effects the legislative text may have on current law and federal programs. Bill summaries are authored by the Congressional Research Service (CRS) of the Library of Congress. As stated in Public Law 91-510 (2 USC 166 (d)(6)), one of the duties of CRS is "to prepare summaries and digests of bills and resolutions of a public general nature introduced in the Senate or House of Representatives". For more information, refer to the User Guide that accompanies this file.</dc:description>
  </dublinCore>
</billStatus>

