<?xml version="1.0" encoding="UTF-8"?>
<billStatus>
  <bill>
    <titles>
      <item>
        <parentTitleType />
        <titleType>Short Titles as Introduced</titleType>
        <chamberCode />
        <chamberName />
        <title>Members of Congress Tax Accountability Act of 2017</title>
      </item>
      <item>
        <parentTitleType />
        <titleType>Official Title as Introduced</titleType>
        <chamberCode />
        <chamberName />
        <title>To require Members of Congress to disclose delinquent tax liability and to require an ethics inquiry into, and the garnishment of the wages of, a Member with Federal tax liability.</title>
      </item>
      <item>
        <parentTitleType />
        <titleType>Display Title</titleType>
        <chamberCode />
        <chamberName />
        <title>Members of Congress Tax Accountability Act of 2017</title>
      </item>
    </titles>
    <cosponsors />
    <originChamber>House</originChamber>
    <billType>HR</billType>
    <notes />
    <relatedBills />
    <cboCostEstimates />
    <actions>
      <item>
        <actionCode>H11100</actionCode>
        <links />
        <text>Referred to House Rules</text>
        <type>IntroReferral</type>
        <committee>
          <name>Rules Committee</name>
          <systemCode>hsru00</systemCode>
        </committee>
        <sourceSystem>
          <name>House floor actions</name>
          <code>2</code>
        </sourceSystem>
        <actionDate>2017-01-10</actionDate>
      </item>
      <item>
        <actionCode>H11100-A</actionCode>
        <links />
        <text>Referred to the Committee on House Administration, and in addition to the Committee on Rules, for a period to be subsequently determined by the Speaker, in each case for consideration of such provisions as fall within the jurisdiction of the committee concerned.</text>
        <type>IntroReferral</type>
        <committee />
        <sourceSystem>
          <name>Library of Congress</name>
          <code>9</code>
        </sourceSystem>
        <actionDate>2017-01-10</actionDate>
      </item>
      <item>
        <actionCode>H11100</actionCode>
        <links />
        <text>Referred to House Administration</text>
        <type>IntroReferral</type>
        <committee>
          <name>House Administration Committee</name>
          <systemCode>hsha00</systemCode>
        </committee>
        <sourceSystem>
          <name>House floor actions</name>
          <code>2</code>
        </sourceSystem>
        <actionDate>2017-01-10</actionDate>
      </item>
      <item>
        <actionCode>Intro-H</actionCode>
        <links />
        <text>Introduced in House</text>
        <type>IntroReferral</type>
        <committee />
        <sourceSystem>
          <name>Library of Congress</name>
          <code>9</code>
        </sourceSystem>
        <actionDate>2017-01-10</actionDate>
      </item>
      <item>
        <actionCode>1000</actionCode>
        <links />
        <text>Introduced in House</text>
        <type>IntroReferral</type>
        <committee />
        <sourceSystem>
          <name>Library of Congress</name>
          <code>9</code>
        </sourceSystem>
        <actionDate>2017-01-10</actionDate>
      </item>
      <actionTypeCounts>
        <introducedInHouse>1</introducedInHouse>
        <billReferrals>2</billReferrals>
        <billReferralsAggregate>1</billReferralsAggregate>
        <introducedInTheHouse>1</introducedInTheHouse>
      </actionTypeCounts>
      <actionByCounts>
        <houseOfRepresentatives>5</houseOfRepresentatives>
      </actionByCounts>
    </actions>
    <title>Members of Congress Tax Accountability Act of 2017</title>
    <sponsors>
      <item>
        <district>3</district>
        <firstName>Jason</firstName>
        <identifiers>
          <lisID>1956</lisID>
          <bioguideId>C001076</bioguideId>
          <gpoId>8191</gpoId>
        </identifiers>
        <middleName />
        <lastName>Chaffetz</lastName>
        <byRequestType />
        <bioguideId>C001076</bioguideId>
        <state>UT</state>
        <party>R</party>
        <fullName>Rep. Chaffetz, Jason [R-UT-3]</fullName>
      </item>
    </sponsors>
    <calendarNumbers />
    <committeeReports />
    <latestAction>
      <actionDate>2017-01-10</actionDate>
      <links />
      <text>Referred to House Rules</text>
    </latestAction>
    <congress>115</congress>
    <billNumber>397</billNumber>
    <updateDate>2017-01-23T15:01:28Z</updateDate>
    <committees>
      <billCommittees>
        <item>
          <subcommittees />
          <type>Standing</type>
          <chamber>House</chamber>
          <systemCode>hsru00</systemCode>
          <name>Rules Committee</name>
          <activities>
            <item>
              <name>Referred to</name>
              <date>2017-01-10T15:04:15Z</date>
            </item>
          </activities>
        </item>
        <item>
          <subcommittees />
          <type>Standing</type>
          <chamber>House</chamber>
          <systemCode>hsha00</systemCode>
          <name>House Administration Committee</name>
          <activities>
            <item>
              <name>Referred to</name>
              <date>2017-01-10T15:04:10Z</date>
            </item>
          </activities>
        </item>
      </billCommittees>
    </committees>
    <laws />
    <recordedVotes />
    <summaries>
      <billSummaries />
    </summaries>
    <amendments />
    <policyArea>
      <name>Congress</name>
    </policyArea>
    <constitutionalAuthorityStatementText />
    <subjects>
      <billSubjects>
        <policyArea>
          <name>Congress</name>
        </policyArea>
        <legislativeSubjects />
      </billSubjects>
    </subjects>
    <introducedDate>2017-01-10</introducedDate>
    <createDate>2017-01-11T05:09:42Z</createDate>
  </bill>
  <dublinCore xmlns:dc="http://purl.org/dc/elements/1.1/">
    <dc:format>text/xml</dc:format>
    <dc:language>EN</dc:language>
    <dc:rights>Pursuant to Title 17 Section 105 of the United States Code, this file is not subject to copyright protection and is in the public domain.</dc:rights>
    <dc:contributor>Congressional Research Service, Library of Congress</dc:contributor>
    <dc:description>This file contains bill summaries and statuses for federal legislation. A bill summary describes the most significant provisions of a piece of legislation and details the effects the legislative text may have on current law and federal programs. Bill summaries are authored by the Congressional Research Service (CRS) of the Library of Congress. As stated in Public Law 91-510 (2 USC 166 (d)(6)), one of the duties of CRS is "to prepare summaries and digests of bills and resolutions of a public general nature introduced in the Senate or House of Representatives". For more information, refer to the User Guide that accompanies this file.</dc:description>
  </dublinCore>
</billStatus>

