<?xml version="1.0" encoding="UTF-8"?>
<billStatus>
  <bill>
    <committeeReports />
    <updateDate>2018-08-28T20:00:16Z</updateDate>
    <laws />
    <billType>HR</billType>
    <subjects>
      <billSubjects>
        <legislativeSubjects>
          <item>
            <name>Administrative law and regulatory procedures</name>
          </item>
          <item>
            <name>Civil actions and liability</name>
          </item>
          <item>
            <name>Consumer affairs</name>
          </item>
          <item>
            <name>Federal Trade Commission (FTC)</name>
          </item>
          <item>
            <name>Medical ethics</name>
          </item>
          <item>
            <name>Prescription drugs</name>
          </item>
          <item>
            <name>Veterinary medicine and animal diseases</name>
          </item>
        </legislativeSubjects>
        <policyArea>
          <name>Commerce</name>
        </policyArea>
      </billSubjects>
    </subjects>
    <policyArea>
      <name>Commerce</name>
    </policyArea>
    <recordedVotes />
    <originChamber>House</originChamber>
    <latestAction>
      <text>Referred to the House Committee on Energy and Commerce.</text>
      <links />
      <actionDate>2017-01-24</actionDate>
    </latestAction>
    <constitutionalAuthorityStatementText><![CDATA[<pre>[Congressional Record Volume 163, Number 13 (Tuesday, January 24, 2017)]From the Congressional Record Online through the Government Publishing Office [<a href='http://www.gpo.gov'>www.gpo.gov</a>]By Mr. CHAFFETZ:H.R. 623.Congress has the power to enact this legislation pursuantto the following:Article I, Section 8, Clause 3: To regulate commerce withforeign nations, and among the several states, and with theIndian tribes[Page H687]</pre>]]></constitutionalAuthorityStatementText>
    <billNumber>623</billNumber>
    <committees>
      <billCommittees>
        <item>
          <chamber>House</chamber>
          <systemCode>hsif00</systemCode>
          <subcommittees />
          <type>Standing</type>
          <name>Energy and Commerce Committee</name>
          <activities>
            <item>
              <name>Referred to</name>
              <date>2017-01-24T15:03:40Z</date>
            </item>
          </activities>
        </item>
      </billCommittees>
    </committees>
    <introducedDate>2017-01-24</introducedDate>
    <cosponsors>
      <item>
        <middleName />
        <identifiers>
          <lisID>1790</lisID>
          <bioguideId>C001061</bioguideId>
          <gpoId>8013</gpoId>
        </identifiers>
        <firstName>Emanuel</firstName>
        <state>MO</state>
        <bioguideId>C001061</bioguideId>
        <district>5</district>
        <fullName>Rep. Cleaver, Emanuel [D-MO-5]</fullName>
        <isOriginalCosponsor>True</isOriginalCosponsor>
        <party>D</party>
        <sponsorshipWithdrawnDate />
        <lastName>Cleaver</lastName>
        <sponsorshipDate>2017-01-24</sponsorshipDate>
      </item>
      <item>
        <middleName>B.</middleName>
        <identifiers>
          <bioguideId>J000255</bioguideId>
          <lisID>612</lisID>
          <gpoId>8026</gpoId>
        </identifiers>
        <firstName>WALTER</firstName>
        <state>NC</state>
        <bioguideId>J000255</bioguideId>
        <district>3</district>
        <fullName>Rep. Jones, Walter B., Jr. [R-NC-3]</fullName>
        <isOriginalCosponsor>True</isOriginalCosponsor>
        <party>R</party>
        <sponsorshipWithdrawnDate />
        <lastName>JONES</lastName>
        <sponsorshipDate>2017-01-24</sponsorshipDate>
      </item>
      <item>
        <middleName />
        <identifiers>
          <lisID>2159</lisID>
          <gpoId />
          <bioguideId>C001090</bioguideId>
        </identifiers>
        <firstName>Matt</firstName>
        <state>PA</state>
        <bioguideId>C001090</bioguideId>
        <district>17</district>
        <fullName>Rep. Cartwright, Matt [D-PA-17]</fullName>
        <isOriginalCosponsor>True</isOriginalCosponsor>
        <party>D</party>
        <sponsorshipWithdrawnDate />
        <lastName>Cartwright</lastName>
        <sponsorshipDate>2017-01-24</sponsorshipDate>
      </item>
    </cosponsors>
    <notes />
    <relatedBills>
      <item>
        <congress>115</congress>
        <number>2651</number>
        <type>S</type>
        <latestTitle>Fairness to Pet Owners Act of 2018</latestTitle>
        <relationshipDetails>
          <item>
            <type>Related bill</type>
            <identifiedBy>CRS</identifiedBy>
          </item>
        </relationshipDetails>
        <latestAction>
          <text>Read twice and referred to the Committee on Commerce, Science, and Transportation.</text>
          <actionDate>2018-04-11</actionDate>
        </latestAction>
      </item>
      <item>
        <congress>115</congress>
        <number>5472</number>
        <type>HR</type>
        <latestTitle>Fairness to Pet Owners Act of 2018</latestTitle>
        <relationshipDetails>
          <item>
            <type>Related bill</type>
            <identifiedBy>CRS</identifiedBy>
          </item>
        </relationshipDetails>
        <latestAction>
          <text>Referred to the House Committee on Energy and Commerce.</text>
          <actionDate>2018-04-11</actionDate>
        </latestAction>
      </item>
    </relatedBills>
    <title>Fairness to Pet Owners Act of 2017</title>
    <sponsors>
      <item>
        <district>3</district>
        <fullName>Rep. Chaffetz, Jason [R-UT-3]</fullName>
        <firstName>Jason</firstName>
        <lastName>Chaffetz</lastName>
        <state>UT</state>
        <bioguideId>C001076</bioguideId>
        <party>R</party>
        <identifiers>
          <lisID>1956</lisID>
          <gpoId>8191</gpoId>
          <bioguideId>C001076</bioguideId>
        </identifiers>
        <byRequestType />
        <middleName />
      </item>
    </sponsors>
    <congress>115</congress>
    <version>1.0.0</version>
    <amendments />
    <titles>
      <item>
        <titleType>Short Titles as Introduced</titleType>
        <title>Fairness to Pet Owners Act of 2017</title>
        <parentTitleType />
        <chamberCode />
        <chamberName />
      </item>
      <item>
        <titleType>Official Title as Introduced</titleType>
        <title>To promote competition and help consumers save money by giving them the freedom to choose where they buy prescription pet medications, and for other purposes.</title>
        <parentTitleType />
        <chamberCode />
        <chamberName />
      </item>
      <item>
        <titleType>Display Title</titleType>
        <title>Fairness to Pet Owners Act of 2017</title>
        <parentTitleType />
        <chamberCode />
        <chamberName />
      </item>
      <item>
        <titleType>(Extracted from GPO) Short Titles as Introduced</titleType>
        <title>Fairness to Pet Owners Act of 2017</title>
        <parentTitleType />
        <chamberCode />
        <chamberName />
      </item>
    </titles>
    <createDate>2017-01-25T04:45:55Z</createDate>
    <cboCostEstimates />
    <calendarNumbers />
    <actions>
      <item>
        <actionDate>2017-01-24</actionDate>
        <links />
        <sourceSystem>
          <code>2</code>
          <name>House floor actions</name>
        </sourceSystem>
        <committee>
          <systemCode>hsif00</systemCode>
          <name>Energy and Commerce Committee</name>
        </committee>
        <text>Referred to the House Committee on Energy and Commerce.</text>
        <type>IntroReferral</type>
        <actionCode>H11100</actionCode>
      </item>
      <item>
        <actionDate>2017-01-24</actionDate>
        <links />
        <sourceSystem>
          <code>9</code>
          <name>Library of Congress</name>
        </sourceSystem>
        <committee />
        <text>Introduced in House</text>
        <type>IntroReferral</type>
        <actionCode>Intro-H</actionCode>
      </item>
      <item>
        <actionDate>2017-01-24</actionDate>
        <links />
        <sourceSystem>
          <code>9</code>
          <name>Library of Congress</name>
        </sourceSystem>
        <committee />
        <text>Introduced in House</text>
        <type>IntroReferral</type>
        <actionCode>1000</actionCode>
      </item>
      <actionByCounts>
        <houseOfRepresentatives>3</houseOfRepresentatives>
      </actionByCounts>
      <actionTypeCounts>
        <billReferrals>1</billReferrals>
        <introducedInHouse>1</introducedInHouse>
        <introducedInTheHouse>1</introducedInTheHouse>
      </actionTypeCounts>
    </actions>
    <summaries>
      <billSummaries>
        <item>
          <updateDate>2017-01-24T05:00:00Z</updateDate>
          <actionDate>2017-01-24</actionDate>
          <lastSummaryUpdateDate>2017-02-15T22:45:52Z</lastSummaryUpdateDate>
          <text><![CDATA[<p><strong>Fairness to Pet Owners Act of 2017</strong></p> <p>This bill directs the Federal Trade Commission to require prescribers of animal drugs to verify prescriptions and provide copies of prescriptions to pet owners, pet owner designees, and pharmacies, without the prescriber demanding payment or establishing other conditions. The bill applies these requirements to medication for a domesticated household animal that consumers are not allowed to purchase without a prescription.</p> A violation of this bill shall be treated as an unfair or deceptive act or practice under the Federal Trade Commission Act. <p style="MARGIN: 0in 0in 0pt" class="MsoNormal"></p>]]></text>
          <actionDesc>Introduced in House</actionDesc>
          <versionCode>00</versionCode>
          <name>Introduced in House</name>
        </item>
      </billSummaries>
    </summaries>
  </bill>
  <dublinCore xmlns:dc="http://purl.org/dc/elements/1.1/">
    <dc:format>text/xml</dc:format>
    <dc:language>EN</dc:language>
    <dc:rights>Pursuant to Title 17 Section 105 of the United States Code, this file is not subject to copyright protection and is in the public domain.</dc:rights>
    <dc:contributor>Congressional Research Service, Library of Congress</dc:contributor>
    <dc:description>This file contains bill summaries and statuses for federal legislation. A bill summary describes the most significant provisions of a piece of legislation and details the effects the legislative text may have on current law and federal programs. Bill summaries are authored by the Congressional Research Service (CRS) of the Library of Congress. As stated in Public Law 91-510 (2 USC 166 (d)(6)), one of the duties of CRS is "to prepare summaries and digests of bills and resolutions of a public general nature introduced in the Senate or House of Representatives". For more information, refer to the User Guide that accompanies this file.</dc:description>
  </dublinCore>
</billStatus>

