<?xml version="1.0" encoding="UTF-8"?>
<billStatus>
  <bill>
    <congress>115</congress>
    <calendarNumbers />
    <cboCostEstimates />
    <actions>
      <actionByCounts>
        <houseOfRepresentatives>3</houseOfRepresentatives>
      </actionByCounts>
      <item>
        <sourceSystem>
          <code>2</code>
          <name>House floor actions</name>
        </sourceSystem>
        <type>IntroReferral</type>
        <text>Referred to the House Committee on Ways and Means.</text>
        <committee>
          <systemCode>hswm00</systemCode>
          <name>Ways and Means Committee</name>
        </committee>
        <links />
        <actionDate>2017-01-13</actionDate>
        <actionCode>H11100</actionCode>
      </item>
      <item>
        <sourceSystem>
          <code>9</code>
          <name>Library of Congress</name>
        </sourceSystem>
        <type>IntroReferral</type>
        <text>Introduced in House</text>
        <committee />
        <links />
        <actionDate>2017-01-13</actionDate>
        <actionCode>Intro-H</actionCode>
      </item>
      <item>
        <sourceSystem>
          <code>9</code>
          <name>Library of Congress</name>
        </sourceSystem>
        <type>IntroReferral</type>
        <text>Introduced in House</text>
        <committee />
        <links />
        <actionDate>2017-01-13</actionDate>
        <actionCode>1000</actionCode>
      </item>
      <actionTypeCounts>
        <billReferrals>1</billReferrals>
        <introducedInTheHouse>1</introducedInTheHouse>
        <introducedInHouse>1</introducedInHouse>
      </actionTypeCounts>
    </actions>
    <relatedBills />
    <latestAction>
      <text>Referred to the House Committee on Ways and Means.</text>
      <links />
      <actionDate>2017-01-13</actionDate>
    </latestAction>
    <originChamber>House</originChamber>
    <title>To amend the Internal Revenue Code of 1986 to make improvements in the rules related to qualified tuition programs and qualified ABLE programs.</title>
    <titles>
      <item>
        <titleType>Official Title as Introduced</titleType>
        <chamberName />
        <title>To amend the Internal Revenue Code of 1986 to make improvements in the rules related to qualified tuition programs and qualified ABLE programs.</title>
        <chamberCode />
        <parentTitleType />
      </item>
      <item>
        <titleType>Display Title</titleType>
        <chamberName />
        <title>To amend the Internal Revenue Code of 1986 to make improvements in the rules related to qualified tuition programs and qualified ABLE programs.</title>
        <chamberCode />
        <parentTitleType />
      </item>
    </titles>
    <committeeReports />
    <updateDate>2017-01-14T09:58:30Z</updateDate>
    <billType>HR</billType>
    <recordedVotes />
    <subjects>
      <billSubjects>
        <legislativeSubjects />
      </billSubjects>
    </subjects>
    <policyArea />
    <laws />
    <amendments />
    <committees>
      <billCommittees>
        <item>
          <chamber>House</chamber>
          <subcommittees />
          <type>Standing</type>
          <name>Ways and Means Committee</name>
          <activities>
            <item>
              <name>Referred to</name>
              <date>2017-01-13T14:02:00Z</date>
            </item>
          </activities>
          <systemCode>hswm00</systemCode>
        </item>
      </billCommittees>
    </committees>
    <sponsors>
      <item>
        <identifiers>
          <gpoId>7950</gpoId>
          <bioguideId>J000290</bioguideId>
          <lisID>1921</lisID>
        </identifiers>
        <state>KS</state>
        <bioguideId>J000290</bioguideId>
        <lastName>Jenkins</lastName>
        <middleName />
        <party>R</party>
        <district>2</district>
        <fullName>Rep. Jenkins, Lynn [R-KS-2]</fullName>
        <byRequestType />
        <firstName>Lynn</firstName>
      </item>
    </sponsors>
    <introducedDate>2017-01-13</introducedDate>
    <summaries>
      <billSummaries />
    </summaries>
    <notes />
    <createDate>2017-01-14T04:47:32Z</createDate>
    <billNumber>529</billNumber>
    <cosponsors>
      <item>
        <lastName>KIND</lastName>
        <state>WI</state>
        <bioguideId>K000188</bioguideId>
        <firstName>RON</firstName>
        <identifiers>
          <bioguideId>K000188</bioguideId>
          <gpoId>8216</gpoId>
          <lisID>1498</lisID>
        </identifiers>
        <sponsorshipDate>2017-01-13</sponsorshipDate>
        <party>D</party>
        <isOriginalCosponsor>True</isOriginalCosponsor>
        <sponsorshipWithdrawnDate />
        <district>3</district>
        <fullName>Rep. Kind, Ron [D-WI-3]</fullName>
        <middleName />
      </item>
    </cosponsors>
    <constitutionalAuthorityStatementText />
  </bill>
  <dublinCore xmlns:dc="http://purl.org/dc/elements/1.1/">
    <dc:format>text/xml</dc:format>
    <dc:language>EN</dc:language>
    <dc:rights>Pursuant to Title 17 Section 105 of the United States Code, this file is not subject to copyright protection and is in the public domain.</dc:rights>
    <dc:contributor>Congressional Research Service, Library of Congress</dc:contributor>
    <dc:description>This file contains bill summaries and statuses for federal legislation. A bill summary describes the most significant provisions of a piece of legislation and details the effects the legislative text may have on current law and federal programs. Bill summaries are authored by the Congressional Research Service (CRS) of the Library of Congress. As stated in Public Law 91-510 (2 USC 166 (d)(6)), one of the duties of CRS is "to prepare summaries and digests of bills and resolutions of a public general nature introduced in the Senate or House of Representatives". For more information, refer to the User Guide that accompanies this file.</dc:description>
  </dublinCore>
</billStatus>

