<?xml version="1.0" encoding="UTF-8"?>
<billStatus>
  <bill>
    <policyArea>
      <name>Housing and Community Development</name>
    </policyArea>
    <congress>115</congress>
    <cosponsors />
    <relatedBills />
    <title>Housing Fairness Act of 2017</title>
    <originChamber>House</originChamber>
    <subjects>
      <billSubjects>
        <policyArea>
          <name>Housing and Community Development</name>
        </policyArea>
        <legislativeSubjects>
          <item>
            <name>Administrative law and regulatory procedures</name>
          </item>
          <item>
            <name>Department of Housing and Urban Development</name>
          </item>
          <item>
            <name>Disability and health-based discrimination</name>
          </item>
          <item>
            <name>Government information and archives</name>
          </item>
          <item>
            <name>Government studies and investigations</name>
          </item>
          <item>
            <name>Housing and community development funding</name>
          </item>
          <item>
            <name>Housing discrimination</name>
          </item>
          <item>
            <name>Housing finance and home ownership</name>
          </item>
          <item>
            <name>Military personnel and dependents</name>
          </item>
          <item>
            <name>Racial and ethnic relations</name>
          </item>
          <item>
            <name>Religion</name>
          </item>
          <item>
            <name>Sex, gender, sexual orientation discrimination</name>
          </item>
          <item>
            <name>Veterans' loans, housing, homeless programs</name>
          </item>
        </legislativeSubjects>
      </billSubjects>
    </subjects>
    <committeeReports />
    <constitutionalAuthorityStatementText />
    <notes />
    <billType>HR</billType>
    <titles>
      <item>
        <chamberCode />
        <titleType>Short Titles as Introduced</titleType>
        <title>Housing Fairness Act of 2017</title>
        <chamberName />
        <parentTitleType />
      </item>
      <item>
        <chamberCode />
        <titleType>Short Titles as Introduced</titleType>
        <title>Veterans, Women, Families with Children, Race, and Persons with Disabilities Housing Fairness Act of 2017</title>
        <chamberName />
        <parentTitleType />
      </item>
      <item>
        <chamberCode />
        <titleType>Official Title as Introduced</titleType>
        <title>To authorize funds to prevent housing discrimination through the use of nationwide testing, to increase funds for the Fair Housing Initiatives Program, and for other purposes.</title>
        <chamberName />
        <parentTitleType />
      </item>
      <item>
        <chamberCode />
        <titleType>Display Title</titleType>
        <title>Housing Fairness Act of 2017</title>
        <chamberName />
        <parentTitleType />
      </item>
    </titles>
    <latestAction>
      <links />
      <actionDate>2017-01-03</actionDate>
      <text>Referred to the House Committee on Financial Services.</text>
    </latestAction>
    <introducedDate>2017-01-03</introducedDate>
    <amendments />
    <createDate>2017-01-04T07:01:11Z</createDate>
    <cboCostEstimates />
    <recordedVotes />
    <sponsors>
      <item>
        <state>TX</state>
        <party>D</party>
        <district>9</district>
        <lastName>Green</lastName>
        <middleName />
        <fullName>Rep. Green, Al [D-TX-9]</fullName>
        <identifiers>
          <lisID>1803</lisID>
          <bioguideId>G000553</bioguideId>
          <gpoId>8165</gpoId>
        </identifiers>
        <bioguideId>G000553</bioguideId>
        <firstName>Al</firstName>
        <byRequestType />
      </item>
    </sponsors>
    <calendarNumbers />
    <updateDate>2017-01-18T16:31:19Z</updateDate>
    <billNumber>149</billNumber>
    <laws />
    <committees>
      <billCommittees>
        <item>
          <chamber>House</chamber>
          <name>Financial Services Committee</name>
          <systemCode>hsba00</systemCode>
          <type>Standing</type>
          <subcommittees />
          <activities>
            <item>
              <date>2017-01-03T17:01:45Z</date>
              <name>Referred to</name>
            </item>
          </activities>
        </item>
      </billCommittees>
    </committees>
    <actions>
      <item>
        <type>IntroReferral</type>
        <sourceSystem>
          <code>2</code>
          <name>House floor actions</name>
        </sourceSystem>
        <links />
        <committee>
          <name>Financial Services Committee</name>
          <systemCode>hsba00</systemCode>
        </committee>
        <actionDate>2017-01-03</actionDate>
        <text>Referred to the House Committee on Financial Services.</text>
        <actionCode>H11100</actionCode>
      </item>
      <item>
        <type>IntroReferral</type>
        <sourceSystem>
          <code>9</code>
          <name>Library of Congress</name>
        </sourceSystem>
        <links />
        <committee />
        <actionDate>2017-01-03</actionDate>
        <text>Introduced in House</text>
        <actionCode>Intro-H</actionCode>
      </item>
      <item>
        <type>IntroReferral</type>
        <sourceSystem>
          <code>9</code>
          <name>Library of Congress</name>
        </sourceSystem>
        <links />
        <committee />
        <actionDate>2017-01-03</actionDate>
        <text>Introduced in House</text>
        <actionCode>1000</actionCode>
      </item>
      <actionTypeCounts>
        <billReferrals>1</billReferrals>
        <introducedInTheHouse>1</introducedInTheHouse>
        <introducedInHouse>1</introducedInHouse>
      </actionTypeCounts>
      <actionByCounts>
        <houseOfRepresentatives>3</houseOfRepresentatives>
      </actionByCounts>
    </actions>
    <summaries>
      <billSummaries />
    </summaries>
  </bill>
  <dublinCore xmlns:dc="http://purl.org/dc/elements/1.1/">
    <dc:format>text/xml</dc:format>
    <dc:language>EN</dc:language>
    <dc:rights>Pursuant to Title 17 Section 105 of the United States Code, this file is not subject to copyright protection and is in the public domain.</dc:rights>
    <dc:contributor>Congressional Research Service, Library of Congress</dc:contributor>
    <dc:description>This file contains bill summaries and statuses for federal legislation. A bill summary describes the most significant provisions of a piece of legislation and details the effects the legislative text may have on current law and federal programs. Bill summaries are authored by the Congressional Research Service (CRS) of the Library of Congress. As stated in Public Law 91-510 (2 USC 166 (d)(6)), one of the duties of CRS is "to prepare summaries and digests of bills and resolutions of a public general nature introduced in the Senate or House of Representatives". For more information, refer to the User Guide that accompanies this file.</dc:description>
  </dublinCore>
</billStatus>

