<?xml version="1.0" encoding="UTF-8"?>
<billStatus>
  <bill>
    <amendments />
    <actions>
      <item>
        <actionDate>2017-01-13</actionDate>
        <committee>
          <name>Constitution and Civil Justice Subcommittee</name>
          <systemCode>hsju10</systemCode>
        </committee>
        <links />
        <sourceSystem>
          <name>House committee actions</name>
          <code>1</code>
        </sourceSystem>
        <text>Referred to the Subcommittee on the Constitution and Civil Justice.</text>
        <type>Committee</type>
      </item>
      <item>
        <actionDate>2017-01-03</actionDate>
        <actionCode>H11100</actionCode>
        <type>IntroReferral</type>
        <text>Referred to the House Committee on the Judiciary.</text>
        <committee>
          <name>Judiciary Committee</name>
          <systemCode>hsju00</systemCode>
        </committee>
        <sourceSystem>
          <name>House floor actions</name>
          <code>2</code>
        </sourceSystem>
        <links />
      </item>
      <item>
        <actionDate>2017-01-03</actionDate>
        <actionCode>Intro-H</actionCode>
        <type>IntroReferral</type>
        <text>Introduced in House</text>
        <committee />
        <sourceSystem>
          <name>Library of Congress</name>
          <code>9</code>
        </sourceSystem>
        <links />
      </item>
      <item>
        <actionDate>2017-01-03</actionDate>
        <actionCode>1000</actionCode>
        <type>IntroReferral</type>
        <text>Introduced in House</text>
        <committee />
        <sourceSystem>
          <name>Library of Congress</name>
          <code>9</code>
        </sourceSystem>
        <links />
      </item>
      <actionTypeCounts>
        <placeholderTextForH>1</placeholderTextForH>
        <introducedInTheHouse>1</introducedInTheHouse>
        <billReferrals>1</billReferrals>
        <introducedInHouse>1</introducedInHouse>
      </actionTypeCounts>
      <actionByCounts>
        <houseOfRepresentatives>4</houseOfRepresentatives>
      </actionByCounts>
    </actions>
    <committees>
      <billCommittees>
        <item>
          <subcommittees>
            <item>
              <activities>
                <item>
                  <name>Referred to</name>
                  <date>2017-01-13T14:23:56Z</date>
                </item>
              </activities>
              <name>Constitution and Civil Justice Subcommittee</name>
              <systemCode>hsju10</systemCode>
            </item>
          </subcommittees>
          <type>Standing</type>
          <systemCode>hsju00</systemCode>
          <activities>
            <item>
              <name>Referred to</name>
              <date>2017-01-03T17:09:10Z</date>
            </item>
          </activities>
          <chamber>House</chamber>
          <name>Judiciary Committee</name>
        </item>
      </billCommittees>
    </committees>
    <billNumber>177</billNumber>
    <policyArea>
      <name>Law</name>
    </policyArea>
    <subjects>
      <billSubjects>
        <policyArea>
          <name>Law</name>
        </policyArea>
        <legislativeSubjects>
          <item>
            <name>Health care costs and insurance</name>
          </item>
          <item>
            <name>Health care coverage and access</name>
          </item>
          <item>
            <name>Judicial procedure and administration</name>
          </item>
          <item>
            <name>Judicial review and appeals</name>
          </item>
          <item>
            <name>Supreme Court</name>
          </item>
        </legislativeSubjects>
      </billSubjects>
    </subjects>
    <relatedBills />
    <updateDate>2017-01-23T17:01:18Z</updateDate>
    <laws />
    <createDate>2017-01-04T07:01:12Z</createDate>
    <constitutionalAuthorityStatementText><![CDATA[<pre>From the Congressional Record Online through the Government Publishing Office [<a href='http://www.gpo.gov'>www.gpo.gov</a>]By Mr. KING of Iowa:H.R. 177.Congress has the power to enact this legislation pursuantto the following:Article III, Section 2, Clause 1Article I, Section 8, Clause 9[Page H51]</pre>]]></constitutionalAuthorityStatementText>
    <introducedDate>2017-01-03</introducedDate>
    <cosponsors />
    <sponsors>
      <item>
        <party>R</party>
        <lastName>King</lastName>
        <fullName>Rep. King, Steve [R-IA-4]</fullName>
        <bioguideId>K000362</bioguideId>
        <middleName />
        <district>4</district>
        <byRequestType />
        <identifiers>
          <gpoId>7918</gpoId>
          <lisID>1724</lisID>
          <bioguideId>K000362</bioguideId>
        </identifiers>
        <state>IA</state>
        <firstName>Steve</firstName>
      </item>
    </sponsors>
    <cboCostEstimates />
    <billType>HR</billType>
    <recordedVotes />
    <notes />
    <originChamber>House</originChamber>
    <summaries>
      <billSummaries />
    </summaries>
    <latestAction>
      <links />
      <text>Referred to the Subcommittee on the Constitution and Civil Justice.</text>
      <actionDate>2017-01-13</actionDate>
    </latestAction>
    <titles>
      <item>
        <chamberName />
        <titleType>Official Title as Introduced</titleType>
        <parentTitleType />
        <title>To bar Supreme Court decisions in certain Patient Protection and Affordable Care Act cases from citation.</title>
        <chamberCode />
      </item>
      <item>
        <chamberName />
        <titleType>Display Title</titleType>
        <parentTitleType />
        <title>To bar Supreme Court decisions in certain Patient Protection and Affordable Care Act cases from citation.</title>
        <chamberCode />
      </item>
    </titles>
    <title>To bar Supreme Court decisions in certain Patient Protection and Affordable Care Act cases from citation.</title>
    <calendarNumbers />
    <committeeReports />
    <congress>115</congress>
  </bill>
  <dublinCore xmlns:dc="http://purl.org/dc/elements/1.1/">
    <dc:format>text/xml</dc:format>
    <dc:language>EN</dc:language>
    <dc:rights>Pursuant to Title 17 Section 105 of the United States Code, this file is not subject to copyright protection and is in the public domain.</dc:rights>
    <dc:contributor>Congressional Research Service, Library of Congress</dc:contributor>
    <dc:description>This file contains bill summaries and statuses for federal legislation. A bill summary describes the most significant provisions of a piece of legislation and details the effects the legislative text may have on current law and federal programs. Bill summaries are authored by the Congressional Research Service (CRS) of the Library of Congress. As stated in Public Law 91-510 (2 USC 166 (d)(6)), one of the duties of CRS is "to prepare summaries and digests of bills and resolutions of a public general nature introduced in the Senate or House of Representatives". For more information, refer to the User Guide that accompanies this file.</dc:description>
  </dublinCore>
</billStatus>

