<?xml version="1.0" encoding="UTF-8"?>
<billStatus>
  <bill>
    <committeeReports>
      <committeeReport>
        <citation>H. Rept. 115-291</citation>
      </committeeReport>
    </committeeReports>
    <updateDate>2018-08-28T20:08:21Z</updateDate>
    <laws />
    <billType>HR</billType>
    <subjects>
      <billSubjects>
        <policyArea>
          <name>Public Lands and Natural Resources</name>
        </policyArea>
        <legislativeSubjects>
          <item>
            <name>Colorado</name>
          </item>
          <item>
            <name>Congressional tributes</name>
          </item>
          <item>
            <name>Forests, forestry, trees</name>
          </item>
        </legislativeSubjects>
      </billSubjects>
    </subjects>
    <policyArea>
      <name>Public Lands and Natural Resources</name>
    </policyArea>
    <recordedVotes>
      <recordedVote>
        <date>2017-11-28T23:57:44Z</date>
        <sessionNumber>1</sessionNumber>
        <url>http://clerk.house.gov/evs/2017/roll638.xml</url>
        <chamber>House</chamber>
        <congress>115</congress>
        <rollNumber>638</rollNumber>
        <fullActionName>Final Passage Under Suspension of the Rules Results</fullActionName>
      </recordedVote>
    </recordedVotes>
    <originChamber>House</originChamber>
    <latestAction>
      <text>By Senator Murkowski from Committee on Energy and Natural Resources filed written report. Report No. 115-321.</text>
      <links />
      <actionDate>2018-08-15</actionDate>
    </latestAction>
    <constitutionalAuthorityStatementText><![CDATA[<pre>[Congressional Record Volume 163, Number 93 (Tuesday, May 30, 2017)]From the Congressional Record Online through the Government Publishing Office [<a href='http://www.gpo.gov'>www.gpo.gov</a>]By Mr. TIPTON:H.R. 2768.Congress has the power to enact this legislation pursuantto the following:Article IV, Section 3, Clause 2 (the Property Clause),which confers on Congress the power to make all needful Rulesand Regulations respecting the property belonging to theUnited States.____________________[Page H4618]</pre>]]></constitutionalAuthorityStatementText>
    <billNumber>2768</billNumber>
    <committees>
      <billCommittees>
        <item>
          <type>Standing</type>
          <name>Energy and Natural Resources Committee</name>
          <systemCode>sseg00</systemCode>
          <chamber>Senate</chamber>
          <activities>
            <item>
              <name>Reported by</name>
              <date>2018-07-30T20:33:51Z</date>
            </item>
            <item>
              <name>Markup by</name>
              <date>2018-05-17T14:00:40Z</date>
            </item>
            <item>
              <name>Referred to</name>
              <date>2017-11-29T18:40:34Z</date>
            </item>
          </activities>
          <subcommittees />
        </item>
        <item>
          <type>Standing</type>
          <name>Natural Resources Committee</name>
          <systemCode>hsii00</systemCode>
          <chamber>House</chamber>
          <activities>
            <item>
              <name>Reported by</name>
              <date>2017-09-05T18:33:26Z</date>
            </item>
            <item>
              <name>Markup by</name>
              <date>2017-07-26T17:12:46Z</date>
            </item>
            <item>
              <name>Referred to</name>
              <date>2017-05-30T15:01:20Z</date>
            </item>
          </activities>
          <subcommittees>
            <item>
              <name>Federal Lands Subcommittee</name>
              <systemCode>hsii10</systemCode>
              <activities>
                <item>
                  <name>Referred to</name>
                  <date>2017-06-15T21:54:37Z</date>
                </item>
              </activities>
            </item>
          </subcommittees>
        </item>
      </billCommittees>
    </committees>
    <introducedDate>2017-05-30</introducedDate>
    <cosponsors />
    <notes />
    <relatedBills>
      <item>
        <type>S</type>
        <number>1271</number>
        <latestTitle>Fowler and Boskoff Peaks Designation Act</latestTitle>
        <congress>115</congress>
        <latestAction>
          <actionDate>2017-07-26</actionDate>
          <text>Committee on Energy and Natural Resources Subcommittee on Public Lands, Forests, and Mining. Hearings held.</text>
        </latestAction>
        <relationshipDetails>
          <item>
            <type>Identical bill</type>
            <identifiedBy>CRS</identifiedBy>
          </item>
        </relationshipDetails>
      </item>
    </relatedBills>
    <title>Fowler and Boskoff Peaks Designation Act</title>
    <sponsors>
      <item>
        <district>3</district>
        <fullName>Rep. Tipton, Scott  R. [R-CO-3]</fullName>
        <firstName>Scott</firstName>
        <lastName>Tipton</lastName>
        <state>CO</state>
        <bioguideId>T000470</bioguideId>
        <party>R</party>
        <identifiers>
          <gpoId>7861</gpoId>
          <lisID>1997</lisID>
          <bioguideId>T000470</bioguideId>
        </identifiers>
        <byRequestType />
        <middleName>R.</middleName>
      </item>
    </sponsors>
    <congress>115</congress>
    <version>1.0.0</version>
    <amendments />
    <titles>
      <item>
        <title>Fowler and Boskoff Peaks Designation Act</title>
        <chamberCode>H</chamberCode>
        <titleType>Short Titles as Passed House</titleType>
        <parentTitleType>Short Titles House of Representatives</parentTitleType>
        <chamberName>House</chamberName>
      </item>
      <item>
        <title>Fowler and Boskoff Peaks Designation Act</title>
        <chamberCode>S</chamberCode>
        <titleType>Short Titles as Reported to Senate</titleType>
        <parentTitleType>Short Titles Senate</parentTitleType>
        <chamberName>Senate</chamberName>
      </item>
      <item>
        <title>Fowler and Boskoff Peaks Designation Act</title>
        <chamberCode>H</chamberCode>
        <titleType>Short Titles as Reported to House</titleType>
        <parentTitleType>Short Titles House of Representatives</parentTitleType>
        <chamberName>House</chamberName>
      </item>
      <item>
        <title>Fowler and Boskoff Peaks Designation Act</title>
        <chamberCode />
        <titleType>Short Titles as Introduced</titleType>
        <parentTitleType />
        <chamberName />
      </item>
      <item>
        <title>To designate certain mountain peaks in the State of Colorado as "Fowler Peak" and "Boskoff Peak".</title>
        <chamberCode />
        <titleType>Official Title as Introduced</titleType>
        <parentTitleType />
        <chamberName />
      </item>
      <item>
        <title>Fowler and Boskoff Peaks Designation Act</title>
        <chamberCode />
        <titleType>Display Title</titleType>
        <parentTitleType />
        <chamberName />
      </item>
      <item>
        <title>Fowler and Boskoff Peaks Designation Act</title>
        <chamberCode>S</chamberCode>
        <titleType>(Extracted from GPO) Short Titles as Reported to Senate</titleType>
        <parentTitleType />
        <chamberName>Senate</chamberName>
      </item>
      <item>
        <title>Fowler and Boskoff Peaks Designation Act</title>
        <chamberCode>H</chamberCode>
        <titleType>(Extracted from GPO) Short Titles as Passed House</titleType>
        <parentTitleType />
        <chamberName>House</chamberName>
      </item>
      <item>
        <title>Fowler and Boskoff Peaks Designation Act</title>
        <chamberCode>H</chamberCode>
        <titleType>(Extracted from GPO) Short Titles as Reported to House</titleType>
        <parentTitleType />
        <chamberName>House</chamberName>
      </item>
      <item>
        <title>Fowler and Boskoff Peaks Designation Act</title>
        <chamberCode />
        <titleType>(Extracted from GPO) Short Titles as Introduced</titleType>
        <parentTitleType />
        <chamberName />
      </item>
    </titles>
    <createDate>2017-05-31T03:11:37Z</createDate>
    <cboCostEstimates>
      <item>
        <pubDate>2017-08-31T15:00:32Z</pubDate>
        <url>https://www.cbo.gov/publication/53062</url>
        <title>H.R. 2768, Fowler and Boskoff Peaks Designation Act</title>
      </item>
      <item>
        <pubDate>2018-06-05T19:19:00Z</pubDate>
        <url>https://www.cbo.gov/publication/53936</url>
        <title>H.R. 2768, Fowler and Boskoff Peaks Designation Act</title>
      </item>
    </cboCostEstimates>
    <calendarNumbers>
      <item>
        <number />
        <calendar>H00078</calendar>
      </item>
      <item>
        <number>0541</number>
        <calendar>Senate Calendar of Business</calendar>
      </item>
    </calendarNumbers>
    <actions>
      <actionByCounts>
        <senate>7</senate>
        <houseOfRepresentatives>17</houseOfRepresentatives>
      </actionByCounts>
      <item>
        <actionDate>2018-08-15</actionDate>
        <committee>
          <systemCode>sseg00</systemCode>
          <name>Energy and Natural Resources Committee</name>
        </committee>
        <links>
          <link>
            <url>https://www.congress.gov/congressional-report/115th-congress/senate-report/321</url>
            <name>Report No. 115-321</name>
          </link>
        </links>
        <sourceSystem>
          <code>0</code>
          <name>Senate</name>
        </sourceSystem>
        <text>By Senator Murkowski from Committee on Energy and Natural Resources filed written report. Report No. 115-321.</text>
        <type>Floor</type>
      </item>
      <item>
        <committee>
          <systemCode>sseg00</systemCode>
          <name>Energy and Natural Resources Committee</name>
        </committee>
        <links>
          <link>
            <url>https://www.congress.gov/congressional-report/115th-congress/senate-report/321</url>
            <name>Report No. 115-321</name>
          </link>
        </links>
        <type>Committee</type>
        <text>By Senator Murkowski from Committee on Energy and Natural Resources filed written report. Report No. 115-321.</text>
        <actionDate>2018-08-15</actionDate>
        <actionCode>14900</actionCode>
        <sourceSystem>
          <code>9</code>
          <name>Library of Congress</name>
        </sourceSystem>
      </item>
      <item>
        <actionDate>2018-07-30</actionDate>
        <committee />
        <links />
        <sourceSystem>
          <code>0</code>
          <name>Senate</name>
        </sourceSystem>
        <text>Placed on Senate Legislative Calendar under General Orders. Calendar No. 541.</text>
        <type>Calendars</type>
      </item>
      <item>
        <actionDate>2018-07-30</actionDate>
        <committee>
          <systemCode>sseg00</systemCode>
          <name>Energy and Natural Resources Committee</name>
        </committee>
        <links />
        <sourceSystem>
          <code>0</code>
          <name>Senate</name>
        </sourceSystem>
        <text>Committee on Energy and Natural Resources. Reported by Senator Murkowski without amendment. Without written report.</text>
        <type>Committee</type>
      </item>
      <item>
        <committee>
          <systemCode>sseg00</systemCode>
          <name>Energy and Natural Resources Committee</name>
        </committee>
        <links />
        <type>Committee</type>
        <text>Committee on Energy and Natural Resources. Reported by Senator Murkowski without amendment. Without written report.</text>
        <actionDate>2018-07-30</actionDate>
        <actionCode>14000</actionCode>
        <sourceSystem>
          <code>9</code>
          <name>Library of Congress</name>
        </sourceSystem>
      </item>
      <item>
        <actionDate>2018-05-17</actionDate>
        <committee>
          <systemCode>sseg00</systemCode>
          <name>Energy and Natural Resources Committee</name>
        </committee>
        <links />
        <sourceSystem>
          <code>0</code>
          <name>Senate</name>
        </sourceSystem>
        <text>Committee on Energy and Natural Resources. Ordered to be reported without amendment favorably.</text>
        <type>Committee</type>
      </item>
      <item>
        <actionDate>2017-11-29</actionDate>
        <committee>
          <systemCode>sseg00</systemCode>
          <name>Energy and Natural Resources Committee</name>
        </committee>
        <links />
        <sourceSystem>
          <code>0</code>
          <name>Senate</name>
        </sourceSystem>
        <text>Received in the Senate and Read twice and referred to the Committee on Energy and Natural Resources.</text>
        <type>IntroReferral</type>
      </item>
      <item>
        <committee />
        <links />
        <type>Floor</type>
        <text>Motion to reconsider laid on the table Agreed to without objection.</text>
        <actionDate>2017-11-28</actionDate>
        <actionCode>H38310</actionCode>
        <actionTime>18:57:45</actionTime>
        <sourceSystem>
          <code>2</code>
          <name>House floor actions</name>
        </sourceSystem>
      </item>
      <item>
        <committee />
        <links>
          <link>
            <url>https://www.congress.gov/congressional-record/volume-163/house-section/page/H9441</url>
            <name>H9441</name>
          </link>
          <link>
            <url>http://clerk.house.gov/evs/2017/roll638.xml</url>
            <name>Roll no. 638</name>
          </link>
        </links>
        <type>Floor</type>
        <text>On motion to suspend the rules and pass the bill Agreed to by the Yeas and Nays: (2/3 required): 409 - 0 (Roll no. 638). (text: CR H9441)</text>
        <actionDate>2017-11-28</actionDate>
        <actionCode>H37300</actionCode>
        <actionTime>18:57:44</actionTime>
        <sourceSystem>
          <code>2</code>
          <name>House floor actions</name>
        </sourceSystem>
      </item>
      <item>
        <committee />
        <links>
          <link>
            <url>https://www.congress.gov/congressional-record/volume-163/house-section/page/H9441</url>
            <name>H9441</name>
          </link>
          <link>
            <url>http://clerk.house.gov/evs/2017/roll638.xml</url>
            <name>Roll no. 638</name>
          </link>
        </links>
        <type>Floor</type>
        <text>Passed/agreed to in House: On motion to suspend the rules and pass the bill Agreed to by the Yeas and Nays: (2/3 required): 409 - 0 (Roll no. 638).(text: CR H9441)</text>
        <actionDate>2017-11-28</actionDate>
        <actionCode>8000</actionCode>
        <actionTime>18:57:44</actionTime>
        <sourceSystem>
          <code>9</code>
          <name>Library of Congress</name>
        </sourceSystem>
      </item>
      <item>
        <committee />
        <links>
          <link>
            <url>https://www.congress.gov/congressional-record/volume-163/house-section/page/H9454-9455</url>
            <name>H9454-9455</name>
          </link>
        </links>
        <type>Floor</type>
        <text>Considered as unfinished business. (consideration: CR H9454-9455)</text>
        <actionDate>2017-11-28</actionDate>
        <actionCode>H30000</actionCode>
        <actionTime>18:31:29</actionTime>
        <sourceSystem>
          <code>2</code>
          <name>House floor actions</name>
        </sourceSystem>
      </item>
      <item>
        <committee />
        <links />
        <type>Floor</type>
        <text>At the conclusion of debate, the Yeas and Nays were demanded and ordered. Pursuant to the provisions of clause 8, rule XX, the Chair announced that further proceedings on the motion would be postponed.</text>
        <actionDate>2017-11-28</actionDate>
        <actionCode>H37220</actionCode>
        <actionTime>16:35:18</actionTime>
        <sourceSystem>
          <code>2</code>
          <name>House floor actions</name>
        </sourceSystem>
      </item>
      <item>
        <committee />
        <links>
          <link>
            <url>https://www.congress.gov/bill/115th-congress/house-bill/2768</url>
            <name>H.R. 2768</name>
          </link>
        </links>
        <type>Floor</type>
        <text>DEBATE - The House proceeded with forty minutes of debate on H.R. 2768.</text>
        <actionDate>2017-11-28</actionDate>
        <actionCode>H8D000</actionCode>
        <actionTime>16:31:29</actionTime>
        <sourceSystem>
          <code>2</code>
          <name>House floor actions</name>
        </sourceSystem>
      </item>
      <item>
        <committee />
        <links>
          <link>
            <url>https://www.congress.gov/congressional-record/volume-163/house-section/page/H9441-9442</url>
            <name>H9441-9442</name>
          </link>
        </links>
        <type>Floor</type>
        <text>Considered under suspension of the rules. (consideration: CR H9441-9442)</text>
        <actionDate>2017-11-28</actionDate>
        <actionCode>H30000</actionCode>
        <actionTime>16:31:27</actionTime>
        <sourceSystem>
          <code>2</code>
          <name>House floor actions</name>
        </sourceSystem>
      </item>
      <item>
        <committee />
        <links />
        <type>Floor</type>
        <text>Mr. Tipton moved to suspend the rules and pass the bill.</text>
        <actionDate>2017-11-28</actionDate>
        <actionCode>H30300</actionCode>
        <actionTime>16:31:06</actionTime>
        <sourceSystem>
          <code>2</code>
          <name>House floor actions</name>
        </sourceSystem>
      </item>
      <item>
        <committee />
        <links />
        <type>Calendars</type>
        <text>Placed on the House Calendar, Calendar No. 78.</text>
        <actionDate>2017-09-05</actionDate>
        <actionCode>H12420</actionCode>
        <sourceSystem>
          <code>2</code>
          <name>House floor actions</name>
        </sourceSystem>
      </item>
      <item>
        <committee>
          <systemCode>hsii00</systemCode>
          <name>Natural Resources Committee</name>
        </committee>
        <links>
          <link>
            <url>https://www.congress.gov/congressional-report/115th-congress/house-report/291</url>
            <name>H. Rept. 115-291</name>
          </link>
        </links>
        <type>Committee</type>
        <text>Reported by the Committee on Natural Resources. H. Rept. 115-291.</text>
        <actionDate>2017-09-05</actionDate>
        <actionCode>H12200</actionCode>
        <sourceSystem>
          <code>2</code>
          <name>House floor actions</name>
        </sourceSystem>
      </item>
      <item>
        <committee>
          <systemCode>hsii00</systemCode>
          <name>Natural Resources Committee</name>
        </committee>
        <links>
          <link>
            <url>https://www.congress.gov/congressional-report/115th-congress/house-report/291</url>
            <name>H. Rept. 115-291</name>
          </link>
        </links>
        <type>Committee</type>
        <text>Reported by the Committee on Natural Resources. H. Rept. 115-291.</text>
        <actionDate>2017-09-05</actionDate>
        <actionCode>5000</actionCode>
        <sourceSystem>
          <code>9</code>
          <name>Library of Congress</name>
        </sourceSystem>
      </item>
      <item>
        <actionDate>2017-07-26</actionDate>
        <committee>
          <systemCode>hsii00</systemCode>
          <name>Natural Resources Committee</name>
        </committee>
        <links />
        <sourceSystem>
          <code>1</code>
          <name>House committee actions</name>
        </sourceSystem>
        <text>Ordered to be Reported by Unanimous Consent.</text>
        <type>Committee</type>
      </item>
      <item>
        <actionDate>2017-07-26</actionDate>
        <committee>
          <systemCode>hsii00</systemCode>
          <name>Natural Resources Committee</name>
        </committee>
        <links />
        <sourceSystem>
          <code>1</code>
          <name>House committee actions</name>
        </sourceSystem>
        <text>Committee Consideration and Mark-up Session Held.</text>
        <type>Committee</type>
      </item>
      <item>
        <actionDate>2017-06-15</actionDate>
        <committee>
          <systemCode>hsii10</systemCode>
          <name>Federal Lands Subcommittee</name>
        </committee>
        <links />
        <sourceSystem>
          <code>1</code>
          <name>House committee actions</name>
        </sourceSystem>
        <text>Referred to the Subcommittee on Federal Lands.</text>
        <type>Committee</type>
      </item>
      <item>
        <committee>
          <systemCode>hsii00</systemCode>
          <name>Natural Resources Committee</name>
        </committee>
        <links />
        <type>IntroReferral</type>
        <text>Referred to the House Committee on Natural Resources.</text>
        <actionDate>2017-05-30</actionDate>
        <actionCode>H11100</actionCode>
        <sourceSystem>
          <code>2</code>
          <name>House floor actions</name>
        </sourceSystem>
      </item>
      <item>
        <committee />
        <links />
        <type>IntroReferral</type>
        <text>Introduced in House</text>
        <actionDate>2017-05-30</actionDate>
        <actionCode>Intro-H</actionCode>
        <sourceSystem>
          <code>9</code>
          <name>Library of Congress</name>
        </sourceSystem>
      </item>
      <item>
        <committee />
        <links />
        <type>IntroReferral</type>
        <text>Introduced in House</text>
        <actionDate>2017-05-30</actionDate>
        <actionCode>1000</actionCode>
        <sourceSystem>
          <code>9</code>
          <name>Library of Congress</name>
        </sourceSystem>
      </item>
      <actionTypeCounts>
        <placeholderTextForH>3</placeholderTextForH>
        <introducedInHouse>1</introducedInHouse>
        <billReferrals>1</billReferrals>
        <introducedInTheHouse>1</introducedInTheHouse>
        <houseCalendarAssignment>1</houseCalendarAssignment>
        <committeeReportOfABill>1</committeeReportOfABill>
        <referredToCommittee>1</referredToCommittee>
        <considerationByHouse>2</considerationByHouse>
        <reportedToSenate>2</reportedToSenate>
        <committeeFiledReportToAccompany>1</committeeFiledReportToAccompany>
        <finalPassageUnderSuspensionOfTheRulesResults>1</finalPassageUnderSuspensionOfTheRulesResults>
        <motionToReconsiderResults>1</motionToReconsiderResults>
        <passedAgreedToInHouse>1</passedAgreedToInHouse>
        <orderedReported>1</orderedReported>
        <motionMadeToSuspendTheRules>1</motionMadeToSuspendTheRules>
        <generalDebate>1</generalDebate>
        <reportedToHouse>1</reportedToHouse>
        <actionStageOverride>1</actionStageOverride>
        <placedOnCalendarGeneralOrders>1</placedOnCalendarGeneralOrders>
        <senateCommitteeReportFiledAfterReporting>1</senateCommitteeReportFiledAfterReporting>
      </actionTypeCounts>
    </actions>
    <summaries>
      <billSummaries>
        <item>
          <text><![CDATA[<p><b>Fowler and Boskoff Peaks Designation Act</b></p> <p>This bill designates specified mountain peaks in the Uncompahgre National Forest in Colorado as &quot;Fowler Peak&quot; and &quot;Boskoff Peak.&quot;</p>]]></text>
          <lastSummaryUpdateDate>2017-09-20T18:55:32Z</lastSummaryUpdateDate>
          <actionDesc>Introduced in House</actionDesc>
          <updateDate>2017-05-30T04:00:00Z</updateDate>
          <name>Introduced in House</name>
          <versionCode>00</versionCode>
          <actionDate>2017-05-30</actionDate>
        </item>
        <item>
          <text><![CDATA[<p>(This measure has not been amended since it was introduced. The summary has been expanded because action occurred on the measure.)</p> <p><b>Fowler and Boskoff Peaks Designation Act</b></p> <p>(Sec. 3) This bill designates specified mountain peaks in the Uncompahgre National Forest in Colorado as &quot;Fowler Peak&quot; and &quot;Boskoff Peak.&quot;</p>]]></text>
          <lastSummaryUpdateDate>2017-12-13T23:14:10Z</lastSummaryUpdateDate>
          <actionDesc>Passed House without amendment</actionDesc>
          <updateDate>2017-11-28T14:07:19Z</updateDate>
          <name>Passed House without amendment</name>
          <versionCode>81</versionCode>
          <actionDate>2017-11-28</actionDate>
        </item>
      </billSummaries>
    </summaries>
  </bill>
  <dublinCore xmlns:dc="http://purl.org/dc/elements/1.1/">
    <dc:format>text/xml</dc:format>
    <dc:language>EN</dc:language>
    <dc:rights>Pursuant to Title 17 Section 105 of the United States Code, this file is not subject to copyright protection and is in the public domain.</dc:rights>
    <dc:contributor>Congressional Research Service, Library of Congress</dc:contributor>
    <dc:description>This file contains bill summaries and statuses for federal legislation. A bill summary describes the most significant provisions of a piece of legislation and details the effects the legislative text may have on current law and federal programs. Bill summaries are authored by the Congressional Research Service (CRS) of the Library of Congress. As stated in Public Law 91-510 (2 USC 166 (d)(6)), one of the duties of CRS is "to prepare summaries and digests of bills and resolutions of a public general nature introduced in the Senate or House of Representatives". For more information, refer to the User Guide that accompanies this file.</dc:description>
  </dublinCore>
</billStatus>

