<?xml version="1.0" encoding="UTF-8"?>
<billStatus>
  <bill>
    <committees>
      <billCommittees>
        <item>
          <activities>
            <item>
              <name>Referred to</name>
              <date>2017-01-12T15:03:35Z</date>
            </item>
          </activities>
          <chamber>House</chamber>
          <systemCode>hsba00</systemCode>
          <name>Financial Services Committee</name>
          <type>Standing</type>
          <subcommittees />
        </item>
      </billCommittees>
    </committees>
    <recordedVotes />
    <laws />
    <summaries>
      <billSummaries>
        <item>
          <actionDesc>Introduced in House</actionDesc>
          <name>Introduced in House</name>
          <text><![CDATA[<p><b>Local Zoning Decisions Protection Act of 2017</b></p> <p>This bill nullifies:</p> <ul> <li>the final Department of Housing and Urban Development (HUD) rule entitled &quot;Affirmatively Furthering Fair Housing&quot; and any successor rule substantially similar to it, and</li> <li>the notice relating to the Affirmatively Furthering Fair Housing Assessment Tool and any successor notice or rule substantially similar to it.</li> </ul> <p>No federal funds may be used to design, build, maintain, utilize, or provide access to a federal database of geospatial information on community racial disparities or disparities in access to affordable housing.</p> <p>HUD is required to: (1) consult with state, local government, and public housing agency officials to develop recommendations, consistent with applicable rulings of the U.S. Supreme Court, to further the Fair Housing Act's purposes and policies; and (2) make a final report publicly available online within 12 months after enactment of this bill.</p>]]></text>
          <versionCode>00</versionCode>
          <lastSummaryUpdateDate>2017-04-10T15:23:13Z</lastSummaryUpdateDate>
          <updateDate>2017-01-12T05:00:00Z</updateDate>
          <actionDate>2017-01-12</actionDate>
        </item>
      </billSummaries>
    </summaries>
    <calendarNumbers />
    <titles>
      <item>
        <titleType>Short Titles as Introduced</titleType>
        <chamberName />
        <chamberCode />
        <parentTitleType />
        <title>Local Zoning Decisions Protection Act of 2017</title>
      </item>
      <item>
        <titleType>Official Title as Introduced</titleType>
        <chamberName />
        <chamberCode />
        <parentTitleType />
        <title>To nullify certain regulations and notices of the Department of Housing and Urban Development, and for other purposes.</title>
      </item>
      <item>
        <titleType>Display Title</titleType>
        <chamberName />
        <chamberCode />
        <parentTitleType />
        <title>Local Zoning Decisions Protection Act of 2017</title>
      </item>
      <item>
        <titleType>(Extracted from GPO) Short Titles as Introduced</titleType>
        <chamberName />
        <chamberCode />
        <parentTitleType />
        <title>Local Zoning Decisions Protection Act of 2017</title>
      </item>
    </titles>
    <cosponsors>
      <item>
        <fullName>Rep. Babin, Brian [R-TX-36]</fullName>
        <sponsorshipDate>2017-01-12</sponsorshipDate>
        <lastName>Babin</lastName>
        <state>TX</state>
        <party>R</party>
        <bioguideId>B001291</bioguideId>
        <identifiers>
          <lisID>2270</lisID>
          <bioguideId>B001291</bioguideId>
          <gpoId />
        </identifiers>
        <isOriginalCosponsor>True</isOriginalCosponsor>
        <firstName>Brian</firstName>
        <sponsorshipWithdrawnDate />
        <middleName />
        <district>36</district>
      </item>
      <item>
        <fullName>Rep. Blackburn, Marsha [R-TN-7]</fullName>
        <sponsorshipDate>2017-01-12</sponsorshipDate>
        <lastName>Blackburn</lastName>
        <state>TN</state>
        <party>R</party>
        <bioguideId>B001243</bioguideId>
        <identifiers>
          <lisID>1748</lisID>
          <bioguideId>B001243</bioguideId>
          <gpoId>8154</gpoId>
        </identifiers>
        <isOriginalCosponsor>True</isOriginalCosponsor>
        <firstName>Marsha</firstName>
        <sponsorshipWithdrawnDate />
        <middleName />
        <district>7</district>
      </item>
      <item>
        <fullName>Rep. Blum, Rod [R-IA-1]</fullName>
        <sponsorshipDate>2017-01-12</sponsorshipDate>
        <lastName>Blum</lastName>
        <state>IA</state>
        <party>R</party>
        <bioguideId>B001294</bioguideId>
        <identifiers>
          <lisID>2241</lisID>
          <bioguideId>B001294</bioguideId>
          <gpoId />
        </identifiers>
        <isOriginalCosponsor>True</isOriginalCosponsor>
        <firstName>Rod</firstName>
        <sponsorshipWithdrawnDate />
        <middleName />
        <district>1</district>
      </item>
      <item>
        <fullName>Rep. Buck, Ken [R-CO-4]</fullName>
        <sponsorshipDate>2017-01-12</sponsorshipDate>
        <lastName>Buck</lastName>
        <state>CO</state>
        <party>R</party>
        <bioguideId>B001297</bioguideId>
        <identifiers>
          <lisID>2233</lisID>
          <gpoId />
          <bioguideId>B001297</bioguideId>
        </identifiers>
        <isOriginalCosponsor>True</isOriginalCosponsor>
        <firstName>Ken</firstName>
        <sponsorshipWithdrawnDate />
        <middleName />
        <district>4</district>
      </item>
      <item>
        <fullName>Rep. Burgess, Michael C. [R-TX-26]</fullName>
        <sponsorshipDate>2017-01-12</sponsorshipDate>
        <lastName>Burgess</lastName>
        <state>TX</state>
        <party>R</party>
        <bioguideId>B001248</bioguideId>
        <identifiers>
          <bioguideId>B001248</bioguideId>
          <lisID>1751</lisID>
          <gpoId>8182</gpoId>
        </identifiers>
        <isOriginalCosponsor>True</isOriginalCosponsor>
        <firstName>Michael</firstName>
        <sponsorshipWithdrawnDate />
        <middleName>C.</middleName>
        <district>26</district>
      </item>
      <item>
        <fullName>Rep. DesJarlais, Scott [R-TN-4]</fullName>
        <sponsorshipDate>2017-01-12</sponsorshipDate>
        <lastName>DesJarlais</lastName>
        <state>TN</state>
        <party>R</party>
        <bioguideId>D000616</bioguideId>
        <identifiers>
          <lisID>2062</lisID>
          <bioguideId>D000616</bioguideId>
          <gpoId>8151</gpoId>
        </identifiers>
        <isOriginalCosponsor>True</isOriginalCosponsor>
        <firstName>Scott</firstName>
        <sponsorshipWithdrawnDate />
        <middleName />
        <district>4</district>
      </item>
      <item>
        <fullName>Rep. Duncan, Jeff [R-SC-3]</fullName>
        <sponsorshipDate>2017-01-12</sponsorshipDate>
        <lastName>Duncan</lastName>
        <state>SC</state>
        <party>R</party>
        <bioguideId>D000615</bioguideId>
        <identifiers>
          <bioguideId>D000615</bioguideId>
          <gpoId>8143</gpoId>
          <lisID>2057</lisID>
        </identifiers>
        <isOriginalCosponsor>True</isOriginalCosponsor>
        <firstName>Jeff</firstName>
        <sponsorshipWithdrawnDate />
        <middleName />
        <district>3</district>
      </item>
      <item>
        <fullName>Rep. Duncan, John J., Jr. [R-TN-2]</fullName>
        <sponsorshipDate>2017-01-12</sponsorshipDate>
        <lastName>DUNCAN</lastName>
        <state>TN</state>
        <party>R</party>
        <bioguideId>D000533</bioguideId>
        <identifiers>
          <lisID>322</lisID>
          <bioguideId>D000533</bioguideId>
          <gpoId>8149</gpoId>
        </identifiers>
        <isOriginalCosponsor>True</isOriginalCosponsor>
        <firstName>JOHN</firstName>
        <sponsorshipWithdrawnDate />
        <middleName>J.</middleName>
        <district>2</district>
      </item>
      <item>
        <fullName>Rep. Franks, Trent [R-AZ-8]</fullName>
        <sponsorshipDate>2017-01-12</sponsorshipDate>
        <lastName>Franks</lastName>
        <state>AZ</state>
        <party>R</party>
        <bioguideId>F000448</bioguideId>
        <identifiers>
          <lisID>1707</lisID>
          <gpoId>7799</gpoId>
          <bioguideId>F000448</bioguideId>
        </identifiers>
        <isOriginalCosponsor>True</isOriginalCosponsor>
        <firstName>Trent</firstName>
        <sponsorshipWithdrawnDate />
        <middleName />
        <district>8</district>
      </item>
      <item>
        <fullName>Rep. Grothman, Glenn [R-WI-6]</fullName>
        <sponsorshipDate>2017-01-12</sponsorshipDate>
        <lastName>Grothman</lastName>
        <state>WI</state>
        <party>R</party>
        <bioguideId>G000576</bioguideId>
        <identifiers>
          <lisID>2276</lisID>
          <gpoId />
          <bioguideId>G000576</bioguideId>
        </identifiers>
        <isOriginalCosponsor>True</isOriginalCosponsor>
        <firstName>Glenn</firstName>
        <sponsorshipWithdrawnDate />
        <middleName />
        <district>6</district>
      </item>
      <item>
        <fullName>Rep. King, Steve [R-IA-4]</fullName>
        <sponsorshipDate>2017-01-12</sponsorshipDate>
        <lastName>King</lastName>
        <state>IA</state>
        <party>R</party>
        <bioguideId>K000362</bioguideId>
        <identifiers>
          <lisID>1724</lisID>
          <gpoId>7918</gpoId>
          <bioguideId>K000362</bioguideId>
        </identifiers>
        <isOriginalCosponsor>True</isOriginalCosponsor>
        <firstName>Steve</firstName>
        <sponsorshipWithdrawnDate />
        <middleName />
        <district>4</district>
      </item>
      <item>
        <fullName>Rep. Massie, Thomas [R-KY-4]</fullName>
        <sponsorshipDate>2017-01-12</sponsorshipDate>
        <lastName>Massie</lastName>
        <state>KY</state>
        <party>R</party>
        <bioguideId>M001184</bioguideId>
        <identifiers>
          <gpoId>8371</gpoId>
          <lisID>2094</lisID>
          <bioguideId>M001184</bioguideId>
        </identifiers>
        <isOriginalCosponsor>True</isOriginalCosponsor>
        <firstName>Thomas</firstName>
        <sponsorshipWithdrawnDate />
        <middleName />
        <district>4</district>
      </item>
      <item>
        <fullName>Rep. McClintock, Tom [R-CA-4]</fullName>
        <sponsorshipDate>2017-01-12</sponsorshipDate>
        <lastName>McClintock</lastName>
        <state>CA</state>
        <party>R</party>
        <bioguideId>M001177</bioguideId>
        <identifiers>
          <lisID>1908</lisID>
          <gpoId>7809</gpoId>
          <bioguideId>M001177</bioguideId>
        </identifiers>
        <isOriginalCosponsor>True</isOriginalCosponsor>
        <firstName>Tom</firstName>
        <sponsorshipWithdrawnDate />
        <middleName />
        <district>4</district>
      </item>
      <item>
        <fullName>Rep. Poe, Ted [R-TX-2]</fullName>
        <sponsorshipDate>2017-01-12</sponsorshipDate>
        <lastName>Poe</lastName>
        <state>TX</state>
        <party>R</party>
        <bioguideId>P000592</bioguideId>
        <identifiers>
          <gpoId>8158</gpoId>
          <lisID>1802</lisID>
          <bioguideId>P000592</bioguideId>
        </identifiers>
        <isOriginalCosponsor>True</isOriginalCosponsor>
        <firstName>Ted</firstName>
        <sponsorshipWithdrawnDate />
        <middleName />
        <district>2</district>
      </item>
      <item>
        <fullName>Rep. Rohrabacher, Dana [R-CA-48]</fullName>
        <sponsorshipDate>2017-01-12</sponsorshipDate>
        <lastName>ROHRABACHER</lastName>
        <state>CA</state>
        <party>R</party>
        <bioguideId>R000409</bioguideId>
        <identifiers>
          <bioguideId>R000409</bioguideId>
          <lisID>979</lisID>
          <gpoId>7851</gpoId>
        </identifiers>
        <isOriginalCosponsor>True</isOriginalCosponsor>
        <firstName>DANA</firstName>
        <sponsorshipWithdrawnDate />
        <middleName />
        <district>48</district>
      </item>
      <item>
        <fullName>Rep. Sessions, Pete [R-TX-32]</fullName>
        <sponsorshipDate>2017-01-12</sponsorshipDate>
        <lastName>SESSIONS</lastName>
        <state>TX</state>
        <party>R</party>
        <bioguideId>S000250</bioguideId>
        <identifiers>
          <lisID>1525</lisID>
          <gpoId>8188</gpoId>
          <bioguideId>S000250</bioguideId>
        </identifiers>
        <isOriginalCosponsor>True</isOriginalCosponsor>
        <firstName>PETE</firstName>
        <sponsorshipWithdrawnDate />
        <middleName />
        <district>32</district>
      </item>
      <item>
        <fullName>Rep. Smith, Jason [R-MO-8]</fullName>
        <sponsorshipDate>2017-01-12</sponsorshipDate>
        <lastName>Smith</lastName>
        <state>MO</state>
        <party>R</party>
        <bioguideId>S001195</bioguideId>
        <identifiers>
          <lisID>2191</lisID>
          <gpoId />
          <bioguideId>S001195</bioguideId>
        </identifiers>
        <isOriginalCosponsor>True</isOriginalCosponsor>
        <firstName>Jason</firstName>
        <sponsorshipWithdrawnDate />
        <middleName />
        <district>8</district>
      </item>
      <item>
        <fullName>Rep. Webster, Daniel [R-FL-11]</fullName>
        <sponsorshipDate>2017-01-12</sponsorshipDate>
        <lastName>Webster</lastName>
        <state>FL</state>
        <party>R</party>
        <bioguideId>W000806</bioguideId>
        <identifiers>
          <gpoId>7880</gpoId>
          <lisID>2002</lisID>
          <bioguideId>W000806</bioguideId>
        </identifiers>
        <isOriginalCosponsor>True</isOriginalCosponsor>
        <firstName>Daniel</firstName>
        <sponsorshipWithdrawnDate />
        <middleName />
        <district>11</district>
      </item>
      <item>
        <fullName>Rep. Yoho, Ted S. [R-FL-3]</fullName>
        <sponsorshipDate>2017-01-12</sponsorshipDate>
        <lastName>Yoho</lastName>
        <state>FL</state>
        <party>R</party>
        <bioguideId>Y000065</bioguideId>
        <identifiers>
          <lisID>2115</lisID>
          <gpoId />
          <bioguideId>Y000065</bioguideId>
        </identifiers>
        <isOriginalCosponsor>True</isOriginalCosponsor>
        <firstName>Ted</firstName>
        <sponsorshipWithdrawnDate />
        <middleName>S.</middleName>
        <district>3</district>
      </item>
      <item>
        <fullName>Rep. Brat, Dave [R-VA-7]</fullName>
        <sponsorshipDate>2017-01-12</sponsorshipDate>
        <lastName>Brat</lastName>
        <state>VA</state>
        <party>R</party>
        <bioguideId>B001290</bioguideId>
        <identifiers>
          <bioguideId>B001290</bioguideId>
          <lisID>2203</lisID>
          <gpoId />
        </identifiers>
        <isOriginalCosponsor>True</isOriginalCosponsor>
        <firstName>Dave</firstName>
        <sponsorshipWithdrawnDate />
        <middleName />
        <district>7</district>
      </item>
      <item>
        <fullName>Rep. Joyce, David P. [R-OH-14]</fullName>
        <sponsorshipDate>2017-01-20</sponsorshipDate>
        <lastName>Joyce</lastName>
        <state>OH</state>
        <party>R</party>
        <bioguideId>J000295</bioguideId>
        <identifiers>
          <bioguideId>J000295</bioguideId>
          <lisID>2154</lisID>
          <gpoId />
        </identifiers>
        <isOriginalCosponsor>False</isOriginalCosponsor>
        <firstName>David</firstName>
        <sponsorshipWithdrawnDate />
        <middleName>P.</middleName>
        <district>14</district>
      </item>
      <item>
        <fullName>Rep. Biggs, Andy [R-AZ-5]</fullName>
        <sponsorshipDate>2017-01-24</sponsorshipDate>
        <lastName>Biggs</lastName>
        <state>AZ</state>
        <party>R</party>
        <bioguideId>B001302</bioguideId>
        <identifiers>
          <lisID>2307</lisID>
          <bioguideId>B001302</bioguideId>
          <gpoId />
        </identifiers>
        <isOriginalCosponsor>False</isOriginalCosponsor>
        <firstName>Andy</firstName>
        <sponsorshipWithdrawnDate />
        <middleName />
        <district>5</district>
      </item>
      <item>
        <fullName>Rep. Rokita, Todd [R-IN-4]</fullName>
        <sponsorshipDate>2017-02-07</sponsorshipDate>
        <lastName>Rokita</lastName>
        <state>IN</state>
        <party>R</party>
        <bioguideId>R000592</bioguideId>
        <identifiers>
          <bioguideId>R000592</bioguideId>
          <lisID>2017</lisID>
          <gpoId>7943</gpoId>
        </identifiers>
        <isOriginalCosponsor>False</isOriginalCosponsor>
        <firstName>Todd</firstName>
        <sponsorshipWithdrawnDate />
        <middleName />
        <district>4</district>
      </item>
      <item>
        <fullName>Rep. Smith, Lamar [R-TX-21]</fullName>
        <sponsorshipDate>2017-02-14</sponsorshipDate>
        <lastName>SMITH</lastName>
        <state>TX</state>
        <party>R</party>
        <bioguideId>S000583</bioguideId>
        <identifiers>
          <lisID>1075</lisID>
          <bioguideId>S000583</bioguideId>
          <gpoId>8177</gpoId>
        </identifiers>
        <isOriginalCosponsor>False</isOriginalCosponsor>
        <firstName>LAMAR</firstName>
        <sponsorshipWithdrawnDate />
        <middleName />
        <district>21</district>
      </item>
      <item>
        <fullName>Rep. Norman, Ralph [R-SC-5]</fullName>
        <sponsorshipDate>2017-09-25</sponsorshipDate>
        <lastName>Norman</lastName>
        <state>SC</state>
        <party>R</party>
        <bioguideId>N000190</bioguideId>
        <identifiers>
          <gpoId />
          <lisID>2361</lisID>
          <bioguideId>N000190</bioguideId>
        </identifiers>
        <isOriginalCosponsor>False</isOriginalCosponsor>
        <firstName>Ralph</firstName>
        <sponsorshipWithdrawnDate />
        <middleName />
        <district>5</district>
      </item>
    </cosponsors>
    <cboCostEstimates />
    <latestAction>
      <text>Referred to the House Committee on Financial Services.</text>
      <links />
      <actionDate>2017-01-12</actionDate>
    </latestAction>
    <updateDate>2018-08-28T23:10:40Z</updateDate>
    <version>1.0.0</version>
    <constitutionalAuthorityStatementText><![CDATA[<pre>[Congressional Record Volume 163, Number 8 (Thursday, January 12, 2017)]From the Congressional Record Online through the Government Publishing Office [<a href='http://www.gpo.gov'>www.gpo.gov</a>]By Mr. GOSAR:H.R. 482.Congress has the power to enactthis legislation pursuantto the following:Article I, Section 8, Clause 18 affords Congress the powerto legislate on thismatter. The executive branch, through theDepartment of Housing and Urban Development (HUD), hasmisinterpreted its authorityunder the Fair Housing Act of1968, as demonstrated in its Affirmatively Furthering FairHousing Rule. Two cases before theUnited States SupremeCourt--Magner v. Gallagher and Mount Holly v. Mount HollyGardens Citizens in Action--were settled less thana monthbefore the Court entertained oral arguments. The plaintiffswere concerned that their challenges would not be affirmedbythe Court. The Court is currently considering a case, TexasDepartment of Housing and Community Affairs v. TheInclusiveCommunities Project, which may set a precedent forthe issue of ``disparate impact.'' Regardless, Congress hasthe legislativeauthority to address the AffirmativelyFurthering Fair Housing rule head on and prevent that rule,or any substantially similarsuccessor rule.Section 3 of this bill is authorized through clause 7 ofsection 9 of article I of the Constitution of theUnitedStates (the appropriation power), which states: ``No Moneyshall be drawn from the Treasury, but in ConsequenceofAppropriations made by Law . . .''Section 4 of the bill promotes a core component of ourrepublic known as federalism. Itrequires the executivebranch, through HUD, to consult with State and localofficials to further the purposes and policies ofthe FairHousing Act.[Page H472]</pre>]]></constitutionalAuthorityStatementText>
    <policyArea>
      <name>Housing and Community Development</name>
    </policyArea>
    <billType>HR</billType>
    <billNumber>482</billNumber>
    <originChamber>House</originChamber>
    <relatedBills>
      <item>
        <latestTitle>Local Zoning Decisions Protection Act of 2017</latestTitle>
        <number>103</number>
        <latestAction>
          <text>Read twice and referred to the Committee on Banking, Housing, and Urban Affairs.</text>
          <actionDate>2017-01-11</actionDate>
        </latestAction>
        <type>S</type>
        <congress>115</congress>
        <relationshipDetails>
          <item>
            <identifiedBy>CRS</identifiedBy>
            <type>Identical bill</type>
          </item>
        </relationshipDetails>
      </item>
    </relatedBills>
    <title>Local Zoning Decisions Protection Act of 2017</title>
    <congress>115</congress>
    <actions>
      <actionTypeCounts>
        <introducedInTheHouse>1</introducedInTheHouse>
        <billReferrals>1</billReferrals>
        <introducedInHouse>1</introducedInHouse>
      </actionTypeCounts>
      <item>
        <actionDate>2017-01-12</actionDate>
        <actionCode>H11100</actionCode>
        <committee>
          <systemCode>hsba00</systemCode>
          <name>Financial Services Committee</name>
        </committee>
        <text>Referred to the House Committee on Financial Services.</text>
        <links />
        <type>IntroReferral</type>
        <sourceSystem>
          <name>House floor actions</name>
          <code>2</code>
        </sourceSystem>
      </item>
      <item>
        <actionDate>2017-01-12</actionDate>
        <actionCode>Intro-H</actionCode>
        <committee />
        <text>Introduced in House</text>
        <links />
        <type>IntroReferral</type>
        <sourceSystem>
          <name>Library of Congress</name>
          <code>9</code>
        </sourceSystem>
      </item>
      <item>
        <actionDate>2017-01-12</actionDate>
        <actionCode>1000</actionCode>
        <committee />
        <text>Introduced in House</text>
        <links />
        <type>IntroReferral</type>
        <sourceSystem>
          <name>Library of Congress</name>
          <code>9</code>
        </sourceSystem>
      </item>
      <actionByCounts>
        <houseOfRepresentatives>3</houseOfRepresentatives>
      </actionByCounts>
    </actions>
    <subjects>
      <billSubjects>
        <policyArea>
          <name>Housing and Community Development</name>
        </policyArea>
        <legislativeSubjects>
          <item>
            <name>Administrative law and regulatory procedures</name>
          </item>
          <item>
            <name>Congressional oversight</name>
          </item>
          <item>
            <name>Department of Housing and Urban Development</name>
          </item>
          <item>
            <name>Government information and archives</name>
          </item>
          <item>
            <name>Housing discrimination</name>
          </item>
          <item>
            <name>Housing supply and affordability</name>
          </item>
          <item>
            <name>Intergovernmental relations</name>
          </item>
          <item>
            <name>Public housing</name>
          </item>
          <item>
            <name>Racial and ethnic relations</name>
          </item>
          <item>
            <name>State and local government operations</name>
          </item>
        </legislativeSubjects>
      </billSubjects>
    </subjects>
    <committeeReports />
    <introducedDate>2017-01-12</introducedDate>
    <sponsors>
      <item>
        <bioguideId>G000565</bioguideId>
        <middleName>A.</middleName>
        <byRequestType />
        <fullName>Rep. Gosar, Paul A. [R-AZ-4]</fullName>
        <lastName>Gosar</lastName>
        <state>AZ</state>
        <district>4</district>
        <party>R</party>
        <identifiers>
          <lisID>1992</lisID>
          <bioguideId>G000565</bioguideId>
          <gpoId>7798</gpoId>
        </identifiers>
        <firstName>Paul</firstName>
      </item>
    </sponsors>
    <notes />
    <createDate>2017-01-13T04:55:31Z</createDate>
    <amendments />
  </bill>
  <dublinCore xmlns:dc="http://purl.org/dc/elements/1.1/">
    <dc:format>text/xml</dc:format>
    <dc:language>EN</dc:language>
    <dc:rights>Pursuant to Title 17 Section 105 of the United States Code, this file is not subject to copyright protection and is in the public domain.</dc:rights>
    <dc:contributor>Congressional Research Service, Library of Congress</dc:contributor>
    <dc:description>This file contains bill summaries and statuses for federal legislation. A bill summary describes the most significant provisions of a piece of legislation and details the effects the legislative text may have on current law and federal programs. Bill summaries are authored by the Congressional Research Service (CRS) of the Library of Congress. As stated in Public Law 91-510 (2 USC 166 (d)(6)), one of the duties of CRS is "to prepare summaries and digests of bills and resolutions of a public general nature introduced in the Senate or House of Representatives". For more information, refer to the User Guide that accompanies this file.</dc:description>
  </dublinCore>
</billStatus>

