<?xml version="1.0" encoding="UTF-8"?>
<billStatus>
  <bill>
    <committeeReports />
    <updateDate>2018-08-28T20:00:19Z</updateDate>
    <laws />
    <billType>HR</billType>
    <subjects>
      <billSubjects>
        <policyArea>
          <name>Immigration</name>
        </policyArea>
        <legislativeSubjects>
          <item>
            <name>Administrative law and regulatory procedures</name>
          </item>
          <item>
            <name>Administrative remedies</name>
          </item>
          <item>
            <name>Department of Agriculture</name>
          </item>
          <item>
            <name>Department of Homeland Security</name>
          </item>
          <item>
            <name>Department of Labor</name>
          </item>
          <item>
            <name>Foreign labor</name>
          </item>
          <item>
            <name>Fraud offenses and financial crimes</name>
          </item>
          <item>
            <name>Housing finance and home ownership</name>
          </item>
          <item>
            <name>Immigration status and procedures</name>
          </item>
          <item>
            <name>Lawyers and legal services</name>
          </item>
          <item>
            <name>Livestock</name>
          </item>
          <item>
            <name>Migrant, seasonal, agricultural labor</name>
          </item>
          <item>
            <name>Temporary and part-time employment</name>
          </item>
          <item>
            <name>Visas and passports</name>
          </item>
          <item>
            <name>Wages and earnings</name>
          </item>
        </legislativeSubjects>
      </billSubjects>
    </subjects>
    <policyArea>
      <name>Immigration</name>
    </policyArea>
    <recordedVotes />
    <originChamber>House</originChamber>
    <latestAction>
      <text>Referred to the Subcommittee on Immigration and Border Security.</text>
      <links />
      <actionDate>2017-02-08</actionDate>
    </latestAction>
    <constitutionalAuthorityStatementText><![CDATA[<pre>[Congressional Record Volume 163, Number 13 (Tuesday, January 24, 2017)]From the Congressional Record Online through the Government Publishing Office [<a href='http://www.gpo.gov'>www.gpo.gov</a>]By Mr. ALLEN:H.R. 641.Congress has the power to enact this legislation pursuantto the following:Consistent with the original understanding of the commerceclause, the authority to enact this legislation is found inArticle 1, Section 8, Clause 3 of the U.S. Constitution.[Page H687]</pre>]]></constitutionalAuthorityStatementText>
    <billNumber>641</billNumber>
    <committees>
      <billCommittees>
        <item>
          <type>Standing</type>
          <name>Judiciary Committee</name>
          <systemCode>hsju00</systemCode>
          <chamber>House</chamber>
          <activities>
            <item>
              <name>Referred to</name>
              <date>2017-01-24T15:08:40Z</date>
            </item>
          </activities>
          <subcommittees>
            <item>
              <name>Immigration and Border Security Subcommittee</name>
              <systemCode>hsju01</systemCode>
              <activities>
                <item>
                  <name>Referred to</name>
                  <date>2017-02-08T21:37:06Z</date>
                </item>
              </activities>
            </item>
          </subcommittees>
        </item>
      </billCommittees>
    </committees>
    <introducedDate>2017-01-24</introducedDate>
    <cosponsors>
      <item>
        <bioguideId>B001295</bioguideId>
        <lastName>Bost</lastName>
        <isOriginalCosponsor>True</isOriginalCosponsor>
        <identifiers>
          <bioguideId>B001295</bioguideId>
          <gpoId />
          <lisID>2243</lisID>
        </identifiers>
        <district>12</district>
        <middleName />
        <sponsorshipWithdrawnDate />
        <fullName>Rep. Bost, Mike [R-IL-12]</fullName>
        <sponsorshipDate>2017-01-24</sponsorshipDate>
        <state>IL</state>
        <firstName>Mike</firstName>
        <party>R</party>
      </item>
      <item>
        <bioguideId>C001103</bioguideId>
        <lastName>Carter</lastName>
        <isOriginalCosponsor>True</isOriginalCosponsor>
        <identifiers>
          <lisID>2236</lisID>
          <bioguideId>C001103</bioguideId>
          <gpoId />
        </identifiers>
        <district>1</district>
        <middleName>L. "Buddy"</middleName>
        <sponsorshipWithdrawnDate />
        <fullName>Rep. Carter, Earl L. "Buddy" [R-GA-1]</fullName>
        <sponsorshipDate>2017-01-24</sponsorshipDate>
        <state>GA</state>
        <firstName>Earl</firstName>
        <party>R</party>
      </item>
      <item>
        <bioguideId>C001096</bioguideId>
        <lastName>Cramer</lastName>
        <isOriginalCosponsor>True</isOriginalCosponsor>
        <identifiers>
          <lisID>2144</lisID>
          <gpoId />
          <bioguideId>C001096</bioguideId>
        </identifiers>
        <district>0</district>
        <middleName />
        <sponsorshipWithdrawnDate />
        <fullName>Rep. Cramer, Kevin [R-ND-At Large]</fullName>
        <sponsorshipDate>2017-01-24</sponsorshipDate>
        <state>ND</state>
        <firstName>Kevin</firstName>
        <party>R</party>
      </item>
      <item>
        <bioguideId>M001189</bioguideId>
        <lastName>Messer</lastName>
        <isOriginalCosponsor>True</isOriginalCosponsor>
        <identifiers>
          <lisID>2130</lisID>
          <gpoId />
          <bioguideId>M001189</bioguideId>
        </identifiers>
        <district>6</district>
        <middleName />
        <sponsorshipWithdrawnDate />
        <fullName>Rep. Messer, Luke [R-IN-6]</fullName>
        <sponsorshipDate>2017-01-24</sponsorshipDate>
        <state>IN</state>
        <firstName>Luke</firstName>
        <party>R</party>
      </item>
      <item>
        <bioguideId>R000597</bioguideId>
        <lastName>Rice</lastName>
        <isOriginalCosponsor>True</isOriginalCosponsor>
        <identifiers>
          <bioguideId>R000597</bioguideId>
          <gpoId />
          <lisID>2160</lisID>
        </identifiers>
        <district>7</district>
        <middleName />
        <sponsorshipWithdrawnDate />
        <fullName>Rep. Rice, Tom [R-SC-7]</fullName>
        <sponsorshipDate>2017-01-24</sponsorshipDate>
        <state>SC</state>
        <firstName>Tom</firstName>
        <party>R</party>
      </item>
      <item>
        <bioguideId>M001194</bioguideId>
        <lastName>Moolenaar</lastName>
        <isOriginalCosponsor>False</isOriginalCosponsor>
        <identifiers>
          <lisID>2248</lisID>
          <bioguideId>M001194</bioguideId>
          <gpoId />
        </identifiers>
        <district>4</district>
        <middleName>R.</middleName>
        <sponsorshipWithdrawnDate />
        <fullName>Rep. Moolenaar, John R. [R-MI-4]</fullName>
        <sponsorshipDate>2017-02-16</sponsorshipDate>
        <state>MI</state>
        <firstName>John</firstName>
        <party>R</party>
      </item>
      <item>
        <bioguideId>R000593</bioguideId>
        <lastName>Ross</lastName>
        <isOriginalCosponsor>False</isOriginalCosponsor>
        <identifiers>
          <bioguideId>R000593</bioguideId>
          <lisID>2003</lisID>
          <gpoId>7884</gpoId>
        </identifiers>
        <district>15</district>
        <middleName>A.</middleName>
        <sponsorshipWithdrawnDate />
        <fullName>Rep. Ross, Dennis A. [R-FL-15]</fullName>
        <sponsorshipDate>2017-02-16</sponsorshipDate>
        <state>FL</state>
        <firstName>Dennis</firstName>
        <party>R</party>
      </item>
      <item>
        <bioguideId>H001058</bioguideId>
        <lastName>Huizenga</lastName>
        <isOriginalCosponsor>False</isOriginalCosponsor>
        <identifiers>
          <lisID>2028</lisID>
          <bioguideId>H001058</bioguideId>
          <gpoId>7987</gpoId>
        </identifiers>
        <district>2</district>
        <middleName />
        <sponsorshipWithdrawnDate />
        <fullName>Rep. Huizenga, Bill [R-MI-2]</fullName>
        <sponsorshipDate>2017-02-16</sponsorshipDate>
        <state>MI</state>
        <firstName>Bill</firstName>
        <party>R</party>
      </item>
      <item>
        <bioguideId>C001077</bioguideId>
        <lastName>Coffman</lastName>
        <isOriginalCosponsor>False</isOriginalCosponsor>
        <identifiers>
          <lisID>1912</lisID>
          <bioguideId>C001077</bioguideId>
          <gpoId>7864</gpoId>
        </identifiers>
        <district>6</district>
        <middleName />
        <sponsorshipWithdrawnDate />
        <fullName>Rep. Coffman, Mike [R-CO-6]</fullName>
        <sponsorshipDate>2017-05-25</sponsorshipDate>
        <state>CO</state>
        <firstName>Mike</firstName>
        <party>R</party>
      </item>
      <item>
        <bioguideId>T000470</bioguideId>
        <lastName>Tipton</lastName>
        <isOriginalCosponsor>False</isOriginalCosponsor>
        <identifiers>
          <gpoId>7861</gpoId>
          <lisID>1997</lisID>
          <bioguideId>T000470</bioguideId>
        </identifiers>
        <district>3</district>
        <middleName>R.</middleName>
        <sponsorshipWithdrawnDate />
        <fullName>Rep. Tipton, Scott  R. [R-CO-3]</fullName>
        <sponsorshipDate>2017-07-13</sponsorshipDate>
        <state>CO</state>
        <firstName>Scott</firstName>
        <party>R</party>
      </item>
    </cosponsors>
    <notes />
    <relatedBills />
    <title>BARN Act</title>
    <sponsors>
      <item>
        <district>12</district>
        <fullName>Rep. Allen, Rick W. [R-GA-12]</fullName>
        <firstName>Rick</firstName>
        <lastName>Allen</lastName>
        <state>GA</state>
        <bioguideId>A000372</bioguideId>
        <party>R</party>
        <identifiers>
          <lisID>2239</lisID>
          <bioguideId>A000372</bioguideId>
          <gpoId />
        </identifiers>
        <byRequestType />
        <middleName>W.</middleName>
      </item>
    </sponsors>
    <congress>115</congress>
    <version>1.0.0</version>
    <amendments />
    <titles>
      <item>
        <titleType>Short Titles as Introduced</titleType>
        <title>BARN Act</title>
        <parentTitleType />
        <chamberCode />
        <chamberName />
      </item>
      <item>
        <titleType>Short Titles as Introduced</titleType>
        <title>Better Agriculture Resources Now Act</title>
        <parentTitleType />
        <chamberCode />
        <chamberName />
      </item>
      <item>
        <titleType>Official Title as Introduced</titleType>
        <title>To reform the H-2A program for nonimmigrant agricultural workers, and for other purposes.</title>
        <parentTitleType />
        <chamberCode />
        <chamberName />
      </item>
      <item>
        <titleType>Display Title</titleType>
        <title>BARN Act</title>
        <parentTitleType />
        <chamberCode />
        <chamberName />
      </item>
    </titles>
    <createDate>2017-01-25T04:45:55Z</createDate>
    <cboCostEstimates />
    <calendarNumbers />
    <actions>
      <actionByCounts>
        <houseOfRepresentatives>4</houseOfRepresentatives>
      </actionByCounts>
      <item>
        <actionDate>2017-02-08</actionDate>
        <committee>
          <name>Immigration and Border Security Subcommittee</name>
          <systemCode>hsju01</systemCode>
        </committee>
        <links />
        <sourceSystem>
          <name>House committee actions</name>
          <code>1</code>
        </sourceSystem>
        <text>Referred to the Subcommittee on Immigration and Border Security.</text>
        <type>Committee</type>
      </item>
      <item>
        <type>IntroReferral</type>
        <links />
        <sourceSystem>
          <name>House floor actions</name>
          <code>2</code>
        </sourceSystem>
        <committee>
          <name>Judiciary Committee</name>
          <systemCode>hsju00</systemCode>
        </committee>
        <text>Referred to the House Committee on the Judiciary.</text>
        <actionCode>H11100</actionCode>
        <actionDate>2017-01-24</actionDate>
      </item>
      <item>
        <type>IntroReferral</type>
        <links />
        <sourceSystem>
          <name>Library of Congress</name>
          <code>9</code>
        </sourceSystem>
        <committee />
        <text>Introduced in House</text>
        <actionCode>Intro-H</actionCode>
        <actionDate>2017-01-24</actionDate>
      </item>
      <item>
        <type>IntroReferral</type>
        <links />
        <sourceSystem>
          <name>Library of Congress</name>
          <code>9</code>
        </sourceSystem>
        <committee />
        <text>Introduced in House</text>
        <actionCode>1000</actionCode>
        <actionDate>2017-01-24</actionDate>
      </item>
      <actionTypeCounts>
        <placeholderTextForH>1</placeholderTextForH>
        <introducedInTheHouse>1</introducedInTheHouse>
        <billReferrals>1</billReferrals>
        <introducedInHouse>1</introducedInHouse>
      </actionTypeCounts>
    </actions>
    <summaries>
      <billSummaries>
        <item>
          <updateDate>2017-01-24T05:00:00Z</updateDate>
          <actionDate>2017-01-24</actionDate>
          <lastSummaryUpdateDate>2017-02-13T17:50:23Z</lastSummaryUpdateDate>
          <text><![CDATA[<p><b>Better Agriculture Resources Now Act or the BARN Act</b></p> <p>This bill revises the H-2A nonimmigrant agricultural worker visa program, including with respect to: (1) agricultural labor and services, (2) application requirements, (3) wages, (4) period of authorized nonimmigrant status, (5) housing, (6) legal assistance, and (7) violations.</p>]]></text>
          <actionDesc>Introduced in House</actionDesc>
          <versionCode>00</versionCode>
          <name>Introduced in House</name>
        </item>
      </billSummaries>
    </summaries>
  </bill>
  <dublinCore xmlns:dc="http://purl.org/dc/elements/1.1/">
    <dc:format>text/xml</dc:format>
    <dc:language>EN</dc:language>
    <dc:rights>Pursuant to Title 17 Section 105 of the United States Code, this file is not subject to copyright protection and is in the public domain.</dc:rights>
    <dc:contributor>Congressional Research Service, Library of Congress</dc:contributor>
    <dc:description>This file contains bill summaries and statuses for federal legislation. A bill summary describes the most significant provisions of a piece of legislation and details the effects the legislative text may have on current law and federal programs. Bill summaries are authored by the Congressional Research Service (CRS) of the Library of Congress. As stated in Public Law 91-510 (2 USC 166 (d)(6)), one of the duties of CRS is "to prepare summaries and digests of bills and resolutions of a public general nature introduced in the Senate or House of Representatives". For more information, refer to the User Guide that accompanies this file.</dc:description>
  </dublinCore>
</billStatus>

