<?xml version="1.0" encoding="UTF-8"?>
<billStatus>
  <bill>
    <titles>
      <item>
        <parentTitleType />
        <title>Safeguard Aquaculture Farmers Act</title>
        <chamberCode />
        <titleType>Short Titles as Introduced</titleType>
        <chamberName />
      </item>
      <item>
        <parentTitleType />
        <title>To provide the force and effect of law for certain regulations relating to the taking of double-crested cormorants to reduce depredation at aquaculture facilities and protect public resources.</title>
        <chamberCode />
        <titleType>Official Title as Introduced</titleType>
        <chamberName />
      </item>
      <item>
        <parentTitleType />
        <title>Safeguard Aquaculture Farmers Act</title>
        <chamberCode />
        <titleType>Display Title</titleType>
        <chamberName />
      </item>
    </titles>
    <billType>HR</billType>
    <calendarNumbers />
    <relatedBills />
    <sponsors>
      <item>
        <state>AR</state>
        <firstName>Eric</firstName>
        <fullName>Rep. Crawford, Eric A. "Rick" [R-AR-1]</fullName>
        <party>R</party>
        <identifiers>
          <lisID>1989</lisID>
          <gpoId>7793</gpoId>
          <bioguideId>C001087</bioguideId>
        </identifiers>
        <bioguideId>C001087</bioguideId>
        <district>1</district>
        <lastName>Crawford</lastName>
        <middleName>A. "Rick"</middleName>
        <byRequestType />
      </item>
    </sponsors>
    <subjects>
      <billSubjects>
        <legislativeSubjects />
      </billSubjects>
    </subjects>
    <notes />
    <updateDate>2017-01-23T14:01:28Z</updateDate>
    <actions>
      <item>
        <committee>
          <systemCode>hsii00</systemCode>
          <name>Natural Resources Committee</name>
        </committee>
        <sourceSystem>
          <name>House floor actions</name>
          <code>2</code>
        </sourceSystem>
        <links />
        <type>IntroReferral</type>
        <actionCode>H11100</actionCode>
        <actionDate>2017-01-09</actionDate>
        <text>Referred to the House Committee on Natural Resources.</text>
      </item>
      <item>
        <committee />
        <sourceSystem>
          <name>Library of Congress</name>
          <code>9</code>
        </sourceSystem>
        <links />
        <type>IntroReferral</type>
        <actionCode>Intro-H</actionCode>
        <actionDate>2017-01-09</actionDate>
        <text>Introduced in House</text>
      </item>
      <item>
        <committee />
        <sourceSystem>
          <name>Library of Congress</name>
          <code>9</code>
        </sourceSystem>
        <links />
        <type>IntroReferral</type>
        <actionCode>1000</actionCode>
        <actionDate>2017-01-09</actionDate>
        <text>Introduced in House</text>
      </item>
      <actionTypeCounts>
        <introducedInTheHouse>1</introducedInTheHouse>
        <introducedInHouse>1</introducedInHouse>
        <billReferrals>1</billReferrals>
      </actionTypeCounts>
      <actionByCounts>
        <houseOfRepresentatives>3</houseOfRepresentatives>
      </actionByCounts>
    </actions>
    <introducedDate>2017-01-09</introducedDate>
    <laws />
    <cosponsors>
      <item>
        <lastName>ADERHOLT</lastName>
        <sponsorshipWithdrawnDate />
        <sponsorshipDate>2017-01-09</sponsorshipDate>
        <bioguideId>A000055</bioguideId>
        <identifiers>
          <gpoId>7789</gpoId>
          <lisID>1460</lisID>
          <bioguideId>A000055</bioguideId>
        </identifiers>
        <party>R</party>
        <state>AL</state>
        <fullName>Rep. Aderholt, Robert B. [R-AL-4]</fullName>
        <firstName>ROBERT</firstName>
        <middleName>B.</middleName>
        <district>4</district>
        <isOriginalCosponsor>True</isOriginalCosponsor>
      </item>
      <item>
        <lastName>Harper</lastName>
        <sponsorshipWithdrawnDate />
        <sponsorshipDate>2017-01-09</sponsorshipDate>
        <bioguideId>H001045</bioguideId>
        <identifiers>
          <lisID>1933</lisID>
          <bioguideId>H001045</bioguideId>
          <gpoId>8021</gpoId>
        </identifiers>
        <party>R</party>
        <state>MS</state>
        <fullName>Rep. Harper, Gregg [R-MS-3]</fullName>
        <firstName>Gregg</firstName>
        <middleName />
        <district>3</district>
        <isOriginalCosponsor>True</isOriginalCosponsor>
      </item>
      <item>
        <lastName>Westerman</lastName>
        <sponsorshipWithdrawnDate />
        <sponsorshipDate>2017-01-09</sponsorshipDate>
        <bioguideId>W000821</bioguideId>
        <identifiers>
          <gpoId />
          <bioguideId>W000821</bioguideId>
          <lisID>2224</lisID>
        </identifiers>
        <party>R</party>
        <state>AR</state>
        <fullName>Rep. Westerman, Bruce [R-AR-4]</fullName>
        <firstName>Bruce</firstName>
        <middleName />
        <district>4</district>
        <isOriginalCosponsor>True</isOriginalCosponsor>
      </item>
      <item>
        <lastName>Hill</lastName>
        <sponsorshipWithdrawnDate />
        <sponsorshipDate>2017-01-09</sponsorshipDate>
        <bioguideId>H001072</bioguideId>
        <identifiers>
          <bioguideId>H001072</bioguideId>
          <gpoId />
          <lisID>2223</lisID>
        </identifiers>
        <party>R</party>
        <state>AR</state>
        <fullName>Rep. Hill, J. French [R-AR-2]</fullName>
        <firstName>J.</firstName>
        <middleName>French</middleName>
        <district>2</district>
        <isOriginalCosponsor>True</isOriginalCosponsor>
      </item>
      <item>
        <lastName>Sewell</lastName>
        <sponsorshipWithdrawnDate />
        <sponsorshipDate>2017-01-09</sponsorshipDate>
        <bioguideId>S001185</bioguideId>
        <identifiers>
          <bioguideId>S001185</bioguideId>
          <gpoId>7792</gpoId>
          <lisID>1988</lisID>
        </identifiers>
        <party>D</party>
        <state>AL</state>
        <fullName>Rep. Sewell, Terri A. [D-AL-7]</fullName>
        <firstName>Terri</firstName>
        <middleName>A.</middleName>
        <district>7</district>
        <isOriginalCosponsor>True</isOriginalCosponsor>
      </item>
      <item>
        <lastName>Palazzo</lastName>
        <sponsorshipWithdrawnDate />
        <sponsorshipDate>2017-01-09</sponsorshipDate>
        <bioguideId>P000601</bioguideId>
        <identifiers>
          <lisID>2035</lisID>
          <bioguideId>P000601</bioguideId>
          <gpoId>8022</gpoId>
        </identifiers>
        <party>R</party>
        <state>MS</state>
        <fullName>Rep. Palazzo, Steven M. [R-MS-4]</fullName>
        <firstName>Steven</firstName>
        <middleName>M.</middleName>
        <district>4</district>
        <isOriginalCosponsor>True</isOriginalCosponsor>
      </item>
      <item>
        <lastName>Womack</lastName>
        <sponsorshipWithdrawnDate />
        <sponsorshipDate>2017-01-09</sponsorshipDate>
        <bioguideId>W000809</bioguideId>
        <identifiers>
          <lisID>1991</lisID>
          <bioguideId>W000809</bioguideId>
          <gpoId>7795</gpoId>
        </identifiers>
        <party>R</party>
        <state>AR</state>
        <fullName>Rep. Womack, Steve [R-AR-3]</fullName>
        <firstName>Steve</firstName>
        <middleName />
        <district>3</district>
        <isOriginalCosponsor>True</isOriginalCosponsor>
      </item>
    </cosponsors>
    <createDate>2017-01-10T05:15:44Z</createDate>
    <committeeReports />
    <constitutionalAuthorityStatementText />
    <cboCostEstimates />
    <policyArea />
    <originChamber>House</originChamber>
    <congress>115</congress>
    <billNumber>368</billNumber>
    <latestAction>
      <links />
      <actionDate>2017-01-09</actionDate>
      <text>Referred to the House Committee on Natural Resources.</text>
    </latestAction>
    <committees>
      <billCommittees>
        <item>
          <subcommittees />
          <systemCode>hsii00</systemCode>
          <chamber>House</chamber>
          <name>Natural Resources Committee</name>
          <type>Standing</type>
          <activities>
            <item>
              <date>2017-01-09T17:00:20Z</date>
              <name>Referred to</name>
            </item>
          </activities>
        </item>
      </billCommittees>
    </committees>
    <recordedVotes />
    <amendments />
    <title>Safeguard Aquaculture Farmers Act</title>
    <summaries>
      <billSummaries />
    </summaries>
  </bill>
  <dublinCore xmlns:dc="http://purl.org/dc/elements/1.1/">
    <dc:format>text/xml</dc:format>
    <dc:language>EN</dc:language>
    <dc:rights>Pursuant to Title 17 Section 105 of the United States Code, this file is not subject to copyright protection and is in the public domain.</dc:rights>
    <dc:contributor>Congressional Research Service, Library of Congress</dc:contributor>
    <dc:description>This file contains bill summaries and statuses for federal legislation. A bill summary describes the most significant provisions of a piece of legislation and details the effects the legislative text may have on current law and federal programs. Bill summaries are authored by the Congressional Research Service (CRS) of the Library of Congress. As stated in Public Law 91-510 (2 USC 166 (d)(6)), one of the duties of CRS is "to prepare summaries and digests of bills and resolutions of a public general nature introduced in the Senate or House of Representatives". For more information, refer to the User Guide that accompanies this file.</dc:description>
  </dublinCore>
</billStatus>

