<?xml version="1.0" encoding="UTF-8"?>
<billStatus>
  <bill>
    <updateDate>2017-01-18T10:05:35Z</updateDate>
    <relatedBills>
      <item>
        <relationshipDetails>
          <item>
            <type>Procedurally-related</type>
            <identifiedBy>House</identifiedBy>
          </item>
        </relationshipDetails>
        <latestAction>
          <actionDate>2017-01-10</actionDate>
          <text>Motion to reconsider laid on the table Agreed to without objection.</text>
          <actionTime>13:58:04</actionTime>
        </latestAction>
        <number>33</number>
        <latestTitle>Providing for consideration of the bill (H.R. 5) to reform the process by which Federal agencies analyze and formulate new regulations and guidance documents, to clarify the nature of judicial review of agency interpretations, to ensure complete analysis of potential impacts on small entities of rules, and for other purposes, and providing for consideration of the bill (H.R. 79) to clarify the definition of general solicitation under Federal securities law.</latestTitle>
        <type>HRES</type>
        <congress>115</congress>
      </item>
    </relatedBills>
    <policyArea>
      <name>Finance and Financial Sector</name>
    </policyArea>
    <calendarNumbers />
    <cboCostEstimates />
    <committeeReports />
    <sponsors>
      <item>
        <bioguideId>C000266</bioguideId>
        <middleName />
        <party>R</party>
        <firstName>STEVE</firstName>
        <lastName>CHABOT</lastName>
        <district>1</district>
        <fullName>Rep. Chabot, Steve [R-OH-1]</fullName>
        <identifiers>
          <gpoId>8091</gpoId>
          <lisID>186</lisID>
          <bioguideId>C000266</bioguideId>
        </identifiers>
        <state>OH</state>
        <byRequestType />
      </item>
    </sponsors>
    <latestAction>
      <actionDate>2017-01-11</actionDate>
      <text>Received in the Senate and Read twice and referred to the Committee on Banking, Housing, and Urban Affairs.</text>
      <links />
    </latestAction>
    <summaries>
      <billSummaries>
        <item>
          <lastSummaryUpdateDate>2017-01-09T13:56:42Z</lastSummaryUpdateDate>
          <actionDate>2017-01-03</actionDate>
          <actionDesc>Introduced in House</actionDesc>
          <updateDate>2017-01-03T05:00:00Z</updateDate>
          <text><![CDATA[<p><b>Helping Angels Lead Our Startups Act or the HALOS Act</b></p> <p>This bill directs the Securities and Exchange Commission (SEC) to revise Regulation D, which exempts certain offerings from SEC registration requirements but prohibits general solicitation or general advertising with respect to such offerings. Specifically, this prohibition shall not apply to events with specified kinds of sponsors&#8212;including "angel investor groups" unconnected to broker-dealers or investment advisers&#8212;where presentations or communications are made by or on behalf of an issuer, but:</p> <ul> <li>the advertising does not refer to any specific offering of securities by the issuer; </li> <li>the sponsor does not provide investment recommendation or advice to attendees, engage in investment negotiations with attendees, charge certain fees, or receive certain compensation; and </li> <li>no specific information regarding a securities offering is communicated beyond&nbsp;the type and amount of securities being offered, the amount of securities already subscribed for, and the intended use of proceeds from the offering.</li></ul>]]></text>
          <versionCode>00</versionCode>
          <name>Introduced in House</name>
        </item>
        <item>
          <lastSummaryUpdateDate>2017-01-11T19:33:05Z</lastSummaryUpdateDate>
          <actionDate>2017-01-10</actionDate>
          <actionDesc>Passed House without amendment</actionDesc>
          <updateDate>2017-01-10T14:46:21Z</updateDate>
          <text><![CDATA[<p>(This measure has not been amended since it was introduced. The summary has been expanded because action occurred on the measure.)</p> <p><b>Helping Angels Lead Our Startups Act or the HALOS Act</b></p> <p>(Sec. 3) This bill directs the Securities and Exchange Commission (SEC) to revise Regulation D, which exempts certain offerings from SEC registration requirements but prohibits general solicitation or general advertising with respect to such offerings. Specifically, this prohibition shall not apply to events with specified kinds of sponsors -- including "angel investor groups" unconnected to broker-dealers or investment advisers -- where presentations or communications are made by or on behalf of an issuer, but:</p> <ul> <li>the advertising does not refer to any specific offering of securities by the issuer; </li> <li>the sponsor does not provide investment recommendation or advice to attendees, engage in investment negotiations with attendees, charge certain fees, or receive certain compensation; and </li> <li>no specific information regarding a securities offering is communicated beyond&nbsp;the type and amount of securities being offered, the amount of securities already subscribed for, and the intended use of proceeds from the offering.</li></ul>]]></text>
          <versionCode>81</versionCode>
          <name>Passed House without amendment</name>
        </item>
      </billSummaries>
    </summaries>
    <billType>HR</billType>
    <constitutionalAuthorityStatementText />
    <createDate>2017-01-04T07:01:10Z</createDate>
    <originChamber>House</originChamber>
    <introducedDate>2017-01-03</introducedDate>
    <titles>
      <item>
        <parentTitleType>Short Titles House of Representatives</parentTitleType>
        <chamberName>House</chamberName>
        <titleType>Short Titles as Passed House</titleType>
        <title>HALOS Act</title>
        <chamberCode>H</chamberCode>
      </item>
      <item>
        <parentTitleType>Short Titles House of Representatives</parentTitleType>
        <chamberName>House</chamberName>
        <titleType>Short Titles as Passed House</titleType>
        <title>Helping Angels Lead Our Startups Act</title>
        <chamberCode>H</chamberCode>
      </item>
      <item>
        <parentTitleType />
        <chamberName />
        <titleType>Short Titles as Introduced</titleType>
        <title>HALOS Act</title>
        <chamberCode />
      </item>
      <item>
        <parentTitleType />
        <chamberName />
        <titleType>Short Titles as Introduced</titleType>
        <title>Helping Angels Lead Our Startups Act</title>
        <chamberCode />
      </item>
      <item>
        <parentTitleType />
        <chamberName />
        <titleType>Official Title as Introduced</titleType>
        <title>To clarify the definition of general solicitation under Federal securities law.</title>
        <chamberCode />
      </item>
      <item>
        <parentTitleType />
        <chamberName />
        <titleType>Display Title</titleType>
        <title>HALOS Act</title>
        <chamberCode />
      </item>
    </titles>
    <committees>
      <billCommittees>
        <item>
          <type>Standing</type>
          <activities>
            <item>
              <name>Referred to</name>
              <date>2017-01-11T18:26:08Z</date>
            </item>
          </activities>
          <subcommittees />
          <systemCode>ssbk00</systemCode>
          <chamber>Senate</chamber>
          <name>Banking, Housing, and Urban Affairs Committee</name>
        </item>
        <item>
          <type>Standing</type>
          <activities>
            <item>
              <name>Referred to</name>
              <date>2017-01-03T17:23:00Z</date>
            </item>
          </activities>
          <subcommittees />
          <systemCode>hsba00</systemCode>
          <chamber>House</chamber>
          <name>Financial Services Committee</name>
        </item>
      </billCommittees>
    </committees>
    <cosponsors>
      <item>
        <firstName>Kyrsten</firstName>
        <district>9</district>
        <middleName />
        <state>AZ</state>
        <bioguideId>S001191</bioguideId>
        <identifiers>
          <gpoId />
          <bioguideId>S001191</bioguideId>
          <lisID>2099</lisID>
        </identifiers>
        <lastName>Sinema</lastName>
        <party>D</party>
        <fullName>Rep. Sinema, Kyrsten [D-AZ-9]</fullName>
        <isOriginalCosponsor>True</isOriginalCosponsor>
        <sponsorshipDate>2017-01-03</sponsorshipDate>
        <sponsorshipWithdrawnDate />
      </item>
      <item>
        <firstName>PETE</firstName>
        <district>32</district>
        <middleName />
        <state>TX</state>
        <bioguideId>S000250</bioguideId>
        <identifiers>
          <bioguideId>S000250</bioguideId>
          <gpoId>8188</gpoId>
          <lisID>1525</lisID>
        </identifiers>
        <lastName>SESSIONS</lastName>
        <party>R</party>
        <fullName>Rep. Sessions, Pete [R-TX-32]</fullName>
        <isOriginalCosponsor>False</isOriginalCosponsor>
        <sponsorshipDate>2017-01-04</sponsorshipDate>
        <sponsorshipWithdrawnDate />
      </item>
      <item>
        <firstName>Randy</firstName>
        <district>14</district>
        <middleName />
        <state>IL</state>
        <bioguideId>H001059</bioguideId>
        <identifiers>
          <lisID>2015</lisID>
          <gpoId>7934</gpoId>
          <bioguideId>H001059</bioguideId>
        </identifiers>
        <lastName>Hultgren</lastName>
        <party>R</party>
        <fullName>Rep. Hultgren, Randy [R-IL-14]</fullName>
        <isOriginalCosponsor>False</isOriginalCosponsor>
        <sponsorshipDate>2017-01-05</sponsorshipDate>
        <sponsorshipWithdrawnDate />
      </item>
      <item>
        <firstName>Carlos</firstName>
        <district>26</district>
        <middleName />
        <state>FL</state>
        <bioguideId>C001107</bioguideId>
        <identifiers>
          <bioguideId>C001107</bioguideId>
          <gpoId />
          <lisID>2235</lisID>
        </identifiers>
        <lastName>Curbelo</lastName>
        <party>R</party>
        <fullName>Rep. Curbelo, Carlos [R-FL-26]</fullName>
        <isOriginalCosponsor>False</isOriginalCosponsor>
        <sponsorshipDate>2017-01-05</sponsorshipDate>
        <sponsorshipWithdrawnDate />
      </item>
      <item>
        <firstName>Ann</firstName>
        <district>2</district>
        <middleName />
        <state>MO</state>
        <bioguideId>W000812</bioguideId>
        <identifiers>
          <lisID>2137</lisID>
          <bioguideId>W000812</bioguideId>
          <gpoId />
        </identifiers>
        <lastName>Wagner</lastName>
        <party>R</party>
        <fullName>Rep. Wagner, Ann [R-MO-2]</fullName>
        <isOriginalCosponsor>False</isOriginalCosponsor>
        <sponsorshipDate>2017-01-05</sponsorshipDate>
        <sponsorshipWithdrawnDate />
      </item>
      <item>
        <firstName>Andy</firstName>
        <district>6</district>
        <middleName />
        <state>KY</state>
        <bioguideId>B001282</bioguideId>
        <identifiers>
          <lisID>2131</lisID>
          <bioguideId>B001282</bioguideId>
          <gpoId />
        </identifiers>
        <lastName>Barr</lastName>
        <party>R</party>
        <fullName>Rep. Barr, Andy [R-KY-6]</fullName>
        <isOriginalCosponsor>False</isOriginalCosponsor>
        <sponsorshipDate>2017-01-05</sponsorshipDate>
        <sponsorshipWithdrawnDate />
      </item>
      <item>
        <firstName>John</firstName>
        <district>6</district>
        <middleName>K.</middleName>
        <state>MD</state>
        <bioguideId>D000620</bioguideId>
        <identifiers>
          <bioguideId>D000620</bioguideId>
          <gpoId />
          <lisID>2133</lisID>
        </identifiers>
        <lastName>Delaney</lastName>
        <party>D</party>
        <fullName>Rep. Delaney, John K. [D-MD-6]</fullName>
        <isOriginalCosponsor>False</isOriginalCosponsor>
        <sponsorshipDate>2017-01-05</sponsorshipDate>
        <sponsorshipWithdrawnDate />
      </item>
      <item>
        <firstName>Jared</firstName>
        <district>2</district>
        <middleName />
        <state>CO</state>
        <bioguideId>P000598</bioguideId>
        <identifiers>
          <bioguideId>P000598</bioguideId>
          <lisID>1910</lisID>
          <gpoId>7860</gpoId>
        </identifiers>
        <lastName>Polis</lastName>
        <party>D</party>
        <fullName>Rep. Polis, Jared [D-CO-2]</fullName>
        <isOriginalCosponsor>False</isOriginalCosponsor>
        <sponsorshipDate>2017-01-05</sponsorshipDate>
        <sponsorshipWithdrawnDate />
      </item>
      <item>
        <firstName>Ryan</firstName>
        <district>6</district>
        <middleName>A.</middleName>
        <state>PA</state>
        <bioguideId>C001106</bioguideId>
        <identifiers>
          <lisID>2266</lisID>
          <gpoId />
          <bioguideId>C001106</bioguideId>
        </identifiers>
        <lastName>Costello</lastName>
        <party>R</party>
        <fullName>Rep. Costello, Ryan A. [R-PA-6]</fullName>
        <isOriginalCosponsor>False</isOriginalCosponsor>
        <sponsorshipDate>2017-01-05</sponsorshipDate>
        <sponsorshipWithdrawnDate />
      </item>
      <item>
        <firstName>Bradley</firstName>
        <district>10</district>
        <middleName>S.</middleName>
        <state>IL</state>
        <bioguideId>S001190</bioguideId>
        <identifiers>
          <bioguideId>S001190</bioguideId>
          <lisID>2124</lisID>
          <gpoId />
        </identifiers>
        <lastName>Schneider</lastName>
        <party>D</party>
        <fullName>Rep. Schneider, Bradley S. [D-IL-10]</fullName>
        <isOriginalCosponsor>False</isOriginalCosponsor>
        <sponsorshipDate>2017-01-05</sponsorshipDate>
        <sponsorshipWithdrawnDate />
      </item>
      <item>
        <firstName>Scott</firstName>
        <district>52</district>
        <middleName>H.</middleName>
        <state>CA</state>
        <bioguideId>P000608</bioguideId>
        <identifiers>
          <bioguideId>P000608</bioguideId>
          <lisID>2113</lisID>
          <gpoId />
        </identifiers>
        <lastName>Peters</lastName>
        <party>D</party>
        <fullName>Rep. Peters, Scott H. [D-CA-52]</fullName>
        <isOriginalCosponsor>False</isOriginalCosponsor>
        <sponsorshipDate>2017-01-05</sponsorshipDate>
        <sponsorshipWithdrawnDate />
      </item>
      <item>
        <firstName>Aumua Amata</firstName>
        <district>0</district>
        <middleName>Coleman</middleName>
        <state>AS</state>
        <bioguideId>R000600</bioguideId>
        <identifiers>
          <gpoId />
          <lisID>2222</lisID>
          <bioguideId>R000600</bioguideId>
        </identifiers>
        <lastName>Radewagen</lastName>
        <party>R</party>
        <fullName>Rep. Radewagen, Aumua Amata Coleman [R-AS-At Large]</fullName>
        <isOriginalCosponsor>False</isOriginalCosponsor>
        <sponsorshipDate>2017-01-09</sponsorshipDate>
        <sponsorshipWithdrawnDate />
      </item>
      <item>
        <firstName>Bill</firstName>
        <district>8</district>
        <middleName />
        <state>FL</state>
        <bioguideId>P000599</bioguideId>
        <identifiers>
          <lisID>1915</lisID>
          <bioguideId>P000599</bioguideId>
          <gpoId>7887</gpoId>
        </identifiers>
        <lastName>Posey</lastName>
        <party>R</party>
        <fullName>Rep. Posey, Bill [R-FL-8]</fullName>
        <isOriginalCosponsor>False</isOriginalCosponsor>
        <sponsorshipDate>2017-01-09</sponsorshipDate>
        <sponsorshipWithdrawnDate />
      </item>
      <item>
        <firstName>Roger</firstName>
        <district>25</district>
        <middleName />
        <state>TX</state>
        <bioguideId>W000816</bioguideId>
        <identifiers>
          <gpoId />
          <lisID>2165</lisID>
          <bioguideId>W000816</bioguideId>
        </identifiers>
        <lastName>Williams</lastName>
        <party>R</party>
        <fullName>Rep. Williams, Roger [R-TX-25]</fullName>
        <isOriginalCosponsor>False</isOriginalCosponsor>
        <sponsorshipDate>2017-01-09</sponsorshipDate>
        <sponsorshipWithdrawnDate />
      </item>
      <item>
        <firstName>Stephen</firstName>
        <district>25</district>
        <middleName />
        <state>CA</state>
        <bioguideId>K000387</bioguideId>
        <identifiers>
          <gpoId />
          <lisID>2228</lisID>
          <bioguideId>K000387</bioguideId>
        </identifiers>
        <lastName>Knight</lastName>
        <party>R</party>
        <fullName>Rep. Knight, Stephen [R-CA-25]</fullName>
        <isOriginalCosponsor>False</isOriginalCosponsor>
        <sponsorshipDate>2017-01-09</sponsorshipDate>
        <sponsorshipWithdrawnDate />
      </item>
    </cosponsors>
    <notes />
    <amendments>
      <amendment>
        <description>Amendment sought to limit the types of fees "demo day" sponsors can collect and require an issuer to be a real business.</description>
        <latestAction>
          <actionDate>2017-01-10</actionDate>
          <text>On agreeing to the Clay amendment Failed by recorded vote: 163 - 253 (Roll no. 30).</text>
          <actionTime>17:48:37</actionTime>
        </latestAction>
        <congress>115</congress>
        <purpose />
        <amendedAmendment />
        <number>15</number>
        <purpose />
        <proposedDate />
        <amendments>
          <count>0</count>
        </amendments>
        <type>HAMDT</type>
        <congress>115</congress>
        <description>Amendment sought to limit the types of fees "demo day" sponsors can collect and require an issuer to be a real business.</description>
        <notes />
        <titles />
        <chamber>House of Representatives</chamber>
        <submittedDate>2017-01-10T05:00:00Z</submittedDate>
        <createDate>2017-01-11T10:10:18Z</createDate>
        <amendedBill>
          <number>79</number>
          <type>HR</type>
          <originChamberCode>H</originChamberCode>
          <title>HALOS Act</title>
          <congress>115</congress>
          <originChamber>House</originChamber>
        </amendedBill>
        <links />
        <sponsors>
          <item>
            <lastName>CLAY</lastName>
            <firstName>WM.</firstName>
            <party>D</party>
            <fullName>Rep. Clay, Wm. Lacy [D-MO-1]</fullName>
            <middleName>LACY</middleName>
            <state>MO</state>
            <bioguideId>C001049</bioguideId>
            <district>1</district>
          </item>
        </sponsors>
        <cosponsors>
          <totalCount>0</totalCount>
          <currentCount>0</currentCount>
        </cosponsors>
        <actions>
          <count>8</count>
          <actions>
            <item>
              <actionCode>H32111</actionCode>
              <actionDate>2017-01-10</actionDate>
              <text>On agreeing to the Clay amendment Failed by recorded vote: 163 - 253 (Roll no. 30).</text>
              <sourceSystem>
                <code>2</code>
                <name>House floor actions</name>
              </sourceSystem>
              <committee />
              <links>
                <link>
                  <url>https://www.congress.gov/amendment/115th-congress/house-amendment/15</url>
                  <name>H.Amdt.15</name>
                </link>
                <link>
                  <url>http://clerk.house.gov/evs/2017/roll030.xml</url>
                  <name>Roll no. 30</name>
                </link>
              </links>
              <actionTime>17:48:37</actionTime>
              <type>Floor</type>
            </item>
            <item>
              <actionCode>H3A100</actionCode>
              <actionDate>2017-01-10</actionDate>
              <text>Amendment (A002) offered by Mr. Clay. (consideration: CR H265-266, H281-282; text: CR H265)</text>
              <sourceSystem>
                <code>2</code>
                <name>House floor actions</name>
              </sourceSystem>
              <committee />
              <links>
                <link>
                  <url>https://www.congress.gov/amendment/115th-congress/house-amendment/15</url>
                  <name>H.Amdt.15</name>
                </link>
                <link>
                  <url>https://www.congress.gov/congressional-record/volume-163/house-section/page/H265</url>
                  <name>H265</name>
                </link>
                <link>
                  <url>https://www.congress.gov/congressional-record/volume-163/house-section/page/H265-266</url>
                  <name>H265-266</name>
                </link>
                <link>
                  <url>https://www.congress.gov/congressional-record/volume-163/house-section/page/H281-282</url>
                  <name>H281-282</name>
                </link>
              </links>
              <actionTime>15:07:45</actionTime>
              <type>Floor</type>
            </item>
            <item>
              <actionDate>2017-01-10</actionDate>
              <committee />
              <links />
              <text />
            </item>
            <item>
              <actionCode>73000</actionCode>
              <actionDate>2017-01-10</actionDate>
              <text>House amendment not agreed to: On agreeing to the Clay amendment Failed by recorded vote: 163 - 253 (Roll no. 30).</text>
              <sourceSystem>
                <code>9</code>
                <name>Library of Congress</name>
              </sourceSystem>
              <committee />
              <links>
                <link>
                  <url>https://www.congress.gov/amendment/115th-congress/house-amendment/15</url>
                  <name>H.Amdt.15</name>
                </link>
                <link>
                  <url>http://clerk.house.gov/evs/2017/roll030.xml</url>
                  <name>Roll no. 30</name>
                </link>
              </links>
              <actionTime>17:48:37</actionTime>
              <type>Floor</type>
            </item>
            <item>
              <actionCode>75000</actionCode>
              <actionDate>2017-01-10</actionDate>
              <text>Roll call votes on amendments in House</text>
              <sourceSystem>
                <code>9</code>
                <name>Library of Congress</name>
              </sourceSystem>
              <committee />
              <links>
                <link>
                  <url>https://www.congress.gov/amendment/115th-congress/house-amendment/15</url>
                  <name>H.Amdt.15</name>
                </link>
                <link>
                  <url>http://clerk.house.gov/evs/2017/roll030.xml</url>
                  <name>Roll no. 30</name>
                </link>
              </links>
              <actionTime>17:48:37</actionTime>
              <type>Floor</type>
            </item>
            <item>
              <actionCode>77000</actionCode>
              <actionDate>2017-01-10</actionDate>
              <text>Amendment failed in Committee of the Whole</text>
              <sourceSystem>
                <code>9</code>
                <name>Library of Congress</name>
              </sourceSystem>
              <committee />
              <links>
                <link>
                  <url>https://www.congress.gov/amendment/115th-congress/house-amendment/15</url>
                  <name>H.Amdt.15</name>
                </link>
                <link>
                  <url>http://clerk.house.gov/evs/2017/roll030.xml</url>
                  <name>Roll no. 30</name>
                </link>
              </links>
              <actionTime>17:48:37</actionTime>
              <type>NotUsed</type>
            </item>
            <item>
              <actionCode>71500</actionCode>
              <actionDate>2017-01-10</actionDate>
              <text>House amendment offered/reported by : Amendment (A002) offered by Mr. Clay.</text>
              <sourceSystem>
                <code>9</code>
                <name>Library of Congress</name>
              </sourceSystem>
              <committee />
              <links>
                <link>
                  <url>https://www.congress.gov/amendment/115th-congress/house-amendment/15</url>
                  <name>H.Amdt.15</name>
                </link>
                <link>
                  <url>https://www.congress.gov/congressional-record/volume-163/house-section/page/H265</url>
                  <name>H265</name>
                </link>
                <link>
                  <url>https://www.congress.gov/congressional-record/volume-163/house-section/page/H265-266</url>
                  <name>H265-266</name>
                </link>
                <link>
                  <url>https://www.congress.gov/congressional-record/volume-163/house-section/page/H281-282</url>
                  <name>H281-282</name>
                </link>
              </links>
              <actionTime>15:07:45</actionTime>
              <type>NotUsed</type>
            </item>
            <item>
              <actionCode>71000</actionCode>
              <actionDate>2017-01-10</actionDate>
              <text>House amendment offered</text>
              <sourceSystem>
                <code>9</code>
                <name>Library of Congress</name>
              </sourceSystem>
              <committee />
              <links />
              <type>Floor</type>
            </item>
          </actions>
          <actionTypeCounts>
            <amendmentFailedInCommitteeOfTheWhole>1</amendmentFailedInCommitteeOfTheWhole>
            <rollCallVotesOnAmendmentsInHouse>1</rollCallVotesOnAmendmentsInHouse>
            <houseAmendmentNotAgreedTo>1</houseAmendmentNotAgreedTo>
            <houseAmendmentOffered>1</houseAmendmentOffered>
            <agreementToAnAmendmentResultsCommitteeOfTheWhole>1</agreementToAnAmendmentResultsCommitteeOfTheWhole>
            <houseAmendmentOfferedReportedBy>1</houseAmendmentOfferedReportedBy>
            <amendmentOffered>1</amendmentOffered>
          </actionTypeCounts>
          <actionByCounts>
            <houseOfRepresentatives>7</houseOfRepresentatives>
          </actionByCounts>
        </actions>
        <updateDate>2017-01-18T10:05:35Z</updateDate>
        <type>HAMDT</type>
        <number>15</number>
      </amendment>
      <amendment>
        <description>Amendment sought to require the event sponsor to provide attendees with a written disclosure outlinin g the nature of the event and the risks of investing in the securities for sale. It would also clarify that attendance at an event does not in itself establish a pre-existing relationship for purposes of Rule 506(b).</description>
        <latestAction>
          <actionDate>2017-01-10</actionDate>
          <text>On agreeing to the Velazquez amendment (A001) Failed by recorded vote: 167 - 249 (Roll no. 29).</text>
          <actionTime>17:43:43</actionTime>
        </latestAction>
        <congress>115</congress>
        <purpose />
        <cosponsors>
          <totalCount>0</totalCount>
          <currentCount>0</currentCount>
        </cosponsors>
        <sponsors>
          <item>
            <middleName>M.</middleName>
            <party>D</party>
            <fullName>Rep. Velazquez, Nydia M. [D-NY-7]</fullName>
            <state>NY</state>
            <lastName>VELAZQUEZ</lastName>
            <district>7</district>
            <firstName>NYDIA</firstName>
            <bioguideId>V000081</bioguideId>
          </item>
        </sponsors>
        <congress>115</congress>
        <updateDate>2017-01-18T10:05:35Z</updateDate>
        <description>Amendment sought to require the event sponsor to provide attendees with a written disclosure outlinin g the nature of the event and the risks of investing in the securities for sale. It would also clarify that attendance at an event does not in itself establish a pre-existing relationship for purposes of Rule 506(b).</description>
        <submittedDate>2017-01-10T05:00:00Z</submittedDate>
        <proposedDate />
        <amendments>
          <count>0</count>
        </amendments>
        <actions>
          <count>8</count>
          <actions>
            <item>
              <type>Floor</type>
              <actionTime>17:43:43</actionTime>
              <actionDate>2017-01-10</actionDate>
              <actionCode>H32111</actionCode>
              <committee />
              <sourceSystem>
                <code>2</code>
                <name>House floor actions</name>
              </sourceSystem>
              <text>On agreeing to the Velazquez amendment (A001) Failed by recorded vote: 167 - 249 (Roll no. 29).</text>
              <links>
                <link>
                  <name>H.Amdt.14</name>
                  <url>https://www.congress.gov/amendment/115th-congress/house-amendment/14</url>
                </link>
                <link>
                  <name>Roll no. 29</name>
                  <url>http://clerk.house.gov/evs/2017/roll029.xml</url>
                </link>
              </links>
            </item>
            <item>
              <type>Floor</type>
              <actionTime>14:57:12</actionTime>
              <actionDate>2017-01-10</actionDate>
              <actionCode>H3A100</actionCode>
              <committee />
              <sourceSystem>
                <code>2</code>
                <name>House floor actions</name>
              </sourceSystem>
              <text>Amendment (A001) offered by Ms. Velazquez. (consideration: CR H264-265, H280-281; text: CR H264)</text>
              <links>
                <link>
                  <name>H.Amdt.14</name>
                  <url>https://www.congress.gov/amendment/115th-congress/house-amendment/14</url>
                </link>
                <link>
                  <name>H264</name>
                  <url>https://www.congress.gov/congressional-record/volume-163/house-section/page/H264</url>
                </link>
                <link>
                  <name>H264-265</name>
                  <url>https://www.congress.gov/congressional-record/volume-163/house-section/page/H264-265</url>
                </link>
                <link>
                  <name>H280-281</name>
                  <url>https://www.congress.gov/congressional-record/volume-163/house-section/page/H280-281</url>
                </link>
              </links>
            </item>
            <item>
              <actionDate>2017-01-10</actionDate>
              <committee />
              <links />
              <text />
            </item>
            <item>
              <type>Floor</type>
              <actionTime>17:43:43</actionTime>
              <actionDate>2017-01-10</actionDate>
              <actionCode>75000</actionCode>
              <committee />
              <sourceSystem>
                <code>9</code>
                <name>Library of Congress</name>
              </sourceSystem>
              <text>Roll call votes on amendments in House</text>
              <links>
                <link>
                  <name>H.Amdt.14</name>
                  <url>https://www.congress.gov/amendment/115th-congress/house-amendment/14</url>
                </link>
                <link>
                  <name>Roll no. 29</name>
                  <url>http://clerk.house.gov/evs/2017/roll029.xml</url>
                </link>
              </links>
            </item>
            <item>
              <type>Floor</type>
              <actionTime>17:43:43</actionTime>
              <actionDate>2017-01-10</actionDate>
              <actionCode>73000</actionCode>
              <committee />
              <sourceSystem>
                <code>9</code>
                <name>Library of Congress</name>
              </sourceSystem>
              <text>House amendment not agreed to: On agreeing to the Velazquez amendment (A001) Failed by recorded vote: 167 - 249 (Roll no. 29).</text>
              <links>
                <link>
                  <name>H.Amdt.14</name>
                  <url>https://www.congress.gov/amendment/115th-congress/house-amendment/14</url>
                </link>
                <link>
                  <name>Roll no. 29</name>
                  <url>http://clerk.house.gov/evs/2017/roll029.xml</url>
                </link>
              </links>
            </item>
            <item>
              <type>NotUsed</type>
              <actionTime>17:43:43</actionTime>
              <actionDate>2017-01-10</actionDate>
              <actionCode>77000</actionCode>
              <committee />
              <sourceSystem>
                <code>9</code>
                <name>Library of Congress</name>
              </sourceSystem>
              <text>Amendment failed in Committee of the Whole</text>
              <links>
                <link>
                  <name>H.Amdt.14</name>
                  <url>https://www.congress.gov/amendment/115th-congress/house-amendment/14</url>
                </link>
                <link>
                  <name>Roll no. 29</name>
                  <url>http://clerk.house.gov/evs/2017/roll029.xml</url>
                </link>
              </links>
            </item>
            <item>
              <type>NotUsed</type>
              <actionTime>14:57:12</actionTime>
              <actionDate>2017-01-10</actionDate>
              <actionCode>71500</actionCode>
              <committee />
              <sourceSystem>
                <code>9</code>
                <name>Library of Congress</name>
              </sourceSystem>
              <text>House amendment offered/reported by : Amendment (A001) offered by Ms. Velazquez.</text>
              <links>
                <link>
                  <name>H.Amdt.14</name>
                  <url>https://www.congress.gov/amendment/115th-congress/house-amendment/14</url>
                </link>
                <link>
                  <name>H264</name>
                  <url>https://www.congress.gov/congressional-record/volume-163/house-section/page/H264</url>
                </link>
                <link>
                  <name>H264-265</name>
                  <url>https://www.congress.gov/congressional-record/volume-163/house-section/page/H264-265</url>
                </link>
                <link>
                  <name>H280-281</name>
                  <url>https://www.congress.gov/congressional-record/volume-163/house-section/page/H280-281</url>
                </link>
              </links>
            </item>
            <item>
              <type>Floor</type>
              <sourceSystem>
                <code>9</code>
                <name>Library of Congress</name>
              </sourceSystem>
              <links />
              <committee />
              <actionDate>2017-01-10</actionDate>
              <text>House amendment offered</text>
              <actionCode>71000</actionCode>
            </item>
          </actions>
          <actionTypeCounts>
            <amendmentFailedInCommitteeOfTheWhole>1</amendmentFailedInCommitteeOfTheWhole>
            <amendmentOffered>1</amendmentOffered>
            <rollCallVotesOnAmendmentsInHouse>1</rollCallVotesOnAmendmentsInHouse>
            <agreementToAnAmendmentResultsCommitteeOfTheWhole>1</agreementToAnAmendmentResultsCommitteeOfTheWhole>
            <houseAmendmentOffered>1</houseAmendmentOffered>
            <houseAmendmentOfferedReportedBy>1</houseAmendmentOfferedReportedBy>
            <houseAmendmentNotAgreedTo>1</houseAmendmentNotAgreedTo>
          </actionTypeCounts>
          <actionByCounts>
            <houseOfRepresentatives>7</houseOfRepresentatives>
          </actionByCounts>
        </actions>
        <createDate>2017-01-11T10:10:16Z</createDate>
        <type>HAMDT</type>
        <chamber>House of Representatives</chamber>
        <number>14</number>
        <amendedAmendment />
        <titles />
        <notes />
        <links />
        <amendedBill>
          <originChamber>House</originChamber>
          <number>79</number>
          <originChamberCode>H</originChamberCode>
          <congress>115</congress>
          <title>HALOS Act</title>
          <type>HR</type>
        </amendedBill>
        <purpose />
        <type>HAMDT</type>
        <number>14</number>
      </amendment>
    </amendments>
    <actions>
      <actionTypeCounts>
        <generalDebate>6</generalDebate>
        <considerationByHouse>2</considerationByHouse>
        <committeeOfTheWholeRisesLeavingAsUnfinishedBusiness>1</committeeOfTheWholeRisesLeavingAsUnfinishedBusiness>
        <committeeOfTheWholeRisesToReportOnLegislation>1</committeeOfTheWholeRisesToReportOnLegislation>
        <unfinishedBusinessInCommitteeOfTheWhole>1</unfinishedBusinessInCommitteeOfTheWhole>
        <placeholderTextForHL>1</placeholderTextForHL>
        <resolvingIntoCommitteeOfTheWholePursuantToRule>1</resolvingIntoCommitteeOfTheWholePursuantToRule>
        <introducedInTheHouse>1</introducedInTheHouse>
        <designationOfChairmanCommitteeOfTheWhole>1</designationOfChairmanCommitteeOfTheWhole>
        <referredToCommittee>1</referredToCommittee>
        <passedAgreedToInHouse>1</passedAgreedToInHouse>
        <passageOfAMeasure>1</passageOfAMeasure>
        <motionToReconsiderResults>1</motionToReconsiderResults>
        <placeholderTextForH>2</placeholderTextForH>
        <ruleForConsiderationOfBillReportedToHouse>1</ruleForConsiderationOfBillReportedToHouse>
        <introducedInHouse>1</introducedInHouse>
        <billReferrals>1</billReferrals>
      </actionTypeCounts>
      <actionByCounts>
        <houseOfRepresentatives>23</houseOfRepresentatives>
        <senate>1</senate>
      </actionByCounts>
      <item>
        <actionDate>2017-01-11</actionDate>
        <committee>
          <name>Banking, Housing, and Urban Affairs Committee</name>
          <systemCode>ssbk00</systemCode>
        </committee>
        <links />
        <sourceSystem>
          <code>0</code>
          <name>Senate</name>
        </sourceSystem>
        <text>Received in the Senate and Read twice and referred to the Committee on Banking, Housing, and Urban Affairs.</text>
        <type>IntroReferral</type>
      </item>
      <item>
        <links />
        <committee />
        <actionTime>17:57:57</actionTime>
        <type>Floor</type>
        <sourceSystem>
          <code>2</code>
          <name>House floor actions</name>
        </sourceSystem>
        <actionCode>H38310</actionCode>
        <actionDate>2017-01-10</actionDate>
        <text>Motion to reconsider laid on the table Agreed to without objection.</text>
      </item>
      <item>
        <links>
          <link>
            <name>Roll no. 31</name>
            <url>http://clerk.house.gov/evs/2017/roll031.xml</url>
          </link>
        </links>
        <committee />
        <actionTime>17:57:55</actionTime>
        <type>Floor</type>
        <sourceSystem>
          <code>2</code>
          <name>House floor actions</name>
        </sourceSystem>
        <actionCode>H37100</actionCode>
        <actionDate>2017-01-10</actionDate>
        <text>On passage Passed by the Yeas and Nays: 344 - 73 (Roll no. 31).</text>
      </item>
      <item>
        <links>
          <link>
            <name>Roll no. 31</name>
            <url>http://clerk.house.gov/evs/2017/roll031.xml</url>
          </link>
        </links>
        <committee />
        <actionTime>17:57:55</actionTime>
        <type>Floor</type>
        <sourceSystem>
          <code>9</code>
          <name>Library of Congress</name>
        </sourceSystem>
        <actionCode>8000</actionCode>
        <actionDate>2017-01-10</actionDate>
        <text>Passed/agreed to in House: On passage Passed by the Yeas and Nays: 344 - 73 (Roll no. 31).</text>
      </item>
      <item>
        <links>
          <link>
            <name>H.R. 79</name>
            <url>https://www.congress.gov/bill/115th-congress/house-bill/79</url>
          </link>
        </links>
        <committee />
        <actionTime>17:48:42</actionTime>
        <type>Floor</type>
        <sourceSystem>
          <code>2</code>
          <name>House floor actions</name>
        </sourceSystem>
        <actionCode>H32600</actionCode>
        <actionDate>2017-01-10</actionDate>
        <text>The House rose from the Committee of the Whole House on the state of the Union to report H.R. 79.</text>
      </item>
      <item>
        <links />
        <committee />
        <actionTime>17:20:41</actionTime>
        <type>Floor</type>
        <sourceSystem>
          <code>2</code>
          <name>House floor actions</name>
        </sourceSystem>
        <actionCode>H32050</actionCode>
        <actionDate>2017-01-10</actionDate>
        <text>The House resolved into Committee of the Whole House on the state of the Union for further consideration.</text>
      </item>
      <item>
        <links>
          <link>
            <name>H280-283</name>
            <url>https://www.congress.gov/congressional-record/volume-163/house-section/page/H280-283</url>
          </link>
        </links>
        <committee />
        <actionTime>17:20:23</actionTime>
        <type>Floor</type>
        <sourceSystem>
          <code>2</code>
          <name>House floor actions</name>
        </sourceSystem>
        <actionCode>H30000</actionCode>
        <actionDate>2017-01-10</actionDate>
        <text>Considered as unfinished business. (consideration: CR H280-283)</text>
      </item>
      <item>
        <links>
          <link>
            <name>H.R. 79</name>
            <url>https://www.congress.gov/bill/115th-congress/house-bill/79</url>
          </link>
        </links>
        <committee />
        <actionTime>15:16:14</actionTime>
        <type>Floor</type>
        <sourceSystem>
          <code>2</code>
          <name>House floor actions</name>
        </sourceSystem>
        <actionCode>H32700</actionCode>
        <actionDate>2017-01-10</actionDate>
        <text>Committee of the Whole House on the state of the Union rises leaving H.R. 79 as unfinished business.</text>
      </item>
      <item>
        <links />
        <committee />
        <actionTime>15:16:07</actionTime>
        <type>Floor</type>
        <sourceSystem>
          <code>2</code>
          <name>House floor actions</name>
        </sourceSystem>
        <actionCode>H32341</actionCode>
        <actionDate>2017-01-10</actionDate>
        <text>On motion that the Committee rise Agreed to by voice vote.</text>
      </item>
      <item>
        <links />
        <committee />
        <actionTime>15:15:26</actionTime>
        <type>Floor</type>
        <sourceSystem>
          <code>2</code>
          <name>House floor actions</name>
        </sourceSystem>
        <actionCode>H32340</actionCode>
        <actionDate>2017-01-10</actionDate>
        <text>Mr. Huizenga moved that the Committee rise.</text>
      </item>
      <item>
        <links />
        <committee />
        <actionTime>15:14:43</actionTime>
        <type>Floor</type>
        <sourceSystem>
          <code>2</code>
          <name>House floor actions</name>
        </sourceSystem>
        <actionCode>H8D000</actionCode>
        <actionDate>2017-01-10</actionDate>
        <text>POSTPONED PROCEEDINGS - At the conclusion of debate on the Clay amendment, the Chair put the question on adoption of the amendment and by voice vote announced that the noes had prevailed. Mr. Clay demanded a recorded vote and the Chair postponed further proceedings on the question of adoption of the amendment until a time to be announced.</text>
      </item>
      <item>
        <links>
          <link>
            <name>H.Res. 33</name>
            <url>https://www.congress.gov/bill/115th-congress/house-resolution/33</url>
          </link>
        </links>
        <committee />
        <actionTime>15:07:54</actionTime>
        <type>Floor</type>
        <sourceSystem>
          <code>2</code>
          <name>House floor actions</name>
        </sourceSystem>
        <actionCode>H8D000</actionCode>
        <actionDate>2017-01-10</actionDate>
        <text>DEBATE - Pursuant to the provisions of H.Res. 33, the Committee of the Whole proceeded with 10 minutes of debate on the Clay Part B amendment No. 2.</text>
      </item>
      <item>
        <links />
        <committee />
        <actionTime>15:07:03</actionTime>
        <type>Floor</type>
        <sourceSystem>
          <code>2</code>
          <name>House floor actions</name>
        </sourceSystem>
        <actionCode>H8D000</actionCode>
        <actionDate>2017-01-10</actionDate>
        <text>POSTPONED PROCEEDINGS - At the conclusion of debate on the Velazquez amendment, the Chair put the question on adoption of the amendment and by voice vote announced that the noes had prevailed. Ms. Velazquez demanded a recorded vote and the Chair postponed further proceedings on the question of adoption of the amendment until a time to be announced.</text>
      </item>
      <item>
        <links>
          <link>
            <name>H.Res. 33</name>
            <url>https://www.congress.gov/bill/115th-congress/house-resolution/33</url>
          </link>
        </links>
        <committee />
        <actionTime>14:57:14</actionTime>
        <type>Floor</type>
        <sourceSystem>
          <code>2</code>
          <name>House floor actions</name>
        </sourceSystem>
        <actionCode>H8D000</actionCode>
        <actionDate>2017-01-10</actionDate>
        <text>DEBATE - Pursuant to the provisions of H.Res. 33, the Committee of the Whole proceeded with 10 minutes of debate on the Velazquez Part B amendment No. 1.</text>
      </item>
      <item>
        <links>
          <link>
            <name>H.R. 79</name>
            <url>https://www.congress.gov/bill/115th-congress/house-bill/79</url>
          </link>
        </links>
        <committee />
        <actionTime>14:09:03</actionTime>
        <type>Floor</type>
        <sourceSystem>
          <code>2</code>
          <name>House floor actions</name>
        </sourceSystem>
        <actionCode>H8D000</actionCode>
        <actionDate>2017-01-10</actionDate>
        <text>GENERAL DEBATE - The Committee of the Whole proceeded with one hour of general debate on H.R. 79.</text>
      </item>
      <item>
        <links />
        <committee />
        <actionTime>14:08:18</actionTime>
        <type>Floor</type>
        <sourceSystem>
          <code>2</code>
          <name>House floor actions</name>
        </sourceSystem>
        <actionCode>H32400</actionCode>
        <actionDate>2017-01-10</actionDate>
        <text>The Speaker designated the Honorable Mike Bost to act as Chairman of the Committee.</text>
      </item>
      <item>
        <links>
          <link>
            <name>H. Res. 33</name>
            <url>https://www.congress.gov/bill/115th-congress/house-resolution/33</url>
          </link>
        </links>
        <committee />
        <actionTime>14:08:17</actionTime>
        <type>Floor</type>
        <sourceSystem>
          <code>2</code>
          <name>House floor actions</name>
        </sourceSystem>
        <actionCode>H32020</actionCode>
        <actionDate>2017-01-10</actionDate>
        <text>House resolved itself into the Committee of the Whole House on the state of the Union pursuant to H. Res. 33 and Rule XVIII.</text>
      </item>
      <item>
        <links>
          <link>
            <name>H.R. 5</name>
            <url>https://www.congress.gov/bill/115th-congress/house-bill/5</url>
          </link>
          <link>
            <name>H.R. 79</name>
            <url>https://www.congress.gov/bill/115th-congress/house-bill/79</url>
          </link>
        </links>
        <committee />
        <actionTime>14:07:51</actionTime>
        <type>Floor</type>
        <sourceSystem>
          <code>2</code>
          <name>House floor actions</name>
        </sourceSystem>
        <actionCode>H8D000</actionCode>
        <actionDate>2017-01-10</actionDate>
        <text>The resolution provides for both bills to be considered under a structured rule for one hour of general debate. The resolution also provides one motion to recommit with or without instructions on both H.R. 5 and H.R. 79.</text>
      </item>
      <item>
        <links>
          <link>
            <name>H. Res. 33</name>
            <url>https://www.congress.gov/bill/115th-congress/house-resolution/33</url>
          </link>
          <link>
            <name>H259-266</name>
            <url>https://www.congress.gov/congressional-record/volume-163/house-section/page/H259-266</url>
          </link>
          <link>
            <name>H264</name>
            <url>https://www.congress.gov/congressional-record/volume-163/house-section/page/H264</url>
          </link>
        </links>
        <committee />
        <actionTime>14:07:46</actionTime>
        <type>Floor</type>
        <sourceSystem>
          <code>2</code>
          <name>House floor actions</name>
        </sourceSystem>
        <actionCode>H30000</actionCode>
        <actionDate>2017-01-10</actionDate>
        <text>Considered under the provisions of rule H. Res. 33. (consideration: CR H259-266; text of measure as reported in House: CR H264)</text>
      </item>
      <item>
        <links>
          <link>
            <name>H. Res. 33</name>
            <url>https://www.congress.gov/bill/115th-congress/house-resolution/33</url>
          </link>
        </links>
        <committee />
        <actionTime>13:58:03</actionTime>
        <type>Floor</type>
        <sourceSystem>
          <code>2</code>
          <name>House floor actions</name>
        </sourceSystem>
        <actionCode>H1L220</actionCode>
        <actionDate>2017-01-10</actionDate>
        <text>Rule H. Res. 33 passed House.</text>
      </item>
      <item>
        <links>
          <link>
            <name>H. Res. 33</name>
            <url>https://www.congress.gov/bill/115th-congress/house-resolution/33</url>
          </link>
          <link>
            <name>H.R. 5</name>
            <url>https://www.congress.gov/bill/115th-congress/house-bill/5</url>
          </link>
          <link>
            <name>H.R. 79</name>
            <url>https://www.congress.gov/bill/115th-congress/house-bill/79</url>
          </link>
        </links>
        <committee />
        <actionTime>19:12:34</actionTime>
        <type>Floor</type>
        <sourceSystem>
          <code>2</code>
          <name>House floor actions</name>
        </sourceSystem>
        <actionCode>H1L210</actionCode>
        <actionDate>2017-01-09</actionDate>
        <text>Rules Committee Resolution H. Res. 33 Reported to House. The resolution provides for both bills to be considered under a structured rule for one hour of general debate. The resolution also provides one motion to recommit with or without instructions on both H.R. 5 and H.R. 79.</text>
      </item>
      <item>
        <committee>
          <name>Financial Services Committee</name>
          <systemCode>hsba00</systemCode>
        </committee>
        <links />
        <actionCode>H11100</actionCode>
        <type>IntroReferral</type>
        <sourceSystem>
          <code>2</code>
          <name>House floor actions</name>
        </sourceSystem>
        <actionDate>2017-01-03</actionDate>
        <text>Referred to the House Committee on Financial Services.</text>
      </item>
      <item>
        <committee />
        <links />
        <actionCode>Intro-H</actionCode>
        <type>IntroReferral</type>
        <sourceSystem>
          <code>9</code>
          <name>Library of Congress</name>
        </sourceSystem>
        <actionDate>2017-01-03</actionDate>
        <text>Introduced in House</text>
      </item>
      <item>
        <committee />
        <links />
        <actionCode>1000</actionCode>
        <type>IntroReferral</type>
        <sourceSystem>
          <code>9</code>
          <name>Library of Congress</name>
        </sourceSystem>
        <actionDate>2017-01-03</actionDate>
        <text>Introduced in House</text>
      </item>
    </actions>
    <congress>115</congress>
    <subjects>
      <billSubjects>
        <legislativeSubjects>
          <item>
            <name>Administrative law and regulatory procedures</name>
          </item>
          <item>
            <name>Business investment and capital</name>
          </item>
          <item>
            <name>Financial services and investments</name>
          </item>
          <item>
            <name>Higher education</name>
          </item>
          <item>
            <name>Marketing and advertising</name>
          </item>
          <item>
            <name>Securities</name>
          </item>
          <item>
            <name>Securities and Exchange Commission (SEC)</name>
          </item>
          <item>
            <name>Social work, volunteer service, charitable organizations</name>
          </item>
        </legislativeSubjects>
        <policyArea>
          <name>Finance and Financial Sector</name>
        </policyArea>
      </billSubjects>
    </subjects>
    <billNumber>79</billNumber>
    <recordedVotes>
      <recordedVote>
        <sessionNumber>1</sessionNumber>
        <congress>115</congress>
        <fullActionName>Passage of a Measure</fullActionName>
        <url>http://clerk.house.gov/evs/2017/roll031.xml</url>
        <rollNumber>31</rollNumber>
        <date>2017-01-10T22:57:55Z</date>
        <chamber>House</chamber>
      </recordedVote>
    </recordedVotes>
    <title>HALOS Act</title>
    <laws />
  </bill>
  <dublinCore xmlns:dc="http://purl.org/dc/elements/1.1/">
    <dc:format>text/xml</dc:format>
    <dc:language>EN</dc:language>
    <dc:rights>Pursuant to Title 17 Section 105 of the United States Code, this file is not subject to copyright protection and is in the public domain.</dc:rights>
    <dc:contributor>Congressional Research Service, Library of Congress</dc:contributor>
    <dc:description>This file contains bill summaries and statuses for federal legislation. A bill summary describes the most significant provisions of a piece of legislation and details the effects the legislative text may have on current law and federal programs. Bill summaries are authored by the Congressional Research Service (CRS) of the Library of Congress. As stated in Public Law 91-510 (2 USC 166 (d)(6)), one of the duties of CRS is "to prepare summaries and digests of bills and resolutions of a public general nature introduced in the Senate or House of Representatives". For more information, refer to the User Guide that accompanies this file.</dc:description>
  </dublinCore>
</billStatus>

