<?xml version="1.0" encoding="UTF-8"?>
<billStatus>
  <bill>
    <committeeReports />
    <sponsors>
      <item>
        <middleName />
        <party>D</party>
        <fullName>Rep. Jackson Lee, Sheila [D-TX-18]</fullName>
        <state>TX</state>
        <byRequestType />
        <lastName>JACKSON LEE</lastName>
        <district>18</district>
        <identifiers>
          <bioguideId>J000032</bioguideId>
          <lisID>588</lisID>
          <gpoId>8174</gpoId>
        </identifiers>
        <firstName>SHEILA</firstName>
        <bioguideId>J000032</bioguideId>
      </item>
    </sponsors>
    <recordedVotes />
    <updateDate>2017-01-17T17:31:16Z</updateDate>
    <actions>
      <actionTypeCounts>
        <introducedInHouse>1</introducedInHouse>
        <placeholderTextForH>1</placeholderTextForH>
        <introducedInTheHouse>1</introducedInTheHouse>
        <billReferrals>1</billReferrals>
      </actionTypeCounts>
      <actionByCounts>
        <houseOfRepresentatives>4</houseOfRepresentatives>
      </actionByCounts>
      <item>
        <actionDate>2017-01-11</actionDate>
        <committee>
          <systemCode>hshm08</systemCode>
          <name>Cybersecurity, Infrastructure Protection, and Security Technologies Subcommittee</name>
        </committee>
        <links />
        <sourceSystem>
          <name>House committee actions</name>
          <code>1</code>
        </sourceSystem>
        <text>Referred to the Subcommittee on Cybersecurity, Infrastructure Protection, and Security Technologies.</text>
        <type>Committee</type>
      </item>
      <item>
        <links />
        <sourceSystem>
          <name>House floor actions</name>
          <code>2</code>
        </sourceSystem>
        <actionCode>H11100</actionCode>
        <type>IntroReferral</type>
        <actionDate>2017-01-03</actionDate>
        <committee>
          <systemCode>hshm00</systemCode>
          <name>Homeland Security Committee</name>
        </committee>
        <text>Referred to the House Committee on Homeland Security.</text>
      </item>
      <item>
        <links />
        <sourceSystem>
          <name>Library of Congress</name>
          <code>9</code>
        </sourceSystem>
        <actionCode>Intro-H</actionCode>
        <type>IntroReferral</type>
        <actionDate>2017-01-03</actionDate>
        <committee />
        <text>Introduced in House</text>
      </item>
      <item>
        <links />
        <sourceSystem>
          <name>Library of Congress</name>
          <code>9</code>
        </sourceSystem>
        <actionCode>1000</actionCode>
        <type>IntroReferral</type>
        <actionDate>2017-01-03</actionDate>
        <committee />
        <text>Introduced in House</text>
      </item>
    </actions>
    <createDate>2017-01-04T07:01:09Z</createDate>
    <introducedDate>2017-01-03</introducedDate>
    <constitutionalAuthorityStatementText />
    <title>CAPITALS Act</title>
    <latestAction>
      <actionDate>2017-01-11</actionDate>
      <links />
      <text>Referred to the Subcommittee on Cybersecurity, Infrastructure Protection, and Security Technologies.</text>
    </latestAction>
    <cosponsors />
    <originChamber>House</originChamber>
    <subjects>
      <billSubjects>
        <legislativeSubjects>
          <item>
            <name>Computer security and identity theft</name>
          </item>
          <item>
            <name>Congressional oversight</name>
          </item>
          <item>
            <name>Department of Homeland Security</name>
          </item>
          <item>
            <name>Emergency communications systems</name>
          </item>
          <item>
            <name>Emergency planning and evacuation</name>
          </item>
          <item>
            <name>Executive agency funding and structure</name>
          </item>
          <item>
            <name>Government studies and investigations</name>
          </item>
          <item>
            <name>Natural disasters</name>
          </item>
          <item>
            <name>Terrorism</name>
          </item>
        </legislativeSubjects>
        <policyArea>
          <name>Emergency Management</name>
        </policyArea>
      </billSubjects>
    </subjects>
    <billType>HR</billType>
    <policyArea>
      <name>Emergency Management</name>
    </policyArea>
    <laws />
    <cboCostEstimates />
    <calendarNumbers />
    <amendments />
    <summaries>
      <billSummaries />
    </summaries>
    <titles>
      <item>
        <parentTitleType />
        <chamberCode />
        <titleType>Short Titles as Introduced</titleType>
        <title>CAPITALS Act</title>
        <chamberName />
      </item>
      <item>
        <parentTitleType />
        <chamberCode />
        <titleType>Short Titles as Introduced</titleType>
        <title>Department of Homeland Security's Cybersecurity Asset Protection of Infrastructure under Terrorist Attack Logistical Structure or CAPITALS Act</title>
        <chamberName />
      </item>
      <item>
        <parentTitleType />
        <chamberCode />
        <titleType>Official Title as Introduced</titleType>
        <title>To require the Secretary of Homeland Security to conduct a study on the feasibility of establishing a Civilian Cyber Defense National Resource in the Department of Homeland Security.</title>
        <chamberName />
      </item>
      <item>
        <parentTitleType />
        <chamberCode />
        <titleType>Display Title</titleType>
        <title>CAPITALS Act</title>
        <chamberName />
      </item>
    </titles>
    <committees>
      <billCommittees>
        <item>
          <type>Standing</type>
          <subcommittees>
            <item>
              <systemCode>hshm08</systemCode>
              <name>Cybersecurity, Infrastructure Protection, and Security Technologies Subcommittee</name>
              <activities>
                <item>
                  <date>2017-01-11T16:03:47Z</date>
                  <name>Referred to</name>
                </item>
              </activities>
            </item>
          </subcommittees>
          <systemCode>hshm00</systemCode>
          <name>Homeland Security Committee</name>
          <chamber>House</chamber>
          <activities>
            <item>
              <date>2017-01-03T17:21:30Z</date>
              <name>Referred to</name>
            </item>
          </activities>
        </item>
      </billCommittees>
    </committees>
    <billNumber>54</billNumber>
    <relatedBills />
    <notes />
    <congress>115</congress>
  </bill>
  <dublinCore xmlns:dc="http://purl.org/dc/elements/1.1/">
    <dc:format>text/xml</dc:format>
    <dc:language>EN</dc:language>
    <dc:rights>Pursuant to Title 17 Section 105 of the United States Code, this file is not subject to copyright protection and is in the public domain.</dc:rights>
    <dc:contributor>Congressional Research Service, Library of Congress</dc:contributor>
    <dc:description>This file contains bill summaries and statuses for federal legislation. A bill summary describes the most significant provisions of a piece of legislation and details the effects the legislative text may have on current law and federal programs. Bill summaries are authored by the Congressional Research Service (CRS) of the Library of Congress. As stated in Public Law 91-510 (2 USC 166 (d)(6)), one of the duties of CRS is "to prepare summaries and digests of bills and resolutions of a public general nature introduced in the Senate or House of Representatives". For more information, refer to the User Guide that accompanies this file.</dc:description>
  </dublinCore>
</billStatus>

