<?xml version="1.0" encoding="UTF-8"?>
<billStatus>
  <bill>
    <amendments />
    <latestAction>
      <actionDate>2017-01-24</actionDate>
      <text>Referred to the House Committee on Ways and Means.</text>
      <links />
    </latestAction>
    <congress>115</congress>
    <subjects>
      <billSubjects>
        <policyArea>
          <name>Taxation</name>
        </policyArea>
        <legislativeSubjects>
          <item>
            <name>Capital gains tax</name>
          </item>
          <item>
            <name>Income tax rates</name>
          </item>
        </legislativeSubjects>
      </billSubjects>
    </subjects>
    <laws />
    <notes />
    <billType>HR</billType>
    <sponsors>
      <item>
        <lastName>SCHAKOWSKY</lastName>
        <middleName>D.</middleName>
        <bioguideId>S001145</bioguideId>
        <fullName>Rep. Schakowsky, Janice D. [D-IL-9]</fullName>
        <identifiers>
          <lisID>1588</lisID>
          <bioguideId>S001145</bioguideId>
          <gpoId>7929</gpoId>
        </identifiers>
        <byRequestType />
        <state>IL</state>
        <firstName>JANICE</firstName>
        <party>D</party>
        <district>9</district>
      </item>
    </sponsors>
    <recordedVotes />
    <committeeReports />
    <introducedDate>2017-01-24</introducedDate>
    <relatedBills />
    <cosponsors>
      <item>
        <lastName>NADLER</lastName>
        <state>NY</state>
        <firstName>JERROLD</firstName>
        <sponsorshipDate>2017-01-24</sponsorshipDate>
        <district>10</district>
        <fullName>Rep. Nadler, Jerrold [D-NY-10]</fullName>
        <identifiers>
          <bioguideId>N000002</bioguideId>
          <lisID>850</lisID>
          <gpoId>8069</gpoId>
        </identifiers>
        <bioguideId>N000002</bioguideId>
        <sponsorshipWithdrawnDate />
        <party>D</party>
        <isOriginalCosponsor>True</isOriginalCosponsor>
        <middleName />
      </item>
      <item>
        <lastName>Grijalva</lastName>
        <state>AZ</state>
        <firstName>Raul</firstName>
        <sponsorshipDate>2017-01-24</sponsorshipDate>
        <district>3</district>
        <fullName>Rep. Grijalva, Raul M. [D-AZ-3]</fullName>
        <identifiers>
          <bioguideId>G000551</bioguideId>
          <gpoId>7804</gpoId>
          <lisID>1708</lisID>
        </identifiers>
        <bioguideId>G000551</bioguideId>
        <sponsorshipWithdrawnDate />
        <party>D</party>
        <isOriginalCosponsor>True</isOriginalCosponsor>
        <middleName>M.</middleName>
      </item>
      <item>
        <lastName>NORTON</lastName>
        <state>DC</state>
        <firstName>ELEANOR</firstName>
        <sponsorshipDate>2017-01-24</sponsorshipDate>
        <district>0</district>
        <fullName>Rep. Norton, Eleanor Holmes [D-DC-At Large]</fullName>
        <identifiers>
          <lisID>868</lisID>
          <gpoId>7871</gpoId>
          <bioguideId>N000147</bioguideId>
        </identifiers>
        <bioguideId>N000147</bioguideId>
        <sponsorshipWithdrawnDate />
        <party>D</party>
        <isOriginalCosponsor>True</isOriginalCosponsor>
        <middleName>HOLMES</middleName>
      </item>
      <item>
        <lastName>DELAURO</lastName>
        <state>CT</state>
        <firstName>ROSA</firstName>
        <sponsorshipDate>2017-01-24</sponsorshipDate>
        <district>3</district>
        <fullName>Rep. DeLauro, Rosa L. [D-CT-3]</fullName>
        <identifiers>
          <lisID>281</lisID>
          <bioguideId>D000216</bioguideId>
          <gpoId>7868</gpoId>
        </identifiers>
        <bioguideId>D000216</bioguideId>
        <sponsorshipWithdrawnDate />
        <party>D</party>
        <isOriginalCosponsor>True</isOriginalCosponsor>
        <middleName />
      </item>
      <item>
        <lastName>LEE</lastName>
        <state>CA</state>
        <firstName>BARBARA</firstName>
        <sponsorshipDate>2017-01-24</sponsorshipDate>
        <district>13</district>
        <fullName>Rep. Lee, Barbara [D-CA-13]</fullName>
        <identifiers>
          <lisID>1501</lisID>
          <bioguideId>L000551</bioguideId>
          <gpoId>7814</gpoId>
        </identifiers>
        <bioguideId>L000551</bioguideId>
        <sponsorshipWithdrawnDate />
        <party>D</party>
        <isOriginalCosponsor>True</isOriginalCosponsor>
        <middleName />
      </item>
      <item>
        <lastName>CUMMINGS</lastName>
        <state>MD</state>
        <firstName>ELIJAH</firstName>
        <sponsorshipDate>2017-01-24</sponsorshipDate>
        <district>7</district>
        <fullName>Rep. Cummings, Elijah E. [D-MD-7]</fullName>
        <identifiers>
          <lisID>256</lisID>
          <bioguideId>C000984</bioguideId>
          <gpoId>7982</gpoId>
        </identifiers>
        <bioguideId>C000984</bioguideId>
        <sponsorshipWithdrawnDate />
        <party>D</party>
        <isOriginalCosponsor>True</isOriginalCosponsor>
        <middleName>E.</middleName>
      </item>
      <item>
        <lastName>Ellison</lastName>
        <state>MN</state>
        <firstName>Keith</firstName>
        <sponsorshipDate>2017-01-24</sponsorshipDate>
        <district>5</district>
        <fullName>Rep. Ellison, Keith [D-MN-5]</fullName>
        <identifiers>
          <lisID>1857</lisID>
          <bioguideId>E000288</bioguideId>
          <gpoId>8005</gpoId>
        </identifiers>
        <bioguideId>E000288</bioguideId>
        <sponsorshipWithdrawnDate />
        <party>D</party>
        <isOriginalCosponsor>True</isOriginalCosponsor>
        <middleName />
      </item>
      <item>
        <lastName>SERRANO</lastName>
        <state>NY</state>
        <firstName>JOSE</firstName>
        <sponsorshipDate>2017-01-24</sponsorshipDate>
        <district>15</district>
        <fullName>Rep. Serrano, Jose E. [D-NY-15]</fullName>
        <identifiers>
          <bioguideId>S000248</bioguideId>
          <gpoId>8077</gpoId>
          <lisID>1042</lisID>
        </identifiers>
        <bioguideId>S000248</bioguideId>
        <sponsorshipWithdrawnDate />
        <party>D</party>
        <isOriginalCosponsor>True</isOriginalCosponsor>
        <middleName>E.</middleName>
      </item>
      <item>
        <lastName>Pocan</lastName>
        <state>WI</state>
        <firstName>Mark</firstName>
        <sponsorshipDate>2017-01-24</sponsorshipDate>
        <district>2</district>
        <fullName>Rep. Pocan, Mark [D-WI-2]</fullName>
        <identifiers>
          <lisID>2171</lisID>
          <gpoId />
          <bioguideId>P000607</bioguideId>
        </identifiers>
        <bioguideId>P000607</bioguideId>
        <sponsorshipWithdrawnDate />
        <party>D</party>
        <isOriginalCosponsor>True</isOriginalCosponsor>
        <middleName />
      </item>
      <item>
        <lastName>Cohen</lastName>
        <state>TN</state>
        <firstName>Steve</firstName>
        <sponsorshipDate>2017-01-24</sponsorshipDate>
        <district>9</district>
        <fullName>Rep. Cohen, Steve [D-TN-9]</fullName>
        <identifiers>
          <bioguideId>C001068</bioguideId>
          <gpoId>8156</gpoId>
          <lisID>1878</lisID>
        </identifiers>
        <bioguideId>C001068</bioguideId>
        <sponsorshipWithdrawnDate />
        <party>D</party>
        <isOriginalCosponsor>True</isOriginalCosponsor>
        <middleName />
      </item>
      <item>
        <lastName>CONYERS</lastName>
        <state>MI</state>
        <firstName>JOHN</firstName>
        <sponsorshipDate>2017-01-24</sponsorshipDate>
        <district>13</district>
        <fullName>Rep. Conyers, John, Jr. [D-MI-13]</fullName>
        <identifiers>
          <lisID>229</lisID>
          <bioguideId>C000714</bioguideId>
          <gpoId>7999</gpoId>
        </identifiers>
        <bioguideId>C000714</bioguideId>
        <sponsorshipWithdrawnDate />
        <party>D</party>
        <isOriginalCosponsor>True</isOriginalCosponsor>
        <middleName />
      </item>
    </cosponsors>
    <actions>
      <item>
        <text>Referred to the House Committee on Ways and Means.</text>
        <links />
        <type>IntroReferral</type>
        <sourceSystem>
          <code>2</code>
          <name>House floor actions</name>
        </sourceSystem>
        <committee>
          <systemCode>hswm00</systemCode>
          <name>Ways and Means Committee</name>
        </committee>
        <actionDate>2017-01-24</actionDate>
        <actionCode>H11100</actionCode>
      </item>
      <item>
        <text>Introduced in House</text>
        <links />
        <type>IntroReferral</type>
        <sourceSystem>
          <code>9</code>
          <name>Library of Congress</name>
        </sourceSystem>
        <committee />
        <actionDate>2017-01-24</actionDate>
        <actionCode>Intro-H</actionCode>
      </item>
      <item>
        <text>Introduced in House</text>
        <links />
        <type>IntroReferral</type>
        <sourceSystem>
          <code>9</code>
          <name>Library of Congress</name>
        </sourceSystem>
        <committee />
        <actionDate>2017-01-24</actionDate>
        <actionCode>1000</actionCode>
      </item>
      <actionTypeCounts>
        <introducedInTheHouse>1</introducedInTheHouse>
        <billReferrals>1</billReferrals>
        <introducedInHouse>1</introducedInHouse>
      </actionTypeCounts>
      <actionByCounts>
        <houseOfRepresentatives>3</houseOfRepresentatives>
      </actionByCounts>
    </actions>
    <committees>
      <billCommittees>
        <item>
          <systemCode>hswm00</systemCode>
          <type>Standing</type>
          <activities>
            <item>
              <date>2017-01-24T15:08:20Z</date>
              <name>Referred to</name>
            </item>
          </activities>
          <name>Ways and Means Committee</name>
          <subcommittees />
          <chamber>House</chamber>
        </item>
      </billCommittees>
    </committees>
    <updateDate>2018-08-28T20:00:18Z</updateDate>
    <version>1.0.0</version>
    <title>Fairness in Taxation Act of 2017</title>
    <createDate>2017-01-25T04:45:55Z</createDate>
    <billNumber>636</billNumber>
    <constitutionalAuthorityStatementText><![CDATA[<pre>[Congressional Record Volume 163, Number 13 (Tuesday, January 24, 2017)]From the Congressional Record Online through the Government Publishing Office [<a href='http://www.gpo.gov'>www.gpo.gov</a>]By Ms. SCHAKOWSKY:H.R. 636.Congress has the power to enact this legislation pursuantto the following:Article I, Section 7 of the Constitution[Page H687]</pre>]]></constitutionalAuthorityStatementText>
    <cboCostEstimates />
    <calendarNumbers />
    <policyArea>
      <name>Taxation</name>
    </policyArea>
    <summaries>
      <billSummaries>
        <item>
          <updateDate>2017-01-24T05:00:00Z</updateDate>
          <actionDate>2017-01-24</actionDate>
          <lastSummaryUpdateDate>2017-02-01T15:48:48Z</lastSummaryUpdateDate>
          <text><![CDATA[<p><strong>Fairness in Taxation Act of 201</strong><b>7</b></p> <p>This bill amends the Internal Revenue Code to: (1) increase individual income tax rates for taxpayers whose taxable income exceeds $1 million, and (2) provide for an adjustment in the capital gains tax of taxpayers whose taxable income is subject to the 45% tax bracket. </p>]]></text>
          <actionDesc>Introduced in House</actionDesc>
          <versionCode>00</versionCode>
          <name>Introduced in House</name>
        </item>
      </billSummaries>
    </summaries>
    <originChamber>House</originChamber>
    <titles>
      <item>
        <chamberCode />
        <titleType>Short Titles as Introduced</titleType>
        <parentTitleType />
        <chamberName />
        <title>Fairness in Taxation Act of 2017</title>
      </item>
      <item>
        <chamberCode />
        <titleType>Official Title as Introduced</titleType>
        <parentTitleType />
        <chamberName />
        <title>To amend the Internal Revenue Code of 1986 to impose increased rates of tax with respect to taxpayers with more than $1,000,000 taxable income, and for other purposes.</title>
      </item>
      <item>
        <chamberCode />
        <titleType>Display Title</titleType>
        <parentTitleType />
        <chamberName />
        <title>Fairness in Taxation Act of 2017</title>
      </item>
      <item>
        <chamberCode />
        <titleType>(Extracted from GPO) Short Titles as Introduced</titleType>
        <parentTitleType />
        <chamberName />
        <title>Fairness in Taxation Act of 2017</title>
      </item>
    </titles>
  </bill>
  <dublinCore xmlns:dc="http://purl.org/dc/elements/1.1/">
    <dc:format>text/xml</dc:format>
    <dc:language>EN</dc:language>
    <dc:rights>Pursuant to Title 17 Section 105 of the United States Code, this file is not subject to copyright protection and is in the public domain.</dc:rights>
    <dc:contributor>Congressional Research Service, Library of Congress</dc:contributor>
    <dc:description>This file contains bill summaries and statuses for federal legislation. A bill summary describes the most significant provisions of a piece of legislation and details the effects the legislative text may have on current law and federal programs. Bill summaries are authored by the Congressional Research Service (CRS) of the Library of Congress. As stated in Public Law 91-510 (2 USC 166 (d)(6)), one of the duties of CRS is "to prepare summaries and digests of bills and resolutions of a public general nature introduced in the Senate or House of Representatives". For more information, refer to the User Guide that accompanies this file.</dc:description>
  </dublinCore>
</billStatus>

