<?xml version="1.0" encoding="UTF-8"?>
<billStatus>
  <bill>
    <policyArea />
    <updateDate>2017-01-11T10:17:54Z</updateDate>
    <billType>HR</billType>
    <laws />
    <sponsors>
      <item>
        <fullName>Rep. Love, Mia B. [R-UT-4]</fullName>
        <identifiers>
          <bioguideId>L000584</bioguideId>
          <gpoId />
          <lisID>2271</lisID>
        </identifiers>
        <byRequestType />
        <firstName>Mia</firstName>
        <bioguideId>L000584</bioguideId>
        <lastName>Love</lastName>
        <state>UT</state>
        <district>4</district>
        <party>R</party>
        <middleName>B.</middleName>
      </item>
    </sponsors>
    <congress>115</congress>
    <latestAction>
      <actionDate>2017-01-10</actionDate>
      <text>Referred to House Energy and Commerce</text>
      <links />
    </latestAction>
    <recordedVotes />
    <calendarNumbers />
    <cboCostEstimates />
    <title>To allow women greater access to safe and effective contraception.</title>
    <actions>
      <actionByCounts>
        <houseOfRepresentatives>5</houseOfRepresentatives>
      </actionByCounts>
      <item>
        <text>Referred to House Energy and Commerce</text>
        <actionCode>H11100</actionCode>
        <sourceSystem>
          <code>2</code>
          <name>House floor actions</name>
        </sourceSystem>
        <committee>
          <name>Energy and Commerce Committee</name>
          <systemCode>hsif00</systemCode>
        </committee>
        <type>IntroReferral</type>
        <actionDate>2017-01-10</actionDate>
        <links />
      </item>
      <item>
        <text>Referred to the Committee on Ways and Means, and in addition to the Committee on Energy and Commerce, for a period to be subsequently determined by the Speaker, in each case for consideration of such provisions as fall within the jurisdiction of the committee concerned.</text>
        <actionCode>H11100-A</actionCode>
        <sourceSystem>
          <code>9</code>
          <name>Library of Congress</name>
        </sourceSystem>
        <committee />
        <type>IntroReferral</type>
        <actionDate>2017-01-10</actionDate>
        <links />
      </item>
      <item>
        <text>Referred to House Ways and Means</text>
        <actionCode>H11100</actionCode>
        <sourceSystem>
          <code>2</code>
          <name>House floor actions</name>
        </sourceSystem>
        <committee>
          <name>Ways and Means Committee</name>
          <systemCode>hswm00</systemCode>
        </committee>
        <type>IntroReferral</type>
        <actionDate>2017-01-10</actionDate>
        <links />
      </item>
      <item>
        <text>Introduced in House</text>
        <actionCode>Intro-H</actionCode>
        <sourceSystem>
          <code>9</code>
          <name>Library of Congress</name>
        </sourceSystem>
        <committee />
        <type>IntroReferral</type>
        <actionDate>2017-01-10</actionDate>
        <links />
      </item>
      <item>
        <text>Introduced in House</text>
        <actionCode>1000</actionCode>
        <sourceSystem>
          <code>9</code>
          <name>Library of Congress</name>
        </sourceSystem>
        <committee />
        <type>IntroReferral</type>
        <actionDate>2017-01-10</actionDate>
        <links />
      </item>
      <actionTypeCounts>
        <introducedInTheHouse>1</introducedInTheHouse>
        <billReferralsAggregate>1</billReferralsAggregate>
        <billReferrals>2</billReferrals>
        <introducedInHouse>1</introducedInHouse>
      </actionTypeCounts>
    </actions>
    <amendments />
    <introducedDate>2017-01-10</introducedDate>
    <billNumber>421</billNumber>
    <relatedBills />
    <titles>
      <item>
        <chamberCode />
        <titleType>Official Title as Introduced</titleType>
        <chamberName />
        <title>To allow women greater access to safe and effective contraception.</title>
        <parentTitleType />
      </item>
      <item>
        <chamberCode />
        <titleType>Display Title</titleType>
        <chamberName />
        <title>To allow women greater access to safe and effective contraception.</title>
        <parentTitleType />
      </item>
    </titles>
    <cosponsors>
      <item>
        <bioguideId>C001105</bioguideId>
        <firstName>Barbara</firstName>
        <party>R</party>
        <lastName>Comstock</lastName>
        <sponsorshipDate>2017-01-10</sponsorshipDate>
        <middleName />
        <state>VA</state>
        <district>10</district>
        <isOriginalCosponsor>True</isOriginalCosponsor>
        <sponsorshipWithdrawnDate />
        <identifiers>
          <lisID>2273</lisID>
          <gpoId />
          <bioguideId>C001105</bioguideId>
        </identifiers>
        <fullName>Rep. Comstock, Barbara [R-VA-10]</fullName>
      </item>
      <item>
        <bioguideId>S001192</bioguideId>
        <firstName>Chris</firstName>
        <party>R</party>
        <lastName>Stewart</lastName>
        <sponsorshipDate>2017-01-10</sponsorshipDate>
        <middleName />
        <state>UT</state>
        <district>2</district>
        <isOriginalCosponsor>True</isOriginalCosponsor>
        <sponsorshipWithdrawnDate />
        <identifiers>
          <gpoId />
          <bioguideId>S001192</bioguideId>
          <lisID>2168</lisID>
        </identifiers>
        <fullName>Rep. Stewart, Chris [R-UT-2]</fullName>
      </item>
      <item>
        <bioguideId>C001077</bioguideId>
        <firstName>Mike</firstName>
        <party>R</party>
        <lastName>Coffman</lastName>
        <sponsorshipDate>2017-01-10</sponsorshipDate>
        <middleName />
        <state>CO</state>
        <district>6</district>
        <isOriginalCosponsor>True</isOriginalCosponsor>
        <sponsorshipWithdrawnDate />
        <identifiers>
          <bioguideId>C001077</bioguideId>
          <lisID>1912</lisID>
          <gpoId>7864</gpoId>
        </identifiers>
        <fullName>Rep. Coffman, Mike [R-CO-6]</fullName>
      </item>
      <item>
        <bioguideId>K000378</bioguideId>
        <firstName>Adam</firstName>
        <party>R</party>
        <lastName>Kinzinger</lastName>
        <sponsorshipDate>2017-01-10</sponsorshipDate>
        <middleName />
        <state>IL</state>
        <district>16</district>
        <isOriginalCosponsor>True</isOriginalCosponsor>
        <sponsorshipWithdrawnDate />
        <identifiers>
          <lisID>2014</lisID>
          <gpoId>7931</gpoId>
          <bioguideId>K000378</bioguideId>
        </identifiers>
        <fullName>Rep. Kinzinger, Adam [R-IL-16]</fullName>
      </item>
    </cosponsors>
    <constitutionalAuthorityStatementText />
    <committeeReports />
    <originChamber>House</originChamber>
    <summaries>
      <billSummaries />
    </summaries>
    <subjects>
      <billSubjects>
        <legislativeSubjects />
      </billSubjects>
    </subjects>
    <createDate>2017-01-11T05:09:43Z</createDate>
    <notes />
    <committees>
      <billCommittees>
        <item>
          <systemCode>hsif00</systemCode>
          <name>Energy and Commerce Committee</name>
          <subcommittees />
          <chamber>House</chamber>
          <activities>
            <item>
              <name>Referred to</name>
              <date>2017-01-10T15:03:30Z</date>
            </item>
          </activities>
          <type>Standing</type>
        </item>
        <item>
          <systemCode>hswm00</systemCode>
          <name>Ways and Means Committee</name>
          <subcommittees />
          <chamber>House</chamber>
          <activities>
            <item>
              <name>Referred to</name>
              <date>2017-01-10T15:03:25Z</date>
            </item>
          </activities>
          <type>Standing</type>
        </item>
      </billCommittees>
    </committees>
  </bill>
  <dublinCore xmlns:dc="http://purl.org/dc/elements/1.1/">
    <dc:format>text/xml</dc:format>
    <dc:language>EN</dc:language>
    <dc:rights>Pursuant to Title 17 Section 105 of the United States Code, this file is not subject to copyright protection and is in the public domain.</dc:rights>
    <dc:contributor>Congressional Research Service, Library of Congress</dc:contributor>
    <dc:description>This file contains bill summaries and statuses for federal legislation. A bill summary describes the most significant provisions of a piece of legislation and details the effects the legislative text may have on current law and federal programs. Bill summaries are authored by the Congressional Research Service (CRS) of the Library of Congress. As stated in Public Law 91-510 (2 USC 166 (d)(6)), one of the duties of CRS is "to prepare summaries and digests of bills and resolutions of a public general nature introduced in the Senate or House of Representatives". For more information, refer to the User Guide that accompanies this file.</dc:description>
  </dublinCore>
</billStatus>

