<?xml version="1.0" encoding="UTF-8"?>
<billStatus>
  <bill>
    <notes />
    <title>Military LAND Act</title>
    <committees>
      <billCommittees>
        <item>
          <activities>
            <item>
              <name>Referred to</name>
              <date>2017-01-12T15:04:00Z</date>
            </item>
          </activities>
          <chamber>House</chamber>
          <systemCode>hsii00</systemCode>
          <name>Natural Resources Committee</name>
          <type>Standing</type>
          <subcommittees>
            <item>
              <systemCode>hsii10</systemCode>
              <activities>
                <item>
                  <name>Referred to</name>
                  <date>2017-02-10T16:51:19Z</date>
                </item>
              </activities>
              <name>Federal Lands Subcommittee</name>
            </item>
          </subcommittees>
        </item>
      </billCommittees>
    </committees>
    <committeeReports />
    <cboCostEstimates />
    <congress>115</congress>
    <laws />
    <updateDate>2018-08-28T19:59:36Z</updateDate>
    <relatedBills />
    <version>1.0.0</version>
    <actions>
      <actionTypeCounts>
        <introducedInTheHouse>1</introducedInTheHouse>
        <placeholderTextForH>1</placeholderTextForH>
        <billReferrals>1</billReferrals>
        <introducedInHouse>1</introducedInHouse>
      </actionTypeCounts>
      <item>
        <actionDate>2017-02-10</actionDate>
        <committee>
          <systemCode>hsii10</systemCode>
          <name>Federal Lands Subcommittee</name>
        </committee>
        <links />
        <sourceSystem>
          <name>House committee actions</name>
          <code>1</code>
        </sourceSystem>
        <text>Referred to the Subcommittee on Federal Lands.</text>
        <type>Committee</type>
      </item>
      <item>
        <actionDate>2017-01-12</actionDate>
        <actionCode>H11100</actionCode>
        <committee>
          <systemCode>hsii00</systemCode>
          <name>Natural Resources Committee</name>
        </committee>
        <text>Referred to the House Committee on Natural Resources.</text>
        <links />
        <type>IntroReferral</type>
        <sourceSystem>
          <name>House floor actions</name>
          <code>2</code>
        </sourceSystem>
      </item>
      <item>
        <actionDate>2017-01-12</actionDate>
        <actionCode>Intro-H</actionCode>
        <committee />
        <text>Introduced in House</text>
        <links />
        <type>IntroReferral</type>
        <sourceSystem>
          <name>Library of Congress</name>
          <code>9</code>
        </sourceSystem>
      </item>
      <item>
        <actionDate>2017-01-12</actionDate>
        <actionCode>1000</actionCode>
        <committee />
        <text>Introduced in House</text>
        <links />
        <type>IntroReferral</type>
        <sourceSystem>
          <name>Library of Congress</name>
          <code>9</code>
        </sourceSystem>
      </item>
      <actionByCounts>
        <houseOfRepresentatives>4</houseOfRepresentatives>
      </actionByCounts>
    </actions>
    <sponsors>
      <item>
        <fullName>Rep. Issa, Darrell E. [R-CA-49]</fullName>
        <identifiers>
          <gpoId>7854</gpoId>
          <lisID>1640</lisID>
          <bioguideId>I000056</bioguideId>
        </identifiers>
        <bioguideId>I000056</bioguideId>
        <lastName>ISSA</lastName>
        <firstName>DARRELL</firstName>
        <party>R</party>
        <byRequestType />
        <middleName>E.</middleName>
        <state>CA</state>
        <district>49</district>
      </item>
    </sponsors>
    <billType>HR</billType>
    <constitutionalAuthorityStatementText><![CDATA[<pre>[Congressional Record Volume 163, Number 8 (Thursday, January 12, 2017)]From the Congressional Record Online through the Government Publishing Office [<a href='http://www.gpo.gov'>www.gpo.gov</a>]By Mr.ISSA:H.R. 473.Congress has the power to enact this legislation pursuantto thefollowing:Article 1, Section 8, Clause 1 of the United StatesConstitution which empowers Congress ``To . . . provideforthe common defence [sic] and general Welfare of the UnitedStates;'' Article 1, Section 8, Clauses 11 through 16 whichgiveCongress additional authorities to ensure the nationalsecurity of the United States;Article 1, Section 8, Clause 18, whichempowers Congress to``To make all Laws which shall be necessary and proper forcarrying into Execution the foregoing Powers,and all otherPowers vested by this Constitution in the Government of theUnited States, or in any Department or Officerthereof.''[Page H472]</pre>]]></constitutionalAuthorityStatementText>
    <policyArea>
      <name>Public Lands and Natural Resources</name>
    </policyArea>
    <recordedVotes />
    <billNumber>473</billNumber>
    <titles>
      <item>
        <chamberCode />
        <titleType>Short Titles as Introduced</titleType>
        <chamberName />
        <title>Military LAND Act</title>
        <parentTitleType />
      </item>
      <item>
        <chamberCode />
        <titleType>Short Titles as Introduced</titleType>
        <chamberName />
        <title>Military Land and National Defense Act</title>
        <parentTitleType />
      </item>
      <item>
        <chamberCode />
        <titleType>Official Title as Introduced</titleType>
        <chamberName />
        <title>To amend title 54, United States Code, to provide that if the head of the agency managing Federal property objects to the inclusion of certain property on the National Register or its designation as a National Historic Landmark for reasons of national security, the Federal property shall be neither included nor designated until the objection is withdrawn, and for other purposes.</title>
        <parentTitleType />
      </item>
      <item>
        <chamberCode />
        <titleType>Display Title</titleType>
        <chamberName />
        <title>Military LAND Act</title>
        <parentTitleType />
      </item>
      <item>
        <chamberCode />
        <titleType>(Extracted from GPO) Short Titles as Introduced</titleType>
        <chamberName />
        <title>Military LAND Act</title>
        <parentTitleType />
      </item>
      <item>
        <chamberCode />
        <titleType>(Extracted from GPO) Short Titles as Introduced</titleType>
        <chamberName />
        <title>Military Land and National Defense Act</title>
        <parentTitleType />
      </item>
    </titles>
    <originChamber>House</originChamber>
    <subjects>
      <billSubjects>
        <policyArea>
          <name>Public Lands and Natural Resources</name>
        </policyArea>
        <legislativeSubjects>
          <item>
            <name>Administrative law and regulatory procedures</name>
          </item>
          <item>
            <name>Congressional oversight</name>
          </item>
          <item>
            <name>Department of the Interior</name>
          </item>
          <item>
            <name>Historic sites and heritage areas</name>
          </item>
          <item>
            <name>Land use and conservation</name>
          </item>
          <item>
            <name>Military education and training</name>
          </item>
          <item>
            <name>Military facilities and property</name>
          </item>
          <item>
            <name>Parks, recreation areas, trails</name>
          </item>
        </legislativeSubjects>
      </billSubjects>
    </subjects>
    <cosponsors>
      <item>
        <sponsorshipDate>2017-01-12</sponsorshipDate>
        <party>R</party>
        <fullName>Rep. Coffman, Mike [R-CO-6]</fullName>
        <identifiers>
          <lisID>1912</lisID>
          <bioguideId>C001077</bioguideId>
          <gpoId>7864</gpoId>
        </identifiers>
        <lastName>Coffman</lastName>
        <firstName>Mike</firstName>
        <isOriginalCosponsor>True</isOriginalCosponsor>
        <middleName />
        <sponsorshipWithdrawnDate />
        <state>CO</state>
        <district>6</district>
        <bioguideId>C001077</bioguideId>
      </item>
    </cosponsors>
    <introducedDate>2017-01-12</introducedDate>
    <calendarNumbers />
    <latestAction>
      <actionDate>2017-02-10</actionDate>
      <links />
      <text>Referred to the Subcommittee on Federal Lands.</text>
    </latestAction>
    <amendments />
    <summaries>
      <billSummaries>
        <item>
          <text><![CDATA[<p><b>Military Land and National Defense Act or the Military LAND Act</b></p> <p> This bill requires the Department of the Interior to notify specified congressional committees if a property owned by the federal government is being considered for inclusion on the National Register of Historic Places, for designation as a National Historic Landmark, or for nomination to the World Heritage List. If any federal agency managing any such federal property objects to its inclusion or designation for national security reasons, it shall be neither included nor designated until the objection is withdrawn. </p> <p>The bill requires Interior to allow for expedited removal of federal property from such register at the request of the managing agency for reasons of national security. </p>]]></text>
          <lastSummaryUpdateDate>2017-06-19T19:27:19Z</lastSummaryUpdateDate>
          <actionDesc>Introduced in House</actionDesc>
          <updateDate>2017-01-12T05:00:00Z</updateDate>
          <name>Introduced in House</name>
          <versionCode>00</versionCode>
          <actionDate>2017-01-12</actionDate>
        </item>
      </billSummaries>
    </summaries>
    <createDate>2017-01-13T04:55:31Z</createDate>
  </bill>
  <dublinCore xmlns:dc="http://purl.org/dc/elements/1.1/">
    <dc:format>text/xml</dc:format>
    <dc:language>EN</dc:language>
    <dc:rights>Pursuant to Title 17 Section 105 of the United States Code, this file is not subject to copyright protection and is in the public domain.</dc:rights>
    <dc:contributor>Congressional Research Service, Library of Congress</dc:contributor>
    <dc:description>This file contains bill summaries and statuses for federal legislation. A bill summary describes the most significant provisions of a piece of legislation and details the effects the legislative text may have on current law and federal programs. Bill summaries are authored by the Congressional Research Service (CRS) of the Library of Congress. As stated in Public Law 91-510 (2 USC 166 (d)(6)), one of the duties of CRS is "to prepare summaries and digests of bills and resolutions of a public general nature introduced in the Senate or House of Representatives". For more information, refer to the User Guide that accompanies this file.</dc:description>
  </dublinCore>
</billStatus>

