<?xml version="1.0" encoding="UTF-8"?>
<billStatus>
  <bill>
    <constitutionalAuthorityStatementText><![CDATA[<pre>[Congressional Record Volume 163, Number 13 (Tuesday, January 24, 2017)]From the Congressional Record Online through the Government Publishing Office [<a href='http://www.gpo.gov'>www.gpo.gov</a>]By Mr. CARTWRIGHT:H.R. 627.Congress has the power to enact this legislation pursuantto the following:Article I, Section 8, Clause 3 (relating to the power ofCongress to regulate Commerce with foreign Nations, and amongthe several States, and with the Indian Tribes.)[Page H687]</pre>]]></constitutionalAuthorityStatementText>
    <sponsors>
      <item>
        <middleName />
        <party>D</party>
        <bioguideId>C001090</bioguideId>
        <lastName>Cartwright</lastName>
        <firstName>Matt</firstName>
        <state>PA</state>
        <identifiers>
          <lisID>2159</lisID>
          <gpoId />
          <bioguideId>C001090</bioguideId>
        </identifiers>
        <district>17</district>
        <fullName>Rep. Cartwright, Matt [D-PA-17]</fullName>
        <byRequestType />
      </item>
    </sponsors>
    <version>1.0.0</version>
    <createDate>2017-01-25T04:45:55Z</createDate>
    <committeeReports>
      <committeeReport>
        <citation>H. Rept. 115-171</citation>
      </committeeReport>
    </committeeReports>
    <latestAction>
      <text>Received in the Senate and Read twice and referred to the Committee on Energy and Natural Resources.</text>
      <links />
      <actionDate>2017-06-13</actionDate>
    </latestAction>
    <billNumber>627</billNumber>
    <notes />
    <introducedDate>2017-01-24</introducedDate>
    <committees>
      <billCommittees>
        <item>
          <systemCode>sseg00</systemCode>
          <subcommittees />
          <activities>
            <item>
              <name>Referred to</name>
              <date>2017-06-13T15:47:42Z</date>
            </item>
          </activities>
          <name>Energy and Natural Resources Committee</name>
          <chamber>Senate</chamber>
          <type>Standing</type>
        </item>
        <item>
          <systemCode>hsif00</systemCode>
          <subcommittees />
          <activities>
            <item>
              <name>Reported by</name>
              <date>2017-06-12T19:22:02Z</date>
            </item>
            <item>
              <name>Markup by</name>
              <date>2017-06-07T13:30:26Z</date>
            </item>
            <item>
              <name>Referred to</name>
              <date>2017-01-24T15:03:00Z</date>
            </item>
          </activities>
          <name>Energy and Commerce Committee</name>
          <chamber>House</chamber>
          <type>Standing</type>
        </item>
      </billCommittees>
    </committees>
    <relatedBills />
    <congress>115</congress>
    <subjects>
      <billSubjects>
        <policyArea>
          <name>Energy</name>
        </policyArea>
        <legislativeSubjects>
          <item>
            <name>Alternative and renewable resources</name>
          </item>
          <item>
            <name>Building construction</name>
          </item>
          <item>
            <name>Educational facilities and institutions</name>
          </item>
          <item>
            <name>Elementary and secondary education</name>
          </item>
          <item>
            <name>Energy efficiency and conservation</name>
          </item>
          <item>
            <name>Government information and archives</name>
          </item>
          <item>
            <name>Higher education</name>
          </item>
        </legislativeSubjects>
      </billSubjects>
    </subjects>
    <amendments />
    <originChamber>House</originChamber>
    <cboCostEstimates>
      <item>
        <pubDate>2017-06-15T13:05:17Z</pubDate>
        <title>H.R. 627, Streamlining Energy Efficiency for Schools Act of 2017</title>
        <url>https://www.cbo.gov/publication/52820</url>
      </item>
    </cboCostEstimates>
    <policyArea>
      <name>Energy</name>
    </policyArea>
    <actions>
      <item>
        <actionDate>2017-06-13</actionDate>
        <committee>
          <systemCode>sseg00</systemCode>
          <name>Energy and Natural Resources Committee</name>
        </committee>
        <links />
        <sourceSystem>
          <code>0</code>
          <name>Senate</name>
        </sourceSystem>
        <text>Received in the Senate and Read twice and referred to the Committee on Energy and Natural Resources.</text>
        <type>IntroReferral</type>
      </item>
      <item>
        <actionTime>15:59:12</actionTime>
        <links />
        <text>Motion to reconsider laid on the table Agreed to without objection.</text>
        <committee />
        <actionDate>2017-06-12</actionDate>
        <sourceSystem>
          <code>2</code>
          <name>House floor actions</name>
        </sourceSystem>
        <type>Floor</type>
        <actionCode>H38310</actionCode>
      </item>
      <item>
        <actionTime>15:59:11</actionTime>
        <links>
          <link>
            <url>https://www.congress.gov/congressional-record/volume-163/house-section/page/H4825</url>
            <name>H4825</name>
          </link>
        </links>
        <text>On motion to suspend the rules and pass the bill Agreed to by voice vote. (text: CR H4825)</text>
        <committee />
        <actionDate>2017-06-12</actionDate>
        <sourceSystem>
          <code>2</code>
          <name>House floor actions</name>
        </sourceSystem>
        <type>Floor</type>
        <actionCode>H37300</actionCode>
      </item>
      <item>
        <actionTime>15:59:11</actionTime>
        <links>
          <link>
            <url>https://www.congress.gov/congressional-record/volume-163/house-section/page/H4825</url>
            <name>H4825</name>
          </link>
        </links>
        <text>Passed/agreed to in House: On motion to suspend the rules and pass the bill Agreed to by voice vote.(text: CR H4825)</text>
        <committee />
        <actionDate>2017-06-12</actionDate>
        <sourceSystem>
          <code>9</code>
          <name>Library of Congress</name>
        </sourceSystem>
        <type>Floor</type>
        <actionCode>8000</actionCode>
      </item>
      <item>
        <actionTime>15:51:29</actionTime>
        <links>
          <link>
            <url>https://www.congress.gov/bill/115th-congress/house-bill/627</url>
            <name>H.R. 627</name>
          </link>
        </links>
        <text>DEBATE - The House proceeded with forty minutes of debate on H.R. 627.</text>
        <committee />
        <actionDate>2017-06-12</actionDate>
        <sourceSystem>
          <code>2</code>
          <name>House floor actions</name>
        </sourceSystem>
        <type>Floor</type>
        <actionCode>H8D000</actionCode>
      </item>
      <item>
        <actionTime>15:51:27</actionTime>
        <links>
          <link>
            <url>https://www.congress.gov/congressional-record/volume-163/house-section/page/H4825-4826</url>
            <name>H4825-4826</name>
          </link>
        </links>
        <text>Considered under suspension of the rules. (consideration: CR H4825-4826)</text>
        <committee />
        <actionDate>2017-06-12</actionDate>
        <sourceSystem>
          <code>2</code>
          <name>House floor actions</name>
        </sourceSystem>
        <type>Floor</type>
        <actionCode>H30000</actionCode>
      </item>
      <item>
        <actionTime>15:51:21</actionTime>
        <links />
        <text>Mr. Upton moved to suspend the rules and pass the bill.</text>
        <committee />
        <actionDate>2017-06-12</actionDate>
        <sourceSystem>
          <code>2</code>
          <name>House floor actions</name>
        </sourceSystem>
        <type>Floor</type>
        <actionCode>H30300</actionCode>
      </item>
      <item>
        <actionDate>2017-06-12</actionDate>
        <links />
        <sourceSystem>
          <code>2</code>
          <name>House floor actions</name>
        </sourceSystem>
        <committee />
        <text>Placed on the Union Calendar, Calendar No. 115.</text>
        <type>Calendars</type>
        <actionCode>H12410</actionCode>
      </item>
      <item>
        <actionDate>2017-06-12</actionDate>
        <links>
          <link>
            <url>https://www.congress.gov/congressional-report/115th-congress/house-report/171</url>
            <name>H. Rept. 115-171</name>
          </link>
        </links>
        <sourceSystem>
          <code>2</code>
          <name>House floor actions</name>
        </sourceSystem>
        <committee>
          <systemCode>hsif00</systemCode>
          <name>Energy and Commerce Committee</name>
        </committee>
        <text>Reported by the Committee on Energy and Commerce. H. Rept. 115-171.</text>
        <type>Committee</type>
        <actionCode>H12200</actionCode>
      </item>
      <item>
        <actionDate>2017-06-12</actionDate>
        <links>
          <link>
            <url>https://www.congress.gov/congressional-report/115th-congress/house-report/171</url>
            <name>H. Rept. 115-171</name>
          </link>
        </links>
        <sourceSystem>
          <code>9</code>
          <name>Library of Congress</name>
        </sourceSystem>
        <committee>
          <systemCode>hsif00</systemCode>
          <name>Energy and Commerce Committee</name>
        </committee>
        <text>Reported by the Committee on Energy and Commerce. H. Rept. 115-171.</text>
        <type>Committee</type>
        <actionCode>5000</actionCode>
      </item>
      <item>
        <actionDate>2017-06-07</actionDate>
        <committee>
          <systemCode>hsif00</systemCode>
          <name>Energy and Commerce Committee</name>
        </committee>
        <links />
        <sourceSystem>
          <code>1</code>
          <name>House committee actions</name>
        </sourceSystem>
        <text>Ordered to be Reported by Unanimous Consent.</text>
        <type>Committee</type>
      </item>
      <item>
        <actionDate>2017-06-07</actionDate>
        <committee>
          <systemCode>hsif00</systemCode>
          <name>Energy and Commerce Committee</name>
        </committee>
        <links />
        <sourceSystem>
          <code>1</code>
          <name>House committee actions</name>
        </sourceSystem>
        <text>Committee Consideration and Mark-up Session Held.</text>
        <type>Committee</type>
      </item>
      <item>
        <actionDate>2017-01-24</actionDate>
        <links />
        <sourceSystem>
          <code>2</code>
          <name>House floor actions</name>
        </sourceSystem>
        <committee>
          <systemCode>hsif00</systemCode>
          <name>Energy and Commerce Committee</name>
        </committee>
        <text>Referred to the House Committee on Energy and Commerce.</text>
        <type>IntroReferral</type>
        <actionCode>H11100</actionCode>
      </item>
      <item>
        <actionDate>2017-01-24</actionDate>
        <links />
        <sourceSystem>
          <code>9</code>
          <name>Library of Congress</name>
        </sourceSystem>
        <committee />
        <text>Introduced in House</text>
        <type>IntroReferral</type>
        <actionCode>Intro-H</actionCode>
      </item>
      <item>
        <actionDate>2017-01-24</actionDate>
        <links />
        <sourceSystem>
          <code>9</code>
          <name>Library of Congress</name>
        </sourceSystem>
        <committee />
        <text>Introduced in House</text>
        <type>IntroReferral</type>
        <actionCode>1000</actionCode>
      </item>
      <actionByCounts>
        <senate>1</senate>
        <houseOfRepresentatives>14</houseOfRepresentatives>
      </actionByCounts>
      <actionTypeCounts>
        <motionToReconsiderResults>1</motionToReconsiderResults>
        <finalPassageUnderSuspensionOfTheRulesResults>1</finalPassageUnderSuspensionOfTheRulesResults>
        <unionCalendarAssignment>1</unionCalendarAssignment>
        <introducedInHouse>1</introducedInHouse>
        <introducedInTheHouse>1</introducedInTheHouse>
        <considerationByHouse>1</considerationByHouse>
        <generalDebate>1</generalDebate>
        <passedAgreedToInHouse>1</passedAgreedToInHouse>
        <placeholderTextForH>1</placeholderTextForH>
        <committeeReportOfABill>1</committeeReportOfABill>
        <motionMadeToSuspendTheRules>1</motionMadeToSuspendTheRules>
        <referredToCommittee>1</referredToCommittee>
        <reportedToHouse>1</reportedToHouse>
        <actionStageOverride>1</actionStageOverride>
        <billReferrals>1</billReferrals>
      </actionTypeCounts>
    </actions>
    <recordedVotes />
    <laws />
    <cosponsors>
      <item>
        <district>8</district>
        <firstName>Donald</firstName>
        <identifiers>
          <lisID>2272</lisID>
          <gpoId />
          <bioguideId>B001292</bioguideId>
        </identifiers>
        <isOriginalCosponsor>True</isOriginalCosponsor>
        <bioguideId>B001292</bioguideId>
        <state>VA</state>
        <fullName>Rep. Beyer, Donald S., Jr. [D-VA-8]</fullName>
        <party>D</party>
        <lastName>Beyer</lastName>
        <sponsorshipDate>2017-01-24</sponsorshipDate>
        <middleName>S.</middleName>
        <sponsorshipWithdrawnDate />
      </item>
      <item>
        <district>3</district>
        <firstName>EARL</firstName>
        <identifiers>
          <gpoId>8116</gpoId>
          <lisID>99</lisID>
          <bioguideId>B000574</bioguideId>
        </identifiers>
        <isOriginalCosponsor>True</isOriginalCosponsor>
        <bioguideId>B000574</bioguideId>
        <state>OR</state>
        <fullName>Rep. Blumenauer, Earl [D-OR-3]</fullName>
        <party>D</party>
        <lastName>BLUMENAUER</lastName>
        <sponsorshipDate>2017-01-24</sponsorshipDate>
        <middleName />
        <sponsorshipWithdrawnDate />
      </item>
      <item>
        <district>1</district>
        <firstName>Earl</firstName>
        <identifiers>
          <lisID>2236</lisID>
          <bioguideId>C001103</bioguideId>
          <gpoId />
        </identifiers>
        <isOriginalCosponsor>True</isOriginalCosponsor>
        <bioguideId>C001103</bioguideId>
        <state>GA</state>
        <fullName>Rep. Carter, Earl L. "Buddy" [R-GA-1]</fullName>
        <party>R</party>
        <lastName>Carter</lastName>
        <sponsorshipDate>2017-01-24</sponsorshipDate>
        <middleName>L. "Buddy"</middleName>
        <sponsorshipWithdrawnDate />
      </item>
      <item>
        <district>5</district>
        <firstName>Katherine</firstName>
        <identifiers>
          <lisID>2196</lisID>
          <bioguideId>C001101</bioguideId>
          <gpoId />
        </identifiers>
        <isOriginalCosponsor>True</isOriginalCosponsor>
        <bioguideId>C001101</bioguideId>
        <state>MA</state>
        <fullName>Rep. Clark, Katherine M. [D-MA-5]</fullName>
        <party>D</party>
        <lastName>Clark</lastName>
        <sponsorshipDate>2017-01-24</sponsorshipDate>
        <middleName>M.</middleName>
        <sponsorshipWithdrawnDate />
      </item>
      <item>
        <district>9</district>
        <firstName>Steve</firstName>
        <identifiers>
          <bioguideId>C001068</bioguideId>
          <gpoId>8156</gpoId>
          <lisID>1878</lisID>
        </identifiers>
        <isOriginalCosponsor>True</isOriginalCosponsor>
        <bioguideId>C001068</bioguideId>
        <state>TN</state>
        <fullName>Rep. Cohen, Steve [D-TN-9]</fullName>
        <party>D</party>
        <lastName>Cohen</lastName>
        <sponsorshipDate>2017-01-24</sponsorshipDate>
        <middleName />
        <sponsorshipWithdrawnDate />
      </item>
      <item>
        <district>11</district>
        <firstName>Gerald</firstName>
        <identifiers>
          <bioguideId>C001078</bioguideId>
          <lisID>1959</lisID>
          <gpoId>8202</gpoId>
        </identifiers>
        <isOriginalCosponsor>True</isOriginalCosponsor>
        <bioguideId>C001078</bioguideId>
        <state>VA</state>
        <fullName>Rep. Connolly, Gerald E. [D-VA-11]</fullName>
        <party>D</party>
        <lastName>Connolly</lastName>
        <sponsorshipDate>2017-01-24</sponsorshipDate>
        <middleName>E.</middleName>
        <sponsorshipWithdrawnDate />
      </item>
      <item>
        <district>6</district>
        <firstName>John</firstName>
        <identifiers>
          <bioguideId>D000620</bioguideId>
          <gpoId />
          <lisID>2133</lisID>
        </identifiers>
        <isOriginalCosponsor>True</isOriginalCosponsor>
        <bioguideId>D000620</bioguideId>
        <state>MD</state>
        <fullName>Rep. Delaney, John K. [D-MD-6]</fullName>
        <party>D</party>
        <lastName>Delaney</lastName>
        <sponsorshipDate>2017-01-24</sponsorshipDate>
        <middleName>K.</middleName>
        <sponsorshipWithdrawnDate />
      </item>
      <item>
        <district>11</district>
        <firstName>Mark</firstName>
        <identifiers>
          <gpoId />
          <lisID>2227</lisID>
          <bioguideId>D000623</bioguideId>
        </identifiers>
        <isOriginalCosponsor>True</isOriginalCosponsor>
        <bioguideId>D000623</bioguideId>
        <state>CA</state>
        <fullName>Rep. DeSaulnier, Mark [D-CA-11]</fullName>
        <party>D</party>
        <lastName>DeSaulnier</lastName>
        <sponsorshipDate>2017-01-24</sponsorshipDate>
        <middleName />
        <sponsorshipWithdrawnDate />
      </item>
      <item>
        <district>18</district>
        <firstName>ANNA</firstName>
        <identifiers>
          <lisID>355</lisID>
          <gpoId>7819</gpoId>
          <bioguideId>E000215</bioguideId>
        </identifiers>
        <isOriginalCosponsor>True</isOriginalCosponsor>
        <bioguideId>E000215</bioguideId>
        <state>CA</state>
        <fullName>Rep. Eshoo, Anna G. [D-CA-18]</fullName>
        <party>D</party>
        <lastName>ESHOO</lastName>
        <sponsorshipDate>2017-01-24</sponsorshipDate>
        <middleName>G.</middleName>
        <sponsorshipWithdrawnDate />
      </item>
      <item>
        <district>3</district>
        <firstName>Raul</firstName>
        <identifiers>
          <bioguideId>G000551</bioguideId>
          <gpoId>7804</gpoId>
          <lisID>1708</lisID>
        </identifiers>
        <isOriginalCosponsor>True</isOriginalCosponsor>
        <bioguideId>G000551</bioguideId>
        <state>AZ</state>
        <fullName>Rep. Grijalva, Raul M. [D-AZ-3]</fullName>
        <party>D</party>
        <lastName>Grijalva</lastName>
        <sponsorshipDate>2017-01-24</sponsorshipDate>
        <middleName>M.</middleName>
        <sponsorshipWithdrawnDate />
      </item>
      <item>
        <district>1</district>
        <firstName>Colleen</firstName>
        <identifiers>
          <lisID>2010</lisID>
          <gpoId>7912</gpoId>
          <bioguideId>H001050</bioguideId>
        </identifiers>
        <isOriginalCosponsor>True</isOriginalCosponsor>
        <bioguideId>H001050</bioguideId>
        <state>HI</state>
        <fullName>Rep. Hanabusa, Colleen [D-HI-1]</fullName>
        <party>D</party>
        <lastName>Hanabusa</lastName>
        <sponsorshipDate>2017-01-24</sponsorshipDate>
        <middleName />
        <sponsorshipWithdrawnDate />
      </item>
      <item>
        <district>18</district>
        <firstName>SHEILA</firstName>
        <identifiers>
          <bioguideId>J000032</bioguideId>
          <lisID>588</lisID>
          <gpoId>8174</gpoId>
        </identifiers>
        <isOriginalCosponsor>True</isOriginalCosponsor>
        <bioguideId>J000032</bioguideId>
        <state>TX</state>
        <fullName>Rep. Jackson Lee, Sheila [D-TX-18]</fullName>
        <party>D</party>
        <lastName>JACKSON LEE</lastName>
        <sponsorshipDate>2017-01-24</sponsorshipDate>
        <middleName />
        <sponsorshipWithdrawnDate />
      </item>
      <item>
        <district>30</district>
        <firstName>EDDIE</firstName>
        <identifiers>
          <lisID>599</lisID>
          <gpoId>8186</gpoId>
          <bioguideId>J000126</bioguideId>
        </identifiers>
        <isOriginalCosponsor>True</isOriginalCosponsor>
        <bioguideId>J000126</bioguideId>
        <state>TX</state>
        <fullName>Rep. Johnson, Eddie Bernice [D-TX-30]</fullName>
        <party>D</party>
        <lastName>JOHNSON</lastName>
        <sponsorshipDate>2017-01-24</sponsorshipDate>
        <middleName>BERNICE</middleName>
        <sponsorshipWithdrawnDate />
      </item>
      <item>
        <district>9</district>
        <firstName>MARCY</firstName>
        <identifiers>
          <gpoId>8099</gpoId>
          <lisID>616</lisID>
          <bioguideId>K000009</bioguideId>
        </identifiers>
        <isOriginalCosponsor>True</isOriginalCosponsor>
        <bioguideId>K000009</bioguideId>
        <state>OH</state>
        <fullName>Rep. Kaptur, Marcy [D-OH-9]</fullName>
        <party>D</party>
        <lastName>KAPTUR</lastName>
        <sponsorshipDate>2017-01-24</sponsorshipDate>
        <middleName />
        <sponsorshipWithdrawnDate />
      </item>
      <item>
        <district>9</district>
        <firstName>William</firstName>
        <identifiers>
          <lisID>2025</lisID>
          <gpoId>7975</gpoId>
          <bioguideId>K000375</bioguideId>
        </identifiers>
        <isOriginalCosponsor>True</isOriginalCosponsor>
        <bioguideId>K000375</bioguideId>
        <state>MA</state>
        <fullName>Rep. Keating, William R. [D-MA-9]</fullName>
        <party>D</party>
        <lastName>Keating</lastName>
        <sponsorshipDate>2017-01-24</sponsorshipDate>
        <middleName>R.</middleName>
        <sponsorshipWithdrawnDate />
      </item>
      <item>
        <district>25</district>
        <firstName>Stephen</firstName>
        <identifiers>
          <gpoId />
          <lisID>2228</lisID>
          <bioguideId>K000387</bioguideId>
        </identifiers>
        <isOriginalCosponsor>True</isOriginalCosponsor>
        <bioguideId>K000387</bioguideId>
        <state>CA</state>
        <fullName>Rep. Knight, Stephen [R-CA-25]</fullName>
        <party>R</party>
        <lastName>Knight</lastName>
        <sponsorshipDate>2017-01-24</sponsorshipDate>
        <middleName />
        <sponsorshipWithdrawnDate />
      </item>
      <item>
        <district>7</district>
        <firstName>Leonard</firstName>
        <identifiers>
          <gpoId>8049</gpoId>
          <lisID>1936</lisID>
          <bioguideId>L000567</bioguideId>
        </identifiers>
        <isOriginalCosponsor>True</isOriginalCosponsor>
        <bioguideId>L000567</bioguideId>
        <state>NJ</state>
        <fullName>Rep. Lance, Leonard [R-NJ-7]</fullName>
        <party>R</party>
        <lastName>Lance</lastName>
        <sponsorshipDate>2017-01-24</sponsorshipDate>
        <middleName />
        <sponsorshipWithdrawnDate />
      </item>
      <item>
        <district>13</district>
        <firstName>BARBARA</firstName>
        <identifiers>
          <lisID>1501</lisID>
          <bioguideId>L000551</bioguideId>
          <gpoId>7814</gpoId>
        </identifiers>
        <isOriginalCosponsor>True</isOriginalCosponsor>
        <bioguideId>L000551</bioguideId>
        <state>CA</state>
        <fullName>Rep. Lee, Barbara [D-CA-13]</fullName>
        <party>D</party>
        <lastName>LEE</lastName>
        <sponsorshipDate>2017-01-24</sponsorshipDate>
        <middleName />
        <sponsorshipWithdrawnDate />
      </item>
      <item>
        <district>33</district>
        <firstName>Ted</firstName>
        <identifiers>
          <bioguideId>L000582</bioguideId>
          <gpoId />
          <lisID>2230</lisID>
        </identifiers>
        <isOriginalCosponsor>True</isOriginalCosponsor>
        <bioguideId>L000582</bioguideId>
        <state>CA</state>
        <fullName>Rep. Lieu, Ted [D-CA-33]</fullName>
        <party>D</party>
        <lastName>Lieu</lastName>
        <sponsorshipDate>2017-01-24</sponsorshipDate>
        <middleName />
        <sponsorshipWithdrawnDate />
      </item>
      <item>
        <district>2</district>
        <firstName>David</firstName>
        <identifiers>
          <lisID>1846</lisID>
          <gpoId>7915</gpoId>
          <bioguideId>L000565</bioguideId>
        </identifiers>
        <isOriginalCosponsor>True</isOriginalCosponsor>
        <bioguideId>L000565</bioguideId>
        <state>IA</state>
        <fullName>Rep. Loebsack, David [D-IA-2]</fullName>
        <party>D</party>
        <lastName>Loebsack</lastName>
        <sponsorshipDate>2017-01-24</sponsorshipDate>
        <middleName />
        <sponsorshipWithdrawnDate />
      </item>
      <item>
        <district>47</district>
        <firstName>Alan</firstName>
        <identifiers>
          <lisID>2111</lisID>
          <gpoId />
          <bioguideId>L000579</bioguideId>
        </identifiers>
        <isOriginalCosponsor>True</isOriginalCosponsor>
        <bioguideId>L000579</bioguideId>
        <state>CA</state>
        <fullName>Rep. Lowenthal, Alan S. [D-CA-47]</fullName>
        <party>D</party>
        <lastName>Lowenthal</lastName>
        <sponsorshipDate>2017-01-24</sponsorshipDate>
        <middleName>S.</middleName>
        <sponsorshipWithdrawnDate />
      </item>
      <item>
        <district>6</district>
        <firstName>Doris</firstName>
        <identifiers>
          <lisID>1814</lisID>
          <gpoId>7810</gpoId>
          <bioguideId>M001163</bioguideId>
        </identifiers>
        <isOriginalCosponsor>True</isOriginalCosponsor>
        <bioguideId>M001163</bioguideId>
        <state>CA</state>
        <fullName>Rep. Matsui, Doris O. [D-CA-6]</fullName>
        <party>D</party>
        <lastName>Matsui</lastName>
        <sponsorshipDate>2017-01-24</sponsorshipDate>
        <middleName>O.</middleName>
        <sponsorshipWithdrawnDate />
      </item>
      <item>
        <district>2</district>
        <firstName>Markwayne</firstName>
        <identifiers>
          <gpoId />
          <lisID>2156</lisID>
          <bioguideId>M001190</bioguideId>
        </identifiers>
        <isOriginalCosponsor>True</isOriginalCosponsor>
        <bioguideId>M001190</bioguideId>
        <state>OK</state>
        <fullName>Rep. Mullin, Markwayne [R-OK-2]</fullName>
        <party>R</party>
        <lastName>Mullin</lastName>
        <sponsorshipDate>2017-01-24</sponsorshipDate>
        <middleName />
        <sponsorshipWithdrawnDate />
      </item>
      <item>
        <district>22</district>
        <firstName>Pete</firstName>
        <identifiers>
          <lisID>1955</lisID>
          <bioguideId>O000168</bioguideId>
          <gpoId>8178</gpoId>
        </identifiers>
        <isOriginalCosponsor>True</isOriginalCosponsor>
        <bioguideId>O000168</bioguideId>
        <state>TX</state>
        <fullName>Rep. Olson, Pete [R-TX-22]</fullName>
        <party>R</party>
        <lastName>Olson</lastName>
        <sponsorshipDate>2017-01-24</sponsorshipDate>
        <middleName />
        <sponsorshipWithdrawnDate />
      </item>
      <item>
        <district>52</district>
        <firstName>Scott</firstName>
        <identifiers>
          <bioguideId>P000608</bioguideId>
          <lisID>2113</lisID>
          <gpoId />
        </identifiers>
        <isOriginalCosponsor>True</isOriginalCosponsor>
        <bioguideId>P000608</bioguideId>
        <state>CA</state>
        <fullName>Rep. Peters, Scott H. [D-CA-52]</fullName>
        <party>D</party>
        <lastName>Peters</lastName>
        <sponsorshipDate>2017-01-24</sponsorshipDate>
        <middleName>H.</middleName>
        <sponsorshipWithdrawnDate />
      </item>
      <item>
        <district>1</district>
        <firstName>Chellie</firstName>
        <identifiers>
          <lisID>1927</lisID>
          <gpoId>7984</gpoId>
          <bioguideId>P000597</bioguideId>
        </identifiers>
        <isOriginalCosponsor>True</isOriginalCosponsor>
        <bioguideId>P000597</bioguideId>
        <state>ME</state>
        <fullName>Rep. Pingree, Chellie [D-ME-1]</fullName>
        <party>D</party>
        <lastName>Pingree</lastName>
        <sponsorshipDate>2017-01-24</sponsorshipDate>
        <middleName />
        <sponsorshipWithdrawnDate />
      </item>
      <item>
        <district>2</district>
        <firstName>Mark</firstName>
        <identifiers>
          <lisID>2171</lisID>
          <gpoId />
          <bioguideId>P000607</bioguideId>
        </identifiers>
        <isOriginalCosponsor>True</isOriginalCosponsor>
        <bioguideId>P000607</bioguideId>
        <state>WI</state>
        <fullName>Rep. Pocan, Mark [D-WI-2]</fullName>
        <party>D</party>
        <lastName>Pocan</lastName>
        <sponsorshipDate>2017-01-24</sponsorshipDate>
        <middleName />
        <sponsorshipWithdrawnDate />
      </item>
      <item>
        <district>2</district>
        <firstName>Jared</firstName>
        <identifiers>
          <lisID>1910</lisID>
          <gpoId>7860</gpoId>
          <bioguideId>P000598</bioguideId>
        </identifiers>
        <isOriginalCosponsor>True</isOriginalCosponsor>
        <bioguideId>P000598</bioguideId>
        <state>CO</state>
        <fullName>Rep. Polis, Jared [D-CO-2]</fullName>
        <party>D</party>
        <lastName>Polis</lastName>
        <sponsorshipDate>2017-01-24</sponsorshipDate>
        <middleName />
        <sponsorshipWithdrawnDate />
      </item>
      <item>
        <district>5</district>
        <firstName>Mike</firstName>
        <identifiers>
          <gpoId>7925</gpoId>
          <lisID>1967</lisID>
          <bioguideId>Q000023</bioguideId>
        </identifiers>
        <isOriginalCosponsor>True</isOriginalCosponsor>
        <bioguideId>Q000023</bioguideId>
        <state>IL</state>
        <fullName>Rep. Quigley, Mike [D-IL-5]</fullName>
        <party>D</party>
        <lastName>Quigley</lastName>
        <sponsorshipDate>2017-01-24</sponsorshipDate>
        <middleName />
        <sponsorshipWithdrawnDate />
      </item>
      <item>
        <district>0</district>
        <firstName>Aumua Amata</firstName>
        <identifiers>
          <bioguideId>R000600</bioguideId>
          <lisID>2222</lisID>
          <gpoId />
        </identifiers>
        <isOriginalCosponsor>True</isOriginalCosponsor>
        <bioguideId>R000600</bioguideId>
        <state>AS</state>
        <fullName>Rep. Radewagen, Aumua Amata Coleman [R-AS-At Large]</fullName>
        <party>R</party>
        <lastName>Radewagen</lastName>
        <sponsorshipDate>2017-01-24</sponsorshipDate>
        <middleName>Coleman</middleName>
        <sponsorshipWithdrawnDate />
      </item>
      <item>
        <district>4</district>
        <firstName>Kathleen</firstName>
        <identifiers>
          <bioguideId>R000602</bioguideId>
          <gpoId />
          <lisID>2262</lisID>
        </identifiers>
        <isOriginalCosponsor>True</isOriginalCosponsor>
        <bioguideId>R000602</bioguideId>
        <state>NY</state>
        <fullName>Rep. Rice, Kathleen M. [D-NY-4]</fullName>
        <party>D</party>
        <lastName>Rice</lastName>
        <sponsorshipDate>2017-01-24</sponsorshipDate>
        <middleName>M.</middleName>
        <sponsorshipWithdrawnDate />
      </item>
      <item>
        <district>13</district>
        <firstName>David</firstName>
        <identifiers>
          <lisID>1722</lisID>
          <gpoId>7910</gpoId>
          <bioguideId>S001157</bioguideId>
        </identifiers>
        <isOriginalCosponsor>True</isOriginalCosponsor>
        <bioguideId>S001157</bioguideId>
        <state>GA</state>
        <fullName>Rep. Scott, David [D-GA-13]</fullName>
        <party>D</party>
        <lastName>Scott</lastName>
        <sponsorshipDate>2017-01-24</sponsorshipDate>
        <middleName />
        <sponsorshipWithdrawnDate />
      </item>
      <item>
        <district>3</district>
        <firstName>Robert</firstName>
        <identifiers>
          <gpoId>8194</gpoId>
          <lisID>1037</lisID>
          <bioguideId>S000185</bioguideId>
        </identifiers>
        <isOriginalCosponsor>True</isOriginalCosponsor>
        <bioguideId>S000185</bioguideId>
        <state>VA</state>
        <fullName>Rep. Scott, Robert C. "Bobby" [D-VA-3]</fullName>
        <party>D</party>
        <lastName>Scott</lastName>
        <sponsorshipDate>2017-01-24</sponsorshipDate>
        <middleName>C. "Bobby"</middleName>
        <sponsorshipWithdrawnDate />
      </item>
      <item>
        <district>15</district>
        <firstName>JOSE</firstName>
        <identifiers>
          <bioguideId>S000248</bioguideId>
          <gpoId>8077</gpoId>
          <lisID>1042</lisID>
        </identifiers>
        <isOriginalCosponsor>True</isOriginalCosponsor>
        <bioguideId>S000248</bioguideId>
        <state>NY</state>
        <fullName>Rep. Serrano, Jose E. [D-NY-15]</fullName>
        <party>D</party>
        <lastName>SERRANO</lastName>
        <sponsorshipDate>2017-01-24</sponsorshipDate>
        <middleName>E.</middleName>
        <sponsorshipWithdrawnDate />
      </item>
      <item>
        <district>1</district>
        <firstName>Carol</firstName>
        <identifiers>
          <bioguideId>S001170</bioguideId>
          <lisID>1861</lisID>
          <gpoId>7528</gpoId>
        </identifiers>
        <isOriginalCosponsor>True</isOriginalCosponsor>
        <bioguideId>S001170</bioguideId>
        <state>NH</state>
        <fullName>Rep. Shea-Porter, Carol [D-NH-1]</fullName>
        <party>D</party>
        <lastName>Shea-Porter</lastName>
        <sponsorshipDate>2017-01-24</sponsorshipDate>
        <middleName />
        <sponsorshipWithdrawnDate />
      </item>
      <item>
        <district>14</district>
        <firstName>Jackie</firstName>
        <identifiers>
          <lisID>1890</lisID>
          <gpoId>7817</gpoId>
          <bioguideId>S001175</bioguideId>
        </identifiers>
        <isOriginalCosponsor>True</isOriginalCosponsor>
        <bioguideId>S001175</bioguideId>
        <state>CA</state>
        <fullName>Rep. Speier, Jackie [D-CA-14]</fullName>
        <party>D</party>
        <lastName>Speier</lastName>
        <sponsorshipDate>2017-01-24</sponsorshipDate>
        <middleName />
        <sponsorshipWithdrawnDate />
      </item>
      <item>
        <district>2</district>
        <firstName>Chris</firstName>
        <identifiers>
          <lisID>2168</lisID>
          <bioguideId>S001192</bioguideId>
          <gpoId />
        </identifiers>
        <isOriginalCosponsor>True</isOriginalCosponsor>
        <bioguideId>S001192</bioguideId>
        <state>UT</state>
        <fullName>Rep. Stewart, Chris [R-UT-2]</fullName>
        <party>R</party>
        <lastName>Stewart</lastName>
        <sponsorshipDate>2017-01-24</sponsorshipDate>
        <middleName />
        <sponsorshipWithdrawnDate />
      </item>
      <item>
        <district>20</district>
        <firstName>Paul</firstName>
        <identifiers>
          <lisID>1942</lisID>
          <bioguideId>T000469</bioguideId>
          <gpoId>8082</gpoId>
        </identifiers>
        <isOriginalCosponsor>True</isOriginalCosponsor>
        <bioguideId>T000469</bioguideId>
        <state>NY</state>
        <fullName>Rep. Tonko, Paul [D-NY-20]</fullName>
        <party>D</party>
        <lastName>Tonko</lastName>
        <sponsorshipDate>2017-01-24</sponsorshipDate>
        <middleName />
        <sponsorshipWithdrawnDate />
      </item>
      <item>
        <district>3</district>
        <firstName>Niki</firstName>
        <identifiers>
          <bioguideId>T000465</bioguideId>
          <lisID>1884</lisID>
          <gpoId>7970</gpoId>
        </identifiers>
        <isOriginalCosponsor>True</isOriginalCosponsor>
        <bioguideId>T000465</bioguideId>
        <state>MA</state>
        <fullName>Rep. Tsongas, Niki [D-MA-3]</fullName>
        <party>D</party>
        <lastName>Tsongas</lastName>
        <sponsorshipDate>2017-01-24</sponsorshipDate>
        <middleName />
        <sponsorshipWithdrawnDate />
      </item>
      <item>
        <district>0</district>
        <firstName>Peter</firstName>
        <identifiers>
          <gpoId>8204</gpoId>
          <lisID>1879</lisID>
          <bioguideId>W000800</bioguideId>
        </identifiers>
        <isOriginalCosponsor>True</isOriginalCosponsor>
        <bioguideId>W000800</bioguideId>
        <state>VT</state>
        <fullName>Rep. Welch, Peter [D-VT-At Large]</fullName>
        <party>D</party>
        <lastName>Welch</lastName>
        <sponsorshipDate>2017-01-24</sponsorshipDate>
        <middleName />
        <sponsorshipWithdrawnDate />
      </item>
      <item>
        <district>0</district>
        <firstName>ELEANOR</firstName>
        <identifiers>
          <lisID>868</lisID>
          <gpoId>7871</gpoId>
          <bioguideId>N000147</bioguideId>
        </identifiers>
        <isOriginalCosponsor>True</isOriginalCosponsor>
        <bioguideId>N000147</bioguideId>
        <state>DC</state>
        <fullName>Rep. Norton, Eleanor Holmes [D-DC-At Large]</fullName>
        <party>D</party>
        <lastName>NORTON</lastName>
        <sponsorshipDate>2017-01-24</sponsorshipDate>
        <middleName>HOLMES</middleName>
        <sponsorshipWithdrawnDate />
      </item>
      <item>
        <district>9</district>
        <firstName>JANICE</firstName>
        <identifiers>
          <lisID>1588</lisID>
          <bioguideId>S001145</bioguideId>
          <gpoId>7929</gpoId>
        </identifiers>
        <isOriginalCosponsor>True</isOriginalCosponsor>
        <bioguideId>S001145</bioguideId>
        <state>IL</state>
        <fullName>Rep. Schakowsky, Janice D. [D-IL-9]</fullName>
        <party>D</party>
        <lastName>SCHAKOWSKY</lastName>
        <sponsorshipDate>2017-01-24</sponsorshipDate>
        <middleName>D.</middleName>
        <sponsorshipWithdrawnDate />
      </item>
      <item>
        <district>28</district>
        <firstName>ADAM</firstName>
        <identifiers>
          <bioguideId>S001150</bioguideId>
          <lisID>1635</lisID>
          <gpoId>7834</gpoId>
        </identifiers>
        <isOriginalCosponsor>True</isOriginalCosponsor>
        <bioguideId>S001150</bioguideId>
        <state>CA</state>
        <fullName>Rep. Schiff, Adam B. [D-CA-28]</fullName>
        <party>D</party>
        <lastName>SCHIFF</lastName>
        <sponsorshipDate>2017-01-24</sponsorshipDate>
        <middleName>B.</middleName>
        <sponsorshipWithdrawnDate />
      </item>
      <item>
        <district>25</district>
        <firstName>LOUISE</firstName>
        <identifiers>
          <lisID>1069</lisID>
          <gpoId>8089</gpoId>
          <bioguideId>S000480</bioguideId>
        </identifiers>
        <isOriginalCosponsor>True</isOriginalCosponsor>
        <bioguideId>S000480</bioguideId>
        <state>NY</state>
        <fullName>Rep. Slaughter, Louise McIntosh [D-NY-25]</fullName>
        <party>D</party>
        <lastName>SLAUGHTER</lastName>
        <sponsorshipDate>2017-01-24</sponsorshipDate>
        <middleName>M.</middleName>
        <sponsorshipWithdrawnDate />
      </item>
      <item>
        <district>3</district>
        <firstName>John</firstName>
        <identifiers>
          <gpoId>7815</gpoId>
          <lisID>1973</lisID>
          <bioguideId>G000559</bioguideId>
        </identifiers>
        <isOriginalCosponsor>False</isOriginalCosponsor>
        <bioguideId>G000559</bioguideId>
        <state>CA</state>
        <fullName>Rep. Garamendi, John [D-CA-3]</fullName>
        <party>D</party>
        <lastName>Garamendi</lastName>
        <sponsorshipDate>2017-02-03</sponsorshipDate>
        <middleName />
        <sponsorshipWithdrawnDate />
      </item>
      <item>
        <district>1</district>
        <firstName>David</firstName>
        <identifiers>
          <bioguideId>M001180</bioguideId>
          <lisID>2074</lisID>
          <gpoId>8222</gpoId>
        </identifiers>
        <isOriginalCosponsor>False</isOriginalCosponsor>
        <bioguideId>M001180</bioguideId>
        <state>WV</state>
        <fullName>Rep. McKinley, David B. [R-WV-1]</fullName>
        <party>R</party>
        <lastName>McKinley</lastName>
        <sponsorshipDate>2017-02-03</sponsorshipDate>
        <middleName>B.</middleName>
        <sponsorshipWithdrawnDate />
      </item>
      <item>
        <district>34</district>
        <firstName>Filemon</firstName>
        <identifiers>
          <bioguideId>V000132</bioguideId>
          <gpoId />
          <lisID>2167</lisID>
        </identifiers>
        <isOriginalCosponsor>False</isOriginalCosponsor>
        <bioguideId>V000132</bioguideId>
        <state>TX</state>
        <fullName>Rep. Vela, Filemon [D-TX-34]</fullName>
        <party>D</party>
        <lastName>Vela</lastName>
        <sponsorshipDate>2017-02-03</sponsorshipDate>
        <middleName />
        <sponsorshipWithdrawnDate />
      </item>
      <item>
        <district>2</district>
        <firstName>Ann</firstName>
        <identifiers>
          <lisID>2145</lisID>
          <bioguideId>K000382</bioguideId>
          <gpoId />
        </identifiers>
        <isOriginalCosponsor>False</isOriginalCosponsor>
        <bioguideId>K000382</bioguideId>
        <state>NH</state>
        <fullName>Rep. Kuster, Ann M. [D-NH-2]</fullName>
        <party>D</party>
        <lastName>Kuster</lastName>
        <sponsorshipDate>2017-02-21</sponsorshipDate>
        <middleName>M.</middleName>
        <sponsorshipWithdrawnDate />
      </item>
      <item>
        <district>12</district>
        <firstName>CAROLYN</firstName>
        <identifiers>
          <bioguideId>M000087</bioguideId>
          <lisID>729</lisID>
          <gpoId>8075</gpoId>
        </identifiers>
        <isOriginalCosponsor>False</isOriginalCosponsor>
        <bioguideId>M000087</bioguideId>
        <state>NY</state>
        <fullName>Rep. Maloney, Carolyn B. [D-NY-12]</fullName>
        <party>D</party>
        <lastName>MALONEY</lastName>
        <sponsorshipDate>2017-03-02</sponsorshipDate>
        <middleName>B.</middleName>
        <sponsorshipWithdrawnDate />
      </item>
      <item>
        <district>6</district>
        <firstName>Luke</firstName>
        <identifiers>
          <lisID>2130</lisID>
          <bioguideId>M001189</bioguideId>
          <gpoId />
        </identifiers>
        <isOriginalCosponsor>False</isOriginalCosponsor>
        <bioguideId>M001189</bioguideId>
        <state>IN</state>
        <fullName>Rep. Messer, Luke [R-IN-6]</fullName>
        <party>R</party>
        <lastName>Messer</lastName>
        <sponsorshipDate>2017-06-12</sponsorshipDate>
        <middleName />
        <sponsorshipWithdrawnDate />
      </item>
    </cosponsors>
    <titles>
      <item>
        <chamberName>House</chamberName>
        <chamberCode>H</chamberCode>
        <titleType>Short Titles as Passed House</titleType>
        <title>Streamlining Energy Efficiency for Schools Act of 2017</title>
        <parentTitleType>Short Titles House of Representatives</parentTitleType>
      </item>
      <item>
        <chamberName>House</chamberName>
        <chamberCode>H</chamberCode>
        <titleType>Short Titles as Reported to House</titleType>
        <title>Streamlining Energy Efficiency for Schools Act of 2017</title>
        <parentTitleType>Short Titles House of Representatives</parentTitleType>
      </item>
      <item>
        <chamberName />
        <chamberCode />
        <titleType>Short Titles as Introduced</titleType>
        <title>Streamlining Energy Efficiency for Schools Act of 2017</title>
        <parentTitleType />
      </item>
      <item>
        <chamberName />
        <chamberCode />
        <titleType>Official Title as Introduced</titleType>
        <title>To amend the Energy Policy and Conservation Act to provide for the dissemination of information regarding available Federal programs relating to energy efficiency projects for schools, and for other purposes.</title>
        <parentTitleType />
      </item>
      <item>
        <chamberName />
        <chamberCode />
        <titleType>Display Title</titleType>
        <title>Streamlining Energy Efficiency for Schools Act of 2017</title>
        <parentTitleType />
      </item>
      <item>
        <chamberName>House</chamberName>
        <chamberCode>H</chamberCode>
        <titleType>(Extracted from GPO) Short Titles as Reported to House</titleType>
        <title>Streamlining Energy Efficiency for Schools Act of 2017</title>
        <parentTitleType />
      </item>
      <item>
        <chamberName>House</chamberName>
        <chamberCode>H</chamberCode>
        <titleType>(Extracted from GPO) Short Titles as Passed House</titleType>
        <title>Streamlining Energy Efficiency for Schools Act of 2017</title>
        <parentTitleType />
      </item>
      <item>
        <chamberName />
        <chamberCode />
        <titleType>(Extracted from GPO) Short Titles as Introduced</titleType>
        <title>Streamlining Energy Efficiency for Schools Act of 2017</title>
        <parentTitleType />
      </item>
    </titles>
    <updateDate>2018-08-28T20:00:16Z</updateDate>
    <calendarNumbers>
      <item>
        <number />
        <calendar>U00115</calendar>
      </item>
    </calendarNumbers>
    <billType>HR</billType>
    <summaries>
      <billSummaries>
        <item>
          <name>Introduced in House</name>
          <actionDesc>Introduced in House</actionDesc>
          <actionDate>2017-01-24</actionDate>
          <lastSummaryUpdateDate>2017-02-03T22:42:50Z</lastSummaryUpdateDate>
          <versionCode>00</versionCode>
          <updateDate>2017-01-24T05:00:00Z</updateDate>
          <text><![CDATA[<p><b>Streamlining Energy Efficiency for Schools Act of 2017</b></p> <p>This bill amends the Energy Policy and Conservation Act by directing the Department of Energy's Office of Energy and Renewable Energy to establish a clearinghouse for disseminating information regarding available programs and financing mechanisms that may be used to help initiate, develop, and finance energy efficiency, distributed generation, and energy retrofitting projects for schools. </p> <p>The office must: (1) consult with appropriate agencies to develop a list of programs and financing mechanisms that are, or may be, used for the projects; and (2) coordinate with appropriate agencies to develop a collaborative education and outreach effort to streamline communications and promote the programs and financing mechanisms.</p>]]></text>
        </item>
        <item>
          <name>Passed House without amendment</name>
          <actionDesc>Passed House without amendment</actionDesc>
          <actionDate>2017-06-12</actionDate>
          <lastSummaryUpdateDate>2017-07-10T21:24:22Z</lastSummaryUpdateDate>
          <versionCode>81</versionCode>
          <updateDate>2017-06-12T15:24:26Z</updateDate>
          <text><![CDATA[<p>(This measure has not been amended since it was introduced. The summary has been expanded because action occurred on the measure.)</p> <p>(Sec. 2) This bill amends the Energy Policy and Conservation Act by directing the Department of Energy's Office of Energy and Renewable Energy to establish a clearinghouse for disseminating information regarding available programs and financing mechanisms that may be used to help initiate, develop, and finance energy efficiency, distributed generation, and energy retrofitting projects for schools. </p> <p>The office must: (1) consult with appropriate agencies to develop a list of programs and financing mechanisms that are, or may be, used for the projects; and (2) coordinate with appropriate agencies to develop a collaborative education and outreach effort to streamline communications and promote the programs and financing mechanisms.</p>]]></text>
        </item>
      </billSummaries>
    </summaries>
    <title>Streamlining Energy Efficiency for Schools Act of 2017</title>
  </bill>
  <dublinCore xmlns:dc="http://purl.org/dc/elements/1.1/">
    <dc:format>text/xml</dc:format>
    <dc:language>EN</dc:language>
    <dc:rights>Pursuant to Title 17 Section 105 of the United States Code, this file is not subject to copyright protection and is in the public domain.</dc:rights>
    <dc:contributor>Congressional Research Service, Library of Congress</dc:contributor>
    <dc:description>This file contains bill summaries and statuses for federal legislation. A bill summary describes the most significant provisions of a piece of legislation and details the effects the legislative text may have on current law and federal programs. Bill summaries are authored by the Congressional Research Service (CRS) of the Library of Congress. As stated in Public Law 91-510 (2 USC 166 (d)(6)), one of the duties of CRS is "to prepare summaries and digests of bills and resolutions of a public general nature introduced in the Senate or House of Representatives". For more information, refer to the User Guide that accompanies this file.</dc:description>
  </dublinCore>
</billStatus>

