<?xml version="1.0" encoding="UTF-8"?>
<billStatus>
  <bill>
    <recordedVotes />
    <latestAction>
      <text>Referred to the House Committee on the Judiciary.</text>
      <actionDate>2017-01-03</actionDate>
      <links />
    </latestAction>
    <summaries>
      <billSummaries />
    </summaries>
    <sponsors>
      <item>
        <party>D</party>
        <identifiers>
          <bioguideId>C000714</bioguideId>
          <gpoId>7999</gpoId>
          <lisID>229</lisID>
        </identifiers>
        <bioguideId>C000714</bioguideId>
        <lastName>CONYERS</lastName>
        <fullName>Rep. Conyers, John, Jr. [D-MI-13]</fullName>
        <district>13</district>
        <middleName />
        <state>MI</state>
        <byRequestType />
        <firstName>JOHN</firstName>
      </item>
    </sponsors>
    <laws />
    <originChamber>House</originChamber>
    <cboCostEstimates />
    <notes />
    <title>Bankruptcy Judgeship Act of 2017</title>
    <relatedBills />
    <congress>115</congress>
    <titles>
      <item>
        <chamberCode />
        <titleType>Short Titles as Introduced</titleType>
        <title>Bankruptcy Judgeship Act of 2017</title>
        <chamberName />
        <parentTitleType />
      </item>
      <item>
        <chamberCode />
        <titleType>Official Title as Introduced</titleType>
        <title>To amend title 28 of the United States Code to authorize the appointment of additional bankruptcy judges; and for other purposes.</title>
        <chamberName />
        <parentTitleType />
      </item>
      <item>
        <chamberCode />
        <titleType>Display Title</titleType>
        <title>Bankruptcy Judgeship Act of 2017</title>
        <chamberName />
        <parentTitleType />
      </item>
    </titles>
    <introducedDate>2017-01-03</introducedDate>
    <committeeReports />
    <billType>HR</billType>
    <policyArea>
      <name>Law</name>
    </policyArea>
    <amendments />
    <committees>
      <billCommittees>
        <item>
          <type>Standing</type>
          <name>Judiciary Committee</name>
          <chamber>House</chamber>
          <subcommittees />
          <activities>
            <item>
              <name>Referred to</name>
              <date>2017-01-03T17:19:20Z</date>
            </item>
          </activities>
          <systemCode>hsju00</systemCode>
        </item>
      </billCommittees>
    </committees>
    <actions>
      <actionTypeCounts>
        <billReferrals>1</billReferrals>
        <introducedInTheHouse>1</introducedInTheHouse>
        <introducedInHouse>1</introducedInHouse>
      </actionTypeCounts>
      <actionByCounts>
        <houseOfRepresentatives>3</houseOfRepresentatives>
      </actionByCounts>
      <item>
        <actionDate>2017-01-03</actionDate>
        <text>Referred to the House Committee on the Judiciary.</text>
        <sourceSystem>
          <name>House floor actions</name>
          <code>2</code>
        </sourceSystem>
        <committee>
          <systemCode>hsju00</systemCode>
          <name>Judiciary Committee</name>
        </committee>
        <links />
        <actionCode>H11100</actionCode>
        <type>IntroReferral</type>
      </item>
      <item>
        <actionDate>2017-01-03</actionDate>
        <text>Introduced in House</text>
        <sourceSystem>
          <name>Library of Congress</name>
          <code>9</code>
        </sourceSystem>
        <committee />
        <links />
        <actionCode>Intro-H</actionCode>
        <type>IntroReferral</type>
      </item>
      <item>
        <actionDate>2017-01-03</actionDate>
        <text>Introduced in House</text>
        <sourceSystem>
          <name>Library of Congress</name>
          <code>9</code>
        </sourceSystem>
        <committee />
        <links />
        <actionCode>1000</actionCode>
        <type>IntroReferral</type>
      </item>
    </actions>
    <calendarNumbers />
    <updateDate>2017-01-18T16:01:26Z</updateDate>
    <billNumber>136</billNumber>
    <cosponsors>
      <item>
        <firstName>JERROLD</firstName>
        <district>10</district>
        <middleName />
        <state>NY</state>
        <bioguideId>N000002</bioguideId>
        <identifiers>
          <bioguideId>N000002</bioguideId>
          <gpoId>8069</gpoId>
          <lisID>850</lisID>
        </identifiers>
        <lastName>NADLER</lastName>
        <party>D</party>
        <fullName>Rep. Nadler, Jerrold [D-NY-10]</fullName>
        <isOriginalCosponsor>True</isOriginalCosponsor>
        <sponsorshipDate>2017-01-03</sponsorshipDate>
        <sponsorshipWithdrawnDate />
      </item>
      <item>
        <firstName>Henry</firstName>
        <district>4</district>
        <middleName>C. "Hank"</middleName>
        <state>GA</state>
        <bioguideId>J000288</bioguideId>
        <identifiers>
          <bioguideId>J000288</bioguideId>
          <lisID>1843</lisID>
          <gpoId>7901</gpoId>
        </identifiers>
        <lastName>Johnson</lastName>
        <party>D</party>
        <fullName>Rep. Johnson, Henry C. "Hank," Jr. [D-GA-4]</fullName>
        <isOriginalCosponsor>True</isOriginalCosponsor>
        <sponsorshipDate>2017-01-03</sponsorshipDate>
        <sponsorshipWithdrawnDate />
      </item>
    </cosponsors>
    <createDate>2017-01-04T07:01:11Z</createDate>
    <subjects>
      <billSubjects>
        <policyArea>
          <name>Law</name>
        </policyArea>
        <legislativeSubjects>
          <item>
            <name>Bankruptcy</name>
          </item>
          <item>
            <name>Caribbean area</name>
          </item>
          <item>
            <name>Delaware</name>
          </item>
          <item>
            <name>Florida</name>
          </item>
          <item>
            <name>Judges</name>
          </item>
          <item>
            <name>Maryland</name>
          </item>
          <item>
            <name>Michigan</name>
          </item>
          <item>
            <name>Nevada</name>
          </item>
          <item>
            <name>North Carolina</name>
          </item>
          <item>
            <name>Puerto Rico</name>
          </item>
          <item>
            <name>Tennessee</name>
          </item>
          <item>
            <name>U.S. territories and protectorates</name>
          </item>
          <item>
            <name>Virginia</name>
          </item>
        </legislativeSubjects>
      </billSubjects>
    </subjects>
    <constitutionalAuthorityStatementText />
  </bill>
  <dublinCore xmlns:dc="http://purl.org/dc/elements/1.1/">
    <dc:format>text/xml</dc:format>
    <dc:language>EN</dc:language>
    <dc:rights>Pursuant to Title 17 Section 105 of the United States Code, this file is not subject to copyright protection and is in the public domain.</dc:rights>
    <dc:contributor>Congressional Research Service, Library of Congress</dc:contributor>
    <dc:description>This file contains bill summaries and statuses for federal legislation. A bill summary describes the most significant provisions of a piece of legislation and details the effects the legislative text may have on current law and federal programs. Bill summaries are authored by the Congressional Research Service (CRS) of the Library of Congress. As stated in Public Law 91-510 (2 USC 166 (d)(6)), one of the duties of CRS is "to prepare summaries and digests of bills and resolutions of a public general nature introduced in the Senate or House of Representatives". For more information, refer to the User Guide that accompanies this file.</dc:description>
  </dublinCore>
</billStatus>

