<?xml version="1.0" encoding="UTF-8"?>
<billStatus>
  <bill>
    <recordedVotes />
    <latestAction>
      <text>Referred to the Subcommittee on Immigration and Border Security.</text>
      <actionDate>2017-01-12</actionDate>
      <links />
    </latestAction>
    <summaries>
      <billSummaries>
        <item>
          <text><![CDATA[<p><strong>Resettlement Accountability National Security Prioritization Act of 2017</strong></p> <p>This bill prohibits the admission of covered aliens into the United States for four years unless Congress passes a joint resolution giving the Department of Homeland Security authority to admit them. No covered alien may be admitted into the United States after such four-year period.</p> <p> "Covered alien" means an alien applying for refugee admission to the United States who: (1) is a national of Afghanistan, Iraq, Libya, Somalia, Syria, or Yemen; or (2) has no nationality and whose last habitual residence was in Afghanistan, Iraq, Libya, Somalia, Syria, or Yemen. </p> <p>The Government Accountability Office shall report on: (1) the national security impact of refugee admissions; and (2) specified costs of providing refugees with benefits under Medicare, Medicaid, disability insurance under title II of the Social Security Act, the supplemental nutrition assistance program (SNAP, formerly the food stamp program), and section 8 rental assistance.</p>]]></text>
          <updateDate>2017-01-03T05:00:00Z</updateDate>
          <actionDate>2017-01-03</actionDate>
          <versionCode>00</versionCode>
          <actionDesc>Introduced in House</actionDesc>
          <lastSummaryUpdateDate>2017-01-12T16:29:43Z</lastSummaryUpdateDate>
          <name>Introduced in House</name>
        </item>
      </billSummaries>
    </summaries>
    <sponsors>
      <item>
        <party>R</party>
        <identifiers>
          <bioguideId>B001291</bioguideId>
          <lisID>2270</lisID>
          <gpoId />
        </identifiers>
        <bioguideId>B001291</bioguideId>
        <lastName>Babin</lastName>
        <fullName>Rep. Babin, Brian [R-TX-36]</fullName>
        <district>36</district>
        <middleName />
        <state>TX</state>
        <byRequestType />
        <firstName>Brian</firstName>
      </item>
    </sponsors>
    <laws />
    <originChamber>House</originChamber>
    <cboCostEstimates />
    <notes />
    <title>Resettlement Accountability National Security Prioritization Act of 2017</title>
    <relatedBills>
      <item>
        <number>80</number>
        <relationshipDetails>
          <item>
            <type>Related bill</type>
            <identifiedBy>CRS</identifiedBy>
          </item>
        </relationshipDetails>
        <latestAction>
          <actionDate>2017-01-12</actionDate>
          <text>Referred to the Subcommittee on Immigration and Border Security.</text>
        </latestAction>
        <latestTitle>Resettlement Accountability National Security Act of 2017</latestTitle>
        <type>HR</type>
        <congress>115</congress>
      </item>
    </relatedBills>
    <congress>115</congress>
    <titles>
      <item>
        <titleType>Short Titles as Introduced</titleType>
        <parentTitleType />
        <title>Resettlement Accountability National Security Prioritization Act of 2017</title>
        <chamberCode />
        <chamberName />
      </item>
      <item>
        <titleType>Official Title as Introduced</titleType>
        <parentTitleType />
        <title>To suspend, and subsequently terminate, the admission of certain refugees, to examine the impact on the national security of the United States of admitting refugees, to examine the costs of providing benefits to such individuals, and for other purposes.</title>
        <chamberCode />
        <chamberName />
      </item>
      <item>
        <titleType>Display Title</titleType>
        <parentTitleType />
        <title>Resettlement Accountability National Security Prioritization Act of 2017</title>
        <chamberCode />
        <chamberName />
      </item>
    </titles>
    <introducedDate>2017-01-03</introducedDate>
    <committeeReports />
    <billType>HR</billType>
    <policyArea>
      <name>Immigration</name>
    </policyArea>
    <amendments />
    <committees>
      <billCommittees>
        <item>
          <chamber>House</chamber>
          <activities>
            <item>
              <name>Referred to</name>
              <date>2017-01-03T17:17:10Z</date>
            </item>
          </activities>
          <subcommittees>
            <item>
              <activities>
                <item>
                  <name>Referred to</name>
                  <date>2017-01-12T16:00:08Z</date>
                </item>
              </activities>
              <name>Immigration and Border Security Subcommittee</name>
              <systemCode>hsju01</systemCode>
            </item>
          </subcommittees>
          <name>Judiciary Committee</name>
          <type>Standing</type>
          <systemCode>hsju00</systemCode>
        </item>
      </billCommittees>
    </committees>
    <actions>
      <actionByCounts>
        <houseOfRepresentatives>4</houseOfRepresentatives>
      </actionByCounts>
      <item>
        <actionDate>2017-01-12</actionDate>
        <committee>
          <systemCode>hsju01</systemCode>
          <name>Immigration and Border Security Subcommittee</name>
        </committee>
        <links />
        <sourceSystem>
          <code>1</code>
          <name>House committee actions</name>
        </sourceSystem>
        <text>Referred to the Subcommittee on Immigration and Border Security.</text>
        <type>Committee</type>
      </item>
      <item>
        <text>Referred to the House Committee on the Judiciary.</text>
        <links />
        <sourceSystem>
          <code>2</code>
          <name>House floor actions</name>
        </sourceSystem>
        <actionCode>H11100</actionCode>
        <type>IntroReferral</type>
        <actionDate>2017-01-03</actionDate>
        <committee>
          <systemCode>hsju00</systemCode>
          <name>Judiciary Committee</name>
        </committee>
      </item>
      <item>
        <text>Introduced in House</text>
        <links />
        <sourceSystem>
          <code>9</code>
          <name>Library of Congress</name>
        </sourceSystem>
        <actionCode>Intro-H</actionCode>
        <type>IntroReferral</type>
        <actionDate>2017-01-03</actionDate>
        <committee />
      </item>
      <item>
        <text>Introduced in House</text>
        <links />
        <sourceSystem>
          <code>9</code>
          <name>Library of Congress</name>
        </sourceSystem>
        <actionCode>1000</actionCode>
        <type>IntroReferral</type>
        <actionDate>2017-01-03</actionDate>
        <committee />
      </item>
      <actionTypeCounts>
        <introducedInHouse>1</introducedInHouse>
        <billReferrals>1</billReferrals>
        <placeholderTextForH>1</placeholderTextForH>
        <introducedInTheHouse>1</introducedInTheHouse>
      </actionTypeCounts>
    </actions>
    <calendarNumbers />
    <updateDate>2017-01-17T19:31:18Z</updateDate>
    <billNumber>81</billNumber>
    <cosponsors>
      <item>
        <identifiers>
          <lisID>2307</lisID>
          <bioguideId>B001302</bioguideId>
          <gpoId />
        </identifiers>
        <sponsorshipWithdrawnDate />
        <party>R</party>
        <fullName>Rep. Biggs, Andy [R-AZ-5]</fullName>
        <bioguideId>B001302</bioguideId>
        <state>AZ</state>
        <firstName>Andy</firstName>
        <lastName>Biggs</lastName>
        <sponsorshipDate>2017-01-09</sponsorshipDate>
        <middleName />
        <isOriginalCosponsor>False</isOriginalCosponsor>
        <district>5</district>
      </item>
      <item>
        <identifiers>
          <gpoId />
          <lisID>2353</lisID>
          <bioguideId>G000580</bioguideId>
        </identifiers>
        <sponsorshipWithdrawnDate />
        <party>R</party>
        <fullName>Rep. Garrett, Thomas A., Jr. [R-VA-5]</fullName>
        <bioguideId>G000580</bioguideId>
        <state>VA</state>
        <firstName>Thomas</firstName>
        <lastName>Garrett</lastName>
        <sponsorshipDate>2017-01-11</sponsorshipDate>
        <middleName>A.</middleName>
        <isOriginalCosponsor>False</isOriginalCosponsor>
        <district>5</district>
      </item>
    </cosponsors>
    <createDate>2017-01-04T07:01:10Z</createDate>
    <subjects>
      <billSubjects>
        <legislativeSubjects>
          <item>
            <name>Afghanistan</name>
          </item>
          <item>
            <name>Africa</name>
          </item>
          <item>
            <name>Asia</name>
          </item>
          <item>
            <name>Congressional oversight</name>
          </item>
          <item>
            <name>Disability assistance</name>
          </item>
          <item>
            <name>Employment taxes</name>
          </item>
          <item>
            <name>Food assistance and relief</name>
          </item>
          <item>
            <name>Government studies and investigations</name>
          </item>
          <item>
            <name>Housing and community development funding</name>
          </item>
          <item>
            <name>Immigrant health and welfare</name>
          </item>
          <item>
            <name>Immigration status and procedures</name>
          </item>
          <item>
            <name>Iraq</name>
          </item>
          <item>
            <name>Libya</name>
          </item>
          <item>
            <name>Low- and moderate-income housing</name>
          </item>
          <item>
            <name>Medicaid</name>
          </item>
          <item>
            <name>Medicare</name>
          </item>
          <item>
            <name>Middle East</name>
          </item>
          <item>
            <name>Refugees, asylum, displaced persons</name>
          </item>
          <item>
            <name>Somalia</name>
          </item>
          <item>
            <name>Syria</name>
          </item>
          <item>
            <name>Tax administration and collection, taxpayers</name>
          </item>
          <item>
            <name>Yemen</name>
          </item>
        </legislativeSubjects>
        <policyArea>
          <name>Immigration</name>
        </policyArea>
      </billSubjects>
    </subjects>
    <constitutionalAuthorityStatementText />
  </bill>
  <dublinCore xmlns:dc="http://purl.org/dc/elements/1.1/">
    <dc:format>text/xml</dc:format>
    <dc:language>EN</dc:language>
    <dc:rights>Pursuant to Title 17 Section 105 of the United States Code, this file is not subject to copyright protection and is in the public domain.</dc:rights>
    <dc:contributor>Congressional Research Service, Library of Congress</dc:contributor>
    <dc:description>This file contains bill summaries and statuses for federal legislation. A bill summary describes the most significant provisions of a piece of legislation and details the effects the legislative text may have on current law and federal programs. Bill summaries are authored by the Congressional Research Service (CRS) of the Library of Congress. As stated in Public Law 91-510 (2 USC 166 (d)(6)), one of the duties of CRS is "to prepare summaries and digests of bills and resolutions of a public general nature introduced in the Senate or House of Representatives". For more information, refer to the User Guide that accompanies this file.</dc:description>
  </dublinCore>
</billStatus>

