<?xml version="1.0" encoding="UTF-8"?>
<billStatus>
  <bill>
    <amendments />
    <latestAction>
      <actionDate>2017-01-04</actionDate>
      <text>Referred to the Committee on House Administration, and in addition to the Committee on Oversight and Government Reform, for a period to be subsequently determined by the Speaker, in each case for consideration of such provisions as fall within the jurisdiction of the committee concerned.</text>
      <links />
    </latestAction>
    <congress>115</congress>
    <subjects>
      <billSubjects>
        <policyArea>
          <name>Congress</name>
        </policyArea>
        <legislativeSubjects>
          <item>
            <name>Government Operations and Politics</name>
          </item>
          <item>
            <name>Government employee pay, benefits, personnel management</name>
          </item>
          <item>
            <name>Government ethics and transparency, public corruption</name>
          </item>
          <item>
            <name>Members of Congress</name>
          </item>
        </legislativeSubjects>
      </billSubjects>
    </subjects>
    <laws />
    <notes />
    <billType>HR</billType>
    <sponsors>
      <item>
        <lastName>Yoho</lastName>
        <middleName>S.</middleName>
        <bioguideId>Y000065</bioguideId>
        <fullName>Rep. Yoho, Ted S. [R-FL-3]</fullName>
        <identifiers>
          <lisID>2115</lisID>
          <bioguideId>Y000065</bioguideId>
          <gpoId />
        </identifiers>
        <byRequestType />
        <state>FL</state>
        <firstName>Ted</firstName>
        <party>R</party>
        <district>3</district>
      </item>
    </sponsors>
    <recordedVotes />
    <committeeReports />
    <introducedDate>2017-01-04</introducedDate>
    <relatedBills />
    <cosponsors>
      <item>
        <party>D</party>
        <state>TN</state>
        <bioguideId>C001068</bioguideId>
        <sponsorshipWithdrawnDate />
        <isOriginalCosponsor>True</isOriginalCosponsor>
        <identifiers>
          <gpoId>8156</gpoId>
          <lisID>1878</lisID>
          <bioguideId>C001068</bioguideId>
        </identifiers>
        <fullName>Rep. Cohen, Steve [D-TN-9]</fullName>
        <lastName>Cohen</lastName>
        <sponsorshipDate>2017-01-04</sponsorshipDate>
        <firstName>Steve</firstName>
        <district>9</district>
        <middleName />
      </item>
      <item>
        <party>D</party>
        <state>AZ</state>
        <bioguideId>S001191</bioguideId>
        <sponsorshipWithdrawnDate />
        <isOriginalCosponsor>True</isOriginalCosponsor>
        <identifiers>
          <lisID>2099</lisID>
          <gpoId />
          <bioguideId>S001191</bioguideId>
        </identifiers>
        <fullName>Rep. Sinema, Kyrsten [D-AZ-9]</fullName>
        <lastName>Sinema</lastName>
        <sponsorshipDate>2017-01-04</sponsorshipDate>
        <firstName>Kyrsten</firstName>
        <district>9</district>
        <middleName />
      </item>
      <item>
        <party>R</party>
        <state>NC</state>
        <bioguideId>P000606</bioguideId>
        <sponsorshipWithdrawnDate />
        <isOriginalCosponsor>True</isOriginalCosponsor>
        <identifiers>
          <lisID>2141</lisID>
          <gpoId />
          <bioguideId>P000606</bioguideId>
        </identifiers>
        <fullName>Rep. Pittenger, Robert [R-NC-9]</fullName>
        <lastName>Pittenger</lastName>
        <sponsorshipDate>2017-01-04</sponsorshipDate>
        <firstName>Robert</firstName>
        <district>9</district>
        <middleName />
      </item>
      <item>
        <party>R</party>
        <state>KY</state>
        <bioguideId>M001184</bioguideId>
        <sponsorshipWithdrawnDate />
        <isOriginalCosponsor>True</isOriginalCosponsor>
        <identifiers>
          <lisID>2094</lisID>
          <gpoId>8371</gpoId>
          <bioguideId>M001184</bioguideId>
        </identifiers>
        <fullName>Rep. Massie, Thomas [R-KY-4]</fullName>
        <lastName>Massie</lastName>
        <sponsorshipDate>2017-01-04</sponsorshipDate>
        <firstName>Thomas</firstName>
        <district>4</district>
        <middleName />
      </item>
      <item>
        <party>R</party>
        <state>TX</state>
        <bioguideId>G000552</bioguideId>
        <sponsorshipWithdrawnDate />
        <isOriginalCosponsor>True</isOriginalCosponsor>
        <identifiers>
          <lisID>1801</lisID>
          <bioguideId>G000552</bioguideId>
          <gpoId>8157</gpoId>
        </identifiers>
        <fullName>Rep. Gohmert, Louie [R-TX-1]</fullName>
        <lastName>Gohmert</lastName>
        <sponsorshipDate>2017-01-04</sponsorshipDate>
        <firstName>Louie</firstName>
        <district>1</district>
        <middleName />
      </item>
      <item>
        <party>R</party>
        <state>TX</state>
        <bioguideId>F000461</bioguideId>
        <sponsorshipWithdrawnDate />
        <isOriginalCosponsor>True</isOriginalCosponsor>
        <identifiers>
          <gpoId>8173</gpoId>
          <lisID>2065</lisID>
          <bioguideId>F000461</bioguideId>
        </identifiers>
        <fullName>Rep. Flores, Bill [R-TX-17]</fullName>
        <lastName>Flores</lastName>
        <sponsorshipDate>2017-01-04</sponsorshipDate>
        <firstName>Bill</firstName>
        <district>17</district>
        <middleName />
      </item>
      <item>
        <party>R</party>
        <state>NC</state>
        <bioguideId>R000603</bioguideId>
        <sponsorshipWithdrawnDate />
        <isOriginalCosponsor>True</isOriginalCosponsor>
        <identifiers>
          <lisID>2256</lisID>
          <gpoId />
          <bioguideId>R000603</bioguideId>
        </identifiers>
        <fullName>Rep. Rouzer, David [R-NC-7]</fullName>
        <lastName>Rouzer</lastName>
        <sponsorshipDate>2017-01-04</sponsorshipDate>
        <firstName>David</firstName>
        <district>7</district>
        <middleName />
      </item>
      <item>
        <party>R</party>
        <state>ME</state>
        <bioguideId>P000611</bioguideId>
        <sponsorshipWithdrawnDate />
        <isOriginalCosponsor>True</isOriginalCosponsor>
        <identifiers>
          <bioguideId>P000611</bioguideId>
          <lisID>2247</lisID>
          <gpoId />
        </identifiers>
        <fullName>Rep. Poliquin, Bruce [R-ME-2]</fullName>
        <lastName>Poliquin</lastName>
        <sponsorshipDate>2017-01-04</sponsorshipDate>
        <firstName>Bruce</firstName>
        <district>2</district>
        <middleName />
      </item>
      <item>
        <party>R</party>
        <state>TN</state>
        <bioguideId>B001243</bioguideId>
        <sponsorshipWithdrawnDate />
        <isOriginalCosponsor>True</isOriginalCosponsor>
        <identifiers>
          <gpoId>8154</gpoId>
          <lisID>1748</lisID>
          <bioguideId>B001243</bioguideId>
        </identifiers>
        <fullName>Rep. Blackburn, Marsha [R-TN-7]</fullName>
        <lastName>Blackburn</lastName>
        <sponsorshipDate>2017-01-04</sponsorshipDate>
        <firstName>Marsha</firstName>
        <district>7</district>
        <middleName />
      </item>
      <item>
        <party>R</party>
        <state>TX</state>
        <bioguideId>O000168</bioguideId>
        <sponsorshipWithdrawnDate />
        <isOriginalCosponsor>True</isOriginalCosponsor>
        <identifiers>
          <lisID>1955</lisID>
          <bioguideId>O000168</bioguideId>
          <gpoId>8178</gpoId>
        </identifiers>
        <fullName>Rep. Olson, Pete [R-TX-22]</fullName>
        <lastName>Olson</lastName>
        <sponsorshipDate>2017-01-04</sponsorshipDate>
        <firstName>Pete</firstName>
        <district>22</district>
        <middleName />
      </item>
      <item>
        <party>D</party>
        <state>NJ</state>
        <bioguideId>G000583</bioguideId>
        <sponsorshipWithdrawnDate />
        <isOriginalCosponsor>False</isOriginalCosponsor>
        <identifiers>
          <bioguideId>G000583</bioguideId>
          <lisID>2338</lisID>
          <gpoId />
        </identifiers>
        <fullName>Rep. Gottheimer, Josh [D-NJ-5]</fullName>
        <lastName>Gottheimer</lastName>
        <sponsorshipDate>2017-02-13</sponsorshipDate>
        <firstName>Josh</firstName>
        <district>5</district>
        <middleName />
      </item>
      <item>
        <party>D</party>
        <state>CA</state>
        <bioguideId>C001059</bioguideId>
        <sponsorshipWithdrawnDate />
        <isOriginalCosponsor>False</isOriginalCosponsor>
        <identifiers>
          <lisID>1774</lisID>
          <bioguideId>C001059</bioguideId>
          <gpoId>7825</gpoId>
        </identifiers>
        <fullName>Rep. Costa, Jim [D-CA-16]</fullName>
        <lastName>Costa</lastName>
        <sponsorshipDate>2017-03-07</sponsorshipDate>
        <firstName>Jim</firstName>
        <district>16</district>
        <middleName />
      </item>
      <item>
        <party>R</party>
        <state>NY</state>
        <bioguideId>T000478</bioguideId>
        <sponsorshipWithdrawnDate />
        <isOriginalCosponsor>False</isOriginalCosponsor>
        <identifiers>
          <lisID>2344</lisID>
          <bioguideId>T000478</bioguideId>
          <gpoId />
        </identifiers>
        <fullName>Rep. Tenney, Claudia [R-NY-22]</fullName>
        <lastName>Tenney</lastName>
        <sponsorshipDate>2017-05-19</sponsorshipDate>
        <firstName>Claudia</firstName>
        <district>22</district>
        <middleName />
      </item>
      <item>
        <party>R</party>
        <state>FL</state>
        <bioguideId>D000621</bioguideId>
        <sponsorshipWithdrawnDate />
        <isOriginalCosponsor>False</isOriginalCosponsor>
        <identifiers>
          <lisID>2116</lisID>
          <gpoId />
          <bioguideId>D000621</bioguideId>
        </identifiers>
        <fullName>Rep. DeSantis, Ron [R-FL-6]</fullName>
        <lastName>DeSantis</lastName>
        <sponsorshipDate>2017-05-19</sponsorshipDate>
        <firstName>Ron</firstName>
        <district>6</district>
        <middleName />
      </item>
      <item>
        <party>R</party>
        <state>FL</state>
        <bioguideId>R000609</bioguideId>
        <sponsorshipWithdrawnDate />
        <isOriginalCosponsor>False</isOriginalCosponsor>
        <identifiers>
          <lisID>2316</lisID>
          <bioguideId>R000609</bioguideId>
          <gpoId />
        </identifiers>
        <fullName>Rep. Rutherford, John H. [R-FL-4]</fullName>
        <lastName>Rutherford</lastName>
        <sponsorshipDate>2017-05-19</sponsorshipDate>
        <firstName>John</firstName>
        <district>4</district>
        <middleName>H.</middleName>
      </item>
      <item>
        <party>R</party>
        <state>IL</state>
        <bioguideId>B001295</bioguideId>
        <sponsorshipWithdrawnDate />
        <isOriginalCosponsor>False</isOriginalCosponsor>
        <identifiers>
          <bioguideId>B001295</bioguideId>
          <lisID>2243</lisID>
          <gpoId />
        </identifiers>
        <fullName>Rep. Bost, Mike [R-IL-12]</fullName>
        <lastName>Bost</lastName>
        <sponsorshipDate>2017-05-19</sponsorshipDate>
        <firstName>Mike</firstName>
        <district>12</district>
        <middleName />
      </item>
      <item>
        <party>R</party>
        <state>FL</state>
        <bioguideId>P000599</bioguideId>
        <sponsorshipWithdrawnDate />
        <isOriginalCosponsor>False</isOriginalCosponsor>
        <identifiers>
          <lisID>1915</lisID>
          <gpoId>7887</gpoId>
          <bioguideId>P000599</bioguideId>
        </identifiers>
        <fullName>Rep. Posey, Bill [R-FL-8]</fullName>
        <lastName>Posey</lastName>
        <sponsorshipDate>2017-05-24</sponsorshipDate>
        <firstName>Bill</firstName>
        <district>8</district>
        <middleName />
      </item>
      <item>
        <party>R</party>
        <state>LA</state>
        <bioguideId>A000374</bioguideId>
        <sponsorshipWithdrawnDate />
        <isOriginalCosponsor>False</isOriginalCosponsor>
        <identifiers>
          <lisID>2244</lisID>
          <gpoId />
          <bioguideId>A000374</bioguideId>
        </identifiers>
        <fullName>Rep. Abraham, Ralph Lee [R-LA-5]</fullName>
        <lastName>Abraham</lastName>
        <sponsorshipDate>2017-05-26</sponsorshipDate>
        <firstName>Ralph</firstName>
        <district>5</district>
        <middleName>Lee</middleName>
      </item>
      <item>
        <party>R</party>
        <state>GA</state>
        <bioguideId>A000372</bioguideId>
        <sponsorshipWithdrawnDate />
        <isOriginalCosponsor>False</isOriginalCosponsor>
        <identifiers>
          <lisID>2239</lisID>
          <gpoId />
          <bioguideId>A000372</bioguideId>
        </identifiers>
        <fullName>Rep. Allen, Rick W. [R-GA-12]</fullName>
        <lastName>Allen</lastName>
        <sponsorshipDate>2017-06-20</sponsorshipDate>
        <firstName>Rick</firstName>
        <district>12</district>
        <middleName>W.</middleName>
      </item>
      <item>
        <party>R</party>
        <state>TN</state>
        <bioguideId>R000582</bioguideId>
        <sponsorshipWithdrawnDate />
        <isOriginalCosponsor>False</isOriginalCosponsor>
        <identifiers>
          <bioguideId>R000582</bioguideId>
          <gpoId>8148</gpoId>
          <lisID>1954</lisID>
        </identifiers>
        <fullName>Rep. Roe, David P. [R-TN-1]</fullName>
        <lastName>Roe</lastName>
        <sponsorshipDate>2017-06-28</sponsorshipDate>
        <firstName>David</firstName>
        <district>1</district>
        <middleName>P.</middleName>
      </item>
      <item>
        <party>R</party>
        <state>FL</state>
        <bioguideId>R000607</bioguideId>
        <sponsorshipWithdrawnDate />
        <isOriginalCosponsor>False</isOriginalCosponsor>
        <identifiers>
          <gpoId />
          <lisID>2323</lisID>
          <bioguideId>R000607</bioguideId>
        </identifiers>
        <fullName>Rep. Rooney, Francis [R-FL-19]</fullName>
        <lastName>Rooney</lastName>
        <sponsorshipDate>2017-06-28</sponsorshipDate>
        <firstName>Francis</firstName>
        <district>19</district>
        <middleName />
      </item>
      <item>
        <party>R</party>
        <state>AZ</state>
        <bioguideId>B001302</bioguideId>
        <sponsorshipWithdrawnDate />
        <isOriginalCosponsor>False</isOriginalCosponsor>
        <identifiers>
          <gpoId />
          <lisID>2307</lisID>
          <bioguideId>B001302</bioguideId>
        </identifiers>
        <fullName>Rep. Biggs, Andy [R-AZ-5]</fullName>
        <lastName>Biggs</lastName>
        <sponsorshipDate>2017-12-19</sponsorshipDate>
        <firstName>Andy</firstName>
        <district>5</district>
        <middleName />
      </item>
      <item>
        <party>R</party>
        <state>PA</state>
        <bioguideId>R000598</bioguideId>
        <sponsorshipWithdrawnDate />
        <isOriginalCosponsor>False</isOriginalCosponsor>
        <identifiers>
          <lisID>2158</lisID>
          <gpoId />
          <bioguideId>R000598</bioguideId>
        </identifiers>
        <fullName>Rep. Rothfus, Keith J. [R-PA-12]</fullName>
        <lastName>Rothfus</lastName>
        <sponsorshipDate>2018-01-19</sponsorshipDate>
        <firstName>Keith</firstName>
        <district>12</district>
        <middleName>J.</middleName>
      </item>
      <item>
        <party>D</party>
        <state>NV</state>
        <bioguideId>R000608</bioguideId>
        <sponsorshipWithdrawnDate />
        <isOriginalCosponsor>False</isOriginalCosponsor>
        <identifiers>
          <bioguideId>R000608</bioguideId>
          <lisID>2339</lisID>
          <gpoId />
        </identifiers>
        <fullName>Rep. Rosen, Jacky [D-NV-3]</fullName>
        <lastName>Rosen</lastName>
        <sponsorshipDate>2018-03-13</sponsorshipDate>
        <firstName>Jacky</firstName>
        <district>3</district>
        <middleName />
      </item>
      <item>
        <party>R</party>
        <state>VA</state>
        <bioguideId>W000804</bioguideId>
        <sponsorshipWithdrawnDate />
        <isOriginalCosponsor>False</isOriginalCosponsor>
        <identifiers>
          <lisID>1886</lisID>
          <bioguideId>W000804</bioguideId>
          <gpoId>8192</gpoId>
        </identifiers>
        <fullName>Rep. Wittman, Robert J. [R-VA-1]</fullName>
        <lastName>Wittman</lastName>
        <sponsorshipDate>2018-03-14</sponsorshipDate>
        <firstName>Robert</firstName>
        <district>1</district>
        <middleName>J.</middleName>
      </item>
      <item>
        <party>R</party>
        <state>PA</state>
        <bioguideId>F000466</bioguideId>
        <sponsorshipWithdrawnDate />
        <isOriginalCosponsor>False</isOriginalCosponsor>
        <identifiers>
          <lisID>2345</lisID>
          <bioguideId>F000466</bioguideId>
          <gpoId />
        </identifiers>
        <fullName>Rep. Fitzpatrick, Brian K. [R-PA-8]</fullName>
        <lastName>Fitzpatrick</lastName>
        <sponsorshipDate>2018-03-15</sponsorshipDate>
        <firstName>Brian</firstName>
        <district>8</district>
        <middleName>K.</middleName>
      </item>
    </cosponsors>
    <actions>
      <actionByCounts>
        <houseOfRepresentatives>5</houseOfRepresentatives>
      </actionByCounts>
      <item>
        <type>IntroReferral</type>
        <links />
        <sourceSystem>
          <name>House floor actions</name>
          <code>2</code>
        </sourceSystem>
        <committee>
          <name>Oversight and Government Reform Committee</name>
          <systemCode>hsgo00</systemCode>
        </committee>
        <text>Referred to the Committee on House Administration, and in addition to the Committee on Oversight and Government Reform, for a period to be subsequently determined by the Speaker, in each case for consideration of such provisions as fall within the jurisdiction of the committee concerned.</text>
        <actionCode>H11100</actionCode>
        <actionDate>2017-01-04</actionDate>
      </item>
      <item>
        <type>IntroReferral</type>
        <links />
        <sourceSystem>
          <name>Library of Congress</name>
          <code>9</code>
        </sourceSystem>
        <committee />
        <text>Referred to the Committee on House Administration, and in addition to the Committee on Oversight and Government Reform, for a period to be subsequently determined by the Speaker, in each case for consideration of such provisions as fall within the jurisdiction of the committee concerned.</text>
        <actionCode>H11100-A</actionCode>
        <actionDate>2017-01-04</actionDate>
      </item>
      <item>
        <type>IntroReferral</type>
        <links />
        <sourceSystem>
          <name>House floor actions</name>
          <code>2</code>
        </sourceSystem>
        <committee>
          <name>House Administration Committee</name>
          <systemCode>hsha00</systemCode>
        </committee>
        <text>Referred to the Committee on House Administration, and in addition to the Committee on Oversight and Government Reform, for a period to be subsequently determined by the Speaker, in each case for consideration of such provisions as fall within the jurisdiction of the committee concerned.</text>
        <actionCode>H11100</actionCode>
        <actionDate>2017-01-04</actionDate>
      </item>
      <item>
        <type>IntroReferral</type>
        <links />
        <sourceSystem>
          <name>Library of Congress</name>
          <code>9</code>
        </sourceSystem>
        <committee />
        <text>Introduced in House</text>
        <actionCode>Intro-H</actionCode>
        <actionDate>2017-01-04</actionDate>
      </item>
      <item>
        <type>IntroReferral</type>
        <links />
        <sourceSystem>
          <name>Library of Congress</name>
          <code>9</code>
        </sourceSystem>
        <committee />
        <text>Introduced in House</text>
        <actionCode>1000</actionCode>
        <actionDate>2017-01-04</actionDate>
      </item>
      <actionTypeCounts>
        <billReferrals>2</billReferrals>
        <introducedInTheHouse>1</introducedInTheHouse>
        <billReferralsAggregate>1</billReferralsAggregate>
        <introducedInHouse>1</introducedInHouse>
      </actionTypeCounts>
    </actions>
    <committees>
      <billCommittees>
        <item>
          <activities>
            <item>
              <date>2017-01-04T15:06:40Z</date>
              <name>Referred to</name>
            </item>
          </activities>
          <type>Standing</type>
          <chamber>House</chamber>
          <systemCode>hsgo00</systemCode>
          <name>Oversight and Government Reform Committee</name>
          <subcommittees />
        </item>
        <item>
          <activities>
            <item>
              <date>2017-01-04T15:06:35Z</date>
              <name>Referred to</name>
            </item>
          </activities>
          <type>Standing</type>
          <chamber>House</chamber>
          <systemCode>hsha00</systemCode>
          <name>House Administration Committee</name>
          <subcommittees />
        </item>
      </billCommittees>
    </committees>
    <updateDate>2018-08-28T19:58:41Z</updateDate>
    <version>1.0.0</version>
    <title>TRUST Act</title>
    <createDate>2017-01-05T04:47:33Z</createDate>
    <billNumber>291</billNumber>
    <constitutionalAuthorityStatementText><![CDATA[<pre>From the Congressional Record Online through the Government Publishing Office [<a href='http://www.gpo.gov'>www.gpo.gov</a>]By Mr. YOHO:H.R. 291.Congress has the power to enact this legislation pursuantto the following:Article I, Section 6 of the Constitution, which states that``The Senators and Representatives shall receive aCompensation for their Services, to be ascertained by Law,and paid out of the Treasury of the United States.''[Page H98]</pre>]]></constitutionalAuthorityStatementText>
    <cboCostEstimates />
    <calendarNumbers />
    <policyArea>
      <name>Congress</name>
    </policyArea>
    <summaries>
      <billSummaries>
        <item>
          <updateDate>2017-01-04T05:00:00Z</updateDate>
          <actionDate>2017-01-04</actionDate>
          <lastSummaryUpdateDate>2017-04-20T20:29:29Z</lastSummaryUpdateDate>
          <text><![CDATA[<p><STRONG>Trust Returned to the United States Taxpayer Act or the TRUST Act</STRONG></p> <p>This bill denies retirement benefits under the Civil Service Retirement System and the Federal Employees Retirement System to a Member of Congress who is convicted of any crime committed after the enactment of this bill that is a felony under federal or state law (currently, limited to specified felonies under federal law).</p>]]></text>
          <actionDesc>Introduced in House</actionDesc>
          <versionCode>00</versionCode>
          <name>Introduced in House</name>
        </item>
      </billSummaries>
    </summaries>
    <originChamber>House</originChamber>
    <titles>
      <item>
        <chamberCode />
        <titleType>Short Titles as Introduced</titleType>
        <parentTitleType />
        <chamberName />
        <title>TRUST Act</title>
      </item>
      <item>
        <chamberCode />
        <titleType>Short Titles as Introduced</titleType>
        <parentTitleType />
        <chamberName />
        <title>Trust Returned to the United States Taxpayer Act</title>
      </item>
      <item>
        <chamberCode />
        <titleType>Official Title as Introduced</titleType>
        <parentTitleType />
        <chamberName />
        <title>To amend title 5, United States Code, to extend the basis for the denial of retirement credit, for service as a Member of Congress, to include conviction of any felony under Federal or State law, and for other purposes.</title>
      </item>
      <item>
        <chamberCode />
        <titleType>Display Title</titleType>
        <parentTitleType />
        <chamberName />
        <title>TRUST Act</title>
      </item>
      <item>
        <chamberCode />
        <titleType>(Extracted from GPO) Short Titles as Introduced</titleType>
        <parentTitleType />
        <chamberName />
        <title>TRUST Act</title>
      </item>
      <item>
        <chamberCode />
        <titleType>(Extracted from GPO) Short Titles as Introduced</titleType>
        <parentTitleType />
        <chamberName />
        <title>Trust Returned to the United States Taxpayer Act</title>
      </item>
    </titles>
  </bill>
  <dublinCore xmlns:dc="http://purl.org/dc/elements/1.1/">
    <dc:format>text/xml</dc:format>
    <dc:language>EN</dc:language>
    <dc:rights>Pursuant to Title 17 Section 105 of the United States Code, this file is not subject to copyright protection and is in the public domain.</dc:rights>
    <dc:contributor>Congressional Research Service, Library of Congress</dc:contributor>
    <dc:description>This file contains bill summaries and statuses for federal legislation. A bill summary describes the most significant provisions of a piece of legislation and details the effects the legislative text may have on current law and federal programs. Bill summaries are authored by the Congressional Research Service (CRS) of the Library of Congress. As stated in Public Law 91-510 (2 USC 166 (d)(6)), one of the duties of CRS is "to prepare summaries and digests of bills and resolutions of a public general nature introduced in the Senate or House of Representatives". For more information, refer to the User Guide that accompanies this file.</dc:description>
  </dublinCore>
</billStatus>

