<?xml version="1.0" encoding="UTF-8"?>
<billStatus>
  <bill>
    <congress>115</congress>
    <calendarNumbers />
    <cboCostEstimates />
    <actions>
      <actionByCounts>
        <houseOfRepresentatives>3</houseOfRepresentatives>
      </actionByCounts>
      <item>
        <committee>
          <systemCode>hswm00</systemCode>
          <name>Ways and Means Committee</name>
        </committee>
        <actionCode>H11100</actionCode>
        <type>IntroReferral</type>
        <text>Referred to the House Committee on Ways and Means.</text>
        <actionDate>2017-01-03</actionDate>
        <sourceSystem>
          <name>House floor actions</name>
          <code>2</code>
        </sourceSystem>
        <links />
      </item>
      <item>
        <committee />
        <actionCode>Intro-H</actionCode>
        <type>IntroReferral</type>
        <text>Introduced in House</text>
        <actionDate>2017-01-03</actionDate>
        <sourceSystem>
          <name>Library of Congress</name>
          <code>9</code>
        </sourceSystem>
        <links />
      </item>
      <item>
        <committee />
        <actionCode>1000</actionCode>
        <type>IntroReferral</type>
        <text>Introduced in House</text>
        <actionDate>2017-01-03</actionDate>
        <sourceSystem>
          <name>Library of Congress</name>
          <code>9</code>
        </sourceSystem>
        <links />
      </item>
      <actionTypeCounts>
        <billReferrals>1</billReferrals>
        <introducedInHouse>1</introducedInHouse>
        <introducedInTheHouse>1</introducedInTheHouse>
      </actionTypeCounts>
    </actions>
    <relatedBills>
      <item>
        <latestTitle>Farmers Against Crippling Taxes Act</latestTitle>
        <latestAction>
          <actionDate>2017-01-03</actionDate>
          <text>Referred to the House Committee on Ways and Means.</text>
        </latestAction>
        <congress>115</congress>
        <relationshipDetails>
          <item>
            <type>Related bill</type>
            <identifiedBy>CRS</identifiedBy>
          </item>
        </relationshipDetails>
        <type>HR</type>
        <number>30</number>
      </item>
    </relatedBills>
    <latestAction>
      <text>Referred to the House Committee on Ways and Means.</text>
      <links />
      <actionDate>2017-01-03</actionDate>
    </latestAction>
    <originChamber>House</originChamber>
    <title>Death Tax Repeal Act of 2017</title>
    <titles>
      <item>
        <title>Death Tax Repeal Act of 2017</title>
        <chamberCode />
        <parentTitleType />
        <chamberName />
        <titleType>Short Titles as Introduced</titleType>
      </item>
      <item>
        <title>To repeal the Federal estate and gift taxes.</title>
        <chamberCode />
        <parentTitleType />
        <chamberName />
        <titleType>Official Title as Introduced</titleType>
      </item>
      <item>
        <title>Death Tax Repeal Act of 2017</title>
        <chamberCode />
        <parentTitleType />
        <chamberName />
        <titleType>Display Title</titleType>
      </item>
    </titles>
    <committeeReports />
    <updateDate>2017-01-14T09:56:29Z</updateDate>
    <billType>HR</billType>
    <recordedVotes />
    <subjects>
      <billSubjects>
        <legislativeSubjects>
          <item>
            <name>Transfer and inheritance taxes</name>
          </item>
        </legislativeSubjects>
        <policyArea>
          <name>Taxation</name>
        </policyArea>
      </billSubjects>
    </subjects>
    <policyArea>
      <name>Taxation</name>
    </policyArea>
    <laws />
    <amendments />
    <committees>
      <billCommittees>
        <item>
          <systemCode>hswm00</systemCode>
          <subcommittees />
          <type>Standing</type>
          <chamber>House</chamber>
          <name>Ways and Means Committee</name>
          <activities>
            <item>
              <name>Referred to</name>
              <date>2017-01-03T17:12:40Z</date>
            </item>
          </activities>
        </item>
      </billCommittees>
    </committees>
    <sponsors>
      <item>
        <identifiers>
          <gpoId>8755</gpoId>
          <bioguideId>T000238</bioguideId>
          <lisID>1155</lisID>
        </identifiers>
        <state>TX</state>
        <bioguideId>T000238</bioguideId>
        <lastName>THORNBERRY</lastName>
        <middleName>M.</middleName>
        <party>R</party>
        <district>13</district>
        <fullName>Rep. Thornberry, Mac [R-TX-13]</fullName>
        <byRequestType />
        <firstName>WILLIAM</firstName>
      </item>
    </sponsors>
    <introducedDate>2017-01-03</introducedDate>
    <summaries>
      <billSummaries>
        <item>
          <actionDate>2017-01-03</actionDate>
          <lastSummaryUpdateDate>2017-01-12T15:16:33Z</lastSummaryUpdateDate>
          <name>Introduced in House</name>
          <text><![CDATA[<p><strong></strong><b>Death Tax Repeal Act of 2017</b></p> <p>This bill repeals the federal estate, gift, and generation-skipping transfer taxes.</p>]]></text>
          <actionDesc>Introduced in House</actionDesc>
          <updateDate>2017-01-03T05:00:00Z</updateDate>
          <versionCode>00</versionCode>
        </item>
      </billSummaries>
    </summaries>
    <notes />
    <createDate>2017-01-04T07:01:13Z</createDate>
    <billNumber>198</billNumber>
    <cosponsors>
      <item>
        <middleName>M.</middleName>
        <identifiers>
          <gpoId>8022</gpoId>
          <bioguideId>P000601</bioguideId>
          <lisID>2035</lisID>
        </identifiers>
        <isOriginalCosponsor>True</isOriginalCosponsor>
        <sponsorshipWithdrawnDate />
        <party>R</party>
        <fullName>Rep. Palazzo, Steven M. [R-MS-4]</fullName>
        <state>MS</state>
        <sponsorshipDate>2017-01-03</sponsorshipDate>
        <firstName>Steven</firstName>
        <lastName>Palazzo</lastName>
        <district>4</district>
        <bioguideId>P000601</bioguideId>
      </item>
      <item>
        <middleName />
        <identifiers>
          <bioguideId>R000575</bioguideId>
          <lisID>1704</lisID>
          <gpoId>7788</gpoId>
        </identifiers>
        <isOriginalCosponsor>True</isOriginalCosponsor>
        <sponsorshipWithdrawnDate />
        <party>R</party>
        <fullName>Rep. Rogers, Mike D. [R-AL-3]</fullName>
        <state>AL</state>
        <sponsorshipDate>2017-01-03</sponsorshipDate>
        <firstName>Mike</firstName>
        <lastName>Rogers</lastName>
        <district>3</district>
        <bioguideId>R000575</bioguideId>
      </item>
      <item>
        <middleName />
        <identifiers>
          <lisID>2028</lisID>
          <gpoId>7987</gpoId>
          <bioguideId>H001058</bioguideId>
        </identifiers>
        <isOriginalCosponsor>True</isOriginalCosponsor>
        <sponsorshipWithdrawnDate />
        <party>R</party>
        <fullName>Rep. Huizenga, Bill [R-MI-2]</fullName>
        <state>MI</state>
        <sponsorshipDate>2017-01-03</sponsorshipDate>
        <firstName>Bill</firstName>
        <lastName>Huizenga</lastName>
        <district>2</district>
        <bioguideId>H001058</bioguideId>
      </item>
      <item>
        <middleName />
        <identifiers>
          <lisID>1688</lisID>
          <gpoId>8142</gpoId>
          <bioguideId>W000795</bioguideId>
        </identifiers>
        <isOriginalCosponsor>True</isOriginalCosponsor>
        <sponsorshipWithdrawnDate />
        <party>R</party>
        <fullName>Rep. Wilson, Joe [R-SC-2]</fullName>
        <state>SC</state>
        <sponsorshipDate>2017-01-03</sponsorshipDate>
        <firstName>Joe</firstName>
        <lastName>Wilson</lastName>
        <district>2</district>
        <bioguideId>W000795</bioguideId>
      </item>
      <item>
        <middleName>A.</middleName>
        <identifiers>
          <gpoId>7798</gpoId>
          <bioguideId>G000565</bioguideId>
          <lisID>1992</lisID>
        </identifiers>
        <isOriginalCosponsor>True</isOriginalCosponsor>
        <sponsorshipWithdrawnDate />
        <party>R</party>
        <fullName>Rep. Gosar, Paul A. [R-AZ-4]</fullName>
        <state>AZ</state>
        <sponsorshipDate>2017-01-03</sponsorshipDate>
        <firstName>Paul</firstName>
        <lastName>Gosar</lastName>
        <district>4</district>
        <bioguideId>G000565</bioguideId>
      </item>
      <item>
        <middleName>Lee</middleName>
        <identifiers>
          <gpoId />
          <bioguideId>A000374</bioguideId>
          <lisID>2244</lisID>
        </identifiers>
        <isOriginalCosponsor>True</isOriginalCosponsor>
        <sponsorshipWithdrawnDate />
        <party>R</party>
        <fullName>Rep. Abraham, Ralph Lee [R-LA-5]</fullName>
        <state>LA</state>
        <sponsorshipDate>2017-01-03</sponsorshipDate>
        <firstName>Ralph</firstName>
        <lastName>Abraham</lastName>
        <district>5</district>
        <bioguideId>A000374</bioguideId>
      </item>
      <item>
        <middleName />
        <identifiers>
          <lisID>2144</lisID>
          <gpoId />
          <bioguideId>C001096</bioguideId>
        </identifiers>
        <isOriginalCosponsor>True</isOriginalCosponsor>
        <sponsorshipWithdrawnDate />
        <party>R</party>
        <fullName>Rep. Cramer, Kevin [R-ND-At Large]</fullName>
        <state>ND</state>
        <sponsorshipDate>2017-01-03</sponsorshipDate>
        <firstName>Kevin</firstName>
        <lastName>Cramer</lastName>
        <district>0</district>
        <bioguideId>C001096</bioguideId>
      </item>
      <item>
        <middleName />
        <identifiers>
          <lisID>2103</lisID>
          <gpoId />
          <bioguideId>C001094</bioguideId>
        </identifiers>
        <isOriginalCosponsor>True</isOriginalCosponsor>
        <sponsorshipWithdrawnDate />
        <party>R</party>
        <fullName>Rep. Cook, Paul [R-CA-8]</fullName>
        <state>CA</state>
        <sponsorshipDate>2017-01-03</sponsorshipDate>
        <firstName>Paul</firstName>
        <lastName>Cook</lastName>
        <district>8</district>
        <bioguideId>C001094</bioguideId>
      </item>
      <item>
        <middleName>B.</middleName>
        <identifiers>
          <gpoId />
          <bioguideId>H001071</bioguideId>
          <lisID>2237</lisID>
        </identifiers>
        <isOriginalCosponsor>True</isOriginalCosponsor>
        <sponsorshipWithdrawnDate />
        <party>R</party>
        <fullName>Rep. Hice, Jody B. [R-GA-10]</fullName>
        <state>GA</state>
        <sponsorshipDate>2017-01-03</sponsorshipDate>
        <firstName>Jody</firstName>
        <lastName>Hice</lastName>
        <district>10</district>
        <bioguideId>H001071</bioguideId>
      </item>
      <item>
        <middleName />
        <identifiers>
          <gpoId>7947</gpoId>
          <bioguideId>B001275</bioguideId>
          <lisID>2018</lisID>
        </identifiers>
        <isOriginalCosponsor>True</isOriginalCosponsor>
        <sponsorshipWithdrawnDate />
        <party>R</party>
        <fullName>Rep. Bucshon, Larry [R-IN-8]</fullName>
        <state>IN</state>
        <sponsorshipDate>2017-01-03</sponsorshipDate>
        <firstName>Larry</firstName>
        <lastName>Bucshon</lastName>
        <district>8</district>
        <bioguideId>B001275</bioguideId>
      </item>
      <item>
        <middleName>A. "Rick"</middleName>
        <identifiers>
          <gpoId>7793</gpoId>
          <bioguideId>C001087</bioguideId>
          <lisID>1989</lisID>
        </identifiers>
        <isOriginalCosponsor>True</isOriginalCosponsor>
        <sponsorshipWithdrawnDate />
        <party>R</party>
        <fullName>Rep. Crawford, Eric A. "Rick" [R-AR-1]</fullName>
        <state>AR</state>
        <sponsorshipDate>2017-01-03</sponsorshipDate>
        <firstName>Eric</firstName>
        <lastName>Crawford</lastName>
        <district>1</district>
        <bioguideId>C001087</bioguideId>
      </item>
      <item>
        <middleName>ABNEY</middleName>
        <identifiers>
          <bioguideId>C001048</bioguideId>
          <gpoId>8163</gpoId>
          <lisID>1670</lisID>
        </identifiers>
        <isOriginalCosponsor>True</isOriginalCosponsor>
        <sponsorshipWithdrawnDate />
        <party>R</party>
        <fullName>Rep. Culberson, John Abney [R-TX-7]</fullName>
        <state>TX</state>
        <sponsorshipDate>2017-01-03</sponsorshipDate>
        <firstName>JOHN</firstName>
        <lastName>CULBERSON</lastName>
        <district>7</district>
        <bioguideId>C001048</bioguideId>
      </item>
      <item>
        <middleName />
        <identifiers>
          <bioguideId>P000592</bioguideId>
          <gpoId>8158</gpoId>
          <lisID>1802</lisID>
        </identifiers>
        <isOriginalCosponsor>True</isOriginalCosponsor>
        <sponsorshipWithdrawnDate />
        <party>R</party>
        <fullName>Rep. Poe, Ted [R-TX-2]</fullName>
        <state>TX</state>
        <sponsorshipDate>2017-01-03</sponsorshipDate>
        <firstName>Ted</firstName>
        <lastName>Poe</lastName>
        <district>2</district>
        <bioguideId>P000592</bioguideId>
      </item>
      <item>
        <middleName />
        <identifiers>
          <bioguideId>G000552</bioguideId>
          <lisID>1801</lisID>
          <gpoId>8157</gpoId>
        </identifiers>
        <isOriginalCosponsor>True</isOriginalCosponsor>
        <sponsorshipWithdrawnDate />
        <party>R</party>
        <fullName>Rep. Gohmert, Louie [R-TX-1]</fullName>
        <state>TX</state>
        <sponsorshipDate>2017-01-03</sponsorshipDate>
        <firstName>Louie</firstName>
        <lastName>Gohmert</lastName>
        <district>1</district>
        <bioguideId>G000552</bioguideId>
      </item>
      <item>
        <middleName>C.</middleName>
        <identifiers>
          <gpoId />
          <bioguideId>A000375</bioguideId>
          <lisID>2350</lisID>
        </identifiers>
        <isOriginalCosponsor>True</isOriginalCosponsor>
        <sponsorshipWithdrawnDate />
        <party>R</party>
        <fullName>Rep. Arrington, Jodey C. [R-TX-19]</fullName>
        <state>TX</state>
        <sponsorshipDate>2017-01-03</sponsorshipDate>
        <firstName>Jodey</firstName>
        <lastName>Arrington</lastName>
        <district>19</district>
        <bioguideId>A000375</bioguideId>
      </item>
      <item>
        <middleName>B.</middleName>
        <identifiers>
          <lisID>1460</lisID>
          <gpoId>7789</gpoId>
          <bioguideId>A000055</bioguideId>
        </identifiers>
        <isOriginalCosponsor>True</isOriginalCosponsor>
        <sponsorshipWithdrawnDate />
        <party>R</party>
        <fullName>Rep. Aderholt, Robert B. [R-AL-4]</fullName>
        <state>AL</state>
        <sponsorshipDate>2017-01-03</sponsorshipDate>
        <firstName>ROBERT</firstName>
        <lastName>ADERHOLT</lastName>
        <district>4</district>
        <bioguideId>A000055</bioguideId>
      </item>
      <item>
        <middleName>C.</middleName>
        <identifiers>
          <lisID>1751</lisID>
          <gpoId>8182</gpoId>
          <bioguideId>B001248</bioguideId>
        </identifiers>
        <isOriginalCosponsor>True</isOriginalCosponsor>
        <sponsorshipWithdrawnDate />
        <party>R</party>
        <fullName>Rep. Burgess, Michael C. [R-TX-26]</fullName>
        <state>TX</state>
        <sponsorshipDate>2017-01-03</sponsorshipDate>
        <firstName>Michael</firstName>
        <lastName>Burgess</lastName>
        <district>26</district>
        <bioguideId>B001248</bioguideId>
      </item>
      <item>
        <middleName />
        <identifiers>
          <gpoId>8371</gpoId>
          <bioguideId>M001184</bioguideId>
          <lisID>2094</lisID>
        </identifiers>
        <isOriginalCosponsor>True</isOriginalCosponsor>
        <sponsorshipWithdrawnDate />
        <party>R</party>
        <fullName>Rep. Massie, Thomas [R-KY-4]</fullName>
        <state>KY</state>
        <sponsorshipDate>2017-01-03</sponsorshipDate>
        <firstName>Thomas</firstName>
        <lastName>Massie</lastName>
        <district>4</district>
        <bioguideId>M001184</bioguideId>
      </item>
      <item>
        <middleName>M.</middleName>
        <identifiers>
          <lisID>2261</lisID>
          <gpoId />
          <bioguideId>Z000017</bioguideId>
        </identifiers>
        <isOriginalCosponsor>True</isOriginalCosponsor>
        <sponsorshipWithdrawnDate />
        <party>R</party>
        <fullName>Rep. Zeldin, Lee M. [R-NY-1]</fullName>
        <state>NY</state>
        <sponsorshipDate>2017-01-03</sponsorshipDate>
        <firstName>Lee</firstName>
        <lastName>Zeldin</lastName>
        <district>1</district>
        <bioguideId>Z000017</bioguideId>
      </item>
      <item>
        <middleName />
        <identifiers>
          <bioguideId>L000567</bioguideId>
          <gpoId>8049</gpoId>
          <lisID>1936</lisID>
        </identifiers>
        <isOriginalCosponsor>True</isOriginalCosponsor>
        <sponsorshipWithdrawnDate />
        <party>R</party>
        <fullName>Rep. Lance, Leonard [R-NJ-7]</fullName>
        <state>NJ</state>
        <sponsorshipDate>2017-01-03</sponsorshipDate>
        <firstName>Leonard</firstName>
        <lastName>Lance</lastName>
        <district>7</district>
        <bioguideId>L000567</bioguideId>
      </item>
      <item>
        <middleName>J.</middleName>
        <identifiers>
          <lisID>322</lisID>
          <gpoId>8149</gpoId>
          <bioguideId>D000533</bioguideId>
        </identifiers>
        <isOriginalCosponsor>True</isOriginalCosponsor>
        <sponsorshipWithdrawnDate />
        <party>R</party>
        <fullName>Rep. Duncan, John J., Jr. [R-TN-2]</fullName>
        <state>TN</state>
        <sponsorshipDate>2017-01-03</sponsorshipDate>
        <firstName>JOHN</firstName>
        <lastName>DUNCAN</lastName>
        <district>2</district>
        <bioguideId>D000533</bioguideId>
      </item>
      <item>
        <middleName />
        <identifiers>
          <lisID>2057</lisID>
          <gpoId>8143</gpoId>
          <bioguideId>D000615</bioguideId>
        </identifiers>
        <isOriginalCosponsor>True</isOriginalCosponsor>
        <sponsorshipWithdrawnDate />
        <party>R</party>
        <fullName>Rep. Duncan, Jeff [R-SC-3]</fullName>
        <state>SC</state>
        <sponsorshipDate>2017-01-03</sponsorshipDate>
        <firstName>Jeff</firstName>
        <lastName>Duncan</lastName>
        <district>3</district>
        <bioguideId>D000615</bioguideId>
      </item>
      <item>
        <middleName />
        <identifiers>
          <gpoId />
          <bioguideId>B001283</bioguideId>
          <lisID>2155</lisID>
        </identifiers>
        <isOriginalCosponsor>True</isOriginalCosponsor>
        <sponsorshipWithdrawnDate />
        <party>R</party>
        <fullName>Rep. Bridenstine, Jim [R-OK-1]</fullName>
        <state>OK</state>
        <sponsorshipDate>2017-01-03</sponsorshipDate>
        <firstName>Jim</firstName>
        <lastName>Bridenstine</lastName>
        <district>1</district>
        <bioguideId>B001283</bioguideId>
      </item>
      <item>
        <middleName>S.</middleName>
        <identifiers>
          <gpoId />
          <bioguideId>Y000065</bioguideId>
          <lisID>2115</lisID>
        </identifiers>
        <isOriginalCosponsor>True</isOriginalCosponsor>
        <sponsorshipWithdrawnDate />
        <party>R</party>
        <fullName>Rep. Yoho, Ted S. [R-FL-3]</fullName>
        <state>FL</state>
        <sponsorshipDate>2017-01-03</sponsorshipDate>
        <firstName>Ted</firstName>
        <lastName>Yoho</lastName>
        <district>3</district>
        <bioguideId>Y000065</bioguideId>
      </item>
      <item>
        <middleName />
        <identifiers>
          <bioguideId>O000168</bioguideId>
          <gpoId>8178</gpoId>
          <lisID>1955</lisID>
        </identifiers>
        <isOriginalCosponsor>True</isOriginalCosponsor>
        <sponsorshipWithdrawnDate />
        <party>R</party>
        <fullName>Rep. Olson, Pete [R-TX-22]</fullName>
        <state>TX</state>
        <sponsorshipDate>2017-01-03</sponsorshipDate>
        <firstName>Pete</firstName>
        <lastName>Olson</lastName>
        <district>22</district>
        <bioguideId>O000168</bioguideId>
      </item>
      <item>
        <middleName />
        <identifiers>
          <lisID>1707</lisID>
          <gpoId>7799</gpoId>
          <bioguideId>F000448</bioguideId>
        </identifiers>
        <isOriginalCosponsor>True</isOriginalCosponsor>
        <sponsorshipWithdrawnDate />
        <party>R</party>
        <fullName>Rep. Franks, Trent [R-AZ-8]</fullName>
        <state>AZ</state>
        <sponsorshipDate>2017-01-03</sponsorshipDate>
        <firstName>Trent</firstName>
        <lastName>Franks</lastName>
        <district>8</district>
        <bioguideId>F000448</bioguideId>
      </item>
      <item>
        <middleName />
        <identifiers>
          <bioguideId>B001250</bioguideId>
          <lisID>1753</lisID>
          <gpoId>8189</gpoId>
        </identifiers>
        <isOriginalCosponsor>True</isOriginalCosponsor>
        <sponsorshipWithdrawnDate />
        <party>R</party>
        <fullName>Rep. Bishop, Rob [R-UT-1]</fullName>
        <state>UT</state>
        <sponsorshipDate>2017-01-03</sponsorshipDate>
        <firstName>Rob</firstName>
        <lastName>Bishop</lastName>
        <district>1</district>
        <bioguideId>B001250</bioguideId>
      </item>
      <item>
        <middleName />
        <identifiers>
          <gpoId />
          <bioguideId>W000812</bioguideId>
          <lisID>2137</lisID>
        </identifiers>
        <isOriginalCosponsor>True</isOriginalCosponsor>
        <sponsorshipWithdrawnDate />
        <party>R</party>
        <fullName>Rep. Wagner, Ann [R-MO-2]</fullName>
        <state>MO</state>
        <sponsorshipDate>2017-01-03</sponsorshipDate>
        <firstName>Ann</firstName>
        <lastName>Wagner</lastName>
        <district>2</district>
        <bioguideId>W000812</bioguideId>
      </item>
      <item>
        <middleName />
        <identifiers>
          <lisID>2033</lisID>
          <gpoId>8015</gpoId>
          <bioguideId>L000576</bioguideId>
        </identifiers>
        <isOriginalCosponsor>True</isOriginalCosponsor>
        <sponsorshipWithdrawnDate />
        <party>R</party>
        <fullName>Rep. Long, Billy [R-MO-7]</fullName>
        <state>MO</state>
        <sponsorshipDate>2017-01-03</sponsorshipDate>
        <firstName>Billy</firstName>
        <lastName>Long</lastName>
        <district>7</district>
        <bioguideId>L000576</bioguideId>
      </item>
      <item>
        <middleName />
        <identifiers>
          <gpoId>7934</gpoId>
          <bioguideId>H001059</bioguideId>
          <lisID>2015</lisID>
        </identifiers>
        <isOriginalCosponsor>True</isOriginalCosponsor>
        <sponsorshipWithdrawnDate />
        <party>R</party>
        <fullName>Rep. Hultgren, Randy [R-IL-14]</fullName>
        <state>IL</state>
        <sponsorshipDate>2017-01-03</sponsorshipDate>
        <firstName>Randy</firstName>
        <lastName>Hultgren</lastName>
        <district>14</district>
        <bioguideId>H001059</bioguideId>
      </item>
      <item>
        <middleName />
        <identifiers>
          <lisID>1656</lisID>
          <gpoId>8014</gpoId>
          <bioguideId>G000546</bioguideId>
        </identifiers>
        <isOriginalCosponsor>True</isOriginalCosponsor>
        <sponsorshipWithdrawnDate />
        <party>R</party>
        <fullName>Rep. Graves, Sam [R-MO-6]</fullName>
        <state>MO</state>
        <sponsorshipDate>2017-01-03</sponsorshipDate>
        <firstName>SAM</firstName>
        <lastName>GRAVES</lastName>
        <district>6</district>
        <bioguideId>G000546</bioguideId>
      </item>
      <item>
        <middleName />
        <identifiers>
          <gpoId>8017</gpoId>
          <bioguideId>L000569</bioguideId>
          <lisID>1931</lisID>
        </identifiers>
        <isOriginalCosponsor>True</isOriginalCosponsor>
        <sponsorshipWithdrawnDate />
        <party>R</party>
        <fullName>Rep. Luetkemeyer, Blaine [R-MO-3]</fullName>
        <state>MO</state>
        <sponsorshipDate>2017-01-03</sponsorshipDate>
        <firstName>Blaine</firstName>
        <lastName>Luetkemeyer</lastName>
        <district>3</district>
        <bioguideId>L000569</bioguideId>
      </item>
      <item>
        <middleName>Michael</middleName>
        <identifiers>
          <lisID>1805</lisID>
          <gpoId>8167</gpoId>
          <bioguideId>C001062</bioguideId>
        </identifiers>
        <isOriginalCosponsor>True</isOriginalCosponsor>
        <sponsorshipWithdrawnDate />
        <party>R</party>
        <fullName>Rep. Conaway, K. Michael [R-TX-11]</fullName>
        <state>TX</state>
        <sponsorshipDate>2017-01-03</sponsorshipDate>
        <firstName>K.</firstName>
        <lastName>Conaway</lastName>
        <district>11</district>
        <bioguideId>C001062</bioguideId>
      </item>
      <item>
        <middleName>R.</middleName>
        <identifiers>
          <gpoId>8093</gpoId>
          <bioguideId>T000463</bioguideId>
          <lisID>1741</lisID>
        </identifiers>
        <isOriginalCosponsor>True</isOriginalCosponsor>
        <sponsorshipWithdrawnDate />
        <party>R</party>
        <fullName>Rep. Turner, Michael R. [R-OH-10]</fullName>
        <state>OH</state>
        <sponsorshipDate>2017-01-03</sponsorshipDate>
        <firstName>Michael</firstName>
        <lastName>Turner</lastName>
        <district>10</district>
        <bioguideId>T000463</bioguideId>
      </item>
      <item>
        <middleName />
        <identifiers>
          <lisID>1717</lisID>
          <gpoId>7893</gpoId>
          <bioguideId>D000600</bioguideId>
        </identifiers>
        <isOriginalCosponsor>True</isOriginalCosponsor>
        <sponsorshipWithdrawnDate />
        <party>R</party>
        <fullName>Rep. Diaz-Balart, Mario [R-FL-25]</fullName>
        <state>FL</state>
        <sponsorshipDate>2017-01-03</sponsorshipDate>
        <firstName>Mario</firstName>
        <lastName>Diaz-Balart</lastName>
        <district>25</district>
        <bioguideId>D000600</bioguideId>
      </item>
      <item>
        <middleName />
        <identifiers>
          <bioguideId>H001045</bioguideId>
          <gpoId>8021</gpoId>
          <lisID>1933</lisID>
        </identifiers>
        <isOriginalCosponsor>True</isOriginalCosponsor>
        <sponsorshipWithdrawnDate />
        <party>R</party>
        <fullName>Rep. Harper, Gregg [R-MS-3]</fullName>
        <state>MS</state>
        <sponsorshipDate>2017-01-03</sponsorshipDate>
        <firstName>Gregg</firstName>
        <lastName>Harper</lastName>
        <district>3</district>
        <bioguideId>H001045</bioguideId>
      </item>
      <item>
        <middleName />
        <identifiers>
          <lisID>1908</lisID>
          <gpoId>7809</gpoId>
          <bioguideId>M001177</bioguideId>
        </identifiers>
        <isOriginalCosponsor>True</isOriginalCosponsor>
        <sponsorshipWithdrawnDate />
        <party>R</party>
        <fullName>Rep. McClintock, Tom [R-CA-4]</fullName>
        <state>CA</state>
        <sponsorshipDate>2017-01-03</sponsorshipDate>
        <firstName>Tom</firstName>
        <lastName>McClintock</lastName>
        <district>4</district>
        <bioguideId>M001177</bioguideId>
      </item>
      <item>
        <middleName />
        <identifiers>
          <bioguideId>W000816</bioguideId>
          <lisID>2165</lisID>
          <gpoId />
        </identifiers>
        <isOriginalCosponsor>True</isOriginalCosponsor>
        <sponsorshipWithdrawnDate />
        <party>R</party>
        <fullName>Rep. Williams, Roger [R-TX-25]</fullName>
        <state>TX</state>
        <sponsorshipDate>2017-01-03</sponsorshipDate>
        <firstName>Roger</firstName>
        <lastName>Williams</lastName>
        <district>25</district>
        <bioguideId>W000816</bioguideId>
      </item>
      <item>
        <middleName />
        <identifiers>
          <lisID>1075</lisID>
          <gpoId>8177</gpoId>
          <bioguideId>S000583</bioguideId>
        </identifiers>
        <isOriginalCosponsor>True</isOriginalCosponsor>
        <sponsorshipWithdrawnDate />
        <party>R</party>
        <fullName>Rep. Smith, Lamar [R-TX-21]</fullName>
        <state>TX</state>
        <sponsorshipDate>2017-01-03</sponsorshipDate>
        <firstName>LAMAR</firstName>
        <lastName>SMITH</lastName>
        <district>21</district>
        <bioguideId>S000583</bioguideId>
      </item>
      <item>
        <middleName>Herrera</middleName>
        <identifiers>
          <lisID>2071</lisID>
          <gpoId>8207</gpoId>
          <bioguideId>H001056</bioguideId>
        </identifiers>
        <isOriginalCosponsor>False</isOriginalCosponsor>
        <sponsorshipWithdrawnDate />
        <party>R</party>
        <fullName>Rep. Herrera Beutler, Jaime [R-WA-3]</fullName>
        <state>WA</state>
        <sponsorshipDate>2017-01-13</sponsorshipDate>
        <firstName>Jaime</firstName>
        <lastName>Beutler</lastName>
        <district>3</district>
        <bioguideId>H001056</bioguideId>
      </item>
      <item>
        <middleName />
        <identifiers>
          <bioguideId>C000059</bioguideId>
          <gpoId>7849</gpoId>
          <lisID>165</lisID>
        </identifiers>
        <isOriginalCosponsor>False</isOriginalCosponsor>
        <sponsorshipWithdrawnDate />
        <party>R</party>
        <fullName>Rep. Calvert, Ken [R-CA-42]</fullName>
        <state>CA</state>
        <sponsorshipDate>2017-01-13</sponsorshipDate>
        <firstName>KEN</firstName>
        <lastName>CALVERT</lastName>
        <district>42</district>
        <bioguideId>C000059</bioguideId>
      </item>
      <item>
        <middleName />
        <identifiers>
          <bioguideId>P000588</bioguideId>
          <lisID>1738</lisID>
          <gpoId>8057</gpoId>
        </identifiers>
        <isOriginalCosponsor>False</isOriginalCosponsor>
        <sponsorshipWithdrawnDate />
        <party>R</party>
        <fullName>Rep. Pearce, Stevan [R-NM-2]</fullName>
        <state>NM</state>
        <sponsorshipDate>2017-01-13</sponsorshipDate>
        <firstName>Stevan</firstName>
        <lastName>Pearce</lastName>
        <district>2</district>
        <bioguideId>P000588</bioguideId>
      </item>
      <item>
        <middleName />
        <identifiers>
          <bioguideId>R000601</bioguideId>
          <lisID>2268</lisID>
          <gpoId />
        </identifiers>
        <isOriginalCosponsor>False</isOriginalCosponsor>
        <sponsorshipWithdrawnDate />
        <party>R</party>
        <fullName>Rep. Ratcliffe, John [R-TX-4]</fullName>
        <state>TX</state>
        <sponsorshipDate>2017-01-13</sponsorshipDate>
        <firstName>John</firstName>
        <lastName>Ratcliffe</lastName>
        <district>4</district>
        <bioguideId>R000601</bioguideId>
      </item>
      <item>
        <middleName>French</middleName>
        <identifiers>
          <bioguideId>H001072</bioguideId>
          <lisID>2223</lisID>
          <gpoId />
        </identifiers>
        <isOriginalCosponsor>False</isOriginalCosponsor>
        <sponsorshipWithdrawnDate />
        <party>R</party>
        <fullName>Rep. Hill, J. French [R-AR-2]</fullName>
        <state>AR</state>
        <sponsorshipDate>2017-01-13</sponsorshipDate>
        <firstName>J.</firstName>
        <lastName>Hill</lastName>
        <district>2</district>
        <bioguideId>H001072</bioguideId>
      </item>
      <item>
        <middleName>M.</middleName>
        <identifiers>
          <lisID>1838</lisID>
          <gpoId>7881</gpoId>
          <bioguideId>B001257</bioguideId>
        </identifiers>
        <isOriginalCosponsor>False</isOriginalCosponsor>
        <sponsorshipWithdrawnDate />
        <party>R</party>
        <fullName>Rep. Bilirakis, Gus M. [R-FL-12]</fullName>
        <state>FL</state>
        <sponsorshipDate>2017-01-13</sponsorshipDate>
        <firstName>Gus</firstName>
        <lastName>Bilirakis</lastName>
        <district>12</district>
        <bioguideId>B001257</bioguideId>
      </item>
      <item>
        <middleName />
        <identifiers>
          <bioguideId>C001093</bioguideId>
          <lisID>2121</lisID>
          <gpoId />
        </identifiers>
        <isOriginalCosponsor>False</isOriginalCosponsor>
        <sponsorshipWithdrawnDate />
        <party>R</party>
        <fullName>Rep. Collins, Doug [R-GA-9]</fullName>
        <state>GA</state>
        <sponsorshipDate>2017-01-13</sponsorshipDate>
        <firstName>Doug</firstName>
        <lastName>Collins</lastName>
        <district>9</district>
        <bioguideId>C001093</bioguideId>
      </item>
      <item>
        <middleName>A.</middleName>
        <identifiers>
          <bioguideId>G000580</bioguideId>
          <lisID>2353</lisID>
          <gpoId />
        </identifiers>
        <isOriginalCosponsor>False</isOriginalCosponsor>
        <sponsorshipWithdrawnDate />
        <party>R</party>
        <fullName>Rep. Garrett, Thomas A., Jr. [R-VA-5]</fullName>
        <state>VA</state>
        <sponsorshipDate>2017-01-13</sponsorshipDate>
        <firstName>Thomas</firstName>
        <lastName>Garrett</lastName>
        <district>5</district>
        <bioguideId>G000580</bioguideId>
      </item>
      <item>
        <middleName>R.</middleName>
        <identifiers>
          <lisID>1752</lisID>
          <gpoId>8187</gpoId>
          <bioguideId>C001051</bioguideId>
        </identifiers>
        <isOriginalCosponsor>False</isOriginalCosponsor>
        <sponsorshipWithdrawnDate />
        <party>R</party>
        <fullName>Rep. Carter, John R. [R-TX-31]</fullName>
        <state>TX</state>
        <sponsorshipDate>2017-01-13</sponsorshipDate>
        <firstName>John</firstName>
        <lastName>Carter</lastName>
        <district>31</district>
        <bioguideId>C001051</bioguideId>
      </item>
      <item>
        <middleName />
        <identifiers>
          <bioguideId>K000387</bioguideId>
          <lisID>2228</lisID>
          <gpoId />
        </identifiers>
        <isOriginalCosponsor>False</isOriginalCosponsor>
        <sponsorshipWithdrawnDate />
        <party>R</party>
        <fullName>Rep. Knight, Stephen [R-CA-25]</fullName>
        <state>CA</state>
        <sponsorshipDate>2017-01-13</sponsorshipDate>
        <firstName>Stephen</firstName>
        <lastName>Knight</lastName>
        <district>25</district>
        <bioguideId>K000387</bioguideId>
      </item>
      <item>
        <middleName>J.</middleName>
        <identifiers>
          <bioguideId>W000804</bioguideId>
          <lisID>1886</lisID>
          <gpoId>8192</gpoId>
        </identifiers>
        <isOriginalCosponsor>False</isOriginalCosponsor>
        <sponsorshipWithdrawnDate />
        <party>R</party>
        <fullName>Rep. Wittman, Robert J. [R-VA-1]</fullName>
        <state>VA</state>
        <sponsorshipDate>2017-01-13</sponsorshipDate>
        <firstName>Robert</firstName>
        <lastName>Wittman</lastName>
        <district>1</district>
        <bioguideId>W000804</bioguideId>
      </item>
      <item>
        <middleName />
        <identifiers>
          <lisID>2330</lisID>
          <gpoId />
          <bioguideId>J000299</bioguideId>
        </identifiers>
        <isOriginalCosponsor>False</isOriginalCosponsor>
        <sponsorshipWithdrawnDate />
        <party>R</party>
        <fullName>Rep. Johnson, Mike [R-LA-4]</fullName>
        <state>LA</state>
        <sponsorshipDate>2017-01-13</sponsorshipDate>
        <firstName>Mike</firstName>
        <lastName>Johnson</lastName>
        <district>4</district>
        <bioguideId>J000299</bioguideId>
      </item>
      <item>
        <middleName />
        <identifiers>
          <gpoId>8094</gpoId>
          <bioguideId>J000289</bioguideId>
          <lisID>1868</lisID>
        </identifiers>
        <isOriginalCosponsor>False</isOriginalCosponsor>
        <sponsorshipWithdrawnDate />
        <party>R</party>
        <fullName>Rep. Jordan, Jim [R-OH-4]</fullName>
        <state>OH</state>
        <sponsorshipDate>2017-01-13</sponsorshipDate>
        <firstName>Jim</firstName>
        <lastName>Jordan</lastName>
        <district>4</district>
        <bioguideId>J000289</bioguideId>
      </item>
    </cosponsors>
    <constitutionalAuthorityStatementText />
  </bill>
  <dublinCore xmlns:dc="http://purl.org/dc/elements/1.1/">
    <dc:format>text/xml</dc:format>
    <dc:language>EN</dc:language>
    <dc:rights>Pursuant to Title 17 Section 105 of the United States Code, this file is not subject to copyright protection and is in the public domain.</dc:rights>
    <dc:contributor>Congressional Research Service, Library of Congress</dc:contributor>
    <dc:description>This file contains bill summaries and statuses for federal legislation. A bill summary describes the most significant provisions of a piece of legislation and details the effects the legislative text may have on current law and federal programs. Bill summaries are authored by the Congressional Research Service (CRS) of the Library of Congress. As stated in Public Law 91-510 (2 USC 166 (d)(6)), one of the duties of CRS is "to prepare summaries and digests of bills and resolutions of a public general nature introduced in the Senate or House of Representatives". For more information, refer to the User Guide that accompanies this file.</dc:description>
  </dublinCore>
</billStatus>

