<?xml version="1.0" encoding="UTF-8"?>
<billStatus>
  <bill>
    <committeeReports />
    <sponsors>
      <item>
        <middleName />
        <party>D</party>
        <fullName>Rep. Brownley, Julia [D-CA-26]</fullName>
        <state>CA</state>
        <byRequestType />
        <lastName>Brownley</lastName>
        <district>26</district>
        <identifiers>
          <bioguideId>B001285</bioguideId>
          <gpoId />
          <lisID>2106</lisID>
        </identifiers>
        <firstName>Julia</firstName>
        <bioguideId>B001285</bioguideId>
      </item>
    </sponsors>
    <recordedVotes />
    <updateDate>2017-01-17T21:01:36Z</updateDate>
    <actions>
      <actionByCounts>
        <houseOfRepresentatives>3</houseOfRepresentatives>
      </actionByCounts>
      <actionTypeCounts>
        <introducedInTheHouse>1</introducedInTheHouse>
        <billReferrals>1</billReferrals>
        <introducedInHouse>1</introducedInHouse>
      </actionTypeCounts>
      <item>
        <sourceSystem>
          <name>House floor actions</name>
          <code>2</code>
        </sourceSystem>
        <text>Referred to the House Committee on Veterans' Affairs.</text>
        <links />
        <type>IntroReferral</type>
        <actionCode>H11100</actionCode>
        <actionDate>2017-01-03</actionDate>
        <committee>
          <name>Veterans' Affairs Committee</name>
          <systemCode>hsvr00</systemCode>
        </committee>
      </item>
      <item>
        <sourceSystem>
          <name>Library of Congress</name>
          <code>9</code>
        </sourceSystem>
        <text>Introduced in House</text>
        <links />
        <type>IntroReferral</type>
        <actionCode>Intro-H</actionCode>
        <actionDate>2017-01-03</actionDate>
        <committee />
      </item>
      <item>
        <sourceSystem>
          <name>Library of Congress</name>
          <code>9</code>
        </sourceSystem>
        <text>Introduced in House</text>
        <links />
        <type>IntroReferral</type>
        <actionCode>1000</actionCode>
        <actionDate>2017-01-03</actionDate>
        <committee />
      </item>
    </actions>
    <createDate>2017-01-04T07:01:11Z</createDate>
    <introducedDate>2017-01-03</introducedDate>
    <constitutionalAuthorityStatementText />
    <title>Helping Homeless Veterans Act of 2017</title>
    <latestAction>
      <actionDate>2017-01-03</actionDate>
      <links />
      <text>Referred to the House Committee on Veterans' Affairs.</text>
    </latestAction>
    <cosponsors />
    <originChamber>House</originChamber>
    <subjects>
      <billSubjects>
        <legislativeSubjects>
          <item>
            <name>Advisory bodies</name>
          </item>
          <item>
            <name>Appropriations</name>
          </item>
          <item>
            <name>Mental health</name>
          </item>
          <item>
            <name>Public contracts and procurement</name>
          </item>
          <item>
            <name>Veterans' loans, housing, homeless programs</name>
          </item>
          <item>
            <name>Veterans' medical care</name>
          </item>
        </legislativeSubjects>
        <policyArea>
          <name>Armed Forces and National Security</name>
        </policyArea>
      </billSubjects>
    </subjects>
    <billType>HR</billType>
    <policyArea>
      <name>Armed Forces and National Security</name>
    </policyArea>
    <laws />
    <cboCostEstimates />
    <calendarNumbers />
    <amendments />
    <summaries>
      <billSummaries />
    </summaries>
    <titles>
      <item>
        <chamberCode />
        <titleType>Short Titles as Introduced</titleType>
        <title>Helping Homeless Veterans Act of 2017</title>
        <chamberName />
        <parentTitleType />
      </item>
      <item>
        <chamberCode />
        <titleType>Official Title as Introduced</titleType>
        <title>To amend title 38, United States Code, to make permanent certain programs that assist homeless veterans and other veterans with special needs, and for other purposes.</title>
        <chamberName />
        <parentTitleType />
      </item>
      <item>
        <chamberCode />
        <titleType>Display Title</titleType>
        <title>Helping Homeless Veterans Act of 2017</title>
        <chamberName />
        <parentTitleType />
      </item>
    </titles>
    <committees>
      <billCommittees>
        <item>
          <name>Veterans' Affairs Committee</name>
          <systemCode>hsvr00</systemCode>
          <activities>
            <item>
              <name>Referred to</name>
              <date>2017-01-03T17:25:00Z</date>
            </item>
          </activities>
          <subcommittees />
          <chamber>House</chamber>
          <type>Standing</type>
        </item>
      </billCommittees>
    </committees>
    <billNumber>104</billNumber>
    <relatedBills />
    <notes />
    <congress>115</congress>
  </bill>
  <dublinCore xmlns:dc="http://purl.org/dc/elements/1.1/">
    <dc:format>text/xml</dc:format>
    <dc:language>EN</dc:language>
    <dc:rights>Pursuant to Title 17 Section 105 of the United States Code, this file is not subject to copyright protection and is in the public domain.</dc:rights>
    <dc:contributor>Congressional Research Service, Library of Congress</dc:contributor>
    <dc:description>This file contains bill summaries and statuses for federal legislation. A bill summary describes the most significant provisions of a piece of legislation and details the effects the legislative text may have on current law and federal programs. Bill summaries are authored by the Congressional Research Service (CRS) of the Library of Congress. As stated in Public Law 91-510 (2 USC 166 (d)(6)), one of the duties of CRS is "to prepare summaries and digests of bills and resolutions of a public general nature introduced in the Senate or House of Representatives". For more information, refer to the User Guide that accompanies this file.</dc:description>
  </dublinCore>
</billStatus>

