<?xml version="1.0" encoding="UTF-8"?>
<billStatus>
  <bill>
    <cboCostEstimates />
    <relatedBills>
      <item>
        <number>34</number>
        <type>S</type>
        <congress>115</congress>
        <latestTitle>Midnight Rules Relief Act of 2017</latestTitle>
        <relationshipDetails>
          <item>
            <type>Identical bill</type>
            <identifiedBy>CRS</identifiedBy>
          </item>
        </relationshipDetails>
        <latestAction>
          <text>Read twice and referred to the Committee on Homeland Security and Governmental Affairs.</text>
          <actionDate>2017-01-05</actionDate>
        </latestAction>
      </item>
      <item>
        <number>5</number>
        <type>HRES</type>
        <congress>115</congress>
        <latestTitle>Adopting rules for the One Hundred Fifteenth Congress.</latestTitle>
        <relationshipDetails>
          <item>
            <type>Related bill</type>
            <identifiedBy>House</identifiedBy>
          </item>
        </relationshipDetails>
        <latestAction>
          <text>Motion to reconsider laid on the table Agreed to without objection.</text>
          <actionDate>2017-01-03</actionDate>
          <actionTime>16:03:00</actionTime>
        </latestAction>
      </item>
    </relatedBills>
    <constitutionalAuthorityStatementText />
    <congress>115</congress>
    <introducedDate>2017-01-03</introducedDate>
    <recordedVotes>
      <recordedVote>
        <fullActionName>Passage of a Measure</fullActionName>
        <rollNumber>8</rollNumber>
        <congress>115</congress>
        <url>http://clerk.house.gov/evs/2017/roll008.xml</url>
        <sessionNumber>1</sessionNumber>
        <chamber>House</chamber>
        <date>2017-01-04T21:48:31Z</date>
      </recordedVote>
      <recordedVote>
        <fullActionName>Motion to Commit/Recommit With Instructions Results</fullActionName>
        <rollNumber>7</rollNumber>
        <congress>115</congress>
        <url>http://clerk.house.gov/evs/2017/roll007.xml</url>
        <sessionNumber>1</sessionNumber>
        <chamber>House</chamber>
        <date>2017-01-04T21:38:28Z</date>
      </recordedVote>
    </recordedVotes>
    <titles>
      <item>
        <chamberCode>H</chamberCode>
        <titleType>Short Titles as Passed House</titleType>
        <parentTitleType>Short Titles House of Representatives</parentTitleType>
        <chamberName>House</chamberName>
        <title>Midnight Rules Relief Act of 2017</title>
      </item>
      <item>
        <chamberCode />
        <titleType>Short Titles as Introduced</titleType>
        <parentTitleType />
        <chamberName />
        <title>Midnight Rules Relief Act of 2017</title>
      </item>
      <item>
        <chamberCode />
        <titleType>Official Title as Introduced</titleType>
        <parentTitleType />
        <chamberName />
        <title>To amend chapter 8 of title 5, United States Code, to provide for en bloc consideration in resolutions of disapproval for "midnight rules", and for other purposes.</title>
      </item>
      <item>
        <chamberCode />
        <titleType>Display Title</titleType>
        <parentTitleType />
        <chamberName />
        <title>Midnight Rules Relief Act of 2017</title>
      </item>
    </titles>
    <summaries>
      <billSummaries>
        <item>
          <name>Introduced in House</name>
          <text><![CDATA[<p><b>Midnight Rules Relief Act of 2017</b></p> <p>This bill amends the Congressional Review Act to allow Congress to consider a joint resolution to disapprove multiple regulations that federal agencies have submitted for congressional review within the last 60 legislative days of a session of Congress during the final year of a President's term. Congress may disapprove a group of such regulations together (i.e., "en bloc") instead of the current procedure of considering only one regulation at a time.</p>]]></text>
          <actionDesc>Introduced in House</actionDesc>
          <versionCode>00</versionCode>
          <lastSummaryUpdateDate>2017-01-05T15:46:43Z</lastSummaryUpdateDate>
          <actionDate>2017-01-03</actionDate>
          <updateDate>2017-01-03T05:00:00Z</updateDate>
        </item>
        <item>
          <name>Passed House without amendment</name>
          <text><![CDATA[<p>(This measure has not been amended since it was introduced. The summary has been expanded because action occurred on the measure.)</p> <p><b>Midnight Rules Relief Act of 2017</b></p> <p>(Sec. 2) This bill amends the Congressional Review Act to allow Congress to consider a joint resolution to disapprove multiple regulations that federal agencies have submitted for congressional review within the last 60 legislative days of a session of Congress during the final year of a President's term. Congress may disapprove a group of such regulations together (i.e., "en bloc") instead of the current procedure of considering only one regulation at a time.</p>]]></text>
          <actionDesc>Passed House without amendment</actionDesc>
          <versionCode>81</versionCode>
          <lastSummaryUpdateDate>2017-01-09T20:55:27Z</lastSummaryUpdateDate>
          <actionDate>2017-01-04</actionDate>
          <updateDate>2017-01-04T14:39:53Z</updateDate>
        </item>
      </billSummaries>
    </summaries>
    <policyArea>
      <name>Government Operations and Politics</name>
    </policyArea>
    <subjects>
      <billSubjects>
        <legislativeSubjects>
          <item>
            <name>Administrative law and regulatory procedures</name>
          </item>
          <item>
            <name>Congressional oversight</name>
          </item>
          <item>
            <name>Legislative rules and procedure</name>
          </item>
          <item>
            <name>Presidential administrations</name>
          </item>
          <item>
            <name>Presidents and presidential powers, Vice Presidents</name>
          </item>
        </legislativeSubjects>
        <policyArea>
          <name>Government Operations and Politics</name>
        </policyArea>
      </billSubjects>
    </subjects>
    <amendments />
    <actions>
      <actionByCounts>
        <houseOfRepresentatives>19</houseOfRepresentatives>
        <senate>1</senate>
      </actionByCounts>
      <actionTypeCounts>
        <motionToCommitRecommitWithInstructionsResults>1</motionToCommitRecommitWithInstructionsResults>
        <motionToReconsiderResults>1</motionToReconsiderResults>
        <introducedInHouse>1</introducedInHouse>
        <placeholderTextForHA>1</placeholderTextForHA>
        <motionForPreviousQuestion>1</motionForPreviousQuestion>
        <referredToCommittee>1</referredToCommittee>
        <considerationByHouse>2</considerationByHouse>
        <billReferrals>2</billReferrals>
        <passageOfAMeasure>1</passageOfAMeasure>
        <placeholderTextForH>1</placeholderTextForH>
        <passedAgreedToInHouse>1</passedAgreedToInHouse>
        <introducedInTheHouse>1</introducedInTheHouse>
        <motionToCommitRecommitWithInstructionsOffered>1</motionToCommitRecommitWithInstructionsOffered>
        <billReferralsAggregate>1</billReferralsAggregate>
        <generalDebate>4</generalDebate>
      </actionTypeCounts>
      <item>
        <actionDate>2017-01-05</actionDate>
        <committee>
          <name>Homeland Security and Governmental Affairs Committee</name>
          <systemCode>ssga00</systemCode>
        </committee>
        <links />
        <sourceSystem>
          <name>Senate</name>
          <code>0</code>
        </sourceSystem>
        <text>Received in the Senate and Read twice and referred to the Committee on Homeland Security and Governmental Affairs.</text>
        <type>IntroReferral</type>
      </item>
      <item>
        <sourceSystem>
          <name>House floor actions</name>
          <code>2</code>
        </sourceSystem>
        <text>Motion to reconsider laid on the table Agreed to without objection.</text>
        <links />
        <type>Floor</type>
        <actionCode>H38310</actionCode>
        <actionTime>16:48:34</actionTime>
        <actionDate>2017-01-04</actionDate>
        <committee />
      </item>
      <item>
        <sourceSystem>
          <name>House floor actions</name>
          <code>2</code>
        </sourceSystem>
        <text>On passage Passed by recorded vote: 238 - 184 (Roll no. 8). (text: CR H74)</text>
        <links>
          <link>
            <url>https://www.congress.gov/congressional-record/volume-163/house-section/page/H74</url>
            <name>H74</name>
          </link>
          <link>
            <url>http://clerk.house.gov/evs/2017/roll008.xml</url>
            <name>Roll no. 8</name>
          </link>
        </links>
        <type>Floor</type>
        <actionCode>H37100</actionCode>
        <actionTime>16:48:31</actionTime>
        <actionDate>2017-01-04</actionDate>
        <committee />
      </item>
      <item>
        <sourceSystem>
          <name>Library of Congress</name>
          <code>9</code>
        </sourceSystem>
        <text>Passed/agreed to in House: On passage Passed by recorded vote: 238 - 184 (Roll no. 8).(text: CR H74)</text>
        <links>
          <link>
            <url>https://www.congress.gov/congressional-record/volume-163/house-section/page/H74</url>
            <name>H74</name>
          </link>
          <link>
            <url>http://clerk.house.gov/evs/2017/roll008.xml</url>
            <name>Roll no. 8</name>
          </link>
        </links>
        <type>Floor</type>
        <actionCode>8000</actionCode>
        <actionTime>16:48:31</actionTime>
        <actionDate>2017-01-04</actionDate>
        <committee />
      </item>
      <item>
        <sourceSystem>
          <name>House floor actions</name>
          <code>2</code>
        </sourceSystem>
        <text>On motion to recommit with instructions Failed by the Yeas and Nays: 183 - 236 (Roll no. 7).</text>
        <links>
          <link>
            <url>http://clerk.house.gov/evs/2017/roll007.xml</url>
            <name>Roll no. 7</name>
          </link>
        </links>
        <type>Floor</type>
        <actionCode>H36110</actionCode>
        <actionTime>16:38:28</actionTime>
        <actionDate>2017-01-04</actionDate>
        <committee>
          <name>Judiciary Committee</name>
          <systemCode>hsju00</systemCode>
        </committee>
      </item>
      <item>
        <sourceSystem>
          <name>House floor actions</name>
          <code>2</code>
        </sourceSystem>
        <text>Considered as unfinished business. (consideration: CR H86-87)</text>
        <links>
          <link>
            <url>https://www.congress.gov/congressional-record/volume-163/house-section/page/H86-87</url>
            <name>H86-87</name>
          </link>
        </links>
        <type>Floor</type>
        <actionCode>H30000</actionCode>
        <actionTime>16:15:30</actionTime>
        <actionDate>2017-01-04</actionDate>
        <committee />
      </item>
      <item>
        <sourceSystem>
          <name>House floor actions</name>
          <code>2</code>
        </sourceSystem>
        <text>POSTPONED PROCEEDINGS - At the conclusion of debate on the Castor (FL) motion to recommit, the Chair put the question on adoption of the motion to recommit and by voice vote, announced that the noes had prevailed. Ms. Castor (FL) demanded the yeas and nays and the Chair postponed further proceedings on adoption of the motion to recommit until a time to be announced.</text>
        <links />
        <type>Floor</type>
        <actionCode>H8D000</actionCode>
        <actionTime>14:51:57</actionTime>
        <actionDate>2017-01-04</actionDate>
        <committee />
      </item>
      <item>
        <sourceSystem>
          <name>House floor actions</name>
          <code>2</code>
        </sourceSystem>
        <text>The previous question on the motion to recommit with instructions was ordered without objection.</text>
        <links />
        <type>Floor</type>
        <actionCode>H8A000</actionCode>
        <actionTime>14:51:56</actionTime>
        <actionDate>2017-01-04</actionDate>
        <committee />
      </item>
      <item>
        <sourceSystem>
          <name>House floor actions</name>
          <code>2</code>
        </sourceSystem>
        <text>DEBATE - The House proceeded with 10 minutes of debate on the Castor (FL) motion to recommit with instructions. The instructions contained in the motion seek to require the bill to be reported back to the House with an amendment to add at the end of the bill a section 3 pertaining to exception for certain rules that prohibit discrimination by insurance issuers on the basis of gender or preexisting condition or that make healthcare more affordable for working Americans.</text>
        <links />
        <type>Floor</type>
        <actionCode>H8D000</actionCode>
        <actionTime>14:41:40</actionTime>
        <actionDate>2017-01-04</actionDate>
        <committee />
      </item>
      <item>
        <sourceSystem>
          <name>House floor actions</name>
          <code>2</code>
        </sourceSystem>
        <text>Ms. Castor (FL) moved to recommit with instructions to the Committee on the Judiciary. (text: CR H84)</text>
        <links>
          <link>
            <url>https://www.congress.gov/congressional-record/volume-163/house-section/page/H84</url>
            <name>H84</name>
          </link>
        </links>
        <type>Floor</type>
        <actionCode>H36100</actionCode>
        <actionTime>14:41:29</actionTime>
        <actionDate>2017-01-04</actionDate>
        <committee>
          <name>Judiciary Committee</name>
          <systemCode>hsju00</systemCode>
        </committee>
      </item>
      <item>
        <sourceSystem>
          <name>House floor actions</name>
          <code>2</code>
        </sourceSystem>
        <text>The previous question was ordered pursuant to the rule.</text>
        <links />
        <type>Floor</type>
        <actionCode>H35000</actionCode>
        <actionTime>14:40:56</actionTime>
        <actionDate>2017-01-04</actionDate>
        <committee />
      </item>
      <item>
        <sourceSystem>
          <name>House floor actions</name>
          <code>2</code>
        </sourceSystem>
        <text>DEBATE - The House proceeded with one hour of debate on H.R. 21.</text>
        <links>
          <link>
            <url>https://www.congress.gov/bill/115th-congress/house-bill/21</url>
            <name>H.R. 21</name>
          </link>
        </links>
        <type>Floor</type>
        <actionCode>H8D000</actionCode>
        <actionTime>13:35:57</actionTime>
        <actionDate>2017-01-04</actionDate>
        <committee />
      </item>
      <item>
        <sourceSystem>
          <name>House floor actions</name>
          <code>2</code>
        </sourceSystem>
        <text>The rule provides for one hour of debate and one motion to recommit.</text>
        <links />
        <type>Floor</type>
        <actionCode>H8D000</actionCode>
        <actionTime>13:35:35</actionTime>
        <actionDate>2017-01-04</actionDate>
        <committee />
      </item>
      <item>
        <sourceSystem>
          <name>House floor actions</name>
          <code>2</code>
        </sourceSystem>
        <text>Considered under the provisions of rule H. Res. 5. (consideration: CR H74-86)</text>
        <links>
          <link>
            <url>https://www.congress.gov/bill/115th-congress/house-resolution/5</url>
            <name>H. Res. 5</name>
          </link>
          <link>
            <url>https://www.congress.gov/congressional-record/volume-163/house-section/page/H74-86</url>
            <name>H74-86</name>
          </link>
        </links>
        <type>Floor</type>
        <actionCode>H30000</actionCode>
        <actionTime>13:35:19</actionTime>
        <actionDate>2017-01-04</actionDate>
        <committee />
      </item>
      <item>
        <actionDate>2017-01-03</actionDate>
        <committee>
          <name>Regulatory Reform, Commercial And Antitrust Law Subcommittee</name>
          <systemCode>hsju05</systemCode>
        </committee>
        <links />
        <sourceSystem>
          <name>House committee actions</name>
          <code>1</code>
        </sourceSystem>
        <text>Referred to the Subcommittee on Regulatory Reform, Commercial And Antitrust Law.</text>
        <type>Committee</type>
      </item>
      <item>
        <sourceSystem>
          <name>House floor actions</name>
          <code>2</code>
        </sourceSystem>
        <text>Referred to House Rules</text>
        <links />
        <type>IntroReferral</type>
        <actionCode>H11100</actionCode>
        <actionDate>2017-01-03</actionDate>
        <committee>
          <name>Rules Committee</name>
          <systemCode>hsru00</systemCode>
        </committee>
      </item>
      <item>
        <sourceSystem>
          <name>Library of Congress</name>
          <code>9</code>
        </sourceSystem>
        <text>Referred to the Committee on the Judiciary, and in addition to the Committee on Rules, for a period to be subsequently determined by the Speaker, in each case for consideration of such provisions as fall within the jurisdiction of the committee concerned.</text>
        <links />
        <type>IntroReferral</type>
        <actionCode>H11100-A</actionCode>
        <actionDate>2017-01-03</actionDate>
        <committee />
      </item>
      <item>
        <sourceSystem>
          <name>House floor actions</name>
          <code>2</code>
        </sourceSystem>
        <text>Referred to House Judiciary</text>
        <links />
        <type>IntroReferral</type>
        <actionCode>H11100</actionCode>
        <actionDate>2017-01-03</actionDate>
        <committee>
          <name>Judiciary Committee</name>
          <systemCode>hsju00</systemCode>
        </committee>
      </item>
      <item>
        <sourceSystem>
          <name>Library of Congress</name>
          <code>9</code>
        </sourceSystem>
        <text>Introduced in House</text>
        <links />
        <type>IntroReferral</type>
        <actionCode>Intro-H</actionCode>
        <actionDate>2017-01-03</actionDate>
        <committee />
      </item>
      <item>
        <sourceSystem>
          <name>Library of Congress</name>
          <code>9</code>
        </sourceSystem>
        <text>Introduced in House</text>
        <links />
        <type>IntroReferral</type>
        <actionCode>1000</actionCode>
        <actionDate>2017-01-03</actionDate>
        <committee />
      </item>
    </actions>
    <committees>
      <billCommittees>
        <item>
          <type>Standing</type>
          <subcommittees />
          <systemCode>ssga00</systemCode>
          <name>Homeland Security and Governmental Affairs Committee</name>
          <chamber>Senate</chamber>
          <activities>
            <item>
              <date>2017-01-05T18:21:29Z</date>
              <name>Referred to</name>
            </item>
          </activities>
        </item>
        <item>
          <type>Standing</type>
          <subcommittees>
            <item>
              <systemCode>hsju05</systemCode>
              <name>Regulatory Reform, Commercial And Antitrust Law Subcommittee</name>
              <activities>
                <item>
                  <date>2017-01-03T18:58:29Z</date>
                  <name>Referred to</name>
                </item>
              </activities>
            </item>
          </subcommittees>
          <systemCode>hsju00</systemCode>
          <name>Judiciary Committee</name>
          <chamber>House</chamber>
          <activities>
            <item>
              <date>2017-01-03T17:01:20Z</date>
              <name>Referred to</name>
            </item>
          </activities>
        </item>
        <item>
          <type>Standing</type>
          <subcommittees />
          <systemCode>hsru00</systemCode>
          <name>Rules Committee</name>
          <chamber>House</chamber>
          <activities>
            <item>
              <date>2017-01-03T17:01:25Z</date>
              <name>Referred to</name>
            </item>
          </activities>
        </item>
      </billCommittees>
    </committees>
    <billNumber>21</billNumber>
    <updateDate>2017-01-18T15:31:29Z</updateDate>
    <title>Midnight Rules Relief Act of 2017</title>
    <billType>HR</billType>
    <laws />
    <originChamber>House</originChamber>
    <latestAction>
      <actionDate>2017-01-05</actionDate>
      <text>Received in the Senate and Read twice and referred to the Committee on Homeland Security and Governmental Affairs.</text>
      <links />
    </latestAction>
    <committeeReports />
    <sponsors>
      <item>
        <middleName>E.</middleName>
        <state>CA</state>
        <bioguideId>I000056</bioguideId>
        <fullName>Rep. Issa, Darrell E. [R-CA-49]</fullName>
        <identifiers>
          <gpoId>7854</gpoId>
          <lisID>1640</lisID>
          <bioguideId>I000056</bioguideId>
        </identifiers>
        <lastName>ISSA</lastName>
        <byRequestType />
        <firstName>DARRELL</firstName>
        <party>R</party>
        <district>49</district>
      </item>
    </sponsors>
    <cosponsors>
      <item>
        <middleName>W.</middleName>
        <state>VA</state>
        <fullName>Rep. Goodlatte, Bob [R-VA-6]</fullName>
        <bioguideId>G000289</bioguideId>
        <isOriginalCosponsor>True</isOriginalCosponsor>
        <sponsorshipDate>2017-01-03</sponsorshipDate>
        <sponsorshipWithdrawnDate />
        <party>R</party>
        <firstName>ROBERT</firstName>
        <lastName>GOODLATTE</lastName>
        <district>6</district>
        <identifiers>
          <lisID>446</lisID>
          <bioguideId>G000289</bioguideId>
          <gpoId>8197</gpoId>
        </identifiers>
      </item>
      <item>
        <middleName />
        <state>TX</state>
        <fullName>Rep. Sessions, Pete [R-TX-32]</fullName>
        <bioguideId>S000250</bioguideId>
        <isOriginalCosponsor>True</isOriginalCosponsor>
        <sponsorshipDate>2017-01-03</sponsorshipDate>
        <sponsorshipWithdrawnDate />
        <party>R</party>
        <firstName>PETE</firstName>
        <lastName>SESSIONS</lastName>
        <district>32</district>
        <identifiers>
          <bioguideId>S000250</bioguideId>
          <lisID>1525</lisID>
          <gpoId>8188</gpoId>
        </identifiers>
      </item>
      <item>
        <middleName />
        <state>GA</state>
        <fullName>Rep. Collins, Doug [R-GA-9]</fullName>
        <bioguideId>C001093</bioguideId>
        <isOriginalCosponsor>True</isOriginalCosponsor>
        <sponsorshipDate>2017-01-03</sponsorshipDate>
        <sponsorshipWithdrawnDate />
        <party>R</party>
        <firstName>Doug</firstName>
        <lastName>Collins</lastName>
        <district>9</district>
        <identifiers>
          <lisID>2121</lisID>
          <bioguideId>C001093</bioguideId>
          <gpoId />
        </identifiers>
      </item>
      <item>
        <middleName />
        <state>OH</state>
        <fullName>Rep. Jordan, Jim [R-OH-4]</fullName>
        <bioguideId>J000289</bioguideId>
        <isOriginalCosponsor>True</isOriginalCosponsor>
        <sponsorshipDate>2017-01-03</sponsorshipDate>
        <sponsorshipWithdrawnDate />
        <party>R</party>
        <firstName>Jim</firstName>
        <lastName>Jordan</lastName>
        <district>4</district>
        <identifiers>
          <lisID>1868</lisID>
          <gpoId>8094</gpoId>
          <bioguideId>J000289</bioguideId>
        </identifiers>
      </item>
      <item>
        <middleName />
        <state>PA</state>
        <fullName>Rep. Marino, Tom [R-PA-10]</fullName>
        <bioguideId>M001179</bioguideId>
        <isOriginalCosponsor>True</isOriginalCosponsor>
        <sponsorshipDate>2017-01-03</sponsorshipDate>
        <sponsorshipWithdrawnDate />
        <party>R</party>
        <firstName>Tom</firstName>
        <lastName>Marino</lastName>
        <district>10</district>
        <identifiers>
          <bioguideId>M001179</bioguideId>
          <gpoId>8128</gpoId>
          <lisID>2053</lisID>
        </identifiers>
      </item>
      <item>
        <middleName />
        <state>MD</state>
        <fullName>Rep. Harris, Andy [R-MD-1]</fullName>
        <bioguideId>H001052</bioguideId>
        <isOriginalCosponsor>True</isOriginalCosponsor>
        <sponsorshipDate>2017-01-03</sponsorshipDate>
        <sponsorshipWithdrawnDate />
        <party>R</party>
        <firstName>Andy</firstName>
        <lastName>Harris</lastName>
        <district>1</district>
        <identifiers>
          <gpoId>7976</gpoId>
          <lisID>2026</lisID>
          <bioguideId>H001052</bioguideId>
        </identifiers>
      </item>
      <item>
        <middleName>Morgan</middleName>
        <state>VA</state>
        <fullName>Rep. Griffith, H. Morgan [R-VA-9]</fullName>
        <bioguideId>G000568</bioguideId>
        <isOriginalCosponsor>True</isOriginalCosponsor>
        <sponsorshipDate>2017-01-03</sponsorshipDate>
        <sponsorshipWithdrawnDate />
        <party>R</party>
        <firstName>H.</firstName>
        <lastName>Griffith</lastName>
        <district>9</district>
        <identifiers>
          <lisID>2070</lisID>
          <bioguideId>G000568</bioguideId>
          <gpoId>8200</gpoId>
        </identifiers>
      </item>
      <item>
        <middleName />
        <state>TX</state>
        <fullName>Rep. Ratcliffe, John [R-TX-4]</fullName>
        <bioguideId>R000601</bioguideId>
        <isOriginalCosponsor>True</isOriginalCosponsor>
        <sponsorshipDate>2017-01-03</sponsorshipDate>
        <sponsorshipWithdrawnDate />
        <party>R</party>
        <firstName>John</firstName>
        <lastName>Ratcliffe</lastName>
        <district>4</district>
        <identifiers>
          <lisID>2268</lisID>
          <gpoId />
          <bioguideId>R000601</bioguideId>
        </identifiers>
      </item>
      <item>
        <middleName>H.</middleName>
        <state>WV</state>
        <fullName>Rep. Jenkins, Evan H. [R-WV-3]</fullName>
        <bioguideId>J000297</bioguideId>
        <isOriginalCosponsor>True</isOriginalCosponsor>
        <sponsorshipDate>2017-01-03</sponsorshipDate>
        <sponsorshipWithdrawnDate />
        <party>R</party>
        <firstName>Evan</firstName>
        <lastName>Jenkins</lastName>
        <district>3</district>
        <identifiers>
          <gpoId />
          <bioguideId>J000297</bioguideId>
          <lisID>2278</lisID>
        </identifiers>
      </item>
      <item>
        <middleName />
        <state>TX</state>
        <fullName>Rep. Smith, Lamar [R-TX-21]</fullName>
        <bioguideId>S000583</bioguideId>
        <isOriginalCosponsor>True</isOriginalCosponsor>
        <sponsorshipDate>2017-01-03</sponsorshipDate>
        <sponsorshipWithdrawnDate />
        <party>R</party>
        <firstName>LAMAR</firstName>
        <lastName>SMITH</lastName>
        <district>21</district>
        <identifiers>
          <bioguideId>S000583</bioguideId>
          <lisID>1075</lisID>
          <gpoId>8177</gpoId>
        </identifiers>
      </item>
      <item>
        <middleName />
        <state>SC</state>
        <fullName>Rep. Gowdy, Trey [R-SC-4]</fullName>
        <bioguideId>G000566</bioguideId>
        <isOriginalCosponsor>True</isOriginalCosponsor>
        <sponsorshipDate>2017-01-03</sponsorshipDate>
        <sponsorshipWithdrawnDate />
        <party>R</party>
        <firstName>Trey</firstName>
        <lastName>Gowdy</lastName>
        <district>4</district>
        <identifiers>
          <gpoId>8144</gpoId>
          <lisID>2058</lisID>
          <bioguideId>G000566</bioguideId>
        </identifiers>
      </item>
      <item>
        <middleName>C.</middleName>
        <state>MN</state>
        <fullName>Rep. Peterson, Collin C. [D-MN-7]</fullName>
        <bioguideId>P000258</bioguideId>
        <isOriginalCosponsor>True</isOriginalCosponsor>
        <sponsorshipDate>2017-01-03</sponsorshipDate>
        <sponsorshipWithdrawnDate />
        <party>D</party>
        <firstName>COLLIN</firstName>
        <lastName>PETERSON</lastName>
        <district>7</district>
        <identifiers>
          <gpoId>8007</gpoId>
          <lisID>910</lisID>
          <bioguideId>P000258</bioguideId>
        </identifiers>
      </item>
      <item>
        <middleName />
        <state>MO</state>
        <fullName>Rep. Hartzler, Vicky [R-MO-4]</fullName>
        <bioguideId>H001053</bioguideId>
        <isOriginalCosponsor>True</isOriginalCosponsor>
        <sponsorshipDate>2017-01-03</sponsorshipDate>
        <sponsorshipWithdrawnDate />
        <party>R</party>
        <firstName>Vicky</firstName>
        <lastName>Hartzler</lastName>
        <district>4</district>
        <identifiers>
          <bioguideId>H001053</bioguideId>
          <lisID>2032</lisID>
          <gpoId>8012</gpoId>
        </identifiers>
      </item>
      <item>
        <middleName />
        <state>FL</state>
        <fullName>Rep. Gaetz, Matt [R-FL-1]</fullName>
        <bioguideId>G000578</bioguideId>
        <isOriginalCosponsor>False</isOriginalCosponsor>
        <sponsorshipDate>2017-01-04</sponsorshipDate>
        <sponsorshipWithdrawnDate />
        <party>R</party>
        <firstName>Matt</firstName>
        <lastName>Gaetz</lastName>
        <district>1</district>
        <identifiers>
          <lisID>2314</lisID>
          <bioguideId>G000578</bioguideId>
          <gpoId />
        </identifiers>
      </item>
    </cosponsors>
    <createDate>2017-01-04T07:01:08Z</createDate>
    <calendarNumbers />
    <notes />
  </bill>
  <dublinCore xmlns:dc="http://purl.org/dc/elements/1.1/">
    <dc:format>text/xml</dc:format>
    <dc:language>EN</dc:language>
    <dc:rights>Pursuant to Title 17 Section 105 of the United States Code, this file is not subject to copyright protection and is in the public domain.</dc:rights>
    <dc:contributor>Congressional Research Service, Library of Congress</dc:contributor>
    <dc:description>This file contains bill summaries and statuses for federal legislation. A bill summary describes the most significant provisions of a piece of legislation and details the effects the legislative text may have on current law and federal programs. Bill summaries are authored by the Congressional Research Service (CRS) of the Library of Congress. As stated in Public Law 91-510 (2 USC 166 (d)(6)), one of the duties of CRS is "to prepare summaries and digests of bills and resolutions of a public general nature introduced in the Senate or House of Representatives". For more information, refer to the User Guide that accompanies this file.</dc:description>
  </dublinCore>
</billStatus>

