<?xml version="1.0" encoding="UTF-8"?>
<billStatus>
  <bill>
    <subjects>
      <billSubjects>
        <policyArea>
          <name>Congress</name>
        </policyArea>
        <legislativeSubjects />
      </billSubjects>
    </subjects>
    <recordedVotes />
    <congress>115</congress>
    <updateDate>2017-01-23T14:31:30Z</updateDate>
    <policyArea>
      <name>Congress</name>
    </policyArea>
    <notes />
    <constitutionalAuthorityStatementText />
    <laws />
    <latestAction>
      <links />
      <text>Referred to the House Committee on the Judiciary.</text>
      <actionDate>2017-01-10</actionDate>
    </latestAction>
    <introducedDate>2017-01-10</introducedDate>
    <title>One Subject at a Time Act</title>
    <relatedBills />
    <createDate>2017-01-11T05:09:42Z</createDate>
    <amendments />
    <sponsors>
      <item>
        <lastName>Love</lastName>
        <state>UT</state>
        <middleName>B.</middleName>
        <byRequestType />
        <bioguideId>L000584</bioguideId>
        <firstName>Mia</firstName>
        <party>R</party>
        <identifiers>
          <lisID>2271</lisID>
          <bioguideId>L000584</bioguideId>
          <gpoId />
        </identifiers>
        <fullName>Rep. Love, Mia B. [R-UT-4]</fullName>
        <district>4</district>
      </item>
    </sponsors>
    <cosponsors>
      <item>
        <sponsorshipWithdrawnDate />
        <isOriginalCosponsor>True</isOriginalCosponsor>
        <sponsorshipDate>2017-01-10</sponsorshipDate>
        <party>R</party>
        <district>4</district>
        <state>KY</state>
        <fullName>Rep. Massie, Thomas [R-KY-4]</fullName>
        <identifiers>
          <gpoId>8371</gpoId>
          <bioguideId>M001184</bioguideId>
          <lisID>2094</lisID>
        </identifiers>
        <lastName>Massie</lastName>
        <middleName />
        <bioguideId>M001184</bioguideId>
        <firstName>Thomas</firstName>
      </item>
      <item>
        <sponsorshipWithdrawnDate />
        <isOriginalCosponsor>True</isOriginalCosponsor>
        <sponsorshipDate>2017-01-10</sponsorshipDate>
        <party>R</party>
        <district>2</district>
        <state>UT</state>
        <fullName>Rep. Stewart, Chris [R-UT-2]</fullName>
        <identifiers>
          <lisID>2168</lisID>
          <gpoId />
          <bioguideId>S001192</bioguideId>
        </identifiers>
        <lastName>Stewart</lastName>
        <middleName />
        <bioguideId>S001192</bioguideId>
        <firstName>Chris</firstName>
      </item>
      <item>
        <sponsorshipWithdrawnDate />
        <isOriginalCosponsor>True</isOriginalCosponsor>
        <sponsorshipDate>2017-01-10</sponsorshipDate>
        <party>R</party>
        <district>6</district>
        <state>NC</state>
        <fullName>Rep. Walker, Mark [R-NC-6]</fullName>
        <identifiers>
          <lisID>2255</lisID>
          <bioguideId>W000819</bioguideId>
          <gpoId />
        </identifiers>
        <lastName>Walker</lastName>
        <middleName />
        <bioguideId>W000819</bioguideId>
        <firstName>Mark</firstName>
      </item>
      <item>
        <sponsorshipWithdrawnDate />
        <isOriginalCosponsor>True</isOriginalCosponsor>
        <sponsorshipDate>2017-01-10</sponsorshipDate>
        <party>R</party>
        <district>4</district>
        <state>CO</state>
        <fullName>Rep. Buck, Ken [R-CO-4]</fullName>
        <identifiers>
          <gpoId />
          <lisID>2233</lisID>
          <bioguideId>B001297</bioguideId>
        </identifiers>
        <lastName>Buck</lastName>
        <middleName />
        <bioguideId>B001297</bioguideId>
        <firstName>Ken</firstName>
      </item>
      <item>
        <sponsorshipWithdrawnDate />
        <isOriginalCosponsor>True</isOriginalCosponsor>
        <sponsorshipDate>2017-01-10</sponsorshipDate>
        <party>R</party>
        <district>1</district>
        <state>IA</state>
        <fullName>Rep. Blum, Rod [R-IA-1]</fullName>
        <identifiers>
          <lisID>2241</lisID>
          <bioguideId>B001294</bioguideId>
          <gpoId />
        </identifiers>
        <lastName>Blum</lastName>
        <middleName />
        <bioguideId>B001294</bioguideId>
        <firstName>Rod</firstName>
      </item>
      <item>
        <sponsorshipWithdrawnDate />
        <isOriginalCosponsor>True</isOriginalCosponsor>
        <sponsorshipDate>2017-01-10</sponsorshipDate>
        <party>R</party>
        <district>3</district>
        <state>SC</state>
        <fullName>Rep. Duncan, Jeff [R-SC-3]</fullName>
        <identifiers>
          <lisID>2057</lisID>
          <bioguideId>D000615</bioguideId>
          <gpoId>8143</gpoId>
        </identifiers>
        <lastName>Duncan</lastName>
        <middleName />
        <bioguideId>D000615</bioguideId>
        <firstName>Jeff</firstName>
      </item>
      <item>
        <sponsorshipWithdrawnDate />
        <isOriginalCosponsor>True</isOriginalCosponsor>
        <sponsorshipDate>2017-01-10</sponsorshipDate>
        <party>R</party>
        <district>5</district>
        <state>AZ</state>
        <fullName>Rep. Biggs, Andy [R-AZ-5]</fullName>
        <identifiers>
          <gpoId />
          <lisID>2307</lisID>
          <bioguideId>B001302</bioguideId>
        </identifiers>
        <lastName>Biggs</lastName>
        <middleName />
        <bioguideId>B001302</bioguideId>
        <firstName>Andy</firstName>
      </item>
      <item>
        <sponsorshipWithdrawnDate />
        <isOriginalCosponsor>True</isOriginalCosponsor>
        <sponsorshipDate>2017-01-10</sponsorshipDate>
        <party>R</party>
        <district>1</district>
        <state>MD</state>
        <fullName>Rep. Harris, Andy [R-MD-1]</fullName>
        <identifiers>
          <bioguideId>H001052</bioguideId>
          <gpoId>7976</gpoId>
          <lisID>2026</lisID>
        </identifiers>
        <lastName>Harris</lastName>
        <middleName />
        <bioguideId>H001052</bioguideId>
        <firstName>Andy</firstName>
      </item>
      <item>
        <sponsorshipWithdrawnDate />
        <isOriginalCosponsor>True</isOriginalCosponsor>
        <sponsorshipDate>2017-01-10</sponsorshipDate>
        <party>R</party>
        <district>11</district>
        <state>GA</state>
        <fullName>Rep. Loudermilk, Barry [R-GA-11]</fullName>
        <identifiers>
          <gpoId />
          <lisID>2238</lisID>
          <bioguideId>L000583</bioguideId>
        </identifiers>
        <lastName>Loudermilk</lastName>
        <middleName />
        <bioguideId>L000583</bioguideId>
        <firstName>Barry</firstName>
      </item>
      <item>
        <sponsorshipWithdrawnDate />
        <isOriginalCosponsor>True</isOriginalCosponsor>
        <sponsorshipDate>2017-01-10</sponsorshipDate>
        <party>R</party>
        <district>4</district>
        <state>TX</state>
        <fullName>Rep. Ratcliffe, John [R-TX-4]</fullName>
        <identifiers>
          <gpoId />
          <lisID>2268</lisID>
          <bioguideId>R000601</bioguideId>
        </identifiers>
        <lastName>Ratcliffe</lastName>
        <middleName />
        <bioguideId>R000601</bioguideId>
        <firstName>John</firstName>
      </item>
      <item>
        <sponsorshipWithdrawnDate />
        <isOriginalCosponsor>True</isOriginalCosponsor>
        <sponsorshipDate>2017-01-10</sponsorshipDate>
        <party>R</party>
        <district>7</district>
        <state>VA</state>
        <fullName>Rep. Brat, Dave [R-VA-7]</fullName>
        <identifiers>
          <gpoId />
          <bioguideId>B001290</bioguideId>
          <lisID>2203</lisID>
        </identifiers>
        <lastName>Brat</lastName>
        <middleName />
        <bioguideId>B001290</bioguideId>
        <firstName>Dave</firstName>
      </item>
      <item>
        <sponsorshipWithdrawnDate />
        <isOriginalCosponsor>True</isOriginalCosponsor>
        <sponsorshipDate>2017-01-10</sponsorshipDate>
        <party>R</party>
        <district>4</district>
        <state>LA</state>
        <fullName>Rep. Johnson, Mike [R-LA-4]</fullName>
        <identifiers>
          <lisID>2330</lisID>
          <bioguideId>J000299</bioguideId>
          <gpoId />
        </identifiers>
        <lastName>Johnson</lastName>
        <middleName />
        <bioguideId>J000299</bioguideId>
        <firstName>Mike</firstName>
      </item>
      <item>
        <sponsorshipWithdrawnDate />
        <isOriginalCosponsor>True</isOriginalCosponsor>
        <sponsorshipDate>2017-01-10</sponsorshipDate>
        <party>R</party>
        <district>11</district>
        <state>NC</state>
        <fullName>Rep. Meadows, Mark [R-NC-11]</fullName>
        <identifiers>
          <gpoId />
          <lisID>2142</lisID>
          <bioguideId>M001187</bioguideId>
        </identifiers>
        <lastName>Meadows</lastName>
        <middleName />
        <bioguideId>M001187</bioguideId>
        <firstName>Mark</firstName>
      </item>
      <item>
        <sponsorshipWithdrawnDate />
        <isOriginalCosponsor>True</isOriginalCosponsor>
        <sponsorshipDate>2017-01-10</sponsorshipDate>
        <party>R</party>
        <district>6</district>
        <state>MN</state>
        <fullName>Rep. Emmer, Tom [R-MN-6]</fullName>
        <identifiers>
          <gpoId />
          <lisID>2253</lisID>
          <bioguideId>E000294</bioguideId>
        </identifiers>
        <lastName>Emmer</lastName>
        <middleName />
        <bioguideId>E000294</bioguideId>
        <firstName>Tom</firstName>
      </item>
      <item>
        <sponsorshipWithdrawnDate />
        <isOriginalCosponsor>True</isOriginalCosponsor>
        <sponsorshipDate>2017-01-10</sponsorshipDate>
        <party>R</party>
        <district>6</district>
        <state>AZ</state>
        <fullName>Rep. Schweikert, David [R-AZ-6]</fullName>
        <identifiers>
          <lisID>1994</lisID>
          <bioguideId>S001183</bioguideId>
          <gpoId>7802</gpoId>
        </identifiers>
        <lastName>Schweikert</lastName>
        <middleName />
        <bioguideId>S001183</bioguideId>
        <firstName>David</firstName>
      </item>
      <item>
        <sponsorshipWithdrawnDate />
        <isOriginalCosponsor>True</isOriginalCosponsor>
        <sponsorshipDate>2017-01-10</sponsorshipDate>
        <party>R</party>
        <district>1</district>
        <state>ID</state>
        <fullName>Rep. Labrador, Raul R. [R-ID-1]</fullName>
        <identifiers>
          <lisID>2011</lisID>
          <bioguideId>L000573</bioguideId>
          <gpoId>7919</gpoId>
        </identifiers>
        <lastName>Labrador</lastName>
        <middleName>R.</middleName>
        <bioguideId>L000573</bioguideId>
        <firstName>Raul</firstName>
      </item>
      <item>
        <sponsorshipWithdrawnDate />
        <isOriginalCosponsor>True</isOriginalCosponsor>
        <sponsorshipDate>2017-01-10</sponsorshipDate>
        <party>R</party>
        <district>9</district>
        <state>GA</state>
        <fullName>Rep. Collins, Doug [R-GA-9]</fullName>
        <identifiers>
          <gpoId />
          <lisID>2121</lisID>
          <bioguideId>C001093</bioguideId>
        </identifiers>
        <lastName>Collins</lastName>
        <middleName />
        <bioguideId>C001093</bioguideId>
        <firstName>Doug</firstName>
      </item>
      <item>
        <sponsorshipWithdrawnDate />
        <isOriginalCosponsor>True</isOriginalCosponsor>
        <sponsorshipDate>2017-01-10</sponsorshipDate>
        <party>R</party>
        <district>6</district>
        <state>FL</state>
        <fullName>Rep. DeSantis, Ron [R-FL-6]</fullName>
        <identifiers>
          <gpoId />
          <lisID>2116</lisID>
          <bioguideId>D000621</bioguideId>
        </identifiers>
        <lastName>DeSantis</lastName>
        <middleName />
        <bioguideId>D000621</bioguideId>
        <firstName>Ron</firstName>
      </item>
      <item>
        <sponsorshipWithdrawnDate />
        <isOriginalCosponsor>True</isOriginalCosponsor>
        <sponsorshipDate>2017-01-10</sponsorshipDate>
        <party>R</party>
        <district>1</district>
        <state>UT</state>
        <fullName>Rep. Bishop, Rob [R-UT-1]</fullName>
        <identifiers>
          <gpoId>8189</gpoId>
          <lisID>1753</lisID>
          <bioguideId>B001250</bioguideId>
        </identifiers>
        <lastName>Bishop</lastName>
        <middleName />
        <bioguideId>B001250</bioguideId>
        <firstName>Rob</firstName>
      </item>
      <item>
        <sponsorshipWithdrawnDate />
        <isOriginalCosponsor>True</isOriginalCosponsor>
        <sponsorshipDate>2017-01-10</sponsorshipDate>
        <party>R</party>
        <district>11</district>
        <state>FL</state>
        <fullName>Rep. Webster, Daniel [R-FL-11]</fullName>
        <identifiers>
          <lisID>2002</lisID>
          <bioguideId>W000806</bioguideId>
          <gpoId>7880</gpoId>
        </identifiers>
        <lastName>Webster</lastName>
        <middleName />
        <bioguideId>W000806</bioguideId>
        <firstName>Daniel</firstName>
      </item>
      <item>
        <sponsorshipWithdrawnDate />
        <isOriginalCosponsor>True</isOriginalCosponsor>
        <sponsorshipDate>2017-01-10</sponsorshipDate>
        <party>R</party>
        <district>5</district>
        <state>AL</state>
        <fullName>Rep. Brooks, Mo [R-AL-5]</fullName>
        <identifiers>
          <lisID>1987</lisID>
          <bioguideId>B001274</bioguideId>
          <gpoId>7790</gpoId>
        </identifiers>
        <lastName>Brooks</lastName>
        <middleName />
        <bioguideId>B001274</bioguideId>
        <firstName>Mo</firstName>
      </item>
    </cosponsors>
    <billNumber>395</billNumber>
    <cboCostEstimates />
    <actions>
      <item>
        <committee>
          <systemCode>hsju00</systemCode>
          <name>Judiciary Committee</name>
        </committee>
        <sourceSystem>
          <name>House floor actions</name>
          <code>2</code>
        </sourceSystem>
        <links />
        <type>IntroReferral</type>
        <actionCode>H11100</actionCode>
        <actionDate>2017-01-10</actionDate>
        <text>Referred to the House Committee on the Judiciary.</text>
      </item>
      <item>
        <committee />
        <sourceSystem>
          <name>Library of Congress</name>
          <code>9</code>
        </sourceSystem>
        <links />
        <type>IntroReferral</type>
        <actionCode>Intro-H</actionCode>
        <actionDate>2017-01-10</actionDate>
        <text>Introduced in House</text>
      </item>
      <item>
        <committee />
        <sourceSystem>
          <name>Library of Congress</name>
          <code>9</code>
        </sourceSystem>
        <links />
        <type>IntroReferral</type>
        <actionCode>1000</actionCode>
        <actionDate>2017-01-10</actionDate>
        <text>Introduced in House</text>
      </item>
      <actionTypeCounts>
        <introducedInTheHouse>1</introducedInTheHouse>
        <introducedInHouse>1</introducedInHouse>
        <billReferrals>1</billReferrals>
      </actionTypeCounts>
      <actionByCounts>
        <houseOfRepresentatives>3</houseOfRepresentatives>
      </actionByCounts>
    </actions>
    <committees>
      <billCommittees>
        <item>
          <systemCode>hsju00</systemCode>
          <chamber>House</chamber>
          <type>Standing</type>
          <activities>
            <item>
              <date>2017-01-10T15:03:20Z</date>
              <name>Referred to</name>
            </item>
          </activities>
          <subcommittees />
          <name>Judiciary Committee</name>
        </item>
      </billCommittees>
    </committees>
    <originChamber>House</originChamber>
    <calendarNumbers />
    <committeeReports />
    <summaries>
      <billSummaries />
    </summaries>
    <billType>HR</billType>
    <titles>
      <item>
        <chamberName />
        <titleType>Short Titles as Introduced</titleType>
        <parentTitleType />
        <title>One Subject at a Time Act</title>
        <chamberCode />
      </item>
      <item>
        <chamberName />
        <titleType>Official Title as Introduced</titleType>
        <parentTitleType />
        <title>To end the practice of including more than one subject in a single bill by requiring that each bill enacted by Congress be limited to only one subject, and for other purposes.</title>
        <chamberCode />
      </item>
      <item>
        <chamberName />
        <titleType>Display Title</titleType>
        <parentTitleType />
        <title>One Subject at a Time Act</title>
        <chamberCode />
      </item>
    </titles>
  </bill>
  <dublinCore xmlns:dc="http://purl.org/dc/elements/1.1/">
    <dc:format>text/xml</dc:format>
    <dc:language>EN</dc:language>
    <dc:rights>Pursuant to Title 17 Section 105 of the United States Code, this file is not subject to copyright protection and is in the public domain.</dc:rights>
    <dc:contributor>Congressional Research Service, Library of Congress</dc:contributor>
    <dc:description>This file contains bill summaries and statuses for federal legislation. A bill summary describes the most significant provisions of a piece of legislation and details the effects the legislative text may have on current law and federal programs. Bill summaries are authored by the Congressional Research Service (CRS) of the Library of Congress. As stated in Public Law 91-510 (2 USC 166 (d)(6)), one of the duties of CRS is "to prepare summaries and digests of bills and resolutions of a public general nature introduced in the Senate or House of Representatives". For more information, refer to the User Guide that accompanies this file.</dc:description>
  </dublinCore>
</billStatus>

