<?xml version="1.0" encoding="UTF-8"?>
<billStatus>
  <bill>
    <congress>115</congress>
    <billNumber>486</billNumber>
    <cosponsors>
      <item>
        <sponsorshipDate>2017-01-12</sponsorshipDate>
        <party>R</party>
        <fullName>Rep. Schweikert, David [R-AZ-6]</fullName>
        <sponsorshipWithdrawnDate />
        <identifiers>
          <gpoId>7802</gpoId>
          <bioguideId>S001183</bioguideId>
          <lisID>1994</lisID>
        </identifiers>
        <firstName>David</firstName>
        <state>AZ</state>
        <district>6</district>
        <isOriginalCosponsor>True</isOriginalCosponsor>
        <bioguideId>S001183</bioguideId>
        <lastName>Schweikert</lastName>
        <middleName />
      </item>
      <item>
        <sponsorshipDate>2017-01-12</sponsorshipDate>
        <party>R</party>
        <fullName>Rep. Gosar, Paul A. [R-AZ-4]</fullName>
        <sponsorshipWithdrawnDate />
        <identifiers>
          <lisID>1992</lisID>
          <gpoId>7798</gpoId>
          <bioguideId>G000565</bioguideId>
        </identifiers>
        <firstName>Paul</firstName>
        <state>AZ</state>
        <district>4</district>
        <isOriginalCosponsor>True</isOriginalCosponsor>
        <bioguideId>G000565</bioguideId>
        <lastName>Gosar</lastName>
        <middleName>A.</middleName>
      </item>
      <item>
        <sponsorshipDate>2017-01-12</sponsorshipDate>
        <party>R</party>
        <fullName>Rep. Cramer, Kevin [R-ND-At Large]</fullName>
        <sponsorshipWithdrawnDate />
        <identifiers>
          <bioguideId>C001096</bioguideId>
          <lisID>2144</lisID>
          <gpoId />
        </identifiers>
        <firstName>Kevin</firstName>
        <state>ND</state>
        <district>0</district>
        <isOriginalCosponsor>True</isOriginalCosponsor>
        <bioguideId>C001096</bioguideId>
        <lastName>Cramer</lastName>
        <middleName />
      </item>
      <item>
        <sponsorshipDate>2017-01-12</sponsorshipDate>
        <party>R</party>
        <fullName>Rep. Brooks, Mo [R-AL-5]</fullName>
        <sponsorshipWithdrawnDate />
        <identifiers>
          <gpoId>7790</gpoId>
          <bioguideId>B001274</bioguideId>
          <lisID>1987</lisID>
        </identifiers>
        <firstName>Mo</firstName>
        <state>AL</state>
        <district>5</district>
        <isOriginalCosponsor>True</isOriginalCosponsor>
        <bioguideId>B001274</bioguideId>
        <lastName>Brooks</lastName>
        <middleName />
      </item>
      <item>
        <sponsorshipDate>2017-01-12</sponsorshipDate>
        <party>R</party>
        <fullName>Rep. Barletta, Lou [R-PA-11]</fullName>
        <sponsorshipWithdrawnDate />
        <identifiers>
          <lisID>2054</lisID>
          <gpoId>8129</gpoId>
          <bioguideId>B001269</bioguideId>
        </identifiers>
        <firstName>Lou</firstName>
        <state>PA</state>
        <district>11</district>
        <isOriginalCosponsor>True</isOriginalCosponsor>
        <bioguideId>B001269</bioguideId>
        <lastName>Barletta</lastName>
        <middleName />
      </item>
      <item>
        <sponsorshipDate>2017-01-12</sponsorshipDate>
        <party>R</party>
        <fullName>Rep. McKinley, David B. [R-WV-1]</fullName>
        <sponsorshipWithdrawnDate />
        <identifiers>
          <bioguideId>M001180</bioguideId>
          <gpoId>8222</gpoId>
          <lisID>2074</lisID>
        </identifiers>
        <firstName>David</firstName>
        <state>WV</state>
        <district>1</district>
        <isOriginalCosponsor>True</isOriginalCosponsor>
        <bioguideId>M001180</bioguideId>
        <lastName>McKinley</lastName>
        <middleName>B.</middleName>
      </item>
      <item>
        <sponsorshipDate>2017-01-12</sponsorshipDate>
        <party>R</party>
        <fullName>Rep. Chabot, Steve [R-OH-1]</fullName>
        <sponsorshipWithdrawnDate />
        <identifiers>
          <bioguideId>C000266</bioguideId>
          <lisID>186</lisID>
          <gpoId>8091</gpoId>
        </identifiers>
        <firstName>STEVE</firstName>
        <state>OH</state>
        <district>1</district>
        <isOriginalCosponsor>True</isOriginalCosponsor>
        <bioguideId>C000266</bioguideId>
        <lastName>CHABOT</lastName>
        <middleName />
      </item>
      <item>
        <sponsorshipDate>2017-01-12</sponsorshipDate>
        <party>R</party>
        <fullName>Rep. Palmer, Gary J. [R-AL-6]</fullName>
        <sponsorshipWithdrawnDate />
        <identifiers>
          <gpoId />
          <bioguideId>P000609</bioguideId>
          <lisID>2221</lisID>
        </identifiers>
        <firstName>Gary</firstName>
        <state>AL</state>
        <district>6</district>
        <isOriginalCosponsor>True</isOriginalCosponsor>
        <bioguideId>P000609</bioguideId>
        <lastName>Palmer</lastName>
        <middleName>J.</middleName>
      </item>
      <item>
        <sponsorshipDate>2017-01-12</sponsorshipDate>
        <party>R</party>
        <fullName>Rep. Carter, Earl L. "Buddy" [R-GA-1]</fullName>
        <sponsorshipWithdrawnDate />
        <identifiers>
          <lisID>2236</lisID>
          <gpoId />
          <bioguideId>C001103</bioguideId>
        </identifiers>
        <firstName>Earl</firstName>
        <state>GA</state>
        <district>1</district>
        <isOriginalCosponsor>True</isOriginalCosponsor>
        <bioguideId>C001103</bioguideId>
        <lastName>Carter</lastName>
        <middleName>L. "Buddy"</middleName>
      </item>
      <item>
        <sponsorshipDate>2017-01-12</sponsorshipDate>
        <party>R</party>
        <fullName>Rep. Duncan, Jeff [R-SC-3]</fullName>
        <sponsorshipWithdrawnDate />
        <identifiers>
          <lisID>2057</lisID>
          <gpoId>8143</gpoId>
          <bioguideId>D000615</bioguideId>
        </identifiers>
        <firstName>Jeff</firstName>
        <state>SC</state>
        <district>3</district>
        <isOriginalCosponsor>True</isOriginalCosponsor>
        <bioguideId>D000615</bioguideId>
        <lastName>Duncan</lastName>
        <middleName />
      </item>
      <item>
        <sponsorshipDate>2017-01-12</sponsorshipDate>
        <party>R</party>
        <fullName>Rep. Grothman, Glenn [R-WI-6]</fullName>
        <sponsorshipWithdrawnDate />
        <identifiers>
          <lisID>2276</lisID>
          <gpoId />
          <bioguideId>G000576</bioguideId>
        </identifiers>
        <firstName>Glenn</firstName>
        <state>WI</state>
        <district>6</district>
        <isOriginalCosponsor>True</isOriginalCosponsor>
        <bioguideId>G000576</bioguideId>
        <lastName>Grothman</lastName>
        <middleName />
      </item>
      <item>
        <sponsorshipDate>2017-01-12</sponsorshipDate>
        <party>R</party>
        <fullName>Rep. Brat, Dave [R-VA-7]</fullName>
        <sponsorshipWithdrawnDate />
        <identifiers>
          <lisID>2203</lisID>
          <gpoId />
          <bioguideId>B001290</bioguideId>
        </identifiers>
        <firstName>Dave</firstName>
        <state>VA</state>
        <district>7</district>
        <isOriginalCosponsor>True</isOriginalCosponsor>
        <bioguideId>B001290</bioguideId>
        <lastName>Brat</lastName>
        <middleName />
      </item>
      <item>
        <sponsorshipDate>2017-01-12</sponsorshipDate>
        <party>R</party>
        <fullName>Rep. Franks, Trent [R-AZ-8]</fullName>
        <sponsorshipWithdrawnDate />
        <identifiers>
          <bioguideId>F000448</bioguideId>
          <gpoId>7799</gpoId>
          <lisID>1707</lisID>
        </identifiers>
        <firstName>Trent</firstName>
        <state>AZ</state>
        <district>8</district>
        <isOriginalCosponsor>True</isOriginalCosponsor>
        <bioguideId>F000448</bioguideId>
        <lastName>Franks</lastName>
        <middleName />
      </item>
    </cosponsors>
    <subjects>
      <billSubjects>
        <legislativeSubjects />
      </billSubjects>
    </subjects>
    <relatedBills />
    <constitutionalAuthorityStatementText />
    <updateDate>2017-01-13T10:07:05Z</updateDate>
    <actions>
      <item>
        <type>IntroReferral</type>
        <committee>
          <name>Judiciary Committee</name>
          <systemCode>hsju00</systemCode>
        </committee>
        <links />
        <actionDate>2017-01-12</actionDate>
        <text>Referred to the House Committee on the Judiciary.</text>
        <actionCode>H11100</actionCode>
        <sourceSystem>
          <name>House floor actions</name>
          <code>2</code>
        </sourceSystem>
      </item>
      <item>
        <type>IntroReferral</type>
        <committee />
        <links />
        <actionDate>2017-01-12</actionDate>
        <text>Introduced in House</text>
        <actionCode>Intro-H</actionCode>
        <sourceSystem>
          <name>Library of Congress</name>
          <code>9</code>
        </sourceSystem>
      </item>
      <item>
        <type>IntroReferral</type>
        <committee />
        <links />
        <actionDate>2017-01-12</actionDate>
        <text>Introduced in House</text>
        <actionCode>1000</actionCode>
        <sourceSystem>
          <name>Library of Congress</name>
          <code>9</code>
        </sourceSystem>
      </item>
      <actionByCounts>
        <houseOfRepresentatives>3</houseOfRepresentatives>
      </actionByCounts>
      <actionTypeCounts>
        <billReferrals>1</billReferrals>
        <introducedInTheHouse>1</introducedInTheHouse>
        <introducedInHouse>1</introducedInHouse>
      </actionTypeCounts>
    </actions>
    <summaries>
      <billSummaries />
    </summaries>
    <billType>HR</billType>
    <committeeReports />
    <originChamber>House</originChamber>
    <notes />
    <policyArea />
    <title>To require the Secretary of Homeland Security to detain any alien who is unlawfully present in the United States and is arrested for certain criminal offenses.</title>
    <createDate>2017-01-13T04:55:31Z</createDate>
    <sponsors>
      <item>
        <lastName>Biggs</lastName>
        <identifiers>
          <gpoId />
          <bioguideId>B001302</bioguideId>
          <lisID>2307</lisID>
        </identifiers>
        <byRequestType />
        <middleName />
        <state>AZ</state>
        <firstName>Andy</firstName>
        <party>R</party>
        <fullName>Rep. Biggs, Andy [R-AZ-5]</fullName>
        <district>5</district>
        <bioguideId>B001302</bioguideId>
      </item>
    </sponsors>
    <committees>
      <billCommittees>
        <item>
          <systemCode>hsju00</systemCode>
          <subcommittees />
          <type>Standing</type>
          <chamber>House</chamber>
          <name>Judiciary Committee</name>
          <activities>
            <item>
              <name>Referred to</name>
              <date>2017-01-12T15:05:05Z</date>
            </item>
          </activities>
        </item>
      </billCommittees>
    </committees>
    <titles>
      <item>
        <parentTitleType />
        <chamberCode />
        <chamberName />
        <titleType>Official Title as Introduced</titleType>
        <title>To require the Secretary of Homeland Security to detain any alien who is unlawfully present in the United States and is arrested for certain criminal offenses.</title>
      </item>
      <item>
        <parentTitleType />
        <chamberCode />
        <chamberName />
        <titleType>Display Title</titleType>
        <title>To require the Secretary of Homeland Security to detain any alien who is unlawfully present in the United States and is arrested for certain criminal offenses.</title>
      </item>
    </titles>
    <recordedVotes />
    <cboCostEstimates />
    <laws />
    <latestAction>
      <links />
      <text>Referred to the House Committee on the Judiciary.</text>
      <actionDate>2017-01-12</actionDate>
    </latestAction>
    <calendarNumbers />
    <introducedDate>2017-01-12</introducedDate>
    <amendments />
  </bill>
  <dublinCore xmlns:dc="http://purl.org/dc/elements/1.1/">
    <dc:format>text/xml</dc:format>
    <dc:language>EN</dc:language>
    <dc:rights>Pursuant to Title 17 Section 105 of the United States Code, this file is not subject to copyright protection and is in the public domain.</dc:rights>
    <dc:contributor>Congressional Research Service, Library of Congress</dc:contributor>
    <dc:description>This file contains bill summaries and statuses for federal legislation. A bill summary describes the most significant provisions of a piece of legislation and details the effects the legislative text may have on current law and federal programs. Bill summaries are authored by the Congressional Research Service (CRS) of the Library of Congress. As stated in Public Law 91-510 (2 USC 166 (d)(6)), one of the duties of CRS is "to prepare summaries and digests of bills and resolutions of a public general nature introduced in the Senate or House of Representatives". For more information, refer to the User Guide that accompanies this file.</dc:description>
  </dublinCore>
</billStatus>

