<?xml version="1.0" encoding="UTF-8"?>
<billStatus>
  <bill>
    <policyArea>
      <name>Public Lands and Natural Resources</name>
    </policyArea>
    <billNumber>310</billNumber>
    <laws />
    <constitutionalAuthorityStatementText><![CDATA[<pre>[Congressional Record Volume 163, Number 3 (Thursday, January 5, 2017)]From the Congressional Record Online through the Government Publishing Office [<a href='http://www.gpo.gov'>www.gpo.gov</a>]By Mr. DeFAZIO:H.R. 310.Article I, Section 8, Clause 18 (relating to the power tomake all laws necessary and proper for carrying out thepowers vested in Congress)[Page H182]</pre>]]></constitutionalAuthorityStatementText>
    <originChamber>House</originChamber>
    <billType>HR</billType>
    <summaries>
      <billSummaries>
        <item>
          <lastSummaryUpdateDate>2017-02-01T22:33:48Z</lastSummaryUpdateDate>
          <actionDate>2017-01-05</actionDate>
          <text><![CDATA[<p><b>Southwestern Oregon Watershed and Salmon Protection Act</b></p> <p>This bill withdraws specified federal land in Curry and Josephine Counties in Oregon from: (1) entry, appropriation, or disposal under the public land laws; (2) location, entry, and patent under the mining laws, and (3) operation under the mineral leasing and geothermal leasing laws. </p> <p> The bill amends the Wild and Scenic Rivers Act to revise the segment designations for the Chetco River in Oregon. </p> <p> The federal land within the boundaries of such segments of the Chetco River is withdrawn from: (1) entry, appropriation, or disposal under the public land laws; (2) location, entry, and patent under the mining laws; and (3) operation under the mineral leasing and geothermal leasing laws. </p>]]></text>
          <updateDate>2017-01-05T05:00:00Z</updateDate>
          <name>Introduced in House</name>
          <versionCode>00</versionCode>
          <actionDesc>Introduced in House</actionDesc>
        </item>
      </billSummaries>
    </summaries>
    <relatedBills>
      <item>
        <congress>115</congress>
        <number>192</number>
        <type>S</type>
        <latestTitle>Southwestern Oregon Watershed and Salmon Protection Act of 2017</latestTitle>
        <relationshipDetails>
          <item>
            <type>Related bill</type>
            <identifiedBy>CRS</identifiedBy>
          </item>
        </relationshipDetails>
        <latestAction>
          <text>Read twice and referred to the Committee on Energy and Natural Resources.</text>
          <actionDate>2017-01-23</actionDate>
        </latestAction>
      </item>
    </relatedBills>
    <createDate>2017-01-06T04:57:26Z</createDate>
    <sponsors>
      <item>
        <lastName>DEFAZIO</lastName>
        <party>D</party>
        <middleName>A.</middleName>
        <fullName>Rep. DeFazio, Peter A. [D-OR-4]</fullName>
        <identifiers>
          <lisID>279</lisID>
          <gpoId>8117</gpoId>
          <bioguideId>D000191</bioguideId>
        </identifiers>
        <state>OR</state>
        <firstName>PETER</firstName>
        <byRequestType />
        <district>4</district>
        <bioguideId>D000191</bioguideId>
      </item>
    </sponsors>
    <notes />
    <updateDate>2018-08-28T19:58:46Z</updateDate>
    <committeeReports />
    <actions>
      <item>
        <actionDate>2017-02-10</actionDate>
        <committee>
          <systemCode>hsii10</systemCode>
          <name>Federal Lands Subcommittee</name>
        </committee>
        <links />
        <sourceSystem>
          <code>1</code>
          <name>House committee actions</name>
        </sourceSystem>
        <text>Referred to the Subcommittee on Federal Lands.</text>
        <type>Committee</type>
      </item>
      <item>
        <actionDate>2017-02-10</actionDate>
        <committee>
          <systemCode>hsii06</systemCode>
          <name>Energy and Mineral Resources Subcommittee</name>
        </committee>
        <links />
        <sourceSystem>
          <code>1</code>
          <name>House committee actions</name>
        </sourceSystem>
        <text>Referred to the Subcommittee on Energy and Mineral Resources.</text>
        <type>Committee</type>
      </item>
      <item>
        <text>Referred to the House Committee on Natural Resources.</text>
        <links />
        <type>IntroReferral</type>
        <sourceSystem>
          <code>2</code>
          <name>House floor actions</name>
        </sourceSystem>
        <committee>
          <systemCode>hsii00</systemCode>
          <name>Natural Resources Committee</name>
        </committee>
        <actionDate>2017-01-05</actionDate>
        <actionCode>H11100</actionCode>
      </item>
      <item>
        <text>Introduced in House</text>
        <links />
        <type>IntroReferral</type>
        <sourceSystem>
          <code>9</code>
          <name>Library of Congress</name>
        </sourceSystem>
        <committee />
        <actionDate>2017-01-05</actionDate>
        <actionCode>Intro-H</actionCode>
      </item>
      <item>
        <text>Introduced in House</text>
        <links />
        <type>IntroReferral</type>
        <sourceSystem>
          <code>9</code>
          <name>Library of Congress</name>
        </sourceSystem>
        <committee />
        <actionDate>2017-01-05</actionDate>
        <actionCode>1000</actionCode>
      </item>
      <actionTypeCounts>
        <billReferrals>1</billReferrals>
        <introducedInTheHouse>1</introducedInTheHouse>
        <introducedInHouse>1</introducedInHouse>
        <placeholderTextForH>2</placeholderTextForH>
      </actionTypeCounts>
      <actionByCounts>
        <houseOfRepresentatives>5</houseOfRepresentatives>
      </actionByCounts>
    </actions>
    <title>Southwestern Oregon Watershed and Salmon Protection Act</title>
    <cosponsors>
      <item>
        <bioguideId>H001068</bioguideId>
        <lastName>Huffman</lastName>
        <isOriginalCosponsor>True</isOriginalCosponsor>
        <identifiers>
          <lisID>2101</lisID>
          <bioguideId>H001068</bioguideId>
          <gpoId />
        </identifiers>
        <district>2</district>
        <middleName />
        <sponsorshipWithdrawnDate />
        <fullName>Rep. Huffman, Jared [D-CA-2]</fullName>
        <sponsorshipDate>2017-01-05</sponsorshipDate>
        <state>CA</state>
        <firstName>Jared</firstName>
        <party>D</party>
      </item>
    </cosponsors>
    <introducedDate>2017-01-05</introducedDate>
    <recordedVotes />
    <congress>115</congress>
    <amendments />
    <version>1.0.0</version>
    <calendarNumbers />
    <latestAction>
      <actionDate>2017-02-10</actionDate>
      <links />
      <text>Referred to the Subcommittee on Federal Lands.</text>
    </latestAction>
    <titles>
      <item>
        <chamberName />
        <chamberCode />
        <titleType>Short Titles as Introduced</titleType>
        <title>Southwestern Oregon Watershed and Salmon Protection Act</title>
        <parentTitleType />
      </item>
      <item>
        <chamberName />
        <chamberCode />
        <titleType>Official Title as Introduced</titleType>
        <title>To withdraw certain land located in Curry County and Josephine County, Oregon, from all forms of entry, appropriation, or disposal under the public land laws, location, entry, and patent under the mining laws, and operation under the mineral leasing and geothermal leasing laws, and for other purposes.</title>
        <parentTitleType />
      </item>
      <item>
        <chamberName />
        <chamberCode />
        <titleType>Display Title</titleType>
        <title>Southwestern Oregon Watershed and Salmon Protection Act</title>
        <parentTitleType />
      </item>
      <item>
        <chamberName />
        <chamberCode />
        <titleType>(Extracted from GPO) Short Titles as Introduced</titleType>
        <title>Southwestern Oregon Watershed and Salmon Protection Act</title>
        <parentTitleType />
      </item>
    </titles>
    <cboCostEstimates />
    <committees>
      <billCommittees>
        <item>
          <activities>
            <item>
              <name>Referred to</name>
              <date>2017-01-05T15:07:30Z</date>
            </item>
          </activities>
          <name>Natural Resources Committee</name>
          <type>Standing</type>
          <chamber>House</chamber>
          <subcommittees>
            <item>
              <activities>
                <item>
                  <name>Referred to</name>
                  <date>2017-02-10T16:35:11Z</date>
                </item>
              </activities>
              <name>Federal Lands Subcommittee</name>
              <systemCode>hsii10</systemCode>
            </item>
            <item>
              <activities>
                <item>
                  <name>Referred to</name>
                  <date>2017-02-10T16:35:01Z</date>
                </item>
              </activities>
              <name>Energy and Mineral Resources Subcommittee</name>
              <systemCode>hsii06</systemCode>
            </item>
          </subcommittees>
          <systemCode>hsii00</systemCode>
        </item>
      </billCommittees>
    </committees>
    <subjects>
      <billSubjects>
        <legislativeSubjects>
          <item>
            <name>Land transfers</name>
          </item>
          <item>
            <name>Oregon</name>
          </item>
          <item>
            <name>Wilderness and natural areas, wildlife refuges, wild rivers, habitats</name>
          </item>
        </legislativeSubjects>
        <policyArea>
          <name>Public Lands and Natural Resources</name>
        </policyArea>
      </billSubjects>
    </subjects>
  </bill>
  <dublinCore xmlns:dc="http://purl.org/dc/elements/1.1/">
    <dc:format>text/xml</dc:format>
    <dc:language>EN</dc:language>
    <dc:rights>Pursuant to Title 17 Section 105 of the United States Code, this file is not subject to copyright protection and is in the public domain.</dc:rights>
    <dc:contributor>Congressional Research Service, Library of Congress</dc:contributor>
    <dc:description>This file contains bill summaries and statuses for federal legislation. A bill summary describes the most significant provisions of a piece of legislation and details the effects the legislative text may have on current law and federal programs. Bill summaries are authored by the Congressional Research Service (CRS) of the Library of Congress. As stated in Public Law 91-510 (2 USC 166 (d)(6)), one of the duties of CRS is "to prepare summaries and digests of bills and resolutions of a public general nature introduced in the Senate or House of Representatives". For more information, refer to the User Guide that accompanies this file.</dc:description>
  </dublinCore>
</billStatus>

