<?xml version="1.0" encoding="UTF-8"?>
<billStatus>
  <bill>
    <policyArea>
      <name>Housing and Community Development</name>
    </policyArea>
    <billType>HR</billType>
    <latestAction>
      <links />
      <actionDate>2017-01-13</actionDate>
      <text>Referred to the House Committee on Financial Services.</text>
    </latestAction>
    <createDate>2017-01-14T04:47:32Z</createDate>
    <notes />
    <actions>
      <item>
        <text>Referred to the House Committee on Financial Services.</text>
        <links />
        <type>IntroReferral</type>
        <sourceSystem>
          <code>2</code>
          <name>House floor actions</name>
        </sourceSystem>
        <committee>
          <systemCode>hsba00</systemCode>
          <name>Financial Services Committee</name>
        </committee>
        <actionDate>2017-01-13</actionDate>
        <actionCode>H11100</actionCode>
      </item>
      <item>
        <text>Introduced in House</text>
        <links />
        <type>IntroReferral</type>
        <sourceSystem>
          <code>9</code>
          <name>Library of Congress</name>
        </sourceSystem>
        <committee />
        <actionDate>2017-01-13</actionDate>
        <actionCode>Intro-H</actionCode>
      </item>
      <item>
        <text>Introduced in House</text>
        <links />
        <type>IntroReferral</type>
        <sourceSystem>
          <code>9</code>
          <name>Library of Congress</name>
        </sourceSystem>
        <committee />
        <actionDate>2017-01-13</actionDate>
        <actionCode>1000</actionCode>
      </item>
      <actionTypeCounts>
        <introducedInTheHouse>1</introducedInTheHouse>
        <billReferrals>1</billReferrals>
        <introducedInHouse>1</introducedInHouse>
      </actionTypeCounts>
      <actionByCounts>
        <houseOfRepresentatives>3</houseOfRepresentatives>
      </actionByCounts>
    </actions>
    <calendarNumbers />
    <congress>115</congress>
    <subjects>
      <billSubjects>
        <legislativeSubjects>
          <item>
            <name>Energy efficiency and conservation</name>
          </item>
          <item>
            <name>Government lending and loan guarantees</name>
          </item>
          <item>
            <name>Housing and community development funding</name>
          </item>
          <item>
            <name>Low- and moderate-income housing</name>
          </item>
        </legislativeSubjects>
        <policyArea>
          <name>Housing and Community Development</name>
        </policyArea>
      </billSubjects>
    </subjects>
    <billNumber>515</billNumber>
    <title>Energy Efficient Manufactured Home Act of 2017</title>
    <constitutionalAuthorityStatementText><![CDATA[<pre>[Congressional Record Volume 163, Number 9 (Friday, January 13, 2017)]From the Congressional Record Online through the Government Publishing Office [<a href='http://www.gpo.gov'>www.gpo.gov</a>]By Mr. ELLISON:H.R. 515.Congress has the power to enact this legislation pursuantto the following:Article I, Section 8,Clause I.[Page H546]</pre>]]></constitutionalAuthorityStatementText>
    <committees>
      <billCommittees>
        <item>
          <chamber>House</chamber>
          <systemCode>hsba00</systemCode>
          <subcommittees />
          <type>Standing</type>
          <name>Financial Services Committee</name>
          <activities>
            <item>
              <name>Referred to</name>
              <date>2017-01-13T14:00:41Z</date>
            </item>
          </activities>
        </item>
      </billCommittees>
    </committees>
    <cboCostEstimates />
    <version>1.0.0</version>
    <cosponsors />
    <updateDate>2018-08-28T23:10:31Z</updateDate>
    <laws />
    <originChamber>House</originChamber>
    <introducedDate>2017-01-13</introducedDate>
    <sponsors>
      <item>
        <middleName />
        <bioguideId>E000288</bioguideId>
        <identifiers>
          <lisID>1857</lisID>
          <bioguideId>E000288</bioguideId>
          <gpoId>8005</gpoId>
        </identifiers>
        <fullName>Rep. Ellison, Keith [D-MN-5]</fullName>
        <byRequestType />
        <party>D</party>
        <firstName>Keith</firstName>
        <state>MN</state>
        <lastName>Ellison</lastName>
        <district>5</district>
      </item>
    </sponsors>
    <relatedBills />
    <committeeReports />
    <titles>
      <item>
        <titleType>Short Titles as Introduced</titleType>
        <title>Energy Efficient Manufactured Home Act of 2017</title>
        <parentTitleType />
        <chamberCode />
        <chamberName />
      </item>
      <item>
        <titleType>Official Title as Introduced</titleType>
        <title>To authorize the Secretary of Housing and Urban Development to provide grants and loans to owners of dated manufactured homes for the replacement of such dated manufactured homes with Energy Star-qualified manufactured or modular homes, and for other purposes.</title>
        <parentTitleType />
        <chamberCode />
        <chamberName />
      </item>
      <item>
        <titleType>Display Title</titleType>
        <title>Energy Efficient Manufactured Home Act of 2017</title>
        <parentTitleType />
        <chamberCode />
        <chamberName />
      </item>
      <item>
        <titleType>(Extracted from GPO) Short Titles as Introduced</titleType>
        <title>Energy Efficient Manufactured Home Act of 2017</title>
        <parentTitleType />
        <chamberCode />
        <chamberName />
      </item>
    </titles>
    <recordedVotes />
    <summaries>
      <billSummaries>
        <item>
          <actionDesc>Introduced in House</actionDesc>
          <actionDate>2017-01-13</actionDate>
          <lastSummaryUpdateDate>2017-02-01T17:14:14Z</lastSummaryUpdateDate>
          <name>Introduced in House</name>
          <text><![CDATA[<p><b>Energy Efficient Manufactured Home Act of 2017</b></p> <p>This bill authorizes the Department of Housing and Urban Development to carry out a program to provide grants and loans to assist low-income owners of manufactured homes constructed before December 31, 1994, in decommissioning their dated homes and replacing them with Energy Star-qualified manufactured or modular homes. </p> <p>Grants or loans may be made only to a low-income owner of a dated manufactured home who has used that home as a primary residence on a year-round basis for at least the preceding 24 months. Each household may only receive one grant or loan under the program.</p> <p>The bill sets forth requirements with respect to: (1) ownership of the land on which the new manufactured or modular home is to be sited, and (2) the decommissioning of a dated home. </p>]]></text>
          <versionCode>00</versionCode>
          <updateDate>2017-01-13T05:00:00Z</updateDate>
        </item>
      </billSummaries>
    </summaries>
    <amendments />
  </bill>
  <dublinCore xmlns:dc="http://purl.org/dc/elements/1.1/">
    <dc:format>text/xml</dc:format>
    <dc:language>EN</dc:language>
    <dc:rights>Pursuant to Title 17 Section 105 of the United States Code, this file is not subject to copyright protection and is in the public domain.</dc:rights>
    <dc:contributor>Congressional Research Service, Library of Congress</dc:contributor>
    <dc:description>This file contains bill summaries and statuses for federal legislation. A bill summary describes the most significant provisions of a piece of legislation and details the effects the legislative text may have on current law and federal programs. Bill summaries are authored by the Congressional Research Service (CRS) of the Library of Congress. As stated in Public Law 91-510 (2 USC 166 (d)(6)), one of the duties of CRS is "to prepare summaries and digests of bills and resolutions of a public general nature introduced in the Senate or House of Representatives". For more information, refer to the User Guide that accompanies this file.</dc:description>
  </dublinCore>
</billStatus>

