<?xml version="1.0" encoding="UTF-8"?>
<billStatus>
  <bill>
    <constitutionalAuthorityStatementText><![CDATA[<pre>[Pages H96-H97]From the Congressional Record Online through the Government Publishing Office [<a href='http://www.gpo.gov'>www.gpo.gov</a>]By Ms. GABBARD:H.R. 258.Congress has the power to enact this legislation pursuantto the following:Article 1, Section 9, Clause 7Article 1, Section 8, Clause 1Article 1, Section 8, Clause 18[[Page H97]]By Miss GONZALEZ-COLON of Puerto Rico:H.R. 259.Congress has the power to enact this legislation pursuantto the following:Article 4, Section 3, Clause 2By Miss GONZALEZ-COLON of Puerto Rico:H.R. 260.Congress has the power to enact this legislation pursuantto the following:Article IV, Section 3, Clause 2By Miss GONZALEZ-COLON of Puerto Rico:H.R. 261.Congress has the power to enact this legislation pursuantto the following:Article 4, Section 3, Clause 2</pre>]]></constitutionalAuthorityStatementText>
    <sponsors>
      <item>
        <middleName />
        <party>R</party>
        <bioguideId>G000582</bioguideId>
        <lastName>Gonzalez-Colon</lastName>
        <firstName>Jenniffer</firstName>
        <state>PR</state>
        <identifiers>
          <bioguideId>G000582</bioguideId>
          <lisID>2347</lisID>
          <gpoId />
        </identifiers>
        <district>0</district>
        <fullName>Rep. Gonzalez-Colon, Jenniffer [R-PR-At Large]</fullName>
        <byRequestType />
      </item>
    </sponsors>
    <version>1.0.0</version>
    <createDate>2017-01-05T04:47:33Z</createDate>
    <committeeReports />
    <latestAction>
      <text>Referred to the Subcommittee on Health.</text>
      <links />
      <actionDate>2017-01-25</actionDate>
    </latestAction>
    <billNumber>261</billNumber>
    <notes />
    <introducedDate>2017-01-04</introducedDate>
    <committees>
      <billCommittees>
        <item>
          <activities>
            <item>
              <name>Referred to</name>
              <date>2017-01-04T15:06:50Z</date>
            </item>
          </activities>
          <name>Energy and Commerce Committee</name>
          <type>Standing</type>
          <chamber>House</chamber>
          <subcommittees>
            <item>
              <activities>
                <item>
                  <name>Referred to</name>
                  <date>2017-01-25T14:18:24Z</date>
                </item>
              </activities>
              <name>Health Subcommittee</name>
              <systemCode>hsif14</systemCode>
            </item>
          </subcommittees>
          <systemCode>hsif00</systemCode>
        </item>
        <item>
          <activities>
            <item>
              <name>Referred to</name>
              <date>2017-01-04T15:07:00Z</date>
            </item>
          </activities>
          <name>Ways and Means Committee</name>
          <type>Standing</type>
          <chamber>House</chamber>
          <subcommittees>
            <item>
              <activities>
                <item>
                  <name>Referred to</name>
                  <date>2017-01-13T22:01:10Z</date>
                </item>
              </activities>
              <name>Health Subcommittee</name>
              <systemCode>hswm02</systemCode>
            </item>
          </subcommittees>
          <systemCode>hswm00</systemCode>
        </item>
      </billCommittees>
    </committees>
    <relatedBills>
      <item>
        <latestAction>
          <actionDate>2017-05-22</actionDate>
          <text>Sponsor introductory remarks on measure. (CR H4418-4419)</text>
        </latestAction>
        <relationshipDetails>
          <item>
            <identifiedBy>CRS</identifiedBy>
            <type>Related bill</type>
          </item>
        </relationshipDetails>
        <congress>115</congress>
        <latestTitle>Improving the Treatment of the U.S. Territories Under Federal Health Programs Act of 2017</latestTitle>
        <type>HR</type>
        <number>2404</number>
      </item>
      <item>
        <latestAction>
          <actionDate>2017-10-26</actionDate>
          <text>Read twice and referred to the Committee on Finance.</text>
        </latestAction>
        <relationshipDetails>
          <item>
            <identifiedBy>CRS</identifiedBy>
            <type>Related bill</type>
          </item>
        </relationshipDetails>
        <congress>115</congress>
        <latestTitle>Improving the Treatment of the U.S. Territories Under Federal Health Programs Act of 2017</latestTitle>
        <type>S</type>
        <number>2026</number>
      </item>
      <item>
        <latestAction>
          <actionDate>2017-11-28</actionDate>
          <text>Read twice and referred to the Committee on Finance.</text>
        </latestAction>
        <relationshipDetails>
          <item>
            <identifiedBy>CRS</identifiedBy>
            <type>Related bill</type>
          </item>
        </relationshipDetails>
        <congress>115</congress>
        <latestTitle>Puerto Rico and Virgin Islands Equitable Rebuild Act of 2017</latestTitle>
        <type>S</type>
        <number>2165</number>
      </item>
      <item>
        <latestAction>
          <actionDate>2017-05-31</actionDate>
          <text>Referred to the Subcommittee on Health.</text>
        </latestAction>
        <relationshipDetails>
          <item>
            <identifiedBy>CRS</identifiedBy>
            <type>Related bill</type>
          </item>
        </relationshipDetails>
        <congress>115</congress>
        <latestTitle>Puerto Rico Medicare Part B Equality Act of 2017</latestTitle>
        <type>HR</type>
        <number>2531</number>
      </item>
      <item>
        <latestAction>
          <actionDate>2018-05-22</actionDate>
          <text>Referred to the Subcommittee on Energy.</text>
        </latestAction>
        <relationshipDetails>
          <item>
            <identifiedBy>CRS</identifiedBy>
            <type>Related bill</type>
          </item>
        </relationshipDetails>
        <congress>115</congress>
        <latestTitle>Puerto Rico and Virgin Islands Equitable Rebuild Act of 2018</latestTitle>
        <type>HR</type>
        <number>4782</number>
      </item>
    </relatedBills>
    <congress>115</congress>
    <subjects>
      <billSubjects>
        <legislativeSubjects>
          <item>
            <name>Caribbean area</name>
          </item>
          <item>
            <name>Medicare</name>
          </item>
          <item>
            <name>Puerto Rico</name>
          </item>
          <item>
            <name>U.S. territories and protectorates</name>
          </item>
        </legislativeSubjects>
        <policyArea>
          <name>Health</name>
        </policyArea>
      </billSubjects>
    </subjects>
    <amendments />
    <originChamber>House</originChamber>
    <cboCostEstimates />
    <policyArea>
      <name>Health</name>
    </policyArea>
    <actions>
      <item>
        <actionDate>2017-01-25</actionDate>
        <committee>
          <systemCode>hsif14</systemCode>
          <name>Health Subcommittee</name>
        </committee>
        <links />
        <sourceSystem>
          <code>1</code>
          <name>House committee actions</name>
        </sourceSystem>
        <text>Referred to the Subcommittee on Health.</text>
        <type>Committee</type>
      </item>
      <item>
        <actionDate>2017-01-13</actionDate>
        <committee>
          <systemCode>hswm02</systemCode>
          <name>Health Subcommittee</name>
        </committee>
        <links />
        <sourceSystem>
          <code>1</code>
          <name>House committee actions</name>
        </sourceSystem>
        <text>Referred to the Subcommittee on Health.</text>
        <type>Committee</type>
      </item>
      <item>
        <actionDate>2017-01-04</actionDate>
        <actionCode>H11100</actionCode>
        <text>Referred to the Committee on Energy and Commerce, and in addition to the Committee on Ways and Means, for a period to be subsequently determined by the Speaker, in each case for consideration of such provisions as fall within the jurisdiction of the committee concerned.</text>
        <committee>
          <systemCode>hswm00</systemCode>
          <name>Ways and Means Committee</name>
        </committee>
        <links />
        <type>IntroReferral</type>
        <sourceSystem>
          <code>2</code>
          <name>House floor actions</name>
        </sourceSystem>
      </item>
      <item>
        <actionDate>2017-01-04</actionDate>
        <actionCode>H11100-A</actionCode>
        <text>Referred to the Committee on Energy and Commerce, and in addition to the Committee on Ways and Means, for a period to be subsequently determined by the Speaker, in each case for consideration of such provisions as fall within the jurisdiction of the committee concerned.</text>
        <committee />
        <links />
        <type>IntroReferral</type>
        <sourceSystem>
          <code>9</code>
          <name>Library of Congress</name>
        </sourceSystem>
      </item>
      <item>
        <actionDate>2017-01-04</actionDate>
        <actionCode>H11100</actionCode>
        <text>Referred to the Committee on Energy and Commerce, and in addition to the Committee on Ways and Means, for a period to be subsequently determined by the Speaker, in each case for consideration of such provisions as fall within the jurisdiction of the committee concerned.</text>
        <committee>
          <systemCode>hsif00</systemCode>
          <name>Energy and Commerce Committee</name>
        </committee>
        <links />
        <type>IntroReferral</type>
        <sourceSystem>
          <code>2</code>
          <name>House floor actions</name>
        </sourceSystem>
      </item>
      <item>
        <actionDate>2017-01-04</actionDate>
        <actionCode>Intro-H</actionCode>
        <text>Introduced in House</text>
        <committee />
        <links />
        <type>IntroReferral</type>
        <sourceSystem>
          <code>9</code>
          <name>Library of Congress</name>
        </sourceSystem>
      </item>
      <item>
        <actionDate>2017-01-04</actionDate>
        <actionCode>1000</actionCode>
        <text>Introduced in House</text>
        <committee />
        <links />
        <type>IntroReferral</type>
        <sourceSystem>
          <code>9</code>
          <name>Library of Congress</name>
        </sourceSystem>
      </item>
      <actionTypeCounts>
        <placeholderTextForH>2</placeholderTextForH>
        <billReferralsAggregate>1</billReferralsAggregate>
        <billReferrals>2</billReferrals>
        <introducedInHouse>1</introducedInHouse>
        <introducedInTheHouse>1</introducedInTheHouse>
      </actionTypeCounts>
      <actionByCounts>
        <houseOfRepresentatives>7</houseOfRepresentatives>
      </actionByCounts>
    </actions>
    <recordedVotes />
    <laws />
    <cosponsors>
      <item>
        <firstName>Darren</firstName>
        <lastName>Soto</lastName>
        <sponsorshipWithdrawnDate />
        <sponsorshipDate>2017-06-16</sponsorshipDate>
        <bioguideId>S001200</bioguideId>
        <district>9</district>
        <middleName />
        <isOriginalCosponsor>False</isOriginalCosponsor>
        <fullName>Rep. Soto, Darren [D-FL-9]</fullName>
        <state>FL</state>
        <party>D</party>
        <identifiers>
          <lisID>2319</lisID>
          <gpoId />
          <bioguideId>S001200</bioguideId>
        </identifiers>
      </item>
    </cosponsors>
    <titles>
      <item>
        <titleType>Short Titles as Introduced</titleType>
        <title>Puerto Rico Medicare Part B Equality Act</title>
        <parentTitleType />
        <chamberCode />
        <chamberName />
      </item>
      <item>
        <titleType>Official Title as Introduced</titleType>
        <title>To amend part B of title XVIII of the Social Security Act to apply deemed enrollment to residents of Puerto Rico.</title>
        <parentTitleType />
        <chamberCode />
        <chamberName />
      </item>
      <item>
        <titleType>Display Title</titleType>
        <title>Puerto Rico Medicare Part B Equality Act</title>
        <parentTitleType />
        <chamberCode />
        <chamberName />
      </item>
      <item>
        <titleType>(Extracted from GPO) Short Titles as Introduced</titleType>
        <title>Puerto Rico Medicare Part B Equality Act</title>
        <parentTitleType />
        <chamberCode />
        <chamberName />
      </item>
    </titles>
    <updateDate>2018-08-28T19:58:35Z</updateDate>
    <calendarNumbers />
    <billType>HR</billType>
    <summaries>
      <billSummaries>
        <item>
          <updateDate>2017-01-04T05:00:00Z</updateDate>
          <versionCode>00</versionCode>
          <name>Introduced in House</name>
          <text><![CDATA[<p><b>Puerto Rico Medicare Part B Equality Act</b></p> <p>This bill amends title XVIII (Medicare) of the Social Security Act to automatically enroll eligible residents of Puerto Rico in Medicare's medical insurance program. Under current law, automatic enrollment applies to eligible residents of the United States, excluding Puerto Rico. </p>]]></text>
          <actionDate>2017-01-04</actionDate>
          <actionDesc>Introduced in House</actionDesc>
          <lastSummaryUpdateDate>2017-04-06T18:57:00Z</lastSummaryUpdateDate>
        </item>
      </billSummaries>
    </summaries>
    <title>Puerto Rico Medicare Part B Equality Act</title>
  </bill>
  <dublinCore xmlns:dc="http://purl.org/dc/elements/1.1/">
    <dc:format>text/xml</dc:format>
    <dc:language>EN</dc:language>
    <dc:rights>Pursuant to Title 17 Section 105 of the United States Code, this file is not subject to copyright protection and is in the public domain.</dc:rights>
    <dc:contributor>Congressional Research Service, Library of Congress</dc:contributor>
    <dc:description>This file contains bill summaries and statuses for federal legislation. A bill summary describes the most significant provisions of a piece of legislation and details the effects the legislative text may have on current law and federal programs. Bill summaries are authored by the Congressional Research Service (CRS) of the Library of Congress. As stated in Public Law 91-510 (2 USC 166 (d)(6)), one of the duties of CRS is "to prepare summaries and digests of bills and resolutions of a public general nature introduced in the Senate or House of Representatives". For more information, refer to the User Guide that accompanies this file.</dc:description>
  </dublinCore>
</billStatus>

