<?xml version="1.0" encoding="UTF-8"?>
<billStatus>
  <bill>
    <policyArea>
      <name>Foreign Trade and International Finance</name>
    </policyArea>
    <billType>HR</billType>
    <latestAction>
      <links />
      <actionDate>2017-02-01</actionDate>
      <text>Referred to the Subcommittee on Trade.</text>
    </latestAction>
    <createDate>2017-01-21T04:55:45Z</createDate>
    <notes />
    <actions>
      <actionTypeCounts>
        <introducedInTheHouse>1</introducedInTheHouse>
        <placeholderTextForH>1</placeholderTextForH>
        <billReferrals>1</billReferrals>
        <introducedInHouse>1</introducedInHouse>
      </actionTypeCounts>
      <item>
        <actionDate>2017-02-01</actionDate>
        <committee>
          <systemCode>hswm04</systemCode>
          <name>Trade Subcommittee</name>
        </committee>
        <links />
        <sourceSystem>
          <name>House committee actions</name>
          <code>1</code>
        </sourceSystem>
        <text>Referred to the Subcommittee on Trade.</text>
        <type>Committee</type>
      </item>
      <item>
        <actionDate>2017-01-20</actionDate>
        <actionCode>H11100</actionCode>
        <committee>
          <systemCode>hswm00</systemCode>
          <name>Ways and Means Committee</name>
        </committee>
        <text>Referred to the House Committee on Ways and Means.</text>
        <links />
        <type>IntroReferral</type>
        <sourceSystem>
          <name>House floor actions</name>
          <code>2</code>
        </sourceSystem>
      </item>
      <item>
        <actionDate>2017-01-20</actionDate>
        <actionCode>Intro-H</actionCode>
        <committee />
        <text>Introduced in House</text>
        <links />
        <type>IntroReferral</type>
        <sourceSystem>
          <name>Library of Congress</name>
          <code>9</code>
        </sourceSystem>
      </item>
      <item>
        <actionDate>2017-01-20</actionDate>
        <actionCode>1000</actionCode>
        <committee />
        <text>Introduced in House</text>
        <links />
        <type>IntroReferral</type>
        <sourceSystem>
          <name>Library of Congress</name>
          <code>9</code>
        </sourceSystem>
      </item>
      <actionByCounts>
        <houseOfRepresentatives>4</houseOfRepresentatives>
      </actionByCounts>
    </actions>
    <calendarNumbers />
    <congress>115</congress>
    <subjects>
      <billSubjects>
        <policyArea>
          <name>Foreign Trade and International Finance</name>
        </policyArea>
        <legislativeSubjects>
          <item>
            <name>Asia</name>
          </item>
          <item>
            <name>Australia</name>
          </item>
          <item>
            <name>Brunei</name>
          </item>
          <item>
            <name>Canada</name>
          </item>
          <item>
            <name>Chile</name>
          </item>
          <item>
            <name>Free trade and trade barriers</name>
          </item>
          <item>
            <name>Japan</name>
          </item>
          <item>
            <name>Latin America</name>
          </item>
          <item>
            <name>Malaysia</name>
          </item>
          <item>
            <name>Mexico</name>
          </item>
          <item>
            <name>New Zealand</name>
          </item>
          <item>
            <name>Oceania</name>
          </item>
          <item>
            <name>Peru</name>
          </item>
          <item>
            <name>Singapore</name>
          </item>
          <item>
            <name>Trade agreements and negotiations</name>
          </item>
          <item>
            <name>Vietnam</name>
          </item>
        </legislativeSubjects>
      </billSubjects>
    </subjects>
    <billNumber>596</billNumber>
    <title>TPP Withdrawal Act</title>
    <constitutionalAuthorityStatementText><![CDATA[<pre>From the Congressional Record Online through the Government Publishing Office [<a href='http://www.gpo.gov'>www.gpo.gov</a>]By Ms. DeLAURO:H.R. 596.Congress has the power to enact this legislation pursuantto the following:Article 1, Section 8[Page H560]</pre>]]></constitutionalAuthorityStatementText>
    <committees>
      <billCommittees>
        <item>
          <systemCode>hswm00</systemCode>
          <chamber>House</chamber>
          <type>Standing</type>
          <subcommittees>
            <item>
              <systemCode>hswm04</systemCode>
              <activities>
                <item>
                  <date>2017-02-01T21:56:51Z</date>
                  <name>Referred to</name>
                </item>
              </activities>
              <name>Trade Subcommittee</name>
            </item>
          </subcommittees>
          <name>Ways and Means Committee</name>
          <activities>
            <item>
              <date>2017-01-20T15:00:40Z</date>
              <name>Referred to</name>
            </item>
          </activities>
        </item>
      </billCommittees>
    </committees>
    <cboCostEstimates />
    <version>1.0.0</version>
    <cosponsors />
    <updateDate>2018-08-28T20:00:08Z</updateDate>
    <laws />
    <originChamber>House</originChamber>
    <introducedDate>2017-01-20</introducedDate>
    <sponsors>
      <item>
        <middleName />
        <bioguideId>D000216</bioguideId>
        <identifiers>
          <lisID>281</lisID>
          <bioguideId>D000216</bioguideId>
          <gpoId>7868</gpoId>
        </identifiers>
        <fullName>Rep. DeLauro, Rosa L. [D-CT-3]</fullName>
        <byRequestType />
        <party>D</party>
        <firstName>ROSA</firstName>
        <state>CT</state>
        <lastName>DELAURO</lastName>
        <district>3</district>
      </item>
    </sponsors>
    <relatedBills>
      <item>
        <type>S</type>
        <latestTitle>A bill to require the President to withdraw from the Trans-Pacific Partnership Agreement and to make that Agreement ineligible for expedited consideration by Congress.</latestTitle>
        <congress>115</congress>
        <latestAction>
          <text>Read twice and referred to the Committee on Finance.</text>
          <actionDate>2017-01-17</actionDate>
        </latestAction>
        <number>172</number>
        <relationshipDetails>
          <item>
            <identifiedBy>CRS</identifiedBy>
            <type>Related bill</type>
          </item>
        </relationshipDetails>
      </item>
    </relatedBills>
    <committeeReports />
    <titles>
      <item>
        <titleType>Short Titles as Introduced</titleType>
        <title>TPP Withdrawal Act</title>
        <parentTitleType />
        <chamberCode />
        <chamberName />
      </item>
      <item>
        <titleType>Official Title as Introduced</titleType>
        <title>To require the President to withdraw from the Trans-Pacific Partnership Agreement.</title>
        <parentTitleType />
        <chamberCode />
        <chamberName />
      </item>
      <item>
        <titleType>Display Title</titleType>
        <title>TPP Withdrawal Act</title>
        <parentTitleType />
        <chamberCode />
        <chamberName />
      </item>
      <item>
        <titleType>(Extracted from GPO) Short Titles as Introduced</titleType>
        <title>TPP Withdrawal Act</title>
        <parentTitleType />
        <chamberCode />
        <chamberName />
      </item>
    </titles>
    <recordedVotes />
    <summaries>
      <billSummaries>
        <item>
          <updateDate>2017-01-20T05:00:00Z</updateDate>
          <lastSummaryUpdateDate>2017-02-01T21:28:41Z</lastSummaryUpdateDate>
          <text><![CDATA[<p><b>TPP Withdrawal Act</b></p> <p>This bill directs the President to provide to the governments of Australia, Brunei, Canada, Chile, Japan, Malaysia, Mexico, New Zealand, Peru, Singapore, and Vietnam written notice of the withdrawal of the United States from the Trans-Pacific Partnership Agreement.</p>]]></text>
          <actionDate>2017-01-20</actionDate>
          <actionDesc>Introduced in House</actionDesc>
          <name>Introduced in House</name>
          <versionCode>00</versionCode>
        </item>
      </billSummaries>
    </summaries>
    <amendments />
  </bill>
  <dublinCore xmlns:dc="http://purl.org/dc/elements/1.1/">
    <dc:format>text/xml</dc:format>
    <dc:language>EN</dc:language>
    <dc:rights>Pursuant to Title 17 Section 105 of the United States Code, this file is not subject to copyright protection and is in the public domain.</dc:rights>
    <dc:contributor>Congressional Research Service, Library of Congress</dc:contributor>
    <dc:description>This file contains bill summaries and statuses for federal legislation. A bill summary describes the most significant provisions of a piece of legislation and details the effects the legislative text may have on current law and federal programs. Bill summaries are authored by the Congressional Research Service (CRS) of the Library of Congress. As stated in Public Law 91-510 (2 USC 166 (d)(6)), one of the duties of CRS is "to prepare summaries and digests of bills and resolutions of a public general nature introduced in the Senate or House of Representatives". For more information, refer to the User Guide that accompanies this file.</dc:description>
  </dublinCore>
</billStatus>

