<?xml version="1.0" encoding="UTF-8"?>
<billStatus>
  <bill>
    <introducedDate>2017-01-05</introducedDate>
    <laws />
    <createDate>2017-01-06T04:57:26Z</createDate>
    <titles>
      <item>
        <titleType>Short Titles as Introduced</titleType>
        <parentTitleType />
        <title>Victims of Agent Orange Relief Act of 2017</title>
        <chamberCode />
        <chamberName />
      </item>
      <item>
        <titleType>Official Title as Introduced</titleType>
        <parentTitleType />
        <title>To direct the Secretary of State, the Secretary of Health and Human Services, and the Secretary of Veterans Affairs to provide assistance for individuals affected by exposure to Agent Orange, and for other purposes.</title>
        <chamberCode />
        <chamberName />
      </item>
      <item>
        <titleType>Display Title</titleType>
        <parentTitleType />
        <title>Victims of Agent Orange Relief Act of 2017</title>
        <chamberCode />
        <chamberName />
      </item>
    </titles>
    <subjects>
      <billSubjects>
        <legislativeSubjects />
      </billSubjects>
    </subjects>
    <title>Victims of Agent Orange Relief Act of 2017</title>
    <constitutionalAuthorityStatementText />
    <updateDate>2017-01-23T13:01:31Z</updateDate>
    <cosponsors>
      <item>
        <district>10</district>
        <party>D</party>
        <identifiers>
          <gpoId>8069</gpoId>
          <lisID>850</lisID>
          <bioguideId>N000002</bioguideId>
        </identifiers>
        <lastName>NADLER</lastName>
        <bioguideId>N000002</bioguideId>
        <middleName />
        <fullName>Rep. Nadler, Jerrold [D-NY-10]</fullName>
        <firstName>JERROLD</firstName>
        <sponsorshipWithdrawnDate />
        <state>NY</state>
        <isOriginalCosponsor>True</isOriginalCosponsor>
        <sponsorshipDate>2017-01-05</sponsorshipDate>
      </item>
      <item>
        <district>3</district>
        <party>D</party>
        <identifiers>
          <gpoId>7804</gpoId>
          <bioguideId>G000551</bioguideId>
          <lisID>1708</lisID>
        </identifiers>
        <lastName>Grijalva</lastName>
        <bioguideId>G000551</bioguideId>
        <middleName>M.</middleName>
        <fullName>Rep. Grijalva, Raul M. [D-AZ-3]</fullName>
        <firstName>Raul</firstName>
        <sponsorshipWithdrawnDate />
        <state>AZ</state>
        <isOriginalCosponsor>True</isOriginalCosponsor>
        <sponsorshipDate>2017-01-05</sponsorshipDate>
      </item>
      <item>
        <district>20</district>
        <party>D</party>
        <identifiers>
          <gpoId>7895</gpoId>
          <bioguideId>H000324</bioguideId>
          <lisID>511</lisID>
        </identifiers>
        <lastName>HASTINGS</lastName>
        <bioguideId>H000324</bioguideId>
        <middleName>L.</middleName>
        <fullName>Rep. Hastings, Alcee L. [D-FL-20]</fullName>
        <firstName>ALCEE</firstName>
        <sponsorshipWithdrawnDate />
        <state>FL</state>
        <isOriginalCosponsor>True</isOriginalCosponsor>
        <sponsorshipDate>2017-01-05</sponsorshipDate>
      </item>
      <item>
        <district>5</district>
        <party>D</party>
        <identifiers>
          <lisID>1857</lisID>
          <gpoId>8005</gpoId>
          <bioguideId>E000288</bioguideId>
        </identifiers>
        <lastName>Ellison</lastName>
        <bioguideId>E000288</bioguideId>
        <middleName />
        <fullName>Rep. Ellison, Keith [D-MN-5]</fullName>
        <firstName>Keith</firstName>
        <sponsorshipWithdrawnDate />
        <state>MN</state>
        <isOriginalCosponsor>True</isOriginalCosponsor>
        <sponsorshipDate>2017-01-05</sponsorshipDate>
      </item>
      <item>
        <district>13</district>
        <party>D</party>
        <identifiers>
          <lisID>229</lisID>
          <gpoId>7999</gpoId>
          <bioguideId>C000714</bioguideId>
        </identifiers>
        <lastName>CONYERS</lastName>
        <bioguideId>C000714</bioguideId>
        <middleName />
        <fullName>Rep. Conyers, John, Jr. [D-MI-13]</fullName>
        <firstName>JOHN</firstName>
        <sponsorshipWithdrawnDate />
        <state>MI</state>
        <isOriginalCosponsor>True</isOriginalCosponsor>
        <sponsorshipDate>2017-01-05</sponsorshipDate>
      </item>
      <item>
        <district>15</district>
        <party>D</party>
        <identifiers>
          <gpoId>8077</gpoId>
          <lisID>1042</lisID>
          <bioguideId>S000248</bioguideId>
        </identifiers>
        <lastName>SERRANO</lastName>
        <bioguideId>S000248</bioguideId>
        <middleName>E.</middleName>
        <fullName>Rep. Serrano, Jose E. [D-NY-15]</fullName>
        <firstName>JOSE</firstName>
        <sponsorshipWithdrawnDate />
        <state>NY</state>
        <isOriginalCosponsor>True</isOriginalCosponsor>
        <sponsorshipDate>2017-01-05</sponsorshipDate>
      </item>
      <item>
        <district>1</district>
        <party>D</party>
        <identifiers>
          <gpoId>7984</gpoId>
          <bioguideId>P000597</bioguideId>
          <lisID>1927</lisID>
        </identifiers>
        <lastName>Pingree</lastName>
        <bioguideId>P000597</bioguideId>
        <middleName />
        <fullName>Rep. Pingree, Chellie [D-ME-1]</fullName>
        <firstName>Chellie</firstName>
        <sponsorshipWithdrawnDate />
        <state>ME</state>
        <isOriginalCosponsor>False</isOriginalCosponsor>
        <sponsorshipDate>2017-01-10</sponsorshipDate>
      </item>
      <item>
        <district>9</district>
        <party>D</party>
        <identifiers>
          <gpoId>8156</gpoId>
          <lisID>1878</lisID>
          <bioguideId>C001068</bioguideId>
        </identifiers>
        <lastName>Cohen</lastName>
        <bioguideId>C001068</bioguideId>
        <middleName />
        <fullName>Rep. Cohen, Steve [D-TN-9]</fullName>
        <firstName>Steve</firstName>
        <sponsorshipWithdrawnDate />
        <state>TN</state>
        <isOriginalCosponsor>False</isOriginalCosponsor>
        <sponsorshipDate>2017-01-10</sponsorshipDate>
      </item>
      <item>
        <district>2</district>
        <party>D</party>
        <identifiers>
          <lisID>1504</lisID>
          <bioguideId>M000312</bioguideId>
          <gpoId>7968</gpoId>
        </identifiers>
        <lastName>MCGOVERN</lastName>
        <bioguideId>M000312</bioguideId>
        <middleName>P.</middleName>
        <fullName>Rep. McGovern, James P. [D-MA-2]</fullName>
        <firstName>JAMES</firstName>
        <sponsorshipWithdrawnDate />
        <state>MA</state>
        <isOriginalCosponsor>False</isOriginalCosponsor>
        <sponsorshipDate>2017-01-10</sponsorshipDate>
      </item>
      <item>
        <district>13</district>
        <party>D</party>
        <identifiers>
          <lisID>1756</lisID>
          <gpoId>8107</gpoId>
          <bioguideId>R000577</bioguideId>
        </identifiers>
        <lastName>RYAN</lastName>
        <bioguideId>R000577</bioguideId>
        <middleName />
        <fullName>Rep. Ryan, Tim [D-OH-13]</fullName>
        <firstName>TIM</firstName>
        <sponsorshipWithdrawnDate />
        <state>OH</state>
        <isOriginalCosponsor>False</isOriginalCosponsor>
        <sponsorshipDate>2017-01-10</sponsorshipDate>
      </item>
      <item>
        <district>3</district>
        <party>D</party>
        <identifiers>
          <lisID>1973</lisID>
          <bioguideId>G000559</bioguideId>
          <gpoId>7815</gpoId>
        </identifiers>
        <lastName>Garamendi</lastName>
        <bioguideId>G000559</bioguideId>
        <middleName />
        <fullName>Rep. Garamendi, John [D-CA-3]</fullName>
        <firstName>John</firstName>
        <sponsorshipWithdrawnDate />
        <state>CA</state>
        <isOriginalCosponsor>False</isOriginalCosponsor>
        <sponsorshipDate>2017-01-17</sponsorshipDate>
      </item>
      <item>
        <district>6</district>
        <party>D</party>
        <identifiers>
          <gpoId />
          <bioguideId>M001188</bioguideId>
          <lisID>2148</lisID>
        </identifiers>
        <lastName>Meng</lastName>
        <bioguideId>M001188</bioguideId>
        <middleName />
        <fullName>Rep. Meng, Grace [D-NY-6]</fullName>
        <firstName>Grace</firstName>
        <sponsorshipWithdrawnDate />
        <state>NY</state>
        <isOriginalCosponsor>False</isOriginalCosponsor>
        <sponsorshipDate>2017-01-17</sponsorshipDate>
      </item>
      <item>
        <district>27</district>
        <party>D</party>
        <identifiers>
          <lisID>1970</lisID>
          <bioguideId>C001080</bioguideId>
          <gpoId>7837</gpoId>
        </identifiers>
        <lastName>Chu</lastName>
        <bioguideId>C001080</bioguideId>
        <middleName />
        <fullName>Rep. Chu, Judy [D-CA-27]</fullName>
        <firstName>Judy</firstName>
        <sponsorshipWithdrawnDate />
        <state>CA</state>
        <isOriginalCosponsor>False</isOriginalCosponsor>
        <sponsorshipDate>2017-01-17</sponsorshipDate>
      </item>
      <item>
        <district>7</district>
        <party>D</party>
        <identifiers>
          <bioguideId>V000081</bioguideId>
          <gpoId>8073</gpoId>
          <lisID>1184</lisID>
        </identifiers>
        <lastName>VELAZQUEZ</lastName>
        <bioguideId>V000081</bioguideId>
        <middleName>M.</middleName>
        <fullName>Rep. Velazquez, Nydia M. [D-NY-7]</fullName>
        <firstName>NYDIA</firstName>
        <sponsorshipWithdrawnDate />
        <state>NY</state>
        <isOriginalCosponsor>False</isOriginalCosponsor>
        <sponsorshipDate>2017-01-17</sponsorshipDate>
      </item>
      <item>
        <district>40</district>
        <party>D</party>
        <identifiers>
          <gpoId>7839</gpoId>
          <lisID>997</lisID>
          <bioguideId>R000486</bioguideId>
        </identifiers>
        <lastName>ROYBAL-ALLARD</lastName>
        <bioguideId>R000486</bioguideId>
        <middleName />
        <fullName>Rep. Roybal-Allard, Lucille [D-CA-40]</fullName>
        <firstName>LUCILLE</firstName>
        <sponsorshipWithdrawnDate />
        <state>CA</state>
        <isOriginalCosponsor>False</isOriginalCosponsor>
        <sponsorshipDate>2017-01-17</sponsorshipDate>
      </item>
    </cosponsors>
    <sponsors>
      <item>
        <state>CA</state>
        <bioguideId>L000551</bioguideId>
        <party>D</party>
        <middleName />
        <byRequestType />
        <fullName>Rep. Lee, Barbara [D-CA-13]</fullName>
        <lastName>LEE</lastName>
        <identifiers>
          <lisID>1501</lisID>
          <bioguideId>L000551</bioguideId>
          <gpoId>7814</gpoId>
        </identifiers>
        <firstName>BARBARA</firstName>
        <district>13</district>
      </item>
    </sponsors>
    <congress>115</congress>
    <notes />
    <committeeReports />
    <relatedBills />
    <latestAction>
      <actionDate>2017-01-05</actionDate>
      <text>Referred to House Foreign Affairs</text>
      <links />
    </latestAction>
    <calendarNumbers />
    <committees>
      <billCommittees>
        <item>
          <subcommittees />
          <type>Standing</type>
          <systemCode>hsfa00</systemCode>
          <activities>
            <item>
              <name>Referred to</name>
              <date>2017-01-05T15:03:00Z</date>
            </item>
          </activities>
          <chamber>House</chamber>
          <name>Foreign Affairs Committee</name>
        </item>
        <item>
          <subcommittees />
          <type>Standing</type>
          <systemCode>hsif00</systemCode>
          <activities>
            <item>
              <name>Referred to</name>
              <date>2017-01-05T15:02:50Z</date>
            </item>
          </activities>
          <chamber>House</chamber>
          <name>Energy and Commerce Committee</name>
        </item>
        <item>
          <subcommittees />
          <type>Standing</type>
          <systemCode>hsvr00</systemCode>
          <activities>
            <item>
              <name>Referred to</name>
              <date>2017-01-05T15:02:45Z</date>
            </item>
          </activities>
          <chamber>House</chamber>
          <name>Veterans' Affairs Committee</name>
        </item>
      </billCommittees>
    </committees>
    <recordedVotes />
    <actions>
      <item>
        <sourceSystem>
          <name>House floor actions</name>
          <code>2</code>
        </sourceSystem>
        <text>Referred to House Foreign Affairs</text>
        <committee>
          <name>Foreign Affairs Committee</name>
          <systemCode>hsfa00</systemCode>
        </committee>
        <actionCode>H11100</actionCode>
        <actionDate>2017-01-05</actionDate>
        <type>IntroReferral</type>
        <links />
      </item>
      <item>
        <sourceSystem>
          <name>House floor actions</name>
          <code>2</code>
        </sourceSystem>
        <text>Referred to House Energy and Commerce</text>
        <committee>
          <name>Energy and Commerce Committee</name>
          <systemCode>hsif00</systemCode>
        </committee>
        <actionCode>H11100</actionCode>
        <actionDate>2017-01-05</actionDate>
        <type>IntroReferral</type>
        <links />
      </item>
      <item>
        <sourceSystem>
          <name>Library of Congress</name>
          <code>9</code>
        </sourceSystem>
        <text>Referred to the Committee on Veterans' Affairs, and in addition to the Committees on Energy and Commerce, and Foreign Affairs, for a period to be subsequently determined by the Speaker, in each case for consideration of such provisions as fall within the jurisdiction of the committee concerned.</text>
        <committee />
        <actionCode>H11100-A</actionCode>
        <actionDate>2017-01-05</actionDate>
        <type>IntroReferral</type>
        <links />
      </item>
      <item>
        <sourceSystem>
          <name>House floor actions</name>
          <code>2</code>
        </sourceSystem>
        <text>Referred to House Veterans' Affairs</text>
        <committee>
          <name>Veterans' Affairs Committee</name>
          <systemCode>hsvr00</systemCode>
        </committee>
        <actionCode>H11100</actionCode>
        <actionDate>2017-01-05</actionDate>
        <type>IntroReferral</type>
        <links />
      </item>
      <item>
        <sourceSystem>
          <name>Library of Congress</name>
          <code>9</code>
        </sourceSystem>
        <text>Introduced in House</text>
        <committee />
        <actionCode>Intro-H</actionCode>
        <actionDate>2017-01-05</actionDate>
        <type>IntroReferral</type>
        <links />
      </item>
      <item>
        <sourceSystem>
          <name>Library of Congress</name>
          <code>9</code>
        </sourceSystem>
        <text>Introduced in House</text>
        <committee />
        <actionCode>1000</actionCode>
        <actionDate>2017-01-05</actionDate>
        <type>IntroReferral</type>
        <links />
      </item>
      <actionTypeCounts>
        <billReferralsAggregate>1</billReferralsAggregate>
        <introducedInHouse>1</introducedInHouse>
        <introducedInTheHouse>1</introducedInTheHouse>
        <billReferrals>3</billReferrals>
      </actionTypeCounts>
      <actionByCounts>
        <houseOfRepresentatives>6</houseOfRepresentatives>
      </actionByCounts>
    </actions>
    <summaries>
      <billSummaries />
    </summaries>
    <billType>HR</billType>
    <cboCostEstimates />
    <amendments />
    <policyArea />
    <originChamber>House</originChamber>
    <billNumber>334</billNumber>
  </bill>
  <dublinCore xmlns:dc="http://purl.org/dc/elements/1.1/">
    <dc:format>text/xml</dc:format>
    <dc:language>EN</dc:language>
    <dc:rights>Pursuant to Title 17 Section 105 of the United States Code, this file is not subject to copyright protection and is in the public domain.</dc:rights>
    <dc:contributor>Congressional Research Service, Library of Congress</dc:contributor>
    <dc:description>This file contains bill summaries and statuses for federal legislation. A bill summary describes the most significant provisions of a piece of legislation and details the effects the legislative text may have on current law and federal programs. Bill summaries are authored by the Congressional Research Service (CRS) of the Library of Congress. As stated in Public Law 91-510 (2 USC 166 (d)(6)), one of the duties of CRS is "to prepare summaries and digests of bills and resolutions of a public general nature introduced in the Senate or House of Representatives". For more information, refer to the User Guide that accompanies this file.</dc:description>
  </dublinCore>
</billStatus>

