<?xml version="1.0" encoding="UTF-8"?>
<billStatus>
  <bill>
    <committeeReports />
    <originChamber>Senate</originChamber>
    <titles>
      <item>
        <title>United States Coast Guard Commemorative Coin Act</title>
        <chamberName />
        <chamberCode />
        <titleType>Short Titles as Introduced</titleType>
        <parentTitleType />
      </item>
      <item>
        <title>A bill to require the Secretary of the Treasury to mint coins in commemoration of the United States Coast Guard.</title>
        <chamberName />
        <chamberCode />
        <titleType>Official Title as Introduced</titleType>
        <parentTitleType />
      </item>
      <item>
        <title>United States Coast Guard Commemorative Coin Act</title>
        <chamberName />
        <chamberCode />
        <titleType>Display Title</titleType>
        <parentTitleType />
      </item>
    </titles>
    <congress>114</congress>
    <recordedVotes />
    <latestAction>
      <links />
      <text>Read twice and referred to the Committee on Banking, Housing, and Urban Affairs.</text>
      <actionDate>2015-04-16</actionDate>
    </latestAction>
    <laws />
    <title>United States Coast Guard Commemorative Coin Act</title>
    <billType>S</billType>
    <introducedDate>2015-04-16</introducedDate>
    <updateDate>2016-11-02T23:25:36Z</updateDate>
    <calendarNumbers />
    <amendments />
    <cboCostEstimates />
    <policyArea>
      <name>Finance and Financial Sector</name>
    </policyArea>
    <createDate>2015-04-17T09:02:01Z</createDate>
    <notes />
    <committees>
      <billCommittees>
        <item>
          <activities>
            <item>
              <date>2015-04-16T18:16:51Z</date>
              <name>Referred to</name>
            </item>
          </activities>
          <chamber>Senate</chamber>
          <subcommittees />
          <systemCode>ssbk00</systemCode>
          <type>Standing</type>
          <name>Banking, Housing, and Urban Affairs Committee</name>
        </item>
      </billCommittees>
    </committees>
    <cosponsors>
      <item>
        <state>CT</state>
        <fullName>Sen. Blumenthal, Richard [D-CT]</fullName>
        <middleName />
        <firstName>Richard</firstName>
        <bioguideId>B001277</bioguideId>
        <sponsorshipWithdrawnDate />
        <lastName>Blumenthal</lastName>
        <party>D</party>
        <identifiers>
          <lisID>2076</lisID>
          <bioguideId>B001277</bioguideId>
          <gpoId>8332</gpoId>
        </identifiers>
        <isOriginalCosponsor>True</isOriginalCosponsor>
        <sponsorshipDate>2015-04-16</sponsorshipDate>
      </item>
    </cosponsors>
    <sponsors>
      <item>
        <state>CT</state>
        <byRequestType />
        <fullName>Sen. Murphy, Christopher S. [D-CT]</fullName>
        <lastName>Murphy</lastName>
        <identifiers>
          <bioguideId>M001169</bioguideId>
          <lisID>1837</lisID>
          <gpoId>7870</gpoId>
        </identifiers>
        <middleName>S.</middleName>
        <bioguideId>M001169</bioguideId>
        <party>D</party>
        <firstName>Christopher</firstName>
      </item>
    </sponsors>
    <relatedBills>
      <item>
        <latestAction>
          <actionDate>2015-03-26</actionDate>
          <text>Referred to the House Committee on Financial Services.</text>
        </latestAction>
        <number>1683</number>
        <congress>114</congress>
        <type>HR</type>
        <latestTitle>United States Coast Guard Commemorative Coin Act</latestTitle>
        <relationshipDetails>
          <item>
            <identifiedBy>CRS</identifiedBy>
            <type>Identical bill</type>
          </item>
        </relationshipDetails>
      </item>
    </relatedBills>
    <actions>
      <actionTypeCounts>
        <introducedInSenate>1</introducedInSenate>
        <referredToCommittee>1</referredToCommittee>
      </actionTypeCounts>
      <actionByCounts>
        <senate>2</senate>
      </actionByCounts>
      <item>
        <actionDate>2015-04-16</actionDate>
        <committee>
          <systemCode>ssbk00</systemCode>
          <name>Banking, Housing, and Urban Affairs Committee</name>
        </committee>
        <links />
        <sourceSystem>
          <name>Senate</name>
          <code>0</code>
        </sourceSystem>
        <text>Read twice and referred to the Committee on Banking, Housing, and Urban Affairs.</text>
        <type>IntroReferral</type>
      </item>
      <item>
        <links />
        <committee />
        <actionCode>10000</actionCode>
        <actionDate>2015-04-16</actionDate>
        <text>Introduced in Senate</text>
        <type>IntroReferral</type>
        <sourceSystem>
          <name>Library of Congress</name>
          <code>9</code>
        </sourceSystem>
      </item>
    </actions>
    <summaries>
      <billSummaries>
        <item>
          <lastSummaryUpdateDate>2015-04-28T16:07:48Z</lastSummaryUpdateDate>
          <actionDate>2015-04-16</actionDate>
          <actionDesc>Introduced in Senate</actionDesc>
          <updateDate>2015-04-16T04:00:00Z</updateDate>
          <text><![CDATA[<p><b>United States Coast Guard Commemorative Coin Act</b></p> <p> Directs the Secretary of the Treasury to mint and issue in commemoration of the United States Coast Guard: (1) $5 gold coins, (2) $1 silver coins, and (3) half-dollar clad coins. </p> <p>Requires the design of such coins to be emblematic of the traditions, history, and heritage of the Coast Guard, and its role in securing our nation since 1790. </p> <p>Prescribes design requirements. </p> <p>Restricts the issuance of such coins to the one-year period beginning on January 1, 2018.</p> <p>Prescribes the sale price of the coins and coin surcharges. Requires such surcharges to be paid by the Secretary to the National Coast Guard Museum Association to help finance the design and construction of the National Coast Guard Museum.</p> <p>Directs the Secretary to ensure that minting and issuing coins under this Act will not result in any net cost to the federal government.</p>]]></text>
          <name>Introduced in Senate</name>
          <versionCode>00</versionCode>
        </item>
      </billSummaries>
    </summaries>
    <billNumber>985</billNumber>
    <subjects>
      <billSubjects>
        <legislativeSubjects>
          <item>
            <name>Coast guard</name>
          </item>
          <item>
            <name>Currency</name>
          </item>
          <item>
            <name>Department of Homeland Security</name>
          </item>
          <item>
            <name>Military history</name>
          </item>
          <item>
            <name>Military personnel and dependents</name>
          </item>
          <item>
            <name>Museums, exhibitions, cultural centers</name>
          </item>
          <item>
            <name>Transportation employees</name>
          </item>
        </legislativeSubjects>
        <policyArea>
          <name>Finance and Financial Sector</name>
        </policyArea>
      </billSubjects>
    </subjects>
  </bill>
  <dublinCore xmlns:dc="http://purl.org/dc/elements/1.1/">
    <dc:format>text/xml</dc:format>
    <dc:language>EN</dc:language>
    <dc:rights>Pursuant to Title 17 Section 105 of the United States Code, this file is not subject to copyright protection and is in the public domain.</dc:rights>
    <dc:contributor>Congressional Research Service, Library of Congress</dc:contributor>
    <dc:description>This file contains bill summaries and statuses for federal legislation. A bill summary describes the most significant provisions of a piece of legislation and details the effects the legislative text may have on current law and federal programs. Bill summaries are authored by the Congressional Research Service (CRS) of the Library of Congress. As stated in Public Law 91-510 (2 USC 166 (d)(6)), one of the duties of CRS is "to prepare summaries and digests of bills and resolutions of a public general nature introduced in the Senate or House of Representatives". For more information, refer to the User Guide that accompanies this file.</dc:description>
  </dublinCore>
</billStatus>

