<?xml version="1.0" encoding="UTF-8"?>
<billStatus>
  <bill>
    <billType>S</billType>
    <policyArea>
      <name>Taxation</name>
    </policyArea>
    <recordedVotes />
    <summaries>
      <billSummaries>
        <item>
          <updateDate>2015-04-15T04:00:00Z</updateDate>
          <versionCode>00</versionCode>
          <text><![CDATA[<p>This bill amends the Internal Revenue Code to make permanent the special depreciation rules for property used predominantly within an Indian reservation and to permit a taxpayer to elect not to have such rules apply to any class of property for any taxable year.</p>]]></text>
          <lastSummaryUpdateDate>2015-06-16T20:40:29Z</lastSummaryUpdateDate>
          <actionDate>2015-04-15</actionDate>
          <actionDesc>Introduced in Senate</actionDesc>
          <name>Introduced in Senate</name>
        </item>
      </billSummaries>
    </summaries>
    <title>A bill to amend the Internal Revenue Code of 1986 to permanently extend the depreciation rules for property used predominantly within an Indian reservation.</title>
    <titles>
      <item>
        <title>A bill to amend the Internal Revenue Code of 1986 to permanently extend the depreciation rules for property used predominantly within an Indian reservation.</title>
        <parentTitleType />
        <titleType>Official Title as Introduced</titleType>
        <chamberCode />
        <chamberName />
      </item>
      <item>
        <title>A bill to amend the Internal Revenue Code of 1986 to permanently extend the depreciation rules for property used predominantly within an Indian reservation.</title>
        <parentTitleType />
        <titleType>Display Title</titleType>
        <chamberCode />
        <chamberName />
      </item>
    </titles>
    <updateDate>2016-11-02T23:25:24Z</updateDate>
    <amendments />
    <introducedDate>2015-04-15</introducedDate>
    <originChamber>Senate</originChamber>
    <actions>
      <actionTypeCounts>
        <introducedInSenate>1</introducedInSenate>
        <referredToCommittee>1</referredToCommittee>
      </actionTypeCounts>
      <actionByCounts>
        <senate>2</senate>
      </actionByCounts>
      <item>
        <actionDate>2015-04-15</actionDate>
        <committee>
          <systemCode>ssfi00</systemCode>
          <name>Finance Committee</name>
        </committee>
        <links />
        <sourceSystem>
          <name>Senate</name>
          <code>0</code>
        </sourceSystem>
        <text>Read twice and referred to the Committee on Finance.</text>
        <type>IntroReferral</type>
      </item>
      <item>
        <links />
        <committee />
        <actionCode>10000</actionCode>
        <actionDate>2015-04-15</actionDate>
        <text>Introduced in Senate</text>
        <type>IntroReferral</type>
        <sourceSystem>
          <name>Library of Congress</name>
          <code>9</code>
        </sourceSystem>
      </item>
    </actions>
    <relatedBills>
      <item>
        <latestAction>
          <actionDate>2016-09-28</actionDate>
          <text>Read twice and referred to the Committee on Finance.</text>
        </latestAction>
        <number>3425</number>
        <congress>114</congress>
        <type>S</type>
        <latestTitle>A bill to amend the Internal Revenue Code of 1986 to permanently extend the depreciation rules for property used predominantly within an Indian reservation, and for other purposes.</latestTitle>
        <relationshipDetails>
          <item>
            <identifiedBy>CRS</identifiedBy>
            <type>Related bill</type>
          </item>
        </relationshipDetails>
      </item>
    </relatedBills>
    <calendarNumbers />
    <cosponsors />
    <congress>114</congress>
    <committees>
      <billCommittees>
        <item>
          <systemCode>ssfi00</systemCode>
          <name>Finance Committee</name>
          <activities>
            <item>
              <name>Referred to</name>
              <date>2015-04-15T18:01:10Z</date>
            </item>
          </activities>
          <type>Standing</type>
          <chamber>Senate</chamber>
          <subcommittees />
        </item>
      </billCommittees>
    </committees>
    <sponsors>
      <item>
        <fullName>Sen. Inhofe, James M. [R-OK]</fullName>
        <lastName>INHOFE</lastName>
        <byRequestType />
        <party>R</party>
        <state>OK</state>
        <middleName />
        <firstName>JIM</firstName>
        <bioguideId>I000024</bioguideId>
        <identifiers>
          <gpoId>8322</gpoId>
          <lisID>583</lisID>
          <bioguideId>I000024</bioguideId>
        </identifiers>
      </item>
    </sponsors>
    <latestAction>
      <text>Read twice and referred to the Committee on Finance.</text>
      <actionDate>2015-04-15</actionDate>
      <links />
    </latestAction>
    <subjects>
      <billSubjects>
        <policyArea>
          <name>Taxation</name>
        </policyArea>
        <legislativeSubjects>
          <item>
            <name>Business investment and capital</name>
          </item>
          <item>
            <name>Income tax deductions</name>
          </item>
          <item>
            <name>Indian social and development programs</name>
          </item>
          <item>
            <name>Minority and disadvantaged businesses</name>
          </item>
        </legislativeSubjects>
      </billSubjects>
    </subjects>
    <createDate>2015-04-16T09:11:20Z</createDate>
    <notes />
    <laws />
    <billNumber>947</billNumber>
    <committeeReports />
    <cboCostEstimates />
  </bill>
  <dublinCore xmlns:dc="http://purl.org/dc/elements/1.1/">
    <dc:format>text/xml</dc:format>
    <dc:language>EN</dc:language>
    <dc:rights>Pursuant to Title 17 Section 105 of the United States Code, this file is not subject to copyright protection and is in the public domain.</dc:rights>
    <dc:contributor>Congressional Research Service, Library of Congress</dc:contributor>
    <dc:description>This file contains bill summaries and statuses for federal legislation. A bill summary describes the most significant provisions of a piece of legislation and details the effects the legislative text may have on current law and federal programs. Bill summaries are authored by the Congressional Research Service (CRS) of the Library of Congress. As stated in Public Law 91-510 (2 USC 166 (d)(6)), one of the duties of CRS is "to prepare summaries and digests of bills and resolutions of a public general nature introduced in the Senate or House of Representatives". For more information, refer to the User Guide that accompanies this file.</dc:description>
  </dublinCore>
</billStatus>

