<?xml version="1.0" encoding="UTF-8"?>
<billStatus>
  <bill>
    <billType>S</billType>
    <policyArea>
      <name>Commerce</name>
    </policyArea>
    <recordedVotes />
    <summaries>
      <billSummaries>
        <item>
          <versionCode>00</versionCode>
          <actionDate>2015-04-15</actionDate>
          <name>Introduced in Senate</name>
          <lastSummaryUpdateDate>2015-06-17T16:13:16Z</lastSummaryUpdateDate>
          <text><![CDATA[<p><b>Communicating Lender Activity Reports from the Small Business Administration Act or the CLEAR SBA Act</b></p> <p>Amends the Small Business Act to direct the Small Business Administration (SBA) to make publicly available a user-friendly database of information relating to lenders making loans under such Act or the Small Business Investment Act of 1958.</p> <p>Requires the SBA to: (1) include in the database information on such loans made during FY2009-FY2015, and (2) incorporate information relating to such loans on an ongoing basis.</p>]]></text>
          <actionDesc>Introduced in Senate</actionDesc>
          <updateDate>2015-04-15T04:00:00Z</updateDate>
        </item>
        <item>
          <versionCode>01</versionCode>
          <actionDate>2015-06-10</actionDate>
          <name>Reported to Senate amended</name>
          <lastSummaryUpdateDate>2015-06-24T13:46:39Z</lastSummaryUpdateDate>
          <text><![CDATA[<p><b>Communicating Lender Activity Reports from the Small Business Administration Act or the CLEAR SBA Act</b></p> <p>(Sec. 2) Amends the Small Business Act to direct the Small Business Administration (SBA) to make publicly available a user-friendly database of information relating to lenders making loans under such Act or the Small Business Investment Act of 1958.</p> <p>Requires the SBA to: (1) include in the database information on such loans made during FY2009-FY2015, and (2) incorporate information relating to such loans on an ongoing basis.</p> <p>Prohibits the SBA from requiring lenders to submit additional information or to otherwise increase burdens on lenders in order to comply with this Act.</p> <p>Expresses the sense of Congress that no additional funds should be made available to carry out this Act.]]></text>
          <actionDesc>Reported to Senate amended</actionDesc>
          <updateDate>2015-06-10T14:41:16Z</updateDate>
        </item>
      </billSummaries>
    </summaries>
    <title>CLEAR SBA Act</title>
    <titles>
      <item>
        <title>CLEAR SBA Act</title>
        <chamberName>Senate</chamberName>
        <chamberCode>S</chamberCode>
        <titleType>Short Titles as Reported to Senate</titleType>
        <parentTitleType>Short Titles Senate</parentTitleType>
      </item>
      <item>
        <title>Communicating Lender Activity Reports from the Small Business Administration Act</title>
        <chamberName>Senate</chamberName>
        <chamberCode>S</chamberCode>
        <titleType>Short Titles as Reported to Senate</titleType>
        <parentTitleType>Short Titles Senate</parentTitleType>
      </item>
      <item>
        <title>CLEAR SBA Act</title>
        <chamberName />
        <chamberCode />
        <titleType>Short Titles as Introduced</titleType>
        <parentTitleType />
      </item>
      <item>
        <title>Communicating Lender Activity Reports from the Small Business Administration Act</title>
        <chamberName />
        <chamberCode />
        <titleType>Short Titles as Introduced</titleType>
        <parentTitleType />
      </item>
      <item>
        <title>A bill to require the Small Business Administration to make information relating to lenders making covered loans publicly available, and for other purposes.</title>
        <chamberName />
        <chamberCode />
        <titleType>Official Title as Introduced</titleType>
        <parentTitleType />
      </item>
      <item>
        <title>CLEAR SBA Act</title>
        <chamberName />
        <chamberCode />
        <titleType>Display Title</titleType>
        <parentTitleType />
      </item>
    </titles>
    <updateDate>2016-11-08T15:20:52Z</updateDate>
    <amendments />
    <introducedDate>2015-04-15</introducedDate>
    <originChamber>Senate</originChamber>
    <actions>
      <actionByCounts>
        <senate>8</senate>
      </actionByCounts>
      <item>
        <actionDate>2016-05-26</actionDate>
        <committee>
          <name>Small Business and Entrepreneurship Committee</name>
          <systemCode>sssb00</systemCode>
        </committee>
        <links>
          <link>
            <name>Report No. 114-267</name>
            <url>https://www.congress.gov/congressional-report/114th-congress/senate-report/267</url>
          </link>
        </links>
        <sourceSystem>
          <name>Senate</name>
          <code>0</code>
        </sourceSystem>
        <text>By Senator Vitter from Committee on Small Business and Entrepreneurship filed written report. Report No. 114-267.</text>
        <type>Floor</type>
      </item>
      <item>
        <actionDate>2016-05-26</actionDate>
        <actionCode>14900</actionCode>
        <sourceSystem>
          <name>Library of Congress</name>
          <code>9</code>
        </sourceSystem>
        <links>
          <link>
            <name>Report No. 114-267</name>
            <url>https://www.congress.gov/congressional-report/114th-congress/senate-report/267</url>
          </link>
        </links>
        <committee>
          <name>Small Business and Entrepreneurship Committee</name>
          <systemCode>sssb00</systemCode>
        </committee>
        <text>By Senator Vitter from Committee on Small Business and Entrepreneurship filed written report. Report No. 114-267.</text>
        <type>Committee</type>
      </item>
      <item>
        <actionDate>2015-06-10</actionDate>
        <committee />
        <links />
        <sourceSystem>
          <name>Senate</name>
          <code>0</code>
        </sourceSystem>
        <text>Placed on Senate Legislative Calendar under General Orders. Calendar No. 108.</text>
        <type>Calendars</type>
      </item>
      <item>
        <actionDate>2015-06-10</actionDate>
        <committee>
          <name>Small Business and Entrepreneurship Committee</name>
          <systemCode>sssb00</systemCode>
        </committee>
        <links />
        <sourceSystem>
          <name>Senate</name>
          <code>0</code>
        </sourceSystem>
        <text>Committee on Small Business and Entrepreneurship. Reported by Senator Vitter with an amendment in the nature of a substitute. Without written report.</text>
        <type>Committee</type>
      </item>
      <item>
        <actionDate>2015-06-10</actionDate>
        <actionCode>14000</actionCode>
        <sourceSystem>
          <name>Library of Congress</name>
          <code>9</code>
        </sourceSystem>
        <links />
        <committee>
          <name>Small Business and Entrepreneurship Committee</name>
          <systemCode>sssb00</systemCode>
        </committee>
        <text>Committee on Small Business and Entrepreneurship. Reported by Senator Vitter with an amendment in the nature of a substitute. Without written report.</text>
        <type>Committee</type>
      </item>
      <item>
        <actionDate>2015-04-23</actionDate>
        <committee>
          <name>Small Business and Entrepreneurship Committee</name>
          <systemCode>sssb00</systemCode>
        </committee>
        <links />
        <sourceSystem>
          <name>Senate</name>
          <code>0</code>
        </sourceSystem>
        <text>Committee on Small Business and Entrepreneurship. Ordered to be reported with an amendment in the nature of a substitute favorably.</text>
        <type>Committee</type>
      </item>
      <item>
        <actionDate>2015-04-15</actionDate>
        <committee>
          <name>Small Business and Entrepreneurship Committee</name>
          <systemCode>sssb00</systemCode>
        </committee>
        <links />
        <sourceSystem>
          <name>Senate</name>
          <code>0</code>
        </sourceSystem>
        <text>Read twice and referred to the Committee on Small Business and Entrepreneurship.</text>
        <type>IntroReferral</type>
      </item>
      <item>
        <actionDate>2015-04-15</actionDate>
        <actionCode>10000</actionCode>
        <sourceSystem>
          <name>Library of Congress</name>
          <code>9</code>
        </sourceSystem>
        <links />
        <committee />
        <text>Introduced in Senate</text>
        <type>IntroReferral</type>
      </item>
      <actionTypeCounts>
        <orderedReported>1</orderedReported>
        <introducedInSenate>1</introducedInSenate>
        <reportedToSenate>2</reportedToSenate>
        <senateCommitteeReportFiledAfterReporting>1</senateCommitteeReportFiledAfterReporting>
        <committeeFiledReportToAccompany>1</committeeFiledReportToAccompany>
        <placedOnCalendarGeneralOrders>1</placedOnCalendarGeneralOrders>
        <referredToCommittee>1</referredToCommittee>
      </actionTypeCounts>
    </actions>
    <relatedBills>
      <item>
        <congress>114</congress>
        <type>HR</type>
        <relationshipDetails>
          <item>
            <identifiedBy>CRS</identifiedBy>
            <type>Identical bill</type>
          </item>
        </relationshipDetails>
        <number>6112</number>
        <latestAction>
          <actionDate>2016-09-21</actionDate>
          <text>Referred to the House Committee on Small Business.</text>
        </latestAction>
        <latestTitle>CLEAR SBA Act</latestTitle>
      </item>
    </relatedBills>
    <calendarNumbers>
      <item>
        <calendar>Senate Calendar of Business</calendar>
        <number>0108</number>
      </item>
    </calendarNumbers>
    <cosponsors>
      <item>
        <state>NE</state>
        <fullName>Sen. Fischer, Deb [R-NE]</fullName>
        <middleName />
        <firstName>Deb</firstName>
        <bioguideId>F000463</bioguideId>
        <sponsorshipWithdrawnDate />
        <lastName>Fischer</lastName>
        <party>R</party>
        <identifiers>
          <gpoId />
          <lisID>2179</lisID>
          <bioguideId>F000463</bioguideId>
        </identifiers>
        <isOriginalCosponsor>False</isOriginalCosponsor>
        <sponsorshipDate>2015-04-22</sponsorshipDate>
      </item>
      <item>
        <state>WA</state>
        <fullName>Sen. Cantwell, Maria [D-WA]</fullName>
        <middleName />
        <firstName>MARIA</firstName>
        <bioguideId>C000127</bioguideId>
        <sponsorshipWithdrawnDate />
        <lastName>CANTWELL</lastName>
        <party>D</party>
        <identifiers>
          <lisID>172</lisID>
          <gpoId>8288</gpoId>
          <bioguideId>C000127</bioguideId>
        </identifiers>
        <isOriginalCosponsor>False</isOriginalCosponsor>
        <sponsorshipDate>2015-04-22</sponsorshipDate>
      </item>
      <item>
        <state>HI</state>
        <fullName>Sen. Hirono, Mazie K. [D-HI]</fullName>
        <middleName>K.</middleName>
        <firstName>Mazie</firstName>
        <bioguideId>H001042</bioguideId>
        <sponsorshipWithdrawnDate />
        <lastName>Hirono</lastName>
        <party>D</party>
        <identifiers>
          <bioguideId>H001042</bioguideId>
          <lisID>1844</lisID>
          <gpoId>7913</gpoId>
        </identifiers>
        <isOriginalCosponsor>False</isOriginalCosponsor>
        <sponsorshipDate>2015-04-23</sponsorshipDate>
      </item>
      <item>
        <state>MI</state>
        <fullName>Sen. Peters, Gary C. [D-MI]</fullName>
        <middleName>C.</middleName>
        <firstName>Gary</firstName>
        <bioguideId>P000595</bioguideId>
        <sponsorshipWithdrawnDate />
        <lastName>Peters</lastName>
        <party>D</party>
        <identifiers>
          <lisID>1929</lisID>
          <gpoId>7994</gpoId>
          <bioguideId>P000595</bioguideId>
        </identifiers>
        <isOriginalCosponsor>False</isOriginalCosponsor>
        <sponsorshipDate>2015-04-23</sponsorshipDate>
      </item>
    </cosponsors>
    <congress>114</congress>
    <committees>
      <billCommittees>
        <item>
          <activities>
            <item>
              <date>2015-06-10T21:51:17Z</date>
              <name>Reported by</name>
            </item>
            <item>
              <date>2015-04-23T14:00:00Z</date>
              <name>Markup by</name>
            </item>
            <item>
              <date>2015-04-15T23:45:58Z</date>
              <name>Referred to</name>
            </item>
          </activities>
          <chamber>Senate</chamber>
          <subcommittees />
          <systemCode>sssb00</systemCode>
          <type>Standing</type>
          <name>Small Business and Entrepreneurship Committee</name>
        </item>
      </billCommittees>
    </committees>
    <sponsors>
      <item>
        <fullName>Sen. Shaheen, Jeanne [D-NH]</fullName>
        <lastName>Shaheen</lastName>
        <byRequestType />
        <party>D</party>
        <state>NH</state>
        <middleName />
        <firstName>Jeanne</firstName>
        <bioguideId>S001181</bioguideId>
        <identifiers>
          <lisID>1901</lisID>
          <gpoId>8276</gpoId>
          <bioguideId>S001181</bioguideId>
        </identifiers>
      </item>
    </sponsors>
    <latestAction>
      <text>By Senator Vitter from Committee on Small Business and Entrepreneurship filed written report. Report No. 114-267.</text>
      <actionDate>2016-05-26</actionDate>
      <links />
    </latestAction>
    <subjects>
      <billSubjects>
        <legislativeSubjects>
          <item>
            <name>Business investment and capital</name>
          </item>
          <item>
            <name>Credit and credit markets</name>
          </item>
          <item>
            <name>Government information and archives</name>
          </item>
          <item>
            <name>Small Business Administration</name>
          </item>
          <item>
            <name>Small business</name>
          </item>
        </legislativeSubjects>
        <policyArea>
          <name>Commerce</name>
        </policyArea>
      </billSubjects>
    </subjects>
    <createDate>2015-04-16T09:11:20Z</createDate>
    <notes />
    <laws />
    <billNumber>967</billNumber>
    <committeeReports>
      <committeeReport>
        <citation>S. Rept. 114-267</citation>
      </committeeReport>
    </committeeReports>
    <cboCostEstimates>
      <item>
        <pubDate>2015-05-15T15:26:32Z</pubDate>
        <url>https://www.cbo.gov/publication/50199</url>
        <title>S. 967, Communicating Lending Activity Reports from the Small Business Administration Act</title>
      </item>
    </cboCostEstimates>
  </bill>
  <dublinCore xmlns:dc="http://purl.org/dc/elements/1.1/">
    <dc:format>text/xml</dc:format>
    <dc:language>EN</dc:language>
    <dc:rights>Pursuant to Title 17 Section 105 of the United States Code, this file is not subject to copyright protection and is in the public domain.</dc:rights>
    <dc:contributor>Congressional Research Service, Library of Congress</dc:contributor>
    <dc:description>This file contains bill summaries and statuses for federal legislation. A bill summary describes the most significant provisions of a piece of legislation and details the effects the legislative text may have on current law and federal programs. Bill summaries are authored by the Congressional Research Service (CRS) of the Library of Congress. As stated in Public Law 91-510 (2 USC 166 (d)(6)), one of the duties of CRS is "to prepare summaries and digests of bills and resolutions of a public general nature introduced in the Senate or House of Representatives". For more information, refer to the User Guide that accompanies this file.</dc:description>
  </dublinCore>
</billStatus>

