<?xml version="1.0" encoding="UTF-8"?>
<billStatus>
  <bill>
    <title>Promoting U.S. Jobs Through Exports Act of 2015</title>
    <updateDate>2016-11-02T23:24:37Z</updateDate>
    <relatedBills>
      <item>
        <relationshipDetails>
          <item>
            <identifiedBy>CRS</identifiedBy>
            <type>Related bill</type>
          </item>
        </relationshipDetails>
        <latestAction>
          <actionDate>2015-04-30</actionDate>
          <text>Motion to Discharge Committee filed by Mr. Heck (WA). Petition No: 114-1. (&lt;a href="http://clerk.house.gov/114/lrc/pd/petitions/DisPet0001.xml"&gt;Discharge petition&lt;/a&gt; text with signatures.)</text>
        </latestAction>
        <latestTitle>Promoting U.S. Jobs Through Exports Act of 2015</latestTitle>
        <congress>114</congress>
        <number>1031</number>
        <type>HR</type>
      </item>
    </relatedBills>
    <introducedDate>2015-03-19</introducedDate>
    <originChamber>Senate</originChamber>
    <cboCostEstimates />
    <policyArea>
      <name>Foreign Trade and International Finance</name>
    </policyArea>
    <congress>114</congress>
    <billNumber>824</billNumber>
    <billType>S</billType>
    <amendments />
    <recordedVotes />
    <committees>
      <billCommittees>
        <item>
          <subcommittees />
          <chamber>Senate</chamber>
          <type>Standing</type>
          <name>Banking, Housing, and Urban Affairs Committee</name>
          <systemCode>ssbk00</systemCode>
          <activities>
            <item>
              <name>Referred to</name>
              <date>2015-03-19T21:17:48Z</date>
            </item>
          </activities>
        </item>
      </billCommittees>
    </committees>
    <laws />
    <subjects>
      <billSubjects>
        <legislativeSubjects>
          <item>
            <name>Accounting and auditing</name>
          </item>
          <item>
            <name>Administrative law and regulatory procedures</name>
          </item>
          <item>
            <name>Advisory bodies</name>
          </item>
          <item>
            <name>Africa</name>
          </item>
          <item>
            <name>Alternative and renewable resources</name>
          </item>
          <item>
            <name>Arms control and nonproliferation</name>
          </item>
          <item>
            <name>Banking and financial institutions regulation</name>
          </item>
          <item>
            <name>Competitiveness, trade promotion, trade deficits</name>
          </item>
          <item>
            <name>Computers and information technology</name>
          </item>
          <item>
            <name>Congressional oversight</name>
          </item>
          <item>
            <name>Credit and credit markets</name>
          </item>
          <item>
            <name>Energy efficiency and conservation</name>
          </item>
          <item>
            <name>Environmental assessment, monitoring, research</name>
          </item>
          <item>
            <name>Environmental technology</name>
          </item>
          <item>
            <name>Executive agency funding and structure</name>
          </item>
          <item>
            <name>Export-Import Bank of the United States</name>
          </item>
          <item>
            <name>Federal officials</name>
          </item>
          <item>
            <name>Fraud offenses and financial crimes</name>
          </item>
          <item>
            <name>Government corporations and government-sponsored enterprises</name>
          </item>
          <item>
            <name>Government employee pay, benefits, personnel management</name>
          </item>
          <item>
            <name>Government ethics and transparency, public corruption</name>
          </item>
          <item>
            <name>Government information and archives</name>
          </item>
          <item>
            <name>Government lending and loan guarantees</name>
          </item>
          <item>
            <name>Government studies and investigations</name>
          </item>
          <item>
            <name>Military assistance, sales, and agreements</name>
          </item>
          <item>
            <name>Small business</name>
          </item>
          <item>
            <name>Technology assessment</name>
          </item>
          <item>
            <name>Trade agreements and negotiations</name>
          </item>
          <item>
            <name>User charges and fees</name>
          </item>
        </legislativeSubjects>
        <policyArea>
          <name>Foreign Trade and International Finance</name>
        </policyArea>
      </billSubjects>
    </subjects>
    <notes />
    <committeeReports />
    <actions>
      <actionByCounts>
        <senate>2</senate>
      </actionByCounts>
      <item>
        <actionDate>2015-03-19</actionDate>
        <committee>
          <name>Banking, Housing, and Urban Affairs Committee</name>
          <systemCode>ssbk00</systemCode>
        </committee>
        <links />
        <sourceSystem>
          <name>Senate</name>
          <code>0</code>
        </sourceSystem>
        <text>Read twice and referred to the Committee on Banking, Housing, and Urban Affairs.</text>
        <type>IntroReferral</type>
      </item>
      <item>
        <actionCode>10000</actionCode>
        <links />
        <type>IntroReferral</type>
        <actionDate>2015-03-19</actionDate>
        <committee />
        <text>Introduced in Senate</text>
        <sourceSystem>
          <name>Library of Congress</name>
          <code>9</code>
        </sourceSystem>
      </item>
      <actionTypeCounts>
        <introducedInSenate>1</introducedInSenate>
        <referredToCommittee>1</referredToCommittee>
      </actionTypeCounts>
    </actions>
    <calendarNumbers />
    <latestAction>
      <links />
      <actionDate>2015-03-19</actionDate>
      <text>Read twice and referred to the Committee on Banking, Housing, and Urban Affairs.</text>
    </latestAction>
    <titles>
      <item>
        <title>Promoting U.S. Jobs Through Exports Act of 2015</title>
        <chamberName />
        <chamberCode />
        <titleType>Short Titles as Introduced</titleType>
        <parentTitleType />
      </item>
      <item>
        <title>A bill to reauthorize the Export-Import Bank of the United States, and for other purposes.</title>
        <chamberName />
        <chamberCode />
        <titleType>Official Title as Introduced</titleType>
        <parentTitleType />
      </item>
      <item>
        <title>Promoting U.S. Jobs Through Exports Act of 2015</title>
        <chamberName />
        <chamberCode />
        <titleType>Display Title</titleType>
        <parentTitleType />
      </item>
    </titles>
    <summaries>
      <billSummaries>
        <item>
          <versionCode>00</versionCode>
          <actionDate>2015-03-19</actionDate>
          <name>Introduced in Senate</name>
          <lastSummaryUpdateDate>2015-09-11T19:09:29Z</lastSummaryUpdateDate>
          <text><![CDATA[<p><b>Promoting U.S. Jobs Through Exports Act of 2015</b></p> <p>This bill amends the Export-Import Bank Act of 1945 to raise the cap on outstanding loans, guarantees, and insurance of the Export-Import Bank of the United States for FY2015-FY2022 and afterwards, subject to specified formulae.</p> <p>The Bank, the Sub-Saharan Africa Advisory Committee, and authority for dual use exports (of nonlethal defense articles or services primarily for civilian use) are reauthorized through FY2022.</p> <p>The Bank shall increase from 20% to 25% of its lending authority the amount made available to finance direct exports by small business concerns.</p> <p>The Bank shall:</p> <ul> <li>provide technical assistance to small businesses on how to apply for financial assistance from the Bank; and </li> <li>study the extent to which Bank financial programs and products adequately meet the needs of small business concerns and enterprises that use, or seek to use, its medium-term programs to support the maintenance or creation of jobs in the United States through exports.</li> </ul> <p>The Bank shall also:</p> <ul> <li>conduct a comparative assessment of the practices of export credit agencies of other major providers of official export credit and member countries of the Organization for Economic Cooperation and Development (OECD) with respect to risk- or fee-sharing arrangements, in order to determine the extent to which the Bank could take steps to increase the share of loan-level risk borne by the private sector; and </li> <li>establish programs, if warranted, under which private financial institutions may share risk in the loans, guarantees, and other Bank products in exchange for receiving fees received from program participants. The fees to a private financial institution shall be commensurate with the level of risk taken by the institution.</li> </ul> <p> The Bank may enter into up to $25 billion worth of contracts of reinsurance, co-finance, or other risk-sharing arrangements on its portfolio or individual transactions with insurance companies, financial institutions, or export credit agencies.</p> <p>The Bank shall develop a strategic plan to identify how most effectively to promote the export of goods and services related to renewable energy and end-use energy efficiency technology.</p> <p> The Bank President shall appoint a Chief Risk Officer to develop and manage a comprehensive process for identifying, assessing, monitoring, and reducing Bank-wide risk.</p> <p>The Bank shall:</p> <ul> <li>report to specified congressional committees on its ethics programs, financial disclosure requirements, fraud detection training programs, conflicts of interest rules, and related matters;</li> <li>conduct a risk assessment of the vulnerability of its programs to employee misconduct and, if appropriate, issue updated supplemental standards of ethical conduct for Bank employees; and </li> <li>require all Bank directors, officers, and employees to certify annually that they have read, understood, complied with, and will continue to comply with, the Standards of Ethical Conduct for Employees of the Executive Branch.</li> </ul> <p>Requirements are prescribed or revised for enhanced Bank audit controls, an independent evaluation of the Bank portfolio, and an external review of fraud controls subject to the Export-Import Bank Reauthorization Act of 2012 (EIBRA).</p> <p>The Bank must also perform (or cause to be performed) &quot;risk-based Due Diligence,&quot; &quot;Know Your Customer,&quot; and &quot;Character Reputational Transaction Integrity&quot; assessments of participants who benefit directly from Bank financing in structured finance and project finance transactions.</p> <p>The Bank shall:</p> <ul> <li>develop a specific monitoring plan for each structured or project finance transaction before final Board of Directors approval that addresses the specific risks presented by the structure of the deal, and </li> <li>reserve the right to inspect any credit agreement for a transaction subject to Board approval sufficient to validate that disbursements comply with the law and Bank policies and procedures.</li> </ul> <p>The Bank shall also:</p> <ul> <li>implement policies to accept electronic documents in a manner that will not undermine any potential civil or criminal enforcement related to a transaction, </li> <li>assess its information technology infrastructure and use, and</li> <li>develop a clear and comprehensive information technology strategic plan meeting specified requirements.</li> </ul> <p>Information technology updating is reauthorized through FY2022.</p> <p>The bill amends the EIBRA to direct the Department of the Treasury to initiate negotiations with non-OECD-member countries to bring them into a multilateral agreement establishing rules and limitations on officially supported export credits.</p> <p>The U.S. Trade Representative shall seek to identify within the World Trade Organization (WTO) the extent to which countries that are not a party to the OECD Arrangement On Officially Supported Export Credits are also not in compliance with the terms of the Agreement on Subsidies and Countervailing Measures with respect to export finance, and seek appropriate WTO action for each one of them.</p>]]></text>
          <actionDesc>Introduced in Senate</actionDesc>
          <updateDate>2015-03-19T04:00:00Z</updateDate>
        </item>
      </billSummaries>
    </summaries>
    <createDate>2015-03-23T13:30:36Z</createDate>
    <sponsors>
      <item>
        <state>NH</state>
        <fullName>Sen. Shaheen, Jeanne [D-NH]</fullName>
        <middleName />
        <identifiers>
          <bioguideId>S001181</bioguideId>
          <lisID>1901</lisID>
          <gpoId>8276</gpoId>
        </identifiers>
        <firstName>Jeanne</firstName>
        <lastName>Shaheen</lastName>
        <bioguideId>S001181</bioguideId>
        <byRequestType />
        <party>D</party>
      </item>
    </sponsors>
    <cosponsors>
      <item>
        <fullName>Sen. Feinstein, Dianne [D-CA]</fullName>
        <firstName>DIANNE</firstName>
        <lastName>FEINSTEIN</lastName>
        <state>CA</state>
        <party>D</party>
        <bioguideId>F000062</bioguideId>
        <identifiers>
          <bioguideId>F000062</bioguideId>
          <gpoId>8338</gpoId>
          <lisID>1332</lisID>
        </identifiers>
        <sponsorshipWithdrawnDate />
        <sponsorshipDate>2015-03-19</sponsorshipDate>
        <middleName />
        <isOriginalCosponsor>True</isOriginalCosponsor>
      </item>
      <item>
        <fullName>Sen. Franken, Al [D-MN]</fullName>
        <firstName>Al</firstName>
        <lastName>Franken</lastName>
        <state>MN</state>
        <party>D</party>
        <bioguideId>F000457</bioguideId>
        <identifiers>
          <bioguideId>F000457</bioguideId>
          <lisID>1969</lisID>
          <gpoId>8339</gpoId>
        </identifiers>
        <sponsorshipWithdrawnDate />
        <sponsorshipDate>2015-03-19</sponsorshipDate>
        <middleName />
        <isOriginalCosponsor>True</isOriginalCosponsor>
      </item>
      <item>
        <fullName>Sen. Blumenthal, Richard [D-CT]</fullName>
        <firstName>Richard</firstName>
        <lastName>Blumenthal</lastName>
        <state>CT</state>
        <party>D</party>
        <bioguideId>B001277</bioguideId>
        <identifiers>
          <bioguideId>B001277</bioguideId>
          <lisID>2076</lisID>
          <gpoId>8332</gpoId>
        </identifiers>
        <sponsorshipWithdrawnDate />
        <sponsorshipDate>2015-03-19</sponsorshipDate>
        <middleName />
        <isOriginalCosponsor>True</isOriginalCosponsor>
      </item>
      <item>
        <fullName>Sen. Markey, Edward J. [D-MA]</fullName>
        <firstName>EDWARD</firstName>
        <lastName>MARKEY</lastName>
        <state>MA</state>
        <party>D</party>
        <bioguideId>M000133</bioguideId>
        <identifiers>
          <lisID>735</lisID>
          <gpoId>7972</gpoId>
          <bioguideId>M000133</bioguideId>
        </identifiers>
        <sponsorshipWithdrawnDate />
        <sponsorshipDate>2015-03-23</sponsorshipDate>
        <middleName>J.</middleName>
        <isOriginalCosponsor>False</isOriginalCosponsor>
      </item>
      <item>
        <fullName>Sen. Boxer, Barbara [D-CA]</fullName>
        <firstName>BARBARA</firstName>
        <lastName>BOXER</lastName>
        <state>CA</state>
        <party>D</party>
        <bioguideId>B000711</bioguideId>
        <identifiers>
          <lisID>116</lisID>
          <gpoId>8306</gpoId>
          <bioguideId>B000711</bioguideId>
        </identifiers>
        <sponsorshipWithdrawnDate />
        <sponsorshipDate>2015-04-13</sponsorshipDate>
        <middleName />
        <isOriginalCosponsor>False</isOriginalCosponsor>
      </item>
      <item>
        <fullName>Sen. Booker, Cory A. [D-NJ]</fullName>
        <firstName>Cory</firstName>
        <lastName>Booker</lastName>
        <state>NJ</state>
        <party>D</party>
        <bioguideId>B001288</bioguideId>
        <identifiers>
          <lisID>2194</lisID>
          <gpoId />
          <bioguideId>B001288</bioguideId>
        </identifiers>
        <sponsorshipWithdrawnDate />
        <sponsorshipDate>2015-04-13</sponsorshipDate>
        <middleName>A.</middleName>
        <isOriginalCosponsor>False</isOriginalCosponsor>
      </item>
      <item>
        <fullName>Sen. Durbin, Richard [D-IL]</fullName>
        <firstName>RICHARD</firstName>
        <lastName>DURBIN</lastName>
        <state>IL</state>
        <party>D</party>
        <bioguideId>D000563</bioguideId>
        <identifiers>
          <lisID>326</lisID>
          <gpoId>8326</gpoId>
          <bioguideId>D000563</bioguideId>
        </identifiers>
        <sponsorshipWithdrawnDate />
        <sponsorshipDate>2015-04-20</sponsorshipDate>
        <middleName>J.</middleName>
        <isOriginalCosponsor>False</isOriginalCosponsor>
      </item>
      <item>
        <fullName>Sen. Whitehouse, Sheldon [D-RI]</fullName>
        <firstName>Sheldon</firstName>
        <lastName>Whitehouse</lastName>
        <state>RI</state>
        <party>D</party>
        <bioguideId>W000802</bioguideId>
        <identifiers>
          <lisID>1823</lisID>
          <gpoId>8264</gpoId>
          <bioguideId>W000802</bioguideId>
        </identifiers>
        <sponsorshipWithdrawnDate />
        <sponsorshipDate>2015-04-21</sponsorshipDate>
        <middleName />
        <isOriginalCosponsor>False</isOriginalCosponsor>
      </item>
      <item>
        <fullName>Sen. Merkley, Jeff [D-OR]</fullName>
        <firstName>Jeff</firstName>
        <lastName>Merkley</lastName>
        <state>OR</state>
        <party>D</party>
        <bioguideId>M001176</bioguideId>
        <identifiers>
          <bioguideId>M001176</bioguideId>
          <lisID>1900</lisID>
          <gpoId>8238</gpoId>
        </identifiers>
        <sponsorshipWithdrawnDate />
        <sponsorshipDate>2015-04-29</sponsorshipDate>
        <middleName />
        <isOriginalCosponsor>False</isOriginalCosponsor>
      </item>
      <item>
        <fullName>Sen. Baldwin, Tammy [D-WI]</fullName>
        <firstName>TAMMY</firstName>
        <lastName>BALDWIN</lastName>
        <state>WI</state>
        <party>D</party>
        <bioguideId>B001230</bioguideId>
        <identifiers>
          <lisID>1558</lisID>
          <gpoId>8215</gpoId>
          <bioguideId>B001230</bioguideId>
        </identifiers>
        <sponsorshipWithdrawnDate />
        <sponsorshipDate>2015-05-12</sponsorshipDate>
        <middleName />
        <isOriginalCosponsor>False</isOriginalCosponsor>
      </item>
    </cosponsors>
  </bill>
  <dublinCore xmlns:dc="http://purl.org/dc/elements/1.1/">
    <dc:format>text/xml</dc:format>
    <dc:language>EN</dc:language>
    <dc:rights>Pursuant to Title 17 Section 105 of the United States Code, this file is not subject to copyright protection and is in the public domain.</dc:rights>
    <dc:contributor>Congressional Research Service, Library of Congress</dc:contributor>
    <dc:description>This file contains bill summaries and statuses for federal legislation. A bill summary describes the most significant provisions of a piece of legislation and details the effects the legislative text may have on current law and federal programs. Bill summaries are authored by the Congressional Research Service (CRS) of the Library of Congress. As stated in Public Law 91-510 (2 USC 166 (d)(6)), one of the duties of CRS is "to prepare summaries and digests of bills and resolutions of a public general nature introduced in the Senate or House of Representatives". For more information, refer to the User Guide that accompanies this file.</dc:description>
  </dublinCore>
</billStatus>

