<?xml version="1.0" encoding="UTF-8"?>
<billStatus>
  <bill>
    <billType>S</billType>
    <laws />
    <recordedVotes />
    <actions>
      <actionTypeCounts>
        <introducedInSenate>1</introducedInSenate>
        <referredToCommittee>1</referredToCommittee>
      </actionTypeCounts>
      <actionByCounts>
        <senate>2</senate>
      </actionByCounts>
      <item>
        <actionDate>2015-02-26</actionDate>
        <committee>
          <systemCode>ssev00</systemCode>
          <name>Environment and Public Works Committee</name>
        </committee>
        <links />
        <sourceSystem>
          <name>Senate</name>
          <code>0</code>
        </sourceSystem>
        <text>Read twice and referred to the Committee on Environment and Public Works.</text>
        <type>IntroReferral</type>
      </item>
      <item>
        <links />
        <committee />
        <actionCode>10000</actionCode>
        <actionDate>2015-02-26</actionDate>
        <text>Introduced in Senate</text>
        <type>IntroReferral</type>
        <sourceSystem>
          <name>Library of Congress</name>
          <code>9</code>
        </sourceSystem>
      </item>
    </actions>
    <billNumber>589</billNumber>
    <policyArea>
      <name>Environmental Protection</name>
    </policyArea>
    <notes />
    <latestAction>
      <actionDate>2015-02-26</actionDate>
      <links />
      <text>Read twice and referred to the Committee on Environment and Public Works.</text>
    </latestAction>
    <relatedBills>
      <item>
        <congress>114</congress>
        <type>HR</type>
        <relationshipDetails>
          <item>
            <identifiedBy>CRS</identifiedBy>
            <type>Identical bill</type>
          </item>
        </relationshipDetails>
        <number>1135</number>
        <latestAction>
          <actionDate>2015-03-23</actionDate>
          <text>Referred to the Subcommittee on Water, Power and Oceans.</text>
        </latestAction>
        <latestTitle>Defending Our Great Lakes Act of 2015</latestTitle>
      </item>
    </relatedBills>
    <committees>
      <billCommittees>
        <item>
          <systemCode>ssev00</systemCode>
          <name>Environment and Public Works Committee</name>
          <activities>
            <item>
              <name>Referred to</name>
              <date>2015-02-26T20:04:16Z</date>
            </item>
          </activities>
          <type>Standing</type>
          <chamber>Senate</chamber>
          <subcommittees />
        </item>
      </billCommittees>
    </committees>
    <cosponsors>
      <item>
        <fullName>Sen. Portman, Rob [R-OH]</fullName>
        <lastName>PORTMAN</lastName>
        <bioguideId>P000449</bioguideId>
        <isOriginalCosponsor>True</isOriginalCosponsor>
        <state>OH</state>
        <middleName />
        <firstName>ROB</firstName>
        <party>R</party>
        <identifiers>
          <bioguideId>P000449</bioguideId>
          <lisID>924</lisID>
          <gpoId>8266</gpoId>
        </identifiers>
        <sponsorshipDate>2015-02-26</sponsorshipDate>
        <sponsorshipWithdrawnDate />
      </item>
      <item>
        <fullName>Sen. Brown, Sherrod [D-OH]</fullName>
        <lastName>BROWN</lastName>
        <bioguideId>B000944</bioguideId>
        <isOriginalCosponsor>True</isOriginalCosponsor>
        <state>OH</state>
        <middleName />
        <firstName>SHERROD</firstName>
        <party>D</party>
        <identifiers>
          <gpoId>8309</gpoId>
          <lisID>136</lisID>
          <bioguideId>B000944</bioguideId>
        </identifiers>
        <sponsorshipDate>2015-02-26</sponsorshipDate>
        <sponsorshipWithdrawnDate />
      </item>
      <item>
        <fullName>Sen. Peters, Gary C. [D-MI]</fullName>
        <lastName>Peters</lastName>
        <bioguideId>P000595</bioguideId>
        <isOriginalCosponsor>True</isOriginalCosponsor>
        <state>MI</state>
        <middleName>C.</middleName>
        <firstName>Gary</firstName>
        <party>D</party>
        <identifiers>
          <lisID>1929</lisID>
          <gpoId>7994</gpoId>
          <bioguideId>P000595</bioguideId>
        </identifiers>
        <sponsorshipDate>2015-02-26</sponsorshipDate>
        <sponsorshipWithdrawnDate />
      </item>
      <item>
        <fullName>Sen. Baldwin, Tammy [D-WI]</fullName>
        <lastName>BALDWIN</lastName>
        <bioguideId>B001230</bioguideId>
        <isOriginalCosponsor>True</isOriginalCosponsor>
        <state>WI</state>
        <middleName />
        <firstName>TAMMY</firstName>
        <party>D</party>
        <identifiers>
          <bioguideId>B001230</bioguideId>
          <lisID>1558</lisID>
          <gpoId>8215</gpoId>
        </identifiers>
        <sponsorshipDate>2015-02-26</sponsorshipDate>
        <sponsorshipWithdrawnDate />
      </item>
      <item>
        <fullName>Sen. Klobuchar, Amy [D-MN]</fullName>
        <lastName>Klobuchar</lastName>
        <bioguideId>K000367</bioguideId>
        <isOriginalCosponsor>True</isOriginalCosponsor>
        <state>MN</state>
        <middleName />
        <firstName>Amy</firstName>
        <party>D</party>
        <identifiers>
          <bioguideId>K000367</bioguideId>
          <gpoId>8249</gpoId>
          <lisID>1826</lisID>
        </identifiers>
        <sponsorshipDate>2015-02-26</sponsorshipDate>
        <sponsorshipWithdrawnDate />
      </item>
      <item>
        <fullName>Sen. Franken, Al [D-MN]</fullName>
        <lastName>Franken</lastName>
        <bioguideId>F000457</bioguideId>
        <isOriginalCosponsor>True</isOriginalCosponsor>
        <state>MN</state>
        <middleName />
        <firstName>Al</firstName>
        <party>D</party>
        <identifiers>
          <bioguideId>F000457</bioguideId>
          <lisID>1969</lisID>
          <gpoId>8339</gpoId>
        </identifiers>
        <sponsorshipDate>2015-02-26</sponsorshipDate>
        <sponsorshipWithdrawnDate />
      </item>
      <item>
        <fullName>Sen. Schumer, Charles E. [D-NY]</fullName>
        <lastName>SCHUMER</lastName>
        <bioguideId>S000148</bioguideId>
        <isOriginalCosponsor>True</isOriginalCosponsor>
        <state>NY</state>
        <middleName>E.</middleName>
        <firstName>CHARLES</firstName>
        <party>D</party>
        <identifiers>
          <bioguideId>S000148</bioguideId>
          <gpoId>8279</gpoId>
          <lisID>1036</lisID>
        </identifiers>
        <sponsorshipDate>2015-02-26</sponsorshipDate>
        <sponsorshipWithdrawnDate />
      </item>
    </cosponsors>
    <committeeReports />
    <sponsors>
      <item>
        <fullName>Sen. Stabenow, Debbie [D-MI]</fullName>
        <firstName>DEBORAH</firstName>
        <lastName>STABENOW</lastName>
        <state>MI</state>
        <party>D</party>
        <bioguideId>S000770</bioguideId>
        <identifiers>
          <lisID>1531</lisID>
          <gpoId>8261</gpoId>
          <bioguideId>S000770</bioguideId>
        </identifiers>
        <middleName>ANN</middleName>
        <byRequestType />
      </item>
    </sponsors>
    <createDate>2015-02-27T18:29:29Z</createDate>
    <updateDate>2016-11-02T23:22:15Z</updateDate>
    <introducedDate>2015-02-26</introducedDate>
    <summaries>
      <billSummaries>
        <item>
          <versionCode>00</versionCode>
          <actionDate>2015-02-26</actionDate>
          <text><![CDATA[<p><b>Defending Our Great Lakes Act of 2015</b></p> <p>This bill requires federal agencies to take immediate actions to prevent the upstream transfer of aquatic nuisance species from the Mississippi River basin to the Great Lakes basin through the Brandon Road Lock and Dam site. The actions must place a special focus on Asian carp species and other aquatic nuisance species of concern to the Great Lakes referred to in the Great Lakes Mississippi River Interbasin Study conducted by the U.S. Army Corps of Engineers. </p> <p>The Army Corps must implement measures to improve the site to prevent the upstream transfer of Asian carp and other aquatic nuisance species swimming through the lock and dam, including by constructing an engineered channel in the approach to the site from the Mississippi River direction.</p> <p>The U.S. Fish and Wildlife Service must implement all appropriate measures around the site on the Illinois River to prevent the upstream transfer of swimming and floating aquatic nuisance species, with a focus on Asian carp species.</p> <p> Federal entities must take actions for the long-term prevention of the transfer of aquatic nuisance species between the Mississippi River and Great Lakes basins, including through the Chicago Area Waterway System. The Army Corps must design, engineer, and construct flood mitigation and water quality measures on the Chicago Area Waterway System related to preventing such transfer.</p>]]></text>
          <name>Introduced in Senate</name>
          <lastSummaryUpdateDate>2016-03-08T18:08:07Z</lastSummaryUpdateDate>
          <updateDate>2015-02-26T05:00:00Z</updateDate>
          <actionDesc>Introduced in Senate</actionDesc>
        </item>
      </billSummaries>
    </summaries>
    <title>Defending Our Great Lakes Act of 2015</title>
    <cboCostEstimates />
    <subjects>
      <billSubjects>
        <policyArea>
          <name>Environmental Protection</name>
        </policyArea>
        <legislativeSubjects>
          <item>
            <name>Aquatic ecology</name>
          </item>
          <item>
            <name>Dams and canals</name>
          </item>
          <item>
            <name>Fishes</name>
          </item>
          <item>
            <name>Floods and storm protection</name>
          </item>
          <item>
            <name>Great Lakes</name>
          </item>
          <item>
            <name>Illinois</name>
          </item>
          <item>
            <name>Indiana</name>
          </item>
          <item>
            <name>Lakes and rivers</name>
          </item>
          <item>
            <name>Marine and inland water transportation</name>
          </item>
          <item>
            <name>Michigan</name>
          </item>
          <item>
            <name>Minnesota</name>
          </item>
          <item>
            <name>Mississippi River</name>
          </item>
          <item>
            <name>New York State</name>
          </item>
          <item>
            <name>Ohio</name>
          </item>
          <item>
            <name>Pennsylvania</name>
          </item>
          <item>
            <name>Water quality</name>
          </item>
          <item>
            <name>Water storage</name>
          </item>
          <item>
            <name>Watersheds</name>
          </item>
          <item>
            <name>Wisconsin</name>
          </item>
        </legislativeSubjects>
      </billSubjects>
    </subjects>
    <amendments />
    <calendarNumbers />
    <congress>114</congress>
    <titles>
      <item>
        <title>Defending Our Great Lakes Act of 2015</title>
        <parentTitleType />
        <titleType>Short Titles as Introduced</titleType>
        <chamberCode />
        <chamberName />
      </item>
      <item>
        <title>A bill to provide an immediate measure to control the spread of aquatic nuisance species from the Mississippi River basin to the Great Lakes basin and to inform long-term measures to prevent the Interbasin transfer of aquatic nuisance species.</title>
        <parentTitleType />
        <titleType>Official Title as Introduced</titleType>
        <chamberCode />
        <chamberName />
      </item>
      <item>
        <title>Defending Our Great Lakes Act of 2015</title>
        <parentTitleType />
        <titleType>Display Title</titleType>
        <chamberCode />
        <chamberName />
      </item>
    </titles>
    <originChamber>Senate</originChamber>
  </bill>
  <dublinCore xmlns:dc="http://purl.org/dc/elements/1.1/">
    <dc:format>text/xml</dc:format>
    <dc:language>EN</dc:language>
    <dc:rights>Pursuant to Title 17 Section 105 of the United States Code, this file is not subject to copyright protection and is in the public domain.</dc:rights>
    <dc:contributor>Congressional Research Service, Library of Congress</dc:contributor>
    <dc:description>This file contains bill summaries and statuses for federal legislation. A bill summary describes the most significant provisions of a piece of legislation and details the effects the legislative text may have on current law and federal programs. Bill summaries are authored by the Congressional Research Service (CRS) of the Library of Congress. As stated in Public Law 91-510 (2 USC 166 (d)(6)), one of the duties of CRS is "to prepare summaries and digests of bills and resolutions of a public general nature introduced in the Senate or House of Representatives". For more information, refer to the User Guide that accompanies this file.</dc:description>
  </dublinCore>
</billStatus>

