<?xml version="1.0" encoding="UTF-8"?>
<billStatus>
  <bill>
    <cboCostEstimates />
    <policyArea>
      <name>Finance and Financial Sector</name>
    </policyArea>
    <notes />
    <committeeReports />
    <titles>
      <item>
        <chamberCode />
        <chamberName />
        <title>FIX Act</title>
        <parentTitleType />
        <titleType>Short Titles as Introduced</titleType>
      </item>
      <item>
        <chamberCode />
        <chamberName />
        <title>FIX Credit Reporting Errors Act</title>
        <parentTitleType />
        <titleType>Short Titles as Introduced</titleType>
      </item>
      <item>
        <chamberCode />
        <chamberName />
        <title>A bill to enhance consumer rights relating to consumer report disputes by requiring provision of documentation provided by consumers.</title>
        <parentTitleType />
        <titleType>Official Title as Introduced</titleType>
      </item>
      <item>
        <chamberCode />
        <chamberName />
        <title>FIX Act</title>
        <parentTitleType />
        <titleType>Display Title</titleType>
      </item>
    </titles>
    <summaries>
      <billSummaries>
        <item>
          <actionDate>2015-05-06</actionDate>
          <updateDate>2015-05-06T04:00:00Z</updateDate>
          <name>Introduced in Senate</name>
          <lastSummaryUpdateDate>2015-05-28T21:33:53Z</lastSummaryUpdateDate>
          <versionCode>00</versionCode>
          <actionDesc>Introduced in Senate</actionDesc>
          <text><![CDATA[<p><b>FIX Credit Reporting Errors Act or the FIX Act</b></p> <p> Amends the Fair Credit Reporting Act with respect to the procedures followed by consumer reporting agencies when a consumer disputes the completeness or accuracy of information contained in the consumer's credit report.</p> <p>Requires consumer reporting agencies to: (1) expand the dispute notification furnished to any person who provided disputed information to include all documentation provided by the consumer, and (2) consider such consumer documentation when conducting reinvestigations of disputed information. </p> <p>Directs a consumer reporting agency that operates as reseller, if it receives notice from a consumer of a dispute concerning a report that the reseller produced but the reseller determines that the information is not incomplete or inaccurate as a result of an act or omission of the reseller, to convey the notice of the dispute, together with all relevant information and documentation provided by the consumer, to each consumer reporting agency that provided the reseller with the information that is the subject of the dispute.</p>]]></text>
        </item>
      </billSummaries>
    </summaries>
    <createDate>2015-05-07T09:06:42Z</createDate>
    <recordedVotes />
    <billNumber>1234</billNumber>
    <introducedDate>2015-05-06</introducedDate>
    <relatedBills />
    <updateDate>2016-11-02T23:28:11Z</updateDate>
    <committees>
      <billCommittees>
        <item>
          <activities>
            <item>
              <name>Referred to</name>
              <date>2015-05-06T22:19:15Z</date>
            </item>
          </activities>
          <name>Banking, Housing, and Urban Affairs Committee</name>
          <subcommittees />
          <chamber>Senate</chamber>
          <type>Standing</type>
          <systemCode>ssbk00</systemCode>
        </item>
      </billCommittees>
    </committees>
    <congress>114</congress>
    <laws />
    <title>FIX Act</title>
    <calendarNumbers />
    <sponsors>
      <item>
        <identifiers>
          <bioguideId>K000367</bioguideId>
          <lisID>1826</lisID>
          <gpoId>8249</gpoId>
        </identifiers>
        <byRequestType />
        <fullName>Sen. Klobuchar, Amy [D-MN]</fullName>
        <firstName>Amy</firstName>
        <state>MN</state>
        <bioguideId>K000367</bioguideId>
        <middleName />
        <party>D</party>
        <lastName>Klobuchar</lastName>
      </item>
    </sponsors>
    <actions>
      <item>
        <actionDate>2015-05-06</actionDate>
        <committee>
          <systemCode>ssbk00</systemCode>
          <name>Banking, Housing, and Urban Affairs Committee</name>
        </committee>
        <links />
        <sourceSystem>
          <code>0</code>
          <name>Senate</name>
        </sourceSystem>
        <text>Read twice and referred to the Committee on Banking, Housing, and Urban Affairs.</text>
        <type>IntroReferral</type>
      </item>
      <item>
        <sourceSystem>
          <code>9</code>
          <name>Library of Congress</name>
        </sourceSystem>
        <actionDate>2015-05-06</actionDate>
        <links />
        <committee />
        <text>Introduced in Senate</text>
        <type>IntroReferral</type>
        <actionCode>10000</actionCode>
      </item>
      <actionTypeCounts>
        <introducedInSenate>1</introducedInSenate>
        <referredToCommittee>1</referredToCommittee>
      </actionTypeCounts>
      <actionByCounts>
        <senate>2</senate>
      </actionByCounts>
    </actions>
    <amendments />
    <originChamber>Senate</originChamber>
    <latestAction>
      <text>Read twice and referred to the Committee on Banking, Housing, and Urban Affairs.</text>
      <actionDate>2015-05-06</actionDate>
      <links />
    </latestAction>
    <subjects>
      <billSubjects>
        <policyArea>
          <name>Finance and Financial Sector</name>
        </policyArea>
        <legislativeSubjects>
          <item>
            <name>Consumer credit</name>
          </item>
        </legislativeSubjects>
      </billSubjects>
    </subjects>
    <cosponsors>
      <item>
        <fullName>Sen. Daines, Steve [R-MT]</fullName>
        <firstName>Steve</firstName>
        <lastName>Daines</lastName>
        <state>MT</state>
        <party>R</party>
        <bioguideId>D000618</bioguideId>
        <identifiers>
          <bioguideId>D000618</bioguideId>
          <lisID>2138</lisID>
          <gpoId />
        </identifiers>
        <sponsorshipWithdrawnDate />
        <sponsorshipDate>2015-05-06</sponsorshipDate>
        <middleName />
        <isOriginalCosponsor>True</isOriginalCosponsor>
      </item>
    </cosponsors>
    <billType>S</billType>
  </bill>
  <dublinCore xmlns:dc="http://purl.org/dc/elements/1.1/">
    <dc:format>text/xml</dc:format>
    <dc:language>EN</dc:language>
    <dc:rights>Pursuant to Title 17 Section 105 of the United States Code, this file is not subject to copyright protection and is in the public domain.</dc:rights>
    <dc:contributor>Congressional Research Service, Library of Congress</dc:contributor>
    <dc:description>This file contains bill summaries and statuses for federal legislation. A bill summary describes the most significant provisions of a piece of legislation and details the effects the legislative text may have on current law and federal programs. Bill summaries are authored by the Congressional Research Service (CRS) of the Library of Congress. As stated in Public Law 91-510 (2 USC 166 (d)(6)), one of the duties of CRS is "to prepare summaries and digests of bills and resolutions of a public general nature introduced in the Senate or House of Representatives". For more information, refer to the User Guide that accompanies this file.</dc:description>
  </dublinCore>
</billStatus>

