<?xml version="1.0" encoding="UTF-8"?>
<billStatus>
  <bill>
    <latestAction>
      <text>Read twice and referred to the Committee on Finance.</text>
      <links />
      <actionDate>2015-04-27</actionDate>
    </latestAction>
    <policyArea>
      <name>Social Welfare</name>
    </policyArea>
    <amendments />
    <relatedBills>
      <item>
        <relationshipDetails>
          <item>
            <identifiedBy>CRS</identifiedBy>
            <type>Related bill</type>
          </item>
        </relationshipDetails>
        <latestAction>
          <actionDate>2015-03-19</actionDate>
          <text>Referred to the Subcommittee on Health.</text>
        </latestAction>
        <latestTitle>Social Impact Partnership Act</latestTitle>
        <congress>114</congress>
        <number>1336</number>
        <type>HR</type>
      </item>
      <item>
        <relationshipDetails>
          <item>
            <identifiedBy>CRS</identifiedBy>
            <type>Related bill</type>
          </item>
        </relationshipDetails>
        <latestAction>
          <actionDate>2016-06-22</actionDate>
          <text>Received in the Senate and Read twice and referred to the Committee on Finance.</text>
        </latestAction>
        <latestTitle>Social Impact Partnerships to Pay for Results Act</latestTitle>
        <congress>114</congress>
        <number>5170</number>
        <type>HR</type>
      </item>
      <item>
        <relationshipDetails>
          <item>
            <identifiedBy>CRS</identifiedBy>
            <type>Related bill</type>
          </item>
        </relationshipDetails>
        <latestAction>
          <actionDate>2016-09-28</actionDate>
          <text>Read twice and referred to the Committee on Health, Education, Labor, and Pensions. (Sponsor introductory remarks on measure: CR S6238-6241)</text>
        </latestAction>
        <latestTitle>Two-Generation Economic Empowerment Act of 2016</latestTitle>
        <congress>114</congress>
        <number>3458</number>
        <type>S</type>
      </item>
    </relatedBills>
    <billNumber>1089</billNumber>
    <updateDate>2016-11-02T23:26:16Z</updateDate>
    <sponsors>
      <item>
        <fullName>Sen. Hatch, Orrin G. [R-UT]</fullName>
        <firstName>ORRIN</firstName>
        <lastName>HATCH</lastName>
        <identifiers>
          <lisID>1351</lisID>
          <gpoId>8314</gpoId>
          <bioguideId>H000338</bioguideId>
        </identifiers>
        <state>UT</state>
        <middleName>GRANT</middleName>
        <party>R</party>
        <byRequestType />
        <bioguideId>H000338</bioguideId>
      </item>
    </sponsors>
    <notes />
    <originChamber>Senate</originChamber>
    <subjects>
      <billSubjects>
        <legislativeSubjects>
          <item>
            <name>Academic performance and assessments</name>
          </item>
          <item>
            <name>Adoption and foster care</name>
          </item>
          <item>
            <name>Cardiovascular and respiratory health</name>
          </item>
          <item>
            <name>Child safety and welfare</name>
          </item>
          <item>
            <name>Digestive and metabolic diseases</name>
          </item>
          <item>
            <name>Disability assistance</name>
          </item>
          <item>
            <name>Elementary and secondary education</name>
          </item>
          <item>
            <name>Government studies and investigations</name>
          </item>
          <item>
            <name>Health promotion and preventive care</name>
          </item>
          <item>
            <name>Homelessness and emergency shelter</name>
          </item>
          <item>
            <name>Intergovernmental relations</name>
          </item>
          <item>
            <name>Performance measurement</name>
          </item>
          <item>
            <name>Poverty and welfare assistance</name>
          </item>
          <item>
            <name>Public-private cooperation</name>
          </item>
          <item>
            <name>State and local government operations</name>
          </item>
          <item>
            <name>Teenage pregnancy</name>
          </item>
          <item>
            <name>Unemployment</name>
          </item>
          <item>
            <name>Wages and earnings</name>
          </item>
          <item>
            <name>Youth employment and child labor</name>
          </item>
        </legislativeSubjects>
        <policyArea>
          <name>Social Welfare</name>
        </policyArea>
      </billSubjects>
    </subjects>
    <committees>
      <billCommittees>
        <item>
          <subcommittees />
          <chamber>Senate</chamber>
          <type>Standing</type>
          <name>Finance Committee</name>
          <systemCode>ssfi00</systemCode>
          <activities>
            <item>
              <name>Referred to</name>
              <date>2015-04-27T20:12:23Z</date>
            </item>
          </activities>
        </item>
      </billCommittees>
    </committees>
    <cosponsors>
      <item>
        <fullName>Sen. Bennet, Michael F. [D-CO]</fullName>
        <lastName>Bennet</lastName>
        <bioguideId>B001267</bioguideId>
        <isOriginalCosponsor>True</isOriginalCosponsor>
        <state>CO</state>
        <middleName>F.</middleName>
        <firstName>Michael</firstName>
        <party>D</party>
        <identifiers>
          <lisID>1965</lisID>
          <bioguideId>B001267</bioguideId>
          <gpoId>8302</gpoId>
        </identifiers>
        <sponsorshipDate>2015-04-27</sponsorshipDate>
        <sponsorshipWithdrawnDate />
      </item>
      <item>
        <fullName>Sen. Ayotte, Kelly [R-NH]</fullName>
        <lastName>Ayotte</lastName>
        <bioguideId>A000368</bioguideId>
        <isOriginalCosponsor>False</isOriginalCosponsor>
        <state>NH</state>
        <middleName />
        <firstName>Kelly</firstName>
        <party>R</party>
        <identifiers>
          <gpoId>8315</gpoId>
          <lisID>2075</lisID>
          <bioguideId>A000368</bioguideId>
        </identifiers>
        <sponsorshipDate>2015-07-28</sponsorshipDate>
        <sponsorshipWithdrawnDate />
      </item>
      <item>
        <fullName>Sen. Booker, Cory A. [D-NJ]</fullName>
        <lastName>Booker</lastName>
        <bioguideId>B001288</bioguideId>
        <isOriginalCosponsor>False</isOriginalCosponsor>
        <state>NJ</state>
        <middleName>A.</middleName>
        <firstName>Cory</firstName>
        <party>D</party>
        <identifiers>
          <gpoId />
          <lisID>2194</lisID>
          <bioguideId>B001288</bioguideId>
        </identifiers>
        <sponsorshipDate>2015-07-28</sponsorshipDate>
        <sponsorshipWithdrawnDate />
      </item>
      <item>
        <fullName>Sen. Corker, Bob [R-TN]</fullName>
        <lastName>Corker</lastName>
        <bioguideId>C001071</bioguideId>
        <isOriginalCosponsor>False</isOriginalCosponsor>
        <state>TN</state>
        <middleName />
        <firstName>Bob</firstName>
        <party>R</party>
        <identifiers>
          <lisID>1825</lisID>
          <bioguideId>C001071</bioguideId>
          <gpoId>8294</gpoId>
        </identifiers>
        <sponsorshipDate>2016-06-10</sponsorshipDate>
        <sponsorshipWithdrawnDate />
      </item>
      <item>
        <fullName>Sen. Schumer, Charles E. [D-NY]</fullName>
        <lastName>SCHUMER</lastName>
        <bioguideId>S000148</bioguideId>
        <isOriginalCosponsor>False</isOriginalCosponsor>
        <state>NY</state>
        <middleName>E.</middleName>
        <firstName>CHARLES</firstName>
        <party>D</party>
        <identifiers>
          <lisID>1036</lisID>
          <gpoId>8279</gpoId>
          <bioguideId>S000148</bioguideId>
        </identifiers>
        <sponsorshipDate>2016-06-29</sponsorshipDate>
        <sponsorshipWithdrawnDate />
      </item>
    </cosponsors>
    <calendarNumbers />
    <committeeReports />
    <congress>114</congress>
    <title>Social Impact Partnership Act</title>
    <introducedDate>2015-04-27</introducedDate>
    <actions>
      <item>
        <actionDate>2015-04-27</actionDate>
        <committee>
          <systemCode>ssfi00</systemCode>
          <name>Finance Committee</name>
        </committee>
        <links />
        <sourceSystem>
          <code>0</code>
          <name>Senate</name>
        </sourceSystem>
        <text>Read twice and referred to the Committee on Finance.</text>
        <type>IntroReferral</type>
      </item>
      <item>
        <sourceSystem>
          <code>9</code>
          <name>Library of Congress</name>
        </sourceSystem>
        <actionDate>2015-04-27</actionDate>
        <links />
        <committee />
        <text>Introduced in Senate</text>
        <type>IntroReferral</type>
        <actionCode>10000</actionCode>
      </item>
      <actionTypeCounts>
        <introducedInSenate>1</introducedInSenate>
        <referredToCommittee>1</referredToCommittee>
      </actionTypeCounts>
      <actionByCounts>
        <senate>2</senate>
      </actionByCounts>
    </actions>
    <summaries>
      <billSummaries>
        <item>
          <updateDate>2015-04-27T04:00:00Z</updateDate>
          <versionCode>00</versionCode>
          <lastSummaryUpdateDate>2015-06-03T15:52:40Z</lastSummaryUpdateDate>
          <name>Introduced in Senate</name>
          <actionDate>2015-04-27</actionDate>
          <actionDesc>Introduced in Senate</actionDesc>
          <text><![CDATA[<p><b>Social Impact Partnership Act</b></p> <p>Amends title XX (Block Grants to States for Social Services and Elder Justice) of the Social Security Act to add a new part C (Social Impact Partnerships).</p> <p>Requires the Secretary of the Treasury to publish in the Federal Register a request for proposals from states or local governments for social impact partnership projects which produce a measurable, clearly defined outcome that results in social benefit, such as employment for the unemployed, high school graduation, and reduction of teen and unplanned pregnancies as well as incidences and adverse consequences of child abuse and neglect. Requires applications to include a feasibility study, funded under this Act, which contains specified information.</p> <p>Requires the Secretary to decide whether to enter into such a contract within six months after receiving an application.</p> <p>Requires independent evaluation to determine whether the state or local government project has met an outcome specified in the contract in order for such governments to receive outcome payments.</p> <p>Establishes the Federal Interagency Council on Social Impact Partnerships. </p> <p>Makes appropriations for 10 years to carry out this Act.</p> <p>Authorizes the Government Accountability Office to audit the social impact partnership project activities of any state, local, government, or nongovernment entity that receives funds under this Act.</p> <p>Amends the Community Reinvestment Act of 1977 to require the appropriate federal financial supervisory agency to consider, in assessing and taking into account the record of a financial institution in meeting the credit needs of its entire community, its investments in social impact partnership projects.</p>]]></text>
        </item>
      </billSummaries>
    </summaries>
    <laws />
    <createDate>2015-04-28T09:16:15Z</createDate>
    <titles>
      <item>
        <title>Social Impact Partnership Act</title>
        <chamberCode />
        <chamberName />
        <titleType>Short Titles as Introduced</titleType>
        <parentTitleType />
      </item>
      <item>
        <title>A bill to encourage and support partnerships between the public and private sectors to improve our Nation's social programs, and for other purposes.</title>
        <chamberCode />
        <chamberName />
        <titleType>Official Title as Introduced</titleType>
        <parentTitleType />
      </item>
      <item>
        <title>Social Impact Partnership Act</title>
        <chamberCode />
        <chamberName />
        <titleType>Display Title</titleType>
        <parentTitleType />
      </item>
    </titles>
    <cboCostEstimates />
    <recordedVotes />
    <billType>S</billType>
  </bill>
  <dublinCore xmlns:dc="http://purl.org/dc/elements/1.1/">
    <dc:format>text/xml</dc:format>
    <dc:language>EN</dc:language>
    <dc:rights>Pursuant to Title 17 Section 105 of the United States Code, this file is not subject to copyright protection and is in the public domain.</dc:rights>
    <dc:contributor>Congressional Research Service, Library of Congress</dc:contributor>
    <dc:description>This file contains bill summaries and statuses for federal legislation. A bill summary describes the most significant provisions of a piece of legislation and details the effects the legislative text may have on current law and federal programs. Bill summaries are authored by the Congressional Research Service (CRS) of the Library of Congress. As stated in Public Law 91-510 (2 USC 166 (d)(6)), one of the duties of CRS is "to prepare summaries and digests of bills and resolutions of a public general nature introduced in the Senate or House of Representatives". For more information, refer to the User Guide that accompanies this file.</dc:description>
  </dublinCore>
</billStatus>

