<?xml version="1.0" encoding="UTF-8"?>
<billStatus>
  <bill>
    <committees>
      <billCommittees>
        <item>
          <subcommittees />
          <chamber>Senate</chamber>
          <type>Standing</type>
          <name>Finance Committee</name>
          <systemCode>ssfi00</systemCode>
          <activities>
            <item>
              <name>Referred to</name>
              <date>2015-02-24T15:38:18Z</date>
            </item>
          </activities>
        </item>
      </billCommittees>
    </committees>
    <congress>114</congress>
    <billNumber>536</billNumber>
    <updateDate>2016-11-02T23:21:53Z</updateDate>
    <calendarNumbers />
    <policyArea>
      <name>Taxation</name>
    </policyArea>
    <summaries>
      <billSummaries>
        <item>
          <actionDate>2015-02-24</actionDate>
          <updateDate>2015-02-24T05:00:00Z</updateDate>
          <name>Introduced in Senate</name>
          <lastSummaryUpdateDate>2015-03-20T19:02:43Z</lastSummaryUpdateDate>
          <versionCode>00</versionCode>
          <actionDesc>Introduced in Senate</actionDesc>
          <text><![CDATA[<p><strong>Indian Health Service Health Professions Tax Fairness Act of 2015</strong> </p> <p>Amends the Internal Revenue Code to exclude from gross income amounts received under the Indian Health Service Loan Repayment Program and the Indian Health Professions Scholarships Program.</p>]]></text>
        </item>
      </billSummaries>
    </summaries>
    <title>Indian Health Service Health Professions Tax Fairness Act of 2015</title>
    <laws />
    <cosponsors>
      <item>
        <identifiers>
          <lisID>1694</lisID>
          <gpoId>8234</gpoId>
          <bioguideId>M001153</bioguideId>
        </identifiers>
        <middleName />
        <fullName>Sen. Murkowski, Lisa [R-AK]</fullName>
        <isOriginalCosponsor>True</isOriginalCosponsor>
        <firstName>Lisa</firstName>
        <sponsorshipWithdrawnDate />
        <state>AK</state>
        <bioguideId>M001153</bioguideId>
        <sponsorshipDate>2015-02-24</sponsorshipDate>
        <party>R</party>
        <lastName>Murkowski</lastName>
      </item>
      <item>
        <identifiers>
          <lisID>172</lisID>
          <gpoId>8288</gpoId>
          <bioguideId>C000127</bioguideId>
        </identifiers>
        <middleName />
        <fullName>Sen. Cantwell, Maria [D-WA]</fullName>
        <isOriginalCosponsor>False</isOriginalCosponsor>
        <firstName>MARIA</firstName>
        <sponsorshipWithdrawnDate />
        <state>WA</state>
        <bioguideId>C000127</bioguideId>
        <sponsorshipDate>2015-04-29</sponsorshipDate>
        <party>D</party>
        <lastName>CANTWELL</lastName>
      </item>
    </cosponsors>
    <billType>S</billType>
    <cboCostEstimates />
    <recordedVotes />
    <relatedBills>
      <item>
        <latestAction>
          <actionDate>2015-04-16</actionDate>
          <text>Referred to the House Committee on Ways and Means.</text>
        </latestAction>
        <number>1842</number>
        <congress>114</congress>
        <type>HR</type>
        <latestTitle>Indian Health Service Health Professions Tax Fairness Act of 2015</latestTitle>
        <relationshipDetails>
          <item>
            <identifiedBy>CRS</identifiedBy>
            <type>Related bill</type>
          </item>
        </relationshipDetails>
      </item>
    </relatedBills>
    <actions>
      <actionTypeCounts>
        <introducedInSenate>1</introducedInSenate>
        <referredToCommittee>1</referredToCommittee>
      </actionTypeCounts>
      <actionByCounts>
        <senate>2</senate>
      </actionByCounts>
      <item>
        <actionDate>2015-02-24</actionDate>
        <committee>
          <systemCode>ssfi00</systemCode>
          <name>Finance Committee</name>
        </committee>
        <links />
        <sourceSystem>
          <name>Senate</name>
          <code>0</code>
        </sourceSystem>
        <text>Read twice and referred to the Committee on Finance.</text>
        <type>IntroReferral</type>
      </item>
      <item>
        <actionCode>10000</actionCode>
        <actionDate>2015-02-24</actionDate>
        <text>Introduced in Senate</text>
        <committee />
        <type>IntroReferral</type>
        <links />
        <sourceSystem>
          <name>Library of Congress</name>
          <code>9</code>
        </sourceSystem>
      </item>
    </actions>
    <notes />
    <latestAction>
      <actionDate>2015-02-24</actionDate>
      <links />
      <text>Read twice and referred to the Committee on Finance.</text>
    </latestAction>
    <introducedDate>2015-02-24</introducedDate>
    <sponsors>
      <item>
        <fullName>Sen. Udall, Tom [D-NM]</fullName>
        <firstName>TOM</firstName>
        <byRequestType />
        <identifiers>
          <gpoId>8260</gpoId>
          <lisID>1567</lisID>
          <bioguideId>U000039</bioguideId>
        </identifiers>
        <middleName />
        <bioguideId>U000039</bioguideId>
        <party>D</party>
        <state>NM</state>
        <lastName>UDALL</lastName>
      </item>
    </sponsors>
    <subjects>
      <billSubjects>
        <legislativeSubjects>
          <item>
            <name>Income tax exclusion</name>
          </item>
          <item>
            <name>Indian social and development programs</name>
          </item>
          <item>
            <name>Medical education</name>
          </item>
          <item>
            <name>Minority health</name>
          </item>
          <item>
            <name>Student aid and college costs</name>
          </item>
        </legislativeSubjects>
        <policyArea>
          <name>Taxation</name>
        </policyArea>
      </billSubjects>
    </subjects>
    <committeeReports />
    <amendments />
    <createDate>2015-02-25T04:46:17Z</createDate>
    <originChamber>Senate</originChamber>
    <titles>
      <item>
        <chamberCode />
        <title>Indian Health Service Health Professions Tax Fairness Act of 2015</title>
        <chamberName />
        <titleType>Short Titles as Introduced</titleType>
        <parentTitleType />
      </item>
      <item>
        <chamberCode />
        <title>A bill to amend the Internal Revenue Code of 1986 to exclude from gross income payments under the Indian Health Service Loan Repayment Program and certain amounts received under the Indian Health Professions Scholarship Program.</title>
        <chamberName />
        <titleType>Official Title as Introduced</titleType>
        <parentTitleType />
      </item>
      <item>
        <chamberCode />
        <title>Indian Health Service Health Professions Tax Fairness Act of 2015</title>
        <chamberName />
        <titleType>Display Title</titleType>
        <parentTitleType />
      </item>
    </titles>
  </bill>
  <dublinCore xmlns:dc="http://purl.org/dc/elements/1.1/">
    <dc:format>text/xml</dc:format>
    <dc:language>EN</dc:language>
    <dc:rights>Pursuant to Title 17 Section 105 of the United States Code, this file is not subject to copyright protection and is in the public domain.</dc:rights>
    <dc:contributor>Congressional Research Service, Library of Congress</dc:contributor>
    <dc:description>This file contains bill summaries and statuses for federal legislation. A bill summary describes the most significant provisions of a piece of legislation and details the effects the legislative text may have on current law and federal programs. Bill summaries are authored by the Congressional Research Service (CRS) of the Library of Congress. As stated in Public Law 91-510 (2 USC 166 (d)(6)), one of the duties of CRS is "to prepare summaries and digests of bills and resolutions of a public general nature introduced in the Senate or House of Representatives". For more information, refer to the User Guide that accompanies this file.</dc:description>
  </dublinCore>
</billStatus>

