<?xml version="1.0" encoding="UTF-8"?>
<billStatus>
  <bill>
    <cboCostEstimates />
    <policyArea>
      <name>Public Lands and Natural Resources</name>
    </policyArea>
    <notes />
    <committeeReports />
    <titles>
      <item>
        <title>Mineral Materials Contracts Termination Act</title>
        <parentTitleType />
        <titleType>Short Titles as Introduced</titleType>
        <chamberCode />
        <chamberName />
      </item>
      <item>
        <title>A bill to amend the Act of July 31, 1947, to provide for the termination of certain mineral materials contracts.</title>
        <parentTitleType />
        <titleType>Official Title as Introduced</titleType>
        <chamberCode />
        <chamberName />
      </item>
      <item>
        <title>Mineral Materials Contracts Termination Act</title>
        <parentTitleType />
        <titleType>Display Title</titleType>
        <chamberCode />
        <chamberName />
      </item>
    </titles>
    <summaries>
      <billSummaries>
        <item>
          <updateDate>2015-01-13T05:00:00Z</updateDate>
          <versionCode>00</versionCode>
          <text><![CDATA[<p><b>Mineral Materials Contracts Termination Act </b></p> <p> Amends the Materials Act of 1947 to authorize the Secretary of the Interior to terminate a mineral materials contract and to return to the contract holder any bid deposit and performance bond paid to the Bureau of Land Management if the contract holder submits a request to terminate the contract before production is initiated and before any surface disturbance has occurred.</p> <p>States that the contract holder's acceptance of the amount returned by the Secretary to terminate the contract constitutes: (1) full and final settlement of the contract, and (2) an agreement not to bring a civil action against the United States with respect to it.</p>]]></text>
          <lastSummaryUpdateDate>2015-01-29T21:03:37Z</lastSummaryUpdateDate>
          <actionDate>2015-01-13</actionDate>
          <actionDesc>Introduced in Senate</actionDesc>
          <name>Introduced in Senate</name>
        </item>
      </billSummaries>
    </summaries>
    <createDate>2015-01-14T04:46:24Z</createDate>
    <recordedVotes />
    <billNumber>154</billNumber>
    <introducedDate>2015-01-13</introducedDate>
    <relatedBills />
    <updateDate>2016-11-02T23:18:01Z</updateDate>
    <committees>
      <billCommittees>
        <item>
          <systemCode>sseg00</systemCode>
          <name>Energy and Natural Resources Committee</name>
          <activities>
            <item>
              <name>Referred to</name>
              <date>2015-01-13T17:31:11Z</date>
            </item>
          </activities>
          <type>Standing</type>
          <chamber>Senate</chamber>
          <subcommittees />
        </item>
      </billCommittees>
    </committees>
    <congress>114</congress>
    <laws />
    <title>Mineral Materials Contracts Termination Act</title>
    <calendarNumbers />
    <sponsors>
      <item>
        <identifiers>
          <lisID>1937</lisID>
          <bioguideId>H001046</bioguideId>
          <gpoId>8056</gpoId>
        </identifiers>
        <byRequestType />
        <fullName>Sen. Heinrich, Martin [D-NM]</fullName>
        <firstName>Martin</firstName>
        <state>NM</state>
        <bioguideId>H001046</bioguideId>
        <middleName />
        <party>D</party>
        <lastName>Heinrich</lastName>
      </item>
    </sponsors>
    <actions>
      <item>
        <actionDate>2015-01-13</actionDate>
        <committee>
          <systemCode>sseg00</systemCode>
          <name>Energy and Natural Resources Committee</name>
        </committee>
        <links />
        <sourceSystem>
          <code>0</code>
          <name>Senate</name>
        </sourceSystem>
        <text>Read twice and referred to the Committee on Energy and Natural Resources.</text>
        <type>IntroReferral</type>
      </item>
      <item>
        <text>Introduced in Senate</text>
        <committee />
        <actionCode>10000</actionCode>
        <sourceSystem>
          <code>9</code>
          <name>Library of Congress</name>
        </sourceSystem>
        <type>IntroReferral</type>
        <actionDate>2015-01-13</actionDate>
        <links />
      </item>
      <actionByCounts>
        <senate>2</senate>
      </actionByCounts>
      <actionTypeCounts>
        <referredToCommittee>1</referredToCommittee>
        <introducedInSenate>1</introducedInSenate>
      </actionTypeCounts>
    </actions>
    <amendments />
    <originChamber>Senate</originChamber>
    <latestAction>
      <text>Read twice and referred to the Committee on Energy and Natural Resources.</text>
      <actionDate>2015-01-13</actionDate>
      <links />
    </latestAction>
    <subjects>
      <billSubjects>
        <legislativeSubjects>
          <item>
            <name>Mining</name>
          </item>
          <item>
            <name>Public contracts and procurement</name>
          </item>
        </legislativeSubjects>
        <policyArea>
          <name>Public Lands and Natural Resources</name>
        </policyArea>
      </billSubjects>
    </subjects>
    <cosponsors />
    <billType>S</billType>
  </bill>
  <dublinCore xmlns:dc="http://purl.org/dc/elements/1.1/">
    <dc:format>text/xml</dc:format>
    <dc:language>EN</dc:language>
    <dc:rights>Pursuant to Title 17 Section 105 of the United States Code, this file is not subject to copyright protection and is in the public domain.</dc:rights>
    <dc:contributor>Congressional Research Service, Library of Congress</dc:contributor>
    <dc:description>This file contains bill summaries and statuses for federal legislation. A bill summary describes the most significant provisions of a piece of legislation and details the effects the legislative text may have on current law and federal programs. Bill summaries are authored by the Congressional Research Service (CRS) of the Library of Congress. As stated in Public Law 91-510 (2 USC 166 (d)(6)), one of the duties of CRS is "to prepare summaries and digests of bills and resolutions of a public general nature introduced in the Senate or House of Representatives". For more information, refer to the User Guide that accompanies this file.</dc:description>
  </dublinCore>
</billStatus>

