<?xml version="1.0" encoding="UTF-8"?>
<billStatus>
  <bill>
    <billType>S</billType>
    <policyArea>
      <name>Taxation</name>
    </policyArea>
    <recordedVotes />
    <summaries>
      <billSummaries>
        <item>
          <actionDate>2015-03-16</actionDate>
          <actionDesc>Introduced in Senate</actionDesc>
          <lastSummaryUpdateDate>2015-05-12T21:51:03Z</lastSummaryUpdateDate>
          <versionCode>00</versionCode>
          <updateDate>2015-03-16T04:00:00Z</updateDate>
          <name>Introduced in Senate</name>
          <text><![CDATA[<p><strong>National Debt and Taxation Transparency Act of 2015</strong></p> <p>This bill directs the Department of the Treasury, beginning not later than October 1, 2017, to provide each individual who has a valid social security number, who received a Form W-2 in the previous taxable year, and who has filed a tax return in any previous taxable year (eligible individual) with a taxpayer account statement. An initial statement must be provided to each eligible individual with a current mailing address not later than September 30, 2020. </p> <p>The taxpayer account statement shall include: (1) a summary of the most recent Financial Report of the U.S. government, including the Statement of Long Term Fiscal Projections; (2) a calculation by Treasury of the eligible individual's share of the total obligations of the federal government; and (3) a 30-year calculation of the proportional increase in the federal income tax rates necessary to entirely finance the current fiscal path of the federal government, assuming there are no changes in current fiscal policy and no budget deficit. </p>]]></text>
        </item>
      </billSummaries>
    </summaries>
    <title>National Debt and Taxation Transparency Act of 2015</title>
    <titles>
      <item>
        <chamberName />
        <titleType>Short Titles as Introduced</titleType>
        <parentTitleType />
        <title>National Debt and Taxation Transparency Act of 2015</title>
        <chamberCode />
      </item>
      <item>
        <chamberName />
        <titleType>Official Title as Introduced</titleType>
        <parentTitleType />
        <title>A bill to provide debt and tax transparency to taxpayers.</title>
        <chamberCode />
      </item>
      <item>
        <chamberName />
        <titleType>Display Title</titleType>
        <parentTitleType />
        <title>National Debt and Taxation Transparency Act of 2015</title>
        <chamberCode />
      </item>
    </titles>
    <updateDate>2016-11-02T23:23:15Z</updateDate>
    <amendments />
    <introducedDate>2015-03-16</introducedDate>
    <originChamber>Senate</originChamber>
    <actions>
      <actionTypeCounts>
        <introducedInSenate>1</introducedInSenate>
        <referredToCommittee>1</referredToCommittee>
      </actionTypeCounts>
      <actionByCounts>
        <senate>2</senate>
      </actionByCounts>
      <item>
        <actionDate>2015-03-16</actionDate>
        <committee>
          <systemCode>ssfi00</systemCode>
          <name>Finance Committee</name>
        </committee>
        <links />
        <sourceSystem>
          <name>Senate</name>
          <code>0</code>
        </sourceSystem>
        <text>Read twice and referred to the Committee on Finance.</text>
        <type>IntroReferral</type>
      </item>
      <item>
        <links />
        <committee />
        <actionCode>10000</actionCode>
        <actionDate>2015-03-16</actionDate>
        <text>Introduced in Senate</text>
        <type>IntroReferral</type>
        <sourceSystem>
          <name>Library of Congress</name>
          <code>9</code>
        </sourceSystem>
      </item>
    </actions>
    <relatedBills>
      <item>
        <latestAction>
          <actionDate>2016-09-15</actionDate>
          <text>Referred to the House Committee on Ways and Means.</text>
        </latestAction>
        <number>6050</number>
        <congress>114</congress>
        <type>HR</type>
        <latestTitle>National Debt and Taxation Transparency Act of 2016</latestTitle>
        <relationshipDetails>
          <item>
            <identifiedBy>CRS</identifiedBy>
            <type>Related bill</type>
          </item>
        </relationshipDetails>
      </item>
    </relatedBills>
    <calendarNumbers />
    <cosponsors />
    <congress>114</congress>
    <committees>
      <billCommittees>
        <item>
          <systemCode>ssfi00</systemCode>
          <name>Finance Committee</name>
          <activities>
            <item>
              <name>Referred to</name>
              <date>2015-03-16T20:48:27Z</date>
            </item>
          </activities>
          <type>Standing</type>
          <chamber>Senate</chamber>
          <subcommittees />
        </item>
      </billCommittees>
    </committees>
    <sponsors>
      <item>
        <fullName>Sen. Cornyn, John [R-TX]</fullName>
        <lastName>Cornyn</lastName>
        <byRequestType />
        <party>R</party>
        <state>TX</state>
        <middleName />
        <firstName>John</firstName>
        <bioguideId>C001056</bioguideId>
        <identifiers>
          <bioguideId>C001056</bioguideId>
          <gpoId>8295</gpoId>
          <lisID>1692</lisID>
        </identifiers>
      </item>
    </sponsors>
    <latestAction>
      <text>Read twice and referred to the Committee on Finance.</text>
      <actionDate>2015-03-16</actionDate>
      <links />
    </latestAction>
    <subjects>
      <billSubjects>
        <legislativeSubjects>
          <item>
            <name>Budget deficits and national debt</name>
          </item>
          <item>
            <name>Employment taxes</name>
          </item>
          <item>
            <name>Government information and archives</name>
          </item>
          <item>
            <name>Income tax rates</name>
          </item>
          <item>
            <name>Tax administration and collection, taxpayers</name>
          </item>
        </legislativeSubjects>
        <policyArea>
          <name>Taxation</name>
        </policyArea>
      </billSubjects>
    </subjects>
    <createDate>2015-03-17T05:46:43Z</createDate>
    <notes />
    <laws />
    <billNumber>745</billNumber>
    <committeeReports />
    <cboCostEstimates />
  </bill>
  <dublinCore xmlns:dc="http://purl.org/dc/elements/1.1/">
    <dc:format>text/xml</dc:format>
    <dc:language>EN</dc:language>
    <dc:rights>Pursuant to Title 17 Section 105 of the United States Code, this file is not subject to copyright protection and is in the public domain.</dc:rights>
    <dc:contributor>Congressional Research Service, Library of Congress</dc:contributor>
    <dc:description>This file contains bill summaries and statuses for federal legislation. A bill summary describes the most significant provisions of a piece of legislation and details the effects the legislative text may have on current law and federal programs. Bill summaries are authored by the Congressional Research Service (CRS) of the Library of Congress. As stated in Public Law 91-510 (2 USC 166 (d)(6)), one of the duties of CRS is "to prepare summaries and digests of bills and resolutions of a public general nature introduced in the Senate or House of Representatives". For more information, refer to the User Guide that accompanies this file.</dc:description>
  </dublinCore>
</billStatus>

