<?xml version="1.0" encoding="UTF-8"?>
<billStatus>
  <bill>
    <billType>S</billType>
    <laws />
    <recordedVotes />
    <actions>
      <item>
        <actionDate>2015-03-25</actionDate>
        <committee>
          <systemCode>ssfi00</systemCode>
          <name>Finance Committee</name>
        </committee>
        <links />
        <sourceSystem>
          <code>0</code>
          <name>Senate</name>
        </sourceSystem>
        <text>Read twice and referred to the Committee on Finance.</text>
        <type>IntroReferral</type>
      </item>
      <item>
        <sourceSystem>
          <code>9</code>
          <name>Library of Congress</name>
        </sourceSystem>
        <actionDate>2015-03-25</actionDate>
        <links />
        <committee />
        <text>Introduced in Senate</text>
        <type>IntroReferral</type>
        <actionCode>10000</actionCode>
      </item>
      <actionTypeCounts>
        <introducedInSenate>1</introducedInSenate>
        <referredToCommittee>1</referredToCommittee>
      </actionTypeCounts>
      <actionByCounts>
        <senate>2</senate>
      </actionByCounts>
    </actions>
    <billNumber>866</billNumber>
    <policyArea>
      <name>Taxation</name>
    </policyArea>
    <notes />
    <latestAction>
      <actionDate>2015-03-25</actionDate>
      <links />
      <text>Read twice and referred to the Committee on Finance.</text>
    </latestAction>
    <relatedBills>
      <item>
        <congress>114</congress>
        <type>HR</type>
        <relationshipDetails>
          <item>
            <identifiedBy>CRS</identifiedBy>
            <type>Related bill</type>
          </item>
        </relationshipDetails>
        <number>544</number>
        <latestAction>
          <actionDate>2015-01-27</actionDate>
          <text>Referred to the House Committee on Ways and Means.</text>
        </latestAction>
        <latestTitle>Slain Officer Family Support Act of 2015</latestTitle>
      </item>
      <item>
        <congress>114</congress>
        <type>HR</type>
        <relationshipDetails>
          <item>
            <identifiedBy>CRS</identifiedBy>
            <type>Identical bill</type>
          </item>
        </relationshipDetails>
        <number>1527</number>
        <latestAction>
          <actionDate>2015-04-01</actionDate>
          <text>Became Public Law No: 114-7.</text>
        </latestAction>
        <latestTitle>Slain Officer Family Support Act of 2015</latestTitle>
      </item>
    </relatedBills>
    <committees>
      <billCommittees>
        <item>
          <activities>
            <item>
              <date>2015-03-25T20:53:25Z</date>
              <name>Referred to</name>
            </item>
          </activities>
          <chamber>Senate</chamber>
          <subcommittees />
          <systemCode>ssfi00</systemCode>
          <type>Standing</type>
          <name>Finance Committee</name>
        </item>
      </billCommittees>
    </committees>
    <cosponsors>
      <item>
        <identifiers>
          <gpoId>8336</gpoId>
          <lisID>1866</lisID>
          <bioguideId>G000555</bioguideId>
        </identifiers>
        <middleName>E.</middleName>
        <fullName>Sen. Gillibrand, Kirsten E. [D-NY]</fullName>
        <isOriginalCosponsor>True</isOriginalCosponsor>
        <firstName>Kirsten</firstName>
        <sponsorshipWithdrawnDate />
        <state>NY</state>
        <bioguideId>G000555</bioguideId>
        <sponsorshipDate>2015-03-25</sponsorshipDate>
        <party>D</party>
        <lastName>Gillibrand</lastName>
      </item>
    </cosponsors>
    <committeeReports />
    <sponsors>
      <item>
        <fullName>Sen. Schumer, Charles E. [D-NY]</fullName>
        <firstName>CHARLES</firstName>
        <lastName>SCHUMER</lastName>
        <state>NY</state>
        <party>D</party>
        <bioguideId>S000148</bioguideId>
        <identifiers>
          <bioguideId>S000148</bioguideId>
          <gpoId>8279</gpoId>
          <lisID>1036</lisID>
        </identifiers>
        <middleName>E.</middleName>
        <byRequestType />
      </item>
    </sponsors>
    <createDate>2015-03-26T06:37:02Z</createDate>
    <updateDate>2016-11-02T23:24:54Z</updateDate>
    <introducedDate>2015-03-25</introducedDate>
    <summaries>
      <billSummaries>
        <item>
          <actionDate>2015-03-25</actionDate>
          <updateDate>2015-03-25T04:00:00Z</updateDate>
          <name>Introduced in Senate</name>
          <lastSummaryUpdateDate>2015-04-09T20:55:23Z</lastSummaryUpdateDate>
          <versionCode>00</versionCode>
          <actionDesc>Introduced in Senate</actionDesc>
          <text><![CDATA[<p><strong>Slain Officer Family Support Act of 2015 </strong></p> <p>This bill authorizes a charitable tax deduction for cash contributions made for the relief of the families of slain New York Police Department Detectives Wenjian Liu and Rafael Ramos even if such contributions are made for the exclusive benefit of such families. A taxpayer who makes such a contribution may claim a deduction in 2014 for contributions made between January 1, 2015, and April 15, 2015. The bill also provides that the recordkeeping requirements for the charitable tax deduction will be satisfied if the taxpayer produces a telephone bill showing the name of the organization to which a contribution was made with the date and amount of such contribution. </p>]]></text>
        </item>
      </billSummaries>
    </summaries>
    <title>Slain Officer Family Support Act of 2015</title>
    <cboCostEstimates />
    <subjects>
      <billSubjects>
        <legislativeSubjects>
          <item>
            <name>Charitable contributions</name>
          </item>
          <item>
            <name>Crime victims</name>
          </item>
          <item>
            <name>Income tax deductions</name>
          </item>
          <item>
            <name>Law enforcement officers</name>
          </item>
          <item>
            <name>New York City</name>
          </item>
          <item>
            <name>Tax administration and collection, taxpayers</name>
          </item>
          <item>
            <name>Violent crime</name>
          </item>
        </legislativeSubjects>
        <policyArea>
          <name>Taxation</name>
        </policyArea>
      </billSubjects>
    </subjects>
    <amendments />
    <calendarNumbers />
    <congress>114</congress>
    <titles>
      <item>
        <chamberCode />
        <chamberName />
        <title>Slain Officer Family Support Act of 2015</title>
        <parentTitleType />
        <titleType>Short Titles as Introduced</titleType>
      </item>
      <item>
        <chamberCode />
        <chamberName />
        <title>A bill to accelerate the income tax benefits for charitable cash contributions for the relief of the families of New York Police Department Detectives Wenjian Liu and Rafael Ramos, and for other purposes.</title>
        <parentTitleType />
        <titleType>Official Title as Introduced</titleType>
      </item>
      <item>
        <chamberCode />
        <chamberName />
        <title>Slain Officer Family Support Act of 2015</title>
        <parentTitleType />
        <titleType>Display Title</titleType>
      </item>
    </titles>
    <originChamber>Senate</originChamber>
  </bill>
  <dublinCore xmlns:dc="http://purl.org/dc/elements/1.1/">
    <dc:format>text/xml</dc:format>
    <dc:language>EN</dc:language>
    <dc:rights>Pursuant to Title 17 Section 105 of the United States Code, this file is not subject to copyright protection and is in the public domain.</dc:rights>
    <dc:contributor>Congressional Research Service, Library of Congress</dc:contributor>
    <dc:description>This file contains bill summaries and statuses for federal legislation. A bill summary describes the most significant provisions of a piece of legislation and details the effects the legislative text may have on current law and federal programs. Bill summaries are authored by the Congressional Research Service (CRS) of the Library of Congress. As stated in Public Law 91-510 (2 USC 166 (d)(6)), one of the duties of CRS is "to prepare summaries and digests of bills and resolutions of a public general nature introduced in the Senate or House of Representatives". For more information, refer to the User Guide that accompanies this file.</dc:description>
  </dublinCore>
</billStatus>

