<?xml version="1.0" encoding="UTF-8"?>
<billStatus>
  <bill>
    <title>Microlab Technology Commercialization Act of 2015</title>
    <updateDate>2016-11-02T23:24:17Z</updateDate>
    <relatedBills>
      <item>
        <congress>114</congress>
        <type>S</type>
        <relationshipDetails>
          <item>
            <identifiedBy>CRS</identifiedBy>
            <type>Related bill</type>
          </item>
        </relationshipDetails>
        <number>2012</number>
        <latestAction>
          <actionDate>2016-09-08</actionDate>
          <actionTime>14:37:58</actionTime>
          <text>Conference held.</text>
        </latestAction>
        <latestTitle>North American Energy Security and Infrastructure Act of 2016</latestTitle>
      </item>
    </relatedBills>
    <introducedDate>2015-03-18</introducedDate>
    <originChamber>Senate</originChamber>
    <cboCostEstimates />
    <policyArea>
      <name>Energy</name>
    </policyArea>
    <congress>114</congress>
    <billNumber>784</billNumber>
    <billType>S</billType>
    <amendments />
    <recordedVotes />
    <committees>
      <billCommittees>
        <item>
          <systemCode>sseg00</systemCode>
          <name>Energy and Natural Resources Committee</name>
          <activities>
            <item>
              <name>Hearings by</name>
              <date>2015-06-09T14:08:34Z</date>
            </item>
            <item>
              <name>Referred to</name>
              <date>2015-03-18T18:59:33Z</date>
            </item>
          </activities>
          <type>Standing</type>
          <chamber>Senate</chamber>
          <subcommittees />
        </item>
      </billCommittees>
    </committees>
    <laws />
    <subjects>
      <billSubjects>
        <legislativeSubjects>
          <item>
            <name>Energy research</name>
          </item>
          <item>
            <name>Research administration and funding</name>
          </item>
          <item>
            <name>Science and engineering education</name>
          </item>
          <item>
            <name>Technology transfer and commercialization</name>
          </item>
        </legislativeSubjects>
        <policyArea>
          <name>Energy</name>
        </policyArea>
      </billSubjects>
    </subjects>
    <notes />
    <committeeReports />
    <actions>
      <actionTypeCounts>
        <hearingsHeld>1</hearingsHeld>
        <introducedInSenate>1</introducedInSenate>
        <referredToCommittee>1</referredToCommittee>
      </actionTypeCounts>
      <actionByCounts>
        <senate>3</senate>
      </actionByCounts>
      <item>
        <actionDate>2015-06-09</actionDate>
        <committee>
          <systemCode>sseg00</systemCode>
          <name>Energy and Natural Resources Committee</name>
        </committee>
        <links />
        <sourceSystem>
          <name>Senate</name>
          <code>0</code>
        </sourceSystem>
        <text>Committee on Energy and Natural Resources. Hearings held.</text>
        <type>Committee</type>
      </item>
      <item>
        <actionDate>2015-03-18</actionDate>
        <committee>
          <systemCode>sseg00</systemCode>
          <name>Energy and Natural Resources Committee</name>
        </committee>
        <links />
        <sourceSystem>
          <name>Senate</name>
          <code>0</code>
        </sourceSystem>
        <text>Read twice and referred to the Committee on Energy and Natural Resources.</text>
        <type>IntroReferral</type>
      </item>
      <item>
        <actionCode>10000</actionCode>
        <actionDate>2015-03-18</actionDate>
        <text>Introduced in Senate</text>
        <committee />
        <type>IntroReferral</type>
        <links />
        <sourceSystem>
          <name>Library of Congress</name>
          <code>9</code>
        </sourceSystem>
      </item>
    </actions>
    <calendarNumbers />
    <latestAction>
      <links />
      <actionDate>2015-06-09</actionDate>
      <text>Committee on Energy and Natural Resources. Hearings held.</text>
    </latestAction>
    <titles>
      <item>
        <parentTitleType />
        <titleType>Short Titles as Introduced</titleType>
        <title>Microlab Technology Commercialization Act of 2015</title>
        <chamberCode />
        <chamberName />
      </item>
      <item>
        <parentTitleType />
        <titleType>Official Title as Introduced</titleType>
        <title>A bill to direct the Secretary of Energy to establish microlabs to improve regional engagement with national laboratories.</title>
        <chamberCode />
        <chamberName />
      </item>
      <item>
        <parentTitleType />
        <titleType>Display Title</titleType>
        <title>Microlab Technology Commercialization Act of 2015</title>
        <chamberCode />
        <chamberName />
      </item>
    </titles>
    <summaries>
      <billSummaries>
        <item>
          <updateDate>2015-03-18T04:00:00Z</updateDate>
          <versionCode>00</versionCode>
          <text><![CDATA[<p><b>Microlab Technology Commercialization Act of 2015</b></p> <p> Authorizes the Secretary of Energy (DOE), in collaboration with the directors of national laboratories, to establish a program meeting specified criteria under which DOE sets up microlabs located in close proximity to national laboratories and accessible to the public in order to: (1) enhance collaboration with regional research groups, such as institutions of higher education and industry groups; (2) accelerate technology transfer from national laboratories to the marketplace; and (3) promote regional workforce development through science, technology, engineering, and mathematics (STEM) instruction and training.</p>]]></text>
          <lastSummaryUpdateDate>2015-03-27T19:39:56Z</lastSummaryUpdateDate>
          <actionDate>2015-03-18</actionDate>
          <actionDesc>Introduced in Senate</actionDesc>
          <name>Introduced in Senate</name>
        </item>
      </billSummaries>
    </summaries>
    <createDate>2015-03-19T05:50:08Z</createDate>
    <sponsors>
      <item>
        <state>NM</state>
        <fullName>Sen. Heinrich, Martin [D-NM]</fullName>
        <middleName />
        <identifiers>
          <bioguideId>H001046</bioguideId>
          <gpoId>8056</gpoId>
          <lisID>1937</lisID>
        </identifiers>
        <firstName>Martin</firstName>
        <lastName>Heinrich</lastName>
        <bioguideId>H001046</bioguideId>
        <byRequestType />
        <party>D</party>
      </item>
    </sponsors>
    <cosponsors>
      <item>
        <state>CO</state>
        <fullName>Sen. Gardner, Cory [R-CO]</fullName>
        <sponsorshipDate>2015-03-18</sponsorshipDate>
        <middleName />
        <identifiers>
          <lisID>1998</lisID>
          <bioguideId>G000562</bioguideId>
          <gpoId>7862</gpoId>
        </identifiers>
        <firstName>Cory</firstName>
        <lastName>Gardner</lastName>
        <bioguideId>G000562</bioguideId>
        <isOriginalCosponsor>True</isOriginalCosponsor>
        <sponsorshipWithdrawnDate />
        <party>R</party>
      </item>
    </cosponsors>
  </bill>
  <dublinCore xmlns:dc="http://purl.org/dc/elements/1.1/">
    <dc:format>text/xml</dc:format>
    <dc:language>EN</dc:language>
    <dc:rights>Pursuant to Title 17 Section 105 of the United States Code, this file is not subject to copyright protection and is in the public domain.</dc:rights>
    <dc:contributor>Congressional Research Service, Library of Congress</dc:contributor>
    <dc:description>This file contains bill summaries and statuses for federal legislation. A bill summary describes the most significant provisions of a piece of legislation and details the effects the legislative text may have on current law and federal programs. Bill summaries are authored by the Congressional Research Service (CRS) of the Library of Congress. As stated in Public Law 91-510 (2 USC 166 (d)(6)), one of the duties of CRS is "to prepare summaries and digests of bills and resolutions of a public general nature introduced in the Senate or House of Representatives". For more information, refer to the User Guide that accompanies this file.</dc:description>
  </dublinCore>
</billStatus>

