<?xml version="1.0" encoding="UTF-8"?>
<billStatus>
  <bill>
    <congress>114</congress>
    <billNumber>399</billNumber>
    <cosponsors>
      <item>
        <firstName>Tom</firstName>
        <state>AR</state>
        <sponsorshipDate>2015-02-25</sponsorshipDate>
        <isOriginalCosponsor>False</isOriginalCosponsor>
        <bioguideId>C001095</bioguideId>
        <lastName>Cotton</lastName>
        <fullName>Sen. Cotton, Tom [R-AR]</fullName>
        <sponsorshipWithdrawnDate />
        <party>R</party>
        <identifiers>
          <gpoId />
          <bioguideId>C001095</bioguideId>
          <lisID>2098</lisID>
        </identifiers>
        <middleName />
      </item>
    </cosponsors>
    <subjects>
      <billSubjects>
        <legislativeSubjects>
          <item>
            <name>Accounting and auditing</name>
          </item>
          <item>
            <name>Appropriations</name>
          </item>
          <item>
            <name>Budget deficits and national debt</name>
          </item>
          <item>
            <name>Budget process</name>
          </item>
          <item>
            <name>Congressional oversight</name>
          </item>
          <item>
            <name>Executive agency funding and structure</name>
          </item>
          <item>
            <name>Government corporations and government-sponsored enterprises</name>
          </item>
          <item>
            <name>Government information and archives</name>
          </item>
          <item>
            <name>Government lending and loan guarantees</name>
          </item>
          <item>
            <name>Government studies and investigations</name>
          </item>
          <item>
            <name>Housing finance and home ownership</name>
          </item>
        </legislativeSubjects>
      </billSubjects>
    </subjects>
    <relatedBills>
      <item>
        <latestTitle>Budget and Accounting Transparency Act of 2015</latestTitle>
        <type>HR</type>
        <number>119</number>
        <congress>114</congress>
        <latestAction>
          <actionDate>2015-01-06</actionDate>
          <text>Referred to House Oversight and Government Reform</text>
        </latestAction>
        <relationshipDetails>
          <item>
            <type>Related bill</type>
            <identifiedBy>CRS</identifiedBy>
          </item>
        </relationshipDetails>
      </item>
    </relatedBills>
    <latestAction>
      <links />
      <text>Read twice and referred to the Committee on the Budget.</text>
      <actionDate>2015-02-05</actionDate>
    </latestAction>
    <updateDate>2017-01-11T14:36:58Z</updateDate>
    <actions>
      <actionTypeCounts>
        <introducedInSenate>1</introducedInSenate>
        <referredToCommittee>1</referredToCommittee>
      </actionTypeCounts>
      <item>
        <actionDate>2015-02-05</actionDate>
        <committee>
          <name>Budget Committee</name>
          <systemCode>ssbu00</systemCode>
        </committee>
        <links />
        <sourceSystem>
          <code>0</code>
          <name>Senate</name>
        </sourceSystem>
        <text>Read twice and referred to the Committee on the Budget.</text>
        <type>IntroReferral</type>
      </item>
      <item>
        <text>Introduced in Senate</text>
        <committee />
        <type>IntroReferral</type>
        <actionDate>2015-02-05</actionDate>
        <sourceSystem>
          <code>9</code>
          <name>Library of Congress</name>
        </sourceSystem>
        <links />
        <actionCode>10000</actionCode>
      </item>
      <actionByCounts>
        <senate>2</senate>
      </actionByCounts>
    </actions>
    <billType>S</billType>
    <committeeReports />
    <originChamber>Senate</originChamber>
    <notes />
    <policyArea />
    <committees>
      <billCommittees>
        <item>
          <chamber>Senate</chamber>
          <systemCode>ssbu00</systemCode>
          <type>Standing</type>
          <name>Budget Committee</name>
          <activities>
            <item>
              <name>Referred to</name>
              <date>2015-02-05T20:21:52Z</date>
            </item>
          </activities>
          <subcommittees />
        </item>
      </billCommittees>
    </committees>
    <createDate>2015-02-06T04:59:53Z</createDate>
    <title>Budget and Accounting Transparency Act of 2015</title>
    <titles>
      <item>
        <chamberName />
        <title>Budget and Accounting Transparency Act of 2015</title>
        <chamberCode />
        <titleType>Short Titles as Introduced</titleType>
        <parentTitleType />
      </item>
      <item>
        <chamberName />
        <title>A bill to amend the Balanced Budget and Emergency Deficit Control Act of 1985 to increase transparency in Federal budgeting, and for other purposes.</title>
        <chamberCode />
        <titleType>Official Title as Introduced</titleType>
        <parentTitleType />
      </item>
      <item>
        <chamberName />
        <title>Budget and Accounting Transparency Act of 2015</title>
        <chamberCode />
        <titleType>Display Title</titleType>
        <parentTitleType />
      </item>
    </titles>
    <recordedVotes />
    <cboCostEstimates />
    <laws />
    <summaries>
      <billSummaries>
        <item>
          <actionDesc>Introduced in Senate</actionDesc>
          <name>Introduced in Senate</name>
          <actionDate>2015-02-05</actionDate>
          <lastSummaryUpdateDate>2015-06-30T22:50:30Z</lastSummaryUpdateDate>
          <updateDate>2015-02-05T05:00:00Z</updateDate>
          <versionCode>00</versionCode>
          <text><![CDATA[<p><b>Budget and Accounting Transparency Act of 2015</b></p> <p>This bill amends the Congressional Budget Act of 1974 to revise the budgetary treatment of federal loans and loan guarantees to account for them on a fair value basis. Under a fair value approach, costs are measured using market rates rather than the lower Treasury interest rates currently used. </p> <p>Estimates for loan guarantees and direct loans in the President's budget are required to include a risk component that reflects the impact of using a fair value estimate to account for market risk. The President's budget is also required to include agency-by-agency estimates without the risk component. A risk component must be included in estimates used for requirements under current law that appropriations be provided in advance for the costs of new direct loans, loan guarantees, or modifications that increase costs. </p> <p>The bill amends the Balanced Budget and Emergency Deficit Control Act of 1985 to permit adjustments to discretionary spending limits for this Act. </p> <p>The bill also changes the budgetary treatment of the Federal National Mortgage Association (Fannie Mae) and the Federal Home Loan Mortgage Corporation (Freddie Mac). </p> <p> Agency budget justification materials are required to be posted on the public website of the agency on the same day the materials are submitted to Congress. </p>]]></text>
        </item>
      </billSummaries>
    </summaries>
    <calendarNumbers />
    <introducedDate>2015-02-05</introducedDate>
    <amendments />
    <sponsors>
      <item>
        <lastName>Fischer</lastName>
        <identifiers>
          <lisID>2179</lisID>
          <gpoId />
          <bioguideId>F000463</bioguideId>
        </identifiers>
        <byRequestType />
        <middleName />
        <state>NE</state>
        <firstName>Deb</firstName>
        <party>R</party>
        <fullName>Sen. Fischer, Deb [R-NE]</fullName>
        <bioguideId>F000463</bioguideId>
      </item>
    </sponsors>
  </bill>
  <dublinCore xmlns:dc="http://purl.org/dc/elements/1.1/">
    <dc:format>text/xml</dc:format>
    <dc:language>EN</dc:language>
    <dc:rights>Pursuant to Title 17 Section 105 of the United States Code, this file is not subject to copyright protection and is in the public domain.</dc:rights>
    <dc:contributor>Congressional Research Service, Library of Congress</dc:contributor>
    <dc:description>This file contains bill summaries and statuses for federal legislation. A bill summary describes the most significant provisions of a piece of legislation and details the effects the legislative text may have on current law and federal programs. Bill summaries are authored by the Congressional Research Service (CRS) of the Library of Congress. As stated in Public Law 91-510 (2 USC 166 (d)(6)), one of the duties of CRS is "to prepare summaries and digests of bills and resolutions of a public general nature introduced in the Senate or House of Representatives". For more information, refer to the User Guide that accompanies this file.</dc:description>
  </dublinCore>
</billStatus>

