<?xml version="1.0" encoding="UTF-8"?>
<billStatus>
  <bill>
    <billType>S</billType>
    <laws />
    <recordedVotes />
    <actions>
      <actionTypeCounts>
        <referredToCommittee>1</referredToCommittee>
        <introducedInSenate>1</introducedInSenate>
      </actionTypeCounts>
      <item>
        <actionDate>2015-01-07</actionDate>
        <committee>
          <name>Finance Committee</name>
          <systemCode>ssfi00</systemCode>
        </committee>
        <links />
        <sourceSystem>
          <code>0</code>
          <name>Senate</name>
        </sourceSystem>
        <text>Read twice and referred to the Committee on Finance.</text>
        <type>IntroReferral</type>
      </item>
      <item>
        <actionDate>2015-01-07</actionDate>
        <sourceSystem>
          <code>9</code>
          <name>Library of Congress</name>
        </sourceSystem>
        <text>Introduced in Senate</text>
        <type>IntroReferral</type>
        <links />
        <actionCode>10000</actionCode>
        <committee />
      </item>
      <actionByCounts>
        <senate>2</senate>
      </actionByCounts>
    </actions>
    <billNumber>99</billNumber>
    <policyArea>
      <name>Social Welfare</name>
    </policyArea>
    <notes />
    <latestAction>
      <actionDate>2015-01-07</actionDate>
      <links />
      <text>Read twice and referred to the Committee on Finance.</text>
    </latestAction>
    <relatedBills>
      <item>
        <latestAction>
          <actionDate>2015-02-27</actionDate>
          <text>Referred to the Subcommittee on Social Security.</text>
        </latestAction>
        <congress>114</congress>
        <latestTitle>Notch Fairness Act of 2015</latestTitle>
        <relationshipDetails>
          <item>
            <type>Identical bill</type>
            <identifiedBy>CRS</identifiedBy>
          </item>
        </relationshipDetails>
        <type>HR</type>
        <number>314</number>
      </item>
    </relatedBills>
    <committees>
      <billCommittees>
        <item>
          <activities>
            <item>
              <name>Referred to</name>
              <date>2015-01-07T22:35:13Z</date>
            </item>
          </activities>
          <name>Finance Committee</name>
          <subcommittees />
          <chamber>Senate</chamber>
          <type>Standing</type>
          <systemCode>ssfi00</systemCode>
        </item>
      </billCommittees>
    </committees>
    <cosponsors />
    <committeeReports />
    <sponsors>
      <item>
        <fullName>Sen. Vitter, David [R-LA]</fullName>
        <firstName>David</firstName>
        <lastName>Vitter</lastName>
        <state>LA</state>
        <party>R</party>
        <bioguideId>V000127</bioguideId>
        <identifiers>
          <lisID>1609</lisID>
          <bioguideId>V000127</bioguideId>
          <gpoId>8267</gpoId>
        </identifiers>
        <middleName />
        <byRequestType />
      </item>
    </sponsors>
    <createDate>2015-01-08T02:24:27Z</createDate>
    <updateDate>2016-11-02T23:17:41Z</updateDate>
    <introducedDate>2015-01-07</introducedDate>
    <summaries>
      <billSummaries>
        <item>
          <actionDate>2015-01-07</actionDate>
          <actionDesc>Introduced in Senate</actionDesc>
          <lastSummaryUpdateDate>2015-01-21T17:50:15Z</lastSummaryUpdateDate>
          <versionCode>00</versionCode>
          <updateDate>2015-01-07T05:00:00Z</updateDate>
          <name>Introduced in Senate</name>
          <text><![CDATA[<p><b>Notch Fairness Act of 2015 </b></p> <p> Amends title II (Old Age, Survivors and Disability Insurance) (OASDI) of the Social Security Act to revise the formula for the computation of minimum Old Age Insurance benefits for individuals who reached age 65 in or after 1979, and to whom applies the 15-year transition period for the changes in benefit computation rules enacted in the Social Security Amendments of 1977.</p> <p>("Notch" refers to birth in the United States between 1917 and 1921, as a result of which a retiree born between those years received lower cost-of-living increases in Social Security than others after Congress readjusted Social Security benefits in 1977.)</p> <p>Sets forth a schedule of additional benefit increases for such beneficiaries (and related beneficiaries), with percentages declining from 55% to 5% and keyed to the year an individual became eligible for such benefits between 1979 and 1988. </p> <p>Allows such beneficiaries, in the alternative, to receive lump sum payments over four years totaling $5,000. </p>]]></text>
        </item>
      </billSummaries>
    </summaries>
    <title>Notch Fairness Act of 2015</title>
    <cboCostEstimates />
    <subjects>
      <billSubjects>
        <policyArea>
          <name>Social Welfare</name>
        </policyArea>
        <legislativeSubjects>
          <item>
            <name>Inflation and prices</name>
          </item>
          <item>
            <name>Social security and elderly assistance</name>
          </item>
        </legislativeSubjects>
      </billSubjects>
    </subjects>
    <amendments />
    <calendarNumbers />
    <congress>114</congress>
    <titles>
      <item>
        <titleType>Short Titles as Introduced</titleType>
        <parentTitleType />
        <title>Notch Fairness Act of 2015</title>
        <chamberName />
        <chamberCode />
      </item>
      <item>
        <titleType>Official Title as Introduced</titleType>
        <parentTitleType />
        <title>A bill to amend title II of the Social Security Act to allow workers who attain age 65 after 1981 and before 1992 to choose either lump sum payments over four years totaling $5,000 or an improved benefit computation formula under a new 10-year rule governing the transition to the changes in benefit computation rules enacted in the Social Security Amendments of 1977, and for other purposes.</title>
        <chamberName />
        <chamberCode />
      </item>
      <item>
        <titleType>Display Title</titleType>
        <parentTitleType />
        <title>Notch Fairness Act of 2015</title>
        <chamberName />
        <chamberCode />
      </item>
    </titles>
    <originChamber>Senate</originChamber>
  </bill>
  <dublinCore xmlns:dc="http://purl.org/dc/elements/1.1/">
    <dc:format>text/xml</dc:format>
    <dc:language>EN</dc:language>
    <dc:rights>Pursuant to Title 17 Section 105 of the United States Code, this file is not subject to copyright protection and is in the public domain.</dc:rights>
    <dc:contributor>Congressional Research Service, Library of Congress</dc:contributor>
    <dc:description>This file contains bill summaries and statuses for federal legislation. A bill summary describes the most significant provisions of a piece of legislation and details the effects the legislative text may have on current law and federal programs. Bill summaries are authored by the Congressional Research Service (CRS) of the Library of Congress. As stated in Public Law 91-510 (2 USC 166 (d)(6)), one of the duties of CRS is "to prepare summaries and digests of bills and resolutions of a public general nature introduced in the Senate or House of Representatives". For more information, refer to the User Guide that accompanies this file.</dc:description>
  </dublinCore>
</billStatus>

