<?xml version="1.0" encoding="UTF-8"?>
<billStatus>
  <bill>
    <billType>S</billType>
    <laws />
    <recordedVotes />
    <actions>
      <actionTypeCounts>
        <referredToCommittee>1</referredToCommittee>
        <introducedInSenate>1</introducedInSenate>
      </actionTypeCounts>
      <item>
        <actionDate>2015-02-26</actionDate>
        <committee>
          <name>Health, Education, Labor, and Pensions Committee</name>
          <systemCode>sshr00</systemCode>
        </committee>
        <links />
        <sourceSystem>
          <code>0</code>
          <name>Senate</name>
        </sourceSystem>
        <text>Read twice and referred to the Committee on Health, Education, Labor, and Pensions.</text>
        <type>IntroReferral</type>
      </item>
      <item>
        <actionDate>2015-02-26</actionDate>
        <sourceSystem>
          <code>9</code>
          <name>Library of Congress</name>
        </sourceSystem>
        <text>Introduced in Senate</text>
        <type>IntroReferral</type>
        <links />
        <actionCode>10000</actionCode>
        <committee />
      </item>
      <actionByCounts>
        <senate>2</senate>
      </actionByCounts>
    </actions>
    <billNumber>605</billNumber>
    <policyArea>
      <name>Education</name>
    </policyArea>
    <notes />
    <latestAction>
      <actionDate>2015-02-26</actionDate>
      <links />
      <text>Read twice and referred to the Committee on Health, Education, Labor, and Pensions.</text>
    </latestAction>
    <relatedBills>
      <item>
        <latestTitle>Investing in Innovation for Education Act of 2015</latestTitle>
        <number>847</number>
        <latestAction>
          <text>Referred to the Subcommittee on Early Childhood, Elementary, and Secondary Education.</text>
          <actionDate>2015-04-29</actionDate>
        </latestAction>
        <type>HR</type>
        <congress>114</congress>
        <relationshipDetails>
          <item>
            <identifiedBy>CRS</identifiedBy>
            <type>Related bill</type>
          </item>
        </relationshipDetails>
      </item>
    </relatedBills>
    <committees>
      <billCommittees>
        <item>
          <subcommittees />
          <type>Standing</type>
          <activities>
            <item>
              <name>Referred to</name>
              <date>2015-02-27T00:01:42Z</date>
            </item>
          </activities>
          <systemCode>sshr00</systemCode>
          <name>Health, Education, Labor, and Pensions Committee</name>
          <chamber>Senate</chamber>
        </item>
      </billCommittees>
    </committees>
    <cosponsors>
      <item>
        <identifiers>
          <lisID>2173</lisID>
          <gpoId />
          <bioguideId>S001194</bioguideId>
        </identifiers>
        <middleName />
        <fullName>Sen. Schatz, Brian [D-HI]</fullName>
        <isOriginalCosponsor>True</isOriginalCosponsor>
        <firstName>Brian</firstName>
        <sponsorshipWithdrawnDate />
        <state>HI</state>
        <bioguideId>S001194</bioguideId>
        <sponsorshipDate>2015-02-26</sponsorshipDate>
        <party>D</party>
        <lastName>Schatz</lastName>
      </item>
      <item>
        <identifiers>
          <bioguideId>D000563</bioguideId>
          <lisID>326</lisID>
          <gpoId>8326</gpoId>
        </identifiers>
        <middleName>J.</middleName>
        <fullName>Sen. Durbin, Richard [D-IL]</fullName>
        <isOriginalCosponsor>False</isOriginalCosponsor>
        <firstName>RICHARD</firstName>
        <sponsorshipWithdrawnDate />
        <state>IL</state>
        <bioguideId>D000563</bioguideId>
        <sponsorshipDate>2015-03-16</sponsorshipDate>
        <party>D</party>
        <lastName>DURBIN</lastName>
      </item>
      <item>
        <identifiers>
          <gpoId>8297</gpoId>
          <lisID>1984</lisID>
          <bioguideId>C001088</bioguideId>
        </identifiers>
        <middleName>A.</middleName>
        <fullName>Sen. Coons, Christopher A. [D-DE]</fullName>
        <isOriginalCosponsor>False</isOriginalCosponsor>
        <firstName>Christopher</firstName>
        <sponsorshipWithdrawnDate />
        <state>DE</state>
        <bioguideId>C001088</bioguideId>
        <sponsorshipDate>2015-03-25</sponsorshipDate>
        <party>D</party>
        <lastName>Coons</lastName>
      </item>
    </cosponsors>
    <committeeReports />
    <sponsors>
      <item>
        <fullName>Sen. Bennet, Michael F. [D-CO]</fullName>
        <firstName>Michael</firstName>
        <lastName>Bennet</lastName>
        <state>CO</state>
        <party>D</party>
        <bioguideId>B001267</bioguideId>
        <identifiers>
          <lisID>1965</lisID>
          <gpoId>8302</gpoId>
          <bioguideId>B001267</bioguideId>
        </identifiers>
        <middleName>F.</middleName>
        <byRequestType />
      </item>
    </sponsors>
    <createDate>2015-02-27T18:29:29Z</createDate>
    <updateDate>2016-11-02T23:22:21Z</updateDate>
    <introducedDate>2015-02-26</introducedDate>
    <summaries>
      <billSummaries>
        <item>
          <actionDate>2015-02-26</actionDate>
          <actionDesc>Introduced in Senate</actionDesc>
          <lastSummaryUpdateDate>2015-03-20T21:03:33Z</lastSummaryUpdateDate>
          <versionCode>00</versionCode>
          <updateDate>2015-02-26T05:00:00Z</updateDate>
          <name>Introduced in Senate</name>
          <text><![CDATA[<p><strong>Investing in Innovation for Education Act of 2015</strong></p> <p>Amends the Elementary and Secondary Education Act of 1965 to direct the Secretary of Education to award competitive grants to local educational agencies (LEAs), educational service agencies, and nonprofit organizations to support the school innovation efforts of public schools and LEAs.</p> <p>Requires at least 25% of the grant funds to be awarded for projects in rural areas. </p> <p>Requires each grant applicant to demonstrate that it has partnered with at least one private, nonprofit, community-based, or governmental entity that will provide matching funds. Allows the Secretary to waive the matching funds requirement upon a showing of exceptional circumstances.</p> <p>Requires each grant to be used to address at least one of the following areas of school innovation:</p> <ul> <li>improving the effectiveness of teachers and school leaders and promoting their equitable distribution,</li> <li>strengthening the use of data to improve education,</li> <li>providing high-quality instruction that is based on rigorous academic content standards and measuring students' proficiency using high-quality assessments that are aligned to those standards,</li> <li>turning around the lowest-performing schools, and</li> <li>any other area of school innovation the Secretary chooses.</li> </ul> <p>Directs the Secretary to establish performance measures for tracking each grantee's progress in: (1) improving the academic performance of public elementary and secondary school students, and specified subgroups of those students; and (2) implementing its project in rural schools, as applicable. Requires grantees to use grant funds to develop or expand strategies to improve high-need students' showing on those performance measures.</p>]]></text>
        </item>
      </billSummaries>
    </summaries>
    <title>Investing in Innovation for Education Act of 2015</title>
    <cboCostEstimates />
    <subjects>
      <billSubjects>
        <policyArea>
          <name>Education</name>
        </policyArea>
        <legislativeSubjects>
          <item>
            <name>Academic performance and assessments</name>
          </item>
          <item>
            <name>Education of the disadvantaged</name>
          </item>
          <item>
            <name>Education programs funding</name>
          </item>
          <item>
            <name>Educational technology and distance education</name>
          </item>
          <item>
            <name>Elementary and secondary education</name>
          </item>
          <item>
            <name>Foreign language and bilingual programs</name>
          </item>
          <item>
            <name>Performance measurement</name>
          </item>
          <item>
            <name>Rural conditions and development</name>
          </item>
          <item>
            <name>Science and engineering education</name>
          </item>
          <item>
            <name>Special education</name>
          </item>
          <item>
            <name>Teaching, teachers, curricula</name>
          </item>
        </legislativeSubjects>
      </billSubjects>
    </subjects>
    <amendments />
    <calendarNumbers />
    <congress>114</congress>
    <titles>
      <item>
        <title>Investing in Innovation for Education Act of 2015</title>
        <chamberName />
        <chamberCode />
        <titleType>Short Titles as Introduced</titleType>
        <parentTitleType />
      </item>
      <item>
        <title>A bill to amend the Elementary and Secondary Education Act of 1965 to invest in innovation for education.</title>
        <chamberName />
        <chamberCode />
        <titleType>Official Title as Introduced</titleType>
        <parentTitleType />
      </item>
      <item>
        <title>Investing in Innovation for Education Act of 2015</title>
        <chamberName />
        <chamberCode />
        <titleType>Display Title</titleType>
        <parentTitleType />
      </item>
    </titles>
    <originChamber>Senate</originChamber>
  </bill>
  <dublinCore xmlns:dc="http://purl.org/dc/elements/1.1/">
    <dc:format>text/xml</dc:format>
    <dc:language>EN</dc:language>
    <dc:rights>Pursuant to Title 17 Section 105 of the United States Code, this file is not subject to copyright protection and is in the public domain.</dc:rights>
    <dc:contributor>Congressional Research Service, Library of Congress</dc:contributor>
    <dc:description>This file contains bill summaries and statuses for federal legislation. A bill summary describes the most significant provisions of a piece of legislation and details the effects the legislative text may have on current law and federal programs. Bill summaries are authored by the Congressional Research Service (CRS) of the Library of Congress. As stated in Public Law 91-510 (2 USC 166 (d)(6)), one of the duties of CRS is "to prepare summaries and digests of bills and resolutions of a public general nature introduced in the Senate or House of Representatives". For more information, refer to the User Guide that accompanies this file.</dc:description>
  </dublinCore>
</billStatus>

