<?xml version="1.0" encoding="UTF-8"?>
<billStatus>
  <bill>
    <committees>
      <billCommittees>
        <item>
          <activities>
            <item>
              <date>2015-02-04T20:55:56Z</date>
              <name>Referred to</name>
            </item>
          </activities>
          <chamber>Senate</chamber>
          <subcommittees />
          <systemCode>ssfi00</systemCode>
          <type>Standing</type>
          <name>Finance Committee</name>
        </item>
      </billCommittees>
    </committees>
    <congress>114</congress>
    <billNumber>369</billNumber>
    <updateDate>2016-11-02T23:19:58Z</updateDate>
    <calendarNumbers />
    <policyArea>
      <name>Families</name>
    </policyArea>
    <summaries>
      <billSummaries>
        <item>
          <versionCode>00</versionCode>
          <actionDate>2015-02-04</actionDate>
          <text><![CDATA[<p><b>Supporting Adoptive Families Act</b></p> <p> Amends part B (Child and Family Services) of title IV of the Social Security Act (SSAct) to make it a purpose of the Stephanie Tubbs Jones Child Welfare Services Program to promote efforts to prevent children from entering the foster care system through the provision of pre- and post-adoptive support services.</p> <p>Extends adoption promotion and support services to those designed to support adoptions from other countries as well as domestic adoptions. Specifies related pre- and post-adoptive support services. </p> <p>Amends SSAct title IV part E (Foster Care and Adoption Assistance) to revise requirements for state expenditures for adoption support services.</p> <p>Amends the Public Health Service Act to direct the Secretary of Health and Human Services, acting through the Administrator of the Substance Abuse and Mental Health Services Administration, to award grants or cooperative agreements to eligible entities to develop and implement state-sponsored statewide or tribal post-adoption mental health service programs for all adopted children. </p> <p>Amends SSAct title IV part D (Child Support and Establishment of Paternity) to direct the Secretary, as part of the child support and paternity data collection system, to promulgate final regulations requiring the states to collect and report information regarding children adopted within the United States or from other countries who enter into state custody as a result of the disruption of a placement for adoption or the dissolution of an adoption. </p>]]></text>
          <name>Introduced in Senate</name>
          <lastSummaryUpdateDate>2015-02-19T17:16:25Z</lastSummaryUpdateDate>
          <updateDate>2015-02-04T05:00:00Z</updateDate>
          <actionDesc>Introduced in Senate</actionDesc>
        </item>
      </billSummaries>
    </summaries>
    <title>Supporting Adoptive Families Act</title>
    <laws />
    <cosponsors>
      <item>
        <identifiers>
          <lisID>1464</lisID>
          <bioguideId>B000575</bioguideId>
          <gpoId>8313</gpoId>
        </identifiers>
        <middleName />
        <fullName>Sen. Blunt, Roy [R-MO]</fullName>
        <isOriginalCosponsor>True</isOriginalCosponsor>
        <firstName>Roy</firstName>
        <sponsorshipWithdrawnDate />
        <state>MO</state>
        <bioguideId>B000575</bioguideId>
        <sponsorshipDate>2015-02-04</sponsorshipDate>
        <party>R</party>
        <lastName>Blunt</lastName>
      </item>
    </cosponsors>
    <billType>S</billType>
    <cboCostEstimates />
    <recordedVotes />
    <relatedBills>
      <item>
        <latestTitle>To ensure the safety and well-being of adopted children.</latestTitle>
        <latestAction>
          <text>Referred to the Subcommittee on Human Resources.</text>
          <actionDate>2015-05-14</actionDate>
        </latestAction>
        <number>2068</number>
        <relationshipDetails>
          <item>
            <identifiedBy>CRS</identifiedBy>
            <type>Related bill</type>
          </item>
        </relationshipDetails>
        <type>HR</type>
        <congress>114</congress>
      </item>
    </relatedBills>
    <actions>
      <actionTypeCounts>
        <referredToCommittee>1</referredToCommittee>
        <introducedInSenate>1</introducedInSenate>
      </actionTypeCounts>
      <item>
        <actionDate>2015-02-04</actionDate>
        <committee>
          <name>Finance Committee</name>
          <systemCode>ssfi00</systemCode>
        </committee>
        <links />
        <sourceSystem>
          <code>0</code>
          <name>Senate</name>
        </sourceSystem>
        <text>Read twice and referred to the Committee on Finance.</text>
        <type>IntroReferral</type>
      </item>
      <item>
        <actionDate>2015-02-04</actionDate>
        <sourceSystem>
          <code>9</code>
          <name>Library of Congress</name>
        </sourceSystem>
        <text>Introduced in Senate</text>
        <type>IntroReferral</type>
        <links />
        <actionCode>10000</actionCode>
        <committee />
      </item>
      <actionByCounts>
        <senate>2</senate>
      </actionByCounts>
    </actions>
    <notes />
    <latestAction>
      <actionDate>2015-02-04</actionDate>
      <links />
      <text>Read twice and referred to the Committee on Finance.</text>
    </latestAction>
    <introducedDate>2015-02-04</introducedDate>
    <sponsors>
      <item>
        <fullName>Sen. Klobuchar, Amy [D-MN]</fullName>
        <firstName>Amy</firstName>
        <byRequestType />
        <identifiers>
          <bioguideId>K000367</bioguideId>
          <gpoId>8249</gpoId>
          <lisID>1826</lisID>
        </identifiers>
        <middleName />
        <bioguideId>K000367</bioguideId>
        <party>D</party>
        <state>MN</state>
        <lastName>Klobuchar</lastName>
      </item>
    </sponsors>
    <subjects>
      <billSubjects>
        <legislativeSubjects>
          <item>
            <name>Administrative law and regulatory procedures</name>
          </item>
          <item>
            <name>Adoption and foster care</name>
          </item>
          <item>
            <name>Advisory bodies</name>
          </item>
          <item>
            <name>Child health</name>
          </item>
          <item>
            <name>Department of Health and Human Services</name>
          </item>
          <item>
            <name>Government information and archives</name>
          </item>
          <item>
            <name>Health programs administration and funding</name>
          </item>
          <item>
            <name>Mental health</name>
          </item>
          <item>
            <name>Poverty and welfare assistance</name>
          </item>
          <item>
            <name>Social work, volunteer service, charitable organizations</name>
          </item>
        </legislativeSubjects>
        <policyArea>
          <name>Families</name>
        </policyArea>
      </billSubjects>
    </subjects>
    <committeeReports />
    <amendments />
    <createDate>2015-02-05T04:56:25Z</createDate>
    <originChamber>Senate</originChamber>
    <titles>
      <item>
        <title>Supporting Adoptive Families Act</title>
        <chamberName />
        <chamberCode />
        <titleType>Short Titles as Introduced</titleType>
        <parentTitleType />
      </item>
      <item>
        <title>A bill to enhance pre- and post-adoptive support services.</title>
        <chamberName />
        <chamberCode />
        <titleType>Official Title as Introduced</titleType>
        <parentTitleType />
      </item>
      <item>
        <title>Supporting Adoptive Families Act</title>
        <chamberName />
        <chamberCode />
        <titleType>Display Title</titleType>
        <parentTitleType />
      </item>
    </titles>
  </bill>
  <dublinCore xmlns:dc="http://purl.org/dc/elements/1.1/">
    <dc:format>text/xml</dc:format>
    <dc:language>EN</dc:language>
    <dc:rights>Pursuant to Title 17 Section 105 of the United States Code, this file is not subject to copyright protection and is in the public domain.</dc:rights>
    <dc:contributor>Congressional Research Service, Library of Congress</dc:contributor>
    <dc:description>This file contains bill summaries and statuses for federal legislation. A bill summary describes the most significant provisions of a piece of legislation and details the effects the legislative text may have on current law and federal programs. Bill summaries are authored by the Congressional Research Service (CRS) of the Library of Congress. As stated in Public Law 91-510 (2 USC 166 (d)(6)), one of the duties of CRS is "to prepare summaries and digests of bills and resolutions of a public general nature introduced in the Senate or House of Representatives". For more information, refer to the User Guide that accompanies this file.</dc:description>
  </dublinCore>
</billStatus>

