<?xml version="1.0" encoding="UTF-8"?>
<billStatus>
  <bill>
    <billType>S</billType>
    <laws />
    <recordedVotes />
    <actions>
      <actionTypeCounts>
        <referredToCommittee>1</referredToCommittee>
        <introducedInSenate>1</introducedInSenate>
      </actionTypeCounts>
      <actionByCounts>
        <senate>2</senate>
      </actionByCounts>
      <item>
        <actionDate>2015-01-07</actionDate>
        <committee>
          <name>Finance Committee</name>
          <systemCode>ssfi00</systemCode>
        </committee>
        <links />
        <sourceSystem>
          <name>Senate</name>
          <code>0</code>
        </sourceSystem>
        <text>Read twice and referred to the Committee on Finance.</text>
        <type>IntroReferral</type>
      </item>
      <item>
        <text>Introduced in Senate</text>
        <sourceSystem>
          <name>Library of Congress</name>
          <code>9</code>
        </sourceSystem>
        <committee />
        <type>IntroReferral</type>
        <links />
        <actionCode>10000</actionCode>
        <actionDate>2015-01-07</actionDate>
      </item>
    </actions>
    <billNumber>116</billNumber>
    <policyArea>
      <name>Taxation</name>
    </policyArea>
    <notes />
    <latestAction>
      <actionDate>2015-01-07</actionDate>
      <links />
      <text>Read twice and referred to the Committee on Finance.</text>
    </latestAction>
    <relatedBills />
    <committees>
      <billCommittees>
        <item>
          <activities>
            <item>
              <date>2015-01-07T22:47:38Z</date>
              <name>Referred to</name>
            </item>
          </activities>
          <chamber>Senate</chamber>
          <subcommittees />
          <systemCode>ssfi00</systemCode>
          <type>Standing</type>
          <name>Finance Committee</name>
        </item>
      </billCommittees>
    </committees>
    <cosponsors />
    <committeeReports />
    <sponsors>
      <item>
        <fullName>Sen. Heller, Dean [R-NV]</fullName>
        <firstName>Dean</firstName>
        <lastName>Heller</lastName>
        <state>NV</state>
        <party>R</party>
        <bioguideId>H001041</bioguideId>
        <identifiers>
          <lisID>1863</lisID>
          <gpoId>8060</gpoId>
          <bioguideId>H001041</bioguideId>
        </identifiers>
        <middleName />
        <byRequestType />
      </item>
    </sponsors>
    <createDate>2015-01-08T02:24:27Z</createDate>
    <updateDate>2016-11-02T23:17:46Z</updateDate>
    <introducedDate>2015-01-07</introducedDate>
    <summaries>
      <billSummaries>
        <item>
          <updateDate>2015-01-07T05:00:00Z</updateDate>
          <versionCode>00</versionCode>
          <text><![CDATA[<p><strong>Telephone Excise Tax Elimination Act of 2015</strong></p> <p>Amends the Internal Revenue Code to repeal the excise tax on communication services (i.e., local telephone service, toll telephone service, and teletypewriter exchange service). </p>]]></text>
          <lastSummaryUpdateDate>2015-02-03T16:35:12Z</lastSummaryUpdateDate>
          <actionDate>2015-01-07</actionDate>
          <actionDesc>Introduced in Senate</actionDesc>
          <name>Introduced in Senate</name>
        </item>
      </billSummaries>
    </summaries>
    <title>Telephone Excise Tax Elimination Act of 2015</title>
    <cboCostEstimates />
    <subjects>
      <billSubjects>
        <legislativeSubjects>
          <item>
            <name>Sales and excise taxes</name>
          </item>
          <item>
            <name>Telephone and wireless communication</name>
          </item>
        </legislativeSubjects>
        <policyArea>
          <name>Taxation</name>
        </policyArea>
      </billSubjects>
    </subjects>
    <amendments />
    <calendarNumbers />
    <congress>114</congress>
    <titles>
      <item>
        <chamberCode />
        <title>Telephone Excise Tax Elimination Act of 2015</title>
        <chamberName />
        <titleType>Short Titles as Introduced</titleType>
        <parentTitleType />
      </item>
      <item>
        <chamberCode />
        <title>A bill to amend the Internal Revenue Code of 1986 to repeal the excise tax on telephone and other communications services.</title>
        <chamberName />
        <titleType>Official Title as Introduced</titleType>
        <parentTitleType />
      </item>
      <item>
        <chamberCode />
        <title>Telephone Excise Tax Elimination Act of 2015</title>
        <chamberName />
        <titleType>Display Title</titleType>
        <parentTitleType />
      </item>
    </titles>
    <originChamber>Senate</originChamber>
  </bill>
  <dublinCore xmlns:dc="http://purl.org/dc/elements/1.1/">
    <dc:format>text/xml</dc:format>
    <dc:language>EN</dc:language>
    <dc:rights>Pursuant to Title 17 Section 105 of the United States Code, this file is not subject to copyright protection and is in the public domain.</dc:rights>
    <dc:contributor>Congressional Research Service, Library of Congress</dc:contributor>
    <dc:description>This file contains bill summaries and statuses for federal legislation. A bill summary describes the most significant provisions of a piece of legislation and details the effects the legislative text may have on current law and federal programs. Bill summaries are authored by the Congressional Research Service (CRS) of the Library of Congress. As stated in Public Law 91-510 (2 USC 166 (d)(6)), one of the duties of CRS is "to prepare summaries and digests of bills and resolutions of a public general nature introduced in the Senate or House of Representatives". For more information, refer to the User Guide that accompanies this file.</dc:description>
  </dublinCore>
</billStatus>

