<?xml version="1.0" encoding="UTF-8"?>
<billStatus>
  <bill>
    <laws />
    <committeeReports />
    <recordedVotes />
    <originChamber>Senate</originChamber>
    <congress>114</congress>
    <createDate>2015-01-10T00:58:16Z</createDate>
    <summaries>
      <billSummaries>
        <item>
          <text><![CDATA[<p><strong>Local Leadership in Education Act</strong></p> <p>Amends the Elementary and Secondary Education Act of 1965 (ESEA) to prohibit a federal officer or employee, either directly or indirectly through grants, contracts, or other cooperative agreements under ESEA, from:</p> <ul> <li>mandating, directing, or controlling a state's, local educational agency's (LEA's), or school's academic standards, curriculum, program of instruction, or allocation of state or local resources;</li> <li>mandating a state or subdivision to spend any funds or incur any costs not paid for under ESEA;</li> <li>incentivizing a state's, LEA's, or school's adoption of any specific academic standards or a specific curriculum or program of instruction;</li> <li>conditioning the availability of financial support on such an entity's adoption of specific instructional content, academic standards, or curricula, or on the administration of assessments or tests, even if such requirements are specified in ESEA; or</li> <li>mandating or requiring states to administer assessments or tests to students.</li> </ul> <p>Requires the school improvement program under part A of title I of ESEA to be carried out without regard to any requirement that a state carry out academic assessments or that LEAs and elementary and secondary schools make adequate yearly progress.</p> <p>Prohibits the Secretary of Education from conditioning the provision of a statutory or regulatory waiver under ESEA on a state, LEA, Indian tribe, or school: (1) getting their academic standards approved by the federal government, or (2) administering assessments or tests to students. Makes that prohibition applicable to future and previously issued waivers.</p> <p>Amends the General Education Provisions Act to prohibit a department, agency, officer, or federal employee from: (1) exercising any direction, supervision, or control over the curriculum (including its development), program of instruction, administration, or personnel of any educational institution, school, or school system or over the selection of library resources, textbooks, or other printed or published instructional materials by any educational institution or school system; or (2) requiring the assignment or transportation of students or teachers in order to overcome racial imbalance.</p> <p>Amends the American Recovery and Reinvestment Act of 2009 to prohibit the use of Race to the Top funds to develop, pilot test, field test, implement, administer, or distribute any assessment or testing materials.</p>]]></text>
          <updateDate>2015-01-09T05:00:00Z</updateDate>
          <actionDesc>Introduced in Senate</actionDesc>
          <actionDate>2015-01-09</actionDate>
          <versionCode>00</versionCode>
          <name>Introduced in Senate</name>
          <lastSummaryUpdateDate>2015-01-29T20:30:25Z</lastSummaryUpdateDate>
        </item>
      </billSummaries>
    </summaries>
    <relatedBills />
    <introducedDate>2015-01-09</introducedDate>
    <committees>
      <billCommittees>
        <item>
          <subcommittees />
          <type>Standing</type>
          <systemCode>sshr00</systemCode>
          <name>Health, Education, Labor, and Pensions Committee</name>
          <activities>
            <item>
              <name>Referred to</name>
              <date>2015-01-09T16:12:55Z</date>
            </item>
          </activities>
          <chamber>Senate</chamber>
        </item>
      </billCommittees>
    </committees>
    <updateDate>2017-01-14T22:04:01Z</updateDate>
    <title>Local Leadership in Education Act</title>
    <policyArea>
      <name>Education</name>
    </policyArea>
    <notes />
    <titles>
      <item>
        <chamberCode />
        <titleType>Short Titles as Introduced</titleType>
        <title>Local Leadership in Education Act</title>
        <chamberName />
        <parentTitleType />
      </item>
      <item>
        <chamberCode />
        <titleType>Official Title as Introduced</titleType>
        <title>A bill to prohibit the Federal Government from mandating, incentivizing, or making financial support conditioned upon a State, local educational agency, or school's adoption of specific instructional content, academic standards, or curriculum, or on the administration of assessments or tests, and for other purposes.</title>
        <chamberName />
        <parentTitleType />
      </item>
      <item>
        <chamberCode />
        <titleType>Display Title</titleType>
        <title>Local Leadership in Education Act</title>
        <chamberName />
        <parentTitleType />
      </item>
    </titles>
    <amendments />
    <cboCostEstimates />
    <billNumber>144</billNumber>
    <billType>S</billType>
    <actions>
      <actionTypeCounts>
        <referredToCommittee>1</referredToCommittee>
        <introducedInSenate>1</introducedInSenate>
      </actionTypeCounts>
      <item>
        <actionDate>2015-01-09</actionDate>
        <committee>
          <name>Health, Education, Labor, and Pensions Committee</name>
          <systemCode>sshr00</systemCode>
        </committee>
        <links />
        <sourceSystem>
          <name>Senate</name>
          <code>0</code>
        </sourceSystem>
        <text>Read twice and referred to the Committee on Health, Education, Labor, and Pensions.</text>
        <type>IntroReferral</type>
      </item>
      <item>
        <links />
        <type>IntroReferral</type>
        <actionDate>2015-01-09</actionDate>
        <text>Introduced in Senate</text>
        <sourceSystem>
          <name>Library of Congress</name>
          <code>9</code>
        </sourceSystem>
        <actionCode>10000</actionCode>
        <committee />
      </item>
      <actionByCounts>
        <senate>2</senate>
      </actionByCounts>
    </actions>
    <calendarNumbers />
    <cosponsors>
      <item>
        <middleName />
        <state>TX</state>
        <party>R</party>
        <bioguideId>C001098</bioguideId>
        <identifiers>
          <lisID>2175</lisID>
          <bioguideId>C001098</bioguideId>
          <gpoId />
        </identifiers>
        <isOriginalCosponsor>True</isOriginalCosponsor>
        <lastName>Cruz</lastName>
        <firstName>Ted</firstName>
        <sponsorshipWithdrawnDate />
        <sponsorshipDate>2015-01-09</sponsorshipDate>
        <fullName>Sen. Cruz, Ted [R-TX]</fullName>
      </item>
      <item>
        <middleName />
        <state>OK</state>
        <party>R</party>
        <bioguideId>L000575</bioguideId>
        <identifiers>
          <lisID>2050</lisID>
          <gpoId>8113</gpoId>
          <bioguideId>L000575</bioguideId>
        </identifiers>
        <isOriginalCosponsor>True</isOriginalCosponsor>
        <lastName>Lankford</lastName>
        <firstName>James</firstName>
        <sponsorshipWithdrawnDate />
        <sponsorshipDate>2015-01-09</sponsorshipDate>
        <fullName>Sen. Lankford, James [R-OK]</fullName>
      </item>
      <item>
        <middleName />
        <state>UT</state>
        <party>R</party>
        <bioguideId>L000577</bioguideId>
        <identifiers>
          <lisID>2080</lisID>
          <bioguideId>L000577</bioguideId>
          <gpoId>8303</gpoId>
        </identifiers>
        <isOriginalCosponsor>True</isOriginalCosponsor>
        <lastName>Lee</lastName>
        <firstName>Mike</firstName>
        <sponsorshipWithdrawnDate />
        <sponsorshipDate>2015-01-09</sponsorshipDate>
        <fullName>Sen. Lee, Mike [R-UT]</fullName>
      </item>
      <item>
        <middleName />
        <state>KY</state>
        <party>R</party>
        <bioguideId>P000603</bioguideId>
        <identifiers>
          <lisID>2082</lisID>
          <bioguideId>P000603</bioguideId>
          <gpoId>8308</gpoId>
        </identifiers>
        <isOriginalCosponsor>True</isOriginalCosponsor>
        <lastName>Paul</lastName>
        <firstName>Rand</firstName>
        <sponsorshipWithdrawnDate />
        <sponsorshipDate>2015-01-09</sponsorshipDate>
        <fullName>Sen. Paul, Rand [R-KY]</fullName>
      </item>
      <item>
        <middleName>E.</middleName>
        <state>ID</state>
        <party>R</party>
        <bioguideId>R000584</bioguideId>
        <identifiers>
          <bioguideId>R000584</bioguideId>
          <lisID>1896</lisID>
          <gpoId>8274</gpoId>
        </identifiers>
        <isOriginalCosponsor>True</isOriginalCosponsor>
        <lastName>Risch</lastName>
        <firstName>James</firstName>
        <sponsorshipWithdrawnDate />
        <sponsorshipDate>2015-01-09</sponsorshipDate>
        <fullName>Sen. Risch, James E. [R-ID]</fullName>
      </item>
      <item>
        <middleName>CRAIG</middleName>
        <state>AL</state>
        <party>R</party>
        <bioguideId>S000320</bioguideId>
        <identifiers>
          <lisID>1049</lisID>
          <bioguideId>S000320</bioguideId>
          <gpoId>8277</gpoId>
        </identifiers>
        <isOriginalCosponsor>True</isOriginalCosponsor>
        <lastName>SHELBY</lastName>
        <firstName>RICHARD</firstName>
        <sponsorshipWithdrawnDate />
        <sponsorshipDate>2015-01-09</sponsorshipDate>
        <fullName>Sen. Shelby, Richard C. [R-AL]</fullName>
      </item>
      <item>
        <middleName />
        <state>OK</state>
        <party>R</party>
        <bioguideId>I000024</bioguideId>
        <identifiers>
          <bioguideId>I000024</bioguideId>
          <lisID>583</lisID>
          <gpoId>8322</gpoId>
        </identifiers>
        <isOriginalCosponsor>False</isOriginalCosponsor>
        <lastName>INHOFE</lastName>
        <firstName>JIM</firstName>
        <sponsorshipWithdrawnDate />
        <sponsorshipDate>2015-01-27</sponsorshipDate>
        <fullName>Sen. Inhofe, James M. [R-OK]</fullName>
      </item>
      <item>
        <middleName />
        <state>AR</state>
        <party>R</party>
        <bioguideId>C001095</bioguideId>
        <identifiers>
          <gpoId />
          <bioguideId>C001095</bioguideId>
          <lisID>2098</lisID>
        </identifiers>
        <isOriginalCosponsor>False</isOriginalCosponsor>
        <lastName>Cotton</lastName>
        <firstName>Tom</firstName>
        <sponsorshipWithdrawnDate />
        <sponsorshipDate>2015-02-25</sponsorshipDate>
        <fullName>Sen. Cotton, Tom [R-AR]</fullName>
      </item>
    </cosponsors>
    <latestAction>
      <actionDate>2015-01-09</actionDate>
      <links />
      <text>Read twice and referred to the Committee on Health, Education, Labor, and Pensions.</text>
    </latestAction>
    <subjects>
      <billSubjects>
        <legislativeSubjects>
          <item>
            <name>Academic performance and assessments</name>
          </item>
          <item>
            <name>Education programs funding</name>
          </item>
          <item>
            <name>Elementary and secondary education</name>
          </item>
          <item>
            <name>Intergovernmental relations</name>
          </item>
          <item>
            <name>School administration</name>
          </item>
          <item>
            <name>State and local government operations</name>
          </item>
          <item>
            <name>Teaching, teachers, curricula</name>
          </item>
        </legislativeSubjects>
        <policyArea>
          <name>Education</name>
        </policyArea>
      </billSubjects>
    </subjects>
    <sponsors>
      <item>
        <bioguideId>C000880</bioguideId>
        <lastName>CRAPO</lastName>
        <fullName>Sen. Crapo, Mike [R-ID]</fullName>
        <state>ID</state>
        <middleName>D.</middleName>
        <byRequestType />
        <firstName>MICHAEL</firstName>
        <party>R</party>
        <identifiers>
          <gpoId>8289</gpoId>
          <bioguideId>C000880</bioguideId>
          <lisID>250</lisID>
        </identifiers>
      </item>
    </sponsors>
  </bill>
  <dublinCore xmlns:dc="http://purl.org/dc/elements/1.1/">
    <dc:format>text/xml</dc:format>
    <dc:language>EN</dc:language>
    <dc:rights>Pursuant to Title 17 Section 105 of the United States Code, this file is not subject to copyright protection and is in the public domain.</dc:rights>
    <dc:contributor>Congressional Research Service, Library of Congress</dc:contributor>
    <dc:description>This file contains bill summaries and statuses for federal legislation. A bill summary describes the most significant provisions of a piece of legislation and details the effects the legislative text may have on current law and federal programs. Bill summaries are authored by the Congressional Research Service (CRS) of the Library of Congress. As stated in Public Law 91-510 (2 USC 166 (d)(6)), one of the duties of CRS is "to prepare summaries and digests of bills and resolutions of a public general nature introduced in the Senate or House of Representatives". For more information, refer to the User Guide that accompanies this file.</dc:description>
  </dublinCore>
</billStatus>

