<?xml version="1.0" encoding="UTF-8"?>
<billStatus>
  <bill>
    <latestAction>
      <text>Committee on Energy and Natural Resources Subcommittee on Public Lands, Forests, and Mining. Hearings held.</text>
      <links />
      <actionDate>2015-05-21</actionDate>
    </latestAction>
    <policyArea>
      <name>Public Lands and Natural Resources</name>
    </policyArea>
    <amendments />
    <relatedBills>
      <item>
        <latestAction>
          <actionDate>2015-03-16</actionDate>
          <text>Referred to the Subcommittee on Water, Power and Oceans.</text>
        </latestAction>
        <congress>114</congress>
        <latestTitle>Douglas County Conservation Act of 2015</latestTitle>
        <relationshipDetails>
          <item>
            <type>Related bill</type>
            <identifiedBy>CRS</identifiedBy>
          </item>
        </relationshipDetails>
        <type>HR</type>
        <number>925</number>
      </item>
      <item>
        <latestAction>
          <actionDate>2016-03-08</actionDate>
          <text>Referred to the Subcommittee on Indian, Insular and Alaska Native Affairs.</text>
        </latestAction>
        <congress>114</congress>
        <latestTitle>Douglas County Economic Development and Conservation Act of 2016</latestTitle>
        <relationshipDetails>
          <item>
            <type>Related bill</type>
            <identifiedBy>CRS</identifiedBy>
          </item>
        </relationshipDetails>
        <type>HR</type>
        <number>4688</number>
      </item>
    </relatedBills>
    <billNumber>472</billNumber>
    <updateDate>2016-11-02T23:20:35Z</updateDate>
    <sponsors>
      <item>
        <fullName>Sen. Heller, Dean [R-NV]</fullName>
        <firstName>Dean</firstName>
        <lastName>Heller</lastName>
        <identifiers>
          <bioguideId>H001041</bioguideId>
          <lisID>1863</lisID>
          <gpoId>8060</gpoId>
        </identifiers>
        <state>NV</state>
        <middleName />
        <party>R</party>
        <byRequestType />
        <bioguideId>H001041</bioguideId>
      </item>
    </sponsors>
    <notes />
    <originChamber>Senate</originChamber>
    <subjects>
      <billSubjects>
        <legislativeSubjects>
          <item>
            <name>Floods and storm protection</name>
          </item>
          <item>
            <name>Forests, forestry, trees</name>
          </item>
          <item>
            <name>Indian lands and resources rights</name>
          </item>
          <item>
            <name>Land transfers</name>
          </item>
          <item>
            <name>Land use and conservation</name>
          </item>
          <item>
            <name>Nevada</name>
          </item>
          <item>
            <name>Outdoor recreation</name>
          </item>
          <item>
            <name>Parks, recreation areas, trails</name>
          </item>
          <item>
            <name>Water use and supply</name>
          </item>
          <item>
            <name>Watersheds</name>
          </item>
          <item>
            <name>Wilderness and natural areas, wildlife refuges, wild rivers, habitats</name>
          </item>
          <item>
            <name>Wildlife conservation and habitat protection</name>
          </item>
        </legislativeSubjects>
        <policyArea>
          <name>Public Lands and Natural Resources</name>
        </policyArea>
      </billSubjects>
    </subjects>
    <committees>
      <billCommittees>
        <item>
          <subcommittees>
            <item>
              <systemCode>sseg03</systemCode>
              <activities>
                <item>
                  <date>2015-05-21T18:30:00Z</date>
                  <name>Hearings by</name>
                </item>
              </activities>
              <name>Public Lands, Forests, and Mining Subcommittee</name>
            </item>
          </subcommittees>
          <chamber>Senate</chamber>
          <systemCode>sseg00</systemCode>
          <activities>
            <item>
              <date>2015-02-12T15:31:14Z</date>
              <name>Referred to</name>
            </item>
          </activities>
          <type>Standing</type>
          <name>Energy and Natural Resources Committee</name>
        </item>
      </billCommittees>
    </committees>
    <cosponsors>
      <item>
        <identifiers>
          <lisID>952</lisID>
          <gpoId>8271</gpoId>
          <bioguideId>R000146</bioguideId>
        </identifiers>
        <middleName>M.</middleName>
        <fullName>Sen. Reid, Harry [D-NV]</fullName>
        <isOriginalCosponsor>True</isOriginalCosponsor>
        <firstName>HARRY</firstName>
        <sponsorshipWithdrawnDate />
        <state>NV</state>
        <bioguideId>R000146</bioguideId>
        <sponsorshipDate>2015-02-12</sponsorshipDate>
        <party>D</party>
        <lastName>REID</lastName>
      </item>
    </cosponsors>
    <calendarNumbers />
    <committeeReports />
    <congress>114</congress>
    <title>Douglas County Conservation Act of 2015</title>
    <introducedDate>2015-02-12</introducedDate>
    <actions>
      <actionByCounts>
        <senate>3</senate>
      </actionByCounts>
      <item>
        <actionDate>2015-05-21</actionDate>
        <committee>
          <name>Public Lands, Forests, and Mining Subcommittee</name>
          <systemCode>sseg03</systemCode>
        </committee>
        <links />
        <sourceSystem>
          <name>Senate</name>
          <code>0</code>
        </sourceSystem>
        <text>Committee on Energy and Natural Resources Subcommittee on Public Lands, Forests, and Mining. Hearings held.</text>
        <type>Committee</type>
      </item>
      <item>
        <actionDate>2015-02-12</actionDate>
        <committee>
          <name>Energy and Natural Resources Committee</name>
          <systemCode>sseg00</systemCode>
        </committee>
        <links />
        <sourceSystem>
          <name>Senate</name>
          <code>0</code>
        </sourceSystem>
        <text>Read twice and referred to the Committee on Energy and Natural Resources.</text>
        <type>IntroReferral</type>
      </item>
      <item>
        <actionDate>2015-02-12</actionDate>
        <actionCode>10000</actionCode>
        <sourceSystem>
          <name>Library of Congress</name>
          <code>9</code>
        </sourceSystem>
        <links />
        <committee />
        <text>Introduced in Senate</text>
        <type>IntroReferral</type>
      </item>
      <actionTypeCounts>
        <hearingsHeld>1</hearingsHeld>
        <referredToCommittee>1</referredToCommittee>
        <introducedInSenate>1</introducedInSenate>
      </actionTypeCounts>
    </actions>
    <summaries>
      <billSummaries>
        <item>
          <actionDate>2015-02-12</actionDate>
          <updateDate>2015-02-12T05:00:00Z</updateDate>
          <name>Introduced in Senate</name>
          <lastSummaryUpdateDate>2015-08-27T16:21:32Z</lastSummaryUpdateDate>
          <versionCode>00</versionCode>
          <actionDesc>Introduced in Senate</actionDesc>
          <text><![CDATA[<p><b>Douglas County Conservation Act of 2015</b></p> <p>Directs the Forest Service to convey approximately 67 acres of certain Forest Service land (Lake Tahoe-Nevada State Park) to the state of Nevada to be used for the conservation of wildlife or natural resources or for a public park. </p> <p>Directs the Department of Agriculture (USDA) to make publicly available a prospectus to solicit one or more concessionaires for the approximately 125 acres of land identified as the Round Hill Pines Resort and the approximately 448 acres of land identified as the Zephyr Shoals. </p> <p> Directs the Forest Service for National Forest System land and the Department of Interior for land managed by the Bureau of Land Management (BLM) to convey approximately 7,990 acres of specified federal land to Douglas County, Nevada, to be used for flood control or any other public purpose. Prohibits such land from being disposed of by the county. </p> <p>Directs the Forest Service or Interior, as appropriate, to conduct one or more sales of specified public lands in the county to qualified bidders, with the option for the state or county to obtain the land for public purposes before the land is offered for sale. Amends the Southern Nevada Public Land Management Act of 1998 to specify the disposition of funds from a sale. </p> <p>Transfers all interest of the United States in the approximately 1,016 acres of certain federal land which shall be held in trust for the Washoe Tribe of Nevada and California, and which shall become part of the Tribe's reservation. Prohibits the conduct of certain gaming on such land. <p> <p>Designates approximately 12,330 acres of specified federal land managed by the BLM, to be known as the Burbank Canyons Wilderness, as a component of the National Wilderness Preservation System. </p> <p>Releases the approximately 1,065 acres of public land in the Burbank Canyons Wilderness study area not designated as wilderness by this Act from further study for designation as wilderness. </p> <p>Authorizes USDA to transfer from the Forest Service to Douglas County, Nevada, certain lands or interests in Forest Service land which are unsuitable for Forest Service administration or necessary for a public purpose. </p>]]></text>
        </item>
      </billSummaries>
    </summaries>
    <laws />
    <createDate>2015-02-13T06:14:13Z</createDate>
    <titles>
      <item>
        <title>Douglas County Conservation Act of 2015</title>
        <chamberName />
        <chamberCode />
        <titleType>Short Titles as Introduced</titleType>
        <parentTitleType />
      </item>
      <item>
        <title>A bill to promote conservation, improve public land, and provide for sensible development in Douglas County, Nevada, and for other purposes.</title>
        <chamberName />
        <chamberCode />
        <titleType>Official Title as Introduced</titleType>
        <parentTitleType />
      </item>
      <item>
        <title>Douglas County Conservation Act of 2015</title>
        <chamberName />
        <chamberCode />
        <titleType>Display Title</titleType>
        <parentTitleType />
      </item>
    </titles>
    <cboCostEstimates />
    <recordedVotes />
    <billType>S</billType>
  </bill>
  <dublinCore xmlns:dc="http://purl.org/dc/elements/1.1/">
    <dc:format>text/xml</dc:format>
    <dc:language>EN</dc:language>
    <dc:rights>Pursuant to Title 17 Section 105 of the United States Code, this file is not subject to copyright protection and is in the public domain.</dc:rights>
    <dc:contributor>Congressional Research Service, Library of Congress</dc:contributor>
    <dc:description>This file contains bill summaries and statuses for federal legislation. A bill summary describes the most significant provisions of a piece of legislation and details the effects the legislative text may have on current law and federal programs. Bill summaries are authored by the Congressional Research Service (CRS) of the Library of Congress. As stated in Public Law 91-510 (2 USC 166 (d)(6)), one of the duties of CRS is "to prepare summaries and digests of bills and resolutions of a public general nature introduced in the Senate or House of Representatives". For more information, refer to the User Guide that accompanies this file.</dc:description>
  </dublinCore>
</billStatus>

