<?xml version="1.0" encoding="UTF-8"?>
<billStatus>
  <bill>
    <committeeReports />
    <originChamber>Senate</originChamber>
    <titles>
      <item>
        <chamberCode />
        <chamberName />
        <title>Tobacco Tax and Enforcement Reform Act</title>
        <parentTitleType />
        <titleType>Short Titles as Introduced</titleType>
      </item>
      <item>
        <chamberCode />
        <chamberName />
        <title>A bill to amend the Internal Revenue Code of 1986 to reform and enforce taxation of tobacco products.</title>
        <parentTitleType />
        <titleType>Official Title as Introduced</titleType>
      </item>
      <item>
        <chamberCode />
        <chamberName />
        <title>Tobacco Tax and Enforcement Reform Act</title>
        <parentTitleType />
        <titleType>Display Title</titleType>
      </item>
    </titles>
    <congress>114</congress>
    <recordedVotes />
    <latestAction>
      <links />
      <text>Read twice and referred to the Committee on Finance.</text>
      <actionDate>2015-04-29</actionDate>
    </latestAction>
    <laws />
    <title>Tobacco Tax and Enforcement Reform Act</title>
    <billType>S</billType>
    <introducedDate>2015-04-29</introducedDate>
    <updateDate>2016-11-02T23:26:29Z</updateDate>
    <calendarNumbers />
    <amendments />
    <cboCostEstimates />
    <policyArea>
      <name>Taxation</name>
    </policyArea>
    <createDate>2015-04-30T09:17:48Z</createDate>
    <notes />
    <committees>
      <billCommittees>
        <item>
          <activities>
            <item>
              <date>2015-04-29T17:59:31Z</date>
              <name>Referred to</name>
            </item>
          </activities>
          <chamber>Senate</chamber>
          <subcommittees />
          <systemCode>ssfi00</systemCode>
          <type>Standing</type>
          <name>Finance Committee</name>
        </item>
      </billCommittees>
    </committees>
    <cosponsors>
      <item>
        <state>IL</state>
        <bioguideId>D000563</bioguideId>
        <isOriginalCosponsor>True</isOriginalCosponsor>
        <fullName>Sen. Durbin, Richard [D-IL]</fullName>
        <lastName>DURBIN</lastName>
        <identifiers>
          <lisID>326</lisID>
          <gpoId>8326</gpoId>
          <bioguideId>D000563</bioguideId>
        </identifiers>
        <sponsorshipWithdrawnDate />
        <middleName>J.</middleName>
        <sponsorshipDate>2015-04-29</sponsorshipDate>
        <party>D</party>
        <firstName>RICHARD</firstName>
      </item>
      <item>
        <state>RI</state>
        <bioguideId>R000122</bioguideId>
        <isOriginalCosponsor>True</isOriginalCosponsor>
        <fullName>Sen. Reed, Jack [D-RI]</fullName>
        <lastName>REED</lastName>
        <identifiers>
          <lisID>949</lisID>
          <gpoId>8272</gpoId>
          <bioguideId>R000122</bioguideId>
        </identifiers>
        <sponsorshipWithdrawnDate />
        <middleName>F.</middleName>
        <sponsorshipDate>2015-04-29</sponsorshipDate>
        <party>D</party>
        <firstName>JOHN</firstName>
      </item>
      <item>
        <state>CA</state>
        <bioguideId>B000711</bioguideId>
        <isOriginalCosponsor>True</isOriginalCosponsor>
        <fullName>Sen. Boxer, Barbara [D-CA]</fullName>
        <lastName>BOXER</lastName>
        <identifiers>
          <lisID>116</lisID>
          <bioguideId>B000711</bioguideId>
          <gpoId>8306</gpoId>
        </identifiers>
        <sponsorshipWithdrawnDate />
        <middleName />
        <sponsorshipDate>2015-04-29</sponsorshipDate>
        <party>D</party>
        <firstName>BARBARA</firstName>
      </item>
    </cosponsors>
    <sponsors>
      <item>
        <state>CT</state>
        <byRequestType />
        <fullName>Sen. Blumenthal, Richard [D-CT]</fullName>
        <lastName>Blumenthal</lastName>
        <identifiers>
          <lisID>2076</lisID>
          <bioguideId>B001277</bioguideId>
          <gpoId>8332</gpoId>
        </identifiers>
        <middleName />
        <bioguideId>B001277</bioguideId>
        <party>D</party>
        <firstName>Richard</firstName>
      </item>
    </sponsors>
    <relatedBills>
      <item>
        <latestAction>
          <actionDate>2015-04-13</actionDate>
          <text>Referred to the House Committee on Ways and Means.</text>
        </latestAction>
        <type>HR</type>
        <congress>114</congress>
        <latestTitle>STOP Act</latestTitle>
        <number>1749</number>
        <relationshipDetails>
          <item>
            <identifiedBy>CRS</identifiedBy>
            <type>Related bill</type>
          </item>
        </relationshipDetails>
      </item>
      <item>
        <latestAction>
          <actionDate>2015-02-11</actionDate>
          <text>Read twice and referred to the Committee on Finance. (text of measure as introduced CR S927-928)</text>
        </latestAction>
        <type>S</type>
        <congress>114</congress>
        <latestTitle>Tobacco Tax Equity Act of 2015</latestTitle>
        <number>450</number>
        <relationshipDetails>
          <item>
            <identifiedBy>CRS</identifiedBy>
            <type>Related bill</type>
          </item>
        </relationshipDetails>
      </item>
    </relatedBills>
    <actions>
      <actionTypeCounts>
        <referredToCommittee>1</referredToCommittee>
        <introducedInSenate>1</introducedInSenate>
      </actionTypeCounts>
      <item>
        <actionDate>2015-04-29</actionDate>
        <committee>
          <name>Finance Committee</name>
          <systemCode>ssfi00</systemCode>
        </committee>
        <links />
        <sourceSystem>
          <code>0</code>
          <name>Senate</name>
        </sourceSystem>
        <text>Read twice and referred to the Committee on Finance.</text>
        <type>IntroReferral</type>
      </item>
      <item>
        <actionDate>2015-04-29</actionDate>
        <sourceSystem>
          <code>9</code>
          <name>Library of Congress</name>
        </sourceSystem>
        <text>Introduced in Senate</text>
        <type>IntroReferral</type>
        <links />
        <actionCode>10000</actionCode>
        <committee />
      </item>
      <actionByCounts>
        <senate>2</senate>
      </actionByCounts>
    </actions>
    <summaries>
      <billSummaries>
        <item>
          <actionDate>2015-04-29</actionDate>
          <updateDate>2015-04-29T04:00:00Z</updateDate>
          <name>Introduced in Senate</name>
          <lastSummaryUpdateDate>2015-06-04T20:12:21Z</lastSummaryUpdateDate>
          <versionCode>00</versionCode>
          <actionDesc>Introduced in Senate</actionDesc>
          <text><![CDATA[<p><strong>Tobacco Tax and Enforcement Reform Act </strong></p> <p> Amends the Internal Revenue Code, with respect to the taxation of tobacco products, to: </p> <ul> <li> increase or equalize excise taxes on small cigars, cigarettes, pipe tobacco, roll-your-own tobacco, large cigars, and smokeless tobacco;</li> <li>impose an excise tax on smokeless tobacco sold in discrete single-use units;</li> <li>tax smokeless tobacco and other tobacco products at a level equivalent to the tax rate for cigarettes on an estimated per use basis;</li> <li>provide for annual inflation adjustments after 2015 to excise tax rates on cigarettes and tobacco products; </li> <li> restrict the sale, lease, export or import, or delivery of tobacco production machines to persons lawfully engaged in: (1) the sale, lease, export or import, or delivery of such machines; (2) the manufacture or packaging of tobacco products or processed tobacco; or (3) the application of unique identification markings onto tobacco products or processed tobacco packages; </li> <li>define "tobacco production machine" as a machine used to manufacture or package tobacco products or processed tobacco or to apply unique identification markings or other tax-payment indicia to packages of tobacco products or processed tobacco; </li> <li>require manufacturers and importers of tobacco products to affix a unique identification marking to each package of tobacco products or processed tobacco prior to sale or distribution in the United States or prior to export; </li> <li>direct the Department of the Treasury to design a system of unique identification markings that does not interfere with state, local, or tribal tax stamps and markings;</li> <li>require manufacturers, sellers, or importers of tobacco production machines to apply for and obtain permits to manufacture or import tobacco products; </li> <li>establish new criminal offenses relating to the licensing and distribution of tobacco products or processed tobacco; </li> <li>increase the civil penalty for tobacco-related infractions from $1,000 to $10,000; and </li> <li>allow sharing of tax return information with government officials for the administration of laws relating to tobacco products and processed tobacco.</li> </ul> <p>Requires Treasury to coordinate with other federal agencies and officials to prevent and reduce tobacco tax evasion and contraband trafficking in tobacco products and processed tobacco and to enforce settlement agreements between tobacco companies and governmental entities.</p> <p>Amends the Tariff Act of 1930 to impose a civil penalty for the importation of tobacco products and cigarette papers and tubes by fraudulent means.</p> <p>Provides for the enforcement of this Act in Indian tribal areas.</p>]]></text>
        </item>
      </billSummaries>
    </summaries>
    <billNumber>1129</billNumber>
    <subjects>
      <billSubjects>
        <legislativeSubjects>
          <item>
            <name>Administrative law and regulatory procedures</name>
          </item>
          <item>
            <name>Business records</name>
          </item>
          <item>
            <name>Department of the Treasury</name>
          </item>
          <item>
            <name>Drug, alcohol, tobacco use</name>
          </item>
          <item>
            <name>Fraud offenses and financial crimes</name>
          </item>
          <item>
            <name>Indian lands and resources rights</name>
          </item>
          <item>
            <name>Inflation and prices</name>
          </item>
          <item>
            <name>Law enforcement administration and funding</name>
          </item>
          <item>
            <name>Licensing and registrations</name>
          </item>
          <item>
            <name>Manufacturing</name>
          </item>
          <item>
            <name>Retail and wholesale trades</name>
          </item>
          <item>
            <name>Sales and excise taxes</name>
          </item>
          <item>
            <name>Smuggling and trafficking</name>
          </item>
          <item>
            <name>Tax administration and collection, taxpayers</name>
          </item>
        </legislativeSubjects>
        <policyArea>
          <name>Taxation</name>
        </policyArea>
      </billSubjects>
    </subjects>
  </bill>
  <dublinCore xmlns:dc="http://purl.org/dc/elements/1.1/">
    <dc:format>text/xml</dc:format>
    <dc:language>EN</dc:language>
    <dc:rights>Pursuant to Title 17 Section 105 of the United States Code, this file is not subject to copyright protection and is in the public domain.</dc:rights>
    <dc:contributor>Congressional Research Service, Library of Congress</dc:contributor>
    <dc:description>This file contains bill summaries and statuses for federal legislation. A bill summary describes the most significant provisions of a piece of legislation and details the effects the legislative text may have on current law and federal programs. Bill summaries are authored by the Congressional Research Service (CRS) of the Library of Congress. As stated in Public Law 91-510 (2 USC 166 (d)(6)), one of the duties of CRS is "to prepare summaries and digests of bills and resolutions of a public general nature introduced in the Senate or House of Representatives". For more information, refer to the User Guide that accompanies this file.</dc:description>
  </dublinCore>
</billStatus>

