<?xml version="1.0" encoding="UTF-8"?>
<billStatus>
  <bill>
    <billType>S</billType>
    <laws />
    <recordedVotes />
    <actions>
      <item>
        <actionDate>2015-03-24</actionDate>
        <committee>
          <systemCode>ssev00</systemCode>
          <name>Environment and Public Works Committee</name>
        </committee>
        <links />
        <sourceSystem>
          <code>0</code>
          <name>Senate</name>
        </sourceSystem>
        <text>Read twice and referred to the Committee on Environment and Public Works.</text>
        <type>IntroReferral</type>
      </item>
      <item>
        <sourceSystem>
          <code>9</code>
          <name>Library of Congress</name>
        </sourceSystem>
        <actionDate>2015-03-24</actionDate>
        <links />
        <committee />
        <text>Introduced in Senate</text>
        <type>IntroReferral</type>
        <actionCode>10000</actionCode>
      </item>
      <actionTypeCounts>
        <introducedInSenate>1</introducedInSenate>
        <referredToCommittee>1</referredToCommittee>
      </actionTypeCounts>
      <actionByCounts>
        <senate>2</senate>
      </actionByCounts>
    </actions>
    <billNumber>848</billNumber>
    <policyArea>
      <name>Energy</name>
    </policyArea>
    <notes />
    <latestAction>
      <actionDate>2015-03-24</actionDate>
      <links />
      <text>Read twice and referred to the Committee on Environment and Public Works.</text>
    </latestAction>
    <relatedBills>
      <item>
        <latestAction>
          <actionDate>2015-03-27</actionDate>
          <text>Referred to the Subcommittee on Energy and Power.</text>
        </latestAction>
        <number>1558</number>
        <congress>114</congress>
        <type>HR</type>
        <latestTitle>Resolving Environmental and Grid Reliability Conflicts Act of 2015</latestTitle>
        <relationshipDetails>
          <item>
            <identifiedBy>CRS</identifiedBy>
            <type>Related bill</type>
          </item>
        </relationshipDetails>
      </item>
    </relatedBills>
    <committees>
      <billCommittees>
        <item>
          <systemCode>ssev00</systemCode>
          <name>Environment and Public Works Committee</name>
          <activities>
            <item>
              <name>Referred to</name>
              <date>2015-03-24T16:16:21Z</date>
            </item>
          </activities>
          <type>Standing</type>
          <chamber>Senate</chamber>
          <subcommittees />
        </item>
      </billCommittees>
    </committees>
    <cosponsors>
      <item>
        <identifiers>
          <lisID>1464</lisID>
          <gpoId>8313</gpoId>
          <bioguideId>B000575</bioguideId>
        </identifiers>
        <middleName />
        <fullName>Sen. Blunt, Roy [R-MO]</fullName>
        <isOriginalCosponsor>True</isOriginalCosponsor>
        <firstName>Roy</firstName>
        <sponsorshipWithdrawnDate />
        <state>MO</state>
        <bioguideId>B000575</bioguideId>
        <sponsorshipDate>2015-03-24</sponsorshipDate>
        <party>R</party>
        <lastName>Blunt</lastName>
      </item>
    </cosponsors>
    <committeeReports />
    <sponsors>
      <item>
        <fullName>Sen. McCaskill, Claire [D-MO]</fullName>
        <firstName>Claire</firstName>
        <lastName>McCaskill</lastName>
        <state>MO</state>
        <party>D</party>
        <bioguideId>M001170</bioguideId>
        <identifiers>
          <bioguideId>M001170</bioguideId>
          <gpoId>8252</gpoId>
          <lisID>1820</lisID>
        </identifiers>
        <middleName />
        <byRequestType />
      </item>
    </sponsors>
    <createDate>2015-03-25T08:45:43Z</createDate>
    <updateDate>2016-11-02T23:24:46Z</updateDate>
    <introducedDate>2015-03-24</introducedDate>
    <summaries>
      <billSummaries>
        <item>
          <versionCode>00</versionCode>
          <actionDate>2015-03-24</actionDate>
          <text><![CDATA[<p><b>Resolving Environmental and Grid Reliability Conflicts Act of 2015</b></p> <p>This bill amends the Federal Power Act with respect to orders by the Federal Energy Regulatory Commission (FERC) to generate, transmit, or sell electricity to prevent an emergency in energy reliability, where the order may result in a conflict with environmental law. FERC must ensure that the order: (1) requires generation, delivery, interchange, or transmission of electricity only during hours necessary to meet the emergency and serve the public interest; and (2) be consistent with applicable environmental law and minimize any adverse environmental impacts to the maximum extent practicable.</p> <p>Compliance with such an order shall not be considered a violation of conflicting federal, state, or local environmental laws.</p>  <p>Orders that may result in a conflict with environmental law must expire within 90 days and may be renewed or reissued for subsequent periods as necessary to meet the emergency and serve the public interest. </p> <p>During an emergency, a municipality engaged in the transmission or sale of electricity and not otherwise subject to FERC's jurisdiction may make temporary connections with public utilities subject to FERC's jurisdiction and construct temporary facilities for the transmission of electricity in interstate commerce as may be necessary or appropriate to meet the emergency.</p>]]></text>
          <lastSummaryUpdateDate>2016-04-22T22:35:32Z</lastSummaryUpdateDate>
          <actionDesc>Introduced in Senate</actionDesc>
          <name>Introduced in Senate</name>
          <updateDate>2015-03-24T04:00:00Z</updateDate>
        </item>
      </billSummaries>
    </summaries>
    <title>Resolving Environmental and Grid Reliability Conflicts Act of 2015</title>
    <cboCostEstimates />
    <subjects>
      <billSubjects>
        <legislativeSubjects>
          <item>
            <name>Administrative law and regulatory procedures</name>
          </item>
          <item>
            <name>Administrative remedies</name>
          </item>
          <item>
            <name>Civil actions and liability</name>
          </item>
          <item>
            <name>Electric power generation and transmission</name>
          </item>
          <item>
            <name>Emergency planning and evacuation</name>
          </item>
          <item>
            <name>Energy storage, supplies, demand</name>
          </item>
          <item>
            <name>Environmental assessment, monitoring, research</name>
          </item>
          <item>
            <name>Environmental regulatory procedures</name>
          </item>
          <item>
            <name>Federal Energy Regulatory Commission (FERC)</name>
          </item>
          <item>
            <name>Pollution liability</name>
          </item>
          <item>
            <name>Public utilities and utility rates</name>
          </item>
        </legislativeSubjects>
        <policyArea>
          <name>Energy</name>
        </policyArea>
      </billSubjects>
    </subjects>
    <amendments />
    <calendarNumbers />
    <congress>114</congress>
    <titles>
      <item>
        <title>Resolving Environmental and Grid Reliability Conflicts Act of 2015</title>
        <chamberName />
        <chamberCode />
        <titleType>Short Titles as Introduced</titleType>
        <parentTitleType />
      </item>
      <item>
        <title>A bill to clarify that compliance with an emergency order under the Federal Power Act may not be considered a violation of any Federal, State, or local environmental law or regulation, and for other purposes.</title>
        <chamberName />
        <chamberCode />
        <titleType>Official Title as Introduced</titleType>
        <parentTitleType />
      </item>
      <item>
        <title>Resolving Environmental and Grid Reliability Conflicts Act of 2015</title>
        <chamberName />
        <chamberCode />
        <titleType>Display Title</titleType>
        <parentTitleType />
      </item>
    </titles>
    <originChamber>Senate</originChamber>
  </bill>
  <dublinCore xmlns:dc="http://purl.org/dc/elements/1.1/">
    <dc:format>text/xml</dc:format>
    <dc:language>EN</dc:language>
    <dc:rights>Pursuant to Title 17 Section 105 of the United States Code, this file is not subject to copyright protection and is in the public domain.</dc:rights>
    <dc:contributor>Congressional Research Service, Library of Congress</dc:contributor>
    <dc:description>This file contains bill summaries and statuses for federal legislation. A bill summary describes the most significant provisions of a piece of legislation and details the effects the legislative text may have on current law and federal programs. Bill summaries are authored by the Congressional Research Service (CRS) of the Library of Congress. As stated in Public Law 91-510 (2 USC 166 (d)(6)), one of the duties of CRS is "to prepare summaries and digests of bills and resolutions of a public general nature introduced in the Senate or House of Representatives". For more information, refer to the User Guide that accompanies this file.</dc:description>
  </dublinCore>
</billStatus>

