<?xml version="1.0" encoding="UTF-8"?>
<billStatus>
  <bill>
    <latestAction>
      <text>Read twice and referred to the Committee on Health, Education, Labor, and Pensions.</text>
      <links />
      <actionDate>2015-04-30</actionDate>
    </latestAction>
    <policyArea>
      <name>Education</name>
    </policyArea>
    <amendments />
    <relatedBills>
      <item>
        <number>2186</number>
        <relationshipDetails>
          <item>
            <identifiedBy>CRS</identifiedBy>
            <type>Related bill</type>
          </item>
        </relationshipDetails>
        <congress>114</congress>
        <latestAction>
          <text>Referred to the Subcommittee on Early Childhood, Elementary, and Secondary Education.</text>
          <actionDate>2015-11-16</actionDate>
        </latestAction>
        <type>HR</type>
        <latestTitle>BUILD Career and Technical Education Act of 2015</latestTitle>
      </item>
    </relatedBills>
    <billNumber>1166</billNumber>
    <updateDate>2016-11-02T23:26:42Z</updateDate>
    <sponsors>
      <item>
        <fullName>Sen. Merkley, Jeff [D-OR]</fullName>
        <firstName>Jeff</firstName>
        <lastName>Merkley</lastName>
        <identifiers>
          <lisID>1900</lisID>
          <bioguideId>M001176</bioguideId>
          <gpoId>8238</gpoId>
        </identifiers>
        <state>OR</state>
        <middleName />
        <party>D</party>
        <byRequestType />
        <bioguideId>M001176</bioguideId>
      </item>
    </sponsors>
    <notes />
    <originChamber>Senate</originChamber>
    <subjects>
      <billSubjects>
        <legislativeSubjects>
          <item>
            <name>Education of the disadvantaged</name>
          </item>
          <item>
            <name>Education programs funding</name>
          </item>
          <item>
            <name>Elementary and secondary education</name>
          </item>
          <item>
            <name>Higher education</name>
          </item>
          <item>
            <name>Public-private cooperation</name>
          </item>
          <item>
            <name>Teaching, teachers, curricula</name>
          </item>
          <item>
            <name>Vocational and technical education</name>
          </item>
        </legislativeSubjects>
        <policyArea>
          <name>Education</name>
        </policyArea>
      </billSubjects>
    </subjects>
    <committees>
      <billCommittees>
        <item>
          <subcommittees />
          <chamber>Senate</chamber>
          <type>Standing</type>
          <name>Health, Education, Labor, and Pensions Committee</name>
          <systemCode>sshr00</systemCode>
          <activities>
            <item>
              <name>Referred to</name>
              <date>2015-04-30T20:26:27Z</date>
            </item>
          </activities>
        </item>
      </billCommittees>
    </committees>
    <cosponsors />
    <calendarNumbers />
    <committeeReports />
    <congress>114</congress>
    <title>BUILD Career and Technical Education Act of 2015</title>
    <introducedDate>2015-04-30</introducedDate>
    <actions>
      <actionTypeCounts>
        <referredToCommittee>1</referredToCommittee>
        <introducedInSenate>1</introducedInSenate>
      </actionTypeCounts>
      <item>
        <actionDate>2015-04-30</actionDate>
        <committee>
          <name>Health, Education, Labor, and Pensions Committee</name>
          <systemCode>sshr00</systemCode>
        </committee>
        <links />
        <sourceSystem>
          <code>0</code>
          <name>Senate</name>
        </sourceSystem>
        <text>Read twice and referred to the Committee on Health, Education, Labor, and Pensions.</text>
        <type>IntroReferral</type>
      </item>
      <item>
        <actionDate>2015-04-30</actionDate>
        <sourceSystem>
          <code>9</code>
          <name>Library of Congress</name>
        </sourceSystem>
        <text>Introduced in Senate</text>
        <type>IntroReferral</type>
        <links />
        <actionCode>10000</actionCode>
        <committee />
      </item>
      <actionByCounts>
        <senate>2</senate>
      </actionByCounts>
    </actions>
    <summaries>
      <billSummaries>
        <item>
          <updateDate>2015-04-30T04:00:00Z</updateDate>
          <versionCode>00</versionCode>
          <text><![CDATA[<p><b>Building Understanding, Investment, Learning, and Direction Career and Technical Education Act of 2015 or the BUILD Career and Technical Education Act of 2015</b></p> <p>This bill directs the Department of Education to award competitive two-year grants to local educational agencies to support career and technical education exploration programs that provide middle and high school students with experiential learning opportunities that are connected to their education and career pathways.</p> <p>Grant funds must be used for: (1) leasing, purchasing, upgrading, or adapting equipment related to program activities; (2) staff expenses in coordinating or implementing program activities; (3) consultation services that are directly aligned to program goals; (4) professional development programs that are aligned to program goals; (5) minor remodeling to accommodate program equipment; and/or (6) program evaluation.</p> <p>The bill requires each grantee to develop a plan to evaluate specified outcomes.</p>]]></text>
          <lastSummaryUpdateDate>2015-06-19T16:21:23Z</lastSummaryUpdateDate>
          <actionDate>2015-04-30</actionDate>
          <actionDesc>Introduced in Senate</actionDesc>
          <name>Introduced in Senate</name>
        </item>
      </billSummaries>
    </summaries>
    <laws />
    <createDate>2015-05-01T09:12:59Z</createDate>
    <titles>
      <item>
        <chamberCode />
        <title>BUILD Career and Technical Education Act of 2015</title>
        <chamberName />
        <titleType>Short Titles as Introduced</titleType>
        <parentTitleType />
      </item>
      <item>
        <chamberCode />
        <title>Building Understanding, Investment, Learning, and Direction Career and Technical Education Act of 2015</title>
        <chamberName />
        <titleType>Short Titles as Introduced</titleType>
        <parentTitleType />
      </item>
      <item>
        <chamberCode />
        <title>A bill to establish a pilot grant program to support career and technical education exploration programs in middle schools and high schools.</title>
        <chamberName />
        <titleType>Official Title as Introduced</titleType>
        <parentTitleType />
      </item>
      <item>
        <chamberCode />
        <title>BUILD Career and Technical Education Act of 2015</title>
        <chamberName />
        <titleType>Display Title</titleType>
        <parentTitleType />
      </item>
    </titles>
    <cboCostEstimates />
    <recordedVotes />
    <billType>S</billType>
  </bill>
  <dublinCore xmlns:dc="http://purl.org/dc/elements/1.1/">
    <dc:format>text/xml</dc:format>
    <dc:language>EN</dc:language>
    <dc:rights>Pursuant to Title 17 Section 105 of the United States Code, this file is not subject to copyright protection and is in the public domain.</dc:rights>
    <dc:contributor>Congressional Research Service, Library of Congress</dc:contributor>
    <dc:description>This file contains bill summaries and statuses for federal legislation. A bill summary describes the most significant provisions of a piece of legislation and details the effects the legislative text may have on current law and federal programs. Bill summaries are authored by the Congressional Research Service (CRS) of the Library of Congress. As stated in Public Law 91-510 (2 USC 166 (d)(6)), one of the duties of CRS is "to prepare summaries and digests of bills and resolutions of a public general nature introduced in the Senate or House of Representatives". For more information, refer to the User Guide that accompanies this file.</dc:description>
  </dublinCore>
</billStatus>

