<?xml version="1.0" encoding="UTF-8"?>
<billStatus>
  <bill>
    <title>A bill to amend the Internal Revenue Code of 1986 to provide an above-the-line deduction for child care expenses, and for other purposes.</title>
    <updateDate>2016-11-02T23:18:40Z</updateDate>
    <relatedBills>
      <item>
        <latestTitle>Working Parent Support Act of 2015</latestTitle>
        <type>HR</type>
        <relationshipDetails>
          <item>
            <type>Related bill</type>
            <identifiedBy>CRS</identifiedBy>
          </item>
        </relationshipDetails>
        <number>964</number>
        <congress>114</congress>
        <latestAction>
          <text>Referred to the House Committee on Ways and Means.</text>
          <actionDate>2015-02-13</actionDate>
        </latestAction>
      </item>
    </relatedBills>
    <introducedDate>2015-01-16</introducedDate>
    <originChamber>Senate</originChamber>
    <cboCostEstimates />
    <policyArea>
      <name>Taxation</name>
    </policyArea>
    <congress>114</congress>
    <billNumber>180</billNumber>
    <billType>S</billType>
    <amendments />
    <recordedVotes />
    <committees>
      <billCommittees>
        <item>
          <systemCode>ssfi00</systemCode>
          <name>Finance Committee</name>
          <activities>
            <item>
              <name>Referred to</name>
              <date>2015-01-16T15:40:47Z</date>
            </item>
          </activities>
          <type>Standing</type>
          <chamber>Senate</chamber>
          <subcommittees />
        </item>
      </billCommittees>
    </committees>
    <laws />
    <subjects>
      <billSubjects>
        <policyArea>
          <name>Taxation</name>
        </policyArea>
        <legislativeSubjects>
          <item>
            <name>Child care and development</name>
          </item>
          <item>
            <name>Income tax deductions</name>
          </item>
          <item>
            <name>Tax treatment of families</name>
          </item>
        </legislativeSubjects>
      </billSubjects>
    </subjects>
    <notes />
    <committeeReports />
    <actions>
      <actionTypeCounts>
        <referredToCommittee>1</referredToCommittee>
        <introducedInSenate>1</introducedInSenate>
      </actionTypeCounts>
      <item>
        <actionDate>2015-01-16</actionDate>
        <committee>
          <name>Finance Committee</name>
          <systemCode>ssfi00</systemCode>
        </committee>
        <links />
        <sourceSystem>
          <code>0</code>
          <name>Senate</name>
        </sourceSystem>
        <text>Read twice and referred to the Committee on Finance.</text>
        <type>IntroReferral</type>
      </item>
      <item>
        <actionDate>2015-01-16</actionDate>
        <sourceSystem>
          <code>9</code>
          <name>Library of Congress</name>
        </sourceSystem>
        <text>Introduced in Senate</text>
        <type>IntroReferral</type>
        <links />
        <actionCode>10000</actionCode>
        <committee />
      </item>
      <actionByCounts>
        <senate>2</senate>
      </actionByCounts>
    </actions>
    <calendarNumbers />
    <latestAction>
      <links />
      <actionDate>2015-01-16</actionDate>
      <text>Read twice and referred to the Committee on Finance.</text>
    </latestAction>
    <titles>
      <item>
        <parentTitleType />
        <chamberCode />
        <chamberName />
        <title>A bill to amend the Internal Revenue Code of 1986 to provide an above-the-line deduction for child care expenses, and for other purposes.</title>
        <titleType>Official Title as Introduced</titleType>
      </item>
      <item>
        <parentTitleType />
        <chamberCode />
        <chamberName />
        <title>A bill to amend the Internal Revenue Code of 1986 to provide an above-the-line deduction for child care expenses, and for other purposes.</title>
        <titleType>Display Title</titleType>
      </item>
    </titles>
    <summaries>
      <billSummaries>
        <item>
          <actionDate>2015-01-16</actionDate>
          <updateDate>2015-01-16T05:00:00Z</updateDate>
          <name>Introduced in Senate</name>
          <lastSummaryUpdateDate>2015-02-07T16:40:38Z</lastSummaryUpdateDate>
          <versionCode>00</versionCode>
          <actionDesc>Introduced in Senate</actionDesc>
          <text><![CDATA[<p>Amends the Internal Revenue Code to allow taxpayers who do not otherwise itemize their tax deductions&nbsp;a&nbsp;deduction from gross income&nbsp;(above-the-line deduction)&nbsp;for their&nbsp;employment-related expenses incurred in caring for a child under the age of 13 or a child who is physicaly or mentaly incapable of self care (qualifying child). Limits the dollar amount of such deduction in a taxable year&nbsp;to $7,000 for taxpayers with one qualifying child or $14,000 for taxpayers with two or more qualifying children. Allows an annual inflation adjustment to such amounts for taxable years beginning after 2015. </p>]]></text>
        </item>
      </billSummaries>
    </summaries>
    <createDate>2015-01-17T04:46:25Z</createDate>
    <sponsors>
      <item>
        <state>NY</state>
        <fullName>Sen. Gillibrand, Kirsten E. [D-NY]</fullName>
        <middleName>E.</middleName>
        <identifiers>
          <lisID>1866</lisID>
          <gpoId>8336</gpoId>
          <bioguideId>G000555</bioguideId>
        </identifiers>
        <firstName>Kirsten</firstName>
        <lastName>Gillibrand</lastName>
        <bioguideId>G000555</bioguideId>
        <byRequestType />
        <party>D</party>
      </item>
    </sponsors>
    <cosponsors>
      <item>
        <fullName>Sen. Paul, Rand [R-KY]</fullName>
        <lastName>Paul</lastName>
        <bioguideId>P000603</bioguideId>
        <isOriginalCosponsor>True</isOriginalCosponsor>
        <state>KY</state>
        <middleName />
        <firstName>Rand</firstName>
        <party>R</party>
        <identifiers>
          <bioguideId>P000603</bioguideId>
          <gpoId>8308</gpoId>
          <lisID>2082</lisID>
        </identifiers>
        <sponsorshipDate>2015-01-16</sponsorshipDate>
        <sponsorshipWithdrawnDate />
      </item>
    </cosponsors>
  </bill>
  <dublinCore xmlns:dc="http://purl.org/dc/elements/1.1/">
    <dc:format>text/xml</dc:format>
    <dc:language>EN</dc:language>
    <dc:rights>Pursuant to Title 17 Section 105 of the United States Code, this file is not subject to copyright protection and is in the public domain.</dc:rights>
    <dc:contributor>Congressional Research Service, Library of Congress</dc:contributor>
    <dc:description>This file contains bill summaries and statuses for federal legislation. A bill summary describes the most significant provisions of a piece of legislation and details the effects the legislative text may have on current law and federal programs. Bill summaries are authored by the Congressional Research Service (CRS) of the Library of Congress. As stated in Public Law 91-510 (2 USC 166 (d)(6)), one of the duties of CRS is "to prepare summaries and digests of bills and resolutions of a public general nature introduced in the Senate or House of Representatives". For more information, refer to the User Guide that accompanies this file.</dc:description>
  </dublinCore>
</billStatus>

