<?xml version="1.0" encoding="UTF-8"?>
<billStatus>
  <bill>
    <updateDate>2016-12-21T17:32:57Z</updateDate>
    <summaries>
      <billSummaries>
        <item>
          <lastSummaryUpdateDate>2015-01-21T17:51:20Z</lastSummaryUpdateDate>
          <name>Introduced in Senate</name>
          <actionDate>2015-01-07</actionDate>
          <versionCode>00</versionCode>
          <actionDesc>Introduced in Senate</actionDesc>
          <text><![CDATA[<p><b>Enumerated Powers Act</b></p> <p> Requires each Act of Congress, bill, resolution, conference report, or amendment to contain a concise explanation of the specific constitutional authority relied upon as the basis for enacting each portion of the measure.</p> <p>Permits a statement of constitutionality, to the extent that a measure limits or abolishes any federal activity, spending, or power overall, to cite the 9th or the 10th Amendment to the U.S. Constitution.</p> <p>Declares that invoking one or more specified parts of the following clauses in a statement of constitutionality is not sufficient to satisfy the requirements of this Act: (1) the enumerated spending clause; (2) the necessary and proper clause; or (3) the commerce clause for any purpose other than the regulation of the buying and selling of goods or services, or their transportation, across boundaries with foreign nations, across state lines, or with the Indian tribes.</p> <p>Declares that failure to comply with this requirement shall give rise to a point of order in either chamber.</p>]]></text>
          <updateDate>2015-01-07T05:00:00Z</updateDate>
        </item>
      </billSummaries>
    </summaries>
    <billNumber>109</billNumber>
    <cosponsors />
    <committeeReports />
    <calendarNumbers />
    <actions>
      <item>
        <actionDate>2015-01-07</actionDate>
        <committee>
          <name>Rules and Administration Committee</name>
          <systemCode>ssra00</systemCode>
        </committee>
        <links />
        <sourceSystem>
          <code>0</code>
          <name>Senate</name>
        </sourceSystem>
        <text>Read twice and referred to the Committee on Rules and Administration.</text>
        <type>IntroReferral</type>
      </item>
      <item>
        <text>Introduced in Senate</text>
        <type>IntroReferral</type>
        <actionCode>10000</actionCode>
        <committee />
        <actionDate>2015-01-07</actionDate>
        <sourceSystem>
          <code>9</code>
          <name>Library of Congress</name>
        </sourceSystem>
        <links />
      </item>
      <actionByCounts>
        <senate>2</senate>
      </actionByCounts>
      <actionTypeCounts>
        <referredToCommittee>1</referredToCommittee>
        <introducedInSenate>1</introducedInSenate>
      </actionTypeCounts>
    </actions>
    <sponsors>
      <item>
        <middleName />
        <byRequestType />
        <lastName>Heller</lastName>
        <identifiers>
          <gpoId>8060</gpoId>
          <lisID>1863</lisID>
          <bioguideId>H001041</bioguideId>
        </identifiers>
        <state>NV</state>
        <fullName>Sen. Heller, Dean [R-NV]</fullName>
        <firstName>Dean</firstName>
        <party>R</party>
        <bioguideId>H001041</bioguideId>
      </item>
    </sponsors>
    <cboCostEstimates />
    <policyArea>
      <name>Congress</name>
    </policyArea>
    <subjects>
      <billSubjects>
        <legislativeSubjects>
          <item>
            <name>Constitution and constitutional amendments</name>
          </item>
          <item>
            <name>Legislative rules and procedure</name>
          </item>
        </legislativeSubjects>
        <policyArea>
          <name>Congress</name>
        </policyArea>
      </billSubjects>
    </subjects>
    <amendments />
    <titles>
      <item>
        <parentTitleType />
        <titleType>Short Titles as Introduced</titleType>
        <chamberCode />
        <chamberName />
        <title>Enumerated Powers Act</title>
      </item>
      <item>
        <parentTitleType />
        <titleType>Official Title as Introduced</titleType>
        <chamberCode />
        <chamberName />
        <title>A bill to prohibit the consideration of any bill by Congress unless the authority provided by the Constitution of the United States for the legislation can be determined and is clearly specified.</title>
      </item>
      <item>
        <parentTitleType />
        <titleType>Display Title</titleType>
        <chamberCode />
        <chamberName />
        <title>Enumerated Powers Act</title>
      </item>
    </titles>
    <committees>
      <billCommittees>
        <item>
          <type>Standing</type>
          <activities>
            <item>
              <date>2015-01-07T22:36:03Z</date>
              <name>Referred to</name>
            </item>
          </activities>
          <chamber>Senate</chamber>
          <systemCode>ssra00</systemCode>
          <subcommittees />
          <name>Rules and Administration Committee</name>
        </item>
      </billCommittees>
    </committees>
    <notes />
    <latestAction>
      <links />
      <actionDate>2015-01-07</actionDate>
      <text>Read twice and referred to the Committee on Rules and Administration.</text>
    </latestAction>
    <laws />
    <introducedDate>2015-01-07</introducedDate>
    <billType>S</billType>
    <title>Enumerated Powers Act</title>
    <recordedVotes />
    <relatedBills />
    <originChamber>Senate</originChamber>
    <createDate>2015-01-08T02:24:27Z</createDate>
    <congress>114</congress>
  </bill>
  <dublinCore xmlns:dc="http://purl.org/dc/elements/1.1/">
    <dc:format>text/xml</dc:format>
    <dc:language>EN</dc:language>
    <dc:rights>Pursuant to Title 17 Section 105 of the United States Code, this file is not subject to copyright protection and is in the public domain.</dc:rights>
    <dc:contributor>Congressional Research Service, Library of Congress</dc:contributor>
    <dc:description>This file contains bill summaries and statuses for federal legislation. A bill summary describes the most significant provisions of a piece of legislation and details the effects the legislative text may have on current law and federal programs. Bill summaries are authored by the Congressional Research Service (CRS) of the Library of Congress. As stated in Public Law 91-510 (2 USC 166 (d)(6)), one of the duties of CRS is "to prepare summaries and digests of bills and resolutions of a public general nature introduced in the Senate or House of Representatives". For more information, refer to the User Guide that accompanies this file.</dc:description>
  </dublinCore>
</billStatus>

