<?xml version="1.0" encoding="UTF-8"?>
<billStatus>
  <bill>
    <cboCostEstimates />
    <policyArea>
      <name>Taxation</name>
    </policyArea>
    <notes />
    <committeeReports />
    <titles>
      <item>
        <title>Military Reserve Small Business Jobs Act of 2015</title>
        <chamberCode />
        <chamberName />
        <titleType>Short Titles as Introduced</titleType>
        <parentTitleType />
      </item>
      <item>
        <title>A bill to amend the Internal Revenue Code of 1986 to extend the employer wage credit for activated military reservists.</title>
        <chamberCode />
        <chamberName />
        <titleType>Official Title as Introduced</titleType>
        <parentTitleType />
      </item>
      <item>
        <title>Military Reserve Small Business Jobs Act of 2015</title>
        <chamberCode />
        <chamberName />
        <titleType>Display Title</titleType>
        <parentTitleType />
      </item>
    </titles>
    <summaries>
      <billSummaries>
        <item>
          <updateDate>2015-03-03T05:00:00Z</updateDate>
          <versionCode>00</versionCode>
          <lastSummaryUpdateDate>2015-04-08T19:00:24Z</lastSummaryUpdateDate>
          <name>Introduced in Senate</name>
          <actionDate>2015-03-03</actionDate>
          <actionDesc>Introduced in Senate</actionDesc>
          <text><![CDATA[<p><strong>Military Reserve Small Business Jobs Act of 2015</strong></p> <p> Amends the Internal Revenue Code to extend through 2019 the tax credit for differential wage payments made by a small business employer on behalf of employees who are active duty members of the uniformed services. </p>]]></text>
        </item>
      </billSummaries>
    </summaries>
    <createDate>2015-03-04T04:46:21Z</createDate>
    <recordedVotes />
    <billNumber>641</billNumber>
    <introducedDate>2015-03-03</introducedDate>
    <relatedBills />
    <updateDate>2016-11-02T23:22:35Z</updateDate>
    <committees>
      <billCommittees>
        <item>
          <subcommittees />
          <type>Standing</type>
          <activities>
            <item>
              <name>Referred to</name>
              <date>2015-03-03T22:06:08Z</date>
            </item>
          </activities>
          <systemCode>ssfi00</systemCode>
          <name>Finance Committee</name>
          <chamber>Senate</chamber>
        </item>
      </billCommittees>
    </committees>
    <congress>114</congress>
    <laws />
    <title>Military Reserve Small Business Jobs Act of 2015</title>
    <calendarNumbers />
    <sponsors>
      <item>
        <identifiers>
          <bioguideId>P000595</bioguideId>
          <lisID>1929</lisID>
          <gpoId>7994</gpoId>
        </identifiers>
        <byRequestType />
        <fullName>Sen. Peters, Gary C. [D-MI]</fullName>
        <firstName>Gary</firstName>
        <state>MI</state>
        <bioguideId>P000595</bioguideId>
        <middleName>C.</middleName>
        <party>D</party>
        <lastName>Peters</lastName>
      </item>
    </sponsors>
    <actions>
      <actionByCounts>
        <senate>2</senate>
      </actionByCounts>
      <item>
        <actionDate>2015-03-03</actionDate>
        <committee>
          <name>Finance Committee</name>
          <systemCode>ssfi00</systemCode>
        </committee>
        <links />
        <sourceSystem>
          <name>Senate</name>
          <code>0</code>
        </sourceSystem>
        <text>Read twice and referred to the Committee on Finance.</text>
        <type>IntroReferral</type>
      </item>
      <item>
        <actionCode>10000</actionCode>
        <links />
        <type>IntroReferral</type>
        <actionDate>2015-03-03</actionDate>
        <committee />
        <text>Introduced in Senate</text>
        <sourceSystem>
          <name>Library of Congress</name>
          <code>9</code>
        </sourceSystem>
      </item>
      <actionTypeCounts>
        <introducedInSenate>1</introducedInSenate>
        <referredToCommittee>1</referredToCommittee>
      </actionTypeCounts>
    </actions>
    <amendments />
    <originChamber>Senate</originChamber>
    <latestAction>
      <text>Read twice and referred to the Committee on Finance.</text>
      <actionDate>2015-03-03</actionDate>
      <links />
    </latestAction>
    <subjects>
      <billSubjects>
        <legislativeSubjects>
          <item>
            <name>Income tax credits</name>
          </item>
          <item>
            <name>Military personnel and dependents</name>
          </item>
          <item>
            <name>Small business</name>
          </item>
          <item>
            <name>Wages and earnings</name>
          </item>
        </legislativeSubjects>
        <policyArea>
          <name>Taxation</name>
        </policyArea>
      </billSubjects>
    </subjects>
    <cosponsors>
      <item>
        <fullName>Sen. Ernst, Joni  [R-IA]</fullName>
        <firstName>Joni</firstName>
        <state>IA</state>
        <lastName>Ernst</lastName>
        <isOriginalCosponsor>True</isOriginalCosponsor>
        <identifiers>
          <lisID>2283</lisID>
          <bioguideId>E000295</bioguideId>
          <gpoId />
        </identifiers>
        <middleName />
        <sponsorshipWithdrawnDate />
        <party>R</party>
        <sponsorshipDate>2015-03-03</sponsorshipDate>
        <bioguideId>E000295</bioguideId>
      </item>
    </cosponsors>
    <billType>S</billType>
  </bill>
  <dublinCore xmlns:dc="http://purl.org/dc/elements/1.1/">
    <dc:format>text/xml</dc:format>
    <dc:language>EN</dc:language>
    <dc:rights>Pursuant to Title 17 Section 105 of the United States Code, this file is not subject to copyright protection and is in the public domain.</dc:rights>
    <dc:contributor>Congressional Research Service, Library of Congress</dc:contributor>
    <dc:description>This file contains bill summaries and statuses for federal legislation. A bill summary describes the most significant provisions of a piece of legislation and details the effects the legislative text may have on current law and federal programs. Bill summaries are authored by the Congressional Research Service (CRS) of the Library of Congress. As stated in Public Law 91-510 (2 USC 166 (d)(6)), one of the duties of CRS is "to prepare summaries and digests of bills and resolutions of a public general nature introduced in the Senate or House of Representatives". For more information, refer to the User Guide that accompanies this file.</dc:description>
  </dublinCore>
</billStatus>

