<?xml version="1.0" encoding="UTF-8"?>
<billStatus>
  <bill>
    <title>Tsunami Warning, Education, and Research Act of 2015</title>
    <createDate>2015-02-24T05:43:30Z</createDate>
    <committees>
      <billCommittees>
        <item>
          <subcommittees />
          <activities>
            <item>
              <name>Referred to</name>
              <date>2015-02-23T22:59:28Z</date>
            </item>
          </activities>
          <name>Commerce, Science, and Transportation Committee</name>
          <type>Standing</type>
          <systemCode>sscm00</systemCode>
          <chamber>Senate</chamber>
        </item>
      </billCommittees>
    </committees>
    <sponsors>
      <item>
        <lastName>CANTWELL</lastName>
        <state>WA</state>
        <fullName>Sen. Cantwell, Maria [D-WA]</fullName>
        <middleName />
        <bioguideId>C000127</bioguideId>
        <party>D</party>
        <byRequestType />
        <firstName>MARIA</firstName>
        <identifiers>
          <bioguideId>C000127</bioguideId>
          <gpoId>8288</gpoId>
          <lisID>172</lisID>
        </identifiers>
      </item>
    </sponsors>
    <updateDate>2016-12-05T17:31:17Z</updateDate>
    <calendarNumbers />
    <billNumber>533</billNumber>
    <latestAction>
      <links />
      <actionDate>2015-02-23</actionDate>
      <text>Read twice and referred to the Committee on Commerce, Science, and Transportation.</text>
    </latestAction>
    <notes />
    <actions>
      <item>
        <actionDate>2015-02-23</actionDate>
        <committee>
          <systemCode>sscm00</systemCode>
          <name>Commerce, Science, and Transportation Committee</name>
        </committee>
        <links />
        <sourceSystem>
          <code>0</code>
          <name>Senate</name>
        </sourceSystem>
        <text>Read twice and referred to the Committee on Commerce, Science, and Transportation.</text>
        <type>IntroReferral</type>
      </item>
      <item>
        <committee />
        <links />
        <actionCode>10000</actionCode>
        <text>Introduced in Senate</text>
        <actionDate>2015-02-23</actionDate>
        <sourceSystem>
          <code>9</code>
          <name>Library of Congress</name>
        </sourceSystem>
        <type>IntroReferral</type>
      </item>
      <actionByCounts>
        <senate>2</senate>
      </actionByCounts>
      <actionTypeCounts>
        <referredToCommittee>1</referredToCommittee>
        <introducedInSenate>1</introducedInSenate>
      </actionTypeCounts>
    </actions>
    <originChamber>Senate</originChamber>
    <relatedBills>
      <item>
        <latestTitle>21st Century Cures Act</latestTitle>
        <relationshipDetails>
          <item>
            <identifiedBy>CRS</identifiedBy>
            <type>Related bill</type>
          </item>
        </relationshipDetails>
        <latestAction>
          <actionDate>2016-12-01</actionDate>
          <text>Motion by Senator McConnell to refer to Senate Committee on Health, Education, Labor, and Pensions the House message to accompany H.R. 34 with instructions to report back forthwith with the following amendment (SA 5119) made in Senate. (consideration: S6646)</text>
        </latestAction>
        <congress>114</congress>
        <number>34</number>
        <type>HR</type>
      </item>
      <item>
        <latestTitle>Weather Research and Forecasting Innovation Act of 2016</latestTitle>
        <relationshipDetails>
          <item>
            <identifiedBy>CRS</identifiedBy>
            <type>Related bill</type>
          </item>
        </relationshipDetails>
        <latestAction>
          <actionDate>2016-12-02</actionDate>
          <text>Message on Senate action sent to the House.</text>
        </latestAction>
        <congress>114</congress>
        <number>1561</number>
        <type>HR</type>
      </item>
    </relatedBills>
    <cosponsors>
      <item>
        <party>R</party>
        <isOriginalCosponsor>True</isOriginalCosponsor>
        <firstName>Dan</firstName>
        <middleName />
        <sponsorshipDate>2015-02-23</sponsorshipDate>
        <lastName>Sullivan</lastName>
        <sponsorshipWithdrawnDate />
        <bioguideId>S001198</bioguideId>
        <fullName>Sen. Sullivan, Dan  [R-AK]</fullName>
        <state>AK</state>
        <identifiers>
          <lisID>2290</lisID>
          <bioguideId>S001198</bioguideId>
          <gpoId />
        </identifiers>
      </item>
      <item>
        <party>D</party>
        <isOriginalCosponsor>True</isOriginalCosponsor>
        <firstName>Brian</firstName>
        <middleName />
        <sponsorshipDate>2015-02-23</sponsorshipDate>
        <lastName>Schatz</lastName>
        <sponsorshipWithdrawnDate />
        <bioguideId>S001194</bioguideId>
        <fullName>Sen. Schatz, Brian [D-HI]</fullName>
        <state>HI</state>
        <identifiers>
          <gpoId />
          <lisID>2173</lisID>
          <bioguideId>S001194</bioguideId>
        </identifiers>
      </item>
    </cosponsors>
    <billType>S</billType>
    <amendments />
    <introducedDate>2015-02-23</introducedDate>
    <policyArea>
      <name>Science, Technology, Communications</name>
    </policyArea>
    <titles>
      <item>
        <titleType>Short Titles as Introduced</titleType>
        <chamberCode />
        <title>Tsunami Warning, Education, and Research Act of 2015</title>
        <parentTitleType />
        <chamberName />
      </item>
      <item>
        <titleType>Official Title as Introduced</titleType>
        <chamberCode />
        <title>A bill to authorize and strengthen the tsunami detection, forecast, warning, research, and mitigation program of the National Oceanic and Atmospheric Administration, and for other purposes.</title>
        <parentTitleType />
        <chamberName />
      </item>
      <item>
        <titleType>Display Title</titleType>
        <chamberCode />
        <title>Tsunami Warning, Education, and Research Act of 2015</title>
        <parentTitleType />
        <chamberName />
      </item>
    </titles>
    <cboCostEstimates />
    <subjects>
      <billSubjects>
        <policyArea>
          <name>Science, Technology, Communications</name>
        </policyArea>
        <legislativeSubjects>
          <item>
            <name>Advisory bodies</name>
          </item>
          <item>
            <name>Alaska</name>
          </item>
          <item>
            <name>Atlantic Ocean</name>
          </item>
          <item>
            <name>Atmospheric science and weather</name>
          </item>
          <item>
            <name>California</name>
          </item>
          <item>
            <name>Caribbean Sea</name>
          </item>
          <item>
            <name>Computers and information technology</name>
          </item>
          <item>
            <name>Congressional oversight</name>
          </item>
          <item>
            <name>Emergency planning and evacuation</name>
          </item>
          <item>
            <name>Floods and storm protection</name>
          </item>
          <item>
            <name>Government studies and investigations</name>
          </item>
          <item>
            <name>Gulf of Mexico</name>
          </item>
          <item>
            <name>Hawaii</name>
          </item>
          <item>
            <name>Idaho</name>
          </item>
          <item>
            <name>International organizations and cooperation</name>
          </item>
          <item>
            <name>Marine and coastal resources, fisheries</name>
          </item>
          <item>
            <name>Natural disasters</name>
          </item>
          <item>
            <name>Navigation, waterways, harbors</name>
          </item>
          <item>
            <name>Oregon</name>
          </item>
          <item>
            <name>Pacific Ocean</name>
          </item>
          <item>
            <name>Research administration and funding</name>
          </item>
          <item>
            <name>Technology transfer and commercialization</name>
          </item>
          <item>
            <name>Washington State</name>
          </item>
        </legislativeSubjects>
      </billSubjects>
    </subjects>
    <laws />
    <congress>114</congress>
    <summaries>
      <billSummaries>
        <item>
          <actionDesc>Introduced in Senate</actionDesc>
          <actionDate>2015-02-23</actionDate>
          <text><![CDATA[<p><b>Tsunami Warning, Education, and Research Act of 2015</b> </p> <p> This bill revises and reauthorizes through FY2021 the Tsunami Warning and Education Act.</p> <p>The tsunami warning systems for the Pacific and Arctic Oceans and for the Atlantic Ocean are consolidated into a single warning system. The system must support international tsunami forecasting and warning efforts. <p>The National Oceanic and Atmospheric Administration (NOAA) must support or maintain tsunami warning centers to support the national warning system and develop uniform operational procedures for the centers. Warning centers are given additional responsibilities, including maintaining a fail-safe warning capability and an ability to perform back-up duties for each other.</p>  <p>The tsunami hazard mitigation program must provide for: (1) technical and financial assistance; (2) activities to support the development of regional hazard and risk assessments; (3) activities to promote preparedness in at-risk ports and harbors; and (4) dissemination of guidelines and standards for community planning, education, and training products, programs, and tools.</p> <p>The tsunami research program must develop the technical basis for validation of tsunami maps, models, and forecasts. </p> <p>NOAA no longer has to operate an International Tsunami Information Center to improve tsunami preparedness for Pacific Ocean nations. </p> <p>NOAA must: (1) designate an existing working group to serve as the Tsunami Science and Technology Advisory Panel to provide advice on matters regarding tsunami science, technology, and regional preparedness; (2) maintain a coordinating committee to assist in the national tsunami hazard mitigation program; and (3) develop formal outreach activities to improve tsunami education and awareness and foster the development of resilient communities.</p>]]></text>
          <versionCode>00</versionCode>
          <lastSummaryUpdateDate>2016-07-14T16:03:56Z</lastSummaryUpdateDate>
          <updateDate>2015-02-23T05:00:00Z</updateDate>
          <name>Introduced in Senate</name>
        </item>
      </billSummaries>
    </summaries>
    <recordedVotes />
    <committeeReports />
  </bill>
  <dublinCore xmlns:dc="http://purl.org/dc/elements/1.1/">
    <dc:format>text/xml</dc:format>
    <dc:language>EN</dc:language>
    <dc:rights>Pursuant to Title 17 Section 105 of the United States Code, this file is not subject to copyright protection and is in the public domain.</dc:rights>
    <dc:contributor>Congressional Research Service, Library of Congress</dc:contributor>
    <dc:description>This file contains bill summaries and statuses for federal legislation. A bill summary describes the most significant provisions of a piece of legislation and details the effects the legislative text may have on current law and federal programs. Bill summaries are authored by the Congressional Research Service (CRS) of the Library of Congress. As stated in Public Law 91-510 (2 USC 166 (d)(6)), one of the duties of CRS is "to prepare summaries and digests of bills and resolutions of a public general nature introduced in the Senate or House of Representatives". For more information, refer to the User Guide that accompanies this file.</dc:description>
  </dublinCore>
</billStatus>

