<?xml version="1.0" encoding="UTF-8"?>
<billStatus>
  <bill>
    <billType>S</billType>
    <policyArea>
      <name>Government Operations and Politics</name>
    </policyArea>
    <recordedVotes />
    <summaries>
      <billSummaries>
        <item>
          <actionDate>2015-01-21</actionDate>
          <updateDate>2015-01-21T05:00:00Z</updateDate>
          <name>Introduced in Senate</name>
          <lastSummaryUpdateDate>2015-02-02T18:53:43Z</lastSummaryUpdateDate>
          <versionCode>00</versionCode>
          <actionDesc>Introduced in Senate</actionDesc>
          <text><![CDATA[<p><strong>Regulations From the Executive in Need of Scrutiny Act of 2015</strong></p> <p> States that the purpose of this Act is to increase accountability for and transparency in the federal regulatory process by requiring Congress to approve all new major regulations. </p> <p>Revises provisions relating to congressional review of agency rulemaking to require a federal agency promulgating a rule to include in its report to Congress and to the Comptroller General a classification of the rule as a major or nonmajor rule.</p> <p>Requires a joint resolution of approval of major rules to be enacted before such rules may take effect. Provides that if a joint resolution of approval is not enacted by the end of 70 session days or legislative days, as applicable, after the agency proposing the rule submits its report on such rule to Congress, the major rule shall be deemed not to be approved and shall not take effect. Permits a major rule to take effect for one 90-calendar day period without such approval if the President determines it is necessary because of an imminent threat to health or safety or other emergency, for the enforcement of criminal laws, for national security, or to implement an international trade agreement.</p> <p>Sets forth the congressional approval procedure for major rules and the congressional disapproval procedure for nonmajor rules. </p> <p>Requires the introduction of a joint resolution addressing a report classifying a rule as a major rule within three legislative days in the House of Representative and three session days in the Senate. Prohibits any amendments to such a joint resolution at any stage of the legislative process. Provides for expedited consideration of a joint resolution of approval and requires a vote on such resolution in the Senate within 15 session days after it is reported by the committee to which it was referred, or after such committee has been discharged from further consideration of the resolution.</p> <p>Allows a court to review whether an agency has completed the necessary requirements under this Act for a rule to take effect. Limits the effect of a joint resolution of approval of a major rule.</p> <p>Prohibits an agency from allowing a major rule to take effect without the congressional review procedures set forth in this Act. </p> <p>Amends the Balanced Budget and Emergency Deficit Control Act of 1985 to provide that any congressional approval procedure set forth in this Act affecting budget authority, outlays, or receipts shall be assumed to be effective unless it is not approved in accordance with this Act.</p>]]></text>
        </item>
      </billSummaries>
    </summaries>
    <title>Regulations From the Executive in Need of Scrutiny Act of 2015</title>
    <titles>
      <item>
        <chamberCode />
        <title>Regulations From the Executive in Need of Scrutiny Act of 2015</title>
        <chamberName />
        <titleType>Short Titles as Introduced</titleType>
        <parentTitleType />
      </item>
      <item>
        <chamberCode />
        <title>A bill to amend chapter 8 of title 5, United States Code, to provide that major rules of the executive branch shall have no force or effect unless a joint resolution of approval is enacted into law.</title>
        <chamberName />
        <titleType>Official Title as Introduced</titleType>
        <parentTitleType />
      </item>
      <item>
        <chamberCode />
        <title>Regulations From the Executive in Need of Scrutiny Act of 2015</title>
        <chamberName />
        <titleType>Display Title</titleType>
        <parentTitleType />
      </item>
    </titles>
    <updateDate>2016-11-02T23:19:03Z</updateDate>
    <amendments />
    <introducedDate>2015-01-21</introducedDate>
    <originChamber>Senate</originChamber>
    <actions>
      <actionTypeCounts>
        <referredToCommittee>1</referredToCommittee>
        <introducedInSenate>1</introducedInSenate>
      </actionTypeCounts>
      <item>
        <actionDate>2015-01-21</actionDate>
        <committee>
          <systemCode>ssga00</systemCode>
          <name>Homeland Security and Governmental Affairs Committee</name>
        </committee>
        <links />
        <sourceSystem>
          <name>Senate</name>
          <code>0</code>
        </sourceSystem>
        <text>Read twice and referred to the Committee on Homeland Security and Governmental Affairs.</text>
        <type>IntroReferral</type>
      </item>
      <item>
        <text>Introduced in Senate</text>
        <links />
        <actionCode>10000</actionCode>
        <type>IntroReferral</type>
        <committee />
        <actionDate>2015-01-21</actionDate>
        <sourceSystem>
          <name>Library of Congress</name>
          <code>9</code>
        </sourceSystem>
      </item>
      <actionByCounts>
        <senate>2</senate>
      </actionByCounts>
    </actions>
    <relatedBills>
      <item>
        <latestAction>
          <actionDate>2015-12-02</actionDate>
          <text>Read the second time. Placed on Senate Legislative Calendar under General Orders. Calendar No. 307.</text>
        </latestAction>
        <congress>114</congress>
        <latestTitle>Regulations from the Executive in Need of Scrutiny Act of 2015</latestTitle>
        <relationshipDetails>
          <item>
            <type>Identical bill</type>
            <identifiedBy>CRS</identifiedBy>
          </item>
        </relationshipDetails>
        <type>HR</type>
        <number>427</number>
      </item>
      <item>
        <latestAction>
          <actionDate>2015-07-01</actionDate>
          <text>Referred to the Subcommittee on Regulatory Reform, Commercial And Antitrust Law.</text>
        </latestAction>
        <congress>114</congress>
        <latestTitle>Sunset Act of 2015</latestTitle>
        <relationshipDetails>
          <item>
            <type>Related bill</type>
            <identifiedBy>CRS</identifiedBy>
          </item>
        </relationshipDetails>
        <type>HR</type>
        <number>2778</number>
      </item>
      <item>
        <latestAction>
          <actionDate>2015-07-29</actionDate>
          <text>Referred to the Subcommittee on Regulatory Reform, Commercial And Antitrust Law.</text>
        </latestAction>
        <congress>114</congress>
        <latestTitle>Stop the EPA Act of 2015</latestTitle>
        <relationshipDetails>
          <item>
            <type>Related bill</type>
            <identifiedBy>CRS</identifiedBy>
          </item>
        </relationshipDetails>
        <type>HR</type>
        <number>3056</number>
      </item>
      <item>
        <latestAction>
          <actionDate>2016-06-16</actionDate>
          <text>Referred to House Budget</text>
        </latestAction>
        <congress>114</congress>
        <latestTitle>CFPB Rule Accountability Act of 2016</latestTitle>
        <relationshipDetails>
          <item>
            <type>Related bill</type>
            <identifiedBy>CRS</identifiedBy>
          </item>
        </relationshipDetails>
        <type>HR</type>
        <number>5527</number>
      </item>
      <item>
        <latestAction>
          <actionDate>2016-09-23</actionDate>
          <text>Referred to the Subcommittee on Commodity Exchanges, Energy, and Credit.</text>
        </latestAction>
        <congress>114</congress>
        <latestTitle>Financial CHOICE Act of 2016</latestTitle>
        <relationshipDetails>
          <item>
            <type>Related bill</type>
            <identifiedBy>CRS</identifiedBy>
          </item>
        </relationshipDetails>
        <type>HR</type>
        <number>5983</number>
      </item>
    </relatedBills>
    <calendarNumbers />
    <cosponsors>
      <item>
        <fullName>Sen. Blunt, Roy [R-MO]</fullName>
        <firstName>Roy</firstName>
        <lastName>Blunt</lastName>
        <state>MO</state>
        <party>R</party>
        <bioguideId>B000575</bioguideId>
        <identifiers>
          <lisID>1464</lisID>
          <gpoId>8313</gpoId>
          <bioguideId>B000575</bioguideId>
        </identifiers>
        <sponsorshipWithdrawnDate />
        <sponsorshipDate>2015-01-21</sponsorshipDate>
        <middleName />
        <isOriginalCosponsor>True</isOriginalCosponsor>
      </item>
      <item>
        <fullName>Sen. Lee, Mike [R-UT]</fullName>
        <firstName>Mike</firstName>
        <lastName>Lee</lastName>
        <state>UT</state>
        <party>R</party>
        <bioguideId>L000577</bioguideId>
        <identifiers>
          <lisID>2080</lisID>
          <gpoId>8303</gpoId>
          <bioguideId>L000577</bioguideId>
        </identifiers>
        <sponsorshipWithdrawnDate />
        <sponsorshipDate>2015-01-21</sponsorshipDate>
        <middleName />
        <isOriginalCosponsor>True</isOriginalCosponsor>
      </item>
      <item>
        <fullName>Sen. Scott, Tim [R-SC]</fullName>
        <firstName>Tim</firstName>
        <lastName>Scott</lastName>
        <state>SC</state>
        <party>R</party>
        <bioguideId>S001184</bioguideId>
        <identifiers>
          <lisID>2056</lisID>
          <gpoId>8141</gpoId>
          <bioguideId>S001184</bioguideId>
        </identifiers>
        <sponsorshipWithdrawnDate />
        <sponsorshipDate>2015-01-21</sponsorshipDate>
        <middleName />
        <isOriginalCosponsor>True</isOriginalCosponsor>
      </item>
      <item>
        <fullName>Sen. Portman, Rob [R-OH]</fullName>
        <firstName>ROB</firstName>
        <lastName>PORTMAN</lastName>
        <state>OH</state>
        <party>R</party>
        <bioguideId>P000449</bioguideId>
        <identifiers>
          <gpoId>8266</gpoId>
          <lisID>924</lisID>
          <bioguideId>P000449</bioguideId>
        </identifiers>
        <sponsorshipWithdrawnDate />
        <sponsorshipDate>2015-01-21</sponsorshipDate>
        <middleName />
        <isOriginalCosponsor>True</isOriginalCosponsor>
      </item>
      <item>
        <fullName>Sen. Moran, Jerry [R-KS]</fullName>
        <firstName>JERRY</firstName>
        <lastName>MORAN</lastName>
        <state>KS</state>
        <party>R</party>
        <bioguideId>M000934</bioguideId>
        <identifiers>
          <lisID>1507</lisID>
          <gpoId>8307</gpoId>
          <bioguideId>M000934</bioguideId>
        </identifiers>
        <sponsorshipWithdrawnDate />
        <sponsorshipDate>2015-01-21</sponsorshipDate>
        <middleName />
        <isOriginalCosponsor>True</isOriginalCosponsor>
      </item>
      <item>
        <fullName>Sen. Heller, Dean [R-NV]</fullName>
        <firstName>Dean</firstName>
        <lastName>Heller</lastName>
        <state>NV</state>
        <party>R</party>
        <bioguideId>H001041</bioguideId>
        <identifiers>
          <lisID>1863</lisID>
          <bioguideId>H001041</bioguideId>
          <gpoId>8060</gpoId>
        </identifiers>
        <sponsorshipWithdrawnDate />
        <sponsorshipDate>2015-01-21</sponsorshipDate>
        <middleName />
        <isOriginalCosponsor>True</isOriginalCosponsor>
      </item>
      <item>
        <fullName>Sen. Cruz, Ted [R-TX]</fullName>
        <firstName>Ted</firstName>
        <lastName>Cruz</lastName>
        <state>TX</state>
        <party>R</party>
        <bioguideId>C001098</bioguideId>
        <identifiers>
          <lisID>2175</lisID>
          <bioguideId>C001098</bioguideId>
          <gpoId />
        </identifiers>
        <sponsorshipWithdrawnDate />
        <sponsorshipDate>2015-01-21</sponsorshipDate>
        <middleName />
        <isOriginalCosponsor>True</isOriginalCosponsor>
      </item>
      <item>
        <fullName>Sen. Ayotte, Kelly [R-NH]</fullName>
        <firstName>Kelly</firstName>
        <lastName>Ayotte</lastName>
        <state>NH</state>
        <party>R</party>
        <bioguideId>A000368</bioguideId>
        <identifiers>
          <lisID>2075</lisID>
          <gpoId>8315</gpoId>
          <bioguideId>A000368</bioguideId>
        </identifiers>
        <sponsorshipWithdrawnDate />
        <sponsorshipDate>2015-01-21</sponsorshipDate>
        <middleName />
        <isOriginalCosponsor>True</isOriginalCosponsor>
      </item>
      <item>
        <fullName>Sen. Flake, Jeff [R-AZ]</fullName>
        <firstName>JEFF</firstName>
        <lastName>FLAKE</lastName>
        <state>AZ</state>
        <party>R</party>
        <bioguideId>F000444</bioguideId>
        <identifiers>
          <gpoId>7803</gpoId>
          <lisID>1633</lisID>
          <bioguideId>F000444</bioguideId>
        </identifiers>
        <sponsorshipWithdrawnDate />
        <sponsorshipDate>2015-01-21</sponsorshipDate>
        <middleName />
        <isOriginalCosponsor>True</isOriginalCosponsor>
      </item>
      <item>
        <fullName>Sen. Crapo, Mike [R-ID]</fullName>
        <firstName>MICHAEL</firstName>
        <lastName>CRAPO</lastName>
        <state>ID</state>
        <party>R</party>
        <bioguideId>C000880</bioguideId>
        <identifiers>
          <gpoId>8289</gpoId>
          <lisID>250</lisID>
          <bioguideId>C000880</bioguideId>
        </identifiers>
        <sponsorshipWithdrawnDate />
        <sponsorshipDate>2015-01-21</sponsorshipDate>
        <middleName>D.</middleName>
        <isOriginalCosponsor>True</isOriginalCosponsor>
      </item>
      <item>
        <fullName>Sen. Fischer, Deb [R-NE]</fullName>
        <firstName>Deb</firstName>
        <lastName>Fischer</lastName>
        <state>NE</state>
        <party>R</party>
        <bioguideId>F000463</bioguideId>
        <identifiers>
          <lisID>2179</lisID>
          <gpoId />
          <bioguideId>F000463</bioguideId>
        </identifiers>
        <sponsorshipWithdrawnDate />
        <sponsorshipDate>2015-01-21</sponsorshipDate>
        <middleName />
        <isOriginalCosponsor>True</isOriginalCosponsor>
      </item>
      <item>
        <fullName>Sen. McCain, John [R-AZ]</fullName>
        <firstName>JOHN</firstName>
        <lastName>MCCAIN</lastName>
        <state>AZ</state>
        <party>R</party>
        <bioguideId>M000303</bioguideId>
        <identifiers>
          <bioguideId>M000303</bioguideId>
          <lisID>754</lisID>
          <gpoId>8253</gpoId>
        </identifiers>
        <sponsorshipWithdrawnDate />
        <sponsorshipDate>2015-01-21</sponsorshipDate>
        <middleName>SIDNEY</middleName>
        <isOriginalCosponsor>True</isOriginalCosponsor>
      </item>
      <item>
        <fullName>Sen. Vitter, David [R-LA]</fullName>
        <firstName>David</firstName>
        <lastName>Vitter</lastName>
        <state>LA</state>
        <party>R</party>
        <bioguideId>V000127</bioguideId>
        <identifiers>
          <gpoId>8267</gpoId>
          <lisID>1609</lisID>
          <bioguideId>V000127</bioguideId>
        </identifiers>
        <sponsorshipWithdrawnDate />
        <sponsorshipDate>2015-01-21</sponsorshipDate>
        <middleName />
        <isOriginalCosponsor>True</isOriginalCosponsor>
      </item>
      <item>
        <fullName>Sen. Boozman, John [R-AR]</fullName>
        <firstName>John</firstName>
        <lastName>Boozman</lastName>
        <state>AR</state>
        <party>R</party>
        <bioguideId>B001236</bioguideId>
        <identifiers>
          <bioguideId>B001236</bioguideId>
          <lisID>1687</lisID>
          <gpoId>8247</gpoId>
        </identifiers>
        <sponsorshipWithdrawnDate />
        <sponsorshipDate>2015-01-21</sponsorshipDate>
        <middleName />
        <isOriginalCosponsor>True</isOriginalCosponsor>
      </item>
      <item>
        <fullName>Sen. Perdue, David [R-GA]</fullName>
        <firstName>David</firstName>
        <lastName>Perdue</lastName>
        <state>GA</state>
        <party>R</party>
        <bioguideId>P000612</bioguideId>
        <identifiers>
          <bioguideId>P000612</bioguideId>
          <lisID>2286</lisID>
          <gpoId />
        </identifiers>
        <sponsorshipWithdrawnDate />
        <sponsorshipDate>2015-01-21</sponsorshipDate>
        <middleName>Alfred</middleName>
        <isOriginalCosponsor>True</isOriginalCosponsor>
      </item>
      <item>
        <fullName>Sen. Cornyn, John [R-TX]</fullName>
        <firstName>John</firstName>
        <lastName>Cornyn</lastName>
        <state>TX</state>
        <party>R</party>
        <bioguideId>C001056</bioguideId>
        <identifiers>
          <lisID>1692</lisID>
          <gpoId>8295</gpoId>
          <bioguideId>C001056</bioguideId>
        </identifiers>
        <sponsorshipWithdrawnDate />
        <sponsorshipDate>2015-01-21</sponsorshipDate>
        <middleName />
        <isOriginalCosponsor>True</isOriginalCosponsor>
      </item>
      <item>
        <fullName>Sen. Thune, John [R-SD]</fullName>
        <firstName>JOHN</firstName>
        <lastName>THUNE</lastName>
        <state>SD</state>
        <party>R</party>
        <bioguideId>T000250</bioguideId>
        <identifiers>
          <gpoId>8257</gpoId>
          <lisID>1534</lisID>
          <bioguideId>T000250</bioguideId>
        </identifiers>
        <sponsorshipWithdrawnDate />
        <sponsorshipDate>2015-01-21</sponsorshipDate>
        <middleName>R.</middleName>
        <isOriginalCosponsor>True</isOriginalCosponsor>
      </item>
      <item>
        <fullName>Sen. Capito, Shelley Moore [R-WV]</fullName>
        <firstName>SHELLEY</firstName>
        <lastName>CAPITO</lastName>
        <state>WV</state>
        <party>R</party>
        <bioguideId>C001047</bioguideId>
        <identifiers>
          <lisID>1676</lisID>
          <bioguideId>C001047</bioguideId>
          <gpoId>8223</gpoId>
        </identifiers>
        <sponsorshipWithdrawnDate />
        <sponsorshipDate>2015-01-21</sponsorshipDate>
        <middleName>MOORE</middleName>
        <isOriginalCosponsor>True</isOriginalCosponsor>
      </item>
      <item>
        <fullName>Sen. Isakson, Johnny [R-GA]</fullName>
        <firstName>Johnny</firstName>
        <lastName>Isakson</lastName>
        <state>GA</state>
        <party>R</party>
        <bioguideId>I000055</bioguideId>
        <identifiers>
          <lisID>1608</lisID>
          <gpoId>8323</gpoId>
          <bioguideId>I000055</bioguideId>
        </identifiers>
        <sponsorshipWithdrawnDate />
        <sponsorshipDate>2015-01-21</sponsorshipDate>
        <middleName />
        <isOriginalCosponsor>True</isOriginalCosponsor>
      </item>
      <item>
        <fullName>Sen. Barrasso, John [R-WY]</fullName>
        <firstName>John</firstName>
        <lastName>Barrasso</lastName>
        <state>WY</state>
        <party>R</party>
        <bioguideId>B001261</bioguideId>
        <identifiers>
          <lisID>1881</lisID>
          <gpoId>8300</gpoId>
          <bioguideId>B001261</bioguideId>
        </identifiers>
        <sponsorshipWithdrawnDate />
        <sponsorshipDate>2015-01-21</sponsorshipDate>
        <middleName />
        <isOriginalCosponsor>True</isOriginalCosponsor>
      </item>
      <item>
        <fullName>Sen. Inhofe, James M. [R-OK]</fullName>
        <firstName>JIM</firstName>
        <lastName>INHOFE</lastName>
        <state>OK</state>
        <party>R</party>
        <bioguideId>I000024</bioguideId>
        <identifiers>
          <bioguideId>I000024</bioguideId>
          <gpoId>8322</gpoId>
          <lisID>583</lisID>
        </identifiers>
        <sponsorshipWithdrawnDate />
        <sponsorshipDate>2015-01-21</sponsorshipDate>
        <middleName />
        <isOriginalCosponsor>True</isOriginalCosponsor>
      </item>
      <item>
        <fullName>Sen. Enzi, Michael B. [R-WY]</fullName>
        <firstName>MICHAEL</firstName>
        <lastName>ENZI</lastName>
        <state>WY</state>
        <party>R</party>
        <bioguideId>E000285</bioguideId>
        <identifiers>
          <bioguideId>E000285</bioguideId>
          <lisID>1542</lisID>
          <gpoId>8328</gpoId>
        </identifiers>
        <sponsorshipWithdrawnDate />
        <sponsorshipDate>2015-01-21</sponsorshipDate>
        <middleName>B.</middleName>
        <isOriginalCosponsor>True</isOriginalCosponsor>
      </item>
      <item>
        <fullName>Sen. Daines, Steve [R-MT]</fullName>
        <firstName>Steve</firstName>
        <lastName>Daines</lastName>
        <state>MT</state>
        <party>R</party>
        <bioguideId>D000618</bioguideId>
        <identifiers>
          <bioguideId>D000618</bioguideId>
          <lisID>2138</lisID>
          <gpoId />
        </identifiers>
        <sponsorshipWithdrawnDate />
        <sponsorshipDate>2015-01-21</sponsorshipDate>
        <middleName />
        <isOriginalCosponsor>True</isOriginalCosponsor>
      </item>
      <item>
        <fullName>Sen. Sullivan, Dan  [R-AK]</fullName>
        <firstName>Dan</firstName>
        <lastName>Sullivan</lastName>
        <state>AK</state>
        <party>R</party>
        <bioguideId>S001198</bioguideId>
        <identifiers>
          <gpoId />
          <lisID>2290</lisID>
          <bioguideId>S001198</bioguideId>
        </identifiers>
        <sponsorshipWithdrawnDate />
        <sponsorshipDate>2015-01-21</sponsorshipDate>
        <middleName />
        <isOriginalCosponsor>True</isOriginalCosponsor>
      </item>
      <item>
        <fullName>Sen. Sasse, Ben  [R-NE]</fullName>
        <firstName>Ben</firstName>
        <lastName>Sasse</lastName>
        <state>NE</state>
        <party>R</party>
        <bioguideId>S001197</bioguideId>
        <identifiers>
          <lisID>2289</lisID>
          <gpoId />
          <bioguideId>S001197</bioguideId>
        </identifiers>
        <sponsorshipWithdrawnDate />
        <sponsorshipDate>2015-01-21</sponsorshipDate>
        <middleName />
        <isOriginalCosponsor>True</isOriginalCosponsor>
      </item>
      <item>
        <fullName>Sen. Rounds, Mike  [R-SD]</fullName>
        <firstName>Mike</firstName>
        <lastName>Rounds</lastName>
        <state>SD</state>
        <party>R</party>
        <bioguideId>R000605</bioguideId>
        <identifiers>
          <lisID>2288</lisID>
          <gpoId />
          <bioguideId>R000605</bioguideId>
        </identifiers>
        <sponsorshipWithdrawnDate />
        <sponsorshipDate>2015-01-21</sponsorshipDate>
        <middleName />
        <isOriginalCosponsor>True</isOriginalCosponsor>
      </item>
      <item>
        <fullName>Sen. Rubio, Marco [R-FL]</fullName>
        <firstName>Marco</firstName>
        <lastName>Rubio</lastName>
        <state>FL</state>
        <party>R</party>
        <bioguideId>R000595</bioguideId>
        <identifiers>
          <lisID>2084</lisID>
          <gpoId>8242</gpoId>
          <bioguideId>R000595</bioguideId>
        </identifiers>
        <sponsorshipWithdrawnDate />
        <sponsorshipDate>2015-01-21</sponsorshipDate>
        <middleName />
        <isOriginalCosponsor>True</isOriginalCosponsor>
      </item>
      <item>
        <fullName>Sen. Roberts, Pat [R-KS]</fullName>
        <firstName>PAT</firstName>
        <lastName>ROBERTS</lastName>
        <state>KS</state>
        <party>R</party>
        <bioguideId>R000307</bioguideId>
        <identifiers>
          <gpoId>8275</gpoId>
          <lisID>968</lisID>
          <bioguideId>R000307</bioguideId>
        </identifiers>
        <sponsorshipWithdrawnDate />
        <sponsorshipDate>2015-01-21</sponsorshipDate>
        <middleName />
        <isOriginalCosponsor>True</isOriginalCosponsor>
      </item>
      <item>
        <fullName>Sen. Grassley, Chuck [R-IA]</fullName>
        <firstName>CHARLES</firstName>
        <lastName>GRASSLEY</lastName>
        <state>IA</state>
        <party>R</party>
        <bioguideId>G000386</bioguideId>
        <identifiers>
          <lisID>457</lisID>
          <gpoId>8316</gpoId>
          <bioguideId>G000386</bioguideId>
        </identifiers>
        <sponsorshipWithdrawnDate />
        <sponsorshipDate>2015-01-21</sponsorshipDate>
        <middleName>ERNEST</middleName>
        <isOriginalCosponsor>True</isOriginalCosponsor>
      </item>
      <item>
        <fullName>Sen. Johnson, Ron [R-WI]</fullName>
        <firstName>Ron</firstName>
        <lastName>Johnson</lastName>
        <state>WI</state>
        <party>R</party>
        <bioguideId>J000293</bioguideId>
        <identifiers>
          <gpoId>8355</gpoId>
          <lisID>2086</lisID>
          <bioguideId>J000293</bioguideId>
        </identifiers>
        <sponsorshipWithdrawnDate />
        <sponsorshipDate>2015-01-21</sponsorshipDate>
        <middleName />
        <isOriginalCosponsor>True</isOriginalCosponsor>
      </item>
      <item>
        <fullName>Sen. Gardner, Cory [R-CO]</fullName>
        <firstName>Cory</firstName>
        <lastName>Gardner</lastName>
        <state>CO</state>
        <party>R</party>
        <bioguideId>G000562</bioguideId>
        <identifiers>
          <lisID>1998</lisID>
          <gpoId>7862</gpoId>
          <bioguideId>G000562</bioguideId>
        </identifiers>
        <sponsorshipWithdrawnDate />
        <sponsorshipDate>2015-01-21</sponsorshipDate>
        <middleName />
        <isOriginalCosponsor>True</isOriginalCosponsor>
      </item>
      <item>
        <fullName>Sen. Ernst, Joni  [R-IA]</fullName>
        <firstName>Joni</firstName>
        <lastName>Ernst</lastName>
        <state>IA</state>
        <party>R</party>
        <bioguideId>E000295</bioguideId>
        <identifiers>
          <lisID>2283</lisID>
          <gpoId />
          <bioguideId>E000295</bioguideId>
        </identifiers>
        <sponsorshipWithdrawnDate />
        <sponsorshipDate>2015-02-10</sponsorshipDate>
        <middleName />
        <isOriginalCosponsor>False</isOriginalCosponsor>
      </item>
      <item>
        <fullName>Sen. Cotton, Tom [R-AR]</fullName>
        <firstName>Tom</firstName>
        <lastName>Cotton</lastName>
        <state>AR</state>
        <party>R</party>
        <bioguideId>C001095</bioguideId>
        <identifiers>
          <gpoId />
          <lisID>2098</lisID>
          <bioguideId>C001095</bioguideId>
        </identifiers>
        <sponsorshipWithdrawnDate />
        <sponsorshipDate>2015-02-25</sponsorshipDate>
        <middleName />
        <isOriginalCosponsor>False</isOriginalCosponsor>
      </item>
      <item>
        <fullName>Sen. Cochran, Thad [R-MS]</fullName>
        <firstName>Thad</firstName>
        <lastName>Cochran</lastName>
        <state>MS</state>
        <party>R</party>
        <bioguideId>C000567</bioguideId>
        <identifiers>
          <bioguideId>C000567</bioguideId>
          <gpoId>8292</gpoId>
          <lisID>213</lisID>
        </identifiers>
        <sponsorshipWithdrawnDate />
        <sponsorshipDate>2015-02-26</sponsorshipDate>
        <middleName />
        <isOriginalCosponsor>False</isOriginalCosponsor>
      </item>
      <item>
        <fullName>Sen. Kirk, Mark Steven [R-IL]</fullName>
        <firstName>MARK</firstName>
        <lastName>KIRK</lastName>
        <state>IL</state>
        <party>R</party>
        <bioguideId>K000360</bioguideId>
        <identifiers>
          <bioguideId>K000360</bioguideId>
          <lisID>1647</lisID>
          <gpoId>8285</gpoId>
        </identifiers>
        <sponsorshipWithdrawnDate />
        <sponsorshipDate>2015-03-24</sponsorshipDate>
        <middleName>STEVEN</middleName>
        <isOriginalCosponsor>False</isOriginalCosponsor>
      </item>
      <item>
        <fullName>Sen. Risch, James E. [R-ID]</fullName>
        <firstName>James</firstName>
        <lastName>Risch</lastName>
        <state>ID</state>
        <party>R</party>
        <bioguideId>R000584</bioguideId>
        <identifiers>
          <lisID>1896</lisID>
          <gpoId>8274</gpoId>
          <bioguideId>R000584</bioguideId>
        </identifiers>
        <sponsorshipWithdrawnDate />
        <sponsorshipDate>2015-07-16</sponsorshipDate>
        <middleName>E.</middleName>
        <isOriginalCosponsor>False</isOriginalCosponsor>
      </item>
    </cosponsors>
    <congress>114</congress>
    <committees>
      <billCommittees>
        <item>
          <activities>
            <item>
              <name>Referred to</name>
              <date>2015-01-21T21:34:46Z</date>
            </item>
          </activities>
          <name>Homeland Security and Governmental Affairs Committee</name>
          <subcommittees />
          <chamber>Senate</chamber>
          <type>Standing</type>
          <systemCode>ssga00</systemCode>
        </item>
      </billCommittees>
    </committees>
    <sponsors>
      <item>
        <fullName>Sen. Paul, Rand [R-KY]</fullName>
        <lastName>Paul</lastName>
        <byRequestType />
        <party>R</party>
        <state>KY</state>
        <middleName />
        <firstName>Rand</firstName>
        <bioguideId>P000603</bioguideId>
        <identifiers>
          <gpoId>8308</gpoId>
          <lisID>2082</lisID>
          <bioguideId>P000603</bioguideId>
        </identifiers>
      </item>
    </sponsors>
    <latestAction>
      <text>Read twice and referred to the Committee on Homeland Security and Governmental Affairs.</text>
      <actionDate>2015-01-21</actionDate>
      <links />
    </latestAction>
    <subjects>
      <billSubjects>
        <legislativeSubjects>
          <item>
            <name>Administrative law and regulatory procedures</name>
          </item>
          <item>
            <name>Business investment and capital</name>
          </item>
          <item>
            <name>Climate change and greenhouse gases</name>
          </item>
          <item>
            <name>Competitiveness, trade promotion, trade deficits</name>
          </item>
          <item>
            <name>Congressional oversight</name>
          </item>
          <item>
            <name>Economic performance and conditions</name>
          </item>
          <item>
            <name>Industrial policy and productivity</name>
          </item>
          <item>
            <name>Inflation and prices</name>
          </item>
          <item>
            <name>Judicial review and appeals</name>
          </item>
          <item>
            <name>Legislative rules and procedure</name>
          </item>
          <item>
            <name>Unemployment</name>
          </item>
        </legislativeSubjects>
        <policyArea>
          <name>Government Operations and Politics</name>
        </policyArea>
      </billSubjects>
    </subjects>
    <createDate>2015-01-22T10:02:12Z</createDate>
    <notes />
    <laws />
    <billNumber>226</billNumber>
    <committeeReports />
    <cboCostEstimates />
  </bill>
  <dublinCore xmlns:dc="http://purl.org/dc/elements/1.1/">
    <dc:format>text/xml</dc:format>
    <dc:language>EN</dc:language>
    <dc:rights>Pursuant to Title 17 Section 105 of the United States Code, this file is not subject to copyright protection and is in the public domain.</dc:rights>
    <dc:contributor>Congressional Research Service, Library of Congress</dc:contributor>
    <dc:description>This file contains bill summaries and statuses for federal legislation. A bill summary describes the most significant provisions of a piece of legislation and details the effects the legislative text may have on current law and federal programs. Bill summaries are authored by the Congressional Research Service (CRS) of the Library of Congress. As stated in Public Law 91-510 (2 USC 166 (d)(6)), one of the duties of CRS is "to prepare summaries and digests of bills and resolutions of a public general nature introduced in the Senate or House of Representatives". For more information, refer to the User Guide that accompanies this file.</dc:description>
  </dublinCore>
</billStatus>

