<?xml version="1.0" encoding="UTF-8"?>
<billStatus>
  <bill>
    <title>Welfare Abuse Prevention Act</title>
    <updateDate>2016-11-02T23:28:31Z</updateDate>
    <relatedBills />
    <introducedDate>2015-05-12</introducedDate>
    <originChamber>Senate</originChamber>
    <cboCostEstimates />
    <policyArea>
      <name>Social Welfare</name>
    </policyArea>
    <congress>114</congress>
    <billNumber>1288</billNumber>
    <billType>S</billType>
    <amendments />
    <recordedVotes />
    <committees>
      <billCommittees>
        <item>
          <activities>
            <item>
              <date>2015-05-12T15:14:19Z</date>
              <name>Referred to</name>
            </item>
          </activities>
          <chamber>Senate</chamber>
          <subcommittees />
          <systemCode>ssfi00</systemCode>
          <type>Standing</type>
          <name>Finance Committee</name>
        </item>
      </billCommittees>
    </committees>
    <laws />
    <subjects>
      <billSubjects>
        <legislativeSubjects>
          <item>
            <name>Poverty and welfare assistance</name>
          </item>
          <item>
            <name>State and local government operations</name>
          </item>
        </legislativeSubjects>
        <policyArea>
          <name>Social Welfare</name>
        </policyArea>
      </billSubjects>
    </subjects>
    <notes />
    <committeeReports />
    <actions>
      <actionTypeCounts>
        <referredToCommittee>1</referredToCommittee>
        <introducedInSenate>1</introducedInSenate>
      </actionTypeCounts>
      <actionByCounts>
        <senate>2</senate>
      </actionByCounts>
      <item>
        <actionDate>2015-05-12</actionDate>
        <committee>
          <name>Finance Committee</name>
          <systemCode>ssfi00</systemCode>
        </committee>
        <links />
        <sourceSystem>
          <name>Senate</name>
          <code>0</code>
        </sourceSystem>
        <text>Read twice and referred to the Committee on Finance.</text>
        <type>IntroReferral</type>
      </item>
      <item>
        <text>Introduced in Senate</text>
        <sourceSystem>
          <name>Library of Congress</name>
          <code>9</code>
        </sourceSystem>
        <committee />
        <type>IntroReferral</type>
        <links />
        <actionCode>10000</actionCode>
        <actionDate>2015-05-12</actionDate>
      </item>
    </actions>
    <calendarNumbers />
    <latestAction>
      <links />
      <actionDate>2015-05-12</actionDate>
      <text>Read twice and referred to the Committee on Finance.</text>
    </latestAction>
    <titles>
      <item>
        <chamberCode />
        <title>Welfare Abuse Prevention Act</title>
        <chamberName />
        <titleType>Short Titles as Introduced</titleType>
        <parentTitleType />
      </item>
      <item>
        <chamberCode />
        <title>A bill to require States to implement a cash withdrawal daily limit for recipients of cash assistance under the temporary assistance for needy families program.</title>
        <chamberName />
        <titleType>Official Title as Introduced</titleType>
        <parentTitleType />
      </item>
      <item>
        <chamberCode />
        <title>Welfare Abuse Prevention Act</title>
        <chamberName />
        <titleType>Display Title</titleType>
        <parentTitleType />
      </item>
    </titles>
    <summaries>
      <billSummaries>
        <item>
          <versionCode>00</versionCode>
          <actionDate>2015-05-12</actionDate>
          <text><![CDATA[<p><b>Welfare Abuse Prevention Act</b></p> <p>This bill amends part A (Temporary Assistance for Needy Families) (TANF) of title IV of the Social Security Act to require any state receiving a TANF block grant to maintain policies and practices to ensure that cash assistance disbursed through an electronic benefit transfer card or an electronic payment card shall not be used to withdraw more than $25 per day from an automated teller machine or through a cash-back procedure at a point of sale terminal.</p> <p>The Department of Health and Human Services shall reduce to $0 the state family assistance grant payable to any state which, within two years after enactment of this Act, has not reported on its implementation of this cash withdrawal limit or has not implemented such a limit.</p>]]></text>
          <name>Introduced in Senate</name>
          <lastSummaryUpdateDate>2015-07-15T19:28:59Z</lastSummaryUpdateDate>
          <updateDate>2015-05-12T04:00:00Z</updateDate>
          <actionDesc>Introduced in Senate</actionDesc>
        </item>
      </billSummaries>
    </summaries>
    <createDate>2015-05-13T08:46:08Z</createDate>
    <sponsors>
      <item>
        <state>LA</state>
        <fullName>Sen. Vitter, David [R-LA]</fullName>
        <middleName />
        <identifiers>
          <bioguideId>V000127</bioguideId>
          <gpoId>8267</gpoId>
          <lisID>1609</lisID>
        </identifiers>
        <firstName>David</firstName>
        <lastName>Vitter</lastName>
        <bioguideId>V000127</bioguideId>
        <byRequestType />
        <party>R</party>
      </item>
    </sponsors>
    <cosponsors />
  </bill>
  <dublinCore xmlns:dc="http://purl.org/dc/elements/1.1/">
    <dc:format>text/xml</dc:format>
    <dc:language>EN</dc:language>
    <dc:rights>Pursuant to Title 17 Section 105 of the United States Code, this file is not subject to copyright protection and is in the public domain.</dc:rights>
    <dc:contributor>Congressional Research Service, Library of Congress</dc:contributor>
    <dc:description>This file contains bill summaries and statuses for federal legislation. A bill summary describes the most significant provisions of a piece of legislation and details the effects the legislative text may have on current law and federal programs. Bill summaries are authored by the Congressional Research Service (CRS) of the Library of Congress. As stated in Public Law 91-510 (2 USC 166 (d)(6)), one of the duties of CRS is "to prepare summaries and digests of bills and resolutions of a public general nature introduced in the Senate or House of Representatives". For more information, refer to the User Guide that accompanies this file.</dc:description>
  </dublinCore>
</billStatus>

