<?xml version="1.0" encoding="UTF-8"?>
<billStatus>
  <bill>
    <billType>S</billType>
    <originChamber>Senate</originChamber>
    <relatedBills>
      <item>
        <relationshipDetails>
          <item>
            <identifiedBy>CRS</identifiedBy>
            <type>Identical bill</type>
          </item>
        </relationshipDetails>
        <number>277</number>
        <congress>114</congress>
        <type>HR</type>
        <latestTitle>Defend Israel by Defunding Palestinian Foreign Aid Act of 2015</latestTitle>
        <latestAction>
          <actionDate>2015-01-12</actionDate>
          <text>Referred to the House Committee on Foreign Affairs.</text>
        </latestAction>
      </item>
      <item>
        <relationshipDetails>
          <item>
            <identifiedBy>CRS</identifiedBy>
            <type>Identical bill</type>
          </item>
        </relationshipDetails>
        <number>364</number>
        <congress>114</congress>
        <type>HR</type>
        <latestTitle>Defend Israel by Defunding Palestinian Foreign Aid Act of 2015</latestTitle>
        <latestAction>
          <actionDate>2015-01-14</actionDate>
          <text>Referred to the House Committee on Foreign Affairs.</text>
        </latestAction>
      </item>
    </relatedBills>
    <createDate>2015-01-07T08:31:10Z</createDate>
    <cboCostEstimates />
    <congress>114</congress>
    <cosponsors />
    <calendarNumbers />
    <committeeReports />
    <latestAction>
      <links />
      <actionDate>2015-01-06</actionDate>
      <text>Read twice and referred to the Committee on Foreign Relations.</text>
    </latestAction>
    <recordedVotes />
    <updateDate>2016-12-21T17:32:57Z</updateDate>
    <subjects>
      <billSubjects>
        <policyArea>
          <name>International Affairs</name>
        </policyArea>
        <legislativeSubjects>
          <item>
            <name>Criminal investigation, prosecution, interrogation</name>
          </item>
          <item>
            <name>Foreign aid and international relief</name>
          </item>
          <item>
            <name>Foreign loans and debt</name>
          </item>
          <item>
            <name>International law and treaties</name>
          </item>
          <item>
            <name>International organizations and cooperation</name>
          </item>
          <item>
            <name>Middle East</name>
          </item>
          <item>
            <name>Palestinians</name>
          </item>
        </legislativeSubjects>
      </billSubjects>
    </subjects>
    <policyArea>
      <name>International Affairs</name>
    </policyArea>
    <summaries>
      <billSummaries>
        <item>
          <actionDate>2015-01-06</actionDate>
          <updateDate>2015-01-06T05:00:00Z</updateDate>
          <versionCode>00</versionCode>
          <lastSummaryUpdateDate>2015-01-14T21:44:12Z</lastSummaryUpdateDate>
          <text><![CDATA[<p><strong>Defend Israel by Defunding Palestinian Foreign Aid Act of 2015</strong></p> <p>This bill prohibits any amounts from being obligated or expended to provide assistance, loan guarantees, or debt relief to the Palestinian Authority (PA), or any affiliated governing entity, until the PA withdraws its request to join the International Criminal Court. </p>]]></text>
          <actionDesc>Introduced in Senate</actionDesc>
          <name>Introduced in Senate</name>
        </item>
      </billSummaries>
    </summaries>
    <laws />
    <billNumber>34</billNumber>
    <actions>
      <actionTypeCounts>
        <introducedInSenate>1</introducedInSenate>
        <referredToCommittee>1</referredToCommittee>
      </actionTypeCounts>
      <item>
        <actionDate>2015-01-06</actionDate>
        <committee>
          <name>Foreign Relations Committee</name>
          <systemCode>ssfr00</systemCode>
        </committee>
        <links />
        <sourceSystem>
          <name>Senate</name>
          <code>0</code>
        </sourceSystem>
        <text>Read twice and referred to the Committee on Foreign Relations.</text>
        <type>IntroReferral</type>
      </item>
      <item>
        <actionDate>2015-01-06</actionDate>
        <committee />
        <actionCode>10000</actionCode>
        <links />
        <text>Introduced in Senate</text>
        <type>IntroReferral</type>
        <sourceSystem>
          <name>Library of Congress</name>
          <code>9</code>
        </sourceSystem>
      </item>
      <actionByCounts>
        <senate>2</senate>
      </actionByCounts>
    </actions>
    <committees>
      <billCommittees>
        <item>
          <name>Foreign Relations Committee</name>
          <chamber>Senate</chamber>
          <activities>
            <item>
              <name>Referred to</name>
              <date>2015-01-06T21:10:49Z</date>
            </item>
          </activities>
          <systemCode>ssfr00</systemCode>
          <subcommittees />
          <type>Standing</type>
        </item>
      </billCommittees>
    </committees>
    <titles>
      <item>
        <title>Defend Israel by Defunding Palestinian Foreign Aid Act of 2015</title>
        <chamberName />
        <titleType>Short Titles as Introduced</titleType>
        <parentTitleType />
        <chamberCode />
      </item>
      <item>
        <title>A bill to prohibit assistance to the Palestinian Authority until it withdraws its request to join the International Criminal Court.</title>
        <chamberName />
        <titleType>Official Title as Introduced</titleType>
        <parentTitleType />
        <chamberCode />
      </item>
      <item>
        <title>Defend Israel by Defunding Palestinian Foreign Aid Act of 2015</title>
        <chamberName />
        <titleType>Display Title</titleType>
        <parentTitleType />
        <chamberCode />
      </item>
    </titles>
    <notes />
    <title>Defend Israel by Defunding Palestinian Foreign Aid Act of 2015</title>
    <introducedDate>2015-01-06</introducedDate>
    <sponsors>
      <item>
        <state>KY</state>
        <middleName />
        <firstName>Rand</firstName>
        <fullName>Sen. Paul, Rand [R-KY]</fullName>
        <lastName>Paul</lastName>
        <identifiers>
          <bioguideId>P000603</bioguideId>
          <gpoId>8308</gpoId>
          <lisID>2082</lisID>
        </identifiers>
        <party>R</party>
        <byRequestType />
        <bioguideId>P000603</bioguideId>
      </item>
    </sponsors>
    <amendments />
  </bill>
  <dublinCore xmlns:dc="http://purl.org/dc/elements/1.1/">
    <dc:format>text/xml</dc:format>
    <dc:language>EN</dc:language>
    <dc:rights>Pursuant to Title 17 Section 105 of the United States Code, this file is not subject to copyright protection and is in the public domain.</dc:rights>
    <dc:contributor>Congressional Research Service, Library of Congress</dc:contributor>
    <dc:description>This file contains bill summaries and statuses for federal legislation. A bill summary describes the most significant provisions of a piece of legislation and details the effects the legislative text may have on current law and federal programs. Bill summaries are authored by the Congressional Research Service (CRS) of the Library of Congress. As stated in Public Law 91-510 (2 USC 166 (d)(6)), one of the duties of CRS is "to prepare summaries and digests of bills and resolutions of a public general nature introduced in the Senate or House of Representatives". For more information, refer to the User Guide that accompanies this file.</dc:description>
  </dublinCore>
</billStatus>

