<?xml version="1.0" encoding="UTF-8"?>
<billStatus>
  <bill>
    <updateDate>2017-01-14T22:03:18Z</updateDate>
    <policyArea>
      <name>Health</name>
    </policyArea>
    <calendarNumbers />
    <cboCostEstimates />
    <committeeReports />
    <sponsors>
      <item>
        <bioguideId>G000386</bioguideId>
        <middleName>ERNEST</middleName>
        <party>R</party>
        <lastName>GRASSLEY</lastName>
        <fullName>Sen. Grassley, Chuck [R-IA]</fullName>
        <firstName>CHARLES</firstName>
        <identifiers>
          <lisID>457</lisID>
          <bioguideId>G000386</bioguideId>
          <gpoId>8316</gpoId>
        </identifiers>
        <state>IA</state>
        <byRequestType />
      </item>
    </sponsors>
    <latestAction>
      <actionDate>2015-03-23</actionDate>
      <text>Read twice and referred to the Committee on Finance.</text>
      <links />
    </latestAction>
    <summaries>
      <billSummaries>
        <item>
          <name>Introduced in Senate</name>
          <text><![CDATA[<p><b>Medicare Orthotics and Prosthetics Improvement Act of 2015</b></p> <p>This bill directs the Secretary of Health and Human Services shall designate and approve independent accreditation organizations that apply quality standards for suppliers only if they are Boards for Orthotist/Prosthetist Certification or essentially equivalent programs.</p> <p>Special payment rules for certain prosthetics and custom-fabricated orthotics are extended to custom-fitted orthotics. Such rules do not apply, however, to off-the-shelf orthotics furnished on or after January 1, 2016, which are included in a competitive acquisition program.</p> <p>Decisions about Medicare coverage of orthotics and prosthetics on or after January 1, 2016, must take into account the complexity of the item as well as supplier qualifications (which do not apply, however, to physicians, occupational therapists, or physical therapists state-licensed to provide such items).</p> <p>Documentation created by an orthotist or prosthetist is considered part of the patient's medical record.</p> <p>Requirements for suppliers of orthotics and prosthetics are separated from those for suppliers of durable medical equipment.</p> <p>Orthotists and prosthetists must have a supplier number for Medicare payment to be made.</p> <p>Patients are not liable for payment of furnished orthotics or prosthetics where payment may not be made or where payment is denied. Only the orthotists or prosthetists are liable in such circumstances.</p> <p>Only the patient may make the minimal self-adjustment required to qualify off-the-shelf orthotics for Medicare coverage in a competitive acquisition program.</p>  <p> <BR> </p>]]></text>
          <actionDesc>Introduced in Senate</actionDesc>
          <versionCode>00</versionCode>
          <lastSummaryUpdateDate>2015-05-05T20:59:47Z</lastSummaryUpdateDate>
          <actionDate>2015-03-23</actionDate>
          <updateDate>2015-03-23T04:00:00Z</updateDate>
        </item>
      </billSummaries>
    </summaries>
    <billType>S</billType>
    <createDate>2015-03-24T08:45:38Z</createDate>
    <originChamber>Senate</originChamber>
    <introducedDate>2015-03-23</introducedDate>
    <titles>
      <item>
        <chamberName />
        <chamberCode />
        <titleType>Short Titles as Introduced</titleType>
        <parentTitleType />
        <title>Medicare Orthotics and Prosthetics Improvement Act of 2015</title>
      </item>
      <item>
        <chamberName />
        <chamberCode />
        <titleType>Official Title as Introduced</titleType>
        <parentTitleType />
        <title>A bill to amend title XVIII of the Social Security Act to refine how Medicare pays for orthotics and prosthetics and to improve beneficiary experience and outcomes with orthotic and prosthetic care, and for other purposes.</title>
      </item>
      <item>
        <chamberName />
        <chamberCode />
        <titleType>Display Title</titleType>
        <parentTitleType />
        <title>Medicare Orthotics and Prosthetics Improvement Act of 2015</title>
      </item>
    </titles>
    <billNumber>829</billNumber>
    <committees>
      <billCommittees>
        <item>
          <type>Standing</type>
          <name>Finance Committee</name>
          <chamber>Senate</chamber>
          <subcommittees />
          <activities>
            <item>
              <name>Referred to</name>
              <date>2015-03-23T16:51:47Z</date>
            </item>
          </activities>
          <systemCode>ssfi00</systemCode>
        </item>
      </billCommittees>
    </committees>
    <cosponsors>
      <item>
        <bioguideId>W000805</bioguideId>
        <middleName>R.</middleName>
        <party>D</party>
        <sponsorshipWithdrawnDate />
        <lastName>Warner</lastName>
        <sponsorshipDate>2015-03-23</sponsorshipDate>
        <isOriginalCosponsor>True</isOriginalCosponsor>
        <firstName>Mark</firstName>
        <identifiers>
          <bioguideId>W000805</bioguideId>
          <lisID>1897</lisID>
          <gpoId>8269</gpoId>
        </identifiers>
        <state>VA</state>
        <fullName>Sen. Warner, Mark R. [D-VA]</fullName>
      </item>
    </cosponsors>
    <notes />
    <amendments />
    <title>Medicare Orthotics and Prosthetics Improvement Act of 2015</title>
    <congress>114</congress>
    <subjects>
      <billSubjects>
        <policyArea>
          <name>Health</name>
        </policyArea>
        <legislativeSubjects>
          <item>
            <name>Administrative law and regulatory procedures</name>
          </item>
          <item>
            <name>Department of Health and Human Services</name>
          </item>
          <item>
            <name>Health information and medical records</name>
          </item>
          <item>
            <name>Health technology, devices, supplies</name>
          </item>
          <item>
            <name>Licensing and registrations</name>
          </item>
          <item>
            <name>Medicare</name>
          </item>
        </legislativeSubjects>
      </billSubjects>
    </subjects>
    <relatedBills>
      <item>
        <latestAction>
          <actionDate>2015-04-07</actionDate>
          <text>Referred to the Subcommittee on Health.</text>
        </latestAction>
        <number>1530</number>
        <congress>114</congress>
        <type>HR</type>
        <relationshipDetails>
          <item>
            <identifiedBy>CRS</identifiedBy>
            <type>Related bill</type>
          </item>
        </relationshipDetails>
        <latestTitle>Medicare Orthotics and Prosthetics Improvement Act of 2015</latestTitle>
      </item>
    </relatedBills>
    <recordedVotes />
    <laws />
    <actions>
      <actionTypeCounts>
        <referredToCommittee>1</referredToCommittee>
        <introducedInSenate>1</introducedInSenate>
      </actionTypeCounts>
      <item>
        <actionDate>2015-03-23</actionDate>
        <committee>
          <name>Finance Committee</name>
          <systemCode>ssfi00</systemCode>
        </committee>
        <links />
        <sourceSystem>
          <name>Senate</name>
          <code>0</code>
        </sourceSystem>
        <text>Read twice and referred to the Committee on Finance.</text>
        <type>IntroReferral</type>
      </item>
      <item>
        <links />
        <type>IntroReferral</type>
        <actionDate>2015-03-23</actionDate>
        <text>Introduced in Senate</text>
        <sourceSystem>
          <name>Library of Congress</name>
          <code>9</code>
        </sourceSystem>
        <actionCode>10000</actionCode>
        <committee />
      </item>
      <actionByCounts>
        <senate>2</senate>
      </actionByCounts>
    </actions>
  </bill>
  <dublinCore xmlns:dc="http://purl.org/dc/elements/1.1/">
    <dc:format>text/xml</dc:format>
    <dc:language>EN</dc:language>
    <dc:rights>Pursuant to Title 17 Section 105 of the United States Code, this file is not subject to copyright protection and is in the public domain.</dc:rights>
    <dc:contributor>Congressional Research Service, Library of Congress</dc:contributor>
    <dc:description>This file contains bill summaries and statuses for federal legislation. A bill summary describes the most significant provisions of a piece of legislation and details the effects the legislative text may have on current law and federal programs. Bill summaries are authored by the Congressional Research Service (CRS) of the Library of Congress. As stated in Public Law 91-510 (2 USC 166 (d)(6)), one of the duties of CRS is "to prepare summaries and digests of bills and resolutions of a public general nature introduced in the Senate or House of Representatives". For more information, refer to the User Guide that accompanies this file.</dc:description>
  </dublinCore>
</billStatus>

