<?xml version="1.0" encoding="UTF-8"?>
<billStatus>
  <bill>
    <latestAction>
      <text>Read twice and referred to the Committee on Finance. (text of measure as introduced: CR S107)</text>
      <links />
      <actionDate>2015-01-08</actionDate>
    </latestAction>
    <policyArea>
      <name>Health</name>
    </policyArea>
    <amendments />
    <relatedBills>
      <item>
        <latestAction>
          <actionDate>2015-06-24</actionDate>
          <text>Received in the Senate and Read twice and referred to the Committee on Finance.</text>
        </latestAction>
        <number>1190</number>
        <congress>114</congress>
        <type>HR</type>
        <latestTitle>Protecting Seniors' Access to Medicare Act of 2015</latestTitle>
        <relationshipDetails>
          <item>
            <identifiedBy>CRS</identifiedBy>
            <type>Identical bill</type>
          </item>
        </relationshipDetails>
      </item>
    </relatedBills>
    <billNumber>141</billNumber>
    <updateDate>2016-11-02T23:17:57Z</updateDate>
    <sponsors>
      <item>
        <fullName>Sen. Cornyn, John [R-TX]</fullName>
        <firstName>John</firstName>
        <lastName>Cornyn</lastName>
        <identifiers>
          <lisID>1692</lisID>
          <bioguideId>C001056</bioguideId>
          <gpoId>8295</gpoId>
        </identifiers>
        <state>TX</state>
        <middleName />
        <party>R</party>
        <byRequestType />
        <bioguideId>C001056</bioguideId>
      </item>
    </sponsors>
    <notes />
    <originChamber>Senate</originChamber>
    <subjects>
      <billSubjects>
        <legislativeSubjects>
          <item>
            <name>Advisory bodies</name>
          </item>
          <item>
            <name>Health care costs and insurance</name>
          </item>
          <item>
            <name>Medicare</name>
          </item>
        </legislativeSubjects>
        <policyArea>
          <name>Health</name>
        </policyArea>
      </billSubjects>
    </subjects>
    <committees>
      <billCommittees>
        <item>
          <subcommittees />
          <activities>
            <item>
              <date>2015-01-08T22:15:18Z</date>
              <name>Referred to</name>
            </item>
          </activities>
          <type>Standing</type>
          <systemCode>ssfi00</systemCode>
          <chamber>Senate</chamber>
          <name>Finance Committee</name>
        </item>
      </billCommittees>
    </committees>
    <cosponsors>
      <item>
        <identifiers>
          <lisID>2075</lisID>
          <gpoId>8315</gpoId>
          <bioguideId>A000368</bioguideId>
        </identifiers>
        <middleName />
        <fullName>Sen. Ayotte, Kelly [R-NH]</fullName>
        <isOriginalCosponsor>True</isOriginalCosponsor>
        <firstName>Kelly</firstName>
        <sponsorshipWithdrawnDate />
        <state>NH</state>
        <bioguideId>A000368</bioguideId>
        <sponsorshipDate>2015-01-08</sponsorshipDate>
        <party>R</party>
        <lastName>Ayotte</lastName>
      </item>
      <item>
        <identifiers>
          <gpoId>8300</gpoId>
          <lisID>1881</lisID>
          <bioguideId>B001261</bioguideId>
        </identifiers>
        <middleName />
        <fullName>Sen. Barrasso, John [R-WY]</fullName>
        <isOriginalCosponsor>True</isOriginalCosponsor>
        <firstName>John</firstName>
        <sponsorshipWithdrawnDate />
        <state>WY</state>
        <bioguideId>B001261</bioguideId>
        <sponsorshipDate>2015-01-08</sponsorshipDate>
        <party>R</party>
        <lastName>Barrasso</lastName>
      </item>
      <item>
        <identifiers>
          <lisID>1464</lisID>
          <gpoId>8313</gpoId>
          <bioguideId>B000575</bioguideId>
        </identifiers>
        <middleName />
        <fullName>Sen. Blunt, Roy [R-MO]</fullName>
        <isOriginalCosponsor>True</isOriginalCosponsor>
        <firstName>Roy</firstName>
        <sponsorshipWithdrawnDate />
        <state>MO</state>
        <bioguideId>B000575</bioguideId>
        <sponsorshipDate>2015-01-08</sponsorshipDate>
        <party>R</party>
        <lastName>Blunt</lastName>
      </item>
      <item>
        <identifiers>
          <bioguideId>B001236</bioguideId>
          <lisID>1687</lisID>
          <gpoId>8247</gpoId>
        </identifiers>
        <middleName />
        <fullName>Sen. Boozman, John [R-AR]</fullName>
        <isOriginalCosponsor>True</isOriginalCosponsor>
        <firstName>John</firstName>
        <sponsorshipWithdrawnDate />
        <state>AR</state>
        <bioguideId>B001236</bioguideId>
        <sponsorshipDate>2015-01-08</sponsorshipDate>
        <party>R</party>
        <lastName>Boozman</lastName>
      </item>
      <item>
        <identifiers>
          <lisID>153</lisID>
          <gpoId>8286</gpoId>
          <bioguideId>B001135</bioguideId>
        </identifiers>
        <middleName />
        <fullName>Sen. Burr, Richard [R-NC]</fullName>
        <isOriginalCosponsor>True</isOriginalCosponsor>
        <firstName>RICHARD</firstName>
        <sponsorshipWithdrawnDate />
        <state>NC</state>
        <bioguideId>B001135</bioguideId>
        <sponsorshipDate>2015-01-08</sponsorshipDate>
        <party>R</party>
        <lastName>BURR</lastName>
      </item>
      <item>
        <identifiers>
          <gpoId>7964</gpoId>
          <lisID>1925</lisID>
          <bioguideId>C001075</bioguideId>
        </identifiers>
        <middleName />
        <fullName>Sen. Cassidy, Bill [R-LA]</fullName>
        <isOriginalCosponsor>True</isOriginalCosponsor>
        <firstName>Bill</firstName>
        <sponsorshipWithdrawnDate />
        <state>LA</state>
        <bioguideId>C001075</bioguideId>
        <sponsorshipDate>2015-01-08</sponsorshipDate>
        <party>R</party>
        <lastName>Cassidy</lastName>
      </item>
      <item>
        <identifiers>
          <lisID>209</lisID>
          <gpoId>8299</gpoId>
          <bioguideId>C000542</bioguideId>
        </identifiers>
        <middleName>RAY</middleName>
        <fullName>Sen. Coats, Daniel [R-IN]</fullName>
        <isOriginalCosponsor>True</isOriginalCosponsor>
        <firstName>DANIEL</firstName>
        <sponsorshipWithdrawnDate />
        <state>IN</state>
        <bioguideId>C000542</bioguideId>
        <sponsorshipDate>2015-01-08</sponsorshipDate>
        <party>R</party>
        <lastName>COATS</lastName>
      </item>
      <item>
        <identifiers>
          <bioguideId>C000567</bioguideId>
          <gpoId>8292</gpoId>
          <lisID>213</lisID>
        </identifiers>
        <middleName />
        <fullName>Sen. Cochran, Thad [R-MS]</fullName>
        <isOriginalCosponsor>True</isOriginalCosponsor>
        <firstName>Thad</firstName>
        <sponsorshipWithdrawnDate />
        <state>MS</state>
        <bioguideId>C000567</bioguideId>
        <sponsorshipDate>2015-01-08</sponsorshipDate>
        <party>R</party>
        <lastName>Cochran</lastName>
      </item>
      <item>
        <identifiers>
          <bioguideId>C001035</bioguideId>
          <gpoId>8291</gpoId>
          <lisID>1541</lisID>
        </identifiers>
        <middleName>MARGARET</middleName>
        <fullName>Sen. Collins, Susan M. [R-ME]</fullName>
        <isOriginalCosponsor>True</isOriginalCosponsor>
        <firstName>SUSAN</firstName>
        <sponsorshipWithdrawnDate />
        <state>ME</state>
        <bioguideId>C001035</bioguideId>
        <sponsorshipDate>2015-01-08</sponsorshipDate>
        <party>R</party>
        <lastName>COLLINS</lastName>
      </item>
      <item>
        <identifiers>
          <gpoId>8289</gpoId>
          <lisID>250</lisID>
          <bioguideId>C000880</bioguideId>
        </identifiers>
        <middleName>D.</middleName>
        <fullName>Sen. Crapo, Mike [R-ID]</fullName>
        <isOriginalCosponsor>True</isOriginalCosponsor>
        <firstName>MICHAEL</firstName>
        <sponsorshipWithdrawnDate />
        <state>ID</state>
        <bioguideId>C000880</bioguideId>
        <sponsorshipDate>2015-01-08</sponsorshipDate>
        <party>R</party>
        <lastName>CRAPO</lastName>
      </item>
      <item>
        <identifiers>
          <lisID>2138</lisID>
          <gpoId />
          <bioguideId>D000618</bioguideId>
        </identifiers>
        <middleName />
        <fullName>Sen. Daines, Steve [R-MT]</fullName>
        <isOriginalCosponsor>True</isOriginalCosponsor>
        <firstName>Steve</firstName>
        <sponsorshipWithdrawnDate />
        <state>MT</state>
        <bioguideId>D000618</bioguideId>
        <sponsorshipDate>2015-01-08</sponsorshipDate>
        <party>R</party>
        <lastName>Daines</lastName>
      </item>
      <item>
        <identifiers>
          <lisID>2179</lisID>
          <gpoId />
          <bioguideId>F000463</bioguideId>
        </identifiers>
        <middleName />
        <fullName>Sen. Fischer, Deb [R-NE]</fullName>
        <isOriginalCosponsor>True</isOriginalCosponsor>
        <firstName>Deb</firstName>
        <sponsorshipWithdrawnDate />
        <state>NE</state>
        <bioguideId>F000463</bioguideId>
        <sponsorshipDate>2015-01-08</sponsorshipDate>
        <party>R</party>
        <lastName>Fischer</lastName>
      </item>
      <item>
        <identifiers>
          <lisID>1633</lisID>
          <gpoId>7803</gpoId>
          <bioguideId>F000444</bioguideId>
        </identifiers>
        <middleName />
        <fullName>Sen. Flake, Jeff [R-AZ]</fullName>
        <isOriginalCosponsor>True</isOriginalCosponsor>
        <firstName>JEFF</firstName>
        <sponsorshipWithdrawnDate />
        <state>AZ</state>
        <bioguideId>F000444</bioguideId>
        <sponsorshipDate>2015-01-08</sponsorshipDate>
        <party>R</party>
        <lastName>FLAKE</lastName>
      </item>
      <item>
        <identifiers>
          <gpoId>8335</gpoId>
          <lisID>452</lisID>
          <bioguideId>G000359</bioguideId>
        </identifiers>
        <middleName>O.</middleName>
        <fullName>Sen. Graham, Lindsey [R-SC]</fullName>
        <isOriginalCosponsor>True</isOriginalCosponsor>
        <firstName>LINDSEY</firstName>
        <sponsorshipWithdrawnDate />
        <state>SC</state>
        <bioguideId>G000359</bioguideId>
        <sponsorshipDate>2015-01-08</sponsorshipDate>
        <party>R</party>
        <lastName>GRAHAM</lastName>
      </item>
      <item>
        <identifiers>
          <lisID>457</lisID>
          <bioguideId>G000386</bioguideId>
          <gpoId>8316</gpoId>
        </identifiers>
        <middleName>ERNEST</middleName>
        <fullName>Sen. Grassley, Chuck [R-IA]</fullName>
        <isOriginalCosponsor>True</isOriginalCosponsor>
        <firstName>CHARLES</firstName>
        <sponsorshipWithdrawnDate />
        <state>IA</state>
        <bioguideId>G000386</bioguideId>
        <sponsorshipDate>2015-01-08</sponsorshipDate>
        <party>R</party>
        <lastName>GRASSLEY</lastName>
      </item>
      <item>
        <identifiers>
          <lisID>1863</lisID>
          <gpoId>8060</gpoId>
          <bioguideId>H001041</bioguideId>
        </identifiers>
        <middleName />
        <fullName>Sen. Heller, Dean [R-NV]</fullName>
        <isOriginalCosponsor>True</isOriginalCosponsor>
        <firstName>Dean</firstName>
        <sponsorshipWithdrawnDate />
        <state>NV</state>
        <bioguideId>H001041</bioguideId>
        <sponsorshipDate>2015-01-08</sponsorshipDate>
        <party>R</party>
        <lastName>Heller</lastName>
      </item>
      <item>
        <identifiers>
          <lisID>2079</lisID>
          <bioguideId>H001061</bioguideId>
          <gpoId>8331</gpoId>
        </identifiers>
        <middleName />
        <fullName>Sen. Hoeven, John [R-ND]</fullName>
        <isOriginalCosponsor>True</isOriginalCosponsor>
        <firstName>John</firstName>
        <sponsorshipWithdrawnDate />
        <state>ND</state>
        <bioguideId>H001061</bioguideId>
        <sponsorshipDate>2015-01-08</sponsorshipDate>
        <party>R</party>
        <lastName>Hoeven</lastName>
      </item>
      <item>
        <identifiers>
          <lisID>583</lisID>
          <gpoId>8322</gpoId>
          <bioguideId>I000024</bioguideId>
        </identifiers>
        <middleName />
        <fullName>Sen. Inhofe, James M. [R-OK]</fullName>
        <isOriginalCosponsor>True</isOriginalCosponsor>
        <firstName>JIM</firstName>
        <sponsorshipWithdrawnDate />
        <state>OK</state>
        <bioguideId>I000024</bioguideId>
        <sponsorshipDate>2015-01-08</sponsorshipDate>
        <party>R</party>
        <lastName>INHOFE</lastName>
      </item>
      <item>
        <identifiers>
          <lisID>1608</lisID>
          <gpoId>8323</gpoId>
          <bioguideId>I000055</bioguideId>
        </identifiers>
        <middleName />
        <fullName>Sen. Isakson, Johnny [R-GA]</fullName>
        <isOriginalCosponsor>True</isOriginalCosponsor>
        <firstName>Johnny</firstName>
        <sponsorshipWithdrawnDate />
        <state>GA</state>
        <bioguideId>I000055</bioguideId>
        <sponsorshipDate>2015-01-08</sponsorshipDate>
        <party>R</party>
        <lastName>Isakson</lastName>
      </item>
      <item>
        <identifiers>
          <bioguideId>J000293</bioguideId>
          <gpoId>8355</gpoId>
          <lisID>2086</lisID>
        </identifiers>
        <middleName />
        <fullName>Sen. Johnson, Ron [R-WI]</fullName>
        <isOriginalCosponsor>True</isOriginalCosponsor>
        <firstName>Ron</firstName>
        <sponsorshipWithdrawnDate />
        <state>WI</state>
        <bioguideId>J000293</bioguideId>
        <sponsorshipDate>2015-01-08</sponsorshipDate>
        <party>R</party>
        <lastName>Johnson</lastName>
      </item>
      <item>
        <identifiers>
          <lisID>1647</lisID>
          <bioguideId>K000360</bioguideId>
          <gpoId>8285</gpoId>
        </identifiers>
        <middleName>STEVEN</middleName>
        <fullName>Sen. Kirk, Mark Steven [R-IL]</fullName>
        <isOriginalCosponsor>True</isOriginalCosponsor>
        <firstName>MARK</firstName>
        <sponsorshipWithdrawnDate />
        <state>IL</state>
        <bioguideId>K000360</bioguideId>
        <sponsorshipDate>2015-01-08</sponsorshipDate>
        <party>R</party>
        <lastName>KIRK</lastName>
      </item>
      <item>
        <identifiers>
          <bioguideId>M000934</bioguideId>
          <gpoId>8307</gpoId>
          <lisID>1507</lisID>
        </identifiers>
        <middleName />
        <fullName>Sen. Moran, Jerry [R-KS]</fullName>
        <isOriginalCosponsor>True</isOriginalCosponsor>
        <firstName>JERRY</firstName>
        <sponsorshipWithdrawnDate />
        <state>KS</state>
        <bioguideId>M000934</bioguideId>
        <sponsorshipDate>2015-01-08</sponsorshipDate>
        <party>R</party>
        <lastName>MORAN</lastName>
      </item>
      <item>
        <identifiers>
          <gpoId>8308</gpoId>
          <lisID>2082</lisID>
          <bioguideId>P000603</bioguideId>
        </identifiers>
        <middleName />
        <fullName>Sen. Paul, Rand [R-KY]</fullName>
        <isOriginalCosponsor>True</isOriginalCosponsor>
        <firstName>Rand</firstName>
        <sponsorshipWithdrawnDate />
        <state>KY</state>
        <bioguideId>P000603</bioguideId>
        <sponsorshipDate>2015-01-08</sponsorshipDate>
        <party>R</party>
        <lastName>Paul</lastName>
      </item>
      <item>
        <identifiers>
          <lisID>924</lisID>
          <bioguideId>P000449</bioguideId>
          <gpoId>8266</gpoId>
        </identifiers>
        <middleName />
        <fullName>Sen. Portman, Rob [R-OH]</fullName>
        <isOriginalCosponsor>True</isOriginalCosponsor>
        <firstName>ROB</firstName>
        <sponsorshipWithdrawnDate />
        <state>OH</state>
        <bioguideId>P000449</bioguideId>
        <sponsorshipDate>2015-01-08</sponsorshipDate>
        <party>R</party>
        <lastName>PORTMAN</lastName>
      </item>
      <item>
        <identifiers>
          <lisID>968</lisID>
          <gpoId>8275</gpoId>
          <bioguideId>R000307</bioguideId>
        </identifiers>
        <middleName />
        <fullName>Sen. Roberts, Pat [R-KS]</fullName>
        <isOriginalCosponsor>True</isOriginalCosponsor>
        <firstName>PAT</firstName>
        <sponsorshipWithdrawnDate />
        <state>KS</state>
        <bioguideId>R000307</bioguideId>
        <sponsorshipDate>2015-01-08</sponsorshipDate>
        <party>R</party>
        <lastName>ROBERTS</lastName>
      </item>
      <item>
        <identifiers>
          <bioguideId>R000595</bioguideId>
          <lisID>2084</lisID>
          <gpoId>8242</gpoId>
        </identifiers>
        <middleName />
        <fullName>Sen. Rubio, Marco [R-FL]</fullName>
        <isOriginalCosponsor>True</isOriginalCosponsor>
        <firstName>Marco</firstName>
        <sponsorshipWithdrawnDate />
        <state>FL</state>
        <bioguideId>R000595</bioguideId>
        <sponsorshipDate>2015-01-08</sponsorshipDate>
        <party>R</party>
        <lastName>Rubio</lastName>
      </item>
      <item>
        <identifiers>
          <bioguideId>S001184</bioguideId>
          <gpoId>8141</gpoId>
          <lisID>2056</lisID>
        </identifiers>
        <middleName />
        <fullName>Sen. Scott, Tim [R-SC]</fullName>
        <isOriginalCosponsor>True</isOriginalCosponsor>
        <firstName>Tim</firstName>
        <sponsorshipWithdrawnDate />
        <state>SC</state>
        <bioguideId>S001184</bioguideId>
        <sponsorshipDate>2015-01-08</sponsorshipDate>
        <party>R</party>
        <lastName>Scott</lastName>
      </item>
      <item>
        <identifiers>
          <bioguideId>T000250</bioguideId>
          <lisID>1534</lisID>
          <gpoId>8257</gpoId>
        </identifiers>
        <middleName>R.</middleName>
        <fullName>Sen. Thune, John [R-SD]</fullName>
        <isOriginalCosponsor>True</isOriginalCosponsor>
        <firstName>JOHN</firstName>
        <sponsorshipWithdrawnDate />
        <state>SD</state>
        <bioguideId>T000250</bioguideId>
        <sponsorshipDate>2015-01-08</sponsorshipDate>
        <party>R</party>
        <lastName>THUNE</lastName>
      </item>
      <item>
        <identifiers>
          <lisID>2291</lisID>
          <gpoId />
          <bioguideId>T000476</bioguideId>
        </identifiers>
        <middleName>Roland</middleName>
        <fullName>Sen. Tillis, Thom [R-NC]</fullName>
        <isOriginalCosponsor>True</isOriginalCosponsor>
        <firstName>Thomas</firstName>
        <sponsorshipWithdrawnDate />
        <state>NC</state>
        <bioguideId>T000476</bioguideId>
        <sponsorshipDate>2015-01-08</sponsorshipDate>
        <party>R</party>
        <lastName>Tillis</lastName>
      </item>
      <item>
        <identifiers>
          <bioguideId>T000461</bioguideId>
          <gpoId />
          <lisID>1594</lisID>
        </identifiers>
        <middleName />
        <fullName>Sen. Toomey, Pat [R-PA]</fullName>
        <isOriginalCosponsor>True</isOriginalCosponsor>
        <firstName>Pat</firstName>
        <sponsorshipWithdrawnDate />
        <state>PA</state>
        <bioguideId>T000461</bioguideId>
        <sponsorshipDate>2015-01-08</sponsorshipDate>
        <party>R</party>
        <lastName>Toomey</lastName>
      </item>
      <item>
        <identifiers>
          <gpoId>8263</gpoId>
          <lisID>1226</lisID>
          <bioguideId>W000437</bioguideId>
        </identifiers>
        <middleName>F.</middleName>
        <fullName>Sen. Wicker, Roger F. [R-MS]</fullName>
        <isOriginalCosponsor>True</isOriginalCosponsor>
        <firstName>ROGER</firstName>
        <sponsorshipWithdrawnDate />
        <state>MS</state>
        <bioguideId>W000437</bioguideId>
        <sponsorshipDate>2015-01-08</sponsorshipDate>
        <party>R</party>
        <lastName>WICKER</lastName>
      </item>
      <item>
        <identifiers>
          <bioguideId>S000320</bioguideId>
          <lisID>1049</lisID>
          <gpoId>8277</gpoId>
        </identifiers>
        <middleName>CRAIG</middleName>
        <fullName>Sen. Shelby, Richard C. [R-AL]</fullName>
        <isOriginalCosponsor>False</isOriginalCosponsor>
        <firstName>RICHARD</firstName>
        <sponsorshipWithdrawnDate />
        <state>AL</state>
        <bioguideId>S000320</bioguideId>
        <sponsorshipDate>2015-01-12</sponsorshipDate>
        <party>R</party>
        <lastName>SHELBY</lastName>
      </item>
      <item>
        <identifiers>
          <lisID>2050</lisID>
          <gpoId>8113</gpoId>
          <bioguideId>L000575</bioguideId>
        </identifiers>
        <middleName />
        <fullName>Sen. Lankford, James [R-OK]</fullName>
        <isOriginalCosponsor>False</isOriginalCosponsor>
        <firstName>James</firstName>
        <sponsorshipWithdrawnDate />
        <state>OK</state>
        <bioguideId>L000575</bioguideId>
        <sponsorshipDate>2015-01-12</sponsorshipDate>
        <party>R</party>
        <lastName>Lankford</lastName>
      </item>
      <item>
        <identifiers>
          <gpoId>8267</gpoId>
          <lisID>1609</lisID>
          <bioguideId>V000127</bioguideId>
        </identifiers>
        <middleName />
        <fullName>Sen. Vitter, David [R-LA]</fullName>
        <isOriginalCosponsor>False</isOriginalCosponsor>
        <firstName>David</firstName>
        <sponsorshipWithdrawnDate />
        <state>LA</state>
        <bioguideId>V000127</bioguideId>
        <sponsorshipDate>2015-01-12</sponsorshipDate>
        <party>R</party>
        <lastName>Vitter</lastName>
      </item>
      <item>
        <identifiers>
          <lisID>1998</lisID>
          <gpoId>7862</gpoId>
          <bioguideId>G000562</bioguideId>
        </identifiers>
        <middleName />
        <fullName>Sen. Gardner, Cory [R-CO]</fullName>
        <isOriginalCosponsor>False</isOriginalCosponsor>
        <firstName>Cory</firstName>
        <sponsorshipWithdrawnDate />
        <state>CO</state>
        <bioguideId>G000562</bioguideId>
        <sponsorshipDate>2015-01-13</sponsorshipDate>
        <party>R</party>
        <lastName>Gardner</lastName>
      </item>
      <item>
        <identifiers>
          <gpoId />
          <lisID>2283</lisID>
          <bioguideId>E000295</bioguideId>
        </identifiers>
        <middleName />
        <fullName>Sen. Ernst, Joni  [R-IA]</fullName>
        <isOriginalCosponsor>False</isOriginalCosponsor>
        <firstName>Joni</firstName>
        <sponsorshipWithdrawnDate />
        <state>IA</state>
        <bioguideId>E000295</bioguideId>
        <sponsorshipDate>2015-02-09</sponsorshipDate>
        <party>R</party>
        <lastName>Ernst</lastName>
      </item>
      <item>
        <identifiers>
          <bioguideId>C001047</bioguideId>
          <lisID>1676</lisID>
          <gpoId>8223</gpoId>
        </identifiers>
        <middleName>MOORE</middleName>
        <fullName>Sen. Capito, Shelley Moore [R-WV]</fullName>
        <isOriginalCosponsor>False</isOriginalCosponsor>
        <firstName>SHELLEY</firstName>
        <sponsorshipWithdrawnDate />
        <state>WV</state>
        <bioguideId>C001047</bioguideId>
        <sponsorshipDate>2015-02-26</sponsorshipDate>
        <party>R</party>
        <lastName>CAPITO</lastName>
      </item>
      <item>
        <identifiers>
          <bioguideId>R000605</bioguideId>
          <lisID>2288</lisID>
          <gpoId />
        </identifiers>
        <middleName />
        <fullName>Sen. Rounds, Mike  [R-SD]</fullName>
        <isOriginalCosponsor>False</isOriginalCosponsor>
        <firstName>Mike</firstName>
        <sponsorshipWithdrawnDate />
        <state>SD</state>
        <bioguideId>R000605</bioguideId>
        <sponsorshipDate>2015-05-04</sponsorshipDate>
        <party>R</party>
        <lastName>Rounds</lastName>
      </item>
      <item>
        <identifiers>
          <lisID>2098</lisID>
          <gpoId />
          <bioguideId>C001095</bioguideId>
        </identifiers>
        <middleName />
        <fullName>Sen. Cotton, Tom [R-AR]</fullName>
        <isOriginalCosponsor>False</isOriginalCosponsor>
        <firstName>Tom</firstName>
        <sponsorshipWithdrawnDate />
        <state>AR</state>
        <bioguideId>C001095</bioguideId>
        <sponsorshipDate>2015-05-11</sponsorshipDate>
        <party>R</party>
        <lastName>Cotton</lastName>
      </item>
      <item>
        <identifiers>
          <lisID>2286</lisID>
          <gpoId />
          <bioguideId>P000612</bioguideId>
        </identifiers>
        <middleName>Alfred</middleName>
        <fullName>Sen. Perdue, David [R-GA]</fullName>
        <isOriginalCosponsor>False</isOriginalCosponsor>
        <firstName>David</firstName>
        <sponsorshipWithdrawnDate />
        <state>GA</state>
        <bioguideId>P000612</bioguideId>
        <sponsorshipDate>2015-05-19</sponsorshipDate>
        <party>R</party>
        <lastName>Perdue</lastName>
      </item>
      <item>
        <identifiers>
          <gpoId>8253</gpoId>
          <lisID>754</lisID>
          <bioguideId>M000303</bioguideId>
        </identifiers>
        <middleName>SIDNEY</middleName>
        <fullName>Sen. McCain, John [R-AZ]</fullName>
        <isOriginalCosponsor>False</isOriginalCosponsor>
        <firstName>JOHN</firstName>
        <sponsorshipWithdrawnDate />
        <state>AZ</state>
        <bioguideId>M000303</bioguideId>
        <sponsorshipDate>2015-07-29</sponsorshipDate>
        <party>R</party>
        <lastName>MCCAIN</lastName>
      </item>
    </cosponsors>
    <calendarNumbers />
    <committeeReports />
    <congress>114</congress>
    <title>Protecting Seniors' Access to Medicare Act of 2015</title>
    <introducedDate>2015-01-08</introducedDate>
    <actions>
      <actionByCounts>
        <senate>2</senate>
      </actionByCounts>
      <item>
        <actionDate>2015-01-08</actionDate>
        <committee>
          <name>Finance Committee</name>
          <systemCode>ssfi00</systemCode>
        </committee>
        <links>
          <link>
            <url>https://www.congress.gov/congressional-record/volume-161/senate-section/page/S107</url>
            <name>S107</name>
          </link>
        </links>
        <sourceSystem>
          <name>Senate</name>
          <code>0</code>
        </sourceSystem>
        <text>Read twice and referred to the Committee on Finance. (text of measure as introduced: CR S107)</text>
        <type>IntroReferral</type>
      </item>
      <item>
        <actionCode>10000</actionCode>
        <links />
        <type>IntroReferral</type>
        <actionDate>2015-01-08</actionDate>
        <committee />
        <text>Introduced in Senate</text>
        <sourceSystem>
          <name>Library of Congress</name>
          <code>9</code>
        </sourceSystem>
      </item>
      <actionTypeCounts>
        <introducedInSenate>1</introducedInSenate>
        <referredToCommittee>1</referredToCommittee>
      </actionTypeCounts>
    </actions>
    <summaries>
      <billSummaries>
        <item>
          <updateDate>2015-01-08T05:00:00Z</updateDate>
          <lastSummaryUpdateDate>2015-03-13T14:56:36Z</lastSummaryUpdateDate>
          <actionDate>2015-01-08</actionDate>
          <text><![CDATA[<p><b>Protecting Seniors' Access to Medicare Act of 2015</b></p> <p>Repeals sections of the Patient Protection and Affordable Care Act (and restores provisions of law amended by those sections) related to the establishment of an Independent Payment Advisory Board to develop proposals to reduce the per capita rate of growth in spending under title XVIII (Medicare) of the Social Security Act.</p>]]></text>
          <name>Introduced in Senate</name>
          <versionCode>00</versionCode>
          <actionDesc>Introduced in Senate</actionDesc>
        </item>
      </billSummaries>
    </summaries>
    <laws />
    <createDate>2015-01-09T01:03:46Z</createDate>
    <titles>
      <item>
        <titleType>Short Titles as Introduced</titleType>
        <parentTitleType />
        <title>Protecting Seniors' Access to Medicare Act of 2015</title>
        <chamberName />
        <chamberCode />
      </item>
      <item>
        <titleType>Official Title as Introduced</titleType>
        <parentTitleType />
        <title>A bill to repeal the provisions of the Patient Protection and Affordable Care Act providing for the Independent Payment Advisory Board.</title>
        <chamberName />
        <chamberCode />
      </item>
      <item>
        <titleType>Display Title</titleType>
        <parentTitleType />
        <title>Protecting Seniors' Access to Medicare Act of 2015</title>
        <chamberName />
        <chamberCode />
      </item>
    </titles>
    <cboCostEstimates />
    <recordedVotes />
    <billType>S</billType>
  </bill>
  <dublinCore xmlns:dc="http://purl.org/dc/elements/1.1/">
    <dc:format>text/xml</dc:format>
    <dc:language>EN</dc:language>
    <dc:rights>Pursuant to Title 17 Section 105 of the United States Code, this file is not subject to copyright protection and is in the public domain.</dc:rights>
    <dc:contributor>Congressional Research Service, Library of Congress</dc:contributor>
    <dc:description>This file contains bill summaries and statuses for federal legislation. A bill summary describes the most significant provisions of a piece of legislation and details the effects the legislative text may have on current law and federal programs. Bill summaries are authored by the Congressional Research Service (CRS) of the Library of Congress. As stated in Public Law 91-510 (2 USC 166 (d)(6)), one of the duties of CRS is "to prepare summaries and digests of bills and resolutions of a public general nature introduced in the Senate or House of Representatives". For more information, refer to the User Guide that accompanies this file.</dc:description>
  </dublinCore>
</billStatus>

