<?xml version="1.0" encoding="UTF-8"?>
<billStatus>
  <bill>
    <cboCostEstimates />
    <policyArea>
      <name>Taxation</name>
    </policyArea>
    <notes />
    <committeeReports />
    <titles>
      <item>
        <chamberCode />
        <title>Charitable Agricultural Research Act</title>
        <chamberName />
        <titleType>Short Titles as Introduced</titleType>
        <parentTitleType />
      </item>
      <item>
        <chamberCode />
        <title>A bill to amend the Internal Revenue Code of 1986 to provide for the deductibility of charitable contributions to agricultural research organizations, and for other purposes.</title>
        <chamberName />
        <titleType>Official Title as Introduced</titleType>
        <parentTitleType />
      </item>
      <item>
        <chamberCode />
        <title>Charitable Agricultural Research Act</title>
        <chamberName />
        <titleType>Display Title</titleType>
        <parentTitleType />
      </item>
    </titles>
    <summaries>
      <billSummaries>
        <item>
          <versionCode>00</versionCode>
          <actionDate>2015-05-21</actionDate>
          <text><![CDATA[<p><strong>Charitable Agricultural Research Act</strong></p> <p>This bill amends the Internal Revenue Code to: (1) allow a tax deduction for charitable contributions to agricultural research organizations directly engaged in the continuous active conduct of research in conjunction with an agricultural college or university, and (2) extend to such organizations the prohibition against expenditures by public charities to influence legislation.</p>]]></text>
          <lastSummaryUpdateDate>2015-07-15T20:22:24Z</lastSummaryUpdateDate>
          <actionDesc>Introduced in Senate</actionDesc>
          <name>Introduced in Senate</name>
          <updateDate>2015-05-21T04:00:00Z</updateDate>
        </item>
      </billSummaries>
    </summaries>
    <createDate>2015-05-22T13:34:50Z</createDate>
    <recordedVotes />
    <billNumber>1429</billNumber>
    <introducedDate>2015-05-21</introducedDate>
    <relatedBills>
      <item>
        <congress>114</congress>
        <type>HR</type>
        <relationshipDetails>
          <item>
            <identifiedBy>CRS</identifiedBy>
            <type>Identical bill</type>
          </item>
        </relationshipDetails>
        <number>2838</number>
        <latestAction>
          <actionDate>2015-06-18</actionDate>
          <text>Referred to the House Committee on Ways and Means.</text>
        </latestAction>
        <latestTitle>Charitable Agricultural Research Act</latestTitle>
      </item>
    </relatedBills>
    <updateDate>2016-11-02T23:29:28Z</updateDate>
    <committees>
      <billCommittees>
        <item>
          <subcommittees />
          <chamber>Senate</chamber>
          <systemCode>ssfi00</systemCode>
          <activities>
            <item>
              <date>2015-05-21T18:58:47Z</date>
              <name>Referred to</name>
            </item>
          </activities>
          <type>Standing</type>
          <name>Finance Committee</name>
        </item>
      </billCommittees>
    </committees>
    <congress>114</congress>
    <laws />
    <title>Charitable Agricultural Research Act</title>
    <calendarNumbers />
    <sponsors>
      <item>
        <identifiers>
          <gpoId>8257</gpoId>
          <lisID>1534</lisID>
          <bioguideId>T000250</bioguideId>
        </identifiers>
        <byRequestType />
        <fullName>Sen. Thune, John [R-SD]</fullName>
        <firstName>JOHN</firstName>
        <state>SD</state>
        <bioguideId>T000250</bioguideId>
        <middleName>R.</middleName>
        <party>R</party>
        <lastName>THUNE</lastName>
      </item>
    </sponsors>
    <actions>
      <actionTypeCounts>
        <referredToCommittee>1</referredToCommittee>
        <introducedInSenate>1</introducedInSenate>
      </actionTypeCounts>
      <item>
        <actionDate>2015-05-21</actionDate>
        <committee>
          <name>Finance Committee</name>
          <systemCode>ssfi00</systemCode>
        </committee>
        <links />
        <sourceSystem>
          <code>0</code>
          <name>Senate</name>
        </sourceSystem>
        <text>Read twice and referred to the Committee on Finance.</text>
        <type>IntroReferral</type>
      </item>
      <item>
        <actionDate>2015-05-21</actionDate>
        <sourceSystem>
          <code>9</code>
          <name>Library of Congress</name>
        </sourceSystem>
        <text>Introduced in Senate</text>
        <type>IntroReferral</type>
        <links />
        <actionCode>10000</actionCode>
        <committee />
      </item>
      <actionByCounts>
        <senate>2</senate>
      </actionByCounts>
    </actions>
    <amendments />
    <originChamber>Senate</originChamber>
    <latestAction>
      <text>Read twice and referred to the Committee on Finance.</text>
      <actionDate>2015-05-21</actionDate>
      <links />
    </latestAction>
    <subjects>
      <billSubjects>
        <policyArea>
          <name>Taxation</name>
        </policyArea>
        <legislativeSubjects>
          <item>
            <name>Agricultural research</name>
          </item>
          <item>
            <name>Charitable contributions</name>
          </item>
          <item>
            <name>Higher education</name>
          </item>
          <item>
            <name>Income tax deductions</name>
          </item>
          <item>
            <name>Public participation and lobbying</name>
          </item>
          <item>
            <name>Social work, volunteer service, charitable organizations</name>
          </item>
          <item>
            <name>Tax-exempt organizations</name>
          </item>
        </legislativeSubjects>
      </billSubjects>
    </subjects>
    <cosponsors>
      <item>
        <state>MI</state>
        <fullName>Sen. Stabenow, Debbie [D-MI]</fullName>
        <sponsorshipDate>2015-05-21</sponsorshipDate>
        <middleName>ANN</middleName>
        <identifiers>
          <lisID>1531</lisID>
          <gpoId>8261</gpoId>
          <bioguideId>S000770</bioguideId>
        </identifiers>
        <firstName>DEBORAH</firstName>
        <lastName>STABENOW</lastName>
        <bioguideId>S000770</bioguideId>
        <isOriginalCosponsor>True</isOriginalCosponsor>
        <sponsorshipWithdrawnDate />
        <party>D</party>
      </item>
      <item>
        <state>OK</state>
        <fullName>Sen. Inhofe, James M. [R-OK]</fullName>
        <sponsorshipDate>2015-05-21</sponsorshipDate>
        <middleName />
        <identifiers>
          <bioguideId>I000024</bioguideId>
          <lisID>583</lisID>
          <gpoId>8322</gpoId>
        </identifiers>
        <firstName>JIM</firstName>
        <lastName>INHOFE</lastName>
        <bioguideId>I000024</bioguideId>
        <isOriginalCosponsor>True</isOriginalCosponsor>
        <sponsorshipWithdrawnDate />
        <party>R</party>
      </item>
      <item>
        <state>OR</state>
        <fullName>Sen. Wyden, Ron [D-OR]</fullName>
        <sponsorshipDate>2015-05-21</sponsorshipDate>
        <middleName />
        <identifiers>
          <gpoId>8265</gpoId>
          <lisID>1247</lisID>
          <bioguideId>W000779</bioguideId>
        </identifiers>
        <firstName>RON</firstName>
        <lastName>WYDEN</lastName>
        <bioguideId>W000779</bioguideId>
        <isOriginalCosponsor>True</isOriginalCosponsor>
        <sponsorshipWithdrawnDate />
        <party>D</party>
      </item>
      <item>
        <state>MO</state>
        <fullName>Sen. Blunt, Roy [R-MO]</fullName>
        <sponsorshipDate>2015-05-21</sponsorshipDate>
        <middleName />
        <identifiers>
          <bioguideId>B000575</bioguideId>
          <lisID>1464</lisID>
          <gpoId>8313</gpoId>
        </identifiers>
        <firstName>Roy</firstName>
        <lastName>Blunt</lastName>
        <bioguideId>B000575</bioguideId>
        <isOriginalCosponsor>True</isOriginalCosponsor>
        <sponsorshipWithdrawnDate />
        <party>R</party>
      </item>
      <item>
        <state>MS</state>
        <fullName>Sen. Cochran, Thad [R-MS]</fullName>
        <sponsorshipDate>2015-05-21</sponsorshipDate>
        <middleName />
        <identifiers>
          <lisID>213</lisID>
          <bioguideId>C000567</bioguideId>
          <gpoId>8292</gpoId>
        </identifiers>
        <firstName>Thad</firstName>
        <lastName>Cochran</lastName>
        <bioguideId>C000567</bioguideId>
        <isOriginalCosponsor>True</isOriginalCosponsor>
        <sponsorshipWithdrawnDate />
        <party>R</party>
      </item>
      <item>
        <state>MN</state>
        <fullName>Sen. Klobuchar, Amy [D-MN]</fullName>
        <sponsorshipDate>2015-05-21</sponsorshipDate>
        <middleName />
        <identifiers>
          <lisID>1826</lisID>
          <bioguideId>K000367</bioguideId>
          <gpoId>8249</gpoId>
        </identifiers>
        <firstName>Amy</firstName>
        <lastName>Klobuchar</lastName>
        <bioguideId>K000367</bioguideId>
        <isOriginalCosponsor>True</isOriginalCosponsor>
        <sponsorshipWithdrawnDate />
        <party>D</party>
      </item>
      <item>
        <state>WA</state>
        <fullName>Sen. Cantwell, Maria [D-WA]</fullName>
        <sponsorshipDate>2015-07-13</sponsorshipDate>
        <middleName />
        <identifiers>
          <bioguideId>C000127</bioguideId>
          <gpoId>8288</gpoId>
          <lisID>172</lisID>
        </identifiers>
        <firstName>MARIA</firstName>
        <lastName>CANTWELL</lastName>
        <bioguideId>C000127</bioguideId>
        <isOriginalCosponsor>False</isOriginalCosponsor>
        <sponsorshipWithdrawnDate />
        <party>D</party>
      </item>
    </cosponsors>
    <billType>S</billType>
  </bill>
  <dublinCore xmlns:dc="http://purl.org/dc/elements/1.1/">
    <dc:format>text/xml</dc:format>
    <dc:language>EN</dc:language>
    <dc:rights>Pursuant to Title 17 Section 105 of the United States Code, this file is not subject to copyright protection and is in the public domain.</dc:rights>
    <dc:contributor>Congressional Research Service, Library of Congress</dc:contributor>
    <dc:description>This file contains bill summaries and statuses for federal legislation. A bill summary describes the most significant provisions of a piece of legislation and details the effects the legislative text may have on current law and federal programs. Bill summaries are authored by the Congressional Research Service (CRS) of the Library of Congress. As stated in Public Law 91-510 (2 USC 166 (d)(6)), one of the duties of CRS is "to prepare summaries and digests of bills and resolutions of a public general nature introduced in the Senate or House of Representatives". For more information, refer to the User Guide that accompanies this file.</dc:description>
  </dublinCore>
</billStatus>

