<?xml version="1.0" encoding="UTF-8"?>
<billStatus>
  <bill>
    <cboCostEstimates />
    <policyArea>
      <name>Health</name>
    </policyArea>
    <notes />
    <committeeReports />
    <titles>
      <item>
        <chamberCode />
        <title>Pregnant Women Health and Safety Act</title>
        <chamberName />
        <titleType>Short Titles as Introduced</titleType>
        <parentTitleType />
      </item>
      <item>
        <chamberCode />
        <title>A bill to impose admitting privilege requirements with respect to physicians who perform abortions.</title>
        <chamberName />
        <titleType>Official Title as Introduced</titleType>
        <parentTitleType />
      </item>
      <item>
        <chamberCode />
        <title>Pregnant Women Health and Safety Act</title>
        <chamberName />
        <titleType>Display Title</titleType>
        <parentTitleType />
      </item>
    </titles>
    <summaries>
      <billSummaries>
        <item>
          <versionCode>00</versionCode>
          <actionDate>2015-01-07</actionDate>
          <text><![CDATA[<p><b>Pregnant Women Health and Safety Act</b></p> <p>Requires a person who performs an abortion to have admitting privileges at a local hospital and notify the patient of the location of the hospital where the patient can receive follow-up care by the person if complications arise. Exempts from these requirements a person who performs an abortion that is necessary to save the life of a mother whose life is endangered by a physical condition. Subjects to fines and/or imprisonment any person who knowingly performs an abortion but fails to comply with this Act. </p> <p>Prohibits a woman upon whom an abortion is performed from being prosecuted for conspiracy to violate this Act.</p> <p>Requires each abortion clinic that receives federal funds or assistance to be licensed by the state and be in compliance with the requirements for ambulatory surgery centers under title XVIII (Medicare) of the Social Security Act, except for requirements related to a certificate of public need. Allows a state board of health to waive the application of certain structural requirements for licensing purposes in order to comply with this Act.</p>]]></text>
          <lastSummaryUpdateDate>2015-02-06T17:37:36Z</lastSummaryUpdateDate>
          <actionDesc>Introduced in Senate</actionDesc>
          <name>Introduced in Senate</name>
          <updateDate>2015-01-07T05:00:00Z</updateDate>
        </item>
      </billSummaries>
    </summaries>
    <createDate>2015-01-08T02:24:26Z</createDate>
    <recordedVotes />
    <billNumber>78</billNumber>
    <introducedDate>2015-01-07</introducedDate>
    <relatedBills />
    <updateDate>2016-11-02T23:17:34Z</updateDate>
    <committees>
      <billCommittees>
        <item>
          <activities>
            <item>
              <date>2015-01-07T21:36:03Z</date>
              <name>Referred to</name>
            </item>
          </activities>
          <chamber>Senate</chamber>
          <subcommittees />
          <systemCode>sshr00</systemCode>
          <type>Standing</type>
          <name>Health, Education, Labor, and Pensions Committee</name>
        </item>
      </billCommittees>
    </committees>
    <congress>114</congress>
    <laws />
    <title>Pregnant Women Health and Safety Act</title>
    <calendarNumbers />
    <sponsors>
      <item>
        <identifiers>
          <lisID>1609</lisID>
          <gpoId>8267</gpoId>
          <bioguideId>V000127</bioguideId>
        </identifiers>
        <byRequestType />
        <fullName>Sen. Vitter, David [R-LA]</fullName>
        <firstName>David</firstName>
        <state>LA</state>
        <bioguideId>V000127</bioguideId>
        <middleName />
        <party>R</party>
        <lastName>Vitter</lastName>
      </item>
    </sponsors>
    <actions>
      <actionTypeCounts>
        <introducedInSenate>1</introducedInSenate>
        <referredToCommittee>1</referredToCommittee>
      </actionTypeCounts>
      <actionByCounts>
        <senate>2</senate>
      </actionByCounts>
      <item>
        <actionDate>2015-01-07</actionDate>
        <committee>
          <systemCode>sshr00</systemCode>
          <name>Health, Education, Labor, and Pensions Committee</name>
        </committee>
        <links />
        <sourceSystem>
          <name>Senate</name>
          <code>0</code>
        </sourceSystem>
        <text>Read twice and referred to the Committee on Health, Education, Labor, and Pensions.</text>
        <type>IntroReferral</type>
      </item>
      <item>
        <actionCode>10000</actionCode>
        <actionDate>2015-01-07</actionDate>
        <text>Introduced in Senate</text>
        <committee />
        <type>IntroReferral</type>
        <links />
        <sourceSystem>
          <name>Library of Congress</name>
          <code>9</code>
        </sourceSystem>
      </item>
    </actions>
    <amendments />
    <originChamber>Senate</originChamber>
    <latestAction>
      <text>Read twice and referred to the Committee on Health, Education, Labor, and Pensions.</text>
      <actionDate>2015-01-07</actionDate>
      <links />
    </latestAction>
    <subjects>
      <billSubjects>
        <policyArea>
          <name>Health</name>
        </policyArea>
        <legislativeSubjects>
          <item>
            <name>Abortion</name>
          </item>
          <item>
            <name>Criminal investigation, prosecution, interrogation</name>
          </item>
          <item>
            <name>Health facilities and institutions</name>
          </item>
          <item>
            <name>Health personnel</name>
          </item>
          <item>
            <name>Health programs administration and funding</name>
          </item>
          <item>
            <name>Licensing and registrations</name>
          </item>
          <item>
            <name>Medicare</name>
          </item>
          <item>
            <name>State and local government operations</name>
          </item>
          <item>
            <name>Women's health</name>
          </item>
        </legislativeSubjects>
      </billSubjects>
    </subjects>
    <cosponsors />
    <billType>S</billType>
  </bill>
  <dublinCore xmlns:dc="http://purl.org/dc/elements/1.1/">
    <dc:format>text/xml</dc:format>
    <dc:language>EN</dc:language>
    <dc:rights>Pursuant to Title 17 Section 105 of the United States Code, this file is not subject to copyright protection and is in the public domain.</dc:rights>
    <dc:contributor>Congressional Research Service, Library of Congress</dc:contributor>
    <dc:description>This file contains bill summaries and statuses for federal legislation. A bill summary describes the most significant provisions of a piece of legislation and details the effects the legislative text may have on current law and federal programs. Bill summaries are authored by the Congressional Research Service (CRS) of the Library of Congress. As stated in Public Law 91-510 (2 USC 166 (d)(6)), one of the duties of CRS is "to prepare summaries and digests of bills and resolutions of a public general nature introduced in the Senate or House of Representatives". For more information, refer to the User Guide that accompanies this file.</dc:description>
  </dublinCore>
</billStatus>

