<?xml version="1.0" encoding="UTF-8"?>
<billStatus>
  <bill>
    <committees>
      <billCommittees>
        <item>
          <subcommittees />
          <chamber>Senate</chamber>
          <systemCode>ssva00</systemCode>
          <activities>
            <item>
              <date>2015-04-16T21:00:55Z</date>
              <name>Referred to</name>
            </item>
          </activities>
          <type>Standing</type>
          <name>Veterans' Affairs Committee</name>
        </item>
      </billCommittees>
    </committees>
    <introducedDate>2015-04-16</introducedDate>
    <congress>114</congress>
    <laws />
    <calendarNumbers />
    <originChamber>Senate</originChamber>
    <titles>
      <item>
        <chamberCode />
        <title>Department of Veterans Affairs Construction, Accountability, and Reform Act</title>
        <chamberName />
        <titleType>Short Titles as Introduced</titleType>
        <parentTitleType />
      </item>
      <item>
        <chamberCode />
        <title>A bill to extend the authorization for the major medical facility project to replace the medical center of the Department of Veterans Affairs in Aurora, Colorado, to direct the Secretary of Veterans Affairs to enter into an agreement with the Army Corps of Engineers to manage the construction of such project, to transfer the authority to carry out future major medical facility projects of the Department from the Secretary to the Army Corps of Engineers, and for other purposes.</title>
        <chamberName />
        <titleType>Official Title as Introduced</titleType>
        <parentTitleType />
      </item>
      <item>
        <chamberCode />
        <title>Department of Veterans Affairs Construction, Accountability, and Reform Act</title>
        <chamberName />
        <titleType>Display Title</titleType>
        <parentTitleType />
      </item>
    </titles>
    <createDate>2015-04-17T09:02:01Z</createDate>
    <title>Department of Veterans Affairs Construction, Accountability, and Reform Act</title>
    <cboCostEstimates />
    <summaries>
      <billSummaries>
        <item>
          <updateDate>2015-04-16T04:00:00Z</updateDate>
          <versionCode>00</versionCode>
          <lastSummaryUpdateDate>2015-05-04T22:22:23Z</lastSummaryUpdateDate>
          <name>Introduced in Senate</name>
          <actionDate>2015-04-16</actionDate>
          <actionDesc>Introduced in Senate</actionDesc>
          <text><![CDATA[<p><strong>Department of Veterans Affairs Construction, Accountability, and Reform Act</strong></p> <p>This bill authorizes the Secretary of Veterans Affairs (VA) to carry out the Aurora medical facility project to replace the VA Medical Center in Aurora, Colorado.</p> <p> The Secretary may not pay any bonus during FY2015-FY2016.</p> <p>If the project to replace the VA Medical Center in Aurora, Colorado, is not completed by September 30, 2016, the Secretary may not pay any bonus until the date on which the Secretary certifies to Congress that such major medical facility project is fully operational. The aggregate amount of subsequent fiscal year bonuses is capped through FY2024.</p> <p>The Secretary shall enter into an agreement with the Secretary of the Army for the Army Corps of Engineers to carry out the design, contract, construction management, and other similar services for the Aurora project.</p> <p>The Secretary is prohibited from carrying out any major medical facility project. </p> <p>The Secretary of the Army, through the Chief of Engineers, shall carry out all major medical facility projects for the Department. </p> <p>The Government Accountability Office shall review the Secretary's management of the Aurora project.</p> <p>The Secretary must notify Congress at least 120 days (currently at least 30 days) before obligating funds for major medical facility projects that exceed authorized amounts.</p>]]></text>
        </item>
      </billSummaries>
    </summaries>
    <recordedVotes />
    <notes />
    <policyArea>
      <name>Armed Forces and National Security</name>
    </policyArea>
    <updateDate>2016-11-02T23:25:42Z</updateDate>
    <cosponsors>
      <item>
        <fullName>Sen. Bennet, Michael F. [D-CO]</fullName>
        <firstName>Michael</firstName>
        <state>CO</state>
        <lastName>Bennet</lastName>
        <isOriginalCosponsor>False</isOriginalCosponsor>
        <identifiers>
          <lisID>1965</lisID>
          <gpoId>8302</gpoId>
          <bioguideId>B001267</bioguideId>
        </identifiers>
        <middleName>F.</middleName>
        <sponsorshipWithdrawnDate />
        <party>D</party>
        <sponsorshipDate>2015-04-22</sponsorshipDate>
        <bioguideId>B001267</bioguideId>
      </item>
    </cosponsors>
    <billNumber>997</billNumber>
    <subjects>
      <billSubjects>
        <policyArea>
          <name>Armed Forces and National Security</name>
        </policyArea>
        <legislativeSubjects>
          <item>
            <name>Building construction</name>
          </item>
          <item>
            <name>Colorado</name>
          </item>
          <item>
            <name>Congressional oversight</name>
          </item>
          <item>
            <name>Department of Veterans Affairs</name>
          </item>
          <item>
            <name>Government buildings, facilities, and property</name>
          </item>
          <item>
            <name>Government employee pay, benefits, personnel management</name>
          </item>
          <item>
            <name>Government studies and investigations</name>
          </item>
          <item>
            <name>Health facilities and institutions</name>
          </item>
          <item>
            <name>Veterans' medical care</name>
          </item>
        </legislativeSubjects>
      </billSubjects>
    </subjects>
    <latestAction>
      <text>Read twice and referred to the Committee on Veterans' Affairs.</text>
      <links />
      <actionDate>2015-04-16</actionDate>
    </latestAction>
    <amendments />
    <actions>
      <actionTypeCounts>
        <introducedInSenate>1</introducedInSenate>
        <referredToCommittee>1</referredToCommittee>
      </actionTypeCounts>
      <item>
        <actionDate>2015-04-16</actionDate>
        <committee>
          <systemCode>ssva00</systemCode>
          <name>Veterans' Affairs Committee</name>
        </committee>
        <links />
        <sourceSystem>
          <code>0</code>
          <name>Senate</name>
        </sourceSystem>
        <text>Read twice and referred to the Committee on Veterans' Affairs.</text>
        <type>IntroReferral</type>
      </item>
      <item>
        <actionDate>2015-04-16</actionDate>
        <text>Introduced in Senate</text>
        <type>IntroReferral</type>
        <committee />
        <links />
        <sourceSystem>
          <code>9</code>
          <name>Library of Congress</name>
        </sourceSystem>
        <actionCode>10000</actionCode>
      </item>
      <actionByCounts>
        <senate>2</senate>
      </actionByCounts>
    </actions>
    <committeeReports />
    <sponsors>
      <item>
        <middleName />
        <fullName>Sen. Gardner, Cory [R-CO]</fullName>
        <bioguideId>G000562</bioguideId>
        <firstName>Cory</firstName>
        <byRequestType />
        <state>CO</state>
        <lastName>Gardner</lastName>
        <identifiers>
          <lisID>1998</lisID>
          <gpoId>7862</gpoId>
          <bioguideId>G000562</bioguideId>
        </identifiers>
        <party>R</party>
      </item>
    </sponsors>
    <relatedBills>
      <item>
        <relationshipDetails>
          <item>
            <identifiedBy>CRS</identifiedBy>
            <type>Related bill</type>
          </item>
        </relationshipDetails>
        <latestAction>
          <actionDate>2015-03-19</actionDate>
          <text>Subcommittee Hearings Held.</text>
        </latestAction>
        <latestTitle>Aurora VA Hospital Financing and Construction Reform Act of 2015</latestTitle>
        <congress>114</congress>
        <number>593</number>
        <type>HR</type>
      </item>
      <item>
        <relationshipDetails>
          <item>
            <identifiedBy>CRS</identifiedBy>
            <type>Related bill</type>
          </item>
        </relationshipDetails>
        <latestAction>
          <actionDate>2015-04-07</actionDate>
          <text>Referred to the Subcommittee on Oversight and Investigations.</text>
        </latestAction>
        <latestTitle>VA Construction, Accountability, and Reform Act</latestTitle>
        <congress>114</congress>
        <number>1681</number>
        <type>HR</type>
      </item>
      <item>
        <relationshipDetails>
          <item>
            <identifiedBy>CRS</identifiedBy>
            <type>Related bill</type>
          </item>
        </relationshipDetails>
        <latestAction>
          <actionDate>2015-01-28</actionDate>
          <text>Read twice and referred to the Committee on Veterans' Affairs.</text>
        </latestAction>
        <latestTitle>Aurora Veterans Affairs Hospital Financing and Construction Reform Act of 2015</latestTitle>
        <congress>114</congress>
        <number>285</number>
        <type>S</type>
      </item>
    </relatedBills>
    <billType>S</billType>
  </bill>
  <dublinCore xmlns:dc="http://purl.org/dc/elements/1.1/">
    <dc:format>text/xml</dc:format>
    <dc:language>EN</dc:language>
    <dc:rights>Pursuant to Title 17 Section 105 of the United States Code, this file is not subject to copyright protection and is in the public domain.</dc:rights>
    <dc:contributor>Congressional Research Service, Library of Congress</dc:contributor>
    <dc:description>This file contains bill summaries and statuses for federal legislation. A bill summary describes the most significant provisions of a piece of legislation and details the effects the legislative text may have on current law and federal programs. Bill summaries are authored by the Congressional Research Service (CRS) of the Library of Congress. As stated in Public Law 91-510 (2 USC 166 (d)(6)), one of the duties of CRS is "to prepare summaries and digests of bills and resolutions of a public general nature introduced in the Senate or House of Representatives". For more information, refer to the User Guide that accompanies this file.</dc:description>
  </dublinCore>
</billStatus>

