<?xml version="1.0" encoding="UTF-8"?>
<billStatus>
  <bill>
    <committeeReports />
    <originChamber>Senate</originChamber>
    <titles>
      <item>
        <chamberCode />
        <chamberName />
        <title>Severe Fuel Supply Emergency Response Act of 2015</title>
        <parentTitleType />
        <titleType>Short Titles as Introduced</titleType>
      </item>
      <item>
        <chamberCode />
        <chamberName />
        <title>A bill to require a coordinated response to coal fuel supply emergencies that could impact electric power system adequacy or reliability.</title>
        <parentTitleType />
        <titleType>Official Title as Introduced</titleType>
      </item>
      <item>
        <chamberCode />
        <chamberName />
        <title>Severe Fuel Supply Emergency Response Act of 2015</title>
        <parentTitleType />
        <titleType>Display Title</titleType>
      </item>
    </titles>
    <congress>114</congress>
    <recordedVotes />
    <latestAction>
      <links />
      <text>Committee on Energy and Natural Resources. Hearings held.</text>
      <actionDate>2015-06-09</actionDate>
    </latestAction>
    <laws />
    <title>Severe Fuel Supply Emergency Response Act of 2015</title>
    <billType>S</billType>
    <introducedDate>2015-05-20</introducedDate>
    <updateDate>2016-11-02T23:29:20Z</updateDate>
    <calendarNumbers />
    <amendments />
    <cboCostEstimates />
    <policyArea>
      <name>Energy</name>
    </policyArea>
    <createDate>2015-05-21T09:20:53Z</createDate>
    <notes />
    <committees>
      <billCommittees>
        <item>
          <activities>
            <item>
              <date>2015-06-09T14:08:34Z</date>
              <name>Hearings by</name>
            </item>
            <item>
              <date>2015-05-20T21:16:13Z</date>
              <name>Referred to</name>
            </item>
          </activities>
          <chamber>Senate</chamber>
          <subcommittees />
          <systemCode>sseg00</systemCode>
          <type>Standing</type>
          <name>Energy and Natural Resources Committee</name>
        </item>
      </billCommittees>
    </committees>
    <cosponsors />
    <sponsors>
      <item>
        <state>MN</state>
        <byRequestType />
        <fullName>Sen. Franken, Al [D-MN]</fullName>
        <lastName>Franken</lastName>
        <identifiers>
          <lisID>1969</lisID>
          <gpoId>8339</gpoId>
          <bioguideId>F000457</bioguideId>
        </identifiers>
        <middleName />
        <bioguideId>F000457</bioguideId>
        <party>D</party>
        <firstName>Al</firstName>
      </item>
    </sponsors>
    <relatedBills />
    <actions>
      <actionTypeCounts>
        <hearingsHeld>1</hearingsHeld>
        <referredToCommittee>1</referredToCommittee>
        <introducedInSenate>1</introducedInSenate>
      </actionTypeCounts>
      <item>
        <actionDate>2015-06-09</actionDate>
        <committee>
          <name>Energy and Natural Resources Committee</name>
          <systemCode>sseg00</systemCode>
        </committee>
        <links />
        <sourceSystem>
          <code>0</code>
          <name>Senate</name>
        </sourceSystem>
        <text>Committee on Energy and Natural Resources. Hearings held.</text>
        <type>Committee</type>
      </item>
      <item>
        <actionDate>2015-05-20</actionDate>
        <committee>
          <name>Energy and Natural Resources Committee</name>
          <systemCode>sseg00</systemCode>
        </committee>
        <links />
        <sourceSystem>
          <code>0</code>
          <name>Senate</name>
        </sourceSystem>
        <text>Read twice and referred to the Committee on Energy and Natural Resources.</text>
        <type>IntroReferral</type>
      </item>
      <item>
        <actionDate>2015-05-20</actionDate>
        <sourceSystem>
          <code>9</code>
          <name>Library of Congress</name>
        </sourceSystem>
        <text>Introduced in Senate</text>
        <type>IntroReferral</type>
        <links />
        <actionCode>10000</actionCode>
        <committee />
      </item>
      <actionByCounts>
        <senate>3</senate>
      </actionByCounts>
    </actions>
    <summaries>
      <billSummaries>
        <item>
          <actionDate>2015-05-20</actionDate>
          <updateDate>2015-05-20T04:00:00Z</updateDate>
          <name>Introduced in Senate</name>
          <lastSummaryUpdateDate>2015-10-09T17:38:14Z</lastSummaryUpdateDate>
          <versionCode>00</versionCode>
          <actionDesc>Introduced in Senate</actionDesc>
          <text><![CDATA[<p><b>Severe Fuel Supply Emergency Response Act of 2015</b></p> <p>This bill amends the Federal Power Act to direct the Department of Energy (DOE) to lead a coordinated federal response to severe fuel supply emergencies. A severe fuel supply emergency is a coal supply deficiency reported to DOE that has the potential to affect at least 500 megawatts of electricity generation or 100,000 electricity customers.</p> <p> DOE's duties are to: </p> <ul> <li>promptly investigate the circumstances of the emergency;</li> <li>notify the Surface Transportation Board and the Federal Energy Regulatory Commission (FERC) of the existence of the emergency; </li> <li>convene a meeting with the Board, FERC, and, as appropriate, the Electric Reliability Organization and affected Regional Entities and Reliability Coordinators; and </li> <li>submit in writing to the Board and to FERC, and publicize on the DOE website, recommendations for actions by either the Board or FERC to alleviate the emergency and to prevent future recurrences. </li> </ul>]]></text>
        </item>
      </billSummaries>
    </summaries>
    <billNumber>1405</billNumber>
    <subjects>
      <billSubjects>
        <legislativeSubjects>
          <item>
            <name>Coal</name>
          </item>
          <item>
            <name>Electric power generation and transmission</name>
          </item>
          <item>
            <name>Energy storage, supplies, demand</name>
          </item>
          <item>
            <name>Government studies and investigations</name>
          </item>
        </legislativeSubjects>
        <policyArea>
          <name>Energy</name>
        </policyArea>
      </billSubjects>
    </subjects>
  </bill>
  <dublinCore xmlns:dc="http://purl.org/dc/elements/1.1/">
    <dc:format>text/xml</dc:format>
    <dc:language>EN</dc:language>
    <dc:rights>Pursuant to Title 17 Section 105 of the United States Code, this file is not subject to copyright protection and is in the public domain.</dc:rights>
    <dc:contributor>Congressional Research Service, Library of Congress</dc:contributor>
    <dc:description>This file contains bill summaries and statuses for federal legislation. A bill summary describes the most significant provisions of a piece of legislation and details the effects the legislative text may have on current law and federal programs. Bill summaries are authored by the Congressional Research Service (CRS) of the Library of Congress. As stated in Public Law 91-510 (2 USC 166 (d)(6)), one of the duties of CRS is "to prepare summaries and digests of bills and resolutions of a public general nature introduced in the Senate or House of Representatives". For more information, refer to the User Guide that accompanies this file.</dc:description>
  </dublinCore>
</billStatus>

