<?xml version="1.0" encoding="UTF-8"?>
<billStatus>
  <bill>
    <latestAction>
      <text>Read twice and referred to the Committee on Finance.</text>
      <links />
      <actionDate>2015-02-26</actionDate>
    </latestAction>
    <policyArea>
      <name>Energy</name>
    </policyArea>
    <amendments />
    <relatedBills>
      <item>
        <latestTitle>A bill to establish the Department of Energy as the lead agency for coordinating all requirements under Federal law with respect to eligible clean coal and advanced coal technology generating projects, and for other purposes.</latestTitle>
        <latestAction>
          <text>Committee on Energy and Natural Resources. Hearings held.</text>
          <actionDate>2015-06-09</actionDate>
        </latestAction>
        <number>1293</number>
        <relationshipDetails>
          <item>
            <identifiedBy>CRS</identifiedBy>
            <type>Related bill</type>
          </item>
        </relationshipDetails>
        <type>S</type>
        <congress>114</congress>
      </item>
    </relatedBills>
    <billNumber>601</billNumber>
    <updateDate>2016-11-02T23:22:20Z</updateDate>
    <sponsors>
      <item>
        <fullName>Sen. Heitkamp, Heidi [D-ND]</fullName>
        <firstName>Heidi</firstName>
        <lastName>Heitkamp</lastName>
        <identifiers>
          <lisID>2174</lisID>
          <bioguideId>H001069</bioguideId>
          <gpoId />
        </identifiers>
        <state>ND</state>
        <middleName />
        <party>D</party>
        <byRequestType />
        <bioguideId>H001069</bioguideId>
      </item>
    </sponsors>
    <notes />
    <originChamber>Senate</originChamber>
    <subjects>
      <billSubjects>
        <policyArea>
          <name>Energy</name>
        </policyArea>
        <legislativeSubjects>
          <item>
            <name>Advanced technology and technological innovations</name>
          </item>
          <item>
            <name>Advisory bodies</name>
          </item>
          <item>
            <name>Air quality</name>
          </item>
          <item>
            <name>Business investment and capital</name>
          </item>
          <item>
            <name>Climate change and greenhouse gases</name>
          </item>
          <item>
            <name>Coal</name>
          </item>
          <item>
            <name>Congressional oversight</name>
          </item>
          <item>
            <name>Electric power generation and transmission</name>
          </item>
          <item>
            <name>Energy research</name>
          </item>
          <item>
            <name>Energy storage, supplies, demand</name>
          </item>
          <item>
            <name>Environmental assessment, monitoring, research</name>
          </item>
          <item>
            <name>Environmental technology</name>
          </item>
          <item>
            <name>Government lending and loan guarantees</name>
          </item>
          <item>
            <name>Income tax credits</name>
          </item>
          <item>
            <name>Income tax deductions</name>
          </item>
          <item>
            <name>Oil and gas</name>
          </item>
          <item>
            <name>Public-private cooperation</name>
          </item>
          <item>
            <name>Research and development</name>
          </item>
          <item>
            <name>Securities</name>
          </item>
          <item>
            <name>Technology transfer and commercialization</name>
          </item>
          <item>
            <name>Water quality</name>
          </item>
          <item>
            <name>Water use and supply</name>
          </item>
        </legislativeSubjects>
      </billSubjects>
    </subjects>
    <committees>
      <billCommittees>
        <item>
          <activities>
            <item>
              <date>2015-02-26T22:57:15Z</date>
              <name>Referred to</name>
            </item>
          </activities>
          <chamber>Senate</chamber>
          <subcommittees />
          <systemCode>ssfi00</systemCode>
          <type>Standing</type>
          <name>Finance Committee</name>
        </item>
      </billCommittees>
    </committees>
    <cosponsors>
      <item>
        <fullName>Sen. Kaine, Tim [D-VA]</fullName>
        <firstName>Timothy</firstName>
        <state>VA</state>
        <lastName>Kaine</lastName>
        <isOriginalCosponsor>True</isOriginalCosponsor>
        <identifiers>
          <bioguideId>K000384</bioguideId>
          <lisID>2176</lisID>
          <gpoId />
        </identifiers>
        <middleName />
        <sponsorshipWithdrawnDate />
        <party>D</party>
        <sponsorshipDate>2015-02-26</sponsorshipDate>
        <bioguideId>K000384</bioguideId>
      </item>
    </cosponsors>
    <calendarNumbers />
    <committeeReports />
    <congress>114</congress>
    <title>ACCTION Act of 2015</title>
    <introducedDate>2015-02-26</introducedDate>
    <actions>
      <item>
        <actionDate>2015-02-26</actionDate>
        <committee>
          <systemCode>ssfi00</systemCode>
          <name>Finance Committee</name>
        </committee>
        <links />
        <sourceSystem>
          <code>0</code>
          <name>Senate</name>
        </sourceSystem>
        <text>Read twice and referred to the Committee on Finance.</text>
        <type>IntroReferral</type>
      </item>
      <item>
        <sourceSystem>
          <code>9</code>
          <name>Library of Congress</name>
        </sourceSystem>
        <actionDate>2015-02-26</actionDate>
        <links />
        <committee />
        <text>Introduced in Senate</text>
        <type>IntroReferral</type>
        <actionCode>10000</actionCode>
      </item>
      <actionTypeCounts>
        <introducedInSenate>1</introducedInSenate>
        <referredToCommittee>1</referredToCommittee>
      </actionTypeCounts>
      <actionByCounts>
        <senate>2</senate>
      </actionByCounts>
    </actions>
    <summaries>
      <billSummaries>
        <item>
          <updateDate>2015-02-26T05:00:00Z</updateDate>
          <versionCode>00</versionCode>
          <text><![CDATA[<p><b>Advanced Clean Coal Technology Investment in Our Nation Act of 2015 or the ACCTION Act of 2015</b></p> <p>This bill amends the Energy Policy Act of 2005 to require the Department of Energy (DOE) to implement a program to demonstrate the integration of systems for the capture, transportation, and injection of carbon dioxide from industrial sources for long-term geological storage or enhanced oil recovery at a commercial scale. </p> <p>The types of activities that must be undertaken under the existing coal and related technologies program are expanded. DOE may carry out a Transformational Coal Technology Program. </p> <p>DOE must establish an advisory committee to report on the carbon capture and sequestration program and the coal and related technologies program.</p> <p>Projects under the Innovative Technology Loan Guarantee Program are eligible to receive other forms of federal assistance. Within two years, DOE has to give final approval to applications for loan guarantees and make loans for advanced fossil energy technology projects under the Program. </p> <p>DOE must take steps to streamline and expedite review of federal authorizations for clean coal generating projects. <p>This bill amends the Internal Revenue Code to: (1) allow accelerated amortization of any mechanical or electronic system which is installed on a coal-fired electric generation unit and which reduces carbon dioxide emissions by specified means; (2) allow a new credit for investment in carbon dioxide capture, transport, and storage property; and (3) create a clean energy coal bond. </p> <p>This bill establishes the Enhanced Recovery Program, a variable price support program, to accelerate the construction and operation of advanced coal-fueled projects that capture carbon dioxide emissions and sell or use the carbon dioxide for enhanced recovery.</p>]]></text>
          <lastSummaryUpdateDate>2015-03-18T16:59:45Z</lastSummaryUpdateDate>
          <actionDate>2015-02-26</actionDate>
          <actionDesc>Introduced in Senate</actionDesc>
          <name>Introduced in Senate</name>
        </item>
      </billSummaries>
    </summaries>
    <laws />
    <createDate>2015-02-27T18:29:29Z</createDate>
    <titles>
      <item>
        <title>ACCTION Act of 2015</title>
        <chamberName />
        <chamberCode />
        <titleType>Short Titles as Introduced</titleType>
        <parentTitleType />
      </item>
      <item>
        <title>Advanced Clean Coal Technology Investment in Our Nation Act of 2015</title>
        <chamberName />
        <chamberCode />
        <titleType>Short Titles as Introduced</titleType>
        <parentTitleType />
      </item>
      <item>
        <title>A bill to direct Federal investment in carbon capture and storage and other clean coal technologies, and for other purposes.</title>
        <chamberName />
        <chamberCode />
        <titleType>Official Title as Introduced</titleType>
        <parentTitleType />
      </item>
      <item>
        <title>ACCTION Act of 2015</title>
        <chamberName />
        <chamberCode />
        <titleType>Display Title</titleType>
        <parentTitleType />
      </item>
    </titles>
    <cboCostEstimates />
    <recordedVotes />
    <billType>S</billType>
  </bill>
  <dublinCore xmlns:dc="http://purl.org/dc/elements/1.1/">
    <dc:format>text/xml</dc:format>
    <dc:language>EN</dc:language>
    <dc:rights>Pursuant to Title 17 Section 105 of the United States Code, this file is not subject to copyright protection and is in the public domain.</dc:rights>
    <dc:contributor>Congressional Research Service, Library of Congress</dc:contributor>
    <dc:description>This file contains bill summaries and statuses for federal legislation. A bill summary describes the most significant provisions of a piece of legislation and details the effects the legislative text may have on current law and federal programs. Bill summaries are authored by the Congressional Research Service (CRS) of the Library of Congress. As stated in Public Law 91-510 (2 USC 166 (d)(6)), one of the duties of CRS is "to prepare summaries and digests of bills and resolutions of a public general nature introduced in the Senate or House of Representatives". For more information, refer to the User Guide that accompanies this file.</dc:description>
  </dublinCore>
</billStatus>

