<?xml version="1.0" encoding="UTF-8"?>
<billStatus>
  <bill>
    <cboCostEstimates />
    <policyArea>
      <name>Labor and Employment</name>
    </policyArea>
    <notes />
    <committeeReports />
    <titles>
      <item>
        <chamberCode />
        <chamberName />
        <title>Robert C. Byrd Mine Safety Protection Act of 2015</title>
        <parentTitleType />
        <titleType>Short Titles as Introduced</titleType>
      </item>
      <item>
        <chamberCode />
        <chamberName />
        <title>A bill to improve compliance with mine safety and health laws, empower miners to raise safety concerns, prevent future mine tragedies, and for other purposes.</title>
        <parentTitleType />
        <titleType>Official Title as Introduced</titleType>
      </item>
      <item>
        <chamberCode />
        <chamberName />
        <title>Robert C. Byrd Mine Safety Protection Act of 2015</title>
        <parentTitleType />
        <titleType>Display Title</titleType>
      </item>
    </titles>
    <summaries>
      <billSummaries>
        <item>
          <versionCode>00</versionCode>
          <actionDate>2015-04-30</actionDate>
          <text><![CDATA[<p><b>Robert C. Byrd Mine Safety Protection Act of 2015</b></p> <p> Amends the Federal Mine Safety and Health Act of 1977 to require the Department of Labor, in conducting health and safety related accident investigations in coal or other mines, to: (1) determine why an accident occurred and whether there were violations of law, mandatory health and safety standards, or other requirements; (2) in cases involving violations of federal criminal law, refer them to the Attorney General; and (3) make recommendations to avoid any recurrence.</p> <p>Requires an independent accident investigation by an independent panel appointed by the Department of Health and Human Services for any serious accident meeting certain criteria.</p>   <p>Allows participation in a mine inspection by the closest relative of a miner entrapped, disabled, killed, or otherwise prevented by an accident to designate a representative.</p>  <p>Prohibits an attorney from representing both a mine operator and miner during an inspection, investigation, or litigation, unless the miner knowingly waives all possible conflicts of interest.</p>  <p>Requires Labor to: (1) revoke the approval of mine operator plans or programs based on certain criteria; and (2) order withdrawal of all persons from a mine or mine area, and prohibit them from entering it, until the operator submits and Labor approves a new plan.</p> <p>Revises civil and criminal penalties and related administrative procedures.</p>  <p>Revises certain miner protections against discrimination.</p> <p>Entitles a miner to full compensation by a mine operator at the regular rate of pay for the entire period (not to exceed 60 days) for which the miner is idled because of a Labor withdrawal order.</p> <p>Prohibits an underground coal mine operator for three years after receiving notice of a pattern of violations from discharging (or constructively discharging) a miner without reasonable grounds based on certain failures to perform job duties satisfactorily if the miner is paid on an hourly basis and has completed the employer's probationary period of up to six months.</p> <p>Requires each underground coal mine operator to implement a communication program to ensure that each miner is orally briefed on and made aware of current mine conditions before traveling to or arriving at the mine work area and commencing assigned tasks.</p>  <p>Directs Labor to promulgate regulations to require each operator of an underground coal mine to install atmospheric monitoring systems.</p>  <p>Revises mine operator health and safety training program requirements.</p> <p>Requires Labor to order a mine operator to provide additional training to miners if a serious or fatal accident has occurred at a mine or certain other circumstances exist.</p> <p>Amends the Mine Improvement and New Emergency Response Act of 2006 to require Labor to give special emphasis in the award of competitive grants for education and training (Brookwood-Sago Mine Safety Grants) to programs and materials that provide underground mine accident rescue simulation training to workers in smaller mines.</p>   <p> Authorizes Labor to make grants to states to assist them in developing and implementing miner certification programs.</p>  <p>Authorizes Labor to double encumber a position or utilize early replacement hiring for authorized representatives and technical positions in the Mine Safety and Health Administration.</p> <p>Amends the Occupational Safety and Health Act of 1970 to expand its coverage to federal, state, and local government employees, especially protections against discrimination. </p> <p>Prescribes certain employee's victim rights before Labor or before the Occupational Safety and Health Review Commission.</p> <p>Prescribes administrative requirements for an employer's correction of a serious, willful, or repeated violation of federal occupational safety and health standards.</p> <p>Subjects to certain increased criminal penalties an employer who knowingly violates a federal occupational safety and health standard or regulation that causes or contributes to the death of an employee.]]></text>
          <lastSummaryUpdateDate>2015-10-14T21:10:55Z</lastSummaryUpdateDate>
          <actionDesc>Introduced in Senate</actionDesc>
          <name>Introduced in Senate</name>
          <updateDate>2015-04-30T04:00:00Z</updateDate>
        </item>
      </billSummaries>
    </summaries>
    <createDate>2015-05-01T09:12:58Z</createDate>
    <recordedVotes />
    <billNumber>1145</billNumber>
    <introducedDate>2015-04-30</introducedDate>
    <relatedBills>
      <item>
        <congress>114</congress>
        <type>HR</type>
        <relationshipDetails>
          <item>
            <identifiedBy>CRS</identifiedBy>
            <type>Related bill</type>
          </item>
        </relationshipDetails>
        <number>1926</number>
        <latestAction>
          <actionDate>2015-11-16</actionDate>
          <text>Referred to the Subcommittee on Workforce Protections.</text>
        </latestAction>
        <latestTitle>Robert C. Byrd Mine Safety Protection Act of 2015</latestTitle>
      </item>
    </relatedBills>
    <updateDate>2016-11-02T23:26:35Z</updateDate>
    <committees>
      <billCommittees>
        <item>
          <activities>
            <item>
              <date>2015-04-30T15:26:20Z</date>
              <name>Referred to</name>
            </item>
          </activities>
          <chamber>Senate</chamber>
          <subcommittees />
          <systemCode>sshr00</systemCode>
          <type>Standing</type>
          <name>Health, Education, Labor, and Pensions Committee</name>
        </item>
      </billCommittees>
    </committees>
    <congress>114</congress>
    <laws />
    <title>Robert C. Byrd Mine Safety Protection Act of 2015</title>
    <calendarNumbers />
    <sponsors>
      <item>
        <identifiers>
          <gpoId>8282</gpoId>
          <lisID>1828</lisID>
          <bioguideId>C001070</bioguideId>
        </identifiers>
        <byRequestType />
        <fullName>Sen. Casey, Robert P., Jr. [D-PA]</fullName>
        <firstName>Bob</firstName>
        <state>PA</state>
        <bioguideId>C001070</bioguideId>
        <middleName />
        <party>D</party>
        <lastName>Casey</lastName>
      </item>
    </sponsors>
    <actions>
      <item>
        <actionDate>2015-04-30</actionDate>
        <committee>
          <systemCode>sshr00</systemCode>
          <name>Health, Education, Labor, and Pensions Committee</name>
        </committee>
        <links />
        <sourceSystem>
          <code>0</code>
          <name>Senate</name>
        </sourceSystem>
        <text>Read twice and referred to the Committee on Health, Education, Labor, and Pensions.</text>
        <type>IntroReferral</type>
      </item>
      <item>
        <sourceSystem>
          <code>9</code>
          <name>Library of Congress</name>
        </sourceSystem>
        <actionDate>2015-04-30</actionDate>
        <links />
        <committee />
        <text>Introduced in Senate</text>
        <type>IntroReferral</type>
        <actionCode>10000</actionCode>
      </item>
      <actionTypeCounts>
        <introducedInSenate>1</introducedInSenate>
        <referredToCommittee>1</referredToCommittee>
      </actionTypeCounts>
      <actionByCounts>
        <senate>2</senate>
      </actionByCounts>
    </actions>
    <amendments />
    <originChamber>Senate</originChamber>
    <latestAction>
      <text>Read twice and referred to the Committee on Health, Education, Labor, and Pensions.</text>
      <actionDate>2015-04-30</actionDate>
      <links />
    </latestAction>
    <subjects>
      <billSubjects>
        <policyArea>
          <name>Labor and Employment</name>
        </policyArea>
        <legislativeSubjects>
          <item>
            <name>Accidents</name>
          </item>
          <item>
            <name>Administrative law and regulatory procedures</name>
          </item>
          <item>
            <name>Administrative remedies</name>
          </item>
          <item>
            <name>Air quality</name>
          </item>
          <item>
            <name>Business records</name>
          </item>
          <item>
            <name>Cardiovascular and respiratory health</name>
          </item>
          <item>
            <name>Civil actions and liability</name>
          </item>
          <item>
            <name>Coal</name>
          </item>
          <item>
            <name>Congressional oversight</name>
          </item>
          <item>
            <name>Criminal investigation, prosecution, interrogation</name>
          </item>
          <item>
            <name>Criminal procedure and sentencing</name>
          </item>
          <item>
            <name>Department of Labor</name>
          </item>
          <item>
            <name>Employment and training programs</name>
          </item>
          <item>
            <name>Employment discrimination and employee rights</name>
          </item>
          <item>
            <name>Environmental assessment, monitoring, research</name>
          </item>
          <item>
            <name>Evidence and witnesses</name>
          </item>
          <item>
            <name>Family services</name>
          </item>
          <item>
            <name>Government employee pay, benefits, personnel management</name>
          </item>
          <item>
            <name>Government studies and investigations</name>
          </item>
          <item>
            <name>Labor standards</name>
          </item>
          <item>
            <name>Lawyers and legal services</name>
          </item>
          <item>
            <name>Medical tests and diagnostic methods</name>
          </item>
          <item>
            <name>Mining</name>
          </item>
          <item>
            <name>State and local government operations</name>
          </item>
          <item>
            <name>Wages and earnings</name>
          </item>
          <item>
            <name>Worker safety and health</name>
          </item>
        </legislativeSubjects>
      </billSubjects>
    </subjects>
    <cosponsors>
      <item>
        <firstName>Joe</firstName>
        <isOriginalCosponsor>True</isOriginalCosponsor>
        <fullName>Sen. Manchin, Joe, III [D-WV]</fullName>
        <identifiers>
          <lisID>1983</lisID>
          <bioguideId>M001183</bioguideId>
          <gpoId>8256</gpoId>
        </identifiers>
        <middleName />
        <sponsorshipWithdrawnDate />
        <sponsorshipDate>2015-04-30</sponsorshipDate>
        <party>D</party>
        <bioguideId>M001183</bioguideId>
        <state>WV</state>
        <lastName>Manchin</lastName>
      </item>
    </cosponsors>
    <billType>S</billType>
  </bill>
  <dublinCore xmlns:dc="http://purl.org/dc/elements/1.1/">
    <dc:format>text/xml</dc:format>
    <dc:language>EN</dc:language>
    <dc:rights>Pursuant to Title 17 Section 105 of the United States Code, this file is not subject to copyright protection and is in the public domain.</dc:rights>
    <dc:contributor>Congressional Research Service, Library of Congress</dc:contributor>
    <dc:description>This file contains bill summaries and statuses for federal legislation. A bill summary describes the most significant provisions of a piece of legislation and details the effects the legislative text may have on current law and federal programs. Bill summaries are authored by the Congressional Research Service (CRS) of the Library of Congress. As stated in Public Law 91-510 (2 USC 166 (d)(6)), one of the duties of CRS is "to prepare summaries and digests of bills and resolutions of a public general nature introduced in the Senate or House of Representatives". For more information, refer to the User Guide that accompanies this file.</dc:description>
  </dublinCore>
</billStatus>

