<?xml version="1.0" encoding="UTF-8"?>
<billStatus>
  <bill>
    <billType>S</billType>
    <laws />
    <recordedVotes />
    <actions>
      <item>
        <actionDate>2015-03-10</actionDate>
        <committee>
          <systemCode>sshr00</systemCode>
          <name>Health, Education, Labor, and Pensions Committee</name>
        </committee>
        <links />
        <sourceSystem>
          <code>0</code>
          <name>Senate</name>
        </sourceSystem>
        <text>Read twice and referred to the Committee on Health, Education, Labor, and Pensions.</text>
        <type>IntroReferral</type>
      </item>
      <item>
        <sourceSystem>
          <code>9</code>
          <name>Library of Congress</name>
        </sourceSystem>
        <actionDate>2015-03-10</actionDate>
        <links />
        <committee />
        <text>Introduced in Senate</text>
        <type>IntroReferral</type>
        <actionCode>10000</actionCode>
      </item>
      <actionTypeCounts>
        <introducedInSenate>1</introducedInSenate>
        <referredToCommittee>1</referredToCommittee>
      </actionTypeCounts>
      <actionByCounts>
        <senate>2</senate>
      </actionByCounts>
    </actions>
    <billNumber>696</billNumber>
    <policyArea>
      <name>Education</name>
    </policyArea>
    <notes />
    <latestAction>
      <actionDate>2015-03-10</actionDate>
      <links />
      <text>Read twice and referred to the Committee on Health, Education, Labor, and Pensions.</text>
    </latestAction>
    <relatedBills>
      <item>
        <congress>114</congress>
        <type>HR</type>
        <relationshipDetails>
          <item>
            <identifiedBy>CRS</identifiedBy>
            <type>Identical bill</type>
          </item>
        </relationshipDetails>
        <number>4020</number>
        <latestAction>
          <actionDate>2016-03-23</actionDate>
          <text>Referred to the Subcommittee on Early Childhood, Elementary, and Secondary Education.</text>
        </latestAction>
        <latestTitle>Next Generation High Schools Act</latestTitle>
      </item>
    </relatedBills>
    <committees>
      <billCommittees>
        <item>
          <subcommittees />
          <chamber>Senate</chamber>
          <systemCode>sshr00</systemCode>
          <activities>
            <item>
              <date>2015-03-10T19:04:04Z</date>
              <name>Referred to</name>
            </item>
          </activities>
          <type>Standing</type>
          <name>Health, Education, Labor, and Pensions Committee</name>
        </item>
      </billCommittees>
    </committees>
    <cosponsors>
      <item>
        <fullName>Sen. Kaine, Tim [D-VA]</fullName>
        <firstName>Timothy</firstName>
        <lastName>Kaine</lastName>
        <state>VA</state>
        <party>D</party>
        <bioguideId>K000384</bioguideId>
        <identifiers>
          <bioguideId>K000384</bioguideId>
          <gpoId />
          <lisID>2176</lisID>
        </identifiers>
        <sponsorshipWithdrawnDate />
        <sponsorshipDate>2015-03-10</sponsorshipDate>
        <middleName />
        <isOriginalCosponsor>True</isOriginalCosponsor>
      </item>
      <item>
        <fullName>Sen. Whitehouse, Sheldon [D-RI]</fullName>
        <firstName>Sheldon</firstName>
        <lastName>Whitehouse</lastName>
        <state>RI</state>
        <party>D</party>
        <bioguideId>W000802</bioguideId>
        <identifiers>
          <bioguideId>W000802</bioguideId>
          <lisID>1823</lisID>
          <gpoId>8264</gpoId>
        </identifiers>
        <sponsorshipWithdrawnDate />
        <sponsorshipDate>2015-04-23</sponsorshipDate>
        <middleName />
        <isOriginalCosponsor>False</isOriginalCosponsor>
      </item>
      <item>
        <fullName>Sen. Wyden, Ron [D-OR]</fullName>
        <firstName>RON</firstName>
        <lastName>WYDEN</lastName>
        <state>OR</state>
        <party>D</party>
        <bioguideId>W000779</bioguideId>
        <identifiers>
          <bioguideId>W000779</bioguideId>
          <lisID>1247</lisID>
          <gpoId>8265</gpoId>
        </identifiers>
        <sponsorshipWithdrawnDate />
        <sponsorshipDate>2015-07-07</sponsorshipDate>
        <middleName />
        <isOriginalCosponsor>False</isOriginalCosponsor>
      </item>
    </cosponsors>
    <committeeReports />
    <sponsors>
      <item>
        <fullName>Sen. Baldwin, Tammy [D-WI]</fullName>
        <firstName>TAMMY</firstName>
        <lastName>BALDWIN</lastName>
        <state>WI</state>
        <party>D</party>
        <bioguideId>B001230</bioguideId>
        <identifiers>
          <lisID>1558</lisID>
          <gpoId>8215</gpoId>
          <bioguideId>B001230</bioguideId>
        </identifiers>
        <middleName />
        <byRequestType />
      </item>
    </sponsors>
    <createDate>2015-03-11T04:46:16Z</createDate>
    <updateDate>2016-11-02T23:22:56Z</updateDate>
    <introducedDate>2015-03-10</introducedDate>
    <summaries>
      <billSummaries>
        <item>
          <actionDate>2015-03-10</actionDate>
          <updateDate>2015-03-10T04:00:00Z</updateDate>
          <name>Introduced in Senate</name>
          <lastSummaryUpdateDate>2015-04-22T16:14:39Z</lastSummaryUpdateDate>
          <versionCode>00</versionCode>
          <actionDesc>Introduced in Senate</actionDesc>
          <text><![CDATA[<p><strong>Next Generation High Schools Act</strong></p> <p>Directs the Secretary of Education to award competitive grants to local educational agencies (LEAs) or charter schools that partner with at least one institution of higher education, at least one community-based partner, and a qualified intermediary to provide high school students with challenging, engaging, and relevant academic and career-related learning opportunities that are aligned with rigorous, challenging academic content that prepares them to transition to postsecondary education and careers.</p> <p>Sets the grant term at five years, with up to three one-year renewals that are conditioned on the grantee making satisfactory progress toward performance indicators and targets.</p> <p>Requires grant applicants to make make specified equity assurances, including that their LEAs will allocate school improvement funds to eligible high schools in amounts that are proportionate to those schools' share of low-income students.</p> <p>Defines &quot;eligible high schools&quot; as those that: (1) serve students at least 65% of whom are from low-income families; (2) have a graduation rate at or below 67%, excepting new high schools; (3) do not receive school improvement funds under the Elementary and Secondary Education Act of 1965; and (4) are identified by their state as low-performing.</p> <p>Requires the grants to be used to:</p> <ul> <li>develop and implement partnerships to help schools prepare students to apply academic concepts to real world challenges;</li> <li>implement an early warning indicator system in eligible high schools and, where applicable, feeder middle schools to identify struggling students;</li> <li>provide support and credit recovery opportunities for struggling students at the grantee's secondary schools or in other appropriate settings;</li> <li>provide high schools with dropout recovery or reentry programs that enable returning dropouts to graduate college and career ready;</li> <li>provide evidence-based middle school to high school transition programs and supports; and</li> <li>provide high school leaders, staff, students, and families with high-quality, easily accessible, and timely information concerning graduation requirements, postsecondary admission requirements, the availability of financial assistance, labor markets, and other programs and services to improve the prospects of traditionally underserved students.</li> </ul> <p>Lists, separately, the required grant activities in eligible high schools and their feeder middle schools.</p> <p>Requires each grantee, immediately after receiving its grant, to contract with an outside evaluator to evaluate the effects of such grant.</p>]]></text>
        </item>
      </billSummaries>
    </summaries>
    <title>Next Generation High Schools Act</title>
    <cboCostEstimates />
    <subjects>
      <billSubjects>
        <policyArea>
          <name>Education</name>
        </policyArea>
        <legislativeSubjects>
          <item>
            <name>Academic performance and assessments</name>
          </item>
          <item>
            <name>Education of the disadvantaged</name>
          </item>
          <item>
            <name>Education programs funding</name>
          </item>
          <item>
            <name>Elementary and secondary education</name>
          </item>
          <item>
            <name>Government information and archives</name>
          </item>
          <item>
            <name>Higher education</name>
          </item>
          <item>
            <name>Indian social and development programs</name>
          </item>
          <item>
            <name>Minority education</name>
          </item>
          <item>
            <name>School administration</name>
          </item>
          <item>
            <name>Science and engineering education</name>
          </item>
          <item>
            <name>Teaching, teachers, curricula</name>
          </item>
        </legislativeSubjects>
      </billSubjects>
    </subjects>
    <amendments />
    <calendarNumbers />
    <congress>114</congress>
    <titles>
      <item>
        <chamberCode />
        <chamberName />
        <title>Next Generation High Schools Act</title>
        <parentTitleType />
        <titleType>Short Titles as Introduced</titleType>
      </item>
      <item>
        <chamberCode />
        <chamberName />
        <title>A bill to increase the number and percentage of students who graduate from high school college and career ready with the ability to use knowledge to solve complex problems, think critically, communicate effectively, collaborate with others, and develop academic mindsets, and for other purposes.</title>
        <parentTitleType />
        <titleType>Official Title as Introduced</titleType>
      </item>
      <item>
        <chamberCode />
        <chamberName />
        <title>Next Generation High Schools Act</title>
        <parentTitleType />
        <titleType>Display Title</titleType>
      </item>
    </titles>
    <originChamber>Senate</originChamber>
  </bill>
  <dublinCore xmlns:dc="http://purl.org/dc/elements/1.1/">
    <dc:format>text/xml</dc:format>
    <dc:language>EN</dc:language>
    <dc:rights>Pursuant to Title 17 Section 105 of the United States Code, this file is not subject to copyright protection and is in the public domain.</dc:rights>
    <dc:contributor>Congressional Research Service, Library of Congress</dc:contributor>
    <dc:description>This file contains bill summaries and statuses for federal legislation. A bill summary describes the most significant provisions of a piece of legislation and details the effects the legislative text may have on current law and federal programs. Bill summaries are authored by the Congressional Research Service (CRS) of the Library of Congress. As stated in Public Law 91-510 (2 USC 166 (d)(6)), one of the duties of CRS is "to prepare summaries and digests of bills and resolutions of a public general nature introduced in the Senate or House of Representatives". For more information, refer to the User Guide that accompanies this file.</dc:description>
  </dublinCore>
</billStatus>

