<?xml version="1.0" encoding="UTF-8"?>
<billStatus>
  <bill>
    <title>Safeguarding Classrooms Hurt by ObamaCare's Obligatory Levies</title>
    <updateDate>2016-11-02T23:20:34Z</updateDate>
    <relatedBills>
      <item>
        <latestAction>
          <actionDate>2015-02-05</actionDate>
          <text>Referred to House Education and the Workforce</text>
        </latestAction>
        <number>769</number>
        <congress>114</congress>
        <type>HR</type>
        <latestTitle>Safeguarding Classrooms Hurt by ObamaCare's Obligatory Levies</latestTitle>
        <relationshipDetails>
          <item>
            <identifiedBy>CRS</identifiedBy>
            <type>Related bill</type>
          </item>
        </relationshipDetails>
      </item>
    </relatedBills>
    <introducedDate>2015-02-12</introducedDate>
    <originChamber>Senate</originChamber>
    <cboCostEstimates />
    <policyArea>
      <name>Taxation</name>
    </policyArea>
    <congress>114</congress>
    <billNumber>470</billNumber>
    <billType>S</billType>
    <amendments />
    <recordedVotes />
    <committees>
      <billCommittees>
        <item>
          <activities>
            <item>
              <date>2015-02-12T15:03:58Z</date>
              <name>Referred to</name>
            </item>
          </activities>
          <chamber>Senate</chamber>
          <subcommittees />
          <systemCode>ssfi00</systemCode>
          <type>Standing</type>
          <name>Finance Committee</name>
        </item>
      </billCommittees>
    </committees>
    <laws />
    <subjects>
      <billSubjects>
        <legislativeSubjects>
          <item>
            <name>Academic performance and assessments</name>
          </item>
          <item>
            <name>Comprehensive health care</name>
          </item>
          <item>
            <name>Congressional oversight</name>
          </item>
          <item>
            <name>Elementary and secondary education</name>
          </item>
          <item>
            <name>Employee benefits and pensions</name>
          </item>
          <item>
            <name>Government studies and investigations</name>
          </item>
          <item>
            <name>Health care costs and insurance</name>
          </item>
          <item>
            <name>Health care coverage and access</name>
          </item>
          <item>
            <name>Higher education</name>
          </item>
          <item>
            <name>Sales and excise taxes</name>
          </item>
          <item>
            <name>Teaching, teachers, curricula</name>
          </item>
        </legislativeSubjects>
        <policyArea>
          <name>Taxation</name>
        </policyArea>
      </billSubjects>
    </subjects>
    <notes />
    <committeeReports />
    <actions>
      <item>
        <actionDate>2015-02-12</actionDate>
        <committee>
          <systemCode>ssfi00</systemCode>
          <name>Finance Committee</name>
        </committee>
        <links />
        <sourceSystem>
          <code>0</code>
          <name>Senate</name>
        </sourceSystem>
        <text>Read twice and referred to the Committee on Finance.</text>
        <type>IntroReferral</type>
      </item>
      <item>
        <sourceSystem>
          <code>9</code>
          <name>Library of Congress</name>
        </sourceSystem>
        <actionDate>2015-02-12</actionDate>
        <links />
        <committee />
        <text>Introduced in Senate</text>
        <type>IntroReferral</type>
        <actionCode>10000</actionCode>
      </item>
      <actionTypeCounts>
        <introducedInSenate>1</introducedInSenate>
        <referredToCommittee>1</referredToCommittee>
      </actionTypeCounts>
      <actionByCounts>
        <senate>2</senate>
      </actionByCounts>
    </actions>
    <calendarNumbers />
    <latestAction>
      <links />
      <actionDate>2015-02-12</actionDate>
      <text>Read twice and referred to the Committee on Finance.</text>
    </latestAction>
    <titles>
      <item>
        <chamberCode />
        <title>Safeguarding Classrooms Hurt by ObamaCare's Obligatory Levies</title>
        <chamberName />
        <titleType>Short Titles as Introduced</titleType>
        <parentTitleType />
      </item>
      <item>
        <chamberCode />
        <title>A bill to amend the Internal Revenue Code of 1986 to exempt certain educational institutions from the employer health insurance mandate, and for other purposes.</title>
        <chamberName />
        <titleType>Official Title as Introduced</titleType>
        <parentTitleType />
      </item>
      <item>
        <chamberCode />
        <title>Safeguarding Classrooms Hurt by ObamaCare's Obligatory Levies</title>
        <chamberName />
        <titleType>Display Title</titleType>
        <parentTitleType />
      </item>
    </titles>
    <summaries>
      <billSummaries>
        <item>
          <updateDate>2015-02-12T05:00:00Z</updateDate>
          <versionCode>00</versionCode>
          <text><![CDATA[<p><strong>Safeguarding Classrooms Hurt by ObamaCare's Obligatory Levies</strong> </p> <p>Amends the Internal Revenue Code to exclude any elementary or secondary school, state or local educational agency, and institution of higher education from the definition of "applicable large employer" for purposes of the employer mandate to provide health care coverage for employees.</p> <p>Directs the Secretary of Education to study and report on the impact of the employer health insurance mandate on educational agencies and institutions before and after the enactment of this Act. </p>]]></text>
          <lastSummaryUpdateDate>2015-03-12T15:37:39Z</lastSummaryUpdateDate>
          <actionDate>2015-02-12</actionDate>
          <actionDesc>Introduced in Senate</actionDesc>
          <name>Introduced in Senate</name>
        </item>
      </billSummaries>
    </summaries>
    <createDate>2015-02-13T06:14:13Z</createDate>
    <sponsors>
      <item>
        <state>SD</state>
        <fullName>Sen. Thune, John [R-SD]</fullName>
        <middleName>R.</middleName>
        <identifiers>
          <lisID>1534</lisID>
          <gpoId>8257</gpoId>
          <bioguideId>T000250</bioguideId>
        </identifiers>
        <firstName>JOHN</firstName>
        <lastName>THUNE</lastName>
        <bioguideId>T000250</bioguideId>
        <byRequestType />
        <party>R</party>
      </item>
    </sponsors>
    <cosponsors>
      <item>
        <fullName>Sen. Portman, Rob [R-OH]</fullName>
        <firstName>ROB</firstName>
        <lastName>PORTMAN</lastName>
        <state>OH</state>
        <party>R</party>
        <bioguideId>P000449</bioguideId>
        <identifiers>
          <bioguideId>P000449</bioguideId>
          <lisID>924</lisID>
          <gpoId>8266</gpoId>
        </identifiers>
        <sponsorshipWithdrawnDate />
        <sponsorshipDate>2015-02-12</sponsorshipDate>
        <middleName />
        <isOriginalCosponsor>True</isOriginalCosponsor>
      </item>
      <item>
        <fullName>Sen. Grassley, Chuck [R-IA]</fullName>
        <firstName>CHARLES</firstName>
        <lastName>GRASSLEY</lastName>
        <state>IA</state>
        <party>R</party>
        <bioguideId>G000386</bioguideId>
        <identifiers>
          <gpoId>8316</gpoId>
          <lisID>457</lisID>
          <bioguideId>G000386</bioguideId>
        </identifiers>
        <sponsorshipWithdrawnDate />
        <sponsorshipDate>2015-02-12</sponsorshipDate>
        <middleName>ERNEST</middleName>
        <isOriginalCosponsor>True</isOriginalCosponsor>
      </item>
      <item>
        <fullName>Sen. Ayotte, Kelly [R-NH]</fullName>
        <firstName>Kelly</firstName>
        <lastName>Ayotte</lastName>
        <state>NH</state>
        <party>R</party>
        <bioguideId>A000368</bioguideId>
        <identifiers>
          <lisID>2075</lisID>
          <bioguideId>A000368</bioguideId>
          <gpoId>8315</gpoId>
        </identifiers>
        <sponsorshipWithdrawnDate />
        <sponsorshipDate>2015-02-12</sponsorshipDate>
        <middleName />
        <isOriginalCosponsor>True</isOriginalCosponsor>
      </item>
      <item>
        <fullName>Sen. Scott, Tim [R-SC]</fullName>
        <firstName>Tim</firstName>
        <lastName>Scott</lastName>
        <state>SC</state>
        <party>R</party>
        <bioguideId>S001184</bioguideId>
        <identifiers>
          <lisID>2056</lisID>
          <bioguideId>S001184</bioguideId>
          <gpoId>8141</gpoId>
        </identifiers>
        <sponsorshipWithdrawnDate />
        <sponsorshipDate>2015-02-12</sponsorshipDate>
        <middleName />
        <isOriginalCosponsor>True</isOriginalCosponsor>
      </item>
      <item>
        <fullName>Sen. Rounds, Mike  [R-SD]</fullName>
        <firstName>Mike</firstName>
        <lastName>Rounds</lastName>
        <state>SD</state>
        <party>R</party>
        <bioguideId>R000605</bioguideId>
        <identifiers>
          <bioguideId>R000605</bioguideId>
          <gpoId />
          <lisID>2288</lisID>
        </identifiers>
        <sponsorshipWithdrawnDate />
        <sponsorshipDate>2015-02-12</sponsorshipDate>
        <middleName />
        <isOriginalCosponsor>True</isOriginalCosponsor>
      </item>
    </cosponsors>
  </bill>
  <dublinCore xmlns:dc="http://purl.org/dc/elements/1.1/">
    <dc:format>text/xml</dc:format>
    <dc:language>EN</dc:language>
    <dc:rights>Pursuant to Title 17 Section 105 of the United States Code, this file is not subject to copyright protection and is in the public domain.</dc:rights>
    <dc:contributor>Congressional Research Service, Library of Congress</dc:contributor>
    <dc:description>This file contains bill summaries and statuses for federal legislation. A bill summary describes the most significant provisions of a piece of legislation and details the effects the legislative text may have on current law and federal programs. Bill summaries are authored by the Congressional Research Service (CRS) of the Library of Congress. As stated in Public Law 91-510 (2 USC 166 (d)(6)), one of the duties of CRS is "to prepare summaries and digests of bills and resolutions of a public general nature introduced in the Senate or House of Representatives". For more information, refer to the User Guide that accompanies this file.</dc:description>
  </dublinCore>
</billStatus>

