<?xml version="1.0" encoding="UTF-8"?>
<billStatus>
  <bill>
    <billType>S</billType>
    <policyArea>
      <name>Public Lands and Natural Resources</name>
    </policyArea>
    <recordedVotes />
    <summaries>
      <billSummaries>
        <item>
          <actionDate>2015-04-28</actionDate>
          <updateDate>2015-04-28T04:00:00Z</updateDate>
          <name>Introduced in Senate</name>
          <lastSummaryUpdateDate>2016-05-09T18:10:02Z</lastSummaryUpdateDate>
          <versionCode>00</versionCode>
          <actionDesc>Introduced in Senate</actionDesc>
          <text><![CDATA[<p><b>Fluke Fairness Act of 2015</b></p> <p>This bill directs the Mid-Atlantic Fishery Management Council to submit for approval by the Department of Commerce a modified fishery management plan for the commercial and recreational management of summer flounder, or an amendment to the plan, that:</p> <ul> <li> is based on the best scientific information available; </li> <li> reflects changes in the distribution, abundance, and location of summer flounder in establishing distribution of the commercial and recreational catch quotas; </li> <li> considers regional, coastwide, or other management measures that comply with national standards under the Magnuson-Stevens Fishery Conservation and Management Act; and </li> <li> prohibits the allocation of catch quotas on a state-by-state basis using historical landings data that does not reflect the status of the summer flounder stock, based on the most recent scientific information. </li> </ul> <p>Commerce must prepare and approve a plan if the Council fails to submit the modifications or amendments.</p> <p>The Government Accountability Office must assess and report on whether the subsequent implementation of the approved plan or amendment complies with national standards.</p>]]></text>
        </item>
      </billSummaries>
    </summaries>
    <title>Fluke Fairness Act of 2015</title>
    <titles>
      <item>
        <title>Fluke Fairness Act of 2015</title>
        <titleType>Short Titles as Introduced</titleType>
        <chamberCode />
        <chamberName />
        <parentTitleType />
      </item>
      <item>
        <title>A bill to provide for an equitable management of summer flounder based on geographic, scientific, and economic data and for other purposes.</title>
        <titleType>Official Title as Introduced</titleType>
        <chamberCode />
        <chamberName />
        <parentTitleType />
      </item>
      <item>
        <title>Fluke Fairness Act of 2015</title>
        <titleType>Display Title</titleType>
        <chamberCode />
        <chamberName />
        <parentTitleType />
      </item>
    </titles>
    <updateDate>2016-11-02T23:26:18Z</updateDate>
    <amendments />
    <introducedDate>2015-04-28</introducedDate>
    <originChamber>Senate</originChamber>
    <actions>
      <actionTypeCounts>
        <introducedInSenate>1</introducedInSenate>
        <referredToCommittee>1</referredToCommittee>
      </actionTypeCounts>
      <actionByCounts>
        <senate>2</senate>
      </actionByCounts>
      <item>
        <actionDate>2015-04-28</actionDate>
        <committee>
          <systemCode>sscm00</systemCode>
          <name>Commerce, Science, and Transportation Committee</name>
        </committee>
        <links />
        <sourceSystem>
          <name>Senate</name>
          <code>0</code>
        </sourceSystem>
        <text>Read twice and referred to the Committee on Commerce, Science, and Transportation.</text>
        <type>IntroReferral</type>
      </item>
      <item>
        <links />
        <committee />
        <actionCode>10000</actionCode>
        <actionDate>2015-04-28</actionDate>
        <text>Introduced in Senate</text>
        <type>IntroReferral</type>
        <sourceSystem>
          <name>Library of Congress</name>
          <code>9</code>
        </sourceSystem>
      </item>
    </actions>
    <relatedBills>
      <item>
        <number>1888</number>
        <relationshipDetails>
          <item>
            <identifiedBy>CRS</identifiedBy>
            <type>Related bill</type>
          </item>
        </relationshipDetails>
        <congress>114</congress>
        <latestAction>
          <text>Referred to the Subcommittee on Water, Power and Oceans.</text>
          <actionDate>2015-05-07</actionDate>
        </latestAction>
        <type>HR</type>
        <latestTitle>Fluke Fairness Act</latestTitle>
      </item>
    </relatedBills>
    <calendarNumbers />
    <cosponsors>
      <item>
        <state>NY</state>
        <bioguideId>G000555</bioguideId>
        <isOriginalCosponsor>False</isOriginalCosponsor>
        <fullName>Sen. Gillibrand, Kirsten E. [D-NY]</fullName>
        <lastName>Gillibrand</lastName>
        <identifiers>
          <gpoId>8336</gpoId>
          <lisID>1866</lisID>
          <bioguideId>G000555</bioguideId>
        </identifiers>
        <sponsorshipWithdrawnDate />
        <middleName>E.</middleName>
        <sponsorshipDate>2015-08-05</sponsorshipDate>
        <party>D</party>
        <firstName>Kirsten</firstName>
      </item>
    </cosponsors>
    <congress>114</congress>
    <committees>
      <billCommittees>
        <item>
          <subcommittees />
          <activities>
            <item>
              <date>2015-04-28T15:30:55Z</date>
              <name>Referred to</name>
            </item>
          </activities>
          <type>Standing</type>
          <systemCode>sscm00</systemCode>
          <chamber>Senate</chamber>
          <name>Commerce, Science, and Transportation Committee</name>
        </item>
      </billCommittees>
    </committees>
    <sponsors>
      <item>
        <fullName>Sen. Schumer, Charles E. [D-NY]</fullName>
        <lastName>SCHUMER</lastName>
        <byRequestType />
        <party>D</party>
        <state>NY</state>
        <middleName>E.</middleName>
        <firstName>CHARLES</firstName>
        <bioguideId>S000148</bioguideId>
        <identifiers>
          <gpoId>8279</gpoId>
          <lisID>1036</lisID>
          <bioguideId>S000148</bioguideId>
        </identifiers>
      </item>
    </sponsors>
    <latestAction>
      <text>Read twice and referred to the Committee on Commerce, Science, and Transportation.</text>
      <actionDate>2015-04-28</actionDate>
      <links />
    </latestAction>
    <subjects>
      <billSubjects>
        <policyArea>
          <name>Public Lands and Natural Resources</name>
        </policyArea>
        <legislativeSubjects>
          <item>
            <name>Atlantic Ocean</name>
          </item>
          <item>
            <name>Congressional oversight</name>
          </item>
          <item>
            <name>Fishes</name>
          </item>
          <item>
            <name>Government studies and investigations</name>
          </item>
          <item>
            <name>Hunting and fishing</name>
          </item>
          <item>
            <name>Marine and coastal resources, fisheries</name>
          </item>
        </legislativeSubjects>
      </billSubjects>
    </subjects>
    <createDate>2015-04-29T08:46:13Z</createDate>
    <notes />
    <laws />
    <billNumber>1107</billNumber>
    <committeeReports />
    <cboCostEstimates />
  </bill>
  <dublinCore xmlns:dc="http://purl.org/dc/elements/1.1/">
    <dc:format>text/xml</dc:format>
    <dc:language>EN</dc:language>
    <dc:rights>Pursuant to Title 17 Section 105 of the United States Code, this file is not subject to copyright protection and is in the public domain.</dc:rights>
    <dc:contributor>Congressional Research Service, Library of Congress</dc:contributor>
    <dc:description>This file contains bill summaries and statuses for federal legislation. A bill summary describes the most significant provisions of a piece of legislation and details the effects the legislative text may have on current law and federal programs. Bill summaries are authored by the Congressional Research Service (CRS) of the Library of Congress. As stated in Public Law 91-510 (2 USC 166 (d)(6)), one of the duties of CRS is "to prepare summaries and digests of bills and resolutions of a public general nature introduced in the Senate or House of Representatives". For more information, refer to the User Guide that accompanies this file.</dc:description>
  </dublinCore>
</billStatus>

