<?xml version="1.0" encoding="UTF-8"?>
<billStatus>
  <bill>
    <latestAction>
      <text>Committee on Small Business and Entrepreneurship. Hearings held.</text>
      <links />
      <actionDate>2016-04-27</actionDate>
    </latestAction>
    <policyArea>
      <name>Government Operations and Politics</name>
    </policyArea>
    <amendments />
    <relatedBills>
      <item>
        <latestAction>
          <actionDate>2015-02-09</actionDate>
          <text>Received in the Senate and Read twice and referred to the Committee on Homeland Security and Governmental Affairs.</text>
        </latestAction>
        <congress>114</congress>
        <latestTitle>Small Business Regulatory Flexibility Improvements Act of 2015</latestTitle>
        <relationshipDetails>
          <item>
            <type>Related bill</type>
            <identifiedBy>CRS</identifiedBy>
          </item>
        </relationshipDetails>
        <type>HR</type>
        <number>527</number>
      </item>
      <item>
        <latestAction>
          <actionDate>2015-01-07</actionDate>
          <text>Read twice and referred to the Committee on Homeland Security and Governmental Affairs.</text>
        </latestAction>
        <congress>114</congress>
        <latestTitle>Small Business Paperwork Relief Act of 2015</latestTitle>
        <relationshipDetails>
          <item>
            <type>Related bill</type>
            <identifiedBy>CRS</identifiedBy>
          </item>
        </relationshipDetails>
        <type>S</type>
        <number>86</number>
      </item>
      <item>
        <latestAction>
          <actionDate>2015-02-10</actionDate>
          <text>Read twice and referred to the Committee on Homeland Security and Governmental Affairs.</text>
        </latestAction>
        <congress>114</congress>
        <latestTitle>Small Business Regulatory Flexibility Improvements Act of 2015</latestTitle>
        <relationshipDetails>
          <item>
            <type>Related bill</type>
            <identifiedBy>CRS</identifiedBy>
          </item>
        </relationshipDetails>
        <type>S</type>
        <number>426</number>
      </item>
    </relatedBills>
    <billNumber>1536</billNumber>
    <updateDate>2016-11-02T23:30:09Z</updateDate>
    <sponsors>
      <item>
        <fullName>Sen. Vitter, David [R-LA]</fullName>
        <firstName>David</firstName>
        <lastName>Vitter</lastName>
        <identifiers>
          <bioguideId>V000127</bioguideId>
          <gpoId>8267</gpoId>
          <lisID>1609</lisID>
        </identifiers>
        <state>LA</state>
        <middleName />
        <party>R</party>
        <byRequestType />
        <bioguideId>V000127</bioguideId>
      </item>
    </sponsors>
    <notes />
    <originChamber>Senate</originChamber>
    <subjects>
      <billSubjects>
        <legislativeSubjects>
          <item>
            <name>Administrative law and regulatory procedures</name>
          </item>
          <item>
            <name>Administrative remedies</name>
          </item>
          <item>
            <name>Business records</name>
          </item>
          <item>
            <name>Civil actions and liability</name>
          </item>
          <item>
            <name>Congressional oversight</name>
          </item>
          <item>
            <name>Economic performance and conditions</name>
          </item>
          <item>
            <name>Federal-Indian relations</name>
          </item>
          <item>
            <name>Forests, forestry, trees</name>
          </item>
          <item>
            <name>Government information and archives</name>
          </item>
          <item>
            <name>Government studies and investigations</name>
          </item>
          <item>
            <name>Judicial review and appeals</name>
          </item>
          <item>
            <name>Jurisdiction and venue</name>
          </item>
          <item>
            <name>Land use and conservation</name>
          </item>
          <item>
            <name>Small Business Administration</name>
          </item>
          <item>
            <name>Small business</name>
          </item>
          <item>
            <name>Tax administration and collection, taxpayers</name>
          </item>
        </legislativeSubjects>
        <policyArea>
          <name>Government Operations and Politics</name>
        </policyArea>
      </billSubjects>
    </subjects>
    <committees>
      <billCommittees>
        <item>
          <activities>
            <item>
              <date>2016-04-27T14:08:34Z</date>
              <name>Hearings by</name>
            </item>
          </activities>
          <chamber>Senate</chamber>
          <subcommittees />
          <systemCode>sssb00</systemCode>
          <type>Standing</type>
          <name>Small Business and Entrepreneurship Committee</name>
        </item>
        <item>
          <activities>
            <item>
              <date>2015-06-10T16:33:00Z</date>
              <name>Referred to</name>
            </item>
          </activities>
          <chamber>Senate</chamber>
          <subcommittees />
          <systemCode>ssga00</systemCode>
          <type>Standing</type>
          <name>Homeland Security and Governmental Affairs Committee</name>
        </item>
      </billCommittees>
    </committees>
    <cosponsors>
      <item>
        <firstName>James</firstName>
        <isOriginalCosponsor>True</isOriginalCosponsor>
        <fullName>Sen. Risch, James E. [R-ID]</fullName>
        <identifiers>
          <bioguideId>R000584</bioguideId>
          <gpoId>8274</gpoId>
          <lisID>1896</lisID>
        </identifiers>
        <middleName>E.</middleName>
        <sponsorshipWithdrawnDate />
        <sponsorshipDate>2015-06-10</sponsorshipDate>
        <party>R</party>
        <bioguideId>R000584</bioguideId>
        <state>ID</state>
        <lastName>Risch</lastName>
      </item>
      <item>
        <firstName>MICHAEL</firstName>
        <isOriginalCosponsor>True</isOriginalCosponsor>
        <fullName>Sen. Enzi, Michael B. [R-WY]</fullName>
        <identifiers>
          <lisID>1542</lisID>
          <gpoId>8328</gpoId>
          <bioguideId>E000285</bioguideId>
        </identifiers>
        <middleName>B.</middleName>
        <sponsorshipWithdrawnDate />
        <sponsorshipDate>2015-06-10</sponsorshipDate>
        <party>R</party>
        <bioguideId>E000285</bioguideId>
        <state>WY</state>
        <lastName>ENZI</lastName>
      </item>
      <item>
        <firstName>Marco</firstName>
        <isOriginalCosponsor>True</isOriginalCosponsor>
        <fullName>Sen. Rubio, Marco [R-FL]</fullName>
        <identifiers>
          <lisID>2084</lisID>
          <bioguideId>R000595</bioguideId>
          <gpoId>8242</gpoId>
        </identifiers>
        <middleName />
        <sponsorshipWithdrawnDate />
        <sponsorshipDate>2015-06-10</sponsorshipDate>
        <party>R</party>
        <bioguideId>R000595</bioguideId>
        <state>FL</state>
        <lastName>Rubio</lastName>
      </item>
      <item>
        <firstName>Joni</firstName>
        <isOriginalCosponsor>True</isOriginalCosponsor>
        <fullName>Sen. Ernst, Joni  [R-IA]</fullName>
        <identifiers>
          <lisID>2283</lisID>
          <bioguideId>E000295</bioguideId>
          <gpoId />
        </identifiers>
        <middleName />
        <sponsorshipWithdrawnDate />
        <sponsorshipDate>2015-06-10</sponsorshipDate>
        <party>R</party>
        <bioguideId>E000295</bioguideId>
        <state>IA</state>
        <lastName>Ernst</lastName>
      </item>
      <item>
        <firstName>Cory</firstName>
        <isOriginalCosponsor>True</isOriginalCosponsor>
        <fullName>Sen. Gardner, Cory [R-CO]</fullName>
        <identifiers>
          <lisID>1998</lisID>
          <gpoId>7862</gpoId>
          <bioguideId>G000562</bioguideId>
        </identifiers>
        <middleName />
        <sponsorshipWithdrawnDate />
        <sponsorshipDate>2015-06-10</sponsorshipDate>
        <party>R</party>
        <bioguideId>G000562</bioguideId>
        <state>CO</state>
        <lastName>Gardner</lastName>
      </item>
      <item>
        <firstName>Deb</firstName>
        <isOriginalCosponsor>False</isOriginalCosponsor>
        <fullName>Sen. Fischer, Deb [R-NE]</fullName>
        <identifiers>
          <bioguideId>F000463</bioguideId>
          <lisID>2179</lisID>
          <gpoId />
        </identifiers>
        <middleName />
        <sponsorshipWithdrawnDate />
        <sponsorshipDate>2015-06-16</sponsorshipDate>
        <party>R</party>
        <bioguideId>F000463</bioguideId>
        <state>NE</state>
        <lastName>Fischer</lastName>
      </item>
      <item>
        <firstName>Tim</firstName>
        <isOriginalCosponsor>False</isOriginalCosponsor>
        <fullName>Sen. Scott, Tim [R-SC]</fullName>
        <identifiers>
          <bioguideId>S001184</bioguideId>
          <gpoId>8141</gpoId>
          <lisID>2056</lisID>
        </identifiers>
        <middleName />
        <sponsorshipWithdrawnDate />
        <sponsorshipDate>2015-07-07</sponsorshipDate>
        <party>R</party>
        <bioguideId>S001184</bioguideId>
        <state>SC</state>
        <lastName>Scott</lastName>
      </item>
      <item>
        <firstName>Tom</firstName>
        <isOriginalCosponsor>False</isOriginalCosponsor>
        <fullName>Sen. Cotton, Tom [R-AR]</fullName>
        <identifiers>
          <lisID>2098</lisID>
          <gpoId />
          <bioguideId>C001095</bioguideId>
        </identifiers>
        <middleName />
        <sponsorshipWithdrawnDate />
        <sponsorshipDate>2016-07-13</sponsorshipDate>
        <party>R</party>
        <bioguideId>C001095</bioguideId>
        <state>AR</state>
        <lastName>Cotton</lastName>
      </item>
    </cosponsors>
    <calendarNumbers />
    <committeeReports />
    <congress>114</congress>
    <title>Small Business Regulatory Flexibility Improvements Act of 2015</title>
    <introducedDate>2015-06-10</introducedDate>
    <actions>
      <item>
        <actionDate>2016-04-27</actionDate>
        <committee>
          <systemCode>sssb00</systemCode>
          <name>Small Business and Entrepreneurship Committee</name>
        </committee>
        <links />
        <sourceSystem>
          <code>0</code>
          <name>Senate</name>
        </sourceSystem>
        <text>Committee on Small Business and Entrepreneurship. Hearings held.</text>
        <type>Committee</type>
      </item>
      <item>
        <actionDate>2015-06-10</actionDate>
        <committee>
          <systemCode>ssga00</systemCode>
          <name>Homeland Security and Governmental Affairs Committee</name>
        </committee>
        <links />
        <sourceSystem>
          <code>0</code>
          <name>Senate</name>
        </sourceSystem>
        <text>Read twice and referred to the Committee on Homeland Security and Governmental Affairs.</text>
        <type>IntroReferral</type>
      </item>
      <item>
        <sourceSystem>
          <code>9</code>
          <name>Library of Congress</name>
        </sourceSystem>
        <actionDate>2015-06-10</actionDate>
        <links />
        <committee />
        <text>Introduced in Senate</text>
        <type>IntroReferral</type>
        <actionCode>10000</actionCode>
      </item>
      <actionTypeCounts>
        <hearingsHeld>1</hearingsHeld>
        <introducedInSenate>1</introducedInSenate>
        <referredToCommittee>1</referredToCommittee>
      </actionTypeCounts>
      <actionByCounts>
        <senate>3</senate>
      </actionByCounts>
    </actions>
    <summaries>
      <billSummaries>
        <item>
          <actionDate>2015-06-10</actionDate>
          <updateDate>2015-06-10T04:00:00Z</updateDate>
          <name>Introduced in Senate</name>
          <lastSummaryUpdateDate>2015-09-09T20:51:29Z</lastSummaryUpdateDate>
          <versionCode>00</versionCode>
          <actionDesc>Introduced in Senate</actionDesc>
          <text><![CDATA[<p><strong>Small Business Regulatory Flexibility Improvements Act of 2015</strong></p> <p>This bill modifies the rule making requirements and procedures of federal agencies (excluding Congress, U.S. courts, U.S. territories and possession, and the District of Columbia) under the Regulatory Flexibility Act of 1980 (RFA) and the Small Business Regulatory Enforcement Fairness Act of 1996 (SBREFA). The definition of "rule" under RFA is expanded to include all agency rules, except for rules that pertain to the protection of the rights of and benefits for veterans or rules of particular (and not general) applicability relating to rates, wages, and other financial indicators. Under a new definition of "economic impact," agencies are required to consider any direct economic effect of a proposed rule on small entities and any indirect economic effect on small entities that is reasonably foreseeable and that results from such rule. </p> <p>Under the bill, agencies are required to modify their rulemaking procedures to: </p> <ul> <li>include within initial and final regulatory flexibility analyses a detailed statement of information relating to a proposed rule; </li> <li>include in the agency regulatory flexibility agenda a description of the sector of the North American Industrial Classification System that is affected by a proposed rule that is likely to have a significant economic impact of a substantial number of small entities; </li> <li>require each initial regulatory flexibility analysis to contain detailed information about a proposed rule, including why agency action is being considered, the objectives and legal basis for the proposed rule, and an estimate of the number and types of small entities to which the proposed rule will apply; </li> <li>eliminate waivers or delays of an initial regulatory flexibility analysis; </li> <li>modify the procedures for participation of small entities in the promulgation of a proposed rule and the review panel advocacy process; and </li> <li>publish a plan for the periodic review of existing rules and new rules that have a significant impact on a substantial number of small entities to determine whether such rules should be continued, changed, or rescinded. </li></ul> <p>Judicial review of an agency final rule for compliance with RFA requirements is allowed after the publication of such rule, instead of after completion of the rule making process.</p> <p>The Small Business Act is amended to authorize the Chief Counsel for Advocacy of the Small Business Administration (SBA) to make small business size standard determinations for all purposes other than for the purposes of such Act or the Small Business Investment Act of 1958.</p> <p>The bill amends SBREFA to require agencies to: (1) solicit input from affected small entities or associations of small entities in preparing small entity compliance guides, and (2) review biennially the civil penalties imposed on small entities for violations of a statutory or regulatory requirement to determine whether a reduction or waiver of such penalties is appropriate. </p> <p>The bill amends the Paperwork Reduction Act to prohibit agencies from imposing civil fines for a first-time paperwork violation by a small business concern unless the violation has the potential to cause serious harm to the public interest, the detection of criminal activity would be impaired, the violation is a violation of internal revenue law or a law concerning the assessment or collection of any tax, debt, revenue, or receipt, the violation is not corrected within six months, or the violation presents a danger to the public health or safety. </p> <p>The bill imposes certain additional requirements on agencies when there is a determination that a rule imposes a significant economic impact on a substantial number of small entities, including requirements for: (1) publication of an initial regulatory flexibility analysis for public comment, (2) a determination of the average cost of a rule for affected small entities and the number of small entities affected or reasonably presumed to be affected, and (3) consultation with the SBA Chief Counsel for Advocacy with respect to the accuracy of information relating to the cost and impact of a final rule. <p>The Comptroller General must complete and publish a study that examines whether the SBA Chief Counsel for Advocacy has the capacity and resources to carry out duties under this Act. </p>]]></text>
        </item>
      </billSummaries>
    </summaries>
    <laws />
    <createDate>2015-06-11T13:27:20Z</createDate>
    <titles>
      <item>
        <parentTitleType />
        <titleType>Short Titles as Introduced</titleType>
        <title>Small Business Regulatory Flexibility Improvements Act of 2015</title>
        <chamberCode />
        <chamberName />
      </item>
      <item>
        <parentTitleType />
        <titleType>Official Title as Introduced</titleType>
        <title>A bill to amend chapter 6 of title 5, United States Code (commonly known as the Regulatory Flexibility Act), to ensure complete analysis of potential impacts on small entities of rules, and for other purposes.</title>
        <chamberCode />
        <chamberName />
      </item>
      <item>
        <parentTitleType />
        <titleType>Display Title</titleType>
        <title>Small Business Regulatory Flexibility Improvements Act of 2015</title>
        <chamberCode />
        <chamberName />
      </item>
    </titles>
    <cboCostEstimates />
    <recordedVotes />
    <billType>S</billType>
  </bill>
  <dublinCore xmlns:dc="http://purl.org/dc/elements/1.1/">
    <dc:format>text/xml</dc:format>
    <dc:language>EN</dc:language>
    <dc:rights>Pursuant to Title 17 Section 105 of the United States Code, this file is not subject to copyright protection and is in the public domain.</dc:rights>
    <dc:contributor>Congressional Research Service, Library of Congress</dc:contributor>
    <dc:description>This file contains bill summaries and statuses for federal legislation. A bill summary describes the most significant provisions of a piece of legislation and details the effects the legislative text may have on current law and federal programs. Bill summaries are authored by the Congressional Research Service (CRS) of the Library of Congress. As stated in Public Law 91-510 (2 USC 166 (d)(6)), one of the duties of CRS is "to prepare summaries and digests of bills and resolutions of a public general nature introduced in the Senate or House of Representatives". For more information, refer to the User Guide that accompanies this file.</dc:description>
  </dublinCore>
</billStatus>

