<?xml version="1.0" encoding="UTF-8"?>
<billStatus>
  <bill>
    <title>SWAT Act</title>
    <updateDate>2016-11-02T23:25:50Z</updateDate>
    <relatedBills />
    <introducedDate>2015-04-21</introducedDate>
    <originChamber>Senate</originChamber>
    <cboCostEstimates />
    <policyArea>
      <name>Crime and Law Enforcement</name>
    </policyArea>
    <congress>114</congress>
    <billNumber>1018</billNumber>
    <billType>S</billType>
    <amendments />
    <recordedVotes />
    <committees>
      <billCommittees>
        <item>
          <subcommittees />
          <systemCode>ssju00</systemCode>
          <activities>
            <item>
              <name>Referred to</name>
              <date>2015-04-21T16:13:21Z</date>
            </item>
          </activities>
          <chamber>Senate</chamber>
          <name>Judiciary Committee</name>
          <type>Standing</type>
        </item>
      </billCommittees>
    </committees>
    <laws />
    <subjects>
      <billSubjects>
        <policyArea>
          <name>Crime and Law Enforcement</name>
        </policyArea>
        <legislativeSubjects>
          <item>
            <name>Chemical and biological weapons</name>
          </item>
          <item>
            <name>Crimes against property</name>
          </item>
          <item>
            <name>Criminal procedure and sentencing</name>
          </item>
          <item>
            <name>Emergency communications systems</name>
          </item>
          <item>
            <name>Firearms and explosives</name>
          </item>
          <item>
            <name>First responders and emergency personnel</name>
          </item>
          <item>
            <name>Fraud offenses and financial crimes</name>
          </item>
          <item>
            <name>Law enforcement administration and funding</name>
          </item>
          <item>
            <name>Nuclear power</name>
          </item>
          <item>
            <name>Pipelines</name>
          </item>
          <item>
            <name>State and local finance</name>
          </item>
          <item>
            <name>Terrorism</name>
          </item>
        </legislativeSubjects>
      </billSubjects>
    </subjects>
    <notes />
    <committeeReports />
    <actions>
      <actionByCounts>
        <senate>2</senate>
      </actionByCounts>
      <item>
        <actionDate>2015-04-21</actionDate>
        <committee>
          <name>Judiciary Committee</name>
          <systemCode>ssju00</systemCode>
        </committee>
        <links />
        <sourceSystem>
          <name>Senate</name>
          <code>0</code>
        </sourceSystem>
        <text>Read twice and referred to the Committee on the Judiciary.</text>
        <type>IntroReferral</type>
      </item>
      <item>
        <actionDate>2015-04-21</actionDate>
        <actionCode>10000</actionCode>
        <sourceSystem>
          <name>Library of Congress</name>
          <code>9</code>
        </sourceSystem>
        <links />
        <committee />
        <text>Introduced in Senate</text>
        <type>IntroReferral</type>
      </item>
      <actionTypeCounts>
        <introducedInSenate>1</introducedInSenate>
        <referredToCommittee>1</referredToCommittee>
      </actionTypeCounts>
    </actions>
    <calendarNumbers />
    <latestAction>
      <links />
      <actionDate>2015-04-21</actionDate>
      <text>Read twice and referred to the Committee on the Judiciary.</text>
    </latestAction>
    <titles>
      <item>
        <parentTitleType />
        <chamberCode />
        <chamberName />
        <title>SWAT Act</title>
        <titleType>Short Titles as Introduced</titleType>
      </item>
      <item>
        <parentTitleType />
        <chamberCode />
        <chamberName />
        <title>Swatting Won't be Accepted or Tolerated Act of 2015</title>
        <titleType>Short Titles as Introduced</titleType>
      </item>
      <item>
        <parentTitleType />
        <chamberCode />
        <chamberName />
        <title>A bill to increase the penalty for fraudulent 9-1-1 calls that result in an emergency response from law enforcement agencies, and for other purposes.</title>
        <titleType>Official Title as Introduced</titleType>
      </item>
      <item>
        <parentTitleType />
        <chamberCode />
        <chamberName />
        <title>SWAT Act</title>
        <titleType>Display Title</titleType>
      </item>
    </titles>
    <summaries>
      <billSummaries>
        <item>
          <versionCode>00</versionCode>
          <actionDate>2015-04-21</actionDate>
          <text><![CDATA[<p><strong>Swatting Won't be Accepted or Tolerated Act of 2015 or the SWAT Act</strong></p> <p>Amends the federal criminal code to: (1) impose a term of imprisonment of up to eight years for making a false, fictitious, or fraudulent statement or representation to a federal law enforcement agency that causes an emergency federal law enforcement response; and (2) require the court to order a defendant convicted of such an offense to reimburse any federal, state, or local government for up to $10,000 in expenses incurred in responding to that conduct.</p> <p>Extends the requirement that a court order a person convicted of conveying false or misleading information indicating that conduct involving specified criminal violations has taken, is taking, or will take place (including violations regarding biological and chemical weapons, firearms, sabotage of nuclear facilities, importation of explosive materials, terrorism, and damaging or destroying pipeline facilities) to reimburse state and local governments and not-for-profit organizations for expenses incident to fire and rescue service provided in any emergency or investigative response to such conduct to also require reimbursement of law enforcement service and any such services provided by the federal government.</p>]]></text>
          <lastSummaryUpdateDate>2015-07-15T15:24:25Z</lastSummaryUpdateDate>
          <actionDesc>Introduced in Senate</actionDesc>
          <name>Introduced in Senate</name>
          <updateDate>2015-04-21T04:00:00Z</updateDate>
        </item>
      </billSummaries>
    </summaries>
    <createDate>2015-04-22T08:46:12Z</createDate>
    <sponsors>
      <item>
        <state>NY</state>
        <fullName>Sen. Schumer, Charles E. [D-NY]</fullName>
        <middleName>E.</middleName>
        <identifiers>
          <lisID>1036</lisID>
          <bioguideId>S000148</bioguideId>
          <gpoId>8279</gpoId>
        </identifiers>
        <firstName>CHARLES</firstName>
        <lastName>SCHUMER</lastName>
        <bioguideId>S000148</bioguideId>
        <byRequestType />
        <party>D</party>
      </item>
    </sponsors>
    <cosponsors />
  </bill>
  <dublinCore xmlns:dc="http://purl.org/dc/elements/1.1/">
    <dc:format>text/xml</dc:format>
    <dc:language>EN</dc:language>
    <dc:rights>Pursuant to Title 17 Section 105 of the United States Code, this file is not subject to copyright protection and is in the public domain.</dc:rights>
    <dc:contributor>Congressional Research Service, Library of Congress</dc:contributor>
    <dc:description>This file contains bill summaries and statuses for federal legislation. A bill summary describes the most significant provisions of a piece of legislation and details the effects the legislative text may have on current law and federal programs. Bill summaries are authored by the Congressional Research Service (CRS) of the Library of Congress. As stated in Public Law 91-510 (2 USC 166 (d)(6)), one of the duties of CRS is "to prepare summaries and digests of bills and resolutions of a public general nature introduced in the Senate or House of Representatives". For more information, refer to the User Guide that accompanies this file.</dc:description>
  </dublinCore>
</billStatus>

