<?xml version="1.0" encoding="UTF-8"?>
<billStatus>
  <bill>
    <committees>
      <billCommittees>
        <item>
          <subcommittees />
          <type>Standing</type>
          <activities>
            <item>
              <name>Referred to</name>
              <date>2015-02-12T22:20:13Z</date>
            </item>
          </activities>
          <systemCode>sshr00</systemCode>
          <name>Health, Education, Labor, and Pensions Committee</name>
          <chamber>Senate</chamber>
        </item>
      </billCommittees>
    </committees>
    <congress>114</congress>
    <billNumber>516</billNumber>
    <updateDate>2016-11-02T23:20:53Z</updateDate>
    <calendarNumbers />
    <policyArea>
      <name>Education</name>
    </policyArea>
    <summaries>
      <billSummaries>
        <item>
          <actionDate>2015-02-12</actionDate>
          <updateDate>2015-02-12T05:00:00Z</updateDate>
          <name>Introduced in Senate</name>
          <lastSummaryUpdateDate>2015-04-14T21:28:58Z</lastSummaryUpdateDate>
          <versionCode>00</versionCode>
          <actionDesc>Introduced in Senate</actionDesc>
          <text><![CDATA[<p><strong>Every Child Counts Act</strong></p> <p>Amends the school improvement program under part A of title I of the Elementary and Secondary Education Act of 1965 to allow states to establish alternate academic achievement standards and assessments for students who have the most significant cognitive disabilities.</p> <p>Requires the alternate standards to meet certain conditions, including that they:</p> <ul> <li>are aligned with the state's challenging academic content and achievement standards;</li> <li>provide access to the general curriculum for the grade in which the student is enrolled; and</li> <li>establish, at a minimum, two levels of achievement (on-target and advanced) that indicate that a student meets or exceeds the state's proficient level of academic achievement; and</li> <li>establish, at a minimum, a third level of achievement (catch-up) that provides information about a student's progress toward proficiency.</li> </ul> <p>Requires each state using alternate assessments to ensure that: (1) not more than 1% of the total number of all students in each grade level in the state who are assessed in a subject are assessed using the alternate assessments, (2) the state's regular academic assessments remain accessible to all students, and (3) the alternate assessments are peer reviewed and based on the best available evidence.</p> <p>Allows each state to count students who are determined to be proficient using such alternate assessments in its determination of the percentage of the state's students who are meeting or exceeding the state's academic content and achievement standards.</p> <p>Requires states' annual report cards to: (1) include the number and percentage of disabled students who take the alternate assessments; and (2) break that information down by grade, subject matter, and disability type.</p>]]></text>
        </item>
      </billSummaries>
    </summaries>
    <title>Every Child Counts Act</title>
    <laws />
    <cosponsors>
      <item>
        <state>WA</state>
        <fullName>Sen. Murray, Patty [D-WA]</fullName>
        <middleName />
        <firstName>PATTY</firstName>
        <bioguideId>M001111</bioguideId>
        <sponsorshipWithdrawnDate />
        <lastName>MURRAY</lastName>
        <party>D</party>
        <identifiers>
          <bioguideId>M001111</bioguideId>
          <lisID>1409</lisID>
          <gpoId>8237</gpoId>
        </identifiers>
        <isOriginalCosponsor>True</isOriginalCosponsor>
        <sponsorshipDate>2015-02-12</sponsorshipDate>
      </item>
    </cosponsors>
    <billType>S</billType>
    <cboCostEstimates />
    <recordedVotes />
    <relatedBills />
    <actions>
      <item>
        <actionDate>2015-02-12</actionDate>
        <committee>
          <systemCode>sshr00</systemCode>
          <name>Health, Education, Labor, and Pensions Committee</name>
        </committee>
        <links />
        <sourceSystem>
          <code>0</code>
          <name>Senate</name>
        </sourceSystem>
        <text>Read twice and referred to the Committee on Health, Education, Labor, and Pensions.</text>
        <type>IntroReferral</type>
      </item>
      <item>
        <sourceSystem>
          <code>9</code>
          <name>Library of Congress</name>
        </sourceSystem>
        <actionDate>2015-02-12</actionDate>
        <links />
        <committee />
        <text>Introduced in Senate</text>
        <type>IntroReferral</type>
        <actionCode>10000</actionCode>
      </item>
      <actionTypeCounts>
        <introducedInSenate>1</introducedInSenate>
        <referredToCommittee>1</referredToCommittee>
      </actionTypeCounts>
      <actionByCounts>
        <senate>2</senate>
      </actionByCounts>
    </actions>
    <notes />
    <latestAction>
      <actionDate>2015-02-12</actionDate>
      <links />
      <text>Read twice and referred to the Committee on Health, Education, Labor, and Pensions.</text>
    </latestAction>
    <introducedDate>2015-02-12</introducedDate>
    <sponsors>
      <item>
        <fullName>Sen. Murphy, Christopher S. [D-CT]</fullName>
        <firstName>Christopher</firstName>
        <byRequestType />
        <identifiers>
          <gpoId>7870</gpoId>
          <lisID>1837</lisID>
          <bioguideId>M001169</bioguideId>
        </identifiers>
        <middleName>S.</middleName>
        <bioguideId>M001169</bioguideId>
        <party>D</party>
        <state>CT</state>
        <lastName>Murphy</lastName>
      </item>
    </sponsors>
    <subjects>
      <billSubjects>
        <legislativeSubjects>
          <item>
            <name>Academic performance and assessments</name>
          </item>
          <item>
            <name>Disability and paralysis</name>
          </item>
          <item>
            <name>Elementary and secondary education</name>
          </item>
          <item>
            <name>Special education</name>
          </item>
        </legislativeSubjects>
        <policyArea>
          <name>Education</name>
        </policyArea>
      </billSubjects>
    </subjects>
    <committeeReports />
    <amendments />
    <createDate>2015-02-13T06:14:13Z</createDate>
    <originChamber>Senate</originChamber>
    <titles>
      <item>
        <parentTitleType />
        <chamberCode />
        <chamberName />
        <title>Every Child Counts Act</title>
        <titleType>Short Titles as Introduced</titleType>
      </item>
      <item>
        <parentTitleType />
        <chamberCode />
        <chamberName />
        <title>A bill to amend the Elementary and Secondary Education Act of 1965 to permit alternate standards and assessments for students with the most significant cognitive disabilities.</title>
        <titleType>Official Title as Introduced</titleType>
      </item>
      <item>
        <parentTitleType />
        <chamberCode />
        <chamberName />
        <title>Every Child Counts Act</title>
        <titleType>Display Title</titleType>
      </item>
    </titles>
  </bill>
  <dublinCore xmlns:dc="http://purl.org/dc/elements/1.1/">
    <dc:format>text/xml</dc:format>
    <dc:language>EN</dc:language>
    <dc:rights>Pursuant to Title 17 Section 105 of the United States Code, this file is not subject to copyright protection and is in the public domain.</dc:rights>
    <dc:contributor>Congressional Research Service, Library of Congress</dc:contributor>
    <dc:description>This file contains bill summaries and statuses for federal legislation. A bill summary describes the most significant provisions of a piece of legislation and details the effects the legislative text may have on current law and federal programs. Bill summaries are authored by the Congressional Research Service (CRS) of the Library of Congress. As stated in Public Law 91-510 (2 USC 166 (d)(6)), one of the duties of CRS is "to prepare summaries and digests of bills and resolutions of a public general nature introduced in the Senate or House of Representatives". For more information, refer to the User Guide that accompanies this file.</dc:description>
  </dublinCore>
</billStatus>

