<?xml version="1.0" encoding="UTF-8"?>
<billStatus>
  <bill>
    <billType>S</billType>
    <policyArea>
      <name>Law</name>
    </policyArea>
    <recordedVotes />
    <summaries>
      <billSummaries>
        <item>
          <actionDate>2015-02-05</actionDate>
          <updateDate>2015-02-05T05:00:00Z</updateDate>
          <name>Introduced in Senate</name>
          <lastSummaryUpdateDate>2015-02-28T14:43:21Z</lastSummaryUpdateDate>
          <versionCode>00</versionCode>
          <actionDesc>Introduced in Senate</actionDesc>
          <text><![CDATA[<p><strong>Lawsuit Abuse Reduction Act of 2015</strong></p> <p>Amends the sanctions provisions in Rule 11 of the Federal Rules of Civil Procedure to require the court to impose an appropriate sanction on any attorney, law firm, or party that has violated, or is responsible for the violation of, the rule with regard to representations to the court. Requires any sanction to compensate parties injured by the conduct in question.</p> <p>Removes a provision that prohibits filing a motion for sanctions if the challenged paper, claim, defense, contention, or denial is withdrawn or appropriately corrected within 21 days after service or within another time the court sets. </p> <p>Authorizes the court to impose additional sanctions, including striking the pleadings, dismissing the suit, nonmonetary directives, or penalty payments if warranted for effective deterrence.</p>]]></text>
        </item>
      </billSummaries>
    </summaries>
    <title>Lawsuit Abuse Reduction Act of 2015</title>
    <titles>
      <item>
        <title>Lawsuit Abuse Reduction Act of 2015</title>
        <chamberCode />
        <chamberName />
        <titleType>Short Titles as Introduced</titleType>
        <parentTitleType />
      </item>
      <item>
        <title>A bill to amend rule 11 of the Federal Rules of Civil Procedure to improve attorney accountability, and for other purposes.</title>
        <chamberCode />
        <chamberName />
        <titleType>Official Title as Introduced</titleType>
        <parentTitleType />
      </item>
      <item>
        <title>Lawsuit Abuse Reduction Act of 2015</title>
        <chamberCode />
        <chamberName />
        <titleType>Display Title</titleType>
        <parentTitleType />
      </item>
    </titles>
    <updateDate>2016-11-02T23:20:07Z</updateDate>
    <amendments />
    <introducedDate>2015-02-05</introducedDate>
    <originChamber>Senate</originChamber>
    <actions>
      <item>
        <actionDate>2015-02-05</actionDate>
        <committee>
          <systemCode>ssju00</systemCode>
          <name>Judiciary Committee</name>
        </committee>
        <links>
          <link>
            <name>S837</name>
            <url>https://www.congress.gov/congressional-record/volume-161/senate-section/page/S837</url>
          </link>
        </links>
        <sourceSystem>
          <code>0</code>
          <name>Senate</name>
        </sourceSystem>
        <text>Read twice and referred to the Committee on the Judiciary. (text of measure as introduced: CR S837)</text>
        <type>IntroReferral</type>
      </item>
      <item>
        <text>Introduced in Senate</text>
        <committee />
        <actionCode>10000</actionCode>
        <sourceSystem>
          <code>9</code>
          <name>Library of Congress</name>
        </sourceSystem>
        <type>IntroReferral</type>
        <actionDate>2015-02-05</actionDate>
        <links />
      </item>
      <actionByCounts>
        <senate>2</senate>
      </actionByCounts>
      <actionTypeCounts>
        <referredToCommittee>1</referredToCommittee>
        <introducedInSenate>1</introducedInSenate>
      </actionTypeCounts>
    </actions>
    <relatedBills>
      <item>
        <latestAction>
          <actionDate>2015-09-21</actionDate>
          <text>Received in the Senate and Read twice and referred to the Committee on the Judiciary.</text>
        </latestAction>
        <congress>114</congress>
        <latestTitle>Lawsuit Abuse Reduction Act of 2015</latestTitle>
        <relationshipDetails>
          <item>
            <type>Identical bill</type>
            <identifiedBy>CRS</identifiedBy>
          </item>
        </relationshipDetails>
        <type>HR</type>
        <number>758</number>
      </item>
      <item>
        <latestAction>
          <actionDate>2016-05-17</actionDate>
          <text>Referred to the Subcommittee on the Constitution and Civil Justice.</text>
        </latestAction>
        <congress>114</congress>
        <latestTitle>Main Street Jobs and Opportunity Act of 2016</latestTitle>
        <relationshipDetails>
          <item>
            <type>Related bill</type>
            <identifiedBy>CRS</identifiedBy>
          </item>
        </relationshipDetails>
        <type>HR</type>
        <number>4936</number>
      </item>
    </relatedBills>
    <calendarNumbers />
    <cosponsors>
      <item>
        <state>FL</state>
        <fullName>Sen. Rubio, Marco [R-FL]</fullName>
        <middleName />
        <firstName>Marco</firstName>
        <bioguideId>R000595</bioguideId>
        <sponsorshipWithdrawnDate />
        <lastName>Rubio</lastName>
        <party>R</party>
        <identifiers>
          <lisID>2084</lisID>
          <gpoId>8242</gpoId>
          <bioguideId>R000595</bioguideId>
        </identifiers>
        <isOriginalCosponsor>True</isOriginalCosponsor>
        <sponsorshipDate>2015-02-05</sponsorshipDate>
      </item>
    </cosponsors>
    <congress>114</congress>
    <committees>
      <billCommittees>
        <item>
          <subcommittees />
          <chamber>Senate</chamber>
          <systemCode>ssju00</systemCode>
          <activities>
            <item>
              <date>2015-02-05T21:14:52Z</date>
              <name>Referred to</name>
            </item>
          </activities>
          <type>Standing</type>
          <name>Judiciary Committee</name>
        </item>
      </billCommittees>
    </committees>
    <sponsors>
      <item>
        <fullName>Sen. Grassley, Chuck [R-IA]</fullName>
        <lastName>GRASSLEY</lastName>
        <byRequestType />
        <party>R</party>
        <state>IA</state>
        <middleName>ERNEST</middleName>
        <firstName>CHARLES</firstName>
        <bioguideId>G000386</bioguideId>
        <identifiers>
          <lisID>457</lisID>
          <gpoId>8316</gpoId>
          <bioguideId>G000386</bioguideId>
        </identifiers>
      </item>
    </sponsors>
    <latestAction>
      <text>Read twice and referred to the Committee on the Judiciary. (text of measure as introduced: CR S837)</text>
      <actionDate>2015-02-05</actionDate>
      <links />
    </latestAction>
    <subjects>
      <billSubjects>
        <legislativeSubjects>
          <item>
            <name>Civil actions and liability</name>
          </item>
          <item>
            <name>Judicial procedure and administration</name>
          </item>
          <item>
            <name>Lawyers and legal services</name>
          </item>
          <item>
            <name>Legal fees and court costs</name>
          </item>
        </legislativeSubjects>
        <policyArea>
          <name>Law</name>
        </policyArea>
      </billSubjects>
    </subjects>
    <createDate>2015-02-06T04:59:53Z</createDate>
    <notes />
    <laws />
    <billNumber>401</billNumber>
    <committeeReports />
    <cboCostEstimates />
  </bill>
  <dublinCore xmlns:dc="http://purl.org/dc/elements/1.1/">
    <dc:format>text/xml</dc:format>
    <dc:language>EN</dc:language>
    <dc:rights>Pursuant to Title 17 Section 105 of the United States Code, this file is not subject to copyright protection and is in the public domain.</dc:rights>
    <dc:contributor>Congressional Research Service, Library of Congress</dc:contributor>
    <dc:description>This file contains bill summaries and statuses for federal legislation. A bill summary describes the most significant provisions of a piece of legislation and details the effects the legislative text may have on current law and federal programs. Bill summaries are authored by the Congressional Research Service (CRS) of the Library of Congress. As stated in Public Law 91-510 (2 USC 166 (d)(6)), one of the duties of CRS is "to prepare summaries and digests of bills and resolutions of a public general nature introduced in the Senate or House of Representatives". For more information, refer to the User Guide that accompanies this file.</dc:description>
  </dublinCore>
</billStatus>

