<?xml version="1.0" encoding="UTF-8"?>
<billStatus>
  <bill>
    <cboCostEstimates />
    <policyArea>
      <name>Energy</name>
    </policyArea>
    <notes />
    <committeeReports />
    <titles>
      <item>
        <chamberCode />
        <chamberName />
        <title>Quadrennial Energy Review Act of 2015</title>
        <parentTitleType />
        <titleType>Short Titles as Introduced</titleType>
      </item>
      <item>
        <chamberCode />
        <chamberName />
        <title>A bill to amend the Department of Energy Organization Act to replace the current requirement for a biennial energy policy plan with a Quadrennial Energy Review, and for other purposes.</title>
        <parentTitleType />
        <titleType>Official Title as Introduced</titleType>
      </item>
      <item>
        <chamberCode />
        <chamberName />
        <title>Quadrennial Energy Review Act of 2015</title>
        <parentTitleType />
        <titleType>Display Title</titleType>
      </item>
    </titles>
    <summaries>
      <billSummaries>
        <item>
          <versionCode>00</versionCode>
          <actionDate>2015-04-21</actionDate>
          <text><![CDATA[<p><b>Quadrennial Energy Review Act of 2015</b></p> <p> This bill amends the Department of Energy Organization Act to direct the President to establish once every four years the Quadrennial Energy Review Task Force to coordinate the Quadrennial Energy Review.</p> <p>Each Review must: (1) establish integrated, governmentwide national energy objectives in the context of economic, environmental, and security priorities; and (2) consider reasonable estimates of future federal budgetary resources when making recommendations.</p> <p> The President's report to Congress on the Review must address an integrated view of short-, intermediate-, and long-term objectives for federal energy policy.</p>  <p>The Secretary of Energy shall give each Review necessary analytical, financial, and administrative support as requested by the cochairpersons<i>.</i></p>]]></text>
          <name>Introduced in Senate</name>
          <lastSummaryUpdateDate>2015-05-11T21:39:31Z</lastSummaryUpdateDate>
          <updateDate>2015-04-21T04:00:00Z</updateDate>
          <actionDesc>Introduced in Senate</actionDesc>
        </item>
      </billSummaries>
    </summaries>
    <createDate>2015-04-22T08:46:12Z</createDate>
    <recordedVotes />
    <billNumber>1033</billNumber>
    <introducedDate>2015-04-21</introducedDate>
    <relatedBills>
      <item>
        <latestTitle>North American Energy Security and Infrastructure Act of 2016</latestTitle>
        <latestAction>
          <text>Conference held.</text>
          <actionTime>14:37:58</actionTime>
          <actionDate>2016-09-08</actionDate>
        </latestAction>
        <number>2012</number>
        <relationshipDetails>
          <item>
            <identifiedBy>CRS</identifiedBy>
            <type>Related bill</type>
          </item>
        </relationshipDetails>
        <type>S</type>
        <congress>114</congress>
      </item>
    </relatedBills>
    <updateDate>2016-11-02T23:25:56Z</updateDate>
    <committees>
      <billCommittees>
        <item>
          <activities>
            <item>
              <name>Hearings by</name>
              <date>2015-06-09T14:08:34Z</date>
            </item>
            <item>
              <name>Referred to</name>
              <date>2015-04-21T22:17:46Z</date>
            </item>
          </activities>
          <name>Energy and Natural Resources Committee</name>
          <subcommittees />
          <chamber>Senate</chamber>
          <type>Standing</type>
          <systemCode>sseg00</systemCode>
        </item>
      </billCommittees>
    </committees>
    <congress>114</congress>
    <laws />
    <title>Quadrennial Energy Review Act of 2015</title>
    <calendarNumbers />
    <sponsors>
      <item>
        <identifiers>
          <lisID>1984</lisID>
          <gpoId>8297</gpoId>
          <bioguideId>C001088</bioguideId>
        </identifiers>
        <byRequestType />
        <fullName>Sen. Coons, Christopher A. [D-DE]</fullName>
        <firstName>Christopher</firstName>
        <state>DE</state>
        <bioguideId>C001088</bioguideId>
        <middleName>A.</middleName>
        <party>D</party>
        <lastName>Coons</lastName>
      </item>
    </sponsors>
    <actions>
      <actionTypeCounts>
        <hearingsHeld>1</hearingsHeld>
        <introducedInSenate>1</introducedInSenate>
        <referredToCommittee>1</referredToCommittee>
      </actionTypeCounts>
      <actionByCounts>
        <senate>3</senate>
      </actionByCounts>
      <item>
        <actionDate>2015-06-09</actionDate>
        <committee>
          <systemCode>sseg00</systemCode>
          <name>Energy and Natural Resources Committee</name>
        </committee>
        <links />
        <sourceSystem>
          <name>Senate</name>
          <code>0</code>
        </sourceSystem>
        <text>Committee on Energy and Natural Resources. Hearings held.</text>
        <type>Committee</type>
      </item>
      <item>
        <actionDate>2015-04-21</actionDate>
        <committee>
          <systemCode>sseg00</systemCode>
          <name>Energy and Natural Resources Committee</name>
        </committee>
        <links />
        <sourceSystem>
          <name>Senate</name>
          <code>0</code>
        </sourceSystem>
        <text>Read twice and referred to the Committee on Energy and Natural Resources.</text>
        <type>IntroReferral</type>
      </item>
      <item>
        <actionCode>10000</actionCode>
        <actionDate>2015-04-21</actionDate>
        <text>Introduced in Senate</text>
        <committee />
        <type>IntroReferral</type>
        <links />
        <sourceSystem>
          <name>Library of Congress</name>
          <code>9</code>
        </sourceSystem>
      </item>
    </actions>
    <amendments />
    <originChamber>Senate</originChamber>
    <latestAction>
      <text>Committee on Energy and Natural Resources. Hearings held.</text>
      <actionDate>2015-06-09</actionDate>
      <links />
    </latestAction>
    <subjects>
      <billSubjects>
        <legislativeSubjects>
          <item>
            <name>Advanced technology and technological innovations</name>
          </item>
          <item>
            <name>Alternative and renewable resources</name>
          </item>
          <item>
            <name>Congressional oversight</name>
          </item>
          <item>
            <name>Electric power generation and transmission</name>
          </item>
          <item>
            <name>Energy efficiency and conservation</name>
          </item>
          <item>
            <name>Energy research</name>
          </item>
          <item>
            <name>Energy storage, supplies, demand</name>
          </item>
          <item>
            <name>General energy matters</name>
          </item>
          <item>
            <name>Government buildings, facilities, and property</name>
          </item>
          <item>
            <name>International organizations and cooperation</name>
          </item>
          <item>
            <name>Public-private cooperation</name>
          </item>
          <item>
            <name>Research administration and funding</name>
          </item>
        </legislativeSubjects>
        <policyArea>
          <name>Energy</name>
        </policyArea>
      </billSubjects>
    </subjects>
    <cosponsors>
      <item>
        <identifiers>
          <bioguideId>A000360</bioguideId>
          <lisID>1695</lisID>
          <gpoId>8304</gpoId>
        </identifiers>
        <middleName />
        <fullName>Sen. Alexander, Lamar [R-TN]</fullName>
        <isOriginalCosponsor>True</isOriginalCosponsor>
        <firstName>Lamar</firstName>
        <sponsorshipWithdrawnDate />
        <state>TN</state>
        <bioguideId>A000360</bioguideId>
        <sponsorshipDate>2015-04-21</sponsorshipDate>
        <party>R</party>
        <lastName>Alexander</lastName>
      </item>
      <item>
        <identifiers>
          <lisID>1567</lisID>
          <gpoId>8260</gpoId>
          <bioguideId>U000039</bioguideId>
        </identifiers>
        <middleName />
        <fullName>Sen. Udall, Tom [D-NM]</fullName>
        <isOriginalCosponsor>True</isOriginalCosponsor>
        <firstName>TOM</firstName>
        <sponsorshipWithdrawnDate />
        <state>NM</state>
        <bioguideId>U000039</bioguideId>
        <sponsorshipDate>2015-04-21</sponsorshipDate>
        <party>D</party>
        <lastName>UDALL</lastName>
      </item>
      <item>
        <identifiers>
          <bioguideId>W000779</bioguideId>
          <lisID>1247</lisID>
          <gpoId>8265</gpoId>
        </identifiers>
        <middleName />
        <fullName>Sen. Wyden, Ron [D-OR]</fullName>
        <isOriginalCosponsor>True</isOriginalCosponsor>
        <firstName>RON</firstName>
        <sponsorshipWithdrawnDate />
        <state>OR</state>
        <bioguideId>W000779</bioguideId>
        <sponsorshipDate>2015-04-21</sponsorshipDate>
        <party>D</party>
        <lastName>WYDEN</lastName>
      </item>
      <item>
        <identifiers>
          <lisID>1937</lisID>
          <bioguideId>H001046</bioguideId>
          <gpoId>8056</gpoId>
        </identifiers>
        <middleName />
        <fullName>Sen. Heinrich, Martin [D-NM]</fullName>
        <isOriginalCosponsor>True</isOriginalCosponsor>
        <firstName>Martin</firstName>
        <sponsorshipWithdrawnDate />
        <state>NM</state>
        <bioguideId>H001046</bioguideId>
        <sponsorshipDate>2015-04-21</sponsorshipDate>
        <party>D</party>
        <lastName>Heinrich</lastName>
      </item>
    </cosponsors>
    <billType>S</billType>
  </bill>
  <dublinCore xmlns:dc="http://purl.org/dc/elements/1.1/">
    <dc:format>text/xml</dc:format>
    <dc:language>EN</dc:language>
    <dc:rights>Pursuant to Title 17 Section 105 of the United States Code, this file is not subject to copyright protection and is in the public domain.</dc:rights>
    <dc:contributor>Congressional Research Service, Library of Congress</dc:contributor>
    <dc:description>This file contains bill summaries and statuses for federal legislation. A bill summary describes the most significant provisions of a piece of legislation and details the effects the legislative text may have on current law and federal programs. Bill summaries are authored by the Congressional Research Service (CRS) of the Library of Congress. As stated in Public Law 91-510 (2 USC 166 (d)(6)), one of the duties of CRS is "to prepare summaries and digests of bills and resolutions of a public general nature introduced in the Senate or House of Representatives". For more information, refer to the User Guide that accompanies this file.</dc:description>
  </dublinCore>
</billStatus>

