<?xml version="1.0" encoding="UTF-8"?>
<billStatus>
  <bill>
    <latestAction>
      <text>Read twice and referred to the Committee on Environment and Public Works.</text>
      <links />
      <actionDate>2015-02-26</actionDate>
    </latestAction>
    <policyArea>
      <name>Animals</name>
    </policyArea>
    <amendments />
    <relatedBills>
      <item>
        <latestTitle>Hunter and Farmer Protection Act</latestTitle>
        <latestAction>
          <text>Referred to the Subcommittee on Federal Lands.</text>
          <actionDate>2015-03-23</actionDate>
        </latestAction>
        <number>1099</number>
        <relationshipDetails>
          <item>
            <identifiedBy>CRS</identifiedBy>
            <type>Related bill</type>
          </item>
        </relationshipDetails>
        <type>HR</type>
        <congress>114</congress>
      </item>
      <item>
        <latestTitle>Bipartisan Sportsmen's Act of 2015</latestTitle>
        <latestAction>
          <text>Read the second time. Placed on Senate Legislative Calendar under General Orders. Calendar No. 15.</text>
          <actionDate>2015-02-09</actionDate>
        </latestAction>
        <number>405</number>
        <relationshipDetails>
          <item>
            <identifiedBy>CRS</identifiedBy>
            <type>Related bill</type>
          </item>
        </relationshipDetails>
        <type>S</type>
        <congress>114</congress>
      </item>
      <item>
        <latestTitle>Bipartisan Sportsmen's Act of 2016</latestTitle>
        <latestAction>
          <text>Placed on Senate Legislative Calendar under General Orders. Calendar No. 371.</text>
          <actionDate>2016-02-24</actionDate>
        </latestAction>
        <number>659</number>
        <relationshipDetails>
          <item>
            <identifiedBy>CRS</identifiedBy>
            <type>Related bill</type>
          </item>
        </relationshipDetails>
        <type>S</type>
        <congress>114</congress>
      </item>
      <item>
        <latestTitle>SHARE Act</latestTitle>
        <latestAction>
          <text>Read twice and referred to the Committee on Energy and Natural Resources.</text>
          <actionDate>2016-03-01</actionDate>
        </latestAction>
        <number>2406</number>
        <relationshipDetails>
          <item>
            <identifiedBy>CRS</identifiedBy>
            <type>Related bill</type>
          </item>
        </relationshipDetails>
        <type>HR</type>
        <congress>114</congress>
      </item>
    </relatedBills>
    <billNumber>595</billNumber>
    <updateDate>2016-11-02T23:22:17Z</updateDate>
    <sponsors>
      <item>
        <fullName>Sen. Cotton, Tom [R-AR]</fullName>
        <firstName>Tom</firstName>
        <lastName>Cotton</lastName>
        <identifiers>
          <bioguideId>C001095</bioguideId>
          <gpoId />
          <lisID>2098</lisID>
        </identifiers>
        <state>AR</state>
        <middleName />
        <party>R</party>
        <byRequestType />
        <bioguideId>C001095</bioguideId>
      </item>
    </sponsors>
    <notes />
    <originChamber>Senate</originChamber>
    <subjects>
      <billSubjects>
        <policyArea>
          <name>Animals</name>
        </policyArea>
        <legislativeSubjects>
          <item>
            <name>Agricultural practices and innovations</name>
          </item>
          <item>
            <name>Birds</name>
          </item>
          <item>
            <name>Hunting and fishing</name>
          </item>
          <item>
            <name>Wildlife conservation and habitat protection</name>
          </item>
        </legislativeSubjects>
      </billSubjects>
    </subjects>
    <committees>
      <billCommittees>
        <item>
          <subcommittees />
          <chamber>Senate</chamber>
          <type>Standing</type>
          <name>Environment and Public Works Committee</name>
          <systemCode>ssev00</systemCode>
          <activities>
            <item>
              <name>Referred to</name>
              <date>2015-02-26T21:15:34Z</date>
            </item>
          </activities>
        </item>
      </billCommittees>
    </committees>
    <cosponsors>
      <item>
        <firstName>John</firstName>
        <isOriginalCosponsor>True</isOriginalCosponsor>
        <fullName>Sen. Boozman, John [R-AR]</fullName>
        <identifiers>
          <lisID>1687</lisID>
          <bioguideId>B001236</bioguideId>
          <gpoId>8247</gpoId>
        </identifiers>
        <middleName />
        <sponsorshipWithdrawnDate />
        <sponsorshipDate>2015-02-26</sponsorshipDate>
        <party>R</party>
        <bioguideId>B001236</bioguideId>
        <state>AR</state>
        <lastName>Boozman</lastName>
      </item>
      <item>
        <firstName>Thad</firstName>
        <isOriginalCosponsor>False</isOriginalCosponsor>
        <fullName>Sen. Cochran, Thad [R-MS]</fullName>
        <identifiers>
          <bioguideId>C000567</bioguideId>
          <lisID>213</lisID>
          <gpoId>8292</gpoId>
        </identifiers>
        <middleName />
        <sponsorshipWithdrawnDate />
        <sponsorshipDate>2015-03-04</sponsorshipDate>
        <party>R</party>
        <bioguideId>C000567</bioguideId>
        <state>MS</state>
        <lastName>Cochran</lastName>
      </item>
    </cosponsors>
    <calendarNumbers />
    <committeeReports />
    <congress>114</congress>
    <title>Hunter and Farmer Protection Act of 2015</title>
    <introducedDate>2015-02-26</introducedDate>
    <actions>
      <item>
        <actionDate>2015-02-26</actionDate>
        <committee>
          <systemCode>ssev00</systemCode>
          <name>Environment and Public Works Committee</name>
        </committee>
        <links />
        <sourceSystem>
          <code>0</code>
          <name>Senate</name>
        </sourceSystem>
        <text>Read twice and referred to the Committee on Environment and Public Works.</text>
        <type>IntroReferral</type>
      </item>
      <item>
        <sourceSystem>
          <code>9</code>
          <name>Library of Congress</name>
        </sourceSystem>
        <actionDate>2015-02-26</actionDate>
        <links />
        <committee />
        <text>Introduced in Senate</text>
        <type>IntroReferral</type>
        <actionCode>10000</actionCode>
      </item>
      <actionTypeCounts>
        <introducedInSenate>1</introducedInSenate>
        <referredToCommittee>1</referredToCommittee>
      </actionTypeCounts>
      <actionByCounts>
        <senate>2</senate>
      </actionByCounts>
    </actions>
    <summaries>
      <billSummaries>
        <item>
          <updateDate>2015-02-26T05:00:00Z</updateDate>
          <versionCode>00</versionCode>
          <text><![CDATA[<p><b>Hunter and Farmer Protection Act</b> <b>of 2015</b></p> <p>This bill amends the Migratory Bird Treaty Act to revise standards for determining what constitutes baiting for purposes of the prohibition on taking migratory game birds. </p> <p>A baited area, in the case of waterfowl, cranes, and coots, includes a standing, unharvested crop that has been manipulated through activities such as mowing, discing, or rolling, unless the activities are normal agricultural practices. An area is not considered to be a baited area if it: (1) has been treated with a normal agricultural practice, (2) has standing crops that have not been manipulated, or (3) has standing crops that have been or are flooded.</p> <p>The Department of Agriculture (USDA) must submit to the Department of the Interior a report on changes to normal agricultural practices across the range of crops grown by agricultural producers in each region of the United States in which USDA harvest practice recommendations are provided to agricultural producers.</p>]]></text>
          <lastSummaryUpdateDate>2016-03-04T23:01:44Z</lastSummaryUpdateDate>
          <actionDate>2015-02-26</actionDate>
          <actionDesc>Introduced in Senate</actionDesc>
          <name>Introduced in Senate</name>
        </item>
      </billSummaries>
    </summaries>
    <laws />
    <createDate>2015-02-27T18:29:29Z</createDate>
    <titles>
      <item>
        <parentTitleType />
        <titleType>Short Titles as Introduced</titleType>
        <title>Hunter and Farmer Protection Act of 2015</title>
        <chamberCode />
        <chamberName />
      </item>
      <item>
        <parentTitleType />
        <titleType>Official Title as Introduced</titleType>
        <title>A bill to amend the Migratory Bird Treaty Act to prohibit baiting exemptions on certain land.</title>
        <chamberCode />
        <chamberName />
      </item>
      <item>
        <parentTitleType />
        <titleType>Display Title</titleType>
        <title>Hunter and Farmer Protection Act of 2015</title>
        <chamberCode />
        <chamberName />
      </item>
    </titles>
    <cboCostEstimates />
    <recordedVotes />
    <billType>S</billType>
  </bill>
  <dublinCore xmlns:dc="http://purl.org/dc/elements/1.1/">
    <dc:format>text/xml</dc:format>
    <dc:language>EN</dc:language>
    <dc:rights>Pursuant to Title 17 Section 105 of the United States Code, this file is not subject to copyright protection and is in the public domain.</dc:rights>
    <dc:contributor>Congressional Research Service, Library of Congress</dc:contributor>
    <dc:description>This file contains bill summaries and statuses for federal legislation. A bill summary describes the most significant provisions of a piece of legislation and details the effects the legislative text may have on current law and federal programs. Bill summaries are authored by the Congressional Research Service (CRS) of the Library of Congress. As stated in Public Law 91-510 (2 USC 166 (d)(6)), one of the duties of CRS is "to prepare summaries and digests of bills and resolutions of a public general nature introduced in the Senate or House of Representatives". For more information, refer to the User Guide that accompanies this file.</dc:description>
  </dublinCore>
</billStatus>

