<?xml version="1.0" encoding="UTF-8"?>
<billStatus>
  <bill>
    <title>Healthy Relationships Act of 2015</title>
    <updateDate>2016-11-02T23:25:16Z</updateDate>
    <relatedBills>
      <item>
        <latestTitle>Healthy Relationships Act of 2015</latestTitle>
        <latestAction>
          <text>Referred to the Subcommittee on Health.</text>
          <actionDate>2015-01-23</actionDate>
        </latestAction>
        <number>453</number>
        <type>HR</type>
        <relationshipDetails>
          <item>
            <type>Related bill</type>
            <identifiedBy>CRS</identifiedBy>
          </item>
        </relationshipDetails>
        <congress>114</congress>
      </item>
    </relatedBills>
    <introducedDate>2015-04-14</introducedDate>
    <originChamber>Senate</originChamber>
    <cboCostEstimates />
    <policyArea>
      <name>Health</name>
    </policyArea>
    <congress>114</congress>
    <billNumber>923</billNumber>
    <billType>S</billType>
    <amendments />
    <recordedVotes />
    <committees>
      <billCommittees>
        <item>
          <subcommittees />
          <chamber>Senate</chamber>
          <systemCode>sshr00</systemCode>
          <type>Standing</type>
          <activities>
            <item>
              <name>Referred to</name>
              <date>2015-04-14T16:02:28Z</date>
            </item>
          </activities>
          <name>Health, Education, Labor, and Pensions Committee</name>
        </item>
      </billCommittees>
    </committees>
    <laws />
    <subjects>
      <billSubjects>
        <policyArea>
          <name>Health</name>
        </policyArea>
        <legislativeSubjects>
          <item>
            <name>Child health</name>
          </item>
          <item>
            <name>Family planning and birth control</name>
          </item>
          <item>
            <name>Health programs administration and funding</name>
          </item>
          <item>
            <name>Health promotion and preventive care</name>
          </item>
          <item>
            <name>Marriage and family status</name>
          </item>
          <item>
            <name>Sex and reproductive health</name>
          </item>
          <item>
            <name>Sexually transmitted diseases</name>
          </item>
          <item>
            <name>Teenage pregnancy</name>
          </item>
        </legislativeSubjects>
      </billSubjects>
    </subjects>
    <notes />
    <committeeReports />
    <actions>
      <actionTypeCounts>
        <introducedInSenate>1</introducedInSenate>
        <referredToCommittee>1</referredToCommittee>
      </actionTypeCounts>
      <actionByCounts>
        <senate>2</senate>
      </actionByCounts>
      <item>
        <actionDate>2015-04-14</actionDate>
        <committee>
          <systemCode>sshr00</systemCode>
          <name>Health, Education, Labor, and Pensions Committee</name>
        </committee>
        <links />
        <sourceSystem>
          <name>Senate</name>
          <code>0</code>
        </sourceSystem>
        <text>Read twice and referred to the Committee on Health, Education, Labor, and Pensions.</text>
        <type>IntroReferral</type>
      </item>
      <item>
        <actionCode>10000</actionCode>
        <actionDate>2015-04-14</actionDate>
        <text>Introduced in Senate</text>
        <committee />
        <type>IntroReferral</type>
        <links />
        <sourceSystem>
          <name>Library of Congress</name>
          <code>9</code>
        </sourceSystem>
      </item>
    </actions>
    <calendarNumbers />
    <latestAction>
      <links />
      <actionDate>2015-04-14</actionDate>
      <text>Read twice and referred to the Committee on Health, Education, Labor, and Pensions.</text>
    </latestAction>
    <titles>
      <item>
        <parentTitleType />
        <chamberCode />
        <chamberName />
        <title>Healthy Relationships Act of 2015</title>
        <titleType>Short Titles as Introduced</titleType>
      </item>
      <item>
        <parentTitleType />
        <chamberCode />
        <chamberName />
        <title>A bill to authorize the Secretary of Health and Human Services, acting through the Administrator of the Health Resources and Services Administration, to award grants on a competitive basis to public and private entities to provide qualified sexual risk avoidance education to youth and their parents.</title>
        <titleType>Official Title as Introduced</titleType>
      </item>
      <item>
        <parentTitleType />
        <chamberCode />
        <chamberName />
        <title>Healthy Relationships Act of 2015</title>
        <titleType>Display Title</titleType>
      </item>
    </titles>
    <summaries>
      <billSummaries>
        <item>
          <lastSummaryUpdateDate>2015-05-13T19:37:04Z</lastSummaryUpdateDate>
          <actionDate>2015-04-14</actionDate>
          <actionDesc>Introduced in Senate</actionDesc>
          <updateDate>2015-04-14T04:00:00Z</updateDate>
          <text><![CDATA[<p><b>Healthy Relationships Act of 2015</b></p> <p>This bill amends the Public Health Service Act to authorize the Health Resources and Services Administration to award grants for qualified sexual risk avoidance education for youth and their parents.</p> <p>The unambiguous message that postponing sexual activity is the optimal sexual health behavior for youth must be the primary emphasis and context for each topic covered by the education. The education must be age appropriate, medically accurate, and evidence based.</p> <p>The education must address specified topics, including:</p> <ul> <li> the benefits associated with personal responsibility, success sequencing (sequential progression through: completing school, securing a job, and marrying before bearing children), goal setting, healthy decision making, and a focus on the future;</li> <li>the research-based advantage of reserving sexual activity for marriage;</li> <li>the skills needed to resist the pervasive, sex-saturated culture;</li> <li>the foundational components of healthy relationships; and</li> <li>how to avoid sexual coercion, dating violence, and risk behaviors, such as drugs, alcohol, and the misuse of social media.</li> </ul> Priority in awarding grants must be given to programs serving youth in middle school and high school that will promote parent-child communication regarding healthy sexual decision making.]]></text>
          <name>Introduced in Senate</name>
          <versionCode>00</versionCode>
        </item>
      </billSummaries>
    </summaries>
    <createDate>2015-04-15T08:46:12Z</createDate>
    <sponsors>
      <item>
        <state>SC</state>
        <fullName>Sen. Graham, Lindsey [R-SC]</fullName>
        <middleName>O.</middleName>
        <identifiers>
          <bioguideId>G000359</bioguideId>
          <gpoId>8335</gpoId>
          <lisID>452</lisID>
        </identifiers>
        <firstName>LINDSEY</firstName>
        <lastName>GRAHAM</lastName>
        <bioguideId>G000359</bioguideId>
        <byRequestType />
        <party>R</party>
      </item>
    </sponsors>
    <cosponsors>
      <item>
        <state>LA</state>
        <fullName>Sen. Vitter, David [R-LA]</fullName>
        <sponsorshipDate>2015-04-14</sponsorshipDate>
        <middleName />
        <identifiers>
          <lisID>1609</lisID>
          <gpoId>8267</gpoId>
          <bioguideId>V000127</bioguideId>
        </identifiers>
        <firstName>David</firstName>
        <lastName>Vitter</lastName>
        <bioguideId>V000127</bioguideId>
        <isOriginalCosponsor>True</isOriginalCosponsor>
        <sponsorshipWithdrawnDate />
        <party>R</party>
      </item>
      <item>
        <state>SD</state>
        <fullName>Sen. Thune, John [R-SD]</fullName>
        <sponsorshipDate>2015-04-14</sponsorshipDate>
        <middleName>R.</middleName>
        <identifiers>
          <lisID>1534</lisID>
          <gpoId>8257</gpoId>
          <bioguideId>T000250</bioguideId>
        </identifiers>
        <firstName>JOHN</firstName>
        <lastName>THUNE</lastName>
        <bioguideId>T000250</bioguideId>
        <isOriginalCosponsor>True</isOriginalCosponsor>
        <sponsorshipWithdrawnDate />
        <party>R</party>
      </item>
      <item>
        <state>SC</state>
        <fullName>Sen. Scott, Tim [R-SC]</fullName>
        <sponsorshipDate>2015-04-14</sponsorshipDate>
        <middleName />
        <identifiers>
          <gpoId>8141</gpoId>
          <lisID>2056</lisID>
          <bioguideId>S001184</bioguideId>
        </identifiers>
        <firstName>Tim</firstName>
        <lastName>Scott</lastName>
        <bioguideId>S001184</bioguideId>
        <isOriginalCosponsor>True</isOriginalCosponsor>
        <sponsorshipWithdrawnDate />
        <party>R</party>
      </item>
      <item>
        <state>AL</state>
        <fullName>Sen. Sessions, Jeff [R-AL]</fullName>
        <sponsorshipDate>2015-04-14</sponsorshipDate>
        <middleName />
        <identifiers>
          <gpoId>8281</gpoId>
          <lisID>1548</lisID>
          <bioguideId>S001141</bioguideId>
        </identifiers>
        <firstName>Jeff</firstName>
        <lastName>Sessions</lastName>
        <bioguideId>S001141</bioguideId>
        <isOriginalCosponsor>True</isOriginalCosponsor>
        <sponsorshipWithdrawnDate />
        <party>R</party>
      </item>
      <item>
        <state>IN</state>
        <fullName>Sen. Coats, Daniel [R-IN]</fullName>
        <sponsorshipDate>2015-04-14</sponsorshipDate>
        <middleName>RAY</middleName>
        <identifiers>
          <bioguideId>C000542</bioguideId>
          <lisID>209</lisID>
          <gpoId>8299</gpoId>
        </identifiers>
        <firstName>DANIEL</firstName>
        <lastName>COATS</lastName>
        <bioguideId>C000542</bioguideId>
        <isOriginalCosponsor>True</isOriginalCosponsor>
        <sponsorshipWithdrawnDate />
        <party>R</party>
      </item>
      <item>
        <state>MT</state>
        <fullName>Sen. Daines, Steve [R-MT]</fullName>
        <sponsorshipDate>2015-05-21</sponsorshipDate>
        <middleName />
        <identifiers>
          <gpoId />
          <lisID>2138</lisID>
          <bioguideId>D000618</bioguideId>
        </identifiers>
        <firstName>Steve</firstName>
        <lastName>Daines</lastName>
        <bioguideId>D000618</bioguideId>
        <isOriginalCosponsor>False</isOriginalCosponsor>
        <sponsorshipWithdrawnDate />
        <party>R</party>
      </item>
    </cosponsors>
  </bill>
  <dublinCore xmlns:dc="http://purl.org/dc/elements/1.1/">
    <dc:format>text/xml</dc:format>
    <dc:language>EN</dc:language>
    <dc:rights>Pursuant to Title 17 Section 105 of the United States Code, this file is not subject to copyright protection and is in the public domain.</dc:rights>
    <dc:contributor>Congressional Research Service, Library of Congress</dc:contributor>
    <dc:description>This file contains bill summaries and statuses for federal legislation. A bill summary describes the most significant provisions of a piece of legislation and details the effects the legislative text may have on current law and federal programs. Bill summaries are authored by the Congressional Research Service (CRS) of the Library of Congress. As stated in Public Law 91-510 (2 USC 166 (d)(6)), one of the duties of CRS is "to prepare summaries and digests of bills and resolutions of a public general nature introduced in the Senate or House of Representatives". For more information, refer to the User Guide that accompanies this file.</dc:description>
  </dublinCore>
</billStatus>

