<?xml version="1.0" encoding="UTF-8"?>
<billStatus>
  <bill>
    <policyArea>
      <name>Crime and Law Enforcement</name>
    </policyArea>
    <billType>S</billType>
    <introducedDate>2015-04-28</introducedDate>
    <recordedVotes />
    <createDate>2015-04-29T08:46:13Z</createDate>
    <summaries>
      <billSummaries>
        <item>
          <actionDate>2015-04-28</actionDate>
          <actionDesc>Introduced in Senate</actionDesc>
          <lastSummaryUpdateDate>2015-07-18T14:47:29Z</lastSummaryUpdateDate>
          <versionCode>00</versionCode>
          <updateDate>2015-04-28T04:00:00Z</updateDate>
          <name>Introduced in Senate</name>
          <text><![CDATA[<p><strong>Stanley Cooper Death Benefits for Court Security Officers Act</strong></p> <p>Amends the Omnibus Crime Control and Safe Streets Act of 1968 to include a court security officer under contract with the U.S. Marshals Service within the definition of "public safety officer" for purposes of public safety officers' death benefits.</p> <p>Makes this Act applicable with respect to any injury sustained on or after January 1, 2010.</p>]]></text>
        </item>
      </billSummaries>
    </summaries>
    <committeeReports />
    <notes />
    <latestAction>
      <links />
      <actionDate>2015-04-28</actionDate>
      <text>Read twice and referred to the Committee on the Judiciary. (text of measure as introduced: CR S2476)</text>
    </latestAction>
    <sponsors>
      <item>
        <state>NV</state>
        <fullName>Sen. Reid, Harry [D-NV]</fullName>
        <firstName>HARRY</firstName>
        <byRequestType />
        <bioguideId>R000146</bioguideId>
        <lastName>REID</lastName>
        <party>D</party>
        <identifiers>
          <lisID>952</lisID>
          <gpoId>8271</gpoId>
          <bioguideId>R000146</bioguideId>
        </identifiers>
        <middleName>M.</middleName>
      </item>
    </sponsors>
    <billNumber>1108</billNumber>
    <titles>
      <item>
        <parentTitleType />
        <titleType>Short Titles as Introduced</titleType>
        <title>Stanley Cooper Death Benefits for Court Security Officers Act</title>
        <chamberCode />
        <chamberName />
      </item>
      <item>
        <parentTitleType />
        <titleType>Official Title as Introduced</titleType>
        <title>A bill to amend the Omnibus Crime Control and Safe Streets Act of 1968 to include court security officers in the public safety officers' death benefits program.</title>
        <chamberCode />
        <chamberName />
      </item>
      <item>
        <parentTitleType />
        <titleType>Display Title</titleType>
        <title>Stanley Cooper Death Benefits for Court Security Officers Act</title>
        <chamberCode />
        <chamberName />
      </item>
    </titles>
    <title>Stanley Cooper Death Benefits for Court Security Officers Act</title>
    <laws />
    <committees>
      <billCommittees>
        <item>
          <subcommittees />
          <systemCode>ssju00</systemCode>
          <activities>
            <item>
              <name>Referred to</name>
              <date>2015-04-28T15:40:51Z</date>
            </item>
          </activities>
          <chamber>Senate</chamber>
          <name>Judiciary Committee</name>
          <type>Standing</type>
        </item>
      </billCommittees>
    </committees>
    <updateDate>2016-11-02T23:26:19Z</updateDate>
    <relatedBills />
    <subjects>
      <billSubjects>
        <legislativeSubjects>
          <item>
            <name>Employee benefits and pensions</name>
          </item>
          <item>
            <name>Judicial procedure and administration</name>
          </item>
          <item>
            <name>Law enforcement officers</name>
          </item>
        </legislativeSubjects>
        <policyArea>
          <name>Crime and Law Enforcement</name>
        </policyArea>
      </billSubjects>
    </subjects>
    <actions>
      <item>
        <actionDate>2015-04-28</actionDate>
        <committee>
          <systemCode>ssju00</systemCode>
          <name>Judiciary Committee</name>
        </committee>
        <links>
          <link>
            <url>https://www.congress.gov/congressional-record/volume-161/senate-section/page/S2476</url>
            <name>S2476</name>
          </link>
        </links>
        <sourceSystem>
          <code>0</code>
          <name>Senate</name>
        </sourceSystem>
        <text>Read twice and referred to the Committee on the Judiciary. (text of measure as introduced: CR S2476)</text>
        <type>IntroReferral</type>
      </item>
      <item>
        <sourceSystem>
          <code>9</code>
          <name>Library of Congress</name>
        </sourceSystem>
        <actionDate>2015-04-28</actionDate>
        <links />
        <committee />
        <text>Introduced in Senate</text>
        <type>IntroReferral</type>
        <actionCode>10000</actionCode>
      </item>
      <actionTypeCounts>
        <introducedInSenate>1</introducedInSenate>
        <referredToCommittee>1</referredToCommittee>
      </actionTypeCounts>
      <actionByCounts>
        <senate>2</senate>
      </actionByCounts>
    </actions>
    <amendments />
    <congress>114</congress>
    <cosponsors>
      <item>
        <state>NV</state>
        <fullName>Sen. Heller, Dean [R-NV]</fullName>
        <middleName />
        <firstName>Dean</firstName>
        <bioguideId>H001041</bioguideId>
        <sponsorshipWithdrawnDate />
        <lastName>Heller</lastName>
        <party>R</party>
        <identifiers>
          <bioguideId>H001041</bioguideId>
          <gpoId>8060</gpoId>
          <lisID>1863</lisID>
        </identifiers>
        <isOriginalCosponsor>True</isOriginalCosponsor>
        <sponsorshipDate>2015-04-28</sponsorshipDate>
      </item>
    </cosponsors>
    <calendarNumbers />
    <cboCostEstimates />
    <originChamber>Senate</originChamber>
  </bill>
  <dublinCore xmlns:dc="http://purl.org/dc/elements/1.1/">
    <dc:format>text/xml</dc:format>
    <dc:language>EN</dc:language>
    <dc:rights>Pursuant to Title 17 Section 105 of the United States Code, this file is not subject to copyright protection and is in the public domain.</dc:rights>
    <dc:contributor>Congressional Research Service, Library of Congress</dc:contributor>
    <dc:description>This file contains bill summaries and statuses for federal legislation. A bill summary describes the most significant provisions of a piece of legislation and details the effects the legislative text may have on current law and federal programs. Bill summaries are authored by the Congressional Research Service (CRS) of the Library of Congress. As stated in Public Law 91-510 (2 USC 166 (d)(6)), one of the duties of CRS is "to prepare summaries and digests of bills and resolutions of a public general nature introduced in the Senate or House of Representatives". For more information, refer to the User Guide that accompanies this file.</dc:description>
  </dublinCore>
</billStatus>

