<?xml version="1.0" encoding="UTF-8"?>
<billStatus>
  <bill>
    <cboCostEstimates />
    <policyArea>
      <name>Taxation</name>
    </policyArea>
    <notes />
    <committeeReports />
    <titles>
      <item>
        <chamberCode />
        <title>Protecting Volunteer Firefighters and Emergency Responders Act</title>
        <chamberName />
        <titleType>Short Titles as Introduced</titleType>
        <parentTitleType />
      </item>
      <item>
        <chamberCode />
        <title>A bill to amend the Internal Revenue Code of 1986 to ensure that emergency services volunteers are not taken into account as employees under the shared responsibility requirements contained in the Patient Protection and Affordable Care Act.</title>
        <chamberName />
        <titleType>Official Title as Introduced</titleType>
        <parentTitleType />
      </item>
      <item>
        <chamberCode />
        <title>Protecting Volunteer Firefighters and Emergency Responders Act</title>
        <chamberName />
        <titleType>Display Title</titleType>
        <parentTitleType />
      </item>
    </titles>
    <summaries>
      <billSummaries>
        <item>
          <versionCode>00</versionCode>
          <actionDate>2015-02-10</actionDate>
          <text><![CDATA[<p><strong>Protecting Volunteer Firefighters and Emergency Responders Act </strong></p> <p>This bill amends the Internal Revenue Code to exclude services rendered by bona-fide volunteers providing firefighting and prevention services, emergency medical services, or ambulance services to a state or local government or a tax-exempt charitable organization from the category of services usually rendered by an employee of an applicable large employer subject to the mandate to provide minimum essential health care coverage under the Patient Protection and Affordable Care Act (PPACA), thus exempting such employers from PPACA requirements with respect to such volunteers.</p> <p>The bill defines &quot;bona fide volunteer&quot; as an employee of any government entity and any tax-exempt charitable organization whose only compensation is in the form of: (1) reimbursement for (or reasonable allowance for) reasonable expenses incurred in the performance of volunteer services, or (2) reasonable benefits (including length-of-service awards) and nominal fees customarily paid by similar entities for the services of volunteers. </p>]]></text>
          <lastSummaryUpdateDate>2015-03-11T19:15:01Z</lastSummaryUpdateDate>
          <actionDesc>Introduced in Senate</actionDesc>
          <name>Introduced in Senate</name>
          <updateDate>2015-02-10T05:00:00Z</updateDate>
        </item>
      </billSummaries>
    </summaries>
    <createDate>2015-02-11T04:46:14Z</createDate>
    <recordedVotes />
    <billNumber>420</billNumber>
    <introducedDate>2015-02-10</introducedDate>
    <relatedBills>
      <item>
        <congress>114</congress>
        <type>HR</type>
        <relationshipDetails>
          <item>
            <identifiedBy>CRS</identifiedBy>
            <type>Identical bill</type>
          </item>
        </relationshipDetails>
        <number>1191</number>
        <latestAction>
          <actionDate>2015-05-22</actionDate>
          <text>Became Public Law No: 114-17.</text>
        </latestAction>
        <latestTitle>Iran Nuclear Agreement Review Act of 2015</latestTitle>
      </item>
      <item>
        <congress>114</congress>
        <type>HR</type>
        <relationshipDetails>
          <item>
            <identifiedBy>CRS</identifiedBy>
            <type>Identical bill</type>
          </item>
        </relationshipDetails>
        <number>33</number>
        <latestAction>
          <actionDate>2015-03-30</actionDate>
          <text>Referred to the Subcommittee on Health.</text>
        </latestAction>
        <latestTitle>To amend the Internal Revenue Code of 1986 to ensure that emergency services volunteers are not taken into account as employees under the shared responsibility requirements contained in the Patient Protection and Affordable Care Act.</latestTitle>
      </item>
      <item>
        <congress>114</congress>
        <type>HR</type>
        <relationshipDetails>
          <item>
            <identifiedBy>CRS</identifiedBy>
            <type>Identical bill</type>
          </item>
        </relationshipDetails>
        <number>2658</number>
        <latestAction>
          <actionDate>2015-06-04</actionDate>
          <text>Referred to the House Committee on Ways and Means.</text>
        </latestAction>
        <latestTitle>Protecting Volunteer Firefighters and Emergency Responders Act</latestTitle>
      </item>
    </relatedBills>
    <updateDate>2016-11-02T23:20:16Z</updateDate>
    <committees>
      <billCommittees>
        <item>
          <subcommittees />
          <chamber>Senate</chamber>
          <type>Standing</type>
          <name>Finance Committee</name>
          <systemCode>ssfi00</systemCode>
          <activities>
            <item>
              <name>Referred to</name>
              <date>2015-02-10T15:24:53Z</date>
            </item>
          </activities>
        </item>
      </billCommittees>
    </committees>
    <congress>114</congress>
    <laws />
    <title>Protecting Volunteer Firefighters and Emergency Responders Act</title>
    <calendarNumbers />
    <sponsors>
      <item>
        <identifiers>
          <lisID>1594</lisID>
          <bioguideId>T000461</bioguideId>
          <gpoId />
        </identifiers>
        <byRequestType />
        <fullName>Sen. Toomey, Pat [R-PA]</fullName>
        <firstName>Pat</firstName>
        <state>PA</state>
        <bioguideId>T000461</bioguideId>
        <middleName />
        <party>R</party>
        <lastName>Toomey</lastName>
      </item>
    </sponsors>
    <actions>
      <actionTypeCounts>
        <referredToCommittee>1</referredToCommittee>
        <introducedInSenate>1</introducedInSenate>
      </actionTypeCounts>
      <actionByCounts>
        <senate>2</senate>
      </actionByCounts>
      <item>
        <actionDate>2015-02-10</actionDate>
        <committee>
          <name>Finance Committee</name>
          <systemCode>ssfi00</systemCode>
        </committee>
        <links />
        <sourceSystem>
          <name>Senate</name>
          <code>0</code>
        </sourceSystem>
        <text>Read twice and referred to the Committee on Finance.</text>
        <type>IntroReferral</type>
      </item>
      <item>
        <text>Introduced in Senate</text>
        <sourceSystem>
          <name>Library of Congress</name>
          <code>9</code>
        </sourceSystem>
        <committee />
        <type>IntroReferral</type>
        <links />
        <actionCode>10000</actionCode>
        <actionDate>2015-02-10</actionDate>
      </item>
    </actions>
    <amendments />
    <originChamber>Senate</originChamber>
    <latestAction>
      <text>Read twice and referred to the Committee on Finance.</text>
      <actionDate>2015-02-10</actionDate>
      <links />
    </latestAction>
    <subjects>
      <billSubjects>
        <legislativeSubjects>
          <item>
            <name>Comprehensive health care</name>
          </item>
          <item>
            <name>Employee benefits and pensions</name>
          </item>
          <item>
            <name>First responders and emergency personnel</name>
          </item>
          <item>
            <name>Health care costs and insurance</name>
          </item>
          <item>
            <name>Health care coverage and access</name>
          </item>
          <item>
            <name>Sales and excise taxes</name>
          </item>
          <item>
            <name>Social work, volunteer service, charitable organizations</name>
          </item>
        </legislativeSubjects>
        <policyArea>
          <name>Taxation</name>
        </policyArea>
      </billSubjects>
    </subjects>
    <cosponsors>
      <item>
        <state>VA</state>
        <fullName>Sen. Warner, Mark R. [D-VA]</fullName>
        <sponsorshipDate>2015-02-10</sponsorshipDate>
        <middleName>R.</middleName>
        <identifiers>
          <lisID>1897</lisID>
          <gpoId>8269</gpoId>
          <bioguideId>W000805</bioguideId>
        </identifiers>
        <firstName>Mark</firstName>
        <lastName>Warner</lastName>
        <bioguideId>W000805</bioguideId>
        <isOriginalCosponsor>True</isOriginalCosponsor>
        <sponsorshipWithdrawnDate />
        <party>D</party>
      </item>
      <item>
        <state>WV</state>
        <fullName>Sen. Manchin, Joe, III [D-WV]</fullName>
        <sponsorshipDate>2015-02-10</sponsorshipDate>
        <middleName />
        <identifiers>
          <gpoId>8256</gpoId>
          <lisID>1983</lisID>
          <bioguideId>M001183</bioguideId>
        </identifiers>
        <firstName>Joe</firstName>
        <lastName>Manchin</lastName>
        <bioguideId>M001183</bioguideId>
        <isOriginalCosponsor>True</isOriginalCosponsor>
        <sponsorshipWithdrawnDate />
        <party>D</party>
      </item>
      <item>
        <state>ME</state>
        <fullName>Sen. King, Angus S., Jr. [I-ME]</fullName>
        <sponsorshipDate>2015-02-10</sponsorshipDate>
        <middleName />
        <identifiers>
          <bioguideId>K000383</bioguideId>
          <lisID>2185</lisID>
          <gpoId />
        </identifiers>
        <firstName>Angus</firstName>
        <lastName>King</lastName>
        <bioguideId>K000383</bioguideId>
        <isOriginalCosponsor>True</isOriginalCosponsor>
        <sponsorshipWithdrawnDate />
        <party>I</party>
      </item>
      <item>
        <state>OH</state>
        <fullName>Sen. Portman, Rob [R-OH]</fullName>
        <sponsorshipDate>2015-02-10</sponsorshipDate>
        <middleName />
        <identifiers>
          <bioguideId>P000449</bioguideId>
          <lisID>924</lisID>
          <gpoId>8266</gpoId>
        </identifiers>
        <firstName>ROB</firstName>
        <lastName>PORTMAN</lastName>
        <bioguideId>P000449</bioguideId>
        <isOriginalCosponsor>True</isOriginalCosponsor>
        <sponsorshipWithdrawnDate />
        <party>R</party>
      </item>
      <item>
        <state>AR</state>
        <fullName>Sen. Cotton, Tom [R-AR]</fullName>
        <sponsorshipDate>2015-02-10</sponsorshipDate>
        <middleName />
        <identifiers>
          <lisID>2098</lisID>
          <bioguideId>C001095</bioguideId>
          <gpoId />
        </identifiers>
        <firstName>Tom</firstName>
        <lastName>Cotton</lastName>
        <bioguideId>C001095</bioguideId>
        <isOriginalCosponsor>True</isOriginalCosponsor>
        <sponsorshipWithdrawnDate />
        <party>R</party>
      </item>
      <item>
        <state>DE</state>
        <fullName>Sen. Coons, Christopher A. [D-DE]</fullName>
        <sponsorshipDate>2015-02-10</sponsorshipDate>
        <middleName>A.</middleName>
        <identifiers>
          <lisID>1984</lisID>
          <gpoId>8297</gpoId>
          <bioguideId>C001088</bioguideId>
        </identifiers>
        <firstName>Christopher</firstName>
        <lastName>Coons</lastName>
        <bioguideId>C001088</bioguideId>
        <isOriginalCosponsor>True</isOriginalCosponsor>
        <sponsorshipWithdrawnDate />
        <party>D</party>
      </item>
      <item>
        <state>IN</state>
        <fullName>Sen. Donnelly, Joe [D-IN]</fullName>
        <sponsorshipDate>2015-02-10</sponsorshipDate>
        <middleName />
        <identifiers>
          <lisID>1850</lisID>
          <bioguideId>D000607</bioguideId>
          <gpoId>7941</gpoId>
        </identifiers>
        <firstName>Joe</firstName>
        <lastName>Donnelly</lastName>
        <bioguideId>D000607</bioguideId>
        <isOriginalCosponsor>True</isOriginalCosponsor>
        <sponsorshipWithdrawnDate />
        <party>D</party>
      </item>
      <item>
        <state>AK</state>
        <fullName>Sen. Murkowski, Lisa [R-AK]</fullName>
        <sponsorshipDate>2015-02-10</sponsorshipDate>
        <middleName />
        <identifiers>
          <bioguideId>M001153</bioguideId>
          <lisID>1694</lisID>
          <gpoId>8234</gpoId>
        </identifiers>
        <firstName>Lisa</firstName>
        <lastName>Murkowski</lastName>
        <bioguideId>M001153</bioguideId>
        <isOriginalCosponsor>True</isOriginalCosponsor>
        <sponsorshipWithdrawnDate />
        <party>R</party>
      </item>
      <item>
        <state>IA</state>
        <fullName>Sen. Grassley, Chuck [R-IA]</fullName>
        <sponsorshipDate>2015-02-10</sponsorshipDate>
        <middleName>ERNEST</middleName>
        <identifiers>
          <lisID>457</lisID>
          <bioguideId>G000386</bioguideId>
          <gpoId>8316</gpoId>
        </identifiers>
        <firstName>CHARLES</firstName>
        <lastName>GRASSLEY</lastName>
        <bioguideId>G000386</bioguideId>
        <isOriginalCosponsor>True</isOriginalCosponsor>
        <sponsorshipWithdrawnDate />
        <party>R</party>
      </item>
      <item>
        <state>NH</state>
        <fullName>Sen. Ayotte, Kelly [R-NH]</fullName>
        <sponsorshipDate>2015-02-10</sponsorshipDate>
        <middleName />
        <identifiers>
          <gpoId>8315</gpoId>
          <lisID>2075</lisID>
          <bioguideId>A000368</bioguideId>
        </identifiers>
        <firstName>Kelly</firstName>
        <lastName>Ayotte</lastName>
        <bioguideId>A000368</bioguideId>
        <isOriginalCosponsor>True</isOriginalCosponsor>
        <sponsorshipWithdrawnDate />
        <party>R</party>
      </item>
      <item>
        <state>VA</state>
        <fullName>Sen. Kaine, Tim [D-VA]</fullName>
        <sponsorshipDate>2015-02-10</sponsorshipDate>
        <middleName />
        <identifiers>
          <gpoId />
          <lisID>2176</lisID>
          <bioguideId>K000384</bioguideId>
        </identifiers>
        <firstName>Timothy</firstName>
        <lastName>Kaine</lastName>
        <bioguideId>K000384</bioguideId>
        <isOriginalCosponsor>True</isOriginalCosponsor>
        <sponsorshipWithdrawnDate />
        <party>D</party>
      </item>
      <item>
        <state>AZ</state>
        <fullName>Sen. Flake, Jeff [R-AZ]</fullName>
        <sponsorshipDate>2015-02-10</sponsorshipDate>
        <middleName />
        <identifiers>
          <bioguideId>F000444</bioguideId>
          <lisID>1633</lisID>
          <gpoId>7803</gpoId>
        </identifiers>
        <firstName>JEFF</firstName>
        <lastName>FLAKE</lastName>
        <bioguideId>F000444</bioguideId>
        <isOriginalCosponsor>True</isOriginalCosponsor>
        <sponsorshipWithdrawnDate />
        <party>R</party>
      </item>
      <item>
        <state>CO</state>
        <fullName>Sen. Bennet, Michael F. [D-CO]</fullName>
        <sponsorshipDate>2015-02-10</sponsorshipDate>
        <middleName>F.</middleName>
        <identifiers>
          <bioguideId>B001267</bioguideId>
          <lisID>1965</lisID>
          <gpoId>8302</gpoId>
        </identifiers>
        <firstName>Michael</firstName>
        <lastName>Bennet</lastName>
        <bioguideId>B001267</bioguideId>
        <isOriginalCosponsor>True</isOriginalCosponsor>
        <sponsorshipWithdrawnDate />
        <party>D</party>
      </item>
      <item>
        <state>MS</state>
        <fullName>Sen. Wicker, Roger F. [R-MS]</fullName>
        <sponsorshipDate>2015-02-10</sponsorshipDate>
        <middleName>F.</middleName>
        <identifiers>
          <bioguideId>W000437</bioguideId>
          <gpoId>8263</gpoId>
          <lisID>1226</lisID>
        </identifiers>
        <firstName>ROGER</firstName>
        <lastName>WICKER</lastName>
        <bioguideId>W000437</bioguideId>
        <isOriginalCosponsor>True</isOriginalCosponsor>
        <sponsorshipWithdrawnDate />
        <party>R</party>
      </item>
      <item>
        <state>GA</state>
        <fullName>Sen. Isakson, Johnny [R-GA]</fullName>
        <sponsorshipDate>2015-02-10</sponsorshipDate>
        <middleName />
        <identifiers>
          <bioguideId>I000055</bioguideId>
          <lisID>1608</lisID>
          <gpoId>8323</gpoId>
        </identifiers>
        <firstName>Johnny</firstName>
        <lastName>Isakson</lastName>
        <bioguideId>I000055</bioguideId>
        <isOriginalCosponsor>True</isOriginalCosponsor>
        <sponsorshipWithdrawnDate />
        <party>R</party>
      </item>
      <item>
        <state>MN</state>
        <fullName>Sen. Franken, Al [D-MN]</fullName>
        <sponsorshipDate>2015-02-10</sponsorshipDate>
        <middleName />
        <identifiers>
          <lisID>1969</lisID>
          <bioguideId>F000457</bioguideId>
          <gpoId>8339</gpoId>
        </identifiers>
        <firstName>Al</firstName>
        <lastName>Franken</lastName>
        <bioguideId>F000457</bioguideId>
        <isOriginalCosponsor>True</isOriginalCosponsor>
        <sponsorshipWithdrawnDate />
        <party>D</party>
      </item>
      <item>
        <state>ND</state>
        <fullName>Sen. Heitkamp, Heidi [D-ND]</fullName>
        <sponsorshipDate>2015-02-10</sponsorshipDate>
        <middleName />
        <identifiers>
          <gpoId />
          <lisID>2174</lisID>
          <bioguideId>H001069</bioguideId>
        </identifiers>
        <firstName>Heidi</firstName>
        <lastName>Heitkamp</lastName>
        <bioguideId>H001069</bioguideId>
        <isOriginalCosponsor>True</isOriginalCosponsor>
        <sponsorshipWithdrawnDate />
        <party>D</party>
      </item>
      <item>
        <state>MT</state>
        <fullName>Sen. Tester, Jon [D-MT]</fullName>
        <sponsorshipDate>2015-02-10</sponsorshipDate>
        <middleName />
        <identifiers>
          <gpoId>8258</gpoId>
          <lisID>1829</lisID>
          <bioguideId>T000464</bioguideId>
        </identifiers>
        <firstName>Jon</firstName>
        <lastName>Tester</lastName>
        <bioguideId>T000464</bioguideId>
        <isOriginalCosponsor>True</isOriginalCosponsor>
        <sponsorshipWithdrawnDate />
        <party>D</party>
      </item>
      <item>
        <state>CT</state>
        <fullName>Sen. Murphy, Christopher S. [D-CT]</fullName>
        <sponsorshipDate>2015-02-10</sponsorshipDate>
        <middleName>S.</middleName>
        <identifiers>
          <lisID>1837</lisID>
          <gpoId>7870</gpoId>
          <bioguideId>M001169</bioguideId>
        </identifiers>
        <firstName>Christopher</firstName>
        <lastName>Murphy</lastName>
        <bioguideId>M001169</bioguideId>
        <isOriginalCosponsor>True</isOriginalCosponsor>
        <sponsorshipWithdrawnDate />
        <party>D</party>
      </item>
      <item>
        <state>OR</state>
        <fullName>Sen. Merkley, Jeff [D-OR]</fullName>
        <sponsorshipDate>2015-02-10</sponsorshipDate>
        <middleName />
        <identifiers>
          <lisID>1900</lisID>
          <bioguideId>M001176</bioguideId>
          <gpoId>8238</gpoId>
        </identifiers>
        <firstName>Jeff</firstName>
        <lastName>Merkley</lastName>
        <bioguideId>M001176</bioguideId>
        <isOriginalCosponsor>True</isOriginalCosponsor>
        <sponsorshipWithdrawnDate />
        <party>D</party>
      </item>
      <item>
        <state>KS</state>
        <fullName>Sen. Moran, Jerry [R-KS]</fullName>
        <sponsorshipDate>2015-02-10</sponsorshipDate>
        <middleName />
        <identifiers>
          <gpoId>8307</gpoId>
          <lisID>1507</lisID>
          <bioguideId>M000934</bioguideId>
        </identifiers>
        <firstName>JERRY</firstName>
        <lastName>MORAN</lastName>
        <bioguideId>M000934</bioguideId>
        <isOriginalCosponsor>True</isOriginalCosponsor>
        <sponsorshipWithdrawnDate />
        <party>R</party>
      </item>
      <item>
        <state>SC</state>
        <fullName>Sen. Scott, Tim [R-SC]</fullName>
        <sponsorshipDate>2015-02-10</sponsorshipDate>
        <middleName />
        <identifiers>
          <bioguideId>S001184</bioguideId>
          <gpoId>8141</gpoId>
          <lisID>2056</lisID>
        </identifiers>
        <firstName>Tim</firstName>
        <lastName>Scott</lastName>
        <bioguideId>S001184</bioguideId>
        <isOriginalCosponsor>True</isOriginalCosponsor>
        <sponsorshipWithdrawnDate />
        <party>R</party>
      </item>
    </cosponsors>
    <billType>S</billType>
  </bill>
  <dublinCore xmlns:dc="http://purl.org/dc/elements/1.1/">
    <dc:format>text/xml</dc:format>
    <dc:language>EN</dc:language>
    <dc:rights>Pursuant to Title 17 Section 105 of the United States Code, this file is not subject to copyright protection and is in the public domain.</dc:rights>
    <dc:contributor>Congressional Research Service, Library of Congress</dc:contributor>
    <dc:description>This file contains bill summaries and statuses for federal legislation. A bill summary describes the most significant provisions of a piece of legislation and details the effects the legislative text may have on current law and federal programs. Bill summaries are authored by the Congressional Research Service (CRS) of the Library of Congress. As stated in Public Law 91-510 (2 USC 166 (d)(6)), one of the duties of CRS is "to prepare summaries and digests of bills and resolutions of a public general nature introduced in the Senate or House of Representatives". For more information, refer to the User Guide that accompanies this file.</dc:description>
  </dublinCore>
</billStatus>

