<?xml version="1.0" encoding="UTF-8"?>
<billStatus>
  <bill>
    <cosponsors>
      <item>
        <lastName>COLLINS</lastName>
        <sponsorshipWithdrawnDate />
        <party>R</party>
        <state>ME</state>
        <middleName>MARGARET</middleName>
        <isOriginalCosponsor>True</isOriginalCosponsor>
        <bioguideId>C001035</bioguideId>
        <identifiers>
          <gpoId>8291</gpoId>
          <lisID>1541</lisID>
          <bioguideId>C001035</bioguideId>
        </identifiers>
        <firstName>SUSAN</firstName>
        <fullName>Sen. Collins, Susan M. [R-ME]</fullName>
        <sponsorshipDate>2015-06-03</sponsorshipDate>
      </item>
      <item>
        <lastName>Ayotte</lastName>
        <sponsorshipWithdrawnDate />
        <party>R</party>
        <state>NH</state>
        <middleName />
        <isOriginalCosponsor>False</isOriginalCosponsor>
        <bioguideId>A000368</bioguideId>
        <identifiers>
          <gpoId>8315</gpoId>
          <lisID>2075</lisID>
          <bioguideId>A000368</bioguideId>
        </identifiers>
        <firstName>Kelly</firstName>
        <fullName>Sen. Ayotte, Kelly [R-NH]</fullName>
        <sponsorshipDate>2015-07-13</sponsorshipDate>
      </item>
      <item>
        <lastName>Shaheen</lastName>
        <sponsorshipWithdrawnDate />
        <party>D</party>
        <state>NH</state>
        <middleName />
        <isOriginalCosponsor>False</isOriginalCosponsor>
        <bioguideId>S001181</bioguideId>
        <identifiers>
          <gpoId>8276</gpoId>
          <lisID>1901</lisID>
          <bioguideId>S001181</bioguideId>
        </identifiers>
        <firstName>Jeanne</firstName>
        <fullName>Sen. Shaheen, Jeanne [D-NH]</fullName>
        <sponsorshipDate>2015-07-13</sponsorshipDate>
      </item>
      <item>
        <lastName>Schatz</lastName>
        <sponsorshipWithdrawnDate />
        <party>D</party>
        <state>HI</state>
        <middleName />
        <isOriginalCosponsor>False</isOriginalCosponsor>
        <bioguideId>S001194</bioguideId>
        <identifiers>
          <bioguideId>S001194</bioguideId>
          <lisID>2173</lisID>
          <gpoId />
        </identifiers>
        <firstName>Brian</firstName>
        <fullName>Sen. Schatz, Brian [D-HI]</fullName>
        <sponsorshipDate>2015-07-13</sponsorshipDate>
      </item>
      <item>
        <lastName>McCaskill</lastName>
        <sponsorshipWithdrawnDate />
        <party>D</party>
        <state>MO</state>
        <middleName />
        <isOriginalCosponsor>False</isOriginalCosponsor>
        <bioguideId>M001170</bioguideId>
        <identifiers>
          <bioguideId>M001170</bioguideId>
          <lisID>1820</lisID>
          <gpoId>8252</gpoId>
        </identifiers>
        <firstName>Claire</firstName>
        <fullName>Sen. McCaskill, Claire [D-MO]</fullName>
        <sponsorshipDate>2016-06-14</sponsorshipDate>
      </item>
      <item>
        <lastName>Daines</lastName>
        <sponsorshipWithdrawnDate />
        <party>R</party>
        <state>MT</state>
        <middleName />
        <isOriginalCosponsor>False</isOriginalCosponsor>
        <bioguideId>D000618</bioguideId>
        <identifiers>
          <bioguideId>D000618</bioguideId>
          <lisID>2138</lisID>
          <gpoId />
        </identifiers>
        <firstName>Steve</firstName>
        <fullName>Sen. Daines, Steve [R-MT]</fullName>
        <sponsorshipDate>2016-12-01</sponsorshipDate>
      </item>
    </cosponsors>
    <title>Seniors Fraud Prevention Act of 2015</title>
    <subjects>
      <billSubjects>
        <legislativeSubjects>
          <item>
            <name>Advisory bodies</name>
          </item>
          <item>
            <name>Aging</name>
          </item>
          <item>
            <name>Business ethics</name>
          </item>
          <item>
            <name>Consumer affairs</name>
          </item>
          <item>
            <name>Crime prevention</name>
          </item>
          <item>
            <name>Criminal investigation, prosecution, interrogation</name>
          </item>
          <item>
            <name>Criminal justice information and records</name>
          </item>
          <item>
            <name>Executive agency funding and structure</name>
          </item>
          <item>
            <name>Federal Trade Commission (FTC)</name>
          </item>
          <item>
            <name>Fraud offenses and financial crimes</name>
          </item>
          <item>
            <name>Government information and archives</name>
          </item>
          <item>
            <name>Marketing and advertising</name>
          </item>
        </legislativeSubjects>
        <policyArea>
          <name>Commerce</name>
        </policyArea>
      </billSubjects>
    </subjects>
    <congress>114</congress>
    <recordedVotes />
    <policyArea>
      <name>Commerce</name>
    </policyArea>
    <relatedBills>
      <item>
        <relationshipDetails>
          <item>
            <identifiedBy>CRS</identifiedBy>
            <type>Identical bill</type>
          </item>
        </relationshipDetails>
        <latestTitle>Seniors Fraud Prevention Act of 2015</latestTitle>
        <latestAction>
          <actionDate>2015-06-05</actionDate>
          <text>Referred to the Subcommittee on Commerce, Manufacturing, and Trade.</text>
        </latestAction>
        <congress>114</congress>
        <type>HR</type>
        <number>2633</number>
      </item>
    </relatedBills>
    <billType>S</billType>
    <originChamber>Senate</originChamber>
    <latestAction>
      <actionDate>2016-11-15</actionDate>
      <text>Placed on Senate Legislative Calendar under General Orders. Calendar No. 663.</text>
      <links />
    </latestAction>
    <sponsors>
      <item>
        <middleName />
        <state>MN</state>
        <byRequestType />
        <fullName>Sen. Klobuchar, Amy [D-MN]</fullName>
        <identifiers>
          <bioguideId>K000367</bioguideId>
          <lisID>1826</lisID>
          <gpoId>8249</gpoId>
        </identifiers>
        <firstName>Amy</firstName>
        <party>D</party>
        <lastName>Klobuchar</lastName>
        <bioguideId>K000367</bioguideId>
      </item>
    </sponsors>
    <notes />
    <createDate>2015-06-04T09:35:09Z</createDate>
    <committees>
      <billCommittees>
        <item>
          <systemCode>sscm00</systemCode>
          <type>Standing</type>
          <subcommittees />
          <activities>
            <item>
              <date>2016-11-16T02:44:33Z</date>
              <name>Reported by</name>
            </item>
            <item>
              <date>2016-06-15T14:08:34Z</date>
              <name>Markup by</name>
            </item>
            <item>
              <date>2015-06-03T16:23:55Z</date>
              <name>Referred to</name>
            </item>
          </activities>
          <chamber>Senate</chamber>
          <name>Commerce, Science, and Transportation Committee</name>
        </item>
      </billCommittees>
    </committees>
    <updateDate>2016-12-02T10:14:08Z</updateDate>
    <billNumber>1490</billNumber>
    <amendments />
    <committeeReports>
      <committeeReport>
        <citation>S. Rept. 114-370</citation>
      </committeeReport>
    </committeeReports>
    <titles>
      <item>
        <parentTitleType>Short Titles Senate</parentTitleType>
        <chamberCode>S</chamberCode>
        <title>Seniors Fraud Prevention Act of 2015</title>
        <titleType>Short Titles as Reported to Senate</titleType>
        <chamberName>Senate</chamberName>
      </item>
      <item>
        <parentTitleType />
        <chamberCode />
        <title>Seniors Fraud Prevention Act of 2015</title>
        <titleType>Short Titles as Introduced</titleType>
        <chamberName />
      </item>
      <item>
        <parentTitleType />
        <chamberCode />
        <title>A bill to establish an advisory office within the Bureau of Consumer Protection of the Federal Trade Commission to prevent fraud targeting seniors, and for other purposes.</title>
        <titleType>Official Title as Introduced</titleType>
        <chamberName />
      </item>
      <item>
        <parentTitleType />
        <chamberCode />
        <title>Seniors Fraud Prevention Act of 2015</title>
        <titleType>Display Title</titleType>
        <chamberName />
      </item>
    </titles>
    <introducedDate>2015-06-03</introducedDate>
    <summaries>
      <billSummaries>
        <item>
          <versionCode>00</versionCode>
          <name>Introduced in Senate</name>
          <actionDesc>Introduced in Senate</actionDesc>
          <updateDate>2015-06-03T04:00:00Z</updateDate>
          <text><![CDATA[<p><b>Seniors Fraud Prevention Act of 2015</b></p> <p>Directs the Federal Trade Commission (FTC) to establish an office within the Bureau of Consumer Protection to advise the FTC on the prevention of fraud targeting seniors and to assist the FTC in monitoring the market for mail, television, Internet, telemarketing, and recorded message telephone call (robocall) fraud targeting seniors.</p> <p>Requires the FTC, through such office, to: (1) disseminate to seniors and their families and caregivers information on the most common fraud schemes, including methods of reporting complaints either to the FTC's national toll-free telephone number or to the FTC's Consumer Sentinel Network, where complaints become immediately available to the Federal Bureau of Investigation, state attorneys general, and other appropriate law enforcement agencies; (2) provide, in response to a specific request about a particular entity or individual, publicly available information regarding the FTC's enforcement action; and (3) maintain a website as a resource for information on fraud targeting seniors. </p> <p>Directs the FTC to establish procedures through such office to: (1) log and acknowledge the receipt of complaints by individuals who believe they have been a victim of such fraud in the Consumer Sentinel Network and to make such complaints immediately available to federal, state, and local law enforcement authorities; and (2) provide individuals with information on such fraud as well as the most common schemes.</p>]]></text>
          <actionDate>2015-06-03</actionDate>
          <lastSummaryUpdateDate>2015-07-10T20:47:22Z</lastSummaryUpdateDate>
        </item>
        <item>
          <versionCode>80</versionCode>
          <name>Reported to Senate without amendment</name>
          <actionDesc>Reported to Senate without amendment</actionDesc>
          <updateDate>2016-11-15T13:41:18Z</updateDate>
          <text><![CDATA[<p>(This measure has not been amended since it was introduced. The summary has been expanded because action occurred on the measure.)</p> <p><b>Seniors Fraud Prevention Act of 2015</b></p> <p>(Sec. 2) This bill directs the Federal Trade Commission (FTC) to establish an office within the Bureau of Consumer Protection to advise the FTC on the prevention of fraud targeting seniors and to assist the FTC in monitoring the market for mail, television, Internet, telemarketing, and recorded message telephone call (robocall) fraud targeting seniors.</p> <p>The office must: (1) disseminate to seniors and their families and caregivers information on the most common fraud schemes, including methods of reporting complaints either to the FTC's national toll-free telephone number or to the FTC's Consumer Sentinel Network, where complaints become immediately available to the Federal Bureau of Investigation, state attorneys general, and other appropriate law enforcement agencies; (2) provide, in response to a specific request about a particular entity or individual, publicly available information regarding the FTC's enforcement action; and (3) maintain a website as a resource for information on fraud targeting seniors. </p> <p>The FTC must establish procedures through such office to: (1) log and acknowledge the receipt of complaints by individuals who believe they have been a victim of such fraud in the Consumer Sentinel Network and to make such complaints immediately available to federal, state, and local law enforcement authorities; and (2) provide individuals with information on such fraud as well as the most common schemes.</p>]]></text>
          <actionDate>2016-11-15</actionDate>
          <lastSummaryUpdateDate>2016-11-23T20:19:56Z</lastSummaryUpdateDate>
        </item>
      </billSummaries>
    </summaries>
    <laws />
    <calendarNumbers>
      <item>
        <number>0663</number>
        <calendar>Senate Calendar of Business</calendar>
      </item>
    </calendarNumbers>
    <cboCostEstimates>
      <item>
        <pubDate>2016-07-05T20:39:10Z</pubDate>
        <url>https://www.cbo.gov/publication/51770</url>
        <title>S. 1490, Seniors Fraud Prevention Act of 2015</title>
      </item>
    </cboCostEstimates>
    <actions>
      <actionTypeCounts>
        <placedOnCalendarGeneralOrders>1</placedOnCalendarGeneralOrders>
        <reportedToSenate>2</reportedToSenate>
        <introducedInSenate>1</introducedInSenate>
        <referredToCommittee>1</referredToCommittee>
        <orderedReported>1</orderedReported>
      </actionTypeCounts>
      <actionByCounts>
        <senate>6</senate>
      </actionByCounts>
      <item>
        <actionDate>2016-11-15</actionDate>
        <committee />
        <links />
        <sourceSystem>
          <code>0</code>
          <name>Senate</name>
        </sourceSystem>
        <text>Placed on Senate Legislative Calendar under General Orders. Calendar No. 663.</text>
        <type>Calendars</type>
      </item>
      <item>
        <actionDate>2016-11-15</actionDate>
        <committee>
          <systemCode>sscm00</systemCode>
          <name>Commerce, Science, and Transportation Committee</name>
        </committee>
        <links />
        <sourceSystem>
          <code>0</code>
          <name>Senate</name>
        </sourceSystem>
        <text>Committee on Commerce, Science, and Transportation. Reported by Senator Thune without amendment. With written report No. 114-370.</text>
        <type>Committee</type>
      </item>
      <item>
        <links />
        <type>Committee</type>
        <committee>
          <systemCode>sscm00</systemCode>
          <name>Commerce, Science, and Transportation Committee</name>
        </committee>
        <sourceSystem>
          <code>9</code>
          <name>Library of Congress</name>
        </sourceSystem>
        <actionCode>14000</actionCode>
        <actionDate>2016-11-15</actionDate>
        <text>Committee on Commerce, Science, and Transportation. Reported by Senator Thune without amendment. With written report No. 114-370.</text>
      </item>
      <item>
        <actionDate>2016-06-15</actionDate>
        <committee>
          <systemCode>sscm00</systemCode>
          <name>Commerce, Science, and Transportation Committee</name>
        </committee>
        <links />
        <sourceSystem>
          <code>0</code>
          <name>Senate</name>
        </sourceSystem>
        <text>Committee on Commerce, Science, and Transportation. Ordered to be reported without amendment favorably.</text>
        <type>Committee</type>
      </item>
      <item>
        <actionDate>2015-06-03</actionDate>
        <committee>
          <systemCode>sscm00</systemCode>
          <name>Commerce, Science, and Transportation Committee</name>
        </committee>
        <links />
        <sourceSystem>
          <code>0</code>
          <name>Senate</name>
        </sourceSystem>
        <text>Read twice and referred to the Committee on Commerce, Science, and Transportation.</text>
        <type>IntroReferral</type>
      </item>
      <item>
        <links />
        <type>IntroReferral</type>
        <committee />
        <sourceSystem>
          <code>9</code>
          <name>Library of Congress</name>
        </sourceSystem>
        <actionCode>10000</actionCode>
        <actionDate>2015-06-03</actionDate>
        <text>Introduced in Senate</text>
      </item>
    </actions>
  </bill>
  <dublinCore xmlns:dc="http://purl.org/dc/elements/1.1/">
    <dc:format>text/xml</dc:format>
    <dc:language>EN</dc:language>
    <dc:rights>Pursuant to Title 17 Section 105 of the United States Code, this file is not subject to copyright protection and is in the public domain.</dc:rights>
    <dc:contributor>Congressional Research Service, Library of Congress</dc:contributor>
    <dc:description>This file contains bill summaries and statuses for federal legislation. A bill summary describes the most significant provisions of a piece of legislation and details the effects the legislative text may have on current law and federal programs. Bill summaries are authored by the Congressional Research Service (CRS) of the Library of Congress. As stated in Public Law 91-510 (2 USC 166 (d)(6)), one of the duties of CRS is "to prepare summaries and digests of bills and resolutions of a public general nature introduced in the Senate or House of Representatives". For more information, refer to the User Guide that accompanies this file.</dc:description>
  </dublinCore>
</billStatus>

