<?xml version="1.0" encoding="UTF-8"?>
<billStatus>
  <bill>
    <committeeReports />
    <committees>
      <billCommittees>
        <item>
          <subcommittees />
          <chamber>Senate</chamber>
          <systemCode>ssev00</systemCode>
          <activities>
            <item>
              <date>2015-04-15T14:20:59Z</date>
              <name>Referred to</name>
            </item>
          </activities>
          <type>Standing</type>
          <name>Environment and Public Works Committee</name>
        </item>
      </billCommittees>
    </committees>
    <createDate>2015-04-16T09:11:20Z</createDate>
    <amendments />
    <policyArea>
      <name>Energy</name>
    </policyArea>
    <sponsors>
      <item>
        <fullName>Sen. Markey, Edward J. [D-MA]</fullName>
        <firstName>EDWARD</firstName>
        <bioguideId>M000133</bioguideId>
        <identifiers>
          <lisID>735</lisID>
          <bioguideId>M000133</bioguideId>
          <gpoId>7972</gpoId>
        </identifiers>
        <lastName>MARKEY</lastName>
        <middleName>J.</middleName>
        <byRequestType />
        <party>D</party>
        <state>MA</state>
      </item>
    </sponsors>
    <subjects>
      <billSubjects>
        <legislativeSubjects>
          <item>
            <name>Emergency planning and evacuation</name>
          </item>
          <item>
            <name>Government trust funds</name>
          </item>
          <item>
            <name>Licensing and registrations</name>
          </item>
          <item>
            <name>Nuclear power</name>
          </item>
          <item>
            <name>Radioactive wastes and releases</name>
          </item>
        </legislativeSubjects>
        <policyArea>
          <name>Energy</name>
        </policyArea>
      </billSubjects>
    </subjects>
    <notes />
    <cosponsors>
      <item>
        <state>CA</state>
        <fullName>Sen. Boxer, Barbara [D-CA]</fullName>
        <sponsorshipDate>2015-04-15</sponsorshipDate>
        <middleName />
        <identifiers>
          <lisID>116</lisID>
          <gpoId>8306</gpoId>
          <bioguideId>B000711</bioguideId>
        </identifiers>
        <firstName>BARBARA</firstName>
        <lastName>BOXER</lastName>
        <bioguideId>B000711</bioguideId>
        <isOriginalCosponsor>True</isOriginalCosponsor>
        <sponsorshipWithdrawnDate />
        <party>D</party>
      </item>
      <item>
        <state>VT</state>
        <fullName>Sen. Sanders, Bernard [I-VT]</fullName>
        <sponsorshipDate>2015-04-15</sponsorshipDate>
        <middleName />
        <identifiers>
          <bioguideId>S000033</bioguideId>
          <gpoId>8270</gpoId>
          <lisID>1010</lisID>
        </identifiers>
        <firstName>BERNARD</firstName>
        <lastName>SANDERS</lastName>
        <bioguideId>S000033</bioguideId>
        <isOriginalCosponsor>True</isOriginalCosponsor>
        <sponsorshipWithdrawnDate />
        <party>I</party>
      </item>
    </cosponsors>
    <title>Dry Cask Storage Act of 2015</title>
    <billNumber>945</billNumber>
    <cboCostEstimates />
    <titles>
      <item>
        <chamberCode />
        <title>Dry Cask Storage Act of 2015</title>
        <chamberName />
        <titleType>Short Titles as Introduced</titleType>
        <parentTitleType />
      </item>
      <item>
        <chamberCode />
        <title>A bill to amend the Nuclear Waste Policy Act of 1982 to provide for the expansion of emergency planning zones and the development of plans for dry cask storage of spent nuclear fuel, and for other purposes.</title>
        <chamberName />
        <titleType>Official Title as Introduced</titleType>
        <parentTitleType />
      </item>
      <item>
        <chamberCode />
        <title>Dry Cask Storage Act of 2015</title>
        <chamberName />
        <titleType>Display Title</titleType>
        <parentTitleType />
      </item>
    </titles>
    <summaries>
      <billSummaries>
        <item>
          <updateDate>2015-04-15T04:00:00Z</updateDate>
          <lastSummaryUpdateDate>2015-10-13T19:52:56Z</lastSummaryUpdateDate>
          <actionDate>2015-04-15</actionDate>
          <text><![CDATA[<p><b>Dry Cask Storage Act of 2015</b></p> <p> Amends the Nuclear Waste Policy Act of 1982 to require each licensee of the Nuclear Regulatory Commission (NRC) to submit a plan for: (1) transfer (including on-going additional transfers) to spent nuclear fuel dry casks of any spent nuclear fuel stored by the licensee for at least seven years in spent nuclear fuel pools, and (2) configuration of the remaining spent nuclear fuel in the pool in a manner that minimizes the chance of a fire if there is a loss of water in the pool.</p> <p>Requires the NRC to approve or disapprove the plan within 90 days after its submission.</p> <p>Authorizes the NRC to make a grant to any licensee with an approved plan to assist in the cost of transferring spent nuclear fuel to dry casks under the plan.</p> <p>Requires the emergency planning zone applicable to each civilian nuclear power reactor to be at least 10 miles in radius until all spent nuclear fuel at the reactor has been transferred to dry casks.</p> <p>Directs the NRC to expand to 50 miles in radius the emergency planning zone applicable to each reactor not in compliance with an approved plan. Makes the licensee responsible for all coasts associated with expansion.</p> <p>Requires the Department of the Treasury to transfer annually to the NRC, to pay the costs of the grants program, 10% of the interest generated during the preceding fiscal year from investments of the Nuclear Waste Fund.</p>]]></text>
          <name>Introduced in Senate</name>
          <versionCode>00</versionCode>
          <actionDesc>Introduced in Senate</actionDesc>
        </item>
      </billSummaries>
    </summaries>
    <relatedBills>
      <item>
        <number>3587</number>
        <relationshipDetails>
          <item>
            <identifiedBy>CRS</identifiedBy>
            <type>Identical bill</type>
          </item>
        </relationshipDetails>
        <congress>114</congress>
        <latestAction>
          <text>Referred to the Subcommittee on Environment and the Economy.</text>
          <actionDate>2015-09-25</actionDate>
        </latestAction>
        <type>HR</type>
        <latestTitle>Dry Cask Storage Act of 2015</latestTitle>
      </item>
    </relatedBills>
    <calendarNumbers />
    <recordedVotes />
    <introducedDate>2015-04-15</introducedDate>
    <latestAction>
      <links />
      <actionDate>2015-04-15</actionDate>
      <text>Read twice and referred to the Committee on Environment and Public Works.</text>
    </latestAction>
    <congress>114</congress>
    <billType>S</billType>
    <actions>
      <actionByCounts>
        <senate>2</senate>
      </actionByCounts>
      <item>
        <actionDate>2015-04-15</actionDate>
        <committee>
          <name>Environment and Public Works Committee</name>
          <systemCode>ssev00</systemCode>
        </committee>
        <links />
        <sourceSystem>
          <name>Senate</name>
          <code>0</code>
        </sourceSystem>
        <text>Read twice and referred to the Committee on Environment and Public Works.</text>
        <type>IntroReferral</type>
      </item>
      <item>
        <actionCode>10000</actionCode>
        <links />
        <type>IntroReferral</type>
        <actionDate>2015-04-15</actionDate>
        <committee />
        <text>Introduced in Senate</text>
        <sourceSystem>
          <name>Library of Congress</name>
          <code>9</code>
        </sourceSystem>
      </item>
      <actionTypeCounts>
        <introducedInSenate>1</introducedInSenate>
        <referredToCommittee>1</referredToCommittee>
      </actionTypeCounts>
    </actions>
    <originChamber>Senate</originChamber>
    <laws />
    <updateDate>2016-11-02T23:25:23Z</updateDate>
  </bill>
  <dublinCore xmlns:dc="http://purl.org/dc/elements/1.1/">
    <dc:format>text/xml</dc:format>
    <dc:language>EN</dc:language>
    <dc:rights>Pursuant to Title 17 Section 105 of the United States Code, this file is not subject to copyright protection and is in the public domain.</dc:rights>
    <dc:contributor>Congressional Research Service, Library of Congress</dc:contributor>
    <dc:description>This file contains bill summaries and statuses for federal legislation. A bill summary describes the most significant provisions of a piece of legislation and details the effects the legislative text may have on current law and federal programs. Bill summaries are authored by the Congressional Research Service (CRS) of the Library of Congress. As stated in Public Law 91-510 (2 USC 166 (d)(6)), one of the duties of CRS is "to prepare summaries and digests of bills and resolutions of a public general nature introduced in the Senate or House of Representatives". For more information, refer to the User Guide that accompanies this file.</dc:description>
  </dublinCore>
</billStatus>

