<?xml version="1.0" encoding="UTF-8"?>
<billStatus>
  <bill>
    <billType>S</billType>
    <policyArea>
      <name>Environmental Protection</name>
    </policyArea>
    <recordedVotes />
    <summaries>
      <billSummaries>
        <item>
          <actionDate>2015-04-22</actionDate>
          <updateDate>2015-04-22T04:00:00Z</updateDate>
          <name>Introduced in Senate</name>
          <lastSummaryUpdateDate>2016-06-23T22:00:56Z</lastSummaryUpdateDate>
          <versionCode>00</versionCode>
          <actionDesc>Introduced in Senate</actionDesc>
          <text><![CDATA[<p><b>Sage-Grouse Protection and Conservation Act</b></p> <p>This bill addresses the management of the greater sage-grouse (Centrocercus urophasianus) and the Gunnison sage-grouse (Centrocercus minimus) in California, Colorado, Idaho, Montana, Nevada, North Dakota, Oregon, South Dakota, Utah, Washington, and Wyoming.</p> <p>If the Department of Agriculture (USDA) or the Department of the Interior receives, or has already received, from one of those states a statewide conservation and management plan for the protection and recovery of those sage-grouse species, the appropriate department must take steps during the next six years to: (1) allow for appropriate monitoring and collection of data, and (2) assess the state plan's success.</p> <p>The appropriate department must: (1) share data with states and assist them in developing and implementing plans; (2) require states that opt to have plans in lieu of federal endangered species plans to monitor and report on relevant data, including population trends; (3) use statewide plans as the basis for all relevant determinations under the National Environmental Policy Act of 1969; and (4) stay any land use planning activities relating to federal management of sage-grouse species on public land or National Forest System land within those states that have plans.</p> <p>The appropriate department may extend the provisions of the bill for six more years with the consent of the relevant state.</p> <p>Interior must fully implement for at least six years Secretarial Order 3336 to prevent and suppress rangeland fire and restore sagebrush landscapes impacted by fire across the Western United States.</p>]]></text>
        </item>
      </billSummaries>
    </summaries>
    <title>Sage-Grouse Protection and Conservation Act</title>
    <titles>
      <item>
        <chamberName />
        <titleType>Short Titles as Introduced</titleType>
        <parentTitleType />
        <title>Sage-Grouse Protection and Conservation Act</title>
        <chamberCode />
      </item>
      <item>
        <chamberName />
        <titleType>Official Title as Introduced</titleType>
        <parentTitleType />
        <title>A bill to require the Secretary of the Interior and the Secretary of Agriculture to provide certain Western States assistance in the development of statewide conservation and management plans for the protection and recovery of sage-grouse species, and for other purposes.</title>
        <chamberCode />
      </item>
      <item>
        <chamberName />
        <titleType>Display Title</titleType>
        <parentTitleType />
        <title>Sage-Grouse Protection and Conservation Act</title>
        <chamberCode />
      </item>
    </titles>
    <updateDate>2016-11-02T23:25:57Z</updateDate>
    <amendments />
    <introducedDate>2015-04-22</introducedDate>
    <originChamber>Senate</originChamber>
    <actions>
      <item>
        <actionDate>2015-05-06</actionDate>
        <committee>
          <systemCode>ssev00</systemCode>
          <name>Environment and Public Works Committee</name>
        </committee>
        <links />
        <sourceSystem>
          <code>0</code>
          <name>Senate</name>
        </sourceSystem>
        <text>Committee on Environment and Public Works. Hearings held.</text>
        <type>Committee</type>
      </item>
      <item>
        <actionDate>2015-04-22</actionDate>
        <committee>
          <systemCode>ssev00</systemCode>
          <name>Environment and Public Works Committee</name>
        </committee>
        <links />
        <sourceSystem>
          <code>0</code>
          <name>Senate</name>
        </sourceSystem>
        <text>Read twice and referred to the Committee on Environment and Public Works.</text>
        <type>IntroReferral</type>
      </item>
      <item>
        <text>Introduced in Senate</text>
        <committee />
        <actionCode>10000</actionCode>
        <sourceSystem>
          <code>9</code>
          <name>Library of Congress</name>
        </sourceSystem>
        <type>IntroReferral</type>
        <actionDate>2015-04-22</actionDate>
        <links />
      </item>
      <actionByCounts>
        <senate>3</senate>
      </actionByCounts>
      <actionTypeCounts>
        <referredToCommittee>1</referredToCommittee>
        <hearingsHeld>1</hearingsHeld>
        <introducedInSenate>1</introducedInSenate>
      </actionTypeCounts>
    </actions>
    <relatedBills>
      <item>
        <latestTitle>Sage-Grouse Protection and Conservation Act</latestTitle>
        <latestAction>
          <text>Referred to the House Committee on Natural Resources.</text>
          <actionDate>2015-04-23</actionDate>
        </latestAction>
        <number>1997</number>
        <relationshipDetails>
          <item>
            <identifiedBy>CRS</identifiedBy>
            <type>Identical bill</type>
          </item>
        </relationshipDetails>
        <type>HR</type>
        <congress>114</congress>
      </item>
    </relatedBills>
    <calendarNumbers />
    <cosponsors>
      <item>
        <firstName>ORRIN</firstName>
        <isOriginalCosponsor>True</isOriginalCosponsor>
        <fullName>Sen. Hatch, Orrin G. [R-UT]</fullName>
        <identifiers>
          <bioguideId>H000338</bioguideId>
          <lisID>1351</lisID>
          <gpoId>8314</gpoId>
        </identifiers>
        <middleName>GRANT</middleName>
        <sponsorshipWithdrawnDate />
        <sponsorshipDate>2015-04-22</sponsorshipDate>
        <party>R</party>
        <bioguideId>H000338</bioguideId>
        <state>UT</state>
        <lastName>HATCH</lastName>
      </item>
      <item>
        <firstName>Dean</firstName>
        <isOriginalCosponsor>True</isOriginalCosponsor>
        <fullName>Sen. Heller, Dean [R-NV]</fullName>
        <identifiers>
          <bioguideId>H001041</bioguideId>
          <gpoId>8060</gpoId>
          <lisID>1863</lisID>
        </identifiers>
        <middleName />
        <sponsorshipWithdrawnDate />
        <sponsorshipDate>2015-04-22</sponsorshipDate>
        <party>R</party>
        <bioguideId>H001041</bioguideId>
        <state>NV</state>
        <lastName>Heller</lastName>
      </item>
      <item>
        <firstName>MICHAEL</firstName>
        <isOriginalCosponsor>True</isOriginalCosponsor>
        <fullName>Sen. Crapo, Mike [R-ID]</fullName>
        <identifiers>
          <bioguideId>C000880</bioguideId>
          <gpoId>8289</gpoId>
          <lisID>250</lisID>
        </identifiers>
        <middleName>D.</middleName>
        <sponsorshipWithdrawnDate />
        <sponsorshipDate>2015-04-22</sponsorshipDate>
        <party>R</party>
        <bioguideId>C000880</bioguideId>
        <state>ID</state>
        <lastName>CRAPO</lastName>
      </item>
      <item>
        <firstName>James</firstName>
        <isOriginalCosponsor>True</isOriginalCosponsor>
        <fullName>Sen. Risch, James E. [R-ID]</fullName>
        <identifiers>
          <lisID>1896</lisID>
          <bioguideId>R000584</bioguideId>
          <gpoId>8274</gpoId>
        </identifiers>
        <middleName>E.</middleName>
        <sponsorshipWithdrawnDate />
        <sponsorshipDate>2015-04-22</sponsorshipDate>
        <party>R</party>
        <bioguideId>R000584</bioguideId>
        <state>ID</state>
        <lastName>Risch</lastName>
      </item>
      <item>
        <firstName>MICHAEL</firstName>
        <isOriginalCosponsor>True</isOriginalCosponsor>
        <fullName>Sen. Enzi, Michael B. [R-WY]</fullName>
        <identifiers>
          <lisID>1542</lisID>
          <gpoId>8328</gpoId>
          <bioguideId>E000285</bioguideId>
        </identifiers>
        <middleName>B.</middleName>
        <sponsorshipWithdrawnDate />
        <sponsorshipDate>2015-04-22</sponsorshipDate>
        <party>R</party>
        <bioguideId>E000285</bioguideId>
        <state>WY</state>
        <lastName>ENZI</lastName>
      </item>
      <item>
        <firstName>Mike</firstName>
        <isOriginalCosponsor>True</isOriginalCosponsor>
        <fullName>Sen. Lee, Mike [R-UT]</fullName>
        <identifiers>
          <bioguideId>L000577</bioguideId>
          <lisID>2080</lisID>
          <gpoId>8303</gpoId>
        </identifiers>
        <middleName />
        <sponsorshipWithdrawnDate />
        <sponsorshipDate>2015-04-22</sponsorshipDate>
        <party>R</party>
        <bioguideId>L000577</bioguideId>
        <state>UT</state>
        <lastName>Lee</lastName>
      </item>
      <item>
        <firstName>Steve</firstName>
        <isOriginalCosponsor>True</isOriginalCosponsor>
        <fullName>Sen. Daines, Steve [R-MT]</fullName>
        <identifiers>
          <gpoId />
          <lisID>2138</lisID>
          <bioguideId>D000618</bioguideId>
        </identifiers>
        <middleName />
        <sponsorshipWithdrawnDate />
        <sponsorshipDate>2015-04-22</sponsorshipDate>
        <party>R</party>
        <bioguideId>D000618</bioguideId>
        <state>MT</state>
        <lastName>Daines</lastName>
      </item>
      <item>
        <firstName>John</firstName>
        <isOriginalCosponsor>True</isOriginalCosponsor>
        <fullName>Sen. Barrasso, John [R-WY]</fullName>
        <identifiers>
          <lisID>1881</lisID>
          <gpoId>8300</gpoId>
          <bioguideId>B001261</bioguideId>
        </identifiers>
        <middleName />
        <sponsorshipWithdrawnDate />
        <sponsorshipDate>2015-04-22</sponsorshipDate>
        <party>R</party>
        <bioguideId>B001261</bioguideId>
        <state>WY</state>
        <lastName>Barrasso</lastName>
      </item>
    </cosponsors>
    <congress>114</congress>
    <committees>
      <billCommittees>
        <item>
          <subcommittees />
          <systemCode>ssev00</systemCode>
          <activities>
            <item>
              <name>Hearings by</name>
              <date>2015-05-06T20:17:26Z</date>
            </item>
            <item>
              <name>Referred to</name>
              <date>2015-04-22T15:53:02Z</date>
            </item>
          </activities>
          <chamber>Senate</chamber>
          <name>Environment and Public Works Committee</name>
          <type>Standing</type>
        </item>
      </billCommittees>
    </committees>
    <sponsors>
      <item>
        <fullName>Sen. Gardner, Cory [R-CO]</fullName>
        <lastName>Gardner</lastName>
        <byRequestType />
        <party>R</party>
        <state>CO</state>
        <middleName />
        <firstName>Cory</firstName>
        <bioguideId>G000562</bioguideId>
        <identifiers>
          <lisID>1998</lisID>
          <bioguideId>G000562</bioguideId>
          <gpoId>7862</gpoId>
        </identifiers>
      </item>
    </sponsors>
    <latestAction>
      <text>Committee on Environment and Public Works. Hearings held.</text>
      <actionDate>2015-05-06</actionDate>
      <links />
    </latestAction>
    <subjects>
      <billSubjects>
        <legislativeSubjects>
          <item>
            <name>Animals</name>
          </item>
          <item>
            <name>Birds</name>
          </item>
          <item>
            <name>California</name>
          </item>
          <item>
            <name>Colorado</name>
          </item>
          <item>
            <name>Endangered and threatened species</name>
          </item>
          <item>
            <name>Fires</name>
          </item>
          <item>
            <name>Idaho</name>
          </item>
          <item>
            <name>Intergovernmental relations</name>
          </item>
          <item>
            <name>Land use and conservation</name>
          </item>
          <item>
            <name>Montana</name>
          </item>
          <item>
            <name>Nevada</name>
          </item>
          <item>
            <name>North Dakota</name>
          </item>
          <item>
            <name>Oregon</name>
          </item>
          <item>
            <name>South Dakota</name>
          </item>
          <item>
            <name>State and local government operations</name>
          </item>
          <item>
            <name>Utah</name>
          </item>
          <item>
            <name>Washington State</name>
          </item>
          <item>
            <name>Wildlife conservation and habitat protection</name>
          </item>
          <item>
            <name>Wyoming</name>
          </item>
        </legislativeSubjects>
        <policyArea>
          <name>Environmental Protection</name>
        </policyArea>
      </billSubjects>
    </subjects>
    <createDate>2015-04-23T09:12:30Z</createDate>
    <notes />
    <laws />
    <billNumber>1036</billNumber>
    <committeeReports />
    <cboCostEstimates />
  </bill>
  <dublinCore xmlns:dc="http://purl.org/dc/elements/1.1/">
    <dc:format>text/xml</dc:format>
    <dc:language>EN</dc:language>
    <dc:rights>Pursuant to Title 17 Section 105 of the United States Code, this file is not subject to copyright protection and is in the public domain.</dc:rights>
    <dc:contributor>Congressional Research Service, Library of Congress</dc:contributor>
    <dc:description>This file contains bill summaries and statuses for federal legislation. A bill summary describes the most significant provisions of a piece of legislation and details the effects the legislative text may have on current law and federal programs. Bill summaries are authored by the Congressional Research Service (CRS) of the Library of Congress. As stated in Public Law 91-510 (2 USC 166 (d)(6)), one of the duties of CRS is "to prepare summaries and digests of bills and resolutions of a public general nature introduced in the Senate or House of Representatives". For more information, refer to the User Guide that accompanies this file.</dc:description>
  </dublinCore>
</billStatus>

