<?xml version="1.0" encoding="UTF-8"?>
<billStatus>
  <bill>
    <committeeReports />
    <originChamber>Senate</originChamber>
    <titles>
      <item>
        <titleType>Short Titles as Introduced</titleType>
        <parentTitleType />
        <title>Data Security and Breach Notification Act of 2015</title>
        <chamberName />
        <chamberCode />
      </item>
      <item>
        <titleType>Official Title as Introduced</titleType>
        <parentTitleType />
        <title>A bill to protect consumers by requiring reasonable security policies and procedures to protect data containing personal information, and to provide for nationwide notice in the event of a breach of security.</title>
        <chamberName />
        <chamberCode />
      </item>
      <item>
        <titleType>Display Title</titleType>
        <parentTitleType />
        <title>Data Security and Breach Notification Act of 2015</title>
        <chamberName />
        <chamberCode />
      </item>
    </titles>
    <congress>114</congress>
    <recordedVotes />
    <latestAction>
      <links />
      <text>Read twice and referred to the Committee on Commerce, Science, and Transportation.</text>
      <actionDate>2015-01-13</actionDate>
    </latestAction>
    <laws />
    <title>Data Security and Breach Notification Act of 2015</title>
    <billType>S</billType>
    <introducedDate>2015-01-13</introducedDate>
    <updateDate>2016-11-02T23:18:14Z</updateDate>
    <calendarNumbers />
    <amendments />
    <cboCostEstimates />
    <policyArea>
      <name>Commerce</name>
    </policyArea>
    <createDate>2015-01-14T04:46:24Z</createDate>
    <notes />
    <committees>
      <billCommittees>
        <item>
          <subcommittees />
          <type>Standing</type>
          <activities>
            <item>
              <name>Referred to</name>
              <date>2015-01-13T23:33:13Z</date>
            </item>
          </activities>
          <systemCode>sscm00</systemCode>
          <name>Commerce, Science, and Transportation Committee</name>
          <chamber>Senate</chamber>
        </item>
      </billCommittees>
    </committees>
    <cosponsors>
      <item>
        <identifiers>
          <lisID>2076</lisID>
          <gpoId>8332</gpoId>
          <bioguideId>B001277</bioguideId>
        </identifiers>
        <middleName />
        <fullName>Sen. Blumenthal, Richard [D-CT]</fullName>
        <isOriginalCosponsor>False</isOriginalCosponsor>
        <firstName>Richard</firstName>
        <sponsorshipWithdrawnDate />
        <state>CT</state>
        <bioguideId>B001277</bioguideId>
        <sponsorshipDate>2015-04-20</sponsorshipDate>
        <party>D</party>
        <lastName>Blumenthal</lastName>
      </item>
    </cosponsors>
    <sponsors>
      <item>
        <state>FL</state>
        <byRequestType />
        <fullName>Sen. Nelson, Bill [D-FL]</fullName>
        <lastName>NELSON</lastName>
        <identifiers>
          <lisID>859</lisID>
          <bioguideId>N000032</bioguideId>
          <gpoId>8236</gpoId>
        </identifiers>
        <middleName>WILLIAM</middleName>
        <bioguideId>N000032</bioguideId>
        <party>D</party>
        <firstName>CLARENCE</firstName>
      </item>
    </sponsors>
    <relatedBills />
    <actions>
      <actionByCounts>
        <senate>2</senate>
      </actionByCounts>
      <item>
        <actionDate>2015-01-13</actionDate>
        <committee>
          <name>Commerce, Science, and Transportation Committee</name>
          <systemCode>sscm00</systemCode>
        </committee>
        <links />
        <sourceSystem>
          <name>Senate</name>
          <code>0</code>
        </sourceSystem>
        <text>Read twice and referred to the Committee on Commerce, Science, and Transportation.</text>
        <type>IntroReferral</type>
      </item>
      <item>
        <actionDate>2015-01-13</actionDate>
        <actionCode>10000</actionCode>
        <sourceSystem>
          <name>Library of Congress</name>
          <code>9</code>
        </sourceSystem>
        <links />
        <committee />
        <text>Introduced in Senate</text>
        <type>IntroReferral</type>
      </item>
      <actionTypeCounts>
        <introducedInSenate>1</introducedInSenate>
        <referredToCommittee>1</referredToCommittee>
      </actionTypeCounts>
    </actions>
    <summaries>
      <billSummaries>
        <item>
          <updateDate>2015-01-13T05:00:00Z</updateDate>
          <versionCode>00</versionCode>
          <text><![CDATA[<p><b>Data Security and Breach Notification Act of 2015</b></p> <p>Requires the Federal Trade Commission (FTC) to promulgate regulations requiring commercial entities, nonprofit and for-profit corporations, estates, trusts, cooperatives, and other specified entities that own or possess data containing personal information (covered entities), or that contract to have a third-party maintain or process such data for the entity, to implement information security policies and procedures for the treatment and protection of personal information.</p> <p>Establishes procedures to be followed in the event of an information security breach. Requires a covered entity that discovers a breach to notify the FTC (unless the covered entity has already notified a federal entity designated by the Department of Homeland Security [DHS] to receive such information) and affected individuals. Sets forth requirements concerning such notification, including methods of notification and timeliness requirements. Allows an exemption from notification requirements if such entity reasonably concludes that there is no reasonable risk of identity theft, fraud, or other unlawful conduct. Establishes a presumption that there is no such risk for encrypted data.</p> <p>Directs DHS to designate a federal entity that covered entities would be required to notify if a security breach involves: (1) the personal information of more than 10,000 individuals, (2) a database containing the personal information of more than 1 million individuals, (3) federal government databases, or (4) the personal information of federal employees or contractors known to be involved in national security or law enforcement.</p> <p>Requires the designated entity to provide each notice it receives to: </p> <ul> <li>the U.S. Secret Service; </li> <li>the Federal Bureau of Investigation; </li> <li>the FTC; </li> <li>the U.S. Postal Inspection Service, if mail fraud is involved; </li> <li>attorneys general of affected states; and </li> <li>appropriate federal agencies for law enforcement, national security, or data security purposes. </li></ul> <p>Sets forth enforcement provisions for the FTC, state attorneys general, and the Attorney General.</p> <p>Establishes criminal penalties of a fine, imprisonment for up to five years, or both, for concealment of a security breach that results in economic harm of at least $1,000 to an individual.</p>]]></text>
          <lastSummaryUpdateDate>2015-02-04T22:33:41Z</lastSummaryUpdateDate>
          <actionDate>2015-01-13</actionDate>
          <actionDesc>Introduced in Senate</actionDesc>
          <name>Introduced in Senate</name>
        </item>
      </billSummaries>
    </summaries>
    <billNumber>177</billNumber>
    <subjects>
      <billSubjects>
        <legislativeSubjects>
          <item>
            <name>Administrative law and regulatory procedures</name>
          </item>
          <item>
            <name>Bank accounts, deposits, capital</name>
          </item>
          <item>
            <name>Banking and financial institutions regulation</name>
          </item>
          <item>
            <name>Business records</name>
          </item>
          <item>
            <name>Civil actions and liability</name>
          </item>
          <item>
            <name>Computer security and identity theft</name>
          </item>
          <item>
            <name>Computers and information technology</name>
          </item>
          <item>
            <name>Congressional oversight</name>
          </item>
          <item>
            <name>Consumer affairs</name>
          </item>
          <item>
            <name>Consumer credit</name>
          </item>
          <item>
            <name>Criminal investigation, prosecution, interrogation</name>
          </item>
          <item>
            <name>Federal Trade Commission (FTC)</name>
          </item>
          <item>
            <name>Fraud offenses and financial crimes</name>
          </item>
          <item>
            <name>Intelligence activities, surveillance, classified information</name>
          </item>
          <item>
            <name>Internet and video services</name>
          </item>
          <item>
            <name>Right of privacy</name>
          </item>
          <item>
            <name>Small business</name>
          </item>
          <item>
            <name>Social work, volunteer service, charitable organizations</name>
          </item>
        </legislativeSubjects>
        <policyArea>
          <name>Commerce</name>
        </policyArea>
      </billSubjects>
    </subjects>
  </bill>
  <dublinCore xmlns:dc="http://purl.org/dc/elements/1.1/">
    <dc:format>text/xml</dc:format>
    <dc:language>EN</dc:language>
    <dc:rights>Pursuant to Title 17 Section 105 of the United States Code, this file is not subject to copyright protection and is in the public domain.</dc:rights>
    <dc:contributor>Congressional Research Service, Library of Congress</dc:contributor>
    <dc:description>This file contains bill summaries and statuses for federal legislation. A bill summary describes the most significant provisions of a piece of legislation and details the effects the legislative text may have on current law and federal programs. Bill summaries are authored by the Congressional Research Service (CRS) of the Library of Congress. As stated in Public Law 91-510 (2 USC 166 (d)(6)), one of the duties of CRS is "to prepare summaries and digests of bills and resolutions of a public general nature introduced in the Senate or House of Representatives". For more information, refer to the User Guide that accompanies this file.</dc:description>
  </dublinCore>
</billStatus>

