<?xml version="1.0" encoding="UTF-8"?>
<billStatus>
  <bill>
    <billType>S</billType>
    <laws />
    <recordedVotes />
    <actions>
      <actionTypeCounts>
        <referredToCommittee>1</referredToCommittee>
        <introducedInSenate>1</introducedInSenate>
      </actionTypeCounts>
      <item>
        <actionDate>2015-02-05</actionDate>
        <committee>
          <name>Judiciary Committee</name>
          <systemCode>ssju00</systemCode>
        </committee>
        <links />
        <sourceSystem>
          <code>0</code>
          <name>Senate</name>
        </sourceSystem>
        <text>Read twice and referred to the Committee on the Judiciary.</text>
        <type>IntroReferral</type>
      </item>
      <item>
        <actionDate>2015-02-05</actionDate>
        <sourceSystem>
          <code>9</code>
          <name>Library of Congress</name>
        </sourceSystem>
        <text>Introduced in Senate</text>
        <type>IntroReferral</type>
        <links />
        <actionCode>10000</actionCode>
        <committee />
      </item>
      <actionByCounts>
        <senate>2</senate>
      </actionByCounts>
    </actions>
    <billNumber>381</billNumber>
    <policyArea>
      <name>Crime and Law Enforcement</name>
    </policyArea>
    <notes />
    <latestAction>
      <actionDate>2015-02-05</actionDate>
      <links />
      <text>Read twice and referred to the Committee on the Judiciary.</text>
    </latestAction>
    <relatedBills>
      <item>
        <latestAction>
          <actionDate>2015-04-21</actionDate>
          <text>Referred to the Subcommittee on Crime, Terrorism, Homeland Security, and Investigations.</text>
        </latestAction>
        <congress>114</congress>
        <latestTitle>Bringing Missing Children Home Act of 2015</latestTitle>
        <relationshipDetails>
          <item>
            <type>Identical bill</type>
            <identifiedBy>CRS</identifiedBy>
          </item>
        </relationshipDetails>
        <type>HR</type>
        <number>1115</number>
      </item>
      <item>
        <latestAction>
          <actionDate>2015-01-28</actionDate>
          <text>Received in the Senate and Read twice and referred to the Committee on the Judiciary.</text>
        </latestAction>
        <congress>114</congress>
        <latestTitle>To improve the response to victims of child sex trafficking.</latestTitle>
        <relationshipDetails>
          <item>
            <type>Related bill</type>
            <identifiedBy>CRS</identifiedBy>
          </item>
        </relationshipDetails>
        <type>HR</type>
        <number>246</number>
      </item>
      <item>
        <latestAction>
          <actionDate>2015-11-16</actionDate>
          <text>Referred to the Subcommittee on Early Childhood, Elementary, and Secondary Education.</text>
        </latestAction>
        <congress>114</congress>
        <latestTitle>Runaway and Homeless Youth and Trafficking Prevention Act of 2015</latestTitle>
        <relationshipDetails>
          <item>
            <type>Related bill</type>
            <identifiedBy>CRS</identifiedBy>
          </item>
        </relationshipDetails>
        <type>HR</type>
        <number>1779</number>
      </item>
      <item>
        <latestAction>
          <actionDate>2015-05-29</actionDate>
          <text>Became Public Law No: 114-22.</text>
        </latestAction>
        <congress>114</congress>
        <latestTitle>Justice for Victims of Trafficking Act of 2015</latestTitle>
        <relationshipDetails>
          <item>
            <type>Related bill</type>
            <identifiedBy>CRS</identifiedBy>
          </item>
        </relationshipDetails>
        <type>S</type>
        <number>178</number>
      </item>
    </relatedBills>
    <committees>
      <billCommittees>
        <item>
          <activities>
            <item>
              <name>Referred to</name>
              <date>2015-02-05T16:11:39Z</date>
            </item>
          </activities>
          <name>Judiciary Committee</name>
          <subcommittees />
          <chamber>Senate</chamber>
          <type>Standing</type>
          <systemCode>ssju00</systemCode>
        </item>
      </billCommittees>
    </committees>
    <cosponsors>
      <item>
        <fullName>Sen. Schumer, Charles E. [D-NY]</fullName>
        <firstName>CHARLES</firstName>
        <state>NY</state>
        <lastName>SCHUMER</lastName>
        <isOriginalCosponsor>True</isOriginalCosponsor>
        <identifiers>
          <bioguideId>S000148</bioguideId>
          <gpoId>8279</gpoId>
          <lisID>1036</lisID>
        </identifiers>
        <middleName>E.</middleName>
        <sponsorshipWithdrawnDate />
        <party>D</party>
        <sponsorshipDate>2015-02-05</sponsorshipDate>
        <bioguideId>S000148</bioguideId>
      </item>
    </cosponsors>
    <committeeReports />
    <sponsors>
      <item>
        <fullName>Sen. Portman, Rob [R-OH]</fullName>
        <firstName>ROB</firstName>
        <lastName>PORTMAN</lastName>
        <state>OH</state>
        <party>R</party>
        <bioguideId>P000449</bioguideId>
        <identifiers>
          <bioguideId>P000449</bioguideId>
          <gpoId>8266</gpoId>
          <lisID>924</lisID>
        </identifiers>
        <middleName />
        <byRequestType />
      </item>
    </sponsors>
    <createDate>2015-02-06T04:59:53Z</createDate>
    <updateDate>2016-11-02T23:20:01Z</updateDate>
    <introducedDate>2015-02-05</introducedDate>
    <summaries>
      <billSummaries>
        <item>
          <actionDate>2015-02-05</actionDate>
          <actionDesc>Introduced in Senate</actionDesc>
          <lastSummaryUpdateDate>2015-03-20T21:51:33Z</lastSummaryUpdateDate>
          <versionCode>00</versionCode>
          <updateDate>2015-02-05T05:00:00Z</updateDate>
          <name>Introduced in Senate</name>
          <text><![CDATA[<p><b>Bringing Missing Children Home Act of 2015</b></p> <p>Amends the Missing Children's Assistance Act to require the Office of Juvenile Justice and Delinquency Prevention's annual grant to the National Center for Missing and Exploited Children to be used (among other things) to operate a cyber tipline to provide online users and electronic service providers an effective means of reporting Internet-related child sexual exploitation in the area of child sex trafficking (currently, child prostitution).</p> <p>Amends the Crime Control Act of 1990 to require each state reporting on missing children to: (1) provide, with respect to each missing child report, a recent photograph of the child, if available; (2) direct the law enforcement agency that entered the report into the National Crime Information Center (NCIC) to verify and update such record with any additional information no later than 30 days after the original entry of the record into the state law enforcement system and NCIC computer networks and to maintain close liaison with state and local child welfare systems for the exchange of information and technical assistance; and (3) grant permission to the NCIC Terminal Contractor for the state to update the missing person record in the NCIC computer networks with additional information learned during the investigation relating to the missing person.</p>]]></text>
        </item>
      </billSummaries>
    </summaries>
    <title>Bringing Missing Children Home Act of 2015</title>
    <cboCostEstimates />
    <subjects>
      <billSubjects>
        <legislativeSubjects>
          <item>
            <name>Child safety and welfare</name>
          </item>
          <item>
            <name>Crime victims</name>
          </item>
          <item>
            <name>Crimes against children</name>
          </item>
          <item>
            <name>Criminal justice information and records</name>
          </item>
          <item>
            <name>Human trafficking</name>
          </item>
          <item>
            <name>Law enforcement administration and funding</name>
          </item>
          <item>
            <name>Sex offenses</name>
          </item>
        </legislativeSubjects>
        <policyArea>
          <name>Crime and Law Enforcement</name>
        </policyArea>
      </billSubjects>
    </subjects>
    <amendments />
    <calendarNumbers />
    <congress>114</congress>
    <titles>
      <item>
        <title>Bringing Missing Children Home Act of 2015</title>
        <chamberName />
        <chamberCode />
        <titleType>Short Titles as Introduced</titleType>
        <parentTitleType />
      </item>
      <item>
        <title>A bill to improve the response to missing children and victims of child sex trafficking.</title>
        <chamberName />
        <chamberCode />
        <titleType>Official Title as Introduced</titleType>
        <parentTitleType />
      </item>
      <item>
        <title>Bringing Missing Children Home Act of 2015</title>
        <chamberName />
        <chamberCode />
        <titleType>Display Title</titleType>
        <parentTitleType />
      </item>
    </titles>
    <originChamber>Senate</originChamber>
  </bill>
  <dublinCore xmlns:dc="http://purl.org/dc/elements/1.1/">
    <dc:format>text/xml</dc:format>
    <dc:language>EN</dc:language>
    <dc:rights>Pursuant to Title 17 Section 105 of the United States Code, this file is not subject to copyright protection and is in the public domain.</dc:rights>
    <dc:contributor>Congressional Research Service, Library of Congress</dc:contributor>
    <dc:description>This file contains bill summaries and statuses for federal legislation. A bill summary describes the most significant provisions of a piece of legislation and details the effects the legislative text may have on current law and federal programs. Bill summaries are authored by the Congressional Research Service (CRS) of the Library of Congress. As stated in Public Law 91-510 (2 USC 166 (d)(6)), one of the duties of CRS is "to prepare summaries and digests of bills and resolutions of a public general nature introduced in the Senate or House of Representatives". For more information, refer to the User Guide that accompanies this file.</dc:description>
  </dublinCore>
</billStatus>

