<?xml version="1.0" encoding="UTF-8"?>
<billStatus>
  <bill>
    <billType>S</billType>
    <laws />
    <recordedVotes />
    <actions>
      <actionTypeCounts>
        <introducedInSenate>1</introducedInSenate>
        <reportedToSenate>2</reportedToSenate>
        <referredToCommittee>1</referredToCommittee>
        <orderedReported>1</orderedReported>
        <placedOnCalendarGeneralOrders>1</placedOnCalendarGeneralOrders>
      </actionTypeCounts>
      <actionByCounts>
        <senate>6</senate>
      </actionByCounts>
      <item>
        <actionDate>2016-05-23</actionDate>
        <committee />
        <links />
        <sourceSystem>
          <name>Senate</name>
          <code>0</code>
        </sourceSystem>
        <text>Placed on Senate Legislative Calendar under General Orders. Calendar No. 477.</text>
        <type>Calendars</type>
      </item>
      <item>
        <actionDate>2016-05-23</actionDate>
        <committee>
          <systemCode>sscm00</systemCode>
          <name>Commerce, Science, and Transportation Committee</name>
        </committee>
        <links>
          <link>
            <url>https://www.congress.gov/congressional-report/114th-congress/senate-report/260</url>
            <name>report No. 114-260</name>
          </link>
        </links>
        <sourceSystem>
          <name>Senate</name>
          <code>0</code>
        </sourceSystem>
        <text>Committee on Commerce, Science, and Transportation. Reported by Senator Thune without amendment. With written report No. 114-260.</text>
        <type>Committee</type>
      </item>
      <item>
        <links>
          <link>
            <url>https://www.congress.gov/congressional-report/114th-congress/senate-report/260</url>
            <name>report No. 114-260</name>
          </link>
        </links>
        <committee>
          <systemCode>sscm00</systemCode>
          <name>Commerce, Science, and Transportation Committee</name>
        </committee>
        <actionCode>14000</actionCode>
        <actionDate>2016-05-23</actionDate>
        <text>Committee on Commerce, Science, and Transportation. Reported by Senator Thune without amendment. With written report No. 114-260.</text>
        <type>Committee</type>
        <sourceSystem>
          <name>Library of Congress</name>
          <code>9</code>
        </sourceSystem>
      </item>
      <item>
        <actionDate>2015-11-18</actionDate>
        <committee>
          <systemCode>sscm00</systemCode>
          <name>Commerce, Science, and Transportation Committee</name>
        </committee>
        <links />
        <sourceSystem>
          <name>Senate</name>
          <code>0</code>
        </sourceSystem>
        <text>Committee on Commerce, Science, and Transportation. Ordered to be reported without amendment favorably.</text>
        <type>Committee</type>
      </item>
      <item>
        <actionDate>2015-04-30</actionDate>
        <committee>
          <systemCode>sscm00</systemCode>
          <name>Commerce, Science, and Transportation Committee</name>
        </committee>
        <links />
        <sourceSystem>
          <name>Senate</name>
          <code>0</code>
        </sourceSystem>
        <text>Read twice and referred to the Committee on Commerce, Science, and Transportation.</text>
        <type>IntroReferral</type>
      </item>
      <item>
        <links />
        <committee />
        <actionCode>10000</actionCode>
        <actionDate>2015-04-30</actionDate>
        <text>Introduced in Senate</text>
        <type>IntroReferral</type>
        <sourceSystem>
          <name>Library of Congress</name>
          <code>9</code>
        </sourceSystem>
      </item>
    </actions>
    <billNumber>1143</billNumber>
    <policyArea>
      <name>Public Lands and Natural Resources</name>
    </policyArea>
    <notes />
    <latestAction>
      <actionDate>2016-05-23</actionDate>
      <links />
      <text>Placed on Senate Legislative Calendar under General Orders. Calendar No. 477.</text>
    </latestAction>
    <relatedBills>
      <item>
        <latestTitle>West Coast Dungeness Crab Management Act</latestTitle>
        <latestAction>
          <text>Received in the Senate and Read twice and referred to the Committee on Commerce, Science, and Transportation.</text>
          <actionDate>2015-10-07</actionDate>
        </latestAction>
        <number>2168</number>
        <relationshipDetails>
          <item>
            <identifiedBy>CRS</identifiedBy>
            <type>Identical bill</type>
          </item>
          <item>
            <identifiedBy>House</identifiedBy>
            <type>Related bill</type>
          </item>
        </relationshipDetails>
        <type>HR</type>
        <congress>114</congress>
      </item>
    </relatedBills>
    <committees>
      <billCommittees>
        <item>
          <subcommittees />
          <chamber>Senate</chamber>
          <systemCode>sscm00</systemCode>
          <type>Standing</type>
          <activities>
            <item>
              <name>Reported by</name>
              <date>2016-05-23T20:00:30Z</date>
            </item>
            <item>
              <name>Markup by</name>
              <date>2015-11-18T16:34:08Z</date>
            </item>
            <item>
              <name>Referred to</name>
              <date>2015-04-30T15:08:34Z</date>
            </item>
          </activities>
          <name>Commerce, Science, and Transportation Committee</name>
        </item>
      </billCommittees>
    </committees>
    <cosponsors>
      <item>
        <fullName>Sen. Wyden, Ron [D-OR]</fullName>
        <lastName>WYDEN</lastName>
        <bioguideId>W000779</bioguideId>
        <isOriginalCosponsor>False</isOriginalCosponsor>
        <state>OR</state>
        <middleName />
        <firstName>RON</firstName>
        <party>D</party>
        <identifiers>
          <lisID>1247</lisID>
          <gpoId>8265</gpoId>
          <bioguideId>W000779</bioguideId>
        </identifiers>
        <sponsorshipDate>2015-05-22</sponsorshipDate>
        <sponsorshipWithdrawnDate />
      </item>
      <item>
        <fullName>Sen. Murray, Patty [D-WA]</fullName>
        <lastName>MURRAY</lastName>
        <bioguideId>M001111</bioguideId>
        <isOriginalCosponsor>False</isOriginalCosponsor>
        <state>WA</state>
        <middleName />
        <firstName>PATTY</firstName>
        <party>D</party>
        <identifiers>
          <lisID>1409</lisID>
          <gpoId>8237</gpoId>
          <bioguideId>M001111</bioguideId>
        </identifiers>
        <sponsorshipDate>2015-06-23</sponsorshipDate>
        <sponsorshipWithdrawnDate />
      </item>
      <item>
        <fullName>Sen. Merkley, Jeff [D-OR]</fullName>
        <lastName>Merkley</lastName>
        <bioguideId>M001176</bioguideId>
        <isOriginalCosponsor>False</isOriginalCosponsor>
        <state>OR</state>
        <middleName />
        <firstName>Jeff</firstName>
        <party>D</party>
        <identifiers>
          <lisID>1900</lisID>
          <gpoId>8238</gpoId>
          <bioguideId>M001176</bioguideId>
        </identifiers>
        <sponsorshipDate>2015-07-23</sponsorshipDate>
        <sponsorshipWithdrawnDate />
      </item>
      <item>
        <fullName>Sen. Boxer, Barbara [D-CA]</fullName>
        <lastName>BOXER</lastName>
        <bioguideId>B000711</bioguideId>
        <isOriginalCosponsor>False</isOriginalCosponsor>
        <state>CA</state>
        <middleName />
        <firstName>BARBARA</firstName>
        <party>D</party>
        <identifiers>
          <bioguideId>B000711</bioguideId>
          <lisID>116</lisID>
          <gpoId>8306</gpoId>
        </identifiers>
        <sponsorshipDate>2015-08-03</sponsorshipDate>
        <sponsorshipWithdrawnDate />
      </item>
      <item>
        <fullName>Sen. Feinstein, Dianne [D-CA]</fullName>
        <lastName>FEINSTEIN</lastName>
        <bioguideId>F000062</bioguideId>
        <isOriginalCosponsor>False</isOriginalCosponsor>
        <state>CA</state>
        <middleName />
        <firstName>DIANNE</firstName>
        <party>D</party>
        <identifiers>
          <gpoId>8338</gpoId>
          <lisID>1332</lisID>
          <bioguideId>F000062</bioguideId>
        </identifiers>
        <sponsorshipDate>2015-08-03</sponsorshipDate>
        <sponsorshipWithdrawnDate />
      </item>
    </cosponsors>
    <committeeReports>
      <committeeReport>
        <citation>S. Rept. 114-260</citation>
      </committeeReport>
    </committeeReports>
    <sponsors>
      <item>
        <fullName>Sen. Cantwell, Maria [D-WA]</fullName>
        <firstName>MARIA</firstName>
        <lastName>CANTWELL</lastName>
        <state>WA</state>
        <party>D</party>
        <bioguideId>C000127</bioguideId>
        <identifiers>
          <gpoId>8288</gpoId>
          <lisID>172</lisID>
          <bioguideId>C000127</bioguideId>
        </identifiers>
        <middleName />
        <byRequestType />
      </item>
    </sponsors>
    <createDate>2015-05-01T09:12:58Z</createDate>
    <updateDate>2016-11-08T15:21:38Z</updateDate>
    <introducedDate>2015-04-30</introducedDate>
    <summaries>
      <billSummaries>
        <item>
          <updateDate>2015-04-30T04:00:00Z</updateDate>
          <versionCode>00</versionCode>
          <text><![CDATA[<p><b>West Coast Dungeness Crab Management Act</b></p> <p>This bill makes permanent the authority of Washington, Oregon, and California to adopt and enforce state laws governing fishing and processing in the exclusive economic zone adjacent to their state in any Dungeness crab fishery for which there is no fishery management plan in effect under the Magnuson-Stevens Fishery Conservation and Management Act.</p>]]></text>
          <lastSummaryUpdateDate>2016-06-22T13:58:45Z</lastSummaryUpdateDate>
          <actionDate>2015-04-30</actionDate>
          <actionDesc>Introduced in Senate</actionDesc>
          <name>Introduced in Senate</name>
        </item>
        <item>
          <updateDate>2016-05-23T13:28:06Z</updateDate>
          <versionCode>80</versionCode>
          <text><![CDATA[<p>(This measure has not been amended since it was introduced. The summary has been expanded because action occurred on the measure.)</p> <p><b>West Coast Dungeness Crab Management Act</b></p> <p>(Sec. 2)This bill makes permanent the authority of Washington, Oregon, and California to adopt and enforce state laws governing fishing and processing in the exclusive economic zone adjacent to their state in any Dungeness crab fishery for which there is no fishery management plan in effect under the Magnuson-Stevens Fishery Conservation and Management Act.</p>]]></text>
          <lastSummaryUpdateDate>2016-06-06T20:58:40Z</lastSummaryUpdateDate>
          <actionDate>2016-05-23</actionDate>
          <actionDesc>Reported to Senate without amendment</actionDesc>
          <name>Reported to Senate without amendment</name>
        </item>
      </billSummaries>
    </summaries>
    <title>West Coast Dungeness Crab Management Act</title>
    <cboCostEstimates>
      <item>
        <title>S. 1143, West Coast Dungeness Crab Management Act</title>
        <pubDate>2015-12-01T16:33:00Z</pubDate>
        <url>https://www.cbo.gov/publication/51041</url>
      </item>
    </cboCostEstimates>
    <subjects>
      <billSubjects>
        <legislativeSubjects>
          <item>
            <name>California</name>
          </item>
          <item>
            <name>Marine and coastal resources, fisheries</name>
          </item>
          <item>
            <name>Oregon</name>
          </item>
          <item>
            <name>State and local government operations</name>
          </item>
          <item>
            <name>Washington State</name>
          </item>
        </legislativeSubjects>
        <policyArea>
          <name>Public Lands and Natural Resources</name>
        </policyArea>
      </billSubjects>
    </subjects>
    <amendments />
    <calendarNumbers>
      <item>
        <calendar>Senate Calendar of Business</calendar>
        <number>0477</number>
      </item>
    </calendarNumbers>
    <congress>114</congress>
    <titles>
      <item>
        <title>West Coast Dungeness Crab Management Act</title>
        <chamberName>Senate</chamberName>
        <chamberCode>S</chamberCode>
        <titleType>Short Titles as Reported to Senate</titleType>
        <parentTitleType>Short Titles Senate</parentTitleType>
      </item>
      <item>
        <title>West Coast Dungeness Crab Management Act</title>
        <chamberName />
        <chamberCode />
        <titleType>Short Titles as Introduced</titleType>
        <parentTitleType />
      </item>
      <item>
        <title>A bill to make the authority of States of Washington, Oregon, and California to manage Dungeness crab fishery permanent and for other purposes.</title>
        <chamberName />
        <chamberCode />
        <titleType>Official Title as Introduced</titleType>
        <parentTitleType />
      </item>
      <item>
        <title>West Coast Dungeness Crab Management Act</title>
        <chamberName />
        <chamberCode />
        <titleType>Display Title</titleType>
        <parentTitleType />
      </item>
    </titles>
    <originChamber>Senate</originChamber>
  </bill>
  <dublinCore xmlns:dc="http://purl.org/dc/elements/1.1/">
    <dc:format>text/xml</dc:format>
    <dc:language>EN</dc:language>
    <dc:rights>Pursuant to Title 17 Section 105 of the United States Code, this file is not subject to copyright protection and is in the public domain.</dc:rights>
    <dc:contributor>Congressional Research Service, Library of Congress</dc:contributor>
    <dc:description>This file contains bill summaries and statuses for federal legislation. A bill summary describes the most significant provisions of a piece of legislation and details the effects the legislative text may have on current law and federal programs. Bill summaries are authored by the Congressional Research Service (CRS) of the Library of Congress. As stated in Public Law 91-510 (2 USC 166 (d)(6)), one of the duties of CRS is "to prepare summaries and digests of bills and resolutions of a public general nature introduced in the Senate or House of Representatives". For more information, refer to the User Guide that accompanies this file.</dc:description>
  </dublinCore>
</billStatus>

