<?xml version="1.0" encoding="UTF-8"?>
<billStatus>
  <bill>
    <title>Preserving Freedom and Choice in Health Care Act</title>
    <updateDate>2016-11-02T23:25:49Z</updateDate>
    <relatedBills />
    <introducedDate>2015-04-20</introducedDate>
    <originChamber>Senate</originChamber>
    <cboCostEstimates />
    <policyArea>
      <name>Health</name>
    </policyArea>
    <congress>114</congress>
    <billNumber>1016</billNumber>
    <billType>S</billType>
    <amendments />
    <recordedVotes />
    <committees>
      <billCommittees>
        <item>
          <subcommittees />
          <chamber>Senate</chamber>
          <systemCode>ssfi00</systemCode>
          <activities>
            <item>
              <date>2015-04-20T22:29:00Z</date>
              <name>Referred to</name>
            </item>
          </activities>
          <type>Standing</type>
          <name>Finance Committee</name>
        </item>
      </billCommittees>
    </committees>
    <laws />
    <subjects>
      <billSubjects>
        <legislativeSubjects>
          <item>
            <name>Employee benefits and pensions</name>
          </item>
          <item>
            <name>Health care costs and insurance</name>
          </item>
          <item>
            <name>Health care coverage and access</name>
          </item>
          <item>
            <name>Income tax credits</name>
          </item>
          <item>
            <name>Intergovernmental relations</name>
          </item>
          <item>
            <name>State and local government operations</name>
          </item>
        </legislativeSubjects>
        <policyArea>
          <name>Health</name>
        </policyArea>
      </billSubjects>
    </subjects>
    <notes />
    <committeeReports />
    <actions>
      <actionTypeCounts>
        <introducedInSenate>1</introducedInSenate>
        <referredToCommittee>1</referredToCommittee>
      </actionTypeCounts>
      <item>
        <actionDate>2015-04-20</actionDate>
        <committee>
          <systemCode>ssfi00</systemCode>
          <name>Finance Committee</name>
        </committee>
        <links />
        <sourceSystem>
          <code>0</code>
          <name>Senate</name>
        </sourceSystem>
        <text>Read twice and referred to the Committee on Finance.</text>
        <type>IntroReferral</type>
      </item>
      <item>
        <actionDate>2015-04-20</actionDate>
        <text>Introduced in Senate</text>
        <type>IntroReferral</type>
        <committee />
        <links />
        <sourceSystem>
          <code>9</code>
          <name>Library of Congress</name>
        </sourceSystem>
        <actionCode>10000</actionCode>
      </item>
      <actionByCounts>
        <senate>2</senate>
      </actionByCounts>
    </actions>
    <calendarNumbers />
    <latestAction>
      <links />
      <actionDate>2015-04-20</actionDate>
      <text>Read twice and referred to the Committee on Finance.</text>
    </latestAction>
    <titles>
      <item>
        <titleType>Short Titles as Introduced</titleType>
        <parentTitleType />
        <title>Preserving Freedom and Choice in Health Care Act</title>
        <chamberName />
        <chamberCode />
      </item>
      <item>
        <titleType>Official Title as Introduced</titleType>
        <parentTitleType />
        <title>A bill to preserve freedom and choice in health care.</title>
        <chamberName />
        <chamberCode />
      </item>
      <item>
        <titleType>Display Title</titleType>
        <parentTitleType />
        <title>Preserving Freedom and Choice in Health Care Act</title>
        <chamberName />
        <chamberCode />
      </item>
    </titles>
    <summaries>
      <billSummaries>
        <item>
          <updateDate>2015-04-20T04:00:00Z</updateDate>
          <lastSummaryUpdateDate>2015-06-19T19:10:30Z</lastSummaryUpdateDate>
          <actionDate>2015-04-20</actionDate>
          <text><![CDATA[<p><b>Preserving Freedom and Choice in Health Care Act</b></p> <p>This bill amends the Patient Protection and Affordable Care Act (PPACA) and the Internal Revenue Code to repeal the requirements for individuals to maintain minimum essential coverage and for large employers to pay penalties if a full-time employee: (1) must wait longer than 60 days to enroll in an employer-sponsored health plan, or (2) receives a premium assistance tax credit or reduced cost-sharing. Coverage reporting requirements for providers and large employers are also repealed.</p> <p>Individuals enrolled in a health plan purchased through the federal health insurance exchange at the time of enactment of this Act who are ineligible for a premium assistance tax credit solely as a result of a determination by the Supreme Court in <i>King v. Burwell</i> are eligible for the tax credit. This applies to coverage months beginning after December 2013 and before September 2017.</p> <p>Group health coverage in which an individual was enrolled during any part of the period beginning on the date of enactment of PPACA (March 23, 2010) and ending on December 31, 2017, is a grandfathered health plan under PPACA and is exempt from some coverage requirements.</p> Essential health benefits are defined by states. This amendment takes effect as if included in PPACA.]]></text>
          <name>Introduced in Senate</name>
          <versionCode>00</versionCode>
          <actionDesc>Introduced in Senate</actionDesc>
        </item>
      </billSummaries>
    </summaries>
    <createDate>2015-04-21T09:13:10Z</createDate>
    <sponsors>
      <item>
        <state>WI</state>
        <fullName>Sen. Johnson, Ron [R-WI]</fullName>
        <middleName />
        <identifiers>
          <bioguideId>J000293</bioguideId>
          <gpoId>8355</gpoId>
          <lisID>2086</lisID>
        </identifiers>
        <firstName>Ron</firstName>
        <lastName>Johnson</lastName>
        <bioguideId>J000293</bioguideId>
        <byRequestType />
        <party>R</party>
      </item>
    </sponsors>
    <cosponsors>
      <item>
        <state>WY</state>
        <fullName>Sen. Barrasso, John [R-WY]</fullName>
        <middleName />
        <firstName>John</firstName>
        <bioguideId>B001261</bioguideId>
        <sponsorshipWithdrawnDate />
        <lastName>Barrasso</lastName>
        <party>R</party>
        <identifiers>
          <bioguideId>B001261</bioguideId>
          <gpoId>8300</gpoId>
          <lisID>1881</lisID>
        </identifiers>
        <isOriginalCosponsor>True</isOriginalCosponsor>
        <sponsorshipDate>2015-04-20</sponsorshipDate>
      </item>
      <item>
        <state>MO</state>
        <fullName>Sen. Blunt, Roy [R-MO]</fullName>
        <middleName />
        <firstName>Roy</firstName>
        <bioguideId>B000575</bioguideId>
        <sponsorshipWithdrawnDate />
        <lastName>Blunt</lastName>
        <party>R</party>
        <identifiers>
          <gpoId>8313</gpoId>
          <lisID>1464</lisID>
          <bioguideId>B000575</bioguideId>
        </identifiers>
        <isOriginalCosponsor>True</isOriginalCosponsor>
        <sponsorshipDate>2015-04-20</sponsorshipDate>
      </item>
      <item>
        <state>IN</state>
        <fullName>Sen. Coats, Daniel [R-IN]</fullName>
        <middleName>RAY</middleName>
        <firstName>DANIEL</firstName>
        <bioguideId>C000542</bioguideId>
        <sponsorshipWithdrawnDate />
        <lastName>COATS</lastName>
        <party>R</party>
        <identifiers>
          <lisID>209</lisID>
          <bioguideId>C000542</bioguideId>
          <gpoId>8299</gpoId>
        </identifiers>
        <isOriginalCosponsor>True</isOriginalCosponsor>
        <sponsorshipDate>2015-04-20</sponsorshipDate>
      </item>
      <item>
        <state>MS</state>
        <fullName>Sen. Cochran, Thad [R-MS]</fullName>
        <middleName />
        <firstName>Thad</firstName>
        <bioguideId>C000567</bioguideId>
        <sponsorshipWithdrawnDate />
        <lastName>Cochran</lastName>
        <party>R</party>
        <identifiers>
          <lisID>213</lisID>
          <gpoId>8292</gpoId>
          <bioguideId>C000567</bioguideId>
        </identifiers>
        <isOriginalCosponsor>True</isOriginalCosponsor>
        <sponsorshipDate>2015-04-20</sponsorshipDate>
      </item>
      <item>
        <state>TX</state>
        <fullName>Sen. Cornyn, John [R-TX]</fullName>
        <middleName />
        <firstName>John</firstName>
        <bioguideId>C001056</bioguideId>
        <sponsorshipWithdrawnDate />
        <lastName>Cornyn</lastName>
        <party>R</party>
        <identifiers>
          <lisID>1692</lisID>
          <gpoId>8295</gpoId>
          <bioguideId>C001056</bioguideId>
        </identifiers>
        <isOriginalCosponsor>True</isOriginalCosponsor>
        <sponsorshipDate>2015-04-20</sponsorshipDate>
      </item>
      <item>
        <state>MT</state>
        <fullName>Sen. Daines, Steve [R-MT]</fullName>
        <middleName />
        <firstName>Steve</firstName>
        <bioguideId>D000618</bioguideId>
        <sponsorshipWithdrawnDate />
        <lastName>Daines</lastName>
        <party>R</party>
        <identifiers>
          <gpoId />
          <lisID>2138</lisID>
          <bioguideId>D000618</bioguideId>
        </identifiers>
        <isOriginalCosponsor>True</isOriginalCosponsor>
        <sponsorshipDate>2015-04-20</sponsorshipDate>
      </item>
      <item>
        <state>WY</state>
        <fullName>Sen. Enzi, Michael B. [R-WY]</fullName>
        <middleName>B.</middleName>
        <firstName>MICHAEL</firstName>
        <bioguideId>E000285</bioguideId>
        <sponsorshipWithdrawnDate />
        <lastName>ENZI</lastName>
        <party>R</party>
        <identifiers>
          <gpoId>8328</gpoId>
          <lisID>1542</lisID>
          <bioguideId>E000285</bioguideId>
        </identifiers>
        <isOriginalCosponsor>True</isOriginalCosponsor>
        <sponsorshipDate>2015-04-20</sponsorshipDate>
      </item>
      <item>
        <state>IA</state>
        <fullName>Sen. Ernst, Joni  [R-IA]</fullName>
        <middleName />
        <firstName>Joni</firstName>
        <bioguideId>E000295</bioguideId>
        <sponsorshipWithdrawnDate />
        <lastName>Ernst</lastName>
        <party>R</party>
        <identifiers>
          <gpoId />
          <lisID>2283</lisID>
          <bioguideId>E000295</bioguideId>
        </identifiers>
        <isOriginalCosponsor>True</isOriginalCosponsor>
        <sponsorshipDate>2015-04-20</sponsorshipDate>
      </item>
      <item>
        <state>CO</state>
        <fullName>Sen. Gardner, Cory [R-CO]</fullName>
        <middleName />
        <firstName>Cory</firstName>
        <bioguideId>G000562</bioguideId>
        <sponsorshipWithdrawnDate />
        <lastName>Gardner</lastName>
        <party>R</party>
        <identifiers>
          <lisID>1998</lisID>
          <gpoId>7862</gpoId>
          <bioguideId>G000562</bioguideId>
        </identifiers>
        <isOriginalCosponsor>True</isOriginalCosponsor>
        <sponsorshipDate>2015-04-20</sponsorshipDate>
      </item>
      <item>
        <state>SC</state>
        <fullName>Sen. Graham, Lindsey [R-SC]</fullName>
        <middleName>O.</middleName>
        <firstName>LINDSEY</firstName>
        <bioguideId>G000359</bioguideId>
        <sponsorshipWithdrawnDate />
        <lastName>GRAHAM</lastName>
        <party>R</party>
        <identifiers>
          <lisID>452</lisID>
          <gpoId>8335</gpoId>
          <bioguideId>G000359</bioguideId>
        </identifiers>
        <isOriginalCosponsor>True</isOriginalCosponsor>
        <sponsorshipDate>2015-04-20</sponsorshipDate>
      </item>
      <item>
        <state>IA</state>
        <fullName>Sen. Grassley, Chuck [R-IA]</fullName>
        <middleName>ERNEST</middleName>
        <firstName>CHARLES</firstName>
        <bioguideId>G000386</bioguideId>
        <sponsorshipWithdrawnDate />
        <lastName>GRASSLEY</lastName>
        <party>R</party>
        <identifiers>
          <lisID>457</lisID>
          <gpoId>8316</gpoId>
          <bioguideId>G000386</bioguideId>
        </identifiers>
        <isOriginalCosponsor>True</isOriginalCosponsor>
        <sponsorshipDate>2015-04-20</sponsorshipDate>
      </item>
      <item>
        <state>UT</state>
        <fullName>Sen. Hatch, Orrin G. [R-UT]</fullName>
        <middleName>GRANT</middleName>
        <firstName>ORRIN</firstName>
        <bioguideId>H000338</bioguideId>
        <sponsorshipWithdrawnDate />
        <lastName>HATCH</lastName>
        <party>R</party>
        <identifiers>
          <lisID>1351</lisID>
          <gpoId>8314</gpoId>
          <bioguideId>H000338</bioguideId>
        </identifiers>
        <isOriginalCosponsor>True</isOriginalCosponsor>
        <sponsorshipDate>2015-04-20</sponsorshipDate>
      </item>
      <item>
        <state>NV</state>
        <fullName>Sen. Heller, Dean [R-NV]</fullName>
        <middleName />
        <firstName>Dean</firstName>
        <bioguideId>H001041</bioguideId>
        <sponsorshipWithdrawnDate />
        <lastName>Heller</lastName>
        <party>R</party>
        <identifiers>
          <bioguideId>H001041</bioguideId>
          <lisID>1863</lisID>
          <gpoId>8060</gpoId>
        </identifiers>
        <isOriginalCosponsor>True</isOriginalCosponsor>
        <sponsorshipDate>2015-04-20</sponsorshipDate>
      </item>
      <item>
        <state>GA</state>
        <fullName>Sen. Isakson, Johnny [R-GA]</fullName>
        <middleName />
        <firstName>Johnny</firstName>
        <bioguideId>I000055</bioguideId>
        <sponsorshipWithdrawnDate />
        <lastName>Isakson</lastName>
        <party>R</party>
        <identifiers>
          <bioguideId>I000055</bioguideId>
          <gpoId>8323</gpoId>
          <lisID>1608</lisID>
        </identifiers>
        <isOriginalCosponsor>True</isOriginalCosponsor>
        <sponsorshipDate>2015-04-20</sponsorshipDate>
      </item>
      <item>
        <state>AZ</state>
        <fullName>Sen. McCain, John [R-AZ]</fullName>
        <middleName>SIDNEY</middleName>
        <firstName>JOHN</firstName>
        <bioguideId>M000303</bioguideId>
        <sponsorshipWithdrawnDate />
        <lastName>MCCAIN</lastName>
        <party>R</party>
        <identifiers>
          <bioguideId>M000303</bioguideId>
          <lisID>754</lisID>
          <gpoId>8253</gpoId>
        </identifiers>
        <isOriginalCosponsor>True</isOriginalCosponsor>
        <sponsorshipDate>2015-04-20</sponsorshipDate>
      </item>
      <item>
        <state>KY</state>
        <fullName>Sen. McConnell, Mitch [R-KY]</fullName>
        <middleName />
        <firstName>MITCH</firstName>
        <bioguideId>M000355</bioguideId>
        <sponsorshipWithdrawnDate />
        <lastName>MCCONNELL</lastName>
        <party>R</party>
        <identifiers>
          <gpoId>8254</gpoId>
          <lisID>1395</lisID>
          <bioguideId>M000355</bioguideId>
        </identifiers>
        <isOriginalCosponsor>True</isOriginalCosponsor>
        <sponsorshipDate>2015-04-20</sponsorshipDate>
      </item>
      <item>
        <state>GA</state>
        <fullName>Sen. Perdue, David [R-GA]</fullName>
        <middleName>Alfred</middleName>
        <firstName>David</firstName>
        <bioguideId>P000612</bioguideId>
        <sponsorshipWithdrawnDate />
        <lastName>Perdue</lastName>
        <party>R</party>
        <identifiers>
          <lisID>2286</lisID>
          <gpoId />
          <bioguideId>P000612</bioguideId>
        </identifiers>
        <isOriginalCosponsor>True</isOriginalCosponsor>
        <sponsorshipDate>2015-04-20</sponsorshipDate>
      </item>
      <item>
        <state>KS</state>
        <fullName>Sen. Roberts, Pat [R-KS]</fullName>
        <middleName />
        <firstName>PAT</firstName>
        <bioguideId>R000307</bioguideId>
        <sponsorshipWithdrawnDate />
        <lastName>ROBERTS</lastName>
        <party>R</party>
        <identifiers>
          <bioguideId>R000307</bioguideId>
          <gpoId>8275</gpoId>
          <lisID>968</lisID>
        </identifiers>
        <isOriginalCosponsor>True</isOriginalCosponsor>
        <sponsorshipDate>2015-04-20</sponsorshipDate>
      </item>
      <item>
        <state>SC</state>
        <fullName>Sen. Scott, Tim [R-SC]</fullName>
        <middleName />
        <firstName>Tim</firstName>
        <bioguideId>S001184</bioguideId>
        <sponsorshipWithdrawnDate>2015-06-25</sponsorshipWithdrawnDate>
        <lastName>Scott</lastName>
        <party>R</party>
        <identifiers>
          <lisID>2056</lisID>
          <gpoId>8141</gpoId>
          <bioguideId>S001184</bioguideId>
        </identifiers>
        <isOriginalCosponsor>True</isOriginalCosponsor>
        <sponsorshipDate>2015-04-20</sponsorshipDate>
      </item>
      <item>
        <state>SD</state>
        <fullName>Sen. Thune, John [R-SD]</fullName>
        <middleName>R.</middleName>
        <firstName>JOHN</firstName>
        <bioguideId>T000250</bioguideId>
        <sponsorshipWithdrawnDate />
        <lastName>THUNE</lastName>
        <party>R</party>
        <identifiers>
          <bioguideId>T000250</bioguideId>
          <lisID>1534</lisID>
          <gpoId>8257</gpoId>
        </identifiers>
        <isOriginalCosponsor>True</isOriginalCosponsor>
        <sponsorshipDate>2015-04-20</sponsorshipDate>
      </item>
      <item>
        <state>NC</state>
        <fullName>Sen. Tillis, Thom [R-NC]</fullName>
        <middleName>Roland</middleName>
        <firstName>Thomas</firstName>
        <bioguideId>T000476</bioguideId>
        <sponsorshipWithdrawnDate />
        <lastName>Tillis</lastName>
        <party>R</party>
        <identifiers>
          <gpoId />
          <lisID>2291</lisID>
          <bioguideId>T000476</bioguideId>
        </identifiers>
        <isOriginalCosponsor>True</isOriginalCosponsor>
        <sponsorshipDate>2015-04-20</sponsorshipDate>
      </item>
      <item>
        <state>MS</state>
        <fullName>Sen. Wicker, Roger F. [R-MS]</fullName>
        <middleName>F.</middleName>
        <firstName>ROGER</firstName>
        <bioguideId>W000437</bioguideId>
        <sponsorshipWithdrawnDate />
        <lastName>WICKER</lastName>
        <party>R</party>
        <identifiers>
          <gpoId>8263</gpoId>
          <lisID>1226</lisID>
          <bioguideId>W000437</bioguideId>
        </identifiers>
        <isOriginalCosponsor>True</isOriginalCosponsor>
        <sponsorshipDate>2015-04-20</sponsorshipDate>
      </item>
      <item>
        <state>OK</state>
        <fullName>Sen. Inhofe, James M. [R-OK]</fullName>
        <middleName />
        <firstName>JIM</firstName>
        <bioguideId>I000024</bioguideId>
        <sponsorshipWithdrawnDate />
        <lastName>INHOFE</lastName>
        <party>R</party>
        <identifiers>
          <lisID>583</lisID>
          <gpoId>8322</gpoId>
          <bioguideId>I000024</bioguideId>
        </identifiers>
        <isOriginalCosponsor>True</isOriginalCosponsor>
        <sponsorshipDate>2015-04-20</sponsorshipDate>
      </item>
      <item>
        <state>SD</state>
        <fullName>Sen. Rounds, Mike  [R-SD]</fullName>
        <middleName />
        <firstName>Mike</firstName>
        <bioguideId>R000605</bioguideId>
        <sponsorshipWithdrawnDate />
        <lastName>Rounds</lastName>
        <party>R</party>
        <identifiers>
          <lisID>2288</lisID>
          <gpoId />
          <bioguideId>R000605</bioguideId>
        </identifiers>
        <isOriginalCosponsor>True</isOriginalCosponsor>
        <sponsorshipDate>2015-04-20</sponsorshipDate>
      </item>
      <item>
        <state>NE</state>
        <fullName>Sen. Fischer, Deb [R-NE]</fullName>
        <middleName />
        <firstName>Deb</firstName>
        <bioguideId>F000463</bioguideId>
        <sponsorshipWithdrawnDate />
        <lastName>Fischer</lastName>
        <party>R</party>
        <identifiers>
          <bioguideId>F000463</bioguideId>
          <gpoId />
          <lisID>2179</lisID>
        </identifiers>
        <isOriginalCosponsor>True</isOriginalCosponsor>
        <sponsorshipDate>2015-04-20</sponsorshipDate>
      </item>
      <item>
        <state>AL</state>
        <fullName>Sen. Shelby, Richard C. [R-AL]</fullName>
        <middleName>CRAIG</middleName>
        <firstName>RICHARD</firstName>
        <bioguideId>S000320</bioguideId>
        <sponsorshipWithdrawnDate />
        <lastName>SHELBY</lastName>
        <party>R</party>
        <identifiers>
          <lisID>1049</lisID>
          <gpoId>8277</gpoId>
          <bioguideId>S000320</bioguideId>
        </identifiers>
        <isOriginalCosponsor>True</isOriginalCosponsor>
        <sponsorshipDate>2015-04-20</sponsorshipDate>
      </item>
      <item>
        <state>ID</state>
        <fullName>Sen. Risch, James E. [R-ID]</fullName>
        <middleName>E.</middleName>
        <firstName>James</firstName>
        <bioguideId>R000584</bioguideId>
        <sponsorshipWithdrawnDate />
        <lastName>Risch</lastName>
        <party>R</party>
        <identifiers>
          <lisID>1896</lisID>
          <gpoId>8274</gpoId>
          <bioguideId>R000584</bioguideId>
        </identifiers>
        <isOriginalCosponsor>True</isOriginalCosponsor>
        <sponsorshipDate>2015-04-20</sponsorshipDate>
      </item>
      <item>
        <state>ID</state>
        <fullName>Sen. Crapo, Mike [R-ID]</fullName>
        <middleName>D.</middleName>
        <firstName>MICHAEL</firstName>
        <bioguideId>C000880</bioguideId>
        <sponsorshipWithdrawnDate />
        <lastName>CRAPO</lastName>
        <party>R</party>
        <identifiers>
          <lisID>250</lisID>
          <gpoId>8289</gpoId>
          <bioguideId>C000880</bioguideId>
        </identifiers>
        <isOriginalCosponsor>True</isOriginalCosponsor>
        <sponsorshipDate>2015-04-20</sponsorshipDate>
      </item>
      <item>
        <state>AL</state>
        <fullName>Sen. Sessions, Jeff [R-AL]</fullName>
        <middleName />
        <firstName>Jeff</firstName>
        <bioguideId>S001141</bioguideId>
        <sponsorshipWithdrawnDate />
        <lastName>Sessions</lastName>
        <party>R</party>
        <identifiers>
          <lisID>1548</lisID>
          <gpoId>8281</gpoId>
          <bioguideId>S001141</bioguideId>
        </identifiers>
        <isOriginalCosponsor>True</isOriginalCosponsor>
        <sponsorshipDate>2015-04-20</sponsorshipDate>
      </item>
      <item>
        <state>AK</state>
        <fullName>Sen. Sullivan, Dan  [R-AK]</fullName>
        <middleName />
        <firstName>Dan</firstName>
        <bioguideId>S001198</bioguideId>
        <sponsorshipWithdrawnDate />
        <lastName>Sullivan</lastName>
        <party>R</party>
        <identifiers>
          <gpoId />
          <lisID>2290</lisID>
          <bioguideId>S001198</bioguideId>
        </identifiers>
        <isOriginalCosponsor>False</isOriginalCosponsor>
        <sponsorshipDate>2015-04-22</sponsorshipDate>
      </item>
      <item>
        <state>IL</state>
        <fullName>Sen. Kirk, Mark Steven [R-IL]</fullName>
        <middleName>STEVEN</middleName>
        <firstName>MARK</firstName>
        <bioguideId>K000360</bioguideId>
        <sponsorshipWithdrawnDate />
        <lastName>KIRK</lastName>
        <party>R</party>
        <identifiers>
          <lisID>1647</lisID>
          <gpoId>8285</gpoId>
          <bioguideId>K000360</bioguideId>
        </identifiers>
        <isOriginalCosponsor>False</isOriginalCosponsor>
        <sponsorshipDate>2015-04-23</sponsorshipDate>
      </item>
    </cosponsors>
  </bill>
  <dublinCore xmlns:dc="http://purl.org/dc/elements/1.1/">
    <dc:format>text/xml</dc:format>
    <dc:language>EN</dc:language>
    <dc:rights>Pursuant to Title 17 Section 105 of the United States Code, this file is not subject to copyright protection and is in the public domain.</dc:rights>
    <dc:contributor>Congressional Research Service, Library of Congress</dc:contributor>
    <dc:description>This file contains bill summaries and statuses for federal legislation. A bill summary describes the most significant provisions of a piece of legislation and details the effects the legislative text may have on current law and federal programs. Bill summaries are authored by the Congressional Research Service (CRS) of the Library of Congress. As stated in Public Law 91-510 (2 USC 166 (d)(6)), one of the duties of CRS is "to prepare summaries and digests of bills and resolutions of a public general nature introduced in the Senate or House of Representatives". For more information, refer to the User Guide that accompanies this file.</dc:description>
  </dublinCore>
</billStatus>

