<?xml version="1.0" encoding="UTF-8"?>
<billStatus>
  <bill>
    <billType>S</billType>
    <laws />
    <recordedVotes />
    <actions>
      <actionTypeCounts>
        <hearingsHeld>1</hearingsHeld>
        <introducedInSenate>1</introducedInSenate>
        <referredToCommittee>1</referredToCommittee>
      </actionTypeCounts>
      <actionByCounts>
        <senate>3</senate>
      </actionByCounts>
      <item>
        <actionDate>2015-07-16</actionDate>
        <committee>
          <systemCode>ssaf00</systemCode>
          <name>Agriculture, Nutrition, and Forestry Committee</name>
        </committee>
        <links />
        <sourceSystem>
          <name>Senate</name>
          <code>0</code>
        </sourceSystem>
        <text>Committee on Agriculture, Nutrition, and Forestry. Hearings held.</text>
        <type>Committee</type>
      </item>
      <item>
        <actionDate>2015-04-27</actionDate>
        <committee>
          <systemCode>ssaf00</systemCode>
          <name>Agriculture, Nutrition, and Forestry Committee</name>
        </committee>
        <links />
        <sourceSystem>
          <name>Senate</name>
          <code>0</code>
        </sourceSystem>
        <text>Read twice and referred sequentially to the Committee on Agriculture, Nutrition, and Forestry by unanimous consent with instructions that if the bill is reported by that Committee, the bill be referred to the Committee on Energy and Natural Resources.</text>
        <type>IntroReferral</type>
      </item>
      <item>
        <actionCode>10000</actionCode>
        <actionDate>2015-04-27</actionDate>
        <text>Introduced in Senate</text>
        <committee />
        <type>IntroReferral</type>
        <links />
        <sourceSystem>
          <name>Library of Congress</name>
          <code>9</code>
        </sourceSystem>
      </item>
    </actions>
    <billNumber>1100</billNumber>
    <policyArea>
      <name>Public Lands and Natural Resources</name>
    </policyArea>
    <notes />
    <latestAction>
      <actionDate>2015-07-16</actionDate>
      <links />
      <text>Committee on Agriculture, Nutrition, and Forestry. Hearings held.</text>
    </latestAction>
    <relatedBills>
      <item>
        <latestTitle>Prescribed Burn Approval Act of 2016</latestTitle>
        <latestAction>
          <text>Referred to the Subcommittee on Conservation and Forestry.</text>
          <actionDate>2016-09-23</actionDate>
        </latestAction>
        <number>6029</number>
        <relationshipDetails>
          <item>
            <identifiedBy>CRS</identifiedBy>
            <type>Related bill</type>
          </item>
        </relationshipDetails>
        <type>HR</type>
        <congress>114</congress>
      </item>
      <item>
        <latestTitle>Prescribed Burn Approval Act of 2016</latestTitle>
        <latestAction>
          <text>Read twice and referred to the Committee on Agriculture, Nutrition, and Forestry.</text>
          <actionDate>2016-09-27</actionDate>
        </latestAction>
        <number>3395</number>
        <relationshipDetails>
          <item>
            <identifiedBy>CRS</identifiedBy>
            <type>Related bill</type>
          </item>
        </relationshipDetails>
        <type>S</type>
        <congress>114</congress>
      </item>
    </relatedBills>
    <committees>
      <billCommittees>
        <item>
          <subcommittees />
          <chamber>Senate</chamber>
          <type>Standing</type>
          <name>Agriculture, Nutrition, and Forestry Committee</name>
          <systemCode>ssaf00</systemCode>
          <activities>
            <item>
              <name>Hearings by</name>
              <date>2015-07-16T14:08:34Z</date>
            </item>
            <item>
              <name>Referred to</name>
              <date>2015-04-27T22:58:06Z</date>
            </item>
          </activities>
        </item>
      </billCommittees>
    </committees>
    <cosponsors>
      <item>
        <fullName>Sen. Heitkamp, Heidi [D-ND]</fullName>
        <firstName>Heidi</firstName>
        <state>ND</state>
        <lastName>Heitkamp</lastName>
        <isOriginalCosponsor>False</isOriginalCosponsor>
        <identifiers>
          <lisID>2174</lisID>
          <bioguideId>H001069</bioguideId>
          <gpoId />
        </identifiers>
        <middleName />
        <sponsorshipWithdrawnDate />
        <party>D</party>
        <sponsorshipDate>2016-05-26</sponsorshipDate>
        <bioguideId>H001069</bioguideId>
      </item>
    </cosponsors>
    <committeeReports />
    <sponsors>
      <item>
        <fullName>Sen. Thune, John [R-SD]</fullName>
        <firstName>JOHN</firstName>
        <lastName>THUNE</lastName>
        <state>SD</state>
        <party>R</party>
        <bioguideId>T000250</bioguideId>
        <identifiers>
          <bioguideId>T000250</bioguideId>
          <lisID>1534</lisID>
          <gpoId>8257</gpoId>
        </identifiers>
        <middleName>R.</middleName>
        <byRequestType />
      </item>
    </sponsors>
    <createDate>2015-04-28T09:16:15Z</createDate>
    <updateDate>2016-11-02T23:26:17Z</updateDate>
    <introducedDate>2015-04-27</introducedDate>
    <summaries>
      <billSummaries>
        <item>
          <updateDate>2015-04-27T04:00:00Z</updateDate>
          <versionCode>00</versionCode>
          <text><![CDATA[<p><b>Prescribed Burn Approval Act of 2015</b></p> <p>Bars any federal agency from authorizing a prescribed burn on federal land if, for the county or contiguous county in which the federal land is located, the grassland fire danger index indicates a high, very high, or extreme danger of grassland fire or the Forest Service has declared a very high or extreme fire danger, unless the agency obtains prior approval from the applicable state government and local fire officials. </p> <p>Makes a federal agency that authorizes a prescribed burn liable for any damage to private property, notwithstanding the Federal Tort Claims Act or any state law. </p>]]></text>
          <lastSummaryUpdateDate>2015-08-19T22:05:58Z</lastSummaryUpdateDate>
          <actionDate>2015-04-27</actionDate>
          <actionDesc>Introduced in Senate</actionDesc>
          <name>Introduced in Senate</name>
        </item>
      </billSummaries>
    </summaries>
    <title>Prescribed Burn Approval Act of 2015</title>
    <cboCostEstimates />
    <subjects>
      <billSubjects>
        <policyArea>
          <name>Public Lands and Natural Resources</name>
        </policyArea>
        <legislativeSubjects>
          <item>
            <name>Congressional oversight</name>
          </item>
          <item>
            <name>Fires</name>
          </item>
          <item>
            <name>Forests, forestry, trees</name>
          </item>
          <item>
            <name>Government liability</name>
          </item>
          <item>
            <name>Intergovernmental relations</name>
          </item>
          <item>
            <name>State and local government operations</name>
          </item>
        </legislativeSubjects>
      </billSubjects>
    </subjects>
    <amendments />
    <calendarNumbers />
    <congress>114</congress>
    <titles>
      <item>
        <chamberCode />
        <title>Prescribed Burn Approval Act of 2015</title>
        <chamberName />
        <titleType>Short Titles as Introduced</titleType>
        <parentTitleType />
      </item>
      <item>
        <chamberCode />
        <title>A bill to require State and local government approval of prescribed burns on Federal land during conditions of drought or fire danger.</title>
        <chamberName />
        <titleType>Official Title as Introduced</titleType>
        <parentTitleType />
      </item>
      <item>
        <chamberCode />
        <title>Prescribed Burn Approval Act of 2015</title>
        <chamberName />
        <titleType>Display Title</titleType>
        <parentTitleType />
      </item>
    </titles>
    <originChamber>Senate</originChamber>
  </bill>
  <dublinCore xmlns:dc="http://purl.org/dc/elements/1.1/">
    <dc:format>text/xml</dc:format>
    <dc:language>EN</dc:language>
    <dc:rights>Pursuant to Title 17 Section 105 of the United States Code, this file is not subject to copyright protection and is in the public domain.</dc:rights>
    <dc:contributor>Congressional Research Service, Library of Congress</dc:contributor>
    <dc:description>This file contains bill summaries and statuses for federal legislation. A bill summary describes the most significant provisions of a piece of legislation and details the effects the legislative text may have on current law and federal programs. Bill summaries are authored by the Congressional Research Service (CRS) of the Library of Congress. As stated in Public Law 91-510 (2 USC 166 (d)(6)), one of the duties of CRS is "to prepare summaries and digests of bills and resolutions of a public general nature introduced in the Senate or House of Representatives". For more information, refer to the User Guide that accompanies this file.</dc:description>
  </dublinCore>
</billStatus>

