<?xml version="1.0" encoding="UTF-8"?>
<billStatus>
  <bill>
    <cboCostEstimates />
    <policyArea>
      <name>Transportation and Public Works</name>
    </policyArea>
    <notes />
    <committeeReports />
    <titles>
      <item>
        <chamberName />
        <titleType>Short Titles as Introduced</titleType>
        <parentTitleType />
        <title>Boating Capacity Standards Act of 2015</title>
        <chamberCode />
      </item>
      <item>
        <chamberName />
        <titleType>Official Title as Introduced</titleType>
        <parentTitleType />
        <title>A bill to require all recreational vessels to have and to post passenger capacity limits and for other purposes.</title>
        <chamberCode />
      </item>
      <item>
        <chamberName />
        <titleType>Display Title</titleType>
        <parentTitleType />
        <title>Boating Capacity Standards Act of 2015</title>
        <chamberCode />
      </item>
    </titles>
    <summaries>
      <billSummaries>
        <item>
          <updateDate>2015-05-22T04:00:00Z</updateDate>
          <lastSummaryUpdateDate>2015-06-04T21:27:05Z</lastSummaryUpdateDate>
          <actionDate>2015-05-22</actionDate>
          <text><![CDATA[<p><b>Boating Capacity Standards Act of 2015</b></p> <p> Directs the Commandant of the Coast Guard to: </p> <ul> <li> establish standards for determining the maximum passenger capacity for recreational vessels, expressed in the number of passengers and in pounds; </li> <li> require manufacturers and operators of passenger vessels to permanently display such maximum capacity in a legible manner that is clearly visible to passengers; and </li> <li> require operators to post notice of the need to balance vessel weight to avoid capsizing. </li> </ul> <p>Defines a &quot;recreational vehicle&quot; as any vessel that is manufactured or used primarily for pleasure, excluding any vessel that is subject to Coast Guard inspection and engaged in commercial use.</p>]]></text>
          <name>Introduced in Senate</name>
          <versionCode>00</versionCode>
          <actionDesc>Introduced in Senate</actionDesc>
        </item>
      </billSummaries>
    </summaries>
    <createDate>2015-05-23T08:46:03Z</createDate>
    <recordedVotes />
    <billNumber>1464</billNumber>
    <introducedDate>2015-05-22</introducedDate>
    <relatedBills>
      <item>
        <latestAction>
          <actionDate>2015-06-15</actionDate>
          <text>Referred to the Subcommittee on Water, Power and Oceans.</text>
        </latestAction>
        <congress>114</congress>
        <latestTitle>BOATS Act</latestTitle>
        <relationshipDetails>
          <item>
            <type>Related bill</type>
            <identifiedBy>CRS</identifiedBy>
          </item>
        </relationshipDetails>
        <type>HR</type>
        <number>2700</number>
      </item>
    </relatedBills>
    <updateDate>2016-11-02T23:29:40Z</updateDate>
    <committees>
      <billCommittees>
        <item>
          <chamber>Senate</chamber>
          <type>Standing</type>
          <systemCode>sscm00</systemCode>
          <subcommittees />
          <name>Commerce, Science, and Transportation Committee</name>
          <activities>
            <item>
              <date>2015-05-22T20:30:35Z</date>
              <name>Referred to</name>
            </item>
          </activities>
        </item>
      </billCommittees>
    </committees>
    <congress>114</congress>
    <laws />
    <title>Boating Capacity Standards Act of 2015</title>
    <calendarNumbers />
    <sponsors>
      <item>
        <identifiers>
          <lisID>1036</lisID>
          <gpoId>8279</gpoId>
          <bioguideId>S000148</bioguideId>
        </identifiers>
        <byRequestType />
        <fullName>Sen. Schumer, Charles E. [D-NY]</fullName>
        <firstName>CHARLES</firstName>
        <state>NY</state>
        <bioguideId>S000148</bioguideId>
        <middleName>E.</middleName>
        <party>D</party>
        <lastName>SCHUMER</lastName>
      </item>
    </sponsors>
    <actions>
      <actionTypeCounts>
        <referredToCommittee>1</referredToCommittee>
        <introducedInSenate>1</introducedInSenate>
      </actionTypeCounts>
      <actionByCounts>
        <senate>2</senate>
      </actionByCounts>
      <item>
        <actionDate>2015-05-22</actionDate>
        <committee>
          <name>Commerce, Science, and Transportation Committee</name>
          <systemCode>sscm00</systemCode>
        </committee>
        <links />
        <sourceSystem>
          <name>Senate</name>
          <code>0</code>
        </sourceSystem>
        <text>Read twice and referred to the Committee on Commerce, Science, and Transportation.</text>
        <type>IntroReferral</type>
      </item>
      <item>
        <text>Introduced in Senate</text>
        <sourceSystem>
          <name>Library of Congress</name>
          <code>9</code>
        </sourceSystem>
        <committee />
        <type>IntroReferral</type>
        <links />
        <actionCode>10000</actionCode>
        <actionDate>2015-05-22</actionDate>
      </item>
    </actions>
    <amendments />
    <originChamber>Senate</originChamber>
    <latestAction>
      <text>Read twice and referred to the Committee on Commerce, Science, and Transportation.</text>
      <actionDate>2015-05-22</actionDate>
      <links />
    </latestAction>
    <subjects>
      <billSubjects>
        <legislativeSubjects>
          <item>
            <name>Administrative law and regulatory procedures</name>
          </item>
          <item>
            <name>Coast guard</name>
          </item>
          <item>
            <name>Department of Homeland Security</name>
          </item>
          <item>
            <name>Marine and inland water transportation</name>
          </item>
          <item>
            <name>Outdoor recreation</name>
          </item>
          <item>
            <name>Transportation safety and security</name>
          </item>
        </legislativeSubjects>
        <policyArea>
          <name>Transportation and Public Works</name>
        </policyArea>
      </billSubjects>
    </subjects>
    <cosponsors />
    <billType>S</billType>
  </bill>
  <dublinCore xmlns:dc="http://purl.org/dc/elements/1.1/">
    <dc:format>text/xml</dc:format>
    <dc:language>EN</dc:language>
    <dc:rights>Pursuant to Title 17 Section 105 of the United States Code, this file is not subject to copyright protection and is in the public domain.</dc:rights>
    <dc:contributor>Congressional Research Service, Library of Congress</dc:contributor>
    <dc:description>This file contains bill summaries and statuses for federal legislation. A bill summary describes the most significant provisions of a piece of legislation and details the effects the legislative text may have on current law and federal programs. Bill summaries are authored by the Congressional Research Service (CRS) of the Library of Congress. As stated in Public Law 91-510 (2 USC 166 (d)(6)), one of the duties of CRS is "to prepare summaries and digests of bills and resolutions of a public general nature introduced in the Senate or House of Representatives". For more information, refer to the User Guide that accompanies this file.</dc:description>
  </dublinCore>
</billStatus>

