<?xml version="1.0" encoding="UTF-8"?>
<billStatus>
  <bill>
    <congress>114</congress>
    <calendarNumbers />
    <cboCostEstimates />
    <actions>
      <actionByCounts>
        <houseOfRepresentatives>3</houseOfRepresentatives>
      </actionByCounts>
      <actionTypeCounts>
        <introducedInTheHouse>1</introducedInTheHouse>
        <introducedInHouse>1</introducedInHouse>
        <billReferrals>1</billReferrals>
      </actionTypeCounts>
      <item>
        <type>IntroReferral</type>
        <text>Referred to the House Committee on the Judiciary.</text>
        <actionCode>H11100</actionCode>
        <sourceSystem>
          <name>House floor actions</name>
          <code>2</code>
        </sourceSystem>
        <links />
        <committee>
          <systemCode>hsju00</systemCode>
          <name>Judiciary Committee</name>
        </committee>
        <actionDate>2015-04-21</actionDate>
      </item>
      <item>
        <type>IntroReferral</type>
        <text>Introduced in House</text>
        <actionCode>Intro-H</actionCode>
        <sourceSystem>
          <name>Library of Congress</name>
          <code>9</code>
        </sourceSystem>
        <links />
        <committee />
        <actionDate>2015-04-21</actionDate>
      </item>
      <item>
        <type>IntroReferral</type>
        <text>Introduced in House</text>
        <actionCode>1000</actionCode>
        <sourceSystem>
          <name>Library of Congress</name>
          <code>9</code>
        </sourceSystem>
        <links />
        <committee />
        <actionDate>2015-04-21</actionDate>
      </item>
    </actions>
    <relatedBills />
    <latestAction>
      <text>Referred to the House Committee on the Judiciary.</text>
      <links />
      <actionDate>2015-04-21</actionDate>
    </latestAction>
    <originChamber>House</originChamber>
    <title>Proposing an amendment to the Constitution of the United States giving Congress power to regulate campaign contributions for Federal elections.</title>
    <titles>
      <item>
        <chamberCode />
        <chamberName />
        <parentTitleType />
        <titleType>Official Title as Introduced</titleType>
        <title>Proposing an amendment to the Constitution of the United States giving Congress power to regulate campaign contributions for Federal elections.</title>
      </item>
      <item>
        <chamberCode />
        <chamberName />
        <parentTitleType />
        <titleType>Display Title</titleType>
        <title>Proposing an amendment to the Constitution of the United States giving Congress power to regulate campaign contributions for Federal elections.</title>
      </item>
    </titles>
    <committeeReports />
    <updateDate>2017-01-11T14:35:54Z</updateDate>
    <billType>HJRES</billType>
    <recordedVotes />
    <subjects>
      <billSubjects>
        <legislativeSubjects>
          <item>
            <name>Congressional elections</name>
          </item>
          <item>
            <name>Constitution and constitutional amendments</name>
          </item>
          <item>
            <name>Elections, voting, political campaign regulation</name>
          </item>
          <item>
            <name>First Amendment rights</name>
          </item>
          <item>
            <name>Political advertising</name>
          </item>
          <item>
            <name>State and local government operations</name>
          </item>
        </legislativeSubjects>
        <policyArea>
          <name>Government Operations and Politics</name>
        </policyArea>
      </billSubjects>
    </subjects>
    <policyArea>
      <name>Government Operations and Politics</name>
    </policyArea>
    <laws />
    <amendments />
    <committees>
      <billCommittees>
        <item>
          <chamber>House</chamber>
          <subcommittees />
          <type>Standing</type>
          <name>Judiciary Committee</name>
          <activities>
            <item>
              <name>Referred to</name>
              <date>2015-04-21T16:01:05Z</date>
            </item>
          </activities>
          <systemCode>hsju00</systemCode>
        </item>
      </billCommittees>
    </committees>
    <sponsors>
      <item>
        <identifiers>
          <bioguideId>S001180</bioguideId>
          <lisID>1950</lisID>
          <gpoId>8118</gpoId>
        </identifiers>
        <state>OR</state>
        <bioguideId>S001180</bioguideId>
        <lastName>Schrader</lastName>
        <middleName />
        <party>D</party>
        <district>5</district>
        <fullName>Rep. Schrader, Kurt [D-OR-5]</fullName>
        <byRequestType />
        <firstName>Kurt</firstName>
      </item>
    </sponsors>
    <introducedDate>2015-04-21</introducedDate>
    <summaries>
      <billSummaries>
        <item>
          <actionDate>2015-04-21</actionDate>
          <text><![CDATA[<p><b>Constitutional Amendment</b></p> <p> Gives Congress the power to prohibit, limit, and otherwise regulate the contribution of funds or donation of in-kind equivalents: (1) to candidates standing for election to a federal office in the United States, and (2) prohibit, limit, and otherwise regulate the expenditure of funds or donation of in-kind equivalents used to support or purchase media advertisements intended to influence the outcome of any such election.</p> <p>Gives each of the several states the power to prohibit, limit, and otherwise regulate the contribution of funds or donation of in-kind equivalents: (1) to candidates standing for election to public office in the state, and (2) prohibit, limit, and otherwise regulate expenditure of funds or donation of in-kind equivalents used to support or purchase media advertisements intended to influence the outcome of any such election or plebiscite in the state.</p> <p>Prohibits any person who is not a U.S. citizen or is a foreign government, or acts as an agent of one, from: (1) contributing funds or donating in-kind equivalents to candidates standing for election to public office in the United States, or (2) otherwise expending funds or donating in-kind equivalents in a manner intended to influence the outcome of an election for public office or plebiscite in the United States.</p> <p>States that the powers provided by this amendment are limited to the content neutral regulation of political contributions and political expenditures. </p>]]></text>
          <name>Introduced in House</name>
          <versionCode>00</versionCode>
          <actionDesc>Introduced in House</actionDesc>
          <updateDate>2015-04-21T04:00:00Z</updateDate>
          <lastSummaryUpdateDate>2015-05-07T14:09:41Z</lastSummaryUpdateDate>
        </item>
      </billSummaries>
    </summaries>
    <notes />
    <createDate>2015-04-22T08:46:05Z</createDate>
    <billNumber>46</billNumber>
    <cosponsors />
    <constitutionalAuthorityStatementText><![CDATA[<pre>From the Congressional Record Online through the Government Publishing Office [<a href='http://www.gpo.gov'>www.gpo.gov</a>]By Mr. SCHRADER:H.J. Res. 46.Congress has the power to enact this legislation pursuantto the following:This bill is enacted pursuant to the power granted toCongress under Article V of the United States Constitution.____________________[Page H2356]</pre>]]></constitutionalAuthorityStatementText>
  </bill>
  <dublinCore xmlns:dc="http://purl.org/dc/elements/1.1/">
    <dc:format>text/xml</dc:format>
    <dc:language>EN</dc:language>
    <dc:rights>Pursuant to Title 17 Section 105 of the United States Code, this file is not subject to copyright protection and is in the public domain.</dc:rights>
    <dc:contributor>Congressional Research Service, Library of Congress</dc:contributor>
    <dc:description>This file contains bill summaries and statuses for federal legislation. A bill summary describes the most significant provisions of a piece of legislation and details the effects the legislative text may have on current law and federal programs. Bill summaries are authored by the Congressional Research Service (CRS) of the Library of Congress. As stated in Public Law 91-510 (2 USC 166 (d)(6)), one of the duties of CRS is "to prepare summaries and digests of bills and resolutions of a public general nature introduced in the Senate or House of Representatives". For more information, refer to the User Guide that accompanies this file.</dc:description>
  </dublinCore>
</billStatus>

