<?xml version="1.0" encoding="UTF-8"?>
<billStatus>
  <bill>
    <subjects>
      <billSubjects>
        <legislativeSubjects>
          <item>
            <name>Constitution and constitutional amendments</name>
          </item>
          <item>
            <name>Health care costs and insurance</name>
          </item>
          <item>
            <name>Health care coverage and access</name>
          </item>
          <item>
            <name>Tax administration and collection, taxpayers</name>
          </item>
        </legislativeSubjects>
        <policyArea>
          <name>Taxation</name>
        </policyArea>
      </billSubjects>
    </subjects>
    <actions>
      <actionByCounts>
        <houseOfRepresentatives>4</houseOfRepresentatives>
      </actionByCounts>
      <item>
        <actionDate>2015-01-22</actionDate>
        <committee>
          <systemCode>hsju10</systemCode>
          <name>Constitution and Civil Justice Subcommittee</name>
        </committee>
        <links />
        <sourceSystem>
          <name>House committee actions</name>
          <code>1</code>
        </sourceSystem>
        <text>Referred to the Subcommittee on the Constitution and Civil Justice.</text>
        <type>Committee</type>
      </item>
      <item>
        <committee>
          <systemCode>hsju00</systemCode>
          <name>Judiciary Committee</name>
        </committee>
        <actionCode>H11100</actionCode>
        <type>IntroReferral</type>
        <text>Referred to the House Committee on the Judiciary.</text>
        <actionDate>2015-01-12</actionDate>
        <sourceSystem>
          <name>House floor actions</name>
          <code>2</code>
        </sourceSystem>
        <links />
      </item>
      <item>
        <committee />
        <actionCode>Intro-H</actionCode>
        <type>IntroReferral</type>
        <text>Introduced in House</text>
        <actionDate>2015-01-12</actionDate>
        <sourceSystem>
          <name>Library of Congress</name>
          <code>9</code>
        </sourceSystem>
        <links />
      </item>
      <item>
        <committee />
        <actionCode>1000</actionCode>
        <type>IntroReferral</type>
        <text>Introduced in House</text>
        <actionDate>2015-01-12</actionDate>
        <sourceSystem>
          <name>Library of Congress</name>
          <code>9</code>
        </sourceSystem>
        <links />
      </item>
      <actionTypeCounts>
        <billReferrals>1</billReferrals>
        <placeholderTextForH>1</placeholderTextForH>
        <introducedInHouse>1</introducedInHouse>
        <introducedInTheHouse>1</introducedInTheHouse>
      </actionTypeCounts>
    </actions>
    <policyArea>
      <name>Taxation</name>
    </policyArea>
    <notes />
    <createDate>2015-01-13T04:55:51Z</createDate>
    <title>Proposing an amendment to the Constitution of the United States to limit Congress' power to impose a tax on a failure to purchase goods or services.</title>
    <relatedBills />
    <cosponsors>
      <item>
        <middleName />
        <identifiers>
          <lisID>1933</lisID>
          <gpoId>8021</gpoId>
          <bioguideId>H001045</bioguideId>
        </identifiers>
        <isOriginalCosponsor>True</isOriginalCosponsor>
        <sponsorshipWithdrawnDate />
        <party>R</party>
        <fullName>Rep. Harper, Gregg [R-MS-3]</fullName>
        <state>MS</state>
        <sponsorshipDate>2015-01-12</sponsorshipDate>
        <firstName>Gregg</firstName>
        <lastName>Harper</lastName>
        <district>3</district>
        <bioguideId>H001045</bioguideId>
      </item>
      <item>
        <middleName />
        <identifiers>
          <lisID>2100</lisID>
          <gpoId />
          <bioguideId>L000578</bioguideId>
        </identifiers>
        <isOriginalCosponsor>True</isOriginalCosponsor>
        <sponsorshipWithdrawnDate />
        <party>R</party>
        <fullName>Rep. LaMalfa, Doug [R-CA-1]</fullName>
        <state>CA</state>
        <sponsorshipDate>2015-01-12</sponsorshipDate>
        <firstName>Doug</firstName>
        <lastName>LaMalfa</lastName>
        <district>1</district>
        <bioguideId>L000578</bioguideId>
      </item>
      <item>
        <middleName />
        <identifiers>
          <lisID>2034</lisID>
          <gpoId>8019</gpoId>
          <bioguideId>N000186</bioguideId>
        </identifiers>
        <isOriginalCosponsor>False</isOriginalCosponsor>
        <sponsorshipWithdrawnDate />
        <party>R</party>
        <fullName>Rep. Nunnelee, Alan [R-MS-1]</fullName>
        <state>MS</state>
        <sponsorshipDate>2015-01-14</sponsorshipDate>
        <firstName>Alan</firstName>
        <lastName>Nunnelee</lastName>
        <district>1</district>
        <bioguideId>N000186</bioguideId>
      </item>
    </cosponsors>
    <constitutionalAuthorityStatementText><![CDATA[<pre>From the Congressional Record Online through the Government Publishing Office [<a href='http://www.gpo.gov'>www.gpo.gov</a>]By Mr. PALAZZO:H.J. Res. 20.Congress has the power to enact this legislation pursuantto the following:Article V: The Congress, whenever two thirds of both housesshall deem it necessary, shall propose amendments to thisConstitution, or, on the application of the legislatures oftwo thirds of the several states, shall call a convention forproposing amendments, which, in either case, shall be validto all intents and purposes, as part of this Constitution,when ratified by the legislatures of three fourths of theseveral states, or by conventions in three fourths thereof,as the one or the other mode of ratification may be proposedby the Congress; provided that no amendment which may be madeprior to the year one thousand eight hundred and eight shallin any manner affect the first and fourth clauses in theninth section of the first article; and that no state,without its consent, shall be deprived of its equal suffragein the Senate.____________________[Page H225]</pre>]]></constitutionalAuthorityStatementText>
    <cboCostEstimates />
    <updateDate>2017-01-11T14:35:44Z</updateDate>
    <laws />
    <summaries>
      <billSummaries>
        <item>
          <lastSummaryUpdateDate>2015-02-03T16:42:42Z</lastSummaryUpdateDate>
          <updateDate>2015-01-12T05:00:00Z</updateDate>
          <name>Introduced in House</name>
          <actionDate>2015-01-12</actionDate>
          <text><![CDATA[<p><strong>Constitutional Amendment</strong> </p> <p>Prohibits Congress from making any law that imposes a tax on a failure to purchase goods or services.</p>]]></text>
          <actionDesc>Introduced in House</actionDesc>
          <versionCode>00</versionCode>
        </item>
      </billSummaries>
    </summaries>
    <latestAction>
      <links />
      <actionDate>2015-01-22</actionDate>
      <text>Referred to the Subcommittee on the Constitution and Civil Justice.</text>
    </latestAction>
    <originChamber>House</originChamber>
    <introducedDate>2015-01-12</introducedDate>
    <billNumber>20</billNumber>
    <amendments />
    <billType>HJRES</billType>
    <committees>
      <billCommittees>
        <item>
          <chamber>House</chamber>
          <type>Standing</type>
          <name>Judiciary Committee</name>
          <activities>
            <item>
              <name>Referred to</name>
              <date>2015-01-12T17:02:05Z</date>
            </item>
          </activities>
          <subcommittees>
            <item>
              <name>Constitution and Civil Justice Subcommittee</name>
              <systemCode>hsju10</systemCode>
              <activities>
                <item>
                  <name>Referred to</name>
                  <date>2015-01-22T22:28:45Z</date>
                </item>
              </activities>
            </item>
          </subcommittees>
          <systemCode>hsju00</systemCode>
        </item>
      </billCommittees>
    </committees>
    <calendarNumbers />
    <congress>114</congress>
    <committeeReports />
    <recordedVotes />
    <sponsors>
      <item>
        <lastName>Palazzo</lastName>
        <state>MS</state>
        <byRequestType />
        <firstName>Steven</firstName>
        <bioguideId>P000601</bioguideId>
        <fullName>Rep. Palazzo, Steven M. [R-MS-4]</fullName>
        <identifiers>
          <lisID>2035</lisID>
          <gpoId>8022</gpoId>
          <bioguideId>P000601</bioguideId>
        </identifiers>
        <middleName>M.</middleName>
        <district>4</district>
        <party>R</party>
      </item>
    </sponsors>
    <titles>
      <item>
        <chamberCode />
        <chamberName />
        <parentTitleType />
        <titleType>Official Title as Introduced</titleType>
        <title>Proposing an amendment to the Constitution of the United States to limit Congress' power to impose a tax on a failure to purchase goods or services.</title>
      </item>
      <item>
        <chamberCode />
        <chamberName />
        <parentTitleType />
        <titleType>Display Title</titleType>
        <title>Proposing an amendment to the Constitution of the United States to limit Congress' power to impose a tax on a failure to purchase goods or services.</title>
      </item>
    </titles>
  </bill>
  <dublinCore xmlns:dc="http://purl.org/dc/elements/1.1/">
    <dc:format>text/xml</dc:format>
    <dc:language>EN</dc:language>
    <dc:rights>Pursuant to Title 17 Section 105 of the United States Code, this file is not subject to copyright protection and is in the public domain.</dc:rights>
    <dc:contributor>Congressional Research Service, Library of Congress</dc:contributor>
    <dc:description>This file contains bill summaries and statuses for federal legislation. A bill summary describes the most significant provisions of a piece of legislation and details the effects the legislative text may have on current law and federal programs. Bill summaries are authored by the Congressional Research Service (CRS) of the Library of Congress. As stated in Public Law 91-510 (2 USC 166 (d)(6)), one of the duties of CRS is "to prepare summaries and digests of bills and resolutions of a public general nature introduced in the Senate or House of Representatives". For more information, refer to the User Guide that accompanies this file.</dc:description>
  </dublinCore>
</billStatus>

