<?xml version="1.0" encoding="UTF-8"?>
<billStatus>
  <bill>
    <congress>114</congress>
    <calendarNumbers />
    <cboCostEstimates />
    <actions>
      <item>
        <actionDate>2015-03-17</actionDate>
        <committee>
          <systemCode>hsju10</systemCode>
          <name>Constitution and Civil Justice Subcommittee</name>
        </committee>
        <links />
        <sourceSystem>
          <code>1</code>
          <name>House committee actions</name>
        </sourceSystem>
        <text>Referred to the Subcommittee on the Constitution and Civil Justice.</text>
        <type>Committee</type>
      </item>
      <item>
        <links />
        <type>IntroReferral</type>
        <actionCode>H11100</actionCode>
        <committee>
          <systemCode>hsju00</systemCode>
          <name>Judiciary Committee</name>
        </committee>
        <text>Referred to the House Committee on the Judiciary.</text>
        <sourceSystem>
          <code>2</code>
          <name>House floor actions</name>
        </sourceSystem>
        <actionDate>2015-02-13</actionDate>
      </item>
      <item>
        <links />
        <type>IntroReferral</type>
        <actionCode>Intro-H</actionCode>
        <committee />
        <text>Introduced in House</text>
        <sourceSystem>
          <code>9</code>
          <name>Library of Congress</name>
        </sourceSystem>
        <actionDate>2015-02-13</actionDate>
      </item>
      <item>
        <links />
        <type>IntroReferral</type>
        <actionCode>1000</actionCode>
        <committee />
        <text>Introduced in House</text>
        <sourceSystem>
          <code>9</code>
          <name>Library of Congress</name>
        </sourceSystem>
        <actionDate>2015-02-13</actionDate>
      </item>
      <actionByCounts>
        <houseOfRepresentatives>4</houseOfRepresentatives>
      </actionByCounts>
      <actionTypeCounts>
        <billReferrals>1</billReferrals>
        <introducedInHouse>1</introducedInHouse>
        <placeholderTextForH>1</placeholderTextForH>
        <introducedInTheHouse>1</introducedInTheHouse>
      </actionTypeCounts>
    </actions>
    <relatedBills />
    <latestAction>
      <text>Referred to the Subcommittee on the Constitution and Civil Justice.</text>
      <links />
      <actionDate>2015-03-17</actionDate>
    </latestAction>
    <originChamber>House</originChamber>
    <title>Proposing an amendment to the Constitution of the United States allowing the States to call a limited convention solely for the purposes of considering whether to propose a specific amendment to the Constitution.</title>
    <titles>
      <item>
        <parentTitleType />
        <chamberCode />
        <chamberName />
        <titleType>Official Title as Introduced</titleType>
        <title>Proposing an amendment to the Constitution of the United States allowing the States to call a limited convention solely for the purposes of considering whether to propose a specific amendment to the Constitution.</title>
      </item>
      <item>
        <parentTitleType />
        <chamberCode />
        <chamberName />
        <titleType>Display Title</titleType>
        <title>Proposing an amendment to the Constitution of the United States allowing the States to call a limited convention solely for the purposes of considering whether to propose a specific amendment to the Constitution.</title>
      </item>
    </titles>
    <committeeReports />
    <updateDate>2017-01-11T14:35:49Z</updateDate>
    <billType>HJRES</billType>
    <recordedVotes />
    <subjects>
      <billSubjects>
        <legislativeSubjects>
          <item>
            <name>Constitution and constitutional amendments</name>
          </item>
          <item>
            <name>Intergovernmental relations</name>
          </item>
          <item>
            <name>State and local government operations</name>
          </item>
        </legislativeSubjects>
        <policyArea>
          <name>Law</name>
        </policyArea>
      </billSubjects>
    </subjects>
    <policyArea>
      <name>Law</name>
    </policyArea>
    <laws />
    <amendments />
    <committees>
      <billCommittees>
        <item>
          <name>Judiciary Committee</name>
          <activities>
            <item>
              <name>Referred to</name>
              <date>2015-02-13T14:01:00Z</date>
            </item>
          </activities>
          <subcommittees>
            <item>
              <name>Constitution and Civil Justice Subcommittee</name>
              <activities>
                <item>
                  <name>Referred to</name>
                  <date>2015-03-17T14:59:45Z</date>
                </item>
              </activities>
              <systemCode>hsju10</systemCode>
            </item>
          </subcommittees>
          <chamber>House</chamber>
          <type>Standing</type>
          <systemCode>hsju00</systemCode>
        </item>
      </billCommittees>
    </committees>
    <sponsors>
      <item>
        <identifiers>
          <bioguideId>C001048</bioguideId>
          <gpoId>8163</gpoId>
          <lisID>1670</lisID>
        </identifiers>
        <state>TX</state>
        <bioguideId>C001048</bioguideId>
        <lastName>CULBERSON</lastName>
        <middleName>ABNEY</middleName>
        <party>R</party>
        <district>7</district>
        <fullName>Rep. Culberson, John Abney [R-TX-7]</fullName>
        <byRequestType />
        <firstName>JOHN</firstName>
      </item>
    </sponsors>
    <introducedDate>2015-02-13</introducedDate>
    <summaries>
      <billSummaries>
        <item>
          <actionDesc>Introduced in House</actionDesc>
          <text><![CDATA[<p><strong>Constitutional Amendment</strong></p> <p> Requires Congress, on application of the legislatures of two-thirds of the several states, each of which contains an identical amendment to the Constitution, to call a convention solely to decide whether to propose that specific amendment to the states.</p>]]></text>
          <versionCode>00</versionCode>
          <lastSummaryUpdateDate>2015-03-04T22:41:57Z</lastSummaryUpdateDate>
          <updateDate>2015-02-13T05:00:00Z</updateDate>
          <actionDate>2015-02-13</actionDate>
          <name>Introduced in House</name>
        </item>
      </billSummaries>
    </summaries>
    <notes />
    <createDate>2015-02-14T04:46:16Z</createDate>
    <billNumber>34</billNumber>
    <cosponsors>
      <item>
        <sponsorshipDate>2015-02-13</sponsorshipDate>
        <district>28</district>
        <firstName>Henry</firstName>
        <fullName>Rep. Cuellar, Henry [D-TX-28]</fullName>
        <sponsorshipWithdrawnDate />
        <identifiers>
          <bioguideId>C001063</bioguideId>
          <lisID>1807</lisID>
          <gpoId>8184</gpoId>
        </identifiers>
        <bioguideId>C001063</bioguideId>
        <lastName>Cuellar</lastName>
        <state>TX</state>
        <isOriginalCosponsor>True</isOriginalCosponsor>
        <party>D</party>
        <middleName />
      </item>
    </cosponsors>
    <constitutionalAuthorityStatementText><![CDATA[<pre>From the Congressional Record Online through the Government Publishing Office [<a href='http://www.gpo.gov'>www.gpo.gov</a>]By Mr. CULBERSON:H.J. Res. 34.Congress has the power to enact this legislation pursuantto the following:Article V of the Constitution of the United States.____________________[Page H1071]</pre>]]></constitutionalAuthorityStatementText>
  </bill>
  <dublinCore xmlns:dc="http://purl.org/dc/elements/1.1/">
    <dc:format>text/xml</dc:format>
    <dc:language>EN</dc:language>
    <dc:rights>Pursuant to Title 17 Section 105 of the United States Code, this file is not subject to copyright protection and is in the public domain.</dc:rights>
    <dc:contributor>Congressional Research Service, Library of Congress</dc:contributor>
    <dc:description>This file contains bill summaries and statuses for federal legislation. A bill summary describes the most significant provisions of a piece of legislation and details the effects the legislative text may have on current law and federal programs. Bill summaries are authored by the Congressional Research Service (CRS) of the Library of Congress. As stated in Public Law 91-510 (2 USC 166 (d)(6)), one of the duties of CRS is "to prepare summaries and digests of bills and resolutions of a public general nature introduced in the Senate or House of Representatives". For more information, refer to the User Guide that accompanies this file.</dc:description>
  </dublinCore>
</billStatus>

