<?xml version="1.0" encoding="UTF-8"?>
<billStatus>
  <bill>
    <introducedDate>2016-04-14</introducedDate>
    <committeeReports />
    <laws />
    <createDate>2016-04-15T06:54:11Z</createDate>
    <actions>
      <item>
        <actionDate>2016-04-28</actionDate>
        <committee>
          <systemCode>hsju10</systemCode>
          <name>Constitution and Civil Justice Subcommittee</name>
        </committee>
        <links />
        <sourceSystem>
          <code>1</code>
          <name>House committee actions</name>
        </sourceSystem>
        <text>Referred to the Subcommittee on the Constitution and Civil Justice.</text>
        <type>Committee</type>
      </item>
      <item>
        <sourceSystem>
          <code>2</code>
          <name>House floor actions</name>
        </sourceSystem>
        <type>IntroReferral</type>
        <actionDate>2016-04-14</actionDate>
        <committee>
          <systemCode>hsju00</systemCode>
          <name>Judiciary Committee</name>
        </committee>
        <text>Referred to the House Committee on the Judiciary.</text>
        <actionCode>H11100</actionCode>
        <links />
      </item>
      <item>
        <sourceSystem>
          <code>9</code>
          <name>Library of Congress</name>
        </sourceSystem>
        <type>IntroReferral</type>
        <actionDate>2016-04-14</actionDate>
        <committee />
        <text>Sponsor introductory remarks on measure. (CR  H1688-1689)</text>
        <actionCode>B00100</actionCode>
        <links>
          <link>
            <name>H1688-1689</name>
            <url>https://www.congress.gov/congressional-record/volume-162/house-section/page/H1688-1689</url>
          </link>
        </links>
      </item>
      <item>
        <sourceSystem>
          <code>9</code>
          <name>Library of Congress</name>
        </sourceSystem>
        <type>IntroReferral</type>
        <actionDate>2016-04-14</actionDate>
        <committee />
        <text>Introduced in House</text>
        <actionCode>Intro-H</actionCode>
        <links />
      </item>
      <item>
        <sourceSystem>
          <code>9</code>
          <name>Library of Congress</name>
        </sourceSystem>
        <type>IntroReferral</type>
        <actionDate>2016-04-14</actionDate>
        <committee />
        <text>Introduced in House</text>
        <actionCode>1000</actionCode>
        <links />
      </item>
      <actionByCounts>
        <houseOfRepresentatives>4</houseOfRepresentatives>
      </actionByCounts>
      <actionTypeCounts>
        <introducedInTheHouse>1</introducedInTheHouse>
        <placeholderTextForB>1</placeholderTextForB>
        <introducedInHouse>1</introducedInHouse>
        <billReferrals>1</billReferrals>
        <placeholderTextForH>1</placeholderTextForH>
      </actionTypeCounts>
    </actions>
    <recordedVotes />
    <relatedBills>
      <item>
        <type>HJRES</type>
        <congress>114</congress>
        <number>1</number>
        <latestTitle>Proposing a balanced budget amendment to the Constitution of the United States.</latestTitle>
        <relationshipDetails>
          <item>
            <type>Related bill</type>
            <identifiedBy>CRS</identifiedBy>
          </item>
        </relationshipDetails>
        <latestAction>
          <actionDate>2015-01-12</actionDate>
          <text>Referred to the Subcommittee on the Constitution and Civil Justice.</text>
        </latestAction>
      </item>
      <item>
        <type>HJRES</type>
        <congress>114</congress>
        <number>2</number>
        <latestTitle>Proposing a balanced budget amendment to the Constitution of the United States.</latestTitle>
        <relationshipDetails>
          <item>
            <type>Related bill</type>
            <identifiedBy>CRS</identifiedBy>
          </item>
        </relationshipDetails>
        <latestAction>
          <actionDate>2015-01-12</actionDate>
          <text>Referred to the Subcommittee on the Constitution and Civil Justice.</text>
        </latestAction>
      </item>
      <item>
        <type>HJRES</type>
        <congress>114</congress>
        <number>12</number>
        <latestTitle>Proposing a balanced budget amendment to the Constitution of the United States.</latestTitle>
        <relationshipDetails>
          <item>
            <type>Related bill</type>
            <identifiedBy>CRS</identifiedBy>
          </item>
        </relationshipDetails>
        <latestAction>
          <actionDate>2015-01-12</actionDate>
          <text>Referred to the Subcommittee on the Constitution and Civil Justice.</text>
        </latestAction>
      </item>
    </relatedBills>
    <cosponsors />
    <billNumber>86</billNumber>
    <amendments />
    <subjects>
      <billSubjects>
        <policyArea>
          <name>Economics and Public Finance</name>
        </policyArea>
        <legislativeSubjects>
          <item>
            <name>Budget deficits and national debt</name>
          </item>
          <item>
            <name>Constitution and constitutional amendments</name>
          </item>
          <item>
            <name>Disability assistance</name>
          </item>
          <item>
            <name>Government trust funds</name>
          </item>
          <item>
            <name>Legislative rules and procedure</name>
          </item>
          <item>
            <name>Social security and elderly assistance</name>
          </item>
        </legislativeSubjects>
      </billSubjects>
    </subjects>
    <sponsors>
      <item>
        <party>D</party>
        <state>OR</state>
        <middleName>A.</middleName>
        <bioguideId>D000191</bioguideId>
        <lastName>DEFAZIO</lastName>
        <firstName>PETER</firstName>
        <identifiers>
          <lisID>279</lisID>
          <gpoId>8117</gpoId>
          <bioguideId>D000191</bioguideId>
        </identifiers>
        <fullName>Rep. DeFazio, Peter A. [D-OR-4]</fullName>
        <district>4</district>
        <byRequestType />
      </item>
    </sponsors>
    <summaries>
      <billSummaries>
        <item>
          <lastSummaryUpdateDate>2016-04-19T20:37:56Z</lastSummaryUpdateDate>
          <actionDate>2016-04-14</actionDate>
          <text><![CDATA[<p><b>Constitutional Amendment</b> </p> <p>This joint resolution proposes a constitutional amendment prohibiting total outlays for a fiscal year from exceeding total receipts for that fiscal year, unless three-fifths of each chamber of Congress authorizes the excess with a rollcall vote. The authorization must include an adequate increase in the debt limit for the specific excess of outlays. The prohibition excludes outlays for repayment of debt principal and receipts derived from borrowing. </p> <p>The President must submit a balanced budget to Congress annually.</p> <p> Total outlays for the Social Security trust funds over 75 years must not exceed total receipts for 75 years, unless three-fifths of each chamber of Congress authorizes the specific excess by a rollcall vote. </p> <p>Congress may waive the requirements by a rollcall vote for any year in which a declaration of war is in effect. The waiver must: (1) identify and be limited to the outlays necessary for the war, and (2) include an adequate increase in the debt limit for the specific excess of outlays. </p>]]></text>
          <updateDate>2016-04-14T04:00:00Z</updateDate>
          <name>Introduced in House</name>
          <versionCode>00</versionCode>
          <actionDesc>Introduced in House</actionDesc>
        </item>
      </billSummaries>
    </summaries>
    <constitutionalAuthorityStatementText><![CDATA[<pre>From the Congressional Record Online through the Government Publishing Office [<a href='http://www.gpo.gov'>www.gpo.gov</a>]By Mr. DeFAZIO:H.J. Res. 86.Congress has the power to enact this legislation pursuantto the following:Article I, Section 8, Clause 18 (relating to the power tomake all laws necessary and proper for carrying out thepowers vested in Congress)____________________[Page H1737]</pre>]]></constitutionalAuthorityStatementText>
    <billType>HJRES</billType>
    <title>Proposing an amendment to the Constitution of the United States to provide for balanced budgets for the Government.</title>
    <policyArea>
      <name>Economics and Public Finance</name>
    </policyArea>
    <congress>114</congress>
    <latestAction>
      <text>Referred to the Subcommittee on the Constitution and Civil Justice.</text>
      <actionDate>2016-04-28</actionDate>
      <links />
    </latestAction>
    <cboCostEstimates />
    <originChamber>House</originChamber>
    <notes />
    <committees>
      <billCommittees>
        <item>
          <subcommittees>
            <item>
              <activities>
                <item>
                  <date>2016-04-28T21:59:26Z</date>
                  <name>Referred to</name>
                </item>
              </activities>
              <name>Constitution and Civil Justice Subcommittee</name>
              <systemCode>hsju10</systemCode>
            </item>
          </subcommittees>
          <name>Judiciary Committee</name>
          <systemCode>hsju00</systemCode>
          <type>Standing</type>
          <activities>
            <item>
              <date>2016-04-14T14:01:30Z</date>
              <name>Referred to</name>
            </item>
          </activities>
          <chamber>House</chamber>
        </item>
      </billCommittees>
    </committees>
    <calendarNumbers />
    <updateDate>2017-01-11T14:36:08Z</updateDate>
    <titles>
      <item>
        <chamberName />
        <title>Proposing an amendment to the Constitution of the United States to provide for balanced budgets for the Government.</title>
        <titleType>Official Title as Introduced</titleType>
        <parentTitleType />
        <chamberCode />
      </item>
      <item>
        <chamberName />
        <title>Proposing an amendment to the Constitution of the United States to provide for balanced budgets for the Government.</title>
        <titleType>Display Title</titleType>
        <parentTitleType />
        <chamberCode />
      </item>
    </titles>
  </bill>
  <dublinCore xmlns:dc="http://purl.org/dc/elements/1.1/">
    <dc:format>text/xml</dc:format>
    <dc:language>EN</dc:language>
    <dc:rights>Pursuant to Title 17 Section 105 of the United States Code, this file is not subject to copyright protection and is in the public domain.</dc:rights>
    <dc:contributor>Congressional Research Service, Library of Congress</dc:contributor>
    <dc:description>This file contains bill summaries and statuses for federal legislation. A bill summary describes the most significant provisions of a piece of legislation and details the effects the legislative text may have on current law and federal programs. Bill summaries are authored by the Congressional Research Service (CRS) of the Library of Congress. As stated in Public Law 91-510 (2 USC 166 (d)(6)), one of the duties of CRS is "to prepare summaries and digests of bills and resolutions of a public general nature introduced in the Senate or House of Representatives". For more information, refer to the User Guide that accompanies this file.</dc:description>
  </dublinCore>
</billStatus>

