<?xml version="1.0" encoding="UTF-8"?>
<billStatus>
  <bill>
    <congress>114</congress>
    <calendarNumbers />
    <cboCostEstimates />
    <actions>
      <item>
        <sourceSystem>
          <code>2</code>
          <name>House floor actions</name>
        </sourceSystem>
        <type>IntroReferral</type>
        <actionDate>2016-02-25</actionDate>
        <committee>
          <systemCode>hsfa00</systemCode>
          <name>Foreign Affairs Committee</name>
        </committee>
        <text>Referred to the House Committee on Foreign Affairs.</text>
        <actionCode>H11100</actionCode>
        <links />
      </item>
      <item>
        <sourceSystem>
          <code>9</code>
          <name>Library of Congress</name>
        </sourceSystem>
        <type>IntroReferral</type>
        <actionDate>2016-02-25</actionDate>
        <committee />
        <text>Sponsor introductory remarks on measure. (CR E229)</text>
        <actionCode>B00100</actionCode>
        <links>
          <link>
            <name>E229</name>
            <url>https://www.congress.gov/congressional-record/volume-162/extensions-of-remarks-section/page/E229</url>
          </link>
        </links>
      </item>
      <item>
        <sourceSystem>
          <code>9</code>
          <name>Library of Congress</name>
        </sourceSystem>
        <type>IntroReferral</type>
        <actionDate>2016-02-25</actionDate>
        <committee />
        <text>Introduced in House</text>
        <actionCode>Intro-H</actionCode>
        <links />
      </item>
      <item>
        <sourceSystem>
          <code>9</code>
          <name>Library of Congress</name>
        </sourceSystem>
        <type>IntroReferral</type>
        <actionDate>2016-02-25</actionDate>
        <committee />
        <text>Introduced in House</text>
        <actionCode>1000</actionCode>
        <links />
      </item>
      <actionByCounts>
        <houseOfRepresentatives>3</houseOfRepresentatives>
      </actionByCounts>
      <actionTypeCounts>
        <introducedInTheHouse>1</introducedInTheHouse>
        <placeholderTextForB>1</placeholderTextForB>
        <introducedInHouse>1</introducedInHouse>
        <billReferrals>1</billReferrals>
      </actionTypeCounts>
    </actions>
    <relatedBills>
      <item>
        <congress>114</congress>
        <number>30</number>
        <latestTitle>A joint resolution relating to the disapproval of the proposed foreign military sale to the Government of Pakistan of F-16 Block 52 aircraft.</latestTitle>
        <latestAction>
          <actionDate>2016-02-24</actionDate>
          <text>Read twice and referred to the Committee on Foreign Relations.</text>
        </latestAction>
        <type>SJRES</type>
        <relationshipDetails>
          <item>
            <identifiedBy>CRS</identifiedBy>
            <type>Related bill</type>
          </item>
        </relationshipDetails>
      </item>
      <item>
        <congress>114</congress>
        <number>31</number>
        <latestTitle>A joint resolution relating to the disapproval of the proposed foreign military sale to the Government of Pakistan of F-16 Block 52 aircraft.</latestTitle>
        <latestAction>
          <actionDate>2016-03-10</actionDate>
          <text>Motion to table the motion to discharge Committee on Foreign Relations agreed to in Senate by Yea-Nay Vote. 71 - 24. Record Vote Number: 35. (consideration: CR S1423-1424)</text>
        </latestAction>
        <type>SJRES</type>
        <relationshipDetails>
          <item>
            <identifiedBy>CRS</identifiedBy>
            <type>Related bill</type>
          </item>
        </relationshipDetails>
      </item>
    </relatedBills>
    <latestAction>
      <text>Referred to the House Committee on Foreign Affairs.</text>
      <links />
      <actionDate>2016-02-25</actionDate>
    </latestAction>
    <originChamber>House</originChamber>
    <title>Relating to the disapproval of the proposed foreign military sale to the Government of Pakistan of F-16 Block 52 aircraft.</title>
    <titles>
      <item>
        <chamberCode />
        <title>Relating to the disapproval of the proposed foreign military sale to the Government of Pakistan of F-16 Block 52 aircraft.</title>
        <parentTitleType />
        <titleType>Official Title as Introduced</titleType>
        <chamberName />
      </item>
      <item>
        <chamberCode />
        <title>Relating to the disapproval of the proposed foreign military sale to the Government of Pakistan of F-16 Block 52 aircraft.</title>
        <parentTitleType />
        <titleType>Display Title</titleType>
        <chamberName />
      </item>
    </titles>
    <committeeReports />
    <updateDate>2017-01-11T14:36:07Z</updateDate>
    <billType>HJRES</billType>
    <recordedVotes />
    <subjects>
      <billSubjects>
        <legislativeSubjects>
          <item>
            <name>Asia</name>
          </item>
          <item>
            <name>Congressional oversight</name>
          </item>
          <item>
            <name>Military assistance, sales, and agreements</name>
          </item>
          <item>
            <name>Pakistan</name>
          </item>
        </legislativeSubjects>
        <policyArea>
          <name>International Affairs</name>
        </policyArea>
      </billSubjects>
    </subjects>
    <policyArea>
      <name>International Affairs</name>
    </policyArea>
    <laws />
    <amendments />
    <committees>
      <billCommittees>
        <item>
          <activities>
            <item>
              <name>Referred to</name>
              <date>2016-02-25T15:04:00Z</date>
            </item>
          </activities>
          <chamber>House</chamber>
          <systemCode>hsfa00</systemCode>
          <name>Foreign Affairs Committee</name>
          <subcommittees />
          <type>Standing</type>
        </item>
      </billCommittees>
    </committees>
    <sponsors>
      <item>
        <identifiers>
          <lisID>979</lisID>
          <gpoId>7851</gpoId>
          <bioguideId>R000409</bioguideId>
        </identifiers>
        <state>CA</state>
        <bioguideId>R000409</bioguideId>
        <lastName>ROHRABACHER</lastName>
        <middleName />
        <party>R</party>
        <district>48</district>
        <fullName>Rep. Rohrabacher, Dana [R-CA-48]</fullName>
        <byRequestType />
        <firstName>DANA</firstName>
      </item>
    </sponsors>
    <introducedDate>2016-02-25</introducedDate>
    <summaries>
      <billSummaries>
        <item>
          <actionDesc>Introduced in House</actionDesc>
          <name>Introduced in House</name>
          <actionDate>2016-02-25</actionDate>
          <lastSummaryUpdateDate>2016-03-01T15:12:45Z</lastSummaryUpdateDate>
          <updateDate>2016-02-25T05:00:00Z</updateDate>
          <versionCode>00</versionCode>
          <text><![CDATA[<p>This joint resolution prohibits the issuance of a letter of offer with respect to any of the following proposed sales to Pakistan in Transmittal Numbered 15-80, including related defense articles and defense services: </p> <ul> <li>8 F-16 Block 52 aircraft with the Fl00-PW-229 increased performance engine,</li> <li>14 Joint Helmet Mounted Cueing Systems,</li> <li>8 AN/APG-68(V)9 radars, and </li> <li>8 ALQ-211(V)9 Advanced Integrated Defensive Electronic Warfare Suites.</li> </ul>]]></text>
        </item>
      </billSummaries>
    </summaries>
    <notes />
    <createDate>2016-02-26T05:17:24Z</createDate>
    <billNumber>82</billNumber>
    <cosponsors />
    <constitutionalAuthorityStatementText><![CDATA[<pre>From the Congressional Record Online through the Government Publishing Office [<a href='http://www.gpo.gov'>www.gpo.gov</a>]By Mr. ROHRABACHER:H.J. Res. 82.Congress has the power to enact this legislation pursuantto the following:Article I, Section 8, Clause 3.____________________[Page H950]</pre>]]></constitutionalAuthorityStatementText>
  </bill>
  <dublinCore xmlns:dc="http://purl.org/dc/elements/1.1/">
    <dc:format>text/xml</dc:format>
    <dc:language>EN</dc:language>
    <dc:rights>Pursuant to Title 17 Section 105 of the United States Code, this file is not subject to copyright protection and is in the public domain.</dc:rights>
    <dc:contributor>Congressional Research Service, Library of Congress</dc:contributor>
    <dc:description>This file contains bill summaries and statuses for federal legislation. A bill summary describes the most significant provisions of a piece of legislation and details the effects the legislative text may have on current law and federal programs. Bill summaries are authored by the Congressional Research Service (CRS) of the Library of Congress. As stated in Public Law 91-510 (2 USC 166 (d)(6)), one of the duties of CRS is "to prepare summaries and digests of bills and resolutions of a public general nature introduced in the Senate or House of Representatives". For more information, refer to the User Guide that accompanies this file.</dc:description>
  </dublinCore>
</billStatus>

