<?xml version="1.0" encoding="UTF-8"?>
<billStatus>
  <bill>
    <congress>114</congress>
    <billNumber>48</billNumber>
    <cosponsors>
      <item>
        <sponsorshipDate>2015-04-28</sponsorshipDate>
        <district>2</district>
        <firstName>Mark</firstName>
        <fullName>Rep. Pocan, Mark [D-WI-2]</fullName>
        <sponsorshipWithdrawnDate />
        <identifiers>
          <gpoId />
          <bioguideId>P000607</bioguideId>
          <lisID>2171</lisID>
        </identifiers>
        <bioguideId>P000607</bioguideId>
        <lastName>Pocan</lastName>
        <state>WI</state>
        <isOriginalCosponsor>True</isOriginalCosponsor>
        <party>D</party>
        <middleName />
      </item>
      <item>
        <sponsorshipDate>2015-04-28</sponsorshipDate>
        <district>17</district>
        <firstName>Matt</firstName>
        <fullName>Rep. Cartwright, Matt [D-PA-17]</fullName>
        <sponsorshipWithdrawnDate />
        <identifiers>
          <lisID>2159</lisID>
          <gpoId />
          <bioguideId>C001090</bioguideId>
        </identifiers>
        <bioguideId>C001090</bioguideId>
        <lastName>Cartwright</lastName>
        <state>PA</state>
        <isOriginalCosponsor>True</isOriginalCosponsor>
        <party>D</party>
        <middleName />
      </item>
      <item>
        <sponsorshipDate>2015-04-28</sponsorshipDate>
        <district>2</district>
        <firstName>Jared</firstName>
        <fullName>Rep. Huffman, Jared [D-CA-2]</fullName>
        <sponsorshipWithdrawnDate />
        <identifiers>
          <lisID>2101</lisID>
          <gpoId />
          <bioguideId>H001068</bioguideId>
        </identifiers>
        <bioguideId>H001068</bioguideId>
        <lastName>Huffman</lastName>
        <state>CA</state>
        <isOriginalCosponsor>True</isOriginalCosponsor>
        <party>D</party>
        <middleName />
      </item>
      <item>
        <sponsorshipDate>2015-04-28</sponsorshipDate>
        <district>5</district>
        <firstName>Keith</firstName>
        <fullName>Rep. Ellison, Keith [D-MN-5]</fullName>
        <sponsorshipWithdrawnDate />
        <identifiers>
          <lisID>1857</lisID>
          <gpoId>8005</gpoId>
          <bioguideId>E000288</bioguideId>
        </identifiers>
        <bioguideId>E000288</bioguideId>
        <lastName>Ellison</lastName>
        <state>MN</state>
        <isOriginalCosponsor>True</isOriginalCosponsor>
        <party>D</party>
        <middleName />
      </item>
      <item>
        <sponsorshipDate>2015-04-28</sponsorshipDate>
        <district>3</district>
        <firstName>Raul</firstName>
        <fullName>Rep. Grijalva, Raul M. [D-AZ-3]</fullName>
        <sponsorshipWithdrawnDate />
        <identifiers>
          <bioguideId>G000551</bioguideId>
          <lisID>1708</lisID>
          <gpoId>7804</gpoId>
        </identifiers>
        <bioguideId>G000551</bioguideId>
        <lastName>Grijalva</lastName>
        <state>AZ</state>
        <isOriginalCosponsor>True</isOriginalCosponsor>
        <party>D</party>
        <middleName>M.</middleName>
      </item>
      <item>
        <sponsorshipDate>2015-06-25</sponsorshipDate>
        <district>3</district>
        <firstName>EARL</firstName>
        <fullName>Rep. Blumenauer, Earl [D-OR-3]</fullName>
        <sponsorshipWithdrawnDate />
        <identifiers>
          <gpoId>8116</gpoId>
          <bioguideId>B000574</bioguideId>
          <lisID>99</lisID>
        </identifiers>
        <bioguideId>B000574</bioguideId>
        <lastName>BLUMENAUER</lastName>
        <state>OR</state>
        <isOriginalCosponsor>False</isOriginalCosponsor>
        <party>D</party>
        <middleName />
      </item>
      <item>
        <sponsorshipDate>2015-07-23</sponsorshipDate>
        <district>4</district>
        <firstName>PETER</firstName>
        <fullName>Rep. DeFazio, Peter A. [D-OR-4]</fullName>
        <sponsorshipWithdrawnDate />
        <identifiers>
          <bioguideId>D000191</bioguideId>
          <gpoId>8117</gpoId>
          <lisID>279</lisID>
        </identifiers>
        <bioguideId>D000191</bioguideId>
        <lastName>DEFAZIO</lastName>
        <state>OR</state>
        <isOriginalCosponsor>False</isOriginalCosponsor>
        <party>D</party>
        <middleName>A.</middleName>
      </item>
      <item>
        <sponsorshipDate>2015-07-23</sponsorshipDate>
        <district>25</district>
        <firstName>LOUISE</firstName>
        <fullName>Rep. Slaughter, Louise McIntosh [D-NY-25]</fullName>
        <sponsorshipWithdrawnDate />
        <identifiers>
          <lisID>1069</lisID>
          <gpoId>8089</gpoId>
          <bioguideId>S000480</bioguideId>
        </identifiers>
        <bioguideId>S000480</bioguideId>
        <lastName>SLAUGHTER</lastName>
        <state>NY</state>
        <isOriginalCosponsor>False</isOriginalCosponsor>
        <party>D</party>
        <middleName>M.</middleName>
      </item>
      <item>
        <sponsorshipDate>2015-09-18</sponsorshipDate>
        <district>4</district>
        <firstName>BETTY</firstName>
        <fullName>Rep. McCollum, Betty [D-MN-4]</fullName>
        <sponsorshipWithdrawnDate />
        <identifiers>
          <gpoId>8004</gpoId>
          <bioguideId>M001143</bioguideId>
          <lisID>1653</lisID>
        </identifiers>
        <bioguideId>M001143</bioguideId>
        <lastName>MCCOLLUM</lastName>
        <state>MN</state>
        <isOriginalCosponsor>False</isOriginalCosponsor>
        <party>D</party>
        <middleName />
      </item>
      <item>
        <sponsorshipDate>2015-10-09</sponsorshipDate>
        <district>41</district>
        <firstName>Mark</firstName>
        <fullName>Rep. Takano, Mark [D-CA-41]</fullName>
        <sponsorshipWithdrawnDate />
        <identifiers>
          <lisID>2110</lisID>
          <gpoId />
          <bioguideId>T000472</bioguideId>
        </identifiers>
        <bioguideId>T000472</bioguideId>
        <lastName>Takano</lastName>
        <state>CA</state>
        <isOriginalCosponsor>False</isOriginalCosponsor>
        <party>D</party>
        <middleName />
      </item>
      <item>
        <sponsorshipDate>2015-10-22</sponsorshipDate>
        <district>7</district>
        <firstName>DANNY</firstName>
        <fullName>Rep. Davis, Danny K. [D-IL-7]</fullName>
        <sponsorshipWithdrawnDate />
        <identifiers>
          <lisID>1477</lisID>
          <gpoId>7927</gpoId>
          <bioguideId>D000096</bioguideId>
        </identifiers>
        <bioguideId>D000096</bioguideId>
        <lastName>DAVIS</lastName>
        <state>IL</state>
        <isOriginalCosponsor>False</isOriginalCosponsor>
        <party>D</party>
        <middleName>K.</middleName>
      </item>
      <item>
        <sponsorshipDate>2015-10-22</sponsorshipDate>
        <district>13</district>
        <firstName>BARBARA</firstName>
        <fullName>Rep. Lee, Barbara [D-CA-13]</fullName>
        <sponsorshipWithdrawnDate />
        <identifiers>
          <lisID>1501</lisID>
          <gpoId>7814</gpoId>
          <bioguideId>L000551</bioguideId>
        </identifiers>
        <bioguideId>L000551</bioguideId>
        <lastName>LEE</lastName>
        <state>CA</state>
        <isOriginalCosponsor>False</isOriginalCosponsor>
        <party>D</party>
        <middleName />
      </item>
      <item>
        <sponsorshipDate>2015-10-28</sponsorshipDate>
        <district>7</district>
        <firstName>MICHAEL</firstName>
        <fullName>Rep. Capuano, Michael E. [D-MA-7]</fullName>
        <sponsorshipWithdrawnDate />
        <identifiers>
          <lisID>1564</lisID>
          <gpoId>7973</gpoId>
          <bioguideId>C001037</bioguideId>
        </identifiers>
        <bioguideId>C001037</bioguideId>
        <lastName>CAPUANO</lastName>
        <state>MA</state>
        <isOriginalCosponsor>False</isOriginalCosponsor>
        <party>D</party>
        <middleName>E.</middleName>
      </item>
      <item>
        <sponsorshipDate>2015-11-05</sponsorshipDate>
        <district>3</district>
        <firstName>WALTER</firstName>
        <fullName>Rep. Jones, Walter B., Jr. [R-NC-3]</fullName>
        <sponsorshipWithdrawnDate />
        <identifiers>
          <lisID>612</lisID>
          <gpoId>8026</gpoId>
          <bioguideId>J000255</bioguideId>
        </identifiers>
        <bioguideId>J000255</bioguideId>
        <lastName>JONES</lastName>
        <state>NC</state>
        <isOriginalCosponsor>False</isOriginalCosponsor>
        <party>R</party>
        <middleName>B.</middleName>
      </item>
      <item>
        <sponsorshipDate>2016-05-12</sponsorshipDate>
        <district>7</district>
        <firstName>Ed</firstName>
        <fullName>Rep. Perlmutter, Ed [D-CO-7]</fullName>
        <sponsorshipWithdrawnDate />
        <identifiers>
          <lisID>1835</lisID>
          <gpoId>7865</gpoId>
          <bioguideId>P000593</bioguideId>
        </identifiers>
        <bioguideId>P000593</bioguideId>
        <lastName>Perlmutter</lastName>
        <state>CO</state>
        <isOriginalCosponsor>False</isOriginalCosponsor>
        <party>D</party>
        <middleName />
      </item>
      <item>
        <sponsorshipDate>2016-05-12</sponsorshipDate>
        <district>9</district>
        <firstName>MARCY</firstName>
        <fullName>Rep. Kaptur, Marcy [D-OH-9]</fullName>
        <sponsorshipWithdrawnDate />
        <identifiers>
          <bioguideId>K000009</bioguideId>
          <lisID>616</lisID>
          <gpoId>8099</gpoId>
        </identifiers>
        <bioguideId>K000009</bioguideId>
        <lastName>KAPTUR</lastName>
        <state>OH</state>
        <isOriginalCosponsor>False</isOriginalCosponsor>
        <party>D</party>
        <middleName />
      </item>
      <item>
        <sponsorshipDate>2016-05-12</sponsorshipDate>
        <district>7</district>
        <firstName>JIM</firstName>
        <fullName>Rep. McDermott, Jim [D-WA-7]</fullName>
        <sponsorshipWithdrawnDate />
        <identifiers>
          <lisID>766</lisID>
          <gpoId>8211</gpoId>
          <bioguideId>M000404</bioguideId>
        </identifiers>
        <bioguideId>M000404</bioguideId>
        <lastName>MCDERMOTT</lastName>
        <state>WA</state>
        <isOriginalCosponsor>False</isOriginalCosponsor>
        <party>D</party>
        <middleName />
      </item>
      <item>
        <sponsorshipDate>2016-06-08</sponsorshipDate>
        <district>13</district>
        <firstName>JOHN</firstName>
        <fullName>Rep. Conyers, John, Jr. [D-MI-13]</fullName>
        <sponsorshipWithdrawnDate />
        <identifiers>
          <lisID>229</lisID>
          <gpoId>7999</gpoId>
          <bioguideId>C000714</bioguideId>
        </identifiers>
        <bioguideId>C000714</bioguideId>
        <lastName>CONYERS</lastName>
        <state>MI</state>
        <isOriginalCosponsor>False</isOriginalCosponsor>
        <party>D</party>
        <middleName />
      </item>
      <item>
        <sponsorshipDate>2016-06-09</sponsorshipDate>
        <district>16</district>
        <firstName>Beto</firstName>
        <fullName>Rep. O'Rourke, Beto [D-TX-16]</fullName>
        <sponsorshipWithdrawnDate />
        <identifiers>
          <bioguideId>O000170</bioguideId>
          <gpoId />
          <lisID>2162</lisID>
        </identifiers>
        <bioguideId>O000170</bioguideId>
        <lastName>O'Rourke</lastName>
        <state>TX</state>
        <isOriginalCosponsor>False</isOriginalCosponsor>
        <party>D</party>
        <middleName />
      </item>
      <item>
        <sponsorshipDate>2016-06-10</sponsorshipDate>
        <district>11</district>
        <firstName>Mark</firstName>
        <fullName>Rep. DeSaulnier, Mark [D-CA-11]</fullName>
        <sponsorshipWithdrawnDate />
        <identifiers>
          <lisID>2227</lisID>
          <gpoId />
          <bioguideId>D000623</bioguideId>
        </identifiers>
        <bioguideId>D000623</bioguideId>
        <lastName>DeSaulnier</lastName>
        <state>CA</state>
        <isOriginalCosponsor>False</isOriginalCosponsor>
        <party>D</party>
        <middleName />
      </item>
      <item>
        <sponsorshipDate>2016-07-06</sponsorshipDate>
        <district>33</district>
        <firstName>Ted</firstName>
        <fullName>Rep. Lieu, Ted [D-CA-33]</fullName>
        <sponsorshipWithdrawnDate />
        <identifiers>
          <lisID>2230</lisID>
          <gpoId />
          <bioguideId>L000582</bioguideId>
        </identifiers>
        <bioguideId>L000582</bioguideId>
        <lastName>Lieu</lastName>
        <state>CA</state>
        <isOriginalCosponsor>False</isOriginalCosponsor>
        <party>D</party>
        <middleName />
      </item>
      <item>
        <sponsorshipDate>2016-09-07</sponsorshipDate>
        <district>27</district>
        <firstName>Judy</firstName>
        <fullName>Rep. Chu, Judy [D-CA-27]</fullName>
        <sponsorshipWithdrawnDate />
        <identifiers>
          <lisID>1970</lisID>
          <gpoId>7837</gpoId>
          <bioguideId>C001080</bioguideId>
        </identifiers>
        <bioguideId>C001080</bioguideId>
        <lastName>Chu</lastName>
        <state>CA</state>
        <isOriginalCosponsor>False</isOriginalCosponsor>
        <party>D</party>
        <middleName />
      </item>
      <item>
        <sponsorshipDate>2016-12-13</sponsorshipDate>
        <district>2</district>
        <firstName>Tulsi</firstName>
        <fullName>Rep. Gabbard, Tulsi [D-HI-2]</fullName>
        <sponsorshipWithdrawnDate />
        <identifiers>
          <lisID>2122</lisID>
          <gpoId />
          <bioguideId>G000571</bioguideId>
        </identifiers>
        <bioguideId>G000571</bioguideId>
        <lastName>Gabbard</lastName>
        <state>HI</state>
        <isOriginalCosponsor>False</isOriginalCosponsor>
        <party>D</party>
        <middleName />
      </item>
    </cosponsors>
    <subjects>
      <billSubjects>
        <policyArea>
          <name>Civil Rights and Liberties, Minority Issues</name>
        </policyArea>
        <legislativeSubjects>
          <item>
            <name>Constitution and constitutional amendments</name>
          </item>
          <item>
            <name>Corporate finance and management</name>
          </item>
          <item>
            <name>Elections, voting, political campaign regulation</name>
          </item>
          <item>
            <name>First Amendment rights</name>
          </item>
          <item>
            <name>Political advertising</name>
          </item>
        </legislativeSubjects>
      </billSubjects>
    </subjects>
    <relatedBills />
    <constitutionalAuthorityStatementText><![CDATA[<pre>From the Congressional Record Online through the Government Publishing Office [<a href='http://www.gpo.gov'>www.gpo.gov</a>]By Mr. NOLAN:H.J. Res. 48.Congress has the power to enact this legislation pursuantto the following:Article 1, Section 4 of the U.S. Constitution____________________[Page H2499]</pre>]]></constitutionalAuthorityStatementText>
    <updateDate>2017-01-11T14:35:55Z</updateDate>
    <actions>
      <actionByCounts>
        <houseOfRepresentatives>4</houseOfRepresentatives>
      </actionByCounts>
      <item>
        <actionDate>2015-05-15</actionDate>
        <committee>
          <systemCode>hsju10</systemCode>
          <name>Constitution and Civil Justice Subcommittee</name>
        </committee>
        <links />
        <sourceSystem>
          <name>House committee actions</name>
          <code>1</code>
        </sourceSystem>
        <text>Referred to the Subcommittee on the Constitution and Civil Justice.</text>
        <type>Committee</type>
      </item>
      <item>
        <committee>
          <systemCode>hsju00</systemCode>
          <name>Judiciary Committee</name>
        </committee>
        <actionCode>H11100</actionCode>
        <type>IntroReferral</type>
        <text>Referred to the House Committee on the Judiciary.</text>
        <actionDate>2015-04-28</actionDate>
        <sourceSystem>
          <name>House floor actions</name>
          <code>2</code>
        </sourceSystem>
        <links />
      </item>
      <item>
        <committee />
        <actionCode>Intro-H</actionCode>
        <type>IntroReferral</type>
        <text>Introduced in House</text>
        <actionDate>2015-04-28</actionDate>
        <sourceSystem>
          <name>Library of Congress</name>
          <code>9</code>
        </sourceSystem>
        <links />
      </item>
      <item>
        <committee />
        <actionCode>1000</actionCode>
        <type>IntroReferral</type>
        <text>Introduced in House</text>
        <actionDate>2015-04-28</actionDate>
        <sourceSystem>
          <name>Library of Congress</name>
          <code>9</code>
        </sourceSystem>
        <links />
      </item>
      <actionTypeCounts>
        <billReferrals>1</billReferrals>
        <placeholderTextForH>1</placeholderTextForH>
        <introducedInHouse>1</introducedInHouse>
        <introducedInTheHouse>1</introducedInTheHouse>
      </actionTypeCounts>
    </actions>
    <summaries>
      <billSummaries>
        <item>
          <actionDate>2015-04-28</actionDate>
          <lastSummaryUpdateDate>2015-05-04T18:42:13Z</lastSummaryUpdateDate>
          <name>Introduced in House</name>
          <text><![CDATA[<p><b>Constitutional Amendment</b></p> <p>Declares that: (1) the rights protected by the Constitution are the rights of natural persons only; (2) artificial entities (such as corporations, limited liability companies, and other entities established by the laws of any state, the United States, or any foreign state) shall have no rights under the Constitution and are subject to regulation by the people, through federal, state, or local law; and (3) the privileges of such artificial entities shall not be construed to be inherent or inalienable.</p> <p>Directs federal, state, and local government to: (1) regulate, limit, or prohibit contributions and expenditures, including a candidate's own contributions and expenditures, to ensure that all citizens, regardless of their economic status, have access to the political process and that no person gains, as a result of that person's money, substantially more access or ability to influence the election of any candidate for public office or any ballot measure; and (2) require that any permissible contributions and expenditures be publicly disclosed. Prohibits the judiciary from construing the spending of money to influence elections to be speech under the First Amendment.</p>]]></text>
          <actionDesc>Introduced in House</actionDesc>
          <updateDate>2015-04-28T04:00:00Z</updateDate>
          <versionCode>00</versionCode>
        </item>
      </billSummaries>
    </summaries>
    <billType>HJRES</billType>
    <committeeReports />
    <originChamber>House</originChamber>
    <notes />
    <policyArea>
      <name>Civil Rights and Liberties, Minority Issues</name>
    </policyArea>
    <title>Proposing an amendment to the Constitution of the United States providing that the rights extended by the Constitution are the rights of natural persons only.</title>
    <createDate>2015-04-29T08:46:04Z</createDate>
    <sponsors>
      <item>
        <lastName>NOLAN</lastName>
        <identifiers>
          <lisID>867</lisID>
          <gpoId />
          <bioguideId>N000127</bioguideId>
        </identifiers>
        <byRequestType />
        <middleName />
        <state>MN</state>
        <firstName>RICHARD</firstName>
        <party>D</party>
        <fullName>Rep. Nolan, Richard M. [D-MN-8]</fullName>
        <district>8</district>
        <bioguideId>N000127</bioguideId>
      </item>
    </sponsors>
    <committees>
      <billCommittees>
        <item>
          <chamber>House</chamber>
          <name>Judiciary Committee</name>
          <systemCode>hsju00</systemCode>
          <type>Standing</type>
          <subcommittees>
            <item>
              <activities>
                <item>
                  <date>2015-05-15T17:36:39Z</date>
                  <name>Referred to</name>
                </item>
              </activities>
              <systemCode>hsju10</systemCode>
              <name>Constitution and Civil Justice Subcommittee</name>
            </item>
          </subcommittees>
          <activities>
            <item>
              <date>2015-04-28T16:02:20Z</date>
              <name>Referred to</name>
            </item>
          </activities>
        </item>
      </billCommittees>
    </committees>
    <titles>
      <item>
        <chamberName />
        <title>Proposing an amendment to the Constitution of the United States providing that the rights extended by the Constitution are the rights of natural persons only.</title>
        <chamberCode />
        <titleType>Official Title as Introduced</titleType>
        <parentTitleType />
      </item>
      <item>
        <chamberName />
        <title>Proposing an amendment to the Constitution of the United States providing that the rights extended by the Constitution are the rights of natural persons only.</title>
        <chamberCode />
        <titleType>Display Title</titleType>
        <parentTitleType />
      </item>
    </titles>
    <recordedVotes />
    <cboCostEstimates />
    <laws />
    <latestAction>
      <links />
      <text>Referred to the Subcommittee on the Constitution and Civil Justice.</text>
      <actionDate>2015-05-15</actionDate>
    </latestAction>
    <calendarNumbers />
    <introducedDate>2015-04-28</introducedDate>
    <amendments />
  </bill>
  <dublinCore xmlns:dc="http://purl.org/dc/elements/1.1/">
    <dc:format>text/xml</dc:format>
    <dc:language>EN</dc:language>
    <dc:rights>Pursuant to Title 17 Section 105 of the United States Code, this file is not subject to copyright protection and is in the public domain.</dc:rights>
    <dc:contributor>Congressional Research Service, Library of Congress</dc:contributor>
    <dc:description>This file contains bill summaries and statuses for federal legislation. A bill summary describes the most significant provisions of a piece of legislation and details the effects the legislative text may have on current law and federal programs. Bill summaries are authored by the Congressional Research Service (CRS) of the Library of Congress. As stated in Public Law 91-510 (2 USC 166 (d)(6)), one of the duties of CRS is "to prepare summaries and digests of bills and resolutions of a public general nature introduced in the Senate or House of Representatives". For more information, refer to the User Guide that accompanies this file.</dc:description>
  </dublinCore>
</billStatus>

