<?xml version="1.0" encoding="UTF-8"?>
<billStatus>
  <bill>
    <cosponsors />
    <titles>
      <item>
        <chamberName />
        <title>Proposing an amendment to the Constitution of the United States which requires (except during time of war and subject to suspension by Congress) that the total amount of money expended by the United States during any fiscal year not exceed the amount of certain revenue received by the United States during such fiscal year and not exceed 20 percent of the gross domestic product of the United States during the previous calendar year.</title>
        <titleType>Official Title as Introduced</titleType>
        <parentTitleType />
        <chamberCode />
      </item>
      <item>
        <chamberName />
        <title>Proposing an amendment to the Constitution of the United States which requires (except during time of war and subject to suspension by Congress) that the total amount of money expended by the United States during any fiscal year not exceed the amount of certain revenue received by the United States during such fiscal year and not exceed 20 percent of the gross domestic product of the United States during the previous calendar year.</title>
        <titleType>Display Title</titleType>
        <parentTitleType />
        <chamberCode />
      </item>
    </titles>
    <laws />
    <amendments />
    <createDate>2016-09-29T07:31:02Z</createDate>
    <updateDate>2017-01-11T14:36:15Z</updateDate>
    <relatedBills>
      <item>
        <type>SJRES</type>
        <congress>114</congress>
        <number>9</number>
        <latestAction>
          <text>Read twice and referred to the Committee on the Judiciary.</text>
          <actionDate>2015-02-09</actionDate>
        </latestAction>
        <relationshipDetails>
          <item>
            <type>Related bill</type>
            <identifiedBy>CRS</identifiedBy>
          </item>
        </relationshipDetails>
        <latestTitle>A joint resolution proposing an amendment to the Constitution of the United States which requires (except during time of war and subject to suspension by Congress) that the total amount of money expended by the United States during any fiscal year not exceed the amount of certain revenue received by the United States during such fiscal year and not exceed 20 percent of the gross domestic product of the United States during the previous calendar year.</latestTitle>
      </item>
    </relatedBills>
    <subjects>
      <billSubjects>
        <legislativeSubjects>
          <item>
            <name>Budget deficits and national debt</name>
          </item>
          <item>
            <name>Budget process</name>
          </item>
          <item>
            <name>Constitution and constitutional amendments</name>
          </item>
        </legislativeSubjects>
        <policyArea>
          <name>Economics and Public Finance</name>
        </policyArea>
      </billSubjects>
    </subjects>
    <billType>HJRES</billType>
    <introducedDate>2016-09-28</introducedDate>
    <sponsors>
      <item>
        <byRequestType />
        <firstName>Martha</firstName>
        <state>AL</state>
        <district>2</district>
        <bioguideId>R000591</bioguideId>
        <lastName>Roby</lastName>
        <fullName>Rep. Roby, Martha [R-AL-2]</fullName>
        <party>R</party>
        <identifiers>
          <bioguideId>R000591</bioguideId>
          <gpoId>7787</gpoId>
          <lisID>1986</lisID>
        </identifiers>
        <middleName />
      </item>
    </sponsors>
    <recordedVotes />
    <originChamber>House</originChamber>
    <calendarNumbers />
    <congress>114</congress>
    <title>Proposing an amendment to the Constitution of the United States which requires (except during time of war and subject to suspension by Congress) that the total amount of money expended by the United States during any fiscal year not exceed the amount of certain revenue received by the United States during such fiscal year and not exceed 20 percent of the gross domestic product of the United States during the previous calendar year.</title>
    <cboCostEstimates />
    <actions>
      <item>
        <committee>
          <name>Judiciary Committee</name>
          <systemCode>hsju00</systemCode>
        </committee>
        <actionDate>2016-09-28</actionDate>
        <text>Referred to the House Committee on the Judiciary.</text>
        <links />
        <actionCode>H11100</actionCode>
        <type>IntroReferral</type>
        <sourceSystem>
          <name>House floor actions</name>
          <code>2</code>
        </sourceSystem>
      </item>
      <item>
        <committee />
        <actionDate>2016-09-28</actionDate>
        <text>Introduced in House</text>
        <links />
        <actionCode>Intro-H</actionCode>
        <type>IntroReferral</type>
        <sourceSystem>
          <name>Library of Congress</name>
          <code>9</code>
        </sourceSystem>
      </item>
      <item>
        <committee />
        <actionDate>2016-09-28</actionDate>
        <text>Introduced in House</text>
        <links />
        <actionCode>1000</actionCode>
        <type>IntroReferral</type>
        <sourceSystem>
          <name>Library of Congress</name>
          <code>9</code>
        </sourceSystem>
      </item>
      <actionTypeCounts>
        <billReferrals>1</billReferrals>
        <introducedInTheHouse>1</introducedInTheHouse>
        <introducedInHouse>1</introducedInHouse>
      </actionTypeCounts>
      <actionByCounts>
        <houseOfRepresentatives>3</houseOfRepresentatives>
      </actionByCounts>
    </actions>
    <latestAction>
      <actionDate>2016-09-28</actionDate>
      <text>Referred to the House Committee on the Judiciary.</text>
      <links />
    </latestAction>
    <committeeReports />
    <notes />
    <committees>
      <billCommittees>
        <item>
          <type>Standing</type>
          <chamber>House</chamber>
          <activities>
            <item>
              <date>2016-09-28T14:13:35Z</date>
              <name>Referred to</name>
            </item>
          </activities>
          <subcommittees />
          <systemCode>hsju00</systemCode>
          <name>Judiciary Committee</name>
        </item>
      </billCommittees>
    </committees>
    <billNumber>101</billNumber>
    <constitutionalAuthorityStatementText><![CDATA[<pre>From the Congressional Record Online through the Government Publishing Office [<a href='http://www.gpo.gov'>www.gpo.gov</a>]By Mrs. ROBY:H.J. Res. 101.Congress has the power to enact this legislation pursuantto the following:Article 5:``The Congress, whenever two thirds of both Houses shalldeem it necessary, shall propose Amendments to thisConstitution, or, on the Application of the Legislatures oftwo thirds of the several States, shall call a Convention forproposing Amendments, which, in either Case, shall be validto all Intents and Purposes, as Part of this Constitution,when ratified by the Legislatures of three fourths of theseveral States, or by Conventions in three fourths thereof,as the one or the other Mode of Ratification may be proposedby the Congress; Provided that no Amendment which may be madeprior to the Year One thousand eight hundred and eight shallin any Manner affect the first and fourth Clauses in theNinth Section of the first Article; and that no State,without its Consent, shall be deprived of its equal Suffragein the Senate.''____________________[Page H6108]</pre>]]></constitutionalAuthorityStatementText>
    <policyArea>
      <name>Economics and Public Finance</name>
    </policyArea>
    <summaries>
      <billSummaries>
        <item>
          <lastSummaryUpdateDate>2016-09-30T13:50:15Z</lastSummaryUpdateDate>
          <updateDate>2016-09-28T04:00:00Z</updateDate>
          <name>Introduced in House</name>
          <actionDate>2016-09-28</actionDate>
          <text><![CDATA[<p><b>Constitutional Amendment </b></p> <p>This joint resolution proposes a constitutional amendment prohibiting the total amount of money expended by the United States during a fiscal year from exceeding total revenue received for that fiscal year, excluding revenue from the issuance of bonds, notes, or other obligations of the United States. </p> <p>The amendment also: (1) prohibits the total amount of money expended by the United States in any fiscal year from exceeding 20% of the gross domestic product of the United States, and (2) requires the President to submit to Congress an annual budget in which total outlays do not exceed total revenues received. </p> <p>The spending restrictions do not apply during a fiscal year in which a declaration of war is in effect, or if three-fifths of the Senate and two-thirds of the House of Representatives vote to suspend the restrictions.</p>]]></text>
          <actionDesc>Introduced in House</actionDesc>
          <versionCode>00</versionCode>
        </item>
      </billSummaries>
    </summaries>
  </bill>
  <dublinCore xmlns:dc="http://purl.org/dc/elements/1.1/">
    <dc:format>text/xml</dc:format>
    <dc:language>EN</dc:language>
    <dc:rights>Pursuant to Title 17 Section 105 of the United States Code, this file is not subject to copyright protection and is in the public domain.</dc:rights>
    <dc:contributor>Congressional Research Service, Library of Congress</dc:contributor>
    <dc:description>This file contains bill summaries and statuses for federal legislation. A bill summary describes the most significant provisions of a piece of legislation and details the effects the legislative text may have on current law and federal programs. Bill summaries are authored by the Congressional Research Service (CRS) of the Library of Congress. As stated in Public Law 91-510 (2 USC 166 (d)(6)), one of the duties of CRS is "to prepare summaries and digests of bills and resolutions of a public general nature introduced in the Senate or House of Representatives". For more information, refer to the User Guide that accompanies this file.</dc:description>
  </dublinCore>
</billStatus>

