<?xml version="1.0" encoding="UTF-8"?>
<billStatus>
  <bill>
    <committees>
      <billCommittees>
        <item>
          <activities>
            <item>
              <name>Referred to</name>
              <date>2015-10-08T14:01:40Z</date>
            </item>
          </activities>
          <chamber>House</chamber>
          <systemCode>hsju00</systemCode>
          <name>Judiciary Committee</name>
          <subcommittees>
            <item>
              <activities>
                <item>
                  <name>Referred to</name>
                  <date>2015-11-03T18:42:44Z</date>
                </item>
              </activities>
              <name>Constitution and Civil Justice Subcommittee</name>
              <systemCode>hsju10</systemCode>
            </item>
          </subcommittees>
          <type>Standing</type>
        </item>
      </billCommittees>
    </committees>
    <calendarNumbers />
    <sponsors>
      <item>
        <identifiers>
          <lisID>1999</lisID>
          <gpoId>7872</gpoId>
          <bioguideId>C001083</bioguideId>
        </identifiers>
        <district>0</district>
        <fullName>Rep. Carney, John C., Jr. [D-DE-At Large]</fullName>
        <lastName>Carney</lastName>
        <middleName>C.</middleName>
        <bioguideId>C001083</bioguideId>
        <party>D</party>
        <firstName>John</firstName>
        <state>DE</state>
        <byRequestType />
      </item>
    </sponsors>
    <billType>HJRES</billType>
    <summaries>
      <billSummaries>
        <item>
          <lastSummaryUpdateDate>2015-11-23T14:43:04Z</lastSummaryUpdateDate>
          <updateDate>2015-10-08T04:00:00Z</updateDate>
          <name>Introduced in House</name>
          <actionDate>2015-10-08</actionDate>
          <text><![CDATA[<p><b>Constitutional Amendment </b></p> <p>This joint resolution proposes a constitutional amendment prohibiting total outlays of the operating funds of the United States from exceeding total receipts of those funds for a fiscal year unless Congress authorizes the excess by a three-fifths vote of each chamber. </p> <p>The prohibition excludes: </p> <ul> <li> outlays for repayment of debt principal, capital investments, and Social Security; and</li> <li>receipts derived from net borrowing or Social Security. </li> </ul> <p>The President must submit an annual budget in which total outlays for operating funds do not exceed total receipts for those funds for the fiscal year. </p> <p>Congress may waive the requirements for two years if: (1) a declaration of war is in effect, or (2) the Congressional Budget Office estimates that real economic growth has been or will be less than 1% for two consecutive quarters during the two-year period.</p> <p>Congress may also waive the requirements for any year in which the United States is engaged in military conflict which causes an imminent and serious military threat to national security. </p>]]></text>
          <actionDesc>Introduced in House</actionDesc>
          <versionCode>00</versionCode>
        </item>
      </billSummaries>
    </summaries>
    <titles>
      <item>
        <title>Proposing a balanced budget amendment to the Constitution of the United States.</title>
        <parentTitleType />
        <chamberName />
        <titleType>Official Title as Introduced</titleType>
        <chamberCode />
      </item>
      <item>
        <title>Proposing a balanced budget amendment to the Constitution of the United States.</title>
        <parentTitleType />
        <chamberName />
        <titleType>Display Title</titleType>
        <chamberCode />
      </item>
    </titles>
    <billNumber>69</billNumber>
    <constitutionalAuthorityStatementText><![CDATA[<pre>From the Congressional Record Online through the Government Publishing Office [<a href='http://www.gpo.gov'>www.gpo.gov</a>]By Mr. CARNEY:H.J. Res. 69.Congress has the power to enact this legislation pursuantto the following:Article I, Section 8, Clause 1 of the United StatesConstitution, the Taxing and Spending Clause: ``The Congressshall have Power To lay and collect Taxes, Duties, Impostsand Excises, to pay the Debts and provide for the commonDefence and general Welfare of the United States . . .''____________________[Page H6937]</pre>]]></constitutionalAuthorityStatementText>
    <cboCostEstimates />
    <title>Proposing a balanced budget amendment to the Constitution of the United States.</title>
    <amendments />
    <actions>
      <item>
        <actionDate>2015-11-03</actionDate>
        <committee>
          <systemCode>hsju10</systemCode>
          <name>Constitution and Civil Justice Subcommittee</name>
        </committee>
        <links />
        <sourceSystem>
          <code>1</code>
          <name>House committee actions</name>
        </sourceSystem>
        <text>Referred to the Subcommittee on the Constitution and Civil Justice.</text>
        <type>Committee</type>
      </item>
      <item>
        <sourceSystem>
          <code>2</code>
          <name>House floor actions</name>
        </sourceSystem>
        <type>IntroReferral</type>
        <actionDate>2015-10-08</actionDate>
        <committee>
          <systemCode>hsju00</systemCode>
          <name>Judiciary Committee</name>
        </committee>
        <text>Referred to the House Committee on the Judiciary.</text>
        <actionCode>H11100</actionCode>
        <links />
      </item>
      <item>
        <sourceSystem>
          <code>9</code>
          <name>Library of Congress</name>
        </sourceSystem>
        <type>IntroReferral</type>
        <actionDate>2015-10-08</actionDate>
        <committee />
        <text>Introduced in House</text>
        <actionCode>Intro-H</actionCode>
        <links />
      </item>
      <item>
        <sourceSystem>
          <code>9</code>
          <name>Library of Congress</name>
        </sourceSystem>
        <type>IntroReferral</type>
        <actionDate>2015-10-08</actionDate>
        <committee />
        <text>Introduced in House</text>
        <actionCode>1000</actionCode>
        <links />
      </item>
      <actionByCounts>
        <houseOfRepresentatives>4</houseOfRepresentatives>
      </actionByCounts>
      <actionTypeCounts>
        <introducedInTheHouse>1</introducedInTheHouse>
        <introducedInHouse>1</introducedInHouse>
        <billReferrals>1</billReferrals>
        <placeholderTextForH>1</placeholderTextForH>
      </actionTypeCounts>
    </actions>
    <notes />
    <updateDate>2017-01-11T14:36:03Z</updateDate>
    <createDate>2015-10-09T09:25:54Z</createDate>
    <recordedVotes />
    <introducedDate>2015-10-08</introducedDate>
    <congress>114</congress>
    <committeeReports />
    <laws />
    <cosponsors />
    <originChamber>House</originChamber>
    <latestAction>
      <links />
      <text>Referred to the Subcommittee on the Constitution and Civil Justice.</text>
      <actionDate>2015-11-03</actionDate>
    </latestAction>
    <policyArea>
      <name>Economics and Public Finance</name>
    </policyArea>
    <relatedBills>
      <item>
        <type>HJRES</type>
        <congress>114</congress>
        <number>2</number>
        <latestTitle>Proposing a balanced budget amendment to the Constitution of the United States.</latestTitle>
        <relationshipDetails>
          <item>
            <type>Related bill</type>
            <identifiedBy>CRS</identifiedBy>
          </item>
        </relationshipDetails>
        <latestAction>
          <actionDate>2015-01-12</actionDate>
          <text>Referred to the Subcommittee on the Constitution and Civil Justice.</text>
        </latestAction>
      </item>
    </relatedBills>
    <subjects>
      <billSubjects>
        <legislativeSubjects>
          <item>
            <name>Budget deficits and national debt</name>
          </item>
          <item>
            <name>Constitution and constitutional amendments</name>
          </item>
          <item>
            <name>Economic performance and conditions</name>
          </item>
          <item>
            <name>Income tax rates</name>
          </item>
          <item>
            <name>Legislative rules and procedure</name>
          </item>
        </legislativeSubjects>
        <policyArea>
          <name>Economics and Public Finance</name>
        </policyArea>
      </billSubjects>
    </subjects>
  </bill>
  <dublinCore xmlns:dc="http://purl.org/dc/elements/1.1/">
    <dc:format>text/xml</dc:format>
    <dc:language>EN</dc:language>
    <dc:rights>Pursuant to Title 17 Section 105 of the United States Code, this file is not subject to copyright protection and is in the public domain.</dc:rights>
    <dc:contributor>Congressional Research Service, Library of Congress</dc:contributor>
    <dc:description>This file contains bill summaries and statuses for federal legislation. A bill summary describes the most significant provisions of a piece of legislation and details the effects the legislative text may have on current law and federal programs. Bill summaries are authored by the Congressional Research Service (CRS) of the Library of Congress. As stated in Public Law 91-510 (2 USC 166 (d)(6)), one of the duties of CRS is "to prepare summaries and digests of bills and resolutions of a public general nature introduced in the Senate or House of Representatives". For more information, refer to the User Guide that accompanies this file.</dc:description>
  </dublinCore>
</billStatus>

