<?xml version="1.0" encoding="UTF-8"?>
<billStatus>
  <bill>
    <cosponsors>
      <item>
        <sponsorshipDate>2015-01-12</sponsorshipDate>
        <district>7</district>
        <firstName>Rob</firstName>
        <fullName>Rep. Woodall, Rob [R-GA-7]</fullName>
        <sponsorshipWithdrawnDate />
        <identifiers>
          <bioguideId>W000810</bioguideId>
          <lisID>2008</lisID>
          <gpoId>7904</gpoId>
        </identifiers>
        <bioguideId>W000810</bioguideId>
        <lastName>Woodall</lastName>
        <state>GA</state>
        <isOriginalCosponsor>True</isOriginalCosponsor>
        <party>R</party>
        <middleName />
      </item>
    </cosponsors>
    <titles>
      <item>
        <title>Proposing an amendment to the Constitution of the United States to repeal the sixteenth article of amendment.</title>
        <parentTitleType />
        <chamberName />
        <titleType>Official Title as Introduced</titleType>
        <chamberCode />
      </item>
      <item>
        <title>Proposing an amendment to the Constitution of the United States to repeal the sixteenth article of amendment.</title>
        <parentTitleType />
        <chamberName />
        <titleType>Display Title</titleType>
        <chamberCode />
      </item>
    </titles>
    <laws />
    <amendments />
    <createDate>2015-01-13T04:55:51Z</createDate>
    <updateDate>2017-01-11T14:35:43Z</updateDate>
    <relatedBills />
    <subjects>
      <billSubjects>
        <legislativeSubjects>
          <item>
            <name>Constitution and constitutional amendments</name>
          </item>
          <item>
            <name>General taxation matters</name>
          </item>
        </legislativeSubjects>
        <policyArea>
          <name>Taxation</name>
        </policyArea>
      </billSubjects>
    </subjects>
    <billType>HJRES</billType>
    <introducedDate>2015-01-12</introducedDate>
    <sponsors>
      <item>
        <byRequestType />
        <firstName>Steve</firstName>
        <state>IA</state>
        <district>4</district>
        <bioguideId>K000362</bioguideId>
        <lastName>King</lastName>
        <fullName>Rep. King, Steve [R-IA-4]</fullName>
        <party>R</party>
        <identifiers>
          <bioguideId>K000362</bioguideId>
          <lisID>1724</lisID>
          <gpoId>7918</gpoId>
        </identifiers>
        <middleName />
      </item>
    </sponsors>
    <recordedVotes />
    <originChamber>House</originChamber>
    <calendarNumbers />
    <congress>114</congress>
    <title>Proposing an amendment to the Constitution of the United States to repeal the sixteenth article of amendment.</title>
    <cboCostEstimates />
    <actions>
      <actionByCounts>
        <houseOfRepresentatives>4</houseOfRepresentatives>
      </actionByCounts>
      <item>
        <actionDate>2015-01-22</actionDate>
        <committee>
          <systemCode>hsju10</systemCode>
          <name>Constitution and Civil Justice Subcommittee</name>
        </committee>
        <links />
        <sourceSystem>
          <code>1</code>
          <name>House committee actions</name>
        </sourceSystem>
        <text>Referred to the Subcommittee on the Constitution and Civil Justice.</text>
        <type>Committee</type>
      </item>
      <item>
        <sourceSystem>
          <code>2</code>
          <name>House floor actions</name>
        </sourceSystem>
        <type>IntroReferral</type>
        <text>Referred to the House Committee on the Judiciary.</text>
        <committee>
          <systemCode>hsju00</systemCode>
          <name>Judiciary Committee</name>
        </committee>
        <links />
        <actionDate>2015-01-12</actionDate>
        <actionCode>H11100</actionCode>
      </item>
      <item>
        <sourceSystem>
          <code>9</code>
          <name>Library of Congress</name>
        </sourceSystem>
        <type>IntroReferral</type>
        <text>Introduced in House</text>
        <committee />
        <links />
        <actionDate>2015-01-12</actionDate>
        <actionCode>Intro-H</actionCode>
      </item>
      <item>
        <sourceSystem>
          <code>9</code>
          <name>Library of Congress</name>
        </sourceSystem>
        <type>IntroReferral</type>
        <text>Introduced in House</text>
        <committee />
        <links />
        <actionDate>2015-01-12</actionDate>
        <actionCode>1000</actionCode>
      </item>
      <actionTypeCounts>
        <placeholderTextForH>1</placeholderTextForH>
        <billReferrals>1</billReferrals>
        <introducedInTheHouse>1</introducedInTheHouse>
        <introducedInHouse>1</introducedInHouse>
      </actionTypeCounts>
    </actions>
    <latestAction>
      <actionDate>2015-01-22</actionDate>
      <text>Referred to the Subcommittee on the Constitution and Civil Justice.</text>
      <links />
    </latestAction>
    <committeeReports />
    <notes />
    <committees>
      <billCommittees>
        <item>
          <chamber>House</chamber>
          <systemCode>hsju00</systemCode>
          <type>Standing</type>
          <name>Judiciary Committee</name>
          <activities>
            <item>
              <name>Referred to</name>
              <date>2015-01-12T17:00:47Z</date>
            </item>
          </activities>
          <subcommittees>
            <item>
              <systemCode>hsju10</systemCode>
              <activities>
                <item>
                  <name>Referred to</name>
                  <date>2015-01-22T22:27:40Z</date>
                </item>
              </activities>
              <name>Constitution and Civil Justice Subcommittee</name>
            </item>
          </subcommittees>
        </item>
      </billCommittees>
    </committees>
    <billNumber>16</billNumber>
    <constitutionalAuthorityStatementText><![CDATA[<pre>From the Congressional Record Online through the Government Publishing Office [<a href='http://www.gpo.gov'>www.gpo.gov</a>]By Mr. KING of Iowa:H.J. Res. 16.Congress has the power to enact this legislation pursuantto the following:This joint resolution is enacted pursuant to the powergranted to Congress to propose amendments to the Constitutionunder Article V of the United States Constitution.[Page H225]</pre>]]></constitutionalAuthorityStatementText>
    <policyArea>
      <name>Taxation</name>
    </policyArea>
    <summaries>
      <billSummaries>
        <item>
          <actionDate>2015-01-12</actionDate>
          <text><![CDATA[<p><b>Constitutional Amendment</b> </p> <p> Repeals the Sixteenth Amendment to the Constitution (authorizing taxation of income).</p>]]></text>
          <name>Introduced in House</name>
          <versionCode>00</versionCode>
          <actionDesc>Introduced in House</actionDesc>
          <updateDate>2015-01-12T05:00:00Z</updateDate>
          <lastSummaryUpdateDate>2015-01-28T15:22:41Z</lastSummaryUpdateDate>
        </item>
      </billSummaries>
    </summaries>
  </bill>
  <dublinCore xmlns:dc="http://purl.org/dc/elements/1.1/">
    <dc:format>text/xml</dc:format>
    <dc:language>EN</dc:language>
    <dc:rights>Pursuant to Title 17 Section 105 of the United States Code, this file is not subject to copyright protection and is in the public domain.</dc:rights>
    <dc:contributor>Congressional Research Service, Library of Congress</dc:contributor>
    <dc:description>This file contains bill summaries and statuses for federal legislation. A bill summary describes the most significant provisions of a piece of legislation and details the effects the legislative text may have on current law and federal programs. Bill summaries are authored by the Congressional Research Service (CRS) of the Library of Congress. As stated in Public Law 91-510 (2 USC 166 (d)(6)), one of the duties of CRS is "to prepare summaries and digests of bills and resolutions of a public general nature introduced in the Senate or House of Representatives". For more information, refer to the User Guide that accompanies this file.</dc:description>
  </dublinCore>
</billStatus>

