<?xml version="1.0" encoding="UTF-8"?>
<billStatus>
  <bill>
    <congress>114</congress>
    <billNumber>42</billNumber>
    <cosponsors>
      <item>
        <sponsorshipDate>2015-04-13</sponsorshipDate>
        <party>R</party>
        <fullName>Rep. Goodlatte, Bob [R-VA-6]</fullName>
        <sponsorshipWithdrawnDate />
        <identifiers>
          <bioguideId>G000289</bioguideId>
          <lisID>446</lisID>
          <gpoId>8197</gpoId>
        </identifiers>
        <firstName>ROBERT</firstName>
        <state>VA</state>
        <district>6</district>
        <isOriginalCosponsor>True</isOriginalCosponsor>
        <bioguideId>G000289</bioguideId>
        <lastName>GOODLATTE</lastName>
        <middleName>W.</middleName>
      </item>
      <item>
        <sponsorshipDate>2015-04-13</sponsorshipDate>
        <party>R</party>
        <fullName>Rep. Chabot, Steve [R-OH-1]</fullName>
        <sponsorshipWithdrawnDate />
        <identifiers>
          <gpoId>8091</gpoId>
          <bioguideId>C000266</bioguideId>
          <lisID>186</lisID>
        </identifiers>
        <firstName>STEVE</firstName>
        <state>OH</state>
        <district>1</district>
        <isOriginalCosponsor>True</isOriginalCosponsor>
        <bioguideId>C000266</bioguideId>
        <lastName>CHABOT</lastName>
        <middleName />
      </item>
      <item>
        <sponsorshipDate>2015-04-13</sponsorshipDate>
        <party>R</party>
        <fullName>Rep. Westmoreland, Lynn A. [R-GA-3]</fullName>
        <sponsorshipWithdrawnDate />
        <identifiers>
          <gpoId>7900</gpoId>
          <bioguideId>W000796</bioguideId>
          <lisID>1779</lisID>
        </identifiers>
        <firstName>Lynn</firstName>
        <state>GA</state>
        <district>3</district>
        <isOriginalCosponsor>True</isOriginalCosponsor>
        <bioguideId>W000796</bioguideId>
        <lastName>Westmoreland</lastName>
        <middleName>A.</middleName>
      </item>
      <item>
        <sponsorshipDate>2015-04-13</sponsorshipDate>
        <party>R</party>
        <fullName>Rep. Latta, Robert E. [R-OH-5]</fullName>
        <sponsorshipWithdrawnDate />
        <identifiers>
          <lisID>1885</lisID>
          <gpoId>8095</gpoId>
          <bioguideId>L000566</bioguideId>
        </identifiers>
        <firstName>Robert</firstName>
        <state>OH</state>
        <district>5</district>
        <isOriginalCosponsor>True</isOriginalCosponsor>
        <bioguideId>L000566</bioguideId>
        <lastName>Latta</lastName>
        <middleName>E.</middleName>
      </item>
      <item>
        <sponsorshipDate>2015-04-13</sponsorshipDate>
        <party>R</party>
        <fullName>Rep. Grothman, Glenn [R-WI-6]</fullName>
        <sponsorshipWithdrawnDate />
        <identifiers>
          <lisID>2276</lisID>
          <gpoId />
          <bioguideId>G000576</bioguideId>
        </identifiers>
        <firstName>Glenn</firstName>
        <state>WI</state>
        <district>6</district>
        <isOriginalCosponsor>True</isOriginalCosponsor>
        <bioguideId>G000576</bioguideId>
        <lastName>Grothman</lastName>
        <middleName />
      </item>
      <item>
        <sponsorshipDate>2015-04-13</sponsorshipDate>
        <party>R</party>
        <fullName>Rep. Posey, Bill [R-FL-8]</fullName>
        <sponsorshipWithdrawnDate />
        <identifiers>
          <bioguideId>P000599</bioguideId>
          <lisID>1915</lisID>
          <gpoId>7887</gpoId>
        </identifiers>
        <firstName>Bill</firstName>
        <state>FL</state>
        <district>8</district>
        <isOriginalCosponsor>True</isOriginalCosponsor>
        <bioguideId>P000599</bioguideId>
        <lastName>Posey</lastName>
        <middleName />
      </item>
      <item>
        <sponsorshipDate>2015-04-13</sponsorshipDate>
        <party>R</party>
        <fullName>Rep. Allen, Rick W. [R-GA-12]</fullName>
        <sponsorshipWithdrawnDate />
        <identifiers>
          <gpoId />
          <bioguideId>A000372</bioguideId>
          <lisID>2239</lisID>
        </identifiers>
        <firstName>Rick</firstName>
        <state>GA</state>
        <district>12</district>
        <isOriginalCosponsor>True</isOriginalCosponsor>
        <bioguideId>A000372</bioguideId>
        <lastName>Allen</lastName>
        <middleName>W.</middleName>
      </item>
      <item>
        <sponsorshipDate>2015-04-13</sponsorshipDate>
        <party>R</party>
        <fullName>Rep. Zinke, Ryan K. [R-MT-At Large]</fullName>
        <sponsorshipWithdrawnDate />
        <identifiers>
          <bioguideId>Z000018</bioguideId>
          <lisID>2254</lisID>
          <gpoId />
        </identifiers>
        <firstName>Ryan</firstName>
        <state>MT</state>
        <district>0</district>
        <isOriginalCosponsor>True</isOriginalCosponsor>
        <bioguideId>Z000018</bioguideId>
        <lastName>Zinke</lastName>
        <middleName>K.</middleName>
      </item>
      <item>
        <sponsorshipDate>2015-04-13</sponsorshipDate>
        <party>R</party>
        <fullName>Rep. Loudermilk, Barry [R-GA-11]</fullName>
        <sponsorshipWithdrawnDate />
        <identifiers>
          <bioguideId>L000583</bioguideId>
          <lisID>2238</lisID>
          <gpoId />
        </identifiers>
        <firstName>Barry</firstName>
        <state>GA</state>
        <district>11</district>
        <isOriginalCosponsor>True</isOriginalCosponsor>
        <bioguideId>L000583</bioguideId>
        <lastName>Loudermilk</lastName>
        <middleName />
      </item>
      <item>
        <sponsorshipDate>2015-04-13</sponsorshipDate>
        <party>R</party>
        <fullName>Rep. Johnson, Sam [R-TX-3]</fullName>
        <sponsorshipWithdrawnDate />
        <identifiers>
          <gpoId>8159</gpoId>
          <bioguideId>J000174</bioguideId>
          <lisID>603</lisID>
        </identifiers>
        <firstName>SAM</firstName>
        <state>TX</state>
        <district>3</district>
        <isOriginalCosponsor>True</isOriginalCosponsor>
        <bioguideId>J000174</bioguideId>
        <lastName>JOHNSON</lastName>
        <middleName />
      </item>
      <item>
        <sponsorshipDate>2015-04-13</sponsorshipDate>
        <party>R</party>
        <fullName>Rep. Ross, Dennis A. [R-FL-15]</fullName>
        <sponsorshipWithdrawnDate />
        <identifiers>
          <bioguideId>R000593</bioguideId>
          <gpoId>7884</gpoId>
          <lisID>2003</lisID>
        </identifiers>
        <firstName>Dennis</firstName>
        <state>FL</state>
        <district>15</district>
        <isOriginalCosponsor>True</isOriginalCosponsor>
        <bioguideId>R000593</bioguideId>
        <lastName>Ross</lastName>
        <middleName>A.</middleName>
      </item>
      <item>
        <sponsorshipDate>2015-04-13</sponsorshipDate>
        <party>R</party>
        <fullName>Rep. Carter, Earl L. "Buddy" [R-GA-1]</fullName>
        <sponsorshipWithdrawnDate />
        <identifiers>
          <gpoId />
          <bioguideId>C001103</bioguideId>
          <lisID>2236</lisID>
        </identifiers>
        <firstName>Earl</firstName>
        <state>GA</state>
        <district>1</district>
        <isOriginalCosponsor>True</isOriginalCosponsor>
        <bioguideId>C001103</bioguideId>
        <lastName>Carter</lastName>
        <middleName>L. "Buddy"</middleName>
      </item>
      <item>
        <sponsorshipDate>2015-04-13</sponsorshipDate>
        <party>R</party>
        <fullName>Rep. Buchanan, Vern [R-FL-16]</fullName>
        <sponsorshipWithdrawnDate />
        <identifiers>
          <lisID>1840</lisID>
          <gpoId>7885</gpoId>
          <bioguideId>B001260</bioguideId>
        </identifiers>
        <firstName>Vern</firstName>
        <state>FL</state>
        <district>16</district>
        <isOriginalCosponsor>True</isOriginalCosponsor>
        <bioguideId>B001260</bioguideId>
        <lastName>Buchanan</lastName>
        <middleName />
      </item>
      <item>
        <sponsorshipDate>2015-04-13</sponsorshipDate>
        <party>R</party>
        <fullName>Rep. Poe, Ted [R-TX-2]</fullName>
        <sponsorshipWithdrawnDate />
        <identifiers>
          <lisID>1802</lisID>
          <gpoId>8158</gpoId>
          <bioguideId>P000592</bioguideId>
        </identifiers>
        <firstName>Ted</firstName>
        <state>TX</state>
        <district>2</district>
        <isOriginalCosponsor>True</isOriginalCosponsor>
        <bioguideId>P000592</bioguideId>
        <lastName>Poe</lastName>
        <middleName />
      </item>
      <item>
        <sponsorshipDate>2015-04-14</sponsorshipDate>
        <party>R</party>
        <fullName>Rep. Palmer, Gary J. [R-AL-6]</fullName>
        <sponsorshipWithdrawnDate />
        <identifiers>
          <lisID>2221</lisID>
          <gpoId />
          <bioguideId>P000609</bioguideId>
        </identifiers>
        <firstName>Gary</firstName>
        <state>AL</state>
        <district>6</district>
        <isOriginalCosponsor>False</isOriginalCosponsor>
        <bioguideId>P000609</bioguideId>
        <lastName>Palmer</lastName>
        <middleName>J.</middleName>
      </item>
      <item>
        <sponsorshipDate>2015-04-14</sponsorshipDate>
        <party>R</party>
        <fullName>Rep. Hice, Jody B. [R-GA-10]</fullName>
        <sponsorshipWithdrawnDate />
        <identifiers>
          <gpoId />
          <bioguideId>H001071</bioguideId>
          <lisID>2237</lisID>
        </identifiers>
        <firstName>Jody</firstName>
        <state>GA</state>
        <district>10</district>
        <isOriginalCosponsor>False</isOriginalCosponsor>
        <bioguideId>H001071</bioguideId>
        <lastName>Hice</lastName>
        <middleName>B.</middleName>
      </item>
      <item>
        <sponsorshipDate>2015-04-16</sponsorshipDate>
        <party>R</party>
        <fullName>Rep. Yoho, Ted S. [R-FL-3]</fullName>
        <sponsorshipWithdrawnDate />
        <identifiers>
          <bioguideId>Y000065</bioguideId>
          <lisID>2115</lisID>
          <gpoId />
        </identifiers>
        <firstName>Ted</firstName>
        <state>FL</state>
        <district>3</district>
        <isOriginalCosponsor>False</isOriginalCosponsor>
        <bioguideId>Y000065</bioguideId>
        <lastName>Yoho</lastName>
        <middleName>S.</middleName>
      </item>
      <item>
        <sponsorshipDate>2015-04-20</sponsorshipDate>
        <party>R</party>
        <fullName>Rep. Ratcliffe, John [R-TX-4]</fullName>
        <sponsorshipWithdrawnDate />
        <identifiers>
          <gpoId />
          <bioguideId>R000601</bioguideId>
          <lisID>2268</lisID>
        </identifiers>
        <firstName>John</firstName>
        <state>TX</state>
        <district>4</district>
        <isOriginalCosponsor>False</isOriginalCosponsor>
        <bioguideId>R000601</bioguideId>
        <lastName>Ratcliffe</lastName>
        <middleName />
      </item>
      <item>
        <sponsorshipDate>2015-04-22</sponsorshipDate>
        <party>R</party>
        <fullName>Rep. Gosar, Paul A. [R-AZ-4]</fullName>
        <sponsorshipWithdrawnDate />
        <identifiers>
          <lisID>1992</lisID>
          <gpoId>7798</gpoId>
          <bioguideId>G000565</bioguideId>
        </identifiers>
        <firstName>Paul</firstName>
        <state>AZ</state>
        <district>4</district>
        <isOriginalCosponsor>False</isOriginalCosponsor>
        <bioguideId>G000565</bioguideId>
        <lastName>Gosar</lastName>
        <middleName>A.</middleName>
      </item>
      <item>
        <sponsorshipDate>2015-04-23</sponsorshipDate>
        <party>R</party>
        <fullName>Rep. Wenstrup, Brad R. [R-OH-2]</fullName>
        <sponsorshipWithdrawnDate />
        <identifiers>
          <gpoId />
          <bioguideId>W000815</bioguideId>
          <lisID>2152</lisID>
        </identifiers>
        <firstName>Brad</firstName>
        <state>OH</state>
        <district>2</district>
        <isOriginalCosponsor>False</isOriginalCosponsor>
        <bioguideId>W000815</bioguideId>
        <lastName>Wenstrup</lastName>
        <middleName>R.</middleName>
      </item>
      <item>
        <sponsorshipDate>2015-04-23</sponsorshipDate>
        <party>R</party>
        <fullName>Rep. DeSantis, Ron [R-FL-6]</fullName>
        <sponsorshipWithdrawnDate />
        <identifiers>
          <gpoId />
          <bioguideId>D000621</bioguideId>
          <lisID>2116</lisID>
        </identifiers>
        <firstName>Ron</firstName>
        <state>FL</state>
        <district>6</district>
        <isOriginalCosponsor>False</isOriginalCosponsor>
        <bioguideId>D000621</bioguideId>
        <lastName>DeSantis</lastName>
        <middleName />
      </item>
      <item>
        <sponsorshipDate>2015-06-16</sponsorshipDate>
        <party>R</party>
        <fullName>Rep. Franks, Trent [R-AZ-8]</fullName>
        <sponsorshipWithdrawnDate />
        <identifiers>
          <lisID>1707</lisID>
          <gpoId>7799</gpoId>
          <bioguideId>F000448</bioguideId>
        </identifiers>
        <firstName>Trent</firstName>
        <state>AZ</state>
        <district>8</district>
        <isOriginalCosponsor>False</isOriginalCosponsor>
        <bioguideId>F000448</bioguideId>
        <lastName>Franks</lastName>
        <middleName />
      </item>
    </cosponsors>
    <subjects>
      <billSubjects>
        <legislativeSubjects>
          <item>
            <name>Administrative law and regulatory procedures</name>
          </item>
          <item>
            <name>Congressional oversight</name>
          </item>
          <item>
            <name>Federal Communications Commission (FCC)</name>
          </item>
          <item>
            <name>Internet and video services</name>
          </item>
        </legislativeSubjects>
        <policyArea>
          <name>Science, Technology, Communications</name>
        </policyArea>
      </billSubjects>
    </subjects>
    <relatedBills>
      <item>
        <number>1212</number>
        <type>HR</type>
        <latestTitle>Internet Freedom Act</latestTitle>
        <latestAction>
          <actionDate>2015-03-06</actionDate>
          <text>Referred to the Subcommittee on Communications and Technology.</text>
        </latestAction>
        <relationshipDetails>
          <item>
            <identifiedBy>CRS</identifiedBy>
            <type>Related bill</type>
          </item>
        </relationshipDetails>
        <congress>114</congress>
      </item>
    </relatedBills>
    <constitutionalAuthorityStatementText><![CDATA[<pre>From the Congressional Record Online through the Government Publishing Office [<a href='http://www.gpo.gov'>www.gpo.gov</a>]By Mr. COLLINS of Georgia:H.J. Res. 42.Congress has the power to enact this legislation pursuantto the following:Article I, Section 8, Clause 3: Congress shall have thePower . . . ``to regulate Commerce with foreign Nations, andamong the several States, and with the Indian tribes.''[Page H2154]</pre>]]></constitutionalAuthorityStatementText>
    <updateDate>2017-01-11T14:35:52Z</updateDate>
    <actions>
      <item>
        <actionDate>2015-04-17</actionDate>
        <committee>
          <name>Communications and Technology Subcommittee</name>
          <systemCode>hsif16</systemCode>
        </committee>
        <links />
        <sourceSystem>
          <name>House committee actions</name>
          <code>1</code>
        </sourceSystem>
        <text>Referred to the Subcommittee on Communications and Technology.</text>
        <type>Committee</type>
      </item>
      <item>
        <type>IntroReferral</type>
        <committee>
          <name>Energy and Commerce Committee</name>
          <systemCode>hsif00</systemCode>
        </committee>
        <links />
        <actionDate>2015-04-13</actionDate>
        <text>Referred to the House Committee on Energy and Commerce.</text>
        <actionCode>H11100</actionCode>
        <sourceSystem>
          <name>House floor actions</name>
          <code>2</code>
        </sourceSystem>
      </item>
      <item>
        <type>IntroReferral</type>
        <committee />
        <links />
        <actionDate>2015-04-13</actionDate>
        <text>Introduced in House</text>
        <actionCode>Intro-H</actionCode>
        <sourceSystem>
          <name>Library of Congress</name>
          <code>9</code>
        </sourceSystem>
      </item>
      <item>
        <type>IntroReferral</type>
        <committee />
        <links />
        <actionDate>2015-04-13</actionDate>
        <text>Introduced in House</text>
        <actionCode>1000</actionCode>
        <sourceSystem>
          <name>Library of Congress</name>
          <code>9</code>
        </sourceSystem>
      </item>
      <actionByCounts>
        <houseOfRepresentatives>4</houseOfRepresentatives>
      </actionByCounts>
      <actionTypeCounts>
        <placeholderTextForH>1</placeholderTextForH>
        <billReferrals>1</billReferrals>
        <introducedInTheHouse>1</introducedInTheHouse>
        <introducedInHouse>1</introducedInHouse>
      </actionTypeCounts>
    </actions>
    <summaries>
      <billSummaries>
        <item>
          <actionDate>2015-04-13</actionDate>
          <lastSummaryUpdateDate>2015-04-20T14:55:50Z</lastSummaryUpdateDate>
          <name>Introduced in House</name>
          <text><![CDATA[<p>Disapproves and nullifies the rule adopted by the Federal Communications Commission on February 26, 2015, relating to the reclassification of broadband Internet access service as a telecommunications service in the matter of protecting and promoting the open Internet.</p>]]></text>
          <actionDesc>Introduced in House</actionDesc>
          <updateDate>2015-04-13T04:00:00Z</updateDate>
          <versionCode>00</versionCode>
        </item>
      </billSummaries>
    </summaries>
    <billType>HJRES</billType>
    <committeeReports />
    <originChamber>House</originChamber>
    <notes />
    <policyArea>
      <name>Science, Technology, Communications</name>
    </policyArea>
    <title>Disapproving the rule submitted by the Federal Communications Commission relating to the matter of protecting and promoting the open Internet.</title>
    <createDate>2015-04-14T09:14:59Z</createDate>
    <sponsors>
      <item>
        <lastName>Collins</lastName>
        <identifiers>
          <bioguideId>C001093</bioguideId>
          <lisID>2121</lisID>
          <gpoId />
        </identifiers>
        <byRequestType />
        <middleName />
        <state>GA</state>
        <firstName>Doug</firstName>
        <party>R</party>
        <fullName>Rep. Collins, Doug [R-GA-9]</fullName>
        <district>9</district>
        <bioguideId>C001093</bioguideId>
      </item>
    </sponsors>
    <committees>
      <billCommittees>
        <item>
          <name>Energy and Commerce Committee</name>
          <activities>
            <item>
              <name>Referred to</name>
              <date>2015-04-13T18:00:05Z</date>
            </item>
          </activities>
          <subcommittees>
            <item>
              <name>Communications and Technology Subcommittee</name>
              <activities>
                <item>
                  <name>Referred to</name>
                  <date>2015-04-17T21:05:26Z</date>
                </item>
              </activities>
              <systemCode>hsif16</systemCode>
            </item>
          </subcommittees>
          <chamber>House</chamber>
          <type>Standing</type>
          <systemCode>hsif00</systemCode>
        </item>
      </billCommittees>
    </committees>
    <titles>
      <item>
        <chamberName />
        <title>Disapproving the rule submitted by the Federal Communications Commission relating to the matter of protecting and promoting the open Internet.</title>
        <chamberCode />
        <titleType>Official Title as Introduced</titleType>
        <parentTitleType />
      </item>
      <item>
        <chamberName />
        <title>Disapproving the rule submitted by the Federal Communications Commission relating to the matter of protecting and promoting the open Internet.</title>
        <chamberCode />
        <titleType>Display Title</titleType>
        <parentTitleType />
      </item>
    </titles>
    <recordedVotes />
    <cboCostEstimates />
    <laws />
    <latestAction>
      <links />
      <text>Referred to the Subcommittee on Communications and Technology.</text>
      <actionDate>2015-04-17</actionDate>
    </latestAction>
    <calendarNumbers />
    <introducedDate>2015-04-13</introducedDate>
    <amendments />
  </bill>
  <dublinCore xmlns:dc="http://purl.org/dc/elements/1.1/">
    <dc:format>text/xml</dc:format>
    <dc:language>EN</dc:language>
    <dc:rights>Pursuant to Title 17 Section 105 of the United States Code, this file is not subject to copyright protection and is in the public domain.</dc:rights>
    <dc:contributor>Congressional Research Service, Library of Congress</dc:contributor>
    <dc:description>This file contains bill summaries and statuses for federal legislation. A bill summary describes the most significant provisions of a piece of legislation and details the effects the legislative text may have on current law and federal programs. Bill summaries are authored by the Congressional Research Service (CRS) of the Library of Congress. As stated in Public Law 91-510 (2 USC 166 (d)(6)), one of the duties of CRS is "to prepare summaries and digests of bills and resolutions of a public general nature introduced in the Senate or House of Representatives". For more information, refer to the User Guide that accompanies this file.</dc:description>
  </dublinCore>
</billStatus>

