<?xml version="1.0" encoding="UTF-8"?>
<billStatus>
  <bill>
    <policyArea>
      <name>Economics and Public Finance</name>
    </policyArea>
    <updateDate>2017-01-11T14:36:11Z</updateDate>
    <billType>HJRES</billType>
    <laws />
    <sponsors>
      <item>
        <fullName>Rep. Gohmert, Louie [R-TX-1]</fullName>
        <identifiers>
          <bioguideId>G000552</bioguideId>
          <lisID>1801</lisID>
          <gpoId>8157</gpoId>
        </identifiers>
        <byRequestType />
        <firstName>Louie</firstName>
        <bioguideId>G000552</bioguideId>
        <lastName>Gohmert</lastName>
        <state>TX</state>
        <district>1</district>
        <party>R</party>
        <middleName />
      </item>
    </sponsors>
    <congress>114</congress>
    <latestAction>
      <actionDate>2016-05-17</actionDate>
      <text>Referred to the Subcommittee on the Constitution and Civil Justice.</text>
      <links />
    </latestAction>
    <recordedVotes />
    <calendarNumbers />
    <cboCostEstimates />
    <title>Proposing a balanced budget amendment to the Constitution of the United States.</title>
    <actions>
      <actionByCounts>
        <houseOfRepresentatives>4</houseOfRepresentatives>
      </actionByCounts>
      <item>
        <actionDate>2016-05-17</actionDate>
        <committee>
          <systemCode>hsju10</systemCode>
          <name>Constitution and Civil Justice Subcommittee</name>
        </committee>
        <links />
        <sourceSystem>
          <code>1</code>
          <name>House committee actions</name>
        </sourceSystem>
        <text>Referred to the Subcommittee on the Constitution and Civil Justice.</text>
        <type>Committee</type>
      </item>
      <item>
        <sourceSystem>
          <code>2</code>
          <name>House floor actions</name>
        </sourceSystem>
        <type>IntroReferral</type>
        <text>Referred to the House Committee on the Judiciary.</text>
        <committee>
          <systemCode>hsju00</systemCode>
          <name>Judiciary Committee</name>
        </committee>
        <links />
        <actionDate>2016-05-10</actionDate>
        <actionCode>H11100</actionCode>
      </item>
      <item>
        <sourceSystem>
          <code>9</code>
          <name>Library of Congress</name>
        </sourceSystem>
        <type>IntroReferral</type>
        <text>Introduced in House</text>
        <committee />
        <links />
        <actionDate>2016-05-10</actionDate>
        <actionCode>Intro-H</actionCode>
      </item>
      <item>
        <sourceSystem>
          <code>9</code>
          <name>Library of Congress</name>
        </sourceSystem>
        <type>IntroReferral</type>
        <text>Introduced in House</text>
        <committee />
        <links />
        <actionDate>2016-05-10</actionDate>
        <actionCode>1000</actionCode>
      </item>
      <actionTypeCounts>
        <placeholderTextForH>1</placeholderTextForH>
        <billReferrals>1</billReferrals>
        <introducedInTheHouse>1</introducedInTheHouse>
        <introducedInHouse>1</introducedInHouse>
      </actionTypeCounts>
    </actions>
    <amendments />
    <introducedDate>2016-05-10</introducedDate>
    <billNumber>93</billNumber>
    <relatedBills>
      <item>
        <congress>114</congress>
        <type>HJRES</type>
        <latestAction>
          <text>Referred to the Subcommittee on the Constitution and Civil Justice.</text>
          <actionDate>2015-01-12</actionDate>
        </latestAction>
        <latestTitle>Proposing a balanced budget amendment to the Constitution of the United States.</latestTitle>
        <number>1</number>
        <relationshipDetails>
          <item>
            <type>Related bill</type>
            <identifiedBy>CRS</identifiedBy>
          </item>
        </relationshipDetails>
      </item>
      <item>
        <congress>114</congress>
        <type>HJRES</type>
        <latestAction>
          <text>Referred to the Subcommittee on the Constitution and Civil Justice.</text>
          <actionDate>2015-01-12</actionDate>
        </latestAction>
        <latestTitle>Proposing a balanced budget amendment to the Constitution of the United States.</latestTitle>
        <number>2</number>
        <relationshipDetails>
          <item>
            <type>Related bill</type>
            <identifiedBy>CRS</identifiedBy>
          </item>
        </relationshipDetails>
      </item>
      <item>
        <congress>114</congress>
        <type>HJRES</type>
        <latestAction>
          <text>Referred to the Subcommittee on the Constitution and Civil Justice.</text>
          <actionDate>2015-01-12</actionDate>
        </latestAction>
        <latestTitle>Proposing a balanced budget amendment to the Constitution of the United States.</latestTitle>
        <number>7</number>
        <relationshipDetails>
          <item>
            <type>Related bill</type>
            <identifiedBy>CRS</identifiedBy>
          </item>
        </relationshipDetails>
      </item>
      <item>
        <congress>114</congress>
        <type>HJRES</type>
        <latestAction>
          <text>Referred to the Subcommittee on the Constitution and Civil Justice.</text>
          <actionDate>2015-01-12</actionDate>
        </latestAction>
        <latestTitle>Proposing a balanced budget amendment to the Constitution of the United States.</latestTitle>
        <number>12</number>
        <relationshipDetails>
          <item>
            <type>Related bill</type>
            <identifiedBy>CRS</identifiedBy>
          </item>
        </relationshipDetails>
      </item>
    </relatedBills>
    <titles>
      <item>
        <chamberCode />
        <titleType>Official Title as Introduced</titleType>
        <chamberName />
        <title>Proposing a balanced budget amendment to the Constitution of the United States.</title>
        <parentTitleType />
      </item>
      <item>
        <chamberCode />
        <titleType>Display Title</titleType>
        <chamberName />
        <title>Proposing a balanced budget amendment to the Constitution of the United States.</title>
        <parentTitleType />
      </item>
    </titles>
    <cosponsors>
      <item>
        <fullName>Rep. King, Steve [R-IA-4]</fullName>
        <party>R</party>
        <isOriginalCosponsor>False</isOriginalCosponsor>
        <district>4</district>
        <identifiers>
          <gpoId>7918</gpoId>
          <bioguideId>K000362</bioguideId>
          <lisID>1724</lisID>
        </identifiers>
        <sponsorshipWithdrawnDate />
        <bioguideId>K000362</bioguideId>
        <sponsorshipDate>2016-05-12</sponsorshipDate>
        <firstName>Steve</firstName>
        <middleName />
        <state>IA</state>
        <lastName>King</lastName>
      </item>
    </cosponsors>
    <constitutionalAuthorityStatementText><![CDATA[<pre>From the Congressional Record Online through the Government Publishing Office [<a href='http://www.gpo.gov'>www.gpo.gov</a>]By Mr. GOHMERT:H.J. Res. 93.Congress has the power to enact this legislation pursuantto the following:This resolution is enacted pursuant to the powers conferredby the United States Constitution upon Congress by Article V.which provides that ``The Congress, whenever two thirds ofboth Houses shall deem it necessary, shall propose Amendmentsto this Constitution . . . which shall be valid to allIntents and Purposes, as Part of this Constitution, whenratified by the Legislatures of three fourths of the severalStates . . .''____________________[Page H2214]</pre>]]></constitutionalAuthorityStatementText>
    <committeeReports />
    <originChamber>House</originChamber>
    <summaries>
      <billSummaries>
        <item>
          <actionDate>2016-05-10</actionDate>
          <lastSummaryUpdateDate>2016-05-16T14:16:53Z</lastSummaryUpdateDate>
          <name>Introduced in House</name>
          <text><![CDATA[<p><b>Constitutional Amendment </b> <br> <br> This joint resolution proposes a constitutional amendment prohibiting total outlays for a fiscal year from exceeding total receipts or 18.5% of the economic output of the United States for the fiscal year. The prohibition excludes outlays for repayment of debt principal and receipts derived from borrowing. <br><br> The amendment requires a three-fourths roll call vote of each chamber of Congress to increase the public debt limit or revenue. </p> <p>It also requires the President to submit a balanced budget to Congress annually and specifies that the failure to do so will be considered an impeachable offense. <br> <br> Congress may waive these requirements when: (1) a declaration of war is in effect, or (2) the United States is engaged in a military conflict which causes an imminent and serious military threat to national security that has been declared by a joint resolution. Waivers must identify and be limited to the excess that is necessary for a year due to the identified military conflict.</p> <p><br> </p>]]></text>
          <actionDesc>Introduced in House</actionDesc>
          <updateDate>2016-05-10T04:00:00Z</updateDate>
          <versionCode>00</versionCode>
        </item>
      </billSummaries>
    </summaries>
    <subjects>
      <billSubjects>
        <legislativeSubjects>
          <item>
            <name>Budget deficits and national debt</name>
          </item>
          <item>
            <name>Constitution and constitutional amendments</name>
          </item>
          <item>
            <name>Economic performance and conditions</name>
          </item>
          <item>
            <name>Government ethics and transparency, public corruption</name>
          </item>
          <item>
            <name>Income tax rates</name>
          </item>
          <item>
            <name>Legislative rules and procedure</name>
          </item>
          <item>
            <name>Presidents and presidential powers, Vice Presidents</name>
          </item>
        </legislativeSubjects>
        <policyArea>
          <name>Economics and Public Finance</name>
        </policyArea>
      </billSubjects>
    </subjects>
    <createDate>2016-05-11T05:42:59Z</createDate>
    <notes />
    <committees>
      <billCommittees>
        <item>
          <chamber>House</chamber>
          <type>Standing</type>
          <name>Judiciary Committee</name>
          <activities>
            <item>
              <name>Referred to</name>
              <date>2016-05-10T16:00:33Z</date>
            </item>
          </activities>
          <subcommittees>
            <item>
              <name>Constitution and Civil Justice Subcommittee</name>
              <systemCode>hsju10</systemCode>
              <activities>
                <item>
                  <name>Referred to</name>
                  <date>2016-05-17T13:47:42Z</date>
                </item>
              </activities>
            </item>
          </subcommittees>
          <systemCode>hsju00</systemCode>
        </item>
      </billCommittees>
    </committees>
  </bill>
  <dublinCore xmlns:dc="http://purl.org/dc/elements/1.1/">
    <dc:format>text/xml</dc:format>
    <dc:language>EN</dc:language>
    <dc:rights>Pursuant to Title 17 Section 105 of the United States Code, this file is not subject to copyright protection and is in the public domain.</dc:rights>
    <dc:contributor>Congressional Research Service, Library of Congress</dc:contributor>
    <dc:description>This file contains bill summaries and statuses for federal legislation. A bill summary describes the most significant provisions of a piece of legislation and details the effects the legislative text may have on current law and federal programs. Bill summaries are authored by the Congressional Research Service (CRS) of the Library of Congress. As stated in Public Law 91-510 (2 USC 166 (d)(6)), one of the duties of CRS is "to prepare summaries and digests of bills and resolutions of a public general nature introduced in the Senate or House of Representatives". For more information, refer to the User Guide that accompanies this file.</dc:description>
  </dublinCore>
</billStatus>

