<?xml version="1.0" encoding="UTF-8"?>
<billStatus>
  <bill>
    <committees>
      <billCommittees>
        <item>
          <name>Foreign Affairs Committee</name>
          <activities>
            <item>
              <name>Referred to</name>
              <date>2015-07-31T17:01:05Z</date>
            </item>
          </activities>
          <subcommittees />
          <chamber>House</chamber>
          <type>Standing</type>
          <systemCode>hsfa00</systemCode>
        </item>
      </billCommittees>
    </committees>
    <calendarNumbers />
    <sponsors>
      <item>
        <identifiers>
          <lisID>998</lisID>
          <gpoId>7845</gpoId>
          <bioguideId>R000487</bioguideId>
        </identifiers>
        <district>39</district>
        <fullName>Rep. Royce, Edward R. [R-CA-39]</fullName>
        <lastName>ROYCE</lastName>
        <middleName />
        <bioguideId>R000487</bioguideId>
        <party>R</party>
        <firstName>ED</firstName>
        <state>CA</state>
        <byRequestType>Two Sponsors by request</byRequestType>
      </item>
    </sponsors>
    <billType>HJRES</billType>
    <summaries>
      <billSummaries>
        <item>
          <text><![CDATA[<p>States that Congress favors the proposed Agreement for Cooperation Between the Government of the United States of America and the Government of the Republic of Korea Concerning Peaceful Uses of Nuclear Energy transmitted to the President on June 16, 2015.</p>]]></text>
          <name>Introduced in House</name>
          <actionDesc>Introduced in House</actionDesc>
          <actionDate>2015-07-31</actionDate>
          <lastSummaryUpdateDate>2015-08-27T19:14:27Z</lastSummaryUpdateDate>
          <updateDate>2015-07-31T04:00:00Z</updateDate>
          <versionCode>00</versionCode>
        </item>
      </billSummaries>
    </summaries>
    <titles>
      <item>
        <titleType>Official Title as Introduced</titleType>
        <chamberName />
        <title>Providing for the approval of the Congress of the proposed Agreement for Cooperation Between the Government of the United States of America and the Government of the Republic of Korea Concerning Peaceful Uses of Nuclear Energy transmitted on June 16, 2015.</title>
        <chamberCode />
        <parentTitleType />
      </item>
      <item>
        <titleType>Display Title</titleType>
        <chamberName />
        <title>Providing for the approval of the Congress of the proposed Agreement for Cooperation Between the Government of the United States of America and the Government of the Republic of Korea Concerning Peaceful Uses of Nuclear Energy transmitted on June 16, 2015.</title>
        <chamberCode />
        <parentTitleType />
      </item>
    </titles>
    <billNumber>63</billNumber>
    <constitutionalAuthorityStatementText><![CDATA[<pre>From the Congressional Record Online through the Government Publishing Office [<a href='http://www.gpo.gov'>www.gpo.gov</a>]By Mr. ROYCE:H.J. Res. 63.Congress has the power to enact this legislation pursuantto the following:Article I, section 8 of the Constitution of the UnitedStates____________________[Page H5783]</pre>]]></constitutionalAuthorityStatementText>
    <cboCostEstimates />
    <title>Providing for the approval of the Congress of the proposed Agreement for Cooperation Between the Government of the United States of America and the Government of the Republic of Korea Concerning Peaceful Uses of Nuclear Energy transmitted on June 16, 2015.</title>
    <amendments />
    <actions>
      <item>
        <links />
        <type>IntroReferral</type>
        <actionCode>H11100</actionCode>
        <committee>
          <systemCode>hsfa00</systemCode>
          <name>Foreign Affairs Committee</name>
        </committee>
        <text>Referred to the House Committee on Foreign Affairs.</text>
        <sourceSystem>
          <code>2</code>
          <name>House floor actions</name>
        </sourceSystem>
        <actionDate>2015-07-31</actionDate>
      </item>
      <item>
        <links />
        <type>IntroReferral</type>
        <actionCode>Intro-H</actionCode>
        <committee />
        <text>Introduced in House</text>
        <sourceSystem>
          <code>9</code>
          <name>Library of Congress</name>
        </sourceSystem>
        <actionDate>2015-07-31</actionDate>
      </item>
      <item>
        <links />
        <type>IntroReferral</type>
        <actionCode>1000</actionCode>
        <committee />
        <text>Introduced in House</text>
        <sourceSystem>
          <code>9</code>
          <name>Library of Congress</name>
        </sourceSystem>
        <actionDate>2015-07-31</actionDate>
      </item>
      <actionByCounts>
        <houseOfRepresentatives>3</houseOfRepresentatives>
      </actionByCounts>
      <actionTypeCounts>
        <billReferrals>1</billReferrals>
        <introducedInHouse>1</introducedInHouse>
        <introducedInTheHouse>1</introducedInTheHouse>
      </actionTypeCounts>
    </actions>
    <notes />
    <updateDate>2017-01-11T14:36:01Z</updateDate>
    <createDate>2015-08-01T07:49:32Z</createDate>
    <recordedVotes />
    <introducedDate>2015-07-31</introducedDate>
    <congress>114</congress>
    <committeeReports />
    <laws />
    <cosponsors>
      <item>
        <sponsorshipWithdrawnDate />
        <lastName>ENGEL</lastName>
        <state>NY</state>
        <middleName>L.</middleName>
        <sponsorshipDate>2015-07-31</sponsorshipDate>
        <identifiers>
          <lisID>344</lisID>
          <gpoId>8078</gpoId>
          <bioguideId>E000179</bioguideId>
        </identifiers>
        <isOriginalCosponsor>True</isOriginalCosponsor>
        <party>D</party>
        <bioguideId>E000179</bioguideId>
        <firstName>ELIOT</firstName>
        <fullName>Rep. Engel, Eliot L. [D-NY-16]</fullName>
        <district>16</district>
      </item>
    </cosponsors>
    <originChamber>House</originChamber>
    <latestAction>
      <links />
      <text>Referred to the House Committee on Foreign Affairs.</text>
      <actionDate>2015-07-31</actionDate>
    </latestAction>
    <policyArea>
      <name>International Affairs</name>
    </policyArea>
    <relatedBills>
      <item>
        <type>SJRES</type>
        <congress>114</congress>
        <number>20</number>
        <latestTitle>A joint resolution relating to the approval of the proposed Agreement for Cooperation Between the United States of America and the Government of the Republic of Korea Concerning Peaceful Uses of Nuclear Energy.</latestTitle>
        <relationshipDetails>
          <item>
            <type>Identical bill</type>
            <identifiedBy>CRS</identifiedBy>
          </item>
        </relationshipDetails>
        <latestAction>
          <actionDate>2015-10-29</actionDate>
          <text>Placed on Senate Legislative Calendar under General Orders. Calendar No. 285.</text>
        </latestAction>
      </item>
    </relatedBills>
    <subjects>
      <billSubjects>
        <legislativeSubjects>
          <item>
            <name>Asia</name>
          </item>
          <item>
            <name>Congressional oversight</name>
          </item>
          <item>
            <name>International law and treaties</name>
          </item>
          <item>
            <name>International organizations and cooperation</name>
          </item>
          <item>
            <name>Nuclear power</name>
          </item>
          <item>
            <name>South Korea</name>
          </item>
        </legislativeSubjects>
        <policyArea>
          <name>International Affairs</name>
        </policyArea>
      </billSubjects>
    </subjects>
  </bill>
  <dublinCore xmlns:dc="http://purl.org/dc/elements/1.1/">
    <dc:format>text/xml</dc:format>
    <dc:language>EN</dc:language>
    <dc:rights>Pursuant to Title 17 Section 105 of the United States Code, this file is not subject to copyright protection and is in the public domain.</dc:rights>
    <dc:contributor>Congressional Research Service, Library of Congress</dc:contributor>
    <dc:description>This file contains bill summaries and statuses for federal legislation. A bill summary describes the most significant provisions of a piece of legislation and details the effects the legislative text may have on current law and federal programs. Bill summaries are authored by the Congressional Research Service (CRS) of the Library of Congress. As stated in Public Law 91-510 (2 USC 166 (d)(6)), one of the duties of CRS is "to prepare summaries and digests of bills and resolutions of a public general nature introduced in the Senate or House of Representatives". For more information, refer to the User Guide that accompanies this file.</dc:description>
  </dublinCore>
</billStatus>

