<?xml version="1.0" encoding="UTF-8"?>
<billStatus>
  <bill>
    <actions>
      <actionTypeCounts>
        <introducedInTheHouse>1</introducedInTheHouse>
        <billReferrals>1</billReferrals>
        <introducedInHouse>1</introducedInHouse>
      </actionTypeCounts>
      <item>
        <text>Referred to the House Committee on Oversight and Government Reform.</text>
        <committee>
          <name>Oversight and Government Reform Committee</name>
          <systemCode>hsgo00</systemCode>
        </committee>
        <type>IntroReferral</type>
        <actionDate>2015-01-06</actionDate>
        <sourceSystem>
          <code>2</code>
          <name>House floor actions</name>
        </sourceSystem>
        <links />
        <actionCode>H11100</actionCode>
      </item>
      <item>
        <text>Introduced in House</text>
        <committee />
        <type>IntroReferral</type>
        <actionDate>2015-01-06</actionDate>
        <sourceSystem>
          <code>9</code>
          <name>Library of Congress</name>
        </sourceSystem>
        <links />
        <actionCode>Intro-H</actionCode>
      </item>
      <item>
        <text>Introduced in House</text>
        <committee />
        <type>IntroReferral</type>
        <actionDate>2015-01-06</actionDate>
        <sourceSystem>
          <code>9</code>
          <name>Library of Congress</name>
        </sourceSystem>
        <links />
        <actionCode>1000</actionCode>
      </item>
      <actionByCounts>
        <houseOfRepresentatives>3</houseOfRepresentatives>
      </actionByCounts>
    </actions>
    <amendments />
    <updateDate>2017-01-11T14:35:35Z</updateDate>
    <titles>
      <item>
        <chamberCode />
        <titleType>Official Title as Introduced</titleType>
        <chamberName />
        <title>Expressing support for designation of September 2015 as "Gospel Music Heritage Month" and honoring gospel music for its valuable and longstanding contributions to the culture of the United States.</title>
        <parentTitleType />
      </item>
      <item>
        <chamberCode />
        <titleType>Display Title</titleType>
        <chamberName />
        <title>Expressing support for designation of September 2015 as "Gospel Music Heritage Month" and honoring gospel music for its valuable and longstanding contributions to the culture of the United States.</title>
        <parentTitleType />
      </item>
    </titles>
    <notes />
    <originChamber>House</originChamber>
    <committeeReports />
    <introducedDate>2015-01-06</introducedDate>
    <sponsors>
      <item>
        <middleName />
        <firstName>SHEILA</firstName>
        <bioguideId>J000032</bioguideId>
        <district>18</district>
        <byRequestType />
        <state>TX</state>
        <identifiers>
          <lisID>588</lisID>
          <gpoId>8174</gpoId>
          <bioguideId>J000032</bioguideId>
        </identifiers>
        <party>D</party>
        <lastName>JACKSON LEE</lastName>
        <fullName>Rep. Jackson Lee, Sheila [D-TX-18]</fullName>
      </item>
    </sponsors>
    <summaries>
      <billSummaries>
        <item>
          <lastSummaryUpdateDate>2015-02-03T21:38:14Z</lastSummaryUpdateDate>
          <actionDate>2015-01-06</actionDate>
          <text><![CDATA[<p>Supports the designation of Gospel Music Heritage Month, which would recognize the contributions to U.S. culture derived from the rich heritage of gospel music and gospel music artists. </p>]]></text>
          <updateDate>2015-01-06T05:00:00Z</updateDate>
          <name>Introduced in House</name>
          <versionCode>00</versionCode>
          <actionDesc>Introduced in House</actionDesc>
        </item>
      </billSummaries>
    </summaries>
    <calendarNumbers />
    <latestAction>
      <actionDate>2015-01-06</actionDate>
      <links />
      <text>Referred to the House Committee on Oversight and Government Reform.</text>
    </latestAction>
    <congress>114</congress>
    <cosponsors />
    <relatedBills />
    <subjects>
      <billSubjects>
        <policyArea>
          <name>Arts, Culture, Religion</name>
        </policyArea>
        <legislativeSubjects>
          <item>
            <name>Commemorative events and holidays</name>
          </item>
          <item>
            <name>Music</name>
          </item>
          <item>
            <name>Religion</name>
          </item>
        </legislativeSubjects>
      </billSubjects>
    </subjects>
    <laws />
    <constitutionalAuthorityStatementText><![CDATA[<pre>From the Congressional Record Online through the Government Publishing Office [<a href='http://www.gpo.gov'>www.gpo.gov</a>]By Ms. JACKSON LEE:H.J. Res. 3.Congress has the power to enact this legislation pursuantto the following:This bill is enacted pursuant to the power granted toCongress under Article 1, Section 8, Clause 1 of the UnitedStates Constitution.[Page H49]</pre>]]></constitutionalAuthorityStatementText>
    <title>Expressing support for designation of September 2015 as "Gospel Music Heritage Month" and honoring gospel music for its valuable and longstanding contributions to the culture of the United States.</title>
    <recordedVotes />
    <cboCostEstimates />
    <committees>
      <billCommittees>
        <item>
          <chamber>House</chamber>
          <subcommittees />
          <type>Standing</type>
          <name>Oversight and Government Reform Committee</name>
          <activities>
            <item>
              <name>Referred to</name>
              <date>2015-01-06T17:11:40Z</date>
            </item>
          </activities>
          <systemCode>hsgo00</systemCode>
        </item>
      </billCommittees>
    </committees>
    <createDate>2015-01-07T09:38:03Z</createDate>
    <billType>HJRES</billType>
    <billNumber>3</billNumber>
    <policyArea>
      <name>Arts, Culture, Religion</name>
    </policyArea>
  </bill>
  <dublinCore xmlns:dc="http://purl.org/dc/elements/1.1/">
    <dc:format>text/xml</dc:format>
    <dc:language>EN</dc:language>
    <dc:rights>Pursuant to Title 17 Section 105 of the United States Code, this file is not subject to copyright protection and is in the public domain.</dc:rights>
    <dc:contributor>Congressional Research Service, Library of Congress</dc:contributor>
    <dc:description>This file contains bill summaries and statuses for federal legislation. A bill summary describes the most significant provisions of a piece of legislation and details the effects the legislative text may have on current law and federal programs. Bill summaries are authored by the Congressional Research Service (CRS) of the Library of Congress. As stated in Public Law 91-510 (2 USC 166 (d)(6)), one of the duties of CRS is "to prepare summaries and digests of bills and resolutions of a public general nature introduced in the Senate or House of Representatives". For more information, refer to the User Guide that accompanies this file.</dc:description>
  </dublinCore>
</billStatus>

