<?xml version="1.0" encoding="UTF-8"?>
<billStatus>
  <bill>
    <congress>114</congress>
    <calendarNumbers />
    <cboCostEstimates />
    <actions>
      <item>
        <actionDate>2015-06-01</actionDate>
        <committee>
          <systemCode>hsju10</systemCode>
          <name>Constitution and Civil Justice Subcommittee</name>
        </committee>
        <links />
        <sourceSystem>
          <code>1</code>
          <name>House committee actions</name>
        </sourceSystem>
        <text>Referred to the Subcommittee on the Constitution and Civil Justice.</text>
        <type>Committee</type>
      </item>
      <item>
        <sourceSystem>
          <code>2</code>
          <name>House floor actions</name>
        </sourceSystem>
        <type>IntroReferral</type>
        <actionDate>2015-05-20</actionDate>
        <committee>
          <systemCode>hsju00</systemCode>
          <name>Judiciary Committee</name>
        </committee>
        <text>Referred to the House Committee on the Judiciary.</text>
        <actionCode>H11100</actionCode>
        <links />
      </item>
      <item>
        <sourceSystem>
          <code>9</code>
          <name>Library of Congress</name>
        </sourceSystem>
        <type>IntroReferral</type>
        <actionDate>2015-05-20</actionDate>
        <committee />
        <text>Introduced in House</text>
        <actionCode>Intro-H</actionCode>
        <links />
      </item>
      <item>
        <sourceSystem>
          <code>9</code>
          <name>Library of Congress</name>
        </sourceSystem>
        <type>IntroReferral</type>
        <actionDate>2015-05-20</actionDate>
        <committee />
        <text>Introduced in House</text>
        <actionCode>1000</actionCode>
        <links />
      </item>
      <actionByCounts>
        <houseOfRepresentatives>4</houseOfRepresentatives>
      </actionByCounts>
      <actionTypeCounts>
        <introducedInTheHouse>1</introducedInTheHouse>
        <introducedInHouse>1</introducedInHouse>
        <billReferrals>1</billReferrals>
        <placeholderTextForH>1</placeholderTextForH>
      </actionTypeCounts>
    </actions>
    <relatedBills />
    <latestAction>
      <text>Referred to the Subcommittee on the Constitution and Civil Justice.</text>
      <links />
      <actionDate>2015-06-01</actionDate>
    </latestAction>
    <originChamber>House</originChamber>
    <title>Proposing a balanced budget amendment to the Constitution of the United States.</title>
    <titles>
      <item>
        <chamberCode />
        <titleType>Official Title as Introduced</titleType>
        <chamberName />
        <title>Proposing a balanced budget amendment to the Constitution of the United States.</title>
        <parentTitleType />
      </item>
      <item>
        <chamberCode />
        <titleType>Display Title</titleType>
        <chamberName />
        <title>Proposing a balanced budget amendment to the Constitution of the United States.</title>
        <parentTitleType />
      </item>
    </titles>
    <committeeReports />
    <updateDate>2017-01-11T14:35:57Z</updateDate>
    <billType>HJRES</billType>
    <recordedVotes />
    <subjects>
      <billSubjects>
        <legislativeSubjects>
          <item>
            <name>Budget deficits and national debt</name>
          </item>
          <item>
            <name>Constitution and constitutional amendments</name>
          </item>
          <item>
            <name>Legislative rules and procedure</name>
          </item>
        </legislativeSubjects>
        <policyArea>
          <name>Economics and Public Finance</name>
        </policyArea>
      </billSubjects>
    </subjects>
    <policyArea>
      <name>Economics and Public Finance</name>
    </policyArea>
    <laws />
    <amendments />
    <committees>
      <billCommittees>
        <item>
          <activities>
            <item>
              <name>Referred to</name>
              <date>2015-05-20T14:02:40Z</date>
            </item>
          </activities>
          <chamber>House</chamber>
          <systemCode>hsju00</systemCode>
          <name>Judiciary Committee</name>
          <subcommittees>
            <item>
              <activities>
                <item>
                  <name>Referred to</name>
                  <date>2015-06-01T13:12:13Z</date>
                </item>
              </activities>
              <name>Constitution and Civil Justice Subcommittee</name>
              <systemCode>hsju10</systemCode>
            </item>
          </subcommittees>
          <type>Standing</type>
        </item>
      </billCommittees>
    </committees>
    <sponsors>
      <item>
        <identifiers>
          <bioguideId>B001290</bioguideId>
          <gpoId />
          <lisID>2203</lisID>
        </identifiers>
        <state>VA</state>
        <bioguideId>B001290</bioguideId>
        <lastName>Brat</lastName>
        <middleName />
        <party>R</party>
        <district>7</district>
        <fullName>Rep. Brat, Dave [R-VA-7]</fullName>
        <byRequestType />
        <firstName>Dave</firstName>
      </item>
    </sponsors>
    <introducedDate>2015-05-20</introducedDate>
    <summaries>
      <billSummaries>
        <item>
          <lastSummaryUpdateDate>2015-05-21T13:18:32Z</lastSummaryUpdateDate>
          <actionDate>2015-05-20</actionDate>
          <text><![CDATA[<p><b>Constitutional Amendment </b></p> <p>This joint resolution proposes a constitutional amendment requiring federal expenditures and receipts to be balanced, excluding expenditures for payment of debt and receipts derived from borrowing. The requirement may be met over more than one year to accommodate economic conditions.</p> <p>In emergency situations, two-thirds of the House of Representatives and the Senate may authorize expenditures to exceed receipts for a limited time. Debts from emergency expenditures must be paid as soon as practicable. </p> <p>Congress may enforce the article with legislation, which must require compliance within 10 years of ratification. </p>]]></text>
          <updateDate>2015-05-20T04:00:00Z</updateDate>
          <name>Introduced in House</name>
          <versionCode>00</versionCode>
          <actionDesc>Introduced in House</actionDesc>
        </item>
      </billSummaries>
    </summaries>
    <notes />
    <createDate>2015-05-21T09:20:46Z</createDate>
    <billNumber>55</billNumber>
    <cosponsors>
      <item>
        <lastName>Ribble</lastName>
        <state>WI</state>
        <bioguideId>R000587</bioguideId>
        <firstName>Reid</firstName>
        <identifiers>
          <lisID>2073</lisID>
          <gpoId>8221</gpoId>
          <bioguideId>R000587</bioguideId>
        </identifiers>
        <sponsorshipDate>2015-06-25</sponsorshipDate>
        <party>R</party>
        <isOriginalCosponsor>False</isOriginalCosponsor>
        <sponsorshipWithdrawnDate />
        <district>8</district>
        <fullName>Rep. Ribble, Reid J. [R-WI-8]</fullName>
        <middleName>J.</middleName>
      </item>
      <item>
        <lastName>Amash</lastName>
        <state>MI</state>
        <bioguideId>A000367</bioguideId>
        <firstName>Justin</firstName>
        <identifiers>
          <gpoId>7988</gpoId>
          <bioguideId>A000367</bioguideId>
          <lisID>2029</lisID>
        </identifiers>
        <sponsorshipDate>2015-06-25</sponsorshipDate>
        <party>R</party>
        <isOriginalCosponsor>False</isOriginalCosponsor>
        <sponsorshipWithdrawnDate />
        <district>3</district>
        <fullName>Rep. Amash, Justin [R-MI-3]</fullName>
        <middleName />
      </item>
      <item>
        <lastName>Zinke</lastName>
        <state>MT</state>
        <bioguideId>Z000018</bioguideId>
        <firstName>Ryan</firstName>
        <identifiers>
          <bioguideId>Z000018</bioguideId>
          <lisID>2254</lisID>
          <gpoId />
        </identifiers>
        <sponsorshipDate>2015-06-25</sponsorshipDate>
        <party>R</party>
        <isOriginalCosponsor>False</isOriginalCosponsor>
        <sponsorshipWithdrawnDate />
        <district>0</district>
        <fullName>Rep. Zinke, Ryan K. [R-MT-At Large]</fullName>
        <middleName>K.</middleName>
      </item>
      <item>
        <lastName>Cramer</lastName>
        <state>ND</state>
        <bioguideId>C001096</bioguideId>
        <firstName>Kevin</firstName>
        <identifiers>
          <lisID>2144</lisID>
          <gpoId />
          <bioguideId>C001096</bioguideId>
        </identifiers>
        <sponsorshipDate>2015-06-25</sponsorshipDate>
        <party>R</party>
        <isOriginalCosponsor>False</isOriginalCosponsor>
        <sponsorshipWithdrawnDate />
        <district>0</district>
        <fullName>Rep. Cramer, Kevin [R-ND-At Large]</fullName>
        <middleName />
      </item>
      <item>
        <lastName>Gosar</lastName>
        <state>AZ</state>
        <bioguideId>G000565</bioguideId>
        <firstName>Paul</firstName>
        <identifiers>
          <lisID>1992</lisID>
          <gpoId>7798</gpoId>
          <bioguideId>G000565</bioguideId>
        </identifiers>
        <sponsorshipDate>2015-06-25</sponsorshipDate>
        <party>R</party>
        <isOriginalCosponsor>False</isOriginalCosponsor>
        <sponsorshipWithdrawnDate />
        <district>4</district>
        <fullName>Rep. Gosar, Paul A. [R-AZ-4]</fullName>
        <middleName>A.</middleName>
      </item>
      <item>
        <lastName>Perry</lastName>
        <state>PA</state>
        <bioguideId>P000605</bioguideId>
        <firstName>Scott</firstName>
        <identifiers>
          <gpoId />
          <bioguideId>P000605</bioguideId>
          <lisID>2157</lisID>
        </identifiers>
        <sponsorshipDate>2015-06-25</sponsorshipDate>
        <party>R</party>
        <isOriginalCosponsor>False</isOriginalCosponsor>
        <sponsorshipWithdrawnDate />
        <district>4</district>
        <fullName>Rep. Perry, Scott [R-PA-4]</fullName>
        <middleName />
      </item>
      <item>
        <lastName>Newhouse</lastName>
        <state>WA</state>
        <bioguideId>N000189</bioguideId>
        <firstName>Dan</firstName>
        <identifiers>
          <bioguideId>N000189</bioguideId>
          <gpoId />
          <lisID>2275</lisID>
        </identifiers>
        <sponsorshipDate>2015-06-25</sponsorshipDate>
        <party>R</party>
        <isOriginalCosponsor>False</isOriginalCosponsor>
        <sponsorshipWithdrawnDate />
        <district>4</district>
        <fullName>Rep. Newhouse, Dan [R-WA-4]</fullName>
        <middleName />
      </item>
      <item>
        <lastName>Walberg</lastName>
        <state>MI</state>
        <bioguideId>W000798</bioguideId>
        <firstName>Tim</firstName>
        <identifiers>
          <lisID>1855</lisID>
          <gpoId>7992</gpoId>
          <bioguideId>W000798</bioguideId>
        </identifiers>
        <sponsorshipDate>2015-06-25</sponsorshipDate>
        <party>R</party>
        <isOriginalCosponsor>False</isOriginalCosponsor>
        <sponsorshipWithdrawnDate />
        <district>7</district>
        <fullName>Rep. Walberg, Tim [R-MI-7]</fullName>
        <middleName />
      </item>
      <item>
        <lastName>Massie</lastName>
        <state>KY</state>
        <bioguideId>M001184</bioguideId>
        <firstName>Thomas</firstName>
        <identifiers>
          <lisID>2094</lisID>
          <gpoId>8371</gpoId>
          <bioguideId>M001184</bioguideId>
        </identifiers>
        <sponsorshipDate>2015-06-25</sponsorshipDate>
        <party>R</party>
        <isOriginalCosponsor>False</isOriginalCosponsor>
        <sponsorshipWithdrawnDate />
        <district>4</district>
        <fullName>Rep. Massie, Thomas [R-KY-4]</fullName>
        <middleName />
      </item>
      <item>
        <lastName>Mooney</lastName>
        <state>WV</state>
        <bioguideId>M001195</bioguideId>
        <firstName>Alexander</firstName>
        <identifiers>
          <lisID>2277</lisID>
          <gpoId />
          <bioguideId>M001195</bioguideId>
        </identifiers>
        <sponsorshipDate>2015-06-25</sponsorshipDate>
        <party>R</party>
        <isOriginalCosponsor>False</isOriginalCosponsor>
        <sponsorshipWithdrawnDate />
        <district>2</district>
        <fullName>Rep. Mooney, Alexander X. [R-WV-2]</fullName>
        <middleName>X.</middleName>
      </item>
      <item>
        <lastName>McClintock</lastName>
        <state>CA</state>
        <bioguideId>M001177</bioguideId>
        <firstName>Tom</firstName>
        <identifiers>
          <gpoId>7809</gpoId>
          <bioguideId>M001177</bioguideId>
          <lisID>1908</lisID>
        </identifiers>
        <sponsorshipDate>2015-06-25</sponsorshipDate>
        <party>R</party>
        <isOriginalCosponsor>False</isOriginalCosponsor>
        <sponsorshipWithdrawnDate />
        <district>4</district>
        <fullName>Rep. McClintock, Tom [R-CA-4]</fullName>
        <middleName />
      </item>
      <item>
        <lastName>Guthrie</lastName>
        <state>KY</state>
        <bioguideId>G000558</bioguideId>
        <firstName>Brett</firstName>
        <identifiers>
          <lisID>1922</lisID>
          <gpoId>7954</gpoId>
          <bioguideId>G000558</bioguideId>
        </identifiers>
        <sponsorshipDate>2015-07-08</sponsorshipDate>
        <party>R</party>
        <isOriginalCosponsor>False</isOriginalCosponsor>
        <sponsorshipWithdrawnDate />
        <district>2</district>
        <fullName>Rep. Guthrie, Brett [R-KY-2]</fullName>
        <middleName />
      </item>
      <item>
        <lastName>Griffith</lastName>
        <state>VA</state>
        <bioguideId>G000568</bioguideId>
        <firstName>H.</firstName>
        <identifiers>
          <bioguideId>G000568</bioguideId>
          <lisID>2070</lisID>
          <gpoId>8200</gpoId>
        </identifiers>
        <sponsorshipDate>2015-07-08</sponsorshipDate>
        <party>R</party>
        <isOriginalCosponsor>False</isOriginalCosponsor>
        <sponsorshipWithdrawnDate />
        <district>9</district>
        <fullName>Rep. Griffith, H. Morgan [R-VA-9]</fullName>
        <middleName>Morgan</middleName>
      </item>
      <item>
        <lastName>Clawson</lastName>
        <state>FL</state>
        <bioguideId>C001102</bioguideId>
        <firstName>Curt</firstName>
        <identifiers>
          <bioguideId>C001102</bioguideId>
          <lisID>2200</lisID>
          <gpoId />
        </identifiers>
        <sponsorshipDate>2015-07-16</sponsorshipDate>
        <party>R</party>
        <isOriginalCosponsor>False</isOriginalCosponsor>
        <sponsorshipWithdrawnDate />
        <district>19</district>
        <fullName>Rep. Clawson, Curt [R-FL-19]</fullName>
        <middleName />
      </item>
      <item>
        <lastName>JONES</lastName>
        <state>NC</state>
        <bioguideId>J000255</bioguideId>
        <firstName>WALTER</firstName>
        <identifiers>
          <gpoId>8026</gpoId>
          <bioguideId>J000255</bioguideId>
          <lisID>612</lisID>
        </identifiers>
        <sponsorshipDate>2015-07-27</sponsorshipDate>
        <party>R</party>
        <isOriginalCosponsor>False</isOriginalCosponsor>
        <sponsorshipWithdrawnDate />
        <district>3</district>
        <fullName>Rep. Jones, Walter B., Jr. [R-NC-3]</fullName>
        <middleName>B.</middleName>
      </item>
      <item>
        <lastName>Posey</lastName>
        <state>FL</state>
        <bioguideId>P000599</bioguideId>
        <firstName>Bill</firstName>
        <identifiers>
          <bioguideId>P000599</bioguideId>
          <lisID>1915</lisID>
          <gpoId>7887</gpoId>
        </identifiers>
        <sponsorshipDate>2015-07-27</sponsorshipDate>
        <party>R</party>
        <isOriginalCosponsor>False</isOriginalCosponsor>
        <sponsorshipWithdrawnDate />
        <district>8</district>
        <fullName>Rep. Posey, Bill [R-FL-8]</fullName>
        <middleName />
      </item>
      <item>
        <lastName>Duncan</lastName>
        <state>SC</state>
        <bioguideId>D000615</bioguideId>
        <firstName>Jeff</firstName>
        <identifiers>
          <lisID>2057</lisID>
          <gpoId>8143</gpoId>
          <bioguideId>D000615</bioguideId>
        </identifiers>
        <sponsorshipDate>2015-07-27</sponsorshipDate>
        <party>R</party>
        <isOriginalCosponsor>False</isOriginalCosponsor>
        <sponsorshipWithdrawnDate />
        <district>3</district>
        <fullName>Rep. Duncan, Jeff [R-SC-3]</fullName>
        <middleName />
      </item>
      <item>
        <lastName>ROHRABACHER</lastName>
        <state>CA</state>
        <bioguideId>R000409</bioguideId>
        <firstName>DANA</firstName>
        <identifiers>
          <bioguideId>R000409</bioguideId>
          <gpoId>7851</gpoId>
          <lisID>979</lisID>
        </identifiers>
        <sponsorshipDate>2015-07-27</sponsorshipDate>
        <party>R</party>
        <isOriginalCosponsor>False</isOriginalCosponsor>
        <sponsorshipWithdrawnDate />
        <district>48</district>
        <fullName>Rep. Rohrabacher, Dana [R-CA-48]</fullName>
        <middleName />
      </item>
      <item>
        <lastName>Sanford</lastName>
        <state>SC</state>
        <bioguideId>S000051</bioguideId>
        <firstName>Mark</firstName>
        <identifiers>
          <bioguideId>S000051</bioguideId>
          <lisID>1012</lisID>
          <gpoId />
        </identifiers>
        <sponsorshipDate>2015-07-27</sponsorshipDate>
        <party>R</party>
        <isOriginalCosponsor>False</isOriginalCosponsor>
        <sponsorshipWithdrawnDate />
        <district>1</district>
        <fullName>Rep. Sanford, Mark [R-SC-1]</fullName>
        <middleName />
      </item>
      <item>
        <lastName>Harris</lastName>
        <state>MD</state>
        <bioguideId>H001052</bioguideId>
        <firstName>Andy</firstName>
        <identifiers>
          <bioguideId>H001052</bioguideId>
          <lisID>2026</lisID>
          <gpoId>7976</gpoId>
        </identifiers>
        <sponsorshipDate>2015-07-27</sponsorshipDate>
        <party>R</party>
        <isOriginalCosponsor>False</isOriginalCosponsor>
        <sponsorshipWithdrawnDate />
        <district>1</district>
        <fullName>Rep. Harris, Andy [R-MD-1]</fullName>
        <middleName />
      </item>
      <item>
        <lastName>Labrador</lastName>
        <state>ID</state>
        <bioguideId>L000573</bioguideId>
        <firstName>Raul</firstName>
        <identifiers>
          <gpoId>7919</gpoId>
          <bioguideId>L000573</bioguideId>
          <lisID>2011</lisID>
        </identifiers>
        <sponsorshipDate>2015-07-27</sponsorshipDate>
        <party>R</party>
        <isOriginalCosponsor>False</isOriginalCosponsor>
        <sponsorshipWithdrawnDate />
        <district>1</district>
        <fullName>Rep. Labrador, Raul R. [R-ID-1]</fullName>
        <middleName>R.</middleName>
      </item>
      <item>
        <lastName>Rigell</lastName>
        <state>VA</state>
        <bioguideId>R000589</bioguideId>
        <firstName>E.</firstName>
        <identifiers>
          <bioguideId>R000589</bioguideId>
          <gpoId>8193</gpoId>
          <lisID>2068</lisID>
        </identifiers>
        <sponsorshipDate>2015-07-27</sponsorshipDate>
        <party>R</party>
        <isOriginalCosponsor>False</isOriginalCosponsor>
        <sponsorshipWithdrawnDate />
        <district>2</district>
        <fullName>Rep. Rigell, E. Scott [R-VA-2]</fullName>
        <middleName>Scott</middleName>
      </item>
      <item>
        <lastName>Yoho</lastName>
        <state>FL</state>
        <bioguideId>Y000065</bioguideId>
        <firstName>Ted</firstName>
        <identifiers>
          <bioguideId>Y000065</bioguideId>
          <lisID>2115</lisID>
          <gpoId />
        </identifiers>
        <sponsorshipDate>2015-07-27</sponsorshipDate>
        <party>R</party>
        <isOriginalCosponsor>False</isOriginalCosponsor>
        <sponsorshipWithdrawnDate />
        <district>3</district>
        <fullName>Rep. Yoho, Ted S. [R-FL-3]</fullName>
        <middleName>S.</middleName>
      </item>
      <item>
        <lastName>Gowdy</lastName>
        <state>SC</state>
        <bioguideId>G000566</bioguideId>
        <firstName>Trey</firstName>
        <identifiers>
          <bioguideId>G000566</bioguideId>
          <lisID>2058</lisID>
          <gpoId>8144</gpoId>
        </identifiers>
        <sponsorshipDate>2015-07-27</sponsorshipDate>
        <party>R</party>
        <isOriginalCosponsor>False</isOriginalCosponsor>
        <sponsorshipWithdrawnDate />
        <district>4</district>
        <fullName>Rep. Gowdy, Trey [R-SC-4]</fullName>
        <middleName />
      </item>
      <item>
        <lastName>Stutzman</lastName>
        <state>IN</state>
        <bioguideId>S001188</bioguideId>
        <firstName>Marlin</firstName>
        <identifiers>
          <bioguideId>S001188</bioguideId>
          <gpoId>7942</gpoId>
          <lisID>1981</lisID>
        </identifiers>
        <sponsorshipDate>2015-07-27</sponsorshipDate>
        <party>R</party>
        <isOriginalCosponsor>False</isOriginalCosponsor>
        <sponsorshipWithdrawnDate />
        <district>3</district>
        <fullName>Rep. Stutzman, Marlin A. [R-IN-3]</fullName>
        <middleName>A.</middleName>
      </item>
      <item>
        <lastName>Messer</lastName>
        <state>IN</state>
        <bioguideId>M001189</bioguideId>
        <firstName>Luke</firstName>
        <identifiers>
          <bioguideId>M001189</bioguideId>
          <lisID>2130</lisID>
          <gpoId />
        </identifiers>
        <sponsorshipDate>2015-07-27</sponsorshipDate>
        <party>R</party>
        <isOriginalCosponsor>False</isOriginalCosponsor>
        <sponsorshipWithdrawnDate />
        <district>6</district>
        <fullName>Rep. Messer, Luke [R-IN-6]</fullName>
        <middleName />
      </item>
      <item>
        <lastName>Gibson</lastName>
        <state>NY</state>
        <bioguideId>G000564</bioguideId>
        <firstName>Christopher</firstName>
        <identifiers>
          <bioguideId>G000564</bioguideId>
          <lisID>2043</lisID>
          <gpoId>8081</gpoId>
        </identifiers>
        <sponsorshipDate>2015-07-27</sponsorshipDate>
        <party>R</party>
        <isOriginalCosponsor>False</isOriginalCosponsor>
        <sponsorshipWithdrawnDate />
        <district>19</district>
        <fullName>Rep. Gibson, Christopher P. [R-NY-19]</fullName>
        <middleName>P.</middleName>
      </item>
      <item>
        <lastName>Palazzo</lastName>
        <state>MS</state>
        <bioguideId>P000601</bioguideId>
        <firstName>Steven</firstName>
        <identifiers>
          <bioguideId>P000601</bioguideId>
          <gpoId>8022</gpoId>
          <lisID>2035</lisID>
        </identifiers>
        <sponsorshipDate>2015-07-27</sponsorshipDate>
        <party>R</party>
        <isOriginalCosponsor>False</isOriginalCosponsor>
        <sponsorshipWithdrawnDate />
        <district>4</district>
        <fullName>Rep. Palazzo, Steven M. [R-MS-4]</fullName>
        <middleName>M.</middleName>
      </item>
      <item>
        <lastName>Webster</lastName>
        <state>FL</state>
        <bioguideId>W000806</bioguideId>
        <firstName>Daniel</firstName>
        <identifiers>
          <gpoId>7880</gpoId>
          <bioguideId>W000806</bioguideId>
          <lisID>2002</lisID>
        </identifiers>
        <sponsorshipDate>2015-07-27</sponsorshipDate>
        <party>R</party>
        <isOriginalCosponsor>False</isOriginalCosponsor>
        <sponsorshipWithdrawnDate />
        <district>10</district>
        <fullName>Rep. Webster, Daniel [R-FL-10]</fullName>
        <middleName />
      </item>
      <item>
        <lastName>Westerman</lastName>
        <state>AR</state>
        <bioguideId>W000821</bioguideId>
        <firstName>Bruce</firstName>
        <identifiers>
          <gpoId />
          <bioguideId>W000821</bioguideId>
          <lisID>2224</lisID>
        </identifiers>
        <sponsorshipDate>2015-07-27</sponsorshipDate>
        <party>R</party>
        <isOriginalCosponsor>False</isOriginalCosponsor>
        <sponsorshipWithdrawnDate />
        <district>4</district>
        <fullName>Rep. Westerman, Bruce [R-AR-4]</fullName>
        <middleName />
      </item>
      <item>
        <lastName>SENSENBRENNER</lastName>
        <state>WI</state>
        <bioguideId>S000244</bioguideId>
        <firstName>F.</firstName>
        <identifiers>
          <lisID>1041</lisID>
          <gpoId>8218</gpoId>
          <bioguideId>S000244</bioguideId>
        </identifiers>
        <sponsorshipDate>2015-07-27</sponsorshipDate>
        <party>R</party>
        <isOriginalCosponsor>False</isOriginalCosponsor>
        <sponsorshipWithdrawnDate />
        <district>5</district>
        <fullName>Rep. Sensenbrenner, F. James, Jr. [R-WI-5]</fullName>
        <middleName>JAMES</middleName>
      </item>
      <item>
        <lastName>Love</lastName>
        <state>UT</state>
        <bioguideId>L000584</bioguideId>
        <firstName>Mia</firstName>
        <identifiers>
          <lisID>2271</lisID>
          <gpoId />
          <bioguideId>L000584</bioguideId>
        </identifiers>
        <sponsorshipDate>2015-07-27</sponsorshipDate>
        <party>R</party>
        <isOriginalCosponsor>False</isOriginalCosponsor>
        <sponsorshipWithdrawnDate />
        <district>4</district>
        <fullName>Rep. Love, Mia B. [R-UT-4]</fullName>
        <middleName>B.</middleName>
      </item>
      <item>
        <lastName>Moolenaar</lastName>
        <state>MI</state>
        <bioguideId>M001194</bioguideId>
        <firstName>John</firstName>
        <identifiers>
          <lisID>2248</lisID>
          <gpoId />
          <bioguideId>M001194</bioguideId>
        </identifiers>
        <sponsorshipDate>2015-07-27</sponsorshipDate>
        <party>R</party>
        <isOriginalCosponsor>False</isOriginalCosponsor>
        <sponsorshipWithdrawnDate />
        <district>4</district>
        <fullName>Rep. Moolenaar, John R. [R-MI-4]</fullName>
        <middleName>R.</middleName>
      </item>
      <item>
        <lastName>Grothman</lastName>
        <state>WI</state>
        <bioguideId>G000576</bioguideId>
        <firstName>Glenn</firstName>
        <identifiers>
          <lisID>2276</lisID>
          <gpoId />
          <bioguideId>G000576</bioguideId>
        </identifiers>
        <sponsorshipDate>2015-07-27</sponsorshipDate>
        <party>R</party>
        <isOriginalCosponsor>False</isOriginalCosponsor>
        <sponsorshipWithdrawnDate />
        <district>6</district>
        <fullName>Rep. Grothman, Glenn [R-WI-6]</fullName>
        <middleName />
      </item>
      <item>
        <lastName>Lipinski</lastName>
        <state>IL</state>
        <bioguideId>L000563</bioguideId>
        <firstName>Daniel</firstName>
        <identifiers>
          <gpoId>7923</gpoId>
          <bioguideId>L000563</bioguideId>
          <lisID>1781</lisID>
        </identifiers>
        <sponsorshipDate>2015-09-24</sponsorshipDate>
        <party>D</party>
        <isOriginalCosponsor>False</isOriginalCosponsor>
        <sponsorshipWithdrawnDate />
        <district>3</district>
        <fullName>Rep. Lipinski, Daniel [D-IL-3]</fullName>
        <middleName>William</middleName>
      </item>
      <item>
        <lastName>Walker</lastName>
        <state>NC</state>
        <bioguideId>W000819</bioguideId>
        <firstName>Mark</firstName>
        <identifiers>
          <lisID>2255</lisID>
          <gpoId />
          <bioguideId>W000819</bioguideId>
        </identifiers>
        <sponsorshipDate>2015-11-04</sponsorshipDate>
        <party>R</party>
        <isOriginalCosponsor>False</isOriginalCosponsor>
        <sponsorshipWithdrawnDate />
        <district>6</district>
        <fullName>Rep. Walker, Mark [R-NC-6]</fullName>
        <middleName />
      </item>
      <item>
        <lastName>Zeldin</lastName>
        <state>NY</state>
        <bioguideId>Z000017</bioguideId>
        <firstName>Lee</firstName>
        <identifiers>
          <bioguideId>Z000017</bioguideId>
          <lisID>2261</lisID>
          <gpoId />
        </identifiers>
        <sponsorshipDate>2016-02-02</sponsorshipDate>
        <party>R</party>
        <isOriginalCosponsor>False</isOriginalCosponsor>
        <sponsorshipWithdrawnDate />
        <district>1</district>
        <fullName>Rep. Zeldin, Lee M. [R-NY-1]</fullName>
        <middleName>M.</middleName>
      </item>
      <item>
        <lastName>Bishop</lastName>
        <state>MI</state>
        <bioguideId>B001293</bioguideId>
        <firstName>Mike</firstName>
        <identifiers>
          <lisID>2249</lisID>
          <gpoId />
          <bioguideId>B001293</bioguideId>
        </identifiers>
        <sponsorshipDate>2016-02-04</sponsorshipDate>
        <party>R</party>
        <isOriginalCosponsor>False</isOriginalCosponsor>
        <sponsorshipWithdrawnDate />
        <district>8</district>
        <fullName>Rep. Bishop, Mike [R-MI-8]</fullName>
        <middleName />
      </item>
      <item>
        <lastName>Rokita</lastName>
        <state>IN</state>
        <bioguideId>R000592</bioguideId>
        <firstName>Todd</firstName>
        <identifiers>
          <lisID>2017</lisID>
          <gpoId>7943</gpoId>
          <bioguideId>R000592</bioguideId>
        </identifiers>
        <sponsorshipDate>2016-02-09</sponsorshipDate>
        <party>R</party>
        <isOriginalCosponsor>False</isOriginalCosponsor>
        <sponsorshipWithdrawnDate />
        <district>4</district>
        <fullName>Rep. Rokita, Todd [R-IN-4]</fullName>
        <middleName />
      </item>
      <item>
        <lastName>Marino</lastName>
        <state>PA</state>
        <bioguideId>M001179</bioguideId>
        <firstName>Tom</firstName>
        <identifiers>
          <gpoId>8128</gpoId>
          <bioguideId>M001179</bioguideId>
          <lisID>2053</lisID>
        </identifiers>
        <sponsorshipDate>2016-02-11</sponsorshipDate>
        <party>R</party>
        <isOriginalCosponsor>False</isOriginalCosponsor>
        <sponsorshipWithdrawnDate />
        <district>10</district>
        <fullName>Rep. Marino, Tom [R-PA-10]</fullName>
        <middleName />
      </item>
      <item>
        <lastName>Rice</lastName>
        <state>SC</state>
        <bioguideId>R000597</bioguideId>
        <firstName>Tom</firstName>
        <identifiers>
          <lisID>2160</lisID>
          <gpoId />
          <bioguideId>R000597</bioguideId>
        </identifiers>
        <sponsorshipDate>2016-02-11</sponsorshipDate>
        <party>R</party>
        <isOriginalCosponsor>False</isOriginalCosponsor>
        <sponsorshipWithdrawnDate />
        <district>7</district>
        <fullName>Rep. Rice, Tom [R-SC-7]</fullName>
        <middleName />
      </item>
      <item>
        <lastName>SALMON</lastName>
        <state>AZ</state>
        <bioguideId>S000018</bioguideId>
        <firstName>MATT</firstName>
        <identifiers>
          <lisID>1009</lisID>
          <gpoId />
          <bioguideId>S000018</bioguideId>
        </identifiers>
        <sponsorshipDate>2016-02-11</sponsorshipDate>
        <party>R</party>
        <isOriginalCosponsor>False</isOriginalCosponsor>
        <sponsorshipWithdrawnDate />
        <district>5</district>
        <fullName>Rep. Salmon, Matt [R-AZ-5]</fullName>
        <middleName />
      </item>
      <item>
        <lastName>Byrne</lastName>
        <state>AL</state>
        <bioguideId>B001289</bioguideId>
        <firstName>Bradley</firstName>
        <identifiers>
          <bioguideId>B001289</bioguideId>
          <gpoId />
          <lisID>2197</lisID>
        </identifiers>
        <sponsorshipDate>2016-02-11</sponsorshipDate>
        <party>R</party>
        <isOriginalCosponsor>False</isOriginalCosponsor>
        <sponsorshipWithdrawnDate />
        <district>1</district>
        <fullName>Rep. Byrne, Bradley [R-AL-1]</fullName>
        <middleName />
      </item>
      <item>
        <lastName>Meadows</lastName>
        <state>NC</state>
        <bioguideId>M001187</bioguideId>
        <firstName>Mark</firstName>
        <identifiers>
          <gpoId />
          <bioguideId>M001187</bioguideId>
          <lisID>2142</lisID>
        </identifiers>
        <sponsorshipDate>2016-02-11</sponsorshipDate>
        <party>R</party>
        <isOriginalCosponsor>False</isOriginalCosponsor>
        <sponsorshipWithdrawnDate />
        <district>11</district>
        <fullName>Rep. Meadows, Mark [R-NC-11]</fullName>
        <middleName />
      </item>
      <item>
        <lastName>Fleming</lastName>
        <state>LA</state>
        <bioguideId>F000456</bioguideId>
        <firstName>John</firstName>
        <identifiers>
          <bioguideId>F000456</bioguideId>
          <lisID>1924</lisID>
          <gpoId>7962</gpoId>
        </identifiers>
        <sponsorshipDate>2016-02-11</sponsorshipDate>
        <party>R</party>
        <isOriginalCosponsor>False</isOriginalCosponsor>
        <sponsorshipWithdrawnDate />
        <district>4</district>
        <fullName>Rep. Fleming, John [R-LA-4]</fullName>
        <middleName />
      </item>
      <item>
        <lastName>Buck</lastName>
        <state>CO</state>
        <bioguideId>B001297</bioguideId>
        <firstName>Ken</firstName>
        <identifiers>
          <bioguideId>B001297</bioguideId>
          <lisID>2233</lisID>
          <gpoId />
        </identifiers>
        <sponsorshipDate>2016-02-11</sponsorshipDate>
        <party>R</party>
        <isOriginalCosponsor>False</isOriginalCosponsor>
        <sponsorshipWithdrawnDate />
        <district>4</district>
        <fullName>Rep. Buck, Ken [R-CO-4]</fullName>
        <middleName />
      </item>
      <item>
        <lastName>Jordan</lastName>
        <state>OH</state>
        <bioguideId>J000289</bioguideId>
        <firstName>Jim</firstName>
        <identifiers>
          <bioguideId>J000289</bioguideId>
          <lisID>1868</lisID>
          <gpoId>8094</gpoId>
        </identifiers>
        <sponsorshipDate>2016-02-11</sponsorshipDate>
        <party>R</party>
        <isOriginalCosponsor>False</isOriginalCosponsor>
        <sponsorshipWithdrawnDate />
        <district>4</district>
        <fullName>Rep. Jordan, Jim [R-OH-4]</fullName>
        <middleName />
      </item>
      <item>
        <lastName>Schweikert</lastName>
        <state>AZ</state>
        <bioguideId>S001183</bioguideId>
        <firstName>David</firstName>
        <identifiers>
          <gpoId>7802</gpoId>
          <bioguideId>S001183</bioguideId>
          <lisID>1994</lisID>
        </identifiers>
        <sponsorshipDate>2016-02-11</sponsorshipDate>
        <party>R</party>
        <isOriginalCosponsor>False</isOriginalCosponsor>
        <sponsorshipWithdrawnDate />
        <district>6</district>
        <fullName>Rep. Schweikert, David [R-AZ-6]</fullName>
        <middleName />
      </item>
      <item>
        <lastName>Bridenstine</lastName>
        <state>OK</state>
        <bioguideId>B001283</bioguideId>
        <firstName>Jim</firstName>
        <identifiers>
          <gpoId />
          <bioguideId>B001283</bioguideId>
          <lisID>2155</lisID>
        </identifiers>
        <sponsorshipDate>2016-02-11</sponsorshipDate>
        <party>R</party>
        <isOriginalCosponsor>False</isOriginalCosponsor>
        <sponsorshipWithdrawnDate />
        <district>1</district>
        <fullName>Rep. Bridenstine, Jim [R-OK-1]</fullName>
        <middleName />
      </item>
      <item>
        <lastName>Blum</lastName>
        <state>IA</state>
        <bioguideId>B001294</bioguideId>
        <firstName>Rod</firstName>
        <identifiers>
          <lisID>2241</lisID>
          <gpoId />
          <bioguideId>B001294</bioguideId>
        </identifiers>
        <sponsorshipDate>2016-02-11</sponsorshipDate>
        <party>R</party>
        <isOriginalCosponsor>False</isOriginalCosponsor>
        <sponsorshipWithdrawnDate />
        <district>1</district>
        <fullName>Rep. Blum, Rod [R-IA-1]</fullName>
        <middleName />
      </item>
      <item>
        <lastName>Stivers</lastName>
        <state>OH</state>
        <bioguideId>S001187</bioguideId>
        <firstName>Steve</firstName>
        <identifiers>
          <lisID>2047</lisID>
          <gpoId>8105</gpoId>
          <bioguideId>S001187</bioguideId>
        </identifiers>
        <sponsorshipDate>2016-02-11</sponsorshipDate>
        <party>R</party>
        <isOriginalCosponsor>False</isOriginalCosponsor>
        <sponsorshipWithdrawnDate />
        <district>15</district>
        <fullName>Rep. Stivers, Steve [R-OH-15]</fullName>
        <middleName />
      </item>
      <item>
        <lastName>DesJarlais</lastName>
        <state>TN</state>
        <bioguideId>D000616</bioguideId>
        <firstName>Scott</firstName>
        <identifiers>
          <gpoId>8151</gpoId>
          <bioguideId>D000616</bioguideId>
          <lisID>2062</lisID>
        </identifiers>
        <sponsorshipDate>2016-02-11</sponsorshipDate>
        <party>R</party>
        <isOriginalCosponsor>False</isOriginalCosponsor>
        <sponsorshipWithdrawnDate />
        <district>4</district>
        <fullName>Rep. DesJarlais, Scott [R-TN-4]</fullName>
        <middleName />
      </item>
      <item>
        <lastName>Carter</lastName>
        <state>GA</state>
        <bioguideId>C001103</bioguideId>
        <firstName>Earl</firstName>
        <identifiers>
          <bioguideId>C001103</bioguideId>
          <lisID>2236</lisID>
          <gpoId />
        </identifiers>
        <sponsorshipDate>2016-02-24</sponsorshipDate>
        <party>R</party>
        <isOriginalCosponsor>False</isOriginalCosponsor>
        <sponsorshipWithdrawnDate />
        <district>1</district>
        <fullName>Rep. Carter, Earl L. "Buddy" [R-GA-1]</fullName>
        <middleName>L. "Buddy"</middleName>
      </item>
      <item>
        <lastName>Garrett</lastName>
        <state>NJ</state>
        <bioguideId>G000548</bioguideId>
        <firstName>Scott</firstName>
        <identifiers>
          <lisID>1737</lisID>
          <gpoId>8047</gpoId>
          <bioguideId>G000548</bioguideId>
        </identifiers>
        <sponsorshipDate>2016-03-02</sponsorshipDate>
        <party>R</party>
        <isOriginalCosponsor>False</isOriginalCosponsor>
        <sponsorshipWithdrawnDate />
        <district>5</district>
        <fullName>Rep. Garrett, Scott [R-NJ-5]</fullName>
        <middleName />
      </item>
      <item>
        <lastName>Guinta</lastName>
        <state>NH</state>
        <bioguideId>G000570</bioguideId>
        <firstName>Frank</firstName>
        <identifiers>
          <bioguideId>G000570</bioguideId>
          <gpoId>8041</gpoId>
          <lisID>2038</lisID>
        </identifiers>
        <sponsorshipDate>2016-03-02</sponsorshipDate>
        <party>R</party>
        <isOriginalCosponsor>False</isOriginalCosponsor>
        <sponsorshipWithdrawnDate />
        <district>1</district>
        <fullName>Rep. Guinta, Frank C. [R-NH-1]</fullName>
        <middleName>C.</middleName>
      </item>
      <item>
        <lastName>Blackburn</lastName>
        <state>TN</state>
        <bioguideId>B001243</bioguideId>
        <firstName>Marsha</firstName>
        <identifiers>
          <lisID>1748</lisID>
          <gpoId>8154</gpoId>
          <bioguideId>B001243</bioguideId>
        </identifiers>
        <sponsorshipDate>2016-03-02</sponsorshipDate>
        <party>R</party>
        <isOriginalCosponsor>False</isOriginalCosponsor>
        <sponsorshipWithdrawnDate />
        <district>7</district>
        <fullName>Rep. Blackburn, Marsha [R-TN-7]</fullName>
        <middleName />
      </item>
      <item>
        <lastName>Fincher</lastName>
        <state>TN</state>
        <bioguideId>F000458</bioguideId>
        <firstName>Stephen</firstName>
        <identifiers>
          <lisID>2064</lisID>
          <gpoId>8741</gpoId>
          <bioguideId>F000458</bioguideId>
        </identifiers>
        <sponsorshipDate>2016-03-02</sponsorshipDate>
        <party>R</party>
        <isOriginalCosponsor>False</isOriginalCosponsor>
        <sponsorshipWithdrawnDate />
        <district>8</district>
        <fullName>Rep. Fincher, Stephen Lee [R-TN-8]</fullName>
        <middleName>Lee</middleName>
      </item>
      <item>
        <lastName>Scott</lastName>
        <state>GA</state>
        <bioguideId>S001189</bioguideId>
        <firstName>Austin</firstName>
        <identifiers>
          <lisID>2009</lisID>
          <gpoId>7905</gpoId>
          <bioguideId>S001189</bioguideId>
        </identifiers>
        <sponsorshipDate>2016-03-02</sponsorshipDate>
        <party>R</party>
        <isOriginalCosponsor>False</isOriginalCosponsor>
        <sponsorshipWithdrawnDate />
        <district>8</district>
        <fullName>Rep. Scott, Austin [R-GA-8]</fullName>
        <middleName />
      </item>
      <item>
        <lastName>Ratcliffe</lastName>
        <state>TX</state>
        <bioguideId>R000601</bioguideId>
        <firstName>John</firstName>
        <identifiers>
          <gpoId />
          <bioguideId>R000601</bioguideId>
          <lisID>2268</lisID>
        </identifiers>
        <sponsorshipDate>2016-03-02</sponsorshipDate>
        <party>R</party>
        <isOriginalCosponsor>False</isOriginalCosponsor>
        <sponsorshipWithdrawnDate />
        <district>4</district>
        <fullName>Rep. Ratcliffe, John [R-TX-4]</fullName>
        <middleName />
      </item>
      <item>
        <lastName>Franks</lastName>
        <state>AZ</state>
        <bioguideId>F000448</bioguideId>
        <firstName>Trent</firstName>
        <identifiers>
          <lisID>1707</lisID>
          <gpoId>7799</gpoId>
          <bioguideId>F000448</bioguideId>
        </identifiers>
        <sponsorshipDate>2016-03-02</sponsorshipDate>
        <party>R</party>
        <isOriginalCosponsor>False</isOriginalCosponsor>
        <sponsorshipWithdrawnDate />
        <district>8</district>
        <fullName>Rep. Franks, Trent [R-AZ-8]</fullName>
        <middleName />
      </item>
      <item>
        <lastName>Loudermilk</lastName>
        <state>GA</state>
        <bioguideId>L000583</bioguideId>
        <firstName>Barry</firstName>
        <identifiers>
          <lisID>2238</lisID>
          <gpoId />
          <bioguideId>L000583</bioguideId>
        </identifiers>
        <sponsorshipDate>2016-03-02</sponsorshipDate>
        <party>R</party>
        <isOriginalCosponsor>False</isOriginalCosponsor>
        <sponsorshipWithdrawnDate />
        <district>11</district>
        <fullName>Rep. Loudermilk, Barry [R-GA-11]</fullName>
        <middleName />
      </item>
      <item>
        <lastName>Renacci</lastName>
        <state>OH</state>
        <bioguideId>R000586</bioguideId>
        <firstName>James</firstName>
        <identifiers>
          <lisID>2048</lisID>
          <gpoId>8106</gpoId>
          <bioguideId>R000586</bioguideId>
        </identifiers>
        <sponsorshipDate>2016-03-15</sponsorshipDate>
        <party>R</party>
        <isOriginalCosponsor>False</isOriginalCosponsor>
        <sponsorshipWithdrawnDate />
        <district>16</district>
        <fullName>Rep. Renacci, James B. [R-OH-16]</fullName>
        <middleName>B.</middleName>
      </item>
      <item>
        <lastName>Trott</lastName>
        <state>MI</state>
        <bioguideId>T000475</bioguideId>
        <firstName>David</firstName>
        <identifiers>
          <bioguideId>T000475</bioguideId>
          <lisID>2250</lisID>
          <gpoId />
        </identifiers>
        <sponsorshipDate>2016-04-28</sponsorshipDate>
        <party>R</party>
        <isOriginalCosponsor>False</isOriginalCosponsor>
        <sponsorshipWithdrawnDate />
        <district>11</district>
        <fullName>Rep. Trott, David A. [R-MI-11]</fullName>
        <middleName>A.</middleName>
      </item>
      <item>
        <lastName>Katko</lastName>
        <state>NY</state>
        <bioguideId>K000386</bioguideId>
        <firstName>John</firstName>
        <identifiers>
          <lisID>2264</lisID>
          <gpoId />
          <bioguideId>K000386</bioguideId>
        </identifiers>
        <sponsorshipDate>2016-07-14</sponsorshipDate>
        <party>R</party>
        <isOriginalCosponsor>False</isOriginalCosponsor>
        <sponsorshipWithdrawnDate />
        <district>24</district>
        <fullName>Rep. Katko, John [R-NY-24]</fullName>
        <middleName />
      </item>
      <item>
        <lastName>Curbelo</lastName>
        <state>FL</state>
        <bioguideId>C001107</bioguideId>
        <firstName>Carlos</firstName>
        <identifiers>
          <bioguideId>C001107</bioguideId>
          <lisID>2235</lisID>
          <gpoId />
        </identifiers>
        <sponsorshipDate>2016-09-26</sponsorshipDate>
        <party>R</party>
        <isOriginalCosponsor>False</isOriginalCosponsor>
        <sponsorshipWithdrawnDate />
        <district>26</district>
        <fullName>Rep. Curbelo, Carlos [R-FL-26]</fullName>
        <middleName />
      </item>
    </cosponsors>
    <constitutionalAuthorityStatementText><![CDATA[<pre>From the Congressional Record Online through the Government Publishing Office [<a href='http://www.gpo.gov'>www.gpo.gov</a>]By Mr. BRAT:H.J. Res. 55.Congress has the power to enact this legislation pursuantto the following:Article V of the Constitution states that ``The Congress,whenever two thirds of both Houses shall deem it necessary,shall propose Amendments to this Constitution . . .'' Thisjoint resolution is submitted for Congress to considerwhether it is necessary to amend the Constitution to includeit.____________________[Page H3507]</pre>]]></constitutionalAuthorityStatementText>
  </bill>
  <dublinCore xmlns:dc="http://purl.org/dc/elements/1.1/">
    <dc:format>text/xml</dc:format>
    <dc:language>EN</dc:language>
    <dc:rights>Pursuant to Title 17 Section 105 of the United States Code, this file is not subject to copyright protection and is in the public domain.</dc:rights>
    <dc:contributor>Congressional Research Service, Library of Congress</dc:contributor>
    <dc:description>This file contains bill summaries and statuses for federal legislation. A bill summary describes the most significant provisions of a piece of legislation and details the effects the legislative text may have on current law and federal programs. Bill summaries are authored by the Congressional Research Service (CRS) of the Library of Congress. As stated in Public Law 91-510 (2 USC 166 (d)(6)), one of the duties of CRS is "to prepare summaries and digests of bills and resolutions of a public general nature introduced in the Senate or House of Representatives". For more information, refer to the User Guide that accompanies this file.</dc:description>
  </dublinCore>
</billStatus>

