<?xml version="1.0" encoding="UTF-8"?>
<billStatus>
  <bill>
    <committeeReports />
    <originChamber>Senate</originChamber>
    <titles>
      <item>
        <title>A resolution recognizing the historical significance and the 50th anniversary of the "James H. Meredith March Against Fear", a 220-mile walk down Highway 51 from Memphis, Tennessee, to Jackson, Mississippi.</title>
        <chamberName />
        <chamberCode />
        <titleType>Official Title as Introduced</titleType>
        <parentTitleType />
      </item>
      <item>
        <title>A resolution recognizing the historical significance and the 50th anniversary of the "James H. Meredith March Against Fear", a 220-mile walk down Highway 51 from Memphis, Tennessee, to Jackson, Mississippi.</title>
        <chamberName />
        <chamberCode />
        <titleType>Display Title</titleType>
        <parentTitleType />
      </item>
    </titles>
    <congress>114</congress>
    <recordedVotes />
    <latestAction>
      <links />
      <text>Submitted in the Senate, considered, and agreed to without amendment and with a preamble by Unanimous Consent. (consideration: CR S3790; text as passed Senate: CR S3797)</text>
      <actionDate>2016-06-10</actionDate>
    </latestAction>
    <laws />
    <title>A resolution recognizing the historical significance and the 50th anniversary of the "James H. Meredith March Against Fear", a 220-mile walk down Highway 51 from Memphis, Tennessee, to Jackson, Mississippi.</title>
    <billType>SRES</billType>
    <introducedDate>2016-06-10</introducedDate>
    <updateDate>2016-11-02T23:14:50Z</updateDate>
    <calendarNumbers />
    <amendments />
    <cboCostEstimates />
    <policyArea>
      <name>Civil Rights and Liberties, Minority Issues</name>
    </policyArea>
    <createDate>2016-06-11T05:04:12Z</createDate>
    <notes />
    <committees>
      <billCommittees />
    </committees>
    <cosponsors>
      <item>
        <state>MS</state>
        <fullName>Sen. Cochran, Thad [R-MS]</fullName>
        <sponsorshipDate>2016-06-10</sponsorshipDate>
        <middleName />
        <identifiers>
          <lisID>213</lisID>
          <gpoId>8292</gpoId>
          <bioguideId>C000567</bioguideId>
        </identifiers>
        <firstName>Thad</firstName>
        <lastName>Cochran</lastName>
        <bioguideId>C000567</bioguideId>
        <isOriginalCosponsor>True</isOriginalCosponsor>
        <sponsorshipWithdrawnDate />
        <party>R</party>
      </item>
      <item>
        <state>NH</state>
        <fullName>Sen. Shaheen, Jeanne [D-NH]</fullName>
        <sponsorshipDate>2016-06-10</sponsorshipDate>
        <middleName />
        <identifiers>
          <bioguideId>S001181</bioguideId>
          <gpoId>8276</gpoId>
          <lisID>1901</lisID>
        </identifiers>
        <firstName>Jeanne</firstName>
        <lastName>Shaheen</lastName>
        <bioguideId>S001181</bioguideId>
        <isOriginalCosponsor>True</isOriginalCosponsor>
        <sponsorshipWithdrawnDate />
        <party>D</party>
      </item>
    </cosponsors>
    <sponsors>
      <item>
        <state>MS</state>
        <byRequestType />
        <fullName>Sen. Wicker, Roger F. [R-MS]</fullName>
        <lastName>WICKER</lastName>
        <identifiers>
          <gpoId>8263</gpoId>
          <lisID>1226</lisID>
          <bioguideId>W000437</bioguideId>
        </identifiers>
        <middleName>F.</middleName>
        <bioguideId>W000437</bioguideId>
        <party>R</party>
        <firstName>ROGER</firstName>
      </item>
    </sponsors>
    <relatedBills>
      <item>
        <latestTitle>Recognizing the historical significance and the 50th anniversary of the "James H. Meredith March Against Fear", a 220-mile walk down Highway 51 from Memphis, Tennessee, to Jackson, Mississippi.</latestTitle>
        <number>802</number>
        <latestAction>
          <text>Referred to the Subcommittee on the Constitution and Civil Justice.</text>
          <actionDate>2016-07-20</actionDate>
        </latestAction>
        <type>HRES</type>
        <congress>114</congress>
        <relationshipDetails>
          <item>
            <identifiedBy>CRS</identifiedBy>
            <type>Identical bill</type>
          </item>
          <item>
            <identifiedBy>CRS</identifiedBy>
            <type>Related bill</type>
          </item>
        </relationshipDetails>
      </item>
      <item>
        <latestTitle>A resolution supporting the goals and ideals of National Retirement Security Week, including raising public awareness of the various tax-preferred retirement vehicles, increasing personal financial literacy, and engaging the people of the United States on the keys to success in achieving and maintaining retirement security throughout their lifetimes.</latestTitle>
        <number>575</number>
        <latestAction>
          <text>Submitted in the Senate, considered, and agreed to without amendment and with a preamble by Unanimous Consent. (consideration: CR S6089; text as passed Senate: CR S6083)</text>
          <actionDate>2016-09-26</actionDate>
        </latestAction>
        <type>SRES</type>
        <congress>114</congress>
        <relationshipDetails>
          <item>
            <identifiedBy>CRS</identifiedBy>
            <type>Related bill</type>
          </item>
        </relationshipDetails>
      </item>
    </relatedBills>
    <actions>
      <actionTypeCounts>
        <passedOrAgreedToInSenateDayOf>1</passedOrAgreedToInSenateDayOf>
        <passedAgreedToInSenate>1</passedAgreedToInSenate>
        <introducedInSenate>1</introducedInSenate>
      </actionTypeCounts>
      <item>
        <actionDate>2016-06-10</actionDate>
        <committee />
        <links>
          <link>
            <name>S3790</name>
            <url>https://www.congress.gov/congressional-record/volume-162/senate-section/page/S3790</url>
          </link>
          <link>
            <name>S3797</name>
            <url>https://www.congress.gov/congressional-record/volume-162/senate-section/page/S3797</url>
          </link>
        </links>
        <sourceSystem>
          <code>0</code>
          <name>Senate</name>
        </sourceSystem>
        <text>Submitted in the Senate, considered, and agreed to without amendment and with a preamble by Unanimous Consent. (consideration: CR S3790; text as passed Senate: CR S3797)</text>
        <type>Floor</type>
      </item>
      <item>
        <actionDate>2016-06-10</actionDate>
        <sourceSystem>
          <code>9</code>
          <name>Library of Congress</name>
        </sourceSystem>
        <text>Passed/agreed to in Senate: Submitted in the Senate, considered, and agreed to without amendment and with a preamble by Unanimous Consent.(consideration: CR S3790; text as passed Senate: CR S3797)</text>
        <type>Floor</type>
        <links>
          <link>
            <name>S3790</name>
            <url>https://www.congress.gov/congressional-record/volume-162/senate-section/page/S3790</url>
          </link>
          <link>
            <name>S3797</name>
            <url>https://www.congress.gov/congressional-record/volume-162/senate-section/page/S3797</url>
          </link>
        </links>
        <actionCode>17000</actionCode>
        <committee />
      </item>
      <item>
        <actionDate>2016-06-10</actionDate>
        <sourceSystem>
          <code>9</code>
          <name>Library of Congress</name>
        </sourceSystem>
        <text>Introduced in Senate</text>
        <type>IntroReferral</type>
        <links />
        <actionCode>10000</actionCode>
        <committee />
      </item>
      <actionByCounts>
        <senate>3</senate>
      </actionByCounts>
    </actions>
    <summaries>
      <billSummaries>
        <item>
          <updateDate>2016-06-10T04:00:00Z</updateDate>
          <lastSummaryUpdateDate>2016-06-15T14:01:02Z</lastSummaryUpdateDate>
          <actionDate>2016-06-10</actionDate>
          <text><![CDATA[<p>Commemorates the 50th anniversary of the &quot;James H. Meredith March Against Fear.&quot;</p>]]></text>
          <name>Introduced in Senate</name>
          <versionCode>00</versionCode>
          <actionDesc>Introduced in Senate</actionDesc>
        </item>
        <item>
          <updateDate>2016-06-10T12:29:04Z</updateDate>
          <lastSummaryUpdateDate>2016-06-15T14:01:22Z</lastSummaryUpdateDate>
          <actionDate>2016-06-10</actionDate>
          <text><![CDATA[<p>(This measure has not been amended since it was introduced. The summary has been expanded because action occurred on the measure.)</p> <p>Commemorates the 50th anniversary of the &quot;James H. Meredith March Against Fear.&quot;</p> <p>Recognizes the discipline and focus required to complete the march during the most contentious decade in the Civil Rights Movement to encourage African-Americans to defy intimidation and register voters.</p>]]></text>
          <name>Passed Senate without amendment</name>
          <versionCode>82</versionCode>
          <actionDesc>Passed Senate without amendment</actionDesc>
        </item>
      </billSummaries>
    </summaries>
    <billNumber>488</billNumber>
    <subjects>
      <billSubjects>
        <policyArea>
          <name>Civil Rights and Liberties, Minority Issues</name>
        </policyArea>
        <legislativeSubjects>
          <item>
            <name>Commemorative events and holidays</name>
          </item>
          <item>
            <name>Mississippi</name>
          </item>
          <item>
            <name>Protest and dissent</name>
          </item>
          <item>
            <name>Racial and ethnic relations</name>
          </item>
          <item>
            <name>U.S. history</name>
          </item>
          <item>
            <name>Voting rights</name>
          </item>
        </legislativeSubjects>
      </billSubjects>
    </subjects>
  </bill>
  <dublinCore xmlns:dc="http://purl.org/dc/elements/1.1/">
    <dc:format>text/xml</dc:format>
    <dc:language>EN</dc:language>
    <dc:rights>Pursuant to Title 17 Section 105 of the United States Code, this file is not subject to copyright protection and is in the public domain.</dc:rights>
    <dc:contributor>Congressional Research Service, Library of Congress</dc:contributor>
    <dc:description>This file contains bill summaries and statuses for federal legislation. A bill summary describes the most significant provisions of a piece of legislation and details the effects the legislative text may have on current law and federal programs. Bill summaries are authored by the Congressional Research Service (CRS) of the Library of Congress. As stated in Public Law 91-510 (2 USC 166 (d)(6)), one of the duties of CRS is "to prepare summaries and digests of bills and resolutions of a public general nature introduced in the Senate or House of Representatives". For more information, refer to the User Guide that accompanies this file.</dc:description>
  </dublinCore>
</billStatus>

