<?xml version="1.0" encoding="UTF-8"?>
<billStatus>
  <bill>
    <billType>SRES</billType>
    <laws />
    <recordedVotes />
    <actions>
      <item>
        <actionDate>2015-12-18</actionDate>
        <committee />
        <links>
          <link>
            <name>S8865-8866</name>
            <url>https://www.congress.gov/congressional-record/volume-161/senate-section/page/S8865-8866</url>
          </link>
          <link>
            <name>S8886-8887</name>
            <url>https://www.congress.gov/congressional-record/volume-161/senate-section/page/S8886-8887</url>
          </link>
        </links>
        <sourceSystem>
          <code>0</code>
          <name>Senate</name>
        </sourceSystem>
        <text>Submitted in the Senate, considered, and agreed to without amendment and with a preamble by Unanimous Consent. (consideration: CR S8865-8866; text as passed Senate: CR S8886-8887)</text>
        <type>Floor</type>
      </item>
      <item>
        <text>Passed/agreed to in Senate: Submitted in the Senate, considered, and agreed to without amendment and with a preamble by Unanimous Consent.(consideration: CR S8865-8866; text as passed Senate: CR S8886-8887)</text>
        <committee />
        <actionCode>17000</actionCode>
        <sourceSystem>
          <code>9</code>
          <name>Library of Congress</name>
        </sourceSystem>
        <type>Floor</type>
        <actionDate>2015-12-18</actionDate>
        <links>
          <link>
            <name>S8865-8866</name>
            <url>https://www.congress.gov/congressional-record/volume-161/senate-section/page/S8865-8866</url>
          </link>
          <link>
            <name>S8886-8887</name>
            <url>https://www.congress.gov/congressional-record/volume-161/senate-section/page/S8886-8887</url>
          </link>
        </links>
      </item>
      <item>
        <text>Introduced in Senate</text>
        <committee />
        <actionCode>10000</actionCode>
        <sourceSystem>
          <code>9</code>
          <name>Library of Congress</name>
        </sourceSystem>
        <type>IntroReferral</type>
        <actionDate>2015-12-18</actionDate>
        <links />
      </item>
      <actionByCounts>
        <senate>3</senate>
      </actionByCounts>
      <actionTypeCounts>
        <passedAgreedToInSenate>1</passedAgreedToInSenate>
        <introducedInSenate>1</introducedInSenate>
        <passedOrAgreedToInSenateDayOf>1</passedOrAgreedToInSenateDayOf>
      </actionTypeCounts>
    </actions>
    <billNumber>339</billNumber>
    <policyArea>
      <name>Education</name>
    </policyArea>
    <notes />
    <latestAction>
      <actionDate>2015-12-18</actionDate>
      <links />
      <text>Submitted in the Senate, considered, and agreed to without amendment and with a preamble by Unanimous Consent. (consideration: CR S8865-8866; text as passed Senate: CR S8886-8887)</text>
    </latestAction>
    <relatedBills />
    <committees>
      <billCommittees />
    </committees>
    <cosponsors>
      <item>
        <identifiers>
          <lisID>2283</lisID>
          <gpoId />
          <bioguideId>E000295</bioguideId>
        </identifiers>
        <middleName />
        <fullName>Sen. Ernst, Joni  [R-IA]</fullName>
        <isOriginalCosponsor>True</isOriginalCosponsor>
        <firstName>Joni</firstName>
        <sponsorshipWithdrawnDate />
        <state>IA</state>
        <bioguideId>E000295</bioguideId>
        <sponsorshipDate>2015-12-18</sponsorshipDate>
        <party>R</party>
        <lastName>Ernst</lastName>
      </item>
    </cosponsors>
    <committeeReports />
    <sponsors>
      <item>
        <fullName>Sen. Grassley, Chuck [R-IA]</fullName>
        <firstName>CHARLES</firstName>
        <lastName>GRASSLEY</lastName>
        <state>IA</state>
        <party>R</party>
        <bioguideId>G000386</bioguideId>
        <identifiers>
          <lisID>457</lisID>
          <gpoId>8316</gpoId>
          <bioguideId>G000386</bioguideId>
        </identifiers>
        <middleName>ERNEST</middleName>
        <byRequestType />
      </item>
    </sponsors>
    <createDate>2015-12-19T10:20:21Z</createDate>
    <updateDate>2016-11-02T23:14:05Z</updateDate>
    <introducedDate>2015-12-18</introducedDate>
    <summaries>
      <billSummaries>
        <item>
          <updateDate>2015-12-18T05:00:00Z</updateDate>
          <versionCode>00</versionCode>
          <text><![CDATA[<em><br /> </em>Congratulates the University of Iowa College of Law on 150 years of outstanding service to the state of Iowa, the United States, and the world. <br />]]></text>
          <lastSummaryUpdateDate>2016-01-07T21:36:41Z</lastSummaryUpdateDate>
          <actionDate>2015-12-18</actionDate>
          <actionDesc>Introduced in Senate</actionDesc>
          <name>Introduced in Senate</name>
        </item>
        <item>
          <updateDate>2015-12-18T14:02:56Z</updateDate>
          <versionCode>82</versionCode>
          <text><![CDATA[<p>(This measure has not been amended since it was introduced. The summary of that version is repeated here.)</p> <p>Congratulates the University of Iowa College of Law on 150 years of outstanding service to the state of Iowa, the United States, and the world. <br /> </p>]]></text>
          <lastSummaryUpdateDate>2016-01-11T21:01:07Z</lastSummaryUpdateDate>
          <actionDate>2015-12-18</actionDate>
          <actionDesc>Passed Senate without amendment</actionDesc>
          <name>Passed Senate without amendment</name>
        </item>
      </billSummaries>
    </summaries>
    <title>A resolution congratulating the University of Iowa College of Law for 150 years of outstanding service to the State of Iowa, the United States, and the world.</title>
    <cboCostEstimates />
    <subjects>
      <billSubjects>
        <policyArea>
          <name>Education</name>
        </policyArea>
        <legislativeSubjects>
          <item>
            <name>Commemorative events and holidays</name>
          </item>
          <item>
            <name>Congressional tributes</name>
          </item>
          <item>
            <name>Higher education</name>
          </item>
          <item>
            <name>Iowa</name>
          </item>
          <item>
            <name>Lawyers and legal services</name>
          </item>
        </legislativeSubjects>
      </billSubjects>
    </subjects>
    <amendments />
    <calendarNumbers />
    <congress>114</congress>
    <titles>
      <item>
        <parentTitleType />
        <titleType>Official Title as Introduced</titleType>
        <title>A resolution congratulating the University of Iowa College of Law for 150 years of outstanding service to the State of Iowa, the United States, and the world.</title>
        <chamberCode />
        <chamberName />
      </item>
      <item>
        <parentTitleType />
        <titleType>Display Title</titleType>
        <title>A resolution congratulating the University of Iowa College of Law for 150 years of outstanding service to the State of Iowa, the United States, and the world.</title>
        <chamberCode />
        <chamberName />
      </item>
    </titles>
    <originChamber>Senate</originChamber>
  </bill>
  <dublinCore xmlns:dc="http://purl.org/dc/elements/1.1/">
    <dc:format>text/xml</dc:format>
    <dc:language>EN</dc:language>
    <dc:rights>Pursuant to Title 17 Section 105 of the United States Code, this file is not subject to copyright protection and is in the public domain.</dc:rights>
    <dc:contributor>Congressional Research Service, Library of Congress</dc:contributor>
    <dc:description>This file contains bill summaries and statuses for federal legislation. A bill summary describes the most significant provisions of a piece of legislation and details the effects the legislative text may have on current law and federal programs. Bill summaries are authored by the Congressional Research Service (CRS) of the Library of Congress. As stated in Public Law 91-510 (2 USC 166 (d)(6)), one of the duties of CRS is "to prepare summaries and digests of bills and resolutions of a public general nature introduced in the Senate or House of Representatives". For more information, refer to the User Guide that accompanies this file.</dc:description>
  </dublinCore>
</billStatus>

