<?xml version="1.0" encoding="UTF-8"?>
<billStatus>
  <bill>
    <committeeReports />
    <committees>
      <billCommittees>
        <item>
          <activities>
            <item>
              <name>Reported by</name>
              <date>2016-03-16T20:31:46Z</date>
            </item>
            <item>
              <name>Markup by</name>
              <date>2016-03-10T15:34:08Z</date>
            </item>
            <item>
              <name>Referred to</name>
              <date>2016-03-03T21:14:54Z</date>
            </item>
          </activities>
          <name>Foreign Relations Committee</name>
          <subcommittees />
          <chamber>Senate</chamber>
          <type>Standing</type>
          <systemCode>ssfr00</systemCode>
        </item>
      </billCommittees>
    </committees>
    <createDate>2016-03-04T05:08:59Z</createDate>
    <amendments />
    <policyArea>
      <name>International Affairs</name>
    </policyArea>
    <sponsors>
      <item>
        <fullName>Sen. Shaheen, Jeanne [D-NH]</fullName>
        <firstName>Jeanne</firstName>
        <bioguideId>S001181</bioguideId>
        <identifiers>
          <gpoId>8276</gpoId>
          <lisID>1901</lisID>
          <bioguideId>S001181</bioguideId>
        </identifiers>
        <lastName>Shaheen</lastName>
        <middleName />
        <byRequestType />
        <party>D</party>
        <state>NH</state>
      </item>
    </sponsors>
    <subjects>
      <billSubjects>
        <policyArea>
          <name>International Affairs</name>
        </policyArea>
        <legislativeSubjects>
          <item>
            <name>Commemorative events and holidays</name>
          </item>
          <item>
            <name>Crimes against women</name>
          </item>
          <item>
            <name>Economic development</name>
          </item>
          <item>
            <name>Human rights</name>
          </item>
          <item>
            <name>Sex, gender, sexual orientation discrimination</name>
          </item>
          <item>
            <name>Women's employment</name>
          </item>
          <item>
            <name>Women's rights</name>
          </item>
        </legislativeSubjects>
      </billSubjects>
    </subjects>
    <notes />
    <cosponsors>
      <item>
        <state>ME</state>
        <fullName>Sen. Collins, Susan M. [R-ME]</fullName>
        <sponsorshipDate>2016-03-03</sponsorshipDate>
        <middleName>MARGARET</middleName>
        <identifiers>
          <lisID>1541</lisID>
          <gpoId>8291</gpoId>
          <bioguideId>C001035</bioguideId>
        </identifiers>
        <firstName>SUSAN</firstName>
        <lastName>COLLINS</lastName>
        <bioguideId>C001035</bioguideId>
        <isOriginalCosponsor>True</isOriginalCosponsor>
        <sponsorshipWithdrawnDate />
        <party>R</party>
      </item>
      <item>
        <state>CA</state>
        <fullName>Sen. Boxer, Barbara [D-CA]</fullName>
        <sponsorshipDate>2016-03-03</sponsorshipDate>
        <middleName />
        <identifiers>
          <bioguideId>B000711</bioguideId>
          <lisID>116</lisID>
          <gpoId>8306</gpoId>
        </identifiers>
        <firstName>BARBARA</firstName>
        <lastName>BOXER</lastName>
        <bioguideId>B000711</bioguideId>
        <isOriginalCosponsor>True</isOriginalCosponsor>
        <sponsorshipWithdrawnDate />
        <party>D</party>
      </item>
      <item>
        <state>MD</state>
        <fullName>Sen. Mikulski, Barbara A. [D-MD]</fullName>
        <sponsorshipDate>2016-03-03</sponsorshipDate>
        <middleName>ANN</middleName>
        <identifiers>
          <lisID>802</lisID>
          <gpoId>8240</gpoId>
          <bioguideId>M000702</bioguideId>
        </identifiers>
        <firstName>BARBARA</firstName>
        <lastName>MIKULSKI</lastName>
        <bioguideId>M000702</bioguideId>
        <isOriginalCosponsor>True</isOriginalCosponsor>
        <sponsorshipWithdrawnDate />
        <party>D</party>
      </item>
      <item>
        <state>MA</state>
        <fullName>Sen. Markey, Edward J. [D-MA]</fullName>
        <sponsorshipDate>2016-03-03</sponsorshipDate>
        <middleName>J.</middleName>
        <identifiers>
          <bioguideId>M000133</bioguideId>
          <lisID>735</lisID>
          <gpoId>7972</gpoId>
        </identifiers>
        <firstName>EDWARD</firstName>
        <lastName>MARKEY</lastName>
        <bioguideId>M000133</bioguideId>
        <isOriginalCosponsor>True</isOriginalCosponsor>
        <sponsorshipWithdrawnDate />
        <party>D</party>
      </item>
      <item>
        <state>CA</state>
        <fullName>Sen. Feinstein, Dianne [D-CA]</fullName>
        <sponsorshipDate>2016-03-03</sponsorshipDate>
        <middleName />
        <identifiers>
          <bioguideId>F000062</bioguideId>
          <lisID>1332</lisID>
          <gpoId>8338</gpoId>
        </identifiers>
        <firstName>DIANNE</firstName>
        <lastName>FEINSTEIN</lastName>
        <bioguideId>F000062</bioguideId>
        <isOriginalCosponsor>True</isOriginalCosponsor>
        <sponsorshipWithdrawnDate />
        <party>D</party>
      </item>
      <item>
        <state>RI</state>
        <fullName>Sen. Whitehouse, Sheldon [D-RI]</fullName>
        <sponsorshipDate>2016-03-03</sponsorshipDate>
        <middleName />
        <identifiers>
          <gpoId>8264</gpoId>
          <lisID>1823</lisID>
          <bioguideId>W000802</bioguideId>
        </identifiers>
        <firstName>Sheldon</firstName>
        <lastName>Whitehouse</lastName>
        <bioguideId>W000802</bioguideId>
        <isOriginalCosponsor>True</isOriginalCosponsor>
        <sponsorshipWithdrawnDate />
        <party>D</party>
      </item>
      <item>
        <state>WI</state>
        <fullName>Sen. Baldwin, Tammy [D-WI]</fullName>
        <sponsorshipDate>2016-03-03</sponsorshipDate>
        <middleName />
        <identifiers>
          <gpoId>8215</gpoId>
          <lisID>1558</lisID>
          <bioguideId>B001230</bioguideId>
        </identifiers>
        <firstName>TAMMY</firstName>
        <lastName>BALDWIN</lastName>
        <bioguideId>B001230</bioguideId>
        <isOriginalCosponsor>True</isOriginalCosponsor>
        <sponsorshipWithdrawnDate />
        <party>D</party>
      </item>
      <item>
        <state>NY</state>
        <fullName>Sen. Gillibrand, Kirsten E. [D-NY]</fullName>
        <sponsorshipDate>2016-03-03</sponsorshipDate>
        <middleName>E.</middleName>
        <identifiers>
          <lisID>1866</lisID>
          <gpoId>8336</gpoId>
          <bioguideId>G000555</bioguideId>
        </identifiers>
        <firstName>Kirsten</firstName>
        <lastName>Gillibrand</lastName>
        <bioguideId>G000555</bioguideId>
        <isOriginalCosponsor>True</isOriginalCosponsor>
        <sponsorshipWithdrawnDate />
        <party>D</party>
      </item>
      <item>
        <state>WA</state>
        <fullName>Sen. Murray, Patty [D-WA]</fullName>
        <sponsorshipDate>2016-03-03</sponsorshipDate>
        <middleName />
        <identifiers>
          <lisID>1409</lisID>
          <gpoId>8237</gpoId>
          <bioguideId>M001111</bioguideId>
        </identifiers>
        <firstName>PATTY</firstName>
        <lastName>MURRAY</lastName>
        <bioguideId>M001111</bioguideId>
        <isOriginalCosponsor>True</isOriginalCosponsor>
        <sponsorshipWithdrawnDate />
        <party>D</party>
      </item>
      <item>
        <state>IL</state>
        <fullName>Sen. Durbin, Richard [D-IL]</fullName>
        <sponsorshipDate>2016-03-03</sponsorshipDate>
        <middleName>J.</middleName>
        <identifiers>
          <gpoId>8326</gpoId>
          <lisID>326</lisID>
          <bioguideId>D000563</bioguideId>
        </identifiers>
        <firstName>RICHARD</firstName>
        <lastName>DURBIN</lastName>
        <bioguideId>D000563</bioguideId>
        <isOriginalCosponsor>True</isOriginalCosponsor>
        <sponsorshipWithdrawnDate />
        <party>D</party>
      </item>
      <item>
        <state>MD</state>
        <fullName>Sen. Cardin, Benjamin L. [D-MD]</fullName>
        <sponsorshipDate>2016-03-03</sponsorshipDate>
        <middleName>L.</middleName>
        <identifiers>
          <gpoId>8287</gpoId>
          <lisID>174</lisID>
          <bioguideId>C000141</bioguideId>
        </identifiers>
        <firstName>BENJAMIN</firstName>
        <lastName>CARDIN</lastName>
        <bioguideId>C000141</bioguideId>
        <isOriginalCosponsor>True</isOriginalCosponsor>
        <sponsorshipWithdrawnDate />
        <party>D</party>
      </item>
      <item>
        <state>IL</state>
        <fullName>Sen. Kirk, Mark Steven [R-IL]</fullName>
        <sponsorshipDate>2016-03-03</sponsorshipDate>
        <middleName>STEVEN</middleName>
        <identifiers>
          <gpoId>8285</gpoId>
          <lisID>1647</lisID>
          <bioguideId>K000360</bioguideId>
        </identifiers>
        <firstName>MARK</firstName>
        <lastName>KIRK</lastName>
        <bioguideId>K000360</bioguideId>
        <isOriginalCosponsor>True</isOriginalCosponsor>
        <sponsorshipWithdrawnDate />
        <party>R</party>
      </item>
      <item>
        <state>MA</state>
        <fullName>Sen. Warren, Elizabeth [D-MA]</fullName>
        <sponsorshipDate>2016-03-03</sponsorshipDate>
        <middleName>A.</middleName>
        <identifiers>
          <lisID>2182</lisID>
          <gpoId />
          <bioguideId>W000817</bioguideId>
        </identifiers>
        <firstName>Elizabeth</firstName>
        <lastName>Warren</lastName>
        <bioguideId>W000817</bioguideId>
        <isOriginalCosponsor>True</isOriginalCosponsor>
        <sponsorshipWithdrawnDate />
        <party>D</party>
      </item>
      <item>
        <state>CT</state>
        <fullName>Sen. Murphy, Christopher S. [D-CT]</fullName>
        <sponsorshipDate>2016-03-03</sponsorshipDate>
        <middleName>S.</middleName>
        <identifiers>
          <lisID>1837</lisID>
          <gpoId>7870</gpoId>
          <bioguideId>M001169</bioguideId>
        </identifiers>
        <firstName>Christopher</firstName>
        <lastName>Murphy</lastName>
        <bioguideId>M001169</bioguideId>
        <isOriginalCosponsor>True</isOriginalCosponsor>
        <sponsorshipWithdrawnDate />
        <party>D</party>
      </item>
      <item>
        <state>WA</state>
        <fullName>Sen. Cantwell, Maria [D-WA]</fullName>
        <sponsorshipDate>2016-03-03</sponsorshipDate>
        <middleName />
        <identifiers>
          <lisID>172</lisID>
          <bioguideId>C000127</bioguideId>
          <gpoId>8288</gpoId>
        </identifiers>
        <firstName>MARIA</firstName>
        <lastName>CANTWELL</lastName>
        <bioguideId>C000127</bioguideId>
        <isOriginalCosponsor>True</isOriginalCosponsor>
        <sponsorshipWithdrawnDate />
        <party>D</party>
      </item>
      <item>
        <state>NJ</state>
        <fullName>Sen. Menendez, Robert [D-NJ]</fullName>
        <sponsorshipDate>2016-03-08</sponsorshipDate>
        <middleName />
        <identifiers>
          <bioguideId>M000639</bioguideId>
          <gpoId>8239</gpoId>
          <lisID>791</lisID>
        </identifiers>
        <firstName>ROBERT</firstName>
        <lastName>MENENDEZ</lastName>
        <bioguideId>M000639</bioguideId>
        <isOriginalCosponsor>False</isOriginalCosponsor>
        <sponsorshipWithdrawnDate />
        <party>D</party>
      </item>
      <item>
        <state>DE</state>
        <fullName>Sen. Coons, Christopher A. [D-DE]</fullName>
        <sponsorshipDate>2016-03-10</sponsorshipDate>
        <middleName>A.</middleName>
        <identifiers>
          <lisID>1984</lisID>
          <bioguideId>C001088</bioguideId>
          <gpoId>8297</gpoId>
        </identifiers>
        <firstName>Christopher</firstName>
        <lastName>Coons</lastName>
        <bioguideId>C001088</bioguideId>
        <isOriginalCosponsor>False</isOriginalCosponsor>
        <sponsorshipWithdrawnDate />
        <party>D</party>
      </item>
    </cosponsors>
    <title>A resolution supporting the goals of International Women's Day.</title>
    <billNumber>388</billNumber>
    <cboCostEstimates />
    <titles>
      <item>
        <parentTitleType />
        <titleType>Official Title as Introduced</titleType>
        <title>A resolution supporting the goals of International Women's Day.</title>
        <chamberCode />
        <chamberName />
      </item>
      <item>
        <parentTitleType />
        <titleType>Display Title</titleType>
        <title>A resolution supporting the goals of International Women's Day.</title>
        <chamberCode />
        <chamberName />
      </item>
    </titles>
    <summaries>
      <billSummaries>
        <item>
          <versionCode>00</versionCode>
          <actionDate>2016-03-03</actionDate>
          <name>Introduced in Senate</name>
          <lastSummaryUpdateDate>2016-03-09T21:13:18Z</lastSummaryUpdateDate>
          <text><![CDATA[<p>Supports the goals of International Women's Day.</p> <p> Recognizes that the empowerment of women is linked to a country's potential to generate economic growth, sustainable democracy, and inclusive security.</p> <p>Recognizes individuals in the United States and around the world, including women human rights defenders and civil society leaders, who have worked to ensure that women are guaranteed equality and basic human rights. </p> <p>Reaffirms the commitment to: (1) end discrimination and violence against women and girls, and ensure their safety and welfare; (2) pursue policies that guarantee the basic human rights of women and girls worldwide; and (3) promote women's participation in every aspect of society and community. </p>]]></text>
          <actionDesc>Introduced in Senate</actionDesc>
          <updateDate>2016-03-03T05:00:00Z</updateDate>
        </item>
        <item>
          <versionCode>01</versionCode>
          <actionDate>2016-03-16</actionDate>
          <name>Reported to Senate amended</name>
          <lastSummaryUpdateDate>2016-03-21T21:31:03Z</lastSummaryUpdateDate>
          <text><![CDATA[<p>Supports the goals of International Women's Day. </p> <p>Recognizes that the empowerment of women is linked to a country's potential to generate economic growth, sustainable democracy, and inclusive security. </p> <p>Recognizes individuals in the United States and around the world, including women human rights defenders and civil society leaders, who have worked to ensure that women are guaranteed equality and basic human rights. </p> <p>Reaffirms the commitment to: (1) end discrimination and violence against women and girls, and ensure their safety and welfare; (2) pursue policies that guarantee the basic human rights of women and girls worldwide; and (3) promote women's participation in every aspect of society and community. </p> <p> Supports sustainable global development that seeks to achieve gender equality.</p>]]></text>
          <actionDesc>Reported to Senate amended</actionDesc>
          <updateDate>2016-03-16T14:55:48Z</updateDate>
        </item>
        <item>
          <versionCode>35</versionCode>
          <actionDate>2016-04-13</actionDate>
          <name>Passed Senate amended</name>
          <lastSummaryUpdateDate>2016-05-06T14:51:18Z</lastSummaryUpdateDate>
          <text><![CDATA[<p>(This measure has not been amended since it was reported to the Senate on March 16, 2016. The summary of that version is repeated here.)</p> <p>Supports the goals of International Women's Day. </p> <p>Recognizes that the empowerment of women is linked to a country's potential to generate economic growth, sustainable democracy, and inclusive security. </p> <p>Recognizes individuals in the United States and around the world, including women human rights defenders and civil society leaders, who have worked to ensure that women are guaranteed equality and basic human rights. </p> <p>Reaffirms the commitment to: (1) end discrimination and violence against women and girls, and ensure their safety and welfare; (2) pursue policies that guarantee the basic human rights of women and girls worldwide; and (3) promote women's participation in every aspect of society and community. </p> <p> Supports sustainable global development that seeks to achieve gender equality.</p>]]></text>
          <actionDesc>Passed Senate amended</actionDesc>
          <updateDate>2016-04-13T14:06:19Z</updateDate>
        </item>
      </billSummaries>
    </summaries>
    <relatedBills />
    <calendarNumbers>
      <item>
        <calendar>Senate Calendar of Business</calendar>
        <number>0401</number>
      </item>
    </calendarNumbers>
    <recordedVotes />
    <introducedDate>2016-03-03</introducedDate>
    <latestAction>
      <links />
      <actionDate>2016-04-13</actionDate>
      <text>Resolution agreed to in Senate with an amendment and an amended preamble by Unanimous Consent. (consideration: CR S2063; text of committee substitute as amended: CR S2063)</text>
    </latestAction>
    <congress>114</congress>
    <billType>SRES</billType>
    <actions>
      <actionTypeCounts>
        <introducedInSenate>1</introducedInSenate>
        <referredToCommittee>1</referredToCommittee>
        <orderedReported>1</orderedReported>
        <reportedToSenate>2</reportedToSenate>
        <placedOnCalendarGeneralOrders>1</placedOnCalendarGeneralOrders>
        <passedAgreedToInSenate>1</passedAgreedToInSenate>
        <agreedToInSenate>1</agreedToInSenate>
      </actionTypeCounts>
      <actionByCounts>
        <senate>8</senate>
      </actionByCounts>
      <item>
        <actionDate>2016-04-13</actionDate>
        <committee />
        <links>
          <link>
            <url>https://www.congress.gov/congressional-record/volume-162/senate-section/page/S2063</url>
            <name>S2063</name>
          </link>
        </links>
        <sourceSystem>
          <name>Senate</name>
          <code>0</code>
        </sourceSystem>
        <text>Resolution agreed to in Senate with an amendment and an amended preamble by Unanimous Consent. (consideration: CR S2063; text of committee substitute as amended: CR S2063)</text>
        <type>Floor</type>
      </item>
      <item>
        <links>
          <link>
            <url>https://www.congress.gov/congressional-record/volume-162/senate-section/page/S2063</url>
            <name>S2063</name>
          </link>
        </links>
        <committee />
        <actionCode>17000</actionCode>
        <actionDate>2016-04-13</actionDate>
        <text>Passed/agreed to in Senate: Resolution agreed to in Senate with an amendment and an amended preamble by Unanimous Consent.(consideration: CR S2063; text of committee substitute as amended: CR S2063)</text>
        <type>Floor</type>
        <sourceSystem>
          <name>Library of Congress</name>
          <code>9</code>
        </sourceSystem>
      </item>
      <item>
        <actionDate>2016-03-16</actionDate>
        <committee />
        <links />
        <sourceSystem>
          <name>Senate</name>
          <code>0</code>
        </sourceSystem>
        <text>Placed on Senate Legislative Calendar under General Orders. Calendar No. 401.</text>
        <type>Calendars</type>
      </item>
      <item>
        <actionDate>2016-03-16</actionDate>
        <committee>
          <systemCode>ssfr00</systemCode>
          <name>Foreign Relations Committee</name>
        </committee>
        <links />
        <sourceSystem>
          <name>Senate</name>
          <code>0</code>
        </sourceSystem>
        <text>Committee on Foreign Relations. Reported by Senator Corker with an amendment in the nature of a substitute and with an amended preamble. Without written report.</text>
        <type>Committee</type>
      </item>
      <item>
        <links />
        <committee>
          <systemCode>ssfr00</systemCode>
          <name>Foreign Relations Committee</name>
        </committee>
        <actionCode>14000</actionCode>
        <actionDate>2016-03-16</actionDate>
        <text>Committee on Foreign Relations. Reported by Senator Corker with an amendment in the nature of a substitute and with an amended preamble. Without written report.</text>
        <type>Committee</type>
        <sourceSystem>
          <name>Library of Congress</name>
          <code>9</code>
        </sourceSystem>
      </item>
      <item>
        <actionDate>2016-03-10</actionDate>
        <committee>
          <systemCode>ssfr00</systemCode>
          <name>Foreign Relations Committee</name>
        </committee>
        <links />
        <sourceSystem>
          <name>Senate</name>
          <code>0</code>
        </sourceSystem>
        <text>Committee on Foreign Relations. Ordered to be reported with amendments favorably.</text>
        <type>Committee</type>
      </item>
      <item>
        <actionDate>2016-03-03</actionDate>
        <committee>
          <systemCode>ssfr00</systemCode>
          <name>Foreign Relations Committee</name>
        </committee>
        <links>
          <link>
            <url>https://www.congress.gov/congressional-record/volume-162/senate-section/page/S1282-1283</url>
            <name>S1282-1283</name>
          </link>
        </links>
        <sourceSystem>
          <name>Senate</name>
          <code>0</code>
        </sourceSystem>
        <text>Referred to the Committee on Foreign Relations. (text of measure as introduced: CR S1282-1283)</text>
        <type>IntroReferral</type>
      </item>
      <item>
        <links />
        <committee />
        <actionCode>10000</actionCode>
        <actionDate>2016-03-03</actionDate>
        <text>Introduced in Senate</text>
        <type>IntroReferral</type>
        <sourceSystem>
          <name>Library of Congress</name>
          <code>9</code>
        </sourceSystem>
      </item>
    </actions>
    <originChamber>Senate</originChamber>
    <laws />
    <updateDate>2016-11-02T23:14:21Z</updateDate>
  </bill>
  <dublinCore xmlns:dc="http://purl.org/dc/elements/1.1/">
    <dc:format>text/xml</dc:format>
    <dc:language>EN</dc:language>
    <dc:rights>Pursuant to Title 17 Section 105 of the United States Code, this file is not subject to copyright protection and is in the public domain.</dc:rights>
    <dc:contributor>Congressional Research Service, Library of Congress</dc:contributor>
    <dc:description>This file contains bill summaries and statuses for federal legislation. A bill summary describes the most significant provisions of a piece of legislation and details the effects the legislative text may have on current law and federal programs. Bill summaries are authored by the Congressional Research Service (CRS) of the Library of Congress. As stated in Public Law 91-510 (2 USC 166 (d)(6)), one of the duties of CRS is "to prepare summaries and digests of bills and resolutions of a public general nature introduced in the Senate or House of Representatives". For more information, refer to the User Guide that accompanies this file.</dc:description>
  </dublinCore>
</billStatus>

