<?xml version="1.0" encoding="UTF-8"?>
<billStatus>
  <bill>
    <title>A resolution designating the week of February 8 through February 14, 2015, as "Internet Governance Awareness Week".</title>
    <updateDate>2016-11-02T23:12:35Z</updateDate>
    <relatedBills />
    <introducedDate>2015-02-05</introducedDate>
    <originChamber>Senate</originChamber>
    <cboCostEstimates />
    <policyArea>
      <name>Science, Technology, Communications</name>
    </policyArea>
    <congress>114</congress>
    <billNumber>71</billNumber>
    <billType>SRES</billType>
    <amendments />
    <recordedVotes />
    <committees>
      <billCommittees />
    </committees>
    <laws />
    <subjects>
      <billSubjects>
        <legislativeSubjects>
          <item>
            <name>Commemorative events and holidays</name>
          </item>
          <item>
            <name>Internet and video services</name>
          </item>
        </legislativeSubjects>
        <policyArea>
          <name>Science, Technology, Communications</name>
        </policyArea>
      </billSubjects>
    </subjects>
    <notes />
    <committeeReports />
    <actions>
      <actionByCounts>
        <senate>3</senate>
      </actionByCounts>
      <item>
        <actionDate>2015-02-05</actionDate>
        <committee />
        <links>
          <link>
            <name>S841</name>
            <url>https://www.congress.gov/congressional-record/volume-161/senate-section/page/S841</url>
          </link>
          <link>
            <name>S842</name>
            <url>https://www.congress.gov/congressional-record/volume-161/senate-section/page/S842</url>
          </link>
        </links>
        <sourceSystem>
          <name>Senate</name>
          <code>0</code>
        </sourceSystem>
        <text>Submitted in the Senate, considered, and agreed to without amendment and with a preamble by Unanimous Consent. (consideration: CR S842; text as passed Senate: CR S841)</text>
        <type>Floor</type>
      </item>
      <item>
        <actionDate>2015-02-05</actionDate>
        <actionCode>17000</actionCode>
        <sourceSystem>
          <name>Library of Congress</name>
          <code>9</code>
        </sourceSystem>
        <links>
          <link>
            <name>S841</name>
            <url>https://www.congress.gov/congressional-record/volume-161/senate-section/page/S841</url>
          </link>
          <link>
            <name>S842</name>
            <url>https://www.congress.gov/congressional-record/volume-161/senate-section/page/S842</url>
          </link>
        </links>
        <committee />
        <text>Passed/agreed to in Senate: Submitted in the Senate, considered, and agreed to without amendment and with a preamble by Unanimous Consent.(consideration: CR S842; text as passed Senate: CR S841)</text>
        <type>Floor</type>
      </item>
      <item>
        <actionDate>2015-02-05</actionDate>
        <actionCode>10000</actionCode>
        <sourceSystem>
          <name>Library of Congress</name>
          <code>9</code>
        </sourceSystem>
        <links />
        <committee />
        <text>Introduced in Senate</text>
        <type>IntroReferral</type>
      </item>
      <actionTypeCounts>
        <introducedInSenate>1</introducedInSenate>
        <passedOrAgreedToInSenateDayOf>1</passedOrAgreedToInSenateDayOf>
        <passedAgreedToInSenate>1</passedAgreedToInSenate>
      </actionTypeCounts>
    </actions>
    <calendarNumbers />
    <latestAction>
      <links />
      <actionDate>2015-02-05</actionDate>
      <text>Submitted in the Senate, considered, and agreed to without amendment and with a preamble by Unanimous Consent. (consideration: CR S842; text as passed Senate: CR S841)</text>
    </latestAction>
    <titles>
      <item>
        <parentTitleType />
        <titleType>Official Title as Introduced</titleType>
        <title>A resolution designating the week of February 8 through February 14, 2015, as "Internet Governance Awareness Week".</title>
        <chamberCode />
        <chamberName />
      </item>
      <item>
        <parentTitleType />
        <titleType>Display Title</titleType>
        <title>A resolution designating the week of February 8 through February 14, 2015, as "Internet Governance Awareness Week".</title>
        <chamberCode />
        <chamberName />
      </item>
    </titles>
    <summaries>
      <billSummaries>
        <item>
          <actionDate>2015-02-05</actionDate>
          <actionDesc>Introduced in Senate</actionDesc>
          <lastSummaryUpdateDate>2015-02-23T15:54:47Z</lastSummaryUpdateDate>
          <versionCode>00</versionCode>
          <updateDate>2015-02-05T05:00:00Z</updateDate>
          <name>Introduced in Senate</name>
          <text><![CDATA[<p>Designates the week of February 8-February 14, 2015, as Internet Governance Awareness Week to:</p> <ul> <li>increase public awareness of the National Telecommunications and Information Administration's announcement on March 14, 2014, regarding its intent to transition stewardship of the Internet Assigned Numbers Authority to the global multistakeholder community, and </li> <li>call the attention of the participants at the next global meeting of the Internet Corporation for Assigned Names and Numbers (ICANN) to the importance of designing accountability and governance reforms to prepare ICANN for executing the responsibilities that it may receive under such a transition.</li> </ul> <p>Prohibits this resolution from being construed as congressional approval of any ICANN transition proposal.</p>]]></text>
        </item>
        <item>
          <actionDate>2015-02-05</actionDate>
          <actionDesc>Passed Senate without amendment</actionDesc>
          <lastSummaryUpdateDate>2015-02-23T15:59:30Z</lastSummaryUpdateDate>
          <versionCode>82</versionCode>
          <updateDate>2015-02-05T13:40:15Z</updateDate>
          <name>Passed Senate without amendment</name>
          <text><![CDATA[<p>(This measure has not been amended since it was introduced. The summary has been expanded because action occurred on the measure.)</p> <p>(Sec. 1) Designates the week of February 8-February 14, 2015, as Internet Governance Awareness Week to:</p> <ul> <li>increase public awareness of the National Telecommunications and Information Administration's announcement on March 14, 2014, regarding its intent to transition stewardship of the Internet Assigned Numbers Authority to the global multistakeholder community, and </li> <li>call the attention of the participants at the next global meeting of the Internet Corporation for Assigned Names and Numbers (ICANN) to the importance of designing accountability and governance reforms to prepare ICANN for executing the responsibilities that it may receive under such a transition.</li> </ul> <p>Calls attention to reforms that would:</p> <ul> <li>insist that the domain name system continues to function as part of a secure, stable, resilient, single, decentralized, open, and interoperable Internet; </li> <li>separate policymaking, implementation, and dispute resolution functions; </li> <li>limit and maintain ICANN's authority to coordinate Internet unique identifiers; </li> <li>protect ICANN from undue influence or capture by governments, multilateral or intergovernmental organizations, or commercial or noncommercial stakeholders; </li> <li>maintain ICANN's commitment for final action regarding key policy decisions to demonstrate broad support by ICANN stakeholders; </li> <li>expand transparency measures to ensure community access to ICANN documents and records; and </li> <li>be incorporated into ICANN's articles of incorporation and by-laws, subject to independent adjudication or arbitration. </ul> <p>(Sec. 2) Prohibits this resolution from being construed as congressional approval of any ICANN transition proposal.</p>]]></text>
        </item>
      </billSummaries>
    </summaries>
    <createDate>2015-02-06T04:59:53Z</createDate>
    <sponsors>
      <item>
        <state>UT</state>
        <fullName>Sen. Hatch, Orrin G. [R-UT]</fullName>
        <middleName>GRANT</middleName>
        <identifiers>
          <gpoId>8314</gpoId>
          <lisID>1351</lisID>
          <bioguideId>H000338</bioguideId>
        </identifiers>
        <firstName>ORRIN</firstName>
        <lastName>HATCH</lastName>
        <bioguideId>H000338</bioguideId>
        <byRequestType />
        <party>R</party>
      </item>
    </sponsors>
    <cosponsors>
      <item>
        <fullName>Sen. Blunt, Roy [R-MO]</fullName>
        <firstName>Roy</firstName>
        <lastName>Blunt</lastName>
        <state>MO</state>
        <party>R</party>
        <bioguideId>B000575</bioguideId>
        <identifiers>
          <bioguideId>B000575</bioguideId>
          <lisID>1464</lisID>
          <gpoId>8313</gpoId>
        </identifiers>
        <sponsorshipWithdrawnDate />
        <sponsorshipDate>2015-02-05</sponsorshipDate>
        <middleName />
        <isOriginalCosponsor>True</isOriginalCosponsor>
      </item>
      <item>
        <fullName>Sen. Warner, Mark R. [D-VA]</fullName>
        <firstName>Mark</firstName>
        <lastName>Warner</lastName>
        <state>VA</state>
        <party>D</party>
        <bioguideId>W000805</bioguideId>
        <identifiers>
          <lisID>1897</lisID>
          <gpoId>8269</gpoId>
          <bioguideId>W000805</bioguideId>
        </identifiers>
        <sponsorshipWithdrawnDate />
        <sponsorshipDate>2015-02-05</sponsorshipDate>
        <middleName>R.</middleName>
        <isOriginalCosponsor>True</isOriginalCosponsor>
      </item>
      <item>
        <fullName>Sen. Coons, Christopher A. [D-DE]</fullName>
        <firstName>Christopher</firstName>
        <lastName>Coons</lastName>
        <state>DE</state>
        <party>D</party>
        <bioguideId>C001088</bioguideId>
        <identifiers>
          <bioguideId>C001088</bioguideId>
          <gpoId>8297</gpoId>
          <lisID>1984</lisID>
        </identifiers>
        <sponsorshipWithdrawnDate />
        <sponsorshipDate>2015-02-05</sponsorshipDate>
        <middleName>A.</middleName>
        <isOriginalCosponsor>True</isOriginalCosponsor>
      </item>
      <item>
        <fullName>Sen. Inhofe, James M. [R-OK]</fullName>
        <firstName>JIM</firstName>
        <lastName>INHOFE</lastName>
        <state>OK</state>
        <party>R</party>
        <bioguideId>I000024</bioguideId>
        <identifiers>
          <bioguideId>I000024</bioguideId>
          <gpoId>8322</gpoId>
          <lisID>583</lisID>
        </identifiers>
        <sponsorshipWithdrawnDate />
        <sponsorshipDate>2015-02-05</sponsorshipDate>
        <middleName />
        <isOriginalCosponsor>True</isOriginalCosponsor>
      </item>
    </cosponsors>
  </bill>
  <dublinCore xmlns:dc="http://purl.org/dc/elements/1.1/">
    <dc:format>text/xml</dc:format>
    <dc:language>EN</dc:language>
    <dc:rights>Pursuant to Title 17 Section 105 of the United States Code, this file is not subject to copyright protection and is in the public domain.</dc:rights>
    <dc:contributor>Congressional Research Service, Library of Congress</dc:contributor>
    <dc:description>This file contains bill summaries and statuses for federal legislation. A bill summary describes the most significant provisions of a piece of legislation and details the effects the legislative text may have on current law and federal programs. Bill summaries are authored by the Congressional Research Service (CRS) of the Library of Congress. As stated in Public Law 91-510 (2 USC 166 (d)(6)), one of the duties of CRS is "to prepare summaries and digests of bills and resolutions of a public general nature introduced in the Senate or House of Representatives". For more information, refer to the User Guide that accompanies this file.</dc:description>
  </dublinCore>
</billStatus>

