<?xml version="1.0" encoding="UTF-8"?>
<billStatus>
  <bill>
    <cboCostEstimates />
    <policyArea>
      <name>Commerce</name>
    </policyArea>
    <notes />
    <committeeReports />
    <titles>
      <item>
        <chamberCode />
        <chamberName />
        <title>A resolution expressing appreciation of the goals of American Craft Beer Week and commending the small and independent craft brewers of the United States.</title>
        <parentTitleType />
        <titleType>Official Title as Introduced</titleType>
      </item>
      <item>
        <chamberCode />
        <chamberName />
        <title>A resolution expressing appreciation of the goals of American Craft Beer Week and commending the small and independent craft brewers of the United States.</title>
        <parentTitleType />
        <titleType>Display Title</titleType>
      </item>
    </titles>
    <summaries>
      <billSummaries>
        <item>
          <actionDate>2015-05-31</actionDate>
          <actionDesc>Introduced in Senate</actionDesc>
          <lastSummaryUpdateDate>2016-10-18T22:17:11Z</lastSummaryUpdateDate>
          <versionCode>00</versionCode>
          <updateDate>2015-05-31T04:00:00Z</updateDate>
          <name>Introduced in Senate</name>
          <text><![CDATA[<p>Appreciates the goals of American Craft Beer Week, established by the Brewers Association, which represents the U.S. small craft brewers.</p> <p>Recognizes their significant contributions to the economy and to the communities in which they are located.</p> <p>Commends them for providing jobs, supporting U.S. agriculture, improving the balance of trade, and educating the people of the United States and beer lovers around the world about the history and culture of beer while promoting the legal and responsible consumption of beer.</p>]]></text>
        </item>
        <item>
          <actionDate>2015-05-31</actionDate>
          <actionDesc>Passed Senate without amendment</actionDesc>
          <lastSummaryUpdateDate>2015-09-30T15:26:24Z</lastSummaryUpdateDate>
          <versionCode>82</versionCode>
          <updateDate>2015-05-31T16:16:46Z</updateDate>
          <name>Passed Senate without amendment</name>
          <text><![CDATA[<p>(This measure has not been amended since it was introduced. The summary of that version is repeated here.)</p> <p>Appreciates the goals of American Craft Beer Week, established by the Brewers Association, which represents the U.S. small craft brewers.</p> <p>Recognizes their significant contributions to the economy and to the communities in which they are located.</p> <p>Commends them for providing jobs, supporting U.S. agriculture, improving the balance of trade, and educating the people of the United States and beer lovers around the world about the history and culture of beer while promoting the legal and responsible consumption of beer.</p>]]></text>
        </item>
      </billSummaries>
    </summaries>
    <createDate>2015-06-01T08:49:07Z</createDate>
    <recordedVotes />
    <billNumber>188</billNumber>
    <introducedDate>2015-05-31</introducedDate>
    <relatedBills>
      <item>
        <latestTitle>A resolution expressing appreciation of the goals of American Craft Beer Week and commending the small and independent craft brewers of the United States.</latestTitle>
        <latestAction>
          <text>Submitted in the Senate, considered, and agreed to without amendment and with a preamble by Unanimous Consent. (consideration: CR S3128; text as passed Senate: CR S3103)</text>
          <actionDate>2016-05-24</actionDate>
        </latestAction>
        <number>473</number>
        <relationshipDetails>
          <item>
            <identifiedBy>CRS</identifiedBy>
            <type>Identical bill</type>
          </item>
        </relationshipDetails>
        <type>SRES</type>
        <congress>114</congress>
      </item>
    </relatedBills>
    <updateDate>2016-11-02T23:13:16Z</updateDate>
    <committees>
      <billCommittees />
    </committees>
    <congress>114</congress>
    <laws />
    <title>A resolution expressing appreciation of the goals of American Craft Beer Week and commending the small and independent craft brewers of the United States.</title>
    <calendarNumbers />
    <sponsors>
      <item>
        <identifiers>
          <lisID>174</lisID>
          <bioguideId>C000141</bioguideId>
          <gpoId>8287</gpoId>
        </identifiers>
        <byRequestType />
        <fullName>Sen. Cardin, Benjamin L. [D-MD]</fullName>
        <firstName>BENJAMIN</firstName>
        <state>MD</state>
        <bioguideId>C000141</bioguideId>
        <middleName>L.</middleName>
        <party>D</party>
        <lastName>CARDIN</lastName>
      </item>
    </sponsors>
    <actions>
      <actionTypeCounts>
        <passedOrAgreedToInSenateDayOf>1</passedOrAgreedToInSenateDayOf>
        <passedAgreedToInSenate>1</passedAgreedToInSenate>
        <introducedInSenate>1</introducedInSenate>
      </actionTypeCounts>
      <actionByCounts>
        <senate>3</senate>
      </actionByCounts>
      <item>
        <actionDate>2015-05-31</actionDate>
        <committee />
        <links>
          <link>
            <name>S3341-3342</name>
            <url>https://www.congress.gov/congressional-record/volume-161/senate-section/page/S3341-3342</url>
          </link>
          <link>
            <name>S3371</name>
            <url>https://www.congress.gov/congressional-record/volume-161/senate-section/page/S3371</url>
          </link>
        </links>
        <sourceSystem>
          <name>Senate</name>
          <code>0</code>
        </sourceSystem>
        <text>Submitted in the Senate, considered, and agreed to without amendment and with a preamble by Unanimous Consent. (consideration: CR S3371; text as passed Senate: CR S3341-3342)</text>
        <type>Floor</type>
      </item>
      <item>
        <actionCode>17000</actionCode>
        <actionDate>2015-05-31</actionDate>
        <text>Passed/agreed to in Senate: Submitted in the Senate, considered, and agreed to without amendment and with a preamble by Unanimous Consent.(consideration: CR S3371; text as passed Senate: CR S3341-3342)</text>
        <committee />
        <type>Floor</type>
        <links>
          <link>
            <name>S3341-3342</name>
            <url>https://www.congress.gov/congressional-record/volume-161/senate-section/page/S3341-3342</url>
          </link>
          <link>
            <name>S3371</name>
            <url>https://www.congress.gov/congressional-record/volume-161/senate-section/page/S3371</url>
          </link>
        </links>
        <sourceSystem>
          <name>Library of Congress</name>
          <code>9</code>
        </sourceSystem>
      </item>
      <item>
        <actionCode>10000</actionCode>
        <actionDate>2015-05-31</actionDate>
        <text>Introduced in Senate</text>
        <committee />
        <type>IntroReferral</type>
        <links />
        <sourceSystem>
          <name>Library of Congress</name>
          <code>9</code>
        </sourceSystem>
      </item>
    </actions>
    <amendments />
    <originChamber>Senate</originChamber>
    <latestAction>
      <text>Submitted in the Senate, considered, and agreed to without amendment and with a preamble by Unanimous Consent. (consideration: CR S3371; text as passed Senate: CR S3341-3342)</text>
      <actionDate>2015-05-31</actionDate>
      <links />
    </latestAction>
    <subjects>
      <billSubjects>
        <legislativeSubjects>
          <item>
            <name>Alcoholic beverages</name>
          </item>
          <item>
            <name>Commemorative events and holidays</name>
          </item>
          <item>
            <name>Congressional tributes</name>
          </item>
          <item>
            <name>Food industry and services</name>
          </item>
          <item>
            <name>Small business</name>
          </item>
        </legislativeSubjects>
        <policyArea>
          <name>Commerce</name>
        </policyArea>
      </billSubjects>
    </subjects>
    <cosponsors>
      <item>
        <fullName>Sen. Collins, Susan M. [R-ME]</fullName>
        <firstName>SUSAN</firstName>
        <lastName>COLLINS</lastName>
        <state>ME</state>
        <party>R</party>
        <bioguideId>C001035</bioguideId>
        <identifiers>
          <lisID>1541</lisID>
          <gpoId>8291</gpoId>
          <bioguideId>C001035</bioguideId>
        </identifiers>
        <sponsorshipWithdrawnDate />
        <sponsorshipDate>2015-05-31</sponsorshipDate>
        <middleName>MARGARET</middleName>
        <isOriginalCosponsor>True</isOriginalCosponsor>
      </item>
      <item>
        <fullName>Sen. Cantwell, Maria [D-WA]</fullName>
        <firstName>MARIA</firstName>
        <lastName>CANTWELL</lastName>
        <state>WA</state>
        <party>D</party>
        <bioguideId>C000127</bioguideId>
        <identifiers>
          <gpoId>8288</gpoId>
          <lisID>172</lisID>
          <bioguideId>C000127</bioguideId>
        </identifiers>
        <sponsorshipWithdrawnDate />
        <sponsorshipDate>2015-05-31</sponsorshipDate>
        <middleName />
        <isOriginalCosponsor>True</isOriginalCosponsor>
      </item>
      <item>
        <fullName>Sen. Ayotte, Kelly [R-NH]</fullName>
        <firstName>Kelly</firstName>
        <lastName>Ayotte</lastName>
        <state>NH</state>
        <party>R</party>
        <bioguideId>A000368</bioguideId>
        <identifiers>
          <lisID>2075</lisID>
          <bioguideId>A000368</bioguideId>
          <gpoId>8315</gpoId>
        </identifiers>
        <sponsorshipWithdrawnDate />
        <sponsorshipDate>2015-05-31</sponsorshipDate>
        <middleName />
        <isOriginalCosponsor>True</isOriginalCosponsor>
      </item>
    </cosponsors>
    <billType>SRES</billType>
  </bill>
  <dublinCore xmlns:dc="http://purl.org/dc/elements/1.1/">
    <dc:format>text/xml</dc:format>
    <dc:language>EN</dc:language>
    <dc:rights>Pursuant to Title 17 Section 105 of the United States Code, this file is not subject to copyright protection and is in the public domain.</dc:rights>
    <dc:contributor>Congressional Research Service, Library of Congress</dc:contributor>
    <dc:description>This file contains bill summaries and statuses for federal legislation. A bill summary describes the most significant provisions of a piece of legislation and details the effects the legislative text may have on current law and federal programs. Bill summaries are authored by the Congressional Research Service (CRS) of the Library of Congress. As stated in Public Law 91-510 (2 USC 166 (d)(6)), one of the duties of CRS is "to prepare summaries and digests of bills and resolutions of a public general nature introduced in the Senate or House of Representatives". For more information, refer to the User Guide that accompanies this file.</dc:description>
  </dublinCore>
</billStatus>

