<?xml version="1.0" encoding="UTF-8"?>
<billStatus>
  <bill>
    <billType>SRES</billType>
    <laws />
    <recordedVotes />
    <actions>
      <actionTypeCounts>
        <passedOrAgreedToInSenateDayOf>1</passedOrAgreedToInSenateDayOf>
        <passedAgreedToInSenate>1</passedAgreedToInSenate>
        <introducedInSenate>1</introducedInSenate>
      </actionTypeCounts>
      <item>
        <actionDate>2015-07-08</actionDate>
        <committee />
        <links>
          <link>
            <name>S4844</name>
            <url>https://www.congress.gov/congressional-record/volume-161/senate-section/page/S4844</url>
          </link>
          <link>
            <name>S4894-4895</name>
            <url>https://www.congress.gov/congressional-record/volume-161/senate-section/page/S4894-4895</url>
          </link>
        </links>
        <sourceSystem>
          <code>0</code>
          <name>Senate</name>
        </sourceSystem>
        <text>Submitted in the Senate, considered, and agreed to without amendment and with a preamble by Unanimous Consent. (consideration: CR S4894-4895; text as passed Senate: CR S4844)</text>
        <type>Floor</type>
      </item>
      <item>
        <actionDate>2015-07-08</actionDate>
        <sourceSystem>
          <code>9</code>
          <name>Library of Congress</name>
        </sourceSystem>
        <text>Passed/agreed to in Senate: Submitted in the Senate, considered, and agreed to without amendment and with a preamble by Unanimous Consent.(consideration: CR S4894-4895; text as passed Senate: CR S4844)</text>
        <type>Floor</type>
        <links>
          <link>
            <name>S4844</name>
            <url>https://www.congress.gov/congressional-record/volume-161/senate-section/page/S4844</url>
          </link>
          <link>
            <name>S4894-4895</name>
            <url>https://www.congress.gov/congressional-record/volume-161/senate-section/page/S4894-4895</url>
          </link>
        </links>
        <actionCode>17000</actionCode>
        <committee />
      </item>
      <item>
        <actionDate>2015-07-08</actionDate>
        <sourceSystem>
          <code>9</code>
          <name>Library of Congress</name>
        </sourceSystem>
        <text>Introduced in Senate</text>
        <type>IntroReferral</type>
        <links />
        <actionCode>10000</actionCode>
        <committee />
      </item>
      <actionByCounts>
        <senate>3</senate>
      </actionByCounts>
    </actions>
    <billNumber>218</billNumber>
    <policyArea>
      <name>Sports and Recreation</name>
    </policyArea>
    <notes />
    <latestAction>
      <actionDate>2015-07-08</actionDate>
      <links />
      <text>Submitted in the Senate, considered, and agreed to without amendment and with a preamble by Unanimous Consent. (consideration: CR S4894-4895; text as passed Senate: CR S4844)</text>
    </latestAction>
    <relatedBills />
    <committees>
      <billCommittees />
    </committees>
    <cosponsors>
      <item>
        <state>ME</state>
        <fullName>Sen. Collins, Susan M. [R-ME]</fullName>
        <sponsorshipDate>2015-07-08</sponsorshipDate>
        <middleName>MARGARET</middleName>
        <identifiers>
          <lisID>1541</lisID>
          <bioguideId>C001035</bioguideId>
          <gpoId>8291</gpoId>
        </identifiers>
        <firstName>SUSAN</firstName>
        <lastName>COLLINS</lastName>
        <bioguideId>C001035</bioguideId>
        <isOriginalCosponsor>True</isOriginalCosponsor>
        <sponsorshipWithdrawnDate />
        <party>R</party>
      </item>
      <item>
        <state>OH</state>
        <fullName>Sen. Brown, Sherrod [D-OH]</fullName>
        <sponsorshipDate>2015-07-08</sponsorshipDate>
        <middleName />
        <identifiers>
          <gpoId>8309</gpoId>
          <lisID>136</lisID>
          <bioguideId>B000944</bioguideId>
        </identifiers>
        <firstName>SHERROD</firstName>
        <lastName>BROWN</lastName>
        <bioguideId>B000944</bioguideId>
        <isOriginalCosponsor>True</isOriginalCosponsor>
        <sponsorshipWithdrawnDate />
        <party>D</party>
      </item>
      <item>
        <state>FL</state>
        <fullName>Sen. Rubio, Marco [R-FL]</fullName>
        <sponsorshipDate>2015-07-08</sponsorshipDate>
        <middleName />
        <identifiers>
          <lisID>2084</lisID>
          <bioguideId>R000595</bioguideId>
          <gpoId>8242</gpoId>
        </identifiers>
        <firstName>Marco</firstName>
        <lastName>Rubio</lastName>
        <bioguideId>R000595</bioguideId>
        <isOriginalCosponsor>True</isOriginalCosponsor>
        <sponsorshipWithdrawnDate />
        <party>R</party>
      </item>
      <item>
        <state>NJ</state>
        <fullName>Sen. Booker, Cory A. [D-NJ]</fullName>
        <sponsorshipDate>2015-07-08</sponsorshipDate>
        <middleName>A.</middleName>
        <identifiers>
          <bioguideId>B001288</bioguideId>
          <lisID>2194</lisID>
          <gpoId />
        </identifiers>
        <firstName>Cory</firstName>
        <lastName>Booker</lastName>
        <bioguideId>B001288</bioguideId>
        <isOriginalCosponsor>True</isOriginalCosponsor>
        <sponsorshipWithdrawnDate />
        <party>D</party>
      </item>
      <item>
        <state>AZ</state>
        <fullName>Sen. McCain, John [R-AZ]</fullName>
        <sponsorshipDate>2015-07-08</sponsorshipDate>
        <middleName>SIDNEY</middleName>
        <identifiers>
          <lisID>754</lisID>
          <gpoId>8253</gpoId>
          <bioguideId>M000303</bioguideId>
        </identifiers>
        <firstName>JOHN</firstName>
        <lastName>MCCAIN</lastName>
        <bioguideId>M000303</bioguideId>
        <isOriginalCosponsor>True</isOriginalCosponsor>
        <sponsorshipWithdrawnDate />
        <party>R</party>
      </item>
      <item>
        <state>NY</state>
        <fullName>Sen. Schumer, Charles E. [D-NY]</fullName>
        <sponsorshipDate>2015-07-08</sponsorshipDate>
        <middleName>E.</middleName>
        <identifiers>
          <gpoId>8279</gpoId>
          <lisID>1036</lisID>
          <bioguideId>S000148</bioguideId>
        </identifiers>
        <firstName>CHARLES</firstName>
        <lastName>SCHUMER</lastName>
        <bioguideId>S000148</bioguideId>
        <isOriginalCosponsor>True</isOriginalCosponsor>
        <sponsorshipWithdrawnDate />
        <party>D</party>
      </item>
      <item>
        <state>PA</state>
        <fullName>Sen. Toomey, Pat [R-PA]</fullName>
        <sponsorshipDate>2015-07-08</sponsorshipDate>
        <middleName />
        <identifiers>
          <bioguideId>T000461</bioguideId>
          <lisID>1594</lisID>
          <gpoId />
        </identifiers>
        <firstName>Pat</firstName>
        <lastName>Toomey</lastName>
        <bioguideId>T000461</bioguideId>
        <isOriginalCosponsor>True</isOriginalCosponsor>
        <sponsorshipWithdrawnDate />
        <party>R</party>
      </item>
      <item>
        <state>VA</state>
        <fullName>Sen. Warner, Mark R. [D-VA]</fullName>
        <sponsorshipDate>2015-07-08</sponsorshipDate>
        <middleName>R.</middleName>
        <identifiers>
          <lisID>1897</lisID>
          <gpoId>8269</gpoId>
          <bioguideId>W000805</bioguideId>
        </identifiers>
        <firstName>Mark</firstName>
        <lastName>Warner</lastName>
        <bioguideId>W000805</bioguideId>
        <isOriginalCosponsor>True</isOriginalCosponsor>
        <sponsorshipWithdrawnDate />
        <party>D</party>
      </item>
      <item>
        <state>GA</state>
        <fullName>Sen. Perdue, David [R-GA]</fullName>
        <sponsorshipDate>2015-07-08</sponsorshipDate>
        <middleName>Alfred</middleName>
        <identifiers>
          <bioguideId>P000612</bioguideId>
          <lisID>2286</lisID>
          <gpoId />
        </identifiers>
        <firstName>David</firstName>
        <lastName>Perdue</lastName>
        <bioguideId>P000612</bioguideId>
        <isOriginalCosponsor>True</isOriginalCosponsor>
        <sponsorshipWithdrawnDate />
        <party>R</party>
      </item>
      <item>
        <state>NH</state>
        <fullName>Sen. Shaheen, Jeanne [D-NH]</fullName>
        <sponsorshipDate>2015-07-08</sponsorshipDate>
        <middleName />
        <identifiers>
          <gpoId>8276</gpoId>
          <lisID>1901</lisID>
          <bioguideId>S001181</bioguideId>
        </identifiers>
        <firstName>Jeanne</firstName>
        <lastName>Shaheen</lastName>
        <bioguideId>S001181</bioguideId>
        <isOriginalCosponsor>True</isOriginalCosponsor>
        <sponsorshipWithdrawnDate />
        <party>D</party>
      </item>
      <item>
        <state>AK</state>
        <fullName>Sen. Murkowski, Lisa [R-AK]</fullName>
        <sponsorshipDate>2015-07-08</sponsorshipDate>
        <middleName />
        <identifiers>
          <lisID>1694</lisID>
          <bioguideId>M001153</bioguideId>
          <gpoId>8234</gpoId>
        </identifiers>
        <firstName>Lisa</firstName>
        <lastName>Murkowski</lastName>
        <bioguideId>M001153</bioguideId>
        <isOriginalCosponsor>True</isOriginalCosponsor>
        <sponsorshipWithdrawnDate />
        <party>R</party>
      </item>
      <item>
        <state>MD</state>
        <fullName>Sen. Mikulski, Barbara A. [D-MD]</fullName>
        <sponsorshipDate>2015-07-08</sponsorshipDate>
        <middleName>ANN</middleName>
        <identifiers>
          <lisID>802</lisID>
          <gpoId>8240</gpoId>
          <bioguideId>M000702</bioguideId>
        </identifiers>
        <firstName>BARBARA</firstName>
        <lastName>MIKULSKI</lastName>
        <bioguideId>M000702</bioguideId>
        <isOriginalCosponsor>True</isOriginalCosponsor>
        <sponsorshipWithdrawnDate />
        <party>D</party>
      </item>
      <item>
        <state>NH</state>
        <fullName>Sen. Ayotte, Kelly [R-NH]</fullName>
        <sponsorshipDate>2015-07-08</sponsorshipDate>
        <middleName />
        <identifiers>
          <lisID>2075</lisID>
          <bioguideId>A000368</bioguideId>
          <gpoId>8315</gpoId>
        </identifiers>
        <firstName>Kelly</firstName>
        <lastName>Ayotte</lastName>
        <bioguideId>A000368</bioguideId>
        <isOriginalCosponsor>True</isOriginalCosponsor>
        <sponsorshipWithdrawnDate />
        <party>R</party>
      </item>
      <item>
        <state>MA</state>
        <fullName>Sen. Markey, Edward J. [D-MA]</fullName>
        <sponsorshipDate>2015-07-08</sponsorshipDate>
        <middleName>J.</middleName>
        <identifiers>
          <bioguideId>M000133</bioguideId>
          <lisID>735</lisID>
          <gpoId>7972</gpoId>
        </identifiers>
        <firstName>EDWARD</firstName>
        <lastName>MARKEY</lastName>
        <bioguideId>M000133</bioguideId>
        <isOriginalCosponsor>True</isOriginalCosponsor>
        <sponsorshipWithdrawnDate />
        <party>D</party>
      </item>
      <item>
        <state>KS</state>
        <fullName>Sen. Moran, Jerry [R-KS]</fullName>
        <sponsorshipDate>2015-07-08</sponsorshipDate>
        <middleName />
        <identifiers>
          <bioguideId>M000934</bioguideId>
          <gpoId>8307</gpoId>
          <lisID>1507</lisID>
        </identifiers>
        <firstName>JERRY</firstName>
        <lastName>MORAN</lastName>
        <bioguideId>M000934</bioguideId>
        <isOriginalCosponsor>True</isOriginalCosponsor>
        <sponsorshipWithdrawnDate />
        <party>R</party>
      </item>
      <item>
        <state>DE</state>
        <fullName>Sen. Carper, Thomas R. [D-DE]</fullName>
        <sponsorshipDate>2015-07-08</sponsorshipDate>
        <middleName>R.</middleName>
        <identifiers>
          <bioguideId>C000174</bioguideId>
          <lisID>179</lisID>
          <gpoId>8283</gpoId>
        </identifiers>
        <firstName>THOMAS</firstName>
        <lastName>CARPER</lastName>
        <bioguideId>C000174</bioguideId>
        <isOriginalCosponsor>True</isOriginalCosponsor>
        <sponsorshipWithdrawnDate />
        <party>D</party>
      </item>
      <item>
        <state>SD</state>
        <fullName>Sen. Thune, John [R-SD]</fullName>
        <sponsorshipDate>2015-07-08</sponsorshipDate>
        <middleName>R.</middleName>
        <identifiers>
          <gpoId>8257</gpoId>
          <lisID>1534</lisID>
          <bioguideId>T000250</bioguideId>
        </identifiers>
        <firstName>JOHN</firstName>
        <lastName>THUNE</lastName>
        <bioguideId>T000250</bioguideId>
        <isOriginalCosponsor>True</isOriginalCosponsor>
        <sponsorshipWithdrawnDate />
        <party>R</party>
      </item>
      <item>
        <state>MO</state>
        <fullName>Sen. McCaskill, Claire [D-MO]</fullName>
        <sponsorshipDate>2015-07-08</sponsorshipDate>
        <middleName />
        <identifiers>
          <gpoId>8252</gpoId>
          <lisID>1820</lisID>
          <bioguideId>M001170</bioguideId>
        </identifiers>
        <firstName>Claire</firstName>
        <lastName>McCaskill</lastName>
        <bioguideId>M001170</bioguideId>
        <isOriginalCosponsor>True</isOriginalCosponsor>
        <sponsorshipWithdrawnDate />
        <party>D</party>
      </item>
      <item>
        <state>HI</state>
        <fullName>Sen. Hirono, Mazie K. [D-HI]</fullName>
        <sponsorshipDate>2015-07-08</sponsorshipDate>
        <middleName>K.</middleName>
        <identifiers>
          <bioguideId>H001042</bioguideId>
          <lisID>1844</lisID>
          <gpoId>7913</gpoId>
        </identifiers>
        <firstName>Mazie</firstName>
        <lastName>Hirono</lastName>
        <bioguideId>H001042</bioguideId>
        <isOriginalCosponsor>True</isOriginalCosponsor>
        <sponsorshipWithdrawnDate />
        <party>D</party>
      </item>
      <item>
        <state>CO</state>
        <fullName>Sen. Bennet, Michael F. [D-CO]</fullName>
        <sponsorshipDate>2015-07-08</sponsorshipDate>
        <middleName>F.</middleName>
        <identifiers>
          <bioguideId>B001267</bioguideId>
          <gpoId>8302</gpoId>
          <lisID>1965</lisID>
        </identifiers>
        <firstName>Michael</firstName>
        <lastName>Bennet</lastName>
        <bioguideId>B001267</bioguideId>
        <isOriginalCosponsor>True</isOriginalCosponsor>
        <sponsorshipWithdrawnDate />
        <party>D</party>
      </item>
      <item>
        <state>VA</state>
        <fullName>Sen. Kaine, Tim [D-VA]</fullName>
        <sponsorshipDate>2015-07-08</sponsorshipDate>
        <middleName />
        <identifiers>
          <lisID>2176</lisID>
          <gpoId />
          <bioguideId>K000384</bioguideId>
        </identifiers>
        <firstName>Timothy</firstName>
        <lastName>Kaine</lastName>
        <bioguideId>K000384</bioguideId>
        <isOriginalCosponsor>True</isOriginalCosponsor>
        <sponsorshipWithdrawnDate />
        <party>D</party>
      </item>
      <item>
        <state>ME</state>
        <fullName>Sen. King, Angus S., Jr. [I-ME]</fullName>
        <sponsorshipDate>2015-07-08</sponsorshipDate>
        <middleName />
        <identifiers>
          <bioguideId>K000383</bioguideId>
          <gpoId />
          <lisID>2185</lisID>
        </identifiers>
        <firstName>Angus</firstName>
        <lastName>King</lastName>
        <bioguideId>K000383</bioguideId>
        <isOriginalCosponsor>True</isOriginalCosponsor>
        <sponsorshipWithdrawnDate />
        <party>I</party>
      </item>
      <item>
        <state>WA</state>
        <fullName>Sen. Murray, Patty [D-WA]</fullName>
        <sponsorshipDate>2015-07-08</sponsorshipDate>
        <middleName />
        <identifiers>
          <bioguideId>M001111</bioguideId>
          <gpoId>8237</gpoId>
          <lisID>1409</lisID>
        </identifiers>
        <firstName>PATTY</firstName>
        <lastName>MURRAY</lastName>
        <bioguideId>M001111</bioguideId>
        <isOriginalCosponsor>True</isOriginalCosponsor>
        <sponsorshipWithdrawnDate />
        <party>D</party>
      </item>
      <item>
        <state>MN</state>
        <fullName>Sen. Klobuchar, Amy [D-MN]</fullName>
        <sponsorshipDate>2015-07-08</sponsorshipDate>
        <middleName />
        <identifiers>
          <lisID>1826</lisID>
          <bioguideId>K000367</bioguideId>
          <gpoId>8249</gpoId>
        </identifiers>
        <firstName>Amy</firstName>
        <lastName>Klobuchar</lastName>
        <bioguideId>K000367</bioguideId>
        <isOriginalCosponsor>True</isOriginalCosponsor>
        <sponsorshipWithdrawnDate />
        <party>D</party>
      </item>
      <item>
        <state>NY</state>
        <fullName>Sen. Gillibrand, Kirsten E. [D-NY]</fullName>
        <sponsorshipDate>2015-07-08</sponsorshipDate>
        <middleName>E.</middleName>
        <identifiers>
          <lisID>1866</lisID>
          <bioguideId>G000555</bioguideId>
          <gpoId>8336</gpoId>
        </identifiers>
        <firstName>Kirsten</firstName>
        <lastName>Gillibrand</lastName>
        <bioguideId>G000555</bioguideId>
        <isOriginalCosponsor>True</isOriginalCosponsor>
        <sponsorshipWithdrawnDate />
        <party>D</party>
      </item>
      <item>
        <state>IL</state>
        <fullName>Sen. Durbin, Richard [D-IL]</fullName>
        <sponsorshipDate>2015-07-08</sponsorshipDate>
        <middleName>J.</middleName>
        <identifiers>
          <lisID>326</lisID>
          <gpoId>8326</gpoId>
          <bioguideId>D000563</bioguideId>
        </identifiers>
        <firstName>RICHARD</firstName>
        <lastName>DURBIN</lastName>
        <bioguideId>D000563</bioguideId>
        <isOriginalCosponsor>True</isOriginalCosponsor>
        <sponsorshipWithdrawnDate />
        <party>D</party>
      </item>
      <item>
        <state>PA</state>
        <fullName>Sen. Casey, Robert P., Jr. [D-PA]</fullName>
        <sponsorshipDate>2015-07-08</sponsorshipDate>
        <middleName />
        <identifiers>
          <lisID>1828</lisID>
          <bioguideId>C001070</bioguideId>
          <gpoId>8282</gpoId>
        </identifiers>
        <firstName>Bob</firstName>
        <lastName>Casey</lastName>
        <bioguideId>C001070</bioguideId>
        <isOriginalCosponsor>True</isOriginalCosponsor>
        <sponsorshipWithdrawnDate />
        <party>D</party>
      </item>
      <item>
        <state>WA</state>
        <fullName>Sen. Cantwell, Maria [D-WA]</fullName>
        <sponsorshipDate>2015-07-08</sponsorshipDate>
        <middleName />
        <identifiers>
          <bioguideId>C000127</bioguideId>
          <lisID>172</lisID>
          <gpoId>8288</gpoId>
        </identifiers>
        <firstName>MARIA</firstName>
        <lastName>CANTWELL</lastName>
        <bioguideId>C000127</bioguideId>
        <isOriginalCosponsor>True</isOriginalCosponsor>
        <sponsorshipWithdrawnDate />
        <party>D</party>
      </item>
      <item>
        <state>MI</state>
        <fullName>Sen. Peters, Gary C. [D-MI]</fullName>
        <sponsorshipDate>2015-07-08</sponsorshipDate>
        <middleName>C.</middleName>
        <identifiers>
          <lisID>1929</lisID>
          <bioguideId>P000595</bioguideId>
          <gpoId>7994</gpoId>
        </identifiers>
        <firstName>Gary</firstName>
        <lastName>Peters</lastName>
        <bioguideId>P000595</bioguideId>
        <isOriginalCosponsor>True</isOriginalCosponsor>
        <sponsorshipWithdrawnDate />
        <party>D</party>
      </item>
      <item>
        <state>MA</state>
        <fullName>Sen. Warren, Elizabeth [D-MA]</fullName>
        <sponsorshipDate>2015-07-08</sponsorshipDate>
        <middleName>A.</middleName>
        <identifiers>
          <lisID>2182</lisID>
          <gpoId />
          <bioguideId>W000817</bioguideId>
        </identifiers>
        <firstName>Elizabeth</firstName>
        <lastName>Warren</lastName>
        <bioguideId>W000817</bioguideId>
        <isOriginalCosponsor>True</isOriginalCosponsor>
        <sponsorshipWithdrawnDate />
        <party>D</party>
      </item>
      <item>
        <state>CA</state>
        <fullName>Sen. Feinstein, Dianne [D-CA]</fullName>
        <sponsorshipDate>2015-07-08</sponsorshipDate>
        <middleName />
        <identifiers>
          <bioguideId>F000062</bioguideId>
          <gpoId>8338</gpoId>
          <lisID>1332</lisID>
        </identifiers>
        <firstName>DIANNE</firstName>
        <lastName>FEINSTEIN</lastName>
        <bioguideId>F000062</bioguideId>
        <isOriginalCosponsor>True</isOriginalCosponsor>
        <sponsorshipWithdrawnDate />
        <party>D</party>
      </item>
      <item>
        <state>MT</state>
        <fullName>Sen. Tester, Jon [D-MT]</fullName>
        <sponsorshipDate>2015-07-08</sponsorshipDate>
        <middleName />
        <identifiers>
          <lisID>1829</lisID>
          <gpoId>8258</gpoId>
          <bioguideId>T000464</bioguideId>
        </identifiers>
        <firstName>Jon</firstName>
        <lastName>Tester</lastName>
        <bioguideId>T000464</bioguideId>
        <isOriginalCosponsor>True</isOriginalCosponsor>
        <sponsorshipWithdrawnDate />
        <party>D</party>
      </item>
      <item>
        <state>OR</state>
        <fullName>Sen. Wyden, Ron [D-OR]</fullName>
        <sponsorshipDate>2015-07-08</sponsorshipDate>
        <middleName />
        <identifiers>
          <bioguideId>W000779</bioguideId>
          <lisID>1247</lisID>
          <gpoId>8265</gpoId>
        </identifiers>
        <firstName>RON</firstName>
        <lastName>WYDEN</lastName>
        <bioguideId>W000779</bioguideId>
        <isOriginalCosponsor>True</isOriginalCosponsor>
        <sponsorshipWithdrawnDate />
        <party>D</party>
      </item>
    </cosponsors>
    <committeeReports />
    <sponsors>
      <item>
        <fullName>Sen. Menendez, Robert [D-NJ]</fullName>
        <firstName>ROBERT</firstName>
        <lastName>MENENDEZ</lastName>
        <state>NJ</state>
        <party>D</party>
        <bioguideId>M000639</bioguideId>
        <identifiers>
          <bioguideId>M000639</bioguideId>
          <gpoId>8239</gpoId>
          <lisID>791</lisID>
        </identifiers>
        <middleName />
        <byRequestType />
      </item>
    </sponsors>
    <createDate>2015-07-09T09:22:55Z</createDate>
    <updateDate>2016-11-02T23:13:27Z</updateDate>
    <introducedDate>2015-07-08</introducedDate>
    <summaries>
      <billSummaries>
        <item>
          <versionCode>00</versionCode>
          <actionDate>2015-07-08</actionDate>
          <text><![CDATA[<p>Congratulates the United States Women's National Team for winning the 2015 FIFA Women's World Cup.</p>]]></text>
          <lastSummaryUpdateDate>2015-08-04T20:50:48Z</lastSummaryUpdateDate>
          <actionDesc>Introduced in Senate</actionDesc>
          <name>Introduced in Senate</name>
          <updateDate>2015-07-08T04:00:00Z</updateDate>
        </item>
        <item>
          <versionCode>82</versionCode>
          <actionDate>2015-07-08</actionDate>
          <text><![CDATA[<p>(This measure has not been amended since it was introduced. The summary of that version is repeated here.)</p> <p>Congratulates the United States Women's National Team for winning the 2015 FIFA Women's World Cup.</p>]]></text>
          <lastSummaryUpdateDate>2015-08-04T20:52:36Z</lastSummaryUpdateDate>
          <actionDesc>Passed Senate without amendment</actionDesc>
          <name>Passed Senate without amendment</name>
          <updateDate>2015-07-08T16:44:43Z</updateDate>
        </item>
      </billSummaries>
    </summaries>
    <title>A resolution congratulating the United States Women's National Team for winning the 2015 FIFA World Cup.</title>
    <cboCostEstimates />
    <subjects>
      <billSubjects>
        <policyArea>
          <name>Sports and Recreation</name>
        </policyArea>
        <legislativeSubjects>
          <item>
            <name>Athletes</name>
          </item>
          <item>
            <name>Congressional tributes</name>
          </item>
          <item>
            <name>Professional sports</name>
          </item>
        </legislativeSubjects>
      </billSubjects>
    </subjects>
    <amendments />
    <calendarNumbers />
    <congress>114</congress>
    <titles>
      <item>
        <chamberCode />
        <chamberName />
        <title>A resolution congratulating the United States Women's National Team for winning the 2015 FIFA World Cup.</title>
        <parentTitleType />
        <titleType>Official Title as Introduced</titleType>
      </item>
      <item>
        <chamberCode />
        <chamberName />
        <title>A resolution congratulating the United States Women's National Team for winning the 2015 FIFA World Cup.</title>
        <parentTitleType />
        <titleType>Display Title</titleType>
      </item>
    </titles>
    <originChamber>Senate</originChamber>
  </bill>
  <dublinCore xmlns:dc="http://purl.org/dc/elements/1.1/">
    <dc:format>text/xml</dc:format>
    <dc:language>EN</dc:language>
    <dc:rights>Pursuant to Title 17 Section 105 of the United States Code, this file is not subject to copyright protection and is in the public domain.</dc:rights>
    <dc:contributor>Congressional Research Service, Library of Congress</dc:contributor>
    <dc:description>This file contains bill summaries and statuses for federal legislation. A bill summary describes the most significant provisions of a piece of legislation and details the effects the legislative text may have on current law and federal programs. Bill summaries are authored by the Congressional Research Service (CRS) of the Library of Congress. As stated in Public Law 91-510 (2 USC 166 (d)(6)), one of the duties of CRS is "to prepare summaries and digests of bills and resolutions of a public general nature introduced in the Senate or House of Representatives". For more information, refer to the User Guide that accompanies this file.</dc:description>
  </dublinCore>
</billStatus>

