<?xml version="1.0" encoding="UTF-8"?>
<billStatus>
  <bill>
    <latestAction>
      <text>Resolution agreed to in Senate without amendment and with a preamble by Unanimous Consent. (consideration: CR S450)</text>
      <links />
      <actionDate>2016-02-01</actionDate>
    </latestAction>
    <policyArea>
      <name>International Affairs</name>
    </policyArea>
    <amendments />
    <relatedBills />
    <billNumber>347</billNumber>
    <updateDate>2016-11-02T23:14:08Z</updateDate>
    <sponsors>
      <item>
        <fullName>Sen. Booker, Cory A. [D-NJ]</fullName>
        <firstName>Cory</firstName>
        <lastName>Booker</lastName>
        <identifiers>
          <lisID>2194</lisID>
          <bioguideId>B001288</bioguideId>
          <gpoId />
        </identifiers>
        <state>NJ</state>
        <middleName>A.</middleName>
        <party>D</party>
        <byRequestType />
        <bioguideId>B001288</bioguideId>
      </item>
    </sponsors>
    <notes />
    <originChamber>Senate</originChamber>
    <subjects>
      <billSubjects>
        <legislativeSubjects>
          <item>
            <name>Africa</name>
          </item>
          <item>
            <name>Congressional tributes</name>
          </item>
          <item>
            <name>Crime victims</name>
          </item>
          <item>
            <name>Foreign aid and international relief</name>
          </item>
          <item>
            <name>Mali</name>
          </item>
          <item>
            <name>Social work, volunteer service, charitable organizations</name>
          </item>
          <item>
            <name>Terrorism</name>
          </item>
          <item>
            <name>World health</name>
          </item>
        </legislativeSubjects>
        <policyArea>
          <name>International Affairs</name>
        </policyArea>
      </billSubjects>
    </subjects>
    <committees>
      <billCommittees>
        <item>
          <subcommittees />
          <chamber>Senate</chamber>
          <systemCode>ssfr00</systemCode>
          <activities>
            <item>
              <date>2016-01-28T22:17:47Z</date>
              <name>Reported by</name>
            </item>
            <item>
              <date>2016-01-28T15:08:34Z</date>
              <name>Markup by</name>
            </item>
            <item>
              <date>2016-01-20T23:00:17Z</date>
              <name>Referred to</name>
            </item>
          </activities>
          <type>Standing</type>
          <name>Foreign Relations Committee</name>
        </item>
      </billCommittees>
    </committees>
    <cosponsors>
      <item>
        <firstName>BARBARA</firstName>
        <isOriginalCosponsor>True</isOriginalCosponsor>
        <fullName>Sen. Mikulski, Barbara A. [D-MD]</fullName>
        <identifiers>
          <gpoId>8240</gpoId>
          <lisID>802</lisID>
          <bioguideId>M000702</bioguideId>
        </identifiers>
        <middleName>ANN</middleName>
        <sponsorshipWithdrawnDate />
        <sponsorshipDate>2016-01-20</sponsorshipDate>
        <party>D</party>
        <bioguideId>M000702</bioguideId>
        <state>MD</state>
        <lastName>MIKULSKI</lastName>
      </item>
      <item>
        <firstName>BENJAMIN</firstName>
        <isOriginalCosponsor>True</isOriginalCosponsor>
        <fullName>Sen. Cardin, Benjamin L. [D-MD]</fullName>
        <identifiers>
          <gpoId>8287</gpoId>
          <lisID>174</lisID>
          <bioguideId>C000141</bioguideId>
        </identifiers>
        <middleName>L.</middleName>
        <sponsorshipWithdrawnDate />
        <sponsorshipDate>2016-01-20</sponsorshipDate>
        <party>D</party>
        <bioguideId>C000141</bioguideId>
        <state>MD</state>
        <lastName>CARDIN</lastName>
      </item>
      <item>
        <firstName>ROBERT</firstName>
        <isOriginalCosponsor>True</isOriginalCosponsor>
        <fullName>Sen. Menendez, Robert [D-NJ]</fullName>
        <identifiers>
          <bioguideId>M000639</bioguideId>
          <gpoId>8239</gpoId>
          <lisID>791</lisID>
        </identifiers>
        <middleName />
        <sponsorshipWithdrawnDate />
        <sponsorshipDate>2016-01-20</sponsorshipDate>
        <party>D</party>
        <bioguideId>M000639</bioguideId>
        <state>NJ</state>
        <lastName>MENENDEZ</lastName>
      </item>
      <item>
        <firstName>Elizabeth</firstName>
        <isOriginalCosponsor>True</isOriginalCosponsor>
        <fullName>Sen. Warren, Elizabeth [D-MA]</fullName>
        <identifiers>
          <lisID>2182</lisID>
          <gpoId />
          <bioguideId>W000817</bioguideId>
        </identifiers>
        <middleName>A.</middleName>
        <sponsorshipWithdrawnDate />
        <sponsorshipDate>2016-01-20</sponsorshipDate>
        <party>D</party>
        <bioguideId>W000817</bioguideId>
        <state>MA</state>
        <lastName>Warren</lastName>
      </item>
      <item>
        <firstName>EDWARD</firstName>
        <isOriginalCosponsor>True</isOriginalCosponsor>
        <fullName>Sen. Markey, Edward J. [D-MA]</fullName>
        <identifiers>
          <gpoId>7972</gpoId>
          <lisID>735</lisID>
          <bioguideId>M000133</bioguideId>
        </identifiers>
        <middleName>J.</middleName>
        <sponsorshipWithdrawnDate />
        <sponsorshipDate>2016-01-20</sponsorshipDate>
        <party>D</party>
        <bioguideId>M000133</bioguideId>
        <state>MA</state>
        <lastName>MARKEY</lastName>
      </item>
      <item>
        <firstName>Mark</firstName>
        <isOriginalCosponsor>True</isOriginalCosponsor>
        <fullName>Sen. Warner, Mark R. [D-VA]</fullName>
        <identifiers>
          <bioguideId>W000805</bioguideId>
          <gpoId>8269</gpoId>
          <lisID>1897</lisID>
        </identifiers>
        <middleName>R.</middleName>
        <sponsorshipWithdrawnDate />
        <sponsorshipDate>2016-01-20</sponsorshipDate>
        <party>D</party>
        <bioguideId>W000805</bioguideId>
        <state>VA</state>
        <lastName>Warner</lastName>
      </item>
      <item>
        <firstName>TAMMY</firstName>
        <isOriginalCosponsor>True</isOriginalCosponsor>
        <fullName>Sen. Baldwin, Tammy [D-WI]</fullName>
        <identifiers>
          <gpoId>8215</gpoId>
          <lisID>1558</lisID>
          <bioguideId>B001230</bioguideId>
        </identifiers>
        <middleName />
        <sponsorshipWithdrawnDate />
        <sponsorshipDate>2016-01-20</sponsorshipDate>
        <party>D</party>
        <bioguideId>B001230</bioguideId>
        <state>WI</state>
        <lastName>BALDWIN</lastName>
      </item>
      <item>
        <firstName>RICHARD</firstName>
        <isOriginalCosponsor>True</isOriginalCosponsor>
        <fullName>Sen. Durbin, Richard [D-IL]</fullName>
        <identifiers>
          <lisID>326</lisID>
          <bioguideId>D000563</bioguideId>
          <gpoId>8326</gpoId>
        </identifiers>
        <middleName>J.</middleName>
        <sponsorshipWithdrawnDate />
        <sponsorshipDate>2016-01-20</sponsorshipDate>
        <party>D</party>
        <bioguideId>D000563</bioguideId>
        <state>IL</state>
        <lastName>DURBIN</lastName>
      </item>
      <item>
        <firstName>Richard</firstName>
        <isOriginalCosponsor>True</isOriginalCosponsor>
        <fullName>Sen. Blumenthal, Richard [D-CT]</fullName>
        <identifiers>
          <bioguideId>B001277</bioguideId>
          <gpoId>8332</gpoId>
          <lisID>2076</lisID>
        </identifiers>
        <middleName />
        <sponsorshipWithdrawnDate />
        <sponsorshipDate>2016-01-20</sponsorshipDate>
        <party>D</party>
        <bioguideId>B001277</bioguideId>
        <state>CT</state>
        <lastName>Blumenthal</lastName>
      </item>
      <item>
        <firstName>Christopher</firstName>
        <isOriginalCosponsor>True</isOriginalCosponsor>
        <fullName>Sen. Coons, Christopher A. [D-DE]</fullName>
        <identifiers>
          <bioguideId>C001088</bioguideId>
          <gpoId>8297</gpoId>
          <lisID>1984</lisID>
        </identifiers>
        <middleName>A.</middleName>
        <sponsorshipWithdrawnDate />
        <sponsorshipDate>2016-01-20</sponsorshipDate>
        <party>D</party>
        <bioguideId>C001088</bioguideId>
        <state>DE</state>
        <lastName>Coons</lastName>
      </item>
      <item>
        <firstName>RON</firstName>
        <isOriginalCosponsor>False</isOriginalCosponsor>
        <fullName>Sen. Wyden, Ron [D-OR]</fullName>
        <identifiers>
          <bioguideId>W000779</bioguideId>
          <gpoId>8265</gpoId>
          <lisID>1247</lisID>
        </identifiers>
        <middleName />
        <sponsorshipWithdrawnDate />
        <sponsorshipDate>2016-01-21</sponsorshipDate>
        <party>D</party>
        <bioguideId>W000779</bioguideId>
        <state>OR</state>
        <lastName>WYDEN</lastName>
      </item>
      <item>
        <firstName>Jeanne</firstName>
        <isOriginalCosponsor>False</isOriginalCosponsor>
        <fullName>Sen. Shaheen, Jeanne [D-NH]</fullName>
        <identifiers>
          <gpoId>8276</gpoId>
          <lisID>1901</lisID>
          <bioguideId>S001181</bioguideId>
        </identifiers>
        <middleName />
        <sponsorshipWithdrawnDate />
        <sponsorshipDate>2016-01-28</sponsorshipDate>
        <party>D</party>
        <bioguideId>S001181</bioguideId>
        <state>NH</state>
        <lastName>Shaheen</lastName>
      </item>
      <item>
        <firstName>Joe</firstName>
        <isOriginalCosponsor>False</isOriginalCosponsor>
        <fullName>Sen. Manchin, Joe, III [D-WV]</fullName>
        <identifiers>
          <lisID>1983</lisID>
          <bioguideId>M001183</bioguideId>
          <gpoId>8256</gpoId>
        </identifiers>
        <middleName />
        <sponsorshipWithdrawnDate />
        <sponsorshipDate>2016-01-28</sponsorshipDate>
        <party>D</party>
        <bioguideId>M001183</bioguideId>
        <state>WV</state>
        <lastName>Manchin</lastName>
      </item>
      <item>
        <firstName>MARIA</firstName>
        <isOriginalCosponsor>False</isOriginalCosponsor>
        <fullName>Sen. Cantwell, Maria [D-WA]</fullName>
        <identifiers>
          <lisID>172</lisID>
          <gpoId>8288</gpoId>
          <bioguideId>C000127</bioguideId>
        </identifiers>
        <middleName />
        <sponsorshipWithdrawnDate />
        <sponsorshipDate>2016-02-01</sponsorshipDate>
        <party>D</party>
        <bioguideId>C000127</bioguideId>
        <state>WA</state>
        <lastName>CANTWELL</lastName>
      </item>
      <item>
        <firstName>Kirsten</firstName>
        <isOriginalCosponsor>False</isOriginalCosponsor>
        <fullName>Sen. Gillibrand, Kirsten E. [D-NY]</fullName>
        <identifiers>
          <bioguideId>G000555</bioguideId>
          <lisID>1866</lisID>
          <gpoId>8336</gpoId>
        </identifiers>
        <middleName>E.</middleName>
        <sponsorshipWithdrawnDate />
        <sponsorshipDate>2016-02-01</sponsorshipDate>
        <party>D</party>
        <bioguideId>G000555</bioguideId>
        <state>NY</state>
        <lastName>Gillibrand</lastName>
      </item>
    </cosponsors>
    <calendarNumbers>
      <item>
        <number>0354</number>
        <calendar>Senate Calendar of Business</calendar>
      </item>
    </calendarNumbers>
    <committeeReports />
    <congress>114</congress>
    <title>A resolution honoring the memory and legacy of Anita Ashok Datar and condemning the terrorist attack in Bamako, Mali, on November 20, 2015.</title>
    <introducedDate>2016-01-20</introducedDate>
    <actions>
      <actionTypeCounts>
        <agreedToInSenate>1</agreedToInSenate>
        <reportedToSenate>2</reportedToSenate>
        <referredToCommittee>1</referredToCommittee>
        <passedAgreedToInSenate>1</passedAgreedToInSenate>
        <introducedInSenate>1</introducedInSenate>
        <placedOnCalendarGeneralOrders>1</placedOnCalendarGeneralOrders>
        <orderedReported>1</orderedReported>
      </actionTypeCounts>
      <actionByCounts>
        <senate>8</senate>
      </actionByCounts>
      <item>
        <actionDate>2016-02-01</actionDate>
        <committee />
        <links>
          <link>
            <name>S450</name>
            <url>https://www.congress.gov/congressional-record/volume-162/senate-section/page/S450</url>
          </link>
        </links>
        <sourceSystem>
          <name>Senate</name>
          <code>0</code>
        </sourceSystem>
        <text>Resolution agreed to in Senate without amendment and with a preamble by Unanimous Consent. (consideration: CR S450)</text>
        <type>Floor</type>
      </item>
      <item>
        <actionCode>17000</actionCode>
        <actionDate>2016-02-01</actionDate>
        <text>Passed/agreed to in Senate: Resolution agreed to in Senate without amendment and with a preamble by Unanimous Consent.(consideration: CR S450)</text>
        <committee />
        <type>Floor</type>
        <links>
          <link>
            <name>S450</name>
            <url>https://www.congress.gov/congressional-record/volume-162/senate-section/page/S450</url>
          </link>
        </links>
        <sourceSystem>
          <name>Library of Congress</name>
          <code>9</code>
        </sourceSystem>
      </item>
      <item>
        <actionDate>2016-01-28</actionDate>
        <committee />
        <links />
        <sourceSystem>
          <name>Senate</name>
          <code>0</code>
        </sourceSystem>
        <text>Placed on Senate Legislative Calendar under General Orders. Calendar No. 354.</text>
        <type>Calendars</type>
      </item>
      <item>
        <actionDate>2016-01-28</actionDate>
        <committee>
          <systemCode>ssfr00</systemCode>
          <name>Foreign Relations Committee</name>
        </committee>
        <links />
        <sourceSystem>
          <name>Senate</name>
          <code>0</code>
        </sourceSystem>
        <text>Committee on Foreign Relations. Reported by Senator Corker without amendment and with a preamble. Without written report.</text>
        <type>Committee</type>
      </item>
      <item>
        <actionCode>14000</actionCode>
        <actionDate>2016-01-28</actionDate>
        <text>Committee on Foreign Relations. Reported by Senator Corker without amendment and with a preamble. Without written report.</text>
        <committee>
          <systemCode>ssfr00</systemCode>
          <name>Foreign Relations Committee</name>
        </committee>
        <type>Committee</type>
        <links />
        <sourceSystem>
          <name>Library of Congress</name>
          <code>9</code>
        </sourceSystem>
      </item>
      <item>
        <actionDate>2016-01-28</actionDate>
        <committee>
          <systemCode>ssfr00</systemCode>
          <name>Foreign Relations Committee</name>
        </committee>
        <links />
        <sourceSystem>
          <name>Senate</name>
          <code>0</code>
        </sourceSystem>
        <text>Committee on Foreign Relations. Ordered to be reported without amendment favorably.</text>
        <type>Committee</type>
      </item>
      <item>
        <actionDate>2016-01-20</actionDate>
        <committee>
          <systemCode>ssfr00</systemCode>
          <name>Foreign Relations Committee</name>
        </committee>
        <links>
          <link>
            <name>S134-135</name>
            <url>https://www.congress.gov/congressional-record/volume-162/senate-section/page/S134-135</url>
          </link>
        </links>
        <sourceSystem>
          <name>Senate</name>
          <code>0</code>
        </sourceSystem>
        <text>Referred to the Committee on Foreign Relations. (text of measure as introduced: CR S134-135)</text>
        <type>IntroReferral</type>
      </item>
      <item>
        <actionCode>10000</actionCode>
        <actionDate>2016-01-20</actionDate>
        <text>Introduced in Senate</text>
        <committee />
        <type>IntroReferral</type>
        <links />
        <sourceSystem>
          <name>Library of Congress</name>
          <code>9</code>
        </sourceSystem>
      </item>
    </actions>
    <summaries>
      <billSummaries>
        <item>
          <versionCode>00</versionCode>
          <actionDate>2016-01-20</actionDate>
          <text><![CDATA[<p>Condemns the terrorist attack in Bamako, Mali, on November 20, 2015.</p> <p> Honors the memory of Anita Ashok Datar, the U.S. citizen who was killed in the attack.</p> <p> Recognizes Anita Ashok Datar's commitment to international development and public health, including her work to connect low-income women to quality health services.</p> <p> Extends heartfelt condolences and prayers to: (1) Anita Ashok Datar's family, friends, and colleagues, and particularly to her son, Rohan; and (2) the individuals touched by her life or affected by her death, including the dedicated development professionals and volunteers that continue to engage in humanitarian and development efforts. </p> <p>Pledges to continue to work to counter violent extremism, including through education and health care, in the United States and abroad.</p>]]></text>
          <name>Introduced in Senate</name>
          <lastSummaryUpdateDate>2016-01-27T19:22:50Z</lastSummaryUpdateDate>
          <updateDate>2016-01-20T05:00:00Z</updateDate>
          <actionDesc>Introduced in Senate</actionDesc>
        </item>
        <item>
          <versionCode>80</versionCode>
          <actionDate>2016-01-28</actionDate>
          <text><![CDATA[<p>(This measure has not been amended since it was introduced. The summary of that version is repeated here.)</p> <p>Condemns the terrorist attack in Bamako, Mali, on November 20, 2015.</p> <p> Honors the memory of Anita Ashok Datar, the U.S. citizen who was killed in the attack.</p> <p> Recognizes Anita Ashok Datar's commitment to international development and public health, including her work to connect low-income women to quality health services.</p> <p> Extends heartfelt condolences and prayers to: (1) Anita Ashok Datar's family, friends, and colleagues, and particularly to her son, Rohan; and (2) the individuals touched by her life or affected by her death, including the dedicated development professionals and volunteers that continue to engage in humanitarian and development efforts. </p> <p>Pledges to continue to work to counter violent extremism, including through education and health care, in the United States and abroad.</p>]]></text>
          <name>Reported to Senate without amendment</name>
          <lastSummaryUpdateDate>2016-01-29T22:44:10Z</lastSummaryUpdateDate>
          <updateDate>2016-01-28T15:10:00Z</updateDate>
          <actionDesc>Reported to Senate without amendment</actionDesc>
        </item>
        <item>
          <versionCode>82</versionCode>
          <actionDate>2016-02-01</actionDate>
          <text><![CDATA[<p>(This measure has not been amended since it was introduced. The summary of that version is repeated here.)</p> <p>Condemns the terrorist attack in Bamako, Mali, on November 20, 2015.</p> <p> Honors the memory of Anita Ashok Datar, the U.S. citizen who was killed in the attack.</p> <p> Recognizes Anita Ashok Datar's commitment to international development and public health, including her work to connect low-income women to quality health services.</p> <p> Extends heartfelt condolences and prayers to: (1) Anita Ashok Datar's family, friends, and colleagues, and particularly to her son, Rohan; and (2) the individuals touched by her life or affected by her death, including the dedicated development professionals and volunteers that continue to engage in humanitarian and development efforts. </p> <p>Pledges to continue to work to counter violent extremism, including through education and health care, in the United States and abroad.</p>]]></text>
          <name>Passed Senate without amendment</name>
          <lastSummaryUpdateDate>2016-02-02T22:04:42Z</lastSummaryUpdateDate>
          <updateDate>2016-02-01T12:29:07Z</updateDate>
          <actionDesc>Passed Senate without amendment</actionDesc>
        </item>
      </billSummaries>
    </summaries>
    <laws />
    <createDate>2016-01-21T10:06:27Z</createDate>
    <titles>
      <item>
        <chamberCode />
        <chamberName />
        <title>A resolution honoring the memory and legacy of Anita Ashok Datar and condemning the terrorist attack in Bamako, Mali, on November 20, 2015.</title>
        <parentTitleType />
        <titleType>Official Title as Introduced</titleType>
      </item>
      <item>
        <chamberCode />
        <chamberName />
        <title>A resolution honoring the memory and legacy of Anita Ashok Datar and condemning the terrorist attack in Bamako, Mali, on November 20, 2015.</title>
        <parentTitleType />
        <titleType>Display Title</titleType>
      </item>
    </titles>
    <cboCostEstimates />
    <recordedVotes />
    <billType>SRES</billType>
  </bill>
  <dublinCore xmlns:dc="http://purl.org/dc/elements/1.1/">
    <dc:format>text/xml</dc:format>
    <dc:language>EN</dc:language>
    <dc:rights>Pursuant to Title 17 Section 105 of the United States Code, this file is not subject to copyright protection and is in the public domain.</dc:rights>
    <dc:contributor>Congressional Research Service, Library of Congress</dc:contributor>
    <dc:description>This file contains bill summaries and statuses for federal legislation. A bill summary describes the most significant provisions of a piece of legislation and details the effects the legislative text may have on current law and federal programs. Bill summaries are authored by the Congressional Research Service (CRS) of the Library of Congress. As stated in Public Law 91-510 (2 USC 166 (d)(6)), one of the duties of CRS is "to prepare summaries and digests of bills and resolutions of a public general nature introduced in the Senate or House of Representatives". For more information, refer to the User Guide that accompanies this file.</dc:description>
  </dublinCore>
</billStatus>

