<?xml version="1.0" encoding="UTF-8"?>
<billStatus>
  <bill>
    <latestAction>
      <text>Resolution agreed to in Senate without amendment and with a preamble by Unanimous Consent.</text>
      <links />
      <actionDate>2015-09-29</actionDate>
    </latestAction>
    <policyArea>
      <name>Energy</name>
    </policyArea>
    <amendments />
    <relatedBills>
      <item>
        <number>468</number>
        <relationshipDetails>
          <item>
            <identifiedBy>CRS</identifiedBy>
            <type>Related bill</type>
          </item>
        </relationshipDetails>
        <congress>114</congress>
        <latestAction>
          <text>Referred to the House Committee on Oversight and Government Reform.</text>
          <actionDate>2015-10-08</actionDate>
        </latestAction>
        <type>HRES</type>
        <latestTitle>Expressing support for designation of October 8, 2015, as "National Hydrogen and Fuel Cell Day".</latestTitle>
      </item>
      <item>
        <number>573</number>
        <relationshipDetails>
          <item>
            <identifiedBy>CRS</identifiedBy>
            <type>Related bill</type>
          </item>
        </relationshipDetails>
        <congress>114</congress>
        <latestAction>
          <text>Submitted in the Senate, considered, and agreed to without amendment and with a preamble by Voice Vote. (consideration: CR S6088-6089; text as passed Senate: CR S6082)</text>
          <actionDate>2016-09-26</actionDate>
        </latestAction>
        <type>SRES</type>
        <latestTitle>A resolution designating October 8, 2016, as "National Hydrogen and Fuel Cell Day".</latestTitle>
      </item>
    </relatedBills>
    <billNumber>217</billNumber>
    <updateDate>2016-11-02T23:13:26Z</updateDate>
    <sponsors>
      <item>
        <fullName>Sen. Blumenthal, Richard [D-CT]</fullName>
        <firstName>Richard</firstName>
        <lastName>Blumenthal</lastName>
        <identifiers>
          <lisID>2076</lisID>
          <gpoId>8332</gpoId>
          <bioguideId>B001277</bioguideId>
        </identifiers>
        <state>CT</state>
        <middleName />
        <party>D</party>
        <byRequestType />
        <bioguideId>B001277</bioguideId>
      </item>
    </sponsors>
    <notes />
    <originChamber>Senate</originChamber>
    <subjects>
      <billSubjects>
        <policyArea>
          <name>Energy</name>
        </policyArea>
        <legislativeSubjects>
          <item>
            <name>Alternative and renewable resources</name>
          </item>
          <item>
            <name>Commemorative events and holidays</name>
          </item>
          <item>
            <name>Energy storage, supplies, demand</name>
          </item>
        </legislativeSubjects>
      </billSubjects>
    </subjects>
    <committees>
      <billCommittees>
        <item>
          <subcommittees />
          <chamber>Senate</chamber>
          <type>Standing</type>
          <name>Judiciary Committee</name>
          <systemCode>ssju00</systemCode>
          <activities>
            <item>
              <name>Discharged from</name>
              <date>2015-09-29T21:48:07Z</date>
            </item>
            <item>
              <name>Referred to</name>
              <date>2015-07-08T20:49:33Z</date>
            </item>
          </activities>
        </item>
      </billCommittees>
    </committees>
    <cosponsors>
      <item>
        <firstName>LINDSEY</firstName>
        <isOriginalCosponsor>True</isOriginalCosponsor>
        <fullName>Sen. Graham, Lindsey [R-SC]</fullName>
        <identifiers>
          <bioguideId>G000359</bioguideId>
          <gpoId>8335</gpoId>
          <lisID>452</lisID>
        </identifiers>
        <middleName>O.</middleName>
        <sponsorshipWithdrawnDate />
        <sponsorshipDate>2015-07-08</sponsorshipDate>
        <party>R</party>
        <bioguideId>G000359</bioguideId>
        <state>SC</state>
        <lastName>GRAHAM</lastName>
      </item>
      <item>
        <firstName>Christopher</firstName>
        <isOriginalCosponsor>False</isOriginalCosponsor>
        <fullName>Sen. Coons, Christopher A. [D-DE]</fullName>
        <identifiers>
          <lisID>1984</lisID>
          <bioguideId>C001088</bioguideId>
          <gpoId>8297</gpoId>
        </identifiers>
        <middleName>A.</middleName>
        <sponsorshipWithdrawnDate />
        <sponsorshipDate>2015-09-09</sponsorshipDate>
        <party>D</party>
        <bioguideId>C001088</bioguideId>
        <state>DE</state>
        <lastName>Coons</lastName>
      </item>
      <item>
        <firstName>Mazie</firstName>
        <isOriginalCosponsor>False</isOriginalCosponsor>
        <fullName>Sen. Hirono, Mazie K. [D-HI]</fullName>
        <identifiers>
          <lisID>1844</lisID>
          <bioguideId>H001042</bioguideId>
          <gpoId>7913</gpoId>
        </identifiers>
        <middleName>K.</middleName>
        <sponsorshipWithdrawnDate />
        <sponsorshipDate>2015-09-15</sponsorshipDate>
        <party>D</party>
        <bioguideId>H001042</bioguideId>
        <state>HI</state>
        <lastName>Hirono</lastName>
      </item>
      <item>
        <firstName>Christopher</firstName>
        <isOriginalCosponsor>False</isOriginalCosponsor>
        <fullName>Sen. Murphy, Christopher S. [D-CT]</fullName>
        <identifiers>
          <gpoId>7870</gpoId>
          <lisID>1837</lisID>
          <bioguideId>M001169</bioguideId>
        </identifiers>
        <middleName>S.</middleName>
        <sponsorshipWithdrawnDate />
        <sponsorshipDate>2015-09-17</sponsorshipDate>
        <party>D</party>
        <bioguideId>M001169</bioguideId>
        <state>CT</state>
        <lastName>Murphy</lastName>
      </item>
      <item>
        <firstName>Martin</firstName>
        <isOriginalCosponsor>False</isOriginalCosponsor>
        <fullName>Sen. Heinrich, Martin [D-NM]</fullName>
        <identifiers>
          <gpoId>8056</gpoId>
          <lisID>1937</lisID>
          <bioguideId>H001046</bioguideId>
        </identifiers>
        <middleName />
        <sponsorshipWithdrawnDate />
        <sponsorshipDate>2015-09-17</sponsorshipDate>
        <party>D</party>
        <bioguideId>H001046</bioguideId>
        <state>NM</state>
        <lastName>Heinrich</lastName>
      </item>
    </cosponsors>
    <calendarNumbers />
    <committeeReports />
    <congress>114</congress>
    <title>A resolution designating October 8, 2015, as "National Hydrogen and Fuel Cell Day".</title>
    <introducedDate>2015-07-08</introducedDate>
    <actions>
      <actionTypeCounts>
        <referredToCommittee>1</referredToCommittee>
        <committeeDischarged>1</committeeDischarged>
        <senateCommitteeDischarged>1</senateCommitteeDischarged>
        <introducedInSenate>1</introducedInSenate>
        <passedAgreedToInSenate>1</passedAgreedToInSenate>
        <agreedToInSenate>1</agreedToInSenate>
      </actionTypeCounts>
      <actionByCounts>
        <senate>6</senate>
      </actionByCounts>
      <item>
        <actionDate>2015-09-29</actionDate>
        <committee />
        <links />
        <sourceSystem>
          <name>Senate</name>
          <code>0</code>
        </sourceSystem>
        <text>Resolution agreed to in Senate without amendment and with a preamble by Unanimous Consent.</text>
        <type>Floor</type>
      </item>
      <item>
        <text>Passed/agreed to in Senate: Resolution agreed to in Senate without amendment and with a preamble by Unanimous Consent.</text>
        <sourceSystem>
          <name>Library of Congress</name>
          <code>9</code>
        </sourceSystem>
        <committee />
        <type>Floor</type>
        <links />
        <actionCode>17000</actionCode>
        <actionDate>2015-09-29</actionDate>
      </item>
      <item>
        <actionDate>2015-09-29</actionDate>
        <committee>
          <name>Judiciary Committee</name>
          <systemCode>ssju00</systemCode>
        </committee>
        <links>
          <link>
            <url>https://www.congress.gov/congressional-record/volume-161/senate-section/page/S7007</url>
            <name>S7007</name>
          </link>
        </links>
        <sourceSystem>
          <name>Senate</name>
          <code>0</code>
        </sourceSystem>
        <text>Senate Committee on the Judiciary discharged by Unanimous Consent. (consideration: CR S7007)</text>
        <type>Discharge</type>
      </item>
      <item>
        <text>Senate Committee on the Judiciary discharged by Unanimous Consent.(consideration: CR S7007)</text>
        <sourceSystem>
          <name>Library of Congress</name>
          <code>9</code>
        </sourceSystem>
        <committee>
          <name>Judiciary Committee</name>
          <systemCode>ssju00</systemCode>
        </committee>
        <type>Committee</type>
        <links>
          <link>
            <url>https://www.congress.gov/congressional-record/volume-161/senate-section/page/S7007</url>
            <name>S7007</name>
          </link>
        </links>
        <actionCode>14500</actionCode>
        <actionDate>2015-09-29</actionDate>
      </item>
      <item>
        <actionDate>2015-07-08</actionDate>
        <committee>
          <name>Judiciary Committee</name>
          <systemCode>ssju00</systemCode>
        </committee>
        <links>
          <link>
            <url>https://www.congress.gov/congressional-record/volume-161/senate-section/page/S4844</url>
            <name>S4844</name>
          </link>
        </links>
        <sourceSystem>
          <name>Senate</name>
          <code>0</code>
        </sourceSystem>
        <text>Referred to the Committee on the Judiciary. (text of measure as introduced: CR S4844)</text>
        <type>IntroReferral</type>
      </item>
      <item>
        <text>Introduced in Senate</text>
        <sourceSystem>
          <name>Library of Congress</name>
          <code>9</code>
        </sourceSystem>
        <committee />
        <type>IntroReferral</type>
        <links />
        <actionCode>10000</actionCode>
        <actionDate>2015-07-08</actionDate>
      </item>
    </actions>
    <summaries>
      <billSummaries>
        <item>
          <versionCode>00</versionCode>
          <actionDate>2015-07-08</actionDate>
          <text><![CDATA[<p>This bill designates October 8, 2015, as National Hydrogen and Fuel Cell Day.</p>]]></text>
          <name>Introduced in Senate</name>
          <lastSummaryUpdateDate>2015-07-10T14:16:09Z</lastSummaryUpdateDate>
          <updateDate>2015-07-08T04:00:00Z</updateDate>
          <actionDesc>Introduced in Senate</actionDesc>
        </item>
        <item>
          <versionCode>82</versionCode>
          <actionDate>2015-09-29</actionDate>
          <text><![CDATA[<p>(This measure has not been amended since it was introduced. The summary of that version is repeated here.)</p> <p>This bill designates October 8, 2015, as National Hydrogen and Fuel Cell Day.</p>]]></text>
          <name>Passed Senate without amendment</name>
          <lastSummaryUpdateDate>2015-10-01T19:43:25Z</lastSummaryUpdateDate>
          <updateDate>2015-09-29T14:32:06Z</updateDate>
          <actionDesc>Passed Senate without amendment</actionDesc>
        </item>
      </billSummaries>
    </summaries>
    <laws />
    <createDate>2015-07-09T09:22:55Z</createDate>
    <titles>
      <item>
        <titleType>Official Title as Introduced</titleType>
        <parentTitleType />
        <title>A resolution designating October 8, 2015, as "National Hydrogen and Fuel Cell Day".</title>
        <chamberName />
        <chamberCode />
      </item>
      <item>
        <titleType>Display Title</titleType>
        <parentTitleType />
        <title>A resolution designating October 8, 2015, as "National Hydrogen and Fuel Cell Day".</title>
        <chamberName />
        <chamberCode />
      </item>
    </titles>
    <cboCostEstimates />
    <recordedVotes />
    <billType>SRES</billType>
  </bill>
  <dublinCore xmlns:dc="http://purl.org/dc/elements/1.1/">
    <dc:format>text/xml</dc:format>
    <dc:language>EN</dc:language>
    <dc:rights>Pursuant to Title 17 Section 105 of the United States Code, this file is not subject to copyright protection and is in the public domain.</dc:rights>
    <dc:contributor>Congressional Research Service, Library of Congress</dc:contributor>
    <dc:description>This file contains bill summaries and statuses for federal legislation. A bill summary describes the most significant provisions of a piece of legislation and details the effects the legislative text may have on current law and federal programs. Bill summaries are authored by the Congressional Research Service (CRS) of the Library of Congress. As stated in Public Law 91-510 (2 USC 166 (d)(6)), one of the duties of CRS is "to prepare summaries and digests of bills and resolutions of a public general nature introduced in the Senate or House of Representatives". For more information, refer to the User Guide that accompanies this file.</dc:description>
  </dublinCore>
</billStatus>

