<?xml version="1.0" encoding="UTF-8"?>
<billStatus>
  <bill>
    <latestAction>
      <text>Committee on Homeland Security and Governmental Affairs. Hearings held.</text>
      <links />
      <actionDate>2015-06-17</actionDate>
    </latestAction>
    <policyArea>
      <name>Economics and Public Finance</name>
    </policyArea>
    <amendments />
    <relatedBills>
      <item>
        <latestAction>
          <actionDate>2015-04-21</actionDate>
          <text>Referred to the Subcommittee on Health.</text>
        </latestAction>
        <congress>114</congress>
        <latestTitle>Expressing the sense of the House of Representatives regarding establishing a National Strategic Agenda.</latestTitle>
        <relationshipDetails>
          <item>
            <type>Related bill</type>
            <identifiedBy>CRS</identifiedBy>
          </item>
        </relationshipDetails>
        <type>HRES</type>
        <number>207</number>
      </item>
    </relatedBills>
    <billNumber>199</billNumber>
    <updateDate>2016-11-02T23:13:19Z</updateDate>
    <sponsors>
      <item>
        <fullName>Sen. Nelson, Bill [D-FL]</fullName>
        <firstName>CLARENCE</firstName>
        <lastName>NELSON</lastName>
        <identifiers>
          <lisID>859</lisID>
          <gpoId>8236</gpoId>
          <bioguideId>N000032</bioguideId>
        </identifiers>
        <state>FL</state>
        <middleName>WILLIAM</middleName>
        <party>D</party>
        <byRequestType />
        <bioguideId>N000032</bioguideId>
      </item>
    </sponsors>
    <notes />
    <originChamber>Senate</originChamber>
    <subjects>
      <billSubjects>
        <policyArea>
          <name>Economics and Public Finance</name>
        </policyArea>
        <legislativeSubjects>
          <item>
            <name>Budget deficits and national debt</name>
          </item>
          <item>
            <name>Energy storage, supplies, demand</name>
          </item>
          <item>
            <name>Medicare</name>
          </item>
          <item>
            <name>Policy sciences</name>
          </item>
          <item>
            <name>Social security and elderly assistance</name>
          </item>
        </legislativeSubjects>
      </billSubjects>
    </subjects>
    <committees>
      <billCommittees>
        <item>
          <subcommittees />
          <chamber>Senate</chamber>
          <type>Standing</type>
          <name>Homeland Security and Governmental Affairs Committee</name>
          <systemCode>ssga00</systemCode>
          <activities>
            <item>
              <name>Hearings by</name>
              <date>2015-06-17T19:41:26Z</date>
            </item>
            <item>
              <name>Referred to</name>
              <date>2015-06-11T15:54:24Z</date>
            </item>
          </activities>
        </item>
      </billCommittees>
    </committees>
    <cosponsors>
      <item>
        <state>SD</state>
        <fullName>Sen. Thune, John [R-SD]</fullName>
        <sponsorshipDate>2015-06-11</sponsorshipDate>
        <middleName>R.</middleName>
        <identifiers>
          <gpoId>8257</gpoId>
          <lisID>1534</lisID>
          <bioguideId>T000250</bioguideId>
        </identifiers>
        <firstName>JOHN</firstName>
        <lastName>THUNE</lastName>
        <bioguideId>T000250</bioguideId>
        <isOriginalCosponsor>True</isOriginalCosponsor>
        <sponsorshipWithdrawnDate />
        <party>R</party>
      </item>
      <item>
        <state>NH</state>
        <fullName>Sen. Ayotte, Kelly [R-NH]</fullName>
        <sponsorshipDate>2015-09-16</sponsorshipDate>
        <middleName />
        <identifiers>
          <gpoId>8315</gpoId>
          <lisID>2075</lisID>
          <bioguideId>A000368</bioguideId>
        </identifiers>
        <firstName>Kelly</firstName>
        <lastName>Ayotte</lastName>
        <bioguideId>A000368</bioguideId>
        <isOriginalCosponsor>False</isOriginalCosponsor>
        <sponsorshipWithdrawnDate />
        <party>R</party>
      </item>
      <item>
        <state>MI</state>
        <fullName>Sen. Stabenow, Debbie [D-MI]</fullName>
        <sponsorshipDate>2015-12-07</sponsorshipDate>
        <middleName>ANN</middleName>
        <identifiers>
          <gpoId>8261</gpoId>
          <lisID>1531</lisID>
          <bioguideId>S000770</bioguideId>
        </identifiers>
        <firstName>DEBORAH</firstName>
        <lastName>STABENOW</lastName>
        <bioguideId>S000770</bioguideId>
        <isOriginalCosponsor>False</isOriginalCosponsor>
        <sponsorshipWithdrawnDate>2016-03-15</sponsorshipWithdrawnDate>
        <party>D</party>
      </item>
      <item>
        <state>IL</state>
        <fullName>Sen. Kirk, Mark Steven [R-IL]</fullName>
        <sponsorshipDate>2016-05-24</sponsorshipDate>
        <middleName>STEVEN</middleName>
        <identifiers>
          <lisID>1647</lisID>
          <gpoId>8285</gpoId>
          <bioguideId>K000360</bioguideId>
        </identifiers>
        <firstName>MARK</firstName>
        <lastName>KIRK</lastName>
        <bioguideId>K000360</bioguideId>
        <isOriginalCosponsor>False</isOriginalCosponsor>
        <sponsorshipWithdrawnDate />
        <party>R</party>
      </item>
      <item>
        <state>IA</state>
        <fullName>Sen. Grassley, Chuck [R-IA]</fullName>
        <sponsorshipDate>2016-06-13</sponsorshipDate>
        <middleName>ERNEST</middleName>
        <identifiers>
          <lisID>457</lisID>
          <gpoId>8316</gpoId>
          <bioguideId>G000386</bioguideId>
        </identifiers>
        <firstName>CHARLES</firstName>
        <lastName>GRASSLEY</lastName>
        <bioguideId>G000386</bioguideId>
        <isOriginalCosponsor>False</isOriginalCosponsor>
        <sponsorshipWithdrawnDate />
        <party>R</party>
      </item>
      <item>
        <state>MO</state>
        <fullName>Sen. Blunt, Roy [R-MO]</fullName>
        <sponsorshipDate>2016-09-12</sponsorshipDate>
        <middleName />
        <identifiers>
          <gpoId>8313</gpoId>
          <lisID>1464</lisID>
          <bioguideId>B000575</bioguideId>
        </identifiers>
        <firstName>Roy</firstName>
        <lastName>Blunt</lastName>
        <bioguideId>B000575</bioguideId>
        <isOriginalCosponsor>False</isOriginalCosponsor>
        <sponsorshipWithdrawnDate />
        <party>R</party>
      </item>
      <item>
        <state>NC</state>
        <fullName>Sen. Burr, Richard [R-NC]</fullName>
        <sponsorshipDate>2016-09-12</sponsorshipDate>
        <middleName />
        <identifiers>
          <lisID>153</lisID>
          <gpoId>8286</gpoId>
          <bioguideId>B001135</bioguideId>
        </identifiers>
        <firstName>RICHARD</firstName>
        <lastName>BURR</lastName>
        <bioguideId>B001135</bioguideId>
        <isOriginalCosponsor>False</isOriginalCosponsor>
        <sponsorshipWithdrawnDate />
        <party>R</party>
      </item>
      <item>
        <state>PA</state>
        <fullName>Sen. Toomey, Pat [R-PA]</fullName>
        <sponsorshipDate>2016-09-14</sponsorshipDate>
        <middleName />
        <identifiers>
          <lisID>1594</lisID>
          <gpoId />
          <bioguideId>T000461</bioguideId>
        </identifiers>
        <firstName>Pat</firstName>
        <lastName>Toomey</lastName>
        <bioguideId>T000461</bioguideId>
        <isOriginalCosponsor>False</isOriginalCosponsor>
        <sponsorshipWithdrawnDate />
        <party>R</party>
      </item>
      <item>
        <state>WI</state>
        <fullName>Sen. Johnson, Ron [R-WI]</fullName>
        <sponsorshipDate>2016-09-20</sponsorshipDate>
        <middleName />
        <identifiers>
          <lisID>2086</lisID>
          <gpoId>8355</gpoId>
          <bioguideId>J000293</bioguideId>
        </identifiers>
        <firstName>Ron</firstName>
        <lastName>Johnson</lastName>
        <bioguideId>J000293</bioguideId>
        <isOriginalCosponsor>False</isOriginalCosponsor>
        <sponsorshipWithdrawnDate />
        <party>R</party>
      </item>
    </cosponsors>
    <calendarNumbers />
    <committeeReports />
    <congress>114</congress>
    <title>A resolution expressing the sense of the Senate regarding establishing a National Strategic Agenda.</title>
    <introducedDate>2015-06-11</introducedDate>
    <actions>
      <actionByCounts>
        <senate>3</senate>
      </actionByCounts>
      <item>
        <actionDate>2015-06-17</actionDate>
        <committee>
          <name>Homeland Security and Governmental Affairs Committee</name>
          <systemCode>ssga00</systemCode>
        </committee>
        <links />
        <sourceSystem>
          <name>Senate</name>
          <code>0</code>
        </sourceSystem>
        <text>Committee on Homeland Security and Governmental Affairs. Hearings held.</text>
        <type>Committee</type>
      </item>
      <item>
        <actionDate>2015-06-11</actionDate>
        <committee>
          <name>Homeland Security and Governmental Affairs Committee</name>
          <systemCode>ssga00</systemCode>
        </committee>
        <links>
          <link>
            <name>S4109-4110</name>
            <url>https://www.congress.gov/congressional-record/volume-161/senate-section/page/S4109-4110</url>
          </link>
        </links>
        <sourceSystem>
          <name>Senate</name>
          <code>0</code>
        </sourceSystem>
        <text>Referred to the Committee on Homeland Security and Governmental Affairs. (text of measure as introduced: CR S4109-4110)</text>
        <type>IntroReferral</type>
      </item>
      <item>
        <actionDate>2015-06-11</actionDate>
        <actionCode>10000</actionCode>
        <sourceSystem>
          <name>Library of Congress</name>
          <code>9</code>
        </sourceSystem>
        <links />
        <committee />
        <text>Introduced in Senate</text>
        <type>IntroReferral</type>
      </item>
      <actionTypeCounts>
        <hearingsHeld>1</hearingsHeld>
        <referredToCommittee>1</referredToCommittee>
        <introducedInSenate>1</introducedInSenate>
      </actionTypeCounts>
    </actions>
    <summaries>
      <billSummaries>
        <item>
          <updateDate>2015-06-11T04:00:00Z</updateDate>
          <versionCode>00</versionCode>
          <text><![CDATA[<p>Expresses the sense of the Senate that the Senate should strive to create, debate, and adopt policy solutions to achieve a National Strategic Agenda with the goals of: creating 25 million new jobs over the next 10 years, balancing the federal budget by 2030, securing Medicare and Social Security for the next 75 years, and making the United States energy secure by 2024. </p>]]></text>
          <lastSummaryUpdateDate>2015-06-30T23:06:16Z</lastSummaryUpdateDate>
          <actionDate>2015-06-11</actionDate>
          <actionDesc>Introduced in Senate</actionDesc>
          <name>Introduced in Senate</name>
        </item>
      </billSummaries>
    </summaries>
    <laws />
    <createDate>2015-06-12T13:32:04Z</createDate>
    <titles>
      <item>
        <chamberCode />
        <title>A resolution expressing the sense of the Senate regarding establishing a National Strategic Agenda.</title>
        <chamberName />
        <titleType>Official Title as Introduced</titleType>
        <parentTitleType />
      </item>
      <item>
        <chamberCode />
        <title>A resolution expressing the sense of the Senate regarding establishing a National Strategic Agenda.</title>
        <chamberName />
        <titleType>Display Title</titleType>
        <parentTitleType />
      </item>
    </titles>
    <cboCostEstimates />
    <recordedVotes />
    <billType>SRES</billType>
  </bill>
  <dublinCore xmlns:dc="http://purl.org/dc/elements/1.1/">
    <dc:format>text/xml</dc:format>
    <dc:language>EN</dc:language>
    <dc:rights>Pursuant to Title 17 Section 105 of the United States Code, this file is not subject to copyright protection and is in the public domain.</dc:rights>
    <dc:contributor>Congressional Research Service, Library of Congress</dc:contributor>
    <dc:description>This file contains bill summaries and statuses for federal legislation. A bill summary describes the most significant provisions of a piece of legislation and details the effects the legislative text may have on current law and federal programs. Bill summaries are authored by the Congressional Research Service (CRS) of the Library of Congress. As stated in Public Law 91-510 (2 USC 166 (d)(6)), one of the duties of CRS is "to prepare summaries and digests of bills and resolutions of a public general nature introduced in the Senate or House of Representatives". For more information, refer to the User Guide that accompanies this file.</dc:description>
  </dublinCore>
</billStatus>

