<?xml version="1.0" encoding="UTF-8"?>
<billStatus>
  <bill>
    <committeeReports />
    <actions>
      <item>
        <actionDate>2015-01-21</actionDate>
        <committee>
          <name>Rules and Administration Committee</name>
          <systemCode>ssra00</systemCode>
        </committee>
        <links />
        <sourceSystem>
          <name>Senate</name>
          <code>0</code>
        </sourceSystem>
        <text>Referred to the Committee on Rules and Administration. (text of measure as introduced: CR S352-353)</text>
        <type>IntroReferral</type>
      </item>
      <item>
        <actionDate>2015-01-21</actionDate>
        <committee>
          <name>Veterans' Affairs Committee</name>
          <systemCode>ssva00</systemCode>
        </committee>
        <links />
        <sourceSystem>
          <name>Senate</name>
          <code>0</code>
        </sourceSystem>
        <text>Committee on Veterans' Affairs. Original measure reported to Senate by Senator Isakson. Without written report.</text>
        <type>Committee</type>
      </item>
      <item>
        <text>Committee on Veterans' Affairs. Original measure reported to Senate by Senator Isakson. Without written report.</text>
        <sourceSystem>
          <name>Library of Congress</name>
          <code>9</code>
        </sourceSystem>
        <actionDate>2015-01-21</actionDate>
        <type>Committee</type>
        <committee>
          <name>Veterans' Affairs Committee</name>
          <systemCode>ssva00</systemCode>
        </committee>
        <actionCode>14000</actionCode>
        <links />
      </item>
      <item>
        <text>Introduced in Senate</text>
        <sourceSystem>
          <name>Library of Congress</name>
          <code>9</code>
        </sourceSystem>
        <actionDate>2015-01-21</actionDate>
        <type>IntroReferral</type>
        <committee />
        <actionCode>10000</actionCode>
        <links />
      </item>
      <actionByCounts>
        <senate>4</senate>
      </actionByCounts>
      <actionTypeCounts>
        <referredToCommittee>1</referredToCommittee>
        <originalBillReported>1</originalBillReported>
        <reportedToSenate>1</reportedToSenate>
        <introducedInSenate>1</introducedInSenate>
      </actionTypeCounts>
    </actions>
    <cosponsors />
    <introducedDate>2015-01-21</introducedDate>
    <updateDate>2016-12-29T13:32:49Z</updateDate>
    <title>An original resolution authorizing expenditures by the Committee on Veterans' Affairs.</title>
    <billNumber>32</billNumber>
    <recordedVotes />
    <committees>
      <billCommittees>
        <item>
          <systemCode>ssra00</systemCode>
          <subcommittees />
          <chamber>Senate</chamber>
          <type>Standing</type>
          <name>Rules and Administration Committee</name>
          <activities>
            <item>
              <date>2015-01-21T19:02:24Z</date>
              <name>Referred to</name>
            </item>
          </activities>
        </item>
        <item>
          <systemCode>ssva00</systemCode>
          <subcommittees />
          <chamber>Senate</chamber>
          <type>Standing</type>
          <name>Veterans' Affairs Committee</name>
          <activities>
            <item>
              <date>2015-01-21T19:02:07Z</date>
              <name>Reported original measure</name>
            </item>
          </activities>
        </item>
      </billCommittees>
    </committees>
    <laws />
    <billType>SRES</billType>
    <createDate>2015-01-22T10:02:11Z</createDate>
    <titles>
      <item>
        <chamberCode />
        <parentTitleType />
        <chamberName />
        <title>An original resolution authorizing expenditures by the Committee on Veterans' Affairs.</title>
        <titleType>Official Title as Introduced</titleType>
      </item>
      <item>
        <chamberCode />
        <parentTitleType />
        <chamberName />
        <title>An original resolution authorizing expenditures by the Committee on Veterans' Affairs.</title>
        <titleType>Display Title</titleType>
      </item>
    </titles>
    <amendments />
    <relatedBills />
    <calendarNumbers />
    <sponsors>
      <item>
        <bioguideId>I000055</bioguideId>
        <byRequestType />
        <fullName>Sen. Isakson, Johnny [R-GA]</fullName>
        <state>GA</state>
        <firstName>Johnny</firstName>
        <lastName>Isakson</lastName>
        <identifiers>
          <bioguideId>I000055</bioguideId>
          <gpoId>8323</gpoId>
          <lisID>1608</lisID>
        </identifiers>
        <party>R</party>
        <middleName />
      </item>
    </sponsors>
    <congress>114</congress>
    <latestAction>
      <links />
      <text>Referred to the Committee on Rules and Administration. (text of measure as introduced: CR S352-353)</text>
      <actionDate>2015-01-21</actionDate>
    </latestAction>
    <summaries>
      <billSummaries>
        <item>
          <actionDesc>Introduced in Senate</actionDesc>
          <updateDate>2015-01-21T05:00:00Z</updateDate>
          <name>Introduced in Senate</name>
          <actionDate>2015-01-21</actionDate>
          <text><![CDATA[<p>Authorizes expenditures by the Senate Committee on Veterans' Affairs for the 114th Congress. </p>]]></text>
          <versionCode>00</versionCode>
          <lastSummaryUpdateDate>2015-01-23T20:53:45Z</lastSummaryUpdateDate>
        </item>
        <item>
          <actionDesc>Reported to Senate without amendment</actionDesc>
          <updateDate>2015-01-21T16:31:11Z</updateDate>
          <name>Reported to Senate without amendment</name>
          <actionDate>2015-01-21</actionDate>
          <text><![CDATA[<p><b>(This measure has not been amended since it was introduced. The summary of that version is repeated here.)</b></p> <p>Authorizes expenditures by the Senate Committee on Veterans' Affairs for the 114th Congress.</p>]]></text>
          <versionCode>80</versionCode>
          <lastSummaryUpdateDate>2015-01-23T20:52:48Z</lastSummaryUpdateDate>
        </item>
      </billSummaries>
    </summaries>
    <originChamber>Senate</originChamber>
    <subjects>
      <billSubjects>
        <legislativeSubjects>
          <item>
            <name>Congressional committees</name>
          </item>
          <item>
            <name>Senate Committee on Veterans' Affairs</name>
          </item>
        </legislativeSubjects>
        <policyArea>
          <name>Congress</name>
        </policyArea>
      </billSubjects>
    </subjects>
    <notes />
    <policyArea>
      <name>Congress</name>
    </policyArea>
    <cboCostEstimates />
  </bill>
  <dublinCore xmlns:dc="http://purl.org/dc/elements/1.1/">
    <dc:format>text/xml</dc:format>
    <dc:language>EN</dc:language>
    <dc:rights>Pursuant to Title 17 Section 105 of the United States Code, this file is not subject to copyright protection and is in the public domain.</dc:rights>
    <dc:contributor>Congressional Research Service, Library of Congress</dc:contributor>
    <dc:description>This file contains bill summaries and statuses for federal legislation. A bill summary describes the most significant provisions of a piece of legislation and details the effects the legislative text may have on current law and federal programs. Bill summaries are authored by the Congressional Research Service (CRS) of the Library of Congress. As stated in Public Law 91-510 (2 USC 166 (d)(6)), one of the duties of CRS is "to prepare summaries and digests of bills and resolutions of a public general nature introduced in the Senate or House of Representatives". For more information, refer to the User Guide that accompanies this file.</dc:description>
  </dublinCore>
</billStatus>

