<?xml version="1.0" encoding="UTF-8"?>
<billStatus>
  <bill>
    <title>A resolution recognizing the immeasurable benefits of the national 4-H program to the young people of the United States and supporting the campaign to expand the 4-H program.</title>
    <updateDate>2016-11-02T23:14:34Z</updateDate>
    <relatedBills />
    <introducedDate>2016-04-19</introducedDate>
    <originChamber>Senate</originChamber>
    <cboCostEstimates />
    <policyArea>
      <name>Agriculture and Food</name>
    </policyArea>
    <congress>114</congress>
    <billNumber>431</billNumber>
    <billType>SRES</billType>
    <amendments />
    <recordedVotes />
    <committees>
      <billCommittees />
    </committees>
    <laws />
    <subjects>
      <billSubjects>
        <legislativeSubjects>
          <item>
            <name>Agricultural education</name>
          </item>
          <item>
            <name>Congressional tributes</name>
          </item>
          <item>
            <name>Department of Agriculture</name>
          </item>
          <item>
            <name>Social work, volunteer service, charitable organizations</name>
          </item>
        </legislativeSubjects>
        <policyArea>
          <name>Agriculture and Food</name>
        </policyArea>
      </billSubjects>
    </subjects>
    <notes />
    <committeeReports />
    <actions>
      <item>
        <actionDate>2016-04-19</actionDate>
        <committee />
        <links>
          <link>
            <url>https://www.congress.gov/congressional-record/volume-162/senate-section/page/S2200</url>
            <name>S2200</name>
          </link>
          <link>
            <url>https://www.congress.gov/congressional-record/volume-162/senate-section/page/S2202</url>
            <name>S2202</name>
          </link>
        </links>
        <sourceSystem>
          <code>0</code>
          <name>Senate</name>
        </sourceSystem>
        <text>Submitted in the Senate, considered, and agreed to without amendment and with a preamble by Unanimous Consent. (consideration: CR S2202; text as passed Senate: CR S2200)</text>
        <type>Floor</type>
      </item>
      <item>
        <sourceSystem>
          <code>9</code>
          <name>Library of Congress</name>
        </sourceSystem>
        <actionDate>2016-04-19</actionDate>
        <links>
          <link>
            <url>https://www.congress.gov/congressional-record/volume-162/senate-section/page/S2200</url>
            <name>S2200</name>
          </link>
          <link>
            <url>https://www.congress.gov/congressional-record/volume-162/senate-section/page/S2202</url>
            <name>S2202</name>
          </link>
        </links>
        <committee />
        <text>Passed/agreed to in Senate: Submitted in the Senate, considered, and agreed to without amendment and with a preamble by Unanimous Consent.(consideration: CR S2202; text as passed Senate: CR S2200)</text>
        <type>Floor</type>
        <actionCode>17000</actionCode>
      </item>
      <item>
        <sourceSystem>
          <code>9</code>
          <name>Library of Congress</name>
        </sourceSystem>
        <actionDate>2016-04-19</actionDate>
        <links />
        <committee />
        <text>Introduced in Senate</text>
        <type>IntroReferral</type>
        <actionCode>10000</actionCode>
      </item>
      <actionTypeCounts>
        <introducedInSenate>1</introducedInSenate>
        <passedOrAgreedToInSenateDayOf>1</passedOrAgreedToInSenateDayOf>
        <passedAgreedToInSenate>1</passedAgreedToInSenate>
      </actionTypeCounts>
      <actionByCounts>
        <senate>3</senate>
      </actionByCounts>
    </actions>
    <calendarNumbers />
    <latestAction>
      <links />
      <actionDate>2016-04-19</actionDate>
      <text>Submitted in the Senate, considered, and agreed to without amendment and with a preamble by Unanimous Consent. (consideration: CR S2202; text as passed Senate: CR S2200)</text>
    </latestAction>
    <titles>
      <item>
        <title>A resolution recognizing the immeasurable benefits of the national 4-H program to the young people of the United States and supporting the campaign to expand the 4-H program.</title>
        <chamberName />
        <chamberCode />
        <titleType>Official Title as Introduced</titleType>
        <parentTitleType />
      </item>
      <item>
        <title>A resolution recognizing the immeasurable benefits of the national 4-H program to the young people of the United States and supporting the campaign to expand the 4-H program.</title>
        <chamberName />
        <chamberCode />
        <titleType>Display Title</titleType>
        <parentTitleType />
      </item>
    </titles>
    <summaries>
      <billSummaries>
        <item>
          <updateDate>2016-04-19T04:00:00Z</updateDate>
          <versionCode>00</versionCode>
          <text><![CDATA[<p>Recognizes 4-H as a vital organization for training the next generation for national leadership, congratulates the National 4-H Council on its &quot;Grow True Leaders&quot; campaign, and supports the council's efforts to grow and diversify the 4-H program.</p>]]></text>
          <lastSummaryUpdateDate>2016-04-22T20:49:40Z</lastSummaryUpdateDate>
          <actionDate>2016-04-19</actionDate>
          <actionDesc>Introduced in Senate</actionDesc>
          <name>Introduced in Senate</name>
        </item>
        <item>
          <updateDate>2016-04-19T12:30:39Z</updateDate>
          <versionCode>82</versionCode>
          <text><![CDATA[<p>(This measure has not been amended since it was introduced. The summary of that version is repeated here.)</p> <p>Recognizes 4-H as a vital organization for training the next generation for national leadership, congratulates the National 4-H Council on its "Grow True Leaders" campaign, and supports the council's efforts to grow and diversify the 4-H program.</p>]]></text>
          <lastSummaryUpdateDate>2016-04-25T15:19:01Z</lastSummaryUpdateDate>
          <actionDate>2016-04-19</actionDate>
          <actionDesc>Passed Senate without amendment</actionDesc>
          <name>Passed Senate without amendment</name>
        </item>
      </billSummaries>
    </summaries>
    <createDate>2016-04-20T05:21:35Z</createDate>
    <sponsors>
      <item>
        <state>MS</state>
        <fullName>Sen. Wicker, Roger F. [R-MS]</fullName>
        <middleName>F.</middleName>
        <identifiers>
          <gpoId>8263</gpoId>
          <lisID>1226</lisID>
          <bioguideId>W000437</bioguideId>
        </identifiers>
        <firstName>ROGER</firstName>
        <lastName>WICKER</lastName>
        <bioguideId>W000437</bioguideId>
        <byRequestType />
        <party>R</party>
      </item>
    </sponsors>
    <cosponsors>
      <item>
        <identifiers>
          <bioguideId>H001069</bioguideId>
          <lisID>2174</lisID>
          <gpoId />
        </identifiers>
        <middleName />
        <fullName>Sen. Heitkamp, Heidi [D-ND]</fullName>
        <isOriginalCosponsor>True</isOriginalCosponsor>
        <firstName>Heidi</firstName>
        <sponsorshipWithdrawnDate />
        <state>ND</state>
        <bioguideId>H001069</bioguideId>
        <sponsorshipDate>2016-04-19</sponsorshipDate>
        <party>D</party>
        <lastName>Heitkamp</lastName>
      </item>
      <item>
        <identifiers>
          <lisID>1695</lisID>
          <gpoId>8304</gpoId>
          <bioguideId>A000360</bioguideId>
        </identifiers>
        <middleName />
        <fullName>Sen. Alexander, Lamar [R-TN]</fullName>
        <isOriginalCosponsor>True</isOriginalCosponsor>
        <firstName>Lamar</firstName>
        <sponsorshipWithdrawnDate />
        <state>TN</state>
        <bioguideId>A000360</bioguideId>
        <sponsorshipDate>2016-04-19</sponsorshipDate>
        <party>R</party>
        <lastName>Alexander</lastName>
      </item>
      <item>
        <identifiers>
          <gpoId>8215</gpoId>
          <lisID>1558</lisID>
          <bioguideId>B001230</bioguideId>
        </identifiers>
        <middleName />
        <fullName>Sen. Baldwin, Tammy [D-WI]</fullName>
        <isOriginalCosponsor>True</isOriginalCosponsor>
        <firstName>TAMMY</firstName>
        <sponsorshipWithdrawnDate />
        <state>WI</state>
        <bioguideId>B001230</bioguideId>
        <sponsorshipDate>2016-04-19</sponsorshipDate>
        <party>D</party>
        <lastName>BALDWIN</lastName>
      </item>
      <item>
        <identifiers>
          <bioguideId>B001261</bioguideId>
          <lisID>1881</lisID>
          <gpoId>8300</gpoId>
        </identifiers>
        <middleName />
        <fullName>Sen. Barrasso, John [R-WY]</fullName>
        <isOriginalCosponsor>True</isOriginalCosponsor>
        <firstName>John</firstName>
        <sponsorshipWithdrawnDate />
        <state>WY</state>
        <bioguideId>B001261</bioguideId>
        <sponsorshipDate>2016-04-19</sponsorshipDate>
        <party>R</party>
        <lastName>Barrasso</lastName>
      </item>
      <item>
        <identifiers>
          <bioguideId>B000575</bioguideId>
          <gpoId>8313</gpoId>
          <lisID>1464</lisID>
        </identifiers>
        <middleName />
        <fullName>Sen. Blunt, Roy [R-MO]</fullName>
        <isOriginalCosponsor>True</isOriginalCosponsor>
        <firstName>Roy</firstName>
        <sponsorshipWithdrawnDate />
        <state>MO</state>
        <bioguideId>B000575</bioguideId>
        <sponsorshipDate>2016-04-19</sponsorshipDate>
        <party>R</party>
        <lastName>Blunt</lastName>
      </item>
      <item>
        <identifiers>
          <gpoId>8247</gpoId>
          <lisID>1687</lisID>
          <bioguideId>B001236</bioguideId>
        </identifiers>
        <middleName />
        <fullName>Sen. Boozman, John [R-AR]</fullName>
        <isOriginalCosponsor>True</isOriginalCosponsor>
        <firstName>John</firstName>
        <sponsorshipWithdrawnDate />
        <state>AR</state>
        <bioguideId>B001236</bioguideId>
        <sponsorshipDate>2016-04-19</sponsorshipDate>
        <party>R</party>
        <lastName>Boozman</lastName>
      </item>
      <item>
        <identifiers>
          <gpoId>8309</gpoId>
          <lisID>136</lisID>
          <bioguideId>B000944</bioguideId>
        </identifiers>
        <middleName />
        <fullName>Sen. Brown, Sherrod [D-OH]</fullName>
        <isOriginalCosponsor>True</isOriginalCosponsor>
        <firstName>SHERROD</firstName>
        <sponsorshipWithdrawnDate />
        <state>OH</state>
        <bioguideId>B000944</bioguideId>
        <sponsorshipDate>2016-04-19</sponsorshipDate>
        <party>D</party>
        <lastName>BROWN</lastName>
      </item>
      <item>
        <identifiers>
          <lisID>1676</lisID>
          <bioguideId>C001047</bioguideId>
          <gpoId>8223</gpoId>
        </identifiers>
        <middleName>MOORE</middleName>
        <fullName>Sen. Capito, Shelley Moore [R-WV]</fullName>
        <isOriginalCosponsor>True</isOriginalCosponsor>
        <firstName>SHELLEY</firstName>
        <sponsorshipWithdrawnDate />
        <state>WV</state>
        <bioguideId>C001047</bioguideId>
        <sponsorshipDate>2016-04-19</sponsorshipDate>
        <party>R</party>
        <lastName>CAPITO</lastName>
      </item>
      <item>
        <identifiers>
          <lisID>1828</lisID>
          <bioguideId>C001070</bioguideId>
          <gpoId>8282</gpoId>
        </identifiers>
        <middleName />
        <fullName>Sen. Casey, Robert P., Jr. [D-PA]</fullName>
        <isOriginalCosponsor>True</isOriginalCosponsor>
        <firstName>Bob</firstName>
        <sponsorshipWithdrawnDate />
        <state>PA</state>
        <bioguideId>C001070</bioguideId>
        <sponsorshipDate>2016-04-19</sponsorshipDate>
        <party>D</party>
        <lastName>Casey</lastName>
      </item>
      <item>
        <identifiers>
          <bioguideId>C001075</bioguideId>
          <lisID>1925</lisID>
          <gpoId>7964</gpoId>
        </identifiers>
        <middleName />
        <fullName>Sen. Cassidy, Bill [R-LA]</fullName>
        <isOriginalCosponsor>True</isOriginalCosponsor>
        <firstName>Bill</firstName>
        <sponsorshipWithdrawnDate />
        <state>LA</state>
        <bioguideId>C001075</bioguideId>
        <sponsorshipDate>2016-04-19</sponsorshipDate>
        <party>R</party>
        <lastName>Cassidy</lastName>
      </item>
      <item>
        <identifiers>
          <bioguideId>C000567</bioguideId>
          <gpoId>8292</gpoId>
          <lisID>213</lisID>
        </identifiers>
        <middleName />
        <fullName>Sen. Cochran, Thad [R-MS]</fullName>
        <isOriginalCosponsor>True</isOriginalCosponsor>
        <firstName>Thad</firstName>
        <sponsorshipWithdrawnDate />
        <state>MS</state>
        <bioguideId>C000567</bioguideId>
        <sponsorshipDate>2016-04-19</sponsorshipDate>
        <party>R</party>
        <lastName>Cochran</lastName>
      </item>
      <item>
        <identifiers>
          <gpoId>8297</gpoId>
          <lisID>1984</lisID>
          <bioguideId>C001088</bioguideId>
        </identifiers>
        <middleName>A.</middleName>
        <fullName>Sen. Coons, Christopher A. [D-DE]</fullName>
        <isOriginalCosponsor>True</isOriginalCosponsor>
        <firstName>Christopher</firstName>
        <sponsorshipWithdrawnDate />
        <state>DE</state>
        <bioguideId>C001088</bioguideId>
        <sponsorshipDate>2016-04-19</sponsorshipDate>
        <party>D</party>
        <lastName>Coons</lastName>
      </item>
      <item>
        <identifiers>
          <gpoId>8295</gpoId>
          <lisID>1692</lisID>
          <bioguideId>C001056</bioguideId>
        </identifiers>
        <middleName />
        <fullName>Sen. Cornyn, John [R-TX]</fullName>
        <isOriginalCosponsor>True</isOriginalCosponsor>
        <firstName>John</firstName>
        <sponsorshipWithdrawnDate />
        <state>TX</state>
        <bioguideId>C001056</bioguideId>
        <sponsorshipDate>2016-04-19</sponsorshipDate>
        <party>R</party>
        <lastName>Cornyn</lastName>
      </item>
      <item>
        <identifiers>
          <bioguideId>C000880</bioguideId>
          <lisID>250</lisID>
          <gpoId>8289</gpoId>
        </identifiers>
        <middleName>D.</middleName>
        <fullName>Sen. Crapo, Mike [R-ID]</fullName>
        <isOriginalCosponsor>True</isOriginalCosponsor>
        <firstName>MICHAEL</firstName>
        <sponsorshipWithdrawnDate />
        <state>ID</state>
        <bioguideId>C000880</bioguideId>
        <sponsorshipDate>2016-04-19</sponsorshipDate>
        <party>R</party>
        <lastName>CRAPO</lastName>
      </item>
      <item>
        <identifiers>
          <lisID>2138</lisID>
          <bioguideId>D000618</bioguideId>
          <gpoId />
        </identifiers>
        <middleName />
        <fullName>Sen. Daines, Steve [R-MT]</fullName>
        <isOriginalCosponsor>True</isOriginalCosponsor>
        <firstName>Steve</firstName>
        <sponsorshipWithdrawnDate />
        <state>MT</state>
        <bioguideId>D000618</bioguideId>
        <sponsorshipDate>2016-04-19</sponsorshipDate>
        <party>R</party>
        <lastName>Daines</lastName>
      </item>
      <item>
        <identifiers>
          <lisID>1850</lisID>
          <bioguideId>D000607</bioguideId>
          <gpoId>7941</gpoId>
        </identifiers>
        <middleName />
        <fullName>Sen. Donnelly, Joe [D-IN]</fullName>
        <isOriginalCosponsor>True</isOriginalCosponsor>
        <firstName>Joe</firstName>
        <sponsorshipWithdrawnDate />
        <state>IN</state>
        <bioguideId>D000607</bioguideId>
        <sponsorshipDate>2016-04-19</sponsorshipDate>
        <party>D</party>
        <lastName>Donnelly</lastName>
      </item>
      <item>
        <identifiers>
          <bioguideId>E000285</bioguideId>
          <gpoId>8328</gpoId>
          <lisID>1542</lisID>
        </identifiers>
        <middleName>B.</middleName>
        <fullName>Sen. Enzi, Michael B. [R-WY]</fullName>
        <isOriginalCosponsor>True</isOriginalCosponsor>
        <firstName>MICHAEL</firstName>
        <sponsorshipWithdrawnDate />
        <state>WY</state>
        <bioguideId>E000285</bioguideId>
        <sponsorshipDate>2016-04-19</sponsorshipDate>
        <party>R</party>
        <lastName>ENZI</lastName>
      </item>
      <item>
        <identifiers>
          <lisID>1998</lisID>
          <gpoId>7862</gpoId>
          <bioguideId>G000562</bioguideId>
        </identifiers>
        <middleName />
        <fullName>Sen. Gardner, Cory [R-CO]</fullName>
        <isOriginalCosponsor>True</isOriginalCosponsor>
        <firstName>Cory</firstName>
        <sponsorshipWithdrawnDate />
        <state>CO</state>
        <bioguideId>G000562</bioguideId>
        <sponsorshipDate>2016-04-19</sponsorshipDate>
        <party>R</party>
        <lastName>Gardner</lastName>
      </item>
      <item>
        <identifiers>
          <bioguideId>I000055</bioguideId>
          <gpoId>8323</gpoId>
          <lisID>1608</lisID>
        </identifiers>
        <middleName />
        <fullName>Sen. Isakson, Johnny [R-GA]</fullName>
        <isOriginalCosponsor>True</isOriginalCosponsor>
        <firstName>Johnny</firstName>
        <sponsorshipWithdrawnDate />
        <state>GA</state>
        <bioguideId>I000055</bioguideId>
        <sponsorshipDate>2016-04-19</sponsorshipDate>
        <party>R</party>
        <lastName>Isakson</lastName>
      </item>
      <item>
        <identifiers>
          <lisID>1647</lisID>
          <bioguideId>K000360</bioguideId>
          <gpoId>8285</gpoId>
        </identifiers>
        <middleName>STEVEN</middleName>
        <fullName>Sen. Kirk, Mark Steven [R-IL]</fullName>
        <isOriginalCosponsor>True</isOriginalCosponsor>
        <firstName>MARK</firstName>
        <sponsorshipWithdrawnDate />
        <state>IL</state>
        <bioguideId>K000360</bioguideId>
        <sponsorshipDate>2016-04-19</sponsorshipDate>
        <party>R</party>
        <lastName>KIRK</lastName>
      </item>
      <item>
        <identifiers>
          <bioguideId>K000383</bioguideId>
          <lisID>2185</lisID>
          <gpoId />
        </identifiers>
        <middleName />
        <fullName>Sen. King, Angus S., Jr. [I-ME]</fullName>
        <isOriginalCosponsor>True</isOriginalCosponsor>
        <firstName>Angus</firstName>
        <sponsorshipWithdrawnDate />
        <state>ME</state>
        <bioguideId>K000383</bioguideId>
        <sponsorshipDate>2016-04-19</sponsorshipDate>
        <party>I</party>
        <lastName>King</lastName>
      </item>
      <item>
        <identifiers>
          <lisID>754</lisID>
          <bioguideId>M000303</bioguideId>
          <gpoId>8253</gpoId>
        </identifiers>
        <middleName>SIDNEY</middleName>
        <fullName>Sen. McCain, John [R-AZ]</fullName>
        <isOriginalCosponsor>True</isOriginalCosponsor>
        <firstName>JOHN</firstName>
        <sponsorshipWithdrawnDate />
        <state>AZ</state>
        <bioguideId>M000303</bioguideId>
        <sponsorshipDate>2016-04-19</sponsorshipDate>
        <party>R</party>
        <lastName>MCCAIN</lastName>
      </item>
      <item>
        <identifiers>
          <gpoId>8307</gpoId>
          <lisID>1507</lisID>
          <bioguideId>M000934</bioguideId>
        </identifiers>
        <middleName />
        <fullName>Sen. Moran, Jerry [R-KS]</fullName>
        <isOriginalCosponsor>True</isOriginalCosponsor>
        <firstName>JERRY</firstName>
        <sponsorshipWithdrawnDate />
        <state>KS</state>
        <bioguideId>M000934</bioguideId>
        <sponsorshipDate>2016-04-19</sponsorshipDate>
        <party>R</party>
        <lastName>MORAN</lastName>
      </item>
      <item>
        <identifiers>
          <bioguideId>M001153</bioguideId>
          <gpoId>8234</gpoId>
          <lisID>1694</lisID>
        </identifiers>
        <middleName />
        <fullName>Sen. Murkowski, Lisa [R-AK]</fullName>
        <isOriginalCosponsor>True</isOriginalCosponsor>
        <firstName>Lisa</firstName>
        <sponsorshipWithdrawnDate />
        <state>AK</state>
        <bioguideId>M001153</bioguideId>
        <sponsorshipDate>2016-04-19</sponsorshipDate>
        <party>R</party>
        <lastName>Murkowski</lastName>
      </item>
      <item>
        <identifiers>
          <bioguideId>P000595</bioguideId>
          <gpoId>7994</gpoId>
          <lisID>1929</lisID>
        </identifiers>
        <middleName>C.</middleName>
        <fullName>Sen. Peters, Gary C. [D-MI]</fullName>
        <isOriginalCosponsor>True</isOriginalCosponsor>
        <firstName>Gary</firstName>
        <sponsorshipWithdrawnDate />
        <state>MI</state>
        <bioguideId>P000595</bioguideId>
        <sponsorshipDate>2016-04-19</sponsorshipDate>
        <party>D</party>
        <lastName>Peters</lastName>
      </item>
      <item>
        <identifiers>
          <gpoId>8274</gpoId>
          <lisID>1896</lisID>
          <bioguideId>R000584</bioguideId>
        </identifiers>
        <middleName>E.</middleName>
        <fullName>Sen. Risch, James E. [R-ID]</fullName>
        <isOriginalCosponsor>True</isOriginalCosponsor>
        <firstName>James</firstName>
        <sponsorshipWithdrawnDate />
        <state>ID</state>
        <bioguideId>R000584</bioguideId>
        <sponsorshipDate>2016-04-19</sponsorshipDate>
        <party>R</party>
        <lastName>Risch</lastName>
      </item>
      <item>
        <identifiers>
          <bioguideId>R000307</bioguideId>
          <gpoId>8275</gpoId>
          <lisID>968</lisID>
        </identifiers>
        <middleName />
        <fullName>Sen. Roberts, Pat [R-KS]</fullName>
        <isOriginalCosponsor>True</isOriginalCosponsor>
        <firstName>PAT</firstName>
        <sponsorshipWithdrawnDate />
        <state>KS</state>
        <bioguideId>R000307</bioguideId>
        <sponsorshipDate>2016-04-19</sponsorshipDate>
        <party>R</party>
        <lastName>ROBERTS</lastName>
      </item>
      <item>
        <identifiers>
          <bioguideId>S000770</bioguideId>
          <lisID>1531</lisID>
          <gpoId>8261</gpoId>
        </identifiers>
        <middleName>ANN</middleName>
        <fullName>Sen. Stabenow, Debbie [D-MI]</fullName>
        <isOriginalCosponsor>True</isOriginalCosponsor>
        <firstName>DEBORAH</firstName>
        <sponsorshipWithdrawnDate />
        <state>MI</state>
        <bioguideId>S000770</bioguideId>
        <sponsorshipDate>2016-04-19</sponsorshipDate>
        <party>D</party>
        <lastName>STABENOW</lastName>
      </item>
      <item>
        <identifiers>
          <bioguideId>T000476</bioguideId>
          <gpoId />
          <lisID>2291</lisID>
        </identifiers>
        <middleName>Roland</middleName>
        <fullName>Sen. Tillis, Thom [R-NC]</fullName>
        <isOriginalCosponsor>True</isOriginalCosponsor>
        <firstName>Thomas</firstName>
        <sponsorshipWithdrawnDate />
        <state>NC</state>
        <bioguideId>T000476</bioguideId>
        <sponsorshipDate>2016-04-19</sponsorshipDate>
        <party>R</party>
        <lastName>Tillis</lastName>
      </item>
      <item>
        <identifiers>
          <lisID>1567</lisID>
          <gpoId>8260</gpoId>
          <bioguideId>U000039</bioguideId>
        </identifiers>
        <middleName />
        <fullName>Sen. Udall, Tom [D-NM]</fullName>
        <isOriginalCosponsor>True</isOriginalCosponsor>
        <firstName>TOM</firstName>
        <sponsorshipWithdrawnDate />
        <state>NM</state>
        <bioguideId>U000039</bioguideId>
        <sponsorshipDate>2016-04-19</sponsorshipDate>
        <party>D</party>
        <lastName>UDALL</lastName>
      </item>
      <item>
        <identifiers>
          <lisID>1609</lisID>
          <bioguideId>V000127</bioguideId>
          <gpoId>8267</gpoId>
        </identifiers>
        <middleName />
        <fullName>Sen. Vitter, David [R-LA]</fullName>
        <isOriginalCosponsor>True</isOriginalCosponsor>
        <firstName>David</firstName>
        <sponsorshipWithdrawnDate />
        <state>LA</state>
        <bioguideId>V000127</bioguideId>
        <sponsorshipDate>2016-04-19</sponsorshipDate>
        <party>R</party>
        <lastName>Vitter</lastName>
      </item>
      <item>
        <identifiers>
          <bioguideId>M001176</bioguideId>
          <lisID>1900</lisID>
          <gpoId>8238</gpoId>
        </identifiers>
        <middleName />
        <fullName>Sen. Merkley, Jeff [D-OR]</fullName>
        <isOriginalCosponsor>True</isOriginalCosponsor>
        <firstName>Jeff</firstName>
        <sponsorshipWithdrawnDate />
        <state>OR</state>
        <bioguideId>M001176</bioguideId>
        <sponsorshipDate>2016-04-19</sponsorshipDate>
        <party>D</party>
        <lastName>Merkley</lastName>
      </item>
      <item>
        <identifiers>
          <bioguideId>E000295</bioguideId>
          <lisID>2283</lisID>
          <gpoId />
        </identifiers>
        <middleName />
        <fullName>Sen. Ernst, Joni  [R-IA]</fullName>
        <isOriginalCosponsor>True</isOriginalCosponsor>
        <firstName>Joni</firstName>
        <sponsorshipWithdrawnDate />
        <state>IA</state>
        <bioguideId>E000295</bioguideId>
        <sponsorshipDate>2016-04-19</sponsorshipDate>
        <party>R</party>
        <lastName>Ernst</lastName>
      </item>
      <item>
        <identifiers>
          <lisID>583</lisID>
          <gpoId>8322</gpoId>
          <bioguideId>I000024</bioguideId>
        </identifiers>
        <middleName />
        <fullName>Sen. Inhofe, James M. [R-OK]</fullName>
        <isOriginalCosponsor>True</isOriginalCosponsor>
        <firstName>JIM</firstName>
        <sponsorshipWithdrawnDate />
        <state>OK</state>
        <bioguideId>I000024</bioguideId>
        <sponsorshipDate>2016-04-19</sponsorshipDate>
        <party>R</party>
        <lastName>INHOFE</lastName>
      </item>
    </cosponsors>
  </bill>
  <dublinCore xmlns:dc="http://purl.org/dc/elements/1.1/">
    <dc:format>text/xml</dc:format>
    <dc:language>EN</dc:language>
    <dc:rights>Pursuant to Title 17 Section 105 of the United States Code, this file is not subject to copyright protection and is in the public domain.</dc:rights>
    <dc:contributor>Congressional Research Service, Library of Congress</dc:contributor>
    <dc:description>This file contains bill summaries and statuses for federal legislation. A bill summary describes the most significant provisions of a piece of legislation and details the effects the legislative text may have on current law and federal programs. Bill summaries are authored by the Congressional Research Service (CRS) of the Library of Congress. As stated in Public Law 91-510 (2 USC 166 (d)(6)), one of the duties of CRS is "to prepare summaries and digests of bills and resolutions of a public general nature introduced in the Senate or House of Representatives". For more information, refer to the User Guide that accompanies this file.</dc:description>
  </dublinCore>
</billStatus>

