<?xml version="1.0" encoding="UTF-8"?>
<billStatus>
  <bill>
    <policyArea>
      <name>Education</name>
    </policyArea>
    <billType>SRES</billType>
    <introducedDate>2016-03-02</introducedDate>
    <recordedVotes />
    <createDate>2016-03-03T05:04:49Z</createDate>
    <summaries>
      <billSummaries>
        <item>
          <versionCode>00</versionCode>
          <actionDate>2016-03-02</actionDate>
          <text><![CDATA[<p>Designates March 2, 2016, as Read Across America Day.</p> <p>Honors Theodor Geisel (Dr. Seuss) for his success in encouraging children to discover the joy of reading.</p> <p>Honors the 19th anniversary of Read Across America Day.</p> <p>Encourages parents to read with their children for at least 30 minutes on Read Across America Day.</p>]]></text>
          <name>Introduced in Senate</name>
          <lastSummaryUpdateDate>2016-03-23T18:27:19Z</lastSummaryUpdateDate>
          <updateDate>2016-03-02T05:00:00Z</updateDate>
          <actionDesc>Introduced in Senate</actionDesc>
        </item>
        <item>
          <versionCode>82</versionCode>
          <actionDate>2016-03-02</actionDate>
          <text><![CDATA[<p>(This measure has not been amended since it was introduced. The summary of that version is repeated here.)</p> <p>Designates March 2, 2016, as Read Across America Day.</p> <p>Honors Theodor Geisel (Dr. Seuss) for his success in encouraging children to discover the joy of reading.</p> <p>Honors the 19th anniversary of Read Across America Day.</p> <p>Encourages parents to read with their children for at least 30 minutes on Read Across America Day.</p>]]></text>
          <name>Passed Senate without amendment</name>
          <lastSummaryUpdateDate>2016-03-24T18:08:26Z</lastSummaryUpdateDate>
          <updateDate>2016-03-02T14:44:09Z</updateDate>
          <actionDesc>Passed Senate without amendment</actionDesc>
        </item>
      </billSummaries>
    </summaries>
    <committeeReports />
    <notes />
    <latestAction>
      <links />
      <actionDate>2016-03-02</actionDate>
      <text>Submitted in the Senate, considered, and agreed to without amendment and with a preamble by Unanimous Consent. (consideration: CR S1238; text as passed Senate: CR S1226-1227)</text>
    </latestAction>
    <sponsors>
      <item>
        <state>ME</state>
        <fullName>Sen. Collins, Susan M. [R-ME]</fullName>
        <firstName>SUSAN</firstName>
        <byRequestType />
        <bioguideId>C001035</bioguideId>
        <lastName>COLLINS</lastName>
        <party>R</party>
        <identifiers>
          <lisID>1541</lisID>
          <bioguideId>C001035</bioguideId>
          <gpoId>8291</gpoId>
        </identifiers>
        <middleName>MARGARET</middleName>
      </item>
    </sponsors>
    <billNumber>384</billNumber>
    <titles>
      <item>
        <parentTitleType />
        <titleType>Official Title as Introduced</titleType>
        <title>A resolution designating March 2, 2016, as "Read Across America Day".</title>
        <chamberCode />
        <chamberName />
      </item>
      <item>
        <parentTitleType />
        <titleType>Display Title</titleType>
        <title>A resolution designating March 2, 2016, as "Read Across America Day".</title>
        <chamberCode />
        <chamberName />
      </item>
    </titles>
    <title>A resolution designating March 2, 2016, as "Read Across America Day".</title>
    <laws />
    <committees>
      <billCommittees />
    </committees>
    <updateDate>2016-11-02T23:14:21Z</updateDate>
    <relatedBills>
      <item>
        <latestTitle>Encouraging people in the United States to recognize March 2, 2016, as Read Across America Day.</latestTitle>
        <latestAction>
          <text>Referred to the House Committee on Education and the Workforce.</text>
          <actionDate>2016-02-23</actionDate>
        </latestAction>
        <number>622</number>
        <relationshipDetails>
          <item>
            <identifiedBy>CRS</identifiedBy>
            <type>Related bill</type>
          </item>
        </relationshipDetails>
        <type>HRES</type>
        <congress>114</congress>
      </item>
      <item>
        <latestTitle>Encouraging people in the United States to recognize March 2, 2015, as Read Across America Day.</latestTitle>
        <latestAction>
          <text>Referred to the House Committee on Education and the Workforce.</text>
          <actionDate>2015-03-02</actionDate>
        </latestAction>
        <number>135</number>
        <relationshipDetails>
          <item>
            <identifiedBy>CRS</identifiedBy>
            <type>Related bill</type>
          </item>
        </relationshipDetails>
        <type>HRES</type>
        <congress>114</congress>
      </item>
      <item>
        <latestTitle>A resolution designating March 2, 2015, as "Read Across America Day".</latestTitle>
        <latestAction>
          <text>Submitted in the Senate, considered, and agreed to without amendment and with a preamble by Unanimous Consent. (consideration: CR S1184; text as passed Senate: CR S1171)</text>
          <actionDate>2015-02-26</actionDate>
        </latestAction>
        <number>91</number>
        <relationshipDetails>
          <item>
            <identifiedBy>CRS</identifiedBy>
            <type>Related bill</type>
          </item>
        </relationshipDetails>
        <type>SRES</type>
        <congress>114</congress>
      </item>
    </relatedBills>
    <subjects>
      <billSubjects>
        <legislativeSubjects>
          <item>
            <name>Art, artists, authorship</name>
          </item>
          <item>
            <name>Books and print media</name>
          </item>
          <item>
            <name>Commemorative events and holidays</name>
          </item>
          <item>
            <name>Congressional tributes</name>
          </item>
          <item>
            <name>Elementary and secondary education</name>
          </item>
          <item>
            <name>Language arts</name>
          </item>
        </legislativeSubjects>
        <policyArea>
          <name>Education</name>
        </policyArea>
      </billSubjects>
    </subjects>
    <actions>
      <item>
        <actionDate>2016-03-02</actionDate>
        <committee />
        <links>
          <link>
            <url>https://www.congress.gov/congressional-record/volume-162/senate-section/page/S1226-1227</url>
            <name>S1226-1227</name>
          </link>
          <link>
            <url>https://www.congress.gov/congressional-record/volume-162/senate-section/page/S1238</url>
            <name>S1238</name>
          </link>
        </links>
        <sourceSystem>
          <code>0</code>
          <name>Senate</name>
        </sourceSystem>
        <text>Submitted in the Senate, considered, and agreed to without amendment and with a preamble by Unanimous Consent. (consideration: CR S1238; text as passed Senate: CR S1226-1227)</text>
        <type>Floor</type>
      </item>
      <item>
        <sourceSystem>
          <code>9</code>
          <name>Library of Congress</name>
        </sourceSystem>
        <actionDate>2016-03-02</actionDate>
        <links>
          <link>
            <url>https://www.congress.gov/congressional-record/volume-162/senate-section/page/S1226-1227</url>
            <name>S1226-1227</name>
          </link>
          <link>
            <url>https://www.congress.gov/congressional-record/volume-162/senate-section/page/S1238</url>
            <name>S1238</name>
          </link>
        </links>
        <committee />
        <text>Passed/agreed to in Senate: Submitted in the Senate, considered, and agreed to without amendment and with a preamble by Unanimous Consent.(consideration: CR S1238; text as passed Senate: CR S1226-1227)</text>
        <type>Floor</type>
        <actionCode>17000</actionCode>
      </item>
      <item>
        <sourceSystem>
          <code>9</code>
          <name>Library of Congress</name>
        </sourceSystem>
        <actionDate>2016-03-02</actionDate>
        <links />
        <committee />
        <text>Introduced in Senate</text>
        <type>IntroReferral</type>
        <actionCode>10000</actionCode>
      </item>
      <actionTypeCounts>
        <introducedInSenate>1</introducedInSenate>
        <passedOrAgreedToInSenateDayOf>1</passedOrAgreedToInSenateDayOf>
        <passedAgreedToInSenate>1</passedAgreedToInSenate>
      </actionTypeCounts>
      <actionByCounts>
        <senate>3</senate>
      </actionByCounts>
    </actions>
    <amendments />
    <congress>114</congress>
    <cosponsors>
      <item>
        <firstName>JOHN</firstName>
        <isOriginalCosponsor>True</isOriginalCosponsor>
        <fullName>Sen. Reed, Jack [D-RI]</fullName>
        <identifiers>
          <lisID>949</lisID>
          <gpoId>8272</gpoId>
          <bioguideId>R000122</bioguideId>
        </identifiers>
        <middleName>F.</middleName>
        <sponsorshipWithdrawnDate />
        <sponsorshipDate>2016-03-02</sponsorshipDate>
        <party>D</party>
        <bioguideId>R000122</bioguideId>
        <state>RI</state>
        <lastName>REED</lastName>
      </item>
      <item>
        <firstName>Thad</firstName>
        <isOriginalCosponsor>True</isOriginalCosponsor>
        <fullName>Sen. Cochran, Thad [R-MS]</fullName>
        <identifiers>
          <bioguideId>C000567</bioguideId>
          <lisID>213</lisID>
          <gpoId>8292</gpoId>
        </identifiers>
        <middleName />
        <sponsorshipWithdrawnDate />
        <sponsorshipDate>2016-03-02</sponsorshipDate>
        <party>R</party>
        <bioguideId>C000567</bioguideId>
        <state>MS</state>
        <lastName>Cochran</lastName>
      </item>
      <item>
        <firstName>Timothy</firstName>
        <isOriginalCosponsor>True</isOriginalCosponsor>
        <fullName>Sen. Kaine, Tim [D-VA]</fullName>
        <identifiers>
          <lisID>2176</lisID>
          <bioguideId>K000384</bioguideId>
          <gpoId />
        </identifiers>
        <middleName />
        <sponsorshipWithdrawnDate />
        <sponsorshipDate>2016-03-02</sponsorshipDate>
        <party>D</party>
        <bioguideId>K000384</bioguideId>
        <state>VA</state>
        <lastName>Kaine</lastName>
      </item>
      <item>
        <firstName>RICHARD</firstName>
        <isOriginalCosponsor>True</isOriginalCosponsor>
        <fullName>Sen. Durbin, Richard [D-IL]</fullName>
        <identifiers>
          <lisID>326</lisID>
          <gpoId>8326</gpoId>
          <bioguideId>D000563</bioguideId>
        </identifiers>
        <middleName>J.</middleName>
        <sponsorshipWithdrawnDate />
        <sponsorshipDate>2016-03-02</sponsorshipDate>
        <party>D</party>
        <bioguideId>D000563</bioguideId>
        <state>IL</state>
        <lastName>DURBIN</lastName>
      </item>
      <item>
        <firstName>SHELLEY</firstName>
        <isOriginalCosponsor>True</isOriginalCosponsor>
        <fullName>Sen. Capito, Shelley Moore [R-WV]</fullName>
        <identifiers>
          <lisID>1676</lisID>
          <gpoId>8223</gpoId>
          <bioguideId>C001047</bioguideId>
        </identifiers>
        <middleName>MOORE</middleName>
        <sponsorshipWithdrawnDate />
        <sponsorshipDate>2016-03-02</sponsorshipDate>
        <party>R</party>
        <bioguideId>C001047</bioguideId>
        <state>WV</state>
        <lastName>CAPITO</lastName>
      </item>
    </cosponsors>
    <calendarNumbers />
    <cboCostEstimates />
    <originChamber>Senate</originChamber>
  </bill>
  <dublinCore xmlns:dc="http://purl.org/dc/elements/1.1/">
    <dc:format>text/xml</dc:format>
    <dc:language>EN</dc:language>
    <dc:rights>Pursuant to Title 17 Section 105 of the United States Code, this file is not subject to copyright protection and is in the public domain.</dc:rights>
    <dc:contributor>Congressional Research Service, Library of Congress</dc:contributor>
    <dc:description>This file contains bill summaries and statuses for federal legislation. A bill summary describes the most significant provisions of a piece of legislation and details the effects the legislative text may have on current law and federal programs. Bill summaries are authored by the Congressional Research Service (CRS) of the Library of Congress. As stated in Public Law 91-510 (2 USC 166 (d)(6)), one of the duties of CRS is "to prepare summaries and digests of bills and resolutions of a public general nature introduced in the Senate or House of Representatives". For more information, refer to the User Guide that accompanies this file.</dc:description>
  </dublinCore>
</billStatus>

