<?xml version="1.0" encoding="UTF-8"?>
<billStatus>
  <bill>
    <committeeReports />
    <committees>
      <billCommittees />
    </committees>
    <createDate>2016-05-18T05:10:36Z</createDate>
    <amendments />
    <policyArea>
      <name>Crime and Law Enforcement</name>
    </policyArea>
    <sponsors>
      <item>
        <fullName>Sen. Grassley, Chuck [R-IA]</fullName>
        <firstName>CHARLES</firstName>
        <bioguideId>G000386</bioguideId>
        <identifiers>
          <lisID>457</lisID>
          <gpoId>8316</gpoId>
          <bioguideId>G000386</bioguideId>
        </identifiers>
        <lastName>GRASSLEY</lastName>
        <middleName>ERNEST</middleName>
        <byRequestType />
        <party>R</party>
        <state>IA</state>
      </item>
    </sponsors>
    <subjects>
      <billSubjects>
        <legislativeSubjects>
          <item>
            <name>Commemorative events and holidays</name>
          </item>
          <item>
            <name>Congressional tributes</name>
          </item>
          <item>
            <name>Law enforcement officers</name>
          </item>
        </legislativeSubjects>
        <policyArea>
          <name>Crime and Law Enforcement</name>
        </policyArea>
      </billSubjects>
    </subjects>
    <notes />
    <cosponsors>
      <item>
        <identifiers>
          <bioguideId>L000174</bioguideId>
          <lisID>1383</lisID>
          <gpoId>8244</gpoId>
        </identifiers>
        <middleName>JOSEPH</middleName>
        <fullName>Sen. Leahy, Patrick J. [D-VT]</fullName>
        <isOriginalCosponsor>True</isOriginalCosponsor>
        <firstName>PATRICK</firstName>
        <sponsorshipWithdrawnDate />
        <state>VT</state>
        <bioguideId>L000174</bioguideId>
        <sponsorshipDate>2016-05-17</sponsorshipDate>
        <party>D</party>
        <lastName>LEAHY</lastName>
      </item>
      <item>
        <identifiers>
          <lisID>1395</lisID>
          <bioguideId>M000355</bioguideId>
          <gpoId>8254</gpoId>
        </identifiers>
        <middleName />
        <fullName>Sen. McConnell, Mitch [R-KY]</fullName>
        <isOriginalCosponsor>True</isOriginalCosponsor>
        <firstName>MITCH</firstName>
        <sponsorshipWithdrawnDate />
        <state>KY</state>
        <bioguideId>M000355</bioguideId>
        <sponsorshipDate>2016-05-17</sponsorshipDate>
        <party>R</party>
        <lastName>MCCONNELL</lastName>
      </item>
      <item>
        <identifiers>
          <lisID>1929</lisID>
          <gpoId>7994</gpoId>
          <bioguideId>P000595</bioguideId>
        </identifiers>
        <middleName>C.</middleName>
        <fullName>Sen. Peters, Gary C. [D-MI]</fullName>
        <isOriginalCosponsor>True</isOriginalCosponsor>
        <firstName>Gary</firstName>
        <sponsorshipWithdrawnDate />
        <state>MI</state>
        <bioguideId>P000595</bioguideId>
        <sponsorshipDate>2016-05-17</sponsorshipDate>
        <party>D</party>
        <lastName>Peters</lastName>
      </item>
      <item>
        <identifiers>
          <gpoId>8292</gpoId>
          <lisID>213</lisID>
          <bioguideId>C000567</bioguideId>
        </identifiers>
        <middleName />
        <fullName>Sen. Cochran, Thad [R-MS]</fullName>
        <isOriginalCosponsor>True</isOriginalCosponsor>
        <firstName>Thad</firstName>
        <sponsorshipWithdrawnDate />
        <state>MS</state>
        <bioguideId>C000567</bioguideId>
        <sponsorshipDate>2016-05-17</sponsorshipDate>
        <party>R</party>
        <lastName>Cochran</lastName>
      </item>
      <item>
        <identifiers>
          <lisID>2174</lisID>
          <bioguideId>H001069</bioguideId>
          <gpoId />
        </identifiers>
        <middleName />
        <fullName>Sen. Heitkamp, Heidi [D-ND]</fullName>
        <isOriginalCosponsor>True</isOriginalCosponsor>
        <firstName>Heidi</firstName>
        <sponsorshipWithdrawnDate />
        <state>ND</state>
        <bioguideId>H001069</bioguideId>
        <sponsorshipDate>2016-05-17</sponsorshipDate>
        <party>D</party>
        <lastName>Heitkamp</lastName>
      </item>
      <item>
        <identifiers>
          <bioguideId>P000449</bioguideId>
          <lisID>924</lisID>
          <gpoId>8266</gpoId>
        </identifiers>
        <middleName />
        <fullName>Sen. Portman, Rob [R-OH]</fullName>
        <isOriginalCosponsor>True</isOriginalCosponsor>
        <firstName>ROB</firstName>
        <sponsorshipWithdrawnDate />
        <state>OH</state>
        <bioguideId>P000449</bioguideId>
        <sponsorshipDate>2016-05-17</sponsorshipDate>
        <party>R</party>
        <lastName>PORTMAN</lastName>
      </item>
      <item>
        <identifiers>
          <lisID>2185</lisID>
          <bioguideId>K000383</bioguideId>
          <gpoId />
        </identifiers>
        <middleName />
        <fullName>Sen. King, Angus S., Jr. [I-ME]</fullName>
        <isOriginalCosponsor>True</isOriginalCosponsor>
        <firstName>Angus</firstName>
        <sponsorshipWithdrawnDate />
        <state>ME</state>
        <bioguideId>K000383</bioguideId>
        <sponsorshipDate>2016-05-17</sponsorshipDate>
        <party>I</party>
        <lastName>King</lastName>
      </item>
      <item>
        <identifiers>
          <lisID>2075</lisID>
          <bioguideId>A000368</bioguideId>
          <gpoId>8315</gpoId>
        </identifiers>
        <middleName />
        <fullName>Sen. Ayotte, Kelly [R-NH]</fullName>
        <isOriginalCosponsor>True</isOriginalCosponsor>
        <firstName>Kelly</firstName>
        <sponsorshipWithdrawnDate />
        <state>NH</state>
        <bioguideId>A000368</bioguideId>
        <sponsorshipDate>2016-05-17</sponsorshipDate>
        <party>R</party>
        <lastName>Ayotte</lastName>
      </item>
      <item>
        <identifiers>
          <gpoId />
          <lisID>2182</lisID>
          <bioguideId>W000817</bioguideId>
        </identifiers>
        <middleName>A.</middleName>
        <fullName>Sen. Warren, Elizabeth [D-MA]</fullName>
        <isOriginalCosponsor>True</isOriginalCosponsor>
        <firstName>Elizabeth</firstName>
        <sponsorshipWithdrawnDate />
        <state>MA</state>
        <bioguideId>W000817</bioguideId>
        <sponsorshipDate>2016-05-17</sponsorshipDate>
        <party>D</party>
        <lastName>Warren</lastName>
      </item>
      <item>
        <identifiers>
          <lisID>1542</lisID>
          <gpoId>8328</gpoId>
          <bioguideId>E000285</bioguideId>
        </identifiers>
        <middleName>B.</middleName>
        <fullName>Sen. Enzi, Michael B. [R-WY]</fullName>
        <isOriginalCosponsor>True</isOriginalCosponsor>
        <firstName>MICHAEL</firstName>
        <sponsorshipWithdrawnDate />
        <state>WY</state>
        <bioguideId>E000285</bioguideId>
        <sponsorshipDate>2016-05-17</sponsorshipDate>
        <party>R</party>
        <lastName>ENZI</lastName>
      </item>
      <item>
        <identifiers>
          <bioguideId>B000944</bioguideId>
          <gpoId>8309</gpoId>
          <lisID>136</lisID>
        </identifiers>
        <middleName />
        <fullName>Sen. Brown, Sherrod [D-OH]</fullName>
        <isOriginalCosponsor>True</isOriginalCosponsor>
        <firstName>SHERROD</firstName>
        <sponsorshipWithdrawnDate />
        <state>OH</state>
        <bioguideId>B000944</bioguideId>
        <sponsorshipDate>2016-05-17</sponsorshipDate>
        <party>D</party>
        <lastName>BROWN</lastName>
      </item>
      <item>
        <identifiers>
          <gpoId>8286</gpoId>
          <lisID>153</lisID>
          <bioguideId>B001135</bioguideId>
        </identifiers>
        <middleName />
        <fullName>Sen. Burr, Richard [R-NC]</fullName>
        <isOriginalCosponsor>True</isOriginalCosponsor>
        <firstName>RICHARD</firstName>
        <sponsorshipWithdrawnDate />
        <state>NC</state>
        <bioguideId>B001135</bioguideId>
        <sponsorshipDate>2016-05-17</sponsorshipDate>
        <party>R</party>
        <lastName>BURR</lastName>
      </item>
      <item>
        <identifiers>
          <bioguideId>S001194</bioguideId>
          <lisID>2173</lisID>
          <gpoId />
        </identifiers>
        <middleName />
        <fullName>Sen. Schatz, Brian [D-HI]</fullName>
        <isOriginalCosponsor>True</isOriginalCosponsor>
        <firstName>Brian</firstName>
        <sponsorshipWithdrawnDate />
        <state>HI</state>
        <bioguideId>S001194</bioguideId>
        <sponsorshipDate>2016-05-17</sponsorshipDate>
        <party>D</party>
        <lastName>Schatz</lastName>
      </item>
      <item>
        <identifiers>
          <gpoId />
          <lisID>2098</lisID>
          <bioguideId>C001095</bioguideId>
        </identifiers>
        <middleName />
        <fullName>Sen. Cotton, Tom [R-AR]</fullName>
        <isOriginalCosponsor>True</isOriginalCosponsor>
        <firstName>Tom</firstName>
        <sponsorshipWithdrawnDate />
        <state>AR</state>
        <bioguideId>C001095</bioguideId>
        <sponsorshipDate>2016-05-17</sponsorshipDate>
        <party>R</party>
        <lastName>Cotton</lastName>
      </item>
      <item>
        <identifiers>
          <lisID>1844</lisID>
          <gpoId>7913</gpoId>
          <bioguideId>H001042</bioguideId>
        </identifiers>
        <middleName>K.</middleName>
        <fullName>Sen. Hirono, Mazie K. [D-HI]</fullName>
        <isOriginalCosponsor>True</isOriginalCosponsor>
        <firstName>Mazie</firstName>
        <sponsorshipWithdrawnDate />
        <state>HI</state>
        <bioguideId>H001042</bioguideId>
        <sponsorshipDate>2016-05-17</sponsorshipDate>
        <party>D</party>
        <lastName>Hirono</lastName>
      </item>
      <item>
        <identifiers>
          <lisID>1694</lisID>
          <bioguideId>M001153</bioguideId>
          <gpoId>8234</gpoId>
        </identifiers>
        <middleName />
        <fullName>Sen. Murkowski, Lisa [R-AK]</fullName>
        <isOriginalCosponsor>True</isOriginalCosponsor>
        <firstName>Lisa</firstName>
        <sponsorshipWithdrawnDate />
        <state>AK</state>
        <bioguideId>M001153</bioguideId>
        <sponsorshipDate>2016-05-17</sponsorshipDate>
        <party>R</party>
        <lastName>Murkowski</lastName>
      </item>
      <item>
        <identifiers>
          <bioguideId>B001288</bioguideId>
          <gpoId />
          <lisID>2194</lisID>
        </identifiers>
        <middleName>A.</middleName>
        <fullName>Sen. Booker, Cory A. [D-NJ]</fullName>
        <isOriginalCosponsor>True</isOriginalCosponsor>
        <firstName>Cory</firstName>
        <sponsorshipWithdrawnDate />
        <state>NJ</state>
        <bioguideId>B001288</bioguideId>
        <sponsorshipDate>2016-05-17</sponsorshipDate>
        <party>D</party>
        <lastName>Booker</lastName>
      </item>
      <item>
        <identifiers>
          <bioguideId>B001236</bioguideId>
          <lisID>1687</lisID>
          <gpoId>8247</gpoId>
        </identifiers>
        <middleName />
        <fullName>Sen. Boozman, John [R-AR]</fullName>
        <isOriginalCosponsor>True</isOriginalCosponsor>
        <firstName>John</firstName>
        <sponsorshipWithdrawnDate />
        <state>AR</state>
        <bioguideId>B001236</bioguideId>
        <sponsorshipDate>2016-05-17</sponsorshipDate>
        <party>R</party>
        <lastName>Boozman</lastName>
      </item>
      <item>
        <identifiers>
          <lisID>859</lisID>
          <gpoId>8236</gpoId>
          <bioguideId>N000032</bioguideId>
        </identifiers>
        <middleName>WILLIAM</middleName>
        <fullName>Sen. Nelson, Bill [D-FL]</fullName>
        <isOriginalCosponsor>True</isOriginalCosponsor>
        <firstName>CLARENCE</firstName>
        <sponsorshipWithdrawnDate />
        <state>FL</state>
        <bioguideId>N000032</bioguideId>
        <sponsorshipDate>2016-05-17</sponsorshipDate>
        <party>D</party>
        <lastName>NELSON</lastName>
      </item>
      <item>
        <identifiers>
          <lisID>250</lisID>
          <gpoId>8289</gpoId>
          <bioguideId>C000880</bioguideId>
        </identifiers>
        <middleName>D.</middleName>
        <fullName>Sen. Crapo, Mike [R-ID]</fullName>
        <isOriginalCosponsor>True</isOriginalCosponsor>
        <firstName>MICHAEL</firstName>
        <sponsorshipWithdrawnDate />
        <state>ID</state>
        <bioguideId>C000880</bioguideId>
        <sponsorshipDate>2016-05-17</sponsorshipDate>
        <party>R</party>
        <lastName>CRAPO</lastName>
      </item>
      <item>
        <identifiers>
          <lisID>1866</lisID>
          <gpoId>8336</gpoId>
          <bioguideId>G000555</bioguideId>
        </identifiers>
        <middleName>E.</middleName>
        <fullName>Sen. Gillibrand, Kirsten E. [D-NY]</fullName>
        <isOriginalCosponsor>True</isOriginalCosponsor>
        <firstName>Kirsten</firstName>
        <sponsorshipWithdrawnDate />
        <state>NY</state>
        <bioguideId>G000555</bioguideId>
        <sponsorshipDate>2016-05-17</sponsorshipDate>
        <party>D</party>
        <lastName>Gillibrand</lastName>
      </item>
      <item>
        <identifiers>
          <bioguideId>D000618</bioguideId>
          <lisID>2138</lisID>
          <gpoId />
        </identifiers>
        <middleName />
        <fullName>Sen. Daines, Steve [R-MT]</fullName>
        <isOriginalCosponsor>True</isOriginalCosponsor>
        <firstName>Steve</firstName>
        <sponsorshipWithdrawnDate />
        <state>MT</state>
        <bioguideId>D000618</bioguideId>
        <sponsorshipDate>2016-05-17</sponsorshipDate>
        <party>R</party>
        <lastName>Daines</lastName>
      </item>
      <item>
        <identifiers>
          <bioguideId>C000174</bioguideId>
          <gpoId>8283</gpoId>
          <lisID>179</lisID>
        </identifiers>
        <middleName>R.</middleName>
        <fullName>Sen. Carper, Thomas R. [D-DE]</fullName>
        <isOriginalCosponsor>True</isOriginalCosponsor>
        <firstName>THOMAS</firstName>
        <sponsorshipWithdrawnDate />
        <state>DE</state>
        <bioguideId>C000174</bioguideId>
        <sponsorshipDate>2016-05-17</sponsorshipDate>
        <party>D</party>
        <lastName>CARPER</lastName>
      </item>
      <item>
        <identifiers>
          <lisID>1507</lisID>
          <gpoId>8307</gpoId>
          <bioguideId>M000934</bioguideId>
        </identifiers>
        <middleName />
        <fullName>Sen. Moran, Jerry [R-KS]</fullName>
        <isOriginalCosponsor>True</isOriginalCosponsor>
        <firstName>JERRY</firstName>
        <sponsorshipWithdrawnDate />
        <state>KS</state>
        <bioguideId>M000934</bioguideId>
        <sponsorshipDate>2016-05-17</sponsorshipDate>
        <party>R</party>
        <lastName>MORAN</lastName>
      </item>
      <item>
        <identifiers>
          <lisID>2076</lisID>
          <gpoId>8332</gpoId>
          <bioguideId>B001277</bioguideId>
        </identifiers>
        <middleName />
        <fullName>Sen. Blumenthal, Richard [D-CT]</fullName>
        <isOriginalCosponsor>True</isOriginalCosponsor>
        <firstName>Richard</firstName>
        <sponsorshipWithdrawnDate />
        <state>CT</state>
        <bioguideId>B001277</bioguideId>
        <sponsorshipDate>2016-05-17</sponsorshipDate>
        <party>D</party>
        <lastName>Blumenthal</lastName>
      </item>
      <item>
        <identifiers>
          <lisID>2291</lisID>
          <gpoId />
          <bioguideId>T000476</bioguideId>
        </identifiers>
        <middleName>Roland</middleName>
        <fullName>Sen. Tillis, Thom [R-NC]</fullName>
        <isOriginalCosponsor>True</isOriginalCosponsor>
        <firstName>Thomas</firstName>
        <sponsorshipWithdrawnDate />
        <state>NC</state>
        <bioguideId>T000476</bioguideId>
        <sponsorshipDate>2016-05-17</sponsorshipDate>
        <party>R</party>
        <lastName>Tillis</lastName>
      </item>
      <item>
        <identifiers>
          <bioguideId>M001111</bioguideId>
          <gpoId>8237</gpoId>
          <lisID>1409</lisID>
        </identifiers>
        <middleName />
        <fullName>Sen. Murray, Patty [D-WA]</fullName>
        <isOriginalCosponsor>True</isOriginalCosponsor>
        <firstName>PATTY</firstName>
        <sponsorshipWithdrawnDate />
        <state>WA</state>
        <bioguideId>M001111</bioguideId>
        <sponsorshipDate>2016-05-17</sponsorshipDate>
        <party>D</party>
        <lastName>MURRAY</lastName>
      </item>
      <item>
        <identifiers>
          <gpoId>8295</gpoId>
          <lisID>1692</lisID>
          <bioguideId>C001056</bioguideId>
        </identifiers>
        <middleName />
        <fullName>Sen. Cornyn, John [R-TX]</fullName>
        <isOriginalCosponsor>True</isOriginalCosponsor>
        <firstName>John</firstName>
        <sponsorshipWithdrawnDate />
        <state>TX</state>
        <bioguideId>C001056</bioguideId>
        <sponsorshipDate>2016-05-17</sponsorshipDate>
        <party>R</party>
        <lastName>Cornyn</lastName>
      </item>
      <item>
        <identifiers>
          <gpoId>8249</gpoId>
          <lisID>1826</lisID>
          <bioguideId>K000367</bioguideId>
        </identifiers>
        <middleName />
        <fullName>Sen. Klobuchar, Amy [D-MN]</fullName>
        <isOriginalCosponsor>True</isOriginalCosponsor>
        <firstName>Amy</firstName>
        <sponsorshipWithdrawnDate />
        <state>MN</state>
        <bioguideId>K000367</bioguideId>
        <sponsorshipDate>2016-05-17</sponsorshipDate>
        <party>D</party>
        <lastName>Klobuchar</lastName>
      </item>
      <item>
        <identifiers>
          <gpoId />
          <lisID>2179</lisID>
          <bioguideId>F000463</bioguideId>
        </identifiers>
        <middleName />
        <fullName>Sen. Fischer, Deb [R-NE]</fullName>
        <isOriginalCosponsor>True</isOriginalCosponsor>
        <firstName>Deb</firstName>
        <sponsorshipWithdrawnDate />
        <state>NE</state>
        <bioguideId>F000463</bioguideId>
        <sponsorshipDate>2016-05-17</sponsorshipDate>
        <party>R</party>
        <lastName>Fischer</lastName>
      </item>
      <item>
        <identifiers>
          <lisID>1823</lisID>
          <gpoId>8264</gpoId>
          <bioguideId>W000802</bioguideId>
        </identifiers>
        <middleName />
        <fullName>Sen. Whitehouse, Sheldon [D-RI]</fullName>
        <isOriginalCosponsor>True</isOriginalCosponsor>
        <firstName>Sheldon</firstName>
        <sponsorshipWithdrawnDate />
        <state>RI</state>
        <bioguideId>W000802</bioguideId>
        <sponsorshipDate>2016-05-17</sponsorshipDate>
        <party>D</party>
        <lastName>Whitehouse</lastName>
      </item>
      <item>
        <identifiers>
          <gpoId>7862</gpoId>
          <lisID>1998</lisID>
          <bioguideId>G000562</bioguideId>
        </identifiers>
        <middleName />
        <fullName>Sen. Gardner, Cory [R-CO]</fullName>
        <isOriginalCosponsor>True</isOriginalCosponsor>
        <firstName>Cory</firstName>
        <sponsorshipWithdrawnDate />
        <state>CO</state>
        <bioguideId>G000562</bioguideId>
        <sponsorshipDate>2016-05-17</sponsorshipDate>
        <party>R</party>
        <lastName>Gardner</lastName>
      </item>
      <item>
        <identifiers>
          <gpoId>8302</gpoId>
          <lisID>1965</lisID>
          <bioguideId>B001267</bioguideId>
        </identifiers>
        <middleName>F.</middleName>
        <fullName>Sen. Bennet, Michael F. [D-CO]</fullName>
        <isOriginalCosponsor>True</isOriginalCosponsor>
        <firstName>Michael</firstName>
        <sponsorshipWithdrawnDate />
        <state>CO</state>
        <bioguideId>B001267</bioguideId>
        <sponsorshipDate>2016-05-17</sponsorshipDate>
        <party>D</party>
        <lastName>Bennet</lastName>
      </item>
      <item>
        <identifiers>
          <lisID>1676</lisID>
          <gpoId>8223</gpoId>
          <bioguideId>C001047</bioguideId>
        </identifiers>
        <middleName>MOORE</middleName>
        <fullName>Sen. Capito, Shelley Moore [R-WV]</fullName>
        <isOriginalCosponsor>True</isOriginalCosponsor>
        <firstName>SHELLEY</firstName>
        <sponsorshipWithdrawnDate />
        <state>WV</state>
        <bioguideId>C001047</bioguideId>
        <sponsorshipDate>2016-05-17</sponsorshipDate>
        <party>R</party>
        <lastName>CAPITO</lastName>
      </item>
      <item>
        <identifiers>
          <lisID>1850</lisID>
          <gpoId>7941</gpoId>
          <bioguideId>D000607</bioguideId>
        </identifiers>
        <middleName />
        <fullName>Sen. Donnelly, Joe [D-IN]</fullName>
        <isOriginalCosponsor>True</isOriginalCosponsor>
        <firstName>Joe</firstName>
        <sponsorshipWithdrawnDate />
        <state>IN</state>
        <bioguideId>D000607</bioguideId>
        <sponsorshipDate>2016-05-17</sponsorshipDate>
        <party>D</party>
        <lastName>Donnelly</lastName>
      </item>
      <item>
        <identifiers>
          <lisID>1351</lisID>
          <gpoId>8314</gpoId>
          <bioguideId>H000338</bioguideId>
        </identifiers>
        <middleName>GRANT</middleName>
        <fullName>Sen. Hatch, Orrin G. [R-UT]</fullName>
        <isOriginalCosponsor>True</isOriginalCosponsor>
        <firstName>ORRIN</firstName>
        <sponsorshipWithdrawnDate />
        <state>UT</state>
        <bioguideId>H000338</bioguideId>
        <sponsorshipDate>2016-05-17</sponsorshipDate>
        <party>R</party>
        <lastName>HATCH</lastName>
      </item>
      <item>
        <identifiers>
          <gpoId>8282</gpoId>
          <lisID>1828</lisID>
          <bioguideId>C001070</bioguideId>
        </identifiers>
        <middleName />
        <fullName>Sen. Casey, Robert P., Jr. [D-PA]</fullName>
        <isOriginalCosponsor>True</isOriginalCosponsor>
        <firstName>Bob</firstName>
        <sponsorshipWithdrawnDate />
        <state>PA</state>
        <bioguideId>C001070</bioguideId>
        <sponsorshipDate>2016-05-17</sponsorshipDate>
        <party>D</party>
        <lastName>Casey</lastName>
      </item>
      <item>
        <identifiers>
          <lisID>2086</lisID>
          <gpoId>8355</gpoId>
          <bioguideId>J000293</bioguideId>
        </identifiers>
        <middleName />
        <fullName>Sen. Johnson, Ron [R-WI]</fullName>
        <isOriginalCosponsor>True</isOriginalCosponsor>
        <firstName>Ron</firstName>
        <sponsorshipWithdrawnDate />
        <state>WI</state>
        <bioguideId>J000293</bioguideId>
        <sponsorshipDate>2016-05-17</sponsorshipDate>
        <party>R</party>
        <lastName>Johnson</lastName>
      </item>
      <item>
        <identifiers>
          <lisID>1984</lisID>
          <bioguideId>C001088</bioguideId>
          <gpoId>8297</gpoId>
        </identifiers>
        <middleName>A.</middleName>
        <fullName>Sen. Coons, Christopher A. [D-DE]</fullName>
        <isOriginalCosponsor>True</isOriginalCosponsor>
        <firstName>Christopher</firstName>
        <sponsorshipWithdrawnDate />
        <state>DE</state>
        <bioguideId>C001088</bioguideId>
        <sponsorshipDate>2016-05-17</sponsorshipDate>
        <party>D</party>
        <lastName>Coons</lastName>
      </item>
      <item>
        <identifiers>
          <gpoId />
          <lisID>2175</lisID>
          <bioguideId>C001098</bioguideId>
        </identifiers>
        <middleName />
        <fullName>Sen. Cruz, Ted [R-TX]</fullName>
        <isOriginalCosponsor>True</isOriginalCosponsor>
        <firstName>Ted</firstName>
        <sponsorshipWithdrawnDate />
        <state>TX</state>
        <bioguideId>C001098</bioguideId>
        <sponsorshipDate>2016-05-17</sponsorshipDate>
        <party>R</party>
        <lastName>Cruz</lastName>
      </item>
      <item>
        <identifiers>
          <lisID>1332</lisID>
          <bioguideId>F000062</bioguideId>
          <gpoId>8338</gpoId>
        </identifiers>
        <middleName />
        <fullName>Sen. Feinstein, Dianne [D-CA]</fullName>
        <isOriginalCosponsor>True</isOriginalCosponsor>
        <firstName>DIANNE</firstName>
        <sponsorshipWithdrawnDate />
        <state>CA</state>
        <bioguideId>F000062</bioguideId>
        <sponsorshipDate>2016-05-17</sponsorshipDate>
        <party>D</party>
        <lastName>FEINSTEIN</lastName>
      </item>
      <item>
        <identifiers>
          <lisID>1464</lisID>
          <gpoId>8313</gpoId>
          <bioguideId>B000575</bioguideId>
        </identifiers>
        <middleName />
        <fullName>Sen. Blunt, Roy [R-MO]</fullName>
        <isOriginalCosponsor>True</isOriginalCosponsor>
        <firstName>Roy</firstName>
        <sponsorshipWithdrawnDate />
        <state>MO</state>
        <bioguideId>B000575</bioguideId>
        <sponsorshipDate>2016-05-17</sponsorshipDate>
        <party>R</party>
        <lastName>Blunt</lastName>
      </item>
      <item>
        <identifiers>
          <lisID>1983</lisID>
          <gpoId>8256</gpoId>
          <bioguideId>M001183</bioguideId>
        </identifiers>
        <middleName />
        <fullName>Sen. Manchin, Joe, III [D-WV]</fullName>
        <isOriginalCosponsor>True</isOriginalCosponsor>
        <firstName>Joe</firstName>
        <sponsorshipWithdrawnDate />
        <state>WV</state>
        <bioguideId>M001183</bioguideId>
        <sponsorshipDate>2016-05-17</sponsorshipDate>
        <party>D</party>
        <lastName>Manchin</lastName>
      </item>
      <item>
        <identifiers>
          <bioguideId>I000055</bioguideId>
          <lisID>1608</lisID>
          <gpoId>8323</gpoId>
        </identifiers>
        <middleName />
        <fullName>Sen. Isakson, Johnny [R-GA]</fullName>
        <isOriginalCosponsor>True</isOriginalCosponsor>
        <firstName>Johnny</firstName>
        <sponsorshipWithdrawnDate />
        <state>GA</state>
        <bioguideId>I000055</bioguideId>
        <sponsorshipDate>2016-05-17</sponsorshipDate>
        <party>R</party>
        <lastName>Isakson</lastName>
      </item>
      <item>
        <identifiers>
          <gpoId>8326</gpoId>
          <lisID>326</lisID>
          <bioguideId>D000563</bioguideId>
        </identifiers>
        <middleName>J.</middleName>
        <fullName>Sen. Durbin, Richard [D-IL]</fullName>
        <isOriginalCosponsor>True</isOriginalCosponsor>
        <firstName>RICHARD</firstName>
        <sponsorshipWithdrawnDate />
        <state>IL</state>
        <bioguideId>D000563</bioguideId>
        <sponsorshipDate>2016-05-17</sponsorshipDate>
        <party>D</party>
        <lastName>DURBIN</lastName>
      </item>
      <item>
        <identifiers>
          <lisID>2084</lisID>
          <gpoId>8242</gpoId>
          <bioguideId>R000595</bioguideId>
        </identifiers>
        <middleName />
        <fullName>Sen. Rubio, Marco [R-FL]</fullName>
        <isOriginalCosponsor>True</isOriginalCosponsor>
        <firstName>Marco</firstName>
        <sponsorshipWithdrawnDate />
        <state>FL</state>
        <bioguideId>R000595</bioguideId>
        <sponsorshipDate>2016-05-17</sponsorshipDate>
        <party>R</party>
        <lastName>Rubio</lastName>
      </item>
      <item>
        <identifiers>
          <gpoId>8339</gpoId>
          <lisID>1969</lisID>
          <bioguideId>F000457</bioguideId>
        </identifiers>
        <middleName />
        <fullName>Sen. Franken, Al [D-MN]</fullName>
        <isOriginalCosponsor>True</isOriginalCosponsor>
        <firstName>Al</firstName>
        <sponsorshipWithdrawnDate />
        <state>MN</state>
        <bioguideId>F000457</bioguideId>
        <sponsorshipDate>2016-05-17</sponsorshipDate>
        <party>D</party>
        <lastName>Franken</lastName>
      </item>
      <item>
        <identifiers>
          <bioguideId>W000437</bioguideId>
          <gpoId>8263</gpoId>
          <lisID>1226</lisID>
        </identifiers>
        <middleName>F.</middleName>
        <fullName>Sen. Wicker, Roger F. [R-MS]</fullName>
        <isOriginalCosponsor>True</isOriginalCosponsor>
        <firstName>ROGER</firstName>
        <sponsorshipWithdrawnDate />
        <state>MS</state>
        <bioguideId>W000437</bioguideId>
        <sponsorshipDate>2016-05-17</sponsorshipDate>
        <party>R</party>
        <lastName>WICKER</lastName>
      </item>
      <item>
        <identifiers>
          <lisID>1036</lisID>
          <gpoId>8279</gpoId>
          <bioguideId>S000148</bioguideId>
        </identifiers>
        <middleName>E.</middleName>
        <fullName>Sen. Schumer, Charles E. [D-NY]</fullName>
        <isOriginalCosponsor>True</isOriginalCosponsor>
        <firstName>CHARLES</firstName>
        <sponsorshipWithdrawnDate />
        <state>NY</state>
        <bioguideId>S000148</bioguideId>
        <sponsorshipDate>2016-05-17</sponsorshipDate>
        <party>D</party>
        <lastName>SCHUMER</lastName>
      </item>
      <item>
        <identifiers>
          <lisID>1548</lisID>
          <gpoId>8281</gpoId>
          <bioguideId>S001141</bioguideId>
        </identifiers>
        <middleName />
        <fullName>Sen. Sessions, Jeff [R-AL]</fullName>
        <isOriginalCosponsor>True</isOriginalCosponsor>
        <firstName>Jeff</firstName>
        <sponsorshipWithdrawnDate />
        <state>AL</state>
        <bioguideId>S001141</bioguideId>
        <sponsorshipDate>2016-05-17</sponsorshipDate>
        <party>R</party>
        <lastName>Sessions</lastName>
      </item>
      <item>
        <identifiers>
          <gpoId>8331</gpoId>
          <lisID>2079</lisID>
          <bioguideId>H001061</bioguideId>
        </identifiers>
        <middleName />
        <fullName>Sen. Hoeven, John [R-ND]</fullName>
        <isOriginalCosponsor>True</isOriginalCosponsor>
        <firstName>John</firstName>
        <sponsorshipWithdrawnDate />
        <state>ND</state>
        <bioguideId>H001061</bioguideId>
        <sponsorshipDate>2016-05-17</sponsorshipDate>
        <party>R</party>
        <lastName>Hoeven</lastName>
      </item>
      <item>
        <identifiers>
          <lisID>452</lisID>
          <bioguideId>G000359</bioguideId>
          <gpoId>8335</gpoId>
        </identifiers>
        <middleName>O.</middleName>
        <fullName>Sen. Graham, Lindsey [R-SC]</fullName>
        <isOriginalCosponsor>True</isOriginalCosponsor>
        <firstName>LINDSEY</firstName>
        <sponsorshipWithdrawnDate />
        <state>SC</state>
        <bioguideId>G000359</bioguideId>
        <sponsorshipDate>2016-05-17</sponsorshipDate>
        <party>R</party>
        <lastName>GRAHAM</lastName>
      </item>
      <item>
        <identifiers>
          <lisID>1609</lisID>
          <gpoId>8267</gpoId>
          <bioguideId>V000127</bioguideId>
        </identifiers>
        <middleName />
        <fullName>Sen. Vitter, David [R-LA]</fullName>
        <isOriginalCosponsor>True</isOriginalCosponsor>
        <firstName>David</firstName>
        <sponsorshipWithdrawnDate />
        <state>LA</state>
        <bioguideId>V000127</bioguideId>
        <sponsorshipDate>2016-05-17</sponsorshipDate>
        <party>R</party>
        <lastName>Vitter</lastName>
      </item>
      <item>
        <identifiers>
          <bioguideId>M000639</bioguideId>
          <lisID>791</lisID>
          <gpoId>8239</gpoId>
        </identifiers>
        <middleName />
        <fullName>Sen. Menendez, Robert [D-NJ]</fullName>
        <isOriginalCosponsor>True</isOriginalCosponsor>
        <firstName>ROBERT</firstName>
        <sponsorshipWithdrawnDate />
        <state>NJ</state>
        <bioguideId>M000639</bioguideId>
        <sponsorshipDate>2016-05-17</sponsorshipDate>
        <party>D</party>
        <lastName>MENENDEZ</lastName>
      </item>
      <item>
        <identifiers>
          <gpoId>8113</gpoId>
          <lisID>2050</lisID>
          <bioguideId>L000575</bioguideId>
        </identifiers>
        <middleName />
        <fullName>Sen. Lankford, James [R-OK]</fullName>
        <isOriginalCosponsor>True</isOriginalCosponsor>
        <firstName>James</firstName>
        <sponsorshipWithdrawnDate />
        <state>OK</state>
        <bioguideId>L000575</bioguideId>
        <sponsorshipDate>2016-05-17</sponsorshipDate>
        <party>R</party>
        <lastName>Lankford</lastName>
      </item>
      <item>
        <identifiers>
          <bioguideId>C001035</bioguideId>
          <lisID>1541</lisID>
          <gpoId>8291</gpoId>
        </identifiers>
        <middleName>MARGARET</middleName>
        <fullName>Sen. Collins, Susan M. [R-ME]</fullName>
        <isOriginalCosponsor>True</isOriginalCosponsor>
        <firstName>SUSAN</firstName>
        <sponsorshipWithdrawnDate />
        <state>ME</state>
        <bioguideId>C001035</bioguideId>
        <sponsorshipDate>2016-05-17</sponsorshipDate>
        <party>R</party>
        <lastName>COLLINS</lastName>
      </item>
    </cosponsors>
    <title>A resolution designating the week of May 15 through May 21, 2016, as "National Police Week".</title>
    <billNumber>468</billNumber>
    <cboCostEstimates />
    <titles>
      <item>
        <parentTitleType />
        <titleType>Official Title as Introduced</titleType>
        <title>A resolution designating the week of May 15 through May 21, 2016, as "National Police Week".</title>
        <chamberCode />
        <chamberName />
      </item>
      <item>
        <parentTitleType />
        <titleType>Display Title</titleType>
        <title>A resolution designating the week of May 15 through May 21, 2016, as "National Police Week".</title>
        <chamberCode />
        <chamberName />
      </item>
    </titles>
    <summaries>
      <billSummaries>
        <item>
          <lastSummaryUpdateDate>2016-05-27T16:50:02Z</lastSummaryUpdateDate>
          <actionDate>2016-05-17</actionDate>
          <actionDesc>Introduced in Senate</actionDesc>
          <updateDate>2016-05-17T04:00:00Z</updateDate>
          <text><![CDATA[<p>Designates the week of May 15-May 21, 2016, as National Police Week. </p> <p>Expresses support for law enforcement officers across the United States for their efforts to build safer and more secure communities. </p> <p>Recognizes: (1) the need to ensure that law enforcement officers have the equipment, training, and resources necessary to protect their health and safety; and (2) the members of the law enforcement community for their selfless acts of bravery.</p> <p> Honors and remembers law enforcement officers who have made the ultimate sacrifice.</p>]]></text>
          <name>Introduced in Senate</name>
          <versionCode>00</versionCode>
        </item>
        <item>
          <lastSummaryUpdateDate>2016-06-02T13:33:40Z</lastSummaryUpdateDate>
          <actionDate>2016-05-17</actionDate>
          <actionDesc>Passed Senate without amendment</actionDesc>
          <updateDate>2016-05-17T14:12:24Z</updateDate>
          <text><![CDATA[<p>(This measure has not been amended since it was introduced. The summary of that version is repeated here.)</p> <p>Designates the week of May 15-May 21, 2016, as National Police Week. </p> <p>Expresses support for law enforcement officers across the United States for their efforts to build safer and more secure communities. </p> <p>Recognizes: (1) the need to ensure that law enforcement officers have the equipment, training, and resources necessary to protect their health and safety; and (2) the members of the law enforcement community for their selfless acts of bravery.</p> <p> Honors and remembers law enforcement officers who have made the ultimate sacrifice.</p>]]></text>
          <name>Passed Senate without amendment</name>
          <versionCode>82</versionCode>
        </item>
      </billSummaries>
    </summaries>
    <relatedBills />
    <calendarNumbers />
    <recordedVotes />
    <introducedDate>2016-05-17</introducedDate>
    <latestAction>
      <links />
      <actionDate>2016-05-17</actionDate>
      <text>Submitted in the Senate, considered, and agreed to without amendment and with a preamble by Unanimous Consent. (consideration: CR S2910-2911; text as passed Senate: CR S2880-2881)</text>
    </latestAction>
    <congress>114</congress>
    <billType>SRES</billType>
    <actions>
      <actionTypeCounts>
        <passedOrAgreedToInSenateDayOf>1</passedOrAgreedToInSenateDayOf>
        <passedAgreedToInSenate>1</passedAgreedToInSenate>
        <introducedInSenate>1</introducedInSenate>
      </actionTypeCounts>
      <actionByCounts>
        <senate>3</senate>
      </actionByCounts>
      <item>
        <actionDate>2016-05-17</actionDate>
        <committee />
        <links>
          <link>
            <name>S2880-2881</name>
            <url>https://www.congress.gov/congressional-record/volume-162/senate-section/page/S2880-2881</url>
          </link>
          <link>
            <name>S2910-2911</name>
            <url>https://www.congress.gov/congressional-record/volume-162/senate-section/page/S2910-2911</url>
          </link>
        </links>
        <sourceSystem>
          <name>Senate</name>
          <code>0</code>
        </sourceSystem>
        <text>Submitted in the Senate, considered, and agreed to without amendment and with a preamble by Unanimous Consent. (consideration: CR S2910-2911; text as passed Senate: CR S2880-2881)</text>
        <type>Floor</type>
      </item>
      <item>
        <actionCode>17000</actionCode>
        <actionDate>2016-05-17</actionDate>
        <text>Passed/agreed to in Senate: Submitted in the Senate, considered, and agreed to without amendment and with a preamble by Unanimous Consent.(consideration: CR S2910-2911; text as passed Senate: CR S2880-2881)</text>
        <committee />
        <type>Floor</type>
        <links>
          <link>
            <name>S2880-2881</name>
            <url>https://www.congress.gov/congressional-record/volume-162/senate-section/page/S2880-2881</url>
          </link>
          <link>
            <name>S2910-2911</name>
            <url>https://www.congress.gov/congressional-record/volume-162/senate-section/page/S2910-2911</url>
          </link>
        </links>
        <sourceSystem>
          <name>Library of Congress</name>
          <code>9</code>
        </sourceSystem>
      </item>
      <item>
        <actionCode>10000</actionCode>
        <actionDate>2016-05-17</actionDate>
        <text>Introduced in Senate</text>
        <committee />
        <type>IntroReferral</type>
        <links />
        <sourceSystem>
          <name>Library of Congress</name>
          <code>9</code>
        </sourceSystem>
      </item>
    </actions>
    <originChamber>Senate</originChamber>
    <laws />
    <updateDate>2016-11-02T23:14:44Z</updateDate>
  </bill>
  <dublinCore xmlns:dc="http://purl.org/dc/elements/1.1/">
    <dc:format>text/xml</dc:format>
    <dc:language>EN</dc:language>
    <dc:rights>Pursuant to Title 17 Section 105 of the United States Code, this file is not subject to copyright protection and is in the public domain.</dc:rights>
    <dc:contributor>Congressional Research Service, Library of Congress</dc:contributor>
    <dc:description>This file contains bill summaries and statuses for federal legislation. A bill summary describes the most significant provisions of a piece of legislation and details the effects the legislative text may have on current law and federal programs. Bill summaries are authored by the Congressional Research Service (CRS) of the Library of Congress. As stated in Public Law 91-510 (2 USC 166 (d)(6)), one of the duties of CRS is "to prepare summaries and digests of bills and resolutions of a public general nature introduced in the Senate or House of Representatives". For more information, refer to the User Guide that accompanies this file.</dc:description>
  </dublinCore>
</billStatus>

