<?xml version="1.0" encoding="UTF-8"?>
<billStatus>
  <bill>
    <latestAction>
      <text>Referred to the Committee on Foreign Relations. (text of measure as introduced: CR S2652-2653)</text>
      <links />
      <actionDate>2015-05-05</actionDate>
    </latestAction>
    <policyArea>
      <name>International Affairs</name>
    </policyArea>
    <amendments />
    <relatedBills />
    <billNumber>167</billNumber>
    <updateDate>2016-11-02T23:13:09Z</updateDate>
    <sponsors>
      <item>
        <fullName>Sen. Rubio, Marco [R-FL]</fullName>
        <firstName>Marco</firstName>
        <lastName>Rubio</lastName>
        <identifiers>
          <lisID>2084</lisID>
          <bioguideId>R000595</bioguideId>
          <gpoId>8242</gpoId>
        </identifiers>
        <state>FL</state>
        <middleName />
        <party>R</party>
        <byRequestType />
        <bioguideId>R000595</bioguideId>
      </item>
    </sponsors>
    <notes />
    <originChamber>Senate</originChamber>
    <subjects>
      <billSubjects>
        <policyArea>
          <name>International Affairs</name>
        </policyArea>
        <legislativeSubjects>
          <item>
            <name>Argentina</name>
          </item>
          <item>
            <name>Caribbean area</name>
          </item>
          <item>
            <name>Congressional tributes</name>
          </item>
          <item>
            <name>Criminal investigation, prosecution, interrogation</name>
          </item>
          <item>
            <name>Foreign aid and international relief</name>
          </item>
          <item>
            <name>Government ethics and transparency, public corruption</name>
          </item>
          <item>
            <name>Iran</name>
          </item>
          <item>
            <name>Latin America</name>
          </item>
          <item>
            <name>Middle East</name>
          </item>
          <item>
            <name>Rule of law and government transparency</name>
          </item>
          <item>
            <name>Terrorism</name>
          </item>
        </legislativeSubjects>
      </billSubjects>
    </subjects>
    <committees>
      <billCommittees>
        <item>
          <activities>
            <item>
              <name>Referred to</name>
              <date>2015-05-05T19:00:42Z</date>
            </item>
          </activities>
          <name>Foreign Relations Committee</name>
          <subcommittees />
          <chamber>Senate</chamber>
          <type>Standing</type>
          <systemCode>ssfr00</systemCode>
        </item>
      </billCommittees>
    </committees>
    <cosponsors>
      <item>
        <identifiers>
          <bioguideId>K000360</bioguideId>
          <gpoId>8285</gpoId>
          <lisID>1647</lisID>
        </identifiers>
        <middleName>STEVEN</middleName>
        <fullName>Sen. Kirk, Mark Steven [R-IL]</fullName>
        <isOriginalCosponsor>True</isOriginalCosponsor>
        <firstName>MARK</firstName>
        <sponsorshipWithdrawnDate />
        <state>IL</state>
        <bioguideId>K000360</bioguideId>
        <sponsorshipDate>2015-05-05</sponsorshipDate>
        <party>R</party>
        <lastName>KIRK</lastName>
      </item>
    </cosponsors>
    <calendarNumbers />
    <committeeReports />
    <congress>114</congress>
    <title>A resolution expressing the sense of the Senate regarding the courageous work and life of Argentinian prosecutor Alberto Nisman, and calling for a swift and transparent investigation into his tragic death in Buenos Aires on January 18, 2015.</title>
    <introducedDate>2015-05-05</introducedDate>
    <actions>
      <actionByCounts>
        <senate>2</senate>
      </actionByCounts>
      <item>
        <actionDate>2015-05-05</actionDate>
        <committee>
          <name>Foreign Relations Committee</name>
          <systemCode>ssfr00</systemCode>
        </committee>
        <links>
          <link>
            <name>S2652-2653</name>
            <url>https://www.congress.gov/congressional-record/volume-161/senate-section/page/S2652-2653</url>
          </link>
        </links>
        <sourceSystem>
          <name>Senate</name>
          <code>0</code>
        </sourceSystem>
        <text>Referred to the Committee on Foreign Relations. (text of measure as introduced: CR S2652-2653)</text>
        <type>IntroReferral</type>
      </item>
      <item>
        <actionDate>2015-05-05</actionDate>
        <actionCode>10000</actionCode>
        <sourceSystem>
          <name>Library of Congress</name>
          <code>9</code>
        </sourceSystem>
        <links />
        <committee />
        <text>Introduced in Senate</text>
        <type>IntroReferral</type>
      </item>
      <actionTypeCounts>
        <introducedInSenate>1</introducedInSenate>
        <referredToCommittee>1</referredToCommittee>
      </actionTypeCounts>
    </actions>
    <summaries>
      <billSummaries>
        <item>
          <actionDate>2015-05-05</actionDate>
          <updateDate>2015-05-05T04:00:00Z</updateDate>
          <name>Introduced in Senate</name>
          <lastSummaryUpdateDate>2015-05-07T14:11:20Z</lastSummaryUpdateDate>
          <versionCode>00</versionCode>
          <actionDesc>Introduced in Senate</actionDesc>
          <text><![CDATA[<p>Offers condolences to the family of Argentinian prosecutor Alberto Nisman.</p> <p> Recognizes Mr. Nisman's courageous work in dedicating his life to the investigation of the bombing of the Argentine Israelite Mutual Association (AMIA) in Buenos Aires, Argentina, which killed 85 people and wounded more than 300. </p> <p>Calls for a swift, transparent, and internationally backed investigation into Mr. Nisman's death, and encourages the public release of the investigation's results.</p> <p>Urges the President to offer technical assistance to the government of Argentina in solving Mr. Nisman's death, as well as the ongoing investigation of the AMIA bombing. </p> <p>Expresses serious concern about: (1) Iran's terrorist network in Argentina, the United States, and all of the Western Hemisphere; and (2) attempts by President Cristina Kirchner and her government to discredit Mr. Nisman and raise unfounded hypotheses on Mr. Nisman's findings and death. </p> <p>Urges the President to to monitor Iran's activities in Latin America and the Caribbean, as is mandated by the Countering Iran in the Western Hemisphere Act of 2012.</p>]]></text>
        </item>
      </billSummaries>
    </summaries>
    <laws />
    <createDate>2015-05-06T08:45:59Z</createDate>
    <titles>
      <item>
        <title>A resolution expressing the sense of the Senate regarding the courageous work and life of Argentinian prosecutor Alberto Nisman, and calling for a swift and transparent investigation into his tragic death in Buenos Aires on January 18, 2015.</title>
        <chamberName />
        <chamberCode />
        <titleType>Official Title as Introduced</titleType>
        <parentTitleType />
      </item>
      <item>
        <title>A resolution expressing the sense of the Senate regarding the courageous work and life of Argentinian prosecutor Alberto Nisman, and calling for a swift and transparent investigation into his tragic death in Buenos Aires on January 18, 2015.</title>
        <chamberName />
        <chamberCode />
        <titleType>Display Title</titleType>
        <parentTitleType />
      </item>
    </titles>
    <cboCostEstimates />
    <recordedVotes />
    <billType>SRES</billType>
  </bill>
  <dublinCore xmlns:dc="http://purl.org/dc/elements/1.1/">
    <dc:format>text/xml</dc:format>
    <dc:language>EN</dc:language>
    <dc:rights>Pursuant to Title 17 Section 105 of the United States Code, this file is not subject to copyright protection and is in the public domain.</dc:rights>
    <dc:contributor>Congressional Research Service, Library of Congress</dc:contributor>
    <dc:description>This file contains bill summaries and statuses for federal legislation. A bill summary describes the most significant provisions of a piece of legislation and details the effects the legislative text may have on current law and federal programs. Bill summaries are authored by the Congressional Research Service (CRS) of the Library of Congress. As stated in Public Law 91-510 (2 USC 166 (d)(6)), one of the duties of CRS is "to prepare summaries and digests of bills and resolutions of a public general nature introduced in the Senate or House of Representatives". For more information, refer to the User Guide that accompanies this file.</dc:description>
  </dublinCore>
</billStatus>

