<?xml version="1.0" encoding="UTF-8"?>
<billStatus>
  <bill>
    <billType>SRES</billType>
    <laws />
    <recordedVotes />
    <actions>
      <item>
        <actionDate>2015-05-05</actionDate>
        <committee />
        <links />
        <sourceSystem>
          <code>0</code>
          <name>Senate</name>
        </sourceSystem>
        <text>Resolution agreed to in Senate without amendment and with a preamble by Unanimous Consent.</text>
        <type>Floor</type>
      </item>
      <item>
        <sourceSystem>
          <code>9</code>
          <name>Library of Congress</name>
        </sourceSystem>
        <actionDate>2015-05-05</actionDate>
        <links />
        <committee />
        <text>Passed/agreed to in Senate: Resolution agreed to in Senate without amendment and with a preamble by Unanimous Consent.</text>
        <type>Floor</type>
        <actionCode>17000</actionCode>
      </item>
      <item>
        <actionDate>2015-05-05</actionDate>
        <committee>
          <systemCode>ssju00</systemCode>
          <name>Judiciary Committee</name>
        </committee>
        <links>
          <link>
            <url>https://www.congress.gov/congressional-record/volume-161/senate-section/page/S2658</url>
            <name>S2658</name>
          </link>
        </links>
        <sourceSystem>
          <code>0</code>
          <name>Senate</name>
        </sourceSystem>
        <text>Senate Committee on the Judiciary discharged by Unanimous Consent. (consideration: CR S2658)</text>
        <type>Discharge</type>
      </item>
      <item>
        <sourceSystem>
          <code>9</code>
          <name>Library of Congress</name>
        </sourceSystem>
        <actionDate>2015-05-05</actionDate>
        <links>
          <link>
            <url>https://www.congress.gov/congressional-record/volume-161/senate-section/page/S2658</url>
            <name>S2658</name>
          </link>
        </links>
        <committee>
          <systemCode>ssju00</systemCode>
          <name>Judiciary Committee</name>
        </committee>
        <text>Senate Committee on the Judiciary discharged by Unanimous Consent.(consideration: CR S2658)</text>
        <type>Committee</type>
        <actionCode>14500</actionCode>
      </item>
      <item>
        <actionDate>2015-04-29</actionDate>
        <committee>
          <systemCode>ssju00</systemCode>
          <name>Judiciary Committee</name>
        </committee>
        <links>
          <link>
            <url>https://www.congress.gov/congressional-record/volume-161/senate-section/page/S2540</url>
            <name>S2540</name>
          </link>
        </links>
        <sourceSystem>
          <code>0</code>
          <name>Senate</name>
        </sourceSystem>
        <text>Referred to the Committee on the Judiciary. (text of measure as introduced: CR S2540)</text>
        <type>IntroReferral</type>
      </item>
      <item>
        <sourceSystem>
          <code>9</code>
          <name>Library of Congress</name>
        </sourceSystem>
        <actionDate>2015-04-29</actionDate>
        <links />
        <committee />
        <text>Introduced in Senate</text>
        <type>IntroReferral</type>
        <actionCode>10000</actionCode>
      </item>
      <actionTypeCounts>
        <committeeDischarged>1</committeeDischarged>
        <introducedInSenate>1</introducedInSenate>
        <agreedToInSenate>1</agreedToInSenate>
        <senateCommitteeDischarged>1</senateCommitteeDischarged>
        <referredToCommittee>1</referredToCommittee>
        <passedAgreedToInSenate>1</passedAgreedToInSenate>
      </actionTypeCounts>
      <actionByCounts>
        <senate>6</senate>
      </actionByCounts>
    </actions>
    <billNumber>155</billNumber>
    <policyArea>
      <name>International Affairs</name>
    </policyArea>
    <notes />
    <latestAction>
      <actionDate>2015-05-05</actionDate>
      <links />
      <text>Resolution agreed to in Senate without amendment and with a preamble by Unanimous Consent.</text>
    </latestAction>
    <relatedBills />
    <committees>
      <billCommittees>
        <item>
          <subcommittees />
          <chamber>Senate</chamber>
          <systemCode>ssju00</systemCode>
          <type>Standing</type>
          <activities>
            <item>
              <name>Discharged from</name>
              <date>2015-05-05T22:59:23Z</date>
            </item>
            <item>
              <name>Referred to</name>
              <date>2015-04-29T21:10:11Z</date>
            </item>
          </activities>
          <name>Judiciary Committee</name>
        </item>
      </billCommittees>
    </committees>
    <cosponsors>
      <item>
        <firstName>Amy</firstName>
        <isOriginalCosponsor>True</isOriginalCosponsor>
        <fullName>Sen. Klobuchar, Amy [D-MN]</fullName>
        <identifiers>
          <bioguideId>K000367</bioguideId>
          <gpoId>8249</gpoId>
          <lisID>1826</lisID>
        </identifiers>
        <middleName />
        <sponsorshipWithdrawnDate />
        <sponsorshipDate>2015-04-29</sponsorshipDate>
        <party>D</party>
        <bioguideId>K000367</bioguideId>
        <state>MN</state>
        <lastName>Klobuchar</lastName>
      </item>
    </cosponsors>
    <committeeReports />
    <sponsors>
      <item>
        <fullName>Sen. Inhofe, James M. [R-OK]</fullName>
        <firstName>JIM</firstName>
        <lastName>INHOFE</lastName>
        <state>OK</state>
        <party>R</party>
        <bioguideId>I000024</bioguideId>
        <identifiers>
          <lisID>583</lisID>
          <gpoId>8322</gpoId>
          <bioguideId>I000024</bioguideId>
        </identifiers>
        <middleName />
        <byRequestType />
      </item>
    </sponsors>
    <createDate>2015-04-30T09:17:45Z</createDate>
    <updateDate>2016-11-02T23:13:04Z</updateDate>
    <introducedDate>2015-04-29</introducedDate>
    <summaries>
      <billSummaries>
        <item>
          <versionCode>00</versionCode>
          <actionDate>2015-04-29</actionDate>
          <text><![CDATA[<p>Recognizes May 2, 2015, as a Day of Recognition for Ebola Orphans, to promote awareness of the children of West Africa orphaned by the 2014 Ebola outbreak.</p> <p> Supports the goals and work of those who are addressing the developing Ebola orphan crisis in West Africa.</p> <p> Encourages the people of the United States to consider the needs of the children of West Africa who were orphaned by the 2014 Ebola epidemic.</p>]]></text>
          <lastSummaryUpdateDate>2015-04-30T21:22:12Z</lastSummaryUpdateDate>
          <actionDesc>Introduced in Senate</actionDesc>
          <name>Introduced in Senate</name>
          <updateDate>2015-04-29T04:00:00Z</updateDate>
        </item>
        <item>
          <versionCode>82</versionCode>
          <actionDate>2015-05-05</actionDate>
          <text><![CDATA[<p>(This measure has not been amended since it was introduced. The summary of that version is repeated here.)</p> <p>Recognizes May 2, 2015, as a Day of Recognition for Ebola Orphans, to promote awareness of the children of West Africa orphaned by the 2014 Ebola outbreak.</p> <p> Supports the goals and work of those who are addressing the developing Ebola orphan crisis in West Africa.</p> <p> Encourages the people of the United States to consider the needs of the children of West Africa who were orphaned by the 2014 Ebola epidemic.</p>]]></text>
          <lastSummaryUpdateDate>2015-05-06T21:29:29Z</lastSummaryUpdateDate>
          <actionDesc>Passed Senate without amendment</actionDesc>
          <name>Passed Senate without amendment</name>
          <updateDate>2015-05-05T16:23:01Z</updateDate>
        </item>
      </billSummaries>
    </summaries>
    <title>A resolution establishing May 2, 2015, as a Day of Recognition for Ebola Orphans to express support for the children and families affected by the 2014 Ebola outbreak in West Africa by promoting awareness of the children of West Africa who have been orphaned by the 2014 Ebola epidemic, celebrating those who have recognized and are working to fulfill the needs of those children, and encouraging the people of the United States to continue to support the people of West Africa.</title>
    <cboCostEstimates />
    <subjects>
      <billSubjects>
        <legislativeSubjects>
          <item>
            <name>Africa</name>
          </item>
          <item>
            <name>Child health</name>
          </item>
          <item>
            <name>Child safety and welfare</name>
          </item>
          <item>
            <name>Commemorative events and holidays</name>
          </item>
          <item>
            <name>Infectious and parasitic diseases</name>
          </item>
          <item>
            <name>World health</name>
          </item>
        </legislativeSubjects>
        <policyArea>
          <name>International Affairs</name>
        </policyArea>
      </billSubjects>
    </subjects>
    <amendments />
    <calendarNumbers />
    <congress>114</congress>
    <titles>
      <item>
        <title>A resolution establishing May 2, 2015, as a Day of Recognition for Ebola Orphans to express support for the children and families affected by the 2014 Ebola outbreak in West Africa by promoting awareness of the children of West Africa who have been orphaned by the 2014 Ebola epidemic, celebrating those who have recognized and are working to fulfill the needs of those children, and encouraging the people of the United States to continue to support the people of West Africa.</title>
        <chamberCode />
        <chamberName />
        <titleType>Official Title as Introduced</titleType>
        <parentTitleType />
      </item>
      <item>
        <title>A resolution establishing May 2, 2015, as a Day of Recognition for Ebola Orphans to express support for the children and families affected by the 2014 Ebola outbreak in West Africa by promoting awareness of the children of West Africa who have been orphaned by the 2014 Ebola epidemic, celebrating those who have recognized and are working to fulfill the needs of those children, and encouraging the people of the United States to continue to support the people of West Africa.</title>
        <chamberCode />
        <chamberName />
        <titleType>Display Title</titleType>
        <parentTitleType />
      </item>
    </titles>
    <originChamber>Senate</originChamber>
  </bill>
  <dublinCore xmlns:dc="http://purl.org/dc/elements/1.1/">
    <dc:format>text/xml</dc:format>
    <dc:language>EN</dc:language>
    <dc:rights>Pursuant to Title 17 Section 105 of the United States Code, this file is not subject to copyright protection and is in the public domain.</dc:rights>
    <dc:contributor>Congressional Research Service, Library of Congress</dc:contributor>
    <dc:description>This file contains bill summaries and statuses for federal legislation. A bill summary describes the most significant provisions of a piece of legislation and details the effects the legislative text may have on current law and federal programs. Bill summaries are authored by the Congressional Research Service (CRS) of the Library of Congress. As stated in Public Law 91-510 (2 USC 166 (d)(6)), one of the duties of CRS is "to prepare summaries and digests of bills and resolutions of a public general nature introduced in the Senate or House of Representatives". For more information, refer to the User Guide that accompanies this file.</dc:description>
  </dublinCore>
</billStatus>

