<?xml version="1.0" encoding="UTF-8"?>
<billStatus>
  <bill>
    <billType>SRES</billType>
    <policyArea>
      <name>Congress</name>
    </policyArea>
    <recordedVotes />
    <summaries>
      <billSummaries>
        <item>
          <updateDate>2015-01-06T05:00:00Z</updateDate>
          <versionCode>00</versionCode>
          <lastSummaryUpdateDate>2015-01-20T21:09:00Z</lastSummaryUpdateDate>
          <name>Introduced in Senate</name>
          <actionDate>2015-01-06</actionDate>
          <actionDesc>Introduced in Senate</actionDesc>
          <text><![CDATA[<p>Informs the President that a quorum of each house of Congress has assembled.</p>]]></text>
        </item>
        <item>
          <updateDate>2015-01-06T16:45:51Z</updateDate>
          <versionCode>82</versionCode>
          <lastSummaryUpdateDate>2015-02-06T21:53:43Z</lastSummaryUpdateDate>
          <name>Passed Senate without amendment</name>
          <actionDate>2015-01-06</actionDate>
          <actionDesc>Passed Senate without amendment</actionDesc>
          <text><![CDATA[<p>(This measure has not been amended since it was introduced. The summary of that version is repeated here.)</p> <p>Informs the President that a quorum of each house of Congress has assembled.</p>]]></text>
        </item>
      </billSummaries>
    </summaries>
    <title>A resolution informing the President of the United States that a quorum of each House is assembled.</title>
    <titles>
      <item>
        <chamberCode />
        <chamberName />
        <title>A resolution informing the President of the United States that a quorum of each House is assembled.</title>
        <parentTitleType />
        <titleType>Official Title as Introduced</titleType>
      </item>
      <item>
        <chamberCode />
        <chamberName />
        <title>A resolution informing the President of the United States that a quorum of each House is assembled.</title>
        <parentTitleType />
        <titleType>Display Title</titleType>
      </item>
    </titles>
    <updateDate>2016-11-02T23:12:12Z</updateDate>
    <amendments />
    <introducedDate>2015-01-06</introducedDate>
    <originChamber>Senate</originChamber>
    <actions>
      <actionByCounts>
        <senate>3</senate>
      </actionByCounts>
      <item>
        <actionDate>2015-01-06</actionDate>
        <committee />
        <links>
          <link>
            <name>S20</name>
            <url>https://www.congress.gov/congressional-record/volume-161/senate-section/page/S20</url>
          </link>
          <link>
            <name>S6</name>
            <url>https://www.congress.gov/congressional-record/volume-161/senate-section/page/S6</url>
          </link>
        </links>
        <sourceSystem>
          <name>Senate</name>
          <code>0</code>
        </sourceSystem>
        <text>Submitted in the Senate, considered, and agreed to without amendment by Unanimous Consent. (consideration: CR S6; text as passed Senate: CR S6; text of measure as introduced: CR S20)</text>
        <type>Floor</type>
      </item>
      <item>
        <actionDate>2015-01-06</actionDate>
        <actionCode>17000</actionCode>
        <sourceSystem>
          <name>Library of Congress</name>
          <code>9</code>
        </sourceSystem>
        <links>
          <link>
            <name>S20</name>
            <url>https://www.congress.gov/congressional-record/volume-161/senate-section/page/S20</url>
          </link>
          <link>
            <name>S6</name>
            <url>https://www.congress.gov/congressional-record/volume-161/senate-section/page/S6</url>
          </link>
        </links>
        <committee />
        <text>Passed/agreed to in Senate: Submitted in the Senate, considered, and agreed to without amendment by Unanimous Consent.(consideration: CR S6; text as passed Senate: CR S6; text of measure as introduced: CR S20)</text>
        <type>Floor</type>
      </item>
      <item>
        <actionDate>2015-01-06</actionDate>
        <actionCode>10000</actionCode>
        <sourceSystem>
          <name>Library of Congress</name>
          <code>9</code>
        </sourceSystem>
        <links />
        <committee />
        <text>Introduced in Senate</text>
        <type>IntroReferral</type>
      </item>
      <actionTypeCounts>
        <introducedInSenate>1</introducedInSenate>
        <passedOrAgreedToInSenateDayOf>1</passedOrAgreedToInSenateDayOf>
        <passedAgreedToInSenate>1</passedAgreedToInSenate>
      </actionTypeCounts>
    </actions>
    <relatedBills />
    <calendarNumbers />
    <cosponsors />
    <congress>114</congress>
    <committees>
      <billCommittees />
    </committees>
    <sponsors>
      <item>
        <fullName>Sen. McConnell, Mitch [R-KY]</fullName>
        <lastName>MCCONNELL</lastName>
        <byRequestType />
        <party>R</party>
        <state>KY</state>
        <middleName />
        <firstName>MITCH</firstName>
        <bioguideId>M000355</bioguideId>
        <identifiers>
          <lisID>1395</lisID>
          <gpoId>8254</gpoId>
          <bioguideId>M000355</bioguideId>
        </identifiers>
      </item>
    </sponsors>
    <latestAction>
      <text>Submitted in the Senate, considered, and agreed to without amendment by Unanimous Consent. (consideration: CR S6; text as passed Senate: CR S6; text of measure as introduced: CR S20)</text>
      <actionDate>2015-01-06</actionDate>
      <links />
    </latestAction>
    <subjects>
      <billSubjects>
        <policyArea>
          <name>Congress</name>
        </policyArea>
        <legislativeSubjects>
          <item>
            <name>Congressional operations and organization</name>
          </item>
          <item>
            <name>Presidents and presidential powers, Vice Presidents</name>
          </item>
        </legislativeSubjects>
      </billSubjects>
    </subjects>
    <createDate>2015-01-07T08:31:10Z</createDate>
    <notes />
    <laws />
    <billNumber>1</billNumber>
    <committeeReports />
    <cboCostEstimates />
  </bill>
  <dublinCore xmlns:dc="http://purl.org/dc/elements/1.1/">
    <dc:format>text/xml</dc:format>
    <dc:language>EN</dc:language>
    <dc:rights>Pursuant to Title 17 Section 105 of the United States Code, this file is not subject to copyright protection and is in the public domain.</dc:rights>
    <dc:contributor>Congressional Research Service, Library of Congress</dc:contributor>
    <dc:description>This file contains bill summaries and statuses for federal legislation. A bill summary describes the most significant provisions of a piece of legislation and details the effects the legislative text may have on current law and federal programs. Bill summaries are authored by the Congressional Research Service (CRS) of the Library of Congress. As stated in Public Law 91-510 (2 USC 166 (d)(6)), one of the duties of CRS is "to prepare summaries and digests of bills and resolutions of a public general nature introduced in the Senate or House of Representatives". For more information, refer to the User Guide that accompanies this file.</dc:description>
  </dublinCore>
</billStatus>

