<?xml version="1.0" encoding="UTF-8"?>
<billStatus>
  <bill>
    <latestAction>
      <text>Resolution agreed to in Senate without amendment and with a preamble by Unanimous Consent. (consideration: CR S2589)</text>
      <links />
      <actionDate>2015-04-30</actionDate>
    </latestAction>
    <policyArea>
      <name>Armed Forces and National Security</name>
    </policyArea>
    <amendments />
    <relatedBills>
      <item>
        <latestAction>
          <actionDate>2016-04-21</actionDate>
          <text>Submitted in the Senate, considered, and agreed to without amendment and with a preamble by Unanimous Consent. (consideration: CR S2400; text of measure as introduced: CR S2394)</text>
        </latestAction>
        <congress>114</congress>
        <latestTitle>A resolution expressing support for the designation of May 1, 2016, as "Silver Star Service Banner Day".</latestTitle>
        <relationshipDetails>
          <item>
            <type>Related bill</type>
            <identifiedBy>CRS</identifiedBy>
          </item>
        </relationshipDetails>
        <type>SRES</type>
        <number>437</number>
      </item>
      <item>
        <latestAction>
          <actionDate>2016-09-22</actionDate>
          <text>Read twice and referred to the Committee on the Judiciary.</text>
        </latestAction>
        <congress>114</congress>
        <latestTitle>Silver Star Service Banner Day Act</latestTitle>
        <relationshipDetails>
          <item>
            <type>Related bill</type>
            <identifiedBy>CRS</identifiedBy>
          </item>
        </relationshipDetails>
        <type>S</type>
        <number>3386</number>
      </item>
    </relatedBills>
    <billNumber>136</billNumber>
    <updateDate>2016-11-02T23:12:57Z</updateDate>
    <sponsors>
      <item>
        <fullName>Sen. Blunt, Roy [R-MO]</fullName>
        <firstName>Roy</firstName>
        <lastName>Blunt</lastName>
        <identifiers>
          <lisID>1464</lisID>
          <gpoId>8313</gpoId>
          <bioguideId>B000575</bioguideId>
        </identifiers>
        <state>MO</state>
        <middleName />
        <party>R</party>
        <byRequestType />
        <bioguideId>B000575</bioguideId>
      </item>
    </sponsors>
    <notes />
    <originChamber>Senate</originChamber>
    <subjects>
      <billSubjects>
        <legislativeSubjects>
          <item>
            <name>Commemorative events and holidays</name>
          </item>
          <item>
            <name>Military personnel and dependents</name>
          </item>
          <item>
            <name>Veterans' organizations and recognition</name>
          </item>
        </legislativeSubjects>
        <policyArea>
          <name>Armed Forces and National Security</name>
        </policyArea>
      </billSubjects>
    </subjects>
    <committees>
      <billCommittees>
        <item>
          <subcommittees />
          <chamber>Senate</chamber>
          <systemCode>ssas00</systemCode>
          <activities>
            <item>
              <date>2015-04-30T22:02:44Z</date>
              <name>Discharged from</name>
            </item>
            <item>
              <date>2015-04-16T19:28:11Z</date>
              <name>Referred to</name>
            </item>
          </activities>
          <type>Standing</type>
          <name>Armed Services Committee</name>
        </item>
      </billCommittees>
    </committees>
    <cosponsors>
      <item>
        <fullName>Sen. McCaskill, Claire [D-MO]</fullName>
        <firstName>Claire</firstName>
        <lastName>McCaskill</lastName>
        <state>MO</state>
        <party>D</party>
        <bioguideId>M001170</bioguideId>
        <identifiers>
          <gpoId>8252</gpoId>
          <lisID>1820</lisID>
          <bioguideId>M001170</bioguideId>
        </identifiers>
        <sponsorshipWithdrawnDate />
        <sponsorshipDate>2015-04-16</sponsorshipDate>
        <middleName />
        <isOriginalCosponsor>True</isOriginalCosponsor>
      </item>
    </cosponsors>
    <calendarNumbers />
    <committeeReports />
    <congress>114</congress>
    <title>A resolution expressing support for the designation of May 1, 2015, as "Silver Star Service Banner Day".</title>
    <introducedDate>2015-04-16</introducedDate>
    <actions>
      <item>
        <actionDate>2015-04-30</actionDate>
        <committee />
        <links>
          <link>
            <url>https://www.congress.gov/congressional-record/volume-161/senate-section/page/S2589</url>
            <name>S2589</name>
          </link>
        </links>
        <sourceSystem>
          <code>0</code>
          <name>Senate</name>
        </sourceSystem>
        <text>Resolution agreed to in Senate without amendment and with a preamble by Unanimous Consent. (consideration: CR S2589)</text>
        <type>Floor</type>
      </item>
      <item>
        <sourceSystem>
          <code>9</code>
          <name>Library of Congress</name>
        </sourceSystem>
        <actionDate>2015-04-30</actionDate>
        <links>
          <link>
            <url>https://www.congress.gov/congressional-record/volume-161/senate-section/page/S2589</url>
            <name>S2589</name>
          </link>
        </links>
        <committee />
        <text>Passed/agreed to in Senate: Resolution agreed to in Senate without amendment and with a preamble by Unanimous Consent.(consideration: CR S2589)</text>
        <type>Floor</type>
        <actionCode>17000</actionCode>
      </item>
      <item>
        <actionDate>2015-04-30</actionDate>
        <committee>
          <systemCode>ssas00</systemCode>
          <name>Armed Services Committee</name>
        </committee>
        <links />
        <sourceSystem>
          <code>0</code>
          <name>Senate</name>
        </sourceSystem>
        <text>Senate Committee on Armed Services discharged by Unanimous Consent.</text>
        <type>Discharge</type>
      </item>
      <item>
        <sourceSystem>
          <code>9</code>
          <name>Library of Congress</name>
        </sourceSystem>
        <actionDate>2015-04-30</actionDate>
        <links />
        <committee>
          <systemCode>ssas00</systemCode>
          <name>Armed Services Committee</name>
        </committee>
        <text>Senate Committee on Armed Services discharged by Unanimous Consent.</text>
        <type>Committee</type>
        <actionCode>14500</actionCode>
      </item>
      <item>
        <actionDate>2015-04-16</actionDate>
        <committee>
          <systemCode>ssas00</systemCode>
          <name>Armed Services Committee</name>
        </committee>
        <links>
          <link>
            <url>https://www.congress.gov/congressional-record/volume-161/senate-section/page/S2253</url>
            <name>S2253</name>
          </link>
        </links>
        <sourceSystem>
          <code>0</code>
          <name>Senate</name>
        </sourceSystem>
        <text>Referred to the Committee on Armed Services. (text of measure as introduced: CR S2253)</text>
        <type>IntroReferral</type>
      </item>
      <item>
        <sourceSystem>
          <code>9</code>
          <name>Library of Congress</name>
        </sourceSystem>
        <actionDate>2015-04-16</actionDate>
        <links />
        <committee />
        <text>Introduced in Senate</text>
        <type>IntroReferral</type>
        <actionCode>10000</actionCode>
      </item>
      <actionTypeCounts>
        <committeeDischarged>1</committeeDischarged>
        <introducedInSenate>1</introducedInSenate>
        <agreedToInSenate>1</agreedToInSenate>
        <senateCommitteeDischarged>1</senateCommitteeDischarged>
        <referredToCommittee>1</referredToCommittee>
        <passedAgreedToInSenate>1</passedAgreedToInSenate>
      </actionTypeCounts>
      <actionByCounts>
        <senate>6</senate>
      </actionByCounts>
    </actions>
    <summaries>
      <billSummaries>
        <item>
          <actionDate>2015-04-16</actionDate>
          <updateDate>2015-04-16T04:00:00Z</updateDate>
          <name>Introduced in Senate</name>
          <lastSummaryUpdateDate>2015-05-04T21:02:32Z</lastSummaryUpdateDate>
          <versionCode>00</versionCode>
          <actionDesc>Introduced in Senate</actionDesc>
          <text><![CDATA[<p> Supports the designation of May 1, 2015, as Silver Star Service Banner Day.</p>]]></text>
        </item>
        <item>
          <actionDate>2015-04-30</actionDate>
          <updateDate>2015-04-30T16:53:57Z</updateDate>
          <name>Passed Senate without amendment</name>
          <lastSummaryUpdateDate>2015-05-04T21:02:58Z</lastSummaryUpdateDate>
          <versionCode>82</versionCode>
          <actionDesc>Passed Senate without amendment</actionDesc>
          <text><![CDATA[<p>(This measure has not been amended since it was introduced. The summary of that version is repeated here.)</p> <p>Supports the designation of May 1, 2015, as Silver Star Service Banner Day.</p>]]></text>
        </item>
      </billSummaries>
    </summaries>
    <laws />
    <createDate>2015-04-17T09:01:59Z</createDate>
    <titles>
      <item>
        <title>A resolution expressing support for the designation of May 1, 2015, as "Silver Star Service Banner Day".</title>
        <chamberName />
        <chamberCode />
        <titleType>Official Title as Introduced</titleType>
        <parentTitleType />
      </item>
      <item>
        <title>A resolution expressing support for the designation of May 1, 2015, as "Silver Star Service Banner Day".</title>
        <chamberName />
        <chamberCode />
        <titleType>Display Title</titleType>
        <parentTitleType />
      </item>
    </titles>
    <cboCostEstimates />
    <recordedVotes />
    <billType>SRES</billType>
  </bill>
  <dublinCore xmlns:dc="http://purl.org/dc/elements/1.1/">
    <dc:format>text/xml</dc:format>
    <dc:language>EN</dc:language>
    <dc:rights>Pursuant to Title 17 Section 105 of the United States Code, this file is not subject to copyright protection and is in the public domain.</dc:rights>
    <dc:contributor>Congressional Research Service, Library of Congress</dc:contributor>
    <dc:description>This file contains bill summaries and statuses for federal legislation. A bill summary describes the most significant provisions of a piece of legislation and details the effects the legislative text may have on current law and federal programs. Bill summaries are authored by the Congressional Research Service (CRS) of the Library of Congress. As stated in Public Law 91-510 (2 USC 166 (d)(6)), one of the duties of CRS is "to prepare summaries and digests of bills and resolutions of a public general nature introduced in the Senate or House of Representatives". For more information, refer to the User Guide that accompanies this file.</dc:description>
  </dublinCore>
</billStatus>

