<?xml version="1.0" encoding="UTF-8"?>
<billStatus>
  <bill>
    <cboCostEstimates />
    <policyArea>
      <name>Congress</name>
    </policyArea>
    <notes />
    <committeeReports />
    <titles>
      <item>
        <title>A resolution to authorize testimony and representation in United States of America v. Jeffrey A. Sterling.</title>
        <titleType>Official Title as Introduced</titleType>
        <chamberCode />
        <chamberName />
        <parentTitleType />
      </item>
      <item>
        <title>A resolution to authorize testimony and representation in United States of America v. Jeffrey A. Sterling.</title>
        <titleType>Display Title</titleType>
        <chamberCode />
        <chamberName />
        <parentTitleType />
      </item>
    </titles>
    <summaries>
      <billSummaries>
        <item>
          <versionCode>00</versionCode>
          <actionDate>2015-01-16</actionDate>
          <text><![CDATA[<p>Authorizes: (1) Julie Katzman to testify in the case of <i>United States of America v. Jeffrey A. Sterling</i>, except concerning matters for which a privilege should be asserted; and (2) the Senate Legal Counsel to represent Ms. Katzman in connection with such case. </p>]]></text>
          <name>Introduced in Senate</name>
          <lastSummaryUpdateDate>2015-01-21T19:18:33Z</lastSummaryUpdateDate>
          <updateDate>2015-01-16T05:00:00Z</updateDate>
          <actionDesc>Introduced in Senate</actionDesc>
        </item>
        <item>
          <versionCode>82</versionCode>
          <actionDate>2015-01-16</actionDate>
          <text><![CDATA[<p>(This measure has not been amended since it was introduced. The summary of that version is repeated here.)</p> <p>Authorizes: (1) Julie Katzman to testify in the case of <i>United States of America v. Jeffrey A. Sterling</i>, except concerning matters for which a privilege should be asserted; and (2) the Senate Legal Counsel to represent Ms. Katzman in connection with such case. </p>]]></text>
          <name>Passed Senate without amendment</name>
          <lastSummaryUpdateDate>2015-02-06T21:55:52Z</lastSummaryUpdateDate>
          <updateDate>2015-01-16T11:35:11Z</updateDate>
          <actionDesc>Passed Senate without amendment</actionDesc>
        </item>
      </billSummaries>
    </summaries>
    <createDate>2015-01-17T04:46:25Z</createDate>
    <recordedVotes />
    <billNumber>27</billNumber>
    <introducedDate>2015-01-16</introducedDate>
    <relatedBills />
    <updateDate>2016-11-02T23:12:23Z</updateDate>
    <committees>
      <billCommittees />
    </committees>
    <congress>114</congress>
    <laws />
    <title>A resolution to authorize testimony and representation in United States of America v. Jeffrey A. Sterling.</title>
    <calendarNumbers />
    <sponsors>
      <item>
        <identifiers>
          <lisID>1395</lisID>
          <gpoId>8254</gpoId>
          <bioguideId>M000355</bioguideId>
        </identifiers>
        <byRequestType />
        <fullName>Sen. McConnell, Mitch [R-KY]</fullName>
        <firstName>MITCH</firstName>
        <state>KY</state>
        <bioguideId>M000355</bioguideId>
        <middleName />
        <party>R</party>
        <lastName>MCCONNELL</lastName>
      </item>
    </sponsors>
    <actions>
      <actionByCounts>
        <senate>3</senate>
      </actionByCounts>
      <item>
        <actionDate>2015-01-16</actionDate>
        <committee />
        <links>
          <link>
            <name>S239</name>
            <url>https://www.congress.gov/congressional-record/volume-161/senate-section/page/S239</url>
          </link>
          <link>
            <name>S247</name>
            <url>https://www.congress.gov/congressional-record/volume-161/senate-section/page/S247</url>
          </link>
        </links>
        <sourceSystem>
          <name>Senate</name>
          <code>0</code>
        </sourceSystem>
        <text>Submitted in the Senate, considered, and agreed to without amendment and with a preamble by Unanimous Consent. (consideration: CR S247; text as passed Senate: CR S239)</text>
        <type>Floor</type>
      </item>
      <item>
        <actionDate>2015-01-16</actionDate>
        <actionCode>17000</actionCode>
        <sourceSystem>
          <name>Library of Congress</name>
          <code>9</code>
        </sourceSystem>
        <links>
          <link>
            <name>S239</name>
            <url>https://www.congress.gov/congressional-record/volume-161/senate-section/page/S239</url>
          </link>
          <link>
            <name>S247</name>
            <url>https://www.congress.gov/congressional-record/volume-161/senate-section/page/S247</url>
          </link>
        </links>
        <committee />
        <text>Passed/agreed to in Senate: Submitted in the Senate, considered, and agreed to without amendment and with a preamble by Unanimous Consent.(consideration: CR S247; text as passed Senate: CR S239)</text>
        <type>Floor</type>
      </item>
      <item>
        <actionDate>2015-01-16</actionDate>
        <actionCode>10000</actionCode>
        <sourceSystem>
          <name>Library of Congress</name>
          <code>9</code>
        </sourceSystem>
        <links />
        <committee />
        <text>Introduced in Senate</text>
        <type>IntroReferral</type>
      </item>
      <actionTypeCounts>
        <introducedInSenate>1</introducedInSenate>
        <passedOrAgreedToInSenateDayOf>1</passedOrAgreedToInSenateDayOf>
        <passedAgreedToInSenate>1</passedAgreedToInSenate>
      </actionTypeCounts>
    </actions>
    <amendments />
    <originChamber>Senate</originChamber>
    <latestAction>
      <text>Submitted in the Senate, considered, and agreed to without amendment and with a preamble by Unanimous Consent. (consideration: CR S247; text as passed Senate: CR S239)</text>
      <actionDate>2015-01-16</actionDate>
      <links />
    </latestAction>
    <subjects>
      <billSubjects>
        <legislativeSubjects>
          <item>
            <name>Congressional officers and employees</name>
          </item>
          <item>
            <name>Criminal investigation, prosecution, interrogation</name>
          </item>
          <item>
            <name>Evidence and witnesses</name>
          </item>
          <item>
            <name>Intelligence activities, surveillance, classified information</name>
          </item>
          <item>
            <name>Legislative rules and procedure</name>
          </item>
          <item>
            <name>Senate</name>
          </item>
        </legislativeSubjects>
        <policyArea>
          <name>Congress</name>
        </policyArea>
      </billSubjects>
    </subjects>
    <cosponsors>
      <item>
        <fullName>Sen. Reid, Harry [D-NV]</fullName>
        <lastName>REID</lastName>
        <bioguideId>R000146</bioguideId>
        <isOriginalCosponsor>True</isOriginalCosponsor>
        <state>NV</state>
        <middleName>M.</middleName>
        <firstName>HARRY</firstName>
        <party>D</party>
        <identifiers>
          <gpoId>8271</gpoId>
          <lisID>952</lisID>
          <bioguideId>R000146</bioguideId>
        </identifiers>
        <sponsorshipDate>2015-01-16</sponsorshipDate>
        <sponsorshipWithdrawnDate />
      </item>
    </cosponsors>
    <billType>SRES</billType>
  </bill>
  <dublinCore xmlns:dc="http://purl.org/dc/elements/1.1/">
    <dc:format>text/xml</dc:format>
    <dc:language>EN</dc:language>
    <dc:rights>Pursuant to Title 17 Section 105 of the United States Code, this file is not subject to copyright protection and is in the public domain.</dc:rights>
    <dc:contributor>Congressional Research Service, Library of Congress</dc:contributor>
    <dc:description>This file contains bill summaries and statuses for federal legislation. A bill summary describes the most significant provisions of a piece of legislation and details the effects the legislative text may have on current law and federal programs. Bill summaries are authored by the Congressional Research Service (CRS) of the Library of Congress. As stated in Public Law 91-510 (2 USC 166 (d)(6)), one of the duties of CRS is "to prepare summaries and digests of bills and resolutions of a public general nature introduced in the Senate or House of Representatives". For more information, refer to the User Guide that accompanies this file.</dc:description>
  </dublinCore>
</billStatus>

