<?xml version="1.0" encoding="UTF-8"?>
<billStatus>
  <bill>
    <recordedVotes />
    <cosponsors>
      <item>
        <bioguideId>K000383</bioguideId>
        <middleName />
        <firstName>Angus</firstName>
        <isOriginalCosponsor>True</isOriginalCosponsor>
        <state>ME</state>
        <identifiers>
          <gpoId />
          <lisID>2185</lisID>
          <bioguideId>K000383</bioguideId>
        </identifiers>
        <lastName>King</lastName>
        <fullName>Sen. King, Angus S., Jr. [I-ME]</fullName>
        <party>I</party>
        <sponsorshipWithdrawnDate />
        <sponsorshipDate>2015-12-08</sponsorshipDate>
      </item>
    </cosponsors>
    <committees>
      <billCommittees />
    </committees>
    <relatedBills>
      <item>
        <latestTitle>A resolution designating December 17, 2016, as "Wreaths Across America Day".</latestTitle>
        <latestAction>
          <text>Submitted in the Senate, considered, and agreed to without amendment and with a preamble by Unanimous Consent. (consideration: CR S7121; text as passed Senate: CR S7038)</text>
          <actionDate>2016-12-10</actionDate>
        </latestAction>
        <congress>114</congress>
        <number>639</number>
        <type>SRES</type>
        <relationshipDetails>
          <item>
            <identifiedBy>CRS</identifiedBy>
            <type>Related bill</type>
          </item>
        </relationshipDetails>
      </item>
    </relatedBills>
    <createDate>2015-12-11T15:43:50Z</createDate>
    <notes />
    <sponsors>
      <item>
        <bioguideId>C001035</bioguideId>
        <byRequestType />
        <identifiers>
          <bioguideId>C001035</bioguideId>
          <gpoId>8291</gpoId>
          <lisID>1541</lisID>
        </identifiers>
        <firstName>SUSAN</firstName>
        <middleName>MARGARET</middleName>
        <party>R</party>
        <lastName>COLLINS</lastName>
        <state>ME</state>
        <fullName>Sen. Collins, Susan M. [R-ME]</fullName>
      </item>
    </sponsors>
    <actions>
      <actionTypeCounts>
        <introducedInSenate>1</introducedInSenate>
        <passedOrAgreedToInSenateDayOf>1</passedOrAgreedToInSenateDayOf>
        <passedAgreedToInSenate>1</passedAgreedToInSenate>
      </actionTypeCounts>
      <actionByCounts>
        <senate>3</senate>
      </actionByCounts>
      <item>
        <actionDate>2015-12-08</actionDate>
        <committee />
        <links />
        <sourceSystem>
          <code>0</code>
          <name>Senate</name>
        </sourceSystem>
        <text>Submitted in the Senate, considered, and agreed to without amendment and with a preamble by Unanimous Consent. (consideration: CR S8501-8502; text as passed Senate: CR S8498)</text>
        <type>Floor</type>
      </item>
      <item>
        <actionDate>2015-12-08</actionDate>
        <actionCode>17000</actionCode>
        <committee />
        <links />
        <sourceSystem>
          <code>9</code>
          <name>Library of Congress</name>
        </sourceSystem>
        <text>Passed/agreed to in Senate: Submitted in the Senate, considered, and agreed to without amendment and with a preamble by Unanimous Consent.(consideration: CR S8501-8502; text as passed Senate: CR S8498)</text>
        <type>Floor</type>
      </item>
      <item>
        <actionDate>2015-12-08</actionDate>
        <actionCode>10000</actionCode>
        <committee />
        <links />
        <sourceSystem>
          <code>9</code>
          <name>Library of Congress</name>
        </sourceSystem>
        <text>Introduced in Senate</text>
        <type>IntroReferral</type>
      </item>
    </actions>
    <laws />
    <amendments />
    <updateDate>2016-12-22T18:31:27Z</updateDate>
    <summaries>
      <billSummaries>
        <item>
          <updateDate>2015-12-08T05:00:00Z</updateDate>
          <lastSummaryUpdateDate>2015-12-09T16:54:48Z</lastSummaryUpdateDate>
          <actionDate>2015-12-08</actionDate>
          <versionCode>00</versionCode>
          <actionDesc>Introduced in Senate</actionDesc>
          <text><![CDATA[<p>Designates December 12, 2015, as Wreaths Across America Day.</p> <p> Honors: </p> <ul> <li>the Wreaths Across America project; </li> <li>patriotic escort units, including motorcycle units, law enforcement units, and first responder units; </li> <li>the U.S. trucking industry; and </li> <li>the volunteers and donors involved in this tradition. </li> </ul> <p>Recognizes the service and sacrifices of veterans, members of the Armed Forces, and their families.</p>]]></text>
          <name>Introduced in Senate</name>
        </item>
        <item>
          <updateDate>2015-12-08T14:45:03Z</updateDate>
          <lastSummaryUpdateDate>2015-12-09T16:55:05Z</lastSummaryUpdateDate>
          <actionDate>2015-12-08</actionDate>
          <versionCode>82</versionCode>
          <actionDesc>Passed Senate without amendment</actionDesc>
          <text><![CDATA[<p>(This measure has not been amended since it was introduced. The summary of that version is repeated here.)</p> <p>Designates December 12, 2015, as Wreaths Across America Day.</p> <p> Honors: </p> <ul> <li>the Wreaths Across America project; </li> <li>patriotic escort units, including motorcycle units, law enforcement units, and first responder units; </li> <li>the U.S. trucking industry; and </li> <li>the volunteers and donors involved in this tradition. </li> </ul> <p>Recognizes the service and sacrifices of veterans, members of the Armed Forces, and their families.</p>]]></text>
          <name>Passed Senate without amendment</name>
        </item>
      </billSummaries>
    </summaries>
    <titles>
      <item>
        <parentTitleType />
        <titleType>Official Title as Introduced</titleType>
        <title>A resolution designating December 12, 2015, as "Wreaths Across America Day".</title>
        <chamberCode />
        <chamberName />
      </item>
      <item>
        <parentTitleType />
        <titleType>Display Title</titleType>
        <title>A resolution designating December 12, 2015, as "Wreaths Across America Day".</title>
        <chamberCode />
        <chamberName />
      </item>
    </titles>
    <billType>SRES</billType>
    <introducedDate>2015-12-08</introducedDate>
    <latestAction>
      <actionDate>2015-12-08</actionDate>
      <text>Submitted in the Senate, considered, and agreed to without amendment and with a preamble by Unanimous Consent. (consideration: CR S8501-8502; text as passed Senate: CR S8498)</text>
      <links />
    </latestAction>
    <congress>114</congress>
    <billNumber>331</billNumber>
    <subjects>
      <billSubjects>
        <policyArea>
          <name>Armed Forces and National Security</name>
        </policyArea>
        <legislativeSubjects>
          <item>
            <name>Cemeteries and funerals</name>
          </item>
          <item>
            <name>Commemorative events and holidays</name>
          </item>
          <item>
            <name>Congressional tributes</name>
          </item>
          <item>
            <name>Military personnel and dependents</name>
          </item>
          <item>
            <name>Social work, volunteer service, charitable organizations</name>
          </item>
          <item>
            <name>Veterans' organizations and recognition</name>
          </item>
        </legislativeSubjects>
      </billSubjects>
    </subjects>
    <policyArea>
      <name>Armed Forces and National Security</name>
    </policyArea>
    <originChamber>Senate</originChamber>
    <title>A resolution designating December 12, 2015, as "Wreaths Across America Day".</title>
    <calendarNumbers />
    <cboCostEstimates />
    <committeeReports />
  </bill>
  <dublinCore xmlns:dc="http://purl.org/dc/elements/1.1/">
    <dc:format>text/xml</dc:format>
    <dc:language>EN</dc:language>
    <dc:rights>Pursuant to Title 17 Section 105 of the United States Code, this file is not subject to copyright protection and is in the public domain.</dc:rights>
    <dc:contributor>Congressional Research Service, Library of Congress</dc:contributor>
    <dc:description>This file contains bill summaries and statuses for federal legislation. A bill summary describes the most significant provisions of a piece of legislation and details the effects the legislative text may have on current law and federal programs. Bill summaries are authored by the Congressional Research Service (CRS) of the Library of Congress. As stated in Public Law 91-510 (2 USC 166 (d)(6)), one of the duties of CRS is "to prepare summaries and digests of bills and resolutions of a public general nature introduced in the Senate or House of Representatives". For more information, refer to the User Guide that accompanies this file.</dc:description>
  </dublinCore>
</billStatus>

