<?xml version="1.0" encoding="UTF-8"?>
<billStatus>
  <bill>
    <policyArea>
      <name>Health</name>
    </policyArea>
    <billType>SRES</billType>
    <introducedDate>2016-05-25</introducedDate>
    <recordedVotes />
    <createDate>2016-05-26T05:28:37Z</createDate>
    <summaries>
      <billSummaries>
        <item>
          <updateDate>2016-05-25T04:00:00Z</updateDate>
          <versionCode>00</versionCode>
          <text><![CDATA[<p>Expresses support for the goals and ideals of National Minority Health Month, which include bringing attention to the severe health disparities faced by minority populations in the United States.</p>]]></text>
          <lastSummaryUpdateDate>2016-06-03T16:29:06Z</lastSummaryUpdateDate>
          <actionDate>2016-05-25</actionDate>
          <actionDesc>Introduced in Senate</actionDesc>
          <name>Introduced in Senate</name>
        </item>
        <item>
          <updateDate>2016-05-25T15:39:37Z</updateDate>
          <versionCode>82</versionCode>
          <text><![CDATA[<p>(This measure has not been amended since it was introduced. The summary of that version is repeated here.)</p> <p>Expresses support for the goals and ideals of National Minority Health Month, which include bringing attention to the severe health disparities faced by minority populations in the United States.</p>]]></text>
          <lastSummaryUpdateDate>2016-06-06T20:53:48Z</lastSummaryUpdateDate>
          <actionDate>2016-05-25</actionDate>
          <actionDesc>Passed Senate without amendment</actionDesc>
          <name>Passed Senate without amendment</name>
        </item>
      </billSummaries>
    </summaries>
    <committeeReports />
    <notes />
    <latestAction>
      <links />
      <actionDate>2016-05-25</actionDate>
      <text>Submitted in the Senate, considered, and agreed to without amendment and with a preamble by Unanimous Consent. (consideration: CR S3227-3228; text as passed Senate: CR S3176)</text>
    </latestAction>
    <sponsors>
      <item>
        <state>MD</state>
        <fullName>Sen. Cardin, Benjamin L. [D-MD]</fullName>
        <firstName>BENJAMIN</firstName>
        <byRequestType />
        <bioguideId>C000141</bioguideId>
        <lastName>CARDIN</lastName>
        <party>D</party>
        <identifiers>
          <gpoId>8287</gpoId>
          <lisID>174</lisID>
          <bioguideId>C000141</bioguideId>
        </identifiers>
        <middleName>L.</middleName>
      </item>
    </sponsors>
    <billNumber>477</billNumber>
    <titles>
      <item>
        <title>A resolution promoting minority health awareness and supporting the goals and ideals of National Minority Health Month in April 2016, which include bringing attention to the health disparities faced by minority populations of the United States such as American Indians, Alaskan Natives, Asian Americans, African Americans, Latino Americans, and Native Hawaiians or other Pacific Islanders.</title>
        <chamberName />
        <chamberCode />
        <titleType>Official Title as Introduced</titleType>
        <parentTitleType />
      </item>
      <item>
        <title>A resolution promoting minority health awareness and supporting the goals and ideals of National Minority Health Month in April 2016, which include bringing attention to the health disparities faced by minority populations of the United States such as American Indians, Alaskan Natives, Asian Americans, African Americans, Latino Americans, and Native Hawaiians or other Pacific Islanders.</title>
        <chamberName />
        <chamberCode />
        <titleType>Display Title</titleType>
        <parentTitleType />
      </item>
    </titles>
    <title>A resolution promoting minority health awareness and supporting the goals and ideals of National Minority Health Month in April 2016, which include bringing attention to the health disparities faced by minority populations of the United States such as American Indians, Alaskan Natives, Asian Americans, African Americans, Latino Americans, and Native Hawaiians or other Pacific Islanders.</title>
    <laws />
    <committees>
      <billCommittees />
    </committees>
    <updateDate>2016-11-02T23:14:46Z</updateDate>
    <relatedBills>
      <item>
        <latestTitle>Promoting minority health awareness and supporting the goals and ideals of National Minority Health Month in April 2015, which includes bringing attention to the health disparities faced by minority populations of the United States such as American Indians, Alaska Natives, Asian Americans, African Americans, Hispanic Americans, and Native Hawaiians or other Pacific Islanders.</latestTitle>
        <number>238</number>
        <latestAction>
          <text>Referred to the House Committee on Oversight and Government Reform.</text>
          <actionDate>2015-04-30</actionDate>
        </latestAction>
        <type>HRES</type>
        <congress>114</congress>
        <relationshipDetails>
          <item>
            <identifiedBy>CRS</identifiedBy>
            <type>Related bill</type>
          </item>
        </relationshipDetails>
      </item>
      <item>
        <latestTitle>Promoting minority health awareness and supporting the goals and ideals of National Minority Health Month in April 2016, which includes bringing attention to the health disparities faced by minority populations of the United States such as American Indians, Alaskan Natives, Asian Americans, African-Americans, Latino Americans, and Native Hawaiians or other Pacific Islanders.</latestTitle>
        <number>699</number>
        <latestAction>
          <text>Referred to the House Committee on Oversight and Government Reform.</text>
          <actionDate>2016-04-21</actionDate>
        </latestAction>
        <type>HRES</type>
        <congress>114</congress>
        <relationshipDetails>
          <item>
            <identifiedBy>CRS</identifiedBy>
            <type>Identical bill</type>
          </item>
        </relationshipDetails>
      </item>
    </relatedBills>
    <subjects>
      <billSubjects>
        <policyArea>
          <name>Health</name>
        </policyArea>
        <legislativeSubjects>
          <item>
            <name>Commemorative events and holidays</name>
          </item>
          <item>
            <name>Minority health</name>
          </item>
        </legislativeSubjects>
      </billSubjects>
    </subjects>
    <actions>
      <actionTypeCounts>
        <passedAgreedToInSenate>1</passedAgreedToInSenate>
        <introducedInSenate>1</introducedInSenate>
        <passedOrAgreedToInSenateDayOf>1</passedOrAgreedToInSenateDayOf>
      </actionTypeCounts>
      <item>
        <actionDate>2016-05-25</actionDate>
        <committee />
        <links>
          <link>
            <name>S3176</name>
            <url>https://www.congress.gov/congressional-record/volume-162/senate-section/page/S3176</url>
          </link>
          <link>
            <name>S3227-3228</name>
            <url>https://www.congress.gov/congressional-record/volume-162/senate-section/page/S3227-3228</url>
          </link>
        </links>
        <sourceSystem>
          <name>Senate</name>
          <code>0</code>
        </sourceSystem>
        <text>Submitted in the Senate, considered, and agreed to without amendment and with a preamble by Unanimous Consent. (consideration: CR S3227-3228; text as passed Senate: CR S3176)</text>
        <type>Floor</type>
      </item>
      <item>
        <text>Passed/agreed to in Senate: Submitted in the Senate, considered, and agreed to without amendment and with a preamble by Unanimous Consent.(consideration: CR S3227-3228; text as passed Senate: CR S3176)</text>
        <links>
          <link>
            <name>S3176</name>
            <url>https://www.congress.gov/congressional-record/volume-162/senate-section/page/S3176</url>
          </link>
          <link>
            <name>S3227-3228</name>
            <url>https://www.congress.gov/congressional-record/volume-162/senate-section/page/S3227-3228</url>
          </link>
        </links>
        <actionCode>17000</actionCode>
        <type>Floor</type>
        <committee />
        <actionDate>2016-05-25</actionDate>
        <sourceSystem>
          <name>Library of Congress</name>
          <code>9</code>
        </sourceSystem>
      </item>
      <item>
        <text>Introduced in Senate</text>
        <links />
        <actionCode>10000</actionCode>
        <type>IntroReferral</type>
        <committee />
        <actionDate>2016-05-25</actionDate>
        <sourceSystem>
          <name>Library of Congress</name>
          <code>9</code>
        </sourceSystem>
      </item>
      <actionByCounts>
        <senate>3</senate>
      </actionByCounts>
    </actions>
    <amendments />
    <congress>114</congress>
    <cosponsors>
      <item>
        <state>HI</state>
        <fullName>Sen. Hirono, Mazie K. [D-HI]</fullName>
        <sponsorshipDate>2016-05-25</sponsorshipDate>
        <middleName>K.</middleName>
        <identifiers>
          <gpoId>7913</gpoId>
          <lisID>1844</lisID>
          <bioguideId>H001042</bioguideId>
        </identifiers>
        <firstName>Mazie</firstName>
        <lastName>Hirono</lastName>
        <bioguideId>H001042</bioguideId>
        <isOriginalCosponsor>True</isOriginalCosponsor>
        <sponsorshipWithdrawnDate />
        <party>D</party>
      </item>
      <item>
        <state>CT</state>
        <fullName>Sen. Blumenthal, Richard [D-CT]</fullName>
        <sponsorshipDate>2016-05-25</sponsorshipDate>
        <middleName />
        <identifiers>
          <lisID>2076</lisID>
          <gpoId>8332</gpoId>
          <bioguideId>B001277</bioguideId>
        </identifiers>
        <firstName>Richard</firstName>
        <lastName>Blumenthal</lastName>
        <bioguideId>B001277</bioguideId>
        <isOriginalCosponsor>True</isOriginalCosponsor>
        <sponsorshipWithdrawnDate />
        <party>D</party>
      </item>
      <item>
        <state>OH</state>
        <fullName>Sen. Brown, Sherrod [D-OH]</fullName>
        <sponsorshipDate>2016-05-25</sponsorshipDate>
        <middleName />
        <identifiers>
          <bioguideId>B000944</bioguideId>
          <lisID>136</lisID>
          <gpoId>8309</gpoId>
        </identifiers>
        <firstName>SHERROD</firstName>
        <lastName>BROWN</lastName>
        <bioguideId>B000944</bioguideId>
        <isOriginalCosponsor>True</isOriginalCosponsor>
        <sponsorshipWithdrawnDate />
        <party>D</party>
      </item>
      <item>
        <state>NJ</state>
        <fullName>Sen. Menendez, Robert [D-NJ]</fullName>
        <sponsorshipDate>2016-05-25</sponsorshipDate>
        <middleName />
        <identifiers>
          <bioguideId>M000639</bioguideId>
          <gpoId>8239</gpoId>
          <lisID>791</lisID>
        </identifiers>
        <firstName>ROBERT</firstName>
        <lastName>MENENDEZ</lastName>
        <bioguideId>M000639</bioguideId>
        <isOriginalCosponsor>True</isOriginalCosponsor>
        <sponsorshipWithdrawnDate />
        <party>D</party>
      </item>
      <item>
        <state>HI</state>
        <fullName>Sen. Schatz, Brian [D-HI]</fullName>
        <sponsorshipDate>2016-05-25</sponsorshipDate>
        <middleName />
        <identifiers>
          <gpoId />
          <lisID>2173</lisID>
          <bioguideId>S001194</bioguideId>
        </identifiers>
        <firstName>Brian</firstName>
        <lastName>Schatz</lastName>
        <bioguideId>S001194</bioguideId>
        <isOriginalCosponsor>True</isOriginalCosponsor>
        <sponsorshipWithdrawnDate />
        <party>D</party>
      </item>
    </cosponsors>
    <calendarNumbers />
    <cboCostEstimates />
    <originChamber>Senate</originChamber>
  </bill>
  <dublinCore xmlns:dc="http://purl.org/dc/elements/1.1/">
    <dc:format>text/xml</dc:format>
    <dc:language>EN</dc:language>
    <dc:rights>Pursuant to Title 17 Section 105 of the United States Code, this file is not subject to copyright protection and is in the public domain.</dc:rights>
    <dc:contributor>Congressional Research Service, Library of Congress</dc:contributor>
    <dc:description>This file contains bill summaries and statuses for federal legislation. A bill summary describes the most significant provisions of a piece of legislation and details the effects the legislative text may have on current law and federal programs. Bill summaries are authored by the Congressional Research Service (CRS) of the Library of Congress. As stated in Public Law 91-510 (2 USC 166 (d)(6)), one of the duties of CRS is "to prepare summaries and digests of bills and resolutions of a public general nature introduced in the Senate or House of Representatives". For more information, refer to the User Guide that accompanies this file.</dc:description>
  </dublinCore>
</billStatus>

