<?xml version="1.0" encoding="UTF-8"?>
<billStatus>
  <bill>
    <title>A resolution congratulating the Pennsylvania State University women's soccer team for winning the 2015 National Collegiate Athletic Association Soccer Championship.</title>
    <updateDate>2016-11-02T23:14:04Z</updateDate>
    <relatedBills />
    <introducedDate>2015-12-14</introducedDate>
    <originChamber>Senate</originChamber>
    <cboCostEstimates />
    <policyArea>
      <name>Sports and Recreation</name>
    </policyArea>
    <congress>114</congress>
    <billNumber>334</billNumber>
    <billType>SRES</billType>
    <amendments />
    <recordedVotes />
    <committees>
      <billCommittees />
    </committees>
    <laws />
    <subjects>
      <billSubjects>
        <legislativeSubjects>
          <item>
            <name>Athletes</name>
          </item>
          <item>
            <name>Congressional tributes</name>
          </item>
          <item>
            <name>Higher education</name>
          </item>
          <item>
            <name>Pennsylvania</name>
          </item>
          <item>
            <name>School athletics</name>
          </item>
        </legislativeSubjects>
        <policyArea>
          <name>Sports and Recreation</name>
        </policyArea>
      </billSubjects>
    </subjects>
    <notes />
    <committeeReports />
    <actions>
      <actionTypeCounts>
        <passedOrAgreedToInSenateDayOf>1</passedOrAgreedToInSenateDayOf>
        <passedAgreedToInSenate>1</passedAgreedToInSenate>
        <introducedInSenate>1</introducedInSenate>
      </actionTypeCounts>
      <item>
        <actionDate>2015-12-14</actionDate>
        <committee />
        <links>
          <link>
            <name>S8637</name>
            <url>https://www.congress.gov/congressional-record/volume-161/senate-section/page/S8637</url>
          </link>
          <link>
            <name>S8640</name>
            <url>https://www.congress.gov/congressional-record/volume-161/senate-section/page/S8640</url>
          </link>
        </links>
        <sourceSystem>
          <code>0</code>
          <name>Senate</name>
        </sourceSystem>
        <text>Submitted in the Senate, considered, and agreed to without amendment and with a preamble by Unanimous Consent. (consideration: CR S8640; text as passed Senate: CR S8637)</text>
        <type>Floor</type>
      </item>
      <item>
        <actionDate>2015-12-14</actionDate>
        <sourceSystem>
          <code>9</code>
          <name>Library of Congress</name>
        </sourceSystem>
        <text>Passed/agreed to in Senate: Submitted in the Senate, considered, and agreed to without amendment and with a preamble by Unanimous Consent.(consideration: CR S8640; text as passed Senate: CR S8637)</text>
        <type>Floor</type>
        <links>
          <link>
            <name>S8637</name>
            <url>https://www.congress.gov/congressional-record/volume-161/senate-section/page/S8637</url>
          </link>
          <link>
            <name>S8640</name>
            <url>https://www.congress.gov/congressional-record/volume-161/senate-section/page/S8640</url>
          </link>
        </links>
        <actionCode>17000</actionCode>
        <committee />
      </item>
      <item>
        <actionDate>2015-12-14</actionDate>
        <sourceSystem>
          <code>9</code>
          <name>Library of Congress</name>
        </sourceSystem>
        <text>Introduced in Senate</text>
        <type>IntroReferral</type>
        <links />
        <actionCode>10000</actionCode>
        <committee />
      </item>
      <actionByCounts>
        <senate>3</senate>
      </actionByCounts>
    </actions>
    <calendarNumbers />
    <latestAction>
      <links />
      <actionDate>2015-12-14</actionDate>
      <text>Submitted in the Senate, considered, and agreed to without amendment and with a preamble by Unanimous Consent. (consideration: CR S8640; text as passed Senate: CR S8637)</text>
    </latestAction>
    <titles>
      <item>
        <chamberCode />
        <title>A resolution congratulating the Pennsylvania State University women's soccer team for winning the 2015 National Collegiate Athletic Association Soccer Championship.</title>
        <chamberName />
        <titleType>Official Title as Introduced</titleType>
        <parentTitleType />
      </item>
      <item>
        <chamberCode />
        <title>A resolution congratulating the Pennsylvania State University women's soccer team for winning the 2015 National Collegiate Athletic Association Soccer Championship.</title>
        <chamberName />
        <titleType>Display Title</titleType>
        <parentTitleType />
      </item>
    </titles>
    <summaries>
      <billSummaries>
        <item>
          <updateDate>2015-12-14T05:00:00Z</updateDate>
          <versionCode>00</versionCode>
          <text><![CDATA[<p>Congratulates the Pennsylvania State University women's soccer team for winning the 2015 National Collegiate Athletic Association Soccer Championship.</p>]]></text>
          <lastSummaryUpdateDate>2015-12-23T16:30:45Z</lastSummaryUpdateDate>
          <actionDate>2015-12-14</actionDate>
          <actionDesc>Introduced in Senate</actionDesc>
          <name>Introduced in Senate</name>
        </item>
        <item>
          <updateDate>2015-12-14T13:14:41Z</updateDate>
          <versionCode>82</versionCode>
          <text><![CDATA[<p>(This measure has not been amended since it was introduced. The summary of that version is repeated here.)</p> <p>Congratulates the Pennsylvania State University women's soccer team for winning the 2015 National Collegiate Athletic Association Soccer Championship.</p>]]></text>
          <lastSummaryUpdateDate>2015-12-23T16:33:17Z</lastSummaryUpdateDate>
          <actionDate>2015-12-14</actionDate>
          <actionDesc>Passed Senate without amendment</actionDesc>
          <name>Passed Senate without amendment</name>
        </item>
      </billSummaries>
    </summaries>
    <createDate>2015-12-15T10:05:24Z</createDate>
    <sponsors>
      <item>
        <state>PA</state>
        <fullName>Sen. Casey, Robert P., Jr. [D-PA]</fullName>
        <middleName />
        <identifiers>
          <lisID>1828</lisID>
          <gpoId>8282</gpoId>
          <bioguideId>C001070</bioguideId>
        </identifiers>
        <firstName>Bob</firstName>
        <lastName>Casey</lastName>
        <bioguideId>C001070</bioguideId>
        <byRequestType />
        <party>D</party>
      </item>
    </sponsors>
    <cosponsors>
      <item>
        <firstName>Pat</firstName>
        <isOriginalCosponsor>True</isOriginalCosponsor>
        <fullName>Sen. Toomey, Pat [R-PA]</fullName>
        <identifiers>
          <bioguideId>T000461</bioguideId>
          <lisID>1594</lisID>
          <gpoId />
        </identifiers>
        <middleName />
        <sponsorshipWithdrawnDate />
        <sponsorshipDate>2015-12-14</sponsorshipDate>
        <party>R</party>
        <bioguideId>T000461</bioguideId>
        <state>PA</state>
        <lastName>Toomey</lastName>
      </item>
    </cosponsors>
  </bill>
  <dublinCore xmlns:dc="http://purl.org/dc/elements/1.1/">
    <dc:format>text/xml</dc:format>
    <dc:language>EN</dc:language>
    <dc:rights>Pursuant to Title 17 Section 105 of the United States Code, this file is not subject to copyright protection and is in the public domain.</dc:rights>
    <dc:contributor>Congressional Research Service, Library of Congress</dc:contributor>
    <dc:description>This file contains bill summaries and statuses for federal legislation. A bill summary describes the most significant provisions of a piece of legislation and details the effects the legislative text may have on current law and federal programs. Bill summaries are authored by the Congressional Research Service (CRS) of the Library of Congress. As stated in Public Law 91-510 (2 USC 166 (d)(6)), one of the duties of CRS is "to prepare summaries and digests of bills and resolutions of a public general nature introduced in the Senate or House of Representatives". For more information, refer to the User Guide that accompanies this file.</dc:description>
  </dublinCore>
</billStatus>

