<?xml version="1.0" encoding="UTF-8"?>
<billStatus>
  <bill>
    <title>A resolution designating June 20, 2015, as "American Eagle Day" and celebrating the recovery and restoration of the bald eagle, the national symbol of the United States.</title>
    <updateDate>2016-11-02T23:13:21Z</updateDate>
    <relatedBills>
      <item>
        <congress>114</congress>
        <type>SRES</type>
        <relationshipDetails>
          <item>
            <identifiedBy>CRS</identifiedBy>
            <type>Related bill</type>
          </item>
        </relationshipDetails>
        <number>483</number>
        <latestAction>
          <actionDate>2016-06-06</actionDate>
          <text>Referred to the Committee on the Judiciary.</text>
        </latestAction>
        <latestTitle>A resolution designating June 20, 2016, as "American Eagle Day" and celebrating the recovery and restoration of the bald eagle, the national symbol of the United States.</latestTitle>
      </item>
    </relatedBills>
    <introducedDate>2015-06-17</introducedDate>
    <originChamber>Senate</originChamber>
    <cboCostEstimates />
    <policyArea>
      <name>Animals</name>
    </policyArea>
    <congress>114</congress>
    <billNumber>203</billNumber>
    <billType>SRES</billType>
    <amendments />
    <recordedVotes />
    <committees>
      <billCommittees />
    </committees>
    <laws />
    <subjects>
      <billSubjects>
        <legislativeSubjects>
          <item>
            <name>Birds</name>
          </item>
          <item>
            <name>Currency</name>
          </item>
          <item>
            <name>Elementary and secondary education</name>
          </item>
          <item>
            <name>Endangered and threatened species</name>
          </item>
          <item>
            <name>National symbols</name>
          </item>
          <item>
            <name>Wildlife conservation and habitat protection</name>
          </item>
        </legislativeSubjects>
        <policyArea>
          <name>Animals</name>
        </policyArea>
      </billSubjects>
    </subjects>
    <notes />
    <committeeReports />
    <actions>
      <actionTypeCounts>
        <passedOrAgreedToInSenateDayOf>1</passedOrAgreedToInSenateDayOf>
        <introducedInSenate>1</introducedInSenate>
        <passedAgreedToInSenate>1</passedAgreedToInSenate>
      </actionTypeCounts>
      <actionByCounts>
        <senate>3</senate>
      </actionByCounts>
      <item>
        <actionDate>2015-06-17</actionDate>
        <committee />
        <links>
          <link>
            <url>https://www.congress.gov/congressional-record/volume-161/senate-section/page/S4252-4253</url>
            <name>S4252-4253</name>
          </link>
          <link>
            <url>https://www.congress.gov/congressional-record/volume-161/senate-section/page/S4254</url>
            <name>S4254</name>
          </link>
        </links>
        <sourceSystem>
          <name>Senate</name>
          <code>0</code>
        </sourceSystem>
        <text>Submitted in the Senate, considered, and agreed to without amendment and with a preamble by Unanimous Consent. (consideration: CR S4254; text as passed Senate: CR S4252-4253)</text>
        <type>Floor</type>
      </item>
      <item>
        <text>Passed/agreed to in Senate: Submitted in the Senate, considered, and agreed to without amendment and with a preamble by Unanimous Consent.(consideration: CR S4254; text as passed Senate: CR S4252-4253)</text>
        <sourceSystem>
          <name>Library of Congress</name>
          <code>9</code>
        </sourceSystem>
        <committee />
        <type>Floor</type>
        <links>
          <link>
            <url>https://www.congress.gov/congressional-record/volume-161/senate-section/page/S4252-4253</url>
            <name>S4252-4253</name>
          </link>
          <link>
            <url>https://www.congress.gov/congressional-record/volume-161/senate-section/page/S4254</url>
            <name>S4254</name>
          </link>
        </links>
        <actionCode>17000</actionCode>
        <actionDate>2015-06-17</actionDate>
      </item>
      <item>
        <text>Introduced in Senate</text>
        <sourceSystem>
          <name>Library of Congress</name>
          <code>9</code>
        </sourceSystem>
        <committee />
        <type>IntroReferral</type>
        <links />
        <actionCode>10000</actionCode>
        <actionDate>2015-06-17</actionDate>
      </item>
    </actions>
    <calendarNumbers />
    <latestAction>
      <links />
      <actionDate>2015-06-17</actionDate>
      <text>Submitted in the Senate, considered, and agreed to without amendment and with a preamble by Unanimous Consent. (consideration: CR S4254; text as passed Senate: CR S4252-4253)</text>
    </latestAction>
    <titles>
      <item>
        <parentTitleType />
        <titleType>Official Title as Introduced</titleType>
        <title>A resolution designating June 20, 2015, as "American Eagle Day" and celebrating the recovery and restoration of the bald eagle, the national symbol of the United States.</title>
        <chamberCode />
        <chamberName />
      </item>
      <item>
        <parentTitleType />
        <titleType>Display Title</titleType>
        <title>A resolution designating June 20, 2015, as "American Eagle Day" and celebrating the recovery and restoration of the bald eagle, the national symbol of the United States.</title>
        <chamberCode />
        <chamberName />
      </item>
    </titles>
    <summaries>
      <billSummaries>
        <item>
          <actionDate>2015-06-17</actionDate>
          <updateDate>2015-06-17T04:00:00Z</updateDate>
          <name>Introduced in Senate</name>
          <lastSummaryUpdateDate>2015-09-04T21:56:04Z</lastSummaryUpdateDate>
          <versionCode>00</versionCode>
          <actionDesc>Introduced in Senate</actionDesc>
          <text><![CDATA[<p>Designates June 20, 2015, as American Eagle Day. Applauds the issuance of bald eagle commemorative coins by the Department of the Treasury as a way to generate funds for the protection of the bald eagle. Encourages entities with an interest in conserving endangered species to collaborate and develop educational tools for use in the public schools.</p>]]></text>
        </item>
        <item>
          <actionDate>2015-06-17</actionDate>
          <updateDate>2015-06-17T11:46:40Z</updateDate>
          <name>Passed Senate without amendment</name>
          <lastSummaryUpdateDate>2015-09-04T21:56:20Z</lastSummaryUpdateDate>
          <versionCode>82</versionCode>
          <actionDesc>Passed Senate without amendment</actionDesc>
          <text><![CDATA[<p>(This measure has not been amended since it was introduced. The summary of that version is repeated here.)</p> <p>Designates June 20, 2015, as American Eagle Day. Applauds the issuance of bald eagle commemorative coins by the Department of the Treasury as a way to generate funds for the protection of the bald eagle. Encourages entities with an interest in conserving endangered species to collaborate and develop educational tools for use in the public schools.</p>]]></text>
        </item>
      </billSummaries>
    </summaries>
    <createDate>2015-06-18T09:13:25Z</createDate>
    <sponsors>
      <item>
        <state>TN</state>
        <fullName>Sen. Alexander, Lamar [R-TN]</fullName>
        <middleName />
        <identifiers>
          <lisID>1695</lisID>
          <bioguideId>A000360</bioguideId>
          <gpoId>8304</gpoId>
        </identifiers>
        <firstName>Lamar</firstName>
        <lastName>Alexander</lastName>
        <bioguideId>A000360</bioguideId>
        <byRequestType />
        <party>R</party>
      </item>
    </sponsors>
    <cosponsors>
      <item>
        <firstName>RICHARD</firstName>
        <isOriginalCosponsor>True</isOriginalCosponsor>
        <fullName>Sen. Durbin, Richard [D-IL]</fullName>
        <identifiers>
          <bioguideId>D000563</bioguideId>
          <gpoId>8326</gpoId>
          <lisID>326</lisID>
        </identifiers>
        <middleName>J.</middleName>
        <sponsorshipWithdrawnDate />
        <sponsorshipDate>2015-06-17</sponsorshipDate>
        <party>D</party>
        <bioguideId>D000563</bioguideId>
        <state>IL</state>
        <lastName>DURBIN</lastName>
      </item>
      <item>
        <firstName>Thad</firstName>
        <isOriginalCosponsor>True</isOriginalCosponsor>
        <fullName>Sen. Cochran, Thad [R-MS]</fullName>
        <identifiers>
          <bioguideId>C000567</bioguideId>
          <gpoId>8292</gpoId>
          <lisID>213</lisID>
        </identifiers>
        <middleName />
        <sponsorshipWithdrawnDate />
        <sponsorshipDate>2015-06-17</sponsorshipDate>
        <party>R</party>
        <bioguideId>C000567</bioguideId>
        <state>MS</state>
        <lastName>Cochran</lastName>
      </item>
      <item>
        <firstName>DIANNE</firstName>
        <isOriginalCosponsor>True</isOriginalCosponsor>
        <fullName>Sen. Feinstein, Dianne [D-CA]</fullName>
        <identifiers>
          <gpoId>8338</gpoId>
          <lisID>1332</lisID>
          <bioguideId>F000062</bioguideId>
        </identifiers>
        <middleName />
        <sponsorshipWithdrawnDate />
        <sponsorshipDate>2015-06-17</sponsorshipDate>
        <party>D</party>
        <bioguideId>F000062</bioguideId>
        <state>CA</state>
        <lastName>FEINSTEIN</lastName>
      </item>
      <item>
        <firstName>Bob</firstName>
        <isOriginalCosponsor>True</isOriginalCosponsor>
        <fullName>Sen. Corker, Bob [R-TN]</fullName>
        <identifiers>
          <bioguideId>C001071</bioguideId>
          <gpoId>8294</gpoId>
          <lisID>1825</lisID>
        </identifiers>
        <middleName />
        <sponsorshipWithdrawnDate />
        <sponsorshipDate>2015-06-17</sponsorshipDate>
        <party>R</party>
        <bioguideId>C001071</bioguideId>
        <state>TN</state>
        <lastName>Corker</lastName>
      </item>
      <item>
        <firstName>Jeff</firstName>
        <isOriginalCosponsor>True</isOriginalCosponsor>
        <fullName>Sen. Sessions, Jeff [R-AL]</fullName>
        <identifiers>
          <bioguideId>S001141</bioguideId>
          <lisID>1548</lisID>
          <gpoId>8281</gpoId>
        </identifiers>
        <middleName />
        <sponsorshipWithdrawnDate />
        <sponsorshipDate>2015-06-17</sponsorshipDate>
        <party>R</party>
        <bioguideId>S001141</bioguideId>
        <state>AL</state>
        <lastName>Sessions</lastName>
      </item>
    </cosponsors>
  </bill>
  <dublinCore xmlns:dc="http://purl.org/dc/elements/1.1/">
    <dc:format>text/xml</dc:format>
    <dc:language>EN</dc:language>
    <dc:rights>Pursuant to Title 17 Section 105 of the United States Code, this file is not subject to copyright protection and is in the public domain.</dc:rights>
    <dc:contributor>Congressional Research Service, Library of Congress</dc:contributor>
    <dc:description>This file contains bill summaries and statuses for federal legislation. A bill summary describes the most significant provisions of a piece of legislation and details the effects the legislative text may have on current law and federal programs. Bill summaries are authored by the Congressional Research Service (CRS) of the Library of Congress. As stated in Public Law 91-510 (2 USC 166 (d)(6)), one of the duties of CRS is "to prepare summaries and digests of bills and resolutions of a public general nature introduced in the Senate or House of Representatives". For more information, refer to the User Guide that accompanies this file.</dc:description>
  </dublinCore>
</billStatus>

