<?xml version="1.0" encoding="UTF-8"?>
<billStatus>
  <bill>
    <latestAction>
      <text>Submitted in the Senate, considered, and agreed to without amendment and with a preamble by Unanimous Consent. (consideration: CR S2107; text as passed Senate: CR S2102)</text>
      <links />
      <actionDate>2016-04-14</actionDate>
    </latestAction>
    <policyArea>
      <name>Finance and Financial Sector</name>
    </policyArea>
    <amendments />
    <relatedBills>
      <item>
        <latestAction>
          <actionDate>2015-04-30</actionDate>
          <text>Submitted in the Senate, considered, and agreed to without amendment and with a preamble by Unanimous Consent. (consideration: CR S2589; text as passed Senate: CR S2581)</text>
        </latestAction>
        <congress>114</congress>
        <latestTitle>A resolution designating April 2015 as "Financial Literacy Month".</latestTitle>
        <relationshipDetails>
          <item>
            <type>Related bill</type>
            <identifiedBy>CRS</identifiedBy>
          </item>
        </relationshipDetails>
        <type>SRES</type>
        <number>161</number>
      </item>
    </relatedBills>
    <billNumber>427</billNumber>
    <updateDate>2016-11-02T23:14:32Z</updateDate>
    <sponsors>
      <item>
        <fullName>Sen. Reed, Jack [D-RI]</fullName>
        <firstName>JOHN</firstName>
        <lastName>REED</lastName>
        <identifiers>
          <gpoId>8272</gpoId>
          <lisID>949</lisID>
          <bioguideId>R000122</bioguideId>
        </identifiers>
        <state>RI</state>
        <middleName>F.</middleName>
        <party>D</party>
        <byRequestType />
        <bioguideId>R000122</bioguideId>
      </item>
    </sponsors>
    <notes />
    <originChamber>Senate</originChamber>
    <subjects>
      <billSubjects>
        <policyArea>
          <name>Finance and Financial Sector</name>
        </policyArea>
        <legislativeSubjects>
          <item>
            <name>Commemorative events and holidays</name>
          </item>
          <item>
            <name>Financial literacy</name>
          </item>
        </legislativeSubjects>
      </billSubjects>
    </subjects>
    <committees>
      <billCommittees />
    </committees>
    <cosponsors>
      <item>
        <state>SC</state>
        <fullName>Sen. Scott, Tim [R-SC]</fullName>
        <sponsorshipDate>2016-04-14</sponsorshipDate>
        <middleName />
        <identifiers>
          <gpoId>8141</gpoId>
          <lisID>2056</lisID>
          <bioguideId>S001184</bioguideId>
        </identifiers>
        <firstName>Tim</firstName>
        <lastName>Scott</lastName>
        <bioguideId>S001184</bioguideId>
        <isOriginalCosponsor>True</isOriginalCosponsor>
        <sponsorshipWithdrawnDate />
        <party>R</party>
      </item>
      <item>
        <state>IN</state>
        <fullName>Sen. Donnelly, Joe [D-IN]</fullName>
        <sponsorshipDate>2016-04-14</sponsorshipDate>
        <middleName />
        <identifiers>
          <lisID>1850</lisID>
          <gpoId>7941</gpoId>
          <bioguideId>D000607</bioguideId>
        </identifiers>
        <firstName>Joe</firstName>
        <lastName>Donnelly</lastName>
        <bioguideId>D000607</bioguideId>
        <isOriginalCosponsor>True</isOriginalCosponsor>
        <sponsorshipWithdrawnDate />
        <party>D</party>
      </item>
      <item>
        <state>IL</state>
        <fullName>Sen. Kirk, Mark Steven [R-IL]</fullName>
        <sponsorshipDate>2016-04-14</sponsorshipDate>
        <middleName>STEVEN</middleName>
        <identifiers>
          <bioguideId>K000360</bioguideId>
          <lisID>1647</lisID>
          <gpoId>8285</gpoId>
        </identifiers>
        <firstName>MARK</firstName>
        <lastName>KIRK</lastName>
        <bioguideId>K000360</bioguideId>
        <isOriginalCosponsor>True</isOriginalCosponsor>
        <sponsorshipWithdrawnDate />
        <party>R</party>
      </item>
      <item>
        <state>IL</state>
        <fullName>Sen. Durbin, Richard [D-IL]</fullName>
        <sponsorshipDate>2016-04-14</sponsorshipDate>
        <middleName>J.</middleName>
        <identifiers>
          <lisID>326</lisID>
          <gpoId>8326</gpoId>
          <bioguideId>D000563</bioguideId>
        </identifiers>
        <firstName>RICHARD</firstName>
        <lastName>DURBIN</lastName>
        <bioguideId>D000563</bioguideId>
        <isOriginalCosponsor>True</isOriginalCosponsor>
        <sponsorshipWithdrawnDate />
        <party>D</party>
      </item>
      <item>
        <state>AR</state>
        <fullName>Sen. Cotton, Tom [R-AR]</fullName>
        <sponsorshipDate>2016-04-14</sponsorshipDate>
        <middleName />
        <identifiers>
          <lisID>2098</lisID>
          <bioguideId>C001095</bioguideId>
          <gpoId />
        </identifiers>
        <firstName>Tom</firstName>
        <lastName>Cotton</lastName>
        <bioguideId>C001095</bioguideId>
        <isOriginalCosponsor>True</isOriginalCosponsor>
        <sponsorshipWithdrawnDate />
        <party>R</party>
      </item>
      <item>
        <state>MS</state>
        <fullName>Sen. Cochran, Thad [R-MS]</fullName>
        <sponsorshipDate>2016-04-14</sponsorshipDate>
        <middleName />
        <identifiers>
          <lisID>213</lisID>
          <bioguideId>C000567</bioguideId>
          <gpoId>8292</gpoId>
        </identifiers>
        <firstName>Thad</firstName>
        <lastName>Cochran</lastName>
        <bioguideId>C000567</bioguideId>
        <isOriginalCosponsor>True</isOriginalCosponsor>
        <sponsorshipWithdrawnDate />
        <party>R</party>
      </item>
      <item>
        <state>WY</state>
        <fullName>Sen. Enzi, Michael B. [R-WY]</fullName>
        <sponsorshipDate>2016-04-14</sponsorshipDate>
        <middleName>B.</middleName>
        <identifiers>
          <lisID>1542</lisID>
          <bioguideId>E000285</bioguideId>
          <gpoId>8328</gpoId>
        </identifiers>
        <firstName>MICHAEL</firstName>
        <lastName>ENZI</lastName>
        <bioguideId>E000285</bioguideId>
        <isOriginalCosponsor>True</isOriginalCosponsor>
        <sponsorshipWithdrawnDate />
        <party>R</party>
      </item>
      <item>
        <state>MN</state>
        <fullName>Sen. Klobuchar, Amy [D-MN]</fullName>
        <sponsorshipDate>2016-04-14</sponsorshipDate>
        <middleName />
        <identifiers>
          <bioguideId>K000367</bioguideId>
          <gpoId>8249</gpoId>
          <lisID>1826</lisID>
        </identifiers>
        <firstName>Amy</firstName>
        <lastName>Klobuchar</lastName>
        <bioguideId>K000367</bioguideId>
        <isOriginalCosponsor>True</isOriginalCosponsor>
        <sponsorshipWithdrawnDate />
        <party>D</party>
      </item>
      <item>
        <state>MO</state>
        <fullName>Sen. Blunt, Roy [R-MO]</fullName>
        <sponsorshipDate>2016-04-14</sponsorshipDate>
        <middleName />
        <identifiers>
          <bioguideId>B000575</bioguideId>
          <gpoId>8313</gpoId>
          <lisID>1464</lisID>
        </identifiers>
        <firstName>Roy</firstName>
        <lastName>Blunt</lastName>
        <bioguideId>B000575</bioguideId>
        <isOriginalCosponsor>True</isOriginalCosponsor>
        <sponsorshipWithdrawnDate />
        <party>R</party>
      </item>
      <item>
        <state>WY</state>
        <fullName>Sen. Barrasso, John [R-WY]</fullName>
        <sponsorshipDate>2016-04-14</sponsorshipDate>
        <middleName />
        <identifiers>
          <lisID>1881</lisID>
          <bioguideId>B001261</bioguideId>
          <gpoId>8300</gpoId>
        </identifiers>
        <firstName>John</firstName>
        <lastName>Barrasso</lastName>
        <bioguideId>B001261</bioguideId>
        <isOriginalCosponsor>True</isOriginalCosponsor>
        <sponsorshipWithdrawnDate />
        <party>R</party>
      </item>
      <item>
        <state>OH</state>
        <fullName>Sen. Brown, Sherrod [D-OH]</fullName>
        <sponsorshipDate>2016-04-14</sponsorshipDate>
        <middleName />
        <identifiers>
          <lisID>136</lisID>
          <bioguideId>B000944</bioguideId>
          <gpoId>8309</gpoId>
        </identifiers>
        <firstName>SHERROD</firstName>
        <lastName>BROWN</lastName>
        <bioguideId>B000944</bioguideId>
        <isOriginalCosponsor>True</isOriginalCosponsor>
        <sponsorshipWithdrawnDate />
        <party>D</party>
      </item>
      <item>
        <state>MN</state>
        <fullName>Sen. Franken, Al [D-MN]</fullName>
        <sponsorshipDate>2016-04-14</sponsorshipDate>
        <middleName />
        <identifiers>
          <bioguideId>F000457</bioguideId>
          <lisID>1969</lisID>
          <gpoId>8339</gpoId>
        </identifiers>
        <firstName>Al</firstName>
        <lastName>Franken</lastName>
        <bioguideId>F000457</bioguideId>
        <isOriginalCosponsor>True</isOriginalCosponsor>
        <sponsorshipWithdrawnDate />
        <party>D</party>
      </item>
      <item>
        <state>MD</state>
        <fullName>Sen. Cardin, Benjamin L. [D-MD]</fullName>
        <sponsorshipDate>2016-04-14</sponsorshipDate>
        <middleName>L.</middleName>
        <identifiers>
          <lisID>174</lisID>
          <bioguideId>C000141</bioguideId>
          <gpoId>8287</gpoId>
        </identifiers>
        <firstName>BENJAMIN</firstName>
        <lastName>CARDIN</lastName>
        <bioguideId>C000141</bioguideId>
        <isOriginalCosponsor>True</isOriginalCosponsor>
        <sponsorshipWithdrawnDate />
        <party>D</party>
      </item>
      <item>
        <state>DE</state>
        <fullName>Sen. Carper, Thomas R. [D-DE]</fullName>
        <sponsorshipDate>2016-04-14</sponsorshipDate>
        <middleName>R.</middleName>
        <identifiers>
          <lisID>179</lisID>
          <gpoId>8283</gpoId>
          <bioguideId>C000174</bioguideId>
        </identifiers>
        <firstName>THOMAS</firstName>
        <lastName>CARPER</lastName>
        <bioguideId>C000174</bioguideId>
        <isOriginalCosponsor>True</isOriginalCosponsor>
        <sponsorshipWithdrawnDate />
        <party>D</party>
      </item>
      <item>
        <state>ID</state>
        <fullName>Sen. Crapo, Mike [R-ID]</fullName>
        <sponsorshipDate>2016-04-14</sponsorshipDate>
        <middleName>D.</middleName>
        <identifiers>
          <lisID>250</lisID>
          <bioguideId>C000880</bioguideId>
          <gpoId>8289</gpoId>
        </identifiers>
        <firstName>MICHAEL</firstName>
        <lastName>CRAPO</lastName>
        <bioguideId>C000880</bioguideId>
        <isOriginalCosponsor>True</isOriginalCosponsor>
        <sponsorshipWithdrawnDate />
        <party>R</party>
      </item>
      <item>
        <state>KS</state>
        <fullName>Sen. Moran, Jerry [R-KS]</fullName>
        <sponsorshipDate>2016-04-14</sponsorshipDate>
        <middleName />
        <identifiers>
          <gpoId>8307</gpoId>
          <lisID>1507</lisID>
          <bioguideId>M000934</bioguideId>
        </identifiers>
        <firstName>JERRY</firstName>
        <lastName>MORAN</lastName>
        <bioguideId>M000934</bioguideId>
        <isOriginalCosponsor>True</isOriginalCosponsor>
        <sponsorshipWithdrawnDate />
        <party>R</party>
      </item>
      <item>
        <state>WA</state>
        <fullName>Sen. Murray, Patty [D-WA]</fullName>
        <sponsorshipDate>2016-04-14</sponsorshipDate>
        <middleName />
        <identifiers>
          <bioguideId>M001111</bioguideId>
          <gpoId>8237</gpoId>
          <lisID>1409</lisID>
        </identifiers>
        <firstName>PATTY</firstName>
        <lastName>MURRAY</lastName>
        <bioguideId>M001111</bioguideId>
        <isOriginalCosponsor>True</isOriginalCosponsor>
        <sponsorshipWithdrawnDate />
        <party>D</party>
      </item>
      <item>
        <state>CA</state>
        <fullName>Sen. Feinstein, Dianne [D-CA]</fullName>
        <sponsorshipDate>2016-04-14</sponsorshipDate>
        <middleName />
        <identifiers>
          <bioguideId>F000062</bioguideId>
          <gpoId>8338</gpoId>
          <lisID>1332</lisID>
        </identifiers>
        <firstName>DIANNE</firstName>
        <lastName>FEINSTEIN</lastName>
        <bioguideId>F000062</bioguideId>
        <isOriginalCosponsor>True</isOriginalCosponsor>
        <sponsorshipWithdrawnDate />
        <party>D</party>
      </item>
      <item>
        <state>AR</state>
        <fullName>Sen. Boozman, John [R-AR]</fullName>
        <sponsorshipDate>2016-04-14</sponsorshipDate>
        <middleName />
        <identifiers>
          <bioguideId>B001236</bioguideId>
          <lisID>1687</lisID>
          <gpoId>8247</gpoId>
        </identifiers>
        <firstName>John</firstName>
        <lastName>Boozman</lastName>
        <bioguideId>B001236</bioguideId>
        <isOriginalCosponsor>True</isOriginalCosponsor>
        <sponsorshipWithdrawnDate />
        <party>R</party>
      </item>
      <item>
        <state>CA</state>
        <fullName>Sen. Boxer, Barbara [D-CA]</fullName>
        <sponsorshipDate>2016-04-14</sponsorshipDate>
        <middleName />
        <identifiers>
          <bioguideId>B000711</bioguideId>
          <gpoId>8306</gpoId>
          <lisID>116</lisID>
        </identifiers>
        <firstName>BARBARA</firstName>
        <lastName>BOXER</lastName>
        <bioguideId>B000711</bioguideId>
        <isOriginalCosponsor>True</isOriginalCosponsor>
        <sponsorshipWithdrawnDate />
        <party>D</party>
      </item>
      <item>
        <state>ND</state>
        <fullName>Sen. Heitkamp, Heidi [D-ND]</fullName>
        <sponsorshipDate>2016-04-14</sponsorshipDate>
        <middleName />
        <identifiers>
          <lisID>2174</lisID>
          <gpoId />
          <bioguideId>H001069</bioguideId>
        </identifiers>
        <firstName>Heidi</firstName>
        <lastName>Heitkamp</lastName>
        <bioguideId>H001069</bioguideId>
        <isOriginalCosponsor>True</isOriginalCosponsor>
        <sponsorshipWithdrawnDate />
        <party>D</party>
      </item>
      <item>
        <state>MI</state>
        <fullName>Sen. Peters, Gary C. [D-MI]</fullName>
        <sponsorshipDate>2016-04-14</sponsorshipDate>
        <middleName>C.</middleName>
        <identifiers>
          <bioguideId>P000595</bioguideId>
          <gpoId>7994</gpoId>
          <lisID>1929</lisID>
        </identifiers>
        <firstName>Gary</firstName>
        <lastName>Peters</lastName>
        <bioguideId>P000595</bioguideId>
        <isOriginalCosponsor>True</isOriginalCosponsor>
        <sponsorshipWithdrawnDate />
        <party>D</party>
      </item>
      <item>
        <state>MT</state>
        <fullName>Sen. Daines, Steve [R-MT]</fullName>
        <sponsorshipDate>2016-04-14</sponsorshipDate>
        <middleName />
        <identifiers>
          <bioguideId>D000618</bioguideId>
          <lisID>2138</lisID>
          <gpoId />
        </identifiers>
        <firstName>Steve</firstName>
        <lastName>Daines</lastName>
        <bioguideId>D000618</bioguideId>
        <isOriginalCosponsor>True</isOriginalCosponsor>
        <sponsorshipWithdrawnDate />
        <party>R</party>
      </item>
      <item>
        <state>OK</state>
        <fullName>Sen. Inhofe, James M. [R-OK]</fullName>
        <sponsorshipDate>2016-04-14</sponsorshipDate>
        <middleName />
        <identifiers>
          <bioguideId>I000024</bioguideId>
          <lisID>583</lisID>
          <gpoId>8322</gpoId>
        </identifiers>
        <firstName>JIM</firstName>
        <lastName>INHOFE</lastName>
        <bioguideId>I000024</bioguideId>
        <isOriginalCosponsor>True</isOriginalCosponsor>
        <sponsorshipWithdrawnDate />
        <party>R</party>
      </item>
      <item>
        <state>HI</state>
        <fullName>Sen. Schatz, Brian [D-HI]</fullName>
        <sponsorshipDate>2016-04-14</sponsorshipDate>
        <middleName />
        <identifiers>
          <bioguideId>S001194</bioguideId>
          <lisID>2173</lisID>
          <gpoId />
        </identifiers>
        <firstName>Brian</firstName>
        <lastName>Schatz</lastName>
        <bioguideId>S001194</bioguideId>
        <isOriginalCosponsor>True</isOriginalCosponsor>
        <sponsorshipWithdrawnDate />
        <party>D</party>
      </item>
      <item>
        <state>NJ</state>
        <fullName>Sen. Menendez, Robert [D-NJ]</fullName>
        <sponsorshipDate>2016-04-14</sponsorshipDate>
        <middleName />
        <identifiers>
          <bioguideId>M000639</bioguideId>
          <lisID>791</lisID>
          <gpoId>8239</gpoId>
        </identifiers>
        <firstName>ROBERT</firstName>
        <lastName>MENENDEZ</lastName>
        <bioguideId>M000639</bioguideId>
        <isOriginalCosponsor>True</isOriginalCosponsor>
        <sponsorshipWithdrawnDate />
        <party>D</party>
      </item>
      <item>
        <state>MS</state>
        <fullName>Sen. Wicker, Roger F. [R-MS]</fullName>
        <sponsorshipDate>2016-04-14</sponsorshipDate>
        <middleName>F.</middleName>
        <identifiers>
          <gpoId>8263</gpoId>
          <lisID>1226</lisID>
          <bioguideId>W000437</bioguideId>
        </identifiers>
        <firstName>ROGER</firstName>
        <lastName>WICKER</lastName>
        <bioguideId>W000437</bioguideId>
        <isOriginalCosponsor>True</isOriginalCosponsor>
        <sponsorshipWithdrawnDate />
        <party>R</party>
      </item>
      <item>
        <state>DE</state>
        <fullName>Sen. Coons, Christopher A. [D-DE]</fullName>
        <sponsorshipDate>2016-04-14</sponsorshipDate>
        <middleName>A.</middleName>
        <identifiers>
          <bioguideId>C001088</bioguideId>
          <lisID>1984</lisID>
          <gpoId>8297</gpoId>
        </identifiers>
        <firstName>Christopher</firstName>
        <lastName>Coons</lastName>
        <bioguideId>C001088</bioguideId>
        <isOriginalCosponsor>True</isOriginalCosponsor>
        <sponsorshipWithdrawnDate />
        <party>D</party>
      </item>
    </cosponsors>
    <calendarNumbers />
    <committeeReports />
    <congress>114</congress>
    <title>A resolution designating April 2016 as "Financial Literacy Month".</title>
    <introducedDate>2016-04-14</introducedDate>
    <actions>
      <item>
        <actionDate>2016-04-14</actionDate>
        <committee />
        <links>
          <link>
            <url>https://www.congress.gov/congressional-record/volume-162/senate-section/page/S2102</url>
            <name>S2102</name>
          </link>
          <link>
            <url>https://www.congress.gov/congressional-record/volume-162/senate-section/page/S2107</url>
            <name>S2107</name>
          </link>
        </links>
        <sourceSystem>
          <code>0</code>
          <name>Senate</name>
        </sourceSystem>
        <text>Submitted in the Senate, considered, and agreed to without amendment and with a preamble by Unanimous Consent. (consideration: CR S2107; text as passed Senate: CR S2102)</text>
        <type>Floor</type>
      </item>
      <item>
        <sourceSystem>
          <code>9</code>
          <name>Library of Congress</name>
        </sourceSystem>
        <actionDate>2016-04-14</actionDate>
        <links>
          <link>
            <url>https://www.congress.gov/congressional-record/volume-162/senate-section/page/S2102</url>
            <name>S2102</name>
          </link>
          <link>
            <url>https://www.congress.gov/congressional-record/volume-162/senate-section/page/S2107</url>
            <name>S2107</name>
          </link>
        </links>
        <committee />
        <text>Passed/agreed to in Senate: Submitted in the Senate, considered, and agreed to without amendment and with a preamble by Unanimous Consent.(consideration: CR S2107; text as passed Senate: CR S2102)</text>
        <type>Floor</type>
        <actionCode>17000</actionCode>
      </item>
      <item>
        <sourceSystem>
          <code>9</code>
          <name>Library of Congress</name>
        </sourceSystem>
        <actionDate>2016-04-14</actionDate>
        <links />
        <committee />
        <text>Introduced in Senate</text>
        <type>IntroReferral</type>
        <actionCode>10000</actionCode>
      </item>
      <actionTypeCounts>
        <introducedInSenate>1</introducedInSenate>
        <passedOrAgreedToInSenateDayOf>1</passedOrAgreedToInSenateDayOf>
        <passedAgreedToInSenate>1</passedAgreedToInSenate>
      </actionTypeCounts>
      <actionByCounts>
        <senate>3</senate>
      </actionByCounts>
    </actions>
    <summaries>
      <billSummaries>
        <item>
          <updateDate>2016-04-14T04:00:00Z</updateDate>
          <versionCode>00</versionCode>
          <text><![CDATA[<p>Designates April 2016 as Financial Literacy Month to raise public awareness about the importance of personal financial education in the United States and the serious consequences that may result from a lack of understanding about personal finances.</p>]]></text>
          <lastSummaryUpdateDate>2016-04-19T20:38:50Z</lastSummaryUpdateDate>
          <actionDate>2016-04-14</actionDate>
          <actionDesc>Introduced in Senate</actionDesc>
          <name>Introduced in Senate</name>
        </item>
        <item>
          <updateDate>2016-04-14T12:53:39Z</updateDate>
          <versionCode>82</versionCode>
          <text><![CDATA[<p>(This measure has not been amended since it was introduced. The summary of that version is repeated here.)</p> <p>Designates April 2016 as Financial Literacy Month to raise public awareness about the importance of personal financial education in the United States and the serious consequences that may result from a lack of understanding about personal finances.</p>]]></text>
          <lastSummaryUpdateDate>2016-04-19T20:39:04Z</lastSummaryUpdateDate>
          <actionDate>2016-04-14</actionDate>
          <actionDesc>Passed Senate without amendment</actionDesc>
          <name>Passed Senate without amendment</name>
        </item>
      </billSummaries>
    </summaries>
    <laws />
    <createDate>2016-04-15T06:54:21Z</createDate>
    <titles>
      <item>
        <parentTitleType />
        <titleType>Official Title as Introduced</titleType>
        <title>A resolution designating April 2016 as "Financial Literacy Month".</title>
        <chamberCode />
        <chamberName />
      </item>
      <item>
        <parentTitleType />
        <titleType>Display Title</titleType>
        <title>A resolution designating April 2016 as "Financial Literacy Month".</title>
        <chamberCode />
        <chamberName />
      </item>
    </titles>
    <cboCostEstimates />
    <recordedVotes />
    <billType>SRES</billType>
  </bill>
  <dublinCore xmlns:dc="http://purl.org/dc/elements/1.1/">
    <dc:format>text/xml</dc:format>
    <dc:language>EN</dc:language>
    <dc:rights>Pursuant to Title 17 Section 105 of the United States Code, this file is not subject to copyright protection and is in the public domain.</dc:rights>
    <dc:contributor>Congressional Research Service, Library of Congress</dc:contributor>
    <dc:description>This file contains bill summaries and statuses for federal legislation. A bill summary describes the most significant provisions of a piece of legislation and details the effects the legislative text may have on current law and federal programs. Bill summaries are authored by the Congressional Research Service (CRS) of the Library of Congress. As stated in Public Law 91-510 (2 USC 166 (d)(6)), one of the duties of CRS is "to prepare summaries and digests of bills and resolutions of a public general nature introduced in the Senate or House of Representatives". For more information, refer to the User Guide that accompanies this file.</dc:description>
  </dublinCore>
</billStatus>

