<?xml version="1.0" encoding="UTF-8"?>
<billStatus>
  <bill>
    <amendments />
    <policyArea>
      <name>Animals</name>
    </policyArea>
    <actions>
      <actionTypeCounts>
        <referredToCommittee>1</referredToCommittee>
        <introducedInSenate>1</introducedInSenate>
      </actionTypeCounts>
      <item>
        <actionDate>2016-04-28</actionDate>
        <committee>
          <name>Judiciary Committee</name>
          <systemCode>ssju00</systemCode>
        </committee>
        <links>
          <link>
            <name>S2563-2564</name>
            <url>https://www.congress.gov/congressional-record/volume-162/senate-section/page/S2563-2564</url>
          </link>
        </links>
        <sourceSystem>
          <code>0</code>
          <name>Senate</name>
        </sourceSystem>
        <text>Referred to the Committee on the Judiciary. (text of measure as introduced: CR S2563-2564)</text>
        <type>IntroReferral</type>
      </item>
      <item>
        <text>Introduced in Senate</text>
        <sourceSystem>
          <code>9</code>
          <name>Library of Congress</name>
        </sourceSystem>
        <actionCode>10000</actionCode>
        <actionDate>2016-04-28</actionDate>
        <committee />
        <type>IntroReferral</type>
        <links />
      </item>
      <actionByCounts>
        <senate>2</senate>
      </actionByCounts>
    </actions>
    <cosponsors />
    <subjects>
      <billSubjects>
        <policyArea>
          <name>Animals</name>
        </policyArea>
        <legislativeSubjects>
          <item>
            <name>Animal protection and human-animal relationships</name>
          </item>
          <item>
            <name>Commemorative events and holidays</name>
          </item>
          <item>
            <name>Congressional tributes</name>
          </item>
          <item>
            <name>Mammals</name>
          </item>
          <item>
            <name>Service animals</name>
          </item>
        </legislativeSubjects>
      </billSubjects>
    </subjects>
    <introducedDate>2016-04-28</introducedDate>
    <billNumber>447</billNumber>
    <committeeReports />
    <billType>SRES</billType>
    <titles>
      <item>
        <chamberCode />
        <parentTitleType />
        <title>A resolution designating May 1, 2016, as "National Purebred Dog Day".</title>
        <chamberName />
        <titleType>Official Title as Introduced</titleType>
      </item>
      <item>
        <chamberCode />
        <parentTitleType />
        <title>A resolution designating May 1, 2016, as "National Purebred Dog Day".</title>
        <chamberName />
        <titleType>Display Title</titleType>
      </item>
    </titles>
    <latestAction>
      <text>Referred to the Committee on the Judiciary. (text of measure as introduced: CR S2563-2564)</text>
      <actionDate>2016-04-28</actionDate>
      <links />
    </latestAction>
    <recordedVotes />
    <congress>114</congress>
    <sponsors>
      <item>
        <lastName>Tillis</lastName>
        <fullName>Sen. Tillis, Thom [R-NC]</fullName>
        <state>NC</state>
        <party>R</party>
        <firstName>Thomas</firstName>
        <middleName>Roland</middleName>
        <byRequestType />
        <bioguideId>T000476</bioguideId>
        <identifiers>
          <bioguideId>T000476</bioguideId>
          <gpoId />
          <lisID>2291</lisID>
        </identifiers>
      </item>
    </sponsors>
    <originChamber>Senate</originChamber>
    <relatedBills />
    <notes />
    <laws />
    <summaries>
      <billSummaries>
        <item>
          <text><![CDATA[<p>Designates May 1, 2016, as National Purebred Dog Day.</p> <ul> </ul>]]></text>
          <updateDate>2016-04-28T04:00:00Z</updateDate>
          <lastSummaryUpdateDate>2016-11-18T14:58:43Z</lastSummaryUpdateDate>
          <name>Introduced in Senate</name>
          <actionDate>2016-04-28</actionDate>
          <versionCode>00</versionCode>
          <actionDesc>Introduced in Senate</actionDesc>
        </item>
      </billSummaries>
    </summaries>
    <calendarNumbers />
    <committees>
      <billCommittees>
        <item>
          <systemCode>ssju00</systemCode>
          <activities>
            <item>
              <date>2016-04-28T17:31:53Z</date>
              <name>Referred to</name>
            </item>
          </activities>
          <name>Judiciary Committee</name>
          <chamber>Senate</chamber>
          <subcommittees />
          <type>Standing</type>
        </item>
      </billCommittees>
    </committees>
    <title>A resolution designating May 1, 2016, as "National Purebred Dog Day".</title>
    <createDate>2016-04-29T05:36:55Z</createDate>
    <updateDate>2016-11-22T09:50:16Z</updateDate>
    <cboCostEstimates />
  </bill>
  <dublinCore xmlns:dc="http://purl.org/dc/elements/1.1/">
    <dc:format>text/xml</dc:format>
    <dc:language>EN</dc:language>
    <dc:rights>Pursuant to Title 17 Section 105 of the United States Code, this file is not subject to copyright protection and is in the public domain.</dc:rights>
    <dc:contributor>Congressional Research Service, Library of Congress</dc:contributor>
    <dc:description>This file contains bill summaries and statuses for federal legislation. A bill summary describes the most significant provisions of a piece of legislation and details the effects the legislative text may have on current law and federal programs. Bill summaries are authored by the Congressional Research Service (CRS) of the Library of Congress. As stated in Public Law 91-510 (2 USC 166 (d)(6)), one of the duties of CRS is "to prepare summaries and digests of bills and resolutions of a public general nature introduced in the Senate or House of Representatives". For more information, refer to the User Guide that accompanies this file.</dc:description>
  </dublinCore>
</billStatus>

