<?xml version="1.0" encoding="UTF-8"?>
<billStatus>
  <bill>
    <cboCostEstimates />
    <policyArea>
      <name>Labor and Employment</name>
    </policyArea>
    <notes />
    <committeeReports />
    <titles>
      <item>
        <title>A resolution supporting the goals and ideals of Career and Technical Education Month.</title>
        <chamberName />
        <chamberCode />
        <titleType>Official Title as Introduced</titleType>
        <parentTitleType />
      </item>
      <item>
        <title>A resolution supporting the goals and ideals of Career and Technical Education Month.</title>
        <chamberName />
        <chamberCode />
        <titleType>Display Title</titleType>
        <parentTitleType />
      </item>
    </titles>
    <summaries>
      <billSummaries>
        <item>
          <actionDate>2016-02-09</actionDate>
          <updateDate>2016-02-09T05:00:00Z</updateDate>
          <name>Introduced in Senate</name>
          <lastSummaryUpdateDate>2016-03-21T19:06:58Z</lastSummaryUpdateDate>
          <versionCode>00</versionCode>
          <actionDesc>Introduced in Senate</actionDesc>
          <text><![CDATA[<p>Designates February 2016 as Career and Technical Education Month. Expresses support for the goals and ideals of such month.</p> <p>Recognizes the importance of career and technical education in preparing a well-educated and skilled workforce.</p> <p>Encourages educators, counselors, and administrators to promote career and technical education as an option to students. </p>]]></text>
        </item>
        <item>
          <actionDate>2016-02-09</actionDate>
          <updateDate>2016-02-09T14:31:07Z</updateDate>
          <name>Passed Senate without amendment</name>
          <lastSummaryUpdateDate>2016-03-21T19:07:33Z</lastSummaryUpdateDate>
          <versionCode>82</versionCode>
          <actionDesc>Passed Senate without amendment</actionDesc>
          <text><![CDATA[<p>(This measure has not been amended since it was introduced. The summary of that version is repeated here.)</p> <p>Designates February 2016 as Career and Technical Education Month. Expresses support for the goals and ideals of such month.</p> <p>Recognizes the importance of career and technical education in preparing a well-educated and skilled workforce.</p> <p>Encourages educators, counselors, and administrators to promote career and technical education as an option to students. </p>]]></text>
        </item>
      </billSummaries>
    </summaries>
    <createDate>2016-02-10T05:13:00Z</createDate>
    <recordedVotes />
    <billNumber>367</billNumber>
    <introducedDate>2016-02-09</introducedDate>
    <relatedBills>
      <item>
        <congress>114</congress>
        <type>SRES</type>
        <relationshipDetails>
          <item>
            <identifiedBy>CRS</identifiedBy>
            <type>Related bill</type>
          </item>
        </relationshipDetails>
        <number>94</number>
        <latestAction>
          <actionDate>2015-03-03</actionDate>
          <text>Submitted in the Senate, considered, and agreed to without amendment and with a preamble by Unanimous Consent. (consideration: CR S1256; text as passed Senate: CR S1254)</text>
        </latestAction>
        <latestTitle>A resolution supporting the goals and ideals of Career and Technical Education Month.</latestTitle>
      </item>
    </relatedBills>
    <updateDate>2016-11-02T23:14:14Z</updateDate>
    <committees>
      <billCommittees />
    </committees>
    <congress>114</congress>
    <laws />
    <title>A resolution supporting the goals and ideals of Career and Technical Education Month.</title>
    <calendarNumbers />
    <sponsors>
      <item>
        <identifiers>
          <lisID>2176</lisID>
          <gpoId />
          <bioguideId>K000384</bioguideId>
        </identifiers>
        <byRequestType />
        <fullName>Sen. Kaine, Tim [D-VA]</fullName>
        <firstName>Timothy</firstName>
        <state>VA</state>
        <bioguideId>K000384</bioguideId>
        <middleName />
        <party>D</party>
        <lastName>Kaine</lastName>
      </item>
    </sponsors>
    <actions>
      <actionTypeCounts>
        <passedOrAgreedToInSenateDayOf>1</passedOrAgreedToInSenateDayOf>
        <passedAgreedToInSenate>1</passedAgreedToInSenate>
        <introducedInSenate>1</introducedInSenate>
      </actionTypeCounts>
      <actionByCounts>
        <senate>3</senate>
      </actionByCounts>
      <item>
        <actionDate>2016-02-09</actionDate>
        <committee />
        <links>
          <link>
            <name>S741</name>
            <url>https://www.congress.gov/congressional-record/volume-162/senate-section/page/S741</url>
          </link>
          <link>
            <name>S757</name>
            <url>https://www.congress.gov/congressional-record/volume-162/senate-section/page/S757</url>
          </link>
        </links>
        <sourceSystem>
          <name>Senate</name>
          <code>0</code>
        </sourceSystem>
        <text>Submitted in the Senate, considered, and agreed to without amendment and with a preamble by Unanimous Consent. (consideration: CR S757; text as passed Senate: CR S741)</text>
        <type>Floor</type>
      </item>
      <item>
        <actionCode>17000</actionCode>
        <actionDate>2016-02-09</actionDate>
        <text>Passed/agreed to in Senate: Submitted in the Senate, considered, and agreed to without amendment and with a preamble by Unanimous Consent.(consideration: CR S757; text as passed Senate: CR S741)</text>
        <committee />
        <type>Floor</type>
        <links>
          <link>
            <name>S741</name>
            <url>https://www.congress.gov/congressional-record/volume-162/senate-section/page/S741</url>
          </link>
          <link>
            <name>S757</name>
            <url>https://www.congress.gov/congressional-record/volume-162/senate-section/page/S757</url>
          </link>
        </links>
        <sourceSystem>
          <name>Library of Congress</name>
          <code>9</code>
        </sourceSystem>
      </item>
      <item>
        <actionCode>10000</actionCode>
        <actionDate>2016-02-09</actionDate>
        <text>Introduced in Senate</text>
        <committee />
        <type>IntroReferral</type>
        <links />
        <sourceSystem>
          <name>Library of Congress</name>
          <code>9</code>
        </sourceSystem>
      </item>
    </actions>
    <amendments />
    <originChamber>Senate</originChamber>
    <latestAction>
      <text>Submitted in the Senate, considered, and agreed to without amendment and with a preamble by Unanimous Consent. (consideration: CR S757; text as passed Senate: CR S741)</text>
      <actionDate>2016-02-09</actionDate>
      <links />
    </latestAction>
    <subjects>
      <billSubjects>
        <policyArea>
          <name>Labor and Employment</name>
        </policyArea>
        <legislativeSubjects>
          <item>
            <name>Commemorative events and holidays</name>
          </item>
          <item>
            <name>Employment and training programs</name>
          </item>
          <item>
            <name>Vocational and technical education</name>
          </item>
        </legislativeSubjects>
      </billSubjects>
    </subjects>
    <cosponsors>
      <item>
        <fullName>Sen. Portman, Rob [R-OH]</fullName>
        <firstName>ROB</firstName>
        <state>OH</state>
        <lastName>PORTMAN</lastName>
        <isOriginalCosponsor>True</isOriginalCosponsor>
        <identifiers>
          <gpoId>8266</gpoId>
          <lisID>924</lisID>
          <bioguideId>P000449</bioguideId>
        </identifiers>
        <middleName />
        <sponsorshipWithdrawnDate />
        <party>R</party>
        <sponsorshipDate>2016-02-09</sponsorshipDate>
        <bioguideId>P000449</bioguideId>
      </item>
      <item>
        <fullName>Sen. Baldwin, Tammy [D-WI]</fullName>
        <firstName>TAMMY</firstName>
        <state>WI</state>
        <lastName>BALDWIN</lastName>
        <isOriginalCosponsor>True</isOriginalCosponsor>
        <identifiers>
          <gpoId>8215</gpoId>
          <lisID>1558</lisID>
          <bioguideId>B001230</bioguideId>
        </identifiers>
        <middleName />
        <sponsorshipWithdrawnDate />
        <party>D</party>
        <sponsorshipDate>2016-02-09</sponsorshipDate>
        <bioguideId>B001230</bioguideId>
      </item>
      <item>
        <fullName>Sen. Isakson, Johnny [R-GA]</fullName>
        <firstName>Johnny</firstName>
        <state>GA</state>
        <lastName>Isakson</lastName>
        <isOriginalCosponsor>True</isOriginalCosponsor>
        <identifiers>
          <lisID>1608</lisID>
          <gpoId>8323</gpoId>
          <bioguideId>I000055</bioguideId>
        </identifiers>
        <middleName />
        <sponsorshipWithdrawnDate />
        <party>R</party>
        <sponsorshipDate>2016-02-09</sponsorshipDate>
        <bioguideId>I000055</bioguideId>
      </item>
      <item>
        <fullName>Sen. Warner, Mark R. [D-VA]</fullName>
        <firstName>Mark</firstName>
        <state>VA</state>
        <lastName>Warner</lastName>
        <isOriginalCosponsor>True</isOriginalCosponsor>
        <identifiers>
          <lisID>1897</lisID>
          <gpoId>8269</gpoId>
          <bioguideId>W000805</bioguideId>
        </identifiers>
        <middleName>R.</middleName>
        <sponsorshipWithdrawnDate />
        <party>D</party>
        <sponsorshipDate>2016-02-09</sponsorshipDate>
        <bioguideId>W000805</bioguideId>
      </item>
      <item>
        <fullName>Sen. Murray, Patty [D-WA]</fullName>
        <firstName>PATTY</firstName>
        <state>WA</state>
        <lastName>MURRAY</lastName>
        <isOriginalCosponsor>True</isOriginalCosponsor>
        <identifiers>
          <bioguideId>M001111</bioguideId>
          <gpoId>8237</gpoId>
          <lisID>1409</lisID>
        </identifiers>
        <middleName />
        <sponsorshipWithdrawnDate />
        <party>D</party>
        <sponsorshipDate>2016-02-09</sponsorshipDate>
        <bioguideId>M001111</bioguideId>
      </item>
      <item>
        <fullName>Sen. Blumenthal, Richard [D-CT]</fullName>
        <firstName>Richard</firstName>
        <state>CT</state>
        <lastName>Blumenthal</lastName>
        <isOriginalCosponsor>True</isOriginalCosponsor>
        <identifiers>
          <lisID>2076</lisID>
          <gpoId>8332</gpoId>
          <bioguideId>B001277</bioguideId>
        </identifiers>
        <middleName />
        <sponsorshipWithdrawnDate />
        <party>D</party>
        <sponsorshipDate>2016-02-09</sponsorshipDate>
        <bioguideId>B001277</bioguideId>
      </item>
      <item>
        <fullName>Sen. Franken, Al [D-MN]</fullName>
        <firstName>Al</firstName>
        <state>MN</state>
        <lastName>Franken</lastName>
        <isOriginalCosponsor>True</isOriginalCosponsor>
        <identifiers>
          <lisID>1969</lisID>
          <bioguideId>F000457</bioguideId>
          <gpoId>8339</gpoId>
        </identifiers>
        <middleName />
        <sponsorshipWithdrawnDate />
        <party>D</party>
        <sponsorshipDate>2016-02-09</sponsorshipDate>
        <bioguideId>F000457</bioguideId>
      </item>
      <item>
        <fullName>Sen. Klobuchar, Amy [D-MN]</fullName>
        <firstName>Amy</firstName>
        <state>MN</state>
        <lastName>Klobuchar</lastName>
        <isOriginalCosponsor>True</isOriginalCosponsor>
        <identifiers>
          <lisID>1826</lisID>
          <bioguideId>K000367</bioguideId>
          <gpoId>8249</gpoId>
        </identifiers>
        <middleName />
        <sponsorshipWithdrawnDate />
        <party>D</party>
        <sponsorshipDate>2016-02-09</sponsorshipDate>
        <bioguideId>K000367</bioguideId>
      </item>
      <item>
        <fullName>Sen. Enzi, Michael B. [R-WY]</fullName>
        <firstName>MICHAEL</firstName>
        <state>WY</state>
        <lastName>ENZI</lastName>
        <isOriginalCosponsor>True</isOriginalCosponsor>
        <identifiers>
          <bioguideId>E000285</bioguideId>
          <gpoId>8328</gpoId>
          <lisID>1542</lisID>
        </identifiers>
        <middleName>B.</middleName>
        <sponsorshipWithdrawnDate />
        <party>R</party>
        <sponsorshipDate>2016-02-09</sponsorshipDate>
        <bioguideId>E000285</bioguideId>
      </item>
      <item>
        <fullName>Sen. Shaheen, Jeanne [D-NH]</fullName>
        <firstName>Jeanne</firstName>
        <state>NH</state>
        <lastName>Shaheen</lastName>
        <isOriginalCosponsor>True</isOriginalCosponsor>
        <identifiers>
          <gpoId>8276</gpoId>
          <lisID>1901</lisID>
          <bioguideId>S001181</bioguideId>
        </identifiers>
        <middleName />
        <sponsorshipWithdrawnDate />
        <party>D</party>
        <sponsorshipDate>2016-02-09</sponsorshipDate>
        <bioguideId>S001181</bioguideId>
      </item>
      <item>
        <fullName>Sen. Wyden, Ron [D-OR]</fullName>
        <firstName>RON</firstName>
        <state>OR</state>
        <lastName>WYDEN</lastName>
        <isOriginalCosponsor>True</isOriginalCosponsor>
        <identifiers>
          <bioguideId>W000779</bioguideId>
          <lisID>1247</lisID>
          <gpoId>8265</gpoId>
        </identifiers>
        <middleName />
        <sponsorshipWithdrawnDate />
        <party>D</party>
        <sponsorshipDate>2016-02-09</sponsorshipDate>
        <bioguideId>W000779</bioguideId>
      </item>
      <item>
        <fullName>Sen. Cantwell, Maria [D-WA]</fullName>
        <firstName>MARIA</firstName>
        <state>WA</state>
        <lastName>CANTWELL</lastName>
        <isOriginalCosponsor>True</isOriginalCosponsor>
        <identifiers>
          <bioguideId>C000127</bioguideId>
          <lisID>172</lisID>
          <gpoId>8288</gpoId>
        </identifiers>
        <middleName />
        <sponsorshipWithdrawnDate />
        <party>D</party>
        <sponsorshipDate>2016-02-09</sponsorshipDate>
        <bioguideId>C000127</bioguideId>
      </item>
      <item>
        <fullName>Sen. Ayotte, Kelly [R-NH]</fullName>
        <firstName>Kelly</firstName>
        <state>NH</state>
        <lastName>Ayotte</lastName>
        <isOriginalCosponsor>True</isOriginalCosponsor>
        <identifiers>
          <lisID>2075</lisID>
          <bioguideId>A000368</bioguideId>
          <gpoId>8315</gpoId>
        </identifiers>
        <middleName />
        <sponsorshipWithdrawnDate />
        <party>R</party>
        <sponsorshipDate>2016-02-09</sponsorshipDate>
        <bioguideId>A000368</bioguideId>
      </item>
      <item>
        <fullName>Sen. Coons, Christopher A. [D-DE]</fullName>
        <firstName>Christopher</firstName>
        <state>DE</state>
        <lastName>Coons</lastName>
        <isOriginalCosponsor>True</isOriginalCosponsor>
        <identifiers>
          <lisID>1984</lisID>
          <bioguideId>C001088</bioguideId>
          <gpoId>8297</gpoId>
        </identifiers>
        <middleName>A.</middleName>
        <sponsorshipWithdrawnDate />
        <party>D</party>
        <sponsorshipDate>2016-02-09</sponsorshipDate>
        <bioguideId>C001088</bioguideId>
      </item>
      <item>
        <fullName>Sen. Thune, John [R-SD]</fullName>
        <firstName>JOHN</firstName>
        <state>SD</state>
        <lastName>THUNE</lastName>
        <isOriginalCosponsor>True</isOriginalCosponsor>
        <identifiers>
          <gpoId>8257</gpoId>
          <lisID>1534</lisID>
          <bioguideId>T000250</bioguideId>
        </identifiers>
        <middleName>R.</middleName>
        <sponsorshipWithdrawnDate />
        <party>R</party>
        <sponsorshipDate>2016-02-09</sponsorshipDate>
        <bioguideId>T000250</bioguideId>
      </item>
      <item>
        <fullName>Sen. Boozman, John [R-AR]</fullName>
        <firstName>John</firstName>
        <state>AR</state>
        <lastName>Boozman</lastName>
        <isOriginalCosponsor>True</isOriginalCosponsor>
        <identifiers>
          <gpoId>8247</gpoId>
          <lisID>1687</lisID>
          <bioguideId>B001236</bioguideId>
        </identifiers>
        <middleName />
        <sponsorshipWithdrawnDate />
        <party>R</party>
        <sponsorshipDate>2016-02-09</sponsorshipDate>
        <bioguideId>B001236</bioguideId>
      </item>
      <item>
        <fullName>Sen. Capito, Shelley Moore [R-WV]</fullName>
        <firstName>SHELLEY</firstName>
        <state>WV</state>
        <lastName>CAPITO</lastName>
        <isOriginalCosponsor>True</isOriginalCosponsor>
        <identifiers>
          <lisID>1676</lisID>
          <bioguideId>C001047</bioguideId>
          <gpoId>8223</gpoId>
        </identifiers>
        <middleName>MOORE</middleName>
        <sponsorshipWithdrawnDate />
        <party>R</party>
        <sponsorshipDate>2016-02-09</sponsorshipDate>
        <bioguideId>C001047</bioguideId>
      </item>
      <item>
        <fullName>Sen. Mikulski, Barbara A. [D-MD]</fullName>
        <firstName>BARBARA</firstName>
        <state>MD</state>
        <lastName>MIKULSKI</lastName>
        <isOriginalCosponsor>True</isOriginalCosponsor>
        <identifiers>
          <lisID>802</lisID>
          <gpoId>8240</gpoId>
          <bioguideId>M000702</bioguideId>
        </identifiers>
        <middleName>ANN</middleName>
        <sponsorshipWithdrawnDate />
        <party>D</party>
        <sponsorshipDate>2016-02-09</sponsorshipDate>
        <bioguideId>M000702</bioguideId>
      </item>
      <item>
        <fullName>Sen. Casey, Robert P., Jr. [D-PA]</fullName>
        <firstName>Bob</firstName>
        <state>PA</state>
        <lastName>Casey</lastName>
        <isOriginalCosponsor>True</isOriginalCosponsor>
        <identifiers>
          <lisID>1828</lisID>
          <bioguideId>C001070</bioguideId>
          <gpoId>8282</gpoId>
        </identifiers>
        <middleName />
        <sponsorshipWithdrawnDate />
        <party>D</party>
        <sponsorshipDate>2016-02-09</sponsorshipDate>
        <bioguideId>C001070</bioguideId>
      </item>
      <item>
        <fullName>Sen. Durbin, Richard [D-IL]</fullName>
        <firstName>RICHARD</firstName>
        <state>IL</state>
        <lastName>DURBIN</lastName>
        <isOriginalCosponsor>True</isOriginalCosponsor>
        <identifiers>
          <lisID>326</lisID>
          <gpoId>8326</gpoId>
          <bioguideId>D000563</bioguideId>
        </identifiers>
        <middleName>J.</middleName>
        <sponsorshipWithdrawnDate />
        <party>D</party>
        <sponsorshipDate>2016-02-09</sponsorshipDate>
        <bioguideId>D000563</bioguideId>
      </item>
    </cosponsors>
    <billType>SRES</billType>
  </bill>
  <dublinCore xmlns:dc="http://purl.org/dc/elements/1.1/">
    <dc:format>text/xml</dc:format>
    <dc:language>EN</dc:language>
    <dc:rights>Pursuant to Title 17 Section 105 of the United States Code, this file is not subject to copyright protection and is in the public domain.</dc:rights>
    <dc:contributor>Congressional Research Service, Library of Congress</dc:contributor>
    <dc:description>This file contains bill summaries and statuses for federal legislation. A bill summary describes the most significant provisions of a piece of legislation and details the effects the legislative text may have on current law and federal programs. Bill summaries are authored by the Congressional Research Service (CRS) of the Library of Congress. As stated in Public Law 91-510 (2 USC 166 (d)(6)), one of the duties of CRS is "to prepare summaries and digests of bills and resolutions of a public general nature introduced in the Senate or House of Representatives". For more information, refer to the User Guide that accompanies this file.</dc:description>
  </dublinCore>
</billStatus>

