<?xml version="1.0" encoding="UTF-8"?>
<billStatus>
  <bill>
    <title>A resolution designating the week beginning October 18, 2015, as "National Character Counts Week".</title>
    <updateDate>2016-11-02T23:13:46Z</updateDate>
    <relatedBills>
      <item>
        <latestAction>
          <actionDate>2016-09-15</actionDate>
          <text>Submitted in the Senate, considered, and agreed to without amendment and with a preamble by Unanimous Consent. (consideration: CR S5868; text as passed Senate: CR S5851)</text>
        </latestAction>
        <number>567</number>
        <congress>114</congress>
        <type>SRES</type>
        <latestTitle>A resolution designating the week beginning October 16, 2016, as "National Character Counts Week".</latestTitle>
        <relationshipDetails>
          <item>
            <identifiedBy>CRS</identifiedBy>
            <type>Related bill</type>
          </item>
        </relationshipDetails>
      </item>
    </relatedBills>
    <introducedDate>2015-10-01</introducedDate>
    <originChamber>Senate</originChamber>
    <cboCostEstimates />
    <policyArea>
      <name>Education</name>
    </policyArea>
    <congress>114</congress>
    <billNumber>276</billNumber>
    <billType>SRES</billType>
    <amendments />
    <recordedVotes />
    <committees>
      <billCommittees />
    </committees>
    <laws />
    <subjects>
      <billSubjects>
        <legislativeSubjects>
          <item>
            <name>Commemorative events and holidays</name>
          </item>
          <item>
            <name>Community life and organization</name>
          </item>
          <item>
            <name>Elementary and secondary education</name>
          </item>
          <item>
            <name>Public participation and lobbying</name>
          </item>
        </legislativeSubjects>
        <policyArea>
          <name>Education</name>
        </policyArea>
      </billSubjects>
    </subjects>
    <notes />
    <committeeReports />
    <actions>
      <actionByCounts>
        <senate>3</senate>
      </actionByCounts>
      <item>
        <actionDate>2015-10-01</actionDate>
        <committee />
        <links>
          <link>
            <name>S7106</name>
            <url>https://www.congress.gov/congressional-record/volume-161/senate-section/page/S7106</url>
          </link>
          <link>
            <name>S7107</name>
            <url>https://www.congress.gov/congressional-record/volume-161/senate-section/page/S7107</url>
          </link>
        </links>
        <sourceSystem>
          <name>Senate</name>
          <code>0</code>
        </sourceSystem>
        <text>Submitted in the Senate, considered, and agreed to without amendment and with a preamble by Unanimous Consent. (consideration: CR S7107; text as passed Senate: CR S7106)</text>
        <type>Floor</type>
      </item>
      <item>
        <actionDate>2015-10-01</actionDate>
        <actionCode>17000</actionCode>
        <sourceSystem>
          <name>Library of Congress</name>
          <code>9</code>
        </sourceSystem>
        <links>
          <link>
            <name>S7106</name>
            <url>https://www.congress.gov/congressional-record/volume-161/senate-section/page/S7106</url>
          </link>
          <link>
            <name>S7107</name>
            <url>https://www.congress.gov/congressional-record/volume-161/senate-section/page/S7107</url>
          </link>
        </links>
        <committee />
        <text>Passed/agreed to in Senate: Submitted in the Senate, considered, and agreed to without amendment and with a preamble by Unanimous Consent.(consideration: CR S7107; text as passed Senate: CR S7106)</text>
        <type>Floor</type>
      </item>
      <item>
        <actionDate>2015-10-01</actionDate>
        <actionCode>10000</actionCode>
        <sourceSystem>
          <name>Library of Congress</name>
          <code>9</code>
        </sourceSystem>
        <links />
        <committee />
        <text>Introduced in Senate</text>
        <type>IntroReferral</type>
      </item>
      <actionTypeCounts>
        <introducedInSenate>1</introducedInSenate>
        <passedOrAgreedToInSenateDayOf>1</passedOrAgreedToInSenateDayOf>
        <passedAgreedToInSenate>1</passedAgreedToInSenate>
      </actionTypeCounts>
    </actions>
    <calendarNumbers />
    <latestAction>
      <links />
      <actionDate>2015-10-01</actionDate>
      <text>Submitted in the Senate, considered, and agreed to without amendment and with a preamble by Unanimous Consent. (consideration: CR S7107; text as passed Senate: CR S7106)</text>
    </latestAction>
    <titles>
      <item>
        <chamberCode />
        <chamberName />
        <title>A resolution designating the week beginning October 18, 2015, as "National Character Counts Week".</title>
        <parentTitleType />
        <titleType>Official Title as Introduced</titleType>
      </item>
      <item>
        <chamberCode />
        <chamberName />
        <title>A resolution designating the week beginning October 18, 2015, as "National Character Counts Week".</title>
        <parentTitleType />
        <titleType>Display Title</titleType>
      </item>
    </titles>
    <summaries>
      <billSummaries>
        <item>
          <versionCode>00</versionCode>
          <actionDate>2015-10-01</actionDate>
          <text><![CDATA[<p>Designates the week beginning October 18, 2015, as National Character Counts Week.</p>]]></text>
          <name>Introduced in Senate</name>
          <lastSummaryUpdateDate>2015-11-06T15:47:30Z</lastSummaryUpdateDate>
          <updateDate>2015-10-01T04:00:00Z</updateDate>
          <actionDesc>Introduced in Senate</actionDesc>
        </item>
        <item>
          <versionCode>82</versionCode>
          <actionDate>2015-10-01</actionDate>
          <text><![CDATA[<p>(This measure has not been amended since it was introduced. The summary of that version is repeated here.)</p> <p>Designates the week beginning October 18, 2015, as National Character Counts Week.</p>]]></text>
          <name>Passed Senate without amendment</name>
          <lastSummaryUpdateDate>2015-11-06T15:48:02Z</lastSummaryUpdateDate>
          <updateDate>2015-10-01T16:29:23Z</updateDate>
          <actionDesc>Passed Senate without amendment</actionDesc>
        </item>
      </billSummaries>
    </summaries>
    <createDate>2015-10-02T12:58:01Z</createDate>
    <sponsors>
      <item>
        <state>IA</state>
        <fullName>Sen. Grassley, Chuck [R-IA]</fullName>
        <middleName>ERNEST</middleName>
        <identifiers>
          <bioguideId>G000386</bioguideId>
          <lisID>457</lisID>
          <gpoId>8316</gpoId>
        </identifiers>
        <firstName>CHARLES</firstName>
        <lastName>GRASSLEY</lastName>
        <bioguideId>G000386</bioguideId>
        <byRequestType />
        <party>R</party>
      </item>
    </sponsors>
    <cosponsors>
      <item>
        <state>MI</state>
        <fullName>Sen. Stabenow, Debbie [D-MI]</fullName>
        <sponsorshipDate>2015-10-01</sponsorshipDate>
        <middleName>ANN</middleName>
        <identifiers>
          <gpoId>8261</gpoId>
          <lisID>1531</lisID>
          <bioguideId>S000770</bioguideId>
        </identifiers>
        <firstName>DEBORAH</firstName>
        <lastName>STABENOW</lastName>
        <bioguideId>S000770</bioguideId>
        <isOriginalCosponsor>True</isOriginalCosponsor>
        <sponsorshipWithdrawnDate />
        <party>D</party>
      </item>
      <item>
        <state>WY</state>
        <fullName>Sen. Enzi, Michael B. [R-WY]</fullName>
        <sponsorshipDate>2015-10-01</sponsorshipDate>
        <middleName>B.</middleName>
        <identifiers>
          <lisID>1542</lisID>
          <gpoId>8328</gpoId>
          <bioguideId>E000285</bioguideId>
        </identifiers>
        <firstName>MICHAEL</firstName>
        <lastName>ENZI</lastName>
        <bioguideId>E000285</bioguideId>
        <isOriginalCosponsor>True</isOriginalCosponsor>
        <sponsorshipWithdrawnDate />
        <party>R</party>
      </item>
      <item>
        <state>IN</state>
        <fullName>Sen. Donnelly, Joe [D-IN]</fullName>
        <sponsorshipDate>2015-10-01</sponsorshipDate>
        <middleName />
        <identifiers>
          <gpoId>7941</gpoId>
          <lisID>1850</lisID>
          <bioguideId>D000607</bioguideId>
        </identifiers>
        <firstName>Joe</firstName>
        <lastName>Donnelly</lastName>
        <bioguideId>D000607</bioguideId>
        <isOriginalCosponsor>True</isOriginalCosponsor>
        <sponsorshipWithdrawnDate />
        <party>D</party>
      </item>
      <item>
        <state>TN</state>
        <fullName>Sen. Alexander, Lamar [R-TN]</fullName>
        <sponsorshipDate>2015-10-01</sponsorshipDate>
        <middleName />
        <identifiers>
          <lisID>1695</lisID>
          <bioguideId>A000360</bioguideId>
          <gpoId>8304</gpoId>
        </identifiers>
        <firstName>Lamar</firstName>
        <lastName>Alexander</lastName>
        <bioguideId>A000360</bioguideId>
        <isOriginalCosponsor>True</isOriginalCosponsor>
        <sponsorshipWithdrawnDate />
        <party>R</party>
      </item>
      <item>
        <state>MS</state>
        <fullName>Sen. Cochran, Thad [R-MS]</fullName>
        <sponsorshipDate>2015-10-01</sponsorshipDate>
        <middleName />
        <identifiers>
          <lisID>213</lisID>
          <bioguideId>C000567</bioguideId>
          <gpoId>8292</gpoId>
        </identifiers>
        <firstName>Thad</firstName>
        <lastName>Cochran</lastName>
        <bioguideId>C000567</bioguideId>
        <isOriginalCosponsor>True</isOriginalCosponsor>
        <sponsorshipWithdrawnDate />
        <party>R</party>
      </item>
      <item>
        <state>CA</state>
        <fullName>Sen. Feinstein, Dianne [D-CA]</fullName>
        <sponsorshipDate>2015-10-01</sponsorshipDate>
        <middleName />
        <identifiers>
          <bioguideId>F000062</bioguideId>
          <gpoId>8338</gpoId>
          <lisID>1332</lisID>
        </identifiers>
        <firstName>DIANNE</firstName>
        <lastName>FEINSTEIN</lastName>
        <bioguideId>F000062</bioguideId>
        <isOriginalCosponsor>True</isOriginalCosponsor>
        <sponsorshipWithdrawnDate />
        <party>D</party>
      </item>
    </cosponsors>
  </bill>
  <dublinCore xmlns:dc="http://purl.org/dc/elements/1.1/">
    <dc:format>text/xml</dc:format>
    <dc:language>EN</dc:language>
    <dc:rights>Pursuant to Title 17 Section 105 of the United States Code, this file is not subject to copyright protection and is in the public domain.</dc:rights>
    <dc:contributor>Congressional Research Service, Library of Congress</dc:contributor>
    <dc:description>This file contains bill summaries and statuses for federal legislation. A bill summary describes the most significant provisions of a piece of legislation and details the effects the legislative text may have on current law and federal programs. Bill summaries are authored by the Congressional Research Service (CRS) of the Library of Congress. As stated in Public Law 91-510 (2 USC 166 (d)(6)), one of the duties of CRS is "to prepare summaries and digests of bills and resolutions of a public general nature introduced in the Senate or House of Representatives". For more information, refer to the User Guide that accompanies this file.</dc:description>
  </dublinCore>
</billStatus>

