<?xml version="1.0" encoding="UTF-8"?>
<billStatus>
  <bill>
    <latestAction>
      <text>Submitted in the Senate. Placed on Senate Legislative Calendar under Over, Under the Rule. (text of measure as introduced: CR S21)</text>
      <links />
      <actionDate>2015-01-06</actionDate>
    </latestAction>
    <policyArea>
      <name>Congress</name>
    </policyArea>
    <amendments />
    <relatedBills>
      <item>
        <latestTitle>A resolution making majority party appointments for the 114th Congress.</latestTitle>
        <latestAction>
          <text>Submitted in the Senate, considered, and agreed to without amendment by Unanimous Consent. (consideration: CR S67; text as passed Senate: CR S67; text of measure as introduced: CR S66)</text>
          <actionDate>2015-01-07</actionDate>
        </latestAction>
        <number>21</number>
        <relationshipDetails>
          <item>
            <identifiedBy>CRS</identifiedBy>
            <type>Related bill</type>
          </item>
        </relationshipDetails>
        <type>SRES</type>
        <congress>114</congress>
      </item>
    </relatedBills>
    <billNumber>18</billNumber>
    <updateDate>2016-11-02T23:12:17Z</updateDate>
    <sponsors>
      <item>
        <fullName>Sen. McConnell, Mitch [R-KY]</fullName>
        <firstName>MITCH</firstName>
        <lastName>MCCONNELL</lastName>
        <identifiers>
          <lisID>1395</lisID>
          <bioguideId>M000355</bioguideId>
          <gpoId>8254</gpoId>
        </identifiers>
        <state>KY</state>
        <middleName />
        <party>R</party>
        <byRequestType />
        <bioguideId>M000355</bioguideId>
      </item>
    </sponsors>
    <notes />
    <originChamber>Senate</originChamber>
    <subjects>
      <billSubjects>
        <policyArea>
          <name>Congress</name>
        </policyArea>
        <legislativeSubjects>
          <item>
            <name>Congressional committees</name>
          </item>
          <item>
            <name>Joint Economic Committee</name>
          </item>
          <item>
            <name>Members of Congress</name>
          </item>
          <item>
            <name>Senate</name>
          </item>
          <item>
            <name>Senate Committee on Agriculture, Nutrition, and Forestry</name>
          </item>
          <item>
            <name>Senate Committee on Appropriations</name>
          </item>
          <item>
            <name>Senate Committee on Armed Services</name>
          </item>
          <item>
            <name>Senate Committee on Banking, Housing, and Urban Affairs</name>
          </item>
          <item>
            <name>Senate Committee on Commerce, Science, and Transportation</name>
          </item>
          <item>
            <name>Senate Committee on Energy and Natural Resources</name>
          </item>
          <item>
            <name>Senate Committee on Environment and Public Works</name>
          </item>
          <item>
            <name>Senate Committee on Finance</name>
          </item>
          <item>
            <name>Senate Committee on Foreign Relations</name>
          </item>
          <item>
            <name>Senate Committee on Health, Education, Labor, and Pensions</name>
          </item>
          <item>
            <name>Senate Committee on Homeland Security and Governmental Affairs</name>
          </item>
          <item>
            <name>Senate Committee on Indian Affairs</name>
          </item>
          <item>
            <name>Senate Committee on Rules and Administration</name>
          </item>
          <item>
            <name>Senate Committee on Small Business and Entrepreneurship</name>
          </item>
          <item>
            <name>Senate Committee on Veterans' Affairs</name>
          </item>
          <item>
            <name>Senate Committee on the Budget</name>
          </item>
          <item>
            <name>Senate Committee on the Judiciary</name>
          </item>
          <item>
            <name>Senate Select Committee on Ethics</name>
          </item>
          <item>
            <name>Senate Select Committee on Intelligence</name>
          </item>
          <item>
            <name>Senate Special Committee on Aging</name>
          </item>
        </legislativeSubjects>
      </billSubjects>
    </subjects>
    <committees>
      <billCommittees />
    </committees>
    <cosponsors />
    <calendarNumbers />
    <committeeReports />
    <congress>114</congress>
    <title>A resolution making majority party appointments for the 114th Congress.</title>
    <introducedDate>2015-01-06</introducedDate>
    <actions>
      <actionByCounts>
        <senate>2</senate>
      </actionByCounts>
      <item>
        <actionDate>2015-01-06</actionDate>
        <committee />
        <links>
          <link>
            <name>S21</name>
            <url>https://www.congress.gov/congressional-record/volume-161/senate-section/page/S21</url>
          </link>
        </links>
        <sourceSystem>
          <name>Senate</name>
          <code>0</code>
        </sourceSystem>
        <text>Submitted in the Senate. Placed on Senate Legislative Calendar under Over, Under the Rule. (text of measure as introduced: CR S21)</text>
        <type>Calendars</type>
      </item>
      <item>
        <actionDate>2015-01-06</actionDate>
        <actionCode>10000</actionCode>
        <sourceSystem>
          <name>Library of Congress</name>
          <code>9</code>
        </sourceSystem>
        <links />
        <committee />
        <text>Introduced in Senate</text>
        <type>IntroReferral</type>
      </item>
      <actionTypeCounts>
        <placedOnCalendarSection>1</placedOnCalendarSection>
        <introducedInSenate>1</introducedInSenate>
      </actionTypeCounts>
    </actions>
    <summaries>
      <billSummaries>
        <item>
          <updateDate>2015-01-06T05:00:00Z</updateDate>
          <versionCode>00</versionCode>
          <text><![CDATA[<p>Designates the majority party membership on specified Senate committees for the 114th Congress.</p>]]></text>
          <lastSummaryUpdateDate>2015-01-20T21:12:05Z</lastSummaryUpdateDate>
          <actionDate>2015-01-06</actionDate>
          <actionDesc>Introduced in Senate</actionDesc>
          <name>Introduced in Senate</name>
        </item>
      </billSummaries>
    </summaries>
    <laws />
    <createDate>2015-01-07T08:31:10Z</createDate>
    <titles>
      <item>
        <titleType>Official Title as Introduced</titleType>
        <parentTitleType />
        <title>A resolution making majority party appointments for the 114th Congress.</title>
        <chamberName />
        <chamberCode />
      </item>
      <item>
        <titleType>Display Title</titleType>
        <parentTitleType />
        <title>A resolution making majority party appointments for the 114th Congress.</title>
        <chamberName />
        <chamberCode />
      </item>
    </titles>
    <cboCostEstimates />
    <recordedVotes />
    <billType>SRES</billType>
  </bill>
  <dublinCore xmlns:dc="http://purl.org/dc/elements/1.1/">
    <dc:format>text/xml</dc:format>
    <dc:language>EN</dc:language>
    <dc:rights>Pursuant to Title 17 Section 105 of the United States Code, this file is not subject to copyright protection and is in the public domain.</dc:rights>
    <dc:contributor>Congressional Research Service, Library of Congress</dc:contributor>
    <dc:description>This file contains bill summaries and statuses for federal legislation. A bill summary describes the most significant provisions of a piece of legislation and details the effects the legislative text may have on current law and federal programs. Bill summaries are authored by the Congressional Research Service (CRS) of the Library of Congress. As stated in Public Law 91-510 (2 USC 166 (d)(6)), one of the duties of CRS is "to prepare summaries and digests of bills and resolutions of a public general nature introduced in the Senate or House of Representatives". For more information, refer to the User Guide that accompanies this file.</dc:description>
  </dublinCore>
</billStatus>

