<?xml version="1.0" encoding="UTF-8"?>
<billStatus>
  <bill>
    <billType>SRES</billType>
    <laws />
    <recordedVotes />
    <actions>
      <item>
        <actionDate>2016-06-06</actionDate>
        <committee />
        <links>
          <link>
            <name>S3415</name>
            <url>https://www.congress.gov/congressional-record/volume-162/senate-section/page/S3415</url>
          </link>
          <link>
            <name>S3470</name>
            <url>https://www.congress.gov/congressional-record/volume-162/senate-section/page/S3470</url>
          </link>
        </links>
        <sourceSystem>
          <code>0</code>
          <name>Senate</name>
        </sourceSystem>
        <text>Submitted in the Senate, considered, and agreed to without amendment by Unanimous Consent. (consideration: CR S3470; text as passed Senate: CR S3415)</text>
        <type>Floor</type>
      </item>
      <item>
        <text>Passed/agreed to in Senate: Submitted in the Senate, considered, and agreed to without amendment by Unanimous Consent.(consideration: CR S3470; text as passed Senate: CR S3415)</text>
        <committee />
        <actionCode>17000</actionCode>
        <sourceSystem>
          <code>9</code>
          <name>Library of Congress</name>
        </sourceSystem>
        <type>Floor</type>
        <actionDate>2016-06-06</actionDate>
        <links>
          <link>
            <name>S3415</name>
            <url>https://www.congress.gov/congressional-record/volume-162/senate-section/page/S3415</url>
          </link>
          <link>
            <name>S3470</name>
            <url>https://www.congress.gov/congressional-record/volume-162/senate-section/page/S3470</url>
          </link>
        </links>
      </item>
      <item>
        <text>Introduced in Senate</text>
        <committee />
        <actionCode>10000</actionCode>
        <sourceSystem>
          <code>9</code>
          <name>Library of Congress</name>
        </sourceSystem>
        <type>IntroReferral</type>
        <actionDate>2016-06-06</actionDate>
        <links />
      </item>
      <actionByCounts>
        <senate>3</senate>
      </actionByCounts>
      <actionTypeCounts>
        <passedAgreedToInSenate>1</passedAgreedToInSenate>
        <introducedInSenate>1</introducedInSenate>
        <passedOrAgreedToInSenateDayOf>1</passedOrAgreedToInSenateDayOf>
      </actionTypeCounts>
    </actions>
    <billNumber>484</billNumber>
    <policyArea>
      <name>Congress</name>
    </policyArea>
    <notes />
    <latestAction>
      <actionDate>2016-06-06</actionDate>
      <links />
      <text>Submitted in the Senate, considered, and agreed to without amendment by Unanimous Consent. (consideration: CR S3470; text as passed Senate: CR S3415)</text>
    </latestAction>
    <relatedBills />
    <committees>
      <billCommittees />
    </committees>
    <cosponsors>
      <item>
        <state>NV</state>
        <bioguideId>R000146</bioguideId>
        <isOriginalCosponsor>True</isOriginalCosponsor>
        <fullName>Sen. Reid, Harry [D-NV]</fullName>
        <lastName>REID</lastName>
        <identifiers>
          <bioguideId>R000146</bioguideId>
          <lisID>952</lisID>
          <gpoId>8271</gpoId>
        </identifiers>
        <sponsorshipWithdrawnDate />
        <middleName>M.</middleName>
        <sponsorshipDate>2016-06-06</sponsorshipDate>
        <party>D</party>
        <firstName>HARRY</firstName>
      </item>
    </cosponsors>
    <committeeReports />
    <sponsors>
      <item>
        <fullName>Sen. McConnell, Mitch [R-KY]</fullName>
        <firstName>MITCH</firstName>
        <lastName>MCCONNELL</lastName>
        <state>KY</state>
        <party>R</party>
        <bioguideId>M000355</bioguideId>
        <identifiers>
          <lisID>1395</lisID>
          <gpoId>8254</gpoId>
          <bioguideId>M000355</bioguideId>
        </identifiers>
        <middleName />
        <byRequestType />
      </item>
    </sponsors>
    <createDate>2016-06-07T07:35:56Z</createDate>
    <updateDate>2016-11-02T23:14:48Z</updateDate>
    <introducedDate>2016-06-06</introducedDate>
    <summaries>
      <billSummaries>
        <item>
          <updateDate>2016-06-06T04:00:00Z</updateDate>
          <lastSummaryUpdateDate>2016-06-09T19:10:43Z</lastSummaryUpdateDate>
          <actionDate>2016-06-06</actionDate>
          <text><![CDATA[<p>Suspends specified provisions of Rule IV of the Rules for the Regulation of the Senate Wing of the U.S. Capitol (prohibiting the taking of pictures in the Senate Chamber) to permit the Senate Photographic Studio to photograph the U.S. Senate in actual session on Tuesday, June 14, 2016, at 2:15 p.m.<br> </p>]]></text>
          <name>Introduced in Senate</name>
          <versionCode>00</versionCode>
          <actionDesc>Introduced in Senate</actionDesc>
        </item>
        <item>
          <updateDate>2016-06-06T18:12:12Z</updateDate>
          <lastSummaryUpdateDate>2016-06-09T20:29:01Z</lastSummaryUpdateDate>
          <actionDate>2016-06-06</actionDate>
          <text><![CDATA[<p>(This measure has not been amended since it was introduced. The summary of that version is repeated here.)</p> <p>Suspends specified provisions of Rule IV of the Rules for the Regulation of the Senate Wing of the U.S. Capitol (prohibiting the taking of pictures in the Senate Chamber) to permit the Senate Photographic Studio to photograph the U.S. Senate in actual session on Tuesday, June 14, 2016, at 2:15 p.m.<br> </p>]]></text>
          <name>Passed Senate without amendment</name>
          <versionCode>82</versionCode>
          <actionDesc>Passed Senate without amendment</actionDesc>
        </item>
      </billSummaries>
    </summaries>
    <title>A resolution authorizing the taking of a photograph in the Senate Chamber.</title>
    <cboCostEstimates />
    <subjects>
      <billSubjects>
        <policyArea>
          <name>Congress</name>
        </policyArea>
        <legislativeSubjects>
          <item>
            <name>Legislative rules and procedure</name>
          </item>
          <item>
            <name>Photography and imaging</name>
          </item>
          <item>
            <name>Senate</name>
          </item>
          <item>
            <name>U.S. Capitol</name>
          </item>
        </legislativeSubjects>
      </billSubjects>
    </subjects>
    <amendments />
    <calendarNumbers />
    <congress>114</congress>
    <titles>
      <item>
        <title>A resolution authorizing the taking of a photograph in the Senate Chamber.</title>
        <chamberCode />
        <chamberName />
        <titleType>Official Title as Introduced</titleType>
        <parentTitleType />
      </item>
      <item>
        <title>A resolution authorizing the taking of a photograph in the Senate Chamber.</title>
        <chamberCode />
        <chamberName />
        <titleType>Display Title</titleType>
        <parentTitleType />
      </item>
    </titles>
    <originChamber>Senate</originChamber>
  </bill>
  <dublinCore xmlns:dc="http://purl.org/dc/elements/1.1/">
    <dc:format>text/xml</dc:format>
    <dc:language>EN</dc:language>
    <dc:rights>Pursuant to Title 17 Section 105 of the United States Code, this file is not subject to copyright protection and is in the public domain.</dc:rights>
    <dc:contributor>Congressional Research Service, Library of Congress</dc:contributor>
    <dc:description>This file contains bill summaries and statuses for federal legislation. A bill summary describes the most significant provisions of a piece of legislation and details the effects the legislative text may have on current law and federal programs. Bill summaries are authored by the Congressional Research Service (CRS) of the Library of Congress. As stated in Public Law 91-510 (2 USC 166 (d)(6)), one of the duties of CRS is "to prepare summaries and digests of bills and resolutions of a public general nature introduced in the Senate or House of Representatives". For more information, refer to the User Guide that accompanies this file.</dc:description>
  </dublinCore>
</billStatus>

