<?xml version="1.0" encoding="UTF-8"?>
<billStatus>
  <bill>
    <committees>
      <billCommittees>
        <item>
          <subcommittees />
          <chamber>Senate</chamber>
          <systemCode>ssfr00</systemCode>
          <activities>
            <item>
              <date>2015-02-12T23:33:36Z</date>
              <name>Discharged from</name>
            </item>
            <item>
              <date>2015-01-29T00:18:25Z</date>
              <name>Referred to</name>
            </item>
          </activities>
          <type>Standing</type>
          <name>Foreign Relations Committee</name>
        </item>
      </billCommittees>
    </committees>
    <congress>114</congress>
    <billNumber>52</billNumber>
    <updateDate>2016-11-02T23:12:29Z</updateDate>
    <calendarNumbers />
    <policyArea>
      <name>International Affairs</name>
    </policyArea>
    <summaries>
      <billSummaries>
        <item>
          <versionCode>00</versionCode>
          <actionDate>2015-01-28</actionDate>
          <text><![CDATA[<p>Condemns the government of the Russian Federation for its illegal imprisonment of Nadiya Savchenko, and calls on the government of the Russian Federation to release her immediately.</p> <p>Calls on the United States, its European allies, and the international community to support efforts to release Nadiya Savchenko and other illegally detained persons.</p> <p> Expresses solidarity with the Ukrainian people.</p>]]></text>
          <lastSummaryUpdateDate>2015-01-29T20:15:47Z</lastSummaryUpdateDate>
          <actionDesc>Introduced in Senate</actionDesc>
          <name>Introduced in Senate</name>
          <updateDate>2015-01-28T05:00:00Z</updateDate>
        </item>
        <item>
          <versionCode>35</versionCode>
          <actionDate>2015-02-12</actionDate>
          <text><![CDATA[<p>Condemns the government of the Russian Federation for its illegal imprisonment of Nadiya Savchenko, and calls on the government of the Russian Federation to release her immediately.</p> <p>Calls on the United States, its European allies, and the international community to support efforts to release Nadiya Savchenko. </p> <p> Expresses solidarity with the Ukrainian people.</p>]]></text>
          <lastSummaryUpdateDate>2015-02-18T15:27:02Z</lastSummaryUpdateDate>
          <actionDesc>Passed Senate amended</actionDesc>
          <name>Passed Senate amended</name>
          <updateDate>2015-02-12T18:42:24Z</updateDate>
        </item>
      </billSummaries>
    </summaries>
    <title>A resolution calling for the release of Ukrainian fighter pilot Nadiya Savchenko, who was captured by Russian forces in Eastern Ukraine and has been held illegally in a Russian prison since July 2014.</title>
    <laws />
    <cosponsors>
      <item>
        <fullName>Sen. Wicker, Roger F. [R-MS]</fullName>
        <firstName>ROGER</firstName>
        <state>MS</state>
        <lastName>WICKER</lastName>
        <isOriginalCosponsor>True</isOriginalCosponsor>
        <identifiers>
          <gpoId>8263</gpoId>
          <lisID>1226</lisID>
          <bioguideId>W000437</bioguideId>
        </identifiers>
        <middleName>F.</middleName>
        <sponsorshipWithdrawnDate />
        <party>R</party>
        <sponsorshipDate>2015-01-28</sponsorshipDate>
        <bioguideId>W000437</bioguideId>
      </item>
      <item>
        <fullName>Sen. Brown, Sherrod [D-OH]</fullName>
        <firstName>SHERROD</firstName>
        <state>OH</state>
        <lastName>BROWN</lastName>
        <isOriginalCosponsor>False</isOriginalCosponsor>
        <identifiers>
          <lisID>136</lisID>
          <bioguideId>B000944</bioguideId>
          <gpoId>8309</gpoId>
        </identifiers>
        <middleName />
        <sponsorshipWithdrawnDate />
        <party>D</party>
        <sponsorshipDate>2015-02-03</sponsorshipDate>
        <bioguideId>B000944</bioguideId>
      </item>
      <item>
        <fullName>Sen. Gardner, Cory [R-CO]</fullName>
        <firstName>Cory</firstName>
        <state>CO</state>
        <lastName>Gardner</lastName>
        <isOriginalCosponsor>False</isOriginalCosponsor>
        <identifiers>
          <bioguideId>G000562</bioguideId>
          <lisID>1998</lisID>
          <gpoId>7862</gpoId>
        </identifiers>
        <middleName />
        <sponsorshipWithdrawnDate />
        <party>R</party>
        <sponsorshipDate>2015-02-10</sponsorshipDate>
        <bioguideId>G000562</bioguideId>
      </item>
      <item>
        <fullName>Sen. Rubio, Marco [R-FL]</fullName>
        <firstName>Marco</firstName>
        <state>FL</state>
        <lastName>Rubio</lastName>
        <isOriginalCosponsor>False</isOriginalCosponsor>
        <identifiers>
          <lisID>2084</lisID>
          <bioguideId>R000595</bioguideId>
          <gpoId>8242</gpoId>
        </identifiers>
        <middleName />
        <sponsorshipWithdrawnDate />
        <party>R</party>
        <sponsorshipDate>2015-02-12</sponsorshipDate>
        <bioguideId>R000595</bioguideId>
      </item>
    </cosponsors>
    <billType>SRES</billType>
    <cboCostEstimates />
    <recordedVotes />
    <relatedBills>
      <item>
        <congress>114</congress>
        <type>HRES</type>
        <relationshipDetails>
          <item>
            <identifiedBy>CRS</identifiedBy>
            <type>Related bill</type>
          </item>
        </relationshipDetails>
        <number>50</number>
        <latestAction>
          <actionDate>2015-09-22</actionDate>
          <actionTime>16:05:32</actionTime>
          <text>Motion to reconsider laid on the table Agreed to without objection.</text>
        </latestAction>
        <latestTitle>Calling for the release of Ukrainian fighter pilot Nadiya Savchenko, who was captured by Russian forces in Eastern Ukraine and has been held illegally in a Russian prison since July 2014.</latestTitle>
      </item>
    </relatedBills>
    <actions>
      <actionTypeCounts>
        <referredToCommittee>1</referredToCommittee>
        <committeeDischarged>1</committeeDischarged>
        <senateCommitteeDischarged>1</senateCommitteeDischarged>
        <introducedInSenate>1</introducedInSenate>
        <passedAgreedToInSenate>1</passedAgreedToInSenate>
        <measureLaidBeforeSenate>1</measureLaidBeforeSenate>
        <agreedToInSenate>1</agreedToInSenate>
      </actionTypeCounts>
      <actionByCounts>
        <senate>7</senate>
      </actionByCounts>
      <item>
        <actionDate>2015-02-12</actionDate>
        <committee />
        <links>
          <link>
            <url>https://www.congress.gov/congressional-record/volume-161/senate-section/page/S1011</url>
            <name>S1011</name>
          </link>
        </links>
        <sourceSystem>
          <name>Senate</name>
          <code>0</code>
        </sourceSystem>
        <text>Resolution agreed to in Senate with an amendment and with a preamble by Unanimous Consent. (text: CR S1011)</text>
        <type>Floor</type>
      </item>
      <item>
        <text>Passed/agreed to in Senate: Resolution agreed to in Senate with an amendment and with a preamble by Unanimous Consent.(text: CR S1011)</text>
        <sourceSystem>
          <name>Library of Congress</name>
          <code>9</code>
        </sourceSystem>
        <committee />
        <type>Floor</type>
        <links>
          <link>
            <url>https://www.congress.gov/congressional-record/volume-161/senate-section/page/S1011</url>
            <name>S1011</name>
          </link>
        </links>
        <actionCode>17000</actionCode>
        <actionDate>2015-02-12</actionDate>
      </item>
      <item>
        <actionDate>2015-02-12</actionDate>
        <committee />
        <links>
          <link>
            <url>https://www.congress.gov/congressional-record/volume-161/senate-section/page/S1010-1011</url>
            <name>S1010-1011</name>
          </link>
        </links>
        <sourceSystem>
          <name>Senate</name>
          <code>0</code>
        </sourceSystem>
        <text>Measure laid before Senate by unanimous consent. (consideration: CR S1010-1011)</text>
        <type>Floor</type>
      </item>
      <item>
        <actionDate>2015-02-12</actionDate>
        <committee>
          <name>Foreign Relations Committee</name>
          <systemCode>ssfr00</systemCode>
        </committee>
        <links />
        <sourceSystem>
          <name>Senate</name>
          <code>0</code>
        </sourceSystem>
        <text>Senate Committee on Foreign Relations discharged by Unanimous Consent.</text>
        <type>Discharge</type>
      </item>
      <item>
        <text>Senate Committee on Foreign Relations discharged by Unanimous Consent.</text>
        <sourceSystem>
          <name>Library of Congress</name>
          <code>9</code>
        </sourceSystem>
        <committee>
          <name>Foreign Relations Committee</name>
          <systemCode>ssfr00</systemCode>
        </committee>
        <type>Committee</type>
        <links />
        <actionCode>14500</actionCode>
        <actionDate>2015-02-12</actionDate>
      </item>
      <item>
        <actionDate>2015-01-28</actionDate>
        <committee>
          <name>Foreign Relations Committee</name>
          <systemCode>ssfr00</systemCode>
        </committee>
        <links>
          <link>
            <url>https://www.congress.gov/congressional-record/volume-161/senate-section/page/S607</url>
            <name>S607</name>
          </link>
        </links>
        <sourceSystem>
          <name>Senate</name>
          <code>0</code>
        </sourceSystem>
        <text>Referred to the Committee on Foreign Relations. (text of measure as introduced: CR S607)</text>
        <type>IntroReferral</type>
      </item>
      <item>
        <text>Introduced in Senate</text>
        <sourceSystem>
          <name>Library of Congress</name>
          <code>9</code>
        </sourceSystem>
        <committee />
        <type>IntroReferral</type>
        <links />
        <actionCode>10000</actionCode>
        <actionDate>2015-01-28</actionDate>
      </item>
    </actions>
    <notes />
    <latestAction>
      <actionDate>2015-02-12</actionDate>
      <links />
      <text>Resolution agreed to in Senate with an amendment and with a preamble by Unanimous Consent. (text: CR S1011)</text>
    </latestAction>
    <introducedDate>2015-01-28</introducedDate>
    <sponsors>
      <item>
        <fullName>Sen. Cardin, Benjamin L. [D-MD]</fullName>
        <firstName>BENJAMIN</firstName>
        <byRequestType />
        <identifiers>
          <lisID>174</lisID>
          <bioguideId>C000141</bioguideId>
          <gpoId>8287</gpoId>
        </identifiers>
        <middleName>L.</middleName>
        <bioguideId>C000141</bioguideId>
        <party>D</party>
        <state>MD</state>
        <lastName>CARDIN</lastName>
      </item>
    </sponsors>
    <subjects>
      <billSubjects>
        <legislativeSubjects>
          <item>
            <name>Detention of persons</name>
          </item>
          <item>
            <name>Europe</name>
          </item>
          <item>
            <name>Human rights</name>
          </item>
          <item>
            <name>Military personnel and dependents</name>
          </item>
          <item>
            <name>Russia</name>
          </item>
          <item>
            <name>Ukraine</name>
          </item>
        </legislativeSubjects>
        <policyArea>
          <name>International Affairs</name>
        </policyArea>
      </billSubjects>
    </subjects>
    <committeeReports />
    <amendments>
      <amendment>
        <description />
        <latestAction>
          <actionDate>2015-02-12</actionDate>
          <text>Amendment SA 251 agreed to in Senate by Unanimous Consent.</text>
        </latestAction>
        <purpose>In the nature of a substitute.</purpose>
        <number>251</number>
        <proposedDate>2015-02-12T05:00:00Z</proposedDate>
        <sponsors>
          <item>
            <firstName>BENJAMIN</firstName>
            <lastName>CARDIN</lastName>
            <middleName>L.</middleName>
            <bioguideId>C000141</bioguideId>
            <party>D</party>
            <state>MD</state>
            <fullName>Sen. Cardin, Benjamin L. [D-MD]</fullName>
          </item>
        </sponsors>
        <congress>114</congress>
        <type>SAMDT</type>
        <description />
        <updateDate>2016-11-02T23:12:29Z</updateDate>
        <chamber>Senate</chamber>
        <cosponsors>
          <totalCount>0</totalCount>
          <currentCount>0</currentCount>
        </cosponsors>
        <amendedBill>
          <title>A resolution calling for the release of Ukrainian fighter pilot Nadiya Savchenko, who was captured by Russian forces in Eastern Ukraine and has been held illegally in a Russian prison since July 2014.</title>
          <congress>114</congress>
          <originChamberCode>S</originChamberCode>
          <type>SRES</type>
          <number>52</number>
          <originChamber>Senate</originChamber>
        </amendedBill>
        <actions>
          <count>6</count>
          <actionTypeCounts>
            <amendmentAgreedTo>1</amendmentAgreedTo>
            <amendmentProposed>1</amendmentProposed>
            <senateAmendmentSubmitted>1</senateAmendmentSubmitted>
            <senateAmendmentAgreedTo>1</senateAmendmentAgreedTo>
            <senateAmendmentProposedOnTheFloor>1</senateAmendmentProposedOnTheFloor>
          </actionTypeCounts>
          <actionByCounts>
            <senate>5</senate>
          </actionByCounts>
          <actions>
            <item>
              <actionDate>2015-02-12</actionDate>
              <committee />
              <links>
                <link>
                  <url>https://www.congress.gov/amendment/114th-congress/senate-amendment/251</url>
                  <name>S.Amdt.251</name>
                </link>
                <link>
                  <url>https://www.congress.gov/amendment/114th-congress/senate-amendment/251</url>
                  <name>SA 251</name>
                </link>
              </links>
              <sourceSystem>
                <name>Senate</name>
                <code>0</code>
              </sourceSystem>
              <text>Amendment SA 251 agreed to in Senate by Unanimous Consent.</text>
              <type>Floor</type>
            </item>
            <item>
              <actionDate>2015-02-12</actionDate>
              <committee />
              <links>
                <link>
                  <url>https://www.congress.gov/amendment/114th-congress/senate-amendment/251</url>
                  <name>S.Amdt.251</name>
                </link>
                <link>
                  <url>https://www.congress.gov/congressional-record/volume-161/senate-section/page/S1010-1011</url>
                  <name>S1010-1011</name>
                </link>
                <link>
                  <url>https://www.congress.gov/amendment/114th-congress/senate-amendment/251</url>
                  <name>SA 251</name>
                </link>
              </links>
              <sourceSystem>
                <name>Senate</name>
                <code>0</code>
              </sourceSystem>
              <text>Amendment SA 251 proposed by Senator McConnell for Senator Cardin. (consideration: CR S1010-1011; text: CR S1010-1011)</text>
              <type>Floor</type>
            </item>
            <item>
              <actionDate>2015-02-12</actionDate>
              <committee />
              <links />
              <text />
            </item>
            <item>
              <text>Senate amendment agreed to: Amendment SA 251 agreed to in Senate by Unanimous Consent.</text>
              <sourceSystem>
                <name>Library of Congress</name>
                <code>9</code>
              </sourceSystem>
              <committee />
              <type>Floor</type>
              <links>
                <link>
                  <url>https://www.congress.gov/amendment/114th-congress/senate-amendment/251</url>
                  <name>S.Amdt.251</name>
                </link>
                <link>
                  <url>https://www.congress.gov/amendment/114th-congress/senate-amendment/251</url>
                  <name>SA 251</name>
                </link>
              </links>
              <actionCode>94000</actionCode>
              <actionDate>2015-02-12</actionDate>
            </item>
            <item>
              <text>Senate amendment proposed (on the floor): Amendment SA 251 proposed by Senator McConnell for Senator Cardin.(consideration: CR S1010-1011; text: CR S1010-1011)</text>
              <sourceSystem>
                <name>Library of Congress</name>
                <code>9</code>
              </sourceSystem>
              <committee />
              <type>Floor</type>
              <links>
                <link>
                  <url>https://www.congress.gov/amendment/114th-congress/senate-amendment/251</url>
                  <name>S.Amdt.251</name>
                </link>
                <link>
                  <url>https://www.congress.gov/congressional-record/volume-161/senate-section/page/S1010-1011</url>
                  <name>S1010-1011</name>
                </link>
                <link>
                  <url>https://www.congress.gov/amendment/114th-congress/senate-amendment/251</url>
                  <name>SA 251</name>
                </link>
              </links>
              <actionCode>93000</actionCode>
              <actionDate>2015-02-12</actionDate>
            </item>
            <item>
              <text>Senate amendment submitted</text>
              <sourceSystem>
                <name>Library of Congress</name>
                <code>9</code>
              </sourceSystem>
              <committee />
              <type>Floor</type>
              <links />
              <actionCode>91000</actionCode>
              <actionDate>2015-02-12</actionDate>
            </item>
          </actions>
        </actions>
        <notes />
        <purpose>In the nature of a substitute.</purpose>
        <submittedDate>2015-02-12T05:00:00Z</submittedDate>
        <amendments>
          <count>0</count>
        </amendments>
        <number>251</number>
        <amendedAmendment />
        <createDate>2015-02-13T06:14:30Z</createDate>
        <links />
        <titles />
        <congress>114</congress>
        <type>SAMDT</type>
      </amendment>
    </amendments>
    <createDate>2015-01-29T04:56:27Z</createDate>
    <originChamber>Senate</originChamber>
    <titles>
      <item>
        <parentTitleType />
        <titleType>Official Title as Introduced</titleType>
        <title>A resolution calling for the release of Ukrainian fighter pilot Nadiya Savchenko, who was captured by Russian forces in Eastern Ukraine and has been held illegally in a Russian prison since July 2014.</title>
        <chamberCode />
        <chamberName />
      </item>
      <item>
        <parentTitleType />
        <titleType>Display Title</titleType>
        <title>A resolution calling for the release of Ukrainian fighter pilot Nadiya Savchenko, who was captured by Russian forces in Eastern Ukraine and has been held illegally in a Russian prison since July 2014.</title>
        <chamberCode />
        <chamberName />
      </item>
    </titles>
  </bill>
  <dublinCore xmlns:dc="http://purl.org/dc/elements/1.1/">
    <dc:format>text/xml</dc:format>
    <dc:language>EN</dc:language>
    <dc:rights>Pursuant to Title 17 Section 105 of the United States Code, this file is not subject to copyright protection and is in the public domain.</dc:rights>
    <dc:contributor>Congressional Research Service, Library of Congress</dc:contributor>
    <dc:description>This file contains bill summaries and statuses for federal legislation. A bill summary describes the most significant provisions of a piece of legislation and details the effects the legislative text may have on current law and federal programs. Bill summaries are authored by the Congressional Research Service (CRS) of the Library of Congress. As stated in Public Law 91-510 (2 USC 166 (d)(6)), one of the duties of CRS is "to prepare summaries and digests of bills and resolutions of a public general nature introduced in the Senate or House of Representatives". For more information, refer to the User Guide that accompanies this file.</dc:description>
  </dublinCore>
</billStatus>

