<?xml version="1.0" encoding="UTF-8"?>
<billStatus>
  <bill>
    <title>A resolution expressing the sense of the Senate regarding the courageous work and life of Russian opposition leader Boris Yefimovich Nemtsov and renewing the call for a full and transparent investigation into the tragic murder of Boris Yefimovich Nemtsov in Moscow on February 27, 2015.</title>
    <updateDate>2016-11-02T23:14:19Z</updateDate>
    <relatedBills>
      <item>
        <number>697</number>
        <relationshipDetails>
          <item>
            <identifiedBy>CRS</identifiedBy>
            <type>Identical bill</type>
          </item>
        </relationshipDetails>
        <congress>114</congress>
        <latestAction>
          <text>Referred to the Subcommittee on Europe, Eurasia, and Emerging Threats.</text>
          <actionDate>2016-04-29</actionDate>
        </latestAction>
        <type>HRES</type>
        <latestTitle>Expressing the sense of the House of Representatives regarding the courageous work and life of Russian opposition leader Boris Yefimovich Nemtsov and renewing the call for a full and transparent investigation into the tragic murder of Boris Yefimovich Nemtsov in Moscow on February 27, 2015.</latestTitle>
      </item>
    </relatedBills>
    <introducedDate>2016-02-29</introducedDate>
    <originChamber>Senate</originChamber>
    <cboCostEstimates />
    <policyArea>
      <name>International Affairs</name>
    </policyArea>
    <congress>114</congress>
    <billNumber>378</billNumber>
    <billType>SRES</billType>
    <amendments />
    <recordedVotes />
    <committees>
      <billCommittees>
        <item>
          <activities>
            <item>
              <name>Reported by</name>
              <date>2016-03-16T20:26:55Z</date>
            </item>
            <item>
              <name>Markup by</name>
              <date>2016-03-10T15:34:08Z</date>
            </item>
            <item>
              <name>Referred to</name>
              <date>2016-02-29T22:18:34Z</date>
            </item>
          </activities>
          <name>Foreign Relations Committee</name>
          <subcommittees />
          <chamber>Senate</chamber>
          <type>Standing</type>
          <systemCode>ssfr00</systemCode>
        </item>
      </billCommittees>
    </committees>
    <laws />
    <subjects>
      <billSubjects>
        <policyArea>
          <name>International Affairs</name>
        </policyArea>
        <legislativeSubjects>
          <item>
            <name>Congressional tributes</name>
          </item>
          <item>
            <name>Criminal investigation, prosecution, interrogation</name>
          </item>
          <item>
            <name>Diplomacy, foreign officials, Americans abroad</name>
          </item>
          <item>
            <name>Evidence and witnesses</name>
          </item>
          <item>
            <name>Government ethics and transparency, public corruption</name>
          </item>
          <item>
            <name>Human rights</name>
          </item>
          <item>
            <name>Rule of law and government transparency</name>
          </item>
          <item>
            <name>Russia</name>
          </item>
          <item>
            <name>Sovereignty, recognition, national governance and status</name>
          </item>
          <item>
            <name>Violent crime</name>
          </item>
        </legislativeSubjects>
      </billSubjects>
    </subjects>
    <notes />
    <committeeReports />
    <actions>
      <actionTypeCounts>
        <reportedToSenate>2</reportedToSenate>
        <introducedInSenate>1</introducedInSenate>
        <orderedReported>1</orderedReported>
        <placedOnCalendarGeneralOrders>1</placedOnCalendarGeneralOrders>
        <referredToCommittee>1</referredToCommittee>
      </actionTypeCounts>
      <actionByCounts>
        <senate>6</senate>
      </actionByCounts>
      <item>
        <actionDate>2016-03-16</actionDate>
        <committee />
        <links />
        <sourceSystem>
          <name>Senate</name>
          <code>0</code>
        </sourceSystem>
        <text>Placed on Senate Legislative Calendar under General Orders. Calendar No. 399.</text>
        <type>Calendars</type>
      </item>
      <item>
        <actionDate>2016-03-16</actionDate>
        <committee>
          <name>Foreign Relations Committee</name>
          <systemCode>ssfr00</systemCode>
        </committee>
        <links />
        <sourceSystem>
          <name>Senate</name>
          <code>0</code>
        </sourceSystem>
        <text>Committee on Foreign Relations. Reported by Senator Corker without amendment and with a preamble. Without written report.</text>
        <type>Committee</type>
      </item>
      <item>
        <text>Committee on Foreign Relations. Reported by Senator Corker without amendment and with a preamble. Without written report.</text>
        <sourceSystem>
          <name>Library of Congress</name>
          <code>9</code>
        </sourceSystem>
        <committee>
          <name>Foreign Relations Committee</name>
          <systemCode>ssfr00</systemCode>
        </committee>
        <type>Committee</type>
        <links />
        <actionCode>14000</actionCode>
        <actionDate>2016-03-16</actionDate>
      </item>
      <item>
        <actionDate>2016-03-10</actionDate>
        <committee>
          <name>Foreign Relations Committee</name>
          <systemCode>ssfr00</systemCode>
        </committee>
        <links />
        <sourceSystem>
          <name>Senate</name>
          <code>0</code>
        </sourceSystem>
        <text>Committee on Foreign Relations. Ordered to be reported without amendment favorably.</text>
        <type>Committee</type>
      </item>
      <item>
        <actionDate>2016-02-29</actionDate>
        <committee>
          <name>Foreign Relations Committee</name>
          <systemCode>ssfr00</systemCode>
        </committee>
        <links>
          <link>
            <url>https://www.congress.gov/congressional-record/volume-162/senate-section/page/S1088</url>
            <name>S1088</name>
          </link>
        </links>
        <sourceSystem>
          <name>Senate</name>
          <code>0</code>
        </sourceSystem>
        <text>Referred to the Committee on Foreign Relations. (text of measure as introduced: CR S1088)</text>
        <type>IntroReferral</type>
      </item>
      <item>
        <text>Introduced in Senate</text>
        <sourceSystem>
          <name>Library of Congress</name>
          <code>9</code>
        </sourceSystem>
        <committee />
        <type>IntroReferral</type>
        <links />
        <actionCode>10000</actionCode>
        <actionDate>2016-02-29</actionDate>
      </item>
    </actions>
    <calendarNumbers>
      <item>
        <number>0399</number>
        <calendar>Senate Calendar of Business</calendar>
      </item>
    </calendarNumbers>
    <latestAction>
      <links />
      <actionDate>2016-03-16</actionDate>
      <text>Placed on Senate Legislative Calendar under General Orders. Calendar No. 399.</text>
    </latestAction>
    <titles>
      <item>
        <title>A resolution expressing the sense of the Senate regarding the courageous work and life of Russian opposition leader Boris Yefimovich Nemtsov and renewing the call for a full and transparent investigation into the tragic murder of Boris Yefimovich Nemtsov in Moscow on February 27, 2015.</title>
        <chamberName />
        <chamberCode />
        <titleType>Official Title as Introduced</titleType>
        <parentTitleType />
      </item>
      <item>
        <title>A resolution expressing the sense of the Senate regarding the courageous work and life of Russian opposition leader Boris Yefimovich Nemtsov and renewing the call for a full and transparent investigation into the tragic murder of Boris Yefimovich Nemtsov in Moscow on February 27, 2015.</title>
        <chamberName />
        <chamberCode />
        <titleType>Display Title</titleType>
        <parentTitleType />
      </item>
    </titles>
    <summaries>
      <billSummaries>
        <item>
          <updateDate>2016-02-29T05:00:00Z</updateDate>
          <versionCode>00</versionCode>
          <text><![CDATA[<p>Recognizes the legacy of Russian opposition leader Boris Yefimovich Nemtsov, who dedicated his life to fighting corruption and promoting the principles of democracy, rule of law, and the inherent dignity of human beings.</p> <p>Urges the U.S. government, in official contacts with representatives of the Russian government, to emphasize the importance of bringing to justice all of the conspirators in the murder of Boris Yefimovich Nemtsov.</p> <p>Calls on the President to increase significantly U.S. support for the causes for which Boris Yefimovich Nemtsov gave his life.</p>]]></text>
          <lastSummaryUpdateDate>2016-05-26T19:46:10Z</lastSummaryUpdateDate>
          <actionDate>2016-02-29</actionDate>
          <actionDesc>Introduced in Senate</actionDesc>
          <name>Introduced in Senate</name>
        </item>
        <item>
          <updateDate>2016-03-16T14:53:59Z</updateDate>
          <versionCode>80</versionCode>
          <text><![CDATA[<p>(This measure has not been amended since it was introduced. The summary has been expanded because action occurred on the measure.)</p> <p>Recognizes the legacy of Russian opposition leader Boris Yefimovich Nemtsov, who dedicated his life to fighting corruption and promoting the principles of democracy, rule of law, and the inherent dignity of human beings.</p> <p> Encourages the public release of all surveillance tapes in the area surrounding the crime scene to aid in the investigation.</p> <p>Urges the U.S. government, in official contacts with representatives of the Russian government, to emphasize the importance of bringing to justice all of the conspirators in the murder of Boris Yefimovich Nemtsov.</p> <p>Calls on the President to increase significantly U.S. support for the causes for which Boris Yefimovich Nemtsov gave his life.</p>]]></text>
          <lastSummaryUpdateDate>2016-05-26T19:47:54Z</lastSummaryUpdateDate>
          <actionDate>2016-03-16</actionDate>
          <actionDesc>Reported to Senate without amendment</actionDesc>
          <name>Reported to Senate without amendment</name>
        </item>
      </billSummaries>
    </summaries>
    <createDate>2016-03-01T05:15:59Z</createDate>
    <sponsors>
      <item>
        <state>WI</state>
        <fullName>Sen. Johnson, Ron [R-WI]</fullName>
        <middleName />
        <identifiers>
          <bioguideId>J000293</bioguideId>
          <gpoId>8355</gpoId>
          <lisID>2086</lisID>
        </identifiers>
        <firstName>Ron</firstName>
        <lastName>Johnson</lastName>
        <bioguideId>J000293</bioguideId>
        <byRequestType />
        <party>R</party>
      </item>
    </sponsors>
    <cosponsors>
      <item>
        <identifiers>
          <bioguideId>C000141</bioguideId>
          <gpoId>8287</gpoId>
          <lisID>174</lisID>
        </identifiers>
        <middleName>L.</middleName>
        <fullName>Sen. Cardin, Benjamin L. [D-MD]</fullName>
        <isOriginalCosponsor>True</isOriginalCosponsor>
        <firstName>BENJAMIN</firstName>
        <sponsorshipWithdrawnDate />
        <state>MD</state>
        <bioguideId>C000141</bioguideId>
        <sponsorshipDate>2016-02-29</sponsorshipDate>
        <party>D</party>
        <lastName>CARDIN</lastName>
      </item>
      <item>
        <identifiers>
          <bioguideId>R000595</bioguideId>
          <gpoId>8242</gpoId>
          <lisID>2084</lisID>
        </identifiers>
        <middleName />
        <fullName>Sen. Rubio, Marco [R-FL]</fullName>
        <isOriginalCosponsor>True</isOriginalCosponsor>
        <firstName>Marco</firstName>
        <sponsorshipWithdrawnDate />
        <state>FL</state>
        <bioguideId>R000595</bioguideId>
        <sponsorshipDate>2016-02-29</sponsorshipDate>
        <party>R</party>
        <lastName>Rubio</lastName>
      </item>
      <item>
        <identifiers>
          <bioguideId>S001181</bioguideId>
          <lisID>1901</lisID>
          <gpoId>8276</gpoId>
        </identifiers>
        <middleName />
        <fullName>Sen. Shaheen, Jeanne [D-NH]</fullName>
        <isOriginalCosponsor>True</isOriginalCosponsor>
        <firstName>Jeanne</firstName>
        <sponsorshipWithdrawnDate />
        <state>NH</state>
        <bioguideId>S001181</bioguideId>
        <sponsorshipDate>2016-02-29</sponsorshipDate>
        <party>D</party>
        <lastName>Shaheen</lastName>
      </item>
      <item>
        <identifiers>
          <bioguideId>M000303</bioguideId>
          <lisID>754</lisID>
          <gpoId>8253</gpoId>
        </identifiers>
        <middleName>SIDNEY</middleName>
        <fullName>Sen. McCain, John [R-AZ]</fullName>
        <isOriginalCosponsor>True</isOriginalCosponsor>
        <firstName>JOHN</firstName>
        <sponsorshipWithdrawnDate />
        <state>AZ</state>
        <bioguideId>M000303</bioguideId>
        <sponsorshipDate>2016-02-29</sponsorshipDate>
        <party>R</party>
        <lastName>MCCAIN</lastName>
      </item>
      <item>
        <identifiers>
          <lisID>791</lisID>
          <gpoId>8239</gpoId>
          <bioguideId>M000639</bioguideId>
        </identifiers>
        <middleName />
        <fullName>Sen. Menendez, Robert [D-NJ]</fullName>
        <isOriginalCosponsor>True</isOriginalCosponsor>
        <firstName>ROBERT</firstName>
        <sponsorshipWithdrawnDate />
        <state>NJ</state>
        <bioguideId>M000639</bioguideId>
        <sponsorshipDate>2016-02-29</sponsorshipDate>
        <party>D</party>
        <lastName>MENENDEZ</lastName>
      </item>
      <item>
        <identifiers>
          <lisID>2176</lisID>
          <gpoId />
          <bioguideId>K000384</bioguideId>
        </identifiers>
        <middleName />
        <fullName>Sen. Kaine, Tim [D-VA]</fullName>
        <isOriginalCosponsor>True</isOriginalCosponsor>
        <firstName>Timothy</firstName>
        <sponsorshipWithdrawnDate />
        <state>VA</state>
        <bioguideId>K000384</bioguideId>
        <sponsorshipDate>2016-02-29</sponsorshipDate>
        <party>D</party>
        <lastName>Kaine</lastName>
      </item>
      <item>
        <identifiers>
          <bioguideId>D000563</bioguideId>
          <gpoId>8326</gpoId>
          <lisID>326</lisID>
        </identifiers>
        <middleName>J.</middleName>
        <fullName>Sen. Durbin, Richard [D-IL]</fullName>
        <isOriginalCosponsor>False</isOriginalCosponsor>
        <firstName>RICHARD</firstName>
        <sponsorshipWithdrawnDate />
        <state>IL</state>
        <bioguideId>D000563</bioguideId>
        <sponsorshipDate>2016-03-01</sponsorshipDate>
        <party>D</party>
        <lastName>DURBIN</lastName>
      </item>
      <item>
        <identifiers>
          <bioguideId>G000562</bioguideId>
          <gpoId>7862</gpoId>
          <lisID>1998</lisID>
        </identifiers>
        <middleName />
        <fullName>Sen. Gardner, Cory [R-CO]</fullName>
        <isOriginalCosponsor>False</isOriginalCosponsor>
        <firstName>Cory</firstName>
        <sponsorshipWithdrawnDate />
        <state>CO</state>
        <bioguideId>G000562</bioguideId>
        <sponsorshipDate>2016-03-01</sponsorshipDate>
        <party>R</party>
        <lastName>Gardner</lastName>
      </item>
      <item>
        <identifiers>
          <gpoId>8297</gpoId>
          <lisID>1984</lisID>
          <bioguideId>C001088</bioguideId>
        </identifiers>
        <middleName>A.</middleName>
        <fullName>Sen. Coons, Christopher A. [D-DE]</fullName>
        <isOriginalCosponsor>False</isOriginalCosponsor>
        <firstName>Christopher</firstName>
        <sponsorshipWithdrawnDate />
        <state>DE</state>
        <bioguideId>C001088</bioguideId>
        <sponsorshipDate>2016-03-10</sponsorshipDate>
        <party>D</party>
        <lastName>Coons</lastName>
      </item>
      <item>
        <identifiers>
          <lisID>1896</lisID>
          <bioguideId>R000584</bioguideId>
          <gpoId>8274</gpoId>
        </identifiers>
        <middleName>E.</middleName>
        <fullName>Sen. Risch, James E. [R-ID]</fullName>
        <isOriginalCosponsor>False</isOriginalCosponsor>
        <firstName>James</firstName>
        <sponsorshipWithdrawnDate />
        <state>ID</state>
        <bioguideId>R000584</bioguideId>
        <sponsorshipDate>2016-03-14</sponsorshipDate>
        <party>R</party>
        <lastName>Risch</lastName>
      </item>
      <item>
        <identifiers>
          <bioguideId>P000612</bioguideId>
          <lisID>2286</lisID>
          <gpoId />
        </identifiers>
        <middleName>Alfred</middleName>
        <fullName>Sen. Perdue, David [R-GA]</fullName>
        <isOriginalCosponsor>False</isOriginalCosponsor>
        <firstName>David</firstName>
        <sponsorshipWithdrawnDate />
        <state>GA</state>
        <bioguideId>P000612</bioguideId>
        <sponsorshipDate>2016-03-16</sponsorshipDate>
        <party>R</party>
        <lastName>Perdue</lastName>
      </item>
    </cosponsors>
  </bill>
  <dublinCore xmlns:dc="http://purl.org/dc/elements/1.1/">
    <dc:format>text/xml</dc:format>
    <dc:language>EN</dc:language>
    <dc:rights>Pursuant to Title 17 Section 105 of the United States Code, this file is not subject to copyright protection and is in the public domain.</dc:rights>
    <dc:contributor>Congressional Research Service, Library of Congress</dc:contributor>
    <dc:description>This file contains bill summaries and statuses for federal legislation. A bill summary describes the most significant provisions of a piece of legislation and details the effects the legislative text may have on current law and federal programs. Bill summaries are authored by the Congressional Research Service (CRS) of the Library of Congress. As stated in Public Law 91-510 (2 USC 166 (d)(6)), one of the duties of CRS is "to prepare summaries and digests of bills and resolutions of a public general nature introduced in the Senate or House of Representatives". For more information, refer to the User Guide that accompanies this file.</dc:description>
  </dublinCore>
</billStatus>

