<?xml version="1.0" encoding="UTF-8"?>
<billStatus>
  <bill>
    <latestAction>
      <text>Submitted in the Senate, considered, and agreed to without amendment and with a preamble by Unanimous Consent. (consideration: CR S571; text as passed Senate: CR S578)</text>
      <links />
      <actionDate>2016-02-03</actionDate>
    </latestAction>
    <policyArea>
      <name>Government Operations and Politics</name>
    </policyArea>
    <amendments />
    <relatedBills />
    <billNumber>359</billNumber>
    <updateDate>2016-11-02T23:14:11Z</updateDate>
    <sponsors>
      <item>
        <fullName>Sen. Heitkamp, Heidi [D-ND]</fullName>
        <firstName>Heidi</firstName>
        <lastName>Heitkamp</lastName>
        <identifiers>
          <gpoId />
          <lisID>2174</lisID>
          <bioguideId>H001069</bioguideId>
        </identifiers>
        <state>ND</state>
        <middleName />
        <party>D</party>
        <byRequestType />
        <bioguideId>H001069</bioguideId>
      </item>
    </sponsors>
    <notes />
    <originChamber>Senate</originChamber>
    <subjects>
      <billSubjects>
        <legislativeSubjects>
          <item>
            <name>Aviation and airports</name>
          </item>
          <item>
            <name>Border security and unlawful immigration</name>
          </item>
          <item>
            <name>Commemorative events and holidays</name>
          </item>
          <item>
            <name>Congressional tributes</name>
          </item>
          <item>
            <name>Department of Homeland Security</name>
          </item>
          <item>
            <name>Executive agency funding and structure</name>
          </item>
          <item>
            <name>Homeland security</name>
          </item>
          <item>
            <name>Law enforcement administration and funding</name>
          </item>
          <item>
            <name>Law enforcement officers</name>
          </item>
          <item>
            <name>Marine and inland water transportation</name>
          </item>
        </legislativeSubjects>
        <policyArea>
          <name>Government Operations and Politics</name>
        </policyArea>
      </billSubjects>
    </subjects>
    <committees>
      <billCommittees />
    </committees>
    <cosponsors>
      <item>
        <fullName>Sen. Johnson, Ron [R-WI]</fullName>
        <firstName>Ron</firstName>
        <lastName>Johnson</lastName>
        <state>WI</state>
        <party>R</party>
        <bioguideId>J000293</bioguideId>
        <identifiers>
          <bioguideId>J000293</bioguideId>
          <gpoId>8355</gpoId>
          <lisID>2086</lisID>
        </identifiers>
        <sponsorshipWithdrawnDate />
        <sponsorshipDate>2016-02-03</sponsorshipDate>
        <middleName />
        <isOriginalCosponsor>True</isOriginalCosponsor>
      </item>
      <item>
        <fullName>Sen. Carper, Thomas R. [D-DE]</fullName>
        <firstName>THOMAS</firstName>
        <lastName>CARPER</lastName>
        <state>DE</state>
        <party>D</party>
        <bioguideId>C000174</bioguideId>
        <identifiers>
          <bioguideId>C000174</bioguideId>
          <lisID>179</lisID>
          <gpoId>8283</gpoId>
        </identifiers>
        <sponsorshipWithdrawnDate />
        <sponsorshipDate>2016-02-03</sponsorshipDate>
        <middleName>R.</middleName>
        <isOriginalCosponsor>True</isOriginalCosponsor>
      </item>
      <item>
        <fullName>Sen. Udall, Tom [D-NM]</fullName>
        <firstName>TOM</firstName>
        <lastName>UDALL</lastName>
        <state>NM</state>
        <party>D</party>
        <bioguideId>U000039</bioguideId>
        <identifiers>
          <gpoId>8260</gpoId>
          <lisID>1567</lisID>
          <bioguideId>U000039</bioguideId>
        </identifiers>
        <sponsorshipWithdrawnDate />
        <sponsorshipDate>2016-02-03</sponsorshipDate>
        <middleName />
        <isOriginalCosponsor>True</isOriginalCosponsor>
      </item>
      <item>
        <fullName>Sen. Cassidy, Bill [R-LA]</fullName>
        <firstName>Bill</firstName>
        <lastName>Cassidy</lastName>
        <state>LA</state>
        <party>R</party>
        <bioguideId>C001075</bioguideId>
        <identifiers>
          <lisID>1925</lisID>
          <gpoId>7964</gpoId>
          <bioguideId>C001075</bioguideId>
        </identifiers>
        <sponsorshipWithdrawnDate />
        <sponsorshipDate>2016-02-03</sponsorshipDate>
        <middleName />
        <isOriginalCosponsor>True</isOriginalCosponsor>
      </item>
      <item>
        <fullName>Sen. Peters, Gary C. [D-MI]</fullName>
        <firstName>Gary</firstName>
        <lastName>Peters</lastName>
        <state>MI</state>
        <party>D</party>
        <bioguideId>P000595</bioguideId>
        <identifiers>
          <lisID>1929</lisID>
          <bioguideId>P000595</bioguideId>
          <gpoId>7994</gpoId>
        </identifiers>
        <sponsorshipWithdrawnDate />
        <sponsorshipDate>2016-02-03</sponsorshipDate>
        <middleName>C.</middleName>
        <isOriginalCosponsor>True</isOriginalCosponsor>
      </item>
      <item>
        <fullName>Sen. Lankford, James [R-OK]</fullName>
        <firstName>James</firstName>
        <lastName>Lankford</lastName>
        <state>OK</state>
        <party>R</party>
        <bioguideId>L000575</bioguideId>
        <identifiers>
          <bioguideId>L000575</bioguideId>
          <lisID>2050</lisID>
          <gpoId>8113</gpoId>
        </identifiers>
        <sponsorshipWithdrawnDate />
        <sponsorshipDate>2016-02-03</sponsorshipDate>
        <middleName />
        <isOriginalCosponsor>True</isOriginalCosponsor>
      </item>
      <item>
        <fullName>Sen. Murray, Patty [D-WA]</fullName>
        <firstName>PATTY</firstName>
        <lastName>MURRAY</lastName>
        <state>WA</state>
        <party>D</party>
        <bioguideId>M001111</bioguideId>
        <identifiers>
          <lisID>1409</lisID>
          <bioguideId>M001111</bioguideId>
          <gpoId>8237</gpoId>
        </identifiers>
        <sponsorshipWithdrawnDate />
        <sponsorshipDate>2016-02-03</sponsorshipDate>
        <middleName />
        <isOriginalCosponsor>True</isOriginalCosponsor>
      </item>
      <item>
        <fullName>Sen. Boxer, Barbara [D-CA]</fullName>
        <firstName>BARBARA</firstName>
        <lastName>BOXER</lastName>
        <state>CA</state>
        <party>D</party>
        <bioguideId>B000711</bioguideId>
        <identifiers>
          <lisID>116</lisID>
          <gpoId>8306</gpoId>
          <bioguideId>B000711</bioguideId>
        </identifiers>
        <sponsorshipWithdrawnDate />
        <sponsorshipDate>2016-02-03</sponsorshipDate>
        <middleName />
        <isOriginalCosponsor>True</isOriginalCosponsor>
      </item>
      <item>
        <fullName>Sen. Collins, Susan M. [R-ME]</fullName>
        <firstName>SUSAN</firstName>
        <lastName>COLLINS</lastName>
        <state>ME</state>
        <party>R</party>
        <bioguideId>C001035</bioguideId>
        <identifiers>
          <lisID>1541</lisID>
          <bioguideId>C001035</bioguideId>
          <gpoId>8291</gpoId>
        </identifiers>
        <sponsorshipWithdrawnDate />
        <sponsorshipDate>2016-02-03</sponsorshipDate>
        <middleName>MARGARET</middleName>
        <isOriginalCosponsor>True</isOriginalCosponsor>
      </item>
    </cosponsors>
    <calendarNumbers />
    <committeeReports />
    <congress>114</congress>
    <title>A resolution celebrating the 10th anniversary of the unification of the air and marine assets of U.S. Customs and Border Protection to establish the Air and Marine Operations of U.S. Customs and Border Protection.</title>
    <introducedDate>2016-02-03</introducedDate>
    <actions>
      <actionTypeCounts>
        <passedOrAgreedToInSenateDayOf>1</passedOrAgreedToInSenateDayOf>
        <introducedInSenate>1</introducedInSenate>
        <passedAgreedToInSenate>1</passedAgreedToInSenate>
      </actionTypeCounts>
      <actionByCounts>
        <senate>3</senate>
      </actionByCounts>
      <item>
        <actionDate>2016-02-03</actionDate>
        <committee />
        <links>
          <link>
            <url>https://www.congress.gov/congressional-record/volume-162/senate-section/page/S571</url>
            <name>S571</name>
          </link>
          <link>
            <url>https://www.congress.gov/congressional-record/volume-162/senate-section/page/S578</url>
            <name>S578</name>
          </link>
        </links>
        <sourceSystem>
          <name>Senate</name>
          <code>0</code>
        </sourceSystem>
        <text>Submitted in the Senate, considered, and agreed to without amendment and with a preamble by Unanimous Consent. (consideration: CR S571; text as passed Senate: CR S578)</text>
        <type>Floor</type>
      </item>
      <item>
        <text>Passed/agreed to in Senate: Submitted in the Senate, considered, and agreed to without amendment and with a preamble by Unanimous Consent.(consideration: CR S571; text as passed Senate: CR S578)</text>
        <sourceSystem>
          <name>Library of Congress</name>
          <code>9</code>
        </sourceSystem>
        <committee />
        <type>Floor</type>
        <links>
          <link>
            <url>https://www.congress.gov/congressional-record/volume-162/senate-section/page/S571</url>
            <name>S571</name>
          </link>
          <link>
            <url>https://www.congress.gov/congressional-record/volume-162/senate-section/page/S578</url>
            <name>S578</name>
          </link>
        </links>
        <actionCode>17000</actionCode>
        <actionDate>2016-02-03</actionDate>
      </item>
      <item>
        <text>Introduced in Senate</text>
        <sourceSystem>
          <name>Library of Congress</name>
          <code>9</code>
        </sourceSystem>
        <committee />
        <type>IntroReferral</type>
        <links />
        <actionCode>10000</actionCode>
        <actionDate>2016-02-03</actionDate>
      </item>
    </actions>
    <summaries>
      <billSummaries>
        <item>
          <versionCode>00</versionCode>
          <actionDate>2016-02-03</actionDate>
          <text><![CDATA[<p>Celebrates the 10th anniversary of the establishment of the Air and Marine Operations of the U.S. Customs and Border Protection.</p>]]></text>
          <name>Introduced in Senate</name>
          <lastSummaryUpdateDate>2016-02-10T15:11:44Z</lastSummaryUpdateDate>
          <updateDate>2016-02-03T05:00:00Z</updateDate>
          <actionDesc>Introduced in Senate</actionDesc>
        </item>
        <item>
          <versionCode>82</versionCode>
          <actionDate>2016-02-03</actionDate>
          <text><![CDATA[<p>(This measure has not been amended since it was introduced. The summary has been expanded because action occurred on the measure.)</p> <p>Celebrates the 10th anniversary of the establishment of the Air and Marine Operations of the U.S. Customs and Border Protection.</p> <p>Commends Air and Marine Operations agents and mission support staff who are dedicated to serving and protecting the U.S. people and U.S. borders in air and maritime environments.</p>]]></text>
          <name>Passed Senate without amendment</name>
          <lastSummaryUpdateDate>2016-04-27T18:57:46Z</lastSummaryUpdateDate>
          <updateDate>2016-02-03T15:37:33Z</updateDate>
          <actionDesc>Passed Senate without amendment</actionDesc>
        </item>
      </billSummaries>
    </summaries>
    <laws />
    <createDate>2016-02-04T05:04:19Z</createDate>
    <titles>
      <item>
        <chamberCode />
        <chamberName />
        <title>A resolution celebrating the 10th anniversary of the unification of the air and marine assets of U.S. Customs and Border Protection to establish the Air and Marine Operations of U.S. Customs and Border Protection.</title>
        <parentTitleType />
        <titleType>Official Title as Introduced</titleType>
      </item>
      <item>
        <chamberCode />
        <chamberName />
        <title>A resolution celebrating the 10th anniversary of the unification of the air and marine assets of U.S. Customs and Border Protection to establish the Air and Marine Operations of U.S. Customs and Border Protection.</title>
        <parentTitleType />
        <titleType>Display Title</titleType>
      </item>
    </titles>
    <cboCostEstimates />
    <recordedVotes />
    <billType>SRES</billType>
  </bill>
  <dublinCore xmlns:dc="http://purl.org/dc/elements/1.1/">
    <dc:format>text/xml</dc:format>
    <dc:language>EN</dc:language>
    <dc:rights>Pursuant to Title 17 Section 105 of the United States Code, this file is not subject to copyright protection and is in the public domain.</dc:rights>
    <dc:contributor>Congressional Research Service, Library of Congress</dc:contributor>
    <dc:description>This file contains bill summaries and statuses for federal legislation. A bill summary describes the most significant provisions of a piece of legislation and details the effects the legislative text may have on current law and federal programs. Bill summaries are authored by the Congressional Research Service (CRS) of the Library of Congress. As stated in Public Law 91-510 (2 USC 166 (d)(6)), one of the duties of CRS is "to prepare summaries and digests of bills and resolutions of a public general nature introduced in the Senate or House of Representatives". For more information, refer to the User Guide that accompanies this file.</dc:description>
  </dublinCore>
</billStatus>

