<?xml version="1.0" encoding="UTF-8"?>
<billStatus>
  <bill>
    <latestAction>
      <text>Referred to the Committee on Armed Services. (text of measure as introduced: CR S7492-7493)</text>
      <links />
      <actionDate>2015-10-26</actionDate>
    </latestAction>
    <policyArea>
      <name>Armed Forces and National Security</name>
    </policyArea>
    <amendments />
    <relatedBills>
      <item>
        <congress>114</congress>
        <type>HRES</type>
        <relationshipDetails>
          <item>
            <identifiedBy>CRS</identifiedBy>
            <type>Related bill</type>
          </item>
        </relationshipDetails>
        <number>497</number>
        <latestAction>
          <actionDate>2015-11-23</actionDate>
          <text>Referred to the Subcommittee on Military Personnel.</text>
        </latestAction>
        <latestTitle>Congratulating Army Reserve Major Lisa Jaster on her graduation from the Army Ranger School.</latestTitle>
      </item>
    </relatedBills>
    <billNumber>296</billNumber>
    <updateDate>2016-11-02T23:13:52Z</updateDate>
    <sponsors>
      <item>
        <fullName>Sen. Johnson, Ron [R-WI]</fullName>
        <firstName>Ron</firstName>
        <lastName>Johnson</lastName>
        <identifiers>
          <lisID>2086</lisID>
          <gpoId>8355</gpoId>
          <bioguideId>J000293</bioguideId>
        </identifiers>
        <state>WI</state>
        <middleName />
        <party>R</party>
        <byRequestType />
        <bioguideId>J000293</bioguideId>
      </item>
    </sponsors>
    <notes />
    <originChamber>Senate</originChamber>
    <subjects>
      <billSubjects>
        <policyArea>
          <name>Armed Forces and National Security</name>
        </policyArea>
        <legislativeSubjects>
          <item>
            <name>Congressional tributes</name>
          </item>
          <item>
            <name>Military education and training</name>
          </item>
          <item>
            <name>Military personnel and dependents</name>
          </item>
          <item>
            <name>National Guard and reserves</name>
          </item>
          <item>
            <name>Women's employment</name>
          </item>
        </legislativeSubjects>
      </billSubjects>
    </subjects>
    <committees>
      <billCommittees>
        <item>
          <systemCode>ssas00</systemCode>
          <name>Armed Services Committee</name>
          <activities>
            <item>
              <name>Referred to</name>
              <date>2015-10-26T19:41:20Z</date>
            </item>
          </activities>
          <type>Standing</type>
          <chamber>Senate</chamber>
          <subcommittees />
        </item>
      </billCommittees>
    </committees>
    <cosponsors>
      <item>
        <identifiers>
          <gpoId>8215</gpoId>
          <lisID>1558</lisID>
          <bioguideId>B001230</bioguideId>
        </identifiers>
        <middleName />
        <fullName>Sen. Baldwin, Tammy [D-WI]</fullName>
        <isOriginalCosponsor>True</isOriginalCosponsor>
        <firstName>TAMMY</firstName>
        <sponsorshipWithdrawnDate />
        <state>WI</state>
        <bioguideId>B001230</bioguideId>
        <sponsorshipDate>2015-10-26</sponsorshipDate>
        <party>D</party>
        <lastName>BALDWIN</lastName>
      </item>
    </cosponsors>
    <calendarNumbers />
    <committeeReports />
    <congress>114</congress>
    <title>A resolution congratulating Army Reserve Major Lisa Jaster on her graduation from the Army Ranger School.</title>
    <introducedDate>2015-10-26</introducedDate>
    <actions>
      <actionTypeCounts>
        <referredToCommittee>1</referredToCommittee>
        <introducedInSenate>1</introducedInSenate>
      </actionTypeCounts>
      <actionByCounts>
        <senate>2</senate>
      </actionByCounts>
      <item>
        <actionDate>2015-10-26</actionDate>
        <committee>
          <name>Armed Services Committee</name>
          <systemCode>ssas00</systemCode>
        </committee>
        <links>
          <link>
            <url>https://www.congress.gov/congressional-record/volume-161/senate-section/page/S7492-7493</url>
            <name>S7492-7493</name>
          </link>
        </links>
        <sourceSystem>
          <name>Senate</name>
          <code>0</code>
        </sourceSystem>
        <text>Referred to the Committee on Armed Services. (text of measure as introduced: CR S7492-7493)</text>
        <type>IntroReferral</type>
      </item>
      <item>
        <text>Introduced in Senate</text>
        <sourceSystem>
          <name>Library of Congress</name>
          <code>9</code>
        </sourceSystem>
        <committee />
        <type>IntroReferral</type>
        <links />
        <actionCode>10000</actionCode>
        <actionDate>2015-10-26</actionDate>
      </item>
    </actions>
    <summaries>
      <billSummaries>
        <item>
          <versionCode>00</versionCode>
          <actionDate>2015-10-26</actionDate>
          <text><![CDATA[<p>Honors Major Lisa Jaster for becoming the first Army Reserve woman and first mother to graduate from Ranger School.</p> <p> Commends the groundbreaking achievements of the first three women to graduate from Ranger School, Captain Kristen Griest, First Lieutenant Shaye Haver, and Major Lisa Jaster.</p> <p> Recognizes the Army Reserve's vital role in defending the United States.</p> <p> Celebrates the determination, patriotism, and willingness to lead of all Ranger School graduates.</p>]]></text>
          <lastSummaryUpdateDate>2015-10-29T15:07:37Z</lastSummaryUpdateDate>
          <actionDesc>Introduced in Senate</actionDesc>
          <name>Introduced in Senate</name>
          <updateDate>2015-10-26T04:00:00Z</updateDate>
        </item>
      </billSummaries>
    </summaries>
    <laws />
    <createDate>2015-10-27T09:11:08Z</createDate>
    <titles>
      <item>
        <chamberCode />
        <title>A resolution congratulating Army Reserve Major Lisa Jaster on her graduation from the Army Ranger School.</title>
        <chamberName />
        <titleType>Official Title as Introduced</titleType>
        <parentTitleType />
      </item>
      <item>
        <chamberCode />
        <title>A resolution congratulating Army Reserve Major Lisa Jaster on her graduation from the Army Ranger School.</title>
        <chamberName />
        <titleType>Display Title</titleType>
        <parentTitleType />
      </item>
    </titles>
    <cboCostEstimates />
    <recordedVotes />
    <billType>SRES</billType>
  </bill>
  <dublinCore xmlns:dc="http://purl.org/dc/elements/1.1/">
    <dc:format>text/xml</dc:format>
    <dc:language>EN</dc:language>
    <dc:rights>Pursuant to Title 17 Section 105 of the United States Code, this file is not subject to copyright protection and is in the public domain.</dc:rights>
    <dc:contributor>Congressional Research Service, Library of Congress</dc:contributor>
    <dc:description>This file contains bill summaries and statuses for federal legislation. A bill summary describes the most significant provisions of a piece of legislation and details the effects the legislative text may have on current law and federal programs. Bill summaries are authored by the Congressional Research Service (CRS) of the Library of Congress. As stated in Public Law 91-510 (2 USC 166 (d)(6)), one of the duties of CRS is "to prepare summaries and digests of bills and resolutions of a public general nature introduced in the Senate or House of Representatives". For more information, refer to the User Guide that accompanies this file.</dc:description>
  </dublinCore>
</billStatus>

