<?xml version="1.0" encoding="UTF-8"?>
<billStatus>
  <bill>
    <committees>
      <billCommittees />
    </committees>
    <congress>114</congress>
    <billNumber>41</billNumber>
    <updateDate>2016-11-02T23:12:27Z</updateDate>
    <calendarNumbers />
    <policyArea>
      <name>Sports and Recreation</name>
    </policyArea>
    <summaries>
      <billSummaries>
        <item>
          <versionCode>00</versionCode>
          <actionDate>2015-01-26</actionDate>
          <text><![CDATA[<p>Congratulates the North Dakota State University football team for winning the 2014 National Collegiate Athletic Association Division I Football Championship Subdivision title. </p>]]></text>
          <name>Introduced in Senate</name>
          <lastSummaryUpdateDate>2015-02-12T15:53:29Z</lastSummaryUpdateDate>
          <updateDate>2015-01-26T05:00:00Z</updateDate>
          <actionDesc>Introduced in Senate</actionDesc>
        </item>
        <item>
          <versionCode>82</versionCode>
          <actionDate>2015-01-26</actionDate>
          <text><![CDATA[<p>(This measure has not been amended since it was introduced. The summary of that version is repeated here.)</p> <p>Congratulates the North Dakota State University football team for winning the 2014 National Collegiate Athletic Association Division I Football Championship Subdivision title. </p>]]></text>
          <name>Passed Senate without amendment</name>
          <lastSummaryUpdateDate>2015-02-12T15:53:14Z</lastSummaryUpdateDate>
          <updateDate>2015-01-26T13:36:48Z</updateDate>
          <actionDesc>Passed Senate without amendment</actionDesc>
        </item>
      </billSummaries>
    </summaries>
    <title>A resolution congratulating the North Dakota State University football team for winning the 2014 National Collegiate Athletic Association Division I Football Championship Subdivision title.</title>
    <laws />
    <cosponsors>
      <item>
        <fullName>Sen. Heitkamp, Heidi [D-ND]</fullName>
        <firstName>Heidi</firstName>
        <state>ND</state>
        <lastName>Heitkamp</lastName>
        <isOriginalCosponsor>True</isOriginalCosponsor>
        <identifiers>
          <lisID>2174</lisID>
          <bioguideId>H001069</bioguideId>
          <gpoId />
        </identifiers>
        <middleName />
        <sponsorshipWithdrawnDate />
        <party>D</party>
        <sponsorshipDate>2015-01-26</sponsorshipDate>
        <bioguideId>H001069</bioguideId>
      </item>
    </cosponsors>
    <billType>SRES</billType>
    <cboCostEstimates />
    <recordedVotes />
    <relatedBills>
      <item>
        <latestAction>
          <actionDate>2016-01-12</actionDate>
          <text>Submitted in the Senate, considered, and agreed to without amendment and with a preamble by Unanimous Consent. (consideration: CR S75; text of measure as introduced: CR S74)</text>
        </latestAction>
        <number>345</number>
        <congress>114</congress>
        <type>SRES</type>
        <latestTitle>A resolution congratulating the North Dakota State University football team for winning the 2015 National Collegiate Athletic Association Division I Football Championship Subdivision title.</latestTitle>
        <relationshipDetails>
          <item>
            <identifiedBy>CRS</identifiedBy>
            <type>Related bill</type>
          </item>
        </relationshipDetails>
      </item>
    </relatedBills>
    <actions>
      <actionTypeCounts>
        <passedOrAgreedToInSenateDayOf>1</passedOrAgreedToInSenateDayOf>
        <passedAgreedToInSenate>1</passedAgreedToInSenate>
        <introducedInSenate>1</introducedInSenate>
      </actionTypeCounts>
      <item>
        <actionDate>2015-01-26</actionDate>
        <committee />
        <links>
          <link>
            <name>S469</name>
            <url>https://www.congress.gov/congressional-record/volume-161/senate-section/page/S469</url>
          </link>
          <link>
            <name>S488</name>
            <url>https://www.congress.gov/congressional-record/volume-161/senate-section/page/S488</url>
          </link>
        </links>
        <sourceSystem>
          <code>0</code>
          <name>Senate</name>
        </sourceSystem>
        <text>Submitted in the Senate, considered, and agreed to without amendment and with a preamble by Unanimous Consent. (consideration: CR S488; text as passed Senate: CR S469)</text>
        <type>Floor</type>
      </item>
      <item>
        <actionDate>2015-01-26</actionDate>
        <sourceSystem>
          <code>9</code>
          <name>Library of Congress</name>
        </sourceSystem>
        <text>Passed/agreed to in Senate: Submitted in the Senate, considered, and agreed to without amendment and with a preamble by Unanimous Consent.(consideration: CR S488; text as passed Senate: CR S469)</text>
        <type>Floor</type>
        <links>
          <link>
            <name>S469</name>
            <url>https://www.congress.gov/congressional-record/volume-161/senate-section/page/S469</url>
          </link>
          <link>
            <name>S488</name>
            <url>https://www.congress.gov/congressional-record/volume-161/senate-section/page/S488</url>
          </link>
        </links>
        <actionCode>17000</actionCode>
        <committee />
      </item>
      <item>
        <actionDate>2015-01-26</actionDate>
        <sourceSystem>
          <code>9</code>
          <name>Library of Congress</name>
        </sourceSystem>
        <text>Introduced in Senate</text>
        <type>IntroReferral</type>
        <links />
        <actionCode>10000</actionCode>
        <committee />
      </item>
      <actionByCounts>
        <senate>3</senate>
      </actionByCounts>
    </actions>
    <notes />
    <latestAction>
      <actionDate>2015-01-26</actionDate>
      <links />
      <text>Submitted in the Senate, considered, and agreed to without amendment and with a preamble by Unanimous Consent. (consideration: CR S488; text as passed Senate: CR S469)</text>
    </latestAction>
    <introducedDate>2015-01-26</introducedDate>
    <sponsors>
      <item>
        <fullName>Sen. Hoeven, John [R-ND]</fullName>
        <firstName>John</firstName>
        <byRequestType />
        <identifiers>
          <bioguideId>H001061</bioguideId>
          <gpoId>8331</gpoId>
          <lisID>2079</lisID>
        </identifiers>
        <middleName />
        <bioguideId>H001061</bioguideId>
        <party>R</party>
        <state>ND</state>
        <lastName>Hoeven</lastName>
      </item>
    </sponsors>
    <subjects>
      <billSubjects>
        <policyArea>
          <name>Sports and Recreation</name>
        </policyArea>
        <legislativeSubjects>
          <item>
            <name>Athletes</name>
          </item>
          <item>
            <name>Congressional tributes</name>
          </item>
          <item>
            <name>Higher education</name>
          </item>
          <item>
            <name>North Dakota</name>
          </item>
          <item>
            <name>School athletics</name>
          </item>
        </legislativeSubjects>
      </billSubjects>
    </subjects>
    <committeeReports />
    <amendments />
    <createDate>2015-01-27T05:00:42Z</createDate>
    <originChamber>Senate</originChamber>
    <titles>
      <item>
        <title>A resolution congratulating the North Dakota State University football team for winning the 2014 National Collegiate Athletic Association Division I Football Championship Subdivision title.</title>
        <chamberName />
        <chamberCode />
        <titleType>Official Title as Introduced</titleType>
        <parentTitleType />
      </item>
      <item>
        <title>A resolution congratulating the North Dakota State University football team for winning the 2014 National Collegiate Athletic Association Division I Football Championship Subdivision title.</title>
        <chamberName />
        <chamberCode />
        <titleType>Display Title</titleType>
        <parentTitleType />
      </item>
    </titles>
  </bill>
  <dublinCore xmlns:dc="http://purl.org/dc/elements/1.1/">
    <dc:format>text/xml</dc:format>
    <dc:language>EN</dc:language>
    <dc:rights>Pursuant to Title 17 Section 105 of the United States Code, this file is not subject to copyright protection and is in the public domain.</dc:rights>
    <dc:contributor>Congressional Research Service, Library of Congress</dc:contributor>
    <dc:description>This file contains bill summaries and statuses for federal legislation. A bill summary describes the most significant provisions of a piece of legislation and details the effects the legislative text may have on current law and federal programs. Bill summaries are authored by the Congressional Research Service (CRS) of the Library of Congress. As stated in Public Law 91-510 (2 USC 166 (d)(6)), one of the duties of CRS is "to prepare summaries and digests of bills and resolutions of a public general nature introduced in the Senate or House of Representatives". For more information, refer to the User Guide that accompanies this file.</dc:description>
  </dublinCore>
</billStatus>

