<?xml version="1.0" encoding="UTF-8"?>
<billStatus>
  <bill>
    <cboCostEstimates />
    <policyArea>
      <name>Congress</name>
    </policyArea>
    <notes />
    <committeeReports />
    <titles>
      <item>
        <chamberCode />
        <title>A resolution to authorize deposition testimony and representation in Care One Management LLC, et al. v. United Healthcare Workers East, SEIU 1199, et al.</title>
        <chamberName />
        <titleType>Official Title as Introduced</titleType>
        <parentTitleType />
      </item>
      <item>
        <chamberCode />
        <title>A resolution to authorize deposition testimony and representation in Care One Management LLC, et al. v. United Healthcare Workers East, SEIU 1199, et al.</title>
        <chamberName />
        <titleType>Display Title</titleType>
        <parentTitleType />
      </item>
    </titles>
    <summaries>
      <billSummaries>
        <item>
          <actionDate>2015-11-18</actionDate>
          <updateDate>2015-11-18T05:00:00Z</updateDate>
          <name>Introduced in Senate</name>
          <lastSummaryUpdateDate>2015-11-20T20:58:30Z</lastSummaryUpdateDate>
          <versionCode>00</versionCode>
          <actionDesc>Introduced in Senate</actionDesc>
          <text><![CDATA[<p>Authorizes: (1) Rachel Pryor, former employee in the Office of Senator Richard Blumenthal, to testify in a deposition in the case of <i>Care One Management LLC, et al. v. United Healthcare Workers East, SEIU 1199, et al.</i>, except concerning matters for which a privilege should be asserted; and (2) the Senate Legal Counsel to represent Ms. Pryor in connection with this case.</p>]]></text>
        </item>
        <item>
          <actionDate>2015-11-18</actionDate>
          <updateDate>2015-11-18T14:19:49Z</updateDate>
          <name>Passed Senate without amendment</name>
          <lastSummaryUpdateDate>2015-11-20T21:03:53Z</lastSummaryUpdateDate>
          <versionCode>82</versionCode>
          <actionDesc>Passed Senate without amendment</actionDesc>
          <text><![CDATA[<p>(This measure has not been amended since it was introduced. The summary of that version is repeated here.)</p> <p>Authorizes: (1) Rachel Pryor, former employee in the Office of Senator Richard Blumenthal, to testify in a deposition in the case of <i>Care One Management LLC, et al. v. United Healthcare Workers East, SEIU 1199, et al.</i>, except concerning matters for which a privilege should be asserted; and (2) the Senate Legal Counsel to represent Ms. Pryor in connection with this case.</p>]]></text>
        </item>
      </billSummaries>
    </summaries>
    <createDate>2015-11-19T13:21:05Z</createDate>
    <recordedVotes />
    <billNumber>318</billNumber>
    <introducedDate>2015-11-18</introducedDate>
    <relatedBills />
    <updateDate>2016-11-02T23:13:59Z</updateDate>
    <committees>
      <billCommittees />
    </committees>
    <congress>114</congress>
    <laws />
    <title>A resolution to authorize deposition testimony and representation in Care One Management LLC, et al. v. United Healthcare Workers East, SEIU 1199, et al.</title>
    <calendarNumbers />
    <sponsors>
      <item>
        <identifiers>
          <bioguideId>M000355</bioguideId>
          <gpoId>8254</gpoId>
          <lisID>1395</lisID>
        </identifiers>
        <byRequestType />
        <fullName>Sen. McConnell, Mitch [R-KY]</fullName>
        <firstName>MITCH</firstName>
        <state>KY</state>
        <bioguideId>M000355</bioguideId>
        <middleName />
        <party>R</party>
        <lastName>MCCONNELL</lastName>
      </item>
    </sponsors>
    <actions>
      <actionTypeCounts>
        <passedOrAgreedToInSenateDayOf>1</passedOrAgreedToInSenateDayOf>
        <passedAgreedToInSenate>1</passedAgreedToInSenate>
        <introducedInSenate>1</introducedInSenate>
      </actionTypeCounts>
      <actionByCounts>
        <senate>3</senate>
      </actionByCounts>
      <item>
        <actionDate>2015-11-18</actionDate>
        <committee />
        <links>
          <link>
            <name>S8082</name>
            <url>https://www.congress.gov/congressional-record/volume-161/senate-section/page/S8082</url>
          </link>
          <link>
            <name>S8111</name>
            <url>https://www.congress.gov/congressional-record/volume-161/senate-section/page/S8111</url>
          </link>
        </links>
        <sourceSystem>
          <name>Senate</name>
          <code>0</code>
        </sourceSystem>
        <text>Submitted in the Senate, considered, and agreed to without amendment and with a preamble by Unanimous Consent. (consideration: CR S8111; text as passed Senate: CR S8082)</text>
        <type>Floor</type>
      </item>
      <item>
        <actionCode>17000</actionCode>
        <actionDate>2015-11-18</actionDate>
        <text>Passed/agreed to in Senate: Submitted in the Senate, considered, and agreed to without amendment and with a preamble by Unanimous Consent.(consideration: CR S8111; text as passed Senate: CR S8082)</text>
        <committee />
        <type>Floor</type>
        <links>
          <link>
            <name>S8082</name>
            <url>https://www.congress.gov/congressional-record/volume-161/senate-section/page/S8082</url>
          </link>
          <link>
            <name>S8111</name>
            <url>https://www.congress.gov/congressional-record/volume-161/senate-section/page/S8111</url>
          </link>
        </links>
        <sourceSystem>
          <name>Library of Congress</name>
          <code>9</code>
        </sourceSystem>
      </item>
      <item>
        <actionCode>10000</actionCode>
        <actionDate>2015-11-18</actionDate>
        <text>Introduced in Senate</text>
        <committee />
        <type>IntroReferral</type>
        <links />
        <sourceSystem>
          <name>Library of Congress</name>
          <code>9</code>
        </sourceSystem>
      </item>
    </actions>
    <amendments />
    <originChamber>Senate</originChamber>
    <latestAction>
      <text>Submitted in the Senate, considered, and agreed to without amendment and with a preamble by Unanimous Consent. (consideration: CR S8111; text as passed Senate: CR S8082)</text>
      <actionDate>2015-11-18</actionDate>
      <links />
    </latestAction>
    <subjects>
      <billSubjects>
        <legislativeSubjects>
          <item>
            <name>Civil actions and liability</name>
          </item>
          <item>
            <name>Congressional officers and employees</name>
          </item>
          <item>
            <name>Evidence and witnesses</name>
          </item>
          <item>
            <name>Legislative rules and procedure</name>
          </item>
          <item>
            <name>Members of Congress</name>
          </item>
          <item>
            <name>Senate</name>
          </item>
        </legislativeSubjects>
        <policyArea>
          <name>Congress</name>
        </policyArea>
      </billSubjects>
    </subjects>
    <cosponsors>
      <item>
        <fullName>Sen. Reid, Harry [D-NV]</fullName>
        <firstName>HARRY</firstName>
        <state>NV</state>
        <lastName>REID</lastName>
        <isOriginalCosponsor>True</isOriginalCosponsor>
        <identifiers>
          <lisID>952</lisID>
          <bioguideId>R000146</bioguideId>
          <gpoId>8271</gpoId>
        </identifiers>
        <middleName>M.</middleName>
        <sponsorshipWithdrawnDate />
        <party>D</party>
        <sponsorshipDate>2015-11-18</sponsorshipDate>
        <bioguideId>R000146</bioguideId>
      </item>
    </cosponsors>
    <billType>SRES</billType>
  </bill>
  <dublinCore xmlns:dc="http://purl.org/dc/elements/1.1/">
    <dc:format>text/xml</dc:format>
    <dc:language>EN</dc:language>
    <dc:rights>Pursuant to Title 17 Section 105 of the United States Code, this file is not subject to copyright protection and is in the public domain.</dc:rights>
    <dc:contributor>Congressional Research Service, Library of Congress</dc:contributor>
    <dc:description>This file contains bill summaries and statuses for federal legislation. A bill summary describes the most significant provisions of a piece of legislation and details the effects the legislative text may have on current law and federal programs. Bill summaries are authored by the Congressional Research Service (CRS) of the Library of Congress. As stated in Public Law 91-510 (2 USC 166 (d)(6)), one of the duties of CRS is "to prepare summaries and digests of bills and resolutions of a public general nature introduced in the Senate or House of Representatives". For more information, refer to the User Guide that accompanies this file.</dc:description>
  </dublinCore>
</billStatus>

