<?xml version="1.0" encoding="UTF-8"?>
<billStatus>
  <bill>
    <billType>SRES</billType>
    <laws />
    <recordedVotes />
    <actions>
      <item>
        <actionDate>2015-10-07</actionDate>
        <committee />
        <links />
        <sourceSystem>
          <code>0</code>
          <name>Senate</name>
        </sourceSystem>
        <text>Resolution agreed to in Senate without amendment and with a preamble by Unanimous Consent.</text>
        <type>Floor</type>
      </item>
      <item>
        <sourceSystem>
          <code>9</code>
          <name>Library of Congress</name>
        </sourceSystem>
        <actionDate>2015-10-07</actionDate>
        <links />
        <committee />
        <text>Passed/agreed to in Senate: Resolution agreed to in Senate without amendment and with a preamble by Unanimous Consent.</text>
        <type>Floor</type>
        <actionCode>17000</actionCode>
      </item>
      <item>
        <actionDate>2015-10-07</actionDate>
        <committee>
          <systemCode>ssju00</systemCode>
          <name>Judiciary Committee</name>
        </committee>
        <links>
          <link>
            <url>https://www.congress.gov/congressional-record/volume-161/senate-section/page/S7224</url>
            <name>S7224</name>
          </link>
        </links>
        <sourceSystem>
          <code>0</code>
          <name>Senate</name>
        </sourceSystem>
        <text>Senate Committee on the Judiciary discharged by Unanimous Consent. (consideration: CR S7224)</text>
        <type>Discharge</type>
      </item>
      <item>
        <sourceSystem>
          <code>9</code>
          <name>Library of Congress</name>
        </sourceSystem>
        <actionDate>2015-10-07</actionDate>
        <links>
          <link>
            <url>https://www.congress.gov/congressional-record/volume-161/senate-section/page/S7224</url>
            <name>S7224</name>
          </link>
        </links>
        <committee>
          <systemCode>ssju00</systemCode>
          <name>Judiciary Committee</name>
        </committee>
        <text>Senate Committee on the Judiciary discharged by Unanimous Consent.(consideration: CR S7224)</text>
        <type>Committee</type>
        <actionCode>14500</actionCode>
      </item>
      <item>
        <actionDate>2015-10-01</actionDate>
        <committee>
          <systemCode>ssju00</systemCode>
          <name>Judiciary Committee</name>
        </committee>
        <links>
          <link>
            <url>https://www.congress.gov/congressional-record/volume-161/senate-section/page/S7106</url>
            <name>S7106</name>
          </link>
        </links>
        <sourceSystem>
          <code>0</code>
          <name>Senate</name>
        </sourceSystem>
        <text>Referred to the Committee on the Judiciary. (text of measure as introduced: CR S7106)</text>
        <type>IntroReferral</type>
      </item>
      <item>
        <sourceSystem>
          <code>9</code>
          <name>Library of Congress</name>
        </sourceSystem>
        <actionDate>2015-10-01</actionDate>
        <links />
        <committee />
        <text>Introduced in Senate</text>
        <type>IntroReferral</type>
        <actionCode>10000</actionCode>
      </item>
      <actionTypeCounts>
        <committeeDischarged>1</committeeDischarged>
        <introducedInSenate>1</introducedInSenate>
        <agreedToInSenate>1</agreedToInSenate>
        <senateCommitteeDischarged>1</senateCommitteeDischarged>
        <referredToCommittee>1</referredToCommittee>
        <passedAgreedToInSenate>1</passedAgreedToInSenate>
      </actionTypeCounts>
      <actionByCounts>
        <senate>6</senate>
      </actionByCounts>
    </actions>
    <billNumber>275</billNumber>
    <policyArea>
      <name>Education</name>
    </policyArea>
    <notes />
    <latestAction>
      <actionDate>2015-10-07</actionDate>
      <links />
      <text>Resolution agreed to in Senate without amendment and with a preamble by Unanimous Consent.</text>
    </latestAction>
    <relatedBills>
      <item>
        <latestAction>
          <actionDate>2015-02-03</actionDate>
          <text>Referred to the House Committee on Education and the Workforce.</text>
        </latestAction>
        <congress>114</congress>
        <latestTitle>Calling on schools and State and local educational agencies to recognize that dyslexia has significant educational implications that must be addressed.</latestTitle>
        <relationshipDetails>
          <item>
            <type>Related bill</type>
            <identifiedBy>CRS</identifiedBy>
          </item>
        </relationshipDetails>
        <type>HRES</type>
        <number>82</number>
      </item>
      <item>
        <latestAction>
          <actionDate>2016-09-26</actionDate>
          <text>Submitted in the Senate, considered, and agreed to without amendment and with a preamble by Unanimous Consent. (consideration: CR S6089; text as passed Senate: CR S6083-6084)</text>
        </latestAction>
        <congress>114</congress>
        <latestTitle>A resolution calling on Congress, schools, and State and local educational agencies to recognize the significant educational implications of dyslexia that must be addressed and designating October 2016 as "National Dyslexia Awareness Month".</latestTitle>
        <relationshipDetails>
          <item>
            <type>Related bill</type>
            <identifiedBy>CRS</identifiedBy>
          </item>
        </relationshipDetails>
        <type>SRES</type>
        <number>576</number>
      </item>
    </relatedBills>
    <committees>
      <billCommittees>
        <item>
          <activities>
            <item>
              <name>Discharged from</name>
              <date>2015-10-07T22:51:02Z</date>
            </item>
            <item>
              <name>Referred to</name>
              <date>2015-10-01T21:10:17Z</date>
            </item>
          </activities>
          <name>Judiciary Committee</name>
          <subcommittees />
          <chamber>Senate</chamber>
          <type>Standing</type>
          <systemCode>ssju00</systemCode>
        </item>
      </billCommittees>
    </committees>
    <cosponsors>
      <item>
        <state>MD</state>
        <fullName>Sen. Mikulski, Barbara A. [D-MD]</fullName>
        <sponsorshipDate>2015-10-01</sponsorshipDate>
        <middleName>ANN</middleName>
        <identifiers>
          <lisID>802</lisID>
          <gpoId>8240</gpoId>
          <bioguideId>M000702</bioguideId>
        </identifiers>
        <firstName>BARBARA</firstName>
        <lastName>MIKULSKI</lastName>
        <bioguideId>M000702</bioguideId>
        <isOriginalCosponsor>True</isOriginalCosponsor>
        <sponsorshipWithdrawnDate />
        <party>D</party>
      </item>
      <item>
        <state>MA</state>
        <fullName>Sen. Warren, Elizabeth [D-MA]</fullName>
        <sponsorshipDate>2015-10-22</sponsorshipDate>
        <middleName>A.</middleName>
        <identifiers>
          <bioguideId>W000817</bioguideId>
          <lisID>2182</lisID>
          <gpoId />
        </identifiers>
        <firstName>Elizabeth</firstName>
        <lastName>Warren</lastName>
        <bioguideId>W000817</bioguideId>
        <isOriginalCosponsor>False</isOriginalCosponsor>
        <sponsorshipWithdrawnDate />
        <party>D</party>
      </item>
      <item>
        <state>MA</state>
        <fullName>Sen. Markey, Edward J. [D-MA]</fullName>
        <sponsorshipDate>2015-10-22</sponsorshipDate>
        <middleName>J.</middleName>
        <identifiers>
          <gpoId>7972</gpoId>
          <lisID>735</lisID>
          <bioguideId>M000133</bioguideId>
        </identifiers>
        <firstName>EDWARD</firstName>
        <lastName>MARKEY</lastName>
        <bioguideId>M000133</bioguideId>
        <isOriginalCosponsor>False</isOriginalCosponsor>
        <sponsorshipWithdrawnDate />
        <party>D</party>
      </item>
      <item>
        <state>CT</state>
        <fullName>Sen. Murphy, Christopher S. [D-CT]</fullName>
        <sponsorshipDate>2015-10-22</sponsorshipDate>
        <middleName>S.</middleName>
        <identifiers>
          <lisID>1837</lisID>
          <gpoId>7870</gpoId>
          <bioguideId>M001169</bioguideId>
        </identifiers>
        <firstName>Christopher</firstName>
        <lastName>Murphy</lastName>
        <bioguideId>M001169</bioguideId>
        <isOriginalCosponsor>False</isOriginalCosponsor>
        <sponsorshipWithdrawnDate />
        <party>D</party>
      </item>
      <item>
        <state>GA</state>
        <fullName>Sen. Isakson, Johnny [R-GA]</fullName>
        <sponsorshipDate>2015-10-29</sponsorshipDate>
        <middleName />
        <identifiers>
          <lisID>1608</lisID>
          <bioguideId>I000055</bioguideId>
          <gpoId>8323</gpoId>
        </identifiers>
        <firstName>Johnny</firstName>
        <lastName>Isakson</lastName>
        <bioguideId>I000055</bioguideId>
        <isOriginalCosponsor>False</isOriginalCosponsor>
        <sponsorshipWithdrawnDate />
        <party>R</party>
      </item>
    </cosponsors>
    <committeeReports />
    <sponsors>
      <item>
        <fullName>Sen. Cassidy, Bill [R-LA]</fullName>
        <firstName>Bill</firstName>
        <lastName>Cassidy</lastName>
        <state>LA</state>
        <party>R</party>
        <bioguideId>C001075</bioguideId>
        <identifiers>
          <lisID>1925</lisID>
          <bioguideId>C001075</bioguideId>
          <gpoId>7964</gpoId>
        </identifiers>
        <middleName />
        <byRequestType />
      </item>
    </sponsors>
    <createDate>2015-10-02T12:58:01Z</createDate>
    <updateDate>2016-11-02T23:13:46Z</updateDate>
    <introducedDate>2015-10-01</introducedDate>
    <summaries>
      <billSummaries>
        <item>
          <versionCode>00</versionCode>
          <actionDate>2015-10-01</actionDate>
          <text><![CDATA[<p>Designates October 2015 as National Dyslexia Awareness Month, and calls on Congress, schools, and educational agencies to recognize that dyslexia has significant educational implications that must be addressed.</p>]]></text>
          <name>Introduced in Senate</name>
          <lastSummaryUpdateDate>2015-10-08T21:16:30Z</lastSummaryUpdateDate>
          <updateDate>2015-10-01T04:00:00Z</updateDate>
          <actionDesc>Introduced in Senate</actionDesc>
        </item>
        <item>
          <versionCode>82</versionCode>
          <actionDate>2015-10-07</actionDate>
          <text><![CDATA[<p>(This measure has not been amended since it was introduced. The summary of that version is repeated here.)</p> <p>Designates October 2015 as National Dyslexia Awareness Month, and calls on Congress, schools, and educational agencies to recognize that dyslexia has significant educational implications that must be addressed.</p>]]></text>
          <name>Passed Senate without amendment</name>
          <lastSummaryUpdateDate>2015-10-15T12:45:50Z</lastSummaryUpdateDate>
          <updateDate>2015-10-07T12:11:14Z</updateDate>
          <actionDesc>Passed Senate without amendment</actionDesc>
        </item>
      </billSummaries>
    </summaries>
    <title>A resolution calling on Congress, schools, and State and local educational agencies to recognize the significant educational implications of dyslexia that must be addressed and designating October 2015 as "National Dyslexia Awareness Month".</title>
    <cboCostEstimates />
    <subjects>
      <billSubjects>
        <policyArea>
          <name>Education</name>
        </policyArea>
        <legislativeSubjects>
          <item>
            <name>Commemorative events and holidays</name>
          </item>
          <item>
            <name>Elementary and secondary education</name>
          </item>
          <item>
            <name>Neurological disorders</name>
          </item>
          <item>
            <name>Special education</name>
          </item>
        </legislativeSubjects>
      </billSubjects>
    </subjects>
    <amendments />
    <calendarNumbers />
    <congress>114</congress>
    <titles>
      <item>
        <parentTitleType />
        <titleType>Official Title as Introduced</titleType>
        <title>A resolution calling on Congress, schools, and State and local educational agencies to recognize the significant educational implications of dyslexia that must be addressed and designating October 2015 as "National Dyslexia Awareness Month".</title>
        <chamberCode />
        <chamberName />
      </item>
      <item>
        <parentTitleType />
        <titleType>Display Title</titleType>
        <title>A resolution calling on Congress, schools, and State and local educational agencies to recognize the significant educational implications of dyslexia that must be addressed and designating October 2015 as "National Dyslexia Awareness Month".</title>
        <chamberCode />
        <chamberName />
      </item>
    </titles>
    <originChamber>Senate</originChamber>
  </bill>
  <dublinCore xmlns:dc="http://purl.org/dc/elements/1.1/">
    <dc:format>text/xml</dc:format>
    <dc:language>EN</dc:language>
    <dc:rights>Pursuant to Title 17 Section 105 of the United States Code, this file is not subject to copyright protection and is in the public domain.</dc:rights>
    <dc:contributor>Congressional Research Service, Library of Congress</dc:contributor>
    <dc:description>This file contains bill summaries and statuses for federal legislation. A bill summary describes the most significant provisions of a piece of legislation and details the effects the legislative text may have on current law and federal programs. Bill summaries are authored by the Congressional Research Service (CRS) of the Library of Congress. As stated in Public Law 91-510 (2 USC 166 (d)(6)), one of the duties of CRS is "to prepare summaries and digests of bills and resolutions of a public general nature introduced in the Senate or House of Representatives". For more information, refer to the User Guide that accompanies this file.</dc:description>
  </dublinCore>
</billStatus>

