<?xml version="1.0" encoding="UTF-8"?>
<billStatus>
  <bill>
    <cboCostEstimates />
    <policyArea>
      <name>Government Operations and Politics</name>
    </policyArea>
    <notes />
    <committeeReports />
    <titles>
      <item>
        <parentTitleType />
        <chamberCode />
        <chamberName />
        <title>A resolution recognizing the need to improve physical access to many federally funded facilities for all people of the United States, particularly people with disabilities.</title>
        <titleType>Official Title as Introduced</titleType>
      </item>
      <item>
        <parentTitleType />
        <chamberCode />
        <chamberName />
        <title>A resolution recognizing the need to improve physical access to many federally funded facilities for all people of the United States, particularly people with disabilities.</title>
        <titleType>Display Title</titleType>
      </item>
    </titles>
    <summaries>
      <billSummaries>
        <item>
          <versionCode>00</versionCode>
          <actionDate>2015-06-09</actionDate>
          <text><![CDATA[<p>Recognizes the hardships that people with disabilities must overcome every day. </p> <p>Reaffirms support of the Architectural Barriers Act of 1968 and the Americans with Disabilities Act of 1990.</p> <p>Recommends that the United States Postal Service and federal agencies install power-assisted doors at post offices and other federally funded facilities to ensure equal access for all people.</p> <p>Pledges to continue to identify and remove the barriers that prevent equal access to federal government services.</p>]]></text>
          <name>Introduced in Senate</name>
          <lastSummaryUpdateDate>2015-06-27T15:28:54Z</lastSummaryUpdateDate>
          <updateDate>2015-06-09T04:00:00Z</updateDate>
          <actionDesc>Introduced in Senate</actionDesc>
        </item>
        <item>
          <versionCode>82</versionCode>
          <actionDate>2015-06-09</actionDate>
          <text><![CDATA[<p>(This measure has not been amended since it was introduced. The summary of that version is repeated here.)</p> <p>Recognizes the hardships that people with disabilities must overcome every day. </p> <p>Reaffirms support of the Architectural Barriers Act of 1968 and the Americans with Disabilities Act of 1990.</p> <p>Recommends that the United States Postal Service and federal agencies install power-assisted doors at post offices and other federally funded facilities to ensure equal access for all people.</p> <p>Pledges to continue to identify and remove the barriers that prevent equal access to federal government services.</p>]]></text>
          <name>Passed Senate without amendment</name>
          <lastSummaryUpdateDate>2015-06-27T15:29:13Z</lastSummaryUpdateDate>
          <updateDate>2015-06-09T16:05:14Z</updateDate>
          <actionDesc>Passed Senate without amendment</actionDesc>
        </item>
      </billSummaries>
    </summaries>
    <createDate>2015-06-10T08:46:43Z</createDate>
    <recordedVotes />
    <billNumber>197</billNumber>
    <introducedDate>2015-06-09</introducedDate>
    <relatedBills>
      <item>
        <latestAction>
          <actionDate>2015-05-15</actionDate>
          <text>Referred to the Subcommittee on the Constitution and Civil Justice.</text>
        </latestAction>
        <congress>114</congress>
        <latestTitle>Recognizing the need to improve physical access to many federally funded facilities for all people of the United States, particularly people with disabilities.</latestTitle>
        <relationshipDetails>
          <item>
            <type>Identical bill</type>
            <identifiedBy>CRS</identifiedBy>
          </item>
        </relationshipDetails>
        <type>HCONRES</type>
        <number>37</number>
      </item>
      <item>
        <latestAction>
          <actionDate>2015-04-16</actionDate>
          <text>Referred to the Committee on Health, Education, Labor, and Pensions. (text of measure as introduced: CR S2254-2255)</text>
        </latestAction>
        <congress>114</congress>
        <latestTitle>A concurrent resolution recognizing the need to improve physical access to many federally funded facilities for all people of the United States, particularly people with disabilities.</latestTitle>
        <relationshipDetails>
          <item>
            <type>Identical bill</type>
            <identifiedBy>CRS</identifiedBy>
          </item>
        </relationshipDetails>
        <type>SCONRES</type>
        <number>12</number>
      </item>
    </relatedBills>
    <updateDate>2016-11-02T23:13:19Z</updateDate>
    <committees>
      <billCommittees />
    </committees>
    <congress>114</congress>
    <laws />
    <title>A resolution recognizing the need to improve physical access to many federally funded facilities for all people of the United States, particularly people with disabilities.</title>
    <calendarNumbers />
    <sponsors>
      <item>
        <identifiers>
          <lisID>2076</lisID>
          <gpoId>8332</gpoId>
          <bioguideId>B001277</bioguideId>
        </identifiers>
        <byRequestType />
        <fullName>Sen. Blumenthal, Richard [D-CT]</fullName>
        <firstName>Richard</firstName>
        <state>CT</state>
        <bioguideId>B001277</bioguideId>
        <middleName />
        <party>D</party>
        <lastName>Blumenthal</lastName>
      </item>
    </sponsors>
    <actions>
      <actionTypeCounts>
        <passedAgreedToInSenate>1</passedAgreedToInSenate>
        <introducedInSenate>1</introducedInSenate>
        <passedOrAgreedToInSenateDayOf>1</passedOrAgreedToInSenateDayOf>
      </actionTypeCounts>
      <item>
        <actionDate>2015-06-09</actionDate>
        <committee />
        <links>
          <link>
            <name>S3932-3933</name>
            <url>https://www.congress.gov/congressional-record/volume-161/senate-section/page/S3932-3933</url>
          </link>
          <link>
            <name>S3974-3975</name>
            <url>https://www.congress.gov/congressional-record/volume-161/senate-section/page/S3974-3975</url>
          </link>
        </links>
        <sourceSystem>
          <name>Senate</name>
          <code>0</code>
        </sourceSystem>
        <text>Submitted in the Senate, considered, and agreed to without amendment and with a preamble by Unanimous Consent. (consideration: CR S3974-3975; text as passed Senate: CR S3932-3933)</text>
        <type>Floor</type>
      </item>
      <item>
        <text>Passed/agreed to in Senate: Submitted in the Senate, considered, and agreed to without amendment and with a preamble by Unanimous Consent.(consideration: CR S3974-3975; text as passed Senate: CR S3932-3933)</text>
        <links>
          <link>
            <name>S3932-3933</name>
            <url>https://www.congress.gov/congressional-record/volume-161/senate-section/page/S3932-3933</url>
          </link>
          <link>
            <name>S3974-3975</name>
            <url>https://www.congress.gov/congressional-record/volume-161/senate-section/page/S3974-3975</url>
          </link>
        </links>
        <actionCode>17000</actionCode>
        <type>Floor</type>
        <committee />
        <actionDate>2015-06-09</actionDate>
        <sourceSystem>
          <name>Library of Congress</name>
          <code>9</code>
        </sourceSystem>
      </item>
      <item>
        <text>Introduced in Senate</text>
        <links />
        <actionCode>10000</actionCode>
        <type>IntroReferral</type>
        <committee />
        <actionDate>2015-06-09</actionDate>
        <sourceSystem>
          <name>Library of Congress</name>
          <code>9</code>
        </sourceSystem>
      </item>
      <actionByCounts>
        <senate>3</senate>
      </actionByCounts>
    </actions>
    <amendments />
    <originChamber>Senate</originChamber>
    <latestAction>
      <text>Submitted in the Senate, considered, and agreed to without amendment and with a preamble by Unanimous Consent. (consideration: CR S3974-3975; text as passed Senate: CR S3932-3933)</text>
      <actionDate>2015-06-09</actionDate>
      <links />
    </latestAction>
    <subjects>
      <billSubjects>
        <legislativeSubjects>
          <item>
            <name>Disability and health-based discrimination</name>
          </item>
          <item>
            <name>Disability and paralysis</name>
          </item>
          <item>
            <name>Government buildings, facilities, and property</name>
          </item>
          <item>
            <name>Postal service</name>
          </item>
        </legislativeSubjects>
        <policyArea>
          <name>Government Operations and Politics</name>
        </policyArea>
      </billSubjects>
    </subjects>
    <cosponsors>
      <item>
        <fullName>Sen. Ayotte, Kelly [R-NH]</fullName>
        <firstName>Kelly</firstName>
        <lastName>Ayotte</lastName>
        <state>NH</state>
        <party>R</party>
        <bioguideId>A000368</bioguideId>
        <identifiers>
          <gpoId>8315</gpoId>
          <lisID>2075</lisID>
          <bioguideId>A000368</bioguideId>
        </identifiers>
        <sponsorshipWithdrawnDate />
        <sponsorshipDate>2015-06-09</sponsorshipDate>
        <middleName />
        <isOriginalCosponsor>True</isOriginalCosponsor>
      </item>
      <item>
        <fullName>Sen. Murphy, Christopher S. [D-CT]</fullName>
        <firstName>Christopher</firstName>
        <lastName>Murphy</lastName>
        <state>CT</state>
        <party>D</party>
        <bioguideId>M001169</bioguideId>
        <identifiers>
          <lisID>1837</lisID>
          <gpoId>7870</gpoId>
          <bioguideId>M001169</bioguideId>
        </identifiers>
        <sponsorshipWithdrawnDate />
        <sponsorshipDate>2015-06-09</sponsorshipDate>
        <middleName>S.</middleName>
        <isOriginalCosponsor>True</isOriginalCosponsor>
      </item>
      <item>
        <fullName>Sen. Menendez, Robert [D-NJ]</fullName>
        <firstName>ROBERT</firstName>
        <lastName>MENENDEZ</lastName>
        <state>NJ</state>
        <party>D</party>
        <bioguideId>M000639</bioguideId>
        <identifiers>
          <lisID>791</lisID>
          <gpoId>8239</gpoId>
          <bioguideId>M000639</bioguideId>
        </identifiers>
        <sponsorshipWithdrawnDate />
        <sponsorshipDate>2015-06-09</sponsorshipDate>
        <middleName />
        <isOriginalCosponsor>True</isOriginalCosponsor>
      </item>
      <item>
        <fullName>Sen. Brown, Sherrod [D-OH]</fullName>
        <firstName>SHERROD</firstName>
        <lastName>BROWN</lastName>
        <state>OH</state>
        <party>D</party>
        <bioguideId>B000944</bioguideId>
        <identifiers>
          <lisID>136</lisID>
          <gpoId>8309</gpoId>
          <bioguideId>B000944</bioguideId>
        </identifiers>
        <sponsorshipWithdrawnDate />
        <sponsorshipDate>2015-06-09</sponsorshipDate>
        <middleName />
        <isOriginalCosponsor>True</isOriginalCosponsor>
      </item>
      <item>
        <fullName>Sen. Schatz, Brian [D-HI]</fullName>
        <firstName>Brian</firstName>
        <lastName>Schatz</lastName>
        <state>HI</state>
        <party>D</party>
        <bioguideId>S001194</bioguideId>
        <identifiers>
          <gpoId />
          <lisID>2173</lisID>
          <bioguideId>S001194</bioguideId>
        </identifiers>
        <sponsorshipWithdrawnDate />
        <sponsorshipDate>2015-06-09</sponsorshipDate>
        <middleName />
        <isOriginalCosponsor>True</isOriginalCosponsor>
      </item>
      <item>
        <fullName>Sen. Whitehouse, Sheldon [D-RI]</fullName>
        <firstName>Sheldon</firstName>
        <lastName>Whitehouse</lastName>
        <state>RI</state>
        <party>D</party>
        <bioguideId>W000802</bioguideId>
        <identifiers>
          <gpoId>8264</gpoId>
          <lisID>1823</lisID>
          <bioguideId>W000802</bioguideId>
        </identifiers>
        <sponsorshipWithdrawnDate />
        <sponsorshipDate>2015-07-16</sponsorshipDate>
        <middleName />
        <isOriginalCosponsor>False</isOriginalCosponsor>
      </item>
    </cosponsors>
    <billType>SRES</billType>
  </bill>
  <dublinCore xmlns:dc="http://purl.org/dc/elements/1.1/">
    <dc:format>text/xml</dc:format>
    <dc:language>EN</dc:language>
    <dc:rights>Pursuant to Title 17 Section 105 of the United States Code, this file is not subject to copyright protection and is in the public domain.</dc:rights>
    <dc:contributor>Congressional Research Service, Library of Congress</dc:contributor>
    <dc:description>This file contains bill summaries and statuses for federal legislation. A bill summary describes the most significant provisions of a piece of legislation and details the effects the legislative text may have on current law and federal programs. Bill summaries are authored by the Congressional Research Service (CRS) of the Library of Congress. As stated in Public Law 91-510 (2 USC 166 (d)(6)), one of the duties of CRS is "to prepare summaries and digests of bills and resolutions of a public general nature introduced in the Senate or House of Representatives". For more information, refer to the User Guide that accompanies this file.</dc:description>
  </dublinCore>
</billStatus>

