<?xml version="1.0" encoding="UTF-8"?>
<billStatus>
  <bill>
    <committees>
      <billCommittees />
    </committees>
    <congress>114</congress>
    <billNumber>234</billNumber>
    <updateDate>2016-11-02T23:13:31Z</updateDate>
    <calendarNumbers />
    <policyArea>
      <name>Congress</name>
    </policyArea>
    <summaries>
      <billSummaries>
        <item>
          <text><![CDATA[<p>Requires that a collection of the rules of the committees of the Senate be printed as a Senate document. Provides for 250 additional copies of such document for the Committee on Rules and Administration.</p>]]></text>
          <versionCode>00</versionCode>
          <actionDesc>Introduced in Senate</actionDesc>
          <lastSummaryUpdateDate>2015-08-28T18:56:59Z</lastSummaryUpdateDate>
          <updateDate>2015-07-29T04:00:00Z</updateDate>
          <actionDate>2015-07-29</actionDate>
          <name>Introduced in Senate</name>
        </item>
        <item>
          <text><![CDATA[<p>(This measure has not been amended since it was introduced. The summary of that version is repeated here.)</p> <p>Requires that a collection of the rules of the committees of the Senate be printed as a Senate document. Provides for 250 additional copies of such document for the Committee on Rules and Administration.</p>]]></text>
          <versionCode>82</versionCode>
          <actionDesc>Passed Senate without amendment</actionDesc>
          <lastSummaryUpdateDate>2015-08-28T18:57:10Z</lastSummaryUpdateDate>
          <updateDate>2015-07-29T19:49:54Z</updateDate>
          <actionDate>2015-07-29</actionDate>
          <name>Passed Senate without amendment</name>
        </item>
      </billSummaries>
    </summaries>
    <title>A resolution to authorize the printing of a collection of the rules of the committees of the Senate.</title>
    <laws />
    <cosponsors />
    <billType>SRES</billType>
    <cboCostEstimates />
    <recordedVotes />
    <relatedBills />
    <actions>
      <actionTypeCounts>
        <passedOrAgreedToInSenateDayOf>1</passedOrAgreedToInSenateDayOf>
        <passedAgreedToInSenate>1</passedAgreedToInSenate>
        <introducedInSenate>1</introducedInSenate>
      </actionTypeCounts>
      <item>
        <actionDate>2015-07-29</actionDate>
        <committee />
        <links>
          <link>
            <name>S6143</name>
            <url>https://www.congress.gov/congressional-record/volume-161/senate-section/page/S6143</url>
          </link>
          <link>
            <name>S6144</name>
            <url>https://www.congress.gov/congressional-record/volume-161/senate-section/page/S6144</url>
          </link>
        </links>
        <sourceSystem>
          <code>0</code>
          <name>Senate</name>
        </sourceSystem>
        <text>Submitted in the Senate, considered, and agreed to without amendment by Unanimous Consent. (consideration: CR S6144; text as passed Senate: CR S6143)</text>
        <type>Floor</type>
      </item>
      <item>
        <actionDate>2015-07-29</actionDate>
        <sourceSystem>
          <code>9</code>
          <name>Library of Congress</name>
        </sourceSystem>
        <text>Passed/agreed to in Senate: Submitted in the Senate, considered, and agreed to without amendment by Unanimous Consent.(consideration: CR S6144; text as passed Senate: CR S6143)</text>
        <type>Floor</type>
        <links>
          <link>
            <name>S6143</name>
            <url>https://www.congress.gov/congressional-record/volume-161/senate-section/page/S6143</url>
          </link>
          <link>
            <name>S6144</name>
            <url>https://www.congress.gov/congressional-record/volume-161/senate-section/page/S6144</url>
          </link>
        </links>
        <actionCode>17000</actionCode>
        <committee />
      </item>
      <item>
        <actionDate>2015-07-29</actionDate>
        <sourceSystem>
          <code>9</code>
          <name>Library of Congress</name>
        </sourceSystem>
        <text>Introduced in Senate</text>
        <type>IntroReferral</type>
        <links />
        <actionCode>10000</actionCode>
        <committee />
      </item>
      <actionByCounts>
        <senate>3</senate>
      </actionByCounts>
    </actions>
    <notes />
    <latestAction>
      <actionDate>2015-07-29</actionDate>
      <links />
      <text>Submitted in the Senate, considered, and agreed to without amendment by Unanimous Consent. (consideration: CR S6144; text as passed Senate: CR S6143)</text>
    </latestAction>
    <introducedDate>2015-07-29</introducedDate>
    <sponsors>
      <item>
        <fullName>Sen. Blunt, Roy [R-MO]</fullName>
        <firstName>Roy</firstName>
        <byRequestType />
        <identifiers>
          <bioguideId>B000575</bioguideId>
          <lisID>1464</lisID>
          <gpoId>8313</gpoId>
        </identifiers>
        <middleName />
        <bioguideId>B000575</bioguideId>
        <party>R</party>
        <state>MO</state>
        <lastName>Blunt</lastName>
      </item>
    </sponsors>
    <subjects>
      <billSubjects>
        <policyArea>
          <name>Congress</name>
        </policyArea>
        <legislativeSubjects>
          <item>
            <name>Congressional committees</name>
          </item>
          <item>
            <name>Legislative rules and procedure</name>
          </item>
          <item>
            <name>Senate</name>
          </item>
          <item>
            <name>Senate Committee on Rules and Administration</name>
          </item>
        </legislativeSubjects>
      </billSubjects>
    </subjects>
    <committeeReports />
    <amendments />
    <createDate>2015-07-30T08:30:36Z</createDate>
    <originChamber>Senate</originChamber>
    <titles>
      <item>
        <chamberName />
        <titleType>Official Title as Introduced</titleType>
        <parentTitleType />
        <title>A resolution to authorize the printing of a collection of the rules of the committees of the Senate.</title>
        <chamberCode />
      </item>
      <item>
        <chamberName />
        <titleType>Display Title</titleType>
        <parentTitleType />
        <title>A resolution to authorize the printing of a collection of the rules of the committees of the Senate.</title>
        <chamberCode />
      </item>
    </titles>
  </bill>
  <dublinCore xmlns:dc="http://purl.org/dc/elements/1.1/">
    <dc:format>text/xml</dc:format>
    <dc:language>EN</dc:language>
    <dc:rights>Pursuant to Title 17 Section 105 of the United States Code, this file is not subject to copyright protection and is in the public domain.</dc:rights>
    <dc:contributor>Congressional Research Service, Library of Congress</dc:contributor>
    <dc:description>This file contains bill summaries and statuses for federal legislation. A bill summary describes the most significant provisions of a piece of legislation and details the effects the legislative text may have on current law and federal programs. Bill summaries are authored by the Congressional Research Service (CRS) of the Library of Congress. As stated in Public Law 91-510 (2 USC 166 (d)(6)), one of the duties of CRS is "to prepare summaries and digests of bills and resolutions of a public general nature introduced in the Senate or House of Representatives". For more information, refer to the User Guide that accompanies this file.</dc:description>
  </dublinCore>
</billStatus>

