<?xml version="1.0" encoding="UTF-8"?>
<billStatus>
  <bill>
    <latestAction>
      <text>Read twice and referred to the Committee on Foreign Relations. (text of measure as introduced: CR S673-674)</text>
      <links />
      <actionDate>2016-02-04</actionDate>
    </latestAction>
    <policyArea>
      <name>International Affairs</name>
    </policyArea>
    <amendments />
    <relatedBills />
    <billNumber>362</billNumber>
    <updateDate>2016-11-02T23:14:13Z</updateDate>
    <sponsors>
      <item>
        <fullName>Sen. Burr, Richard [R-NC]</fullName>
        <firstName>RICHARD</firstName>
        <lastName>BURR</lastName>
        <identifiers>
          <bioguideId>B001135</bioguideId>
          <lisID>153</lisID>
          <gpoId>8286</gpoId>
        </identifiers>
        <state>NC</state>
        <middleName />
        <party>R</party>
        <byRequestType />
        <bioguideId>B001135</bioguideId>
      </item>
    </sponsors>
    <notes />
    <originChamber>Senate</originChamber>
    <subjects>
      <billSubjects>
        <policyArea>
          <name>International Affairs</name>
        </policyArea>
        <legislativeSubjects>
          <item>
            <name>Asia</name>
          </item>
          <item>
            <name>Conflicts and wars</name>
          </item>
          <item>
            <name>Congressional tributes</name>
          </item>
          <item>
            <name>Human rights</name>
          </item>
          <item>
            <name>Racial and ethnic relations</name>
          </item>
          <item>
            <name>Religion</name>
          </item>
          <item>
            <name>Vietnam</name>
          </item>
        </legislativeSubjects>
      </billSubjects>
    </subjects>
    <committees>
      <billCommittees>
        <item>
          <subcommittees />
          <activities>
            <item>
              <date>2016-02-04T21:00:51Z</date>
              <name>Referred to</name>
            </item>
          </activities>
          <type>Standing</type>
          <systemCode>ssfr00</systemCode>
          <chamber>Senate</chamber>
          <name>Foreign Relations Committee</name>
        </item>
      </billCommittees>
    </committees>
    <cosponsors>
      <item>
        <firstName>Thomas</firstName>
        <isOriginalCosponsor>True</isOriginalCosponsor>
        <fullName>Sen. Tillis, Thom [R-NC]</fullName>
        <identifiers>
          <bioguideId>T000476</bioguideId>
          <lisID>2291</lisID>
          <gpoId />
        </identifiers>
        <middleName>Roland</middleName>
        <sponsorshipWithdrawnDate />
        <sponsorshipDate>2016-02-04</sponsorshipDate>
        <party>R</party>
        <bioguideId>T000476</bioguideId>
        <state>NC</state>
        <lastName>Tillis</lastName>
      </item>
      <item>
        <firstName>John</firstName>
        <isOriginalCosponsor>False</isOriginalCosponsor>
        <fullName>Sen. Boozman, John [R-AR]</fullName>
        <identifiers>
          <lisID>1687</lisID>
          <gpoId>8247</gpoId>
          <bioguideId>B001236</bioguideId>
        </identifiers>
        <middleName />
        <sponsorshipWithdrawnDate />
        <sponsorshipDate>2016-02-23</sponsorshipDate>
        <party>R</party>
        <bioguideId>B001236</bioguideId>
        <state>AR</state>
        <lastName>Boozman</lastName>
      </item>
    </cosponsors>
    <calendarNumbers />
    <committeeReports />
    <congress>114</congress>
    <title>A resolution recognizing the contributions of the Montagnard indigenous tribespeople of the Central Highlands of Vietnam to the United States Armed Forces during the Vietnam War, and condemning the ongoing violation of human rights by the Government of the Socialist Republic of Vietnam.</title>
    <introducedDate>2016-02-04</introducedDate>
    <actions>
      <actionTypeCounts>
        <introducedInSenate>1</introducedInSenate>
        <referredToCommittee>1</referredToCommittee>
      </actionTypeCounts>
      <actionByCounts>
        <senate>2</senate>
      </actionByCounts>
      <item>
        <actionDate>2016-02-04</actionDate>
        <committee>
          <systemCode>ssfr00</systemCode>
          <name>Foreign Relations Committee</name>
        </committee>
        <links>
          <link>
            <url>https://www.congress.gov/congressional-record/volume-162/senate-section/page/S673-674</url>
            <name>S673-674</name>
          </link>
        </links>
        <sourceSystem>
          <name>Senate</name>
          <code>0</code>
        </sourceSystem>
        <text>Read twice and referred to the Committee on Foreign Relations. (text of measure as introduced: CR S673-674)</text>
        <type>IntroReferral</type>
      </item>
      <item>
        <links />
        <committee />
        <actionCode>10000</actionCode>
        <actionDate>2016-02-04</actionDate>
        <text>Introduced in Senate</text>
        <type>IntroReferral</type>
        <sourceSystem>
          <name>Library of Congress</name>
          <code>9</code>
        </sourceSystem>
      </item>
    </actions>
    <summaries>
      <billSummaries>
        <item>
          <actionDate>2016-02-04</actionDate>
          <updateDate>2016-02-04T05:00:00Z</updateDate>
          <name>Introduced in Senate</name>
          <lastSummaryUpdateDate>2016-02-08T18:07:34Z</lastSummaryUpdateDate>
          <versionCode>00</versionCode>
          <actionDesc>Introduced in Senate</actionDesc>
          <text><![CDATA[<p>Recognizes the contributions of the Montagnards who fought loyally and bravely with U.S. Armed Forces during the Vietnam War, and who continue to suffer persecution in Vietnam as a result of this relationship.</p> <p> Condemns actions taken by the government of Vietnam to suppress basic human rights and civil liberties for all its citizens.</p> <p> Calls on Vietnam to allow human rights groups access to all regions of the country and to end restrictions of basic human rights, including the right for Montagnards to practice their Christian faith freely, the right to land and property, freedom of movement, the right to retain ethnic identity and culture, and access to an adequate standard of living.</p> <p>Urges the President and Congress to develop policies that: (1) support Montagnards and other marginalized ethnic minority and indigenous populations, and (2) reflect U.S. interests and commitment to upholding human rights and democracy abroad.</p>]]></text>
        </item>
      </billSummaries>
    </summaries>
    <laws />
    <createDate>2016-02-05T05:14:19Z</createDate>
    <titles>
      <item>
        <title>A resolution recognizing the contributions of the Montagnard indigenous tribespeople of the Central Highlands of Vietnam to the United States Armed Forces during the Vietnam War, and condemning the ongoing violation of human rights by the Government of the Socialist Republic of Vietnam.</title>
        <titleType>Official Title as Introduced</titleType>
        <chamberCode />
        <chamberName />
        <parentTitleType />
      </item>
      <item>
        <title>A resolution recognizing the contributions of the Montagnard indigenous tribespeople of the Central Highlands of Vietnam to the United States Armed Forces during the Vietnam War, and condemning the ongoing violation of human rights by the Government of the Socialist Republic of Vietnam.</title>
        <titleType>Display Title</titleType>
        <chamberCode />
        <chamberName />
        <parentTitleType />
      </item>
    </titles>
    <cboCostEstimates />
    <recordedVotes />
    <billType>SRES</billType>
  </bill>
  <dublinCore xmlns:dc="http://purl.org/dc/elements/1.1/">
    <dc:format>text/xml</dc:format>
    <dc:language>EN</dc:language>
    <dc:rights>Pursuant to Title 17 Section 105 of the United States Code, this file is not subject to copyright protection and is in the public domain.</dc:rights>
    <dc:contributor>Congressional Research Service, Library of Congress</dc:contributor>
    <dc:description>This file contains bill summaries and statuses for federal legislation. A bill summary describes the most significant provisions of a piece of legislation and details the effects the legislative text may have on current law and federal programs. Bill summaries are authored by the Congressional Research Service (CRS) of the Library of Congress. As stated in Public Law 91-510 (2 USC 166 (d)(6)), one of the duties of CRS is "to prepare summaries and digests of bills and resolutions of a public general nature introduced in the Senate or House of Representatives". For more information, refer to the User Guide that accompanies this file.</dc:description>
  </dublinCore>
</billStatus>

