<?xml version="1.0" encoding="UTF-8"?>
<billStatus>
  <bill>
    <latestAction>
      <text>Resolution agreed to in Senate without amendment and an amended preamble by Unanimous Consent. (text: CR S8500-8501)</text>
      <links />
      <actionDate>2015-12-08</actionDate>
    </latestAction>
    <policyArea>
      <name>International Affairs</name>
    </policyArea>
    <amendments>
      <amendment>
        <purpose>To amend the preamble.</purpose>
        <purpose>To amend the preamble.</purpose>
        <links />
        <sponsors>
          <item>
            <fullName>Sen. Casey, Robert P., Jr. [D-PA]</fullName>
            <lastName>Casey</lastName>
            <bioguideId>C001070</bioguideId>
            <state>PA</state>
            <middleName />
            <firstName>Bob</firstName>
            <party>D</party>
          </item>
        </sponsors>
        <congress>114</congress>
        <description />
        <chamber>Senate</chamber>
        <createDate>2015-12-11T15:44:19Z</createDate>
        <cosponsors>
          <currentCount>0</currentCount>
          <totalCount>0</totalCount>
        </cosponsors>
        <titles />
        <updateDate>2016-11-02T19:13:20Z</updateDate>
        <submittedDate>2015-12-08T05:00:00Z</submittedDate>
        <number>2921</number>
        <proposedDate>2015-12-08T05:00:00Z</proposedDate>
        <amendedAmendment />
        <type>SAMDT</type>
        <amendedBill>
          <type>SRES</type>
          <number>207</number>
          <originChamberCode>S</originChamberCode>
          <originChamber>Senate</originChamber>
          <title>A resolution recognizing threats to freedom of the press and expression around the world and reaffirming freedom of the press as a priority in efforts of the United States Government to promote democracy and good governance.</title>
          <congress>114</congress>
        </amendedBill>
        <actions>
          <actionTypeCounts>
            <amendmentAgreedTo>1</amendmentAgreedTo>
            <senateAmendmentAgreedTo>1</senateAmendmentAgreedTo>
            <amendmentProposed>1</amendmentProposed>
            <senateAmendmentSubmitted>1</senateAmendmentSubmitted>
            <senateAmendmentProposedOnTheFloor>1</senateAmendmentProposedOnTheFloor>
          </actionTypeCounts>
          <actionByCounts>
            <senate>5</senate>
          </actionByCounts>
          <actions>
            <item>
              <actionDate>2015-12-08</actionDate>
              <committee />
              <links>
                <link>
                  <name>S.Amdt.2921</name>
                  <url>https://www.congress.gov/amendment/114th-congress/senate-amendment/2921</url>
                </link>
                <link>
                  <name>SA 2921</name>
                  <url>https://www.congress.gov/amendment/114th-congress/senate-amendment/2921</url>
                </link>
              </links>
              <sourceSystem>
                <name>Senate</name>
                <code>0</code>
              </sourceSystem>
              <text>Amendment SA 2921 agreed to in Senate by Unanimous Consent.</text>
              <type>Floor</type>
            </item>
            <item>
              <actionDate>2015-12-08</actionDate>
              <committee />
              <links>
                <link>
                  <name>S.Amdt.2921</name>
                  <url>https://www.congress.gov/amendment/114th-congress/senate-amendment/2921</url>
                </link>
                <link>
                  <name>S8500</name>
                  <url>https://www.congress.gov/congressional-record/volume-161/senate-section/page/S8500</url>
                </link>
                <link>
                  <name>SA 2921</name>
                  <url>https://www.congress.gov/amendment/114th-congress/senate-amendment/2921</url>
                </link>
              </links>
              <sourceSystem>
                <name>Senate</name>
                <code>0</code>
              </sourceSystem>
              <text>Amendment SA 2921 proposed by Senator McConnell for Senator Casey. (consideration: CR S8500; text: CR S8500)</text>
              <type>Floor</type>
            </item>
            <item>
              <actionDate>2015-12-08</actionDate>
              <committee />
              <links />
              <text />
            </item>
            <item>
              <actionCode>93000</actionCode>
              <actionDate>2015-12-08</actionDate>
              <text>Senate amendment proposed (on the floor): Amendment SA 2921 proposed by Senator McConnell for Senator Casey.(consideration: CR S8500; text: CR S8500)</text>
              <committee />
              <type>Floor</type>
              <links>
                <link>
                  <name>S.Amdt.2921</name>
                  <url>https://www.congress.gov/amendment/114th-congress/senate-amendment/2921</url>
                </link>
                <link>
                  <name>S8500</name>
                  <url>https://www.congress.gov/congressional-record/volume-161/senate-section/page/S8500</url>
                </link>
                <link>
                  <name>SA 2921</name>
                  <url>https://www.congress.gov/amendment/114th-congress/senate-amendment/2921</url>
                </link>
              </links>
              <sourceSystem>
                <name>Library of Congress</name>
                <code>9</code>
              </sourceSystem>
            </item>
            <item>
              <actionCode>94000</actionCode>
              <actionDate>2015-12-08</actionDate>
              <text>Senate amendment agreed to: Amendment SA 2921 agreed to in Senate by Unanimous Consent.</text>
              <committee />
              <type>Floor</type>
              <links>
                <link>
                  <name>S.Amdt.2921</name>
                  <url>https://www.congress.gov/amendment/114th-congress/senate-amendment/2921</url>
                </link>
                <link>
                  <name>SA 2921</name>
                  <url>https://www.congress.gov/amendment/114th-congress/senate-amendment/2921</url>
                </link>
              </links>
              <sourceSystem>
                <name>Library of Congress</name>
                <code>9</code>
              </sourceSystem>
            </item>
            <item>
              <actionCode>91000</actionCode>
              <actionDate>2015-12-08</actionDate>
              <text>Senate amendment submitted</text>
              <committee />
              <type>Floor</type>
              <links />
              <sourceSystem>
                <name>Library of Congress</name>
                <code>9</code>
              </sourceSystem>
            </item>
          </actions>
          <count>6</count>
        </actions>
        <notes />
        <amendments>
          <count>0</count>
        </amendments>
        <latestAction>
          <text>Amendment SA 2921 agreed to in Senate by Unanimous Consent.</text>
          <actionDate>2015-12-08</actionDate>
        </latestAction>
        <number>2921</number>
        <type>SAMDT</type>
        <description />
        <congress>114</congress>
      </amendment>
    </amendments>
    <relatedBills />
    <billNumber>207</billNumber>
    <updateDate>2016-11-02T23:13:22Z</updateDate>
    <sponsors>
      <item>
        <fullName>Sen. Casey, Robert P., Jr. [D-PA]</fullName>
        <firstName>Bob</firstName>
        <lastName>Casey</lastName>
        <identifiers>
          <lisID>1828</lisID>
          <gpoId>8282</gpoId>
          <bioguideId>C001070</bioguideId>
        </identifiers>
        <state>PA</state>
        <middleName />
        <party>D</party>
        <byRequestType />
        <bioguideId>C001070</bioguideId>
      </item>
    </sponsors>
    <notes />
    <originChamber>Senate</originChamber>
    <subjects>
      <billSubjects>
        <policyArea>
          <name>International Affairs</name>
        </policyArea>
        <legislativeSubjects>
          <item>
            <name>Commemorative events and holidays</name>
          </item>
          <item>
            <name>Conflicts and wars</name>
          </item>
          <item>
            <name>Congressional tributes</name>
          </item>
          <item>
            <name>Criminal investigation, prosecution, interrogation</name>
          </item>
          <item>
            <name>Europe</name>
          </item>
          <item>
            <name>France</name>
          </item>
          <item>
            <name>Human rights</name>
          </item>
          <item>
            <name>Middle East</name>
          </item>
          <item>
            <name>News media and reporting</name>
          </item>
          <item>
            <name>Russia</name>
          </item>
          <item>
            <name>Sovereignty, recognition, national governance and status</name>
          </item>
          <item>
            <name>Syria</name>
          </item>
          <item>
            <name>Terrorism</name>
          </item>
          <item>
            <name>Ukraine</name>
          </item>
          <item>
            <name>Violent crime</name>
          </item>
        </legislativeSubjects>
      </billSubjects>
    </subjects>
    <committees>
      <billCommittees>
        <item>
          <systemCode>ssfr00</systemCode>
          <name>Foreign Relations Committee</name>
          <activities>
            <item>
              <name>Reported by</name>
              <date>2015-06-25T19:24:04Z</date>
            </item>
            <item>
              <name>Markup by</name>
              <date>2015-06-25T14:00:00Z</date>
            </item>
            <item>
              <name>Referred to</name>
              <date>2015-06-22T22:35:10Z</date>
            </item>
          </activities>
          <type>Standing</type>
          <chamber>Senate</chamber>
          <subcommittees />
        </item>
      </billCommittees>
    </committees>
    <cosponsors>
      <item>
        <state>FL</state>
        <bioguideId>R000595</bioguideId>
        <isOriginalCosponsor>True</isOriginalCosponsor>
        <fullName>Sen. Rubio, Marco [R-FL]</fullName>
        <lastName>Rubio</lastName>
        <identifiers>
          <bioguideId>R000595</bioguideId>
          <gpoId>8242</gpoId>
          <lisID>2084</lisID>
        </identifiers>
        <sponsorshipWithdrawnDate />
        <middleName />
        <sponsorshipDate>2015-06-22</sponsorshipDate>
        <party>R</party>
        <firstName>Marco</firstName>
      </item>
      <item>
        <state>OR</state>
        <bioguideId>W000779</bioguideId>
        <isOriginalCosponsor>True</isOriginalCosponsor>
        <fullName>Sen. Wyden, Ron [D-OR]</fullName>
        <lastName>WYDEN</lastName>
        <identifiers>
          <bioguideId>W000779</bioguideId>
          <lisID>1247</lisID>
          <gpoId>8265</gpoId>
        </identifiers>
        <sponsorshipWithdrawnDate />
        <middleName />
        <sponsorshipDate>2015-06-22</sponsorshipDate>
        <party>D</party>
        <firstName>RON</firstName>
      </item>
      <item>
        <state>NH</state>
        <bioguideId>S001181</bioguideId>
        <isOriginalCosponsor>False</isOriginalCosponsor>
        <fullName>Sen. Shaheen, Jeanne [D-NH]</fullName>
        <lastName>Shaheen</lastName>
        <identifiers>
          <bioguideId>S001181</bioguideId>
          <lisID>1901</lisID>
          <gpoId>8276</gpoId>
        </identifiers>
        <sponsorshipWithdrawnDate />
        <middleName />
        <sponsorshipDate>2015-06-25</sponsorshipDate>
        <party>D</party>
        <firstName>Jeanne</firstName>
      </item>
    </cosponsors>
    <calendarNumbers>
      <item>
        <number>0135</number>
        <calendar>Senate Calendar of Business</calendar>
      </item>
    </calendarNumbers>
    <committeeReports />
    <congress>114</congress>
    <title>A resolution recognizing threats to freedom of the press and expression around the world and reaffirming freedom of the press as a priority in efforts of the United States Government to promote democracy and good governance.</title>
    <introducedDate>2015-06-22</introducedDate>
    <actions>
      <actionByCounts>
        <senate>9</senate>
      </actionByCounts>
      <item>
        <actionDate>2015-12-08</actionDate>
        <committee />
        <links>
          <link>
            <name>S8500-8501</name>
            <url>https://www.congress.gov/congressional-record/volume-161/senate-section/page/S8500-8501</url>
          </link>
        </links>
        <sourceSystem>
          <name>Senate</name>
          <code>0</code>
        </sourceSystem>
        <text>Resolution agreed to in Senate without amendment and an amended preamble by Unanimous Consent. (text: CR S8500-8501)</text>
        <type>Floor</type>
      </item>
      <item>
        <actionDate>2015-12-08</actionDate>
        <actionCode>17000</actionCode>
        <sourceSystem>
          <name>Library of Congress</name>
          <code>9</code>
        </sourceSystem>
        <links>
          <link>
            <name>S8500-8501</name>
            <url>https://www.congress.gov/congressional-record/volume-161/senate-section/page/S8500-8501</url>
          </link>
        </links>
        <committee />
        <text>Passed/agreed to in Senate: Resolution agreed to in Senate without amendment and an amended preamble by Unanimous Consent.(text: CR S8500-8501)</text>
        <type>Floor</type>
      </item>
      <item>
        <actionDate>2015-12-08</actionDate>
        <committee />
        <links>
          <link>
            <name>S8500-8501</name>
            <url>https://www.congress.gov/congressional-record/volume-161/senate-section/page/S8500-8501</url>
          </link>
        </links>
        <sourceSystem>
          <name>Senate</name>
          <code>0</code>
        </sourceSystem>
        <text>Measure laid before Senate by unanimous consent. (consideration: CR S8500-8501)</text>
        <type>Floor</type>
      </item>
      <item>
        <actionDate>2015-06-25</actionDate>
        <committee />
        <links />
        <sourceSystem>
          <name>Senate</name>
          <code>0</code>
        </sourceSystem>
        <text>Placed on Senate Legislative Calendar under General Orders. Calendar No. 135.</text>
        <type>Calendars</type>
      </item>
      <item>
        <actionDate>2015-06-25</actionDate>
        <committee>
          <name>Foreign Relations Committee</name>
          <systemCode>ssfr00</systemCode>
        </committee>
        <links />
        <sourceSystem>
          <name>Senate</name>
          <code>0</code>
        </sourceSystem>
        <text>Committee on Foreign Relations. Reported by Senator Corker without amendment and with a preamble. Without written report.</text>
        <type>Committee</type>
      </item>
      <item>
        <actionDate>2015-06-25</actionDate>
        <actionCode>14000</actionCode>
        <sourceSystem>
          <name>Library of Congress</name>
          <code>9</code>
        </sourceSystem>
        <links />
        <committee>
          <name>Foreign Relations Committee</name>
          <systemCode>ssfr00</systemCode>
        </committee>
        <text>Committee on Foreign Relations. Reported by Senator Corker without amendment and with a preamble. Without written report.</text>
        <type>Committee</type>
      </item>
      <item>
        <actionDate>2015-06-25</actionDate>
        <committee>
          <name>Foreign Relations Committee</name>
          <systemCode>ssfr00</systemCode>
        </committee>
        <links />
        <sourceSystem>
          <name>Senate</name>
          <code>0</code>
        </sourceSystem>
        <text>Committee on Foreign Relations. Ordered to be reported without amendment favorably.</text>
        <type>Committee</type>
      </item>
      <item>
        <actionDate>2015-06-22</actionDate>
        <committee>
          <name>Foreign Relations Committee</name>
          <systemCode>ssfr00</systemCode>
        </committee>
        <links>
          <link>
            <name>S4347-4348</name>
            <url>https://www.congress.gov/congressional-record/volume-161/senate-section/page/S4347-4348</url>
          </link>
        </links>
        <sourceSystem>
          <name>Senate</name>
          <code>0</code>
        </sourceSystem>
        <text>Referred to the Committee on Foreign Relations. (text of measure as introduced: CR S4347-4348)</text>
        <type>IntroReferral</type>
      </item>
      <item>
        <actionDate>2015-06-22</actionDate>
        <actionCode>10000</actionCode>
        <sourceSystem>
          <name>Library of Congress</name>
          <code>9</code>
        </sourceSystem>
        <links />
        <committee />
        <text>Introduced in Senate</text>
        <type>IntroReferral</type>
      </item>
      <actionTypeCounts>
        <orderedReported>1</orderedReported>
        <introducedInSenate>1</introducedInSenate>
        <reportedToSenate>2</reportedToSenate>
        <measureLaidBeforeSenate>1</measureLaidBeforeSenate>
        <agreedToInSenate>1</agreedToInSenate>
        <placedOnCalendarGeneralOrders>1</placedOnCalendarGeneralOrders>
        <referredToCommittee>1</referredToCommittee>
        <passedAgreedToInSenate>1</passedAgreedToInSenate>
      </actionTypeCounts>
    </actions>
    <summaries>
      <billSummaries>
        <item>
          <versionCode>00</versionCode>
          <actionDate>2015-06-22</actionDate>
          <name>Introduced in Senate</name>
          <lastSummaryUpdateDate>2015-12-09T16:47:50Z</lastSummaryUpdateDate>
          <text><![CDATA[<p>Commemorates World Press Freedom Day by commending journalists like Mazen Darwish and others around the world for the vital role they play in supporting democratic societies, promoting government accountability, and strengthening civil society. </p> <p>Expresses concern about the threats to freedom of the press and expression around the world, and pays tribute to journalists who have lost their lives carrying out their work. </p> <p>Calls on governments abroad to implement United Nations General Assembly Resolution (A/RES/68/163) by investigating and seeking to resolve outstanding cases of violence against journalists. </p> <p>Condemns actions around the world that suppress freedom of the press, including the murders of journalists by the terrorist group ISIS, attacks against media outlets like the French satirical magazine Charlie Hebdo, and kidnappings of journalists and media workers in eastern Ukraine by pro-Russian militant groups. </p> <p>Reaffirms the centrality of freedom of the press to U.S. efforts to support democracy and mitigate conflict. </p> <p>Calls on the President and the Department of State to: (1) improve the means by which the United States responds to threats against freedom of the press around the world, (2) urge foreign governments to investigate and bring to justice the perpetrators of attacks against journalists, and (3) highlight the issue of threats against freedom of the press.</p>]]></text>
          <actionDesc>Introduced in Senate</actionDesc>
          <updateDate>2015-06-22T04:00:00Z</updateDate>
        </item>
        <item>
          <versionCode>80</versionCode>
          <actionDate>2015-06-25</actionDate>
          <name>Reported to Senate without amendment</name>
          <lastSummaryUpdateDate>2015-12-09T16:48:22Z</lastSummaryUpdateDate>
          <text><![CDATA[<p>(This measure has not been amended since it was introduced. The summary of that version is repeated here.)</p> <p>Commemorates World Press Freedom Day by commending journalists like Mazen Darwish and others around the world for the vital role they play in supporting democratic societies, promoting government accountability, and strengthening civil society. </p> <p>Expresses concern about the threats to freedom of the press and expression around the world, and pays tribute to journalists who have lost their lives carrying out their work. </p> <p>Calls on governments abroad to implement United Nations General Assembly Resolution (A/RES/68/163) by investigating and seeking to resolve outstanding cases of violence against journalists. </p> <p>Condemns actions around the world that suppress freedom of the press, including the murders of journalists by the terrorist group ISIS, attacks against media outlets like the French satirical magazine Charlie Hebdo, and kidnappings of journalists and media workers in eastern Ukraine by pro-Russian militant groups. </p> <p>Reaffirms the centrality of freedom of the press to U.S. efforts to support democracy and mitigate conflict. </p> <p>Calls on the President and the Department of State to: (1) improve the means by which the United States responds to threats against freedom of the press around the world, (2) urge foreign governments to investigate and bring to justice the perpetrators of attacks against journalists, and (3) highlight the issue of threats against freedom of the press.</p>]]></text>
          <actionDesc>Reported to Senate without amendment</actionDesc>
          <updateDate>2015-06-25T14:31:49Z</updateDate>
        </item>
        <item>
          <versionCode>82</versionCode>
          <actionDate>2015-12-08</actionDate>
          <name>Passed Senate without amendment</name>
          <lastSummaryUpdateDate>2015-12-09T16:48:40Z</lastSummaryUpdateDate>
          <text><![CDATA[<p>(This measure has not been amended since it was introduced. The summary of that version is repeated here.)</p> <p>Commemorates World Press Freedom Day by commending journalists like Mazen Darwish and others around the world for the vital role they play in supporting democratic societies, promoting government accountability, and strengthening civil society. </p> <p>Expresses concern about the threats to freedom of the press and expression around the world, and pays tribute to journalists who have lost their lives carrying out their work. </p> <p>Calls on governments abroad to implement United Nations General Assembly Resolution (A/RES/68/163) by investigating and seeking to resolve outstanding cases of violence against journalists. </p> <p>Condemns actions around the world that suppress freedom of the press, including the murders of journalists by the terrorist group ISIS, attacks against media outlets like the French satirical magazine Charlie Hebdo, and kidnappings of journalists and media workers in eastern Ukraine by pro-Russian militant groups. </p> <p>Reaffirms the centrality of freedom of the press to U.S. efforts to support democracy and mitigate conflict. </p> <p>Calls on the President and the Department of State to: (1) improve the means by which the United States responds to threats against freedom of the press around the world, (2) urge foreign governments to investigate and bring to justice the perpetrators of attacks against journalists, and (3) highlight the issue of threats against freedom of the press.</p>]]></text>
          <actionDesc>Passed Senate without amendment</actionDesc>
          <updateDate>2015-12-08T14:16:52Z</updateDate>
        </item>
      </billSummaries>
    </summaries>
    <laws />
    <createDate>2015-06-23T09:10:57Z</createDate>
    <titles>
      <item>
        <chamberCode />
        <chamberName />
        <title>A resolution recognizing threats to freedom of the press and expression around the world and reaffirming freedom of the press as a priority in efforts of the United States Government to promote democracy and good governance.</title>
        <parentTitleType />
        <titleType>Official Title as Introduced</titleType>
      </item>
      <item>
        <chamberCode />
        <chamberName />
        <title>A resolution recognizing threats to freedom of the press and expression around the world and reaffirming freedom of the press as a priority in efforts of the United States Government to promote democracy and good governance.</title>
        <parentTitleType />
        <titleType>Display Title</titleType>
      </item>
    </titles>
    <cboCostEstimates />
    <recordedVotes />
    <billType>SRES</billType>
  </bill>
  <dublinCore xmlns:dc="http://purl.org/dc/elements/1.1/">
    <dc:format>text/xml</dc:format>
    <dc:language>EN</dc:language>
    <dc:rights>Pursuant to Title 17 Section 105 of the United States Code, this file is not subject to copyright protection and is in the public domain.</dc:rights>
    <dc:contributor>Congressional Research Service, Library of Congress</dc:contributor>
    <dc:description>This file contains bill summaries and statuses for federal legislation. A bill summary describes the most significant provisions of a piece of legislation and details the effects the legislative text may have on current law and federal programs. Bill summaries are authored by the Congressional Research Service (CRS) of the Library of Congress. As stated in Public Law 91-510 (2 USC 166 (d)(6)), one of the duties of CRS is "to prepare summaries and digests of bills and resolutions of a public general nature introduced in the Senate or House of Representatives". For more information, refer to the User Guide that accompanies this file.</dc:description>
  </dublinCore>
</billStatus>

