<?xml version="1.0" encoding="UTF-8"?>
<billStatus>
  <bill>
    <billType>SRES</billType>
    <laws />
    <recordedVotes />
    <actions>
      <actionTypeCounts>
        <referredToCommittee>1</referredToCommittee>
        <introducedInSenate>1</introducedInSenate>
      </actionTypeCounts>
      <item>
        <actionDate>2015-03-26</actionDate>
        <committee>
          <name>Rules and Administration Committee</name>
          <systemCode>ssra00</systemCode>
        </committee>
        <links>
          <link>
            <name>S2052</name>
            <url>https://www.congress.gov/congressional-record/volume-161/senate-section/page/S2052</url>
          </link>
        </links>
        <sourceSystem>
          <code>0</code>
          <name>Senate</name>
        </sourceSystem>
        <text>Referred to the Committee on Rules and Administration. (text of measure as introduced: CR S2052)</text>
        <type>IntroReferral</type>
      </item>
      <item>
        <actionDate>2015-03-26</actionDate>
        <sourceSystem>
          <code>9</code>
          <name>Library of Congress</name>
        </sourceSystem>
        <text>Introduced in Senate</text>
        <type>IntroReferral</type>
        <links />
        <actionCode>10000</actionCode>
        <committee />
      </item>
      <actionByCounts>
        <senate>2</senate>
      </actionByCounts>
    </actions>
    <billNumber>118</billNumber>
    <policyArea>
      <name>Congress</name>
    </policyArea>
    <notes />
    <latestAction>
      <actionDate>2015-03-26</actionDate>
      <links />
      <text>Referred to the Committee on Rules and Administration. (text of measure as introduced: CR S2052)</text>
    </latestAction>
    <relatedBills />
    <committees>
      <billCommittees>
        <item>
          <subcommittees />
          <chamber>Senate</chamber>
          <type>Standing</type>
          <name>Rules and Administration Committee</name>
          <systemCode>ssra00</systemCode>
          <activities>
            <item>
              <name>Referred to</name>
              <date>2015-03-26T23:22:11Z</date>
            </item>
          </activities>
        </item>
      </billCommittees>
    </committees>
    <cosponsors />
    <committeeReports />
    <sponsors>
      <item>
        <fullName>Sen. Merkley, Jeff [D-OR]</fullName>
        <firstName>Jeff</firstName>
        <lastName>Merkley</lastName>
        <state>OR</state>
        <party>D</party>
        <bioguideId>M001176</bioguideId>
        <identifiers>
          <lisID>1900</lisID>
          <gpoId>8238</gpoId>
          <bioguideId>M001176</bioguideId>
        </identifiers>
        <middleName />
        <byRequestType />
      </item>
    </sponsors>
    <createDate>2015-03-27T14:46:54Z</createDate>
    <updateDate>2016-11-02T23:12:52Z</updateDate>
    <introducedDate>2015-03-26</introducedDate>
    <summaries>
      <billSummaries>
        <item>
          <actionDate>2015-03-26</actionDate>
          <actionDesc>Introduced in Senate</actionDesc>
          <lastSummaryUpdateDate>2015-04-28T18:46:34Z</lastSummaryUpdateDate>
          <versionCode>00</versionCode>
          <updateDate>2015-03-26T04:00:00Z</updateDate>
          <name>Introduced in Senate</name>
          <text><![CDATA[<p>Amends Rule XXXI (Executive Session - Proceedings on Nominations) of the Standing Rules of the Senate to make a covered nomination eligible for expedited consideration, if it has been on the Executive Calendar for more than 14 calendar days. </p> <p>Excludes from coverage by this resolution the nomination of an individual:</p> <ul> <li>to serve as a justice, including Chief Justice, of the U.S. Supreme Court, or</li> <li> to one of several specified positions entitled to expedited procedures under S. Res. 116 (112th Congress).</li> </ul> <p>Deems the covered nomination confirmed by the Senate unless at least 10 Senators have submitted written requests that it be considered by the full Senate in executive session before the end of the 14-day period.</p> <p>Makes a covered nomination (other than to serve as a judge or justice appointed to hold office during good behavior, or to a position at level I of the Executive Schedule [Cabinet Secretaries and certain others]) eligible for expedited consideration, under similar requirements.</p> <p>Requires the Senate to proceed to executive session and begin consideration of a nomination:</p> <ul> <li> 24 hours after the majority leader provides notice that it is eligible for expedited consideration; and</li> <li>48 hours after the majority leader provides such notice of an individual to serve as a judge or justice appointed to hold office during good behavior, or to a position at level I of the Executive Schedule.</li> </ul>  <p>Limits expedited consideration of a covered nomination to:</p> <ul> <li>four hours, evenly divided in the usual form, for a nomination to serve as a judge of a circuit court of the United States or a nomination to a position at level I of the Executive Schedule; and </li> <li>two hours, evenly divided in the usual form, for any other covered nomination. </li></ul>]]></text>
        </item>
      </billSummaries>
    </summaries>
    <title>A resolution amending rule XXXI of the Standing Rules for the Senate, to provide for timely consideration of nominations.</title>
    <cboCostEstimates />
    <subjects>
      <billSubjects>
        <legislativeSubjects>
          <item>
            <name>Congressional oversight</name>
          </item>
          <item>
            <name>Federal officials</name>
          </item>
          <item>
            <name>Legislative rules and procedure</name>
          </item>
          <item>
            <name>Senate</name>
          </item>
        </legislativeSubjects>
        <policyArea>
          <name>Congress</name>
        </policyArea>
      </billSubjects>
    </subjects>
    <amendments />
    <calendarNumbers />
    <congress>114</congress>
    <titles>
      <item>
        <title>A resolution amending rule XXXI of the Standing Rules for the Senate, to provide for timely consideration of nominations.</title>
        <chamberName />
        <chamberCode />
        <titleType>Official Title as Introduced</titleType>
        <parentTitleType />
      </item>
      <item>
        <title>A resolution amending rule XXXI of the Standing Rules for the Senate, to provide for timely consideration of nominations.</title>
        <chamberName />
        <chamberCode />
        <titleType>Display Title</titleType>
        <parentTitleType />
      </item>
    </titles>
    <originChamber>Senate</originChamber>
  </bill>
  <dublinCore xmlns:dc="http://purl.org/dc/elements/1.1/">
    <dc:format>text/xml</dc:format>
    <dc:language>EN</dc:language>
    <dc:rights>Pursuant to Title 17 Section 105 of the United States Code, this file is not subject to copyright protection and is in the public domain.</dc:rights>
    <dc:contributor>Congressional Research Service, Library of Congress</dc:contributor>
    <dc:description>This file contains bill summaries and statuses for federal legislation. A bill summary describes the most significant provisions of a piece of legislation and details the effects the legislative text may have on current law and federal programs. Bill summaries are authored by the Congressional Research Service (CRS) of the Library of Congress. As stated in Public Law 91-510 (2 USC 166 (d)(6)), one of the duties of CRS is "to prepare summaries and digests of bills and resolutions of a public general nature introduced in the Senate or House of Representatives". For more information, refer to the User Guide that accompanies this file.</dc:description>
  </dublinCore>
</billStatus>

