<?xml version="1.0" encoding="UTF-8"?>
<billStatus>
  <bill>
    <title>A resolution expressing support for the goals and ideals of the biennial USA Science &amp; Engineering Festival in Washington, DC, and designating April 11 through April 17, 2016, as "National Science and Technology Week".</title>
    <updateDate>2016-11-02T23:14:28Z</updateDate>
    <relatedBills />
    <introducedDate>2016-04-04</introducedDate>
    <originChamber>Senate</originChamber>
    <cboCostEstimates />
    <policyArea>
      <name>Science, Technology, Communications</name>
    </policyArea>
    <congress>114</congress>
    <billNumber>411</billNumber>
    <billType>SRES</billType>
    <amendments />
    <recordedVotes />
    <committees>
      <billCommittees />
    </committees>
    <laws />
    <subjects>
      <billSubjects>
        <legislativeSubjects>
          <item>
            <name>Commemorative events and holidays</name>
          </item>
          <item>
            <name>Congressional tributes</name>
          </item>
          <item>
            <name>District of Columbia</name>
          </item>
          <item>
            <name>Elementary and secondary education</name>
          </item>
          <item>
            <name>Higher education</name>
          </item>
          <item>
            <name>Museums, exhibitions, cultural centers</name>
          </item>
          <item>
            <name>Research and development</name>
          </item>
          <item>
            <name>Science and engineering education</name>
          </item>
        </legislativeSubjects>
        <policyArea>
          <name>Science, Technology, Communications</name>
        </policyArea>
      </billSubjects>
    </subjects>
    <notes />
    <committeeReports />
    <actions>
      <item>
        <actionDate>2016-04-04</actionDate>
        <committee />
        <links>
          <link>
            <url>https://www.congress.gov/congressional-record/volume-162/senate-section/page/S1642-1643</url>
            <name>S1642-1643</name>
          </link>
        </links>
        <sourceSystem>
          <code>0</code>
          <name>Senate</name>
        </sourceSystem>
        <text>Submitted in the Senate, considered, and agreed to without amendment and with a preamble by Unanimous Consent. (consideration: CR S1642-1643; text as passed Senate: CR S1642-1643)</text>
        <type>Floor</type>
      </item>
      <item>
        <sourceSystem>
          <code>9</code>
          <name>Library of Congress</name>
        </sourceSystem>
        <actionDate>2016-04-04</actionDate>
        <links>
          <link>
            <url>https://www.congress.gov/congressional-record/volume-162/senate-section/page/S1642-1643</url>
            <name>S1642-1643</name>
          </link>
        </links>
        <committee />
        <text>Passed/agreed to in Senate: Submitted in the Senate, considered, and agreed to without amendment and with a preamble by Unanimous Consent.(consideration: CR S1642-1643; text as passed Senate: CR S1642-1643)</text>
        <type>Floor</type>
        <actionCode>17000</actionCode>
      </item>
      <item>
        <sourceSystem>
          <code>9</code>
          <name>Library of Congress</name>
        </sourceSystem>
        <actionDate>2016-04-04</actionDate>
        <links />
        <committee />
        <text>Introduced in Senate</text>
        <type>IntroReferral</type>
        <actionCode>10000</actionCode>
      </item>
      <actionTypeCounts>
        <introducedInSenate>1</introducedInSenate>
        <passedOrAgreedToInSenateDayOf>1</passedOrAgreedToInSenateDayOf>
        <passedAgreedToInSenate>1</passedAgreedToInSenate>
      </actionTypeCounts>
      <actionByCounts>
        <senate>3</senate>
      </actionByCounts>
    </actions>
    <calendarNumbers />
    <latestAction>
      <links />
      <actionDate>2016-04-04</actionDate>
      <text>Submitted in the Senate, considered, and agreed to without amendment and with a preamble by Unanimous Consent. (consideration: CR S1642-1643; text as passed Senate: CR S1642-1643)</text>
    </latestAction>
    <titles>
      <item>
        <chamberCode />
        <chamberName />
        <title>A resolution expressing support for the goals and ideals of the biennial USA Science &amp; Engineering Festival in Washington, DC, and designating April 11 through April 17, 2016, as "National Science and Technology Week".</title>
        <parentTitleType />
        <titleType>Official Title as Introduced</titleType>
      </item>
      <item>
        <chamberCode />
        <chamberName />
        <title>A resolution expressing support for the goals and ideals of the biennial USA Science &amp; Engineering Festival in Washington, DC, and designating April 11 through April 17, 2016, as "National Science and Technology Week".</title>
        <parentTitleType />
        <titleType>Display Title</titleType>
      </item>
    </titles>
    <summaries>
      <billSummaries>
        <item>
          <actionDate>2016-04-04</actionDate>
          <actionDesc>Introduced in Senate</actionDesc>
          <lastSummaryUpdateDate>2016-04-07T19:32:08Z</lastSummaryUpdateDate>
          <versionCode>00</versionCode>
          <updateDate>2016-04-04T04:00:00Z</updateDate>
          <name>Introduced in Senate</name>
          <text><![CDATA[<p>Expresses support for the goals and ideals of the USA Science &amp; Engineering Festival to promote scholarship in science and an interest in scientific research and development. </p> <p>Supports a festival, such as the USA Science &amp; Engineering Festival, that focuses on the importance of science and engineering to the daily life of each individual in the United States through exhibits on topics including human spaceflight, medicine, engineering, biotechnology, physics, and astronomy.</p>   <p>Designates April 11-17, 2016, as National Science and Technology Week. </p>]]></text>
        </item>
        <item>
          <actionDate>2016-04-04</actionDate>
          <actionDesc>Passed Senate without amendment</actionDesc>
          <lastSummaryUpdateDate>2016-04-07T20:07:58Z</lastSummaryUpdateDate>
          <versionCode>82</versionCode>
          <updateDate>2016-04-04T12:38:17Z</updateDate>
          <name>Passed Senate without amendment</name>
          <text><![CDATA[<p>(This measure has not been amended since it was introduced. The summary of that version is repeated here.)</p> <p>Expresses support for the goals and ideals of the USA Science &amp; Engineering Festival to promote scholarship in science and an interest in scientific research and development. </p> <p>Supports a festival, such as the USA Science &amp; Engineering Festival, that focuses on the importance of science and engineering to the daily life of each individual in the United States through exhibits on topics including human spaceflight, medicine, engineering, biotechnology, physics, and astronomy.</p> <p>Designates April 11-17, 2016, as National Science and Technology Week. </p>]]></text>
        </item>
      </billSummaries>
    </summaries>
    <createDate>2016-04-05T05:31:49Z</createDate>
    <sponsors>
      <item>
        <state>DE</state>
        <fullName>Sen. Coons, Christopher A. [D-DE]</fullName>
        <middleName>A.</middleName>
        <identifiers>
          <bioguideId>C001088</bioguideId>
          <lisID>1984</lisID>
          <gpoId>8297</gpoId>
        </identifiers>
        <firstName>Christopher</firstName>
        <lastName>Coons</lastName>
        <bioguideId>C001088</bioguideId>
        <byRequestType />
        <party>D</party>
      </item>
    </sponsors>
    <cosponsors>
      <item>
        <state>TN</state>
        <fullName>Sen. Alexander, Lamar [R-TN]</fullName>
        <sponsorshipDate>2016-04-04</sponsorshipDate>
        <middleName />
        <identifiers>
          <bioguideId>A000360</bioguideId>
          <lisID>1695</lisID>
          <gpoId>8304</gpoId>
        </identifiers>
        <firstName>Lamar</firstName>
        <lastName>Alexander</lastName>
        <bioguideId>A000360</bioguideId>
        <isOriginalCosponsor>True</isOriginalCosponsor>
        <sponsorshipWithdrawnDate />
        <party>R</party>
      </item>
      <item>
        <state>IL</state>
        <fullName>Sen. Kirk, Mark Steven [R-IL]</fullName>
        <sponsorshipDate>2016-04-04</sponsorshipDate>
        <middleName>STEVEN</middleName>
        <identifiers>
          <bioguideId>K000360</bioguideId>
          <gpoId>8285</gpoId>
          <lisID>1647</lisID>
        </identifiers>
        <firstName>MARK</firstName>
        <lastName>KIRK</lastName>
        <bioguideId>K000360</bioguideId>
        <isOriginalCosponsor>True</isOriginalCosponsor>
        <sponsorshipWithdrawnDate />
        <party>R</party>
      </item>
    </cosponsors>
  </bill>
  <dublinCore xmlns:dc="http://purl.org/dc/elements/1.1/">
    <dc:format>text/xml</dc:format>
    <dc:language>EN</dc:language>
    <dc:rights>Pursuant to Title 17 Section 105 of the United States Code, this file is not subject to copyright protection and is in the public domain.</dc:rights>
    <dc:contributor>Congressional Research Service, Library of Congress</dc:contributor>
    <dc:description>This file contains bill summaries and statuses for federal legislation. A bill summary describes the most significant provisions of a piece of legislation and details the effects the legislative text may have on current law and federal programs. Bill summaries are authored by the Congressional Research Service (CRS) of the Library of Congress. As stated in Public Law 91-510 (2 USC 166 (d)(6)), one of the duties of CRS is "to prepare summaries and digests of bills and resolutions of a public general nature introduced in the Senate or House of Representatives". For more information, refer to the User Guide that accompanies this file.</dc:description>
  </dublinCore>
</billStatus>

