<?xml version="1.0" encoding="UTF-8"?>
<billStatus>
  <bill>
    <cboCostEstimates />
    <policyArea>
      <name>International Affairs</name>
    </policyArea>
    <notes />
    <committeeReports />
    <titles>
      <item>
        <title>A resolution wishing His Holiness the 14th Dalai Lama a happy 80th birthday on July 6, 2015, and recognizing the outstanding contributions His Holiness has made to the promotion of nonviolence, human rights, interfaith dialogue, environmental awareness, and democracy.</title>
        <parentTitleType />
        <titleType>Official Title as Introduced</titleType>
        <chamberCode />
        <chamberName />
      </item>
      <item>
        <title>A resolution wishing His Holiness the 14th Dalai Lama a happy 80th birthday on July 6, 2015, and recognizing the outstanding contributions His Holiness has made to the promotion of nonviolence, human rights, interfaith dialogue, environmental awareness, and democracy.</title>
        <parentTitleType />
        <titleType>Display Title</titleType>
        <chamberCode />
        <chamberName />
      </item>
    </titles>
    <summaries>
      <billSummaries>
        <item>
          <actionDate>2015-06-11</actionDate>
          <updateDate>2015-06-11T04:00:00Z</updateDate>
          <name>Introduced in Senate</name>
          <lastSummaryUpdateDate>2015-06-15T18:50:54Z</lastSummaryUpdateDate>
          <versionCode>00</versionCode>
          <actionDesc>Introduced in Senate</actionDesc>
          <text><![CDATA[<p>Extends well-wishes to the Dalai Lama on his 80th birthday.</p> <p> Recognizes the Dalai Lama for a lifelong commitment and contribution to the promotion of nonviolence, human rights, religious tolerance, environmental awareness, and democracy.</p> <p> Recognizes the Dalai Lama for using moral authority to promote the concept of universal responsibility as a guiding tenet for how human beings should treat one another and the planet.</p>]]></text>
        </item>
        <item>
          <actionDate>2015-07-08</actionDate>
          <updateDate>2015-07-08T12:47:08Z</updateDate>
          <name>Passed Senate without amendment</name>
          <lastSummaryUpdateDate>2015-07-09T16:21:52Z</lastSummaryUpdateDate>
          <versionCode>82</versionCode>
          <actionDesc>Passed Senate without amendment</actionDesc>
          <text><![CDATA[<p>(This measure has not been amended since it was introduced. The summary of that version is repeated here.)</p> <p>Extends well-wishes to the Dalai Lama on his 80th birthday.</p> <p> Recognizes the Dalai Lama for a lifelong commitment and contribution to the promotion of nonviolence, human rights, religious tolerance, environmental awareness, and democracy.</p> <p> Recognizes the Dalai Lama for using moral authority to promote the concept of universal responsibility as a guiding tenet for how human beings should treat one another and the planet.</p>]]></text>
        </item>
      </billSummaries>
    </summaries>
    <createDate>2015-06-12T13:32:04Z</createDate>
    <recordedVotes />
    <billNumber>200</billNumber>
    <introducedDate>2015-06-11</introducedDate>
    <relatedBills />
    <updateDate>2016-11-02T23:13:20Z</updateDate>
    <committees>
      <billCommittees>
        <item>
          <activities>
            <item>
              <date>2015-07-08T22:44:48Z</date>
              <name>Discharged from</name>
            </item>
            <item>
              <date>2015-06-11T20:32:17Z</date>
              <name>Referred to</name>
            </item>
          </activities>
          <chamber>Senate</chamber>
          <subcommittees />
          <systemCode>ssju00</systemCode>
          <type>Standing</type>
          <name>Judiciary Committee</name>
        </item>
      </billCommittees>
    </committees>
    <congress>114</congress>
    <laws />
    <title>A resolution wishing His Holiness the 14th Dalai Lama a happy 80th birthday on July 6, 2015, and recognizing the outstanding contributions His Holiness has made to the promotion of nonviolence, human rights, interfaith dialogue, environmental awareness, and democracy.</title>
    <calendarNumbers />
    <sponsors>
      <item>
        <identifiers>
          <gpoId>8338</gpoId>
          <lisID>1332</lisID>
          <bioguideId>F000062</bioguideId>
        </identifiers>
        <byRequestType />
        <fullName>Sen. Feinstein, Dianne [D-CA]</fullName>
        <firstName>DIANNE</firstName>
        <state>CA</state>
        <bioguideId>F000062</bioguideId>
        <middleName />
        <party>D</party>
        <lastName>FEINSTEIN</lastName>
      </item>
    </sponsors>
    <actions>
      <item>
        <actionDate>2015-07-08</actionDate>
        <committee />
        <links />
        <sourceSystem>
          <code>0</code>
          <name>Senate</name>
        </sourceSystem>
        <text>Resolution agreed to in Senate without amendment and with a preamble by Unanimous Consent.</text>
        <type>Floor</type>
      </item>
      <item>
        <text>Passed/agreed to in Senate: Resolution agreed to in Senate without amendment and with a preamble by Unanimous Consent.</text>
        <committee />
        <actionCode>17000</actionCode>
        <sourceSystem>
          <code>9</code>
          <name>Library of Congress</name>
        </sourceSystem>
        <type>Floor</type>
        <actionDate>2015-07-08</actionDate>
        <links />
      </item>
      <item>
        <actionDate>2015-07-08</actionDate>
        <committee>
          <systemCode>ssju00</systemCode>
          <name>Judiciary Committee</name>
        </committee>
        <links>
          <link>
            <name>S4894</name>
            <url>https://www.congress.gov/congressional-record/volume-161/senate-section/page/S4894</url>
          </link>
        </links>
        <sourceSystem>
          <code>0</code>
          <name>Senate</name>
        </sourceSystem>
        <text>Senate Committee on the Judiciary discharged by Unanimous Consent. (consideration: CR S4894)</text>
        <type>Discharge</type>
      </item>
      <item>
        <text>Senate Committee on the Judiciary discharged by Unanimous Consent.(consideration: CR S4894)</text>
        <committee>
          <systemCode>ssju00</systemCode>
          <name>Judiciary Committee</name>
        </committee>
        <actionCode>14500</actionCode>
        <sourceSystem>
          <code>9</code>
          <name>Library of Congress</name>
        </sourceSystem>
        <type>Committee</type>
        <actionDate>2015-07-08</actionDate>
        <links>
          <link>
            <name>S4894</name>
            <url>https://www.congress.gov/congressional-record/volume-161/senate-section/page/S4894</url>
          </link>
        </links>
      </item>
      <item>
        <actionDate>2015-06-11</actionDate>
        <committee>
          <systemCode>ssju00</systemCode>
          <name>Judiciary Committee</name>
        </committee>
        <links>
          <link>
            <name>S4110</name>
            <url>https://www.congress.gov/congressional-record/volume-161/senate-section/page/S4110</url>
          </link>
        </links>
        <sourceSystem>
          <code>0</code>
          <name>Senate</name>
        </sourceSystem>
        <text>Referred to the Committee on the Judiciary. (text of measure as introduced: CR S4110)</text>
        <type>IntroReferral</type>
      </item>
      <item>
        <text>Introduced in Senate</text>
        <committee />
        <actionCode>10000</actionCode>
        <sourceSystem>
          <code>9</code>
          <name>Library of Congress</name>
        </sourceSystem>
        <type>IntroReferral</type>
        <actionDate>2015-06-11</actionDate>
        <links />
      </item>
      <actionByCounts>
        <senate>6</senate>
      </actionByCounts>
      <actionTypeCounts>
        <referredToCommittee>1</referredToCommittee>
        <agreedToInSenate>1</agreedToInSenate>
        <committeeDischarged>1</committeeDischarged>
        <senateCommitteeDischarged>1</senateCommitteeDischarged>
        <introducedInSenate>1</introducedInSenate>
        <passedAgreedToInSenate>1</passedAgreedToInSenate>
      </actionTypeCounts>
    </actions>
    <amendments />
    <originChamber>Senate</originChamber>
    <latestAction>
      <text>Resolution agreed to in Senate without amendment and with a preamble by Unanimous Consent.</text>
      <actionDate>2015-07-08</actionDate>
      <links />
    </latestAction>
    <subjects>
      <billSubjects>
        <legislativeSubjects>
          <item>
            <name>Asia</name>
          </item>
          <item>
            <name>Commemorative events and holidays</name>
          </item>
          <item>
            <name>Congressional tributes</name>
          </item>
          <item>
            <name>Diplomacy, foreign officials, Americans abroad</name>
          </item>
          <item>
            <name>Ecology</name>
          </item>
          <item>
            <name>Human rights</name>
          </item>
          <item>
            <name>Protest and dissent</name>
          </item>
          <item>
            <name>Religion</name>
          </item>
          <item>
            <name>Tibet</name>
          </item>
        </legislativeSubjects>
        <policyArea>
          <name>International Affairs</name>
        </policyArea>
      </billSubjects>
    </subjects>
    <cosponsors>
      <item>
        <firstName>MARK</firstName>
        <isOriginalCosponsor>True</isOriginalCosponsor>
        <fullName>Sen. Kirk, Mark Steven [R-IL]</fullName>
        <identifiers>
          <lisID>1647</lisID>
          <bioguideId>K000360</bioguideId>
          <gpoId>8285</gpoId>
        </identifiers>
        <middleName>STEVEN</middleName>
        <sponsorshipWithdrawnDate />
        <sponsorshipDate>2015-06-11</sponsorshipDate>
        <party>R</party>
        <bioguideId>K000360</bioguideId>
        <state>IL</state>
        <lastName>KIRK</lastName>
      </item>
      <item>
        <firstName>RICHARD</firstName>
        <isOriginalCosponsor>True</isOriginalCosponsor>
        <fullName>Sen. Durbin, Richard [D-IL]</fullName>
        <identifiers>
          <lisID>326</lisID>
          <bioguideId>D000563</bioguideId>
          <gpoId>8326</gpoId>
        </identifiers>
        <middleName>J.</middleName>
        <sponsorshipWithdrawnDate />
        <sponsorshipDate>2015-06-11</sponsorshipDate>
        <party>D</party>
        <bioguideId>D000563</bioguideId>
        <state>IL</state>
        <lastName>DURBIN</lastName>
      </item>
      <item>
        <firstName>BARBARA</firstName>
        <isOriginalCosponsor>True</isOriginalCosponsor>
        <fullName>Sen. Boxer, Barbara [D-CA]</fullName>
        <identifiers>
          <bioguideId>B000711</bioguideId>
          <lisID>116</lisID>
          <gpoId>8306</gpoId>
        </identifiers>
        <middleName />
        <sponsorshipWithdrawnDate />
        <sponsorshipDate>2015-06-11</sponsorshipDate>
        <party>D</party>
        <bioguideId>B000711</bioguideId>
        <state>CA</state>
        <lastName>BOXER</lastName>
      </item>
      <item>
        <firstName>BENJAMIN</firstName>
        <isOriginalCosponsor>True</isOriginalCosponsor>
        <fullName>Sen. Cardin, Benjamin L. [D-MD]</fullName>
        <identifiers>
          <lisID>174</lisID>
          <gpoId>8287</gpoId>
          <bioguideId>C000141</bioguideId>
        </identifiers>
        <middleName>L.</middleName>
        <sponsorshipWithdrawnDate />
        <sponsorshipDate>2015-06-11</sponsorshipDate>
        <party>D</party>
        <bioguideId>C000141</bioguideId>
        <state>MD</state>
        <lastName>CARDIN</lastName>
      </item>
      <item>
        <firstName>ROBERT</firstName>
        <isOriginalCosponsor>True</isOriginalCosponsor>
        <fullName>Sen. Menendez, Robert [D-NJ]</fullName>
        <identifiers>
          <lisID>791</lisID>
          <gpoId>8239</gpoId>
          <bioguideId>M000639</bioguideId>
        </identifiers>
        <middleName />
        <sponsorshipWithdrawnDate />
        <sponsorshipDate>2015-06-11</sponsorshipDate>
        <party>D</party>
        <bioguideId>M000639</bioguideId>
        <state>NJ</state>
        <lastName>MENENDEZ</lastName>
      </item>
      <item>
        <firstName>TOM</firstName>
        <isOriginalCosponsor>False</isOriginalCosponsor>
        <fullName>Sen. Udall, Tom [D-NM]</fullName>
        <identifiers>
          <bioguideId>U000039</bioguideId>
          <gpoId>8260</gpoId>
          <lisID>1567</lisID>
        </identifiers>
        <middleName />
        <sponsorshipWithdrawnDate />
        <sponsorshipDate>2015-06-16</sponsorshipDate>
        <party>D</party>
        <bioguideId>U000039</bioguideId>
        <state>NM</state>
        <lastName>UDALL</lastName>
      </item>
      <item>
        <firstName>Mazie</firstName>
        <isOriginalCosponsor>False</isOriginalCosponsor>
        <fullName>Sen. Hirono, Mazie K. [D-HI]</fullName>
        <identifiers>
          <lisID>1844</lisID>
          <gpoId>7913</gpoId>
          <bioguideId>H001042</bioguideId>
        </identifiers>
        <middleName>K.</middleName>
        <sponsorshipWithdrawnDate />
        <sponsorshipDate>2015-06-22</sponsorshipDate>
        <party>D</party>
        <bioguideId>H001042</bioguideId>
        <state>HI</state>
        <lastName>Hirono</lastName>
      </item>
      <item>
        <firstName>PATRICK</firstName>
        <isOriginalCosponsor>False</isOriginalCosponsor>
        <fullName>Sen. Leahy, Patrick J. [D-VT]</fullName>
        <identifiers>
          <bioguideId>L000174</bioguideId>
          <lisID>1383</lisID>
          <gpoId>8244</gpoId>
        </identifiers>
        <middleName>JOSEPH</middleName>
        <sponsorshipWithdrawnDate />
        <sponsorshipDate>2015-06-22</sponsorshipDate>
        <party>D</party>
        <bioguideId>L000174</bioguideId>
        <state>VT</state>
        <lastName>LEAHY</lastName>
      </item>
      <item>
        <firstName>EDWARD</firstName>
        <isOriginalCosponsor>False</isOriginalCosponsor>
        <fullName>Sen. Markey, Edward J. [D-MA]</fullName>
        <identifiers>
          <bioguideId>M000133</bioguideId>
          <lisID>735</lisID>
          <gpoId>7972</gpoId>
        </identifiers>
        <middleName>J.</middleName>
        <sponsorshipWithdrawnDate />
        <sponsorshipDate>2015-06-22</sponsorshipDate>
        <party>D</party>
        <bioguideId>M000133</bioguideId>
        <state>MA</state>
        <lastName>MARKEY</lastName>
      </item>
      <item>
        <firstName>Sheldon</firstName>
        <isOriginalCosponsor>False</isOriginalCosponsor>
        <fullName>Sen. Whitehouse, Sheldon [D-RI]</fullName>
        <identifiers>
          <gpoId>8264</gpoId>
          <lisID>1823</lisID>
          <bioguideId>W000802</bioguideId>
        </identifiers>
        <middleName />
        <sponsorshipWithdrawnDate />
        <sponsorshipDate>2015-06-22</sponsorshipDate>
        <party>D</party>
        <bioguideId>W000802</bioguideId>
        <state>RI</state>
        <lastName>Whitehouse</lastName>
      </item>
      <item>
        <firstName>Jeff</firstName>
        <isOriginalCosponsor>False</isOriginalCosponsor>
        <fullName>Sen. Merkley, Jeff [D-OR]</fullName>
        <identifiers>
          <gpoId>8238</gpoId>
          <lisID>1900</lisID>
          <bioguideId>M001176</bioguideId>
        </identifiers>
        <middleName />
        <sponsorshipWithdrawnDate />
        <sponsorshipDate>2015-06-23</sponsorshipDate>
        <party>D</party>
        <bioguideId>M001176</bioguideId>
        <state>OR</state>
        <lastName>Merkley</lastName>
      </item>
      <item>
        <firstName>Marco</firstName>
        <isOriginalCosponsor>False</isOriginalCosponsor>
        <fullName>Sen. Rubio, Marco [R-FL]</fullName>
        <identifiers>
          <bioguideId>R000595</bioguideId>
          <lisID>2084</lisID>
          <gpoId>8242</gpoId>
        </identifiers>
        <middleName />
        <sponsorshipWithdrawnDate />
        <sponsorshipDate>2015-06-24</sponsorshipDate>
        <party>R</party>
        <bioguideId>R000595</bioguideId>
        <state>FL</state>
        <lastName>Rubio</lastName>
      </item>
      <item>
        <firstName>JOHN</firstName>
        <isOriginalCosponsor>False</isOriginalCosponsor>
        <fullName>Sen. McCain, John [R-AZ]</fullName>
        <identifiers>
          <gpoId>8253</gpoId>
          <lisID>754</lisID>
          <bioguideId>M000303</bioguideId>
        </identifiers>
        <middleName>SIDNEY</middleName>
        <sponsorshipWithdrawnDate />
        <sponsorshipDate>2015-06-24</sponsorshipDate>
        <party>R</party>
        <bioguideId>M000303</bioguideId>
        <state>AZ</state>
        <lastName>MCCAIN</lastName>
      </item>
      <item>
        <firstName>HARRY</firstName>
        <isOriginalCosponsor>False</isOriginalCosponsor>
        <fullName>Sen. Reid, Harry [D-NV]</fullName>
        <identifiers>
          <gpoId>8271</gpoId>
          <lisID>952</lisID>
          <bioguideId>R000146</bioguideId>
        </identifiers>
        <middleName>M.</middleName>
        <sponsorshipWithdrawnDate />
        <sponsorshipDate>2015-06-24</sponsorshipDate>
        <party>D</party>
        <bioguideId>R000146</bioguideId>
        <state>NV</state>
        <lastName>REID</lastName>
      </item>
      <item>
        <firstName>SUSAN</firstName>
        <isOriginalCosponsor>False</isOriginalCosponsor>
        <fullName>Sen. Collins, Susan M. [R-ME]</fullName>
        <identifiers>
          <lisID>1541</lisID>
          <gpoId>8291</gpoId>
          <bioguideId>C001035</bioguideId>
        </identifiers>
        <middleName>MARGARET</middleName>
        <sponsorshipWithdrawnDate />
        <sponsorshipDate>2015-07-07</sponsorshipDate>
        <party>R</party>
        <bioguideId>C001035</bioguideId>
        <state>ME</state>
        <lastName>COLLINS</lastName>
      </item>
      <item>
        <firstName>Mark</firstName>
        <isOriginalCosponsor>False</isOriginalCosponsor>
        <fullName>Sen. Warner, Mark R. [D-VA]</fullName>
        <identifiers>
          <gpoId>8269</gpoId>
          <lisID>1897</lisID>
          <bioguideId>W000805</bioguideId>
        </identifiers>
        <middleName>R.</middleName>
        <sponsorshipWithdrawnDate />
        <sponsorshipDate>2015-07-07</sponsorshipDate>
        <party>D</party>
        <bioguideId>W000805</bioguideId>
        <state>VA</state>
        <lastName>Warner</lastName>
      </item>
    </cosponsors>
    <billType>SRES</billType>
  </bill>
  <dublinCore xmlns:dc="http://purl.org/dc/elements/1.1/">
    <dc:format>text/xml</dc:format>
    <dc:language>EN</dc:language>
    <dc:rights>Pursuant to Title 17 Section 105 of the United States Code, this file is not subject to copyright protection and is in the public domain.</dc:rights>
    <dc:contributor>Congressional Research Service, Library of Congress</dc:contributor>
    <dc:description>This file contains bill summaries and statuses for federal legislation. A bill summary describes the most significant provisions of a piece of legislation and details the effects the legislative text may have on current law and federal programs. Bill summaries are authored by the Congressional Research Service (CRS) of the Library of Congress. As stated in Public Law 91-510 (2 USC 166 (d)(6)), one of the duties of CRS is "to prepare summaries and digests of bills and resolutions of a public general nature introduced in the Senate or House of Representatives". For more information, refer to the User Guide that accompanies this file.</dc:description>
  </dublinCore>
</billStatus>

