<?xml version="1.0" encoding="UTF-8"?>
<billStatus>
  <bill>
    <committees>
      <billCommittees>
        <item>
          <subcommittees />
          <chamber>Senate</chamber>
          <systemCode>ssju00</systemCode>
          <activities>
            <item>
              <date>2016-05-25T22:32:50Z</date>
              <name>Discharged from</name>
            </item>
            <item>
              <date>2016-04-07T19:46:08Z</date>
              <name>Referred to</name>
            </item>
          </activities>
          <type>Standing</type>
          <name>Judiciary Committee</name>
        </item>
      </billCommittees>
    </committees>
    <introducedDate>2016-04-07</introducedDate>
    <congress>114</congress>
    <laws />
    <calendarNumbers />
    <originChamber>Senate</originChamber>
    <titles>
      <item>
        <title>A resolution recognizing the contributions of Hawaii to the culinary heritage of the United States and designating the week beginning on June 12, 2016, as "National Hawaiian Food Week".</title>
        <chamberCode />
        <chamberName />
        <titleType>Official Title as Introduced</titleType>
        <parentTitleType />
      </item>
      <item>
        <title>A resolution recognizing the contributions of Hawaii to the culinary heritage of the United States and designating the week beginning on June 12, 2016, as "National Hawaiian Food Week".</title>
        <chamberCode />
        <chamberName />
        <titleType>Display Title</titleType>
        <parentTitleType />
      </item>
    </titles>
    <createDate>2016-04-08T04:34:58Z</createDate>
    <title>A resolution recognizing the contributions of Hawaii to the culinary heritage of the United States and designating the week beginning on June 12, 2016, as "National Hawaiian Food Week".</title>
    <cboCostEstimates />
    <summaries>
      <billSummaries>
        <item>
          <actionDate>2016-04-07</actionDate>
          <updateDate>2016-04-07T04:00:00Z</updateDate>
          <name>Introduced in Senate</name>
          <lastSummaryUpdateDate>2016-04-18T16:48:38Z</lastSummaryUpdateDate>
          <versionCode>00</versionCode>
          <actionDesc>Introduced in Senate</actionDesc>
          <text><![CDATA[<p>Designates the week beginning on June 12, 2016, as National Hawaiian Food Week.</p> <p>Recognizes the contributions of Hawaii to the culinary heritage of the United States. </p>]]></text>
        </item>
        <item>
          <actionDate>2016-05-25</actionDate>
          <updateDate>2016-05-25T15:40:27Z</updateDate>
          <name>Passed Senate without amendment</name>
          <lastSummaryUpdateDate>2016-05-27T20:07:39Z</lastSummaryUpdateDate>
          <versionCode>82</versionCode>
          <actionDesc>Passed Senate without amendment</actionDesc>
          <text><![CDATA[<p>(This measure has not been amended since it was introduced. The summary of that version is repeated here.)</p> <p>Designates the week beginning on June 12, 2016, as National Hawaiian Food Week.</p> <p>Recognizes the contributions of Hawaii to the culinary heritage of the United States. </p>]]></text>
        </item>
      </billSummaries>
    </summaries>
    <recordedVotes />
    <notes />
    <policyArea>
      <name>Arts, Culture, Religion</name>
    </policyArea>
    <updateDate>2016-11-02T23:14:29Z</updateDate>
    <cosponsors>
      <item>
        <middleName />
        <firstName>Johnny</firstName>
        <bioguideId>I000055</bioguideId>
        <identifiers>
          <lisID>1608</lisID>
          <gpoId>8323</gpoId>
          <bioguideId>I000055</bioguideId>
        </identifiers>
        <sponsorshipDate>2016-04-07</sponsorshipDate>
        <sponsorshipWithdrawnDate />
        <lastName>Isakson</lastName>
        <isOriginalCosponsor>True</isOriginalCosponsor>
        <fullName>Sen. Isakson, Johnny [R-GA]</fullName>
        <party>R</party>
        <state>GA</state>
      </item>
      <item>
        <middleName>K.</middleName>
        <firstName>Mazie</firstName>
        <bioguideId>H001042</bioguideId>
        <identifiers>
          <gpoId>7913</gpoId>
          <lisID>1844</lisID>
          <bioguideId>H001042</bioguideId>
        </identifiers>
        <sponsorshipDate>2016-04-07</sponsorshipDate>
        <sponsorshipWithdrawnDate />
        <lastName>Hirono</lastName>
        <isOriginalCosponsor>True</isOriginalCosponsor>
        <fullName>Sen. Hirono, Mazie K. [D-HI]</fullName>
        <party>D</party>
        <state>HI</state>
      </item>
      <item>
        <middleName>Alfred</middleName>
        <firstName>David</firstName>
        <bioguideId>P000612</bioguideId>
        <identifiers>
          <lisID>2286</lisID>
          <gpoId />
          <bioguideId>P000612</bioguideId>
        </identifiers>
        <sponsorshipDate>2016-04-07</sponsorshipDate>
        <sponsorshipWithdrawnDate />
        <lastName>Perdue</lastName>
        <isOriginalCosponsor>True</isOriginalCosponsor>
        <fullName>Sen. Perdue, David [R-GA]</fullName>
        <party>R</party>
        <state>GA</state>
      </item>
    </cosponsors>
    <billNumber>416</billNumber>
    <subjects>
      <billSubjects>
        <legislativeSubjects>
          <item>
            <name>Commemorative events and holidays</name>
          </item>
          <item>
            <name>Congressional tributes</name>
          </item>
          <item>
            <name>Food industry and services</name>
          </item>
          <item>
            <name>Hawaii</name>
          </item>
          <item>
            <name>Historical and cultural resources</name>
          </item>
          <item>
            <name>Seafood</name>
          </item>
        </legislativeSubjects>
        <policyArea>
          <name>Arts, Culture, Religion</name>
        </policyArea>
      </billSubjects>
    </subjects>
    <latestAction>
      <text>Resolution agreed to in Senate without amendment and an amended preamble by Unanimous Consent. (text as modified: CR S3228)</text>
      <links />
      <actionDate>2016-05-25</actionDate>
    </latestAction>
    <amendments>
      <amendment>
        <latestAction>
          <actionDate>2016-05-25</actionDate>
          <text>Amendment SA 4230 agreed to in Senate by Unanimous Consent.</text>
        </latestAction>
        <type>SAMDT</type>
        <congress>114</congress>
        <description />
        <number>4230</number>
        <purpose>To amend the preamble.</purpose>
        <links />
        <sponsors>
          <item>
            <fullName>Sen. Schatz, Brian [D-HI]</fullName>
            <lastName>Schatz</lastName>
            <bioguideId>S001194</bioguideId>
            <state>HI</state>
            <middleName />
            <firstName>Brian</firstName>
            <party>D</party>
          </item>
        </sponsors>
        <congress>114</congress>
        <description />
        <chamber>Senate</chamber>
        <createDate>2016-05-26T09:31:23Z</createDate>
        <cosponsors>
          <currentCount>0</currentCount>
          <totalCount>0</totalCount>
        </cosponsors>
        <titles />
        <updateDate>2016-11-02T23:14:29Z</updateDate>
        <submittedDate>2016-05-25T04:00:00Z</submittedDate>
        <number>4230</number>
        <proposedDate>2016-05-25T04:00:00Z</proposedDate>
        <amendedAmendment />
        <type>SAMDT</type>
        <amendedBill>
          <type>SRES</type>
          <number>416</number>
          <originChamberCode>S</originChamberCode>
          <originChamber>Senate</originChamber>
          <title>A resolution recognizing the contributions of Hawaii to the culinary heritage of the United States and designating the week beginning on June 12, 2016, as "National Hawaiian Food Week".</title>
          <congress>114</congress>
        </amendedBill>
        <actions>
          <actionTypeCounts>
            <amendmentAgreedTo>1</amendmentAgreedTo>
            <amendmentProposed>1</amendmentProposed>
            <senateAmendmentSubmitted>1</senateAmendmentSubmitted>
            <senateAmendmentAgreedTo>1</senateAmendmentAgreedTo>
            <senateAmendmentProposedOnTheFloor>1</senateAmendmentProposedOnTheFloor>
          </actionTypeCounts>
          <actionByCounts>
            <senate>5</senate>
          </actionByCounts>
          <actions>
            <item>
              <actionDate>2016-05-25</actionDate>
              <committee />
              <links>
                <link>
                  <url>https://www.congress.gov/amendment/114th-congress/senate-amendment/4230</url>
                  <name>S.Amdt.4230</name>
                </link>
                <link>
                  <url>https://www.congress.gov/amendment/114th-congress/senate-amendment/4230</url>
                  <name>SA 4230</name>
                </link>
              </links>
              <sourceSystem>
                <name>Senate</name>
                <code>0</code>
              </sourceSystem>
              <text>Amendment SA 4230 agreed to in Senate by Unanimous Consent.</text>
              <type>Floor</type>
            </item>
            <item>
              <actionDate>2016-05-25</actionDate>
              <committee />
              <links>
                <link>
                  <url>https://www.congress.gov/amendment/114th-congress/senate-amendment/4230</url>
                  <name>S.Amdt.4230</name>
                </link>
                <link>
                  <url>https://www.congress.gov/congressional-record/volume-162/senate-section/page/S3228</url>
                  <name>S3228</name>
                </link>
                <link>
                  <url>https://www.congress.gov/amendment/114th-congress/senate-amendment/4230</url>
                  <name>SA 4230</name>
                </link>
              </links>
              <sourceSystem>
                <name>Senate</name>
                <code>0</code>
              </sourceSystem>
              <text>Amendment SA 4230 proposed by Senator Rounds for Senator Schatz. (consideration: CR S3228; text: CR S3228)</text>
              <type>Floor</type>
            </item>
            <item>
              <actionDate>2016-05-25</actionDate>
              <committee />
              <links />
              <text />
            </item>
            <item>
              <text>Senate amendment proposed (on the floor): Amendment SA 4230 proposed by Senator Rounds for Senator Schatz.</text>
              <sourceSystem>
                <name>Library of Congress</name>
                <code>9</code>
              </sourceSystem>
              <committee />
              <type>Floor</type>
              <links>
                <link>
                  <url>https://www.congress.gov/amendment/114th-congress/senate-amendment/4230</url>
                  <name>S.Amdt.4230</name>
                </link>
                <link>
                  <url>https://www.congress.gov/congressional-record/volume-162/senate-section/page/S3228</url>
                  <name>S3228</name>
                </link>
                <link>
                  <url>https://www.congress.gov/amendment/114th-congress/senate-amendment/4230</url>
                  <name>SA 4230</name>
                </link>
              </links>
              <actionCode>93000</actionCode>
              <actionDate>2016-05-25</actionDate>
            </item>
            <item>
              <text>Senate amendment agreed to: Amendment SA 4230 agreed to in Senate by Unanimous Consent.</text>
              <sourceSystem>
                <name>Library of Congress</name>
                <code>9</code>
              </sourceSystem>
              <committee />
              <type>Floor</type>
              <links>
                <link>
                  <url>https://www.congress.gov/amendment/114th-congress/senate-amendment/4230</url>
                  <name>S.Amdt.4230</name>
                </link>
                <link>
                  <url>https://www.congress.gov/amendment/114th-congress/senate-amendment/4230</url>
                  <name>SA 4230</name>
                </link>
              </links>
              <actionCode>94000</actionCode>
              <actionDate>2016-05-25</actionDate>
            </item>
            <item>
              <text>Senate amendment submitted</text>
              <sourceSystem>
                <name>Library of Congress</name>
                <code>9</code>
              </sourceSystem>
              <committee />
              <type>Floor</type>
              <links />
              <actionCode>91000</actionCode>
              <actionDate>2016-05-25</actionDate>
            </item>
          </actions>
          <count>6</count>
        </actions>
        <notes />
        <amendments>
          <count>0</count>
        </amendments>
        <purpose>To amend the preamble.</purpose>
      </amendment>
    </amendments>
    <actions>
      <actionTypeCounts>
        <agreedToInSenate>1</agreedToInSenate>
        <referredToCommittee>1</referredToCommittee>
        <passedAgreedToInSenate>1</passedAgreedToInSenate>
        <introducedInSenate>1</introducedInSenate>
        <senateCommitteeDischarged>1</senateCommitteeDischarged>
        <measureLaidBeforeSenate>1</measureLaidBeforeSenate>
        <committeeDischarged>1</committeeDischarged>
      </actionTypeCounts>
      <actionByCounts>
        <senate>7</senate>
      </actionByCounts>
      <item>
        <actionDate>2016-05-25</actionDate>
        <committee />
        <links>
          <link>
            <name>S3228</name>
            <url>https://www.congress.gov/congressional-record/volume-162/senate-section/page/S3228</url>
          </link>
        </links>
        <sourceSystem>
          <name>Senate</name>
          <code>0</code>
        </sourceSystem>
        <text>Resolution agreed to in Senate without amendment and an amended preamble by Unanimous Consent. (text as modified: CR S3228)</text>
        <type>Floor</type>
      </item>
      <item>
        <actionCode>17000</actionCode>
        <actionDate>2016-05-25</actionDate>
        <text>Passed/agreed to in Senate: Resolution agreed to in Senate without amendment and an amended preamble by Unanimous Consent.(text as modified: CR S3228)</text>
        <committee />
        <type>Floor</type>
        <links>
          <link>
            <name>S3228</name>
            <url>https://www.congress.gov/congressional-record/volume-162/senate-section/page/S3228</url>
          </link>
        </links>
        <sourceSystem>
          <name>Library of Congress</name>
          <code>9</code>
        </sourceSystem>
      </item>
      <item>
        <actionDate>2016-05-25</actionDate>
        <committee />
        <links>
          <link>
            <name>S3228</name>
            <url>https://www.congress.gov/congressional-record/volume-162/senate-section/page/S3228</url>
          </link>
        </links>
        <sourceSystem>
          <name>Senate</name>
          <code>0</code>
        </sourceSystem>
        <text>Measure laid before Senate by unanimous consent. (consideration: CR S3228)</text>
        <type>Floor</type>
      </item>
      <item>
        <actionDate>2016-05-25</actionDate>
        <committee>
          <systemCode>ssju00</systemCode>
          <name>Judiciary Committee</name>
        </committee>
        <links>
          <link>
            <name>S3228</name>
            <url>https://www.congress.gov/congressional-record/volume-162/senate-section/page/S3228</url>
          </link>
        </links>
        <sourceSystem>
          <name>Senate</name>
          <code>0</code>
        </sourceSystem>
        <text>Senate Committee on the Judiciary discharged by Unanimous Consent. (consideration: CR S3228)</text>
        <type>Discharge</type>
      </item>
      <item>
        <actionCode>14500</actionCode>
        <actionDate>2016-05-25</actionDate>
        <text>Senate Committee on the Judiciary discharged by Unanimous Consent.(consideration: CR S3228)</text>
        <committee>
          <systemCode>ssju00</systemCode>
          <name>Judiciary Committee</name>
        </committee>
        <type>Committee</type>
        <links>
          <link>
            <name>S3228</name>
            <url>https://www.congress.gov/congressional-record/volume-162/senate-section/page/S3228</url>
          </link>
        </links>
        <sourceSystem>
          <name>Library of Congress</name>
          <code>9</code>
        </sourceSystem>
      </item>
      <item>
        <actionDate>2016-04-07</actionDate>
        <committee>
          <systemCode>ssju00</systemCode>
          <name>Judiciary Committee</name>
        </committee>
        <links>
          <link>
            <name>S1813-1814</name>
            <url>https://www.congress.gov/congressional-record/volume-162/senate-section/page/S1813-1814</url>
          </link>
        </links>
        <sourceSystem>
          <name>Senate</name>
          <code>0</code>
        </sourceSystem>
        <text>Referred to the Committee on the Judiciary. (text of measure as introduced: CR S1813-1814)</text>
        <type>IntroReferral</type>
      </item>
      <item>
        <actionCode>10000</actionCode>
        <actionDate>2016-04-07</actionDate>
        <text>Introduced in Senate</text>
        <committee />
        <type>IntroReferral</type>
        <links />
        <sourceSystem>
          <name>Library of Congress</name>
          <code>9</code>
        </sourceSystem>
      </item>
    </actions>
    <committeeReports />
    <sponsors>
      <item>
        <middleName />
        <fullName>Sen. Schatz, Brian [D-HI]</fullName>
        <bioguideId>S001194</bioguideId>
        <firstName>Brian</firstName>
        <byRequestType />
        <state>HI</state>
        <lastName>Schatz</lastName>
        <identifiers>
          <bioguideId>S001194</bioguideId>
          <lisID>2173</lisID>
          <gpoId />
        </identifiers>
        <party>D</party>
      </item>
    </sponsors>
    <relatedBills />
    <billType>SRES</billType>
  </bill>
  <dublinCore xmlns:dc="http://purl.org/dc/elements/1.1/">
    <dc:format>text/xml</dc:format>
    <dc:language>EN</dc:language>
    <dc:rights>Pursuant to Title 17 Section 105 of the United States Code, this file is not subject to copyright protection and is in the public domain.</dc:rights>
    <dc:contributor>Congressional Research Service, Library of Congress</dc:contributor>
    <dc:description>This file contains bill summaries and statuses for federal legislation. A bill summary describes the most significant provisions of a piece of legislation and details the effects the legislative text may have on current law and federal programs. Bill summaries are authored by the Congressional Research Service (CRS) of the Library of Congress. As stated in Public Law 91-510 (2 USC 166 (d)(6)), one of the duties of CRS is "to prepare summaries and digests of bills and resolutions of a public general nature introduced in the Senate or House of Representatives". For more information, refer to the User Guide that accompanies this file.</dc:description>
  </dublinCore>
</billStatus>

