<?xml version="1.0" encoding="UTF-8"?>
<billStatus>
  <bill>
    <policyArea>
      <name>Education</name>
    </policyArea>
    <billType>SRES</billType>
    <introducedDate>2016-02-03</introducedDate>
    <recordedVotes />
    <createDate>2016-02-04T05:04:19Z</createDate>
    <summaries>
      <billSummaries>
        <item>
          <updateDate>2016-02-03T05:00:00Z</updateDate>
          <versionCode>00</versionCode>
          <text><![CDATA[<p>Expresses support for the goals of Catholic Schools Week, an event cosponsored by the National Catholic Educational Association and the United States Conference of Catholic Bishops and established to recognize the contributions of Catholic elementary and secondary schools in the United States.</p> <p>Commends Catholic schools, students, parents, and teachers for ongoing contributions to education and for the vital role they play in promoting and ensuring a brighter, stronger future for the nation.</p>]]></text>
          <lastSummaryUpdateDate>2016-02-24T13:23:14Z</lastSummaryUpdateDate>
          <actionDate>2016-02-03</actionDate>
          <actionDesc>Introduced in Senate</actionDesc>
          <name>Introduced in Senate</name>
        </item>
        <item>
          <updateDate>2016-02-03T15:35:22Z</updateDate>
          <versionCode>82</versionCode>
          <text><![CDATA[<p>(This measure has not been amended since it was introduced. The summary of that version is repeated here.)</p> <p>Expresses support for the goals of Catholic Schools Week, an event cosponsored by the National Catholic Educational Association and the United States Conference of Catholic Bishops and established to recognize the contributions of Catholic elementary and secondary schools in the United States.</p> <p>Commends Catholic schools, students, parents, and teachers for ongoing contributions to education and for the vital role they play in promoting and ensuring a brighter, stronger future for the nation.</p>]]></text>
          <lastSummaryUpdateDate>2016-02-24T13:23:37Z</lastSummaryUpdateDate>
          <actionDate>2016-02-03</actionDate>
          <actionDesc>Passed Senate without amendment</actionDesc>
          <name>Passed Senate without amendment</name>
        </item>
      </billSummaries>
    </summaries>
    <committeeReports />
    <notes />
    <latestAction>
      <links />
      <actionDate>2016-02-03</actionDate>
      <text>Submitted in the Senate, considered, and agreed to without amendment and with a preamble by Unanimous Consent. (consideration: CR S571; text as passed Senate: CR S577)</text>
    </latestAction>
    <sponsors>
      <item>
        <state>LA</state>
        <fullName>Sen. Vitter, David [R-LA]</fullName>
        <firstName>David</firstName>
        <byRequestType />
        <bioguideId>V000127</bioguideId>
        <lastName>Vitter</lastName>
        <party>R</party>
        <identifiers>
          <bioguideId>V000127</bioguideId>
          <lisID>1609</lisID>
          <gpoId>8267</gpoId>
        </identifiers>
        <middleName />
      </item>
    </sponsors>
    <billNumber>357</billNumber>
    <titles>
      <item>
        <chamberCode />
        <title>A resolution recognizing the goals of Catholic Schools Week and honoring the valuable contributions of Catholic schools in the United States.</title>
        <chamberName />
        <titleType>Official Title as Introduced</titleType>
        <parentTitleType />
      </item>
      <item>
        <chamberCode />
        <title>A resolution recognizing the goals of Catholic Schools Week and honoring the valuable contributions of Catholic schools in the United States.</title>
        <chamberName />
        <titleType>Display Title</titleType>
        <parentTitleType />
      </item>
    </titles>
    <title>A resolution recognizing the goals of Catholic Schools Week and honoring the valuable contributions of Catholic schools in the United States.</title>
    <laws />
    <committees>
      <billCommittees />
    </committees>
    <updateDate>2016-11-02T23:14:11Z</updateDate>
    <relatedBills>
      <item>
        <number>35</number>
        <relationshipDetails>
          <item>
            <identifiedBy>CRS</identifiedBy>
            <type>Related bill</type>
          </item>
        </relationshipDetails>
        <congress>114</congress>
        <latestAction>
          <text>Referred to the House Committee on Education and the Workforce.</text>
          <actionDate>2015-01-14</actionDate>
        </latestAction>
        <type>HRES</type>
        <latestTitle>Supporting the contributions of Catholic schools.</latestTitle>
      </item>
    </relatedBills>
    <subjects>
      <billSubjects>
        <legislativeSubjects>
          <item>
            <name>Commemorative events and holidays</name>
          </item>
          <item>
            <name>Congressional tributes</name>
          </item>
          <item>
            <name>Elementary and secondary education</name>
          </item>
          <item>
            <name>Religion</name>
          </item>
          <item>
            <name>Teaching, teachers, curricula</name>
          </item>
        </legislativeSubjects>
        <policyArea>
          <name>Education</name>
        </policyArea>
      </billSubjects>
    </subjects>
    <actions>
      <item>
        <actionDate>2016-02-03</actionDate>
        <committee />
        <links>
          <link>
            <name>S571</name>
            <url>https://www.congress.gov/congressional-record/volume-162/senate-section/page/S571</url>
          </link>
          <link>
            <name>S577</name>
            <url>https://www.congress.gov/congressional-record/volume-162/senate-section/page/S577</url>
          </link>
        </links>
        <sourceSystem>
          <code>0</code>
          <name>Senate</name>
        </sourceSystem>
        <text>Submitted in the Senate, considered, and agreed to without amendment and with a preamble by Unanimous Consent. (consideration: CR S571; text as passed Senate: CR S577)</text>
        <type>Floor</type>
      </item>
      <item>
        <text>Passed/agreed to in Senate: Submitted in the Senate, considered, and agreed to without amendment and with a preamble by Unanimous Consent.(consideration: CR S571; text as passed Senate: CR S577)</text>
        <committee />
        <actionCode>17000</actionCode>
        <sourceSystem>
          <code>9</code>
          <name>Library of Congress</name>
        </sourceSystem>
        <type>Floor</type>
        <actionDate>2016-02-03</actionDate>
        <links>
          <link>
            <name>S571</name>
            <url>https://www.congress.gov/congressional-record/volume-162/senate-section/page/S571</url>
          </link>
          <link>
            <name>S577</name>
            <url>https://www.congress.gov/congressional-record/volume-162/senate-section/page/S577</url>
          </link>
        </links>
      </item>
      <item>
        <text>Introduced in Senate</text>
        <committee />
        <actionCode>10000</actionCode>
        <sourceSystem>
          <code>9</code>
          <name>Library of Congress</name>
        </sourceSystem>
        <type>IntroReferral</type>
        <actionDate>2016-02-03</actionDate>
        <links />
      </item>
      <actionByCounts>
        <senate>3</senate>
      </actionByCounts>
      <actionTypeCounts>
        <passedAgreedToInSenate>1</passedAgreedToInSenate>
        <introducedInSenate>1</introducedInSenate>
        <passedOrAgreedToInSenateDayOf>1</passedOrAgreedToInSenateDayOf>
      </actionTypeCounts>
    </actions>
    <amendments />
    <congress>114</congress>
    <cosponsors>
      <item>
        <identifiers>
          <bioguideId>C001075</bioguideId>
          <lisID>1925</lisID>
          <gpoId>7964</gpoId>
        </identifiers>
        <middleName />
        <fullName>Sen. Cassidy, Bill [R-LA]</fullName>
        <isOriginalCosponsor>True</isOriginalCosponsor>
        <firstName>Bill</firstName>
        <sponsorshipWithdrawnDate />
        <state>LA</state>
        <bioguideId>C001075</bioguideId>
        <sponsorshipDate>2016-02-03</sponsorshipDate>
        <party>R</party>
        <lastName>Cassidy</lastName>
      </item>
      <item>
        <identifiers>
          <lisID>1828</lisID>
          <gpoId>8282</gpoId>
          <bioguideId>C001070</bioguideId>
        </identifiers>
        <middleName />
        <fullName>Sen. Casey, Robert P., Jr. [D-PA]</fullName>
        <isOriginalCosponsor>True</isOriginalCosponsor>
        <firstName>Bob</firstName>
        <sponsorshipWithdrawnDate />
        <state>PA</state>
        <bioguideId>C001070</bioguideId>
        <sponsorshipDate>2016-02-03</sponsorshipDate>
        <party>D</party>
        <lastName>Casey</lastName>
      </item>
    </cosponsors>
    <calendarNumbers />
    <cboCostEstimates />
    <originChamber>Senate</originChamber>
  </bill>
  <dublinCore xmlns:dc="http://purl.org/dc/elements/1.1/">
    <dc:format>text/xml</dc:format>
    <dc:language>EN</dc:language>
    <dc:rights>Pursuant to Title 17 Section 105 of the United States Code, this file is not subject to copyright protection and is in the public domain.</dc:rights>
    <dc:contributor>Congressional Research Service, Library of Congress</dc:contributor>
    <dc:description>This file contains bill summaries and statuses for federal legislation. A bill summary describes the most significant provisions of a piece of legislation and details the effects the legislative text may have on current law and federal programs. Bill summaries are authored by the Congressional Research Service (CRS) of the Library of Congress. As stated in Public Law 91-510 (2 USC 166 (d)(6)), one of the duties of CRS is "to prepare summaries and digests of bills and resolutions of a public general nature introduced in the Senate or House of Representatives". For more information, refer to the User Guide that accompanies this file.</dc:description>
  </dublinCore>
</billStatus>

