<?xml version="1.0" encoding="UTF-8"?>
<billStatus>
  <bill>
    <calendarNumbers />
    <billType>SRES</billType>
    <recordedVotes />
    <title>A resolution designating the week beginning November 8, 2015, as "National Nurse-Managed Health Clinic Week".</title>
    <summaries>
      <billSummaries>
        <item>
          <versionCode>00</versionCode>
          <actionDate>2015-11-03</actionDate>
          <text><![CDATA[<p>Designates the week beginning November 8, 2015, as National Nurse-Managed Health Clinic Week and expresses support for its goals and ideals.</p> <p>Encourages the continued support of nurse-managed health clinics so that they may continue to serve as health care workforce development sites for the next generation of primary care providers.</p>]]></text>
          <name>Introduced in Senate</name>
          <actionDesc>Introduced in Senate</actionDesc>
          <updateDate>2015-11-03T05:00:00Z</updateDate>
          <lastSummaryUpdateDate>2015-11-05T17:50:16Z</lastSummaryUpdateDate>
        </item>
        <item>
          <versionCode>82</versionCode>
          <actionDate>2015-11-05</actionDate>
          <text><![CDATA[<p>(This measure has not been amended since it was introduced. The summary of that version is repeated here.)</p> <p>Designates the week beginning November 8, 2015, as National Nurse-Managed Health Clinic Week and expresses support for its goals and ideals.</p> <p>Encourages the continued support of nurse-managed health clinics so that they may continue to serve as health care workforce development sites for the next generation of primary care providers.</p>]]></text>
          <name>Passed Senate without amendment</name>
          <actionDesc>Passed Senate without amendment</actionDesc>
          <updateDate>2015-11-05T13:11:33Z</updateDate>
          <lastSummaryUpdateDate>2015-11-10T17:01:36Z</lastSummaryUpdateDate>
        </item>
      </billSummaries>
    </summaries>
    <createDate>2015-11-04T09:47:10Z</createDate>
    <sponsors>
      <item>
        <state>TN</state>
        <byRequestType />
        <bioguideId>A000360</bioguideId>
        <identifiers>
          <lisID>1695</lisID>
          <bioguideId>A000360</bioguideId>
          <gpoId>8304</gpoId>
        </identifiers>
        <middleName />
        <fullName>Sen. Alexander, Lamar [R-TN]</fullName>
        <party>R</party>
        <firstName>Lamar</firstName>
        <lastName>Alexander</lastName>
      </item>
    </sponsors>
    <notes />
    <actions>
      <actionTypeCounts>
        <referredToCommittee>1</referredToCommittee>
        <agreedToInSenate>1</agreedToInSenate>
        <senateCommitteeDischarged>1</senateCommitteeDischarged>
        <passedAgreedToInSenate>1</passedAgreedToInSenate>
        <introducedInSenate>1</introducedInSenate>
        <committeeDischarged>1</committeeDischarged>
      </actionTypeCounts>
      <item>
        <actionDate>2015-11-05</actionDate>
        <committee />
        <links />
        <sourceSystem>
          <code>0</code>
          <name>Senate</name>
        </sourceSystem>
        <text>Resolution agreed to in Senate without amendment and with a preamble by Unanimous Consent.</text>
        <type>Floor</type>
      </item>
      <item>
        <links />
        <text>Passed/agreed to in Senate: Resolution agreed to in Senate without amendment and with a preamble by Unanimous Consent.</text>
        <committee />
        <actionCode>17000</actionCode>
        <type>Floor</type>
        <sourceSystem>
          <code>9</code>
          <name>Library of Congress</name>
        </sourceSystem>
        <actionDate>2015-11-05</actionDate>
      </item>
      <item>
        <actionDate>2015-11-05</actionDate>
        <committee>
          <systemCode>ssju00</systemCode>
          <name>Judiciary Committee</name>
        </committee>
        <links />
        <sourceSystem>
          <code>0</code>
          <name>Senate</name>
        </sourceSystem>
        <text>Senate Committee on the Judiciary discharged by Unanimous Consent. (consideration: CR S7843)</text>
        <type>Discharge</type>
      </item>
      <item>
        <links />
        <text>Senate Committee on the Judiciary discharged by Unanimous Consent.(consideration: CR S7843)</text>
        <committee>
          <systemCode>ssju00</systemCode>
          <name>Judiciary Committee</name>
        </committee>
        <actionCode>14500</actionCode>
        <type>Committee</type>
        <sourceSystem>
          <code>9</code>
          <name>Library of Congress</name>
        </sourceSystem>
        <actionDate>2015-11-05</actionDate>
      </item>
      <item>
        <actionDate>2015-11-03</actionDate>
        <committee>
          <systemCode>ssju00</systemCode>
          <name>Judiciary Committee</name>
        </committee>
        <links />
        <sourceSystem>
          <code>0</code>
          <name>Senate</name>
        </sourceSystem>
        <text>Referred to the Committee on the Judiciary. (text of measure as introduced: CR S7726)</text>
        <type>IntroReferral</type>
      </item>
      <item>
        <links />
        <text>Introduced in Senate</text>
        <committee />
        <actionCode>10000</actionCode>
        <type>IntroReferral</type>
        <sourceSystem>
          <code>9</code>
          <name>Library of Congress</name>
        </sourceSystem>
        <actionDate>2015-11-03</actionDate>
      </item>
      <actionByCounts>
        <senate>6</senate>
      </actionByCounts>
    </actions>
    <congress>114</congress>
    <originChamber>Senate</originChamber>
    <relatedBills>
      <item>
        <type>SRES</type>
        <number>636</number>
        <congress>114</congress>
        <relationshipDetails>
          <item>
            <type>Related bill</type>
            <identifiedBy>CRS</identifiedBy>
          </item>
        </relationshipDetails>
        <latestAction>
          <text>Submitted in the Senate, considered, and agreed to without amendment and with a preamble by Unanimous Consent. (consideration: CR S7121; text as passed Senate: CR S7037)</text>
          <actionDate>2016-12-10</actionDate>
        </latestAction>
        <latestTitle>A resolution designating the week of December 4 through December 10, 2016, as "National Nurse-Managed Health Clinic Week".</latestTitle>
      </item>
    </relatedBills>
    <amendments />
    <cosponsors>
      <item>
        <middleName />
        <party>D</party>
        <firstName>Jeff</firstName>
        <state>OR</state>
        <isOriginalCosponsor>True</isOriginalCosponsor>
        <bioguideId>M001176</bioguideId>
        <sponsorshipWithdrawnDate />
        <fullName>Sen. Merkley, Jeff [D-OR]</fullName>
        <sponsorshipDate>2015-11-03</sponsorshipDate>
        <identifiers>
          <lisID>1900</lisID>
          <bioguideId>M001176</bioguideId>
          <gpoId>8238</gpoId>
        </identifiers>
        <lastName>Merkley</lastName>
      </item>
    </cosponsors>
    <titles>
      <item>
        <title>A resolution designating the week beginning November 8, 2015, as "National Nurse-Managed Health Clinic Week".</title>
        <titleType>Official Title as Introduced</titleType>
        <chamberCode />
        <parentTitleType />
        <chamberName />
      </item>
      <item>
        <title>A resolution designating the week beginning November 8, 2015, as "National Nurse-Managed Health Clinic Week".</title>
        <titleType>Display Title</titleType>
        <chamberCode />
        <parentTitleType />
        <chamberName />
      </item>
    </titles>
    <policyArea>
      <name>Health</name>
    </policyArea>
    <cboCostEstimates />
    <committeeReports />
    <laws />
    <subjects>
      <billSubjects>
        <legislativeSubjects>
          <item>
            <name>Commemorative events and holidays</name>
          </item>
          <item>
            <name>Health care coverage and access</name>
          </item>
          <item>
            <name>Health facilities and institutions</name>
          </item>
          <item>
            <name>Health personnel</name>
          </item>
          <item>
            <name>Nursing</name>
          </item>
        </legislativeSubjects>
        <policyArea>
          <name>Health</name>
        </policyArea>
      </billSubjects>
    </subjects>
    <introducedDate>2015-11-03</introducedDate>
    <updateDate>2016-12-15T20:31:15Z</updateDate>
    <billNumber>303</billNumber>
    <committees>
      <billCommittees>
        <item>
          <chamber>Senate</chamber>
          <activities>
            <item>
              <name>Discharged from</name>
              <date>2015-11-05T22:49:45Z</date>
            </item>
            <item>
              <name>Referred to</name>
              <date>2015-11-03T19:40:04Z</date>
            </item>
          </activities>
          <type>Standing</type>
          <systemCode>ssju00</systemCode>
          <name>Judiciary Committee</name>
          <subcommittees />
        </item>
      </billCommittees>
    </committees>
    <latestAction>
      <text>Resolution agreed to in Senate without amendment and with a preamble by Unanimous Consent.</text>
      <links />
      <actionDate>2015-11-05</actionDate>
    </latestAction>
  </bill>
  <dublinCore xmlns:dc="http://purl.org/dc/elements/1.1/">
    <dc:format>text/xml</dc:format>
    <dc:language>EN</dc:language>
    <dc:rights>Pursuant to Title 17 Section 105 of the United States Code, this file is not subject to copyright protection and is in the public domain.</dc:rights>
    <dc:contributor>Congressional Research Service, Library of Congress</dc:contributor>
    <dc:description>This file contains bill summaries and statuses for federal legislation. A bill summary describes the most significant provisions of a piece of legislation and details the effects the legislative text may have on current law and federal programs. Bill summaries are authored by the Congressional Research Service (CRS) of the Library of Congress. As stated in Public Law 91-510 (2 USC 166 (d)(6)), one of the duties of CRS is "to prepare summaries and digests of bills and resolutions of a public general nature introduced in the Senate or House of Representatives". For more information, refer to the User Guide that accompanies this file.</dc:description>
  </dublinCore>
</billStatus>

