<?xml version="1.0" encoding="UTF-8"?>
<billStatus>
  <bill>
    <billType>SRES</billType>
    <laws />
    <recordedVotes />
    <actions>
      <actionTypeCounts>
        <reportedToSenate>2</reportedToSenate>
        <orderedReported>1</orderedReported>
        <referredToCommittee>1</referredToCommittee>
        <introducedInSenate>1</introducedInSenate>
        <passedAgreedToInSenate>1</passedAgreedToInSenate>
        <placedOnCalendarGeneralOrders>1</placedOnCalendarGeneralOrders>
        <agreedToInSenate>1</agreedToInSenate>
      </actionTypeCounts>
      <actionByCounts>
        <senate>8</senate>
      </actionByCounts>
      <item>
        <actionDate>2015-10-22</actionDate>
        <committee />
        <links>
          <link>
            <url>https://www.congress.gov/congressional-record/volume-161/senate-section/page/S7476</url>
            <name>S7476</name>
          </link>
        </links>
        <sourceSystem>
          <name>Senate</name>
          <code>0</code>
        </sourceSystem>
        <text>Resolution agreed to in Senate without amendment and with a preamble by Unanimous Consent. (consideration: CR S7476)</text>
        <type>Floor</type>
      </item>
      <item>
        <text>Passed/agreed to in Senate: Resolution agreed to in Senate without amendment and with a preamble by Unanimous Consent.(consideration: CR S7476)</text>
        <sourceSystem>
          <name>Library of Congress</name>
          <code>9</code>
        </sourceSystem>
        <committee />
        <type>Floor</type>
        <links>
          <link>
            <url>https://www.congress.gov/congressional-record/volume-161/senate-section/page/S7476</url>
            <name>S7476</name>
          </link>
        </links>
        <actionCode>17000</actionCode>
        <actionDate>2015-10-22</actionDate>
      </item>
      <item>
        <actionDate>2015-10-08</actionDate>
        <committee />
        <links />
        <sourceSystem>
          <name>Senate</name>
          <code>0</code>
        </sourceSystem>
        <text>Placed on Senate Legislative Calendar under General Orders. Calendar No. 264.</text>
        <type>Calendars</type>
      </item>
      <item>
        <actionDate>2015-10-08</actionDate>
        <committee>
          <name>Foreign Relations Committee</name>
          <systemCode>ssfr00</systemCode>
        </committee>
        <links />
        <sourceSystem>
          <name>Senate</name>
          <code>0</code>
        </sourceSystem>
        <text>Committee on Foreign Relations. Reported by Senator Corker without amendment and with a preamble. Without written report.</text>
        <type>Committee</type>
      </item>
      <item>
        <text>Committee on Foreign Relations. Reported by Senator Corker without amendment and with a preamble. Without written report.</text>
        <sourceSystem>
          <name>Library of Congress</name>
          <code>9</code>
        </sourceSystem>
        <committee>
          <name>Foreign Relations Committee</name>
          <systemCode>ssfr00</systemCode>
        </committee>
        <type>Committee</type>
        <links />
        <actionCode>14000</actionCode>
        <actionDate>2015-10-08</actionDate>
      </item>
      <item>
        <actionDate>2015-10-08</actionDate>
        <committee>
          <name>Foreign Relations Committee</name>
          <systemCode>ssfr00</systemCode>
        </committee>
        <links />
        <sourceSystem>
          <name>Senate</name>
          <code>0</code>
        </sourceSystem>
        <text>Committee on Foreign Relations. Ordered to be reported without amendment favorably.</text>
        <type>Committee</type>
      </item>
      <item>
        <actionDate>2015-10-01</actionDate>
        <committee>
          <name>Foreign Relations Committee</name>
          <systemCode>ssfr00</systemCode>
        </committee>
        <links>
          <link>
            <url>https://www.congress.gov/congressional-record/volume-161/senate-section/page/S7105-7106</url>
            <name>S7105-7106</name>
          </link>
        </links>
        <sourceSystem>
          <name>Senate</name>
          <code>0</code>
        </sourceSystem>
        <text>Referred to the Committee on Foreign Relations. (text of measure as introduced: CR S7105-7106)</text>
        <type>IntroReferral</type>
      </item>
      <item>
        <text>Introduced in Senate</text>
        <sourceSystem>
          <name>Library of Congress</name>
          <code>9</code>
        </sourceSystem>
        <committee />
        <type>IntroReferral</type>
        <links />
        <actionCode>10000</actionCode>
        <actionDate>2015-10-01</actionDate>
      </item>
    </actions>
    <billNumber>274</billNumber>
    <policyArea>
      <name>International Affairs</name>
    </policyArea>
    <notes />
    <latestAction>
      <actionDate>2015-10-22</actionDate>
      <links />
      <text>Resolution agreed to in Senate without amendment and with a preamble by Unanimous Consent. (consideration: CR S7476)</text>
    </latestAction>
    <relatedBills />
    <committees>
      <billCommittees>
        <item>
          <subcommittees />
          <type>Standing</type>
          <activities>
            <item>
              <name>Reported by</name>
              <date>2015-10-08T19:55:59Z</date>
            </item>
            <item>
              <name>Markup by</name>
              <date>2015-10-08T14:08:34Z</date>
            </item>
            <item>
              <name>Referred to</name>
              <date>2015-10-01T17:01:48Z</date>
            </item>
          </activities>
          <systemCode>ssfr00</systemCode>
          <name>Foreign Relations Committee</name>
          <chamber>Senate</chamber>
        </item>
      </billCommittees>
    </committees>
    <cosponsors>
      <item>
        <identifiers>
          <lisID>2086</lisID>
          <gpoId>8355</gpoId>
          <bioguideId>J000293</bioguideId>
        </identifiers>
        <middleName />
        <fullName>Sen. Johnson, Ron [R-WI]</fullName>
        <isOriginalCosponsor>True</isOriginalCosponsor>
        <firstName>Ron</firstName>
        <sponsorshipWithdrawnDate />
        <state>WI</state>
        <bioguideId>J000293</bioguideId>
        <sponsorshipDate>2015-10-01</sponsorshipDate>
        <party>R</party>
        <lastName>Johnson</lastName>
      </item>
      <item>
        <identifiers>
          <bioguideId>R000584</bioguideId>
          <lisID>1896</lisID>
          <gpoId>8274</gpoId>
        </identifiers>
        <middleName>E.</middleName>
        <fullName>Sen. Risch, James E. [R-ID]</fullName>
        <isOriginalCosponsor>False</isOriginalCosponsor>
        <firstName>James</firstName>
        <sponsorshipWithdrawnDate />
        <state>ID</state>
        <bioguideId>R000584</bioguideId>
        <sponsorshipDate>2015-10-08</sponsorshipDate>
        <party>R</party>
        <lastName>Risch</lastName>
      </item>
      <item>
        <identifiers>
          <gpoId>8242</gpoId>
          <lisID>2084</lisID>
          <bioguideId>R000595</bioguideId>
        </identifiers>
        <middleName />
        <fullName>Sen. Rubio, Marco [R-FL]</fullName>
        <isOriginalCosponsor>False</isOriginalCosponsor>
        <firstName>Marco</firstName>
        <sponsorshipWithdrawnDate />
        <state>FL</state>
        <bioguideId>R000595</bioguideId>
        <sponsorshipDate>2015-10-08</sponsorshipDate>
        <party>R</party>
        <lastName>Rubio</lastName>
      </item>
      <item>
        <identifiers>
          <lisID>326</lisID>
          <gpoId>8326</gpoId>
          <bioguideId>D000563</bioguideId>
        </identifiers>
        <middleName>J.</middleName>
        <fullName>Sen. Durbin, Richard [D-IL]</fullName>
        <isOriginalCosponsor>False</isOriginalCosponsor>
        <firstName>RICHARD</firstName>
        <sponsorshipWithdrawnDate />
        <state>IL</state>
        <bioguideId>D000563</bioguideId>
        <sponsorshipDate>2015-10-21</sponsorshipDate>
        <party>D</party>
        <lastName>DURBIN</lastName>
      </item>
    </cosponsors>
    <committeeReports />
    <sponsors>
      <item>
        <fullName>Sen. Shaheen, Jeanne [D-NH]</fullName>
        <firstName>Jeanne</firstName>
        <lastName>Shaheen</lastName>
        <state>NH</state>
        <party>D</party>
        <bioguideId>S001181</bioguideId>
        <identifiers>
          <bioguideId>S001181</bioguideId>
          <lisID>1901</lisID>
          <gpoId>8276</gpoId>
        </identifiers>
        <middleName />
        <byRequestType />
      </item>
    </sponsors>
    <createDate>2015-10-02T12:58:01Z</createDate>
    <updateDate>2016-11-02T23:13:46Z</updateDate>
    <introducedDate>2015-10-01</introducedDate>
    <summaries>
      <billSummaries>
        <item>
          <text><![CDATA[<p>Celebrates 25 years of a united Germany. </p> <p> Honors the courage of the people of Germany, the United States, and other countries who served in the Cold War to bring freedom to Central and Eastern Europe. </p> <p>Recognizes the importance of the alliance between the United States and Germany in: (1) common defense, (2) a shared commitment to a free and unified Europe, and (3) an expanding economic prosperity under the rule of law throughout Europe. </p> <p>Expresses to the people of Germany an appreciation for their commitment to the promotion of freedom through leadership in providing international assistance, support for peacekeeping efforts, and acceptance of refugees. </p> <p>Reaffirms the friendship between the government and people of the United States and the government and people of Germany.</p>]]></text>
          <versionCode>00</versionCode>
          <actionDesc>Introduced in Senate</actionDesc>
          <lastSummaryUpdateDate>2015-10-05T19:10:20Z</lastSummaryUpdateDate>
          <updateDate>2015-10-01T04:00:00Z</updateDate>
          <actionDate>2015-10-01</actionDate>
          <name>Introduced in Senate</name>
        </item>
        <item>
          <text><![CDATA[<p>(This measure has not been amended since it was introduced. The summary has been expanded because action occurred on the measure.)</p> <p>Celebrates 25 years of a united Germany. </p> <p> Honors the courage of the people of Germany, the United States, and other countries who served in the Cold War to bring freedom to Central and Eastern Europe. </p> <p>Recognizes the importance of the alliance between the United States and Germany in: (1) common defense, (2) a shared commitment to a free and unified Europe, and (3) an expanding economic prosperity under the rule of law throughout Europe. </p> <p>Expresses to the people of Germany an appreciation for their commitment to the promotion of freedom through leadership in providing international assistance, support for peacekeeping and international security efforts, and acceptance of refugees, including efforts by the people of Germany in Afghanistan, Bosnia and Herzegovina, Kosovo, Lebanon, Sudan, and Ukraine.</p> <p>Reaffirms the friendship between the government and people of the United States and the government and people of Germany.</p>]]></text>
          <versionCode>80</versionCode>
          <actionDesc>Reported to Senate without amendment</actionDesc>
          <lastSummaryUpdateDate>2015-10-13T21:14:43Z</lastSummaryUpdateDate>
          <updateDate>2015-10-08T12:55:19Z</updateDate>
          <actionDate>2015-10-08</actionDate>
          <name>Reported to Senate without amendment</name>
        </item>
        <item>
          <text><![CDATA[<p>(This measure has not been amended since it was introduced. The expanded summary of the Senate reported version is repeated here.)</p> <p>Celebrates 25 years of a united Germany. </p> <p> Honors the courage of the people of Germany, the United States, and other countries who served in the Cold War to bring freedom to Central and Eastern Europe. </p> <p>Recognizes the importance of the alliance between the United States and Germany in: (1) common defense, (2) a shared commitment to a free and unified Europe, and (3) an expanding economic prosperity under the rule of law throughout Europe. </p> <p>Expresses to the people of Germany an appreciation for their commitment to the promotion of freedom through leadership in providing international assistance, support for peacekeeping and international security efforts, and acceptance of refugees, including efforts by the people of Germany in Afghanistan, Bosnia and Herzegovina, Kosovo, Lebanon, Sudan, and Ukraine.</p> <p>Reaffirms the friendship between the government and people of the United States and the government and people of Germany.</p>]]></text>
          <versionCode>82</versionCode>
          <actionDesc>Passed Senate without amendment</actionDesc>
          <lastSummaryUpdateDate>2015-10-23T20:56:03Z</lastSummaryUpdateDate>
          <updateDate>2015-10-22T14:06:03Z</updateDate>
          <actionDate>2015-10-22</actionDate>
          <name>Passed Senate without amendment</name>
        </item>
      </billSummaries>
    </summaries>
    <title>A resolution commemorating the 25th anniversary of the peaceful and democratic reunification of Germany.</title>
    <cboCostEstimates />
    <subjects>
      <billSubjects>
        <legislativeSubjects>
          <item>
            <name>Afghanistan</name>
          </item>
          <item>
            <name>Africa</name>
          </item>
          <item>
            <name>Alliances</name>
          </item>
          <item>
            <name>Asia</name>
          </item>
          <item>
            <name>Bosnia and Herzegovina</name>
          </item>
          <item>
            <name>Commemorative events and holidays</name>
          </item>
          <item>
            <name>Conflicts and wars</name>
          </item>
          <item>
            <name>Congressional tributes</name>
          </item>
          <item>
            <name>Europe</name>
          </item>
          <item>
            <name>Foreign aid and international relief</name>
          </item>
          <item>
            <name>Germany</name>
          </item>
          <item>
            <name>Kosovo</name>
          </item>
          <item>
            <name>Lebanon</name>
          </item>
          <item>
            <name>Middle East</name>
          </item>
          <item>
            <name>Refugees, asylum, displaced persons</name>
          </item>
          <item>
            <name>Rule of law and government transparency</name>
          </item>
          <item>
            <name>Sovereignty, recognition, national governance and status</name>
          </item>
          <item>
            <name>Sudan</name>
          </item>
          <item>
            <name>Syria</name>
          </item>
          <item>
            <name>Ukraine</name>
          </item>
          <item>
            <name>World history</name>
          </item>
        </legislativeSubjects>
        <policyArea>
          <name>International Affairs</name>
        </policyArea>
      </billSubjects>
    </subjects>
    <amendments />
    <calendarNumbers>
      <item>
        <calendar>Senate Calendar of Business</calendar>
        <number>0264</number>
      </item>
    </calendarNumbers>
    <congress>114</congress>
    <titles>
      <item>
        <chamberCode />
        <chamberName />
        <title>A resolution commemorating the 25th anniversary of the peaceful and democratic reunification of Germany.</title>
        <parentTitleType />
        <titleType>Official Title as Introduced</titleType>
      </item>
      <item>
        <chamberCode />
        <chamberName />
        <title>A resolution commemorating the 25th anniversary of the peaceful and democratic reunification of Germany.</title>
        <parentTitleType />
        <titleType>Display Title</titleType>
      </item>
    </titles>
    <originChamber>Senate</originChamber>
  </bill>
  <dublinCore xmlns:dc="http://purl.org/dc/elements/1.1/">
    <dc:format>text/xml</dc:format>
    <dc:language>EN</dc:language>
    <dc:rights>Pursuant to Title 17 Section 105 of the United States Code, this file is not subject to copyright protection and is in the public domain.</dc:rights>
    <dc:contributor>Congressional Research Service, Library of Congress</dc:contributor>
    <dc:description>This file contains bill summaries and statuses for federal legislation. A bill summary describes the most significant provisions of a piece of legislation and details the effects the legislative text may have on current law and federal programs. Bill summaries are authored by the Congressional Research Service (CRS) of the Library of Congress. As stated in Public Law 91-510 (2 USC 166 (d)(6)), one of the duties of CRS is "to prepare summaries and digests of bills and resolutions of a public general nature introduced in the Senate or House of Representatives". For more information, refer to the User Guide that accompanies this file.</dc:description>
  </dublinCore>
</billStatus>

