<?xml version="1.0" encoding="UTF-8"?>
<billStatus>
  <bill>
    <committees>
      <billCommittees />
    </committees>
    <congress>114</congress>
    <billNumber>115</billNumber>
    <updateDate>2016-11-02T23:12:50Z</updateDate>
    <calendarNumbers />
    <policyArea>
      <name>Health</name>
    </policyArea>
    <summaries>
      <billSummaries>
        <item>
          <versionCode>00</versionCode>
          <actionDate>2015-03-25</actionDate>
          <text><![CDATA[<p>Designates April 2015 as National Congenital Diaphragmatic Hernia Awareness Month. (Congenital diaphragmatic hernia is a birth defect that occurs when the diaphragm fails to fully form, allowing abdominal organs to migrate into the chest cavity and preventing lung growth.)</p> <p>Encourages that steps should be taken to:</p> <ul> <li>raise awareness of and increase public knowledge about congenital diaphragmatic hernia (CDH);</li> <li>inform all Americans about the dangers of CDH;</li> <li>disseminate information on the importance of quality neonatal care for CDH patients;</li> <li>promote quality prenatal care and the use of ultrasounds to detect CDH in utero; and</li> <li>support research funding of CDH to improve screening and treatment, discover its causes, and develop a cure. </li> </ul>]]></text>
          <name>Introduced in Senate</name>
          <lastSummaryUpdateDate>2015-03-27T18:55:47Z</lastSummaryUpdateDate>
          <updateDate>2015-03-25T04:00:00Z</updateDate>
          <actionDesc>Introduced in Senate</actionDesc>
        </item>
        <item>
          <versionCode>82</versionCode>
          <actionDate>2015-03-25</actionDate>
          <text><![CDATA[<p>(This measure has not been amended since it was introduced. The summary of that version is repeated here.)</p> <p>Designates April 2015 as National Congenital Diaphragmatic Hernia Awareness Month. (Congenital diaphragmatic hernia is a birth defect that occurs when the diaphragm fails to fully form, allowing abdominal organs to migrate into the chest cavity and preventing lung growth.)</p> <p>Encourages that steps should be taken to:</p> <ul> <li>raise awareness of and increase public knowledge about congenital diaphragmatic hernia (CDH);</li> <li>inform all Americans about the dangers of CDH;</li> <li>disseminate information on the importance of quality neonatal care for CDH patients;</li> <li>promote quality prenatal care and the use of ultrasounds to detect CDH in utero; and</li> <li>support research funding of CDH to improve screening and treatment, discover its causes, and develop a cure. </li> </ul>]]></text>
          <name>Passed Senate without amendment</name>
          <lastSummaryUpdateDate>2015-03-31T14:09:09Z</lastSummaryUpdateDate>
          <updateDate>2015-03-25T13:16:44Z</updateDate>
          <actionDesc>Passed Senate without amendment</actionDesc>
        </item>
      </billSummaries>
    </summaries>
    <title>A resolution designating April 2015 as "National Congenital Diaphragmatic Hernia Awareness Month".</title>
    <laws />
    <cosponsors>
      <item>
        <fullName>Sen. Cardin, Benjamin L. [D-MD]</fullName>
        <firstName>BENJAMIN</firstName>
        <lastName>CARDIN</lastName>
        <state>MD</state>
        <party>D</party>
        <bioguideId>C000141</bioguideId>
        <identifiers>
          <bioguideId>C000141</bioguideId>
          <gpoId>8287</gpoId>
          <lisID>174</lisID>
        </identifiers>
        <sponsorshipWithdrawnDate />
        <sponsorshipDate>2015-03-25</sponsorshipDate>
        <middleName>L.</middleName>
        <isOriginalCosponsor>True</isOriginalCosponsor>
      </item>
    </cosponsors>
    <billType>SRES</billType>
    <cboCostEstimates />
    <recordedVotes />
    <relatedBills>
      <item>
        <congress>114</congress>
        <type>HRES</type>
        <relationshipDetails>
          <item>
            <identifiedBy>CRS</identifiedBy>
            <type>Related bill</type>
          </item>
        </relationshipDetails>
        <number>224</number>
        <latestAction>
          <actionDate>2015-05-01</actionDate>
          <text>Referred to the Subcommittee on Health.</text>
        </latestAction>
        <latestTitle>Expressing support for designation of April 2015 as "National Congenital Diaphragmatic Hernia Awareness Month".</latestTitle>
      </item>
      <item>
        <congress>114</congress>
        <type>HRES</type>
        <relationshipDetails>
          <item>
            <identifiedBy>CRS</identifiedBy>
            <type>Related bill</type>
          </item>
        </relationshipDetails>
        <number>715</number>
        <latestAction>
          <actionDate>2016-05-06</actionDate>
          <text>Referred to the Subcommittee on Health.</text>
        </latestAction>
        <latestTitle>Expressing support for designation of April 2016 as "National Congenital Diaphragmatic Hernia Awareness Month".</latestTitle>
      </item>
      <item>
        <congress>114</congress>
        <type>SRES</type>
        <relationshipDetails>
          <item>
            <identifiedBy>CRS</identifiedBy>
            <type>Related bill</type>
          </item>
        </relationshipDetails>
        <number>408</number>
        <latestAction>
          <actionDate>2016-03-17</actionDate>
          <text>Submitted in the Senate, considered, and agreed to without amendment and with a preamble by Unanimous Consent. (consideration: CR S1607; text as passed Senate: CR S1602)</text>
        </latestAction>
        <latestTitle>A resolution designating April 2016 as "National Congenital Diaphragmatic Hernia Awareness Month".</latestTitle>
      </item>
    </relatedBills>
    <actions>
      <actionTypeCounts>
        <passedOrAgreedToInSenateDayOf>1</passedOrAgreedToInSenateDayOf>
        <passedAgreedToInSenate>1</passedAgreedToInSenate>
        <introducedInSenate>1</introducedInSenate>
      </actionTypeCounts>
      <actionByCounts>
        <senate>3</senate>
      </actionByCounts>
      <item>
        <actionDate>2015-03-25</actionDate>
        <committee />
        <links>
          <link>
            <name>S1895</name>
            <url>https://www.congress.gov/congressional-record/volume-161/senate-section/page/S1895</url>
          </link>
          <link>
            <name>S1957</name>
            <url>https://www.congress.gov/congressional-record/volume-161/senate-section/page/S1957</url>
          </link>
        </links>
        <sourceSystem>
          <name>Senate</name>
          <code>0</code>
        </sourceSystem>
        <text>Submitted in the Senate, considered, and agreed to without amendment and with a preamble by Unanimous Consent. (consideration: CR S1957; text as passed Senate: CR S1895)</text>
        <type>Floor</type>
      </item>
      <item>
        <actionCode>17000</actionCode>
        <actionDate>2015-03-25</actionDate>
        <text>Passed/agreed to in Senate: Submitted in the Senate, considered, and agreed to without amendment and with a preamble by Unanimous Consent.(consideration: CR S1957; text as passed Senate: CR S1895)</text>
        <committee />
        <type>Floor</type>
        <links>
          <link>
            <name>S1895</name>
            <url>https://www.congress.gov/congressional-record/volume-161/senate-section/page/S1895</url>
          </link>
          <link>
            <name>S1957</name>
            <url>https://www.congress.gov/congressional-record/volume-161/senate-section/page/S1957</url>
          </link>
        </links>
        <sourceSystem>
          <name>Library of Congress</name>
          <code>9</code>
        </sourceSystem>
      </item>
      <item>
        <actionCode>10000</actionCode>
        <actionDate>2015-03-25</actionDate>
        <text>Introduced in Senate</text>
        <committee />
        <type>IntroReferral</type>
        <links />
        <sourceSystem>
          <name>Library of Congress</name>
          <code>9</code>
        </sourceSystem>
      </item>
    </actions>
    <notes />
    <latestAction>
      <actionDate>2015-03-25</actionDate>
      <links />
      <text>Submitted in the Senate, considered, and agreed to without amendment and with a preamble by Unanimous Consent. (consideration: CR S1957; text as passed Senate: CR S1895)</text>
    </latestAction>
    <introducedDate>2015-03-25</introducedDate>
    <sponsors>
      <item>
        <fullName>Sen. Sessions, Jeff [R-AL]</fullName>
        <firstName>Jeff</firstName>
        <byRequestType />
        <identifiers>
          <gpoId>8281</gpoId>
          <lisID>1548</lisID>
          <bioguideId>S001141</bioguideId>
        </identifiers>
        <middleName />
        <bioguideId>S001141</bioguideId>
        <party>R</party>
        <state>AL</state>
        <lastName>Sessions</lastName>
      </item>
    </sponsors>
    <subjects>
      <billSubjects>
        <legislativeSubjects>
          <item>
            <name>Birth defects</name>
          </item>
          <item>
            <name>Cardiovascular and respiratory health</name>
          </item>
          <item>
            <name>Child health</name>
          </item>
          <item>
            <name>Commemorative events and holidays</name>
          </item>
          <item>
            <name>Health promotion and preventive care</name>
          </item>
          <item>
            <name>Medical research</name>
          </item>
          <item>
            <name>Medical tests and diagnostic methods</name>
          </item>
          <item>
            <name>Research administration and funding</name>
          </item>
        </legislativeSubjects>
        <policyArea>
          <name>Health</name>
        </policyArea>
      </billSubjects>
    </subjects>
    <committeeReports />
    <amendments />
    <createDate>2015-03-26T06:37:01Z</createDate>
    <originChamber>Senate</originChamber>
    <titles>
      <item>
        <parentTitleType />
        <titleType>Official Title as Introduced</titleType>
        <title>A resolution designating April 2015 as "National Congenital Diaphragmatic Hernia Awareness Month".</title>
        <chamberCode />
        <chamberName />
      </item>
      <item>
        <parentTitleType />
        <titleType>Display Title</titleType>
        <title>A resolution designating April 2015 as "National Congenital Diaphragmatic Hernia Awareness Month".</title>
        <chamberCode />
        <chamberName />
      </item>
    </titles>
  </bill>
  <dublinCore xmlns:dc="http://purl.org/dc/elements/1.1/">
    <dc:format>text/xml</dc:format>
    <dc:language>EN</dc:language>
    <dc:rights>Pursuant to Title 17 Section 105 of the United States Code, this file is not subject to copyright protection and is in the public domain.</dc:rights>
    <dc:contributor>Congressional Research Service, Library of Congress</dc:contributor>
    <dc:description>This file contains bill summaries and statuses for federal legislation. A bill summary describes the most significant provisions of a piece of legislation and details the effects the legislative text may have on current law and federal programs. Bill summaries are authored by the Congressional Research Service (CRS) of the Library of Congress. As stated in Public Law 91-510 (2 USC 166 (d)(6)), one of the duties of CRS is "to prepare summaries and digests of bills and resolutions of a public general nature introduced in the Senate or House of Representatives". For more information, refer to the User Guide that accompanies this file.</dc:description>
  </dublinCore>
</billStatus>

