<?xml version="1.0" encoding="UTF-8"?>
<billStatus>
  <bill>
    <cboCostEstimates />
    <policyArea>
      <name>International Affairs</name>
    </policyArea>
    <notes />
    <committeeReports />
    <titles>
      <item>
        <chamberCode />
        <chamberName />
        <title>A resolution condemning the Government of Iran's state-sponsored persecution of its Baha'i minority and its continued violation of the International Covenants on Human Rights.</title>
        <parentTitleType />
        <titleType>Official Title as Introduced</titleType>
      </item>
      <item>
        <chamberCode />
        <chamberName />
        <title>A resolution condemning the Government of Iran's state-sponsored persecution of its Baha'i minority and its continued violation of the International Covenants on Human Rights.</title>
        <parentTitleType />
        <titleType>Display Title</titleType>
      </item>
    </titles>
    <summaries>
      <billSummaries>
        <item>
          <versionCode>00</versionCode>
          <actionDate>2015-04-23</actionDate>
          <text><![CDATA[<p>Condemns the government of Iran's state-sponsored persecution of its Baha'i minority and its continued violation of the International Covenants on Human Rights.</p> <p> Calls on the government of Iran to release the 7 imprisoned Baha'i leaders, the 12 imprisoned Baha'i educators, and all other prisoners held on account of their religion. </p> <p>Urges the President and the Secretary of State to utilize available authorities, including the Comprehensive Iran Sanctions, Accountability, and Divestment Act of 2010, to impose sanctions on officials of the government of Iran and other individuals directly responsible for serious human rights abuses, including abuses against the Baha'i community.</p>]]></text>
          <name>Introduced in Senate</name>
          <lastSummaryUpdateDate>2015-04-28T15:13:38Z</lastSummaryUpdateDate>
          <updateDate>2015-04-23T04:00:00Z</updateDate>
          <actionDesc>Introduced in Senate</actionDesc>
        </item>
        <item>
          <versionCode>80</versionCode>
          <actionDate>2015-10-08</actionDate>
          <text><![CDATA[<p>(This measure has not been amended since it was introduced. The summary has been expanded because action occurred on the measure.)</p> <p>Condemns the government of Iran's state-sponsored persecution of its Baha'i minority and its continued violation of the International Covenants on Human Rights.</p> <p> Calls on the government of Iran to release the 7 imprisoned Baha'i leaders, the 12 imprisoned Baha'i educators, and all other prisoners held solely on account of their religion. </p> <p> Calls on the President and Secretary of State, in cooperation with responsible nations, to condemn the government of Iran's continued violation of human rights and demand the release of prisoners held solely on account of their religion.</p> <p>Urges the President and the Secretary to utilize available authorities, including the Comprehensive Iran Sanctions, Accountability, and Divestment Act of 2010, to impose sanctions on officials of the government of Iran and other individuals directly responsible for serious human rights abuses, including abuses against the Baha'i community.</p>]]></text>
          <name>Reported to Senate without amendment</name>
          <lastSummaryUpdateDate>2015-10-13T15:55:18Z</lastSummaryUpdateDate>
          <updateDate>2015-10-08T12:54:29Z</updateDate>
          <actionDesc>Reported to Senate without amendment</actionDesc>
        </item>
        <item>
          <versionCode>35</versionCode>
          <actionDate>2015-12-17</actionDate>
          <text><![CDATA[<p>Condemns the government of Iran's state-sponsored persecution of its Baha'i minority and its continued violation of the International Covenants on Human Rights.</p> <p> Calls on the government of Iran to release the seven imprisoned Baha'i leaders, the nine imprisoned Baha'i educators, and all other prisoners held solely on account of their religion. </p> <p> Calls on the President and Secretary of State, in cooperation with responsible nations, to condemn the government of Iran's continued violation of human rights and demand the release of prisoners held solely on account of their religion.</p> <p>Urges the President and the Secretary to utilize available authorities, including the Comprehensive Iran Sanctions, Accountability, and Divestment Act of 2010, to impose sanctions on officials of the government of Iran and other individuals directly responsible for serious human rights abuses, including abuses against the Baha'i community of Iran.</p>]]></text>
          <name>Passed Senate amended</name>
          <lastSummaryUpdateDate>2016-01-04T17:54:50Z</lastSummaryUpdateDate>
          <updateDate>2015-12-17T13:23:06Z</updateDate>
          <actionDesc>Passed Senate amended</actionDesc>
        </item>
      </billSummaries>
    </summaries>
    <createDate>2015-04-24T09:19:22Z</createDate>
    <recordedVotes />
    <billNumber>148</billNumber>
    <introducedDate>2015-04-23</introducedDate>
    <relatedBills>
      <item>
        <latestTitle>Condemning the Government of Iran's state-sponsored persecution of its Baha'i minority and its continued violation of the International Covenants on Human Rights.</latestTitle>
        <latestAction>
          <text>Motion to reconsider laid on the table Agreed to without objection.</text>
          <actionTime>15:03:22</actionTime>
          <actionDate>2016-09-21</actionDate>
        </latestAction>
        <number>220</number>
        <relationshipDetails>
          <item>
            <identifiedBy>CRS</identifiedBy>
            <type>Identical bill</type>
          </item>
        </relationshipDetails>
        <type>HRES</type>
        <congress>114</congress>
      </item>
    </relatedBills>
    <updateDate>2016-11-02T23:13:01Z</updateDate>
    <committees>
      <billCommittees>
        <item>
          <activities>
            <item>
              <name>Reported by</name>
              <date>2015-10-08T19:54:32Z</date>
            </item>
            <item>
              <name>Markup by</name>
              <date>2015-10-08T14:08:34Z</date>
            </item>
            <item>
              <name>Referred to</name>
              <date>2015-04-23T18:50:20Z</date>
            </item>
          </activities>
          <name>Foreign Relations Committee</name>
          <subcommittees />
          <chamber>Senate</chamber>
          <type>Standing</type>
          <systemCode>ssfr00</systemCode>
        </item>
      </billCommittees>
    </committees>
    <congress>114</congress>
    <laws />
    <title>A resolution condemning the Government of Iran's state-sponsored persecution of its Baha'i minority and its continued violation of the International Covenants on Human Rights.</title>
    <calendarNumbers>
      <item>
        <calendar>Senate Calendar of Business</calendar>
        <number>0263</number>
      </item>
    </calendarNumbers>
    <sponsors>
      <item>
        <identifiers>
          <bioguideId>K000360</bioguideId>
          <lisID>1647</lisID>
          <gpoId>8285</gpoId>
        </identifiers>
        <byRequestType />
        <fullName>Sen. Kirk, Mark Steven [R-IL]</fullName>
        <firstName>MARK</firstName>
        <state>IL</state>
        <bioguideId>K000360</bioguideId>
        <middleName>STEVEN</middleName>
        <party>R</party>
        <lastName>KIRK</lastName>
      </item>
    </sponsors>
    <actions>
      <actionTypeCounts>
        <reportedToSenate>2</reportedToSenate>
        <orderedReported>1</orderedReported>
        <referredToCommittee>1</referredToCommittee>
        <placedOnCalendarGeneralOrders>1</placedOnCalendarGeneralOrders>
        <introducedInSenate>1</introducedInSenate>
        <passedAgreedToInSenate>1</passedAgreedToInSenate>
        <measureLaidBeforeSenate>1</measureLaidBeforeSenate>
        <agreedToInSenate>1</agreedToInSenate>
      </actionTypeCounts>
      <actionByCounts>
        <senate>9</senate>
      </actionByCounts>
      <item>
        <actionDate>2015-12-17</actionDate>
        <committee />
        <links>
          <link>
            <url>https://www.congress.gov/congressional-record/volume-161/senate-section/page/S8831</url>
            <name>S8831</name>
          </link>
        </links>
        <sourceSystem>
          <name>Senate</name>
          <code>0</code>
        </sourceSystem>
        <text>Resolution agreed to in Senate with an amendment and an amended preamble by Unanimous Consent. (text: CR S8831)</text>
        <type>Floor</type>
      </item>
      <item>
        <text>Passed/agreed to in Senate: Resolution agreed to in Senate with an amendment and an amended preamble by Unanimous Consent.(text: CR S8831)</text>
        <sourceSystem>
          <name>Library of Congress</name>
          <code>9</code>
        </sourceSystem>
        <committee />
        <type>Floor</type>
        <links>
          <link>
            <url>https://www.congress.gov/congressional-record/volume-161/senate-section/page/S8831</url>
            <name>S8831</name>
          </link>
        </links>
        <actionCode>17000</actionCode>
        <actionDate>2015-12-17</actionDate>
      </item>
      <item>
        <actionDate>2015-12-17</actionDate>
        <committee />
        <links>
          <link>
            <url>https://www.congress.gov/congressional-record/volume-161/senate-section/page/S8831</url>
            <name>S8831</name>
          </link>
        </links>
        <sourceSystem>
          <name>Senate</name>
          <code>0</code>
        </sourceSystem>
        <text>Measure laid before Senate by unanimous consent. (consideration: CR S8831)</text>
        <type>Floor</type>
      </item>
      <item>
        <actionDate>2015-10-08</actionDate>
        <committee />
        <links />
        <sourceSystem>
          <name>Senate</name>
          <code>0</code>
        </sourceSystem>
        <text>Placed on Senate Legislative Calendar under General Orders. Calendar No. 263.</text>
        <type>Calendars</type>
      </item>
      <item>
        <actionDate>2015-10-08</actionDate>
        <committee>
          <name>Foreign Relations Committee</name>
          <systemCode>ssfr00</systemCode>
        </committee>
        <links />
        <sourceSystem>
          <name>Senate</name>
          <code>0</code>
        </sourceSystem>
        <text>Committee on Foreign Relations. Reported by Senator Corker without amendment and with a preamble. Without written report.</text>
        <type>Committee</type>
      </item>
      <item>
        <text>Committee on Foreign Relations. Reported by Senator Corker without amendment and with a preamble. Without written report.</text>
        <sourceSystem>
          <name>Library of Congress</name>
          <code>9</code>
        </sourceSystem>
        <committee>
          <name>Foreign Relations Committee</name>
          <systemCode>ssfr00</systemCode>
        </committee>
        <type>Committee</type>
        <links />
        <actionCode>14000</actionCode>
        <actionDate>2015-10-08</actionDate>
      </item>
      <item>
        <actionDate>2015-10-08</actionDate>
        <committee>
          <name>Foreign Relations Committee</name>
          <systemCode>ssfr00</systemCode>
        </committee>
        <links />
        <sourceSystem>
          <name>Senate</name>
          <code>0</code>
        </sourceSystem>
        <text>Committee on Foreign Relations. Ordered to be reported without amendment favorably.</text>
        <type>Committee</type>
      </item>
      <item>
        <actionDate>2015-04-23</actionDate>
        <committee>
          <name>Foreign Relations Committee</name>
          <systemCode>ssfr00</systemCode>
        </committee>
        <links>
          <link>
            <url>https://www.congress.gov/congressional-record/volume-161/senate-section/page/S2405</url>
            <name>S2405</name>
          </link>
        </links>
        <sourceSystem>
          <name>Senate</name>
          <code>0</code>
        </sourceSystem>
        <text>Referred to the Committee on Foreign Relations. (text of measure as introduced: CR S2405)</text>
        <type>IntroReferral</type>
      </item>
      <item>
        <text>Introduced in Senate</text>
        <sourceSystem>
          <name>Library of Congress</name>
          <code>9</code>
        </sourceSystem>
        <committee />
        <type>IntroReferral</type>
        <links />
        <actionCode>10000</actionCode>
        <actionDate>2015-04-23</actionDate>
      </item>
    </actions>
    <amendments>
      <amendment>
        <latestAction>
          <actionDate>2015-12-17</actionDate>
          <text>Amendment SA 2935 agreed to in Senate by Unanimous Consent.</text>
        </latestAction>
        <congress>114</congress>
        <purpose>To make technical corrections.</purpose>
        <description />
        <type>SAMDT</type>
        <number>2935</number>
        <sponsors>
          <item>
            <fullName>Sen. Kirk, Mark Steven [R-IL]</fullName>
            <firstName>MARK</firstName>
            <lastName>KIRK</lastName>
            <state>IL</state>
            <party>R</party>
            <bioguideId>K000360</bioguideId>
            <middleName>STEVEN</middleName>
          </item>
        </sponsors>
        <congress>114</congress>
        <purpose>To make technical corrections.</purpose>
        <number>2935</number>
        <chamber>Senate</chamber>
        <updateDate>2016-11-02T19:12:59Z</updateDate>
        <actions>
          <count>6</count>
          <actions>
            <item>
              <actionDate>2015-12-17</actionDate>
              <committee />
              <links>
                <link>
                  <url>https://www.congress.gov/amendment/114th-congress/senate-amendment/2935</url>
                  <name>S.Amdt.2935</name>
                </link>
                <link>
                  <url>https://www.congress.gov/amendment/114th-congress/senate-amendment/2935</url>
                  <name>SA 2935</name>
                </link>
              </links>
              <sourceSystem>
                <code>0</code>
                <name>Senate</name>
              </sourceSystem>
              <text>Amendment SA 2935 agreed to in Senate by Unanimous Consent.</text>
              <type>Floor</type>
            </item>
            <item>
              <actionDate>2015-12-17</actionDate>
              <committee />
              <links>
                <link>
                  <url>https://www.congress.gov/amendment/114th-congress/senate-amendment/2935</url>
                  <name>S.Amdt.2935</name>
                </link>
                <link>
                  <url>https://www.congress.gov/congressional-record/volume-161/senate-section/page/S8831</url>
                  <name>S8831</name>
                </link>
                <link>
                  <url>https://www.congress.gov/amendment/114th-congress/senate-amendment/2935</url>
                  <name>SA 2935</name>
                </link>
              </links>
              <sourceSystem>
                <code>0</code>
                <name>Senate</name>
              </sourceSystem>
              <text>Amendment SA 2935 proposed by Senator McConnell for Senator Kirk. (consideration: CR S8831; text: CR S8831)</text>
              <type>Floor</type>
            </item>
            <item>
              <actionDate>2015-12-17</actionDate>
              <committee />
              <links />
              <text />
            </item>
            <item>
              <sourceSystem>
                <code>9</code>
                <name>Library of Congress</name>
              </sourceSystem>
              <actionDate>2015-12-17</actionDate>
              <links>
                <link>
                  <url>https://www.congress.gov/amendment/114th-congress/senate-amendment/2935</url>
                  <name>S.Amdt.2935</name>
                </link>
                <link>
                  <url>https://www.congress.gov/congressional-record/volume-161/senate-section/page/S8831</url>
                  <name>S8831</name>
                </link>
                <link>
                  <url>https://www.congress.gov/amendment/114th-congress/senate-amendment/2935</url>
                  <name>SA 2935</name>
                </link>
              </links>
              <committee />
              <text>Senate amendment proposed (on the floor): Amendment SA 2935 proposed by Senator McConnell for Senator Kirk.</text>
              <type>Floor</type>
              <actionCode>93000</actionCode>
            </item>
            <item>
              <sourceSystem>
                <code>9</code>
                <name>Library of Congress</name>
              </sourceSystem>
              <actionDate>2015-12-17</actionDate>
              <links>
                <link>
                  <url>https://www.congress.gov/amendment/114th-congress/senate-amendment/2935</url>
                  <name>S.Amdt.2935</name>
                </link>
                <link>
                  <url>https://www.congress.gov/amendment/114th-congress/senate-amendment/2935</url>
                  <name>SA 2935</name>
                </link>
              </links>
              <committee />
              <text>Senate amendment agreed to: Amendment SA 2935 agreed to in Senate by Unanimous Consent.</text>
              <type>Floor</type>
              <actionCode>94000</actionCode>
            </item>
            <item>
              <sourceSystem>
                <code>9</code>
                <name>Library of Congress</name>
              </sourceSystem>
              <actionDate>2015-12-17</actionDate>
              <links />
              <committee />
              <text>Senate amendment submitted</text>
              <type>Floor</type>
              <actionCode>91000</actionCode>
            </item>
          </actions>
          <actionTypeCounts>
            <senateAmendmentProposedOnTheFloor>1</senateAmendmentProposedOnTheFloor>
            <senateAmendmentAgreedTo>1</senateAmendmentAgreedTo>
            <senateAmendmentSubmitted>1</senateAmendmentSubmitted>
            <amendmentProposed>1</amendmentProposed>
            <amendmentAgreedTo>1</amendmentAgreedTo>
          </actionTypeCounts>
          <actionByCounts>
            <senate>5</senate>
          </actionByCounts>
        </actions>
        <amendedAmendment />
        <cosponsors>
          <totalCount>0</totalCount>
          <currentCount>0</currentCount>
        </cosponsors>
        <notes />
        <description />
        <proposedDate>2015-12-17T05:00:00Z</proposedDate>
        <submittedDate>2015-12-17T05:00:00Z</submittedDate>
        <amendments>
          <count>0</count>
        </amendments>
        <amendedBill>
          <title>A resolution condemning the Government of Iran's state-sponsored persecution of its Baha'i minority and its continued violation of the International Covenants on Human Rights.</title>
          <number>148</number>
          <congress>114</congress>
          <originChamberCode>S</originChamberCode>
          <type>SRES</type>
          <originChamber>Senate</originChamber>
        </amendedBill>
        <links />
        <createDate>2015-12-18T10:08:24Z</createDate>
        <type>SAMDT</type>
        <titles />
      </amendment>
      <amendment>
        <latestAction>
          <actionDate>2015-12-17</actionDate>
          <text>Amendment SA 2934 agreed to in Senate by Unanimous Consent.</text>
        </latestAction>
        <congress>114</congress>
        <purpose>To make a technical correction.</purpose>
        <description />
        <type>SAMDT</type>
        <number>2934</number>
        <cosponsors>
          <currentCount>0</currentCount>
          <totalCount>0</totalCount>
        </cosponsors>
        <chamber>Senate</chamber>
        <congress>114</congress>
        <type>SAMDT</type>
        <amendments>
          <count>0</count>
        </amendments>
        <actions>
          <actions>
            <item>
              <actionDate>2015-12-17</actionDate>
              <committee />
              <links>
                <link>
                  <url>https://www.congress.gov/amendment/114th-congress/senate-amendment/2934</url>
                  <name>S.Amdt.2934</name>
                </link>
                <link>
                  <url>https://www.congress.gov/amendment/114th-congress/senate-amendment/2934</url>
                  <name>SA 2934</name>
                </link>
              </links>
              <sourceSystem>
                <code>0</code>
                <name>Senate</name>
              </sourceSystem>
              <text>Amendment SA 2934 agreed to in Senate by Unanimous Consent.</text>
              <type>Floor</type>
            </item>
            <item>
              <actionDate>2015-12-17</actionDate>
              <committee />
              <links>
                <link>
                  <url>https://www.congress.gov/amendment/114th-congress/senate-amendment/2934</url>
                  <name>S.Amdt.2934</name>
                </link>
                <link>
                  <url>https://www.congress.gov/congressional-record/volume-161/senate-section/page/S8831</url>
                  <name>S8831</name>
                </link>
                <link>
                  <url>https://www.congress.gov/amendment/114th-congress/senate-amendment/2934</url>
                  <name>SA 2934</name>
                </link>
              </links>
              <sourceSystem>
                <code>0</code>
                <name>Senate</name>
              </sourceSystem>
              <text>Amendment SA 2934 proposed by Senator McConnell for Senator Kirk. (consideration: CR S8831; text: CR S8831)</text>
              <type>Floor</type>
            </item>
            <item>
              <actionDate>2015-12-17</actionDate>
              <committee />
              <links />
              <text />
            </item>
            <item>
              <sourceSystem>
                <code>9</code>
                <name>Library of Congress</name>
              </sourceSystem>
              <actionDate>2015-12-17</actionDate>
              <links>
                <link>
                  <url>https://www.congress.gov/amendment/114th-congress/senate-amendment/2934</url>
                  <name>S.Amdt.2934</name>
                </link>
                <link>
                  <url>https://www.congress.gov/amendment/114th-congress/senate-amendment/2934</url>
                  <name>SA 2934</name>
                </link>
              </links>
              <committee />
              <text>Senate amendment agreed to: Amendment SA 2934 agreed to in Senate by Unanimous Consent.</text>
              <type>Floor</type>
              <actionCode>94000</actionCode>
            </item>
            <item>
              <sourceSystem>
                <code>9</code>
                <name>Library of Congress</name>
              </sourceSystem>
              <actionDate>2015-12-17</actionDate>
              <links>
                <link>
                  <url>https://www.congress.gov/amendment/114th-congress/senate-amendment/2934</url>
                  <name>S.Amdt.2934</name>
                </link>
                <link>
                  <url>https://www.congress.gov/congressional-record/volume-161/senate-section/page/S8831</url>
                  <name>S8831</name>
                </link>
                <link>
                  <url>https://www.congress.gov/amendment/114th-congress/senate-amendment/2934</url>
                  <name>SA 2934</name>
                </link>
              </links>
              <committee />
              <text>Senate amendment proposed (on the floor): Amendment SA 2934 proposed by Senator McConnell for Senator Kirk.</text>
              <type>Floor</type>
              <actionCode>93000</actionCode>
            </item>
            <item>
              <sourceSystem>
                <code>9</code>
                <name>Library of Congress</name>
              </sourceSystem>
              <actionDate>2015-12-17</actionDate>
              <links />
              <committee />
              <text>Senate amendment submitted</text>
              <type>Floor</type>
              <actionCode>91000</actionCode>
            </item>
          </actions>
          <actionTypeCounts>
            <senateAmendmentProposedOnTheFloor>1</senateAmendmentProposedOnTheFloor>
            <senateAmendmentAgreedTo>1</senateAmendmentAgreedTo>
            <senateAmendmentSubmitted>1</senateAmendmentSubmitted>
            <amendmentProposed>1</amendmentProposed>
            <amendmentAgreedTo>1</amendmentAgreedTo>
          </actionTypeCounts>
          <actionByCounts>
            <senate>5</senate>
          </actionByCounts>
          <count>6</count>
        </actions>
        <amendedAmendment />
        <proposedDate>2015-12-17T05:00:00Z</proposedDate>
        <links />
        <updateDate>2016-11-02T19:12:59Z</updateDate>
        <purpose>To make a technical correction.</purpose>
        <submittedDate>2015-12-17T05:00:00Z</submittedDate>
        <sponsors>
          <item>
            <fullName>Sen. Kirk, Mark Steven [R-IL]</fullName>
            <firstName>MARK</firstName>
            <lastName>KIRK</lastName>
            <state>IL</state>
            <middleName>STEVEN</middleName>
            <party>R</party>
            <bioguideId>K000360</bioguideId>
          </item>
        </sponsors>
        <createDate>2015-12-18T10:08:24Z</createDate>
        <titles />
        <number>2934</number>
        <amendedBill>
          <originChamberCode>S</originChamberCode>
          <type>SRES</type>
          <number>148</number>
          <congress>114</congress>
          <title>A resolution condemning the Government of Iran's state-sponsored persecution of its Baha'i minority and its continued violation of the International Covenants on Human Rights.</title>
          <originChamber>Senate</originChamber>
        </amendedBill>
        <notes />
        <description />
      </amendment>
    </amendments>
    <originChamber>Senate</originChamber>
    <latestAction>
      <text>Resolution agreed to in Senate with an amendment and an amended preamble by Unanimous Consent. (text: CR S8831)</text>
      <actionDate>2015-12-17</actionDate>
      <links />
    </latestAction>
    <subjects>
      <billSubjects>
        <legislativeSubjects>
          <item>
            <name>Detention of persons</name>
          </item>
          <item>
            <name>Human rights</name>
          </item>
          <item>
            <name>Iran</name>
          </item>
          <item>
            <name>Middle East</name>
          </item>
          <item>
            <name>Religion</name>
          </item>
          <item>
            <name>Sanctions</name>
          </item>
        </legislativeSubjects>
        <policyArea>
          <name>International Affairs</name>
        </policyArea>
      </billSubjects>
    </subjects>
    <cosponsors>
      <item>
        <firstName>RON</firstName>
        <isOriginalCosponsor>True</isOriginalCosponsor>
        <fullName>Sen. Wyden, Ron [D-OR]</fullName>
        <identifiers>
          <bioguideId>W000779</bioguideId>
          <lisID>1247</lisID>
          <gpoId>8265</gpoId>
        </identifiers>
        <middleName />
        <sponsorshipWithdrawnDate />
        <sponsorshipDate>2015-04-23</sponsorshipDate>
        <party>D</party>
        <bioguideId>W000779</bioguideId>
        <state>OR</state>
        <lastName>WYDEN</lastName>
      </item>
      <item>
        <firstName>RICHARD</firstName>
        <isOriginalCosponsor>True</isOriginalCosponsor>
        <fullName>Sen. Durbin, Richard [D-IL]</fullName>
        <identifiers>
          <gpoId>8326</gpoId>
          <lisID>326</lisID>
          <bioguideId>D000563</bioguideId>
        </identifiers>
        <middleName>J.</middleName>
        <sponsorshipWithdrawnDate />
        <sponsorshipDate>2015-04-23</sponsorshipDate>
        <party>D</party>
        <bioguideId>D000563</bioguideId>
        <state>IL</state>
        <lastName>DURBIN</lastName>
      </item>
      <item>
        <firstName>Marco</firstName>
        <isOriginalCosponsor>True</isOriginalCosponsor>
        <fullName>Sen. Rubio, Marco [R-FL]</fullName>
        <identifiers>
          <bioguideId>R000595</bioguideId>
          <gpoId>8242</gpoId>
          <lisID>2084</lisID>
        </identifiers>
        <middleName />
        <sponsorshipWithdrawnDate />
        <sponsorshipDate>2015-04-23</sponsorshipDate>
        <party>R</party>
        <bioguideId>R000595</bioguideId>
        <state>FL</state>
        <lastName>Rubio</lastName>
      </item>
      <item>
        <firstName>PATRICK</firstName>
        <isOriginalCosponsor>False</isOriginalCosponsor>
        <fullName>Sen. Leahy, Patrick J. [D-VT]</fullName>
        <identifiers>
          <lisID>1383</lisID>
          <bioguideId>L000174</bioguideId>
          <gpoId>8244</gpoId>
        </identifiers>
        <middleName>JOSEPH</middleName>
        <sponsorshipWithdrawnDate />
        <sponsorshipDate>2015-05-12</sponsorshipDate>
        <party>D</party>
        <bioguideId>L000174</bioguideId>
        <state>VT</state>
        <lastName>LEAHY</lastName>
      </item>
      <item>
        <firstName>TAMMY</firstName>
        <isOriginalCosponsor>False</isOriginalCosponsor>
        <fullName>Sen. Baldwin, Tammy [D-WI]</fullName>
        <identifiers>
          <bioguideId>B001230</bioguideId>
          <gpoId>8215</gpoId>
          <lisID>1558</lisID>
        </identifiers>
        <middleName />
        <sponsorshipWithdrawnDate />
        <sponsorshipDate>2015-05-12</sponsorshipDate>
        <party>D</party>
        <bioguideId>B001230</bioguideId>
        <state>WI</state>
        <lastName>BALDWIN</lastName>
      </item>
      <item>
        <firstName>Roy</firstName>
        <isOriginalCosponsor>False</isOriginalCosponsor>
        <fullName>Sen. Blunt, Roy [R-MO]</fullName>
        <identifiers>
          <lisID>1464</lisID>
          <bioguideId>B000575</bioguideId>
          <gpoId>8313</gpoId>
        </identifiers>
        <middleName />
        <sponsorshipWithdrawnDate />
        <sponsorshipDate>2015-05-14</sponsorshipDate>
        <party>R</party>
        <bioguideId>B000575</bioguideId>
        <state>MO</state>
        <lastName>Blunt</lastName>
      </item>
      <item>
        <firstName>BARBARA</firstName>
        <isOriginalCosponsor>False</isOriginalCosponsor>
        <fullName>Sen. Boxer, Barbara [D-CA]</fullName>
        <identifiers>
          <bioguideId>B000711</bioguideId>
          <gpoId>8306</gpoId>
          <lisID>116</lisID>
        </identifiers>
        <middleName />
        <sponsorshipWithdrawnDate />
        <sponsorshipDate>2015-05-14</sponsorshipDate>
        <party>D</party>
        <bioguideId>B000711</bioguideId>
        <state>CA</state>
        <lastName>BOXER</lastName>
      </item>
      <item>
        <firstName>Jeanne</firstName>
        <isOriginalCosponsor>False</isOriginalCosponsor>
        <fullName>Sen. Shaheen, Jeanne [D-NH]</fullName>
        <identifiers>
          <lisID>1901</lisID>
          <bioguideId>S001181</bioguideId>
          <gpoId>8276</gpoId>
        </identifiers>
        <middleName />
        <sponsorshipWithdrawnDate />
        <sponsorshipDate>2015-05-19</sponsorshipDate>
        <party>D</party>
        <bioguideId>S001181</bioguideId>
        <state>NH</state>
        <lastName>Shaheen</lastName>
      </item>
      <item>
        <firstName>John</firstName>
        <isOriginalCosponsor>False</isOriginalCosponsor>
        <fullName>Sen. Boozman, John [R-AR]</fullName>
        <identifiers>
          <gpoId>8247</gpoId>
          <lisID>1687</lisID>
          <bioguideId>B001236</bioguideId>
        </identifiers>
        <middleName />
        <sponsorshipWithdrawnDate />
        <sponsorshipDate>2015-05-20</sponsorshipDate>
        <party>R</party>
        <bioguideId>B001236</bioguideId>
        <state>AR</state>
        <lastName>Boozman</lastName>
      </item>
      <item>
        <firstName>Gary</firstName>
        <isOriginalCosponsor>False</isOriginalCosponsor>
        <fullName>Sen. Peters, Gary C. [D-MI]</fullName>
        <identifiers>
          <lisID>1929</lisID>
          <gpoId>7994</gpoId>
          <bioguideId>P000595</bioguideId>
        </identifiers>
        <middleName>C.</middleName>
        <sponsorshipWithdrawnDate />
        <sponsorshipDate>2015-06-01</sponsorshipDate>
        <party>D</party>
        <bioguideId>P000595</bioguideId>
        <state>MI</state>
        <lastName>Peters</lastName>
      </item>
      <item>
        <firstName>Lisa</firstName>
        <isOriginalCosponsor>False</isOriginalCosponsor>
        <fullName>Sen. Murkowski, Lisa [R-AK]</fullName>
        <identifiers>
          <bioguideId>M001153</bioguideId>
          <gpoId>8234</gpoId>
          <lisID>1694</lisID>
        </identifiers>
        <middleName />
        <sponsorshipWithdrawnDate />
        <sponsorshipDate>2015-07-07</sponsorshipDate>
        <party>R</party>
        <bioguideId>M001153</bioguideId>
        <state>AK</state>
        <lastName>Murkowski</lastName>
      </item>
      <item>
        <firstName>James</firstName>
        <isOriginalCosponsor>False</isOriginalCosponsor>
        <fullName>Sen. Lankford, James [R-OK]</fullName>
        <identifiers>
          <bioguideId>L000575</bioguideId>
          <lisID>2050</lisID>
          <gpoId>8113</gpoId>
        </identifiers>
        <middleName />
        <sponsorshipWithdrawnDate />
        <sponsorshipDate>2015-07-16</sponsorshipDate>
        <party>R</party>
        <bioguideId>L000575</bioguideId>
        <state>OK</state>
        <lastName>Lankford</lastName>
      </item>
      <item>
        <firstName>SUSAN</firstName>
        <isOriginalCosponsor>False</isOriginalCosponsor>
        <fullName>Sen. Collins, Susan M. [R-ME]</fullName>
        <identifiers>
          <lisID>1541</lisID>
          <gpoId>8291</gpoId>
          <bioguideId>C001035</bioguideId>
        </identifiers>
        <middleName>MARGARET</middleName>
        <sponsorshipWithdrawnDate />
        <sponsorshipDate>2015-08-04</sponsorshipDate>
        <party>R</party>
        <bioguideId>C001035</bioguideId>
        <state>ME</state>
        <lastName>COLLINS</lastName>
      </item>
      <item>
        <firstName>ROBERT</firstName>
        <isOriginalCosponsor>False</isOriginalCosponsor>
        <fullName>Sen. Menendez, Robert [D-NJ]</fullName>
        <identifiers>
          <gpoId>8239</gpoId>
          <lisID>791</lisID>
          <bioguideId>M000639</bioguideId>
        </identifiers>
        <middleName />
        <sponsorshipWithdrawnDate />
        <sponsorshipDate>2015-08-05</sponsorshipDate>
        <party>D</party>
        <bioguideId>M000639</bioguideId>
        <state>NJ</state>
        <lastName>MENENDEZ</lastName>
      </item>
      <item>
        <firstName>Deb</firstName>
        <isOriginalCosponsor>False</isOriginalCosponsor>
        <fullName>Sen. Fischer, Deb [R-NE]</fullName>
        <identifiers>
          <bioguideId>F000463</bioguideId>
          <gpoId />
          <lisID>2179</lisID>
        </identifiers>
        <middleName />
        <sponsorshipWithdrawnDate />
        <sponsorshipDate>2015-10-05</sponsorshipDate>
        <party>R</party>
        <bioguideId>F000463</bioguideId>
        <state>NE</state>
        <lastName>Fischer</lastName>
      </item>
      <item>
        <firstName>Sheldon</firstName>
        <isOriginalCosponsor>False</isOriginalCosponsor>
        <fullName>Sen. Whitehouse, Sheldon [D-RI]</fullName>
        <identifiers>
          <lisID>1823</lisID>
          <gpoId>8264</gpoId>
          <bioguideId>W000802</bioguideId>
        </identifiers>
        <middleName />
        <sponsorshipWithdrawnDate />
        <sponsorshipDate>2015-10-06</sponsorshipDate>
        <party>D</party>
        <bioguideId>W000802</bioguideId>
        <state>RI</state>
        <lastName>Whitehouse</lastName>
      </item>
      <item>
        <firstName>Elizabeth</firstName>
        <isOriginalCosponsor>False</isOriginalCosponsor>
        <fullName>Sen. Warren, Elizabeth [D-MA]</fullName>
        <identifiers>
          <lisID>2182</lisID>
          <bioguideId>W000817</bioguideId>
          <gpoId />
        </identifiers>
        <middleName>A.</middleName>
        <sponsorshipWithdrawnDate />
        <sponsorshipDate>2015-10-06</sponsorshipDate>
        <party>D</party>
        <bioguideId>W000817</bioguideId>
        <state>MA</state>
        <lastName>Warren</lastName>
      </item>
      <item>
        <firstName>Kelly</firstName>
        <isOriginalCosponsor>False</isOriginalCosponsor>
        <fullName>Sen. Ayotte, Kelly [R-NH]</fullName>
        <identifiers>
          <lisID>2075</lisID>
          <bioguideId>A000368</bioguideId>
          <gpoId>8315</gpoId>
        </identifiers>
        <middleName />
        <sponsorshipWithdrawnDate />
        <sponsorshipDate>2015-10-08</sponsorshipDate>
        <party>R</party>
        <bioguideId>A000368</bioguideId>
        <state>NH</state>
        <lastName>Ayotte</lastName>
      </item>
      <item>
        <firstName>Christopher</firstName>
        <isOriginalCosponsor>False</isOriginalCosponsor>
        <fullName>Sen. Coons, Christopher A. [D-DE]</fullName>
        <identifiers>
          <bioguideId>C001088</bioguideId>
          <lisID>1984</lisID>
          <gpoId>8297</gpoId>
        </identifiers>
        <middleName>A.</middleName>
        <sponsorshipWithdrawnDate />
        <sponsorshipDate>2015-10-08</sponsorshipDate>
        <party>D</party>
        <bioguideId>C001088</bioguideId>
        <state>DE</state>
        <lastName>Coons</lastName>
      </item>
      <item>
        <firstName>ORRIN</firstName>
        <isOriginalCosponsor>False</isOriginalCosponsor>
        <fullName>Sen. Hatch, Orrin G. [R-UT]</fullName>
        <identifiers>
          <lisID>1351</lisID>
          <gpoId>8314</gpoId>
          <bioguideId>H000338</bioguideId>
        </identifiers>
        <middleName>GRANT</middleName>
        <sponsorshipWithdrawnDate />
        <sponsorshipDate>2015-10-08</sponsorshipDate>
        <party>R</party>
        <bioguideId>H000338</bioguideId>
        <state>UT</state>
        <lastName>HATCH</lastName>
      </item>
      <item>
        <firstName>BENJAMIN</firstName>
        <isOriginalCosponsor>False</isOriginalCosponsor>
        <fullName>Sen. Cardin, Benjamin L. [D-MD]</fullName>
        <identifiers>
          <lisID>174</lisID>
          <bioguideId>C000141</bioguideId>
          <gpoId>8287</gpoId>
        </identifiers>
        <middleName>L.</middleName>
        <sponsorshipWithdrawnDate />
        <sponsorshipDate>2015-10-08</sponsorshipDate>
        <party>D</party>
        <bioguideId>C000141</bioguideId>
        <state>MD</state>
        <lastName>CARDIN</lastName>
      </item>
      <item>
        <firstName>JIM</firstName>
        <isOriginalCosponsor>False</isOriginalCosponsor>
        <fullName>Sen. Inhofe, James M. [R-OK]</fullName>
        <identifiers>
          <gpoId>8322</gpoId>
          <lisID>583</lisID>
          <bioguideId>I000024</bioguideId>
        </identifiers>
        <middleName />
        <sponsorshipWithdrawnDate />
        <sponsorshipDate>2015-10-21</sponsorshipDate>
        <party>R</party>
        <bioguideId>I000024</bioguideId>
        <state>OK</state>
        <lastName>INHOFE</lastName>
      </item>
      <item>
        <firstName>Bill</firstName>
        <isOriginalCosponsor>False</isOriginalCosponsor>
        <fullName>Sen. Cassidy, Bill [R-LA]</fullName>
        <identifiers>
          <gpoId>7964</gpoId>
          <lisID>1925</lisID>
          <bioguideId>C001075</bioguideId>
        </identifiers>
        <middleName />
        <sponsorshipWithdrawnDate />
        <sponsorshipDate>2015-10-21</sponsorshipDate>
        <party>R</party>
        <bioguideId>C001075</bioguideId>
        <state>LA</state>
        <lastName>Cassidy</lastName>
      </item>
      <item>
        <firstName>ROB</firstName>
        <isOriginalCosponsor>False</isOriginalCosponsor>
        <fullName>Sen. Portman, Rob [R-OH]</fullName>
        <identifiers>
          <lisID>924</lisID>
          <bioguideId>P000449</bioguideId>
          <gpoId>8266</gpoId>
        </identifiers>
        <middleName />
        <sponsorshipWithdrawnDate />
        <sponsorshipDate>2015-11-04</sponsorshipDate>
        <party>R</party>
        <bioguideId>P000449</bioguideId>
        <state>OH</state>
        <lastName>PORTMAN</lastName>
      </item>
      <item>
        <firstName>Jeff</firstName>
        <isOriginalCosponsor>False</isOriginalCosponsor>
        <fullName>Sen. Merkley, Jeff [D-OR]</fullName>
        <identifiers>
          <bioguideId>M001176</bioguideId>
          <gpoId>8238</gpoId>
          <lisID>1900</lisID>
        </identifiers>
        <middleName />
        <sponsorshipWithdrawnDate />
        <sponsorshipDate>2015-11-17</sponsorshipDate>
        <party>D</party>
        <bioguideId>M001176</bioguideId>
        <state>OR</state>
        <lastName>Merkley</lastName>
      </item>
      <item>
        <firstName>Richard</firstName>
        <isOriginalCosponsor>False</isOriginalCosponsor>
        <fullName>Sen. Blumenthal, Richard [D-CT]</fullName>
        <identifiers>
          <lisID>2076</lisID>
          <bioguideId>B001277</bioguideId>
          <gpoId>8332</gpoId>
        </identifiers>
        <middleName />
        <sponsorshipWithdrawnDate />
        <sponsorshipDate>2015-11-17</sponsorshipDate>
        <party>D</party>
        <bioguideId>B001277</bioguideId>
        <state>CT</state>
        <lastName>Blumenthal</lastName>
      </item>
      <item>
        <firstName>Christopher</firstName>
        <isOriginalCosponsor>False</isOriginalCosponsor>
        <fullName>Sen. Murphy, Christopher S. [D-CT]</fullName>
        <identifiers>
          <lisID>1837</lisID>
          <gpoId>7870</gpoId>
          <bioguideId>M001169</bioguideId>
        </identifiers>
        <middleName>S.</middleName>
        <sponsorshipWithdrawnDate />
        <sponsorshipDate>2015-11-18</sponsorshipDate>
        <party>D</party>
        <bioguideId>M001169</bioguideId>
        <state>CT</state>
        <lastName>Murphy</lastName>
      </item>
      <item>
        <firstName>Timothy</firstName>
        <isOriginalCosponsor>False</isOriginalCosponsor>
        <fullName>Sen. Kaine, Tim [D-VA]</fullName>
        <identifiers>
          <lisID>2176</lisID>
          <gpoId />
          <bioguideId>K000384</bioguideId>
        </identifiers>
        <middleName />
        <sponsorshipWithdrawnDate />
        <sponsorshipDate>2015-11-30</sponsorshipDate>
        <party>D</party>
        <bioguideId>K000384</bioguideId>
        <state>VA</state>
        <lastName>Kaine</lastName>
      </item>
      <item>
        <firstName>Mazie</firstName>
        <isOriginalCosponsor>False</isOriginalCosponsor>
        <fullName>Sen. Hirono, Mazie K. [D-HI]</fullName>
        <identifiers>
          <lisID>1844</lisID>
          <bioguideId>H001042</bioguideId>
          <gpoId>7913</gpoId>
        </identifiers>
        <middleName>K.</middleName>
        <sponsorshipWithdrawnDate />
        <sponsorshipDate>2015-11-30</sponsorshipDate>
        <party>D</party>
        <bioguideId>H001042</bioguideId>
        <state>HI</state>
        <lastName>Hirono</lastName>
      </item>
      <item>
        <firstName>Martin</firstName>
        <isOriginalCosponsor>False</isOriginalCosponsor>
        <fullName>Sen. Heinrich, Martin [D-NM]</fullName>
        <identifiers>
          <bioguideId>H001046</bioguideId>
          <gpoId>8056</gpoId>
          <lisID>1937</lisID>
        </identifiers>
        <middleName />
        <sponsorshipWithdrawnDate />
        <sponsorshipDate>2015-11-30</sponsorshipDate>
        <party>D</party>
        <bioguideId>H001046</bioguideId>
        <state>NM</state>
        <lastName>Heinrich</lastName>
      </item>
      <item>
        <firstName>EDWARD</firstName>
        <isOriginalCosponsor>False</isOriginalCosponsor>
        <fullName>Sen. Markey, Edward J. [D-MA]</fullName>
        <identifiers>
          <lisID>735</lisID>
          <gpoId>7972</gpoId>
          <bioguideId>M000133</bioguideId>
        </identifiers>
        <middleName>J.</middleName>
        <sponsorshipWithdrawnDate />
        <sponsorshipDate>2015-11-30</sponsorshipDate>
        <party>D</party>
        <bioguideId>M000133</bioguideId>
        <state>MA</state>
        <lastName>MARKEY</lastName>
      </item>
      <item>
        <firstName>Bob</firstName>
        <isOriginalCosponsor>False</isOriginalCosponsor>
        <fullName>Sen. Casey, Robert P., Jr. [D-PA]</fullName>
        <identifiers>
          <bioguideId>C001070</bioguideId>
          <lisID>1828</lisID>
          <gpoId>8282</gpoId>
        </identifiers>
        <middleName />
        <sponsorshipWithdrawnDate />
        <sponsorshipDate>2015-12-01</sponsorshipDate>
        <party>D</party>
        <bioguideId>C001070</bioguideId>
        <state>PA</state>
        <lastName>Casey</lastName>
      </item>
      <item>
        <firstName>Dean</firstName>
        <isOriginalCosponsor>False</isOriginalCosponsor>
        <fullName>Sen. Heller, Dean [R-NV]</fullName>
        <identifiers>
          <lisID>1863</lisID>
          <bioguideId>H001041</bioguideId>
          <gpoId>8060</gpoId>
        </identifiers>
        <middleName />
        <sponsorshipWithdrawnDate />
        <sponsorshipDate>2015-12-02</sponsorshipDate>
        <party>R</party>
        <bioguideId>H001041</bioguideId>
        <state>NV</state>
        <lastName>Heller</lastName>
      </item>
      <item>
        <firstName>CHARLES</firstName>
        <isOriginalCosponsor>False</isOriginalCosponsor>
        <fullName>Sen. Grassley, Chuck [R-IA]</fullName>
        <identifiers>
          <lisID>457</lisID>
          <bioguideId>G000386</bioguideId>
          <gpoId>8316</gpoId>
        </identifiers>
        <middleName>ERNEST</middleName>
        <sponsorshipWithdrawnDate />
        <sponsorshipDate>2015-12-03</sponsorshipDate>
        <party>R</party>
        <bioguideId>G000386</bioguideId>
        <state>IA</state>
        <lastName>GRASSLEY</lastName>
      </item>
      <item>
        <firstName>Pat</firstName>
        <isOriginalCosponsor>False</isOriginalCosponsor>
        <fullName>Sen. Toomey, Pat [R-PA]</fullName>
        <identifiers>
          <bioguideId>T000461</bioguideId>
          <gpoId />
          <lisID>1594</lisID>
        </identifiers>
        <middleName />
        <sponsorshipWithdrawnDate />
        <sponsorshipDate>2015-12-08</sponsorshipDate>
        <party>R</party>
        <bioguideId>T000461</bioguideId>
        <state>PA</state>
        <lastName>Toomey</lastName>
      </item>
      <item>
        <firstName>David</firstName>
        <isOriginalCosponsor>False</isOriginalCosponsor>
        <fullName>Sen. Perdue, David [R-GA]</fullName>
        <identifiers>
          <gpoId />
          <lisID>2286</lisID>
          <bioguideId>P000612</bioguideId>
        </identifiers>
        <middleName>Alfred</middleName>
        <sponsorshipWithdrawnDate />
        <sponsorshipDate>2015-12-08</sponsorshipDate>
        <party>R</party>
        <bioguideId>P000612</bioguideId>
        <state>GA</state>
        <lastName>Perdue</lastName>
      </item>
      <item>
        <firstName>JERRY</firstName>
        <isOriginalCosponsor>False</isOriginalCosponsor>
        <fullName>Sen. Moran, Jerry [R-KS]</fullName>
        <identifiers>
          <bioguideId>M000934</bioguideId>
          <lisID>1507</lisID>
          <gpoId>8307</gpoId>
        </identifiers>
        <middleName />
        <sponsorshipWithdrawnDate />
        <sponsorshipDate>2015-12-08</sponsorshipDate>
        <party>R</party>
        <bioguideId>M000934</bioguideId>
        <state>KS</state>
        <lastName>MORAN</lastName>
      </item>
      <item>
        <firstName>Brian</firstName>
        <isOriginalCosponsor>False</isOriginalCosponsor>
        <fullName>Sen. Schatz, Brian [D-HI]</fullName>
        <identifiers>
          <bioguideId>S001194</bioguideId>
          <gpoId />
          <lisID>2173</lisID>
        </identifiers>
        <middleName />
        <sponsorshipWithdrawnDate />
        <sponsorshipDate>2015-12-15</sponsorshipDate>
        <party>D</party>
        <bioguideId>S001194</bioguideId>
        <state>HI</state>
        <lastName>Schatz</lastName>
      </item>
    </cosponsors>
    <billType>SRES</billType>
  </bill>
  <dublinCore xmlns:dc="http://purl.org/dc/elements/1.1/">
    <dc:format>text/xml</dc:format>
    <dc:language>EN</dc:language>
    <dc:rights>Pursuant to Title 17 Section 105 of the United States Code, this file is not subject to copyright protection and is in the public domain.</dc:rights>
    <dc:contributor>Congressional Research Service, Library of Congress</dc:contributor>
    <dc:description>This file contains bill summaries and statuses for federal legislation. A bill summary describes the most significant provisions of a piece of legislation and details the effects the legislative text may have on current law and federal programs. Bill summaries are authored by the Congressional Research Service (CRS) of the Library of Congress. As stated in Public Law 91-510 (2 USC 166 (d)(6)), one of the duties of CRS is "to prepare summaries and digests of bills and resolutions of a public general nature introduced in the Senate or House of Representatives". For more information, refer to the User Guide that accompanies this file.</dc:description>
  </dublinCore>
</billStatus>

