<?xml version="1.0" encoding="UTF-8"?>
<billStatus>
  <bill>
    <committees>
      <billCommittees>
        <item>
          <activities>
            <item>
              <name>Referred to</name>
              <date>2015-03-26T23:23:15Z</date>
            </item>
          </activities>
          <name>Rules and Administration Committee</name>
          <subcommittees />
          <chamber>Senate</chamber>
          <type>Standing</type>
          <systemCode>ssra00</systemCode>
        </item>
      </billCommittees>
    </committees>
    <introducedDate>2015-03-26</introducedDate>
    <congress>114</congress>
    <laws />
    <calendarNumbers />
    <originChamber>Senate</originChamber>
    <titles>
      <item>
        <parentTitleType />
        <chamberCode />
        <chamberName />
        <title>A resolution amending rule XXVIII of the Standing Rules for the Senate to provide for timely establishment of conference committees.</title>
        <titleType>Official Title as Introduced</titleType>
      </item>
      <item>
        <parentTitleType />
        <chamberCode />
        <chamberName />
        <title>A resolution amending rule XXVIII of the Standing Rules for the Senate to provide for timely establishment of conference committees.</title>
        <titleType>Display Title</titleType>
      </item>
    </titles>
    <createDate>2015-03-27T14:46:54Z</createDate>
    <title>A resolution amending rule XXVIII of the Standing Rules for the Senate to provide for timely establishment of conference committees.</title>
    <cboCostEstimates />
    <summaries>
      <billSummaries>
        <item>
          <actionDate>2015-03-26</actionDate>
          <updateDate>2015-03-26T04:00:00Z</updateDate>
          <name>Introduced in Senate</name>
          <lastSummaryUpdateDate>2015-04-21T21:36:08Z</lastSummaryUpdateDate>
          <versionCode>00</versionCode>
          <actionDesc>Introduced in Senate</actionDesc>
          <text><![CDATA[<p>Amends Rule XXVIII (Conference Committees; Reports; Open Meetings) of the Standing Rules of the Senate to limit to two hours consideration of any motion (not only a related cloture motion) to:</p> <ul> <li> disagree to a House amendment or insist upon a Senate amendment,</li> <li> request a committee of conference with the House or to agree to a request by the House for a committee of conference; and</li> <li> authorize the Presiding Officer to appoint conferees (or a motion to appoint conferees).</li> </ul> <p>Applies this limitation as well to consideration of any related debatable motions or appeals.</p>]]></text>
        </item>
      </billSummaries>
    </summaries>
    <recordedVotes />
    <notes />
    <policyArea>
      <name>Congress</name>
    </policyArea>
    <updateDate>2016-11-02T23:12:52Z</updateDate>
    <cosponsors>
      <item>
        <fullName>Sen. Udall, Tom [D-NM]</fullName>
        <firstName>TOM</firstName>
        <state>NM</state>
        <lastName>UDALL</lastName>
        <isOriginalCosponsor>True</isOriginalCosponsor>
        <identifiers>
          <gpoId>8260</gpoId>
          <lisID>1567</lisID>
          <bioguideId>U000039</bioguideId>
        </identifiers>
        <middleName />
        <sponsorshipWithdrawnDate />
        <party>D</party>
        <sponsorshipDate>2015-03-26</sponsorshipDate>
        <bioguideId>U000039</bioguideId>
      </item>
    </cosponsors>
    <billNumber>119</billNumber>
    <subjects>
      <billSubjects>
        <legislativeSubjects>
          <item>
            <name>Legislative rules and procedure</name>
          </item>
          <item>
            <name>Senate</name>
          </item>
        </legislativeSubjects>
        <policyArea>
          <name>Congress</name>
        </policyArea>
      </billSubjects>
    </subjects>
    <latestAction>
      <text>Referred to the Committee on Rules and Administration. (text of measure as introduced: CR S2052)</text>
      <links />
      <actionDate>2015-03-26</actionDate>
    </latestAction>
    <amendments />
    <actions>
      <actionTypeCounts>
        <referredToCommittee>1</referredToCommittee>
        <introducedInSenate>1</introducedInSenate>
      </actionTypeCounts>
      <item>
        <actionDate>2015-03-26</actionDate>
        <committee>
          <systemCode>ssra00</systemCode>
          <name>Rules and Administration Committee</name>
        </committee>
        <links>
          <link>
            <name>S2052</name>
            <url>https://www.congress.gov/congressional-record/volume-161/senate-section/page/S2052</url>
          </link>
        </links>
        <sourceSystem>
          <name>Senate</name>
          <code>0</code>
        </sourceSystem>
        <text>Referred to the Committee on Rules and Administration. (text of measure as introduced: CR S2052)</text>
        <type>IntroReferral</type>
      </item>
      <item>
        <text>Introduced in Senate</text>
        <links />
        <actionCode>10000</actionCode>
        <type>IntroReferral</type>
        <committee />
        <actionDate>2015-03-26</actionDate>
        <sourceSystem>
          <name>Library of Congress</name>
          <code>9</code>
        </sourceSystem>
      </item>
      <actionByCounts>
        <senate>2</senate>
      </actionByCounts>
    </actions>
    <committeeReports />
    <sponsors>
      <item>
        <middleName />
        <fullName>Sen. Merkley, Jeff [D-OR]</fullName>
        <bioguideId>M001176</bioguideId>
        <firstName>Jeff</firstName>
        <byRequestType />
        <state>OR</state>
        <lastName>Merkley</lastName>
        <identifiers>
          <bioguideId>M001176</bioguideId>
          <lisID>1900</lisID>
          <gpoId>8238</gpoId>
        </identifiers>
        <party>D</party>
      </item>
    </sponsors>
    <relatedBills />
    <billType>SRES</billType>
  </bill>
  <dublinCore xmlns:dc="http://purl.org/dc/elements/1.1/">
    <dc:format>text/xml</dc:format>
    <dc:language>EN</dc:language>
    <dc:rights>Pursuant to Title 17 Section 105 of the United States Code, this file is not subject to copyright protection and is in the public domain.</dc:rights>
    <dc:contributor>Congressional Research Service, Library of Congress</dc:contributor>
    <dc:description>This file contains bill summaries and statuses for federal legislation. A bill summary describes the most significant provisions of a piece of legislation and details the effects the legislative text may have on current law and federal programs. Bill summaries are authored by the Congressional Research Service (CRS) of the Library of Congress. As stated in Public Law 91-510 (2 USC 166 (d)(6)), one of the duties of CRS is "to prepare summaries and digests of bills and resolutions of a public general nature introduced in the Senate or House of Representatives". For more information, refer to the User Guide that accompanies this file.</dc:description>
  </dublinCore>
</billStatus>

