<?xml version="1.0" encoding="UTF-8"?>
<billStatus>
  <bill>
    <cboCostEstimates />
    <policyArea>
      <name>Sports and Recreation</name>
    </policyArea>
    <notes />
    <committeeReports />
    <titles>
      <item>
        <titleType>Official Title as Introduced</titleType>
        <parentTitleType />
        <title>A resolution relative to the death of Jerry Tarkanian, former head basketball coach of the University of Nevada, Las Vegas.</title>
        <chamberName />
        <chamberCode />
      </item>
      <item>
        <titleType>Display Title</titleType>
        <parentTitleType />
        <title>A resolution relative to the death of Jerry Tarkanian, former head basketball coach of the University of Nevada, Las Vegas.</title>
        <chamberName />
        <chamberCode />
      </item>
    </titles>
    <summaries>
      <billSummaries>
        <item>
          <updateDate>2015-02-12T05:00:00Z</updateDate>
          <versionCode>00</versionCode>
          <text><![CDATA[<p>Expresses sorrow and regret about the death of Jerry Tarkanian.</p>]]></text>
          <lastSummaryUpdateDate>2015-03-04T21:19:17Z</lastSummaryUpdateDate>
          <actionDate>2015-02-12</actionDate>
          <actionDesc>Introduced in Senate</actionDesc>
          <name>Introduced in Senate</name>
        </item>
        <item>
          <updateDate>2015-02-12T12:52:28Z</updateDate>
          <versionCode>82</versionCode>
          <text><![CDATA[<p>(This measure has not been amended since it was introduced. The summary of that version is repeated here.)</p> <p>Expresses sorrow and regret about the death of Jerry Tarkanian.</p>]]></text>
          <lastSummaryUpdateDate>2015-03-04T21:19:37Z</lastSummaryUpdateDate>
          <actionDate>2015-02-12</actionDate>
          <actionDesc>Passed Senate without amendment</actionDesc>
          <name>Passed Senate without amendment</name>
        </item>
      </billSummaries>
    </summaries>
    <createDate>2015-02-13T06:14:13Z</createDate>
    <recordedVotes />
    <billNumber>78</billNumber>
    <introducedDate>2015-02-12</introducedDate>
    <relatedBills />
    <updateDate>2016-11-02T23:12:38Z</updateDate>
    <committees>
      <billCommittees />
    </committees>
    <congress>114</congress>
    <laws />
    <title>A resolution relative to the death of Jerry Tarkanian, former head basketball coach of the University of Nevada, Las Vegas.</title>
    <calendarNumbers />
    <sponsors>
      <item>
        <identifiers>
          <lisID>1863</lisID>
          <bioguideId>H001041</bioguideId>
          <gpoId>8060</gpoId>
        </identifiers>
        <byRequestType />
        <fullName>Sen. Heller, Dean [R-NV]</fullName>
        <firstName>Dean</firstName>
        <state>NV</state>
        <bioguideId>H001041</bioguideId>
        <middleName />
        <party>R</party>
        <lastName>Heller</lastName>
      </item>
    </sponsors>
    <actions>
      <actionByCounts>
        <senate>3</senate>
      </actionByCounts>
      <item>
        <actionDate>2015-02-12</actionDate>
        <committee />
        <links>
          <link>
            <name>S1008</name>
            <url>https://www.congress.gov/congressional-record/volume-161/senate-section/page/S1008</url>
          </link>
          <link>
            <name>S1011</name>
            <url>https://www.congress.gov/congressional-record/volume-161/senate-section/page/S1011</url>
          </link>
        </links>
        <sourceSystem>
          <name>Senate</name>
          <code>0</code>
        </sourceSystem>
        <text>Submitted in the Senate, considered, and agreed to without amendment and with a preamble by Unanimous Consent. (consideration: CR S1011; text as passed Senate CR S1008)</text>
        <type>Floor</type>
      </item>
      <item>
        <actionDate>2015-02-12</actionDate>
        <actionCode>17000</actionCode>
        <sourceSystem>
          <name>Library of Congress</name>
          <code>9</code>
        </sourceSystem>
        <links>
          <link>
            <name>S1008</name>
            <url>https://www.congress.gov/congressional-record/volume-161/senate-section/page/S1008</url>
          </link>
          <link>
            <name>S1011</name>
            <url>https://www.congress.gov/congressional-record/volume-161/senate-section/page/S1011</url>
          </link>
        </links>
        <committee />
        <text>Passed/agreed to in Senate: Submitted in the Senate, considered, and agreed to without amendment and with a preamble by Unanimous Consent.(consideration: CR S1011; text as passed Senate CR S1008)</text>
        <type>Floor</type>
      </item>
      <item>
        <actionDate>2015-02-12</actionDate>
        <actionCode>10000</actionCode>
        <sourceSystem>
          <name>Library of Congress</name>
          <code>9</code>
        </sourceSystem>
        <links />
        <committee />
        <text>Introduced in Senate</text>
        <type>IntroReferral</type>
      </item>
      <actionTypeCounts>
        <introducedInSenate>1</introducedInSenate>
        <passedOrAgreedToInSenateDayOf>1</passedOrAgreedToInSenateDayOf>
        <passedAgreedToInSenate>1</passedAgreedToInSenate>
      </actionTypeCounts>
    </actions>
    <amendments />
    <originChamber>Senate</originChamber>
    <latestAction>
      <text>Submitted in the Senate, considered, and agreed to without amendment and with a preamble by Unanimous Consent. (consideration: CR S1011; text as passed Senate CR S1008)</text>
      <actionDate>2015-02-12</actionDate>
      <links />
    </latestAction>
    <subjects>
      <billSubjects>
        <policyArea>
          <name>Sports and Recreation</name>
        </policyArea>
        <legislativeSubjects>
          <item>
            <name>Athletes</name>
          </item>
          <item>
            <name>Congressional tributes</name>
          </item>
          <item>
            <name>Higher education</name>
          </item>
          <item>
            <name>Nevada</name>
          </item>
          <item>
            <name>School athletics</name>
          </item>
        </legislativeSubjects>
      </billSubjects>
    </subjects>
    <cosponsors>
      <item>
        <firstName>HARRY</firstName>
        <isOriginalCosponsor>True</isOriginalCosponsor>
        <fullName>Sen. Reid, Harry [D-NV]</fullName>
        <identifiers>
          <lisID>952</lisID>
          <bioguideId>R000146</bioguideId>
          <gpoId>8271</gpoId>
        </identifiers>
        <middleName>M.</middleName>
        <sponsorshipWithdrawnDate />
        <sponsorshipDate>2015-02-12</sponsorshipDate>
        <party>D</party>
        <bioguideId>R000146</bioguideId>
        <state>NV</state>
        <lastName>REID</lastName>
      </item>
    </cosponsors>
    <billType>SRES</billType>
  </bill>
  <dublinCore xmlns:dc="http://purl.org/dc/elements/1.1/">
    <dc:format>text/xml</dc:format>
    <dc:language>EN</dc:language>
    <dc:rights>Pursuant to Title 17 Section 105 of the United States Code, this file is not subject to copyright protection and is in the public domain.</dc:rights>
    <dc:contributor>Congressional Research Service, Library of Congress</dc:contributor>
    <dc:description>This file contains bill summaries and statuses for federal legislation. A bill summary describes the most significant provisions of a piece of legislation and details the effects the legislative text may have on current law and federal programs. Bill summaries are authored by the Congressional Research Service (CRS) of the Library of Congress. As stated in Public Law 91-510 (2 USC 166 (d)(6)), one of the duties of CRS is "to prepare summaries and digests of bills and resolutions of a public general nature introduced in the Senate or House of Representatives". For more information, refer to the User Guide that accompanies this file.</dc:description>
  </dublinCore>
</billStatus>

