<?xml version="1.0" encoding="UTF-8"?>
<billStatus>
  <bill>
    <billType>SRES</billType>
    <laws />
    <recordedVotes />
    <actions>
      <actionTypeCounts>
        <passedOrAgreedToInSenateDayOf>1</passedOrAgreedToInSenateDayOf>
        <introducedInSenate>1</introducedInSenate>
        <passedAgreedToInSenate>1</passedAgreedToInSenate>
      </actionTypeCounts>
      <actionByCounts>
        <senate>3</senate>
      </actionByCounts>
      <item>
        <actionDate>2015-02-27</actionDate>
        <committee />
        <links>
          <link>
            <url>https://www.congress.gov/congressional-record/volume-161/senate-section/page/S1203-1204</url>
            <name>S1203-1204</name>
          </link>
          <link>
            <url>https://www.congress.gov/congressional-record/volume-161/senate-section/page/S1206</url>
            <name>S1206</name>
          </link>
        </links>
        <sourceSystem>
          <name>Senate</name>
          <code>0</code>
        </sourceSystem>
        <text>Submitted in the Senate, considered, and agreed to without amendment and with a preamble by Unanimous Consent. (consideration: CR S1206; text as passed Senate: CR S1203-1204)</text>
        <type>Floor</type>
      </item>
      <item>
        <text>Passed/agreed to in Senate: Submitted in the Senate, considered, and agreed to without amendment and with a preamble by Unanimous Consent.(consideration: CR S1206; text as passed Senate: CR S1203-1204)</text>
        <sourceSystem>
          <name>Library of Congress</name>
          <code>9</code>
        </sourceSystem>
        <committee />
        <type>Floor</type>
        <links>
          <link>
            <url>https://www.congress.gov/congressional-record/volume-161/senate-section/page/S1203-1204</url>
            <name>S1203-1204</name>
          </link>
          <link>
            <url>https://www.congress.gov/congressional-record/volume-161/senate-section/page/S1206</url>
            <name>S1206</name>
          </link>
        </links>
        <actionCode>17000</actionCode>
        <actionDate>2015-02-27</actionDate>
      </item>
      <item>
        <text>Introduced in Senate</text>
        <sourceSystem>
          <name>Library of Congress</name>
          <code>9</code>
        </sourceSystem>
        <committee />
        <type>IntroReferral</type>
        <links />
        <actionCode>10000</actionCode>
        <actionDate>2015-02-27</actionDate>
      </item>
    </actions>
    <billNumber>92</billNumber>
    <policyArea>
      <name>Health</name>
    </policyArea>
    <notes />
    <latestAction>
      <actionDate>2015-02-27</actionDate>
      <links />
      <text>Submitted in the Senate, considered, and agreed to without amendment and with a preamble by Unanimous Consent. (consideration: CR S1206; text as passed Senate: CR S1203-1204)</text>
    </latestAction>
    <relatedBills>
      <item>
        <congress>114</congress>
        <type>HRES</type>
        <relationshipDetails>
          <item>
            <identifiedBy>CRS</identifiedBy>
            <type>Related bill</type>
          </item>
        </relationshipDetails>
        <number>109</number>
        <latestAction>
          <actionDate>2015-02-13</actionDate>
          <text>Referred to the Subcommittee on Health.</text>
        </latestAction>
        <latestTitle>Expressing support for the designation of February 28, 2015, as "Rare Disease Day".</latestTitle>
      </item>
      <item>
        <congress>114</congress>
        <type>SRES</type>
        <relationshipDetails>
          <item>
            <identifiedBy>CRS</identifiedBy>
            <type>Related bill</type>
          </item>
        </relationshipDetails>
        <number>380</number>
        <latestAction>
          <actionDate>2016-03-01</actionDate>
          <text>Resolution agreed to in Senate without amendment and with a preamble by Voice Vote.</text>
        </latestAction>
        <latestTitle>A resolution designating February 29, 2016 as "Rare Disease Day".</latestTitle>
      </item>
      <item>
        <congress>114</congress>
        <type>HR</type>
        <relationshipDetails>
          <item>
            <identifiedBy>CRS</identifiedBy>
            <type>Related bill</type>
          </item>
        </relationshipDetails>
        <number>627</number>
        <latestAction>
          <actionDate>2015-05-15</actionDate>
          <text>Forwarded by Subcommittee to Full Committee by Voice Vote .</text>
        </latestAction>
        <latestTitle>To amend title 38, United States Code, to expand the definition of homeless veteran for purposes of benefits under the laws administered by the Secretary of Veterans Affairs.</latestTitle>
      </item>
    </relatedBills>
    <committees>
      <billCommittees />
    </committees>
    <cosponsors>
      <item>
        <state>WY</state>
        <fullName>Sen. Barrasso, John [R-WY]</fullName>
        <sponsorshipDate>2015-02-27</sponsorshipDate>
        <middleName />
        <identifiers>
          <bioguideId>B001261</bioguideId>
          <gpoId>8300</gpoId>
          <lisID>1881</lisID>
        </identifiers>
        <firstName>John</firstName>
        <lastName>Barrasso</lastName>
        <bioguideId>B001261</bioguideId>
        <isOriginalCosponsor>True</isOriginalCosponsor>
        <sponsorshipWithdrawnDate />
        <party>R</party>
      </item>
      <item>
        <state>DE</state>
        <fullName>Sen. Coons, Christopher A. [D-DE]</fullName>
        <sponsorshipDate>2015-02-27</sponsorshipDate>
        <middleName>A.</middleName>
        <identifiers>
          <bioguideId>C001088</bioguideId>
          <gpoId>8297</gpoId>
          <lisID>1984</lisID>
        </identifiers>
        <firstName>Christopher</firstName>
        <lastName>Coons</lastName>
        <bioguideId>C001088</bioguideId>
        <isOriginalCosponsor>True</isOriginalCosponsor>
        <sponsorshipWithdrawnDate />
        <party>D</party>
      </item>
      <item>
        <state>MA</state>
        <fullName>Sen. Warren, Elizabeth [D-MA]</fullName>
        <sponsorshipDate>2015-02-27</sponsorshipDate>
        <middleName>A.</middleName>
        <identifiers>
          <gpoId />
          <lisID>2182</lisID>
          <bioguideId>W000817</bioguideId>
        </identifiers>
        <firstName>Elizabeth</firstName>
        <lastName>Warren</lastName>
        <bioguideId>W000817</bioguideId>
        <isOriginalCosponsor>True</isOriginalCosponsor>
        <sponsorshipWithdrawnDate />
        <party>D</party>
      </item>
      <item>
        <state>RI</state>
        <fullName>Sen. Whitehouse, Sheldon [D-RI]</fullName>
        <sponsorshipDate>2015-02-27</sponsorshipDate>
        <middleName />
        <identifiers>
          <bioguideId>W000802</bioguideId>
          <gpoId>8264</gpoId>
          <lisID>1823</lisID>
        </identifiers>
        <firstName>Sheldon</firstName>
        <lastName>Whitehouse</lastName>
        <bioguideId>W000802</bioguideId>
        <isOriginalCosponsor>True</isOriginalCosponsor>
        <sponsorshipWithdrawnDate />
        <party>D</party>
      </item>
      <item>
        <state>MS</state>
        <fullName>Sen. Wicker, Roger F. [R-MS]</fullName>
        <sponsorshipDate>2015-02-27</sponsorshipDate>
        <middleName>F.</middleName>
        <identifiers>
          <bioguideId>W000437</bioguideId>
          <lisID>1226</lisID>
          <gpoId>8263</gpoId>
        </identifiers>
        <firstName>ROGER</firstName>
        <lastName>WICKER</lastName>
        <bioguideId>W000437</bioguideId>
        <isOriginalCosponsor>True</isOriginalCosponsor>
        <sponsorshipWithdrawnDate />
        <party>R</party>
      </item>
      <item>
        <state>CA</state>
        <fullName>Sen. Feinstein, Dianne [D-CA]</fullName>
        <sponsorshipDate>2015-02-27</sponsorshipDate>
        <middleName />
        <identifiers>
          <bioguideId>F000062</bioguideId>
          <gpoId>8338</gpoId>
          <lisID>1332</lisID>
        </identifiers>
        <firstName>DIANNE</firstName>
        <lastName>FEINSTEIN</lastName>
        <bioguideId>F000062</bioguideId>
        <isOriginalCosponsor>True</isOriginalCosponsor>
        <sponsorshipWithdrawnDate />
        <party>D</party>
      </item>
    </cosponsors>
    <committeeReports />
    <sponsors>
      <item>
        <fullName>Sen. Brown, Sherrod [D-OH]</fullName>
        <firstName>SHERROD</firstName>
        <lastName>BROWN</lastName>
        <state>OH</state>
        <party>D</party>
        <bioguideId>B000944</bioguideId>
        <identifiers>
          <bioguideId>B000944</bioguideId>
          <gpoId>8309</gpoId>
          <lisID>136</lisID>
        </identifiers>
        <middleName />
        <byRequestType />
      </item>
    </sponsors>
    <createDate>2015-02-28T04:46:16Z</createDate>
    <updateDate>2016-11-02T23:12:42Z</updateDate>
    <introducedDate>2015-02-27</introducedDate>
    <summaries>
      <billSummaries>
        <item>
          <versionCode>00</versionCode>
          <actionDate>2015-02-27</actionDate>
          <text><![CDATA[<p>Designates February 28, 2015, as Rare Disease Day. Expresses support for a national and global commitment to developing new treatments, diagnostics, and cures for rare diseases and disorders. </p>]]></text>
          <name>Introduced in Senate</name>
          <lastSummaryUpdateDate>2015-03-13T15:20:22Z</lastSummaryUpdateDate>
          <updateDate>2015-02-27T05:00:00Z</updateDate>
          <actionDesc>Introduced in Senate</actionDesc>
        </item>
        <item>
          <versionCode>82</versionCode>
          <actionDate>2015-02-27</actionDate>
          <text><![CDATA[<p>(This measure has not been amended since it was introduced. The summary of that version is repeated here.)</p> <p>Designates February 28, 2015, as Rare Disease Day. Expresses support for a national and global commitment to developing new treatments, diagnostics, and cures for rare diseases and disorders. </p>]]></text>
          <name>Passed Senate without amendment</name>
          <lastSummaryUpdateDate>2015-03-16T21:30:03Z</lastSummaryUpdateDate>
          <updateDate>2015-02-27T13:34:01Z</updateDate>
          <actionDesc>Passed Senate without amendment</actionDesc>
        </item>
      </billSummaries>
    </summaries>
    <title>A resolution designating February 28, 2015, as "Rare Disease Day".</title>
    <cboCostEstimates />
    <subjects>
      <billSubjects>
        <policyArea>
          <name>Health</name>
        </policyArea>
        <legislativeSubjects>
          <item>
            <name>Commemorative events and holidays</name>
          </item>
          <item>
            <name>Health care coverage and access</name>
          </item>
          <item>
            <name>Health promotion and preventive care</name>
          </item>
          <item>
            <name>Hereditary and development disorders</name>
          </item>
          <item>
            <name>Medical research</name>
          </item>
          <item>
            <name>Medical tests and diagnostic methods</name>
          </item>
          <item>
            <name>World health</name>
          </item>
        </legislativeSubjects>
      </billSubjects>
    </subjects>
    <amendments />
    <calendarNumbers />
    <congress>114</congress>
    <titles>
      <item>
        <title>A resolution designating February 28, 2015, as "Rare Disease Day".</title>
        <chamberName />
        <chamberCode />
        <titleType>Official Title as Introduced</titleType>
        <parentTitleType />
      </item>
      <item>
        <title>A resolution designating February 28, 2015, as "Rare Disease Day".</title>
        <chamberName />
        <chamberCode />
        <titleType>Display Title</titleType>
        <parentTitleType />
      </item>
    </titles>
    <originChamber>Senate</originChamber>
  </bill>
  <dublinCore xmlns:dc="http://purl.org/dc/elements/1.1/">
    <dc:format>text/xml</dc:format>
    <dc:language>EN</dc:language>
    <dc:rights>Pursuant to Title 17 Section 105 of the United States Code, this file is not subject to copyright protection and is in the public domain.</dc:rights>
    <dc:contributor>Congressional Research Service, Library of Congress</dc:contributor>
    <dc:description>This file contains bill summaries and statuses for federal legislation. A bill summary describes the most significant provisions of a piece of legislation and details the effects the legislative text may have on current law and federal programs. Bill summaries are authored by the Congressional Research Service (CRS) of the Library of Congress. As stated in Public Law 91-510 (2 USC 166 (d)(6)), one of the duties of CRS is "to prepare summaries and digests of bills and resolutions of a public general nature introduced in the Senate or House of Representatives". For more information, refer to the User Guide that accompanies this file.</dc:description>
  </dublinCore>
</billStatus>

