<?xml version="1.0" encoding="UTF-8"?>
<billStatus>
  <bill>
    <latestAction>
      <text>Submitted in the Senate, considered, and agreed to without amendment and with a preamble by Unanimous Consent. (consideration: CR S1011; text as passed Senate CR S1008)</text>
      <links />
      <actionDate>2015-02-12</actionDate>
    </latestAction>
    <policyArea>
      <name>Sports and Recreation</name>
    </policyArea>
    <amendments />
    <relatedBills />
    <billNumber>79</billNumber>
    <updateDate>2016-11-02T23:12:38Z</updateDate>
    <sponsors>
      <item>
        <fullName>Sen. Burr, Richard [R-NC]</fullName>
        <firstName>RICHARD</firstName>
        <lastName>BURR</lastName>
        <identifiers>
          <lisID>153</lisID>
          <bioguideId>B001135</bioguideId>
          <gpoId>8286</gpoId>
        </identifiers>
        <state>NC</state>
        <middleName />
        <party>R</party>
        <byRequestType />
        <bioguideId>B001135</bioguideId>
      </item>
    </sponsors>
    <notes />
    <originChamber>Senate</originChamber>
    <subjects>
      <billSubjects>
        <legislativeSubjects>
          <item>
            <name>Athletes</name>
          </item>
          <item>
            <name>Congressional tributes</name>
          </item>
          <item>
            <name>Higher education</name>
          </item>
          <item>
            <name>North Carolina</name>
          </item>
          <item>
            <name>School athletics</name>
          </item>
        </legislativeSubjects>
        <policyArea>
          <name>Sports and Recreation</name>
        </policyArea>
      </billSubjects>
    </subjects>
    <committees>
      <billCommittees />
    </committees>
    <cosponsors>
      <item>
        <identifiers>
          <lisID>2291</lisID>
          <bioguideId>T000476</bioguideId>
          <gpoId />
        </identifiers>
        <middleName>Roland</middleName>
        <fullName>Sen. Tillis, Thom [R-NC]</fullName>
        <isOriginalCosponsor>True</isOriginalCosponsor>
        <firstName>Thomas</firstName>
        <sponsorshipWithdrawnDate />
        <state>NC</state>
        <bioguideId>T000476</bioguideId>
        <sponsorshipDate>2015-02-12</sponsorshipDate>
        <party>R</party>
        <lastName>Tillis</lastName>
      </item>
    </cosponsors>
    <calendarNumbers />
    <committeeReports />
    <congress>114</congress>
    <title>A resolution honoring Dean Edwards Smith, former head coach for the men's basketball team for the University of North Carolina at Chapel Hill.</title>
    <introducedDate>2015-02-12</introducedDate>
    <actions>
      <actionTypeCounts>
        <passedOrAgreedToInSenateDayOf>1</passedOrAgreedToInSenateDayOf>
        <passedAgreedToInSenate>1</passedAgreedToInSenate>
        <introducedInSenate>1</introducedInSenate>
      </actionTypeCounts>
      <item>
        <actionDate>2015-02-12</actionDate>
        <committee />
        <links>
          <link>
            <name>S1008</name>
            <url>https://www.congress.gov/congressional-record/volume-161/senate-section/page/S1008</url>
          </link>
          <link>
            <name>S1011</name>
            <url>https://www.congress.gov/congressional-record/volume-161/senate-section/page/S1011</url>
          </link>
        </links>
        <sourceSystem>
          <code>0</code>
          <name>Senate</name>
        </sourceSystem>
        <text>Submitted in the Senate, considered, and agreed to without amendment and with a preamble by Unanimous Consent. (consideration: CR S1011; text as passed Senate CR S1008)</text>
        <type>Floor</type>
      </item>
      <item>
        <actionDate>2015-02-12</actionDate>
        <sourceSystem>
          <code>9</code>
          <name>Library of Congress</name>
        </sourceSystem>
        <text>Passed/agreed to in Senate: Submitted in the Senate, considered, and agreed to without amendment and with a preamble by Unanimous Consent.(consideration: CR S1011; text as passed Senate CR S1008)</text>
        <type>Floor</type>
        <links>
          <link>
            <name>S1008</name>
            <url>https://www.congress.gov/congressional-record/volume-161/senate-section/page/S1008</url>
          </link>
          <link>
            <name>S1011</name>
            <url>https://www.congress.gov/congressional-record/volume-161/senate-section/page/S1011</url>
          </link>
        </links>
        <actionCode>17000</actionCode>
        <committee />
      </item>
      <item>
        <actionDate>2015-02-12</actionDate>
        <sourceSystem>
          <code>9</code>
          <name>Library of Congress</name>
        </sourceSystem>
        <text>Introduced in Senate</text>
        <type>IntroReferral</type>
        <links />
        <actionCode>10000</actionCode>
        <committee />
      </item>
      <actionByCounts>
        <senate>3</senate>
      </actionByCounts>
    </actions>
    <summaries>
      <billSummaries>
        <item>
          <actionDate>2015-02-12</actionDate>
          <actionDesc>Introduced in Senate</actionDesc>
          <lastSummaryUpdateDate>2015-03-04T21:45:17Z</lastSummaryUpdateDate>
          <versionCode>00</versionCode>
          <updateDate>2015-02-12T05:00:00Z</updateDate>
          <name>Introduced in Senate</name>
          <text><![CDATA[<p>Expresses sorrow and regret at the announcement of the death of Dean Edwards Smith.</p>]]></text>
        </item>
        <item>
          <actionDate>2015-02-12</actionDate>
          <actionDesc>Passed Senate without amendment</actionDesc>
          <lastSummaryUpdateDate>2015-03-04T21:45:26Z</lastSummaryUpdateDate>
          <versionCode>82</versionCode>
          <updateDate>2015-02-12T12:52:46Z</updateDate>
          <name>Passed Senate without amendment</name>
          <text><![CDATA[<p>(This measure has not been amended since it was introduced. The summary of that version is repeated here.)</p> <p>Expresses sorrow and regret at the announcement of the death of Dean Edwards Smith.</p>]]></text>
        </item>
      </billSummaries>
    </summaries>
    <laws />
    <createDate>2015-02-13T06:14:12Z</createDate>
    <titles>
      <item>
        <title>A resolution honoring Dean Edwards Smith, former head coach for the men's basketball team for the University of North Carolina at Chapel Hill.</title>
        <chamberName />
        <chamberCode />
        <titleType>Official Title as Introduced</titleType>
        <parentTitleType />
      </item>
      <item>
        <title>A resolution honoring Dean Edwards Smith, former head coach for the men's basketball team for the University of North Carolina at Chapel Hill.</title>
        <chamberName />
        <chamberCode />
        <titleType>Display Title</titleType>
        <parentTitleType />
      </item>
    </titles>
    <cboCostEstimates />
    <recordedVotes />
    <billType>SRES</billType>
  </bill>
  <dublinCore xmlns:dc="http://purl.org/dc/elements/1.1/">
    <dc:format>text/xml</dc:format>
    <dc:language>EN</dc:language>
    <dc:rights>Pursuant to Title 17 Section 105 of the United States Code, this file is not subject to copyright protection and is in the public domain.</dc:rights>
    <dc:contributor>Congressional Research Service, Library of Congress</dc:contributor>
    <dc:description>This file contains bill summaries and statuses for federal legislation. A bill summary describes the most significant provisions of a piece of legislation and details the effects the legislative text may have on current law and federal programs. Bill summaries are authored by the Congressional Research Service (CRS) of the Library of Congress. As stated in Public Law 91-510 (2 USC 166 (d)(6)), one of the duties of CRS is "to prepare summaries and digests of bills and resolutions of a public general nature introduced in the Senate or House of Representatives". For more information, refer to the User Guide that accompanies this file.</dc:description>
  </dublinCore>
</billStatus>

