<?xml version="1.0" encoding="UTF-8"?>
<billStatus>
  <bill>
    <billType>SRES</billType>
    <laws />
    <recordedVotes />
    <actions>
      <actionTypeCounts>
        <passedAgreedToInSenate>1</passedAgreedToInSenate>
        <introducedInSenate>1</introducedInSenate>
        <passedOrAgreedToInSenateDayOf>1</passedOrAgreedToInSenateDayOf>
      </actionTypeCounts>
      <item>
        <actionDate>2016-03-16</actionDate>
        <committee />
        <links>
          <link>
            <name>S1546</name>
            <url>https://www.congress.gov/congressional-record/volume-162/senate-section/page/S1546</url>
          </link>
          <link>
            <name>S1549</name>
            <url>https://www.congress.gov/congressional-record/volume-162/senate-section/page/S1549</url>
          </link>
        </links>
        <sourceSystem>
          <code>0</code>
          <name>Senate</name>
        </sourceSystem>
        <text>Submitted in the Senate, considered, and agreed to without amendment and with a preamble by Unanimous Consent. (consideration: CR S1549; text as passed Senate: CR S1546)</text>
        <type>Floor</type>
      </item>
      <item>
        <actionDate>2016-03-16</actionDate>
        <text>Passed/agreed to in Senate: Submitted in the Senate, considered, and agreed to without amendment and with a preamble by Unanimous Consent.(consideration: CR S1549; text as passed Senate: CR S1546)</text>
        <type>Floor</type>
        <committee />
        <links>
          <link>
            <name>S1546</name>
            <url>https://www.congress.gov/congressional-record/volume-162/senate-section/page/S1546</url>
          </link>
          <link>
            <name>S1549</name>
            <url>https://www.congress.gov/congressional-record/volume-162/senate-section/page/S1549</url>
          </link>
        </links>
        <sourceSystem>
          <code>9</code>
          <name>Library of Congress</name>
        </sourceSystem>
        <actionCode>17000</actionCode>
      </item>
      <item>
        <actionDate>2016-03-16</actionDate>
        <text>Introduced in Senate</text>
        <type>IntroReferral</type>
        <committee />
        <links />
        <sourceSystem>
          <code>9</code>
          <name>Library of Congress</name>
        </sourceSystem>
        <actionCode>10000</actionCode>
      </item>
      <actionByCounts>
        <senate>3</senate>
      </actionByCounts>
    </actions>
    <billNumber>402</billNumber>
    <policyArea>
      <name>Congress</name>
    </policyArea>
    <notes />
    <latestAction>
      <actionDate>2016-03-16</actionDate>
      <links />
      <text>Submitted in the Senate, considered, and agreed to without amendment and with a preamble by Unanimous Consent. (consideration: CR S1549; text as passed Senate: CR S1546)</text>
    </latestAction>
    <relatedBills />
    <committees>
      <billCommittees />
    </committees>
    <cosponsors>
      <item>
        <middleName>M.</middleName>
        <lastName>REID</lastName>
        <fullName>Sen. Reid, Harry [D-NV]</fullName>
        <bioguideId>R000146</bioguideId>
        <firstName>HARRY</firstName>
        <sponsorshipWithdrawnDate />
        <state>NV</state>
        <isOriginalCosponsor>True</isOriginalCosponsor>
        <identifiers>
          <gpoId>8271</gpoId>
          <lisID>952</lisID>
          <bioguideId>R000146</bioguideId>
        </identifiers>
        <sponsorshipDate>2016-03-16</sponsorshipDate>
        <party>D</party>
      </item>
    </cosponsors>
    <committeeReports />
    <sponsors>
      <item>
        <fullName>Sen. McConnell, Mitch [R-KY]</fullName>
        <firstName>MITCH</firstName>
        <lastName>MCCONNELL</lastName>
        <state>KY</state>
        <party>R</party>
        <bioguideId>M000355</bioguideId>
        <identifiers>
          <lisID>1395</lisID>
          <gpoId>8254</gpoId>
          <bioguideId>M000355</bioguideId>
        </identifiers>
        <middleName />
        <byRequestType />
      </item>
    </sponsors>
    <createDate>2016-03-17T05:08:20Z</createDate>
    <updateDate>2016-11-02T23:14:25Z</updateDate>
    <introducedDate>2016-03-16</introducedDate>
    <summaries>
      <billSummaries>
        <item>
          <actionDate>2016-03-16</actionDate>
          <actionDesc>Introduced in Senate</actionDesc>
          <lastSummaryUpdateDate>2016-03-17T19:21:10Z</lastSummaryUpdateDate>
          <versionCode>00</versionCode>
          <updateDate>2016-03-16T04:00:00Z</updateDate>
          <name>Introduced in Senate</name>
          <text><![CDATA[<p>Authorizes Senator Robert P. Casey, Jr., to testify and produce documents in the case of <em>United States of America v. Chaka Fattah, Sr., et al.</em>, except when his attendance at the Senate is necessary for the performance of his legislative duties, and except concerning matters for which a privilege should be asserted.</p> <p>Authorizes the Senate Legal Counsel to represent Senator Casey in connection with that testimony.</p>]]></text>
        </item>
        <item>
          <actionDate>2016-03-16</actionDate>
          <actionDesc>Passed Senate without amendment</actionDesc>
          <lastSummaryUpdateDate>2016-03-22T21:03:46Z</lastSummaryUpdateDate>
          <versionCode>82</versionCode>
          <updateDate>2016-03-16T15:00:27Z</updateDate>
          <name>Passed Senate without amendment</name>
          <text><![CDATA[<p>(This measure has not been amended since it was introduced. The summary of that version is repeated here.)</p> <p>Authorizes Senator Robert P. Casey, Jr., to testify and produce documents in the case of <em>United States of America v. Chaka Fattah, Sr., et al.</em>, except when his attendance at the Senate is necessary for the performance of his legislative duties, and except concerning matters for which a privilege should be asserted.</p> <p>Authorizes the Senate Legal Counsel to represent Senator Casey in connection with that testimony.</p>]]></text>
        </item>
      </billSummaries>
    </summaries>
    <title>A resolution to authorize testimony, documentary production, and representation in United States of America v. Chaka Fattah, Sr., et al.</title>
    <cboCostEstimates />
    <subjects>
      <billSubjects>
        <legislativeSubjects>
          <item>
            <name>Criminal investigation, prosecution, interrogation</name>
          </item>
          <item>
            <name>Evidence and witnesses</name>
          </item>
          <item>
            <name>Government ethics and transparency, public corruption</name>
          </item>
          <item>
            <name>House of Representatives</name>
          </item>
          <item>
            <name>Legislative rules and procedure</name>
          </item>
          <item>
            <name>Members of Congress</name>
          </item>
          <item>
            <name>Senate</name>
          </item>
        </legislativeSubjects>
        <policyArea>
          <name>Congress</name>
        </policyArea>
      </billSubjects>
    </subjects>
    <amendments />
    <calendarNumbers />
    <congress>114</congress>
    <titles>
      <item>
        <title>A resolution to authorize testimony, documentary production, and representation in United States of America v. Chaka Fattah, Sr., et al.</title>
        <parentTitleType />
        <titleType>Official Title as Introduced</titleType>
        <chamberCode />
        <chamberName />
      </item>
      <item>
        <title>A resolution to authorize testimony, documentary production, and representation in United States of America v. Chaka Fattah, Sr., et al.</title>
        <parentTitleType />
        <titleType>Display Title</titleType>
        <chamberCode />
        <chamberName />
      </item>
    </titles>
    <originChamber>Senate</originChamber>
  </bill>
  <dublinCore xmlns:dc="http://purl.org/dc/elements/1.1/">
    <dc:format>text/xml</dc:format>
    <dc:language>EN</dc:language>
    <dc:rights>Pursuant to Title 17 Section 105 of the United States Code, this file is not subject to copyright protection and is in the public domain.</dc:rights>
    <dc:contributor>Congressional Research Service, Library of Congress</dc:contributor>
    <dc:description>This file contains bill summaries and statuses for federal legislation. A bill summary describes the most significant provisions of a piece of legislation and details the effects the legislative text may have on current law and federal programs. Bill summaries are authored by the Congressional Research Service (CRS) of the Library of Congress. As stated in Public Law 91-510 (2 USC 166 (d)(6)), one of the duties of CRS is "to prepare summaries and digests of bills and resolutions of a public general nature introduced in the Senate or House of Representatives". For more information, refer to the User Guide that accompanies this file.</dc:description>
  </dublinCore>
</billStatus>

