<?xml version="1.0" encoding="UTF-8"?>
<billStatus>
  <bill>
    <latestAction>
      <text>Submitted in the Senate, considered, and agreed to without amendment and with a preamble by Unanimous Consent. (consideration: CR S7843; text as passed Senate: CR S7822-7823)</text>
      <links />
      <actionDate>2015-11-05</actionDate>
    </latestAction>
    <policyArea>
      <name>Education</name>
    </policyArea>
    <amendments />
    <relatedBills>
      <item>
        <latestTitle>A resolution expressing support for the designation of October 20, 2016, as the "National Day on Writing".</latestTitle>
        <latestAction>
          <text>Referred to the Committee on the Judiciary. (text of measure as introduced: CR S6276-6277)</text>
          <actionDate>2016-09-29</actionDate>
        </latestAction>
        <number>599</number>
        <relationshipDetails>
          <item>
            <identifiedBy>CRS</identifiedBy>
            <type>Related bill</type>
          </item>
        </relationshipDetails>
        <type>SRES</type>
        <congress>114</congress>
      </item>
    </relatedBills>
    <billNumber>308</billNumber>
    <updateDate>2016-11-02T23:13:56Z</updateDate>
    <sponsors>
      <item>
        <fullName>Sen. Casey, Robert P., Jr. [D-PA]</fullName>
        <firstName>Bob</firstName>
        <lastName>Casey</lastName>
        <identifiers>
          <lisID>1828</lisID>
          <gpoId>8282</gpoId>
          <bioguideId>C001070</bioguideId>
        </identifiers>
        <state>PA</state>
        <middleName />
        <party>D</party>
        <byRequestType />
        <bioguideId>C001070</bioguideId>
      </item>
    </sponsors>
    <notes />
    <originChamber>Senate</originChamber>
    <subjects>
      <billSubjects>
        <legislativeSubjects>
          <item>
            <name>Art, artists, authorship</name>
          </item>
          <item>
            <name>Commemorative events and holidays</name>
          </item>
          <item>
            <name>Elementary and secondary education</name>
          </item>
          <item>
            <name>Higher education</name>
          </item>
          <item>
            <name>Language arts</name>
          </item>
        </legislativeSubjects>
        <policyArea>
          <name>Education</name>
        </policyArea>
      </billSubjects>
    </subjects>
    <committees>
      <billCommittees />
    </committees>
    <cosponsors>
      <item>
        <identifiers>
          <bioguideId>R000307</bioguideId>
          <lisID>968</lisID>
          <gpoId>8275</gpoId>
        </identifiers>
        <middleName />
        <fullName>Sen. Roberts, Pat [R-KS]</fullName>
        <isOriginalCosponsor>True</isOriginalCosponsor>
        <firstName>PAT</firstName>
        <sponsorshipWithdrawnDate />
        <state>KS</state>
        <bioguideId>R000307</bioguideId>
        <sponsorshipDate>2015-11-05</sponsorshipDate>
        <party>R</party>
        <lastName>ROBERTS</lastName>
      </item>
    </cosponsors>
    <calendarNumbers />
    <committeeReports />
    <congress>114</congress>
    <title>A resolution expressing support for the designation of October 20, 2015, as the "National Day on Writing".</title>
    <introducedDate>2015-11-05</introducedDate>
    <actions>
      <actionTypeCounts>
        <passedOrAgreedToInSenateDayOf>1</passedOrAgreedToInSenateDayOf>
        <introducedInSenate>1</introducedInSenate>
        <passedAgreedToInSenate>1</passedAgreedToInSenate>
      </actionTypeCounts>
      <actionByCounts>
        <senate>3</senate>
      </actionByCounts>
      <item>
        <actionDate>2015-11-05</actionDate>
        <committee />
        <links>
          <link>
            <url>https://www.congress.gov/congressional-record/volume-161/senate-section/page/S7822-7823</url>
            <name>S7822-7823</name>
          </link>
          <link>
            <url>https://www.congress.gov/congressional-record/volume-161/senate-section/page/S7843</url>
            <name>S7843</name>
          </link>
        </links>
        <sourceSystem>
          <name>Senate</name>
          <code>0</code>
        </sourceSystem>
        <text>Submitted in the Senate, considered, and agreed to without amendment and with a preamble by Unanimous Consent. (consideration: CR S7843; text as passed Senate: CR S7822-7823)</text>
        <type>Floor</type>
      </item>
      <item>
        <text>Passed/agreed to in Senate: Submitted in the Senate, considered, and agreed to without amendment and with a preamble by Unanimous Consent.(consideration: CR S7843; text as passed Senate: CR S7822-7823)</text>
        <sourceSystem>
          <name>Library of Congress</name>
          <code>9</code>
        </sourceSystem>
        <committee />
        <type>Floor</type>
        <links>
          <link>
            <url>https://www.congress.gov/congressional-record/volume-161/senate-section/page/S7822-7823</url>
            <name>S7822-7823</name>
          </link>
          <link>
            <url>https://www.congress.gov/congressional-record/volume-161/senate-section/page/S7843</url>
            <name>S7843</name>
          </link>
        </links>
        <actionCode>17000</actionCode>
        <actionDate>2015-11-05</actionDate>
      </item>
      <item>
        <text>Introduced in Senate</text>
        <sourceSystem>
          <name>Library of Congress</name>
          <code>9</code>
        </sourceSystem>
        <committee />
        <type>IntroReferral</type>
        <links />
        <actionCode>10000</actionCode>
        <actionDate>2015-11-05</actionDate>
      </item>
    </actions>
    <summaries>
      <billSummaries>
        <item>
          <actionDate>2015-11-05</actionDate>
          <updateDate>2015-11-05T05:00:00Z</updateDate>
          <name>Introduced in Senate</name>
          <lastSummaryUpdateDate>2015-11-10T17:02:40Z</lastSummaryUpdateDate>
          <versionCode>00</versionCode>
          <actionDesc>Introduced in Senate</actionDesc>
          <text><![CDATA[<p>Expresses the Senate's support for the designation of October 20, 2015, as the National Day on Writing.</p>]]></text>
        </item>
        <item>
          <actionDate>2015-11-05</actionDate>
          <updateDate>2015-11-05T21:17:39Z</updateDate>
          <name>Passed Senate without amendment</name>
          <lastSummaryUpdateDate>2015-11-12T14:38:18Z</lastSummaryUpdateDate>
          <versionCode>82</versionCode>
          <actionDesc>Passed Senate without amendment</actionDesc>
          <text><![CDATA[<p>(This measure has not been amended since it was introduced. The summary of that version is repeated here.)</p> <p>Expresses the Senate's support for the designation of October 20, 2015, as the National Day on Writing.</p>]]></text>
        </item>
      </billSummaries>
    </summaries>
    <laws />
    <createDate>2015-11-06T10:19:28Z</createDate>
    <titles>
      <item>
        <chamberCode />
        <chamberName />
        <title>A resolution expressing support for the designation of October 20, 2015, as the "National Day on Writing".</title>
        <parentTitleType />
        <titleType>Official Title as Introduced</titleType>
      </item>
      <item>
        <chamberCode />
        <chamberName />
        <title>A resolution expressing support for the designation of October 20, 2015, as the "National Day on Writing".</title>
        <parentTitleType />
        <titleType>Display Title</titleType>
      </item>
    </titles>
    <cboCostEstimates />
    <recordedVotes />
    <billType>SRES</billType>
  </bill>
  <dublinCore xmlns:dc="http://purl.org/dc/elements/1.1/">
    <dc:format>text/xml</dc:format>
    <dc:language>EN</dc:language>
    <dc:rights>Pursuant to Title 17 Section 105 of the United States Code, this file is not subject to copyright protection and is in the public domain.</dc:rights>
    <dc:contributor>Congressional Research Service, Library of Congress</dc:contributor>
    <dc:description>This file contains bill summaries and statuses for federal legislation. A bill summary describes the most significant provisions of a piece of legislation and details the effects the legislative text may have on current law and federal programs. Bill summaries are authored by the Congressional Research Service (CRS) of the Library of Congress. As stated in Public Law 91-510 (2 USC 166 (d)(6)), one of the duties of CRS is "to prepare summaries and digests of bills and resolutions of a public general nature introduced in the Senate or House of Representatives". For more information, refer to the User Guide that accompanies this file.</dc:description>
  </dublinCore>
</billStatus>

