<?xml version="1.0" encoding="UTF-8"?>
<billStatus>
  <bill>
    <title>A resolution commending the Special Inspector General for Afghanistan Reconstruction, John Sopko, and his office for their efforts in providing accountability for taxpayer dollars spent in Afghanistan.</title>
    <updateDate>2016-11-02T23:14:42Z</updateDate>
    <relatedBills>
      <item>
        <number>665</number>
        <relationshipDetails>
          <item>
            <identifiedBy>CRS</identifiedBy>
            <type>Related bill</type>
          </item>
        </relationshipDetails>
        <congress>114</congress>
        <latestAction>
          <text>Referred to House Armed Services</text>
          <actionDate>2016-03-23</actionDate>
        </latestAction>
        <type>HRES</type>
        <latestTitle>Commending the Special Inspector General for Afghanistan Reconstruction, John Sopko, and his office for their efforts in providing accountability for taxpayer dollars spent in Afghanistan.</latestTitle>
      </item>
    </relatedBills>
    <introducedDate>2016-05-12</introducedDate>
    <originChamber>Senate</originChamber>
    <cboCostEstimates />
    <policyArea>
      <name>International Affairs</name>
    </policyArea>
    <congress>114</congress>
    <billNumber>461</billNumber>
    <billType>SRES</billType>
    <amendments />
    <recordedVotes />
    <committees>
      <billCommittees>
        <item>
          <subcommittees />
          <chamber>Senate</chamber>
          <systemCode>ssfr00</systemCode>
          <activities>
            <item>
              <date>2016-05-12T18:37:42Z</date>
              <name>Referred to</name>
            </item>
          </activities>
          <type>Standing</type>
          <name>Foreign Relations Committee</name>
        </item>
      </billCommittees>
    </committees>
    <laws />
    <subjects>
      <billSubjects>
        <policyArea>
          <name>International Affairs</name>
        </policyArea>
        <legislativeSubjects>
          <item>
            <name>Accounting and auditing</name>
          </item>
          <item>
            <name>Afghanistan</name>
          </item>
          <item>
            <name>Asia</name>
          </item>
          <item>
            <name>Congressional tributes</name>
          </item>
          <item>
            <name>Fraud offenses and financial crimes</name>
          </item>
          <item>
            <name>Government Operations and Politics</name>
          </item>
          <item>
            <name>Government studies and investigations</name>
          </item>
          <item>
            <name>Military operations and strategy</name>
          </item>
        </legislativeSubjects>
      </billSubjects>
    </subjects>
    <notes />
    <committeeReports />
    <actions>
      <actionTypeCounts>
        <referredToCommittee>1</referredToCommittee>
        <introducedInSenate>1</introducedInSenate>
      </actionTypeCounts>
      <item>
        <actionDate>2016-05-12</actionDate>
        <committee>
          <name>Foreign Relations Committee</name>
          <systemCode>ssfr00</systemCode>
        </committee>
        <links>
          <link>
            <name>S2751</name>
            <url>https://www.congress.gov/congressional-record/volume-162/senate-section/page/S2751</url>
          </link>
        </links>
        <sourceSystem>
          <code>0</code>
          <name>Senate</name>
        </sourceSystem>
        <text>Referred to the Committee on Foreign Relations. (text of measure as introduced: CR S2751)</text>
        <type>IntroReferral</type>
      </item>
      <item>
        <actionDate>2016-05-12</actionDate>
        <sourceSystem>
          <code>9</code>
          <name>Library of Congress</name>
        </sourceSystem>
        <text>Introduced in Senate</text>
        <type>IntroReferral</type>
        <links />
        <actionCode>10000</actionCode>
        <committee />
      </item>
      <actionByCounts>
        <senate>2</senate>
      </actionByCounts>
    </actions>
    <calendarNumbers />
    <latestAction>
      <links />
      <actionDate>2016-05-12</actionDate>
      <text>Referred to the Committee on Foreign Relations. (text of measure as introduced: CR S2751)</text>
    </latestAction>
    <titles>
      <item>
        <titleType>Official Title as Introduced</titleType>
        <parentTitleType />
        <title>A resolution commending the Special Inspector General for Afghanistan Reconstruction, John Sopko, and his office for their efforts in providing accountability for taxpayer dollars spent in Afghanistan.</title>
        <chamberName />
        <chamberCode />
      </item>
      <item>
        <titleType>Display Title</titleType>
        <parentTitleType />
        <title>A resolution commending the Special Inspector General for Afghanistan Reconstruction, John Sopko, and his office for their efforts in providing accountability for taxpayer dollars spent in Afghanistan.</title>
        <chamberName />
        <chamberCode />
      </item>
    </titles>
    <summaries>
      <billSummaries>
        <item>
          <versionCode>00</versionCode>
          <actionDate>2016-05-12</actionDate>
          <text><![CDATA[<p>Commends the Office of the Special Inspector General for Afghanistan Reconstruction for its ongoing role in identifying and reducing waste, fraud, and abuse. </p> <p>Urges all inspectors general to look to the Office as an example of the vigor and independence with which the Senate expects them to pursue their duty. </p>]]></text>
          <name>Introduced in Senate</name>
          <lastSummaryUpdateDate>2016-05-16T14:09:17Z</lastSummaryUpdateDate>
          <updateDate>2016-05-12T04:00:00Z</updateDate>
          <actionDesc>Introduced in Senate</actionDesc>
        </item>
      </billSummaries>
    </summaries>
    <createDate>2016-05-13T05:18:14Z</createDate>
    <sponsors>
      <item>
        <state>KY</state>
        <fullName>Sen. Paul, Rand [R-KY]</fullName>
        <middleName />
        <identifiers>
          <bioguideId>P000603</bioguideId>
          <gpoId>8308</gpoId>
          <lisID>2082</lisID>
        </identifiers>
        <firstName>Rand</firstName>
        <lastName>Paul</lastName>
        <bioguideId>P000603</bioguideId>
        <byRequestType />
        <party>R</party>
      </item>
    </sponsors>
    <cosponsors />
  </bill>
  <dublinCore xmlns:dc="http://purl.org/dc/elements/1.1/">
    <dc:format>text/xml</dc:format>
    <dc:language>EN</dc:language>
    <dc:rights>Pursuant to Title 17 Section 105 of the United States Code, this file is not subject to copyright protection and is in the public domain.</dc:rights>
    <dc:contributor>Congressional Research Service, Library of Congress</dc:contributor>
    <dc:description>This file contains bill summaries and statuses for federal legislation. A bill summary describes the most significant provisions of a piece of legislation and details the effects the legislative text may have on current law and federal programs. Bill summaries are authored by the Congressional Research Service (CRS) of the Library of Congress. As stated in Public Law 91-510 (2 USC 166 (d)(6)), one of the duties of CRS is "to prepare summaries and digests of bills and resolutions of a public general nature introduced in the Senate or House of Representatives". For more information, refer to the User Guide that accompanies this file.</dc:description>
  </dublinCore>
</billStatus>

