<?xml version="1.0" encoding="UTF-8"?>
<billStatus>
  <bill>
    <cboCostEstimates />
    <policyArea>
      <name>International Affairs</name>
    </policyArea>
    <notes />
    <committeeReports />
    <titles>
      <item>
        <title>A resolution honoring the memory and legacy of Michael James Riddering and condemning the terrorist attacks in Ouagadougou, Burkina Faso on January 15, 2016.</title>
        <chamberName />
        <chamberCode />
        <titleType>Official Title as Introduced</titleType>
        <parentTitleType />
      </item>
      <item>
        <title>A resolution honoring the memory and legacy of Michael James Riddering and condemning the terrorist attacks in Ouagadougou, Burkina Faso on January 15, 2016.</title>
        <chamberName />
        <chamberCode />
        <titleType>Display Title</titleType>
        <parentTitleType />
      </item>
    </titles>
    <summaries>
      <billSummaries>
        <item>
          <versionCode>00</versionCode>
          <actionDate>2016-03-01</actionDate>
          <text><![CDATA[<p>Condemns the terrorist attacks in Ouagadougou, Burkina Faso, on January 15, 2016.</p> <p> Honors the memory of Michael James Riddering, the U.S. citizen who was killed in the terrorist attack on the Cappuccino Cafe on January 15, 2016, in Ouagadougou. </p> <p>Recognizes the dedication of Michael James Riddering, who moved halfway across the world to work with orphans and widows in order to help them improve their lives and contribute to their communities. </p> <p>Extends condolences and prayers to Michael James Riddering's family, friends, and colleagues and to the individuals touched by his life. </p> <p>Pledges to work to counter violent extremism, including through education and community development, in the United States and abroad.</p>]]></text>
          <lastSummaryUpdateDate>2016-03-25T16:40:46Z</lastSummaryUpdateDate>
          <actionDesc>Introduced in Senate</actionDesc>
          <name>Introduced in Senate</name>
          <updateDate>2016-03-01T05:00:00Z</updateDate>
        </item>
        <item>
          <versionCode>80</versionCode>
          <actionDate>2016-04-28</actionDate>
          <text><![CDATA[<p>(This measure has not been amended since it was introduced. The summary of that version is repeated here.)</p> <p>Condemns the terrorist attacks in Ouagadougou, Burkina Faso, on January 15, 2016.</p> <p> Honors the memory of Michael James Riddering, the U.S. citizen who was killed in the terrorist attack on the Cappuccino Cafe on January 15, 2016, in Ouagadougou. </p> <p>Recognizes the dedication of Michael James Riddering, who moved halfway across the world to work with orphans and widows in order to help them improve their lives and contribute to their communities. </p> <p>Extends condolences and prayers to Michael James Riddering's family, friends, and colleagues and to the individuals touched by his life. </p> <p>Pledges to work to counter violent extremism, including through education and community development, in the United States and abroad.</p>]]></text>
          <lastSummaryUpdateDate>2016-05-09T22:13:09Z</lastSummaryUpdateDate>
          <actionDesc>Reported to Senate without amendment</actionDesc>
          <name>Reported to Senate without amendment</name>
          <updateDate>2016-04-28T13:45:22Z</updateDate>
        </item>
      </billSummaries>
    </summaries>
    <createDate>2016-03-02T04:49:01Z</createDate>
    <recordedVotes />
    <billNumber>381</billNumber>
    <introducedDate>2016-03-01</introducedDate>
    <relatedBills />
    <updateDate>2016-11-02T23:14:20Z</updateDate>
    <committees>
      <billCommittees>
        <item>
          <subcommittees />
          <chamber>Senate</chamber>
          <systemCode>ssfr00</systemCode>
          <activities>
            <item>
              <date>2016-04-28T21:09:50Z</date>
              <name>Reported by</name>
            </item>
            <item>
              <date>2016-04-28T14:08:34Z</date>
              <name>Markup by</name>
            </item>
            <item>
              <date>2016-03-01T17:18:37Z</date>
              <name>Referred to</name>
            </item>
          </activities>
          <type>Standing</type>
          <name>Foreign Relations Committee</name>
        </item>
      </billCommittees>
    </committees>
    <congress>114</congress>
    <laws />
    <title>A resolution honoring the memory and legacy of Michael James Riddering and condemning the terrorist attacks in Ouagadougou, Burkina Faso on January 15, 2016.</title>
    <calendarNumbers>
      <item>
        <calendar>Senate Calendar of Business</calendar>
        <number>0448</number>
      </item>
    </calendarNumbers>
    <sponsors>
      <item>
        <identifiers>
          <lisID>1984</lisID>
          <bioguideId>C001088</bioguideId>
          <gpoId>8297</gpoId>
        </identifiers>
        <byRequestType />
        <fullName>Sen. Coons, Christopher A. [D-DE]</fullName>
        <firstName>Christopher</firstName>
        <state>DE</state>
        <bioguideId>C001088</bioguideId>
        <middleName>A.</middleName>
        <party>D</party>
        <lastName>Coons</lastName>
      </item>
    </sponsors>
    <actions>
      <actionByCounts>
        <senate>6</senate>
      </actionByCounts>
      <item>
        <actionDate>2016-04-28</actionDate>
        <committee />
        <links />
        <sourceSystem>
          <name>Senate</name>
          <code>0</code>
        </sourceSystem>
        <text>Placed on Senate Legislative Calendar under General Orders. Calendar No. 448.</text>
        <type>Calendars</type>
      </item>
      <item>
        <actionDate>2016-04-28</actionDate>
        <committee>
          <name>Foreign Relations Committee</name>
          <systemCode>ssfr00</systemCode>
        </committee>
        <links />
        <sourceSystem>
          <name>Senate</name>
          <code>0</code>
        </sourceSystem>
        <text>Committee on Foreign Relations. Reported by Senator Corker without amendment and with a preamble. Without written report.</text>
        <type>Committee</type>
      </item>
      <item>
        <actionDate>2016-04-28</actionDate>
        <actionCode>14000</actionCode>
        <sourceSystem>
          <name>Library of Congress</name>
          <code>9</code>
        </sourceSystem>
        <links />
        <committee>
          <name>Foreign Relations Committee</name>
          <systemCode>ssfr00</systemCode>
        </committee>
        <text>Committee on Foreign Relations. Reported by Senator Corker without amendment and with a preamble. Without written report.</text>
        <type>Committee</type>
      </item>
      <item>
        <actionDate>2016-04-28</actionDate>
        <committee>
          <name>Foreign Relations Committee</name>
          <systemCode>ssfr00</systemCode>
        </committee>
        <links />
        <sourceSystem>
          <name>Senate</name>
          <code>0</code>
        </sourceSystem>
        <text>Committee on Foreign Relations. Ordered to be reported without amendment favorably.</text>
        <type>Committee</type>
      </item>
      <item>
        <actionDate>2016-03-01</actionDate>
        <committee>
          <name>Foreign Relations Committee</name>
          <systemCode>ssfr00</systemCode>
        </committee>
        <links>
          <link>
            <name>S1139</name>
            <url>https://www.congress.gov/congressional-record/volume-162/senate-section/page/S1139</url>
          </link>
        </links>
        <sourceSystem>
          <name>Senate</name>
          <code>0</code>
        </sourceSystem>
        <text>Referred to the Committee on Foreign Relations. (text of measure as introduced: CR S1139)</text>
        <type>IntroReferral</type>
      </item>
      <item>
        <actionDate>2016-03-01</actionDate>
        <actionCode>10000</actionCode>
        <sourceSystem>
          <name>Library of Congress</name>
          <code>9</code>
        </sourceSystem>
        <links />
        <committee />
        <text>Introduced in Senate</text>
        <type>IntroReferral</type>
      </item>
      <actionTypeCounts>
        <orderedReported>1</orderedReported>
        <reportedToSenate>2</reportedToSenate>
        <placedOnCalendarGeneralOrders>1</placedOnCalendarGeneralOrders>
        <referredToCommittee>1</referredToCommittee>
        <introducedInSenate>1</introducedInSenate>
      </actionTypeCounts>
    </actions>
    <amendments />
    <originChamber>Senate</originChamber>
    <latestAction>
      <text>Placed on Senate Legislative Calendar under General Orders. Calendar No. 448.</text>
      <actionDate>2016-04-28</actionDate>
      <links />
    </latestAction>
    <subjects>
      <billSubjects>
        <legislativeSubjects>
          <item>
            <name>Africa</name>
          </item>
          <item>
            <name>Burkina Faso</name>
          </item>
          <item>
            <name>Congressional tributes</name>
          </item>
          <item>
            <name>Crime victims</name>
          </item>
          <item>
            <name>Diplomacy, foreign officials, Americans abroad</name>
          </item>
          <item>
            <name>Political movements and philosophies</name>
          </item>
          <item>
            <name>Terrorism</name>
          </item>
        </legislativeSubjects>
        <policyArea>
          <name>International Affairs</name>
        </policyArea>
      </billSubjects>
    </subjects>
    <cosponsors>
      <item>
        <firstName>MARK</firstName>
        <isOriginalCosponsor>True</isOriginalCosponsor>
        <fullName>Sen. Kirk, Mark Steven [R-IL]</fullName>
        <identifiers>
          <gpoId>8285</gpoId>
          <lisID>1647</lisID>
          <bioguideId>K000360</bioguideId>
        </identifiers>
        <middleName>STEVEN</middleName>
        <sponsorshipWithdrawnDate />
        <sponsorshipDate>2016-03-01</sponsorshipDate>
        <party>R</party>
        <bioguideId>K000360</bioguideId>
        <state>IL</state>
        <lastName>KIRK</lastName>
      </item>
      <item>
        <firstName>Marco</firstName>
        <isOriginalCosponsor>False</isOriginalCosponsor>
        <fullName>Sen. Rubio, Marco [R-FL]</fullName>
        <identifiers>
          <bioguideId>R000595</bioguideId>
          <lisID>2084</lisID>
          <gpoId>8242</gpoId>
        </identifiers>
        <middleName />
        <sponsorshipWithdrawnDate />
        <sponsorshipDate>2016-05-09</sponsorshipDate>
        <party>R</party>
        <bioguideId>R000595</bioguideId>
        <state>FL</state>
        <lastName>Rubio</lastName>
      </item>
    </cosponsors>
    <billType>SRES</billType>
  </bill>
  <dublinCore xmlns:dc="http://purl.org/dc/elements/1.1/">
    <dc:format>text/xml</dc:format>
    <dc:language>EN</dc:language>
    <dc:rights>Pursuant to Title 17 Section 105 of the United States Code, this file is not subject to copyright protection and is in the public domain.</dc:rights>
    <dc:contributor>Congressional Research Service, Library of Congress</dc:contributor>
    <dc:description>This file contains bill summaries and statuses for federal legislation. A bill summary describes the most significant provisions of a piece of legislation and details the effects the legislative text may have on current law and federal programs. Bill summaries are authored by the Congressional Research Service (CRS) of the Library of Congress. As stated in Public Law 91-510 (2 USC 166 (d)(6)), one of the duties of CRS is "to prepare summaries and digests of bills and resolutions of a public general nature introduced in the Senate or House of Representatives". For more information, refer to the User Guide that accompanies this file.</dc:description>
  </dublinCore>
</billStatus>

