<?xml version="1.0" encoding="UTF-8"?>
<billStatus>
  <bill>
    <latestAction>
      <text>Submitted in the Senate, considered, and agreed to without amendment and with a preamble by Unanimous Consent. (consideration: CR S7495; text as passed Senate: CR S7493)</text>
      <links />
      <actionDate>2015-10-26</actionDate>
    </latestAction>
    <policyArea>
      <name>Sports and Recreation</name>
    </policyArea>
    <amendments />
    <relatedBills>
      <item>
        <congress>114</congress>
        <type>HRES</type>
        <relationshipDetails>
          <item>
            <identifiedBy>CRS</identifiedBy>
            <type>Related bill</type>
          </item>
        </relationshipDetails>
        <number>486</number>
        <latestAction>
          <actionDate>2015-10-22</actionDate>
          <text>Referred to the House Committee on Oversight and Government Reform.</text>
        </latestAction>
        <latestTitle>Congratulating the Minnesota Lynx women's basketball team on winning the 2015 Women's National Basketball Association Championship.</latestTitle>
      </item>
    </relatedBills>
    <billNumber>297</billNumber>
    <updateDate>2016-11-02T23:13:52Z</updateDate>
    <sponsors>
      <item>
        <fullName>Sen. Klobuchar, Amy [D-MN]</fullName>
        <firstName>Amy</firstName>
        <lastName>Klobuchar</lastName>
        <identifiers>
          <gpoId>8249</gpoId>
          <lisID>1826</lisID>
          <bioguideId>K000367</bioguideId>
        </identifiers>
        <state>MN</state>
        <middleName />
        <party>D</party>
        <byRequestType />
        <bioguideId>K000367</bioguideId>
      </item>
    </sponsors>
    <notes />
    <originChamber>Senate</originChamber>
    <subjects>
      <billSubjects>
        <legislativeSubjects>
          <item>
            <name>Athletes</name>
          </item>
          <item>
            <name>Congressional tributes</name>
          </item>
          <item>
            <name>Minnesota</name>
          </item>
          <item>
            <name>Professional sports</name>
          </item>
        </legislativeSubjects>
        <policyArea>
          <name>Sports and Recreation</name>
        </policyArea>
      </billSubjects>
    </subjects>
    <committees>
      <billCommittees />
    </committees>
    <cosponsors>
      <item>
        <state>MN</state>
        <fullName>Sen. Franken, Al [D-MN]</fullName>
        <sponsorshipDate>2015-10-26</sponsorshipDate>
        <middleName />
        <identifiers>
          <gpoId>8339</gpoId>
          <lisID>1969</lisID>
          <bioguideId>F000457</bioguideId>
        </identifiers>
        <firstName>Al</firstName>
        <lastName>Franken</lastName>
        <bioguideId>F000457</bioguideId>
        <isOriginalCosponsor>True</isOriginalCosponsor>
        <sponsorshipWithdrawnDate />
        <party>D</party>
      </item>
    </cosponsors>
    <calendarNumbers />
    <committeeReports />
    <congress>114</congress>
    <title>A resolution congratulating the Minnesota Lynx on their victory in the 2015 Women's National Basketball Association Finals.</title>
    <introducedDate>2015-10-26</introducedDate>
    <actions>
      <actionTypeCounts>
        <passedOrAgreedToInSenateDayOf>1</passedOrAgreedToInSenateDayOf>
        <passedAgreedToInSenate>1</passedAgreedToInSenate>
        <introducedInSenate>1</introducedInSenate>
      </actionTypeCounts>
      <item>
        <actionDate>2015-10-26</actionDate>
        <committee />
        <links>
          <link>
            <name>S7493</name>
            <url>https://www.congress.gov/congressional-record/volume-161/senate-section/page/S7493</url>
          </link>
          <link>
            <name>S7495</name>
            <url>https://www.congress.gov/congressional-record/volume-161/senate-section/page/S7495</url>
          </link>
        </links>
        <sourceSystem>
          <code>0</code>
          <name>Senate</name>
        </sourceSystem>
        <text>Submitted in the Senate, considered, and agreed to without amendment and with a preamble by Unanimous Consent. (consideration: CR S7495; text as passed Senate: CR S7493)</text>
        <type>Floor</type>
      </item>
      <item>
        <actionDate>2015-10-26</actionDate>
        <sourceSystem>
          <code>9</code>
          <name>Library of Congress</name>
        </sourceSystem>
        <text>Passed/agreed to in Senate: Submitted in the Senate, considered, and agreed to without amendment and with a preamble by Unanimous Consent.(consideration: CR S7495; text as passed Senate: CR S7493)</text>
        <type>Floor</type>
        <links>
          <link>
            <name>S7493</name>
            <url>https://www.congress.gov/congressional-record/volume-161/senate-section/page/S7493</url>
          </link>
          <link>
            <name>S7495</name>
            <url>https://www.congress.gov/congressional-record/volume-161/senate-section/page/S7495</url>
          </link>
        </links>
        <actionCode>17000</actionCode>
        <committee />
      </item>
      <item>
        <actionDate>2015-10-26</actionDate>
        <sourceSystem>
          <code>9</code>
          <name>Library of Congress</name>
        </sourceSystem>
        <text>Introduced in Senate</text>
        <type>IntroReferral</type>
        <links />
        <actionCode>10000</actionCode>
        <committee />
      </item>
      <actionByCounts>
        <senate>3</senate>
      </actionByCounts>
    </actions>
    <summaries>
      <billSummaries>
        <item>
          <actionDate>2015-10-26</actionDate>
          <updateDate>2015-10-26T04:00:00Z</updateDate>
          <name>Introduced in Senate</name>
          <lastSummaryUpdateDate>2015-11-06T15:53:27Z</lastSummaryUpdateDate>
          <versionCode>00</versionCode>
          <actionDesc>Introduced in Senate</actionDesc>
          <text><![CDATA[<p>Recognizes: (1) the achievements of the players, coaches, fans, and staff whose dedication helped the Minnesota Lynx win the 2015 Women's National Basketball Association championship; and (2) the Twin Cities area and the state of Minnesota for supporting women's professional basketball.</p>]]></text>
        </item>
        <item>
          <actionDate>2015-10-26</actionDate>
          <updateDate>2015-10-26T12:24:51Z</updateDate>
          <name>Passed Senate without amendment</name>
          <lastSummaryUpdateDate>2015-11-06T15:53:39Z</lastSummaryUpdateDate>
          <versionCode>82</versionCode>
          <actionDesc>Passed Senate without amendment</actionDesc>
          <text><![CDATA[<p>(This measure has not been amended since it was introduced. The summary of that version is repeated here.)</p> <p>Recognizes: (1) the achievements of the players, coaches, fans, and staff whose dedication helped the Minnesota Lynx win the 2015 Women's National Basketball Association championship; and (2) the Twin Cities area and the state of Minnesota for supporting women's professional basketball.</p>]]></text>
        </item>
      </billSummaries>
    </summaries>
    <laws />
    <createDate>2015-10-27T09:11:08Z</createDate>
    <titles>
      <item>
        <chamberCode />
        <title>A resolution congratulating the Minnesota Lynx on their victory in the 2015 Women's National Basketball Association Finals.</title>
        <chamberName />
        <titleType>Official Title as Introduced</titleType>
        <parentTitleType />
      </item>
      <item>
        <chamberCode />
        <title>A resolution congratulating the Minnesota Lynx on their victory in the 2015 Women's National Basketball Association Finals.</title>
        <chamberName />
        <titleType>Display Title</titleType>
        <parentTitleType />
      </item>
    </titles>
    <cboCostEstimates />
    <recordedVotes />
    <billType>SRES</billType>
  </bill>
  <dublinCore xmlns:dc="http://purl.org/dc/elements/1.1/">
    <dc:format>text/xml</dc:format>
    <dc:language>EN</dc:language>
    <dc:rights>Pursuant to Title 17 Section 105 of the United States Code, this file is not subject to copyright protection and is in the public domain.</dc:rights>
    <dc:contributor>Congressional Research Service, Library of Congress</dc:contributor>
    <dc:description>This file contains bill summaries and statuses for federal legislation. A bill summary describes the most significant provisions of a piece of legislation and details the effects the legislative text may have on current law and federal programs. Bill summaries are authored by the Congressional Research Service (CRS) of the Library of Congress. As stated in Public Law 91-510 (2 USC 166 (d)(6)), one of the duties of CRS is "to prepare summaries and digests of bills and resolutions of a public general nature introduced in the Senate or House of Representatives". For more information, refer to the User Guide that accompanies this file.</dc:description>
  </dublinCore>
</billStatus>

