<?xml version="1.0" encoding="UTF-8"?>
<billStatus>
  <bill>
    <cboCostEstimates />
    <policyArea>
      <name>Families</name>
    </policyArea>
    <notes />
    <committeeReports />
    <titles>
      <item>
        <parentTitleType />
        <chamberCode />
        <chamberName />
        <title>A resolution designating April 30, 2015, as Dia de los Ninos: Celebrating Young Americans.</title>
        <titleType>Official Title as Introduced</titleType>
      </item>
      <item>
        <parentTitleType />
        <chamberCode />
        <chamberName />
        <title>A resolution designating April 30, 2015, as Dia de los Ninos: Celebrating Young Americans.</title>
        <titleType>Display Title</titleType>
      </item>
    </titles>
    <summaries>
      <billSummaries>
        <item>
          <updateDate>2015-04-30T04:00:00Z</updateDate>
          <versionCode>00</versionCode>
          <text><![CDATA[<p>Designates April 30, 2015, as "Dia de los Ninos: Celebrating Young Americans."</p>]]></text>
          <lastSummaryUpdateDate>2015-05-06T17:02:58Z</lastSummaryUpdateDate>
          <actionDate>2015-04-30</actionDate>
          <actionDesc>Introduced in Senate</actionDesc>
          <name>Introduced in Senate</name>
        </item>
        <item>
          <updateDate>2015-04-30T17:00:52Z</updateDate>
          <versionCode>82</versionCode>
          <text><![CDATA[<p>(This measure has not been amended since it was introduced. The summary of that version is repeated here.)</p> <p>Designates April 30, 2015, as "Dia de los Ninos: Celebrating Young Americans."</p>]]></text>
          <lastSummaryUpdateDate>2015-05-06T17:03:06Z</lastSummaryUpdateDate>
          <actionDate>2015-04-30</actionDate>
          <actionDesc>Passed Senate without amendment</actionDesc>
          <name>Passed Senate without amendment</name>
        </item>
      </billSummaries>
    </summaries>
    <createDate>2015-05-01T09:12:56Z</createDate>
    <recordedVotes />
    <billNumber>164</billNumber>
    <introducedDate>2015-04-30</introducedDate>
    <relatedBills>
      <item>
        <latestTitle>Expressing support for designation of April 30, 2016, as Día de los Niños: Celebrating Young Americans.</latestTitle>
        <number>711</number>
        <latestAction>
          <text>Referred to the House Committee on Oversight and Government Reform.</text>
          <actionDate>2016-04-28</actionDate>
        </latestAction>
        <type>HRES</type>
        <congress>114</congress>
        <relationshipDetails>
          <item>
            <identifiedBy>CRS</identifiedBy>
            <type>Related bill</type>
          </item>
        </relationshipDetails>
      </item>
      <item>
        <latestTitle>A resolution designating April 30, 2016, as "Dia de los Ninos: Celebrating Young Americans".</latestTitle>
        <number>453</number>
        <latestAction>
          <text>Submitted in the Senate, considered, and agreed to without amendment and with a preamble by Unanimous Consent. (consideration: CR S2576-2577; text as passed Senate: CR S2566)</text>
          <actionDate>2016-04-28</actionDate>
        </latestAction>
        <type>SRES</type>
        <congress>114</congress>
        <relationshipDetails>
          <item>
            <identifiedBy>CRS</identifiedBy>
            <type>Related bill</type>
          </item>
        </relationshipDetails>
      </item>
    </relatedBills>
    <updateDate>2016-11-02T23:13:08Z</updateDate>
    <committees>
      <billCommittees />
    </committees>
    <congress>114</congress>
    <laws />
    <title>A resolution designating April 30, 2015, as Dia de los Ninos: Celebrating Young Americans.</title>
    <calendarNumbers />
    <sponsors>
      <item>
        <identifiers>
          <bioguideId>M000639</bioguideId>
          <lisID>791</lisID>
          <gpoId>8239</gpoId>
        </identifiers>
        <byRequestType />
        <fullName>Sen. Menendez, Robert [D-NJ]</fullName>
        <firstName>ROBERT</firstName>
        <state>NJ</state>
        <bioguideId>M000639</bioguideId>
        <middleName />
        <party>D</party>
        <lastName>MENENDEZ</lastName>
      </item>
    </sponsors>
    <actions>
      <item>
        <actionDate>2015-04-30</actionDate>
        <committee />
        <links>
          <link>
            <name>S2582</name>
            <url>https://www.congress.gov/congressional-record/volume-161/senate-section/page/S2582</url>
          </link>
          <link>
            <name>S2589</name>
            <url>https://www.congress.gov/congressional-record/volume-161/senate-section/page/S2589</url>
          </link>
        </links>
        <sourceSystem>
          <code>0</code>
          <name>Senate</name>
        </sourceSystem>
        <text>Submitted in the Senate, considered, and agreed to without amendment and with a preamble by Unanimous Consent. (consideration: CR S2589; text as passed Senate: CR S2582)</text>
        <type>Floor</type>
      </item>
      <item>
        <text>Passed/agreed to in Senate: Submitted in the Senate, considered, and agreed to without amendment and with a preamble by Unanimous Consent.(consideration: CR S2589; text as passed Senate: CR S2582)</text>
        <committee />
        <actionCode>17000</actionCode>
        <sourceSystem>
          <code>9</code>
          <name>Library of Congress</name>
        </sourceSystem>
        <type>Floor</type>
        <actionDate>2015-04-30</actionDate>
        <links>
          <link>
            <name>S2582</name>
            <url>https://www.congress.gov/congressional-record/volume-161/senate-section/page/S2582</url>
          </link>
          <link>
            <name>S2589</name>
            <url>https://www.congress.gov/congressional-record/volume-161/senate-section/page/S2589</url>
          </link>
        </links>
      </item>
      <item>
        <text>Introduced in Senate</text>
        <committee />
        <actionCode>10000</actionCode>
        <sourceSystem>
          <code>9</code>
          <name>Library of Congress</name>
        </sourceSystem>
        <type>IntroReferral</type>
        <actionDate>2015-04-30</actionDate>
        <links />
      </item>
      <actionByCounts>
        <senate>3</senate>
      </actionByCounts>
      <actionTypeCounts>
        <passedAgreedToInSenate>1</passedAgreedToInSenate>
        <introducedInSenate>1</introducedInSenate>
        <passedOrAgreedToInSenateDayOf>1</passedOrAgreedToInSenateDayOf>
      </actionTypeCounts>
    </actions>
    <amendments />
    <originChamber>Senate</originChamber>
    <latestAction>
      <text>Submitted in the Senate, considered, and agreed to without amendment and with a preamble by Unanimous Consent. (consideration: CR S2589; text as passed Senate: CR S2582)</text>
      <actionDate>2015-04-30</actionDate>
      <links />
    </latestAction>
    <subjects>
      <billSubjects>
        <legislativeSubjects>
          <item>
            <name>Child care and development</name>
          </item>
          <item>
            <name>Commemorative events and holidays</name>
          </item>
          <item>
            <name>Community life and organization</name>
          </item>
          <item>
            <name>Cultural exchanges and relations</name>
          </item>
          <item>
            <name>Family relationships</name>
          </item>
        </legislativeSubjects>
        <policyArea>
          <name>Families</name>
        </policyArea>
      </billSubjects>
    </subjects>
    <cosponsors>
      <item>
        <state>NV</state>
        <fullName>Sen. Reid, Harry [D-NV]</fullName>
        <middleName>M.</middleName>
        <firstName>HARRY</firstName>
        <bioguideId>R000146</bioguideId>
        <sponsorshipWithdrawnDate />
        <lastName>REID</lastName>
        <party>D</party>
        <identifiers>
          <lisID>952</lisID>
          <bioguideId>R000146</bioguideId>
          <gpoId>8271</gpoId>
        </identifiers>
        <isOriginalCosponsor>True</isOriginalCosponsor>
        <sponsorshipDate>2015-04-30</sponsorshipDate>
      </item>
      <item>
        <state>ID</state>
        <fullName>Sen. Crapo, Mike [R-ID]</fullName>
        <middleName>D.</middleName>
        <firstName>MICHAEL</firstName>
        <bioguideId>C000880</bioguideId>
        <sponsorshipWithdrawnDate />
        <lastName>CRAPO</lastName>
        <party>R</party>
        <identifiers>
          <lisID>250</lisID>
          <gpoId>8289</gpoId>
          <bioguideId>C000880</bioguideId>
        </identifiers>
        <isOriginalCosponsor>True</isOriginalCosponsor>
        <sponsorshipDate>2015-04-30</sponsorshipDate>
      </item>
      <item>
        <state>CO</state>
        <fullName>Sen. Bennet, Michael F. [D-CO]</fullName>
        <middleName>F.</middleName>
        <firstName>Michael</firstName>
        <bioguideId>B001267</bioguideId>
        <sponsorshipWithdrawnDate />
        <lastName>Bennet</lastName>
        <party>D</party>
        <identifiers>
          <gpoId>8302</gpoId>
          <lisID>1965</lisID>
          <bioguideId>B001267</bioguideId>
        </identifiers>
        <isOriginalCosponsor>True</isOriginalCosponsor>
        <sponsorshipDate>2015-04-30</sponsorshipDate>
      </item>
      <item>
        <state>NJ</state>
        <fullName>Sen. Booker, Cory A. [D-NJ]</fullName>
        <middleName>A.</middleName>
        <firstName>Cory</firstName>
        <bioguideId>B001288</bioguideId>
        <sponsorshipWithdrawnDate />
        <lastName>Booker</lastName>
        <party>D</party>
        <identifiers>
          <lisID>2194</lisID>
          <gpoId />
          <bioguideId>B001288</bioguideId>
        </identifiers>
        <isOriginalCosponsor>True</isOriginalCosponsor>
        <sponsorshipDate>2015-04-30</sponsorshipDate>
      </item>
      <item>
        <state>IL</state>
        <fullName>Sen. Durbin, Richard [D-IL]</fullName>
        <middleName>J.</middleName>
        <firstName>RICHARD</firstName>
        <bioguideId>D000563</bioguideId>
        <sponsorshipWithdrawnDate />
        <lastName>DURBIN</lastName>
        <party>D</party>
        <identifiers>
          <bioguideId>D000563</bioguideId>
          <lisID>326</lisID>
          <gpoId>8326</gpoId>
        </identifiers>
        <isOriginalCosponsor>True</isOriginalCosponsor>
        <sponsorshipDate>2015-04-30</sponsorshipDate>
      </item>
      <item>
        <state>CA</state>
        <fullName>Sen. Feinstein, Dianne [D-CA]</fullName>
        <middleName />
        <firstName>DIANNE</firstName>
        <bioguideId>F000062</bioguideId>
        <sponsorshipWithdrawnDate />
        <lastName>FEINSTEIN</lastName>
        <party>D</party>
        <identifiers>
          <gpoId>8338</gpoId>
          <lisID>1332</lisID>
          <bioguideId>F000062</bioguideId>
        </identifiers>
        <isOriginalCosponsor>True</isOriginalCosponsor>
        <sponsorshipDate>2015-04-30</sponsorshipDate>
      </item>
      <item>
        <state>NM</state>
        <fullName>Sen. Heinrich, Martin [D-NM]</fullName>
        <middleName />
        <firstName>Martin</firstName>
        <bioguideId>H001046</bioguideId>
        <sponsorshipWithdrawnDate />
        <lastName>Heinrich</lastName>
        <party>D</party>
        <identifiers>
          <lisID>1937</lisID>
          <gpoId>8056</gpoId>
          <bioguideId>H001046</bioguideId>
        </identifiers>
        <isOriginalCosponsor>True</isOriginalCosponsor>
        <sponsorshipDate>2015-04-30</sponsorshipDate>
      </item>
      <item>
        <state>WA</state>
        <fullName>Sen. Murray, Patty [D-WA]</fullName>
        <middleName />
        <firstName>PATTY</firstName>
        <bioguideId>M001111</bioguideId>
        <sponsorshipWithdrawnDate />
        <lastName>MURRAY</lastName>
        <party>D</party>
        <identifiers>
          <lisID>1409</lisID>
          <gpoId>8237</gpoId>
          <bioguideId>M001111</bioguideId>
        </identifiers>
        <isOriginalCosponsor>True</isOriginalCosponsor>
        <sponsorshipDate>2015-04-30</sponsorshipDate>
      </item>
      <item>
        <state>RI</state>
        <fullName>Sen. Reed, Jack [D-RI]</fullName>
        <middleName>F.</middleName>
        <firstName>JOHN</firstName>
        <bioguideId>R000122</bioguideId>
        <sponsorshipWithdrawnDate />
        <lastName>REED</lastName>
        <party>D</party>
        <identifiers>
          <lisID>949</lisID>
          <gpoId>8272</gpoId>
          <bioguideId>R000122</bioguideId>
        </identifiers>
        <isOriginalCosponsor>True</isOriginalCosponsor>
        <sponsorshipDate>2015-04-30</sponsorshipDate>
      </item>
      <item>
        <state>NY</state>
        <fullName>Sen. Schumer, Charles E. [D-NY]</fullName>
        <middleName>E.</middleName>
        <firstName>CHARLES</firstName>
        <bioguideId>S000148</bioguideId>
        <sponsorshipWithdrawnDate />
        <lastName>SCHUMER</lastName>
        <party>D</party>
        <identifiers>
          <lisID>1036</lisID>
          <gpoId>8279</gpoId>
          <bioguideId>S000148</bioguideId>
        </identifiers>
        <isOriginalCosponsor>True</isOriginalCosponsor>
        <sponsorshipDate>2015-04-30</sponsorshipDate>
      </item>
    </cosponsors>
    <billType>SRES</billType>
  </bill>
  <dublinCore xmlns:dc="http://purl.org/dc/elements/1.1/">
    <dc:format>text/xml</dc:format>
    <dc:language>EN</dc:language>
    <dc:rights>Pursuant to Title 17 Section 105 of the United States Code, this file is not subject to copyright protection and is in the public domain.</dc:rights>
    <dc:contributor>Congressional Research Service, Library of Congress</dc:contributor>
    <dc:description>This file contains bill summaries and statuses for federal legislation. A bill summary describes the most significant provisions of a piece of legislation and details the effects the legislative text may have on current law and federal programs. Bill summaries are authored by the Congressional Research Service (CRS) of the Library of Congress. As stated in Public Law 91-510 (2 USC 166 (d)(6)), one of the duties of CRS is "to prepare summaries and digests of bills and resolutions of a public general nature introduced in the Senate or House of Representatives". For more information, refer to the User Guide that accompanies this file.</dc:description>
  </dublinCore>
</billStatus>

