<?xml version="1.0" encoding="UTF-8"?>
<billStatus>
  <bill>
    <committees>
      <billCommittees />
    </committees>
    <congress>114</congress>
    <billNumber>22</billNumber>
    <updateDate>2016-11-02T23:12:21Z</updateDate>
    <calendarNumbers />
    <policyArea>
      <name>Congress</name>
    </policyArea>
    <summaries>
      <billSummaries>
        <item>
          <versionCode>00</versionCode>
          <actionDate>2015-01-07</actionDate>
          <name>Introduced in Senate</name>
          <lastSummaryUpdateDate>2015-01-20T21:12:30Z</lastSummaryUpdateDate>
          <text><![CDATA[<p>Designates the minority party membership on specified Senate committees for the 114th Congress.</p>]]></text>
          <actionDesc>Introduced in Senate</actionDesc>
          <updateDate>2015-01-07T05:00:00Z</updateDate>
        </item>
        <item>
          <versionCode>82</versionCode>
          <actionDate>2015-01-07</actionDate>
          <name>Passed Senate without amendment</name>
          <lastSummaryUpdateDate>2015-02-06T21:55:18Z</lastSummaryUpdateDate>
          <text><![CDATA[<p>(This measure has not been amended since it was introduced. The summary of that version is repeated here.)</p> <p>Designates the minority party membership on specified Senate committees for the 114th Congress.</p>]]></text>
          <actionDesc>Passed Senate without amendment</actionDesc>
          <updateDate>2015-01-07T17:27:56Z</updateDate>
        </item>
      </billSummaries>
    </summaries>
    <title>A resolution to constitute the minority party's membership on certain committees for the One Hundred Fourteenth Congress, or until their successors are chosen.</title>
    <laws />
    <cosponsors />
    <billType>SRES</billType>
    <cboCostEstimates />
    <recordedVotes />
    <relatedBills />
    <actions>
      <actionTypeCounts>
        <passedOrAgreedToInSenateDayOf>1</passedOrAgreedToInSenateDayOf>
        <introducedInSenate>1</introducedInSenate>
        <starPrintOrdered>1</starPrintOrdered>
        <passedAgreedToInSenate>1</passedAgreedToInSenate>
      </actionTypeCounts>
      <actionByCounts>
        <senate>4</senate>
      </actionByCounts>
      <item>
        <actionDate>2015-01-08</actionDate>
        <committee />
        <links />
        <sourceSystem>
          <name>Senate</name>
          <code>0</code>
        </sourceSystem>
        <text>Star Print ordered on the resolution.</text>
        <type>Floor</type>
      </item>
      <item>
        <actionDate>2015-01-07</actionDate>
        <committee />
        <links>
          <link>
            <url>https://www.congress.gov/congressional-record/volume-161/senate-section/page/S66</url>
            <name>S66</name>
          </link>
          <link>
            <url>https://www.congress.gov/congressional-record/volume-161/senate-section/page/S67-68</url>
            <name>S67-68</name>
          </link>
        </links>
        <sourceSystem>
          <name>Senate</name>
          <code>0</code>
        </sourceSystem>
        <text>Submitted in the Senate, considered, and agreed to without amendment by Unanimous Consent. (consideration: CR S67-68; text as passed Senate: CR S67-68; text of measure as introduced: CR S66)</text>
        <type>Floor</type>
      </item>
      <item>
        <links>
          <link>
            <url>https://www.congress.gov/congressional-record/volume-161/senate-section/page/S66</url>
            <name>S66</name>
          </link>
          <link>
            <url>https://www.congress.gov/congressional-record/volume-161/senate-section/page/S67-68</url>
            <name>S67-68</name>
          </link>
        </links>
        <committee />
        <actionCode>17000</actionCode>
        <actionDate>2015-01-07</actionDate>
        <text>Passed/agreed to in Senate: Submitted in the Senate, considered, and agreed to without amendment by Unanimous Consent.(consideration: CR S67-68; text as passed Senate: CR S67-68; text of measure as introduced: CR S66)</text>
        <type>Floor</type>
        <sourceSystem>
          <name>Library of Congress</name>
          <code>9</code>
        </sourceSystem>
      </item>
      <item>
        <links />
        <committee />
        <actionCode>10000</actionCode>
        <actionDate>2015-01-07</actionDate>
        <text>Introduced in Senate</text>
        <type>IntroReferral</type>
        <sourceSystem>
          <name>Library of Congress</name>
          <code>9</code>
        </sourceSystem>
      </item>
    </actions>
    <notes />
    <latestAction>
      <actionDate>2015-01-08</actionDate>
      <links />
      <text>Star Print ordered on the resolution.</text>
    </latestAction>
    <introducedDate>2015-01-07</introducedDate>
    <sponsors>
      <item>
        <fullName>Sen. Reid, Harry [D-NV]</fullName>
        <firstName>HARRY</firstName>
        <byRequestType />
        <identifiers>
          <bioguideId>R000146</bioguideId>
          <gpoId>8271</gpoId>
          <lisID>952</lisID>
        </identifiers>
        <middleName>M.</middleName>
        <bioguideId>R000146</bioguideId>
        <party>D</party>
        <state>NV</state>
        <lastName>REID</lastName>
      </item>
    </sponsors>
    <subjects>
      <billSubjects>
        <policyArea>
          <name>Congress</name>
        </policyArea>
        <legislativeSubjects>
          <item>
            <name>Congressional committees</name>
          </item>
          <item>
            <name>Joint Economic Committee</name>
          </item>
          <item>
            <name>Members of Congress</name>
          </item>
          <item>
            <name>Senate</name>
          </item>
          <item>
            <name>Senate Committee on Agriculture, Nutrition, and Forestry</name>
          </item>
          <item>
            <name>Senate Committee on Appropriations</name>
          </item>
          <item>
            <name>Senate Committee on Armed Services</name>
          </item>
          <item>
            <name>Senate Committee on Banking, Housing, and Urban Affairs</name>
          </item>
          <item>
            <name>Senate Committee on Commerce, Science, and Transportation</name>
          </item>
          <item>
            <name>Senate Committee on Energy and Natural Resources</name>
          </item>
          <item>
            <name>Senate Committee on Environment and Public Works</name>
          </item>
          <item>
            <name>Senate Committee on Finance</name>
          </item>
          <item>
            <name>Senate Committee on Foreign Relations</name>
          </item>
          <item>
            <name>Senate Committee on Health, Education, Labor, and Pensions</name>
          </item>
          <item>
            <name>Senate Committee on Homeland Security and Governmental Affairs</name>
          </item>
          <item>
            <name>Senate Committee on Indian Affairs</name>
          </item>
          <item>
            <name>Senate Committee on Rules and Administration</name>
          </item>
          <item>
            <name>Senate Committee on Small Business and Entrepreneurship</name>
          </item>
          <item>
            <name>Senate Committee on Veterans' Affairs</name>
          </item>
          <item>
            <name>Senate Committee on the Budget</name>
          </item>
          <item>
            <name>Senate Committee on the Judiciary</name>
          </item>
          <item>
            <name>Senate Select Committee on Ethics</name>
          </item>
          <item>
            <name>Senate Select Committee on Intelligence</name>
          </item>
          <item>
            <name>Senate Special Committee on Aging</name>
          </item>
        </legislativeSubjects>
      </billSubjects>
    </subjects>
    <committeeReports />
    <amendments />
    <createDate>2015-01-08T02:24:26Z</createDate>
    <originChamber>Senate</originChamber>
    <titles>
      <item>
        <title>A resolution to constitute the minority party's membership on certain committees for the One Hundred Fourteenth Congress, or until their successors are chosen.</title>
        <titleType>Official Title as Introduced</titleType>
        <chamberCode />
        <chamberName />
        <parentTitleType />
      </item>
      <item>
        <title>A resolution to constitute the minority party's membership on certain committees for the One Hundred Fourteenth Congress, or until their successors are chosen.</title>
        <titleType>Display Title</titleType>
        <chamberCode />
        <chamberName />
        <parentTitleType />
      </item>
    </titles>
  </bill>
  <dublinCore xmlns:dc="http://purl.org/dc/elements/1.1/">
    <dc:format>text/xml</dc:format>
    <dc:language>EN</dc:language>
    <dc:rights>Pursuant to Title 17 Section 105 of the United States Code, this file is not subject to copyright protection and is in the public domain.</dc:rights>
    <dc:contributor>Congressional Research Service, Library of Congress</dc:contributor>
    <dc:description>This file contains bill summaries and statuses for federal legislation. A bill summary describes the most significant provisions of a piece of legislation and details the effects the legislative text may have on current law and federal programs. Bill summaries are authored by the Congressional Research Service (CRS) of the Library of Congress. As stated in Public Law 91-510 (2 USC 166 (d)(6)), one of the duties of CRS is "to prepare summaries and digests of bills and resolutions of a public general nature introduced in the Senate or House of Representatives". For more information, refer to the User Guide that accompanies this file.</dc:description>
  </dublinCore>
</billStatus>

