<?xml version="1.0" encoding="UTF-8"?>
<billStatus>
  <bill>
    <billType>SRES</billType>
    <laws />
    <recordedVotes />
    <actions>
      <actionTypeCounts>
        <agreedToInSenate>1</agreedToInSenate>
        <referredToCommittee>1</referredToCommittee>
        <passedAgreedToInSenate>1</passedAgreedToInSenate>
        <introducedInSenate>1</introducedInSenate>
        <senateCommitteeDischarged>1</senateCommitteeDischarged>
        <committeeDischarged>1</committeeDischarged>
      </actionTypeCounts>
      <actionByCounts>
        <senate>6</senate>
      </actionByCounts>
      <item>
        <actionDate>2015-10-28</actionDate>
        <committee />
        <links />
        <sourceSystem>
          <name>Senate</name>
          <code>0</code>
        </sourceSystem>
        <text>Resolution agreed to in Senate without amendment and with a preamble by Unanimous Consent.</text>
        <type>Floor</type>
      </item>
      <item>
        <actionCode>17000</actionCode>
        <actionDate>2015-10-28</actionDate>
        <text>Passed/agreed to in Senate: Resolution agreed to in Senate without amendment and with a preamble by Unanimous Consent.</text>
        <committee />
        <type>Floor</type>
        <links />
        <sourceSystem>
          <name>Library of Congress</name>
          <code>9</code>
        </sourceSystem>
      </item>
      <item>
        <actionDate>2015-10-28</actionDate>
        <committee>
          <systemCode>ssju00</systemCode>
          <name>Judiciary Committee</name>
        </committee>
        <links>
          <link>
            <name>S7598</name>
            <url>https://www.congress.gov/congressional-record/volume-161/senate-section/page/S7598</url>
          </link>
        </links>
        <sourceSystem>
          <name>Senate</name>
          <code>0</code>
        </sourceSystem>
        <text>Senate Committee on the Judiciary discharged by Unanimous Consent. (consideration: CR S7598)</text>
        <type>Discharge</type>
      </item>
      <item>
        <actionCode>14500</actionCode>
        <actionDate>2015-10-28</actionDate>
        <text>Senate Committee on the Judiciary discharged by Unanimous Consent.(consideration: CR S7598)</text>
        <committee>
          <systemCode>ssju00</systemCode>
          <name>Judiciary Committee</name>
        </committee>
        <type>Committee</type>
        <links>
          <link>
            <name>S7598</name>
            <url>https://www.congress.gov/congressional-record/volume-161/senate-section/page/S7598</url>
          </link>
        </links>
        <sourceSystem>
          <name>Library of Congress</name>
          <code>9</code>
        </sourceSystem>
      </item>
      <item>
        <actionDate>2015-10-22</actionDate>
        <committee>
          <systemCode>ssju00</systemCode>
          <name>Judiciary Committee</name>
        </committee>
        <links>
          <link>
            <name>S7474</name>
            <url>https://www.congress.gov/congressional-record/volume-161/senate-section/page/S7474</url>
          </link>
        </links>
        <sourceSystem>
          <name>Senate</name>
          <code>0</code>
        </sourceSystem>
        <text>Referred to the Committee on the Judiciary. (text of measure as introduced: CR S7474)</text>
        <type>IntroReferral</type>
      </item>
      <item>
        <actionCode>10000</actionCode>
        <actionDate>2015-10-22</actionDate>
        <text>Introduced in Senate</text>
        <committee />
        <type>IntroReferral</type>
        <links />
        <sourceSystem>
          <name>Library of Congress</name>
          <code>9</code>
        </sourceSystem>
      </item>
    </actions>
    <billNumber>293</billNumber>
    <policyArea>
      <name>Families</name>
    </policyArea>
    <notes />
    <latestAction>
      <actionDate>2015-10-28</actionDate>
      <links />
      <text>Resolution agreed to in Senate without amendment and with a preamble by Unanimous Consent.</text>
    </latestAction>
    <relatedBills>
      <item>
        <latestAction>
          <actionDate>2016-09-15</actionDate>
          <text>Submitted in the Senate, considered, and agreed to without amendment and with a preamble by Unanimous Consent. (consideration: CR S5868; text as passed Senate: CR S5850-5851)</text>
        </latestAction>
        <number>566</number>
        <congress>114</congress>
        <type>SRES</type>
        <latestTitle>A resolution supporting the goals and ideals of National Domestic Violence Awareness Month, commending domestic violence victim advocates, domestic violence victim service providers, crisis hotline staff, and first responders serving victims of domestic violence for their compassionate support of victims of domestic violence, and expressing the sense of the Senate that Congress should continue to support efforts to end domestic violence and hold perpetrators of domestic violence accountable.</latestTitle>
        <relationshipDetails>
          <item>
            <identifiedBy>CRS</identifiedBy>
            <type>Identical bill</type>
          </item>
        </relationshipDetails>
      </item>
    </relatedBills>
    <committees>
      <billCommittees>
        <item>
          <subcommittees />
          <chamber>Senate</chamber>
          <systemCode>ssju00</systemCode>
          <activities>
            <item>
              <date>2015-10-28T22:40:10Z</date>
              <name>Discharged from</name>
            </item>
            <item>
              <date>2015-10-22T21:21:46Z</date>
              <name>Referred to</name>
            </item>
          </activities>
          <type>Standing</type>
          <name>Judiciary Committee</name>
        </item>
      </billCommittees>
    </committees>
    <cosponsors>
      <item>
        <state>VT</state>
        <fullName>Sen. Leahy, Patrick J. [D-VT]</fullName>
        <sponsorshipDate>2015-10-22</sponsorshipDate>
        <middleName>JOSEPH</middleName>
        <identifiers>
          <bioguideId>L000174</bioguideId>
          <lisID>1383</lisID>
          <gpoId>8244</gpoId>
        </identifiers>
        <firstName>PATRICK</firstName>
        <lastName>LEAHY</lastName>
        <bioguideId>L000174</bioguideId>
        <isOriginalCosponsor>True</isOriginalCosponsor>
        <sponsorshipWithdrawnDate />
        <party>D</party>
      </item>
      <item>
        <state>NH</state>
        <fullName>Sen. Ayotte, Kelly [R-NH]</fullName>
        <sponsorshipDate>2015-10-22</sponsorshipDate>
        <middleName />
        <identifiers>
          <bioguideId>A000368</bioguideId>
          <gpoId>8315</gpoId>
          <lisID>2075</lisID>
        </identifiers>
        <firstName>Kelly</firstName>
        <lastName>Ayotte</lastName>
        <bioguideId>A000368</bioguideId>
        <isOriginalCosponsor>True</isOriginalCosponsor>
        <sponsorshipWithdrawnDate />
        <party>R</party>
      </item>
      <item>
        <state>MN</state>
        <fullName>Sen. Klobuchar, Amy [D-MN]</fullName>
        <sponsorshipDate>2015-10-22</sponsorshipDate>
        <middleName />
        <identifiers>
          <lisID>1826</lisID>
          <gpoId>8249</gpoId>
          <bioguideId>K000367</bioguideId>
        </identifiers>
        <firstName>Amy</firstName>
        <lastName>Klobuchar</lastName>
        <bioguideId>K000367</bioguideId>
        <isOriginalCosponsor>True</isOriginalCosponsor>
        <sponsorshipWithdrawnDate />
        <party>D</party>
      </item>
    </cosponsors>
    <committeeReports />
    <sponsors>
      <item>
        <fullName>Sen. Grassley, Chuck [R-IA]</fullName>
        <firstName>CHARLES</firstName>
        <lastName>GRASSLEY</lastName>
        <state>IA</state>
        <party>R</party>
        <bioguideId>G000386</bioguideId>
        <identifiers>
          <bioguideId>G000386</bioguideId>
          <gpoId>8316</gpoId>
          <lisID>457</lisID>
        </identifiers>
        <middleName>ERNEST</middleName>
        <byRequestType />
      </item>
    </sponsors>
    <createDate>2015-10-23T09:16:49Z</createDate>
    <updateDate>2016-11-02T23:13:51Z</updateDate>
    <introducedDate>2015-10-22</introducedDate>
    <summaries>
      <billSummaries>
        <item>
          <actionDate>2015-10-22</actionDate>
          <actionDesc>Introduced in Senate</actionDesc>
          <lastSummaryUpdateDate>2015-11-09T19:50:42Z</lastSummaryUpdateDate>
          <versionCode>00</versionCode>
          <updateDate>2015-10-22T04:00:00Z</updateDate>
          <name>Introduced in Senate</name>
          <text><![CDATA[<p>Supports the goals and ideals of National Domestic Violence Awareness Month.</p> <p>Expresses the sense of the Senate that Congress should: (1) continue to raise awareness of domestic violence in the United States and the corresponding devastating effects of domestic violence on survivors, families, and communities; and (2) pledge continued support for programs designed to assist survivors, hold perpetrators accountable, and bring an end to domestic violence.</p>]]></text>
        </item>
        <item>
          <actionDate>2015-10-28</actionDate>
          <actionDesc>Passed Senate without amendment</actionDesc>
          <lastSummaryUpdateDate>2015-11-09T19:51:44Z</lastSummaryUpdateDate>
          <versionCode>82</versionCode>
          <updateDate>2015-10-28T11:20:26Z</updateDate>
          <name>Passed Senate without amendment</name>
          <text><![CDATA[<p>(This measure has not been amended since it was introduced. The summary of that version is repeated here.)</p> <p>Supports the goals and ideals of National Domestic Violence Awareness Month.</p> <p>Expresses the sense of the Senate that Congress should: (1) continue to raise awareness of domestic violence in the United States and the corresponding devasting effects of domestic violence on survivors, families, and communities; and (2) pledge continued support for programs designed to assist survivors, hold perpetrators accountable, and bring an end to domestic violence.</p>]]></text>
        </item>
      </billSummaries>
    </summaries>
    <title>A resolution supporting the goals and ideals of National Domestic Violence Awareness Month, commending domestic violence victim advocates, domestic violence victim service providers, crisis hotline staff, and first responders serving victims of domestic violence for their compassionate support of victims of domestic violence, and expressing the sense of the Senate that Congress should continue to support efforts to end domestic violence and hold perpetrators of domestic violence accountable.</title>
    <cboCostEstimates />
    <subjects>
      <billSubjects>
        <policyArea>
          <name>Families</name>
        </policyArea>
        <legislativeSubjects>
          <item>
            <name>Commemorative events and holidays</name>
          </item>
          <item>
            <name>Crime victims</name>
          </item>
          <item>
            <name>Criminal investigation, prosecution, interrogation</name>
          </item>
          <item>
            <name>Domestic violence and child abuse</name>
          </item>
        </legislativeSubjects>
      </billSubjects>
    </subjects>
    <amendments />
    <calendarNumbers />
    <congress>114</congress>
    <titles>
      <item>
        <chamberCode />
        <chamberName />
        <title>A resolution supporting the goals and ideals of National Domestic Violence Awareness Month, commending domestic violence victim advocates, domestic violence victim service providers, crisis hotline staff, and first responders serving victims of domestic violence for their compassionate support of victims of domestic violence, and expressing the sense of the Senate that Congress should continue to support efforts to end domestic violence and hold perpetrators of domestic violence accountable.</title>
        <parentTitleType />
        <titleType>Official Title as Introduced</titleType>
      </item>
      <item>
        <chamberCode />
        <chamberName />
        <title>A resolution supporting the goals and ideals of National Domestic Violence Awareness Month, commending domestic violence victim advocates, domestic violence victim service providers, crisis hotline staff, and first responders serving victims of domestic violence for their compassionate support of victims of domestic violence, and expressing the sense of the Senate that Congress should continue to support efforts to end domestic violence and hold perpetrators of domestic violence accountable.</title>
        <parentTitleType />
        <titleType>Display Title</titleType>
      </item>
    </titles>
    <originChamber>Senate</originChamber>
  </bill>
  <dublinCore xmlns:dc="http://purl.org/dc/elements/1.1/">
    <dc:format>text/xml</dc:format>
    <dc:language>EN</dc:language>
    <dc:rights>Pursuant to Title 17 Section 105 of the United States Code, this file is not subject to copyright protection and is in the public domain.</dc:rights>
    <dc:contributor>Congressional Research Service, Library of Congress</dc:contributor>
    <dc:description>This file contains bill summaries and statuses for federal legislation. A bill summary describes the most significant provisions of a piece of legislation and details the effects the legislative text may have on current law and federal programs. Bill summaries are authored by the Congressional Research Service (CRS) of the Library of Congress. As stated in Public Law 91-510 (2 USC 166 (d)(6)), one of the duties of CRS is "to prepare summaries and digests of bills and resolutions of a public general nature introduced in the Senate or House of Representatives". For more information, refer to the User Guide that accompanies this file.</dc:description>
  </dublinCore>
</billStatus>

