<?xml version="1.0" encoding="UTF-8"?>
<billStatus>
  <bill>
    <committees>
      <billCommittees>
        <item>
          <activities>
            <item>
              <date>2015-10-22T21:51:36Z</date>
              <name>Discharged from</name>
            </item>
            <item>
              <date>2015-10-08T18:49:59Z</date>
              <name>Referred to</name>
            </item>
          </activities>
          <chamber>Senate</chamber>
          <subcommittees />
          <systemCode>ssju00</systemCode>
          <type>Standing</type>
          <name>Judiciary Committee</name>
        </item>
      </billCommittees>
    </committees>
    <congress>114</congress>
    <billNumber>283</billNumber>
    <updateDate>2016-11-02T23:13:49Z</updateDate>
    <calendarNumbers />
    <policyArea>
      <name>Immigration</name>
    </policyArea>
    <summaries>
      <billSummaries>
        <item>
          <actionDate>2015-10-08</actionDate>
          <actionDesc>Introduced in Senate</actionDesc>
          <lastSummaryUpdateDate>2015-10-13T21:17:33Z</lastSummaryUpdateDate>
          <versionCode>00</versionCode>
          <updateDate>2015-10-08T04:00:00Z</updateDate>
          <name>Introduced in Senate</name>
          <text><![CDATA[<p> Designates October 2015 as Filipino American History Month.</p> <p> Recognizes the celebration of Filipino American History Month as: (1) a study of the advancement of Filipino Americans, and (2) a time to renew efforts toward the research and examination of history and culture so as to provide an opportunity for all people of the United States to learn more about Filipino Americans and to appreciate the historic contributions of Filipino Americans to the United States.</p>]]></text>
        </item>
        <item>
          <actionDate>2015-10-22</actionDate>
          <actionDesc>Passed Senate without amendment</actionDesc>
          <lastSummaryUpdateDate>2015-10-23T20:56:16Z</lastSummaryUpdateDate>
          <versionCode>82</versionCode>
          <updateDate>2015-10-22T14:06:38Z</updateDate>
          <name>Passed Senate without amendment</name>
          <text><![CDATA[<blockquote>&nbsp;</blockquote> <p>(This measure has not been amended since it was introduced. The summary of that version is repeated here.)</p> <p>Designates October 2015 as Filipino American History Month.</p> <p>Recognizes the celebration of Filipino American History Month as: (1) a study of the advancement of Filipino Americans, and (2) a time to renew efforts toward the research and examination of history and culture so as to provide an opportunity for all people of the United States to learn more about Filipino Americans and to appreciate the historic contributions of Filipino Americans to the United States.</p>]]></text>
        </item>
      </billSummaries>
    </summaries>
    <title>A resolution designating October 2015 as "Filipino American History Month".</title>
    <laws />
    <cosponsors>
      <item>
        <identifiers>
          <lisID>1694</lisID>
          <bioguideId>M001153</bioguideId>
          <gpoId>8234</gpoId>
        </identifiers>
        <middleName />
        <fullName>Sen. Murkowski, Lisa [R-AK]</fullName>
        <isOriginalCosponsor>True</isOriginalCosponsor>
        <firstName>Lisa</firstName>
        <sponsorshipWithdrawnDate />
        <state>AK</state>
        <bioguideId>M001153</bioguideId>
        <sponsorshipDate>2015-10-08</sponsorshipDate>
        <party>R</party>
        <lastName>Murkowski</lastName>
      </item>
      <item>
        <identifiers>
          <bioguideId>R000146</bioguideId>
          <lisID>952</lisID>
          <gpoId>8271</gpoId>
        </identifiers>
        <middleName>M.</middleName>
        <fullName>Sen. Reid, Harry [D-NV]</fullName>
        <isOriginalCosponsor>True</isOriginalCosponsor>
        <firstName>HARRY</firstName>
        <sponsorshipWithdrawnDate />
        <state>NV</state>
        <bioguideId>R000146</bioguideId>
        <sponsorshipDate>2015-10-08</sponsorshipDate>
        <party>D</party>
        <lastName>REID</lastName>
      </item>
      <item>
        <identifiers>
          <gpoId>8279</gpoId>
          <lisID>1036</lisID>
          <bioguideId>S000148</bioguideId>
        </identifiers>
        <middleName>E.</middleName>
        <fullName>Sen. Schumer, Charles E. [D-NY]</fullName>
        <isOriginalCosponsor>True</isOriginalCosponsor>
        <firstName>CHARLES</firstName>
        <sponsorshipWithdrawnDate />
        <state>NY</state>
        <bioguideId>S000148</bioguideId>
        <sponsorshipDate>2015-10-08</sponsorshipDate>
        <party>D</party>
        <lastName>SCHUMER</lastName>
      </item>
      <item>
        <identifiers>
          <bioguideId>M001111</bioguideId>
          <gpoId>8237</gpoId>
          <lisID>1409</lisID>
        </identifiers>
        <middleName />
        <fullName>Sen. Murray, Patty [D-WA]</fullName>
        <isOriginalCosponsor>True</isOriginalCosponsor>
        <firstName>PATTY</firstName>
        <sponsorshipWithdrawnDate />
        <state>WA</state>
        <bioguideId>M001111</bioguideId>
        <sponsorshipDate>2015-10-08</sponsorshipDate>
        <party>D</party>
        <lastName>MURRAY</lastName>
      </item>
      <item>
        <identifiers>
          <lisID>2176</lisID>
          <gpoId />
          <bioguideId>K000384</bioguideId>
        </identifiers>
        <middleName />
        <fullName>Sen. Kaine, Tim [D-VA]</fullName>
        <isOriginalCosponsor>True</isOriginalCosponsor>
        <firstName>Timothy</firstName>
        <sponsorshipWithdrawnDate />
        <state>VA</state>
        <bioguideId>K000384</bioguideId>
        <sponsorshipDate>2015-10-08</sponsorshipDate>
        <party>D</party>
        <lastName>Kaine</lastName>
      </item>
      <item>
        <identifiers>
          <lisID>2076</lisID>
          <bioguideId>B001277</bioguideId>
          <gpoId>8332</gpoId>
        </identifiers>
        <middleName />
        <fullName>Sen. Blumenthal, Richard [D-CT]</fullName>
        <isOriginalCosponsor>True</isOriginalCosponsor>
        <firstName>Richard</firstName>
        <sponsorshipWithdrawnDate />
        <state>CT</state>
        <bioguideId>B001277</bioguideId>
        <sponsorshipDate>2015-10-08</sponsorshipDate>
        <party>D</party>
        <lastName>Blumenthal</lastName>
      </item>
      <item>
        <identifiers>
          <bioguideId>B000711</bioguideId>
          <gpoId>8306</gpoId>
          <lisID>116</lisID>
        </identifiers>
        <middleName />
        <fullName>Sen. Boxer, Barbara [D-CA]</fullName>
        <isOriginalCosponsor>True</isOriginalCosponsor>
        <firstName>BARBARA</firstName>
        <sponsorshipWithdrawnDate />
        <state>CA</state>
        <bioguideId>B000711</bioguideId>
        <sponsorshipDate>2015-10-08</sponsorshipDate>
        <party>D</party>
        <lastName>BOXER</lastName>
      </item>
      <item>
        <identifiers>
          <lisID>172</lisID>
          <gpoId>8288</gpoId>
          <bioguideId>C000127</bioguideId>
        </identifiers>
        <middleName />
        <fullName>Sen. Cantwell, Maria [D-WA]</fullName>
        <isOriginalCosponsor>True</isOriginalCosponsor>
        <firstName>MARIA</firstName>
        <sponsorshipWithdrawnDate />
        <state>WA</state>
        <bioguideId>C000127</bioguideId>
        <sponsorshipDate>2015-10-08</sponsorshipDate>
        <party>D</party>
        <lastName>CANTWELL</lastName>
      </item>
      <item>
        <identifiers>
          <gpoId>8060</gpoId>
          <lisID>1863</lisID>
          <bioguideId>H001041</bioguideId>
        </identifiers>
        <middleName />
        <fullName>Sen. Heller, Dean [R-NV]</fullName>
        <isOriginalCosponsor>True</isOriginalCosponsor>
        <firstName>Dean</firstName>
        <sponsorshipWithdrawnDate />
        <state>NV</state>
        <bioguideId>H001041</bioguideId>
        <sponsorshipDate>2015-10-08</sponsorshipDate>
        <party>R</party>
        <lastName>Heller</lastName>
      </item>
      <item>
        <identifiers>
          <bioguideId>F000457</bioguideId>
          <lisID>1969</lisID>
          <gpoId>8339</gpoId>
        </identifiers>
        <middleName />
        <fullName>Sen. Franken, Al [D-MN]</fullName>
        <isOriginalCosponsor>True</isOriginalCosponsor>
        <firstName>Al</firstName>
        <sponsorshipWithdrawnDate />
        <state>MN</state>
        <bioguideId>F000457</bioguideId>
        <sponsorshipDate>2015-10-08</sponsorshipDate>
        <party>D</party>
        <lastName>Franken</lastName>
      </item>
      <item>
        <identifiers>
          <bioguideId>M000639</bioguideId>
          <lisID>791</lisID>
          <gpoId>8239</gpoId>
        </identifiers>
        <middleName />
        <fullName>Sen. Menendez, Robert [D-NJ]</fullName>
        <isOriginalCosponsor>True</isOriginalCosponsor>
        <firstName>ROBERT</firstName>
        <sponsorshipWithdrawnDate />
        <state>NJ</state>
        <bioguideId>M000639</bioguideId>
        <sponsorshipDate>2015-10-08</sponsorshipDate>
        <party>D</party>
        <lastName>MENENDEZ</lastName>
      </item>
      <item>
        <identifiers>
          <lisID>326</lisID>
          <gpoId>8326</gpoId>
          <bioguideId>D000563</bioguideId>
        </identifiers>
        <middleName>J.</middleName>
        <fullName>Sen. Durbin, Richard [D-IL]</fullName>
        <isOriginalCosponsor>True</isOriginalCosponsor>
        <firstName>RICHARD</firstName>
        <sponsorshipWithdrawnDate />
        <state>IL</state>
        <bioguideId>D000563</bioguideId>
        <sponsorshipDate>2015-10-08</sponsorshipDate>
        <party>D</party>
        <lastName>DURBIN</lastName>
      </item>
      <item>
        <identifiers>
          <bioguideId>K000360</bioguideId>
          <lisID>1647</lisID>
          <gpoId>8285</gpoId>
        </identifiers>
        <middleName>STEVEN</middleName>
        <fullName>Sen. Kirk, Mark Steven [R-IL]</fullName>
        <isOriginalCosponsor>True</isOriginalCosponsor>
        <firstName>MARK</firstName>
        <sponsorshipWithdrawnDate />
        <state>IL</state>
        <bioguideId>K000360</bioguideId>
        <sponsorshipDate>2015-10-08</sponsorshipDate>
        <party>R</party>
        <lastName>KIRK</lastName>
      </item>
      <item>
        <identifiers>
          <bioguideId>S001194</bioguideId>
          <lisID>2173</lisID>
          <gpoId />
        </identifiers>
        <middleName />
        <fullName>Sen. Schatz, Brian [D-HI]</fullName>
        <isOriginalCosponsor>False</isOriginalCosponsor>
        <firstName>Brian</firstName>
        <sponsorshipWithdrawnDate />
        <state>HI</state>
        <bioguideId>S001194</bioguideId>
        <sponsorshipDate>2015-10-22</sponsorshipDate>
        <party>D</party>
        <lastName>Schatz</lastName>
      </item>
    </cosponsors>
    <billType>SRES</billType>
    <cboCostEstimates />
    <recordedVotes />
    <relatedBills>
      <item>
        <latestAction>
          <actionDate>2015-10-08</actionDate>
          <text>Referred to the House Committee on Oversight and Government Reform.</text>
        </latestAction>
        <number>471</number>
        <congress>114</congress>
        <type>HRES</type>
        <latestTitle>Recognizing Filipino American History Month and celebrating the history and culture of Filipino Americans and their immense contributions to the United States.</latestTitle>
        <relationshipDetails>
          <item>
            <identifiedBy>CRS</identifiedBy>
            <type>Related bill</type>
          </item>
        </relationshipDetails>
      </item>
      <item>
        <latestAction>
          <actionDate>2016-09-29</actionDate>
          <text>Referred to the Committee on the Judiciary. (text of measure as introduced: CR S6276)</text>
        </latestAction>
        <number>598</number>
        <congress>114</congress>
        <type>SRES</type>
        <latestTitle>A resolution designating October 2016 as "Filipino American History Month".</latestTitle>
        <relationshipDetails>
          <item>
            <identifiedBy>CRS</identifiedBy>
            <type>Related bill</type>
          </item>
        </relationshipDetails>
      </item>
      <item>
        <latestAction>
          <actionDate>2016-09-28</actionDate>
          <text>Referred to the House Committee on Oversight and Government Reform.</text>
        </latestAction>
        <number>907</number>
        <congress>114</congress>
        <type>HRES</type>
        <latestTitle>Recognizing Filipino American History Month and celebrating the history and culture of Filipino Americans and their immense contributions to the United States.</latestTitle>
        <relationshipDetails>
          <item>
            <identifiedBy>CRS</identifiedBy>
            <type>Related bill</type>
          </item>
        </relationshipDetails>
      </item>
    </relatedBills>
    <actions>
      <actionTypeCounts>
        <referredToCommittee>1</referredToCommittee>
        <committeeDischarged>1</committeeDischarged>
        <senateCommitteeDischarged>1</senateCommitteeDischarged>
        <introducedInSenate>1</introducedInSenate>
        <passedAgreedToInSenate>1</passedAgreedToInSenate>
        <agreedToInSenate>1</agreedToInSenate>
      </actionTypeCounts>
      <actionByCounts>
        <senate>6</senate>
      </actionByCounts>
      <item>
        <actionDate>2015-10-22</actionDate>
        <committee />
        <links>
          <link>
            <url>https://www.congress.gov/congressional-record/volume-161/senate-section/page/S7476</url>
            <name>S7476</name>
          </link>
        </links>
        <sourceSystem>
          <name>Senate</name>
          <code>0</code>
        </sourceSystem>
        <text>Resolution agreed to in Senate without amendment and with a preamble by Unanimous Consent. (consideration: CR S7476)</text>
        <type>Floor</type>
      </item>
      <item>
        <text>Passed/agreed to in Senate: Resolution agreed to in Senate without amendment and with a preamble by Unanimous Consent.(consideration: CR S7476)</text>
        <sourceSystem>
          <name>Library of Congress</name>
          <code>9</code>
        </sourceSystem>
        <committee />
        <type>Floor</type>
        <links>
          <link>
            <url>https://www.congress.gov/congressional-record/volume-161/senate-section/page/S7476</url>
            <name>S7476</name>
          </link>
        </links>
        <actionCode>17000</actionCode>
        <actionDate>2015-10-22</actionDate>
      </item>
      <item>
        <actionDate>2015-10-22</actionDate>
        <committee>
          <name>Judiciary Committee</name>
          <systemCode>ssju00</systemCode>
        </committee>
        <links />
        <sourceSystem>
          <name>Senate</name>
          <code>0</code>
        </sourceSystem>
        <text>Senate Committee on the Judiciary discharged by Unanimous Consent.</text>
        <type>Discharge</type>
      </item>
      <item>
        <text>Senate Committee on the Judiciary discharged by Unanimous Consent.</text>
        <sourceSystem>
          <name>Library of Congress</name>
          <code>9</code>
        </sourceSystem>
        <committee>
          <name>Judiciary Committee</name>
          <systemCode>ssju00</systemCode>
        </committee>
        <type>Committee</type>
        <links />
        <actionCode>14500</actionCode>
        <actionDate>2015-10-22</actionDate>
      </item>
      <item>
        <actionDate>2015-10-08</actionDate>
        <committee>
          <name>Judiciary Committee</name>
          <systemCode>ssju00</systemCode>
        </committee>
        <links>
          <link>
            <url>https://www.congress.gov/congressional-record/volume-161/senate-section/page/S7277-7278</url>
            <name>S7277-7278</name>
          </link>
        </links>
        <sourceSystem>
          <name>Senate</name>
          <code>0</code>
        </sourceSystem>
        <text>Referred to the Committee on the Judiciary. (text of measure as introduced: CR S7277-7278)</text>
        <type>IntroReferral</type>
      </item>
      <item>
        <text>Introduced in Senate</text>
        <sourceSystem>
          <name>Library of Congress</name>
          <code>9</code>
        </sourceSystem>
        <committee />
        <type>IntroReferral</type>
        <links />
        <actionCode>10000</actionCode>
        <actionDate>2015-10-08</actionDate>
      </item>
    </actions>
    <notes />
    <latestAction>
      <actionDate>2015-10-22</actionDate>
      <links />
      <text>Resolution agreed to in Senate without amendment and with a preamble by Unanimous Consent. (consideration: CR S7476)</text>
    </latestAction>
    <introducedDate>2015-10-08</introducedDate>
    <sponsors>
      <item>
        <fullName>Sen. Hirono, Mazie K. [D-HI]</fullName>
        <firstName>Mazie</firstName>
        <byRequestType />
        <identifiers>
          <bioguideId>H001042</bioguideId>
          <gpoId>7913</gpoId>
          <lisID>1844</lisID>
        </identifiers>
        <middleName>K.</middleName>
        <bioguideId>H001042</bioguideId>
        <party>D</party>
        <state>HI</state>
        <lastName>Hirono</lastName>
      </item>
    </sponsors>
    <subjects>
      <billSubjects>
        <policyArea>
          <name>Immigration</name>
        </policyArea>
        <legislativeSubjects>
          <item>
            <name>Asia</name>
          </item>
          <item>
            <name>Commemorative events and holidays</name>
          </item>
          <item>
            <name>Philippines</name>
          </item>
          <item>
            <name>Racial and ethnic relations</name>
          </item>
          <item>
            <name>U.S. history</name>
          </item>
        </legislativeSubjects>
      </billSubjects>
    </subjects>
    <committeeReports />
    <amendments />
    <createDate>2015-10-09T09:25:57Z</createDate>
    <originChamber>Senate</originChamber>
    <titles>
      <item>
        <title>A resolution designating October 2015 as "Filipino American History Month".</title>
        <chamberName />
        <chamberCode />
        <titleType>Official Title as Introduced</titleType>
        <parentTitleType />
      </item>
      <item>
        <title>A resolution designating October 2015 as "Filipino American History Month".</title>
        <chamberName />
        <chamberCode />
        <titleType>Display Title</titleType>
        <parentTitleType />
      </item>
    </titles>
  </bill>
  <dublinCore xmlns:dc="http://purl.org/dc/elements/1.1/">
    <dc:format>text/xml</dc:format>
    <dc:language>EN</dc:language>
    <dc:rights>Pursuant to Title 17 Section 105 of the United States Code, this file is not subject to copyright protection and is in the public domain.</dc:rights>
    <dc:contributor>Congressional Research Service, Library of Congress</dc:contributor>
    <dc:description>This file contains bill summaries and statuses for federal legislation. A bill summary describes the most significant provisions of a piece of legislation and details the effects the legislative text may have on current law and federal programs. Bill summaries are authored by the Congressional Research Service (CRS) of the Library of Congress. As stated in Public Law 91-510 (2 USC 166 (d)(6)), one of the duties of CRS is "to prepare summaries and digests of bills and resolutions of a public general nature introduced in the Senate or House of Representatives". For more information, refer to the User Guide that accompanies this file.</dc:description>
  </dublinCore>
</billStatus>

