<?xml version="1.0" encoding="UTF-8"?>
<billStatus>
  <bill>
    <billType>SRES</billType>
    <policyArea>
      <name>Commerce</name>
    </policyArea>
    <recordedVotes />
    <summaries>
      <billSummaries>
        <item>
          <versionCode>00</versionCode>
          <actionDate>2016-06-09</actionDate>
          <text><![CDATA[<p> Commemorates the inaugural Cruise Travel Professional Month in October 2016.</p> <p>Acknowledges the creativity and professionalism of the men and women of the cruise travel professional community.</p>]]></text>
          <name>Introduced in Senate</name>
          <lastSummaryUpdateDate>2016-06-14T16:49:44Z</lastSummaryUpdateDate>
          <updateDate>2016-06-09T04:00:00Z</updateDate>
          <actionDesc>Introduced in Senate</actionDesc>
        </item>
        <item>
          <versionCode>82</versionCode>
          <actionDate>2016-07-14</actionDate>
          <text><![CDATA[<p>(This measure has not been amended since it was introduced. The summary of that version is repeated here.)</p> <p> Commemorates the inaugural Cruise Travel Professional Month in October 2016.</p> <p>Acknowledges the creativity and professionalism of the men and women of the cruise travel professional community.</p>]]></text>
          <name>Passed Senate without amendment</name>
          <lastSummaryUpdateDate>2016-07-21T20:18:59Z</lastSummaryUpdateDate>
          <updateDate>2016-07-14T14:23:55Z</updateDate>
          <actionDesc>Passed Senate without amendment</actionDesc>
        </item>
      </billSummaries>
    </summaries>
    <title>A resolution commemorating "Cruise Travel Professional Month" in October 2016.</title>
    <titles>
      <item>
        <title>A resolution commemorating "Cruise Travel Professional Month" in October 2016.</title>
        <parentTitleType />
        <titleType>Official Title as Introduced</titleType>
        <chamberCode />
        <chamberName />
      </item>
      <item>
        <title>A resolution commemorating "Cruise Travel Professional Month" in October 2016.</title>
        <parentTitleType />
        <titleType>Display Title</titleType>
        <chamberCode />
        <chamberName />
      </item>
    </titles>
    <updateDate>2016-11-02T23:14:49Z</updateDate>
    <amendments>
      <amendment>
        <latestAction>
          <text>Amendment SA 4977 agreed to in Senate by Unanimous Consent.</text>
          <actionDate>2016-07-14</actionDate>
        </latestAction>
        <purpose>To amend the preamble.</purpose>
        <number>4977</number>
        <titles />
        <createDate>2016-07-15T11:15:20Z</createDate>
        <congress>114</congress>
        <sponsors>
          <item>
            <fullName>Sen. Rubio, Marco [R-FL]</fullName>
            <firstName>Marco</firstName>
            <state>FL</state>
            <bioguideId>R000595</bioguideId>
            <middleName />
            <party>R</party>
            <lastName>Rubio</lastName>
          </item>
        </sponsors>
        <amendedBill>
          <number>486</number>
          <congress>114</congress>
          <originChamberCode>S</originChamberCode>
          <title>A resolution commemorating "Cruise Travel Professional Month" in October 2016.</title>
          <type>SRES</type>
          <originChamber>Senate</originChamber>
        </amendedBill>
        <cosponsors>
          <totalCount>0</totalCount>
          <currentCount>0</currentCount>
        </cosponsors>
        <actions>
          <actionTypeCounts>
            <amendmentProposed>1</amendmentProposed>
            <senateAmendmentAgreedTo>1</senateAmendmentAgreedTo>
            <senateAmendmentSubmitted>1</senateAmendmentSubmitted>
            <amendmentAgreedTo>1</amendmentAgreedTo>
            <senateAmendmentProposedOnTheFloor>1</senateAmendmentProposedOnTheFloor>
          </actionTypeCounts>
          <actions>
            <item>
              <actionDate>2016-07-14</actionDate>
              <committee />
              <links>
                <link>
                  <name>S.Amdt.4977</name>
                  <url>https://www.congress.gov/amendment/114th-congress/senate-amendment/4977</url>
                </link>
                <link>
                  <name>SA 4977</name>
                  <url>https://www.congress.gov/amendment/114th-congress/senate-amendment/4977</url>
                </link>
              </links>
              <sourceSystem>
                <code>0</code>
                <name>Senate</name>
              </sourceSystem>
              <text>Amendment SA 4977 agreed to in Senate by Unanimous Consent.</text>
              <type>Floor</type>
            </item>
            <item>
              <actionDate>2016-07-14</actionDate>
              <committee />
              <links>
                <link>
                  <name>S.Amdt.4977</name>
                  <url>https://www.congress.gov/amendment/114th-congress/senate-amendment/4977</url>
                </link>
                <link>
                  <name>S5185-5186</name>
                  <url>https://www.congress.gov/congressional-record/volume-162/senate-section/page/S5185-5186</url>
                </link>
                <link>
                  <name>SA 4977</name>
                  <url>https://www.congress.gov/amendment/114th-congress/senate-amendment/4977</url>
                </link>
              </links>
              <sourceSystem>
                <code>0</code>
                <name>Senate</name>
              </sourceSystem>
              <text>Amendment SA 4977 proposed by Senator Murkowski for Senator Rubio. (consideration: CR S5185-5186; text: CR S5185-5186)</text>
              <type>Floor</type>
            </item>
            <item>
              <actionDate>2016-07-14</actionDate>
              <committee />
              <links />
              <text />
            </item>
            <item>
              <actionDate>2016-07-14</actionDate>
              <text>Senate amendment agreed to: Amendment SA 4977 agreed to in Senate by Unanimous Consent.</text>
              <type>Floor</type>
              <committee />
              <links>
                <link>
                  <name>S.Amdt.4977</name>
                  <url>https://www.congress.gov/amendment/114th-congress/senate-amendment/4977</url>
                </link>
                <link>
                  <name>SA 4977</name>
                  <url>https://www.congress.gov/amendment/114th-congress/senate-amendment/4977</url>
                </link>
              </links>
              <sourceSystem>
                <code>9</code>
                <name>Library of Congress</name>
              </sourceSystem>
              <actionCode>94000</actionCode>
            </item>
            <item>
              <actionDate>2016-07-14</actionDate>
              <text>Senate amendment proposed (on the floor): Amendment SA 4977 proposed by Senator Murkowski for Senator Rubio.(consideration: CR S5185-5186; text: CR S5185-5186)</text>
              <type>Floor</type>
              <committee />
              <links>
                <link>
                  <name>S.Amdt.4977</name>
                  <url>https://www.congress.gov/amendment/114th-congress/senate-amendment/4977</url>
                </link>
                <link>
                  <name>S5185-5186</name>
                  <url>https://www.congress.gov/congressional-record/volume-162/senate-section/page/S5185-5186</url>
                </link>
                <link>
                  <name>SA 4977</name>
                  <url>https://www.congress.gov/amendment/114th-congress/senate-amendment/4977</url>
                </link>
              </links>
              <sourceSystem>
                <code>9</code>
                <name>Library of Congress</name>
              </sourceSystem>
              <actionCode>93000</actionCode>
            </item>
            <item>
              <actionDate>2016-07-14</actionDate>
              <text>Senate amendment submitted</text>
              <type>Floor</type>
              <committee />
              <links />
              <sourceSystem>
                <code>9</code>
                <name>Library of Congress</name>
              </sourceSystem>
              <actionCode>91000</actionCode>
            </item>
          </actions>
          <actionByCounts>
            <senate>5</senate>
          </actionByCounts>
          <count>6</count>
        </actions>
        <amendments>
          <count>0</count>
        </amendments>
        <links />
        <description />
        <submittedDate>2016-07-14T04:00:00Z</submittedDate>
        <purpose>To amend the preamble.</purpose>
        <chamber>Senate</chamber>
        <amendedAmendment />
        <type>SAMDT</type>
        <proposedDate>2016-07-14T04:00:00Z</proposedDate>
        <notes />
        <updateDate>2016-11-02T19:14:47Z</updateDate>
        <number>4977</number>
        <congress>114</congress>
        <type>SAMDT</type>
        <description />
      </amendment>
    </amendments>
    <introducedDate>2016-06-09</introducedDate>
    <originChamber>Senate</originChamber>
    <actions>
      <actionTypeCounts>
        <measureLaidBeforeSenate>1</measureLaidBeforeSenate>
        <senateCommitteeDischarged>1</senateCommitteeDischarged>
        <agreedToInSenate>1</agreedToInSenate>
        <passedAgreedToInSenate>1</passedAgreedToInSenate>
        <introducedInSenate>1</introducedInSenate>
        <referredToCommittee>1</referredToCommittee>
        <committeeDischarged>1</committeeDischarged>
      </actionTypeCounts>
      <item>
        <actionDate>2016-07-14</actionDate>
        <committee />
        <links>
          <link>
            <name>S5186</name>
            <url>https://www.congress.gov/congressional-record/volume-162/senate-section/page/S5186</url>
          </link>
        </links>
        <sourceSystem>
          <name>Senate</name>
          <code>0</code>
        </sourceSystem>
        <text>Resolution agreed to in Senate without amendment and an amended preamble by Unanimous Consent. (text: CR S5186)</text>
        <type>Floor</type>
      </item>
      <item>
        <text>Passed/agreed to in Senate: Resolution agreed to in Senate without amendment and an amended preamble by Unanimous Consent.(text: CR S5186)</text>
        <links>
          <link>
            <name>S5186</name>
            <url>https://www.congress.gov/congressional-record/volume-162/senate-section/page/S5186</url>
          </link>
        </links>
        <actionCode>17000</actionCode>
        <type>Floor</type>
        <committee />
        <actionDate>2016-07-14</actionDate>
        <sourceSystem>
          <name>Library of Congress</name>
          <code>9</code>
        </sourceSystem>
      </item>
      <item>
        <actionDate>2016-07-14</actionDate>
        <committee />
        <links>
          <link>
            <name>S5185-5186</name>
            <url>https://www.congress.gov/congressional-record/volume-162/senate-section/page/S5185-5186</url>
          </link>
        </links>
        <sourceSystem>
          <name>Senate</name>
          <code>0</code>
        </sourceSystem>
        <text>Measure laid before Senate by unanimous consent. (consideration: CR S5185-5186)</text>
        <type>Floor</type>
      </item>
      <item>
        <actionDate>2016-07-14</actionDate>
        <committee>
          <systemCode>sscm00</systemCode>
          <name>Commerce, Science, and Transportation Committee</name>
        </committee>
        <links />
        <sourceSystem>
          <name>Senate</name>
          <code>0</code>
        </sourceSystem>
        <text>Senate Committee on Commerce, Science, and Transportation discharged by Unanimous Consent.</text>
        <type>Discharge</type>
      </item>
      <item>
        <text>Senate Committee on Commerce, Science, and Transportation discharged by Unanimous Consent.</text>
        <links />
        <actionCode>14500</actionCode>
        <type>Committee</type>
        <committee>
          <systemCode>sscm00</systemCode>
          <name>Commerce, Science, and Transportation Committee</name>
        </committee>
        <actionDate>2016-07-14</actionDate>
        <sourceSystem>
          <name>Library of Congress</name>
          <code>9</code>
        </sourceSystem>
      </item>
      <item>
        <actionDate>2016-06-09</actionDate>
        <committee>
          <systemCode>sscm00</systemCode>
          <name>Commerce, Science, and Transportation Committee</name>
        </committee>
        <links />
        <sourceSystem>
          <name>Senate</name>
          <code>0</code>
        </sourceSystem>
        <text>Referred to the Committee on Commerce, Science, and Transportation.</text>
        <type>IntroReferral</type>
      </item>
      <item>
        <text>Introduced in Senate</text>
        <links />
        <actionCode>10000</actionCode>
        <type>IntroReferral</type>
        <committee />
        <actionDate>2016-06-09</actionDate>
        <sourceSystem>
          <name>Library of Congress</name>
          <code>9</code>
        </sourceSystem>
      </item>
      <actionByCounts>
        <senate>7</senate>
      </actionByCounts>
    </actions>
    <relatedBills>
      <item>
        <number>455</number>
        <relationshipDetails>
          <item>
            <identifiedBy>CRS</identifiedBy>
            <type>Related bill</type>
          </item>
        </relationshipDetails>
        <congress>114</congress>
        <latestAction>
          <text>Referred to the Subcommittee on Commerce, Manufacturing, and Trade.</text>
          <actionDate>2015-10-02</actionDate>
        </latestAction>
        <type>HRES</type>
        <latestTitle>Expressing support for designation of the inaugural "Cruise Travel Professional Month" in October.</latestTitle>
      </item>
    </relatedBills>
    <calendarNumbers />
    <cosponsors>
      <item>
        <middleName />
        <firstName>Bill</firstName>
        <bioguideId>C001075</bioguideId>
        <identifiers>
          <bioguideId>C001075</bioguideId>
          <lisID>1925</lisID>
          <gpoId>7964</gpoId>
        </identifiers>
        <sponsorshipDate>2016-06-09</sponsorshipDate>
        <sponsorshipWithdrawnDate />
        <lastName>Cassidy</lastName>
        <isOriginalCosponsor>True</isOriginalCosponsor>
        <fullName>Sen. Cassidy, Bill [R-LA]</fullName>
        <party>R</party>
        <state>LA</state>
      </item>
      <item>
        <middleName>WILLIAM</middleName>
        <firstName>CLARENCE</firstName>
        <bioguideId>N000032</bioguideId>
        <identifiers>
          <lisID>859</lisID>
          <gpoId>8236</gpoId>
          <bioguideId>N000032</bioguideId>
        </identifiers>
        <sponsorshipDate>2016-06-10</sponsorshipDate>
        <sponsorshipWithdrawnDate />
        <lastName>NELSON</lastName>
        <isOriginalCosponsor>False</isOriginalCosponsor>
        <fullName>Sen. Nelson, Bill [D-FL]</fullName>
        <party>D</party>
        <state>FL</state>
      </item>
      <item>
        <middleName />
        <firstName>Dan</firstName>
        <bioguideId>S001198</bioguideId>
        <identifiers>
          <bioguideId>S001198</bioguideId>
          <lisID>2290</lisID>
          <gpoId />
        </identifiers>
        <sponsorshipDate>2016-06-13</sponsorshipDate>
        <sponsorshipWithdrawnDate />
        <lastName>Sullivan</lastName>
        <isOriginalCosponsor>False</isOriginalCosponsor>
        <fullName>Sen. Sullivan, Dan  [R-AK]</fullName>
        <party>R</party>
        <state>AK</state>
      </item>
    </cosponsors>
    <congress>114</congress>
    <committees>
      <billCommittees>
        <item>
          <subcommittees />
          <chamber>Senate</chamber>
          <systemCode>sscm00</systemCode>
          <activities>
            <item>
              <date>2016-07-15T01:06:54Z</date>
              <name>Discharged from</name>
            </item>
            <item>
              <date>2016-06-09T21:39:10Z</date>
              <name>Referred to</name>
            </item>
          </activities>
          <type>Standing</type>
          <name>Commerce, Science, and Transportation Committee</name>
        </item>
      </billCommittees>
    </committees>
    <sponsors>
      <item>
        <fullName>Sen. Rubio, Marco [R-FL]</fullName>
        <lastName>Rubio</lastName>
        <byRequestType />
        <party>R</party>
        <state>FL</state>
        <middleName />
        <firstName>Marco</firstName>
        <bioguideId>R000595</bioguideId>
        <identifiers>
          <bioguideId>R000595</bioguideId>
          <lisID>2084</lisID>
          <gpoId>8242</gpoId>
        </identifiers>
      </item>
    </sponsors>
    <latestAction>
      <text>Resolution agreed to in Senate without amendment and an amended preamble by Unanimous Consent. (text: CR S5186)</text>
      <actionDate>2016-07-14</actionDate>
      <links />
    </latestAction>
    <subjects>
      <billSubjects>
        <legislativeSubjects>
          <item>
            <name>Commemorative events and holidays</name>
          </item>
          <item>
            <name>Marine and inland water transportation</name>
          </item>
          <item>
            <name>Travel and tourism</name>
          </item>
        </legislativeSubjects>
        <policyArea>
          <name>Commerce</name>
        </policyArea>
      </billSubjects>
    </subjects>
    <createDate>2016-06-10T05:23:21Z</createDate>
    <notes />
    <laws />
    <billNumber>486</billNumber>
    <committeeReports />
    <cboCostEstimates />
  </bill>
  <dublinCore xmlns:dc="http://purl.org/dc/elements/1.1/">
    <dc:format>text/xml</dc:format>
    <dc:language>EN</dc:language>
    <dc:rights>Pursuant to Title 17 Section 105 of the United States Code, this file is not subject to copyright protection and is in the public domain.</dc:rights>
    <dc:contributor>Congressional Research Service, Library of Congress</dc:contributor>
    <dc:description>This file contains bill summaries and statuses for federal legislation. A bill summary describes the most significant provisions of a piece of legislation and details the effects the legislative text may have on current law and federal programs. Bill summaries are authored by the Congressional Research Service (CRS) of the Library of Congress. As stated in Public Law 91-510 (2 USC 166 (d)(6)), one of the duties of CRS is "to prepare summaries and digests of bills and resolutions of a public general nature introduced in the Senate or House of Representatives". For more information, refer to the User Guide that accompanies this file.</dc:description>
  </dublinCore>
</billStatus>

