<?xml version="1.0" encoding="UTF-8"?>
<billStatus>
  <bill>
    <cboCostEstimates />
    <policyArea>
      <name>Social Welfare</name>
    </policyArea>
    <notes />
    <committeeReports />
    <titles>
      <item>
        <titleType>Official Title as Introduced</titleType>
        <parentTitleType />
        <title>A resolution supporting the designation of December 1, 2015, as "#GivingTuesday" and supporting strong incentives for all people of the United States to give generously.</title>
        <chamberName />
        <chamberCode />
      </item>
      <item>
        <titleType>Display Title</titleType>
        <parentTitleType />
        <title>A resolution supporting the designation of December 1, 2015, as "#GivingTuesday" and supporting strong incentives for all people of the United States to give generously.</title>
        <chamberName />
        <chamberCode />
      </item>
    </titles>
    <summaries>
      <billSummaries>
        <item>
          <updateDate>2015-12-01T05:00:00Z</updateDate>
          <versionCode>00</versionCode>
          <text><![CDATA[<p>Supports the designation of December 1, 2015, as #Giving Tuesday to: (1) encourage charitable giving; (2) effect positive change; and (3) promote causes dedicated to progress, prosperity, and a better world.</p> <p>Supports strong incentives for all people of the United States to give generously to charitable organizations by: (1) protecting the existing charitable donation tax deduction; and (2) continuing incentives that encourage philanthropy, volunteering, and innovation.</p>]]></text>
          <lastSummaryUpdateDate>2015-12-09T16:51:36Z</lastSummaryUpdateDate>
          <actionDate>2015-12-01</actionDate>
          <actionDesc>Introduced in Senate</actionDesc>
          <name>Introduced in Senate</name>
        </item>
      </billSummaries>
    </summaries>
    <createDate>2015-12-02T09:49:18Z</createDate>
    <recordedVotes />
    <billNumber>323</billNumber>
    <introducedDate>2015-12-01</introducedDate>
    <relatedBills />
    <updateDate>2016-11-02T23:14:00Z</updateDate>
    <committees>
      <billCommittees>
        <item>
          <activities>
            <item>
              <date>2015-12-01T21:40:48Z</date>
              <name>Referred to</name>
            </item>
          </activities>
          <chamber>Senate</chamber>
          <subcommittees />
          <systemCode>ssfi00</systemCode>
          <type>Standing</type>
          <name>Finance Committee</name>
        </item>
      </billCommittees>
    </committees>
    <congress>114</congress>
    <laws />
    <title>A resolution supporting the designation of December 1, 2015, as "#GivingTuesday" and supporting strong incentives for all people of the United States to give generously.</title>
    <calendarNumbers />
    <sponsors>
      <item>
        <identifiers>
          <lisID>1036</lisID>
          <bioguideId>S000148</bioguideId>
          <gpoId>8279</gpoId>
        </identifiers>
        <byRequestType />
        <fullName>Sen. Schumer, Charles E. [D-NY]</fullName>
        <firstName>CHARLES</firstName>
        <state>NY</state>
        <bioguideId>S000148</bioguideId>
        <middleName>E.</middleName>
        <party>D</party>
        <lastName>SCHUMER</lastName>
      </item>
    </sponsors>
    <actions>
      <actionByCounts>
        <senate>2</senate>
      </actionByCounts>
      <item>
        <actionDate>2015-12-01</actionDate>
        <committee>
          <name>Finance Committee</name>
          <systemCode>ssfi00</systemCode>
        </committee>
        <links>
          <link>
            <name>S8244</name>
            <url>https://www.congress.gov/congressional-record/volume-161/senate-section/page/S8244</url>
          </link>
        </links>
        <sourceSystem>
          <name>Senate</name>
          <code>0</code>
        </sourceSystem>
        <text>Referred to the Committee on Finance. (text of measure as introduced: CR S8244)</text>
        <type>IntroReferral</type>
      </item>
      <item>
        <actionDate>2015-12-01</actionDate>
        <actionCode>10000</actionCode>
        <sourceSystem>
          <name>Library of Congress</name>
          <code>9</code>
        </sourceSystem>
        <links />
        <committee />
        <text>Introduced in Senate</text>
        <type>IntroReferral</type>
      </item>
      <actionTypeCounts>
        <introducedInSenate>1</introducedInSenate>
        <referredToCommittee>1</referredToCommittee>
      </actionTypeCounts>
    </actions>
    <amendments />
    <originChamber>Senate</originChamber>
    <latestAction>
      <text>Referred to the Committee on Finance. (text of measure as introduced: CR S8244)</text>
      <actionDate>2015-12-01</actionDate>
      <links />
    </latestAction>
    <subjects>
      <billSubjects>
        <policyArea>
          <name>Social Welfare</name>
        </policyArea>
        <legislativeSubjects>
          <item>
            <name>Charitable contributions</name>
          </item>
          <item>
            <name>Commemorative events and holidays</name>
          </item>
          <item>
            <name>Income tax deductions</name>
          </item>
          <item>
            <name>Social work, volunteer service, charitable organizations</name>
          </item>
        </legislativeSubjects>
      </billSubjects>
    </subjects>
    <cosponsors>
      <item>
        <state>SD</state>
        <fullName>Sen. Thune, John [R-SD]</fullName>
        <sponsorshipDate>2015-12-01</sponsorshipDate>
        <middleName>R.</middleName>
        <identifiers>
          <lisID>1534</lisID>
          <bioguideId>T000250</bioguideId>
          <gpoId>8257</gpoId>
        </identifiers>
        <firstName>JOHN</firstName>
        <lastName>THUNE</lastName>
        <bioguideId>T000250</bioguideId>
        <isOriginalCosponsor>True</isOriginalCosponsor>
        <sponsorshipWithdrawnDate />
        <party>R</party>
      </item>
      <item>
        <state>MI</state>
        <fullName>Sen. Stabenow, Debbie [D-MI]</fullName>
        <sponsorshipDate>2015-12-01</sponsorshipDate>
        <middleName>ANN</middleName>
        <identifiers>
          <bioguideId>S000770</bioguideId>
          <lisID>1531</lisID>
          <gpoId>8261</gpoId>
        </identifiers>
        <firstName>DEBORAH</firstName>
        <lastName>STABENOW</lastName>
        <bioguideId>S000770</bioguideId>
        <isOriginalCosponsor>True</isOriginalCosponsor>
        <sponsorshipWithdrawnDate />
        <party>D</party>
      </item>
      <item>
        <state>KS</state>
        <fullName>Sen. Roberts, Pat [R-KS]</fullName>
        <sponsorshipDate>2015-12-01</sponsorshipDate>
        <middleName />
        <identifiers>
          <bioguideId>R000307</bioguideId>
          <gpoId>8275</gpoId>
          <lisID>968</lisID>
        </identifiers>
        <firstName>PAT</firstName>
        <lastName>ROBERTS</lastName>
        <bioguideId>R000307</bioguideId>
        <isOriginalCosponsor>True</isOriginalCosponsor>
        <sponsorshipWithdrawnDate />
        <party>R</party>
      </item>
    </cosponsors>
    <billType>SRES</billType>
  </bill>
  <dublinCore xmlns:dc="http://purl.org/dc/elements/1.1/">
    <dc:format>text/xml</dc:format>
    <dc:language>EN</dc:language>
    <dc:rights>Pursuant to Title 17 Section 105 of the United States Code, this file is not subject to copyright protection and is in the public domain.</dc:rights>
    <dc:contributor>Congressional Research Service, Library of Congress</dc:contributor>
    <dc:description>This file contains bill summaries and statuses for federal legislation. A bill summary describes the most significant provisions of a piece of legislation and details the effects the legislative text may have on current law and federal programs. Bill summaries are authored by the Congressional Research Service (CRS) of the Library of Congress. As stated in Public Law 91-510 (2 USC 166 (d)(6)), one of the duties of CRS is "to prepare summaries and digests of bills and resolutions of a public general nature introduced in the Senate or House of Representatives". For more information, refer to the User Guide that accompanies this file.</dc:description>
  </dublinCore>
</billStatus>

