<?xml version="1.0" encoding="UTF-8"?>
<billStatus>
  <bill>
    <committees>
      <billCommittees>
        <item>
          <activities>
            <item>
              <date>2016-03-16T20:34:01Z</date>
              <name>Reported by</name>
            </item>
            <item>
              <date>2016-03-10T15:34:08Z</date>
              <name>Markup by</name>
            </item>
            <item>
              <date>2016-03-08T20:23:28Z</date>
              <name>Referred to</name>
            </item>
          </activities>
          <chamber>Senate</chamber>
          <subcommittees />
          <systemCode>ssfr00</systemCode>
          <type>Standing</type>
          <name>Foreign Relations Committee</name>
        </item>
      </billCommittees>
    </committees>
    <congress>114</congress>
    <billNumber>392</billNumber>
    <updateDate>2016-11-02T23:14:23Z</updateDate>
    <calendarNumbers>
      <item>
        <number>0402</number>
        <calendar>Senate Calendar of Business</calendar>
      </item>
    </calendarNumbers>
    <policyArea>
      <name>International Affairs</name>
    </policyArea>
    <summaries>
      <billSummaries>
        <item>
          <versionCode>00</versionCode>
          <actionDate>2016-03-08</actionDate>
          <text><![CDATA[<p>Expresses concern over the prosecution and conviction of former President Mohamed Nasheed of the Maldives without due process.</p> <p> Urges the government of the Maldives to: (1) redress this injustice, (2) release all political prisoners, and (3) ensure due process and freedom from political prosecution for all the people of the Maldives.</p>]]></text>
          <name>Introduced in Senate</name>
          <lastSummaryUpdateDate>2016-03-09T21:37:06Z</lastSummaryUpdateDate>
          <updateDate>2016-03-08T05:00:00Z</updateDate>
          <actionDesc>Introduced in Senate</actionDesc>
        </item>
        <item>
          <versionCode>80</versionCode>
          <actionDate>2016-03-16</actionDate>
          <text><![CDATA[<p>(This measure has not been amended since it was introduced. The summary of that version is repeated here.)</p> <p>Expresses concern over the prosecution and conviction of former President Mohamed Nasheed of the Maldives without due process.</p> <p> Urges the government of the Maldives to: (1) redress this injustice, (2) release all political prisoners, and (3) ensure due process and freedom from political prosecution for all the people of the Maldives.</p>]]></text>
          <name>Reported to Senate without amendment</name>
          <lastSummaryUpdateDate>2016-03-23T20:43:15Z</lastSummaryUpdateDate>
          <updateDate>2016-03-16T14:56:46Z</updateDate>
          <actionDesc>Reported to Senate without amendment</actionDesc>
        </item>
        <item>
          <versionCode>82</versionCode>
          <actionDate>2016-04-07</actionDate>
          <text><![CDATA[<p>(This measure has not been amended since it was introduced. The summary of that version is repeated here.)</p> <p>Expresses concern over the prosecution and conviction of former President Mohamed Nasheed of the Maldives without due process.</p> <p> Urges the government of the Maldives to: (1) redress this injustice, (2) release all political prisoners, and (3) ensure due process and freedom from political prosecution for all the people of the Maldives.</p>]]></text>
          <name>Passed Senate without amendment</name>
          <lastSummaryUpdateDate>2016-04-08T20:59:44Z</lastSummaryUpdateDate>
          <updateDate>2016-04-07T11:34:52Z</updateDate>
          <actionDesc>Passed Senate without amendment</actionDesc>
        </item>
      </billSummaries>
    </summaries>
    <title>A resolution expressing the sense of the Senate regarding the prosecution and conviction of former President Mohamed Nasheed without due process and urging the Government of the Maldives to take all necessary steps to redress this injustice, to release all political prisoners, and to ensure due process and freedom from political prosecution for all the people of the Maldives.</title>
    <laws />
    <cosponsors>
      <item>
        <state>IL</state>
        <fullName>Sen. Durbin, Richard [D-IL]</fullName>
        <sponsorshipDate>2016-03-08</sponsorshipDate>
        <middleName>J.</middleName>
        <identifiers>
          <lisID>326</lisID>
          <gpoId>8326</gpoId>
          <bioguideId>D000563</bioguideId>
        </identifiers>
        <firstName>RICHARD</firstName>
        <lastName>DURBIN</lastName>
        <bioguideId>D000563</bioguideId>
        <isOriginalCosponsor>True</isOriginalCosponsor>
        <sponsorshipWithdrawnDate />
        <party>D</party>
      </item>
      <item>
        <state>CT</state>
        <fullName>Sen. Murphy, Christopher S. [D-CT]</fullName>
        <sponsorshipDate>2016-03-08</sponsorshipDate>
        <middleName>S.</middleName>
        <identifiers>
          <bioguideId>M001169</bioguideId>
          <gpoId>7870</gpoId>
          <lisID>1837</lisID>
        </identifiers>
        <firstName>Christopher</firstName>
        <lastName>Murphy</lastName>
        <bioguideId>M001169</bioguideId>
        <isOriginalCosponsor>True</isOriginalCosponsor>
        <sponsorshipWithdrawnDate />
        <party>D</party>
      </item>
      <item>
        <state>AZ</state>
        <fullName>Sen. McCain, John [R-AZ]</fullName>
        <sponsorshipDate>2016-03-08</sponsorshipDate>
        <middleName>SIDNEY</middleName>
        <identifiers>
          <lisID>754</lisID>
          <gpoId>8253</gpoId>
          <bioguideId>M000303</bioguideId>
        </identifiers>
        <firstName>JOHN</firstName>
        <lastName>MCCAIN</lastName>
        <bioguideId>M000303</bioguideId>
        <isOriginalCosponsor>True</isOriginalCosponsor>
        <sponsorshipWithdrawnDate />
        <party>R</party>
      </item>
      <item>
        <state>RI</state>
        <fullName>Sen. Reed, Jack [D-RI]</fullName>
        <sponsorshipDate>2016-03-08</sponsorshipDate>
        <middleName>F.</middleName>
        <identifiers>
          <bioguideId>R000122</bioguideId>
          <lisID>949</lisID>
          <gpoId>8272</gpoId>
        </identifiers>
        <firstName>JOHN</firstName>
        <lastName>REED</lastName>
        <bioguideId>R000122</bioguideId>
        <isOriginalCosponsor>True</isOriginalCosponsor>
        <sponsorshipWithdrawnDate />
        <party>D</party>
      </item>
      <item>
        <state>RI</state>
        <fullName>Sen. Whitehouse, Sheldon [D-RI]</fullName>
        <sponsorshipDate>2016-03-08</sponsorshipDate>
        <middleName />
        <identifiers>
          <lisID>1823</lisID>
          <bioguideId>W000802</bioguideId>
          <gpoId>8264</gpoId>
        </identifiers>
        <firstName>Sheldon</firstName>
        <lastName>Whitehouse</lastName>
        <bioguideId>W000802</bioguideId>
        <isOriginalCosponsor>True</isOriginalCosponsor>
        <sponsorshipWithdrawnDate />
        <party>D</party>
      </item>
      <item>
        <state>CT</state>
        <fullName>Sen. Blumenthal, Richard [D-CT]</fullName>
        <sponsorshipDate>2016-03-08</sponsorshipDate>
        <middleName />
        <identifiers>
          <lisID>2076</lisID>
          <gpoId>8332</gpoId>
          <bioguideId>B001277</bioguideId>
        </identifiers>
        <firstName>Richard</firstName>
        <lastName>Blumenthal</lastName>
        <bioguideId>B001277</bioguideId>
        <isOriginalCosponsor>True</isOriginalCosponsor>
        <sponsorshipWithdrawnDate />
        <party>D</party>
      </item>
      <item>
        <state>MI</state>
        <fullName>Sen. Peters, Gary C. [D-MI]</fullName>
        <sponsorshipDate>2016-03-08</sponsorshipDate>
        <middleName>C.</middleName>
        <identifiers>
          <lisID>1929</lisID>
          <bioguideId>P000595</bioguideId>
          <gpoId>7994</gpoId>
        </identifiers>
        <firstName>Gary</firstName>
        <lastName>Peters</lastName>
        <bioguideId>P000595</bioguideId>
        <isOriginalCosponsor>True</isOriginalCosponsor>
        <sponsorshipWithdrawnDate />
        <party>D</party>
      </item>
      <item>
        <state>FL</state>
        <fullName>Sen. Rubio, Marco [R-FL]</fullName>
        <sponsorshipDate>2016-03-08</sponsorshipDate>
        <middleName />
        <identifiers>
          <bioguideId>R000595</bioguideId>
          <gpoId>8242</gpoId>
          <lisID>2084</lisID>
        </identifiers>
        <firstName>Marco</firstName>
        <lastName>Rubio</lastName>
        <bioguideId>R000595</bioguideId>
        <isOriginalCosponsor>True</isOriginalCosponsor>
        <sponsorshipWithdrawnDate />
        <party>R</party>
      </item>
      <item>
        <state>NJ</state>
        <fullName>Sen. Menendez, Robert [D-NJ]</fullName>
        <sponsorshipDate>2016-03-08</sponsorshipDate>
        <middleName />
        <identifiers>
          <lisID>791</lisID>
          <gpoId>8239</gpoId>
          <bioguideId>M000639</bioguideId>
        </identifiers>
        <firstName>ROBERT</firstName>
        <lastName>MENENDEZ</lastName>
        <bioguideId>M000639</bioguideId>
        <isOriginalCosponsor>True</isOriginalCosponsor>
        <sponsorshipWithdrawnDate />
        <party>D</party>
      </item>
      <item>
        <state>MD</state>
        <fullName>Sen. Cardin, Benjamin L. [D-MD]</fullName>
        <sponsorshipDate>2016-03-08</sponsorshipDate>
        <middleName>L.</middleName>
        <identifiers>
          <lisID>174</lisID>
          <gpoId>8287</gpoId>
          <bioguideId>C000141</bioguideId>
        </identifiers>
        <firstName>BENJAMIN</firstName>
        <lastName>CARDIN</lastName>
        <bioguideId>C000141</bioguideId>
        <isOriginalCosponsor>True</isOriginalCosponsor>
        <sponsorshipWithdrawnDate />
        <party>D</party>
      </item>
      <item>
        <state>DE</state>
        <fullName>Sen. Coons, Christopher A. [D-DE]</fullName>
        <sponsorshipDate>2016-03-08</sponsorshipDate>
        <middleName>A.</middleName>
        <identifiers>
          <lisID>1984</lisID>
          <bioguideId>C001088</bioguideId>
          <gpoId>8297</gpoId>
        </identifiers>
        <firstName>Christopher</firstName>
        <lastName>Coons</lastName>
        <bioguideId>C001088</bioguideId>
        <isOriginalCosponsor>True</isOriginalCosponsor>
        <sponsorshipWithdrawnDate />
        <party>D</party>
      </item>
      <item>
        <state>MA</state>
        <fullName>Sen. Markey, Edward J. [D-MA]</fullName>
        <sponsorshipDate>2016-03-08</sponsorshipDate>
        <middleName>J.</middleName>
        <identifiers>
          <bioguideId>M000133</bioguideId>
          <gpoId>7972</gpoId>
          <lisID>735</lisID>
        </identifiers>
        <firstName>EDWARD</firstName>
        <lastName>MARKEY</lastName>
        <bioguideId>M000133</bioguideId>
        <isOriginalCosponsor>True</isOriginalCosponsor>
        <sponsorshipWithdrawnDate />
        <party>D</party>
      </item>
      <item>
        <state>CA</state>
        <fullName>Sen. Feinstein, Dianne [D-CA]</fullName>
        <sponsorshipDate>2016-03-08</sponsorshipDate>
        <middleName />
        <identifiers>
          <bioguideId>F000062</bioguideId>
          <gpoId>8338</gpoId>
          <lisID>1332</lisID>
        </identifiers>
        <firstName>DIANNE</firstName>
        <lastName>FEINSTEIN</lastName>
        <bioguideId>F000062</bioguideId>
        <isOriginalCosponsor>True</isOriginalCosponsor>
        <sponsorshipWithdrawnDate />
        <party>D</party>
      </item>
      <item>
        <state>OH</state>
        <fullName>Sen. Brown, Sherrod [D-OH]</fullName>
        <sponsorshipDate>2016-04-06</sponsorshipDate>
        <middleName />
        <identifiers>
          <lisID>136</lisID>
          <gpoId>8309</gpoId>
          <bioguideId>B000944</bioguideId>
        </identifiers>
        <firstName>SHERROD</firstName>
        <lastName>BROWN</lastName>
        <bioguideId>B000944</bioguideId>
        <isOriginalCosponsor>False</isOriginalCosponsor>
        <sponsorshipWithdrawnDate />
        <party>D</party>
      </item>
    </cosponsors>
    <billType>SRES</billType>
    <cboCostEstimates />
    <recordedVotes />
    <relatedBills />
    <actions>
      <actionTypeCounts>
        <agreedToInSenate>1</agreedToInSenate>
        <reportedToSenate>2</reportedToSenate>
        <referredToCommittee>1</referredToCommittee>
        <passedAgreedToInSenate>1</passedAgreedToInSenate>
        <introducedInSenate>1</introducedInSenate>
        <placedOnCalendarGeneralOrders>1</placedOnCalendarGeneralOrders>
        <orderedReported>1</orderedReported>
      </actionTypeCounts>
      <actionByCounts>
        <senate>8</senate>
      </actionByCounts>
      <item>
        <actionDate>2016-04-07</actionDate>
        <committee />
        <links>
          <link>
            <name>S1795</name>
            <url>https://www.congress.gov/congressional-record/volume-162/senate-section/page/S1795</url>
          </link>
        </links>
        <sourceSystem>
          <name>Senate</name>
          <code>0</code>
        </sourceSystem>
        <text>Resolution agreed to in Senate without amendment and with a preamble by Unanimous Consent. (consideration: CR S1795)</text>
        <type>Floor</type>
      </item>
      <item>
        <actionCode>17000</actionCode>
        <actionDate>2016-04-07</actionDate>
        <text>Passed/agreed to in Senate: Resolution agreed to in Senate without amendment and with a preamble by Unanimous Consent.(consideration: CR S1795)</text>
        <committee />
        <type>Floor</type>
        <links>
          <link>
            <name>S1795</name>
            <url>https://www.congress.gov/congressional-record/volume-162/senate-section/page/S1795</url>
          </link>
        </links>
        <sourceSystem>
          <name>Library of Congress</name>
          <code>9</code>
        </sourceSystem>
      </item>
      <item>
        <actionDate>2016-03-16</actionDate>
        <committee />
        <links />
        <sourceSystem>
          <name>Senate</name>
          <code>0</code>
        </sourceSystem>
        <text>Placed on Senate Legislative Calendar under General Orders. Calendar No. 402.</text>
        <type>Calendars</type>
      </item>
      <item>
        <actionDate>2016-03-16</actionDate>
        <committee>
          <systemCode>ssfr00</systemCode>
          <name>Foreign Relations Committee</name>
        </committee>
        <links />
        <sourceSystem>
          <name>Senate</name>
          <code>0</code>
        </sourceSystem>
        <text>Committee on Foreign Relations. Reported by Senator Corker without amendment and with a preamble. Without written report.</text>
        <type>Committee</type>
      </item>
      <item>
        <actionCode>14000</actionCode>
        <actionDate>2016-03-16</actionDate>
        <text>Committee on Foreign Relations. Reported by Senator Corker without amendment and with a preamble. Without written report.</text>
        <committee>
          <systemCode>ssfr00</systemCode>
          <name>Foreign Relations Committee</name>
        </committee>
        <type>Committee</type>
        <links />
        <sourceSystem>
          <name>Library of Congress</name>
          <code>9</code>
        </sourceSystem>
      </item>
      <item>
        <actionDate>2016-03-10</actionDate>
        <committee>
          <systemCode>ssfr00</systemCode>
          <name>Foreign Relations Committee</name>
        </committee>
        <links />
        <sourceSystem>
          <name>Senate</name>
          <code>0</code>
        </sourceSystem>
        <text>Committee on Foreign Relations. Ordered to be reported without amendment favorably.</text>
        <type>Committee</type>
      </item>
      <item>
        <actionDate>2016-03-08</actionDate>
        <committee>
          <systemCode>ssfr00</systemCode>
          <name>Foreign Relations Committee</name>
        </committee>
        <links>
          <link>
            <name>S1347</name>
            <url>https://www.congress.gov/congressional-record/volume-162/senate-section/page/S1347</url>
          </link>
        </links>
        <sourceSystem>
          <name>Senate</name>
          <code>0</code>
        </sourceSystem>
        <text>Referred to the Committee on Foreign Relations. (text of measure as introduced: CR S1347)</text>
        <type>IntroReferral</type>
      </item>
      <item>
        <actionCode>10000</actionCode>
        <actionDate>2016-03-08</actionDate>
        <text>Introduced in Senate</text>
        <committee />
        <type>IntroReferral</type>
        <links />
        <sourceSystem>
          <name>Library of Congress</name>
          <code>9</code>
        </sourceSystem>
      </item>
    </actions>
    <notes />
    <latestAction>
      <actionDate>2016-04-07</actionDate>
      <links />
      <text>Resolution agreed to in Senate without amendment and with a preamble by Unanimous Consent. (consideration: CR S1795)</text>
    </latestAction>
    <introducedDate>2016-03-08</introducedDate>
    <sponsors>
      <item>
        <fullName>Sen. Leahy, Patrick J. [D-VT]</fullName>
        <firstName>PATRICK</firstName>
        <byRequestType />
        <identifiers>
          <lisID>1383</lisID>
          <gpoId>8244</gpoId>
          <bioguideId>L000174</bioguideId>
        </identifiers>
        <middleName>JOSEPH</middleName>
        <bioguideId>L000174</bioguideId>
        <party>D</party>
        <state>VT</state>
        <lastName>LEAHY</lastName>
      </item>
    </sponsors>
    <subjects>
      <billSubjects>
        <legislativeSubjects>
          <item>
            <name>Asia</name>
          </item>
          <item>
            <name>Detention of persons</name>
          </item>
          <item>
            <name>Diplomacy, foreign officials, Americans abroad</name>
          </item>
          <item>
            <name>Due process and equal protection</name>
          </item>
          <item>
            <name>Human rights</name>
          </item>
          <item>
            <name>Maldives</name>
          </item>
          <item>
            <name>Protest and dissent</name>
          </item>
          <item>
            <name>Rule of law and government transparency</name>
          </item>
        </legislativeSubjects>
        <policyArea>
          <name>International Affairs</name>
        </policyArea>
      </billSubjects>
    </subjects>
    <committeeReports />
    <amendments />
    <createDate>2016-03-09T04:46:18Z</createDate>
    <originChamber>Senate</originChamber>
    <titles>
      <item>
        <title>A resolution expressing the sense of the Senate regarding the prosecution and conviction of former President Mohamed Nasheed without due process and urging the Government of the Maldives to take all necessary steps to redress this injustice, to release all political prisoners, and to ensure due process and freedom from political prosecution for all the people of the Maldives.</title>
        <chamberName />
        <chamberCode />
        <titleType>Official Title as Introduced</titleType>
        <parentTitleType />
      </item>
      <item>
        <title>A resolution expressing the sense of the Senate regarding the prosecution and conviction of former President Mohamed Nasheed without due process and urging the Government of the Maldives to take all necessary steps to redress this injustice, to release all political prisoners, and to ensure due process and freedom from political prosecution for all the people of the Maldives.</title>
        <chamberName />
        <chamberCode />
        <titleType>Display Title</titleType>
        <parentTitleType />
      </item>
    </titles>
  </bill>
  <dublinCore xmlns:dc="http://purl.org/dc/elements/1.1/">
    <dc:format>text/xml</dc:format>
    <dc:language>EN</dc:language>
    <dc:rights>Pursuant to Title 17 Section 105 of the United States Code, this file is not subject to copyright protection and is in the public domain.</dc:rights>
    <dc:contributor>Congressional Research Service, Library of Congress</dc:contributor>
    <dc:description>This file contains bill summaries and statuses for federal legislation. A bill summary describes the most significant provisions of a piece of legislation and details the effects the legislative text may have on current law and federal programs. Bill summaries are authored by the Congressional Research Service (CRS) of the Library of Congress. As stated in Public Law 91-510 (2 USC 166 (d)(6)), one of the duties of CRS is "to prepare summaries and digests of bills and resolutions of a public general nature introduced in the Senate or House of Representatives". For more information, refer to the User Guide that accompanies this file.</dc:description>
  </dublinCore>
</billStatus>

