<?xml version="1.0" encoding="UTF-8"?>
<billStatus>
  <bill>
    <cboCostEstimates />
    <policyArea>
      <name>Health</name>
    </policyArea>
    <notes />
    <committeeReports />
    <titles>
      <item>
        <titleType>Official Title as Introduced</titleType>
        <parentTitleType />
        <title>A resolution expressing the sense of the Senate with respect to childhood stroke and recognizing May 2015 as "National Pediatric Stroke Awareness Month".</title>
        <chamberName />
        <chamberCode />
      </item>
      <item>
        <titleType>Display Title</titleType>
        <parentTitleType />
        <title>A resolution expressing the sense of the Senate with respect to childhood stroke and recognizing May 2015 as "National Pediatric Stroke Awareness Month".</title>
        <chamberName />
        <chamberCode />
      </item>
    </titles>
    <summaries>
      <billSummaries>
        <item>
          <actionDate>2015-04-30</actionDate>
          <actionDesc>Introduced in Senate</actionDesc>
          <lastSummaryUpdateDate>2015-05-15T20:39:06Z</lastSummaryUpdateDate>
          <versionCode>00</versionCode>
          <updateDate>2015-04-30T04:00:00Z</updateDate>
          <name>Introduced in Senate</name>
          <text><![CDATA[<p>Recognizes May 2015 as National Pediatric Stroke Awareness Month.</p> <p>Supports the work of the National Institutes of Health in pursuit of medical progress on pediatric stroke.</p>]]></text>
        </item>
        <item>
          <actionDate>2015-05-23</actionDate>
          <actionDesc>Passed Senate without amendment</actionDesc>
          <lastSummaryUpdateDate>2015-05-27T21:05:32Z</lastSummaryUpdateDate>
          <versionCode>82</versionCode>
          <updateDate>2015-05-23T13:35:40Z</updateDate>
          <name>Passed Senate without amendment</name>
          <text><![CDATA[<p>(This measure has not been amended since it was introduced. The summary of that version is repeated here.)</p> <p>Recognizes May 2015 as National Pediatric Stroke Awareness Month.</p> <p>Supports the work of the National Institutes of Health in pursuit of medical progress on pediatric stroke.</p>]]></text>
        </item>
      </billSummaries>
    </summaries>
    <createDate>2015-05-01T09:12:56Z</createDate>
    <recordedVotes />
    <billNumber>156</billNumber>
    <introducedDate>2015-04-30</introducedDate>
    <relatedBills>
      <item>
        <congress>114</congress>
        <type>HRES</type>
        <relationshipDetails>
          <item>
            <identifiedBy>CRS</identifiedBy>
            <type>Related bill</type>
          </item>
        </relationshipDetails>
        <number>239</number>
        <latestAction>
          <actionDate>2015-05-01</actionDate>
          <text>Referred to the Subcommittee on Health.</text>
        </latestAction>
        <latestTitle>Expressing the sense of the House of Representatives with respect to childhood stroke and recognizing May 2015 as "National Pediatric Stroke Awareness Month".</latestTitle>
      </item>
    </relatedBills>
    <updateDate>2016-11-02T23:13:05Z</updateDate>
    <committees>
      <billCommittees>
        <item>
          <systemCode>sshr00</systemCode>
          <name>Health, Education, Labor, and Pensions Committee</name>
          <activities>
            <item>
              <name>Discharged from</name>
              <date>2015-05-23T05:58:13Z</date>
            </item>
            <item>
              <name>Referred to</name>
              <date>2015-04-30T14:39:49Z</date>
            </item>
          </activities>
          <type>Standing</type>
          <chamber>Senate</chamber>
          <subcommittees />
        </item>
      </billCommittees>
    </committees>
    <congress>114</congress>
    <laws />
    <title>A resolution expressing the sense of the Senate with respect to childhood stroke and recognizing May 2015 as "National Pediatric Stroke Awareness Month".</title>
    <calendarNumbers />
    <sponsors>
      <item>
        <identifiers>
          <lisID>2076</lisID>
          <gpoId>8332</gpoId>
          <bioguideId>B001277</bioguideId>
        </identifiers>
        <byRequestType />
        <fullName>Sen. Blumenthal, Richard [D-CT]</fullName>
        <firstName>Richard</firstName>
        <state>CT</state>
        <bioguideId>B001277</bioguideId>
        <middleName />
        <party>D</party>
        <lastName>Blumenthal</lastName>
      </item>
    </sponsors>
    <actions>
      <actionTypeCounts>
        <agreedToInSenate>1</agreedToInSenate>
        <referredToCommittee>1</referredToCommittee>
        <passedAgreedToInSenate>1</passedAgreedToInSenate>
        <introducedInSenate>1</introducedInSenate>
        <senateCommitteeDischarged>1</senateCommitteeDischarged>
        <committeeDischarged>1</committeeDischarged>
      </actionTypeCounts>
      <actionByCounts>
        <senate>6</senate>
      </actionByCounts>
      <item>
        <actionDate>2015-05-23</actionDate>
        <committee />
        <links />
        <sourceSystem>
          <name>Senate</name>
          <code>0</code>
        </sourceSystem>
        <text>Resolution agreed to in Senate without amendment and with a preamble by Unanimous Consent.</text>
        <type>Floor</type>
      </item>
      <item>
        <actionCode>17000</actionCode>
        <actionDate>2015-05-23</actionDate>
        <text>Passed/agreed to in Senate: Resolution agreed to in Senate without amendment and with a preamble by Unanimous Consent.</text>
        <committee />
        <type>Floor</type>
        <links />
        <sourceSystem>
          <name>Library of Congress</name>
          <code>9</code>
        </sourceSystem>
      </item>
      <item>
        <actionDate>2015-05-23</actionDate>
        <committee>
          <systemCode>sshr00</systemCode>
          <name>Health, Education, Labor, and Pensions Committee</name>
        </committee>
        <links>
          <link>
            <name>S3318</name>
            <url>https://www.congress.gov/congressional-record/volume-161/senate-section/page/S3318</url>
          </link>
        </links>
        <sourceSystem>
          <name>Senate</name>
          <code>0</code>
        </sourceSystem>
        <text>Senate Committee on Health, Education, Labor, and Pensions discharged by Unanimous Consent. (consideration: CR S3318)</text>
        <type>Discharge</type>
      </item>
      <item>
        <actionCode>14500</actionCode>
        <actionDate>2015-05-23</actionDate>
        <text>Senate Committee on Health, Education, Labor, and Pensions discharged by Unanimous Consent.(consideration: CR S3318)</text>
        <committee>
          <systemCode>sshr00</systemCode>
          <name>Health, Education, Labor, and Pensions Committee</name>
        </committee>
        <type>Committee</type>
        <links>
          <link>
            <name>S3318</name>
            <url>https://www.congress.gov/congressional-record/volume-161/senate-section/page/S3318</url>
          </link>
        </links>
        <sourceSystem>
          <name>Library of Congress</name>
          <code>9</code>
        </sourceSystem>
      </item>
      <item>
        <actionDate>2015-04-30</actionDate>
        <committee>
          <systemCode>sshr00</systemCode>
          <name>Health, Education, Labor, and Pensions Committee</name>
        </committee>
        <links>
          <link>
            <name>S2578-2579</name>
            <url>https://www.congress.gov/congressional-record/volume-161/senate-section/page/S2578-2579</url>
          </link>
        </links>
        <sourceSystem>
          <name>Senate</name>
          <code>0</code>
        </sourceSystem>
        <text>Referred to the Committee on Health, Education, Labor, and Pensions. (text of measure as introduced: CR S2578-2579)</text>
        <type>IntroReferral</type>
      </item>
      <item>
        <actionCode>10000</actionCode>
        <actionDate>2015-04-30</actionDate>
        <text>Introduced in Senate</text>
        <committee />
        <type>IntroReferral</type>
        <links />
        <sourceSystem>
          <name>Library of Congress</name>
          <code>9</code>
        </sourceSystem>
      </item>
    </actions>
    <amendments />
    <originChamber>Senate</originChamber>
    <latestAction>
      <text>Resolution agreed to in Senate without amendment and with a preamble by Unanimous Consent.</text>
      <actionDate>2015-05-23</actionDate>
      <links />
    </latestAction>
    <subjects>
      <billSubjects>
        <legislativeSubjects>
          <item>
            <name>Child health</name>
          </item>
          <item>
            <name>Commemorative events and holidays</name>
          </item>
          <item>
            <name>Medical research</name>
          </item>
          <item>
            <name>Neurological disorders</name>
          </item>
        </legislativeSubjects>
        <policyArea>
          <name>Health</name>
        </policyArea>
      </billSubjects>
    </subjects>
    <cosponsors>
      <item>
        <fullName>Sen. Ayotte, Kelly [R-NH]</fullName>
        <firstName>Kelly</firstName>
        <lastName>Ayotte</lastName>
        <state>NH</state>
        <party>R</party>
        <bioguideId>A000368</bioguideId>
        <identifiers>
          <lisID>2075</lisID>
          <gpoId>8315</gpoId>
          <bioguideId>A000368</bioguideId>
        </identifiers>
        <sponsorshipWithdrawnDate />
        <sponsorshipDate>2015-04-30</sponsorshipDate>
        <middleName />
        <isOriginalCosponsor>True</isOriginalCosponsor>
      </item>
      <item>
        <fullName>Sen. Murphy, Christopher S. [D-CT]</fullName>
        <firstName>Christopher</firstName>
        <lastName>Murphy</lastName>
        <state>CT</state>
        <party>D</party>
        <bioguideId>M001169</bioguideId>
        <identifiers>
          <bioguideId>M001169</bioguideId>
          <lisID>1837</lisID>
          <gpoId>7870</gpoId>
        </identifiers>
        <sponsorshipWithdrawnDate />
        <sponsorshipDate>2015-04-30</sponsorshipDate>
        <middleName>S.</middleName>
        <isOriginalCosponsor>True</isOriginalCosponsor>
      </item>
    </cosponsors>
    <billType>SRES</billType>
  </bill>
  <dublinCore xmlns:dc="http://purl.org/dc/elements/1.1/">
    <dc:format>text/xml</dc:format>
    <dc:language>EN</dc:language>
    <dc:rights>Pursuant to Title 17 Section 105 of the United States Code, this file is not subject to copyright protection and is in the public domain.</dc:rights>
    <dc:contributor>Congressional Research Service, Library of Congress</dc:contributor>
    <dc:description>This file contains bill summaries and statuses for federal legislation. A bill summary describes the most significant provisions of a piece of legislation and details the effects the legislative text may have on current law and federal programs. Bill summaries are authored by the Congressional Research Service (CRS) of the Library of Congress. As stated in Public Law 91-510 (2 USC 166 (d)(6)), one of the duties of CRS is "to prepare summaries and digests of bills and resolutions of a public general nature introduced in the Senate or House of Representatives". For more information, refer to the User Guide that accompanies this file.</dc:description>
  </dublinCore>
</billStatus>

