<?xml version="1.0" encoding="UTF-8"?>
<billStatus>
  <bill>
    <title>A resolution celebrating the 135th anniversary of diplomatic relations between the United States and Romania.</title>
    <updateDate>2016-11-02T23:14:01Z</updateDate>
    <relatedBills>
      <item>
        <latestTitle>Celebrating 135 years of diplomatic relations between the United States and Romania.</latestTitle>
        <latestAction>
          <text>Referred to the Subcommittee on Europe, Eurasia, and Emerging Threats.</text>
          <actionDate>2016-02-12</actionDate>
        </latestAction>
        <number>543</number>
        <relationshipDetails>
          <item>
            <identifiedBy>CRS</identifiedBy>
            <type>Related bill</type>
          </item>
        </relationshipDetails>
        <type>HRES</type>
        <congress>114</congress>
      </item>
    </relatedBills>
    <introducedDate>2015-12-03</introducedDate>
    <originChamber>Senate</originChamber>
    <cboCostEstimates />
    <policyArea>
      <name>International Affairs</name>
    </policyArea>
    <congress>114</congress>
    <billNumber>326</billNumber>
    <billType>SRES</billType>
    <amendments />
    <recordedVotes />
    <committees>
      <billCommittees>
        <item>
          <systemCode>ssfr00</systemCode>
          <name>Foreign Relations Committee</name>
          <activities>
            <item>
              <name>Reported by</name>
              <date>2015-12-10T16:22:20Z</date>
            </item>
            <item>
              <name>Markup by</name>
              <date>2015-12-08T15:00:00Z</date>
            </item>
            <item>
              <name>Referred to</name>
              <date>2015-12-03T22:51:51Z</date>
            </item>
          </activities>
          <type>Standing</type>
          <chamber>Senate</chamber>
          <subcommittees />
        </item>
      </billCommittees>
    </committees>
    <laws />
    <subjects>
      <billSubjects>
        <legislativeSubjects>
          <item>
            <name>Commemorative events and holidays</name>
          </item>
          <item>
            <name>Congressional tributes</name>
          </item>
          <item>
            <name>Diplomacy, foreign officials, Americans abroad</name>
          </item>
          <item>
            <name>Europe</name>
          </item>
          <item>
            <name>Romania</name>
          </item>
        </legislativeSubjects>
        <policyArea>
          <name>International Affairs</name>
        </policyArea>
      </billSubjects>
    </subjects>
    <notes />
    <committeeReports />
    <actions>
      <actionByCounts>
        <senate>8</senate>
      </actionByCounts>
      <item>
        <actionDate>2015-12-16</actionDate>
        <committee />
        <links>
          <link>
            <name>S8730</name>
            <url>https://www.congress.gov/congressional-record/volume-161/senate-section/page/S8730</url>
          </link>
        </links>
        <sourceSystem>
          <name>Senate</name>
          <code>0</code>
        </sourceSystem>
        <text>Resolution agreed to in Senate without amendment and an amended preamble by Unanimous Consent. (consideration: CR S8730; text as passed Senate: CR S8730)</text>
        <type>Floor</type>
      </item>
      <item>
        <actionDate>2015-12-16</actionDate>
        <actionCode>17000</actionCode>
        <sourceSystem>
          <name>Library of Congress</name>
          <code>9</code>
        </sourceSystem>
        <links>
          <link>
            <name>S8730</name>
            <url>https://www.congress.gov/congressional-record/volume-161/senate-section/page/S8730</url>
          </link>
        </links>
        <committee />
        <text>Passed/agreed to in Senate: Resolution agreed to in Senate without amendment and an amended preamble by Unanimous Consent.(consideration: CR S8730; text as passed Senate: CR S8730)</text>
        <type>Floor</type>
      </item>
      <item>
        <actionDate>2015-12-10</actionDate>
        <committee />
        <links />
        <sourceSystem>
          <name>Senate</name>
          <code>0</code>
        </sourceSystem>
        <text>Placed on Senate Legislative Calendar under General Orders. Calendar No. 322.</text>
        <type>Calendars</type>
      </item>
      <item>
        <actionDate>2015-12-10</actionDate>
        <committee>
          <name>Foreign Relations Committee</name>
          <systemCode>ssfr00</systemCode>
        </committee>
        <links />
        <sourceSystem>
          <name>Senate</name>
          <code>0</code>
        </sourceSystem>
        <text>Committee on Foreign Relations. Reported by Senator Corker without amendment and with an amended preamble. Without written report.</text>
        <type>Committee</type>
      </item>
      <item>
        <actionDate>2015-12-10</actionDate>
        <actionCode>14000</actionCode>
        <sourceSystem>
          <name>Library of Congress</name>
          <code>9</code>
        </sourceSystem>
        <links />
        <committee>
          <name>Foreign Relations Committee</name>
          <systemCode>ssfr00</systemCode>
        </committee>
        <text>Committee on Foreign Relations. Reported by Senator Corker without amendment and with an amended preamble. Without written report.</text>
        <type>Committee</type>
      </item>
      <item>
        <actionDate>2015-12-08</actionDate>
        <committee>
          <name>Foreign Relations Committee</name>
          <systemCode>ssfr00</systemCode>
        </committee>
        <links />
        <sourceSystem>
          <name>Senate</name>
          <code>0</code>
        </sourceSystem>
        <text>Committee on Foreign Relations. Ordered to be reported without amendment favorably.</text>
        <type>Committee</type>
      </item>
      <item>
        <actionDate>2015-12-03</actionDate>
        <committee>
          <name>Foreign Relations Committee</name>
          <systemCode>ssfr00</systemCode>
        </committee>
        <links>
          <link>
            <name>S8381</name>
            <url>https://www.congress.gov/congressional-record/volume-161/senate-section/page/S8381</url>
          </link>
        </links>
        <sourceSystem>
          <name>Senate</name>
          <code>0</code>
        </sourceSystem>
        <text>Referred to the Committee on Foreign Relations. (text of measure as introduced: CR S8381)</text>
        <type>IntroReferral</type>
      </item>
      <item>
        <actionDate>2015-12-03</actionDate>
        <actionCode>10000</actionCode>
        <sourceSystem>
          <name>Library of Congress</name>
          <code>9</code>
        </sourceSystem>
        <links />
        <committee />
        <text>Introduced in Senate</text>
        <type>IntroReferral</type>
      </item>
      <actionTypeCounts>
        <orderedReported>1</orderedReported>
        <introducedInSenate>1</introducedInSenate>
        <reportedToSenate>2</reportedToSenate>
        <agreedToInSenate>1</agreedToInSenate>
        <placedOnCalendarGeneralOrders>1</placedOnCalendarGeneralOrders>
        <referredToCommittee>1</referredToCommittee>
        <passedAgreedToInSenate>1</passedAgreedToInSenate>
      </actionTypeCounts>
    </actions>
    <calendarNumbers>
      <item>
        <number>0322</number>
        <calendar>Senate Calendar of Business</calendar>
      </item>
    </calendarNumbers>
    <latestAction>
      <links />
      <actionDate>2015-12-16</actionDate>
      <text>Resolution agreed to in Senate without amendment and an amended preamble by Unanimous Consent. (consideration: CR S8730; text as passed Senate: CR S8730)</text>
    </latestAction>
    <titles>
      <item>
        <titleType>Official Title as Introduced</titleType>
        <parentTitleType />
        <title>A resolution celebrating the 135th anniversary of diplomatic relations between the United States and Romania.</title>
        <chamberName />
        <chamberCode />
      </item>
      <item>
        <titleType>Display Title</titleType>
        <parentTitleType />
        <title>A resolution celebrating the 135th anniversary of diplomatic relations between the United States and Romania.</title>
        <chamberName />
        <chamberCode />
      </item>
    </titles>
    <summaries>
      <billSummaries>
        <item>
          <versionCode>00</versionCode>
          <actionDate>2015-12-03</actionDate>
          <text><![CDATA[<p>Celebrates the 135th anniversary of U.S.-Romanian diplomatic relations.</p> <p> Congratulates the people of Romania on their accomplishments as a great nation.</p> <p> Expresses appreciation for Romania's partnership with the United States. </p>]]></text>
          <name>Introduced in Senate</name>
          <lastSummaryUpdateDate>2015-12-07T22:11:59Z</lastSummaryUpdateDate>
          <updateDate>2015-12-03T05:00:00Z</updateDate>
          <actionDesc>Introduced in Senate</actionDesc>
        </item>
        <item>
          <versionCode>80</versionCode>
          <actionDate>2015-12-10</actionDate>
          <text><![CDATA[<p>(This measure has not been amended since it was introduced. The summary of that version is repeated here.)</p> <p>Celebrates the 135th anniversary of U.S.-Romanian diplomatic relations.</p> <p> Congratulates the people of Romania on their accomplishments as a great nation.</p> <p> Expresses appreciation for Romania's partnership with the United States.</p>]]></text>
          <name>Reported to Senate without amendment</name>
          <lastSummaryUpdateDate>2015-12-11T17:27:53Z</lastSummaryUpdateDate>
          <updateDate>2015-12-10T14:52:03Z</updateDate>
          <actionDesc>Reported to Senate without amendment</actionDesc>
        </item>
        <item>
          <versionCode>82</versionCode>
          <actionDate>2015-12-16</actionDate>
          <text><![CDATA[<p>(This measure has not been amended since it was introduced. The summary of that version is repeated here.)</p> <p>Celebrates the 135th anniversary of U.S.-Romanian diplomatic relations.</p> <p> Congratulates the people of Romania on their accomplishments as a great nation.</p> <p> Expresses appreciation for Romania's partnership with the United States.</p>]]></text>
          <name>Passed Senate without amendment</name>
          <lastSummaryUpdateDate>2015-12-17T21:57:42Z</lastSummaryUpdateDate>
          <updateDate>2015-12-16T14:00:28Z</updateDate>
          <actionDesc>Passed Senate without amendment</actionDesc>
        </item>
      </billSummaries>
    </summaries>
    <createDate>2015-12-04T10:14:18Z</createDate>
    <sponsors>
      <item>
        <state>WI</state>
        <fullName>Sen. Johnson, Ron [R-WI]</fullName>
        <middleName />
        <identifiers>
          <bioguideId>J000293</bioguideId>
          <gpoId>8355</gpoId>
          <lisID>2086</lisID>
        </identifiers>
        <firstName>Ron</firstName>
        <lastName>Johnson</lastName>
        <bioguideId>J000293</bioguideId>
        <byRequestType />
        <party>R</party>
      </item>
    </sponsors>
    <cosponsors>
      <item>
        <firstName>Jeanne</firstName>
        <isOriginalCosponsor>True</isOriginalCosponsor>
        <fullName>Sen. Shaheen, Jeanne [D-NH]</fullName>
        <identifiers>
          <bioguideId>S001181</bioguideId>
          <lisID>1901</lisID>
          <gpoId>8276</gpoId>
        </identifiers>
        <middleName />
        <sponsorshipWithdrawnDate />
        <sponsorshipDate>2015-12-03</sponsorshipDate>
        <party>D</party>
        <bioguideId>S001181</bioguideId>
        <state>NH</state>
        <lastName>Shaheen</lastName>
      </item>
      <item>
        <firstName>JOHN</firstName>
        <isOriginalCosponsor>True</isOriginalCosponsor>
        <fullName>Sen. McCain, John [R-AZ]</fullName>
        <identifiers>
          <bioguideId>M000303</bioguideId>
          <gpoId>8253</gpoId>
          <lisID>754</lisID>
        </identifiers>
        <middleName>SIDNEY</middleName>
        <sponsorshipWithdrawnDate />
        <sponsorshipDate>2015-12-03</sponsorshipDate>
        <party>R</party>
        <bioguideId>M000303</bioguideId>
        <state>AZ</state>
        <lastName>MCCAIN</lastName>
      </item>
      <item>
        <firstName>JIM</firstName>
        <isOriginalCosponsor>True</isOriginalCosponsor>
        <fullName>Sen. Inhofe, James M. [R-OK]</fullName>
        <identifiers>
          <lisID>583</lisID>
          <gpoId>8322</gpoId>
          <bioguideId>I000024</bioguideId>
        </identifiers>
        <middleName />
        <sponsorshipWithdrawnDate />
        <sponsorshipDate>2015-12-03</sponsorshipDate>
        <party>R</party>
        <bioguideId>I000024</bioguideId>
        <state>OK</state>
        <lastName>INHOFE</lastName>
      </item>
      <item>
        <firstName>ORRIN</firstName>
        <isOriginalCosponsor>False</isOriginalCosponsor>
        <fullName>Sen. Hatch, Orrin G. [R-UT]</fullName>
        <identifiers>
          <lisID>1351</lisID>
          <gpoId>8314</gpoId>
          <bioguideId>H000338</bioguideId>
        </identifiers>
        <middleName>GRANT</middleName>
        <sponsorshipWithdrawnDate />
        <sponsorshipDate>2015-12-07</sponsorshipDate>
        <party>R</party>
        <bioguideId>H000338</bioguideId>
        <state>UT</state>
        <lastName>HATCH</lastName>
      </item>
      <item>
        <firstName>Marco</firstName>
        <isOriginalCosponsor>False</isOriginalCosponsor>
        <fullName>Sen. Rubio, Marco [R-FL]</fullName>
        <identifiers>
          <bioguideId>R000595</bioguideId>
          <gpoId>8242</gpoId>
          <lisID>2084</lisID>
        </identifiers>
        <middleName />
        <sponsorshipWithdrawnDate />
        <sponsorshipDate>2015-12-07</sponsorshipDate>
        <party>R</party>
        <bioguideId>R000595</bioguideId>
        <state>FL</state>
        <lastName>Rubio</lastName>
      </item>
      <item>
        <firstName>Christopher</firstName>
        <isOriginalCosponsor>False</isOriginalCosponsor>
        <fullName>Sen. Murphy, Christopher S. [D-CT]</fullName>
        <identifiers>
          <lisID>1837</lisID>
          <gpoId>7870</gpoId>
          <bioguideId>M001169</bioguideId>
        </identifiers>
        <middleName>S.</middleName>
        <sponsorshipWithdrawnDate />
        <sponsorshipDate>2015-12-07</sponsorshipDate>
        <party>D</party>
        <bioguideId>M001169</bioguideId>
        <state>CT</state>
        <lastName>Murphy</lastName>
      </item>
      <item>
        <firstName>RICHARD</firstName>
        <isOriginalCosponsor>False</isOriginalCosponsor>
        <fullName>Sen. Burr, Richard [R-NC]</fullName>
        <identifiers>
          <bioguideId>B001135</bioguideId>
          <gpoId>8286</gpoId>
          <lisID>153</lisID>
        </identifiers>
        <middleName />
        <sponsorshipWithdrawnDate />
        <sponsorshipDate>2015-12-15</sponsorshipDate>
        <party>R</party>
        <bioguideId>B001135</bioguideId>
        <state>NC</state>
        <lastName>BURR</lastName>
      </item>
    </cosponsors>
  </bill>
  <dublinCore xmlns:dc="http://purl.org/dc/elements/1.1/">
    <dc:format>text/xml</dc:format>
    <dc:language>EN</dc:language>
    <dc:rights>Pursuant to Title 17 Section 105 of the United States Code, this file is not subject to copyright protection and is in the public domain.</dc:rights>
    <dc:contributor>Congressional Research Service, Library of Congress</dc:contributor>
    <dc:description>This file contains bill summaries and statuses for federal legislation. A bill summary describes the most significant provisions of a piece of legislation and details the effects the legislative text may have on current law and federal programs. Bill summaries are authored by the Congressional Research Service (CRS) of the Library of Congress. As stated in Public Law 91-510 (2 USC 166 (d)(6)), one of the duties of CRS is "to prepare summaries and digests of bills and resolutions of a public general nature introduced in the Senate or House of Representatives". For more information, refer to the User Guide that accompanies this file.</dc:description>
  </dublinCore>
</billStatus>

