<?xml version="1.0" encoding="UTF-8"?>
<billStatus>
  <bill>
    <cboCostEstimates />
    <policyArea>
      <name>Sports and Recreation</name>
    </policyArea>
    <notes />
    <committeeReports />
    <titles>
      <item>
        <titleType>Official Title as Introduced</titleType>
        <parentTitleType />
        <title>A resolution expressing the sense of the Senate that the Federation Internationale de Football Association should immediately eliminate gender pay inequity and treat all athletes with the same respect and dignity.</title>
        <chamberName />
        <chamberCode />
      </item>
      <item>
        <titleType>Display Title</titleType>
        <parentTitleType />
        <title>A resolution expressing the sense of the Senate that the Federation Internationale de Football Association should immediately eliminate gender pay inequity and treat all athletes with the same respect and dignity.</title>
        <chamberName />
        <chamberCode />
      </item>
    </titles>
    <summaries>
      <billSummaries>
        <item>
          <versionCode>00</versionCode>
          <actionDate>2015-07-13</actionDate>
          <text><![CDATA[<p>Urges: (1) the Federation Internationale de Football Association to eliminate gender pay inequity and treat all athletes with respect and dignity; and (2) all other local, state, federal, and international organizations to eliminate gender pay inequity.</p> <p>Expresses support for an end to gender pay inequity in the workplace, including athletic competitions.</p>]]></text>
          <name>Introduced in Senate</name>
          <lastSummaryUpdateDate>2015-09-21T21:43:34Z</lastSummaryUpdateDate>
          <updateDate>2015-07-13T04:00:00Z</updateDate>
          <actionDesc>Introduced in Senate</actionDesc>
        </item>
      </billSummaries>
    </summaries>
    <createDate>2015-07-14T09:26:45Z</createDate>
    <recordedVotes />
    <billNumber>222</billNumber>
    <introducedDate>2015-07-13</introducedDate>
    <relatedBills>
      <item>
        <latestTitle>Expressing the sense of the House of Representatives that the Fédération Internationale de Football Association should immediately eliminate gender pay inequity and treat all athletes with the same respect and dignity.</latestTitle>
        <latestAction>
          <text>Referred to House Education and the Workforce</text>
          <actionDate>2015-07-15</actionDate>
        </latestAction>
        <number>364</number>
        <relationshipDetails>
          <item>
            <identifiedBy>CRS</identifiedBy>
            <type>Identical bill</type>
          </item>
        </relationshipDetails>
        <type>HRES</type>
        <congress>114</congress>
      </item>
    </relatedBills>
    <updateDate>2016-11-02T23:13:27Z</updateDate>
    <committees>
      <billCommittees>
        <item>
          <activities>
            <item>
              <name>Referred to</name>
              <date>2015-07-13T20:54:02Z</date>
            </item>
          </activities>
          <name>Health, Education, Labor, and Pensions Committee</name>
          <subcommittees />
          <chamber>Senate</chamber>
          <type>Standing</type>
          <systemCode>sshr00</systemCode>
        </item>
      </billCommittees>
    </committees>
    <congress>114</congress>
    <laws />
    <title>A resolution expressing the sense of the Senate that the Federation Internationale de Football Association should immediately eliminate gender pay inequity and treat all athletes with the same respect and dignity.</title>
    <calendarNumbers />
    <sponsors>
      <item>
        <identifiers>
          <bioguideId>L000174</bioguideId>
          <lisID>1383</lisID>
          <gpoId>8244</gpoId>
        </identifiers>
        <byRequestType />
        <fullName>Sen. Leahy, Patrick J. [D-VT]</fullName>
        <firstName>PATRICK</firstName>
        <state>VT</state>
        <bioguideId>L000174</bioguideId>
        <middleName>JOSEPH</middleName>
        <party>D</party>
        <lastName>LEAHY</lastName>
      </item>
    </sponsors>
    <actions>
      <actionTypeCounts>
        <referredToCommittee>1</referredToCommittee>
        <introducedInSenate>1</introducedInSenate>
      </actionTypeCounts>
      <item>
        <actionDate>2015-07-13</actionDate>
        <committee>
          <name>Health, Education, Labor, and Pensions Committee</name>
          <systemCode>sshr00</systemCode>
        </committee>
        <links>
          <link>
            <name>S5011</name>
            <url>https://www.congress.gov/congressional-record/volume-161/senate-section/page/S5011</url>
          </link>
        </links>
        <sourceSystem>
          <code>0</code>
          <name>Senate</name>
        </sourceSystem>
        <text>Referred to the Committee on Health, Education, Labor, and Pensions. (Sponsor introductory remarks on measure: CR S5011; text of measure as introduced: CR S5011)</text>
        <type>IntroReferral</type>
      </item>
      <item>
        <actionDate>2015-07-13</actionDate>
        <sourceSystem>
          <code>9</code>
          <name>Library of Congress</name>
        </sourceSystem>
        <text>Introduced in Senate</text>
        <type>IntroReferral</type>
        <links />
        <actionCode>10000</actionCode>
        <committee />
      </item>
      <actionByCounts>
        <senate>2</senate>
      </actionByCounts>
    </actions>
    <amendments />
    <originChamber>Senate</originChamber>
    <latestAction>
      <text>Referred to the Committee on Health, Education, Labor, and Pensions. (Sponsor introductory remarks on measure: CR S5011; text of measure as introduced: CR S5011)</text>
      <actionDate>2015-07-13</actionDate>
      <links />
    </latestAction>
    <subjects>
      <billSubjects>
        <legislativeSubjects>
          <item>
            <name>Athletes</name>
          </item>
          <item>
            <name>Employment discrimination and employee rights</name>
          </item>
          <item>
            <name>International organizations and cooperation</name>
          </item>
          <item>
            <name>Professional sports</name>
          </item>
          <item>
            <name>Sex, gender, sexual orientation discrimination</name>
          </item>
          <item>
            <name>State and local government operations</name>
          </item>
          <item>
            <name>Wages and earnings</name>
          </item>
        </legislativeSubjects>
        <policyArea>
          <name>Sports and Recreation</name>
        </policyArea>
      </billSubjects>
    </subjects>
    <cosponsors>
      <item>
        <identifiers>
          <gpoId>8264</gpoId>
          <lisID>1823</lisID>
          <bioguideId>W000802</bioguideId>
        </identifiers>
        <middleName />
        <fullName>Sen. Whitehouse, Sheldon [D-RI]</fullName>
        <isOriginalCosponsor>False</isOriginalCosponsor>
        <firstName>Sheldon</firstName>
        <sponsorshipWithdrawnDate />
        <state>RI</state>
        <bioguideId>W000802</bioguideId>
        <sponsorshipDate>2015-07-14</sponsorshipDate>
        <party>D</party>
        <lastName>Whitehouse</lastName>
      </item>
      <item>
        <identifiers>
          <bioguideId>S000033</bioguideId>
          <lisID>1010</lisID>
          <gpoId>8270</gpoId>
        </identifiers>
        <middleName />
        <fullName>Sen. Sanders, Bernard [I-VT]</fullName>
        <isOriginalCosponsor>False</isOriginalCosponsor>
        <firstName>BERNARD</firstName>
        <sponsorshipWithdrawnDate />
        <state>VT</state>
        <bioguideId>S000033</bioguideId>
        <sponsorshipDate>2015-07-14</sponsorshipDate>
        <party>I</party>
        <lastName>SANDERS</lastName>
      </item>
      <item>
        <identifiers>
          <lisID>1332</lisID>
          <gpoId>8338</gpoId>
          <bioguideId>F000062</bioguideId>
        </identifiers>
        <middleName />
        <fullName>Sen. Feinstein, Dianne [D-CA]</fullName>
        <isOriginalCosponsor>False</isOriginalCosponsor>
        <firstName>DIANNE</firstName>
        <sponsorshipWithdrawnDate />
        <state>CA</state>
        <bioguideId>F000062</bioguideId>
        <sponsorshipDate>2015-07-14</sponsorshipDate>
        <party>D</party>
        <lastName>FEINSTEIN</lastName>
      </item>
      <item>
        <identifiers>
          <lisID>1866</lisID>
          <bioguideId>G000555</bioguideId>
          <gpoId>8336</gpoId>
        </identifiers>
        <middleName>E.</middleName>
        <fullName>Sen. Gillibrand, Kirsten E. [D-NY]</fullName>
        <isOriginalCosponsor>False</isOriginalCosponsor>
        <firstName>Kirsten</firstName>
        <sponsorshipWithdrawnDate />
        <state>NY</state>
        <bioguideId>G000555</bioguideId>
        <sponsorshipDate>2015-07-14</sponsorshipDate>
        <party>D</party>
        <lastName>Gillibrand</lastName>
      </item>
      <item>
        <identifiers>
          <bioguideId>H001042</bioguideId>
          <lisID>1844</lisID>
          <gpoId>7913</gpoId>
        </identifiers>
        <middleName>K.</middleName>
        <fullName>Sen. Hirono, Mazie K. [D-HI]</fullName>
        <isOriginalCosponsor>False</isOriginalCosponsor>
        <firstName>Mazie</firstName>
        <sponsorshipWithdrawnDate />
        <state>HI</state>
        <bioguideId>H001042</bioguideId>
        <sponsorshipDate>2015-07-14</sponsorshipDate>
        <party>D</party>
        <lastName>Hirono</lastName>
      </item>
      <item>
        <identifiers>
          <bioguideId>B001230</bioguideId>
          <gpoId>8215</gpoId>
          <lisID>1558</lisID>
        </identifiers>
        <middleName />
        <fullName>Sen. Baldwin, Tammy [D-WI]</fullName>
        <isOriginalCosponsor>False</isOriginalCosponsor>
        <firstName>TAMMY</firstName>
        <sponsorshipWithdrawnDate />
        <state>WI</state>
        <bioguideId>B001230</bioguideId>
        <sponsorshipDate>2015-07-14</sponsorshipDate>
        <party>D</party>
        <lastName>BALDWIN</lastName>
      </item>
      <item>
        <identifiers>
          <bioguideId>B000944</bioguideId>
          <lisID>136</lisID>
          <gpoId>8309</gpoId>
        </identifiers>
        <middleName />
        <fullName>Sen. Brown, Sherrod [D-OH]</fullName>
        <isOriginalCosponsor>False</isOriginalCosponsor>
        <firstName>SHERROD</firstName>
        <sponsorshipWithdrawnDate />
        <state>OH</state>
        <bioguideId>B000944</bioguideId>
        <sponsorshipDate>2015-07-15</sponsorshipDate>
        <party>D</party>
        <lastName>BROWN</lastName>
      </item>
      <item>
        <identifiers>
          <bioguideId>S001181</bioguideId>
          <lisID>1901</lisID>
          <gpoId>8276</gpoId>
        </identifiers>
        <middleName />
        <fullName>Sen. Shaheen, Jeanne [D-NH]</fullName>
        <isOriginalCosponsor>False</isOriginalCosponsor>
        <firstName>Jeanne</firstName>
        <sponsorshipWithdrawnDate />
        <state>NH</state>
        <bioguideId>S001181</bioguideId>
        <sponsorshipDate>2015-07-15</sponsorshipDate>
        <party>D</party>
        <lastName>Shaheen</lastName>
      </item>
      <item>
        <identifiers>
          <gpoId>8249</gpoId>
          <lisID>1826</lisID>
          <bioguideId>K000367</bioguideId>
        </identifiers>
        <middleName />
        <fullName>Sen. Klobuchar, Amy [D-MN]</fullName>
        <isOriginalCosponsor>False</isOriginalCosponsor>
        <firstName>Amy</firstName>
        <sponsorshipWithdrawnDate />
        <state>MN</state>
        <bioguideId>K000367</bioguideId>
        <sponsorshipDate>2015-07-15</sponsorshipDate>
        <party>D</party>
        <lastName>Klobuchar</lastName>
      </item>
      <item>
        <identifiers>
          <bioguideId>D000563</bioguideId>
          <gpoId>8326</gpoId>
          <lisID>326</lisID>
        </identifiers>
        <middleName>J.</middleName>
        <fullName>Sen. Durbin, Richard [D-IL]</fullName>
        <isOriginalCosponsor>False</isOriginalCosponsor>
        <firstName>RICHARD</firstName>
        <sponsorshipWithdrawnDate />
        <state>IL</state>
        <bioguideId>D000563</bioguideId>
        <sponsorshipDate>2015-07-15</sponsorshipDate>
        <party>D</party>
        <lastName>DURBIN</lastName>
      </item>
      <item>
        <identifiers>
          <lisID>1828</lisID>
          <bioguideId>C001070</bioguideId>
          <gpoId>8282</gpoId>
        </identifiers>
        <middleName />
        <fullName>Sen. Casey, Robert P., Jr. [D-PA]</fullName>
        <isOriginalCosponsor>False</isOriginalCosponsor>
        <firstName>Bob</firstName>
        <sponsorshipWithdrawnDate />
        <state>PA</state>
        <bioguideId>C001070</bioguideId>
        <sponsorshipDate>2015-07-15</sponsorshipDate>
        <party>D</party>
        <lastName>Casey</lastName>
      </item>
      <item>
        <identifiers>
          <gpoId>8332</gpoId>
          <lisID>2076</lisID>
          <bioguideId>B001277</bioguideId>
        </identifiers>
        <middleName />
        <fullName>Sen. Blumenthal, Richard [D-CT]</fullName>
        <isOriginalCosponsor>False</isOriginalCosponsor>
        <firstName>Richard</firstName>
        <sponsorshipWithdrawnDate />
        <state>CT</state>
        <bioguideId>B001277</bioguideId>
        <sponsorshipDate>2015-07-15</sponsorshipDate>
        <party>D</party>
        <lastName>Blumenthal</lastName>
      </item>
      <item>
        <identifiers>
          <bioguideId>R000122</bioguideId>
          <lisID>949</lisID>
          <gpoId>8272</gpoId>
        </identifiers>
        <middleName>F.</middleName>
        <fullName>Sen. Reed, Jack [D-RI]</fullName>
        <isOriginalCosponsor>False</isOriginalCosponsor>
        <firstName>JOHN</firstName>
        <sponsorshipWithdrawnDate />
        <state>RI</state>
        <bioguideId>R000122</bioguideId>
        <sponsorshipDate>2015-07-21</sponsorshipDate>
        <party>D</party>
        <lastName>REED</lastName>
      </item>
      <item>
        <identifiers>
          <bioguideId>F000457</bioguideId>
          <lisID>1969</lisID>
          <gpoId>8339</gpoId>
        </identifiers>
        <middleName />
        <fullName>Sen. Franken, Al [D-MN]</fullName>
        <isOriginalCosponsor>False</isOriginalCosponsor>
        <firstName>Al</firstName>
        <sponsorshipWithdrawnDate />
        <state>MN</state>
        <bioguideId>F000457</bioguideId>
        <sponsorshipDate>2015-07-21</sponsorshipDate>
        <party>D</party>
        <lastName>Franken</lastName>
      </item>
      <item>
        <identifiers>
          <gpoId>8306</gpoId>
          <lisID>116</lisID>
          <bioguideId>B000711</bioguideId>
        </identifiers>
        <middleName />
        <fullName>Sen. Boxer, Barbara [D-CA]</fullName>
        <isOriginalCosponsor>False</isOriginalCosponsor>
        <firstName>BARBARA</firstName>
        <sponsorshipWithdrawnDate />
        <state>CA</state>
        <bioguideId>B000711</bioguideId>
        <sponsorshipDate>2015-07-27</sponsorshipDate>
        <party>D</party>
        <lastName>BOXER</lastName>
      </item>
      <item>
        <identifiers>
          <lisID>791</lisID>
          <gpoId>8239</gpoId>
          <bioguideId>M000639</bioguideId>
        </identifiers>
        <middleName />
        <fullName>Sen. Menendez, Robert [D-NJ]</fullName>
        <isOriginalCosponsor>False</isOriginalCosponsor>
        <firstName>ROBERT</firstName>
        <sponsorshipWithdrawnDate />
        <state>NJ</state>
        <bioguideId>M000639</bioguideId>
        <sponsorshipDate>2015-09-28</sponsorshipDate>
        <party>D</party>
        <lastName>MENENDEZ</lastName>
      </item>
    </cosponsors>
    <billType>SRES</billType>
  </bill>
  <dublinCore xmlns:dc="http://purl.org/dc/elements/1.1/">
    <dc:format>text/xml</dc:format>
    <dc:language>EN</dc:language>
    <dc:rights>Pursuant to Title 17 Section 105 of the United States Code, this file is not subject to copyright protection and is in the public domain.</dc:rights>
    <dc:contributor>Congressional Research Service, Library of Congress</dc:contributor>
    <dc:description>This file contains bill summaries and statuses for federal legislation. A bill summary describes the most significant provisions of a piece of legislation and details the effects the legislative text may have on current law and federal programs. Bill summaries are authored by the Congressional Research Service (CRS) of the Library of Congress. As stated in Public Law 91-510 (2 USC 166 (d)(6)), one of the duties of CRS is "to prepare summaries and digests of bills and resolutions of a public general nature introduced in the Senate or House of Representatives". For more information, refer to the User Guide that accompanies this file.</dc:description>
  </dublinCore>
</billStatus>

