<?xml version="1.0" encoding="UTF-8"?>
<billStatus>
  <bill>
    <cboCostEstimates />
    <policyArea>
      <name>Civil Rights and Liberties, Minority Issues</name>
    </policyArea>
    <notes />
    <committeeReports />
    <titles>
      <item>
        <chamberCode />
        <title>A resolution recognizing the historical significance of Executive Order 9066 and expressing the sense of the Senate that policies that discriminate against any individual based on the actual or perceived race, ethnicity, national origin, or religion of that individual would be a repetition of the mistakes of Executive Order 9066 and contrary to the values of the United States.</title>
        <chamberName />
        <titleType>Official Title as Introduced</titleType>
        <parentTitleType />
      </item>
      <item>
        <chamberCode />
        <title>A resolution recognizing the historical significance of Executive Order 9066 and expressing the sense of the Senate that policies that discriminate against any individual based on the actual or perceived race, ethnicity, national origin, or religion of that individual would be a repetition of the mistakes of Executive Order 9066 and contrary to the values of the United States.</title>
        <chamberName />
        <titleType>Display Title</titleType>
        <parentTitleType />
      </item>
    </titles>
    <summaries>
      <billSummaries>
        <item>
          <updateDate>2016-02-24T05:00:00Z</updateDate>
          <versionCode>00</versionCode>
          <lastSummaryUpdateDate>2016-04-04T15:33:21Z</lastSummaryUpdateDate>
          <name>Introduced in Senate</name>
          <actionDate>2016-02-24</actionDate>
          <actionDesc>Introduced in Senate</actionDesc>
          <text><![CDATA[<p>Recognizes the historical significance of: (1) February 19, 1942, as the date on which President Franklin Delano Roosevelt signed Executive Order 9066, which restricted the freedom of Japanese Americans; and (2) February 19, 1976, as the date on which President Gerald Ford issued Presidential Proclamation 4417, which formally terminated such executive order.</p> <p>Expresses support for the goals of the Japanese American community in recognizing a National Day of Remembrance to increase public awareness about the unjust measures taken to restrict the freedom of Japanese Americans during World War II.</p> <p>Expresses the sense that: (1) such Day is an opportunity to reflect on the importance of upholding justice and civil liberties for all people of the United States and to oppose hate, xenophobia, and bigotry; and (2) policies that discriminate against any individual based on the actual or perceived race, ethnicity, national origin, or religion of that individual would be a repetition of the mistakes of Executive Order 9066 and contrary to U.S. values.</p> <p>Recognizes the positive contributions that people of every race, ethnicity, religion, and national origin have made to the United States. </p> <p>Confirms the dedication of the Senate to the rights and dignity of all people of the United States.</p>]]></text>
        </item>
      </billSummaries>
    </summaries>
    <createDate>2016-02-25T04:51:17Z</createDate>
    <recordedVotes />
    <billNumber>373</billNumber>
    <introducedDate>2016-02-24</introducedDate>
    <relatedBills>
      <item>
        <latestTitle>Recognizing the significance of the 74th anniversary of the signing of Executive Order 9066 by President Franklin D. Roosevelt and supporting the goals of the Japanese American, German American, and Italian American communities in recognizing a National Day of Remembrance to increase public awareness of the events surrounding the restriction, exclusion, and incarceration of individuals and families during World War II.</latestTitle>
        <latestAction>
          <text>Referred to the Subcommittee on the Constitution and Civil Justice.</text>
          <actionDate>2016-02-29</actionDate>
        </latestAction>
        <number>626</number>
        <type>HRES</type>
        <relationshipDetails>
          <item>
            <type>Related bill</type>
            <identifiedBy>CRS</identifiedBy>
          </item>
        </relationshipDetails>
        <congress>114</congress>
      </item>
    </relatedBills>
    <updateDate>2016-11-02T23:14:17Z</updateDate>
    <committees>
      <billCommittees>
        <item>
          <activities>
            <item>
              <name>Referred to</name>
              <date>2016-02-24T21:56:22Z</date>
            </item>
          </activities>
          <name>Judiciary Committee</name>
          <subcommittees />
          <chamber>Senate</chamber>
          <type>Standing</type>
          <systemCode>ssju00</systemCode>
        </item>
      </billCommittees>
    </committees>
    <congress>114</congress>
    <laws />
    <title>A resolution recognizing the historical significance of Executive Order 9066 and expressing the sense of the Senate that policies that discriminate against any individual based on the actual or perceived race, ethnicity, national origin, or religion of that individual would be a repetition of the mistakes of Executive Order 9066 and contrary to the values of the United States.</title>
    <calendarNumbers />
    <sponsors>
      <item>
        <identifiers>
          <bioguideId>H001042</bioguideId>
          <lisID>1844</lisID>
          <gpoId>7913</gpoId>
        </identifiers>
        <byRequestType />
        <fullName>Sen. Hirono, Mazie K. [D-HI]</fullName>
        <firstName>Mazie</firstName>
        <state>HI</state>
        <bioguideId>H001042</bioguideId>
        <middleName>K.</middleName>
        <party>D</party>
        <lastName>Hirono</lastName>
      </item>
    </sponsors>
    <actions>
      <actionTypeCounts>
        <introducedInSenate>1</introducedInSenate>
        <referredToCommittee>1</referredToCommittee>
      </actionTypeCounts>
      <actionByCounts>
        <senate>2</senate>
      </actionByCounts>
      <item>
        <actionDate>2016-02-24</actionDate>
        <committee>
          <systemCode>ssju00</systemCode>
          <name>Judiciary Committee</name>
        </committee>
        <links>
          <link>
            <name>S1001</name>
            <url>https://www.congress.gov/congressional-record/volume-162/senate-section/page/S1001</url>
          </link>
          <link>
            <name>S1001-1003</name>
            <url>https://www.congress.gov/congressional-record/volume-162/senate-section/page/S1001-1003</url>
          </link>
        </links>
        <sourceSystem>
          <name>Senate</name>
          <code>0</code>
        </sourceSystem>
        <text>Referred to the Committee on the Judiciary. (Sponsor introductory remarks on measure: CR S1001-1003; text of measure as introduced: CR S1001)</text>
        <type>IntroReferral</type>
      </item>
      <item>
        <actionCode>10000</actionCode>
        <actionDate>2016-02-24</actionDate>
        <text>Introduced in Senate</text>
        <committee />
        <type>IntroReferral</type>
        <links />
        <sourceSystem>
          <name>Library of Congress</name>
          <code>9</code>
        </sourceSystem>
      </item>
    </actions>
    <amendments />
    <originChamber>Senate</originChamber>
    <latestAction>
      <text>Referred to the Committee on the Judiciary. (Sponsor introductory remarks on measure: CR S1001-1003; text of measure as introduced: CR S1001)</text>
      <actionDate>2016-02-24</actionDate>
      <links />
    </latestAction>
    <subjects>
      <billSubjects>
        <policyArea>
          <name>Civil Rights and Liberties, Minority Issues</name>
        </policyArea>
        <legislativeSubjects>
          <item>
            <name>Asia</name>
          </item>
          <item>
            <name>Commemorative events and holidays</name>
          </item>
          <item>
            <name>Conflicts and wars</name>
          </item>
          <item>
            <name>Detention of persons</name>
          </item>
          <item>
            <name>Japan</name>
          </item>
          <item>
            <name>Presidents and presidential powers, Vice Presidents</name>
          </item>
          <item>
            <name>Racial and ethnic relations</name>
          </item>
          <item>
            <name>U.S. history</name>
          </item>
        </legislativeSubjects>
      </billSubjects>
    </subjects>
    <cosponsors>
      <item>
        <firstName>HARRY</firstName>
        <isOriginalCosponsor>True</isOriginalCosponsor>
        <fullName>Sen. Reid, Harry [D-NV]</fullName>
        <identifiers>
          <gpoId>8271</gpoId>
          <lisID>952</lisID>
          <bioguideId>R000146</bioguideId>
        </identifiers>
        <middleName>M.</middleName>
        <sponsorshipWithdrawnDate />
        <sponsorshipDate>2016-02-24</sponsorshipDate>
        <party>D</party>
        <bioguideId>R000146</bioguideId>
        <state>NV</state>
        <lastName>REID</lastName>
      </item>
      <item>
        <firstName>RICHARD</firstName>
        <isOriginalCosponsor>True</isOriginalCosponsor>
        <fullName>Sen. Durbin, Richard [D-IL]</fullName>
        <identifiers>
          <bioguideId>D000563</bioguideId>
          <lisID>326</lisID>
          <gpoId>8326</gpoId>
        </identifiers>
        <middleName>J.</middleName>
        <sponsorshipWithdrawnDate />
        <sponsorshipDate>2016-02-24</sponsorshipDate>
        <party>D</party>
        <bioguideId>D000563</bioguideId>
        <state>IL</state>
        <lastName>DURBIN</lastName>
      </item>
      <item>
        <firstName>PATRICK</firstName>
        <isOriginalCosponsor>True</isOriginalCosponsor>
        <fullName>Sen. Leahy, Patrick J. [D-VT]</fullName>
        <identifiers>
          <bioguideId>L000174</bioguideId>
          <gpoId>8244</gpoId>
          <lisID>1383</lisID>
        </identifiers>
        <middleName>JOSEPH</middleName>
        <sponsorshipWithdrawnDate />
        <sponsorshipDate>2016-02-24</sponsorshipDate>
        <party>D</party>
        <bioguideId>L000174</bioguideId>
        <state>VT</state>
        <lastName>LEAHY</lastName>
      </item>
      <item>
        <firstName>TAMMY</firstName>
        <isOriginalCosponsor>True</isOriginalCosponsor>
        <fullName>Sen. Baldwin, Tammy [D-WI]</fullName>
        <identifiers>
          <lisID>1558</lisID>
          <gpoId>8215</gpoId>
          <bioguideId>B001230</bioguideId>
        </identifiers>
        <middleName />
        <sponsorshipWithdrawnDate />
        <sponsorshipDate>2016-02-24</sponsorshipDate>
        <party>D</party>
        <bioguideId>B001230</bioguideId>
        <state>WI</state>
        <lastName>BALDWIN</lastName>
      </item>
      <item>
        <firstName>SHERROD</firstName>
        <isOriginalCosponsor>True</isOriginalCosponsor>
        <fullName>Sen. Brown, Sherrod [D-OH]</fullName>
        <identifiers>
          <gpoId>8309</gpoId>
          <lisID>136</lisID>
          <bioguideId>B000944</bioguideId>
        </identifiers>
        <middleName />
        <sponsorshipWithdrawnDate />
        <sponsorshipDate>2016-02-24</sponsorshipDate>
        <party>D</party>
        <bioguideId>B000944</bioguideId>
        <state>OH</state>
        <lastName>BROWN</lastName>
      </item>
      <item>
        <firstName>Richard</firstName>
        <isOriginalCosponsor>True</isOriginalCosponsor>
        <fullName>Sen. Blumenthal, Richard [D-CT]</fullName>
        <identifiers>
          <lisID>2076</lisID>
          <gpoId>8332</gpoId>
          <bioguideId>B001277</bioguideId>
        </identifiers>
        <middleName />
        <sponsorshipWithdrawnDate />
        <sponsorshipDate>2016-02-24</sponsorshipDate>
        <party>D</party>
        <bioguideId>B001277</bioguideId>
        <state>CT</state>
        <lastName>Blumenthal</lastName>
      </item>
      <item>
        <firstName>MARIA</firstName>
        <isOriginalCosponsor>True</isOriginalCosponsor>
        <fullName>Sen. Cantwell, Maria [D-WA]</fullName>
        <identifiers>
          <lisID>172</lisID>
          <gpoId>8288</gpoId>
          <bioguideId>C000127</bioguideId>
        </identifiers>
        <middleName />
        <sponsorshipWithdrawnDate />
        <sponsorshipDate>2016-02-24</sponsorshipDate>
        <party>D</party>
        <bioguideId>C000127</bioguideId>
        <state>WA</state>
        <lastName>CANTWELL</lastName>
      </item>
      <item>
        <firstName>DIANNE</firstName>
        <isOriginalCosponsor>True</isOriginalCosponsor>
        <fullName>Sen. Feinstein, Dianne [D-CA]</fullName>
        <identifiers>
          <lisID>1332</lisID>
          <bioguideId>F000062</bioguideId>
          <gpoId>8338</gpoId>
        </identifiers>
        <middleName />
        <sponsorshipWithdrawnDate />
        <sponsorshipDate>2016-02-24</sponsorshipDate>
        <party>D</party>
        <bioguideId>F000062</bioguideId>
        <state>CA</state>
        <lastName>FEINSTEIN</lastName>
      </item>
      <item>
        <firstName>Al</firstName>
        <isOriginalCosponsor>True</isOriginalCosponsor>
        <fullName>Sen. Franken, Al [D-MN]</fullName>
        <identifiers>
          <gpoId>8339</gpoId>
          <lisID>1969</lisID>
          <bioguideId>F000457</bioguideId>
        </identifiers>
        <middleName />
        <sponsorshipWithdrawnDate />
        <sponsorshipDate>2016-02-24</sponsorshipDate>
        <party>D</party>
        <bioguideId>F000457</bioguideId>
        <state>MN</state>
        <lastName>Franken</lastName>
      </item>
      <item>
        <firstName>Kirsten</firstName>
        <isOriginalCosponsor>True</isOriginalCosponsor>
        <fullName>Sen. Gillibrand, Kirsten E. [D-NY]</fullName>
        <identifiers>
          <lisID>1866</lisID>
          <gpoId>8336</gpoId>
          <bioguideId>G000555</bioguideId>
        </identifiers>
        <middleName>E.</middleName>
        <sponsorshipWithdrawnDate />
        <sponsorshipDate>2016-02-24</sponsorshipDate>
        <party>D</party>
        <bioguideId>G000555</bioguideId>
        <state>NY</state>
        <lastName>Gillibrand</lastName>
      </item>
      <item>
        <firstName>Amy</firstName>
        <isOriginalCosponsor>True</isOriginalCosponsor>
        <fullName>Sen. Klobuchar, Amy [D-MN]</fullName>
        <identifiers>
          <bioguideId>K000367</bioguideId>
          <lisID>1826</lisID>
          <gpoId>8249</gpoId>
        </identifiers>
        <middleName />
        <sponsorshipWithdrawnDate />
        <sponsorshipDate>2016-02-24</sponsorshipDate>
        <party>D</party>
        <bioguideId>K000367</bioguideId>
        <state>MN</state>
        <lastName>Klobuchar</lastName>
      </item>
      <item>
        <firstName>PATTY</firstName>
        <isOriginalCosponsor>True</isOriginalCosponsor>
        <fullName>Sen. Murray, Patty [D-WA]</fullName>
        <identifiers>
          <lisID>1409</lisID>
          <gpoId>8237</gpoId>
          <bioguideId>M001111</bioguideId>
        </identifiers>
        <middleName />
        <sponsorshipWithdrawnDate />
        <sponsorshipDate>2016-02-24</sponsorshipDate>
        <party>D</party>
        <bioguideId>M001111</bioguideId>
        <state>WA</state>
        <lastName>MURRAY</lastName>
      </item>
      <item>
        <firstName>Gary</firstName>
        <isOriginalCosponsor>True</isOriginalCosponsor>
        <fullName>Sen. Peters, Gary C. [D-MI]</fullName>
        <identifiers>
          <gpoId>7994</gpoId>
          <lisID>1929</lisID>
          <bioguideId>P000595</bioguideId>
        </identifiers>
        <middleName>C.</middleName>
        <sponsorshipWithdrawnDate />
        <sponsorshipDate>2016-02-24</sponsorshipDate>
        <party>D</party>
        <bioguideId>P000595</bioguideId>
        <state>MI</state>
        <lastName>Peters</lastName>
      </item>
      <item>
        <firstName>Brian</firstName>
        <isOriginalCosponsor>True</isOriginalCosponsor>
        <fullName>Sen. Schatz, Brian [D-HI]</fullName>
        <identifiers>
          <bioguideId>S001194</bioguideId>
          <lisID>2173</lisID>
          <gpoId />
        </identifiers>
        <middleName />
        <sponsorshipWithdrawnDate />
        <sponsorshipDate>2016-02-24</sponsorshipDate>
        <party>D</party>
        <bioguideId>S001194</bioguideId>
        <state>HI</state>
        <lastName>Schatz</lastName>
      </item>
      <item>
        <firstName>BARBARA</firstName>
        <isOriginalCosponsor>True</isOriginalCosponsor>
        <fullName>Sen. Mikulski, Barbara A. [D-MD]</fullName>
        <identifiers>
          <bioguideId>M000702</bioguideId>
          <lisID>802</lisID>
          <gpoId>8240</gpoId>
        </identifiers>
        <middleName>ANN</middleName>
        <sponsorshipWithdrawnDate />
        <sponsorshipDate>2016-02-24</sponsorshipDate>
        <party>D</party>
        <bioguideId>M000702</bioguideId>
        <state>MD</state>
        <lastName>MIKULSKI</lastName>
      </item>
      <item>
        <firstName>Christopher</firstName>
        <isOriginalCosponsor>True</isOriginalCosponsor>
        <fullName>Sen. Murphy, Christopher S. [D-CT]</fullName>
        <identifiers>
          <bioguideId>M001169</bioguideId>
          <lisID>1837</lisID>
          <gpoId>7870</gpoId>
        </identifiers>
        <middleName>S.</middleName>
        <sponsorshipWithdrawnDate />
        <sponsorshipDate>2016-02-24</sponsorshipDate>
        <party>D</party>
        <bioguideId>M001169</bioguideId>
        <state>CT</state>
        <lastName>Murphy</lastName>
      </item>
      <item>
        <firstName>EDWARD</firstName>
        <isOriginalCosponsor>True</isOriginalCosponsor>
        <fullName>Sen. Markey, Edward J. [D-MA]</fullName>
        <identifiers>
          <gpoId>7972</gpoId>
          <lisID>735</lisID>
          <bioguideId>M000133</bioguideId>
        </identifiers>
        <middleName>J.</middleName>
        <sponsorshipWithdrawnDate />
        <sponsorshipDate>2016-02-24</sponsorshipDate>
        <party>D</party>
        <bioguideId>M000133</bioguideId>
        <state>MA</state>
        <lastName>MARKEY</lastName>
      </item>
      <item>
        <firstName>RON</firstName>
        <isOriginalCosponsor>True</isOriginalCosponsor>
        <fullName>Sen. Wyden, Ron [D-OR]</fullName>
        <identifiers>
          <bioguideId>W000779</bioguideId>
          <lisID>1247</lisID>
          <gpoId>8265</gpoId>
        </identifiers>
        <middleName />
        <sponsorshipWithdrawnDate />
        <sponsorshipDate>2016-02-24</sponsorshipDate>
        <party>D</party>
        <bioguideId>W000779</bioguideId>
        <state>OR</state>
        <lastName>WYDEN</lastName>
      </item>
      <item>
        <firstName>DEBORAH</firstName>
        <isOriginalCosponsor>False</isOriginalCosponsor>
        <fullName>Sen. Stabenow, Debbie [D-MI]</fullName>
        <identifiers>
          <bioguideId>S000770</bioguideId>
          <gpoId>8261</gpoId>
          <lisID>1531</lisID>
        </identifiers>
        <middleName>ANN</middleName>
        <sponsorshipWithdrawnDate />
        <sponsorshipDate>2016-02-25</sponsorshipDate>
        <party>D</party>
        <bioguideId>S000770</bioguideId>
        <state>MI</state>
        <lastName>STABENOW</lastName>
      </item>
      <item>
        <firstName>BERNARD</firstName>
        <isOriginalCosponsor>False</isOriginalCosponsor>
        <fullName>Sen. Sanders, Bernard [I-VT]</fullName>
        <identifiers>
          <lisID>1010</lisID>
          <gpoId>8270</gpoId>
          <bioguideId>S000033</bioguideId>
        </identifiers>
        <middleName />
        <sponsorshipWithdrawnDate />
        <sponsorshipDate>2016-04-19</sponsorshipDate>
        <party>I</party>
        <bioguideId>S000033</bioguideId>
        <state>VT</state>
        <lastName>SANDERS</lastName>
      </item>
      <item>
        <firstName>Jeanne</firstName>
        <isOriginalCosponsor>False</isOriginalCosponsor>
        <fullName>Sen. Shaheen, Jeanne [D-NH]</fullName>
        <identifiers>
          <bioguideId>S001181</bioguideId>
          <lisID>1901</lisID>
          <gpoId>8276</gpoId>
        </identifiers>
        <middleName />
        <sponsorshipWithdrawnDate />
        <sponsorshipDate>2016-04-19</sponsorshipDate>
        <party>D</party>
        <bioguideId>S001181</bioguideId>
        <state>NH</state>
        <lastName>Shaheen</lastName>
      </item>
      <item>
        <firstName>Christopher</firstName>
        <isOriginalCosponsor>False</isOriginalCosponsor>
        <fullName>Sen. Coons, Christopher A. [D-DE]</fullName>
        <identifiers>
          <gpoId>8297</gpoId>
          <lisID>1984</lisID>
          <bioguideId>C001088</bioguideId>
        </identifiers>
        <middleName>A.</middleName>
        <sponsorshipWithdrawnDate />
        <sponsorshipDate>2016-04-19</sponsorshipDate>
        <party>D</party>
        <bioguideId>C001088</bioguideId>
        <state>DE</state>
        <lastName>Coons</lastName>
      </item>
      <item>
        <firstName>CHARLES</firstName>
        <isOriginalCosponsor>False</isOriginalCosponsor>
        <fullName>Sen. Schumer, Charles E. [D-NY]</fullName>
        <identifiers>
          <lisID>1036</lisID>
          <bioguideId>S000148</bioguideId>
          <gpoId>8279</gpoId>
        </identifiers>
        <middleName>E.</middleName>
        <sponsorshipWithdrawnDate />
        <sponsorshipDate>2016-04-21</sponsorshipDate>
        <party>D</party>
        <bioguideId>S000148</bioguideId>
        <state>NY</state>
        <lastName>SCHUMER</lastName>
      </item>
      <item>
        <firstName>THOMAS</firstName>
        <isOriginalCosponsor>False</isOriginalCosponsor>
        <fullName>Sen. Carper, Thomas R. [D-DE]</fullName>
        <identifiers>
          <lisID>179</lisID>
          <gpoId>8283</gpoId>
          <bioguideId>C000174</bioguideId>
        </identifiers>
        <middleName>R.</middleName>
        <sponsorshipWithdrawnDate />
        <sponsorshipDate>2016-04-21</sponsorshipDate>
        <party>D</party>
        <bioguideId>C000174</bioguideId>
        <state>DE</state>
        <lastName>CARPER</lastName>
      </item>
      <item>
        <firstName>BARBARA</firstName>
        <isOriginalCosponsor>False</isOriginalCosponsor>
        <fullName>Sen. Boxer, Barbara [D-CA]</fullName>
        <identifiers>
          <lisID>116</lisID>
          <gpoId>8306</gpoId>
          <bioguideId>B000711</bioguideId>
        </identifiers>
        <middleName />
        <sponsorshipWithdrawnDate />
        <sponsorshipDate>2016-04-25</sponsorshipDate>
        <party>D</party>
        <bioguideId>B000711</bioguideId>
        <state>CA</state>
        <lastName>BOXER</lastName>
      </item>
      <item>
        <firstName>JOHN</firstName>
        <isOriginalCosponsor>False</isOriginalCosponsor>
        <fullName>Sen. Reed, Jack [D-RI]</fullName>
        <identifiers>
          <bioguideId>R000122</bioguideId>
          <lisID>949</lisID>
          <gpoId>8272</gpoId>
        </identifiers>
        <middleName>F.</middleName>
        <sponsorshipWithdrawnDate />
        <sponsorshipDate>2016-04-25</sponsorshipDate>
        <party>D</party>
        <bioguideId>R000122</bioguideId>
        <state>RI</state>
        <lastName>REED</lastName>
      </item>
      <item>
        <firstName>Jeff</firstName>
        <isOriginalCosponsor>False</isOriginalCosponsor>
        <fullName>Sen. Merkley, Jeff [D-OR]</fullName>
        <identifiers>
          <bioguideId>M001176</bioguideId>
          <gpoId>8238</gpoId>
          <lisID>1900</lisID>
        </identifiers>
        <middleName />
        <sponsorshipWithdrawnDate />
        <sponsorshipDate>2016-04-25</sponsorshipDate>
        <party>D</party>
        <bioguideId>M001176</bioguideId>
        <state>OR</state>
        <lastName>Merkley</lastName>
      </item>
      <item>
        <firstName>Elizabeth</firstName>
        <isOriginalCosponsor>False</isOriginalCosponsor>
        <fullName>Sen. Warren, Elizabeth [D-MA]</fullName>
        <identifiers>
          <lisID>2182</lisID>
          <gpoId />
          <bioguideId>W000817</bioguideId>
        </identifiers>
        <middleName>A.</middleName>
        <sponsorshipWithdrawnDate />
        <sponsorshipDate>2016-04-28</sponsorshipDate>
        <party>D</party>
        <bioguideId>W000817</bioguideId>
        <state>MA</state>
        <lastName>Warren</lastName>
      </item>
      <item>
        <firstName>ROBERT</firstName>
        <isOriginalCosponsor>False</isOriginalCosponsor>
        <fullName>Sen. Menendez, Robert [D-NJ]</fullName>
        <identifiers>
          <lisID>791</lisID>
          <gpoId>8239</gpoId>
          <bioguideId>M000639</bioguideId>
        </identifiers>
        <middleName />
        <sponsorshipWithdrawnDate />
        <sponsorshipDate>2016-05-09</sponsorshipDate>
        <party>D</party>
        <bioguideId>M000639</bioguideId>
        <state>NJ</state>
        <lastName>MENENDEZ</lastName>
      </item>
      <item>
        <firstName>Heidi</firstName>
        <isOriginalCosponsor>False</isOriginalCosponsor>
        <fullName>Sen. Heitkamp, Heidi [D-ND]</fullName>
        <identifiers>
          <lisID>2174</lisID>
          <gpoId />
          <bioguideId>H001069</bioguideId>
        </identifiers>
        <middleName />
        <sponsorshipWithdrawnDate />
        <sponsorshipDate>2016-05-09</sponsorshipDate>
        <party>D</party>
        <bioguideId>H001069</bioguideId>
        <state>ND</state>
        <lastName>Heitkamp</lastName>
      </item>
      <item>
        <firstName>Cory</firstName>
        <isOriginalCosponsor>False</isOriginalCosponsor>
        <fullName>Sen. Booker, Cory A. [D-NJ]</fullName>
        <identifiers>
          <bioguideId>B001288</bioguideId>
          <lisID>2194</lisID>
          <gpoId />
        </identifiers>
        <middleName>A.</middleName>
        <sponsorshipWithdrawnDate />
        <sponsorshipDate>2016-05-10</sponsorshipDate>
        <party>D</party>
        <bioguideId>B001288</bioguideId>
        <state>NJ</state>
        <lastName>Booker</lastName>
      </item>
      <item>
        <firstName>BENJAMIN</firstName>
        <isOriginalCosponsor>False</isOriginalCosponsor>
        <fullName>Sen. Cardin, Benjamin L. [D-MD]</fullName>
        <identifiers>
          <lisID>174</lisID>
          <bioguideId>C000141</bioguideId>
          <gpoId>8287</gpoId>
        </identifiers>
        <middleName>L.</middleName>
        <sponsorshipWithdrawnDate />
        <sponsorshipDate>2016-05-25</sponsorshipDate>
        <party>D</party>
        <bioguideId>C000141</bioguideId>
        <state>MD</state>
        <lastName>CARDIN</lastName>
      </item>
      <item>
        <firstName>Timothy</firstName>
        <isOriginalCosponsor>False</isOriginalCosponsor>
        <fullName>Sen. Kaine, Tim [D-VA]</fullName>
        <identifiers>
          <lisID>2176</lisID>
          <gpoId />
          <bioguideId>K000384</bioguideId>
        </identifiers>
        <middleName />
        <sponsorshipWithdrawnDate />
        <sponsorshipDate>2016-06-15</sponsorshipDate>
        <party>D</party>
        <bioguideId>K000384</bioguideId>
        <state>VA</state>
        <lastName>Kaine</lastName>
      </item>
    </cosponsors>
    <billType>SRES</billType>
  </bill>
  <dublinCore xmlns:dc="http://purl.org/dc/elements/1.1/">
    <dc:format>text/xml</dc:format>
    <dc:language>EN</dc:language>
    <dc:rights>Pursuant to Title 17 Section 105 of the United States Code, this file is not subject to copyright protection and is in the public domain.</dc:rights>
    <dc:contributor>Congressional Research Service, Library of Congress</dc:contributor>
    <dc:description>This file contains bill summaries and statuses for federal legislation. A bill summary describes the most significant provisions of a piece of legislation and details the effects the legislative text may have on current law and federal programs. Bill summaries are authored by the Congressional Research Service (CRS) of the Library of Congress. As stated in Public Law 91-510 (2 USC 166 (d)(6)), one of the duties of CRS is "to prepare summaries and digests of bills and resolutions of a public general nature introduced in the Senate or House of Representatives". For more information, refer to the User Guide that accompanies this file.</dc:description>
  </dublinCore>
</billStatus>

