<?xml version="1.0" encoding="UTF-8"?>
<billStatus>
  <bill>
    <billType>SRES</billType>
    <laws />
    <recordedVotes />
    <actions>
      <item>
        <actionDate>2015-10-22</actionDate>
        <committee />
        <links>
          <link>
            <url>https://www.congress.gov/congressional-record/volume-161/senate-section/page/S7475</url>
            <name>S7475</name>
          </link>
          <link>
            <url>https://www.congress.gov/congressional-record/volume-161/senate-section/page/S7477</url>
            <name>S7477</name>
          </link>
        </links>
        <sourceSystem>
          <code>0</code>
          <name>Senate</name>
        </sourceSystem>
        <text>Submitted in the Senate, considered, and agreed to without amendment and with a preamble by Unanimous Consent. (consideration: CR S7477; text as passed Senate: CR S7475)</text>
        <type>Floor</type>
      </item>
      <item>
        <sourceSystem>
          <code>9</code>
          <name>Library of Congress</name>
        </sourceSystem>
        <actionDate>2015-10-22</actionDate>
        <links>
          <link>
            <url>https://www.congress.gov/congressional-record/volume-161/senate-section/page/S7475</url>
            <name>S7475</name>
          </link>
          <link>
            <url>https://www.congress.gov/congressional-record/volume-161/senate-section/page/S7477</url>
            <name>S7477</name>
          </link>
        </links>
        <committee />
        <text>Passed/agreed to in Senate: Submitted in the Senate, considered, and agreed to without amendment and with a preamble by Unanimous Consent.(consideration: CR S7477; text as passed Senate: CR S7475)</text>
        <type>Floor</type>
        <actionCode>17000</actionCode>
      </item>
      <item>
        <sourceSystem>
          <code>9</code>
          <name>Library of Congress</name>
        </sourceSystem>
        <actionDate>2015-10-22</actionDate>
        <links />
        <committee />
        <text>Introduced in Senate</text>
        <type>IntroReferral</type>
        <actionCode>10000</actionCode>
      </item>
      <actionTypeCounts>
        <introducedInSenate>1</introducedInSenate>
        <passedOrAgreedToInSenateDayOf>1</passedOrAgreedToInSenateDayOf>
        <passedAgreedToInSenate>1</passedAgreedToInSenate>
      </actionTypeCounts>
      <actionByCounts>
        <senate>3</senate>
      </actionByCounts>
    </actions>
    <billNumber>295</billNumber>
    <policyArea>
      <name>Armed Forces and National Security</name>
    </policyArea>
    <notes />
    <latestAction>
      <actionDate>2015-10-22</actionDate>
      <links />
      <text>Submitted in the Senate, considered, and agreed to without amendment and with a preamble by Unanimous Consent. (consideration: CR S7477; text as passed Senate: CR S7475)</text>
    </latestAction>
    <relatedBills>
      <item>
        <congress>114</congress>
        <type>SRES</type>
        <relationshipDetails>
          <item>
            <identifiedBy>CRS</identifiedBy>
            <type>Related bill</type>
          </item>
        </relationshipDetails>
        <number>595</number>
        <latestAction>
          <actionDate>2016-09-29</actionDate>
          <text>Referred to the Committee on Small Business and Entrepreneurship. (text of measure as introduced: CR S6275)</text>
        </latestAction>
        <latestTitle>A resolution supporting the goals and ideals of National Veterans Small Business Week.</latestTitle>
      </item>
    </relatedBills>
    <committees>
      <billCommittees />
    </committees>
    <cosponsors>
      <item>
        <firstName>David</firstName>
        <isOriginalCosponsor>True</isOriginalCosponsor>
        <fullName>Sen. Vitter, David [R-LA]</fullName>
        <identifiers>
          <bioguideId>V000127</bioguideId>
          <gpoId>8267</gpoId>
          <lisID>1609</lisID>
        </identifiers>
        <middleName />
        <sponsorshipWithdrawnDate />
        <sponsorshipDate>2015-10-22</sponsorshipDate>
        <party>R</party>
        <bioguideId>V000127</bioguideId>
        <state>LA</state>
        <lastName>Vitter</lastName>
      </item>
      <item>
        <firstName>Christopher</firstName>
        <isOriginalCosponsor>True</isOriginalCosponsor>
        <fullName>Sen. Coons, Christopher A. [D-DE]</fullName>
        <identifiers>
          <gpoId>8297</gpoId>
          <lisID>1984</lisID>
          <bioguideId>C001088</bioguideId>
        </identifiers>
        <middleName>A.</middleName>
        <sponsorshipWithdrawnDate />
        <sponsorshipDate>2015-10-22</sponsorshipDate>
        <party>D</party>
        <bioguideId>C001088</bioguideId>
        <state>DE</state>
        <lastName>Coons</lastName>
      </item>
      <item>
        <firstName>Cory</firstName>
        <isOriginalCosponsor>True</isOriginalCosponsor>
        <fullName>Sen. Gardner, Cory [R-CO]</fullName>
        <identifiers>
          <lisID>1998</lisID>
          <gpoId>7862</gpoId>
          <bioguideId>G000562</bioguideId>
        </identifiers>
        <middleName />
        <sponsorshipWithdrawnDate />
        <sponsorshipDate>2015-10-22</sponsorshipDate>
        <party>R</party>
        <bioguideId>G000562</bioguideId>
        <state>CO</state>
        <lastName>Gardner</lastName>
      </item>
      <item>
        <firstName>EDWARD</firstName>
        <isOriginalCosponsor>True</isOriginalCosponsor>
        <fullName>Sen. Markey, Edward J. [D-MA]</fullName>
        <identifiers>
          <lisID>735</lisID>
          <bioguideId>M000133</bioguideId>
          <gpoId>7972</gpoId>
        </identifiers>
        <middleName>J.</middleName>
        <sponsorshipWithdrawnDate />
        <sponsorshipDate>2015-10-22</sponsorshipDate>
        <party>D</party>
        <bioguideId>M000133</bioguideId>
        <state>MA</state>
        <lastName>MARKEY</lastName>
      </item>
      <item>
        <firstName>Marco</firstName>
        <isOriginalCosponsor>True</isOriginalCosponsor>
        <fullName>Sen. Rubio, Marco [R-FL]</fullName>
        <identifiers>
          <gpoId>8242</gpoId>
          <lisID>2084</lisID>
          <bioguideId>R000595</bioguideId>
        </identifiers>
        <middleName />
        <sponsorshipWithdrawnDate />
        <sponsorshipDate>2015-10-22</sponsorshipDate>
        <party>R</party>
        <bioguideId>R000595</bioguideId>
        <state>FL</state>
        <lastName>Rubio</lastName>
      </item>
      <item>
        <firstName>Mazie</firstName>
        <isOriginalCosponsor>True</isOriginalCosponsor>
        <fullName>Sen. Hirono, Mazie K. [D-HI]</fullName>
        <identifiers>
          <bioguideId>H001042</bioguideId>
          <lisID>1844</lisID>
          <gpoId>7913</gpoId>
        </identifiers>
        <middleName>K.</middleName>
        <sponsorshipWithdrawnDate />
        <sponsorshipDate>2015-10-22</sponsorshipDate>
        <party>D</party>
        <bioguideId>H001042</bioguideId>
        <state>HI</state>
        <lastName>Hirono</lastName>
      </item>
      <item>
        <firstName>Kelly</firstName>
        <isOriginalCosponsor>True</isOriginalCosponsor>
        <fullName>Sen. Ayotte, Kelly [R-NH]</fullName>
        <identifiers>
          <gpoId>8315</gpoId>
          <lisID>2075</lisID>
          <bioguideId>A000368</bioguideId>
        </identifiers>
        <middleName />
        <sponsorshipWithdrawnDate />
        <sponsorshipDate>2015-10-22</sponsorshipDate>
        <party>R</party>
        <bioguideId>A000368</bioguideId>
        <state>NH</state>
        <lastName>Ayotte</lastName>
      </item>
      <item>
        <firstName>Gary</firstName>
        <isOriginalCosponsor>True</isOriginalCosponsor>
        <fullName>Sen. Peters, Gary C. [D-MI]</fullName>
        <identifiers>
          <gpoId>7994</gpoId>
          <lisID>1929</lisID>
          <bioguideId>P000595</bioguideId>
        </identifiers>
        <middleName>C.</middleName>
        <sponsorshipWithdrawnDate />
        <sponsorshipDate>2015-10-22</sponsorshipDate>
        <party>D</party>
        <bioguideId>P000595</bioguideId>
        <state>MI</state>
        <lastName>Peters</lastName>
      </item>
      <item>
        <firstName>James</firstName>
        <isOriginalCosponsor>True</isOriginalCosponsor>
        <fullName>Sen. Risch, James E. [R-ID]</fullName>
        <identifiers>
          <bioguideId>R000584</bioguideId>
          <gpoId>8274</gpoId>
          <lisID>1896</lisID>
        </identifiers>
        <middleName>E.</middleName>
        <sponsorshipWithdrawnDate />
        <sponsorshipDate>2015-10-22</sponsorshipDate>
        <party>R</party>
        <bioguideId>R000584</bioguideId>
        <state>ID</state>
        <lastName>Risch</lastName>
      </item>
      <item>
        <firstName>Deb</firstName>
        <isOriginalCosponsor>True</isOriginalCosponsor>
        <fullName>Sen. Fischer, Deb [R-NE]</fullName>
        <identifiers>
          <lisID>2179</lisID>
          <gpoId />
          <bioguideId>F000463</bioguideId>
        </identifiers>
        <middleName />
        <sponsorshipWithdrawnDate />
        <sponsorshipDate>2015-10-22</sponsorshipDate>
        <party>R</party>
        <bioguideId>F000463</bioguideId>
        <state>NE</state>
        <lastName>Fischer</lastName>
      </item>
      <item>
        <firstName>Richard</firstName>
        <isOriginalCosponsor>True</isOriginalCosponsor>
        <fullName>Sen. Blumenthal, Richard [D-CT]</fullName>
        <identifiers>
          <bioguideId>B001277</bioguideId>
          <lisID>2076</lisID>
          <gpoId>8332</gpoId>
        </identifiers>
        <middleName />
        <sponsorshipWithdrawnDate />
        <sponsorshipDate>2015-10-22</sponsorshipDate>
        <party>D</party>
        <bioguideId>B001277</bioguideId>
        <state>CT</state>
        <lastName>Blumenthal</lastName>
      </item>
    </cosponsors>
    <committeeReports />
    <sponsors>
      <item>
        <fullName>Sen. Shaheen, Jeanne [D-NH]</fullName>
        <firstName>Jeanne</firstName>
        <lastName>Shaheen</lastName>
        <state>NH</state>
        <party>D</party>
        <bioguideId>S001181</bioguideId>
        <identifiers>
          <gpoId>8276</gpoId>
          <lisID>1901</lisID>
          <bioguideId>S001181</bioguideId>
        </identifiers>
        <middleName />
        <byRequestType />
      </item>
    </sponsors>
    <createDate>2015-10-23T09:16:49Z</createDate>
    <updateDate>2016-11-02T23:13:52Z</updateDate>
    <introducedDate>2015-10-22</introducedDate>
    <summaries>
      <billSummaries>
        <item>
          <actionDate>2015-10-22</actionDate>
          <actionDesc>Introduced in Senate</actionDesc>
          <lastSummaryUpdateDate>2015-10-23T20:59:38Z</lastSummaryUpdateDate>
          <versionCode>00</versionCode>
          <updateDate>2015-10-22T04:00:00Z</updateDate>
          <name>Introduced in Senate</name>
          <text><![CDATA[<p>Designates the week of November 2-6, 2015, as National Veterans Small Business Week. </p> <p>Expresses appreciation for the continued service to the United States by the nation's veterans through small business ownership and entrepreneurship.</p>]]></text>
        </item>
        <item>
          <actionDate>2015-10-22</actionDate>
          <actionDesc>Passed Senate without amendment</actionDesc>
          <lastSummaryUpdateDate>2015-10-23T21:00:01Z</lastSummaryUpdateDate>
          <versionCode>82</versionCode>
          <updateDate>2015-10-22T14:08:39Z</updateDate>
          <name>Passed Senate without amendment</name>
          <text><![CDATA[<p>(This measure has not been amended since it was introduced. The summary of that version is repeated here.)</p> <p>Designates the week of November 2-6, 2015, as National Veterans Small Business Week. </p> <p>Expresses appreciation for the continued service to the United States by the nation's veterans through small business ownership and entrepreneurship.</p>]]></text>
        </item>
      </billSummaries>
    </summaries>
    <title>A resolution designating the week of November 2 through November 6, 2015 as "National Veterans Small Business Week".</title>
    <cboCostEstimates />
    <subjects>
      <billSubjects>
        <policyArea>
          <name>Armed Forces and National Security</name>
        </policyArea>
        <legislativeSubjects>
          <item>
            <name>Commemorative events and holidays</name>
          </item>
          <item>
            <name>Congressional tributes</name>
          </item>
          <item>
            <name>Small business</name>
          </item>
          <item>
            <name>Veterans' education, employment, rehabilitation</name>
          </item>
        </legislativeSubjects>
      </billSubjects>
    </subjects>
    <amendments />
    <calendarNumbers />
    <congress>114</congress>
    <titles>
      <item>
        <chamberCode />
        <chamberName />
        <title>A resolution designating the week of November 2 through November 6, 2015 as "National Veterans Small Business Week".</title>
        <parentTitleType />
        <titleType>Official Title as Introduced</titleType>
      </item>
      <item>
        <chamberCode />
        <chamberName />
        <title>A resolution designating the week of November 2 through November 6, 2015 as "National Veterans Small Business Week".</title>
        <parentTitleType />
        <titleType>Display Title</titleType>
      </item>
    </titles>
    <originChamber>Senate</originChamber>
  </bill>
  <dublinCore xmlns:dc="http://purl.org/dc/elements/1.1/">
    <dc:format>text/xml</dc:format>
    <dc:language>EN</dc:language>
    <dc:rights>Pursuant to Title 17 Section 105 of the United States Code, this file is not subject to copyright protection and is in the public domain.</dc:rights>
    <dc:contributor>Congressional Research Service, Library of Congress</dc:contributor>
    <dc:description>This file contains bill summaries and statuses for federal legislation. A bill summary describes the most significant provisions of a piece of legislation and details the effects the legislative text may have on current law and federal programs. Bill summaries are authored by the Congressional Research Service (CRS) of the Library of Congress. As stated in Public Law 91-510 (2 USC 166 (d)(6)), one of the duties of CRS is "to prepare summaries and digests of bills and resolutions of a public general nature introduced in the Senate or House of Representatives". For more information, refer to the User Guide that accompanies this file.</dc:description>
  </dublinCore>
</billStatus>

