<?xml version="1.0" encoding="UTF-8"?>
<billStatus>
  <bill>
    <cboCostEstimates />
    <policyArea>
      <name>Sports and Recreation</name>
    </policyArea>
    <notes />
    <committeeReports />
    <titles>
      <item>
        <chamberCode />
        <chamberName />
        <title>A resolution honoring the life and legacy of Gordon "Gordie" Howe.</title>
        <parentTitleType />
        <titleType>Official Title as Introduced</titleType>
      </item>
      <item>
        <chamberCode />
        <chamberName />
        <title>A resolution honoring the life and legacy of Gordon "Gordie" Howe.</title>
        <parentTitleType />
        <titleType>Display Title</titleType>
      </item>
    </titles>
    <summaries>
      <billSummaries>
        <item>
          <actionDate>2016-06-16</actionDate>
          <updateDate>2016-06-16T04:00:00Z</updateDate>
          <name>Introduced in Senate</name>
          <lastSummaryUpdateDate>2016-06-29T20:09:49Z</lastSummaryUpdateDate>
          <versionCode>00</versionCode>
          <actionDesc>Introduced in Senate</actionDesc>
          <text><![CDATA[<p>Honors the life and legacy of Gordon &quot;Gordie&quot; Howe for his significant contributions to the sport of hockey and the city of Detroit.</p>]]></text>
        </item>
        <item>
          <actionDate>2016-06-16</actionDate>
          <updateDate>2016-06-16T15:58:40Z</updateDate>
          <name>Passed Senate without amendment</name>
          <lastSummaryUpdateDate>2016-06-29T20:12:22Z</lastSummaryUpdateDate>
          <versionCode>82</versionCode>
          <actionDesc>Passed Senate without amendment</actionDesc>
          <text><![CDATA[<p>(This measure has not been amended since it was introduced. The summary of that version is repeated here.)</p> <p>Honors the life and legacy of Gordon &quot;Gordie&quot; Howe for his significant contributions to the sport of hockey and the city of Detroit.</p>]]></text>
        </item>
      </billSummaries>
    </summaries>
    <createDate>2016-06-17T05:23:45Z</createDate>
    <recordedVotes />
    <billNumber>497</billNumber>
    <introducedDate>2016-06-16</introducedDate>
    <relatedBills />
    <updateDate>2016-11-02T23:14:52Z</updateDate>
    <committees>
      <billCommittees />
    </committees>
    <congress>114</congress>
    <laws />
    <title>A resolution honoring the life and legacy of Gordon "Gordie" Howe.</title>
    <calendarNumbers />
    <sponsors>
      <item>
        <identifiers>
          <lisID>1531</lisID>
          <bioguideId>S000770</bioguideId>
          <gpoId>8261</gpoId>
        </identifiers>
        <byRequestType />
        <fullName>Sen. Stabenow, Debbie [D-MI]</fullName>
        <firstName>DEBORAH</firstName>
        <state>MI</state>
        <bioguideId>S000770</bioguideId>
        <middleName>ANN</middleName>
        <party>D</party>
        <lastName>STABENOW</lastName>
      </item>
    </sponsors>
    <actions>
      <actionTypeCounts>
        <passedOrAgreedToInSenateDayOf>1</passedOrAgreedToInSenateDayOf>
        <passedAgreedToInSenate>1</passedAgreedToInSenate>
        <introducedInSenate>1</introducedInSenate>
      </actionTypeCounts>
      <item>
        <actionDate>2016-06-16</actionDate>
        <committee />
        <links>
          <link>
            <name>S4263</name>
            <url>https://www.congress.gov/congressional-record/volume-162/senate-section/page/S4263</url>
          </link>
          <link>
            <name>S4304-4305</name>
            <url>https://www.congress.gov/congressional-record/volume-162/senate-section/page/S4304-4305</url>
          </link>
        </links>
        <sourceSystem>
          <code>0</code>
          <name>Senate</name>
        </sourceSystem>
        <text>Submitted in the Senate, considered, and agreed to without amendment and with a preamble by Unanimous Consent. (consideration: CR S4263; text as passed Senate: CR S4304-4305)</text>
        <type>Floor</type>
      </item>
      <item>
        <actionDate>2016-06-16</actionDate>
        <sourceSystem>
          <code>9</code>
          <name>Library of Congress</name>
        </sourceSystem>
        <text>Passed/agreed to in Senate: Submitted in the Senate, considered, and agreed to without amendment and with a preamble by Unanimous Consent.(consideration: CR S4263; text as passed Senate: CR S4304-4305)</text>
        <type>Floor</type>
        <links>
          <link>
            <name>S4263</name>
            <url>https://www.congress.gov/congressional-record/volume-162/senate-section/page/S4263</url>
          </link>
          <link>
            <name>S4304-4305</name>
            <url>https://www.congress.gov/congressional-record/volume-162/senate-section/page/S4304-4305</url>
          </link>
        </links>
        <actionCode>17000</actionCode>
        <committee />
      </item>
      <item>
        <actionDate>2016-06-16</actionDate>
        <sourceSystem>
          <code>9</code>
          <name>Library of Congress</name>
        </sourceSystem>
        <text>Introduced in Senate</text>
        <type>IntroReferral</type>
        <links />
        <actionCode>10000</actionCode>
        <committee />
      </item>
      <actionByCounts>
        <senate>3</senate>
      </actionByCounts>
    </actions>
    <amendments />
    <originChamber>Senate</originChamber>
    <latestAction>
      <text>Submitted in the Senate, considered, and agreed to without amendment and with a preamble by Unanimous Consent. (consideration: CR S4263; text as passed Senate: CR S4304-4305)</text>
      <actionDate>2016-06-16</actionDate>
      <links />
    </latestAction>
    <subjects>
      <billSubjects>
        <legislativeSubjects>
          <item>
            <name>Athletes</name>
          </item>
          <item>
            <name>Congressional tributes</name>
          </item>
          <item>
            <name>Michigan</name>
          </item>
          <item>
            <name>Professional sports</name>
          </item>
        </legislativeSubjects>
        <policyArea>
          <name>Sports and Recreation</name>
        </policyArea>
      </billSubjects>
    </subjects>
    <cosponsors>
      <item>
        <firstName>Gary</firstName>
        <isOriginalCosponsor>True</isOriginalCosponsor>
        <fullName>Sen. Peters, Gary C. [D-MI]</fullName>
        <identifiers>
          <lisID>1929</lisID>
          <gpoId>7994</gpoId>
          <bioguideId>P000595</bioguideId>
        </identifiers>
        <middleName>C.</middleName>
        <sponsorshipWithdrawnDate />
        <sponsorshipDate>2016-06-16</sponsorshipDate>
        <party>D</party>
        <bioguideId>P000595</bioguideId>
        <state>MI</state>
        <lastName>Peters</lastName>
      </item>
    </cosponsors>
    <billType>SRES</billType>
  </bill>
  <dublinCore xmlns:dc="http://purl.org/dc/elements/1.1/">
    <dc:format>text/xml</dc:format>
    <dc:language>EN</dc:language>
    <dc:rights>Pursuant to Title 17 Section 105 of the United States Code, this file is not subject to copyright protection and is in the public domain.</dc:rights>
    <dc:contributor>Congressional Research Service, Library of Congress</dc:contributor>
    <dc:description>This file contains bill summaries and statuses for federal legislation. A bill summary describes the most significant provisions of a piece of legislation and details the effects the legislative text may have on current law and federal programs. Bill summaries are authored by the Congressional Research Service (CRS) of the Library of Congress. As stated in Public Law 91-510 (2 USC 166 (d)(6)), one of the duties of CRS is "to prepare summaries and digests of bills and resolutions of a public general nature introduced in the Senate or House of Representatives". For more information, refer to the User Guide that accompanies this file.</dc:description>
  </dublinCore>
</billStatus>

