<?xml version="1.0" encoding="UTF-8"?>
<billStatus>
  <bill>
    <relatedBills>
      <item>
        <number>169</number>
        <congress>114</congress>
        <type>HRES</type>
        <latestTitle>Acknowledging and honoring brave young men from Hawaii who enabled the United States to establish and maintain jurisdiction in remote equatorial islands as prolonged conflict in the Pacific lead to World War II.</latestTitle>
        <relationshipDetails>
          <item>
            <type>Identical bill</type>
            <identifiedBy>CRS</identifiedBy>
          </item>
        </relationshipDetails>
        <latestAction>
          <actionDate>2016-09-06</actionDate>
          <text>Placed on the House Calendar, Calendar No. 138.</text>
        </latestAction>
      </item>
      <item>
        <number>922</number>
        <congress>114</congress>
        <type>HRES</type>
        <latestTitle>Acknowledging and honoring brave young men from Hawaii who enabled the United States to establish and maintain jurisdiction in remote equatorial islands as prolonged conflict in the Pacific led to World War II.</latestTitle>
        <relationshipDetails>
          <item>
            <type>Identical bill</type>
            <identifiedBy>CRS</identifiedBy>
          </item>
        </relationshipDetails>
        <latestAction>
          <actionDate>2016-11-17</actionDate>
          <text>Referred to the Subcommittee on Indian, Insular and Alaska Native Affairs.</text>
        </latestAction>
      </item>
    </relatedBills>
    <billNumber>109</billNumber>
    <introducedDate>2015-03-24</introducedDate>
    <committees>
      <billCommittees>
        <item>
          <name>Judiciary Committee</name>
          <systemCode>ssju00</systemCode>
          <subcommittees />
          <type>Standing</type>
          <activities>
            <item>
              <name>Discharged from</name>
              <date>2015-05-22T00:17:10Z</date>
            </item>
            <item>
              <name>Referred to</name>
              <date>2015-03-24T20:16:58Z</date>
            </item>
          </activities>
          <chamber>Senate</chamber>
        </item>
      </billCommittees>
    </committees>
    <actions>
      <actionTypeCounts>
        <agreedToInSenate>1</agreedToInSenate>
        <committeeDischarged>1</committeeDischarged>
        <measureLaidBeforeSenate>1</measureLaidBeforeSenate>
        <passedAgreedToInSenate>1</passedAgreedToInSenate>
        <senateCommitteeDischarged>1</senateCommitteeDischarged>
        <referredToCommittee>1</referredToCommittee>
        <introducedInSenate>1</introducedInSenate>
      </actionTypeCounts>
      <item>
        <actionDate>2015-05-21</actionDate>
        <committee />
        <links />
        <sourceSystem>
          <code>0</code>
          <name>Senate</name>
        </sourceSystem>
        <text>Resolution agreed to in Senate without amendment and an amended preamble by Unanimous Consent. (text: CR S3250-3251)</text>
        <type>Floor</type>
      </item>
      <item>
        <text>Passed/agreed to in Senate: Resolution agreed to in Senate without amendment and an amended preamble by Unanimous Consent.(text: CR S3250-3251)</text>
        <links />
        <actionDate>2015-05-21</actionDate>
        <actionCode>17000</actionCode>
        <type>Floor</type>
        <sourceSystem>
          <code>9</code>
          <name>Library of Congress</name>
        </sourceSystem>
        <committee />
      </item>
      <item>
        <actionDate>2015-05-21</actionDate>
        <committee />
        <links />
        <sourceSystem>
          <code>0</code>
          <name>Senate</name>
        </sourceSystem>
        <text>Measure laid before Senate by unanimous consent. (consideration: CR S3250-3251)</text>
        <type>Floor</type>
      </item>
      <item>
        <actionDate>2015-05-21</actionDate>
        <committee>
          <name>Judiciary Committee</name>
          <systemCode>ssju00</systemCode>
        </committee>
        <links />
        <sourceSystem>
          <code>0</code>
          <name>Senate</name>
        </sourceSystem>
        <text>Senate Committee on the Judiciary discharged by Unanimous Consent.</text>
        <type>Discharge</type>
      </item>
      <item>
        <text>Senate Committee on the Judiciary discharged by Unanimous Consent.</text>
        <links />
        <actionDate>2015-05-21</actionDate>
        <actionCode>14500</actionCode>
        <type>Committee</type>
        <sourceSystem>
          <code>9</code>
          <name>Library of Congress</name>
        </sourceSystem>
        <committee>
          <name>Judiciary Committee</name>
          <systemCode>ssju00</systemCode>
        </committee>
      </item>
      <item>
        <actionDate>2015-03-24</actionDate>
        <committee>
          <name>Judiciary Committee</name>
          <systemCode>ssju00</systemCode>
        </committee>
        <links />
        <sourceSystem>
          <code>0</code>
          <name>Senate</name>
        </sourceSystem>
        <text>Referred to the Committee on the Judiciary. (text of measure as introduced: CR S1784-1785)</text>
        <type>IntroReferral</type>
      </item>
      <item>
        <text>Introduced in Senate</text>
        <links />
        <actionDate>2015-03-24</actionDate>
        <actionCode>10000</actionCode>
        <type>IntroReferral</type>
        <sourceSystem>
          <code>9</code>
          <name>Library of Congress</name>
        </sourceSystem>
        <committee />
      </item>
      <actionByCounts>
        <senate>7</senate>
      </actionByCounts>
    </actions>
    <committeeReports />
    <sponsors>
      <item>
        <middleName />
        <fullName>Sen. Schatz, Brian [D-HI]</fullName>
        <state>HI</state>
        <bioguideId>S001194</bioguideId>
        <lastName>Schatz</lastName>
        <party>D</party>
        <identifiers>
          <lisID>2173</lisID>
          <bioguideId>S001194</bioguideId>
          <gpoId />
        </identifiers>
        <firstName>Brian</firstName>
        <byRequestType />
      </item>
    </sponsors>
    <policyArea>
      <name>Social Sciences and History</name>
    </policyArea>
    <updateDate>2016-12-08T17:48:22Z</updateDate>
    <createDate>2015-03-25T08:45:43Z</createDate>
    <summaries>
      <billSummaries>
        <item>
          <actionDate>2015-03-24</actionDate>
          <text><![CDATA[<p>Honors the accomplishments of the Hui Panala 'au colonists and the young men who helped secure and maintain U.S. jurisdiction over equatorial islands in the Pacific Ocean during the years leading up to and the months immediately following the bombing of Pearl Harbor and the entry of the United States into World War II.</p> <p>Acknowledges the local, national, and international significance of the seven-year colonization of such islands by the United States, which resulted in the United States extending sovereignty into the Equatorial Pacific. </p> <p>Recognizes the dedication of the young men, the majority of whom were Native Hawaiian, who participated in the Equatorial Pacific colonization project.</p> <p>Extends condolences to the families of Carl Kahalewai, Joseph Keliihananui, and Richard Whaley for the loss of their loved ones in the service of the United States. </p>]]></text>
          <actionDesc>Introduced in Senate</actionDesc>
          <lastSummaryUpdateDate>2015-04-10T14:08:37Z</lastSummaryUpdateDate>
          <name>Introduced in Senate</name>
          <updateDate>2015-03-24T04:00:00Z</updateDate>
          <versionCode>00</versionCode>
        </item>
        <item>
          <actionDate>2015-05-21</actionDate>
          <text><![CDATA[<p>(This measure has not been amended since it was introduced. The summary of that version is repeated here.)</p> <p>Honors the accomplishments of the Hui Panala 'au colonists and the young men who helped secure and maintain U.S. jurisdiction over equatorial islands in the Pacific Ocean during the years leading up to and the months immediately following the bombing of Pearl Harbor and the entry of the United States into World War II.</p> <p>Acknowledges the local, national, and international significance of the seven-year colonization of such islands by the United States, which resulted in the United States extending sovereignty into the Equatorial Pacific. </p> <p>Recognizes the dedication of the young men, the majority of whom were Native Hawaiian, who participated in the Equatorial Pacific colonization project.</p> <p>Extends condolences to the families of Carl Kahalewai, Joseph Keliihananui, and Richard Whaley for the loss of their loved ones in the service of the United States.</p>]]></text>
          <actionDesc>Passed Senate without amendment</actionDesc>
          <lastSummaryUpdateDate>2015-05-27T21:14:09Z</lastSummaryUpdateDate>
          <name>Passed Senate without amendment</name>
          <updateDate>2015-05-21T11:59:14Z</updateDate>
          <versionCode>82</versionCode>
        </item>
      </billSummaries>
    </summaries>
    <recordedVotes />
    <calendarNumbers />
    <laws />
    <titles>
      <item>
        <parentTitleType />
        <titleType>Official Title as Introduced</titleType>
        <chamberName />
        <chamberCode />
        <title>A resolution acknowledging and honoring brave young men from Hawaii who enabled the United States to establish and maintain jurisdiction in remote equatorial islands as prolonged conflict in the Pacific led to World War II.</title>
      </item>
      <item>
        <parentTitleType />
        <titleType>Display Title</titleType>
        <chamberName />
        <chamberCode />
        <title>A resolution acknowledging and honoring brave young men from Hawaii who enabled the United States to establish and maintain jurisdiction in remote equatorial islands as prolonged conflict in the Pacific led to World War II.</title>
      </item>
    </titles>
    <cboCostEstimates />
    <subjects>
      <billSubjects>
        <policyArea>
          <name>Social Sciences and History</name>
        </policyArea>
        <legislativeSubjects>
          <item>
            <name>Alaska Natives and Hawaiians</name>
          </item>
          <item>
            <name>Congressional tributes</name>
          </item>
          <item>
            <name>Government liability</name>
          </item>
          <item>
            <name>Hawaii</name>
          </item>
          <item>
            <name>Military history</name>
          </item>
          <item>
            <name>Pacific Ocean</name>
          </item>
          <item>
            <name>Sovereignty, recognition, national governance and status</name>
          </item>
          <item>
            <name>U.S. history</name>
          </item>
        </legislativeSubjects>
      </billSubjects>
    </subjects>
    <originChamber>Senate</originChamber>
    <title>A resolution acknowledging and honoring brave young men from Hawaii who enabled the United States to establish and maintain jurisdiction in remote equatorial islands as prolonged conflict in the Pacific led to World War II.</title>
    <notes />
    <congress>114</congress>
    <amendments>
      <amendment>
        <cosponsors>
          <totalCount>0</totalCount>
          <currentCount>0</currentCount>
        </cosponsors>
        <number>1437</number>
        <createDate>2015-05-22T09:35:06Z</createDate>
        <amendments>
          <count>0</count>
        </amendments>
        <description />
        <amendedAmendment />
        <sponsors>
          <item>
            <middleName />
            <lastName>Schatz</lastName>
            <fullName>Sen. Schatz, Brian [D-HI]</fullName>
            <firstName>Brian</firstName>
            <state>HI</state>
            <bioguideId>S001194</bioguideId>
            <party>D</party>
          </item>
        </sponsors>
        <amendedBill>
          <number>109</number>
          <title>A resolution acknowledging and honoring brave young men from Hawaii who enabled the United States to establish and maintain jurisdiction in remote equatorial islands as prolonged conflict in the Pacific led to World War II.</title>
          <congress>114</congress>
          <type>SRES</type>
          <originChamberCode>S</originChamberCode>
          <originChamber>Senate</originChamber>
        </amendedBill>
        <submittedDate>2015-05-21T04:00:00Z</submittedDate>
        <links />
        <notes />
        <titles />
        <congress>114</congress>
        <proposedDate>2015-05-21T04:00:00Z</proposedDate>
        <purpose>To amend the preamble.</purpose>
        <actions>
          <actions>
            <item>
              <actionDate>2015-05-21</actionDate>
              <committee />
              <links />
              <sourceSystem>
                <name>Senate</name>
                <code>0</code>
              </sourceSystem>
              <text>Amendment SA 1437 agreed to in Senate by Unanimous Consent.</text>
              <type>Floor</type>
            </item>
            <item>
              <actionDate>2015-05-21</actionDate>
              <committee />
              <links />
              <sourceSystem>
                <name>Senate</name>
                <code>0</code>
              </sourceSystem>
              <text>Amendment SA 1437 proposed by Senator Perdue for Senator Schatz. (consideration: CR S3250; text: CR S3250)</text>
              <type>Floor</type>
            </item>
            <item>
              <actionDate>2015-05-21</actionDate>
              <committee />
              <links />
              <text />
            </item>
            <item>
              <actionDate>2015-05-21</actionDate>
              <committee />
              <links />
              <type>Floor</type>
              <sourceSystem>
                <name>Library of Congress</name>
                <code>9</code>
              </sourceSystem>
              <text>Senate amendment proposed (on the floor): Amendment SA 1437 proposed by Senator Perdue for Senator Schatz.(consideration: CR S3250; text: CR S3250)</text>
              <actionCode>93000</actionCode>
            </item>
            <item>
              <actionDate>2015-05-21</actionDate>
              <committee />
              <links />
              <type>Floor</type>
              <sourceSystem>
                <name>Library of Congress</name>
                <code>9</code>
              </sourceSystem>
              <text>Senate amendment agreed to: Amendment SA 1437 agreed to in Senate by Unanimous Consent.</text>
              <actionCode>94000</actionCode>
            </item>
            <item>
              <actionDate>2015-05-21</actionDate>
              <committee />
              <links />
              <type>Floor</type>
              <sourceSystem>
                <name>Library of Congress</name>
                <code>9</code>
              </sourceSystem>
              <text>Senate amendment submitted</text>
              <actionCode>91000</actionCode>
            </item>
          </actions>
          <actionTypeCounts>
            <senateAmendmentAgreedTo>1</senateAmendmentAgreedTo>
            <amendmentProposed>1</amendmentProposed>
            <amendmentAgreedTo>1</amendmentAgreedTo>
            <senateAmendmentProposedOnTheFloor>1</senateAmendmentProposedOnTheFloor>
            <senateAmendmentSubmitted>1</senateAmendmentSubmitted>
          </actionTypeCounts>
          <actionByCounts>
            <senate>5</senate>
          </actionByCounts>
          <count>6</count>
        </actions>
        <type>SAMDT</type>
        <chamber>Senate</chamber>
        <updateDate>2016-12-08T17:48:22Z</updateDate>
        <latestAction>
          <actionDate>2015-05-21</actionDate>
          <text>Amendment SA 1437 agreed to in Senate by Unanimous Consent.</text>
        </latestAction>
        <purpose>To amend the preamble.</purpose>
        <congress>114</congress>
        <number>1437</number>
        <description />
        <type>SAMDT</type>
      </amendment>
    </amendments>
    <cosponsors>
      <item>
        <middleName>K.</middleName>
        <fullName>Sen. Hirono, Mazie K. [D-HI]</fullName>
        <state>HI</state>
        <bioguideId>H001042</bioguideId>
        <lastName>Hirono</lastName>
        <isOriginalCosponsor>True</isOriginalCosponsor>
        <sponsorshipWithdrawnDate />
        <identifiers>
          <lisID>1844</lisID>
          <gpoId>7913</gpoId>
          <bioguideId>H001042</bioguideId>
        </identifiers>
        <firstName>Mazie</firstName>
        <sponsorshipDate>2015-03-24</sponsorshipDate>
        <party>D</party>
      </item>
    </cosponsors>
    <latestAction>
      <actionDate>2015-05-21</actionDate>
      <links />
      <text>Resolution agreed to in Senate without amendment and an amended preamble by Unanimous Consent. (text: CR S3250-3251)</text>
    </latestAction>
    <billType>SRES</billType>
  </bill>
  <dublinCore xmlns:dc="http://purl.org/dc/elements/1.1/">
    <dc:format>text/xml</dc:format>
    <dc:language>EN</dc:language>
    <dc:rights>Pursuant to Title 17 Section 105 of the United States Code, this file is not subject to copyright protection and is in the public domain.</dc:rights>
    <dc:contributor>Congressional Research Service, Library of Congress</dc:contributor>
    <dc:description>This file contains bill summaries and statuses for federal legislation. A bill summary describes the most significant provisions of a piece of legislation and details the effects the legislative text may have on current law and federal programs. Bill summaries are authored by the Congressional Research Service (CRS) of the Library of Congress. As stated in Public Law 91-510 (2 USC 166 (d)(6)), one of the duties of CRS is "to prepare summaries and digests of bills and resolutions of a public general nature introduced in the Senate or House of Representatives". For more information, refer to the User Guide that accompanies this file.</dc:description>
  </dublinCore>
</billStatus>

