<?xml version="1.0" encoding="UTF-8"?>
<billStatus>
  <bill>
    <committees>
      <billCommittees>
        <item>
          <activities>
            <item>
              <date>2015-09-08T22:23:57Z</date>
              <name>Discharged from</name>
            </item>
            <item>
              <date>2015-08-05T19:51:20Z</date>
              <name>Referred to</name>
            </item>
          </activities>
          <chamber>Senate</chamber>
          <subcommittees />
          <systemCode>sssb00</systemCode>
          <type>Standing</type>
          <name>Small Business and Entrepreneurship Committee</name>
        </item>
      </billCommittees>
    </committees>
    <congress>114</congress>
    <billNumber>243</billNumber>
    <updateDate>2016-11-02T23:13:34Z</updateDate>
    <calendarNumbers />
    <policyArea>
      <name>Commerce</name>
    </policyArea>
    <summaries>
      <billSummaries>
        <item>
          <actionDate>2015-08-05</actionDate>
          <updateDate>2015-08-05T04:00:00Z</updateDate>
          <name>Introduced in Senate</name>
          <lastSummaryUpdateDate>2015-11-05T15:21:32Z</lastSummaryUpdateDate>
          <versionCode>00</versionCode>
          <actionDesc>Introduced in Senate</actionDesc>
          <text><![CDATA[<p>Celebrates the 35th anniversary of America's Small Business Development Center (SBDC) network.</p> <p>Expresses appreciation for:</p> <ul> <li> the steadfast partnership between SBDC's network and the Small Business Administration, and</li> <li>the network's work in ensuring quality assistance to small business and access for all to the American dream.</li> </ul>]]></text>
        </item>
        <item>
          <actionDate>2015-09-08</actionDate>
          <updateDate>2015-09-08T18:21:47Z</updateDate>
          <name>Passed Senate without amendment</name>
          <lastSummaryUpdateDate>2015-11-05T15:17:57Z</lastSummaryUpdateDate>
          <versionCode>82</versionCode>
          <actionDesc>Passed Senate without amendment</actionDesc>
          <text><![CDATA[<p>(This measure has not been amended since it was introduced. The summary of that version is repeated here.)</p> <p>Celebrates the 35th anniversary of America's Small Business Development Center (SBDC) network.</p> <p>Expresses appreciation for:</p> <ul> <li> the steadfast partnership between SBDC's network and the Small Business Administration, and</li> <li>the network's work in ensuring quality assistance to small business and access for all to the American dream.</li> </ul>]]></text>
        </item>
      </billSummaries>
    </summaries>
    <title>A resolution celebrating the 35th anniversary of the Small Business Development Centers of the United States.</title>
    <laws />
    <cosponsors>
      <item>
        <identifiers>
          <lisID>1901</lisID>
          <bioguideId>S001181</bioguideId>
          <gpoId>8276</gpoId>
        </identifiers>
        <middleName />
        <fullName>Sen. Shaheen, Jeanne [D-NH]</fullName>
        <isOriginalCosponsor>True</isOriginalCosponsor>
        <firstName>Jeanne</firstName>
        <sponsorshipWithdrawnDate />
        <state>NH</state>
        <bioguideId>S001181</bioguideId>
        <sponsorshipDate>2015-08-05</sponsorshipDate>
        <party>D</party>
        <lastName>Shaheen</lastName>
      </item>
      <item>
        <identifiers>
          <bioguideId>E000285</bioguideId>
          <gpoId>8328</gpoId>
          <lisID>1542</lisID>
        </identifiers>
        <middleName>B.</middleName>
        <fullName>Sen. Enzi, Michael B. [R-WY]</fullName>
        <isOriginalCosponsor>True</isOriginalCosponsor>
        <firstName>MICHAEL</firstName>
        <sponsorshipWithdrawnDate />
        <state>WY</state>
        <bioguideId>E000285</bioguideId>
        <sponsorshipDate>2015-08-05</sponsorshipDate>
        <party>R</party>
        <lastName>ENZI</lastName>
      </item>
      <item>
        <identifiers>
          <lisID>1844</lisID>
          <bioguideId>H001042</bioguideId>
          <gpoId>7913</gpoId>
        </identifiers>
        <middleName>K.</middleName>
        <fullName>Sen. Hirono, Mazie K. [D-HI]</fullName>
        <isOriginalCosponsor>True</isOriginalCosponsor>
        <firstName>Mazie</firstName>
        <sponsorshipWithdrawnDate />
        <state>HI</state>
        <bioguideId>H001042</bioguideId>
        <sponsorshipDate>2015-08-05</sponsorshipDate>
        <party>D</party>
        <lastName>Hirono</lastName>
      </item>
      <item>
        <identifiers>
          <lisID>1896</lisID>
          <gpoId>8274</gpoId>
          <bioguideId>R000584</bioguideId>
        </identifiers>
        <middleName>E.</middleName>
        <fullName>Sen. Risch, James E. [R-ID]</fullName>
        <isOriginalCosponsor>True</isOriginalCosponsor>
        <firstName>James</firstName>
        <sponsorshipWithdrawnDate />
        <state>ID</state>
        <bioguideId>R000584</bioguideId>
        <sponsorshipDate>2015-08-05</sponsorshipDate>
        <party>R</party>
        <lastName>Risch</lastName>
      </item>
      <item>
        <identifiers>
          <lisID>1929</lisID>
          <gpoId>7994</gpoId>
          <bioguideId>P000595</bioguideId>
        </identifiers>
        <middleName>C.</middleName>
        <fullName>Sen. Peters, Gary C. [D-MI]</fullName>
        <isOriginalCosponsor>True</isOriginalCosponsor>
        <firstName>Gary</firstName>
        <sponsorshipWithdrawnDate />
        <state>MI</state>
        <bioguideId>P000595</bioguideId>
        <sponsorshipDate>2015-08-05</sponsorshipDate>
        <party>D</party>
        <lastName>Peters</lastName>
      </item>
      <item>
        <identifiers>
          <lisID>2075</lisID>
          <bioguideId>A000368</bioguideId>
          <gpoId>8315</gpoId>
        </identifiers>
        <middleName />
        <fullName>Sen. Ayotte, Kelly [R-NH]</fullName>
        <isOriginalCosponsor>True</isOriginalCosponsor>
        <firstName>Kelly</firstName>
        <sponsorshipWithdrawnDate />
        <state>NH</state>
        <bioguideId>A000368</bioguideId>
        <sponsorshipDate>2015-08-05</sponsorshipDate>
        <party>R</party>
        <lastName>Ayotte</lastName>
      </item>
      <item>
        <identifiers>
          <bioguideId>G000562</bioguideId>
          <lisID>1998</lisID>
          <gpoId>7862</gpoId>
        </identifiers>
        <middleName />
        <fullName>Sen. Gardner, Cory [R-CO]</fullName>
        <isOriginalCosponsor>True</isOriginalCosponsor>
        <firstName>Cory</firstName>
        <sponsorshipWithdrawnDate />
        <state>CO</state>
        <bioguideId>G000562</bioguideId>
        <sponsorshipDate>2015-08-05</sponsorshipDate>
        <party>R</party>
        <lastName>Gardner</lastName>
      </item>
    </cosponsors>
    <billType>SRES</billType>
    <cboCostEstimates />
    <recordedVotes />
    <relatedBills />
    <actions>
      <item>
        <actionDate>2015-09-08</actionDate>
        <committee />
        <links>
          <link>
            <url>https://www.congress.gov/congressional-record/volume-161/senate-section/page/S6469</url>
            <name>S6469</name>
          </link>
        </links>
        <sourceSystem>
          <code>0</code>
          <name>Senate</name>
        </sourceSystem>
        <text>Resolution agreed to in Senate without amendment and with a preamble by Unanimous Consent. (consideration: CR S6469)</text>
        <type>Floor</type>
      </item>
      <item>
        <sourceSystem>
          <code>9</code>
          <name>Library of Congress</name>
        </sourceSystem>
        <actionDate>2015-09-08</actionDate>
        <links>
          <link>
            <url>https://www.congress.gov/congressional-record/volume-161/senate-section/page/S6469</url>
            <name>S6469</name>
          </link>
        </links>
        <committee />
        <text>Passed/agreed to in Senate: Resolution agreed to in Senate without amendment and with a preamble by Unanimous Consent.(consideration: CR S6469)</text>
        <type>Floor</type>
        <actionCode>17000</actionCode>
      </item>
      <item>
        <actionDate>2015-09-08</actionDate>
        <committee>
          <systemCode>sssb00</systemCode>
          <name>Small Business and Entrepreneurship Committee</name>
        </committee>
        <links />
        <sourceSystem>
          <code>0</code>
          <name>Senate</name>
        </sourceSystem>
        <text>Senate Committee on Small Business and Entrepreneurship discharged by Unanimous Consent.</text>
        <type>Discharge</type>
      </item>
      <item>
        <sourceSystem>
          <code>9</code>
          <name>Library of Congress</name>
        </sourceSystem>
        <actionDate>2015-09-08</actionDate>
        <links />
        <committee>
          <systemCode>sssb00</systemCode>
          <name>Small Business and Entrepreneurship Committee</name>
        </committee>
        <text>Senate Committee on Small Business and Entrepreneurship discharged by Unanimous Consent.</text>
        <type>Committee</type>
        <actionCode>14500</actionCode>
      </item>
      <item>
        <actionDate>2015-08-05</actionDate>
        <committee>
          <systemCode>sssb00</systemCode>
          <name>Small Business and Entrepreneurship Committee</name>
        </committee>
        <links>
          <link>
            <url>https://www.congress.gov/congressional-record/volume-161/senate-section/page/S6402</url>
            <name>S6402</name>
          </link>
        </links>
        <sourceSystem>
          <code>0</code>
          <name>Senate</name>
        </sourceSystem>
        <text>Referred to the Committee on Small Business and Entrepreneurship. (text of measure as introduced: CR S6402)</text>
        <type>IntroReferral</type>
      </item>
      <item>
        <sourceSystem>
          <code>9</code>
          <name>Library of Congress</name>
        </sourceSystem>
        <actionDate>2015-08-05</actionDate>
        <links />
        <committee />
        <text>Introduced in Senate</text>
        <type>IntroReferral</type>
        <actionCode>10000</actionCode>
      </item>
      <actionTypeCounts>
        <committeeDischarged>1</committeeDischarged>
        <introducedInSenate>1</introducedInSenate>
        <agreedToInSenate>1</agreedToInSenate>
        <senateCommitteeDischarged>1</senateCommitteeDischarged>
        <referredToCommittee>1</referredToCommittee>
        <passedAgreedToInSenate>1</passedAgreedToInSenate>
      </actionTypeCounts>
      <actionByCounts>
        <senate>6</senate>
      </actionByCounts>
    </actions>
    <notes />
    <latestAction>
      <actionDate>2015-09-08</actionDate>
      <links />
      <text>Resolution agreed to in Senate without amendment and with a preamble by Unanimous Consent. (consideration: CR S6469)</text>
    </latestAction>
    <introducedDate>2015-08-05</introducedDate>
    <sponsors>
      <item>
        <fullName>Sen. Vitter, David [R-LA]</fullName>
        <firstName>David</firstName>
        <byRequestType />
        <identifiers>
          <bioguideId>V000127</bioguideId>
          <lisID>1609</lisID>
          <gpoId>8267</gpoId>
        </identifiers>
        <middleName />
        <bioguideId>V000127</bioguideId>
        <party>R</party>
        <state>LA</state>
        <lastName>Vitter</lastName>
      </item>
    </sponsors>
    <subjects>
      <billSubjects>
        <policyArea>
          <name>Commerce</name>
        </policyArea>
        <legislativeSubjects>
          <item>
            <name>Business investment and capital</name>
          </item>
          <item>
            <name>Commemorative events and holidays</name>
          </item>
          <item>
            <name>Congressional tributes</name>
          </item>
          <item>
            <name>Small Business Administration</name>
          </item>
          <item>
            <name>Small business</name>
          </item>
        </legislativeSubjects>
      </billSubjects>
    </subjects>
    <committeeReports />
    <amendments />
    <createDate>2015-08-06T08:30:18Z</createDate>
    <originChamber>Senate</originChamber>
    <titles>
      <item>
        <parentTitleType />
        <titleType>Official Title as Introduced</titleType>
        <title>A resolution celebrating the 35th anniversary of the Small Business Development Centers of the United States.</title>
        <chamberCode />
        <chamberName />
      </item>
      <item>
        <parentTitleType />
        <titleType>Display Title</titleType>
        <title>A resolution celebrating the 35th anniversary of the Small Business Development Centers of the United States.</title>
        <chamberCode />
        <chamberName />
      </item>
    </titles>
  </bill>
  <dublinCore xmlns:dc="http://purl.org/dc/elements/1.1/">
    <dc:format>text/xml</dc:format>
    <dc:language>EN</dc:language>
    <dc:rights>Pursuant to Title 17 Section 105 of the United States Code, this file is not subject to copyright protection and is in the public domain.</dc:rights>
    <dc:contributor>Congressional Research Service, Library of Congress</dc:contributor>
    <dc:description>This file contains bill summaries and statuses for federal legislation. A bill summary describes the most significant provisions of a piece of legislation and details the effects the legislative text may have on current law and federal programs. Bill summaries are authored by the Congressional Research Service (CRS) of the Library of Congress. As stated in Public Law 91-510 (2 USC 166 (d)(6)), one of the duties of CRS is "to prepare summaries and digests of bills and resolutions of a public general nature introduced in the Senate or House of Representatives". For more information, refer to the User Guide that accompanies this file.</dc:description>
  </dublinCore>
</billStatus>

