<?xml version="1.0" encoding="UTF-8"?>
<billStatus>
  <bill>
    <title>A resolution designating September 2015 as "National Child Awareness Month" to promote awareness of charities benefitting children and youth-serving organizations throughout the United States and recognizing the efforts made by those charities and organizations on behalf of children and youth as critical contributions to the future of the United States.</title>
    <updateDate>2016-11-02T23:13:28Z</updateDate>
    <relatedBills>
      <item>
        <number>494</number>
        <relationshipDetails>
          <item>
            <identifiedBy>CRS</identifiedBy>
            <type>Related bill</type>
          </item>
        </relationshipDetails>
        <congress>114</congress>
        <latestAction>
          <text>Submitted in the Senate, considered, and agreed to without amendment and with a preamble by Unanimous Consent. (consideration: CR S3870-3871; text as passed Senate: CR S3863-3864)</text>
          <actionDate>2016-06-14</actionDate>
        </latestAction>
        <type>SRES</type>
        <latestTitle>A resolution designating September 2016 as "National Child Awareness Month" to promote awareness of charities benefiting children and youth-serving organizations throughout the United States and recognizing the efforts made by those charities and organizations on behalf of children and youth as critical contributions to the future of the United States.</latestTitle>
      </item>
    </relatedBills>
    <introducedDate>2015-07-14</introducedDate>
    <originChamber>Senate</originChamber>
    <cboCostEstimates />
    <policyArea>
      <name>Families</name>
    </policyArea>
    <congress>114</congress>
    <billNumber>223</billNumber>
    <billType>SRES</billType>
    <amendments />
    <recordedVotes />
    <committees>
      <billCommittees />
    </committees>
    <laws />
    <subjects>
      <billSubjects>
        <legislativeSubjects>
          <item>
            <name>Child safety and welfare</name>
          </item>
          <item>
            <name>Commemorative events and holidays</name>
          </item>
          <item>
            <name>Congressional tributes</name>
          </item>
          <item>
            <name>Social work, volunteer service, charitable organizations</name>
          </item>
        </legislativeSubjects>
        <policyArea>
          <name>Families</name>
        </policyArea>
      </billSubjects>
    </subjects>
    <notes />
    <committeeReports />
    <actions>
      <actionTypeCounts>
        <passedOrAgreedToInSenateDayOf>1</passedOrAgreedToInSenateDayOf>
        <introducedInSenate>1</introducedInSenate>
        <passedAgreedToInSenate>1</passedAgreedToInSenate>
      </actionTypeCounts>
      <actionByCounts>
        <senate>3</senate>
      </actionByCounts>
      <item>
        <actionDate>2015-07-14</actionDate>
        <committee />
        <links>
          <link>
            <url>https://www.congress.gov/congressional-record/volume-161/senate-section/page/S5063</url>
            <name>S5063</name>
          </link>
          <link>
            <url>https://www.congress.gov/congressional-record/volume-161/senate-section/page/S5090</url>
            <name>S5090</name>
          </link>
        </links>
        <sourceSystem>
          <name>Senate</name>
          <code>0</code>
        </sourceSystem>
        <text>Submitted in the Senate, considered, and agreed to without amendment and with a preamble by Unanimous Consent. (consideration: CR S5090; text as passed Senate: CR S5063)</text>
        <type>Floor</type>
      </item>
      <item>
        <text>Passed/agreed to in Senate: Submitted in the Senate, considered, and agreed to without amendment and with a preamble by Unanimous Consent.(consideration: CR S5090; text as passed Senate: CR S5063)</text>
        <sourceSystem>
          <name>Library of Congress</name>
          <code>9</code>
        </sourceSystem>
        <committee />
        <type>Floor</type>
        <links>
          <link>
            <url>https://www.congress.gov/congressional-record/volume-161/senate-section/page/S5063</url>
            <name>S5063</name>
          </link>
          <link>
            <url>https://www.congress.gov/congressional-record/volume-161/senate-section/page/S5090</url>
            <name>S5090</name>
          </link>
        </links>
        <actionCode>17000</actionCode>
        <actionDate>2015-07-14</actionDate>
      </item>
      <item>
        <text>Introduced in Senate</text>
        <sourceSystem>
          <name>Library of Congress</name>
          <code>9</code>
        </sourceSystem>
        <committee />
        <type>IntroReferral</type>
        <links />
        <actionCode>10000</actionCode>
        <actionDate>2015-07-14</actionDate>
      </item>
    </actions>
    <calendarNumbers />
    <latestAction>
      <links />
      <actionDate>2015-07-14</actionDate>
      <text>Submitted in the Senate, considered, and agreed to without amendment and with a preamble by Unanimous Consent. (consideration: CR S5090; text as passed Senate: CR S5063)</text>
    </latestAction>
    <titles>
      <item>
        <chamberCode />
        <title>A resolution designating September 2015 as "National Child Awareness Month" to promote awareness of charities benefitting children and youth-serving organizations throughout the United States and recognizing the efforts made by those charities and organizations on behalf of children and youth as critical contributions to the future of the United States.</title>
        <chamberName />
        <titleType>Official Title as Introduced</titleType>
        <parentTitleType />
      </item>
      <item>
        <chamberCode />
        <title>A resolution designating September 2015 as "National Child Awareness Month" to promote awareness of charities benefitting children and youth-serving organizations throughout the United States and recognizing the efforts made by those charities and organizations on behalf of children and youth as critical contributions to the future of the United States.</title>
        <chamberName />
        <titleType>Display Title</titleType>
        <parentTitleType />
      </item>
    </titles>
    <summaries>
      <billSummaries>
        <item>
          <versionCode>00</versionCode>
          <actionDate>2015-07-14</actionDate>
          <text><![CDATA[<p>Designates September 2015 as National Child Awareness Month to: (1) promote awareness of charities benefitting children and youth-serving organizations throughout the United States; and (2) recognize the efforts made by charities and organizations on behalf of children and youth as critical contributions to the future of the United States.</p>]]></text>
          <lastSummaryUpdateDate>2015-07-22T15:09:30Z</lastSummaryUpdateDate>
          <actionDesc>Introduced in Senate</actionDesc>
          <name>Introduced in Senate</name>
          <updateDate>2015-07-14T04:00:00Z</updateDate>
        </item>
        <item>
          <versionCode>82</versionCode>
          <actionDate>2015-07-14</actionDate>
          <text><![CDATA[<p>(This measure has not been amended since it was introduced. The summary of that version is repeated here.)</p> <p>Designates September 2015 as National Child Awareness Month to: (1) promote awareness of charities benefitting children and youth-serving organizations throughout the United States; and (2) recognize the efforts made by charities and organizations on behalf of children and youth as critical contributions to the future of the United States.</p>]]></text>
          <lastSummaryUpdateDate>2015-07-22T16:20:46Z</lastSummaryUpdateDate>
          <actionDesc>Passed Senate without amendment</actionDesc>
          <name>Passed Senate without amendment</name>
          <updateDate>2015-07-14T15:47:44Z</updateDate>
        </item>
      </billSummaries>
    </summaries>
    <createDate>2015-07-15T09:19:59Z</createDate>
    <sponsors>
      <item>
        <state>CA</state>
        <fullName>Sen. Feinstein, Dianne [D-CA]</fullName>
        <middleName />
        <identifiers>
          <bioguideId>F000062</bioguideId>
          <gpoId>8338</gpoId>
          <lisID>1332</lisID>
        </identifiers>
        <firstName>DIANNE</firstName>
        <lastName>FEINSTEIN</lastName>
        <bioguideId>F000062</bioguideId>
        <byRequestType />
        <party>D</party>
      </item>
    </sponsors>
    <cosponsors>
      <item>
        <fullName>Sen. Lankford, James [R-OK]</fullName>
        <firstName>James</firstName>
        <lastName>Lankford</lastName>
        <state>OK</state>
        <party>R</party>
        <bioguideId>L000575</bioguideId>
        <identifiers>
          <gpoId>8113</gpoId>
          <lisID>2050</lisID>
          <bioguideId>L000575</bioguideId>
        </identifiers>
        <sponsorshipWithdrawnDate />
        <sponsorshipDate>2015-07-14</sponsorshipDate>
        <middleName />
        <isOriginalCosponsor>True</isOriginalCosponsor>
      </item>
    </cosponsors>
  </bill>
  <dublinCore xmlns:dc="http://purl.org/dc/elements/1.1/">
    <dc:format>text/xml</dc:format>
    <dc:language>EN</dc:language>
    <dc:rights>Pursuant to Title 17 Section 105 of the United States Code, this file is not subject to copyright protection and is in the public domain.</dc:rights>
    <dc:contributor>Congressional Research Service, Library of Congress</dc:contributor>
    <dc:description>This file contains bill summaries and statuses for federal legislation. A bill summary describes the most significant provisions of a piece of legislation and details the effects the legislative text may have on current law and federal programs. Bill summaries are authored by the Congressional Research Service (CRS) of the Library of Congress. As stated in Public Law 91-510 (2 USC 166 (d)(6)), one of the duties of CRS is "to prepare summaries and digests of bills and resolutions of a public general nature introduced in the Senate or House of Representatives". For more information, refer to the User Guide that accompanies this file.</dc:description>
  </dublinCore>
</billStatus>

