<?xml version="1.0" encoding="UTF-8"?>
<billStatus>
  <bill>
    <billType>SRES</billType>
    <laws />
    <recordedVotes />
    <actions>
      <actionTypeCounts>
        <passedOrAgreedToInSenateDayOf>1</passedOrAgreedToInSenateDayOf>
        <passedAgreedToInSenate>1</passedAgreedToInSenate>
        <introducedInSenate>1</introducedInSenate>
      </actionTypeCounts>
      <actionByCounts>
        <senate>3</senate>
      </actionByCounts>
      <item>
        <actionDate>2015-02-26</actionDate>
        <committee />
        <links>
          <link>
            <name>S1171</name>
            <url>https://www.congress.gov/congressional-record/volume-161/senate-section/page/S1171</url>
          </link>
          <link>
            <name>S1184</name>
            <url>https://www.congress.gov/congressional-record/volume-161/senate-section/page/S1184</url>
          </link>
        </links>
        <sourceSystem>
          <name>Senate</name>
          <code>0</code>
        </sourceSystem>
        <text>Submitted in the Senate, considered, and agreed to without amendment and with a preamble by Unanimous Consent. (consideration: CR S1184; text as passed Senate: CR S1171)</text>
        <type>Floor</type>
      </item>
      <item>
        <actionCode>17000</actionCode>
        <actionDate>2015-02-26</actionDate>
        <text>Passed/agreed to in Senate: Submitted in the Senate, considered, and agreed to without amendment and with a preamble by Unanimous Consent.(consideration: CR S1184; text as passed Senate: CR S1171)</text>
        <committee />
        <type>Floor</type>
        <links>
          <link>
            <name>S1171</name>
            <url>https://www.congress.gov/congressional-record/volume-161/senate-section/page/S1171</url>
          </link>
          <link>
            <name>S1184</name>
            <url>https://www.congress.gov/congressional-record/volume-161/senate-section/page/S1184</url>
          </link>
        </links>
        <sourceSystem>
          <name>Library of Congress</name>
          <code>9</code>
        </sourceSystem>
      </item>
      <item>
        <actionCode>10000</actionCode>
        <actionDate>2015-02-26</actionDate>
        <text>Introduced in Senate</text>
        <committee />
        <type>IntroReferral</type>
        <links />
        <sourceSystem>
          <name>Library of Congress</name>
          <code>9</code>
        </sourceSystem>
      </item>
    </actions>
    <billNumber>90</billNumber>
    <policyArea>
      <name>Health</name>
    </policyArea>
    <notes />
    <latestAction>
      <actionDate>2015-02-26</actionDate>
      <links />
      <text>Submitted in the Senate, considered, and agreed to without amendment and with a preamble by Unanimous Consent. (consideration: CR S1184; text as passed Senate: CR S1171)</text>
    </latestAction>
    <relatedBills>
      <item>
        <latestAction>
          <actionDate>2016-02-29</actionDate>
          <text>Resolution agreed to in Senate without amendment and with a preamble by Unanimous Consent.</text>
        </latestAction>
        <congress>114</congress>
        <latestTitle>A resolution designating February 2016 as "American Heart Month" and February 5, 2016, as "National Wear Red Day".</latestTitle>
        <relationshipDetails>
          <item>
            <type>Related bill</type>
            <identifiedBy>CRS</identifiedBy>
          </item>
          <item>
            <type>Identical bill</type>
            <identifiedBy>CRS</identifiedBy>
          </item>
        </relationshipDetails>
        <type>SRES</type>
        <number>365</number>
      </item>
    </relatedBills>
    <committees>
      <billCommittees />
    </committees>
    <cosponsors>
      <item>
        <firstName>Lisa</firstName>
        <isOriginalCosponsor>True</isOriginalCosponsor>
        <fullName>Sen. Murkowski, Lisa [R-AK]</fullName>
        <identifiers>
          <bioguideId>M001153</bioguideId>
          <gpoId>8234</gpoId>
          <lisID>1694</lisID>
        </identifiers>
        <middleName />
        <sponsorshipWithdrawnDate />
        <sponsorshipDate>2015-02-26</sponsorshipDate>
        <party>R</party>
        <bioguideId>M001153</bioguideId>
        <state>AK</state>
        <lastName>Murkowski</lastName>
      </item>
      <item>
        <firstName>SHELLEY</firstName>
        <isOriginalCosponsor>True</isOriginalCosponsor>
        <fullName>Sen. Capito, Shelley Moore [R-WV]</fullName>
        <identifiers>
          <bioguideId>C001047</bioguideId>
          <lisID>1676</lisID>
          <gpoId>8223</gpoId>
        </identifiers>
        <middleName>MOORE</middleName>
        <sponsorshipWithdrawnDate />
        <sponsorshipDate>2015-02-26</sponsorshipDate>
        <party>R</party>
        <bioguideId>C001047</bioguideId>
        <state>WV</state>
        <lastName>CAPITO</lastName>
      </item>
      <item>
        <firstName>Heidi</firstName>
        <isOriginalCosponsor>True</isOriginalCosponsor>
        <fullName>Sen. Heitkamp, Heidi [D-ND]</fullName>
        <identifiers>
          <bioguideId>H001069</bioguideId>
          <lisID>2174</lisID>
          <gpoId />
        </identifiers>
        <middleName />
        <sponsorshipWithdrawnDate />
        <sponsorshipDate>2015-02-26</sponsorshipDate>
        <party>D</party>
        <bioguideId>H001069</bioguideId>
        <state>ND</state>
        <lastName>Heitkamp</lastName>
      </item>
      <item>
        <firstName>DIANNE</firstName>
        <isOriginalCosponsor>True</isOriginalCosponsor>
        <fullName>Sen. Feinstein, Dianne [D-CA]</fullName>
        <identifiers>
          <gpoId>8338</gpoId>
          <lisID>1332</lisID>
          <bioguideId>F000062</bioguideId>
        </identifiers>
        <middleName />
        <sponsorshipWithdrawnDate />
        <sponsorshipDate>2015-02-26</sponsorshipDate>
        <party>D</party>
        <bioguideId>F000062</bioguideId>
        <state>CA</state>
        <lastName>FEINSTEIN</lastName>
      </item>
      <item>
        <firstName>TAMMY</firstName>
        <isOriginalCosponsor>True</isOriginalCosponsor>
        <fullName>Sen. Baldwin, Tammy [D-WI]</fullName>
        <identifiers>
          <bioguideId>B001230</bioguideId>
          <gpoId>8215</gpoId>
          <lisID>1558</lisID>
        </identifiers>
        <middleName />
        <sponsorshipWithdrawnDate />
        <sponsorshipDate>2015-02-26</sponsorshipDate>
        <party>D</party>
        <bioguideId>B001230</bioguideId>
        <state>WI</state>
        <lastName>BALDWIN</lastName>
      </item>
      <item>
        <firstName>RICHARD</firstName>
        <isOriginalCosponsor>True</isOriginalCosponsor>
        <fullName>Sen. Durbin, Richard [D-IL]</fullName>
        <identifiers>
          <gpoId>8326</gpoId>
          <lisID>326</lisID>
          <bioguideId>D000563</bioguideId>
        </identifiers>
        <middleName>J.</middleName>
        <sponsorshipWithdrawnDate />
        <sponsorshipDate>2015-02-26</sponsorshipDate>
        <party>D</party>
        <bioguideId>D000563</bioguideId>
        <state>IL</state>
        <lastName>DURBIN</lastName>
      </item>
      <item>
        <firstName>Elizabeth</firstName>
        <isOriginalCosponsor>True</isOriginalCosponsor>
        <fullName>Sen. Warren, Elizabeth [D-MA]</fullName>
        <identifiers>
          <lisID>2182</lisID>
          <bioguideId>W000817</bioguideId>
          <gpoId />
        </identifiers>
        <middleName>A.</middleName>
        <sponsorshipWithdrawnDate />
        <sponsorshipDate>2015-02-26</sponsorshipDate>
        <party>D</party>
        <bioguideId>W000817</bioguideId>
        <state>MA</state>
        <lastName>Warren</lastName>
      </item>
      <item>
        <firstName>BARBARA</firstName>
        <isOriginalCosponsor>True</isOriginalCosponsor>
        <fullName>Sen. Boxer, Barbara [D-CA]</fullName>
        <identifiers>
          <bioguideId>B000711</bioguideId>
          <gpoId>8306</gpoId>
          <lisID>116</lisID>
        </identifiers>
        <middleName />
        <sponsorshipWithdrawnDate />
        <sponsorshipDate>2015-02-26</sponsorshipDate>
        <party>D</party>
        <bioguideId>B000711</bioguideId>
        <state>CA</state>
        <lastName>BOXER</lastName>
      </item>
      <item>
        <firstName>DEBORAH</firstName>
        <isOriginalCosponsor>True</isOriginalCosponsor>
        <fullName>Sen. Stabenow, Debbie [D-MI]</fullName>
        <identifiers>
          <bioguideId>S000770</bioguideId>
          <lisID>1531</lisID>
          <gpoId>8261</gpoId>
        </identifiers>
        <middleName>ANN</middleName>
        <sponsorshipWithdrawnDate />
        <sponsorshipDate>2015-02-26</sponsorshipDate>
        <party>D</party>
        <bioguideId>S000770</bioguideId>
        <state>MI</state>
        <lastName>STABENOW</lastName>
      </item>
      <item>
        <firstName>BARBARA</firstName>
        <isOriginalCosponsor>True</isOriginalCosponsor>
        <fullName>Sen. Mikulski, Barbara A. [D-MD]</fullName>
        <identifiers>
          <gpoId>8240</gpoId>
          <lisID>802</lisID>
          <bioguideId>M000702</bioguideId>
        </identifiers>
        <middleName>ANN</middleName>
        <sponsorshipWithdrawnDate />
        <sponsorshipDate>2015-02-26</sponsorshipDate>
        <party>D</party>
        <bioguideId>M000702</bioguideId>
        <state>MD</state>
        <lastName>MIKULSKI</lastName>
      </item>
      <item>
        <firstName>MARIA</firstName>
        <isOriginalCosponsor>True</isOriginalCosponsor>
        <fullName>Sen. Cantwell, Maria [D-WA]</fullName>
        <identifiers>
          <gpoId>8288</gpoId>
          <lisID>172</lisID>
          <bioguideId>C000127</bioguideId>
        </identifiers>
        <middleName />
        <sponsorshipWithdrawnDate />
        <sponsorshipDate>2015-02-26</sponsorshipDate>
        <party>D</party>
        <bioguideId>C000127</bioguideId>
        <state>WA</state>
        <lastName>CANTWELL</lastName>
      </item>
      <item>
        <firstName>SUSAN</firstName>
        <isOriginalCosponsor>True</isOriginalCosponsor>
        <fullName>Sen. Collins, Susan M. [R-ME]</fullName>
        <identifiers>
          <lisID>1541</lisID>
          <gpoId>8291</gpoId>
          <bioguideId>C001035</bioguideId>
        </identifiers>
        <middleName>MARGARET</middleName>
        <sponsorshipWithdrawnDate />
        <sponsorshipDate>2015-02-26</sponsorshipDate>
        <party>R</party>
        <bioguideId>C001035</bioguideId>
        <state>ME</state>
        <lastName>COLLINS</lastName>
      </item>
      <item>
        <firstName>Kelly</firstName>
        <isOriginalCosponsor>True</isOriginalCosponsor>
        <fullName>Sen. Ayotte, Kelly [R-NH]</fullName>
        <identifiers>
          <lisID>2075</lisID>
          <bioguideId>A000368</bioguideId>
          <gpoId>8315</gpoId>
        </identifiers>
        <middleName />
        <sponsorshipWithdrawnDate />
        <sponsorshipDate>2015-02-26</sponsorshipDate>
        <party>R</party>
        <bioguideId>A000368</bioguideId>
        <state>NH</state>
        <lastName>Ayotte</lastName>
      </item>
      <item>
        <firstName>Jeanne</firstName>
        <isOriginalCosponsor>True</isOriginalCosponsor>
        <fullName>Sen. Shaheen, Jeanne [D-NH]</fullName>
        <identifiers>
          <lisID>1901</lisID>
          <bioguideId>S001181</bioguideId>
          <gpoId>8276</gpoId>
        </identifiers>
        <middleName />
        <sponsorshipWithdrawnDate />
        <sponsorshipDate>2015-02-26</sponsorshipDate>
        <party>D</party>
        <bioguideId>S001181</bioguideId>
        <state>NH</state>
        <lastName>Shaheen</lastName>
      </item>
      <item>
        <firstName>PATTY</firstName>
        <isOriginalCosponsor>True</isOriginalCosponsor>
        <fullName>Sen. Murray, Patty [D-WA]</fullName>
        <identifiers>
          <gpoId>8237</gpoId>
          <lisID>1409</lisID>
          <bioguideId>M001111</bioguideId>
        </identifiers>
        <middleName />
        <sponsorshipWithdrawnDate />
        <sponsorshipDate>2015-02-26</sponsorshipDate>
        <party>D</party>
        <bioguideId>M001111</bioguideId>
        <state>WA</state>
        <lastName>MURRAY</lastName>
      </item>
      <item>
        <firstName>Deb</firstName>
        <isOriginalCosponsor>True</isOriginalCosponsor>
        <fullName>Sen. Fischer, Deb [R-NE]</fullName>
        <identifiers>
          <bioguideId>F000463</bioguideId>
          <gpoId />
          <lisID>2179</lisID>
        </identifiers>
        <middleName />
        <sponsorshipWithdrawnDate />
        <sponsorshipDate>2015-02-26</sponsorshipDate>
        <party>R</party>
        <bioguideId>F000463</bioguideId>
        <state>NE</state>
        <lastName>Fischer</lastName>
      </item>
      <item>
        <firstName>Amy</firstName>
        <isOriginalCosponsor>True</isOriginalCosponsor>
        <fullName>Sen. Klobuchar, Amy [D-MN]</fullName>
        <identifiers>
          <lisID>1826</lisID>
          <bioguideId>K000367</bioguideId>
          <gpoId>8249</gpoId>
        </identifiers>
        <middleName />
        <sponsorshipWithdrawnDate />
        <sponsorshipDate>2015-02-26</sponsorshipDate>
        <party>D</party>
        <bioguideId>K000367</bioguideId>
        <state>MN</state>
        <lastName>Klobuchar</lastName>
      </item>
    </cosponsors>
    <committeeReports />
    <sponsors>
      <item>
        <fullName>Sen. Hirono, Mazie K. [D-HI]</fullName>
        <firstName>Mazie</firstName>
        <lastName>Hirono</lastName>
        <state>HI</state>
        <party>D</party>
        <bioguideId>H001042</bioguideId>
        <identifiers>
          <lisID>1844</lisID>
          <bioguideId>H001042</bioguideId>
          <gpoId>7913</gpoId>
        </identifiers>
        <middleName>K.</middleName>
        <byRequestType />
      </item>
    </sponsors>
    <createDate>2015-02-27T18:29:28Z</createDate>
    <updateDate>2016-11-02T23:12:41Z</updateDate>
    <introducedDate>2015-02-26</introducedDate>
    <summaries>
      <billSummaries>
        <item>
          <actionDate>2015-02-26</actionDate>
          <actionDesc>Introduced in Senate</actionDesc>
          <lastSummaryUpdateDate>2016-02-10T17:23:41Z</lastSummaryUpdateDate>
          <versionCode>00</versionCode>
          <updateDate>2015-02-26T05:00:00Z</updateDate>
          <name>Introduced in Senate</name>
          <text><![CDATA[<p>Expresses support for the goals and ideals of American Heart Month and National Wear Red Day. </p><p>Recognizes and reaffirms the commitment to fighting heart disease and stroke by promoting awareness about the causes, risks, and prevention, supporting research, and expanding access to medical treatment.</p> <p>Encourages individuals to learn about their risk for heart disease.</p>]]></text>
        </item>
        <item>
          <actionDate>2015-02-26</actionDate>
          <actionDesc>Passed Senate without amendment</actionDesc>
          <lastSummaryUpdateDate>2016-02-10T17:23:51Z</lastSummaryUpdateDate>
          <versionCode>82</versionCode>
          <updateDate>2015-02-26T18:40:24Z</updateDate>
          <name>Passed Senate without amendment</name>
          <text><![CDATA[<p>(This measure has not been amended since it was introduced. The summary of that version is repeated here.)</p> <p>Expresses support for the goals and ideals of American Heart Month and National Wear Red Day. </p><p>Recognizes and reaffirms the commitment to fighting heart disease and stroke by promoting awareness about the causes, risks, and prevention, supporting research, and expanding access to medical treatment.</p> <p>Encourages individuals to learn about their risk for heart disease.</p>]]></text>
        </item>
      </billSummaries>
    </summaries>
    <title>A resolution designating February 2015 as "American Heart Month" and February 6, 2015, as "National Wear Red Day".</title>
    <cboCostEstimates />
    <subjects>
      <billSubjects>
        <policyArea>
          <name>Health</name>
        </policyArea>
        <legislativeSubjects>
          <item>
            <name>Cardiovascular and respiratory health</name>
          </item>
          <item>
            <name>Commemorative events and holidays</name>
          </item>
          <item>
            <name>Congressional tributes</name>
          </item>
          <item>
            <name>Health care coverage and access</name>
          </item>
          <item>
            <name>Health promotion and preventive care</name>
          </item>
          <item>
            <name>Medical research</name>
          </item>
          <item>
            <name>Research administration and funding</name>
          </item>
        </legislativeSubjects>
      </billSubjects>
    </subjects>
    <amendments />
    <calendarNumbers />
    <congress>114</congress>
    <titles>
      <item>
        <titleType>Official Title as Introduced</titleType>
        <parentTitleType />
        <title>A resolution designating February 2015 as "American Heart Month" and February 6, 2015, as "National Wear Red Day".</title>
        <chamberName />
        <chamberCode />
      </item>
      <item>
        <titleType>Display Title</titleType>
        <parentTitleType />
        <title>A resolution designating February 2015 as "American Heart Month" and February 6, 2015, as "National Wear Red Day".</title>
        <chamberName />
        <chamberCode />
      </item>
    </titles>
    <originChamber>Senate</originChamber>
  </bill>
  <dublinCore xmlns:dc="http://purl.org/dc/elements/1.1/">
    <dc:format>text/xml</dc:format>
    <dc:language>EN</dc:language>
    <dc:rights>Pursuant to Title 17 Section 105 of the United States Code, this file is not subject to copyright protection and is in the public domain.</dc:rights>
    <dc:contributor>Congressional Research Service, Library of Congress</dc:contributor>
    <dc:description>This file contains bill summaries and statuses for federal legislation. A bill summary describes the most significant provisions of a piece of legislation and details the effects the legislative text may have on current law and federal programs. Bill summaries are authored by the Congressional Research Service (CRS) of the Library of Congress. As stated in Public Law 91-510 (2 USC 166 (d)(6)), one of the duties of CRS is "to prepare summaries and digests of bills and resolutions of a public general nature introduced in the Senate or House of Representatives". For more information, refer to the User Guide that accompanies this file.</dc:description>
  </dublinCore>
</billStatus>

