<?xml version="1.0" encoding="UTF-8"?>
<billStatus>
  <bill>
    <title>A resolution designating the week beginning on October 18, 2015, as "National Chemistry Week".</title>
    <updateDate>2016-11-02T23:13:50Z</updateDate>
    <relatedBills />
    <introducedDate>2015-10-19</introducedDate>
    <originChamber>Senate</originChamber>
    <cboCostEstimates />
    <policyArea>
      <name>Science, Technology, Communications</name>
    </policyArea>
    <congress>114</congress>
    <billNumber>289</billNumber>
    <billType>SRES</billType>
    <amendments />
    <recordedVotes />
    <committees>
      <billCommittees />
    </committees>
    <laws />
    <subjects>
      <billSubjects>
        <legislativeSubjects>
          <item>
            <name>Chemistry</name>
          </item>
          <item>
            <name>Commemorative events and holidays</name>
          </item>
          <item>
            <name>Science and engineering education</name>
          </item>
        </legislativeSubjects>
        <policyArea>
          <name>Science, Technology, Communications</name>
        </policyArea>
      </billSubjects>
    </subjects>
    <notes />
    <committeeReports />
    <actions>
      <actionTypeCounts>
        <passedOrAgreedToInSenateDayOf>1</passedOrAgreedToInSenateDayOf>
        <passedAgreedToInSenate>1</passedAgreedToInSenate>
        <introducedInSenate>1</introducedInSenate>
      </actionTypeCounts>
      <actionByCounts>
        <senate>3</senate>
      </actionByCounts>
      <item>
        <actionDate>2015-10-19</actionDate>
        <committee />
        <links>
          <link>
            <name>S7305</name>
            <url>https://www.congress.gov/congressional-record/volume-161/senate-section/page/S7305</url>
          </link>
          <link>
            <name>S7306</name>
            <url>https://www.congress.gov/congressional-record/volume-161/senate-section/page/S7306</url>
          </link>
        </links>
        <sourceSystem>
          <name>Senate</name>
          <code>0</code>
        </sourceSystem>
        <text>Submitted in the Senate, considered, and agreed to without amendment and with a preamble by Unanimous Consent. (consideration: CR S7306; text as passed Senate: CR S7305)</text>
        <type>Floor</type>
      </item>
      <item>
        <actionCode>17000</actionCode>
        <actionDate>2015-10-19</actionDate>
        <text>Passed/agreed to in Senate: Submitted in the Senate, considered, and agreed to without amendment and with a preamble by Unanimous Consent.(consideration: CR S7306; text as passed Senate: CR S7305)</text>
        <committee />
        <type>Floor</type>
        <links>
          <link>
            <name>S7305</name>
            <url>https://www.congress.gov/congressional-record/volume-161/senate-section/page/S7305</url>
          </link>
          <link>
            <name>S7306</name>
            <url>https://www.congress.gov/congressional-record/volume-161/senate-section/page/S7306</url>
          </link>
        </links>
        <sourceSystem>
          <name>Library of Congress</name>
          <code>9</code>
        </sourceSystem>
      </item>
      <item>
        <actionCode>10000</actionCode>
        <actionDate>2015-10-19</actionDate>
        <text>Introduced in Senate</text>
        <committee />
        <type>IntroReferral</type>
        <links />
        <sourceSystem>
          <name>Library of Congress</name>
          <code>9</code>
        </sourceSystem>
      </item>
    </actions>
    <calendarNumbers />
    <latestAction>
      <links />
      <actionDate>2015-10-19</actionDate>
      <text>Submitted in the Senate, considered, and agreed to without amendment and with a preamble by Unanimous Consent. (consideration: CR S7306; text as passed Senate: CR S7305)</text>
    </latestAction>
    <titles>
      <item>
        <parentTitleType />
        <titleType>Official Title as Introduced</titleType>
        <title>A resolution designating the week beginning on October 18, 2015, as "National Chemistry Week".</title>
        <chamberCode />
        <chamberName />
      </item>
      <item>
        <parentTitleType />
        <titleType>Display Title</titleType>
        <title>A resolution designating the week beginning on October 18, 2015, as "National Chemistry Week".</title>
        <chamberCode />
        <chamberName />
      </item>
    </titles>
    <summaries>
      <billSummaries>
        <item>
          <versionCode>00</versionCode>
          <actionDate>2015-10-19</actionDate>
          <text><![CDATA[<p>Designates the week beginning on October 18, 2015, as National Chemistry Week. </p> <p>Recognizes the need to promote the fields of science, including chemistry, technology, engineering, and mathematics and to encourage youth to pursue careers in these fields. </p> <ul> </ul>]]></text>
          <name>Introduced in Senate</name>
          <lastSummaryUpdateDate>2015-10-22T16:08:59Z</lastSummaryUpdateDate>
          <updateDate>2015-10-19T04:00:00Z</updateDate>
          <actionDesc>Introduced in Senate</actionDesc>
        </item>
        <item>
          <versionCode>82</versionCode>
          <actionDate>2015-10-19</actionDate>
          <text><![CDATA[<p>(This measure has not been amended since it was introduced. The summary of that version is repeated here.)</p> <p>Designates the week beginning on October 18, 2015, as National Chemistry Week. </p> <p>Recognizes the need to promote the fields of science, including chemistry, technology, engineering, and mathematics and to encourage youth to pursue careers in these fields. </p> <ul> </ul>]]></text>
          <name>Passed Senate without amendment</name>
          <lastSummaryUpdateDate>2015-10-22T16:09:29Z</lastSummaryUpdateDate>
          <updateDate>2015-10-19T15:04:09Z</updateDate>
          <actionDesc>Passed Senate without amendment</actionDesc>
        </item>
      </billSummaries>
    </summaries>
    <createDate>2015-10-20T09:17:17Z</createDate>
    <sponsors>
      <item>
        <state>DE</state>
        <fullName>Sen. Coons, Christopher A. [D-DE]</fullName>
        <middleName>A.</middleName>
        <identifiers>
          <gpoId>8297</gpoId>
          <lisID>1984</lisID>
          <bioguideId>C001088</bioguideId>
        </identifiers>
        <firstName>Christopher</firstName>
        <lastName>Coons</lastName>
        <bioguideId>C001088</bioguideId>
        <byRequestType />
        <party>D</party>
      </item>
    </sponsors>
    <cosponsors>
      <item>
        <firstName>Pat</firstName>
        <isOriginalCosponsor>True</isOriginalCosponsor>
        <fullName>Sen. Toomey, Pat [R-PA]</fullName>
        <identifiers>
          <gpoId />
          <lisID>1594</lisID>
          <bioguideId>T000461</bioguideId>
        </identifiers>
        <middleName />
        <sponsorshipWithdrawnDate />
        <sponsorshipDate>2015-10-19</sponsorshipDate>
        <party>R</party>
        <bioguideId>T000461</bioguideId>
        <state>PA</state>
        <lastName>Toomey</lastName>
      </item>
    </cosponsors>
  </bill>
  <dublinCore xmlns:dc="http://purl.org/dc/elements/1.1/">
    <dc:format>text/xml</dc:format>
    <dc:language>EN</dc:language>
    <dc:rights>Pursuant to Title 17 Section 105 of the United States Code, this file is not subject to copyright protection and is in the public domain.</dc:rights>
    <dc:contributor>Congressional Research Service, Library of Congress</dc:contributor>
    <dc:description>This file contains bill summaries and statuses for federal legislation. A bill summary describes the most significant provisions of a piece of legislation and details the effects the legislative text may have on current law and federal programs. Bill summaries are authored by the Congressional Research Service (CRS) of the Library of Congress. As stated in Public Law 91-510 (2 USC 166 (d)(6)), one of the duties of CRS is "to prepare summaries and digests of bills and resolutions of a public general nature introduced in the Senate or House of Representatives". For more information, refer to the User Guide that accompanies this file.</dc:description>
  </dublinCore>
</billStatus>

