<?xml version="1.0" encoding="UTF-8"?>
<billStatus>
  <bill>
    <latestAction>
      <text>Submitted in the Senate, considered, and agreed to without amendment and with a preamble by Unanimous Consent. (consideration: CR S4456-4459, S4474; text as passed Senate: CR S4474)</text>
      <links />
      <actionDate>2016-06-22</actionDate>
    </latestAction>
    <policyArea>
      <name>Sports and Recreation</name>
    </policyArea>
    <amendments />
    <relatedBills />
    <billNumber>509</billNumber>
    <updateDate>2016-11-02T23:14:56Z</updateDate>
    <sponsors>
      <item>
        <fullName>Sen. Brown, Sherrod [D-OH]</fullName>
        <firstName>SHERROD</firstName>
        <lastName>BROWN</lastName>
        <identifiers>
          <lisID>136</lisID>
          <bioguideId>B000944</bioguideId>
          <gpoId>8309</gpoId>
        </identifiers>
        <state>OH</state>
        <middleName />
        <party>D</party>
        <byRequestType />
        <bioguideId>B000944</bioguideId>
      </item>
    </sponsors>
    <notes />
    <originChamber>Senate</originChamber>
    <subjects>
      <billSubjects>
        <policyArea>
          <name>Sports and Recreation</name>
        </policyArea>
        <legislativeSubjects>
          <item>
            <name>Athletes</name>
          </item>
          <item>
            <name>Congressional tributes</name>
          </item>
          <item>
            <name>Ohio</name>
          </item>
          <item>
            <name>Professional sports</name>
          </item>
        </legislativeSubjects>
      </billSubjects>
    </subjects>
    <committees>
      <billCommittees />
    </committees>
    <cosponsors>
      <item>
        <identifiers>
          <bioguideId>P000449</bioguideId>
          <lisID>924</lisID>
          <gpoId>8266</gpoId>
        </identifiers>
        <middleName />
        <fullName>Sen. Portman, Rob [R-OH]</fullName>
        <isOriginalCosponsor>True</isOriginalCosponsor>
        <firstName>ROB</firstName>
        <sponsorshipWithdrawnDate />
        <state>OH</state>
        <bioguideId>P000449</bioguideId>
        <sponsorshipDate>2016-06-22</sponsorshipDate>
        <party>R</party>
        <lastName>PORTMAN</lastName>
      </item>
    </cosponsors>
    <calendarNumbers />
    <committeeReports />
    <congress>114</congress>
    <title>A resolution congratulating the Cleveland Cavaliers for winning the 2016 National Basketball Association Finals.</title>
    <introducedDate>2016-06-22</introducedDate>
    <actions>
      <actionByCounts>
        <senate>3</senate>
      </actionByCounts>
      <item>
        <actionDate>2016-06-22</actionDate>
        <committee />
        <links>
          <link>
            <name>S4456-4459</name>
            <url>https://www.congress.gov/congressional-record/volume-162/senate-section/page/S4456-4459</url>
          </link>
          <link>
            <name>S4474</name>
            <url>https://www.congress.gov/congressional-record/volume-162/senate-section/page/S4474</url>
          </link>
        </links>
        <sourceSystem>
          <name>Senate</name>
          <code>0</code>
        </sourceSystem>
        <text>Submitted in the Senate, considered, and agreed to without amendment and with a preamble by Unanimous Consent. (consideration: CR S4456-4459, S4474; text as passed Senate: CR S4474)</text>
        <type>Floor</type>
      </item>
      <item>
        <actionDate>2016-06-22</actionDate>
        <actionCode>17000</actionCode>
        <sourceSystem>
          <name>Library of Congress</name>
          <code>9</code>
        </sourceSystem>
        <links>
          <link>
            <name>S4456-4459</name>
            <url>https://www.congress.gov/congressional-record/volume-162/senate-section/page/S4456-4459</url>
          </link>
          <link>
            <name>S4474</name>
            <url>https://www.congress.gov/congressional-record/volume-162/senate-section/page/S4474</url>
          </link>
        </links>
        <committee />
        <text>Passed/agreed to in Senate: Submitted in the Senate, considered, and agreed to without amendment and with a preamble by Unanimous Consent.(consideration: CR S4456-4459, S4474; text as passed Senate: CR S4474)</text>
        <type>Floor</type>
      </item>
      <item>
        <actionDate>2016-06-22</actionDate>
        <actionCode>10000</actionCode>
        <sourceSystem>
          <name>Library of Congress</name>
          <code>9</code>
        </sourceSystem>
        <links />
        <committee />
        <text>Introduced in Senate</text>
        <type>IntroReferral</type>
      </item>
      <actionTypeCounts>
        <introducedInSenate>1</introducedInSenate>
        <passedOrAgreedToInSenateDayOf>1</passedOrAgreedToInSenateDayOf>
        <passedAgreedToInSenate>1</passedAgreedToInSenate>
      </actionTypeCounts>
    </actions>
    <summaries>
      <billSummaries>
        <item>
          <updateDate>2016-06-22T04:00:00Z</updateDate>
          <versionCode>00</versionCode>
          <text><![CDATA[<p>Congratulates the Cleveland Cavaliers for winning the 2016 National Basketball Association Finals.</p>]]></text>
          <lastSummaryUpdateDate>2016-06-29T20:36:32Z</lastSummaryUpdateDate>
          <actionDate>2016-06-22</actionDate>
          <actionDesc>Introduced in Senate</actionDesc>
          <name>Introduced in Senate</name>
        </item>
        <item>
          <updateDate>2016-06-22T13:36:24Z</updateDate>
          <versionCode>82</versionCode>
          <text><![CDATA[<p>(This measure has not been amended since it was introduced. The summary of that version is repeated here.)</p> <p>Congratulates the Cleveland Cavaliers for winning the 2016 National Basketball Association Finals.</p>]]></text>
          <lastSummaryUpdateDate>2016-06-29T20:36:43Z</lastSummaryUpdateDate>
          <actionDate>2016-06-22</actionDate>
          <actionDesc>Passed Senate without amendment</actionDesc>
          <name>Passed Senate without amendment</name>
        </item>
      </billSummaries>
    </summaries>
    <laws />
    <createDate>2016-06-23T05:20:38Z</createDate>
    <titles>
      <item>
        <chamberCode />
        <title>A resolution congratulating the Cleveland Cavaliers for winning the 2016 National Basketball Association Finals.</title>
        <chamberName />
        <titleType>Official Title as Introduced</titleType>
        <parentTitleType />
      </item>
      <item>
        <chamberCode />
        <title>A resolution congratulating the Cleveland Cavaliers for winning the 2016 National Basketball Association Finals.</title>
        <chamberName />
        <titleType>Display Title</titleType>
        <parentTitleType />
      </item>
    </titles>
    <cboCostEstimates />
    <recordedVotes />
    <billType>SRES</billType>
  </bill>
  <dublinCore xmlns:dc="http://purl.org/dc/elements/1.1/">
    <dc:format>text/xml</dc:format>
    <dc:language>EN</dc:language>
    <dc:rights>Pursuant to Title 17 Section 105 of the United States Code, this file is not subject to copyright protection and is in the public domain.</dc:rights>
    <dc:contributor>Congressional Research Service, Library of Congress</dc:contributor>
    <dc:description>This file contains bill summaries and statuses for federal legislation. A bill summary describes the most significant provisions of a piece of legislation and details the effects the legislative text may have on current law and federal programs. Bill summaries are authored by the Congressional Research Service (CRS) of the Library of Congress. As stated in Public Law 91-510 (2 USC 166 (d)(6)), one of the duties of CRS is "to prepare summaries and digests of bills and resolutions of a public general nature introduced in the Senate or House of Representatives". For more information, refer to the User Guide that accompanies this file.</dc:description>
  </dublinCore>
</billStatus>

