<?xml version="1.0" encoding="UTF-8"?>
<billStatus>
  <bill>
    <committees>
      <billCommittees />
    </committees>
    <congress>114</congress>
    <billNumber>149</billNumber>
    <updateDate>2016-11-02T23:13:01Z</updateDate>
    <calendarNumbers />
    <policyArea>
      <name>Science, Technology, Communications</name>
    </policyArea>
    <summaries>
      <billSummaries>
        <item>
          <actionDate>2015-04-23</actionDate>
          <actionDesc>Introduced in Senate</actionDesc>
          <lastSummaryUpdateDate>2015-05-13T19:23:48Z</lastSummaryUpdateDate>
          <versionCode>00</versionCode>
          <updateDate>2015-04-23T04:00:00Z</updateDate>
          <name>Introduced in Senate</name>
          <text><![CDATA[<p>Congratulates the National Aeronautics and Space Administration (NASA) on the 25th anniversary of the launch of the Hubble Space Telescope. </p> <p>Recognizes the crew, engineers, and staff who contributed to the success of the Hubble Space Telescope.</p> <p>Notes the significance of the discoveries and contributions to science of the Hubble Space Telescope as well as the subsequent innovations that were derived from the data collected from it.</p> <p>Acknowledges that the Hubble Space Telescope has captured images from and answered questions about space and has inspired generations of young people to go into fields of science, technology, engineering, mathematics (STEM), and research. </p>]]></text>
        </item>
        <item>
          <actionDate>2015-04-23</actionDate>
          <actionDesc>Passed Senate without amendment</actionDesc>
          <lastSummaryUpdateDate>2015-05-13T19:24:05Z</lastSummaryUpdateDate>
          <versionCode>82</versionCode>
          <updateDate>2015-04-23T18:04:04Z</updateDate>
          <name>Passed Senate without amendment</name>
          <text><![CDATA[<p>(This measure has not been amended since it was introduced. The summary of that version is repeated here.)</p> <p>Congratulates the National Aeronautics and Space Administration (NASA) on the 25th anniversary of the launch of the Hubble Space Telescope. </p> <p>Recognizes the crew, engineers, and staff who contributed to the success of the Hubble Space Telescope.</p> <p>Notes the significance of the discoveries and contributions to science of the Hubble Space Telescope as well as the subsequent innovations that were derived from the data collected from it.</p> <p>Acknowledges that the Hubble Space Telescope has captured images from and answered questions about space and has inspired generations of young people to go into fields of science, technology, engineering, mathematics (STEM), and research. </p>]]></text>
        </item>
      </billSummaries>
    </summaries>
    <title>A resolution recognizing the importance and inspiration of the Hubble Space Telescope.</title>
    <laws />
    <cosponsors>
      <item>
        <identifiers>
          <lisID>326</lisID>
          <gpoId>8326</gpoId>
          <bioguideId>D000563</bioguideId>
        </identifiers>
        <middleName>J.</middleName>
        <fullName>Sen. Durbin, Richard [D-IL]</fullName>
        <isOriginalCosponsor>True</isOriginalCosponsor>
        <firstName>RICHARD</firstName>
        <sponsorshipWithdrawnDate />
        <state>IL</state>
        <bioguideId>D000563</bioguideId>
        <sponsorshipDate>2015-04-23</sponsorshipDate>
        <party>D</party>
        <lastName>DURBIN</lastName>
      </item>
    </cosponsors>
    <billType>SRES</billType>
    <cboCostEstimates />
    <recordedVotes />
    <relatedBills />
    <actions>
      <item>
        <actionDate>2015-04-23</actionDate>
        <committee />
        <links>
          <link>
            <url>https://www.congress.gov/congressional-record/volume-161/senate-section/page/S2406</url>
            <name>S2406</name>
          </link>
          <link>
            <url>https://www.congress.gov/congressional-record/volume-161/senate-section/page/S2417</url>
            <name>S2417</name>
          </link>
        </links>
        <sourceSystem>
          <code>0</code>
          <name>Senate</name>
        </sourceSystem>
        <text>Submitted in the Senate, considered, and agreed to without amendment and with a preamble by Unanimous Consent. (consideration: CR S2417; text as passed Senate CR: S2406)</text>
        <type>Floor</type>
      </item>
      <item>
        <sourceSystem>
          <code>9</code>
          <name>Library of Congress</name>
        </sourceSystem>
        <actionDate>2015-04-23</actionDate>
        <links>
          <link>
            <url>https://www.congress.gov/congressional-record/volume-161/senate-section/page/S2406</url>
            <name>S2406</name>
          </link>
          <link>
            <url>https://www.congress.gov/congressional-record/volume-161/senate-section/page/S2417</url>
            <name>S2417</name>
          </link>
        </links>
        <committee />
        <text>Passed/agreed to in Senate: Submitted in the Senate, considered, and agreed to without amendment and with a preamble by Unanimous Consent.(consideration: CR S2417; text as passed Senate CR: S2406)</text>
        <type>Floor</type>
        <actionCode>17000</actionCode>
      </item>
      <item>
        <sourceSystem>
          <code>9</code>
          <name>Library of Congress</name>
        </sourceSystem>
        <actionDate>2015-04-23</actionDate>
        <links />
        <committee />
        <text>Introduced in Senate</text>
        <type>IntroReferral</type>
        <actionCode>10000</actionCode>
      </item>
      <actionTypeCounts>
        <introducedInSenate>1</introducedInSenate>
        <passedOrAgreedToInSenateDayOf>1</passedOrAgreedToInSenateDayOf>
        <passedAgreedToInSenate>1</passedAgreedToInSenate>
      </actionTypeCounts>
      <actionByCounts>
        <senate>3</senate>
      </actionByCounts>
    </actions>
    <notes />
    <latestAction>
      <actionDate>2015-04-23</actionDate>
      <links />
      <text>Submitted in the Senate, considered, and agreed to without amendment and with a preamble by Unanimous Consent. (consideration: CR S2417; text as passed Senate CR: S2406)</text>
    </latestAction>
    <introducedDate>2015-04-23</introducedDate>
    <sponsors>
      <item>
        <fullName>Sen. Rubio, Marco [R-FL]</fullName>
        <firstName>Marco</firstName>
        <byRequestType />
        <identifiers>
          <lisID>2084</lisID>
          <bioguideId>R000595</bioguideId>
          <gpoId>8242</gpoId>
        </identifiers>
        <middleName />
        <bioguideId>R000595</bioguideId>
        <party>R</party>
        <state>FL</state>
        <lastName>Rubio</lastName>
      </item>
    </sponsors>
    <subjects>
      <billSubjects>
        <policyArea>
          <name>Science, Technology, Communications</name>
        </policyArea>
        <legislativeSubjects>
          <item>
            <name>Advanced technology and technological innovations</name>
          </item>
          <item>
            <name>Astronomy</name>
          </item>
          <item>
            <name>Commemorative events and holidays</name>
          </item>
          <item>
            <name>Congressional tributes</name>
          </item>
          <item>
            <name>National Aeronautics and Space Administration</name>
          </item>
          <item>
            <name>Science and engineering education</name>
          </item>
          <item>
            <name>Spacecraft and satellites</name>
          </item>
        </legislativeSubjects>
      </billSubjects>
    </subjects>
    <committeeReports />
    <amendments />
    <createDate>2015-04-24T09:19:22Z</createDate>
    <originChamber>Senate</originChamber>
    <titles>
      <item>
        <chamberCode />
        <chamberName />
        <title>A resolution recognizing the importance and inspiration of the Hubble Space Telescope.</title>
        <parentTitleType />
        <titleType>Official Title as Introduced</titleType>
      </item>
      <item>
        <chamberCode />
        <chamberName />
        <title>A resolution recognizing the importance and inspiration of the Hubble Space Telescope.</title>
        <parentTitleType />
        <titleType>Display Title</titleType>
      </item>
    </titles>
  </bill>
  <dublinCore xmlns:dc="http://purl.org/dc/elements/1.1/">
    <dc:format>text/xml</dc:format>
    <dc:language>EN</dc:language>
    <dc:rights>Pursuant to Title 17 Section 105 of the United States Code, this file is not subject to copyright protection and is in the public domain.</dc:rights>
    <dc:contributor>Congressional Research Service, Library of Congress</dc:contributor>
    <dc:description>This file contains bill summaries and statuses for federal legislation. A bill summary describes the most significant provisions of a piece of legislation and details the effects the legislative text may have on current law and federal programs. Bill summaries are authored by the Congressional Research Service (CRS) of the Library of Congress. As stated in Public Law 91-510 (2 USC 166 (d)(6)), one of the duties of CRS is "to prepare summaries and digests of bills and resolutions of a public general nature introduced in the Senate or House of Representatives". For more information, refer to the User Guide that accompanies this file.</dc:description>
  </dublinCore>
</billStatus>

