<?xml version="1.0" encoding="UTF-8"?>
<billStatus>
  <bill>
    <latestAction>
      <text>Submitted in the Senate, considered, and agreed to without amendment and with a preamble by Unanimous Consent. (consideration: CR S2589; text as passed Senate: CR S2581-2582)</text>
      <links />
      <actionDate>2015-04-30</actionDate>
    </latestAction>
    <policyArea>
      <name>International Affairs</name>
    </policyArea>
    <amendments />
    <relatedBills />
    <billNumber>163</billNumber>
    <updateDate>2016-11-02T23:13:08Z</updateDate>
    <sponsors>
      <item>
        <fullName>Sen. Cardin, Benjamin L. [D-MD]</fullName>
        <firstName>BENJAMIN</firstName>
        <lastName>CARDIN</lastName>
        <identifiers>
          <lisID>174</lisID>
          <gpoId>8287</gpoId>
          <bioguideId>C000141</bioguideId>
        </identifiers>
        <state>MD</state>
        <middleName>L.</middleName>
        <party>D</party>
        <byRequestType />
        <bioguideId>C000141</bioguideId>
      </item>
    </sponsors>
    <notes />
    <originChamber>Senate</originChamber>
    <subjects>
      <billSubjects>
        <policyArea>
          <name>International Affairs</name>
        </policyArea>
        <legislativeSubjects>
          <item>
            <name>Asia</name>
          </item>
          <item>
            <name>Bangladesh</name>
          </item>
          <item>
            <name>Child safety and welfare</name>
          </item>
          <item>
            <name>China</name>
          </item>
          <item>
            <name>Congressional tributes</name>
          </item>
          <item>
            <name>Disaster relief and insurance</name>
          </item>
          <item>
            <name>Foreign aid and international relief</name>
          </item>
          <item>
            <name>India</name>
          </item>
          <item>
            <name>International organizations and cooperation</name>
          </item>
          <item>
            <name>Natural disasters</name>
          </item>
          <item>
            <name>Nepal</name>
          </item>
          <item>
            <name>Social work, volunteer service, charitable organizations</name>
          </item>
          <item>
            <name>Tibet</name>
          </item>
        </legislativeSubjects>
      </billSubjects>
    </subjects>
    <committees>
      <billCommittees />
    </committees>
    <cosponsors>
      <item>
        <fullName>Sen. Risch, James E. [R-ID]</fullName>
        <firstName>James</firstName>
        <state>ID</state>
        <lastName>Risch</lastName>
        <isOriginalCosponsor>True</isOriginalCosponsor>
        <identifiers>
          <bioguideId>R000584</bioguideId>
          <gpoId>8274</gpoId>
          <lisID>1896</lisID>
        </identifiers>
        <middleName>E.</middleName>
        <sponsorshipWithdrawnDate />
        <party>R</party>
        <sponsorshipDate>2015-04-30</sponsorshipDate>
        <bioguideId>R000584</bioguideId>
      </item>
      <item>
        <fullName>Sen. Durbin, Richard [D-IL]</fullName>
        <firstName>RICHARD</firstName>
        <state>IL</state>
        <lastName>DURBIN</lastName>
        <isOriginalCosponsor>True</isOriginalCosponsor>
        <identifiers>
          <gpoId>8326</gpoId>
          <lisID>326</lisID>
          <bioguideId>D000563</bioguideId>
        </identifiers>
        <middleName>J.</middleName>
        <sponsorshipWithdrawnDate />
        <party>D</party>
        <sponsorshipDate>2015-04-30</sponsorshipDate>
        <bioguideId>D000563</bioguideId>
      </item>
      <item>
        <fullName>Sen. Markey, Edward J. [D-MA]</fullName>
        <firstName>EDWARD</firstName>
        <state>MA</state>
        <lastName>MARKEY</lastName>
        <isOriginalCosponsor>True</isOriginalCosponsor>
        <identifiers>
          <bioguideId>M000133</bioguideId>
          <lisID>735</lisID>
          <gpoId>7972</gpoId>
        </identifiers>
        <middleName>J.</middleName>
        <sponsorshipWithdrawnDate />
        <party>D</party>
        <sponsorshipDate>2015-04-30</sponsorshipDate>
        <bioguideId>M000133</bioguideId>
      </item>
      <item>
        <fullName>Sen. Shaheen, Jeanne [D-NH]</fullName>
        <firstName>Jeanne</firstName>
        <state>NH</state>
        <lastName>Shaheen</lastName>
        <isOriginalCosponsor>True</isOriginalCosponsor>
        <identifiers>
          <lisID>1901</lisID>
          <gpoId>8276</gpoId>
          <bioguideId>S001181</bioguideId>
        </identifiers>
        <middleName />
        <sponsorshipWithdrawnDate />
        <party>D</party>
        <sponsorshipDate>2015-04-30</sponsorshipDate>
        <bioguideId>S001181</bioguideId>
      </item>
      <item>
        <fullName>Sen. Mikulski, Barbara A. [D-MD]</fullName>
        <firstName>BARBARA</firstName>
        <state>MD</state>
        <lastName>MIKULSKI</lastName>
        <isOriginalCosponsor>True</isOriginalCosponsor>
        <identifiers>
          <bioguideId>M000702</bioguideId>
          <gpoId>8240</gpoId>
          <lisID>802</lisID>
        </identifiers>
        <middleName>ANN</middleName>
        <sponsorshipWithdrawnDate />
        <party>D</party>
        <sponsorshipDate>2015-04-30</sponsorshipDate>
        <bioguideId>M000702</bioguideId>
      </item>
      <item>
        <fullName>Sen. Tester, Jon [D-MT]</fullName>
        <firstName>Jon</firstName>
        <state>MT</state>
        <lastName>Tester</lastName>
        <isOriginalCosponsor>True</isOriginalCosponsor>
        <identifiers>
          <lisID>1829</lisID>
          <bioguideId>T000464</bioguideId>
          <gpoId>8258</gpoId>
        </identifiers>
        <middleName />
        <sponsorshipWithdrawnDate />
        <party>D</party>
        <sponsorshipDate>2015-04-30</sponsorshipDate>
        <bioguideId>T000464</bioguideId>
      </item>
      <item>
        <fullName>Sen. Murphy, Christopher S. [D-CT]</fullName>
        <firstName>Christopher</firstName>
        <state>CT</state>
        <lastName>Murphy</lastName>
        <isOriginalCosponsor>True</isOriginalCosponsor>
        <identifiers>
          <lisID>1837</lisID>
          <bioguideId>M001169</bioguideId>
          <gpoId>7870</gpoId>
        </identifiers>
        <middleName>S.</middleName>
        <sponsorshipWithdrawnDate />
        <party>D</party>
        <sponsorshipDate>2015-04-30</sponsorshipDate>
        <bioguideId>M001169</bioguideId>
      </item>
      <item>
        <fullName>Sen. Schumer, Charles E. [D-NY]</fullName>
        <firstName>CHARLES</firstName>
        <state>NY</state>
        <lastName>SCHUMER</lastName>
        <isOriginalCosponsor>True</isOriginalCosponsor>
        <identifiers>
          <gpoId>8279</gpoId>
          <lisID>1036</lisID>
          <bioguideId>S000148</bioguideId>
        </identifiers>
        <middleName>E.</middleName>
        <sponsorshipWithdrawnDate />
        <party>D</party>
        <sponsorshipDate>2015-04-30</sponsorshipDate>
        <bioguideId>S000148</bioguideId>
      </item>
      <item>
        <fullName>Sen. Boxer, Barbara [D-CA]</fullName>
        <firstName>BARBARA</firstName>
        <state>CA</state>
        <lastName>BOXER</lastName>
        <isOriginalCosponsor>True</isOriginalCosponsor>
        <identifiers>
          <bioguideId>B000711</bioguideId>
          <gpoId>8306</gpoId>
          <lisID>116</lisID>
        </identifiers>
        <middleName />
        <sponsorshipWithdrawnDate />
        <party>D</party>
        <sponsorshipDate>2015-04-30</sponsorshipDate>
        <bioguideId>B000711</bioguideId>
      </item>
      <item>
        <fullName>Sen. Murray, Patty [D-WA]</fullName>
        <firstName>PATTY</firstName>
        <state>WA</state>
        <lastName>MURRAY</lastName>
        <isOriginalCosponsor>True</isOriginalCosponsor>
        <identifiers>
          <bioguideId>M001111</bioguideId>
          <gpoId>8237</gpoId>
          <lisID>1409</lisID>
        </identifiers>
        <middleName />
        <sponsorshipWithdrawnDate />
        <party>D</party>
        <sponsorshipDate>2015-04-30</sponsorshipDate>
        <bioguideId>M001111</bioguideId>
      </item>
      <item>
        <fullName>Sen. Kaine, Tim [D-VA]</fullName>
        <firstName>Timothy</firstName>
        <state>VA</state>
        <lastName>Kaine</lastName>
        <isOriginalCosponsor>True</isOriginalCosponsor>
        <identifiers>
          <lisID>2176</lisID>
          <gpoId />
          <bioguideId>K000384</bioguideId>
        </identifiers>
        <middleName />
        <sponsorshipWithdrawnDate />
        <party>D</party>
        <sponsorshipDate>2015-04-30</sponsorshipDate>
        <bioguideId>K000384</bioguideId>
      </item>
      <item>
        <fullName>Sen. Coons, Christopher A. [D-DE]</fullName>
        <firstName>Christopher</firstName>
        <state>DE</state>
        <lastName>Coons</lastName>
        <isOriginalCosponsor>True</isOriginalCosponsor>
        <identifiers>
          <lisID>1984</lisID>
          <gpoId>8297</gpoId>
          <bioguideId>C001088</bioguideId>
        </identifiers>
        <middleName>A.</middleName>
        <sponsorshipWithdrawnDate />
        <party>D</party>
        <sponsorshipDate>2015-04-30</sponsorshipDate>
        <bioguideId>C001088</bioguideId>
      </item>
      <item>
        <fullName>Sen. Reed, Jack [D-RI]</fullName>
        <firstName>JOHN</firstName>
        <state>RI</state>
        <lastName>REED</lastName>
        <isOriginalCosponsor>True</isOriginalCosponsor>
        <identifiers>
          <gpoId>8272</gpoId>
          <lisID>949</lisID>
          <bioguideId>R000122</bioguideId>
        </identifiers>
        <middleName>F.</middleName>
        <sponsorshipWithdrawnDate />
        <party>D</party>
        <sponsorshipDate>2015-04-30</sponsorshipDate>
        <bioguideId>R000122</bioguideId>
      </item>
      <item>
        <fullName>Sen. Murkowski, Lisa [R-AK]</fullName>
        <firstName>Lisa</firstName>
        <state>AK</state>
        <lastName>Murkowski</lastName>
        <isOriginalCosponsor>True</isOriginalCosponsor>
        <identifiers>
          <lisID>1694</lisID>
          <bioguideId>M001153</bioguideId>
          <gpoId>8234</gpoId>
        </identifiers>
        <middleName />
        <sponsorshipWithdrawnDate />
        <party>R</party>
        <sponsorshipDate>2015-04-30</sponsorshipDate>
        <bioguideId>M001153</bioguideId>
      </item>
      <item>
        <fullName>Sen. Rubio, Marco [R-FL]</fullName>
        <firstName>Marco</firstName>
        <state>FL</state>
        <lastName>Rubio</lastName>
        <isOriginalCosponsor>True</isOriginalCosponsor>
        <identifiers>
          <lisID>2084</lisID>
          <bioguideId>R000595</bioguideId>
          <gpoId>8242</gpoId>
        </identifiers>
        <middleName />
        <sponsorshipWithdrawnDate />
        <party>R</party>
        <sponsorshipDate>2015-04-30</sponsorshipDate>
        <bioguideId>R000595</bioguideId>
      </item>
      <item>
        <fullName>Sen. Ayotte, Kelly [R-NH]</fullName>
        <firstName>Kelly</firstName>
        <state>NH</state>
        <lastName>Ayotte</lastName>
        <isOriginalCosponsor>True</isOriginalCosponsor>
        <identifiers>
          <lisID>2075</lisID>
          <bioguideId>A000368</bioguideId>
          <gpoId>8315</gpoId>
        </identifiers>
        <middleName />
        <sponsorshipWithdrawnDate />
        <party>R</party>
        <sponsorshipDate>2015-04-30</sponsorshipDate>
        <bioguideId>A000368</bioguideId>
      </item>
    </cosponsors>
    <calendarNumbers />
    <committeeReports />
    <congress>114</congress>
    <title>A resolution expressing the sense of the Senate on the humanitarian catastrophe caused by the April 25, 2015, earthquake in Nepal.</title>
    <introducedDate>2015-04-30</introducedDate>
    <actions>
      <actionTypeCounts>
        <passedOrAgreedToInSenateDayOf>1</passedOrAgreedToInSenateDayOf>
        <passedAgreedToInSenate>1</passedAgreedToInSenate>
        <introducedInSenate>1</introducedInSenate>
      </actionTypeCounts>
      <item>
        <actionDate>2015-04-30</actionDate>
        <committee />
        <links>
          <link>
            <name>S2581-2582</name>
            <url>https://www.congress.gov/congressional-record/volume-161/senate-section/page/S2581-2582</url>
          </link>
          <link>
            <name>S2589</name>
            <url>https://www.congress.gov/congressional-record/volume-161/senate-section/page/S2589</url>
          </link>
        </links>
        <sourceSystem>
          <code>0</code>
          <name>Senate</name>
        </sourceSystem>
        <text>Submitted in the Senate, considered, and agreed to without amendment and with a preamble by Unanimous Consent. (consideration: CR S2589; text as passed Senate: CR S2581-2582)</text>
        <type>Floor</type>
      </item>
      <item>
        <actionDate>2015-04-30</actionDate>
        <sourceSystem>
          <code>9</code>
          <name>Library of Congress</name>
        </sourceSystem>
        <text>Passed/agreed to in Senate: Submitted in the Senate, considered, and agreed to without amendment and with a preamble by Unanimous Consent.(consideration: CR S2589; text as passed Senate: CR S2581-2582)</text>
        <type>Floor</type>
        <links>
          <link>
            <name>S2581-2582</name>
            <url>https://www.congress.gov/congressional-record/volume-161/senate-section/page/S2581-2582</url>
          </link>
          <link>
            <name>S2589</name>
            <url>https://www.congress.gov/congressional-record/volume-161/senate-section/page/S2589</url>
          </link>
        </links>
        <actionCode>17000</actionCode>
        <committee />
      </item>
      <item>
        <actionDate>2015-04-30</actionDate>
        <sourceSystem>
          <code>9</code>
          <name>Library of Congress</name>
        </sourceSystem>
        <text>Introduced in Senate</text>
        <type>IntroReferral</type>
        <links />
        <actionCode>10000</actionCode>
        <committee />
      </item>
      <actionByCounts>
        <senate>3</senate>
      </actionByCounts>
    </actions>
    <summaries>
      <billSummaries>
        <item>
          <actionDate>2015-04-30</actionDate>
          <actionDesc>Introduced in Senate</actionDesc>
          <lastSummaryUpdateDate>2015-05-04T20:02:25Z</lastSummaryUpdateDate>
          <versionCode>00</versionCode>
          <updateDate>2015-04-30T04:00:00Z</updateDate>
          <name>Introduced in Senate</name>
          <text><![CDATA[<p>Expresses sympathy to, and support for, the people of Nepal, India, Bangladesh, and the Tibetan Autonomous Region of China who face catastrophic conditions in the aftermath of the April 25, 2015, earthquake, and sympathy for the families of the U.S. citizens who perished in the disaster. </p> <p>Applauds the mobilization by President Obama to provide emergency humanitarian assistance to Nepal, and the hard work of the people at the Department of State, the U.S. Agency for International Development, and the Department of Defense in marshaling resources to address Nepal's needs. </p> <p>Urges that all efforts be made to secure the safety of orphans in Nepal, and to support the people of Nepal with humanitarian, developmental, and infrastructure assistance needed to overcome the earthquake's effects. </p> <p>Expresses appreciation for the international community's commitment to Nepal's recovery and development. </p> <p>Calls on the government of Nepal to take all necessary actions to enable a faster and more sustainable recovery. </p> <p> Supports the U.S. Embassy team in Kathmandu, Disaster Assistance Response Team members, other federal agencies, and the U.S. non-governmental organizations who are working to assist thousands of people in Nepal under adverse conditions.</p>]]></text>
        </item>
        <item>
          <actionDate>2015-04-30</actionDate>
          <actionDesc>Passed Senate without amendment</actionDesc>
          <lastSummaryUpdateDate>2015-05-04T19:58:42Z</lastSummaryUpdateDate>
          <versionCode>82</versionCode>
          <updateDate>2015-04-30T16:59:57Z</updateDate>
          <name>Passed Senate without amendment</name>
          <text><![CDATA[<p>(This measure has not been amended since it was introduced. The summary of that version is repeated here.)</p> <p>Expresses sympathy to, and support for, the people of Nepal, India, Bangladesh, and the Tibetan Autonomous Region of China who face catastrophic conditions in the aftermath of the April 25, 2015, earthquake, and sympathy for the families of the U.S. citizens who perished in the disaster. </p> <p>Applauds the mobilization by President Obama to provide emergency humanitarian assistance to Nepal, and the hard work of the people at the Department of State, the U.S. Agency for International Development, and the Department of Defense in marshaling resources to address Nepal's needs. </p> <p>Urges that all efforts be made to secure the safety of orphans in Nepal, and to support the people of Nepal with humanitarian, developmental, and infrastructure assistance needed to overcome the earthquake's effects. </p> <p>Expresses appreciation for the international community's commitment to Nepal's recovery and development. </p> <p>Calls on the government of Nepal to take all necessary actions to enable a faster and more sustainable recovery. </p> <p> Supports the U.S. Embassy team in Kathmandu, Disaster Assistance Response Team members, other federal agencies, and the U.S. non-governmental organizations who are working to assist thousands of people in Nepal under adverse conditions.</p>]]></text>
        </item>
      </billSummaries>
    </summaries>
    <laws />
    <createDate>2015-05-01T09:12:56Z</createDate>
    <titles>
      <item>
        <titleType>Official Title as Introduced</titleType>
        <parentTitleType />
        <title>A resolution expressing the sense of the Senate on the humanitarian catastrophe caused by the April 25, 2015, earthquake in Nepal.</title>
        <chamberName />
        <chamberCode />
      </item>
      <item>
        <titleType>Display Title</titleType>
        <parentTitleType />
        <title>A resolution expressing the sense of the Senate on the humanitarian catastrophe caused by the April 25, 2015, earthquake in Nepal.</title>
        <chamberName />
        <chamberCode />
      </item>
    </titles>
    <cboCostEstimates />
    <recordedVotes />
    <billType>SRES</billType>
  </bill>
  <dublinCore xmlns:dc="http://purl.org/dc/elements/1.1/">
    <dc:format>text/xml</dc:format>
    <dc:language>EN</dc:language>
    <dc:rights>Pursuant to Title 17 Section 105 of the United States Code, this file is not subject to copyright protection and is in the public domain.</dc:rights>
    <dc:contributor>Congressional Research Service, Library of Congress</dc:contributor>
    <dc:description>This file contains bill summaries and statuses for federal legislation. A bill summary describes the most significant provisions of a piece of legislation and details the effects the legislative text may have on current law and federal programs. Bill summaries are authored by the Congressional Research Service (CRS) of the Library of Congress. As stated in Public Law 91-510 (2 USC 166 (d)(6)), one of the duties of CRS is "to prepare summaries and digests of bills and resolutions of a public general nature introduced in the Senate or House of Representatives". For more information, refer to the User Guide that accompanies this file.</dc:description>
  </dublinCore>
</billStatus>

