<?xml version="1.0" encoding="UTF-8"?>
<billStatus>
  <bill>
    <title>A resolution urging the Government of the Democratic Republic of the Congo to comply with constitutional limits on presidential terms and fulfill its constitutional mandate for a democratic transition of power in 2016.</title>
    <updateDate>2016-11-02T23:14:49Z</updateDate>
    <relatedBills />
    <introducedDate>2016-06-09</introducedDate>
    <originChamber>Senate</originChamber>
    <cboCostEstimates />
    <policyArea>
      <name>International Affairs</name>
    </policyArea>
    <congress>114</congress>
    <billNumber>485</billNumber>
    <billType>SRES</billType>
    <amendments />
    <recordedVotes />
    <committees>
      <billCommittees>
        <item>
          <subcommittees />
          <chamber>Senate</chamber>
          <systemCode>ssfr00</systemCode>
          <activities>
            <item>
              <date>2016-07-14T21:01:33Z</date>
              <name>Reported by</name>
            </item>
            <item>
              <date>2016-07-14T14:00:08Z</date>
              <name>Markup by</name>
            </item>
            <item>
              <date>2016-06-09T20:00:05Z</date>
              <name>Referred to</name>
            </item>
          </activities>
          <type>Standing</type>
          <name>Foreign Relations Committee</name>
        </item>
      </billCommittees>
    </committees>
    <laws />
    <subjects>
      <billSubjects>
        <legislativeSubjects>
          <item>
            <name>Africa</name>
          </item>
          <item>
            <name>Democratic Republic of the Congo</name>
          </item>
          <item>
            <name>Detention of persons</name>
          </item>
          <item>
            <name>Diplomacy, foreign officials, Americans abroad</name>
          </item>
          <item>
            <name>Elections, voting, political campaign regulation</name>
          </item>
          <item>
            <name>Foreign aid and international relief</name>
          </item>
          <item>
            <name>Human rights</name>
          </item>
          <item>
            <name>International organizations and cooperation</name>
          </item>
          <item>
            <name>Protest and dissent</name>
          </item>
          <item>
            <name>Rule of law and government transparency</name>
          </item>
          <item>
            <name>Sanctions</name>
          </item>
          <item>
            <name>Sovereignty, recognition, national governance and status</name>
          </item>
        </legislativeSubjects>
        <policyArea>
          <name>International Affairs</name>
        </policyArea>
      </billSubjects>
    </subjects>
    <notes />
    <committeeReports />
    <actions>
      <actionTypeCounts>
        <reportedToSenate>2</reportedToSenate>
        <orderedReported>1</orderedReported>
        <referredToCommittee>1</referredToCommittee>
        <introducedInSenate>1</introducedInSenate>
        <passedAgreedToInSenate>1</passedAgreedToInSenate>
        <placedOnCalendarGeneralOrders>1</placedOnCalendarGeneralOrders>
        <agreedToInSenate>1</agreedToInSenate>
      </actionTypeCounts>
      <actionByCounts>
        <senate>8</senate>
      </actionByCounts>
      <item>
        <actionDate>2016-09-13</actionDate>
        <committee />
        <links>
          <link>
            <url>https://www.congress.gov/congressional-record/volume-162/senate-section/page/S5677-5678</url>
            <name>S5677-5678</name>
          </link>
        </links>
        <sourceSystem>
          <name>Senate</name>
          <code>0</code>
        </sourceSystem>
        <text>Resolution agreed to in Senate with an amendment and an amendment to the Title and an amended preamble by Unanimous Consent. (considered: CR S5677-5678; text of measure as reported in Senate: CR S5677-5678)</text>
        <type>Floor</type>
      </item>
      <item>
        <text>Passed/agreed to in Senate: Resolution agreed to in Senate with an amendment and an amendment to the Title and an amended preamble by Unanimous Consent.(considered: CR S5677-5678; text of measure as reported in Senate: CR S5677-5678)</text>
        <sourceSystem>
          <name>Library of Congress</name>
          <code>9</code>
        </sourceSystem>
        <committee />
        <type>Floor</type>
        <links>
          <link>
            <url>https://www.congress.gov/congressional-record/volume-162/senate-section/page/S5677-5678</url>
            <name>S5677-5678</name>
          </link>
        </links>
        <actionCode>17000</actionCode>
        <actionDate>2016-09-13</actionDate>
      </item>
      <item>
        <actionDate>2016-07-14</actionDate>
        <committee />
        <links />
        <sourceSystem>
          <name>Senate</name>
          <code>0</code>
        </sourceSystem>
        <text>Placed on Senate Legislative Calendar under General Orders. Calendar No. 574.</text>
        <type>Calendars</type>
      </item>
      <item>
        <actionDate>2016-07-14</actionDate>
        <committee>
          <name>Foreign Relations Committee</name>
          <systemCode>ssfr00</systemCode>
        </committee>
        <links />
        <sourceSystem>
          <name>Senate</name>
          <code>0</code>
        </sourceSystem>
        <text>Committee on Foreign Relations. Reported by Senator Corker with an amendment in the nature of a substitute and an amendment to the title and with an amended preamble. Without written report.</text>
        <type>Committee</type>
      </item>
      <item>
        <text>Committee on Foreign Relations. Reported by Senator Corker with an amendment in the nature of a substitute and an amendment to the title and with an amended preamble. Without written report.</text>
        <sourceSystem>
          <name>Library of Congress</name>
          <code>9</code>
        </sourceSystem>
        <committee>
          <name>Foreign Relations Committee</name>
          <systemCode>ssfr00</systemCode>
        </committee>
        <type>Committee</type>
        <links />
        <actionCode>14000</actionCode>
        <actionDate>2016-07-14</actionDate>
      </item>
      <item>
        <actionDate>2016-07-14</actionDate>
        <committee>
          <name>Foreign Relations Committee</name>
          <systemCode>ssfr00</systemCode>
        </committee>
        <links />
        <sourceSystem>
          <name>Senate</name>
          <code>0</code>
        </sourceSystem>
        <text>Committee on Foreign Relations. Ordered to be reported with an amendment in the nature of a substitute favorably.</text>
        <type>Committee</type>
      </item>
      <item>
        <actionDate>2016-06-09</actionDate>
        <committee>
          <name>Foreign Relations Committee</name>
          <systemCode>ssfr00</systemCode>
        </committee>
        <links />
        <sourceSystem>
          <name>Senate</name>
          <code>0</code>
        </sourceSystem>
        <text>Referred to the Committee on Foreign Relations.</text>
        <type>IntroReferral</type>
      </item>
      <item>
        <text>Introduced in Senate</text>
        <sourceSystem>
          <name>Library of Congress</name>
          <code>9</code>
        </sourceSystem>
        <committee />
        <type>IntroReferral</type>
        <links />
        <actionCode>10000</actionCode>
        <actionDate>2016-06-09</actionDate>
      </item>
    </actions>
    <calendarNumbers>
      <item>
        <number>0574</number>
        <calendar>Senate Calendar of Business</calendar>
      </item>
    </calendarNumbers>
    <latestAction>
      <links />
      <actionDate>2016-09-13</actionDate>
      <text>Resolution agreed to in Senate with an amendment and an amendment to the Title and an amended preamble by Unanimous Consent. (considered: CR S5677-5678; text of measure as reported in Senate: CR S5677-5678)</text>
    </latestAction>
    <titles>
      <item>
        <chamberCode>S</chamberCode>
        <title>A resolution urging the Government of the Democratic Republic of the Congo to comply with constitutional limits on presidential terms and fulfill its constitutional mandate for a democratic transition of power in 2016.</title>
        <chamberName>Senate</chamberName>
        <titleType>Official Titles as Amended by Senate</titleType>
        <parentTitleType>Official Titles Senate</parentTitleType>
      </item>
      <item>
        <chamberCode />
        <title>A resolution to encourage the Government of the Democratic Republic of the Congo to abide by constitutional provisions regarding the holding of presidential elections in 2016, with the aim of ensuring a peaceful and orderly democratic transition of power.</title>
        <chamberName />
        <titleType>Official Title as Introduced</titleType>
        <parentTitleType />
      </item>
      <item>
        <chamberCode />
        <title>A resolution urging the Government of the Democratic Republic of the Congo to comply with constitutional limits on presidential terms and fulfill its constitutional mandate for a democratic transition of power in 2016.</title>
        <chamberName />
        <titleType>Display Title</titleType>
        <parentTitleType />
      </item>
    </titles>
    <summaries>
      <billSummaries>
        <item>
          <actionDate>2016-06-09</actionDate>
          <updateDate>2016-06-09T04:00:00Z</updateDate>
          <name>Introduced in Senate</name>
          <lastSummaryUpdateDate>2016-08-09T19:46:13Z</lastSummaryUpdateDate>
          <versionCode>00</versionCode>
          <actionDesc>Introduced in Senate</actionDesc>
          <text><![CDATA[<p>Urges: (1) the government of the Democratic Republic of the Congo (DRC) and all other relevant parties to engage in a credible, independently monitored, and technical dialogue to reach consensus on a way forward on establishing a detailed electoral calendar and organizing elections; and (2) such government to respect the constitution of the DRC and ensure a free, open, peaceful, and democratic transition of power.</p> <p>Expresses solidarity with the people of the DRC to choose their own government in an atmosphere free of violence, threats, and intimidation. Calls for the release of Fred Bauma and Yves Makwambala.</p> <p>Commits to maintain vigilance and scrutiny of the electoral process in the DRC.</p> <p>Pledges to examine continuously the use of all appropriate means to ensure the objectives of this resolution, including the imposition of targeted sanctions on individuals or entities responsible for violence and human rights violations and for undermining democratic processes in the DRC.</p>]]></text>
        </item>
        <item>
          <actionDate>2016-07-14</actionDate>
          <updateDate>2016-07-14T18:57:44Z</updateDate>
          <name>Reported to Senate amended</name>
          <lastSummaryUpdateDate>2016-08-09T19:57:58Z</lastSummaryUpdateDate>
          <versionCode>01</versionCode>
          <actionDesc>Reported to Senate amended</actionDesc>
          <text><![CDATA[<p>Expresses concern with respect to the failure of the Democratic Republic of the Congo (DRC) to take actions required to hold elections in November 2016 as required by its Constitution.</p> <p>Recognizes that impunity and lack of effective rule of law undermine democracy and that the arrest and detention of civil society activists and the harassment of political opponents close political space and repress peaceful dissent. </p> <p>Reaffirms support for democracy and good governance in sub-Saharan Africa.</p> <p>Calls on the DRC government and all other parties to respect the Constitution of the DRC and ensure a free, open, peaceful, and democratic transition of power. Urges such government to demonstrate leadership and commitment to elections by accelerating concrete steps towards holding elections, including registering voters and protecting partisan political speech and activities.</p> <p>Encourages such government and all other relevant parties to engage in a focused discussion to advance the electoral process and reach consensus on the way forward by establishing a detailed electoral calendar for all elections and enabling the candidate selection and campaign process.</p> <p>Urges the President of the United States, in close coordination with regional and international partners, to:</p> <ul> <li> continuously verify that such necessary technical dialogue occurs and proceeds in a time and manner required to ensure the conduct of timely elections; </li> <li> use appropriate means to ensure the objectives of this resolution, which may include imposition of additional targeted sanctions on individuals or entities responsible for violence and human rights violations and undermining democratic processes in the DRC; and </li> <li> continue U.S. policy with respect to providing support for the organizing of free, fair, and peaceful national elections.</li> </ul>]]></text>
        </item>
        <item>
          <actionDate>2016-09-13</actionDate>
          <updateDate>2016-09-13T13:47:23Z</updateDate>
          <name>Passed Senate amended</name>
          <lastSummaryUpdateDate>2016-10-07T15:09:26Z</lastSummaryUpdateDate>
          <versionCode>35</versionCode>
          <actionDesc>Passed Senate amended</actionDesc>
          <text><![CDATA[<p>(This measure has not been amended since it was reported to the Senate on July 14, 2016. The summary of that version is repeated here.)</p> <p>Expresses concern with respect to the failure of the Democratic Republic of the Congo (DRC) to take actions required to hold elections in November 2016 as required by its Constitution.</p> <p>Recognizes that impunity and lack of effective rule of law undermine democracy and that the arrest and detention of civil society activists and the harassment of political opponents close political space and repress peaceful dissent. </p> <p>Reaffirms support for democracy and good governance in sub-Saharan Africa.</p> <p>Calls on the DRC government and all other parties to respect the Constitution of the DRC and ensure a free, open, peaceful, and democratic transition of power. Urges such government to demonstrate leadership and commitment to elections by accelerating concrete steps towards holding elections, including registering voters and protecting partisan political speech and activities.</p> <p>Encourages such government and all other relevant parties to engage in a focused discussion to advance the electoral process and reach consensus on the way forward by establishing a detailed electoral calendar for all elections and enabling the candidate selection and campaign process.</p> <p>Urges the President of the United States, in close coordination with regional and international partners, to:</p> <ul> <li> continuously verify that such necessary technical dialogue occurs and proceeds in a time and manner required to ensure the conduct of timely elections; </li> <li> use appropriate means to ensure the objectives of this resolution, which may include imposition of additional targeted sanctions on individuals or entities responsible for violence and human rights violations and undermining democratic processes in the DRC; and </li> <li> continue U.S. policy with respect to providing support for the organizing of free, fair, and peaceful national elections.</li> </ul>]]></text>
        </item>
      </billSummaries>
    </summaries>
    <createDate>2016-06-10T05:23:21Z</createDate>
    <sponsors>
      <item>
        <state>AZ</state>
        <fullName>Sen. Flake, Jeff [R-AZ]</fullName>
        <middleName />
        <identifiers>
          <lisID>1633</lisID>
          <bioguideId>F000444</bioguideId>
          <gpoId>7803</gpoId>
        </identifiers>
        <firstName>JEFF</firstName>
        <lastName>FLAKE</lastName>
        <bioguideId>F000444</bioguideId>
        <byRequestType />
        <party>R</party>
      </item>
    </sponsors>
    <cosponsors>
      <item>
        <firstName>Christopher</firstName>
        <isOriginalCosponsor>True</isOriginalCosponsor>
        <fullName>Sen. Coons, Christopher A. [D-DE]</fullName>
        <identifiers>
          <bioguideId>C001088</bioguideId>
          <lisID>1984</lisID>
          <gpoId>8297</gpoId>
        </identifiers>
        <middleName>A.</middleName>
        <sponsorshipWithdrawnDate />
        <sponsorshipDate>2016-06-09</sponsorshipDate>
        <party>D</party>
        <bioguideId>C001088</bioguideId>
        <state>DE</state>
        <lastName>Coons</lastName>
      </item>
      <item>
        <firstName>Johnny</firstName>
        <isOriginalCosponsor>True</isOriginalCosponsor>
        <fullName>Sen. Isakson, Johnny [R-GA]</fullName>
        <identifiers>
          <lisID>1608</lisID>
          <gpoId>8323</gpoId>
          <bioguideId>I000055</bioguideId>
        </identifiers>
        <middleName />
        <sponsorshipWithdrawnDate />
        <sponsorshipDate>2016-06-09</sponsorshipDate>
        <party>R</party>
        <bioguideId>I000055</bioguideId>
        <state>GA</state>
        <lastName>Isakson</lastName>
      </item>
      <item>
        <firstName>RICHARD</firstName>
        <isOriginalCosponsor>True</isOriginalCosponsor>
        <fullName>Sen. Durbin, Richard [D-IL]</fullName>
        <identifiers>
          <bioguideId>D000563</bioguideId>
          <lisID>326</lisID>
          <gpoId>8326</gpoId>
        </identifiers>
        <middleName>J.</middleName>
        <sponsorshipWithdrawnDate />
        <sponsorshipDate>2016-06-09</sponsorshipDate>
        <party>D</party>
        <bioguideId>D000563</bioguideId>
        <state>IL</state>
        <lastName>DURBIN</lastName>
      </item>
      <item>
        <firstName>Marco</firstName>
        <isOriginalCosponsor>False</isOriginalCosponsor>
        <fullName>Sen. Rubio, Marco [R-FL]</fullName>
        <identifiers>
          <bioguideId>R000595</bioguideId>
          <gpoId>8242</gpoId>
          <lisID>2084</lisID>
        </identifiers>
        <middleName />
        <sponsorshipWithdrawnDate />
        <sponsorshipDate>2016-07-14</sponsorshipDate>
        <party>R</party>
        <bioguideId>R000595</bioguideId>
        <state>FL</state>
        <lastName>Rubio</lastName>
      </item>
      <item>
        <firstName>Christopher</firstName>
        <isOriginalCosponsor>False</isOriginalCosponsor>
        <fullName>Sen. Murphy, Christopher S. [D-CT]</fullName>
        <identifiers>
          <lisID>1837</lisID>
          <gpoId>7870</gpoId>
          <bioguideId>M001169</bioguideId>
        </identifiers>
        <middleName>S.</middleName>
        <sponsorshipWithdrawnDate />
        <sponsorshipDate>2016-07-14</sponsorshipDate>
        <party>D</party>
        <bioguideId>M001169</bioguideId>
        <state>CT</state>
        <lastName>Murphy</lastName>
      </item>
      <item>
        <firstName>Jeanne</firstName>
        <isOriginalCosponsor>False</isOriginalCosponsor>
        <fullName>Sen. Shaheen, Jeanne [D-NH]</fullName>
        <identifiers>
          <bioguideId>S001181</bioguideId>
          <lisID>1901</lisID>
          <gpoId>8276</gpoId>
        </identifiers>
        <middleName />
        <sponsorshipWithdrawnDate />
        <sponsorshipDate>2016-07-14</sponsorshipDate>
        <party>D</party>
        <bioguideId>S001181</bioguideId>
        <state>NH</state>
        <lastName>Shaheen</lastName>
      </item>
      <item>
        <firstName>EDWARD</firstName>
        <isOriginalCosponsor>False</isOriginalCosponsor>
        <fullName>Sen. Markey, Edward J. [D-MA]</fullName>
        <identifiers>
          <bioguideId>M000133</bioguideId>
          <gpoId>7972</gpoId>
          <lisID>735</lisID>
        </identifiers>
        <middleName>J.</middleName>
        <sponsorshipWithdrawnDate />
        <sponsorshipDate>2016-09-07</sponsorshipDate>
        <party>D</party>
        <bioguideId>M000133</bioguideId>
        <state>MA</state>
        <lastName>MARKEY</lastName>
      </item>
    </cosponsors>
  </bill>
  <dublinCore xmlns:dc="http://purl.org/dc/elements/1.1/">
    <dc:format>text/xml</dc:format>
    <dc:language>EN</dc:language>
    <dc:rights>Pursuant to Title 17 Section 105 of the United States Code, this file is not subject to copyright protection and is in the public domain.</dc:rights>
    <dc:contributor>Congressional Research Service, Library of Congress</dc:contributor>
    <dc:description>This file contains bill summaries and statuses for federal legislation. A bill summary describes the most significant provisions of a piece of legislation and details the effects the legislative text may have on current law and federal programs. Bill summaries are authored by the Congressional Research Service (CRS) of the Library of Congress. As stated in Public Law 91-510 (2 USC 166 (d)(6)), one of the duties of CRS is "to prepare summaries and digests of bills and resolutions of a public general nature introduced in the Senate or House of Representatives". For more information, refer to the User Guide that accompanies this file.</dc:description>
  </dublinCore>
</billStatus>

