<?xml version="1.0" encoding="UTF-8"?>
<billStatus>
  <bill>
    <title>A resolution urging the Government of the Democratic Republic of the Congo to comply with constitutional limits on presidential terms and fulfill its constitutional mandate for a democratic transition of power in 2016.</title>
    <updateDate>2016-11-02T23:14:47Z</updateDate>
    <relatedBills />
    <introducedDate>2016-05-26</introducedDate>
    <originChamber>Senate</originChamber>
    <cboCostEstimates />
    <policyArea>
      <name>International Affairs</name>
    </policyArea>
    <congress>114</congress>
    <billNumber>479</billNumber>
    <billType>SRES</billType>
    <amendments />
    <recordedVotes />
    <committees>
      <billCommittees>
        <item>
          <activities>
            <item>
              <name>Referred to</name>
              <date>2016-05-26T17:46:49Z</date>
            </item>
          </activities>
          <name>Foreign Relations Committee</name>
          <subcommittees />
          <chamber>Senate</chamber>
          <type>Standing</type>
          <systemCode>ssfr00</systemCode>
        </item>
      </billCommittees>
    </committees>
    <laws />
    <subjects>
      <billSubjects>
        <policyArea>
          <name>International Affairs</name>
        </policyArea>
        <legislativeSubjects>
          <item>
            <name>Africa</name>
          </item>
          <item>
            <name>Democratic Republic of the Congo</name>
          </item>
          <item>
            <name>Diplomacy, foreign officials, Americans abroad</name>
          </item>
          <item>
            <name>Elections, voting, political campaign regulation</name>
          </item>
          <item>
            <name>Foreign aid and international relief</name>
          </item>
          <item>
            <name>Human rights</name>
          </item>
          <item>
            <name>International law and treaties</name>
          </item>
          <item>
            <name>Rural conditions and development</name>
          </item>
          <item>
            <name>Sanctions</name>
          </item>
          <item>
            <name>Sovereignty, recognition, national governance and status</name>
          </item>
          <item>
            <name>Women's education</name>
          </item>
        </legislativeSubjects>
      </billSubjects>
    </subjects>
    <notes />
    <committeeReports />
    <actions>
      <actionTypeCounts>
        <referredToCommittee>1</referredToCommittee>
        <introducedInSenate>1</introducedInSenate>
      </actionTypeCounts>
      <item>
        <actionDate>2016-05-26</actionDate>
        <committee>
          <name>Foreign Relations Committee</name>
          <systemCode>ssfr00</systemCode>
        </committee>
        <links>
          <link>
            <name>S3296</name>
            <url>https://www.congress.gov/congressional-record/volume-162/senate-section/page/S3296</url>
          </link>
        </links>
        <sourceSystem>
          <code>0</code>
          <name>Senate</name>
        </sourceSystem>
        <text>Referred to the Committee on Foreign Relations. (text of measure as introduced: CR S3296)</text>
        <type>IntroReferral</type>
      </item>
      <item>
        <actionDate>2016-05-26</actionDate>
        <sourceSystem>
          <code>9</code>
          <name>Library of Congress</name>
        </sourceSystem>
        <text>Introduced in Senate</text>
        <type>IntroReferral</type>
        <links />
        <actionCode>10000</actionCode>
        <committee />
      </item>
      <actionByCounts>
        <senate>2</senate>
      </actionByCounts>
    </actions>
    <calendarNumbers />
    <latestAction>
      <links />
      <actionDate>2016-05-26</actionDate>
      <text>Referred to the Committee on Foreign Relations. (text of measure as introduced: CR S3296)</text>
    </latestAction>
    <titles>
      <item>
        <titleType>Official Title as Introduced</titleType>
        <parentTitleType />
        <title>A resolution urging the Government of the Democratic Republic of the Congo to comply with constitutional limits on presidential terms and fulfill its constitutional mandate for a democratic transition of power in 2016.</title>
        <chamberName />
        <chamberCode />
      </item>
      <item>
        <titleType>Display Title</titleType>
        <parentTitleType />
        <title>A resolution urging the Government of the Democratic Republic of the Congo to comply with constitutional limits on presidential terms and fulfill its constitutional mandate for a democratic transition of power in 2016.</title>
        <chamberName />
        <chamberCode />
      </item>
    </titles>
    <summaries>
      <billSummaries>
        <item>
          <actionDate>2016-05-26</actionDate>
          <actionDesc>Introduced in Senate</actionDesc>
          <lastSummaryUpdateDate>2016-10-19T18:25:58Z</lastSummaryUpdateDate>
          <versionCode>00</versionCode>
          <updateDate>2016-05-26T04:00:00Z</updateDate>
          <name>Introduced in Senate</name>
          <text><![CDATA[<p>Condemns: (1) actions by the government of the Democratic Republic of the Congo (DRC) to subvert the Constitution of the DRC and undermine democracy, (2) the failure of such government to take timely necessary measures to organize free and fair national elections, and (3) violations of human rights and international humanitarian law committed by its security forces.</p> <p>Reaffirms support for democracy and good-governance in sub-Saharan Africa that are free from political repression and human rights abuses.</p> <p>Calls on President Kabila's government to: (1) publicly and unequivocally commit to complete a peaceful transfer of presidential power upon the expiration of his mandate on December 19, 2016, and (2) adhere to the DRC Constitution and relinquish power at the end of his term.</p> <p>Calls on the President of the United States: (1) in coordination with regional and international partners and the United Nations, to impose targeted sanctions on those DRC officials responsible for violence and human rights violations and undermining democratic processes or institutions; and (2) to consider lifting sanctions when specified conditions apply, including that a free and fair presidential election has been held in the DRC and a new President has been sworn into office.</p> <p>Calls on the Department of State, the Department of Defense, and the U.S. Agency for International Development (USAID) to review all U.S. assistance to the DRC to ensure that such assistance is not being used to support President Kabila's efforts to remain in power.</p> <p>Calls on the Department of State and USAID to: (1) continue providing financial and technical assistance to support the organizing of free, fair, and peaceful national elections and the inclusion and civic education of youth, women, and rural populations; and (2) ensure the continuance of U.S. assistance delivered through nongovernmental organizations.</p>]]></text>
        </item>
      </billSummaries>
    </summaries>
    <createDate>2016-05-27T05:26:28Z</createDate>
    <sponsors>
      <item>
        <state>MA</state>
        <fullName>Sen. Markey, Edward J. [D-MA]</fullName>
        <middleName>J.</middleName>
        <identifiers>
          <gpoId>7972</gpoId>
          <lisID>735</lisID>
          <bioguideId>M000133</bioguideId>
        </identifiers>
        <firstName>EDWARD</firstName>
        <lastName>MARKEY</lastName>
        <bioguideId>M000133</bioguideId>
        <byRequestType />
        <party>D</party>
      </item>
    </sponsors>
    <cosponsors>
      <item>
        <state>IL</state>
        <fullName>Sen. Durbin, Richard [D-IL]</fullName>
        <sponsorshipDate>2016-05-26</sponsorshipDate>
        <middleName>J.</middleName>
        <identifiers>
          <bioguideId>D000563</bioguideId>
          <gpoId>8326</gpoId>
          <lisID>326</lisID>
        </identifiers>
        <firstName>RICHARD</firstName>
        <lastName>DURBIN</lastName>
        <bioguideId>D000563</bioguideId>
        <isOriginalCosponsor>True</isOriginalCosponsor>
        <sponsorshipWithdrawnDate />
        <party>D</party>
      </item>
      <item>
        <state>CT</state>
        <fullName>Sen. Murphy, Christopher S. [D-CT]</fullName>
        <sponsorshipDate>2016-05-26</sponsorshipDate>
        <middleName>S.</middleName>
        <identifiers>
          <gpoId>7870</gpoId>
          <lisID>1837</lisID>
          <bioguideId>M001169</bioguideId>
        </identifiers>
        <firstName>Christopher</firstName>
        <lastName>Murphy</lastName>
        <bioguideId>M001169</bioguideId>
        <isOriginalCosponsor>True</isOriginalCosponsor>
        <sponsorshipWithdrawnDate />
        <party>D</party>
      </item>
      <item>
        <state>NH</state>
        <fullName>Sen. Shaheen, Jeanne [D-NH]</fullName>
        <sponsorshipDate>2016-06-08</sponsorshipDate>
        <middleName />
        <identifiers>
          <lisID>1901</lisID>
          <gpoId>8276</gpoId>
          <bioguideId>S001181</bioguideId>
        </identifiers>
        <firstName>Jeanne</firstName>
        <lastName>Shaheen</lastName>
        <bioguideId>S001181</bioguideId>
        <isOriginalCosponsor>False</isOriginalCosponsor>
        <sponsorshipWithdrawnDate />
        <party>D</party>
      </item>
      <item>
        <state>DE</state>
        <fullName>Sen. Coons, Christopher A. [D-DE]</fullName>
        <sponsorshipDate>2016-06-08</sponsorshipDate>
        <middleName>A.</middleName>
        <identifiers>
          <gpoId>8297</gpoId>
          <lisID>1984</lisID>
          <bioguideId>C001088</bioguideId>
        </identifiers>
        <firstName>Christopher</firstName>
        <lastName>Coons</lastName>
        <bioguideId>C001088</bioguideId>
        <isOriginalCosponsor>False</isOriginalCosponsor>
        <sponsorshipWithdrawnDate />
        <party>D</party>
      </item>
      <item>
        <state>VT</state>
        <fullName>Sen. Leahy, Patrick J. [D-VT]</fullName>
        <sponsorshipDate>2016-06-09</sponsorshipDate>
        <middleName>JOSEPH</middleName>
        <identifiers>
          <lisID>1383</lisID>
          <gpoId>8244</gpoId>
          <bioguideId>L000174</bioguideId>
        </identifiers>
        <firstName>PATRICK</firstName>
        <lastName>LEAHY</lastName>
        <bioguideId>L000174</bioguideId>
        <isOriginalCosponsor>False</isOriginalCosponsor>
        <sponsorshipWithdrawnDate />
        <party>D</party>
      </item>
    </cosponsors>
  </bill>
  <dublinCore xmlns:dc="http://purl.org/dc/elements/1.1/">
    <dc:format>text/xml</dc:format>
    <dc:language>EN</dc:language>
    <dc:rights>Pursuant to Title 17 Section 105 of the United States Code, this file is not subject to copyright protection and is in the public domain.</dc:rights>
    <dc:contributor>Congressional Research Service, Library of Congress</dc:contributor>
    <dc:description>This file contains bill summaries and statuses for federal legislation. A bill summary describes the most significant provisions of a piece of legislation and details the effects the legislative text may have on current law and federal programs. Bill summaries are authored by the Congressional Research Service (CRS) of the Library of Congress. As stated in Public Law 91-510 (2 USC 166 (d)(6)), one of the duties of CRS is "to prepare summaries and digests of bills and resolutions of a public general nature introduced in the Senate or House of Representatives". For more information, refer to the User Guide that accompanies this file.</dc:description>
  </dublinCore>
</billStatus>

